time,open,high,low,close,volume
2021-05-12 00:00:00+00:00,37.872,39.262,37.506,39.212,12897
2021-05-12 04:00:00+00:00,39.221,41.066,39.048,40.113,16341
2021-05-12 08:00:00+00:00,40.109,40.546,39.313,39.893,16059
2021-05-12 12:00:00+00:00,39.893,40.354,38.958,39.734,12708
2021-05-12 16:00:00+00:00,39.735,42.523,38.191,39.117,17738
2021-05-12 20:00:00+00:00,39.115,39.701,37.312,39.391,18027
2021-05-13 00:00:00+00:00,39.38,39.74,32.959,36.367,15002
2021-05-13 04:00:00+00:00,36.338,41.091,35.927,41.055,17398
2021-05-13 08:00:00+00:00,41.095,41.926,38.268,38.418,17856
2021-05-13 12:00:00+00:00,38.38,40.797,36.301,40.547,17552
2021-05-13 16:00:00+00:00,40.557,41.707,38.469,39.125,17280
2021-05-13 20:00:00+00:00,39.118,40.484,37.226,40.262,16891
2021-05-14 00:00:00+00:00,39.935,41.893,38.69,41.231,15272
2021-05-14 04:00:00+00:00,41.249,41.793,39.916,40.466,16256
2021-05-14 08:00:00+00:00,40.467,41.063,39.446,40.951,15078
2021-05-14 12:00:00+00:00,40.947,41.915,40.723,41.139,15370
2021-05-14 16:00:00+00:00,41.141,44.902,40.64,43.88,16864
2021-05-14 20:00:00+00:00,43.873,46.281,43.379,43.746,17028
2021-05-16 20:00:00+00:00,40.352,40.992,39.42,39.764,4294
2021-05-17 00:00:00+00:00,40.387,42.712,39.782,40.954,17286
2021-05-17 04:00:00+00:00,40.953,41.002,35.079,38.453,17727
2021-05-17 08:00:00+00:00,38.441,40.771,36.456,40.334,21929
2021-05-17 12:00:00+00:00,40.338,40.692,39.049,39.916,23449
2021-05-17 16:00:00+00:00,39.918,40.124,37.53,37.694,24357
2021-05-17 20:00:00+00:00,37.693,40.102,36.767,40.032,23963
2021-05-18 00:00:00+00:00,39.543,40.516,37.579,40.293,23266
2021-05-18 04:00:00+00:00,40.293,41.502,39.905,41.225,23732
2021-05-18 08:00:00+00:00,41.225,41.544,40.483,40.676,22430
2021-05-18 12:00:00+00:00,40.672,41.654,38.483,38.81,23277
2021-05-18 16:00:00+00:00,38.829,39.787,37.704,39.758,25026
2021-05-18 20:00:00+00:00,39.759,40.06,38.877,39.875,24312
2021-05-19 00:00:00+00:00,40.021,42.61,39.692,40.474,18916
2021-05-19 04:00:00+00:00,40.479,40.483,34.929,35.698,18501
2021-05-19 08:00:00+00:00,35.69,37.649,35.221,37.273,18480
2021-05-19 12:00:00+00:00,37.27,40.19,22.352,24.202,15917
2021-05-19 16:00:00+00:00,24.173,29.744,19.383,29.03,12857
2021-05-19 20:00:00+00:00,29.043,30.825,26.565,26.909,17222
2021-05-20 00:00:00+00:00,27.373,28.982,21.228,22.906,17222
2021-05-20 04:00:00+00:00,22.874,27.756,22.186,27.033,17874
2021-05-20 08:00:00+00:00,27.033,29.379,26.515,28.071,18558
2021-05-20 12:00:00+00:00,28.073,30.365,26.873,30.346,18285
2021-05-20 16:00:00+00:00,30.346,31.389,26.229,27.863,17634
2021-05-20 20:00:00+00:00,27.835,29.696,27.445,28.859,18423
2021-05-21 00:00:00+00:00,28.659,30.618,28.088,30.458,16473
2021-05-21 04:00:00+00:00,30.462,31.066,28.253,28.72,18767
2021-05-21 08:00:00+00:00,28.73,29.195,27.426,28.075,17965
2021-05-21 12:00:00+00:00,28.073,28.902,27.495,27.623,17334
2021-05-21 16:00:00+00:00,27.619,28.401,22.0,23.519,15515
2021-05-21 20:00:00+00:00,23.515,24.177,21.271,21.274,17105
2021-05-23 20:00:00+00:00,16.298,17.731,16.298,17.716,4279
2021-05-24 00:00:00+00:00,17.811,19.05,16.975,18.015,17123
2021-05-24 04:00:00+00:00,17.999,18.768,17.14,17.955,17547
2021-05-24 08:00:00+00:00,17.958,21.051,17.914,20.236,17382
2021-05-24 12:00:00+00:00,20.231,21.576,19.213,20.97,17610
2021-05-24 16:00:00+00:00,20.974,21.928,19.998,21.834,17532
2021-05-24 20:00:00+00:00,21.843,23.356,21.532,22.978,17640
2021-05-25 00:00:00+00:00,23.256,24.245,21.971,23.915,18285
2021-05-25 04:00:00+00:00,23.902,24.237,20.655,21.562,20483
2021-05-25 08:00:00+00:00,21.566,23.074,20.945,21.815,15119
2021-05-25 12:00:00+00:00,21.822,22.095,19.682,20.382,19068
2021-05-25 16:00:00+00:00,20.386,22.051,20.15,21.512,24043
2021-05-25 20:00:00+00:00,21.508,22.336,20.482,20.976,24707
2021-05-26 00:00:00+00:00,21.045,22.584,20.849,21.552,23651
2021-05-26 04:00:00+00:00,21.559,23.711,21.52,23.466,25137
2021-05-26 08:00:00+00:00,23.463,24.804,23.35,23.884,25284
2021-05-26 12:00:00+00:00,23.892,24.263,23.033,24.028,24665
2021-05-26 16:00:00+00:00,24.031,24.031,22.094,22.842,24783
2021-05-26 20:00:00+00:00,22.837,24.11,22.427,23.852,21384
2021-05-27 00:00:00+00:00,23.855,24.754,23.193,23.603,19679
2021-05-27 04:00:00+00:00,23.603,23.713,21.79,22.495,22310
2021-05-27 08:00:00+00:00,22.506,23.448,22.157,23.21,19975
2021-05-27 12:00:00+00:00,23.199,24.215,23.185,23.342,19656
2021-05-27 16:00:00+00:00,23.343,24.417,23.147,23.425,20227
2021-05-27 20:00:00+00:00,23.421,24.963,23.29,23.469,21111
2021-05-28 00:00:00+00:00,23.258,24.737,23.233,23.795,21057
2021-05-28 04:00:00+00:00,23.803,26.228,23.468,24.271,22805
2021-05-28 08:00:00+00:00,24.271,24.761,21.545,22.014,22958
2021-05-28 12:00:00+00:00,22.012,22.301,20.056,22.114,22808
2021-05-28 16:00:00+00:00,22.114,23.204,21.575,21.611,22260
2021-05-28 20:00:00+00:00,21.611,22.715,21.251,21.265,21068
2021-05-30 12:00:00+00:00,20.851,21.347,20.314,20.505,10536
2021-05-30 16:00:00+00:00,20.487,20.826999999999998,19.844,20.769,19242
2021-05-30 20:00:00+00:00,20.768,21.203,20.615,20.951,17884
2021-05-31 00:00:00+00:00,20.812,21.065,20.266,20.406,16712
2021-05-31 04:00:00+00:00,20.412,20.551,19.079,19.342,19579
2021-05-31 08:00:00+00:00,19.346,20.943,19.161,20.861,18693
2021-05-31 12:00:00+00:00,20.846,22.034,20.552,21.467,18389
2021-05-31 16:00:00+00:00,21.471,22.764,20.991,22.574,18542
2021-05-31 20:00:00+00:00,22.569,22.62,21.851,22.154,17482
2021-06-01 00:00:00+00:00,22.403,23.536,22.24,23.21,17594
2021-06-01 04:00:00+00:00,23.217,23.217,22.006,22.538,19143
2021-06-01 08:00:00+00:00,22.541,23.179,21.763,22.092,18433
2021-06-01 12:00:00+00:00,22.091,22.681,21.968,22.085,18360
2021-06-01 16:00:00+00:00,22.092,22.836,21.695,22.162,19385
2021-06-01 20:00:00+00:00,22.149,22.513,21.961,22.386,17572
2021-06-02 00:00:00+00:00,22.417,23.473,22.406,23.174,17657
2021-06-02 04:00:00+00:00,23.173,24.012,22.777,23.629,20892
2021-06-02 08:00:00+00:00,23.634,24.442,23.547,24.426,16819
2021-06-02 12:00:00+00:00,24.431,25.386,23.861,25.139,10868
2021-06-02 16:00:00+00:00,25.14,26.005,24.845,25.311,17579
2021-06-02 20:00:00+00:00,25.31,26.877,25.119,26.141,17104
2021-06-03 00:00:00+00:00,26.437,26.689,25.489,25.993,15964
2021-06-03 04:00:00+00:00,25.992,27.84,25.766,27.677,19207
2021-06-03 08:00:00+00:00,27.689,28.031,27.191,27.731,17528
2021-06-03 12:00:00+00:00,27.736,28.604,26.693,27.593,17144
2021-06-03 16:00:00+00:00,27.593,27.959,26.772,27.744,16905
2021-06-03 20:00:00+00:00,27.745,27.775,26.356,27.031,15825
2021-06-04 00:00:00+00:00,27.184,27.373,26.109,26.256,15585
2021-06-04 04:00:00+00:00,26.263,26.263,24.595,25.046,18903
2021-06-04 08:00:00+00:00,25.037,25.32,23.802,24.417,18246
2021-06-04 12:00:00+00:00,24.418,25.105,23.632,24.721,17171
2021-06-04 16:00:00+00:00,24.719,25.183,23.943,24.757,17163
2021-06-04 20:00:00+00:00,24.755,25.63,24.684,25.17,14693
2021-06-05 00:00:00+00:00,25.468,25.997,24.564,25.878,12732
2021-06-05 04:00:00+00:00,25.879,26.107,25.559,26.01,16311
2021-06-05 08:00:00+00:00,26.005,26.403,25.683,26.117,15303
2021-06-05 12:00:00+00:00,26.119,26.194,23.566,24.382,18759
2021-06-05 16:00:00+00:00,24.377,24.403,23.945,24.026,4369
2021-06-06 00:00:00+00:00,23.816,23.95,22.954,23.793,16239
2021-06-06 04:00:00+00:00,23.79,24.353,23.79,24.181,15848
2021-06-06 08:00:00+00:00,24.188,24.375,23.818,24.325,13838
2021-06-06 12:00:00+00:00,24.331,24.489,23.929,24.006,13798
2021-06-06 16:00:00+00:00,24.004,24.362,23.554,24.299,14367
2021-06-06 20:00:00+00:00,24.3,24.418,23.709,24.148,11337
2021-06-07 00:00:00+00:00,24.095,24.648,23.614,24.593,13478
2021-06-07 04:00:00+00:00,24.595,25.27,24.528,24.822,14747
2021-06-07 08:00:00+00:00,24.82,24.924,24.36,24.491,13767
2021-06-07 12:00:00+00:00,24.506,25.289,24.402,25.138,13811
2021-06-07 16:00:00+00:00,25.139,25.225,24.418,24.441,13889
2021-06-07 20:00:00+00:00,24.441,24.441,22.928,23.094,15154
2021-06-08 00:00:00+00:00,23.215,23.215,21.313,21.958,17885
2021-06-08 04:00:00+00:00,21.959,22.164,20.518,21.115,18071
2021-06-08 08:00:00+00:00,21.12,21.686,20.565,21.321,17124
2021-06-08 12:00:00+00:00,21.323,22.061,21.004,21.428,15829
2021-06-08 16:00:00+00:00,21.431,21.555,19.607,20.778,16525
2021-06-08 20:00:00+00:00,20.778,21.864,20.488,21.823,15438
2021-06-09 00:00:00+00:00,21.727,21.973,20.871,20.936,13512
2021-06-09 04:00:00+00:00,20.936,21.214,20.38,20.964,15680
2021-06-09 08:00:00+00:00,20.963,22.056,20.892,21.272,14976
2021-06-09 12:00:00+00:00,21.278,22.241,21.178,21.813,12672
2021-06-09 16:00:00+00:00,21.81,22.897,21.387,22.642,14800
2021-06-09 20:00:00+00:00,22.64,23.124,22.27,22.555,13832
2021-06-10 00:00:00+00:00,22.591,23.392,22.529,23.07,11188
2021-06-10 04:00:00+00:00,23.069,24.582,23.069,23.696,14578
2021-06-10 08:00:00+00:00,23.681,24.109,23.252,23.365,14161
2021-06-10 12:00:00+00:00,23.369,24.342,23.015,23.833,14654
2021-06-10 16:00:00+00:00,23.833,24.03,23.096,23.252,14866
2021-06-10 20:00:00+00:00,23.249,23.38,22.062,22.549,14972
2021-06-11 00:00:00+00:00,22.551,23.103,22.309,22.35,12919
2021-06-11 04:00:00+00:00,22.353,23.106,22.105,23.06,14113
2021-06-11 08:00:00+00:00,23.06,23.203,22.43,22.602,13244
2021-06-11 12:00:00+00:00,22.601,22.922,22.297,22.446,12785
2021-06-11 16:00:00+00:00,22.447,22.774,21.337,21.368,13598
2021-06-11 20:00:00+00:00,21.365,21.706,21.013,21.015,13252
2021-06-12 00:00:00+00:00,20.72,21.138,20.489,20.933,11654
2021-06-12 04:00:00+00:00,20.933,21.14,19.521,19.738,18074
2021-06-12 08:00:00+00:00,19.744,20.574,19.635,20.04,15987
2021-06-12 12:00:00+00:00,20.037,21.108,19.74,20.929,16188
2021-06-12 16:00:00+00:00,20.931,21.022,20.733,20.963,3594
2021-06-13 00:00:00+00:00,20.859,21.272,20.403,20.753,12715
2021-06-13 04:00:00+00:00,20.744,21.106,20.082,20.389,13288
2021-06-13 08:00:00+00:00,20.39,20.622,20.138,20.44,12993
2021-06-13 12:00:00+00:00,20.439,20.684,20.283,20.297,10538
2021-06-13 16:00:00+00:00,20.299,20.823,19.932,20.797,12116
2021-06-13 20:00:00+00:00,20.796,22.256,20.734,22.252,12680
2021-06-14 00:00:00+00:00,22.139,22.415,21.782,21.839,12303
2021-06-14 04:00:00+00:00,21.848,22.216,21.551,21.783,12183
2021-06-14 08:00:00+00:00,21.795,21.937,21.322,21.356,10656
2021-06-14 12:00:00+00:00,21.355,21.806,21.226,21.734,11092
2021-06-14 16:00:00+00:00,21.737,24.876,21.722,24.519,14859
2021-06-14 20:00:00+00:00,24.52,25.439,24.087,24.993,17077
2021-06-15 00:00:00+00:00,25.203,26.064,24.587,25.313,15331
2021-06-15 04:00:00+00:00,25.315,25.566,25.037,25.5,13817
2021-06-15 08:00:00+00:00,25.501,25.525,24.491,24.663,13200
2021-06-15 12:00:00+00:00,24.664,24.88,24.065,24.432,12449
2021-06-15 16:00:00+00:00,24.438,24.613,23.668,24.289,13524
2021-06-15 20:00:00+00:00,24.29,24.813,23.556,23.975,12577
2021-06-16 00:00:00+00:00,24.018,24.519,23.659,23.676,10070
2021-06-16 04:00:00+00:00,23.675,24.109,23.436,24.013,12282
2021-06-16 08:00:00+00:00,24.012,24.574,23.962,24.173,11471
2021-06-16 12:00:00+00:00,24.174,24.269,22.823,23.047,11557
2021-06-16 16:00:00+00:00,23.048,23.63,22.482,22.707,12095
2021-06-16 20:00:00+00:00,22.715,23.564,22.56,23.272,11575
2021-06-17 00:00:00+00:00,23.253,23.538,22.765,23.379,9904
2021-06-17 04:00:00+00:00,23.376,23.937,23.348,23.74,9251
2021-06-17 08:00:00+00:00,23.733,23.991,23.53,23.792,10254
2021-06-17 12:00:00+00:00,23.79,23.884,23.157,23.283,9867
2021-06-17 16:00:00+00:00,23.284,23.44,22.701,22.818,9838
2021-06-17 20:00:00+00:00,22.808,22.823,21.991,22.096,10576
2021-06-18 00:00:00+00:00,22.039,22.562,21.992,22.177,9134
2021-06-18 04:00:00+00:00,22.185,22.47,21.797,22.443,9543
2021-06-18 08:00:00+00:00,22.443,22.489,21.728,22.05,8899
2021-06-18 12:00:00+00:00,22.051,22.151,21.448,21.548000000000002,10681
2021-06-18 16:00:00+00:00,21.547,21.695,20.743,21.2,11058
2021-06-18 20:00:00+00:00,21.198,21.208,20.219,20.629,11226
2021-06-19 00:00:00+00:00,21.083,21.625,21.004,21.3,7511
2021-06-19 04:00:00+00:00,21.303,21.629,20.651,20.913,10507
2021-06-19 08:00:00+00:00,20.92,21.4,20.92,21.319,10227
2021-06-19 12:00:00+00:00,21.325,21.385,20.898,20.991,9222
2021-06-19 16:00:00+00:00,20.988,21.057,20.863,21.014,2131
2021-06-20 00:00:00+00:00,20.829,20.973,20.01,20.257,9057
2021-06-20 04:00:00+00:00,20.243,20.531,20.012,20.412,9407
2021-06-20 08:00:00+00:00,20.41,20.511,20.101,20.138,8973
2021-06-20 12:00:00+00:00,20.137,20.224,18.88,19.316,10679
2021-06-20 16:00:00+00:00,19.31,19.987,19.193,19.798000000000002,10223
2021-06-20 20:00:00+00:00,19.796,20.987,19.686,20.922,10290
2021-06-21 00:00:00+00:00,20.918,20.918,20.321,20.512,8898
2021-06-21 04:00:00+00:00,20.521,20.583,18.878,19.378,10354
2021-06-21 08:00:00+00:00,19.377,19.652,17.963,18.123,11113
2021-06-21 12:00:00+00:00,18.12,18.352,16.549,17.136,11526
2021-06-21 16:00:00+00:00,17.14,18.245,16.559,16.701999999999998,12503
2021-06-21 20:00:00+00:00,16.701,17.336,16.66,17.08,13696
2021-06-22 00:00:00+00:00,16.923000000000002,16.95,14.997,15.63,11565
2021-06-22 04:00:00+00:00,15.63,16.951999999999998,15.63,16.486,11316
2021-06-22 08:00:00+00:00,16.486,16.642,15.089,15.234,10994
2021-06-22 12:00:00+00:00,15.234,15.403,13.018,13.532,11154
2021-06-22 16:00:00+00:00,13.535,15.783,12.988,15.539,10977
2021-06-22 20:00:00+00:00,15.534,15.867,14.932,15.389,11701
2021-06-23 00:00:00+00:00,15.321,15.619,13.972,15.481,11355
2021-06-23 04:00:00+00:00,15.478,16.574,15.401,16.161,11562
2021-06-23 08:00:00+00:00,16.163,16.579,15.79,15.795,11253
2021-06-23 12:00:00+00:00,15.788,16.484,15.735,16.268,9583
2021-06-23 16:00:00+00:00,16.27,16.808,15.696,16.147,12011
2021-06-23 20:00:00+00:00,16.147,16.191,15.004,15.199,11935
2021-06-24 00:00:00+00:00,15.326,16.003,15.251,15.447,11109
2021-06-24 04:00:00+00:00,15.447,15.495,14.724,15.242,12356
2021-06-24 08:00:00+00:00,15.246,15.919,15.174,15.91,10950
2021-06-24 12:00:00+00:00,15.913,16.379,15.51,16.286,10304
2021-06-24 16:00:00+00:00,16.286,16.472,15.897,16.282,10756
2021-06-24 20:00:00+00:00,16.283,16.594,16.148,16.363,10385
2021-06-25 00:00:00+00:00,16.281,16.732,16.113,16.196,9878
2021-06-25 04:00:00+00:00,16.203,16.539,15.771,16.058,11376
2021-06-25 08:00:00+00:00,16.06,16.145,15.335,15.643,11351
2021-06-25 12:00:00+00:00,15.64,15.783,14.957,15.155,11703
2021-06-25 16:00:00+00:00,15.156,15.566,14.592,14.754,11810
2021-06-25 20:00:00+00:00,14.748,15.006,14.334,14.977,11152
2021-06-26 00:00:00+00:00,14.928,14.943,14.242,14.773,8669
2021-06-26 04:00:00+00:00,14.772,14.85,14.284,14.814,12593
2021-06-26 08:00:00+00:00,14.815,14.973,13.705,13.858,11845
2021-06-26 12:00:00+00:00,13.857,14.572,13.791,14.298,12824
2021-06-26 16:00:00+00:00,14.299,14.51,13.838,13.905,3261
2021-06-27 00:00:00+00:00,13.829,14.716,13.758,14.656,10678
2021-06-27 04:00:00+00:00,14.653,14.897,14.545,14.775,11289
2021-06-27 08:00:00+00:00,14.781,14.805,14.514,14.572,10058
2021-06-27 12:00:00+00:00,14.573,14.665,14.266,14.407,10089
2021-06-27 16:00:00+00:00,14.41,14.482,14.029,14.293,10149
2021-06-27 20:00:00+00:00,14.293,14.296,14.063,14.154,9865
2021-06-28 00:00:00+00:00,14.216,15.207,14.173,15.089,9858
2021-06-28 04:00:00+00:00,15.091,15.207,14.663,14.783,9007
2021-06-28 08:00:00+00:00,14.785,15.49,14.771,15.396,9251
2021-06-28 12:00:00+00:00,15.397,15.414,14.6,14.985,10841
2021-06-28 16:00:00+00:00,14.989,15.86,14.818,15.521,11143
2021-06-28 20:00:00+00:00,15.518,15.811,15.149,15.724,10012
2021-06-29 00:00:00+00:00,15.732,16.4,15.559,16.208,10348
2021-06-29 04:00:00+00:00,16.204,16.317,15.901,16.134,10408
2021-06-29 08:00:00+00:00,16.132,16.506,15.926,16.415,10603
2021-06-29 12:00:00+00:00,16.407,16.636,16.219,16.423,10061
2021-06-29 16:00:00+00:00,16.42,17.02,16.318,16.932,11823
2021-06-29 20:00:00+00:00,16.934,17.031,16.206,16.206,10933
2021-06-30 00:00:00+00:00,16.213,16.542,16.01,16.365,11060
2021-06-30 04:00:00+00:00,16.362,16.621,15.616,15.662,12564
2021-06-30 08:00:00+00:00,15.663,15.995,15.556000000000001,15.597,11740
2021-06-30 12:00:00+00:00,15.594,15.773,15.443,15.461,11533
2021-06-30 16:00:00+00:00,15.46,15.62,15.085,15.22,12286
2021-06-30 20:00:00+00:00,15.221,16.285,15.216,16.092,11968
2021-07-01 00:00:00+00:00,16.155,16.445,15.975,16.115,11295
2021-07-01 04:00:00+00:00,16.114,16.287,15.52,15.753,11547
2021-07-01 08:00:00+00:00,15.758,15.861,15.176,15.357,11882
2021-07-01 12:00:00+00:00,15.356,15.638,15.146,15.568,12623
2021-07-01 16:00:00+00:00,15.578,15.603,15.141,15.157,11801
2021-07-01 20:00:00+00:00,15.158,15.534,14.852,15.041,11839
2021-07-02 00:00:00+00:00,15.102,15.45,15.02,15.444,11795
2021-07-02 04:00:00+00:00,15.447,15.454,14.691,14.88,12997
2021-07-02 08:00:00+00:00,14.879,15.073,14.625,14.93,12586
2021-07-02 12:00:00+00:00,14.927,14.937,14.656,14.92,12664
2021-07-02 16:00:00+00:00,14.921,15.309,14.861,15.199,12283
2021-07-02 20:00:00+00:00,15.199,15.224,14.876,14.905,11175
2021-07-03 00:00:00+00:00,15.18,15.341,15.08,15.13,7799
2021-07-03 04:00:00+00:00,15.128,15.251,15.02,15.1,10671
2021-07-03 08:00:00+00:00,15.101,15.552,15.039,15.527,10677
2021-07-03 12:00:00+00:00,15.526,15.647,15.449,15.527,11258
2021-07-03 16:00:00+00:00,15.527,15.605,15.48,15.603,2369
2021-07-04 00:00:00+00:00,15.565,15.69,15.258,15.342,10579
2021-07-04 04:00:00+00:00,15.342,15.435,15.165,15.427,9692
2021-07-04 08:00:00+00:00,15.427,16.0,15.378,15.866,10676
2021-07-04 12:00:00+00:00,15.867,15.906,15.621,15.644,9485
2021-07-04 16:00:00+00:00,15.644,16.183,15.644,16.079,10571
2021-07-04 20:00:00+00:00,16.079,16.475,16.01,16.387,10136
2021-07-05 00:00:00+00:00,16.445,16.569,15.76,15.787,10787
2021-07-05 04:00:00+00:00,15.78,15.878,15.367,15.455,10914
2021-07-05 08:00:00+00:00,15.457,15.645,15.369,15.494,9881
2021-07-05 12:00:00+00:00,15.494,15.753,14.745,14.852,10315
2021-07-05 16:00:00+00:00,14.852,15.171,14.829,15.061,10884
2021-07-05 20:00:00+00:00,15.059,15.539,14.823,15.355,10812
2021-07-06 00:00:00+00:00,15.398,15.561,15.197,15.451,9221
2021-07-06 04:00:00+00:00,15.443,15.784,15.308,15.778,9495
2021-07-06 08:00:00+00:00,15.775,16.186,15.775,16.138,10108
2021-07-06 12:00:00+00:00,16.135,16.147,15.254,15.691,12681
2021-07-06 16:00:00+00:00,15.691,15.772,15.482,15.666,13020
2021-07-06 20:00:00+00:00,15.667,16.054,15.38,15.701,12195
2021-07-07 00:00:00+00:00,15.63,16.477,15.475,16.367,11475
2021-07-07 04:00:00+00:00,16.377,16.924,16.141,16.894,13131
2021-07-07 08:00:00+00:00,16.896,16.951999999999998,16.528,16.644,12650
2021-07-07 12:00:00+00:00,16.645,17.005,16.636,16.912,7340
2021-07-07 16:00:00+00:00,16.91,17.289,16.696,16.951,15084
2021-07-07 20:00:00+00:00,16.951,17.69,16.723,17.301,14043
2021-07-08 00:00:00+00:00,17.23,17.318,16.126,16.183,14756
2021-07-08 04:00:00+00:00,16.177,16.432,15.877,16.052,14236
2021-07-08 08:00:00+00:00,16.049,16.16,15.291,15.512,14845
2021-07-08 12:00:00+00:00,15.518,15.611,15.165,15.475999999999999,13424
2021-07-08 16:00:00+00:00,15.475999999999999,15.613,15.239,15.57,13623
2021-07-08 20:00:00+00:00,15.573,15.627,15.314,15.417,12131
2021-07-09 00:00:00+00:00,15.453,15.554,14.93,14.943,13534
2021-07-09 04:00:00+00:00,14.942,15.53,14.82,15.493,14580
2021-07-09 08:00:00+00:00,15.494,15.541,15.116,15.311,12662
2021-07-09 12:00:00+00:00,15.31,15.584,15.124,15.478,12843
2021-07-09 16:00:00+00:00,15.478,15.805,15.44,15.623,12614
2021-07-09 20:00:00+00:00,15.624,15.633,15.37,15.571,10699
2021-07-10 12:00:00+00:00,15.343,15.497,15.247,15.383,7525
2021-07-10 16:00:00+00:00,15.384,15.409,15.229,15.275,2736
2021-07-11 00:00:00+00:00,15.136,15.448,15.104,15.396,9577
2021-07-11 04:00:00+00:00,15.395,15.435,15.145,15.237,9966
2021-07-11 08:00:00+00:00,15.236,15.478,15.201,15.444,10156
2021-07-11 12:00:00+00:00,15.444,15.492,15.326,15.434,9854
2021-07-11 16:00:00+00:00,15.441,15.7,15.372,15.598,10562
2021-07-11 20:00:00+00:00,15.599,15.62,15.418,15.42,8460
2021-07-12 00:00:00+00:00,15.4,15.693,15.365,15.462,10065
2021-07-12 04:00:00+00:00,15.461,15.629,15.419,15.506,9425
2021-07-12 08:00:00+00:00,15.506,15.646,15.438,15.544,8421
2021-07-12 12:00:00+00:00,15.544,15.586,15.104,15.208,13546
2021-07-12 16:00:00+00:00,15.208,15.215,14.708,14.811,15517
2021-07-12 20:00:00+00:00,14.81,14.866,14.408,14.576,20107
2021-07-13 00:00:00+00:00,14.648,15.1,14.623,15.029,15511
2021-07-13 04:00:00+00:00,15.029,15.029,14.805,14.845,14625
2021-07-13 08:00:00+00:00,14.852,14.868,14.398,14.765,17763
2021-07-13 12:00:00+00:00,14.762,14.816,14.177,14.177,15232
2021-07-13 16:00:00+00:00,14.178,14.498,14.139,14.458,11994
2021-07-13 20:00:00+00:00,14.457,14.527,14.004,14.121,12334
2021-07-14 00:00:00+00:00,14.176,14.256,13.606,13.667,11309
2021-07-14 04:00:00+00:00,13.668,13.802,13.198,13.411,13844
2021-07-14 08:00:00+00:00,13.411,13.502,13.166,13.286,14566
2021-07-14 12:00:00+00:00,13.289,13.755,13.212,13.581,15702
2021-07-14 16:00:00+00:00,13.573,14.227,13.573,14.004,15913
2021-07-14 20:00:00+00:00,14.006,14.105,13.531,13.699,13557
2021-07-15 00:00:00+00:00,13.748,13.992,13.576,13.98,12802
2021-07-15 04:00:00+00:00,13.981,14.102,13.57,13.667,14235
2021-07-15 08:00:00+00:00,13.667,13.667,13.315,13.486,14572
2021-07-15 12:00:00+00:00,13.483,13.635,12.86,12.9,17904
2021-07-15 16:00:00+00:00,12.9,13.202,12.753,13.006,16245
2021-07-15 20:00:00+00:00,13.01,13.205,12.73,13.152,10912
2021-07-16 00:00:00+00:00,13.154,13.209,12.83,12.934,11566
2021-07-16 04:00:00+00:00,12.935,13.305,12.934,13.181,11960
2021-07-16 08:00:00+00:00,13.182,13.222,12.43,12.5,15955
2021-07-16 12:00:00+00:00,12.499,12.674,12.145,12.637,19764
2021-07-16 16:00:00+00:00,12.636,12.954,12.381,12.746,17987
2021-07-16 20:00:00+00:00,12.748,12.8,12.284,12.334,12921
2021-07-17 00:00:00+00:00,12.388,12.438,11.767,12.136,13304
2021-07-17 04:00:00+00:00,12.137,12.139,11.712,11.987,16834
2021-07-17 08:00:00+00:00,11.986,12.39,11.946,12.234,14949
2021-07-17 12:00:00+00:00,12.233,12.288,11.86,12.108,15150
2021-07-17 16:00:00+00:00,12.107,12.223,11.963,12.106,3676
2021-07-18 00:00:00+00:00,12.397,12.749,12.223,12.714,12628
2021-07-18 04:00:00+00:00,12.718,12.924,12.585,12.626,13911
2021-07-18 08:00:00+00:00,12.627,12.787,12.488,12.703,12051
2021-07-18 12:00:00+00:00,12.705,12.936,12.625,12.807,13126
2021-07-18 16:00:00+00:00,12.807,12.847,12.312,12.426,16854
2021-07-18 20:00:00+00:00,12.424,12.626,12.397,12.497,11341
2021-07-19 00:00:00+00:00,12.499,12.8,12.362,12.413,15931
2021-07-19 04:00:00+00:00,12.413,12.414,12.187,12.312,12812
2021-07-19 08:00:00+00:00,12.311,12.506,12.258,12.27,14803
2021-07-19 12:00:00+00:00,12.268,12.352,11.402,11.505,17397
2021-07-19 16:00:00+00:00,11.505,11.653,11.347,11.454,18443
2021-07-19 20:00:00+00:00,11.456,11.592,11.388,11.493,12152
2021-07-20 00:00:00+00:00,11.55,11.631,11.323,11.328,11963
2021-07-20 04:00:00+00:00,11.329,11.357,10.502,10.621,19728
2021-07-20 08:00:00+00:00,10.621,10.818,10.583,10.584,14788
2021-07-20 12:00:00+00:00,10.583,10.9,10.372,10.861,15463
2021-07-20 16:00:00+00:00,10.861,11.09,10.599,10.884,19302
2021-07-20 20:00:00+00:00,10.884,11.198,10.874,11.074,13118
2021-07-21 00:00:00+00:00,11.086,11.099,10.677,10.698,12249
2021-07-21 04:00:00+00:00,10.698,11.642,10.67,11.515,17697
2021-07-21 08:00:00+00:00,11.516,11.813,11.415,11.54,15239
2021-07-21 12:00:00+00:00,11.541,12.414,11.54,12.132,16873
2021-07-21 16:00:00+00:00,12.131,12.861,12.131,12.571,18994
2021-07-21 20:00:00+00:00,12.57,12.802,12.085,12.215,20142
2021-07-22 00:00:00+00:00,12.173,12.557,12.093,12.104,13074
2021-07-22 04:00:00+00:00,12.105,12.317,11.809,12.173,16127
2021-07-22 08:00:00+00:00,12.172,12.489,11.889,12.363,18101
2021-07-22 12:00:00+00:00,12.36,12.763,12.064,12.606,17829
2021-07-22 16:00:00+00:00,12.604,13.293,12.429,13.21,17212
2021-07-22 20:00:00+00:00,13.21,13.315,13.042,13.147,15748
2021-07-23 00:00:00+00:00,13.203,13.458,12.909,13.404,17241
2021-07-23 04:00:00+00:00,13.405,13.511,13.122,13.249,16043
2021-07-23 08:00:00+00:00,13.249,13.382,12.955,12.979,14429
2021-07-23 12:00:00+00:00,12.978,13.144,12.599,12.832,14972
2021-07-23 16:00:00+00:00,12.837,12.996,12.307,12.444,15942
2021-07-23 20:00:00+00:00,12.445,12.814,12.371,12.77,14337
2021-07-24 00:00:00+00:00,12.872,13.427,12.867,13.206,13951
2021-07-24 04:00:00+00:00,13.207,13.488,13.134,13.389,14535
2021-07-24 08:00:00+00:00,13.387,13.73,13.262,13.371,18333
2021-07-24 12:00:00+00:00,13.372,13.774000000000001,13.37,13.737,16846
2021-07-24 16:00:00+00:00,13.738,13.745,13.563,13.609,2560
2021-07-25 00:00:00+00:00,13.622,13.84,13.27,13.303,17095
2021-07-25 04:00:00+00:00,13.302,13.577,13.123,13.502,17658
2021-07-25 08:00:00+00:00,13.502,13.837,13.409,13.507,15083
2021-07-25 12:00:00+00:00,13.508,13.693999999999999,13.332,13.371,14056
2021-07-25 16:00:00+00:00,13.372,13.429,13.09,13.278,17179
2021-07-25 20:00:00+00:00,13.279,13.546,13.241,13.423,15532
2021-07-26 00:00:00+00:00,13.402,14.187,13.350999999999999,14.139,14380
2021-07-26 04:00:00+00:00,14.142,15.066,14.008,14.881,26328
2021-07-26 08:00:00+00:00,14.881,15.248,14.428,14.71,25497
2021-07-26 12:00:00+00:00,14.709,14.911,14.594,14.755,20765
2021-07-26 16:00:00+00:00,14.754,14.906,14.436,14.775,20747
2021-07-26 20:00:00+00:00,14.777,15.298,14.188,14.297,26155
2021-07-27 00:00:00+00:00,14.169,14.36,13.876,14.055,22699
2021-07-27 04:00:00+00:00,14.057,14.1,13.371,13.653,21288
2021-07-27 08:00:00+00:00,13.652,13.754,13.533,13.735,12931
2021-07-27 12:00:00+00:00,13.735,14.416,13.651,14.373,14107
2021-07-27 16:00:00+00:00,14.372,14.541,13.649000000000001,13.665,20174
2021-07-27 20:00:00+00:00,13.664,13.978,13.618,13.907,18441
2021-07-28 00:00:00+00:00,13.928,14.523,13.887,14.097,17560
2021-07-28 04:00:00+00:00,14.096,14.599,13.992,14.141,18056
2021-07-28 08:00:00+00:00,14.141,14.67,13.928,14.339,17040
2021-07-28 12:00:00+00:00,14.343,14.766,14.298,14.322,14049
2021-07-28 16:00:00+00:00,14.322,14.635,14.253,14.58,14488
2021-07-28 20:00:00+00:00,14.579,14.731,14.094,14.352,18354
2021-07-29 00:00:00+00:00,14.335,14.614,14.269,14.281,13458
2021-07-29 04:00:00+00:00,14.28,14.916,14.263,14.725999999999999,15639
2021-07-29 08:00:00+00:00,14.727,15.053,14.625,14.745,15108
2021-07-29 12:00:00+00:00,14.746,14.943999999999999,14.543,14.682,14934
2021-07-29 16:00:00+00:00,14.678,15.231,14.644,15.08,17411
2021-07-29 20:00:00+00:00,15.081,15.189,14.868,15.075,12703
2021-07-30 00:00:00+00:00,15.103,15.394,14.876,15.175,12901
2021-07-30 04:00:00+00:00,15.175,15.6,15.135,15.362,14574
2021-07-30 08:00:00+00:00,15.363,15.388,14.628,14.746,13696
2021-07-30 12:00:00+00:00,14.751,14.805,14.415,14.437,15667
2021-07-30 16:00:00+00:00,14.438,14.764,14.412,14.687,14500
2021-07-30 20:00:00+00:00,14.684,15.649000000000001,14.684,15.513,14079
2021-07-31 00:00:00+00:00,15.627,16.096,15.417,15.953,15168
2021-07-31 04:00:00+00:00,15.954,16.12,15.811,15.947,16620
2021-07-31 08:00:00+00:00,15.943,16.465,15.608,16.357,14246
2021-07-31 12:00:00+00:00,16.359,16.618,16.05,16.482,17941
2021-07-31 16:00:00+00:00,16.484,16.507,16.214,16.255,4686
2021-08-01 00:00:00+00:00,16.82,19.548000000000002,16.559,18.436,19781
2021-08-01 04:00:00+00:00,18.436,19.048,18.215,18.815,25591
2021-08-01 08:00:00+00:00,18.815,18.856,18.071,18.351,19263
2021-08-01 12:00:00+00:00,18.352,18.55,17.737,18.126,16201
2021-08-01 16:00:00+00:00,18.126,19.679,17.913,19.659,20895
2021-08-01 20:00:00+00:00,19.594,19.898,19.051,19.439,21466
2021-08-02 00:00:00+00:00,19.373,19.383,17.951,17.959,19841
2021-08-02 04:00:00+00:00,17.962,18.389,17.706,17.781,16309
2021-08-02 08:00:00+00:00,17.778,18.934,17.557,18.154,19156
2021-08-02 12:00:00+00:00,18.155,18.433,17.79,18.087,17085
2021-08-02 16:00:00+00:00,18.087,18.7,17.991,18.648,17682
2021-08-02 20:00:00+00:00,18.648,18.686,17.909,17.957,17962
2021-08-03 00:00:00+00:00,18.019,18.545,17.869,18.349,17745
2021-08-03 04:00:00+00:00,18.351,18.384,17.546,17.578,20218
2021-08-03 08:00:00+00:00,17.582,17.582,17.134,17.205,16314
2021-08-03 12:00:00+00:00,17.204,17.355,16.806,17.324,15852
2021-08-03 16:00:00+00:00,17.327,17.632,17.117,17.318,18574
2021-08-03 20:00:00+00:00,17.319,17.46,17.021,17.222,15003
2021-08-04 00:00:00+00:00,17.216,17.571,17.107,17.396,14322
2021-08-04 04:00:00+00:00,17.412,17.772,17.297,17.483,15543
2021-08-04 08:00:00+00:00,17.48,17.656,17.083,17.259,15602
2021-08-04 12:00:00+00:00,17.259,18.459,17.197,18.375,14632
2021-08-04 16:00:00+00:00,18.373,19.306,18.099,19.306,22517
2021-08-04 20:00:00+00:00,19.307,19.585,18.96,19.316,18286
2021-08-05 00:00:00+00:00,19.299,19.347,18.928,19.019,13419
2021-08-05 04:00:00+00:00,19.018,19.449,18.69,19.192,17541
2021-08-05 08:00:00+00:00,19.194,19.286,18.57,18.609,15624
2021-08-05 12:00:00+00:00,18.612,18.689,17.862,18.39,19358
2021-08-05 16:00:00+00:00,18.393,19.239,18.15,19.046,21471
2021-08-05 20:00:00+00:00,19.045,19.323,18.948,19.201,16622
2021-08-06 00:00:00+00:00,19.247,19.408,18.678,18.756,13984
2021-08-06 04:00:00+00:00,18.758,18.879,18.531,18.705,13282
2021-08-06 08:00:00+00:00,18.705,19.087,18.677,19.037,13006
2021-08-06 12:00:00+00:00,19.038,19.917,18.813,19.813,15385
2021-08-06 16:00:00+00:00,19.81,20.655,19.607,20.338,21025
2021-08-06 20:00:00+00:00,20.343,20.807,20.316,20.384,18608
2021-08-07 00:00:00+00:00,20.471,20.637,20.199,20.635,8789
2021-08-07 04:00:00+00:00,20.636,21.397,20.266,20.935,19199
2021-08-07 08:00:00+00:00,20.935,21.17,20.714,20.963,13742
2021-08-07 12:00:00+00:00,20.963,21.705,20.745,20.931,18847
2021-08-07 16:00:00+00:00,20.93,21.106,20.518,20.532,5073
2021-08-08 00:00:00+00:00,20.645,21.223,20.362,20.904,16849
2021-08-08 04:00:00+00:00,20.904,20.936,20.21,20.412,16922
2021-08-08 08:00:00+00:00,20.411,21.164,20.326,20.474,17502
2021-08-08 12:00:00+00:00,20.473,20.822,20.312,20.705,15654
2021-08-08 16:00:00+00:00,20.704,20.788,19.567,19.617,19522
2021-08-08 20:00:00+00:00,19.613,19.773,19.204,19.631,16916
2021-08-09 00:00:00+00:00,19.722,20.256,19.008,19.077,18066
2021-08-09 04:00:00+00:00,19.078,19.421,18.71,19.365,18272
2021-08-09 08:00:00+00:00,19.362,19.69,19.131,19.592,16363
2021-08-09 12:00:00+00:00,19.608,20.801,19.585,20.582,20162
2021-08-09 16:00:00+00:00,20.581,21.264,20.289,20.958,19409
2021-08-09 20:00:00+00:00,20.951,21.12,20.35,20.356,17632
2021-08-10 00:00:00+00:00,20.39,20.817,20.104,20.52,19443
2021-08-10 04:00:00+00:00,20.517,20.813,20.277,20.319,15945
2021-08-10 08:00:00+00:00,20.32,20.904,20.251,20.866,15071
2021-08-10 12:00:00+00:00,20.867,21.378,20.352,21.359,17527
2021-08-10 16:00:00+00:00,21.355,21.426,20.085,20.244,22027
2021-08-10 20:00:00+00:00,20.242,20.849,20.225,20.782,16770
2021-08-11 00:00:00+00:00,20.832,21.016,20.408,20.861,17034
2021-08-11 04:00:00+00:00,20.861,21.206,20.736,21.127,18054
2021-08-11 08:00:00+00:00,21.127,21.703,21.127,21.465,18435
2021-08-11 12:00:00+00:00,21.465,22.002,21.131,21.398,13017
2021-08-11 16:00:00+00:00,21.4,22.457,21.179,22.058,19983
2021-08-11 20:00:00+00:00,22.06,22.312,21.788,22.033,16906
2021-08-12 00:00:00+00:00,21.824,21.99,21.007,21.689,21444
2021-08-12 04:00:00+00:00,21.686,22.314,21.442,21.481,19220
2021-08-12 08:00:00+00:00,21.488,21.525,20.504,21.202,23090
2021-08-12 12:00:00+00:00,21.2,21.456,20.451,20.732,20690
2021-08-12 16:00:00+00:00,20.732,20.858,19.921,20.136,25380
2021-08-12 20:00:00+00:00,20.135,20.822,20.048,20.709,17370
2021-08-13 00:00:00+00:00,20.559,21.055,20.067,20.934,18526
2021-08-13 04:00:00+00:00,20.934,21.879,20.894,21.677,14765
2021-08-13 08:00:00+00:00,21.675,22.162,21.358,22.044,20949
2021-08-13 12:00:00+00:00,22.045,22.202,21.811,22.047,20421
2021-08-13 16:00:00+00:00,22.047,22.051,21.377,21.947,17886
2021-08-13 20:00:00+00:00,21.95,22.298,21.676,22.173,19467
2021-08-14 00:00:00+00:00,22.212,22.741,22.121,22.55,15794
2021-08-14 04:00:00+00:00,22.552,22.739,22.351,22.432,17293
2021-08-14 08:00:00+00:00,22.433,23.343,22.408,23.123,17661
2021-08-14 12:00:00+00:00,23.124,23.48,21.789,22.102,23807
2021-08-14 16:00:00+00:00,22.102,22.365,22.01,22.335,4211
2021-08-15 00:00:00+00:00,22.301,22.99,22.29,22.926,14101
2021-08-15 04:00:00+00:00,22.921,23.31,22.386,22.603,17445
2021-08-15 08:00:00+00:00,22.602,22.836,21.852,22.141,18170
2021-08-15 12:00:00+00:00,22.138,22.377,21.96,22.054,15965
2021-08-15 16:00:00+00:00,22.054,22.412,21.855,22.033,16195
2021-08-15 20:00:00+00:00,22.034,22.987,21.883,22.949,18168
2021-08-16 00:00:00+00:00,22.836,23.417,22.665,23.211,19008
2021-08-16 04:00:00+00:00,23.209,23.484,22.912,23.348,17198
2021-08-16 08:00:00+00:00,23.349,24.493,23.348,24.106,17837
2021-08-16 12:00:00+00:00,24.11,25.436,24.048,25.06,20900
2021-08-16 16:00:00+00:00,25.061,25.543,23.996,25.488,24199
2021-08-16 20:00:00+00:00,25.489,25.694,24.054,24.667,20023
2021-08-17 00:00:00+00:00,24.759,25.218,23.361,24.019,19089
2021-08-17 04:00:00+00:00,24.021,27.416,23.996,26.5,27032
2021-08-17 08:00:00+00:00,26.49,26.726,25.706,26.299,27316
2021-08-17 12:00:00+00:00,26.294,26.794,25.859,25.978,24027
2021-08-17 16:00:00+00:00,25.976,26.192,24.687,25.094,23383
2021-08-17 20:00:00+00:00,25.094,25.837,23.354,24.102,20557
2021-08-18 00:00:00+00:00,24.011,24.706,23.006,23.764,23604
2021-08-18 04:00:00+00:00,23.759,24.289,22.499,23.99,23752
2021-08-18 08:00:00+00:00,23.988,24.505,23.413,23.733,19010
2021-08-18 12:00:00+00:00,23.734,24.297,23.307,23.96,22634
2021-08-18 16:00:00+00:00,23.963,25.171,23.775,25.073,25955
2021-08-18 20:00:00+00:00,25.077,25.188,23.356,23.413,25012
2021-08-19 00:00:00+00:00,23.612,24.487,23.408,24.322,18374
2021-08-19 04:00:00+00:00,24.323,24.558,23.528,23.85,22686
2021-08-19 08:00:00+00:00,23.851,24.22,23.648,24.027,21732
2021-08-19 12:00:00+00:00,24.026,24.276,23.464,23.903,18999
2021-08-19 16:00:00+00:00,23.91,25.877,23.91,25.06,24268
2021-08-19 20:00:00+00:00,25.069,26.836,25.029,26.41,21437
2021-08-20 00:00:00+00:00,26.462,27.024,26.144,26.708,19004
2021-08-20 04:00:00+00:00,26.713,27.134,26.362,26.789,18753
2021-08-20 08:00:00+00:00,26.782,26.989,26.085,26.666,19607
2021-08-20 12:00:00+00:00,26.675,28.347,26.559,27.953,18851
2021-08-20 16:00:00+00:00,27.954,28.414,27.572,27.696,21377
2021-08-20 20:00:00+00:00,27.685,28.474,27.538,28.147,18507
2021-08-21 00:00:00+00:00,28.044,28.23,27.559,27.631,15399
2021-08-21 04:00:00+00:00,27.632,29.147,27.508,28.718,24188
2021-08-21 08:00:00+00:00,28.716,29.368,28.686,28.856,21819
2021-08-21 12:00:00+00:00,28.857,29.079,27.514,28.868,21844
2021-08-21 16:00:00+00:00,28.871,28.965,28.507,28.582,5494
2021-08-22 00:00:00+00:00,27.798000000000002,28.529,27.797,28.388,12917
2021-08-22 04:00:00+00:00,28.39,28.53,27.554,27.836,19328
2021-08-22 08:00:00+00:00,27.826,28.191,27.576,27.905,16019
2021-08-22 12:00:00+00:00,27.904,28.292,27.608,27.625,18332
2021-08-22 16:00:00+00:00,27.627,27.707,26.531,27.112,23248
2021-08-22 20:00:00+00:00,27.112,27.288,26.541,26.786,20039
2021-08-23 00:00:00+00:00,26.65,28.225,26.565,27.997,18126
2021-08-23 04:00:00+00:00,27.995,28.653,27.833,28.515,21557
2021-08-23 08:00:00+00:00,28.51,28.612,27.901,28.043,17123
2021-08-23 12:00:00+00:00,28.043,28.314,27.678,28.005,16167
2021-08-23 16:00:00+00:00,28.003,28.248,27.353,27.915,18887
2021-08-23 20:00:00+00:00,27.913,27.973,27.328,27.879,17987
2021-08-24 00:00:00+00:00,27.885,28.223,27.192,27.453,15608
2021-08-24 04:00:00+00:00,27.458,27.84,27.121,27.692,17544
2021-08-24 08:00:00+00:00,27.692,27.888,27.526,27.526,13768
2021-08-24 12:00:00+00:00,27.533,27.762,27.106,27.32,17105
2021-08-24 16:00:00+00:00,27.323,27.343,24.357,25.138,23421
2021-08-24 20:00:00+00:00,25.132,25.886,24.876,25.861,20219
2021-08-25 00:00:00+00:00,25.92,25.947,25.02,25.582,17540
2021-08-25 04:00:00+00:00,25.579,26.507,25.262,25.783,21242
2021-08-25 08:00:00+00:00,25.782,26.427,24.723,24.741,18895
2021-08-25 12:00:00+00:00,24.74,25.517,24.492,25.385,19597
2021-08-25 16:00:00+00:00,25.377,26.491,24.481,26.263,24909
2021-08-25 20:00:00+00:00,26.257,26.555,25.846,25.918,18786
2021-08-26 00:00:00+00:00,25.992,26.379,25.661,26.285,16006
2021-08-26 04:00:00+00:00,26.29,26.341,25.042,25.331,19837
2021-08-26 08:00:00+00:00,25.324,25.403,24.298,24.73,19981
2021-08-26 12:00:00+00:00,24.73,24.883,23.839,24.285,17647
2021-08-26 16:00:00+00:00,24.285,24.805,23.467,23.935,19510
2021-08-26 20:00:00+00:00,23.928,24.198,23.516,24.125,16116
2021-08-27 00:00:00+00:00,24.249,24.492,23.453,24.298,13794
2021-08-27 04:00:00+00:00,24.292,25.02,24.202,24.462,16464
2021-08-27 08:00:00+00:00,24.465,24.984,24.42,24.677,17460
2021-08-27 12:00:00+00:00,24.683,25.474,24.537,25.105,15355
2021-08-27 16:00:00+00:00,25.11,26.119,24.821,25.826999999999998,17437
2021-08-27 20:00:00+00:00,25.829,26.24,25.662,26.178,12730
2021-08-28 00:00:00+00:00,26.198,26.797,26.008,26.518,9848
2021-08-28 04:00:00+00:00,26.514,26.56,26.013,26.097,10951
2021-08-28 08:00:00+00:00,26.098,26.245,25.713,26.056,11148
2021-08-28 12:00:00+00:00,26.054,26.456,25.819,26.277,11812
2021-08-28 16:00:00+00:00,26.275,26.289,25.984,25.989,2831
2021-08-29 00:00:00+00:00,25.728,26.406,25.706,26.406,13709
2021-08-29 04:00:00+00:00,26.408,26.466,25.279,25.55,15046
2021-08-29 08:00:00+00:00,25.54,26.098,25.512,26.079,13727
2021-08-29 12:00:00+00:00,26.078,26.141,25.624,25.891,14899
2021-08-29 16:00:00+00:00,25.89,26.086,25.547,25.877,14816
2021-08-29 20:00:00+00:00,25.88,26.002,25.629,25.958,11531
2021-08-30 00:00:00+00:00,25.95,26.163,25.231,25.339,13524
2021-08-30 04:00:00+00:00,25.34,25.605,24.999,25.079,14300
2021-08-30 08:00:00+00:00,25.079,25.232,24.729,25.118,13339
2021-08-30 12:00:00+00:00,25.128,25.184,24.43,24.54,13454
2021-08-30 16:00:00+00:00,24.547,25.537,24.323,25.535,13703
2021-08-30 20:00:00+00:00,25.537,27.593,25.313,27.393,16795
2021-08-31 00:00:00+00:00,27.362,27.366,25.636,26.216,19248
2021-08-31 04:00:00+00:00,26.217,27.612,25.846,26.883,17601
2021-08-31 08:00:00+00:00,26.881,27.859,26.618,27.764,18967
2021-08-31 12:00:00+00:00,27.763,30.13,27.455,29.859,21765
2021-08-31 16:00:00+00:00,29.858,31.678,29.013,30.84,26163
2021-08-31 20:00:00+00:00,30.839,30.964,29.475,30.035,19680
2021-09-01 00:00:00+00:00,29.758,32.084,29.401,30.548000000000002,22294
2021-09-01 04:00:00+00:00,30.538,31.242,29.782,30.368,21021
2021-09-01 08:00:00+00:00,30.364,30.8,30.066,30.266,19221
2021-09-01 12:00:00+00:00,30.267,30.581,29.776,30.161,17636
2021-09-01 16:00:00+00:00,30.158,30.889,29.612,30.656,17806
2021-09-01 20:00:00+00:00,30.664,32.897,30.369,32.396,23714
2021-09-02 00:00:00+00:00,32.751,33.832,32.416,32.554,21264
2021-09-02 04:00:00+00:00,32.556,32.943,31.977,32.254,14711
2021-09-02 08:00:00+00:00,32.248,32.582,31.809,32.158,15344
2021-09-02 12:00:00+00:00,32.159,32.858,31.994,32.385,14927
2021-09-02 16:00:00+00:00,32.385,32.795,31.31,32.438,18881
2021-09-02 20:00:00+00:00,32.445,32.622,32.017,32.272,16336
2021-09-03 00:00:00+00:00,32.389,32.481,31.0,31.285,15490
2021-09-03 04:00:00+00:00,31.285,33.502,31.03,33.449,21392
2021-09-03 08:00:00+00:00,33.444,33.64,32.768,33.049,16178
2021-09-03 12:00:00+00:00,33.06,33.168,32.378,32.904,15714
2021-09-03 16:00:00+00:00,32.903,33.913,32.534,33.882,16849
2021-09-03 20:00:00+00:00,33.881,34.012,33.219,33.508,16048
2021-09-04 00:00:00+00:00,33.422,34.132,32.885,33.84,11662
2021-09-04 04:00:00+00:00,33.838,33.841,33.087,33.227,14112
2021-09-04 08:00:00+00:00,33.222,33.495,33.036,33.303,11211
2021-09-04 12:00:00+00:00,33.306,33.45,32.829,33.263,12426
2021-09-04 16:00:00+00:00,33.261,33.357,33.016,33.043,3386
2021-09-05 00:00:00+00:00,32.663,32.885,32.122,32.632,11278
2021-09-05 04:00:00+00:00,32.629,32.783,32.143,32.365,13387
2021-09-05 08:00:00+00:00,32.372,32.544,31.986,32.53,13262
2021-09-05 12:00:00+00:00,32.532,33.0,32.371,32.845,14380
2021-09-05 16:00:00+00:00,32.847,34.018,32.826,33.443,15716
2021-09-05 20:00:00+00:00,33.445,34.665,33.294,34.644,15158
2021-09-06 00:00:00+00:00,34.638,34.769,33.982,34.238,15610
2021-09-06 04:00:00+00:00,34.233,34.262,33.583,34.121,14762
2021-09-06 08:00:00+00:00,34.12,34.696,34.025,34.468,13066
2021-09-06 12:00:00+00:00,34.463,35.021,32.367,33.452,17946
2021-09-06 16:00:00+00:00,33.457,35.08,33.31,34.263,18997
2021-09-06 20:00:00+00:00,34.255,34.59,33.826,34.255,16434
2021-09-07 00:00:00+00:00,34.313,34.76,33.696,33.815,17202
2021-09-07 04:00:00+00:00,33.819,35.644,33.772,35.586,16414
2021-09-07 08:00:00+00:00,35.582,35.659,33.15,33.153,20398
2021-09-07 12:00:00+00:00,33.158,33.639,31.454,32.43,21073
2021-09-07 16:00:00+00:00,32.442,32.757,22.677,29.525,24866
2021-09-07 20:00:00+00:00,29.527,29.622,25.574,27.202,31880
2021-09-08 00:00:00+00:00,27.421,28.445,26.511,28.38,28359
2021-09-08 04:00:00+00:00,28.384,28.875,27.502,27.999,23990
2021-09-08 08:00:00+00:00,27.996,28.293,25.892,26.336,13117
2021-09-08 12:00:00+00:00,27.599,28.534,27.326,27.741,9430
2021-09-08 16:00:00+00:00,27.748,28.609,27.273,28.34,24130
2021-09-08 20:00:00+00:00,28.338,28.603,27.689,27.862,21530
2021-09-09 00:00:00+00:00,27.842,28.196,26.8,27.944,19564
2021-09-09 04:00:00+00:00,27.943,28.11,26.989,27.985,19658
2021-09-09 08:00:00+00:00,27.984,29.691,27.814,29.182,22322
2021-09-09 12:00:00+00:00,29.183,29.404,27.727,28.779,23590
2021-09-09 16:00:00+00:00,28.786,31.766,28.767,31.377,26591
2021-09-09 20:00:00+00:00,31.371,31.836,29.604,29.821,24466
2021-09-10 00:00:00+00:00,29.926,32.3,29.413,31.741,17093
2021-09-10 04:00:00+00:00,31.742,32.622,31.434,31.651,20474
2021-09-10 08:00:00+00:00,31.654,32.125,29.984,30.732,23171
2021-09-10 12:00:00+00:00,30.728,32.147,30.236,30.501,25763
2021-09-10 16:00:00+00:00,30.496,30.945,28.085,28.89,28304
2021-09-10 20:00:00+00:00,28.892,29.975,28.728,28.893,16955
2021-09-11 00:00:00+00:00,28.382,29.458,28.156,29.069,14400
2021-09-11 04:00:00+00:00,29.084,29.784,28.233,29.152,14522
2021-09-11 08:00:00+00:00,29.147,29.231,28.392,28.959,17608
2021-09-11 12:00:00+00:00,28.958,30.739,28.644,30.289,17743
2021-09-11 16:00:00+00:00,30.294,30.832,30.204,30.781,5088
2021-09-12 00:00:00+00:00,32.059,32.763,30.831,31.676,19158
2021-09-12 04:00:00+00:00,31.677,32.06,30.644,31.794,21775
2021-09-12 08:00:00+00:00,31.799,32.309,31.005,32.273,16324
2021-09-12 12:00:00+00:00,32.28,33.391,31.609,32.972,22603
2021-09-12 16:00:00+00:00,32.968,34.968,32.937,34.518,21970
2021-09-12 20:00:00+00:00,34.519,35.006,32.78,32.83,18933
2021-09-13 00:00:00+00:00,33.072,37.545,32.828,36.726,23692
2021-09-13 04:00:00+00:00,36.73,38.011,34.448,35.934,32983
2021-09-13 08:00:00+00:00,35.91,35.967,32.773,33.563,27319
2021-09-13 12:00:00+00:00,33.562,34.826,32.763,34.209,24432
2021-09-13 16:00:00+00:00,34.21,37.007,31.558,35.72,29948
2021-09-13 20:00:00+00:00,35.715,36.421,35.061,35.725,25186
2021-09-14 00:00:00+00:00,35.823,36.129,34.2,34.892,21698
2021-09-14 04:00:00+00:00,34.896,35.938,34.06,35.345,18319
2021-09-14 08:00:00+00:00,35.353,37.412,35.318,37.166,21707
2021-09-14 12:00:00+00:00,37.171,37.356,35.753,37.16,23195
2021-09-14 16:00:00+00:00,37.172,38.738,36.637,36.878,25119
2021-09-14 20:00:00+00:00,36.876,37.777,36.351,37.526,21155
2021-09-15 00:00:00+00:00,37.542,38.201,36.601,36.841,19907
2021-09-15 04:00:00+00:00,36.852,37.331,36.386,36.442,18084
2021-09-15 08:00:00+00:00,36.441,37.132,36.117,36.419,19759
2021-09-15 12:00:00+00:00,36.407,36.773,35.554,35.754,18917
2021-09-15 16:00:00+00:00,35.753,36.763,35.642,36.511,20289
2021-09-15 20:00:00+00:00,36.508,37.312,36.058,36.114,17880
2021-09-16 00:00:00+00:00,36.196,36.953,36.067,36.09,17317
2021-09-16 04:00:00+00:00,36.091,36.33,35.07,35.979,21409
2021-09-16 08:00:00+00:00,35.979,36.077,35.445,35.52,15779
2021-09-16 12:00:00+00:00,35.518,35.98,35.254,35.726,15953
2021-09-16 16:00:00+00:00,35.728,35.885,34.22,34.76,20181
2021-09-16 20:00:00+00:00,34.759,35.211,34.022,34.136,17897
2021-09-17 00:00:00+00:00,34.371,35.825,34.215,35.159,16817
2021-09-17 04:00:00+00:00,35.167,36.919,35.052,36.719,20617
2021-09-17 08:00:00+00:00,36.715,36.89,35.504,36.088,19929
2021-09-17 12:00:00+00:00,36.088,36.202,31.976,33.778,24221
2021-09-17 16:00:00+00:00,33.779,34.32,33.119,34.29,20334
2021-09-17 20:00:00+00:00,34.291,34.316,33.093,33.361,18189
2021-09-18 00:00:00+00:00,33.419,33.534,32.166,33.244,11605
2021-09-18 04:00:00+00:00,33.232,34.507,33.058,34.477,17251
2021-09-18 08:00:00+00:00,34.483,35.289,34.474,34.913,20026
2021-09-18 12:00:00+00:00,34.921,35.47,34.519,34.974,13677
2021-09-18 16:00:00+00:00,34.973,35.88,34.973,35.37,6096
2021-09-19 00:00:00+00:00,34.564,35.177,33.835,33.898,16244
2021-09-19 04:00:00+00:00,33.892,34.291,33.616,33.945,16512
2021-09-19 08:00:00+00:00,33.946,34.474,33.818,34.297,14676
2021-09-19 12:00:00+00:00,34.295,34.358,33.002,33.425,16639
2021-09-19 16:00:00+00:00,33.441,34.422,33.299,34.025,17373
2021-09-19 20:00:00+00:00,34.021,34.548,33.775,34.281,17966
2021-09-20 00:00:00+00:00,34.326,34.399,32.494,32.941,17583
2021-09-20 04:00:00+00:00,32.933,33.413,30.871,31.664,24322
2021-09-20 08:00:00+00:00,31.661,31.967,30.158,30.883,20398
2021-09-20 12:00:00+00:00,30.874,31.063,26.548000000000002,28.906,23147
2021-09-20 16:00:00+00:00,28.928,29.948,28.454,29.429,22962
2021-09-20 20:00:00+00:00,29.43,29.758,27.759,28.461,20358
2021-09-21 00:00:00+00:00,28.535,29.447,26.394,27.371,21333
2021-09-21 04:00:00+00:00,27.367,29.66,27.261,28.496,20491
2021-09-21 08:00:00+00:00,28.497,30.352,27.939,30.145,19196
2021-09-21 12:00:00+00:00,30.135,30.264,29.2,29.288,17527
2021-09-21 16:00:00+00:00,29.285,29.683,28.164,28.335,20621
2021-09-21 20:00:00+00:00,28.342,28.518,26.25,26.364,25576
2021-09-22 00:00:00+00:00,26.23,27.324,25.467,26.649,28557
2021-09-22 04:00:00+00:00,26.647,27.756,26.312,27.029,22681
2021-09-22 08:00:00+00:00,27.037,28.773,27.037,28.176,19332
2021-09-22 12:00:00+00:00,28.169,28.826999999999998,27.78,28.621,19701
2021-09-22 16:00:00+00:00,28.624,31.295,28.486,31.267,21465
2021-09-22 20:00:00+00:00,31.262,31.851,30.365,31.692,23093
2021-09-23 00:00:00+00:00,31.476,31.984,30.882,31.121,19728
2021-09-23 04:00:00+00:00,31.139,32.567,30.761,32.195,19025
2021-09-23 08:00:00+00:00,32.199,32.301,31.181,31.274,15277
2021-09-23 12:00:00+00:00,31.283,31.549,30.36,30.975,18521
2021-09-23 16:00:00+00:00,30.981,31.8,30.789,31.351,18228
2021-09-23 20:00:00+00:00,31.354,32.959,31.34,32.617,17162
2021-09-24 00:00:00+00:00,32.685,33.585,32.334,32.865,14949
2021-09-24 04:00:00+00:00,32.868,33.268,31.798000000000002,32.025,17655
2021-09-24 08:00:00+00:00,32.024,33.2,31.496,32.357,19618
2021-09-24 12:00:00+00:00,32.36,32.374,27.88,28.994,33128
2021-09-24 16:00:00+00:00,28.993,31.229,28.61,30.293,26401
2021-09-24 20:00:00+00:00,30.295,30.875,29.728,30.779,18572
2021-09-25 00:00:00+00:00,31.09,32.21,30.46,31.777,15624
2021-09-25 04:00:00+00:00,31.785,31.912,30.552,31.362,18091
2021-09-25 08:00:00+00:00,31.361,31.552,29.408,30.417,19740
2021-09-25 12:00:00+00:00,30.427,31.085,30.129,30.344,18890
2021-09-25 16:00:00+00:00,30.331,30.791,30.16,30.362,5581
2021-09-26 00:00:00+00:00,29.904,30.193,28.66,28.974,16566
2021-09-26 04:00:00+00:00,28.971,29.165,28.323,29.019,21449
2021-09-26 08:00:00+00:00,29.02,29.097,26.766,27.317,18852
2021-09-26 12:00:00+00:00,27.331,30.032,27.25,29.442,21545
2021-09-26 16:00:00+00:00,29.439,29.849,29.065,29.2,18970
2021-09-26 20:00:00+00:00,29.194,29.649,28.888,29.405,16620
2021-09-27 00:00:00+00:00,29.421,29.67,28.262,29.193,19921
2021-09-27 04:00:00+00:00,29.192,30.234,29.109,29.509,18711
2021-09-27 08:00:00+00:00,29.509,29.991,29.221,29.511,18377
2021-09-27 12:00:00+00:00,29.511,29.826999999999998,28.699,28.864,21250
2021-09-27 16:00:00+00:00,28.872,29.388,27.793,28.2,20028
2021-09-27 20:00:00+00:00,28.205,28.372,27.576,27.71,17819
2021-09-28 00:00:00+00:00,27.833,28.635,27.503,27.75,18885
2021-09-28 04:00:00+00:00,27.749,28.358,27.381,28.11,16863
2021-09-28 08:00:00+00:00,28.11,28.291,27.203,27.591,20494
2021-09-28 12:00:00+00:00,27.589,28.012,27.348,27.551,18066
2021-09-28 16:00:00+00:00,27.55,28.118,26.583,26.588,21206
2021-09-28 20:00:00+00:00,26.601,26.956,26.342,26.79,17289
2021-09-29 00:00:00+00:00,26.817,27.045,26.09,26.833,17522
2021-09-29 04:00:00+00:00,26.829,27.69,26.649,27.476,16938
2021-09-29 08:00:00+00:00,27.476,27.813,27.214,27.68,12544
2021-09-29 12:00:00+00:00,27.664,28.555,27.37,27.947,17566
2021-09-29 16:00:00+00:00,27.948,28.383,27.293,27.397,19418
2021-09-29 20:00:00+00:00,27.391,27.456,26.389,26.591,15593
2021-09-30 00:00:00+00:00,26.674,27.982,26.488,27.951,15500
2021-09-30 04:00:00+00:00,27.949,28.461,27.8,28.178,18045
2021-09-30 08:00:00+00:00,28.18,28.29,27.493,27.668,14147
2021-09-30 12:00:00+00:00,27.666,28.351,27.61,28.089,14555
2021-09-30 16:00:00+00:00,28.088,28.312,27.686,28.002,15036
2021-09-30 20:00:00+00:00,28.003,28.955,27.902,28.244,15199
2021-10-01 00:00:00+00:00,28.317,29.311,28.293,28.989,13803
2021-10-01 04:00:00+00:00,28.991,29.188,28.474,28.632,13593
2021-10-01 08:00:00+00:00,28.638,29.734,28.564,29.65,14652
2021-10-01 12:00:00+00:00,29.651,31.387,29.5,30.752,17346
2021-10-01 16:00:00+00:00,30.763,31.581,30.342,31.497,11693
2021-10-01 20:00:00+00:00,31.497,32.321,31.32,32.028,16977
2021-10-02 00:00:00+00:00,32.032,32.281,31.325,32.18,10700
2021-10-02 04:00:00+00:00,32.179,32.706,31.654,31.925,13761
2021-10-02 08:00:00+00:00,31.926,32.327,31.712,32.272,12827
2021-10-02 12:00:00+00:00,32.27,32.485,31.826999999999998,32.084,13390
2021-10-02 16:00:00+00:00,32.068,32.677,32.057,32.435,3713
2021-10-03 00:00:00+00:00,32.75,33.0,31.273,31.485,16205
2021-10-03 04:00:00+00:00,31.493,32.177,31.314,31.958,15693
2021-10-03 08:00:00+00:00,31.957,32.376,31.898,31.911,10172
2021-10-03 12:00:00+00:00,31.575,32.19,31.494,32.028,13260
2021-10-03 16:00:00+00:00,32.023,32.67,31.826999999999998,31.962,13146
2021-10-03 20:00:00+00:00,31.958,32.65,31.477,32.051,17588
2021-10-04 00:00:00+00:00,31.884,32.227,31.495,31.496,15170
2021-10-04 04:00:00+00:00,31.495,31.847,30.616,31.103,20086
2021-10-04 08:00:00+00:00,31.103,31.317,30.719,30.939,16359
2021-10-04 12:00:00+00:00,30.944,31.218,30.446,31.151,16386
2021-10-04 16:00:00+00:00,31.152,31.545,30.033,30.986,21745
2021-10-04 20:00:00+00:00,30.988,31.572,30.753,30.877,16233
2021-10-05 00:00:00+00:00,30.989,31.382,30.784,31.33,16005
2021-10-05 04:00:00+00:00,31.328,31.655,31.044,31.135,14862
2021-10-05 08:00:00+00:00,31.138,31.652,31.109,31.534,12107
2021-10-05 12:00:00+00:00,31.537,32.142,31.293,31.655,14491
2021-10-05 16:00:00+00:00,31.66,31.685,30.42,30.931,16894
2021-10-05 20:00:00+00:00,30.929,31.817,30.842,31.378,15900
2021-10-06 00:00:00+00:00,31.534,31.779,31.113,31.181,14745
2021-10-06 04:00:00+00:00,31.183,31.186,30.441,30.575,14976
2021-10-06 08:00:00+00:00,30.573,30.826999999999998,29.087,29.465,15834
2021-10-06 12:00:00+00:00,29.462,30.437,29.095,30.434,17327
2021-10-06 16:00:00+00:00,30.435,32.814,30.298,32.568,21178
2021-10-06 20:00:00+00:00,32.569,33.022,32.068,32.55,15675
2021-10-07 00:00:00+00:00,32.603,32.78,31.223,31.54,13584
2021-10-07 04:00:00+00:00,31.532,31.773,30.92,31.519,15117
2021-10-07 08:00:00+00:00,31.505,33.714,31.142,33.619,18389
2021-10-07 12:00:00+00:00,33.603,34.602,32.677,33.987,22959
2021-10-07 16:00:00+00:00,33.986,35.291,33.181,34.783,22424
2021-10-07 20:00:00+00:00,34.778,34.848,34.001,34.24,15515
2021-10-08 00:00:00+00:00,34.335,34.674,33.46,34.008,12063
2021-10-08 04:00:00+00:00,33.996,34.114,33.203,33.564,12750
2021-10-08 08:00:00+00:00,33.562,34.444,33.339,34.214,16196
2021-10-08 12:00:00+00:00,34.255,34.255,33.015,33.507,16808
2021-10-08 16:00:00+00:00,33.508,34.415,33.214,33.739,17147
2021-10-08 20:00:00+00:00,33.74,34.084,33.388,33.48,11883
2021-10-09 00:00:00+00:00,33.441,33.71,33.058,33.455,10781
2021-10-09 04:00:00+00:00,33.457,33.643,32.982,33.593,15554
2021-10-09 08:00:00+00:00,33.595,34.269,33.417,33.762,14608
2021-10-09 12:00:00+00:00,33.763,34.844,33.72,34.547,16842
2021-10-09 16:00:00+00:00,34.549,34.849,34.476,34.788,3974
2021-10-10 00:00:00+00:00,36.401,36.869,35.61,35.692,15789
2021-10-10 04:00:00+00:00,35.683,37.413,35.292,36.907,19971
2021-10-10 08:00:00+00:00,36.905,37.032,36.056,36.236,13190
2021-10-10 12:00:00+00:00,36.233,36.25,35.567,36.026,17291
2021-10-10 16:00:00+00:00,36.027,36.516,35.489,35.633,17356
2021-10-10 20:00:00+00:00,35.634,36.167,35.312,35.406,17933
2021-10-11 00:00:00+00:00,34.426,35.112,33.989,34.989,19256
2021-10-11 04:00:00+00:00,34.997,35.441,34.516,34.996,16601
2021-10-11 08:00:00+00:00,34.999,36.061,34.645,35.894,16226
2021-10-11 12:00:00+00:00,35.895,36.044,34.85,34.961,16545
2021-10-11 16:00:00+00:00,34.962,35.325,34.656,34.787,17072
2021-10-11 20:00:00+00:00,34.788,34.953,33.31,33.453,15650
2021-10-12 00:00:00+00:00,33.336,34.222,33.234,33.633,13920
2021-10-12 04:00:00+00:00,33.647,33.867,32.608,33.264,16469
2021-10-12 08:00:00+00:00,33.265,33.814,32.664,33.578,17069
2021-10-12 12:00:00+00:00,33.581,33.647,32.054,32.259,17810
2021-10-12 16:00:00+00:00,32.258,34.045,32.258,33.815,19573
2021-10-12 20:00:00+00:00,33.814,35.133,33.349,34.766,19562
2021-10-13 00:00:00+00:00,34.91,35.753,34.816,35.611,15573
2021-10-13 04:00:00+00:00,35.609,35.74,34.835,35.161,14622
2021-10-13 08:00:00+00:00,35.164,35.461,33.578,34.816,21598
2021-10-13 12:00:00+00:00,34.824,35.417,34.539,35.312,17705
2021-10-13 16:00:00+00:00,35.313,37.463,34.508,37.334,21067
2021-10-13 20:00:00+00:00,37.328,43.174,37.328,41.24,26506
2021-10-14 00:00:00+00:00,41.327,42.943,40.7,41.012,23960
2021-10-14 04:00:00+00:00,41.018,42.343,40.434,41.187,21737
2021-10-14 08:00:00+00:00,41.174,41.943,40.71,41.29,20121
2021-10-14 12:00:00+00:00,41.267,42.48,40.818,40.902,19518
2021-10-14 16:00:00+00:00,40.905,41.379,39.529,39.843,21369
2021-10-14 20:00:00+00:00,39.84,40.367,39.332,40.234,19704
2021-10-15 00:00:00+00:00,40.474,40.887,39.949,39.992,17292
2021-10-15 04:00:00+00:00,39.995,41.42,39.529,40.526,23099
2021-10-15 08:00:00+00:00,40.522,41.948,39.602,39.726,22111
2021-10-15 12:00:00+00:00,39.724,40.168,39.43,39.589,19796
2021-10-15 16:00:00+00:00,39.591,40.545,39.551,40.494,21667
2021-10-15 20:00:00+00:00,40.491,43.877,40.388,43.055,24544
2021-10-16 00:00:00+00:00,43.215,44.413,43.043,44.077,17829
2021-10-16 04:00:00+00:00,44.067,44.733,43.225,43.606,21334
2021-10-16 08:00:00+00:00,43.604,43.8,42.833,43.481,18607
2021-10-16 12:00:00+00:00,43.482,43.555,42.007,42.36,14106
2021-10-16 16:00:00+00:00,42.349,42.865,42.154,42.864,5211
2021-10-17 00:00:00+00:00,41.741,42.176,41.102,41.682,13685
2021-10-17 04:00:00+00:00,41.684,42.835,41.619,42.534,16884
2021-10-17 08:00:00+00:00,42.542,42.817,42.19,42.276,12031
2021-10-17 12:00:00+00:00,42.102,42.411,41.551,41.804,17123
2021-10-17 16:00:00+00:00,41.807,42.602,40.97,41.43,19774
2021-10-17 20:00:00+00:00,41.426,41.948,39.508,40.354,18002
2021-10-18 00:00:00+00:00,40.272,42.66,40.268,42.479,20932
2021-10-18 04:00:00+00:00,42.481,43.243,42.203,42.505,18765
2021-10-18 08:00:00+00:00,42.506,43.029,42.288,42.754,17091
2021-10-18 12:00:00+00:00,42.753,42.753,41.132,41.332,20639
2021-10-18 16:00:00+00:00,41.336,41.942,40.473,40.707,22950
2021-10-18 20:00:00+00:00,40.709,41.12,40.17,40.897,16254
2021-10-19 00:00:00+00:00,40.915,41.232,40.658,40.689,13698
2021-10-19 04:00:00+00:00,40.692,41.557,40.5,41.16,15546
2021-10-19 08:00:00+00:00,41.163,41.316,40.646,41.016,11844
2021-10-19 12:00:00+00:00,41.015,41.191,40.738,40.91,12157
2021-10-19 16:00:00+00:00,40.909,41.174,39.984,40.433,17399
2021-10-19 20:00:00+00:00,40.428,41.602,40.382,40.762,18985
2021-10-20 00:00:00+00:00,40.761,41.54,40.752,41.262,17373
2021-10-20 04:00:00+00:00,41.263,41.931,41.107,41.363,17640
2021-10-20 08:00:00+00:00,41.365,41.638,41.187,41.496,13992
2021-10-20 12:00:00+00:00,41.503,41.976,40.927,41.976,16270
2021-10-20 16:00:00+00:00,42.01,44.896,41.773,44.342,22136
2021-10-20 20:00:00+00:00,44.33,45.194,44.0,44.528,21529
2021-10-21 00:00:00+00:00,44.492,45.412,44.122,45.093,14204
2021-10-21 04:00:00+00:00,45.09,45.503,43.242,43.994,22887
2021-10-21 08:00:00+00:00,43.991,44.502,43.443,44.157,17926
2021-10-21 12:00:00+00:00,44.159,44.885,42.868,43.846,23490
2021-10-21 16:00:00+00:00,43.83,44.338,41.898,42.479,24968
2021-10-21 20:00:00+00:00,42.48,43.262,42.254,42.757,20900
2021-10-22 00:00:00+00:00,42.791,43.666,42.604,43.472,17578
2021-10-22 04:00:00+00:00,43.476,45.404,43.362,45.039,18764
2021-10-22 08:00:00+00:00,45.037,45.74,44.697,45.561,20544
2021-10-22 12:00:00+00:00,45.559,46.373,44.881,45.617,19728
2021-10-22 16:00:00+00:00,45.615,45.883,43.225,44.151,26365
2021-10-22 20:00:00+00:00,44.152,44.282,42.92,43.712,19006
2021-10-23 00:00:00+00:00,43.089,44.149,43.019,44.148,9847
2021-10-23 04:00:00+00:00,44.147,44.754,43.783,44.413,13913
2021-10-23 08:00:00+00:00,44.407,44.714,43.891,44.422,13467
2021-10-23 12:00:00+00:00,44.424,44.562,43.078,44.096,18798
2021-10-23 16:00:00+00:00,44.094,44.112,43.702,43.778,4391
2021-10-24 00:00:00+00:00,43.4,44.135,43.213,43.819,12737
2021-10-24 04:00:00+00:00,43.818,44.048,43.423,43.463,13747
2021-10-24 08:00:00+00:00,43.449,44.029,43.189,43.814,12637
2021-10-24 12:00:00+00:00,43.459,43.725,42.079,42.453,16725
2021-10-24 16:00:00+00:00,42.451,42.792,41.27,42.144,17353
2021-10-24 20:00:00+00:00,42.146,42.488,41.283,42.483,16144
2021-10-25 00:00:00+00:00,42.676,42.871,42.087,42.869,14894
2021-10-25 04:00:00+00:00,42.867,43.741,42.72,43.41,15555
2021-10-25 08:00:00+00:00,43.413,43.951,43.251,43.757,14773
2021-10-25 12:00:00+00:00,43.755,43.92,43.304,43.397,12707
2021-10-25 16:00:00+00:00,43.393,43.783,43.288,43.568,13996
2021-10-25 20:00:00+00:00,43.569,44.683,43.484,44.342,16958
2021-10-26 00:00:00+00:00,44.345,44.753,44.132,44.319,12436
2021-10-26 04:00:00+00:00,44.316,44.345,43.652,43.91,10279
2021-10-26 08:00:00+00:00,43.909,44.155,43.355,43.963,11636
2021-10-26 12:00:00+00:00,43.957,44.102,43.658,43.818,9833
2021-10-26 16:00:00+00:00,43.816,44.219,43.286,43.799,16371
2021-10-26 20:00:00+00:00,43.802,45.769,43.673,45.764,14564
2021-10-27 00:00:00+00:00,45.963,45.993,43.63,44.564,19408
2021-10-27 04:00:00+00:00,44.558,45.37,44.276,45.237,14947
2021-10-27 08:00:00+00:00,45.236,45.744,38.783,41.981,20146
2021-10-27 12:00:00+00:00,41.973,42.723,40.711,42.058,21664
2021-10-27 16:00:00+00:00,42.053,42.236,40.617,41.31,16762
2021-10-27 20:00:00+00:00,41.301,41.678,39.993,40.605,16562
2021-10-28 00:00:00+00:00,40.906,41.369,40.007,40.012,14864
2021-10-28 04:00:00+00:00,39.987,41.645,39.834,40.956,13639
2021-10-28 08:00:00+00:00,40.95,42.974,40.122,42.97,20310
2021-10-28 12:00:00+00:00,42.967,43.102,42.27,42.731,15421
2021-10-28 16:00:00+00:00,42.751,42.875,42.375,42.52,13408
2021-10-28 20:00:00+00:00,42.505,43.044,41.206,42.44,18240
2021-10-29 00:00:00+00:00,42.266,42.502,41.498,42.396,15271
2021-10-29 04:00:00+00:00,42.388,43.752,42.298,43.17,16397
2021-10-29 08:00:00+00:00,43.17,43.378,42.321,43.031,13818
2021-10-29 12:00:00+00:00,43.033,43.139,42.315,42.412,14308
2021-10-29 16:00:00+00:00,42.412,43.721,42.233,43.651,16133
2021-10-29 20:00:00+00:00,43.65,44.305,43.496,44.128,14077
2021-11-01 00:00:00+00:00,42.631,43.398,42.515,43.368,13151
2021-11-01 04:00:00+00:00,43.37,43.495,41.728,42.273,14684
2021-11-01 08:00:00+00:00,42.276,43.807,42.265,43.393,14540
2021-11-01 12:00:00+00:00,43.395,45.449,43.391,45.379,16881
2021-11-01 16:00:00+00:00,45.377,49.344,45.182,47.993,23615
2021-11-01 20:00:00+00:00,48.007,51.58,47.691,50.937,23712
2021-11-02 00:00:00+00:00,50.263,50.738,48.431,48.815,21339
2021-11-02 04:00:00+00:00,48.812,49.862,48.578,49.19,18240
2021-11-02 08:00:00+00:00,49.191,49.307,48.048,49.208,14944
2021-11-02 12:00:00+00:00,49.197,53.348,48.396,51.931,23160
2021-11-02 16:00:00+00:00,51.931,52.453,50.711,51.149,20099
2021-11-02 20:00:00+00:00,51.137,52.588,51.085,51.214,15403
2021-11-03 00:00:00+00:00,51.211,52.104,49.355,49.962,14748
2021-11-03 04:00:00+00:00,49.962,50.804,49.523,49.812,18281
2021-11-03 08:00:00+00:00,49.805,51.76,49.666,51.115,16058
2021-11-03 12:00:00+00:00,51.113,52.504,49.753,50.177,16655
2021-11-03 16:00:00+00:00,50.178,53.564,48.7,52.43,21716
2021-11-03 20:00:00+00:00,52.427,54.542,52.12,53.837,22032
2021-11-04 00:00:00+00:00,54.054,54.289,52.172,52.579,15591
2021-11-04 04:00:00+00:00,52.581,53.609,52.324,53.591,14203
2021-11-04 08:00:00+00:00,53.579,53.594,52.381,52.642,16519
2021-11-04 12:00:00+00:00,52.645,53.252,52.279,53.18,14668
2021-11-04 16:00:00+00:00,53.183,55.11,52.345,53.458,23564
2021-11-04 20:00:00+00:00,53.459,54.0,52.499,53.954,16484
2021-11-05 00:00:00+00:00,54.193,54.402,52.499,52.539,15612
2021-11-05 04:00:00+00:00,52.536,53.163,52.309,52.809,14862
2021-11-05 08:00:00+00:00,52.803,53.124,52.391,52.78,14405
2021-11-05 12:00:00+00:00,52.781,52.853,51.601,51.866,16675
2021-11-05 16:00:00+00:00,51.871,52.601,50.6,51.28,16379
2021-11-05 20:00:00+00:00,51.269,51.741,50.788,50.916,13693
2021-11-08 00:00:00+00:00,52.143,52.923,51.576,52.41,12839
2021-11-08 04:00:00+00:00,52.415,53.182,52.29,52.32,12266
2021-11-08 08:00:00+00:00,52.322,53.231,52.252,52.885,13558
2021-11-08 12:00:00+00:00,52.878,53.713,52.47,52.613,13657
2021-11-08 16:00:00+00:00,52.615,53.841,52.34,53.77,13651
2021-11-08 20:00:00+00:00,53.764,53.822,53.085,53.117,12597
2021-11-09 00:00:00+00:00,53.081,53.508,52.542,52.717,11117
2021-11-09 04:00:00+00:00,52.716,53.214,52.597,53.011,10873
2021-11-09 08:00:00+00:00,53.008,53.011,52.53,52.882,9532
2021-11-09 12:00:00+00:00,52.881,52.959,51.549,52.037,11914
2021-11-09 16:00:00+00:00,52.036,52.16,50.469,51.093,18703
2021-11-09 20:00:00+00:00,51.079,51.618,50.593,51.287,11669
2021-11-10 00:00:00+00:00,51.183,51.184,50.094,50.542,9585
2021-11-10 04:00:00+00:00,50.545,50.832,50.005,50.19,10551
2021-11-10 08:00:00+00:00,50.186,51.696,50.186,51.401,12616
2021-11-10 12:00:00+00:00,51.399,52.02,49.972,51.061,15061
2021-11-10 16:00:00+00:00,51.061,51.765,50.748,50.965,14729
2021-11-10 20:00:00+00:00,50.969,51.166,42.339,45.624,24722
2021-11-11 00:00:00+00:00,45.564,47.692,45.55,46.323,21797
2021-11-11 04:00:00+00:00,46.322,48.694,45.717,48.619,17861
2021-11-11 08:00:00+00:00,48.617,49.429,47.855,49.351,15331
2021-11-11 12:00:00+00:00,49.346,49.423,48.009,48.259,13059
2021-11-11 16:00:00+00:00,48.261,48.494,47.338,48.05,14984
2021-11-11 20:00:00+00:00,48.042,48.706,47.657,48.171,11535
2021-11-12 00:00:00+00:00,48.067,48.303,45.822,47.118,12900
2021-11-12 04:00:00+00:00,47.12,47.501,46.432,46.515,14188
2021-11-12 08:00:00+00:00,46.518,47.413,44.991,45.169,18026
2021-11-12 12:00:00+00:00,45.171,46.27,44.684,45.888,18130
2021-11-12 16:00:00+00:00,45.896,45.927,44.02,45.698,17382
2021-11-12 20:00:00+00:00,45.693,46.314,40.779,45.779,13661
2021-11-15 00:00:00+00:00,45.913,47.171,45.658,47.011,12931
2021-11-15 04:00:00+00:00,47.009,47.141,46.586,46.677,12430
2021-11-15 08:00:00+00:00,46.674,47.098,46.152,46.884,11683
2021-11-15 12:00:00+00:00,46.884,47.441,46.666,47.058,12138
2021-11-15 16:00:00+00:00,47.058,47.066,45.263,45.49,15187
2021-11-15 20:00:00+00:00,45.511,45.739,44.507,45.053,14231
2021-11-16 00:00:00+00:00,44.868,45.367,41.276,42.922,19047
2021-11-16 04:00:00+00:00,42.917,42.981,40.818,41.896,21401
2021-11-16 08:00:00+00:00,41.898,42.577,41.688,41.76,18189
2021-11-16 12:00:00+00:00,41.742,41.827,38.041,41.306,26083
2021-11-16 16:00:00+00:00,41.307,42.734,41.229,41.912,17918
2021-11-16 20:00:00+00:00,41.917,42.129,40.051,41.419,17593
2021-11-17 00:00:00+00:00,41.491,41.666,39.913,39.983,13791
2021-11-17 04:00:00+00:00,39.968,40.286,38.752,40.087,22602
2021-11-17 08:00:00+00:00,40.086,40.533,39.027,39.165,17791
2021-11-17 12:00:00+00:00,39.164,42.574,38.968,41.75,18494
2021-11-17 16:00:00+00:00,41.741,41.94,40.215,41.642,18667
2021-11-17 20:00:00+00:00,41.644,42.264,41.296,41.796,13478
2021-11-18 00:00:00+00:00,42.009,43.15,41.805,42.931,14190
2021-11-18 04:00:00+00:00,42.942,43.259,40.605,41.383,15220
2021-11-18 08:00:00+00:00,41.38,41.485,40.249,40.636,15446
2021-11-18 12:00:00+00:00,40.633,41.266,39.645,40.11,19784
2021-11-18 16:00:00+00:00,40.102,40.237,37.532,39.19,27366
2021-11-18 20:00:00+00:00,39.187,40.227,38.491,39.313,18919
2021-11-19 00:00:00+00:00,39.091,40.357,38.441,39.035,23265
2021-11-19 04:00:00+00:00,39.031,39.839,38.361,39.758,17789
2021-11-19 08:00:00+00:00,39.768,40.522,38.919,39.96,16261
2021-11-19 12:00:00+00:00,39.959,41.022,39.397,40.97,14853
2021-11-19 16:00:00+00:00,40.981,42.296,40.882,41.665,15842
2021-11-19 20:00:00+00:00,41.668,41.809,41.052,41.238,11272
2021-11-22 00:00:00+00:00,42.92,43.574,40.443,41.164,20001
2021-11-22 04:00:00+00:00,41.158,41.25,39.414,40.062,18172
2021-11-22 08:00:00+00:00,40.055,40.558,39.518,40.094,14753
2021-11-22 12:00:00+00:00,40.097,41.067,39.34,40.587,17904
2021-11-22 16:00:00+00:00,40.571,40.799,39.88,40.105,16924
2021-11-22 20:00:00+00:00,40.106,40.107,38.811,39.498,20024
2021-11-23 00:00:00+00:00,39.581,39.877,39.095,39.433,13512
2021-11-23 04:00:00+00:00,39.439,39.762,39.107,39.303,12677
2021-11-23 08:00:00+00:00,39.308,39.662,38.528,39.219,16452
2021-11-23 12:00:00+00:00,39.222,39.855,38.921,39.703,18343
2021-11-23 16:00:00+00:00,39.711,41.452,39.623,40.833,18138
2021-11-23 20:00:00+00:00,40.828,41.344,40.694,40.797,13615
2021-11-24 00:00:00+00:00,40.947,41.021,39.947,39.985,12129
2021-11-24 04:00:00+00:00,39.983,40.121,39.287,39.65,14343
2021-11-24 08:00:00+00:00,39.652,40.201,39.172,39.755,13322
2021-11-24 12:00:00+00:00,39.759,39.822,38.649,38.659,13958
2021-11-24 16:00:00+00:00,38.66,39.647,38.345,38.543,17515
2021-11-24 20:00:00+00:00,38.539,38.886,37.559,38.416,14576
2021-11-25 00:00:00+00:00,38.519,39.338,38.028,39.106,14659
2021-11-25 04:00:00+00:00,39.093,39.274,38.254,38.331,9919
2021-11-25 08:00:00+00:00,38.332,38.988,38.285,38.743,9723
2021-11-25 12:00:00+00:00,38.741,40.296,38.618,39.885,17651
2021-11-25 16:00:00+00:00,39.886,40.93,39.775,40.392,15808
2021-11-25 20:00:00+00:00,40.392,40.594,39.309,39.355,12853
2021-11-26 00:00:00+00:00,39.395,39.754,38.947,39.085,12031
2021-11-26 04:00:00+00:00,39.088,39.181,38.427,38.821,14415
2021-11-26 08:00:00+00:00,38.819,38.863,34.257,35.321,21367
2021-11-26 12:00:00+00:00,35.334,35.88,33.684,35.822,18771
2021-11-26 16:00:00+00:00,35.827,36.335,34.793,35.448,18801
2021-11-26 20:00:00+00:00,35.436,35.783,34.954,35.183,13881
2021-11-29 00:00:00+00:00,35.566,36.935,34.848,36.666,18188
2021-11-29 04:00:00+00:00,36.655,36.715,35.898,36.225,12580
2021-11-29 08:00:00+00:00,36.214,36.552,35.391,35.49,11582
2021-11-29 12:00:00+00:00,35.488,36.31,35.26,36.075,12190
2021-11-29 16:00:00+00:00,36.07,37.089,35.688,36.821,14143
2021-11-29 20:00:00+00:00,36.823,37.328,36.183,36.882,12580
2021-11-30 00:00:00+00:00,36.991,37.575,36.608,36.647,12917
2021-11-30 04:00:00+00:00,36.632,36.929,35.779,35.79,12679
2021-11-30 08:00:00+00:00,35.784,36.359,35.409,35.926,16736
2021-11-30 12:00:00+00:00,35.924,37.763,35.773,37.726,18811
2021-11-30 16:00:00+00:00,37.736,39.354,37.106,38.846,25711
2021-11-30 20:00:00+00:00,38.85,39.064,37.945,38.227,16727
2021-12-01 00:00:00+00:00,38.343,38.783,37.659,38.1,12477
2021-12-01 04:00:00+00:00,38.102,38.322,37.539,37.573,10612
2021-12-01 08:00:00+00:00,37.567,38.086,37.322,37.772,13953
2021-12-01 12:00:00+00:00,37.772,37.886,37.174,37.705,12824
2021-12-01 16:00:00+00:00,37.7,38.31,37.445,37.459,15009
2021-12-01 20:00:00+00:00,37.457,37.69,36.223,36.725,15943
2021-12-02 00:00:00+00:00,36.809,36.833,36.133,36.663,12562
2021-12-02 04:00:00+00:00,36.661,36.678,35.062,35.706,12576
2021-12-02 08:00:00+00:00,35.694,35.97,35.335,35.874,6683
2021-12-02 16:00:00+00:00,36.19,36.612,35.636,35.995,14557
2021-12-02 20:00:00+00:00,35.994,36.329,35.649,36.196,12975
2021-12-03 00:00:00+00:00,36.102,36.129,35.587,35.802,9953
2021-12-03 04:00:00+00:00,35.805,36.089,35.156,35.648,10940
2021-12-03 08:00:00+00:00,35.651,36.193,35.547,35.928,10093
2021-12-03 12:00:00+00:00,35.936,36.853,35.936,36.396,12960
2021-12-03 16:00:00+00:00,36.403,36.498,33.703,34.185,19306
2021-12-03 20:00:00+00:00,34.176,34.431,32.573,34.074,22029
2021-12-06 00:00:00+00:00,27.79,28.608,26.635,27.127,17917
2021-12-06 04:00:00+00:00,27.138,27.797,26.97,27.003,15422
2021-12-06 08:00:00+00:00,26.999,27.239,25.142,25.339,23452
2021-12-06 12:00:00+00:00,25.342,26.888,24.841,26.373,23028
2021-12-06 16:00:00+00:00,26.361,27.415,25.835,27.036,21678
2021-12-06 20:00:00+00:00,27.034,28.192,26.795,27.858,14151
2021-12-07 00:00:00+00:00,28.177,28.938,27.71,28.018,15967
2021-12-07 04:00:00+00:00,27.968,28.502,27.882,28.035,2178
2021-12-07 08:00:00+00:00,28.04,29.256,28.014,28.95,7208
2021-12-07 12:00:00+00:00,28.947,29.99,28.581,29.058,15519
2021-12-07 16:00:00+00:00,29.05,31.49,28.957,30.768,19695
2021-12-07 20:00:00+00:00,30.758,30.96,29.603,29.942,18453
2021-12-08 00:00:00+00:00,29.842,30.613,29.386,29.681,17443
2021-12-08 04:00:00+00:00,29.682,30.042,28.653,29.04,15190
2021-12-08 08:00:00+00:00,29.037,29.649,28.705,28.727,12152
2021-12-08 12:00:00+00:00,28.731,29.098,28.033,28.551,18347
2021-12-08 16:00:00+00:00,28.552,30.136,28.336,29.275,19268
2021-12-08 20:00:00+00:00,29.275,29.669,29.145,29.414,13970
2021-12-09 00:00:00+00:00,29.43,30.124,29.176,29.516,12400
2021-12-09 04:00:00+00:00,29.517,29.657,28.648,28.849,13292
2021-12-09 08:00:00+00:00,28.849,29.063,28.126,28.495,17987
2021-12-09 12:00:00+00:00,28.498,28.823,28.197,28.641,17041
2021-12-09 16:00:00+00:00,28.642,28.711,27.267,27.427,18360
2021-12-09 20:00:00+00:00,27.429,27.66,26.774,27.292,17985
2021-12-10 00:00:00+00:00,27.545,27.64,26.713,27.378,14756
2021-12-10 04:00:00+00:00,27.377,27.63,26.843,27.044,12053
2021-12-10 08:00:00+00:00,27.047,27.361,26.116,26.789,16577
2021-12-10 12:00:00+00:00,26.788,28.35,26.631,28.181,17515
2021-12-10 16:00:00+00:00,28.185,28.411,25.689,26.196,21478
2021-12-10 20:00:00+00:00,26.205,27.57,25.947,27.162,16072
2021-12-13 00:00:00+00:00,29.245,30.0,28.395,28.416,15166
2021-12-13 04:00:00+00:00,28.427,29.461,28.363,28.902,14837
2021-12-13 08:00:00+00:00,28.898,29.038,27.648,28.129,15000
2021-12-13 12:00:00+00:00,28.119,28.321,27.51,27.698,14923
2021-12-13 16:00:00+00:00,27.699,27.701999999999998,26.258,26.676,22712
2021-12-13 20:00:00+00:00,26.681,26.804,25.514,26.311,21663
2021-12-14 00:00:00+00:00,26.237,26.478,25.649,26.165,16509
2021-12-14 04:00:00+00:00,26.166,26.515,25.889,25.901,16183
2021-12-14 08:00:00+00:00,25.902,26.303,25.397,25.661,16344
2021-12-14 12:00:00+00:00,25.657,26.678,25.641,25.893,16697
2021-12-14 16:00:00+00:00,25.887,26.217,25.473,25.506,21151
2021-12-14 20:00:00+00:00,25.506,26.464,24.992,26.098,20371
2021-12-15 00:00:00+00:00,26.09,26.365,25.898,25.975,16485
2021-12-15 04:00:00+00:00,25.975,26.469,25.727,26.037,17523
2021-12-15 08:00:00+00:00,26.036,26.626,25.824,26.26,15342
2021-12-15 12:00:00+00:00,26.259,26.31,25.339,25.471,14683
2021-12-15 16:00:00+00:00,25.47,25.568,23.662,24.727,18448
2021-12-15 20:00:00+00:00,24.725,28.018,24.691,27.091,24151
2021-12-16 00:00:00+00:00,27.022,27.815,26.581,27.297,15483
2021-12-16 04:00:00+00:00,27.297,27.317,26.662,26.684,14586
2021-12-16 08:00:00+00:00,26.69,27.276,26.613,27.152,14590
2021-12-16 12:00:00+00:00,27.154,27.717,26.807,27.296,18422
2021-12-16 16:00:00+00:00,27.303,27.672,25.833,26.596,18381
2021-12-16 20:00:00+00:00,26.589,26.986,26.002,26.406,17881
2021-12-17 00:00:00+00:00,26.279,26.787,25.711,26.059,16438
2021-12-17 04:00:00+00:00,26.053,26.073,25.602,25.718,14476
2021-12-17 08:00:00+00:00,25.718,25.78,25.132,25.311,15064
2021-12-17 12:00:00+00:00,25.32,25.324,24.45,24.883,17507
2021-12-17 16:00:00+00:00,24.881,25.476,24.145,24.829,22960
2021-12-17 20:00:00+00:00,24.828,24.971,24.374,24.88,16008
2021-12-20 00:00:00+00:00,24.834,25.127,24.406,24.608,16191
2021-12-20 04:00:00+00:00,24.607,24.861,24.259,24.304,17517
2021-12-20 08:00:00+00:00,24.305,24.474,23.661,23.727,19396
2021-12-20 12:00:00+00:00,23.728,24.029,23.379,23.544,17657
2021-12-20 16:00:00+00:00,23.545,23.941,23.261,23.652,19538
2021-12-20 20:00:00+00:00,23.652,24.634,23.607,24.197,17603
2021-12-21 00:00:00+00:00,24.205,24.279,23.718,23.919,15024
2021-12-21 04:00:00+00:00,23.921,24.813,23.781,24.385,16479
2021-12-21 08:00:00+00:00,24.382,24.703,24.263,24.603,14348
2021-12-21 12:00:00+00:00,24.606,25.343,24.572,25.262,13331
2021-12-21 16:00:00+00:00,25.263,25.327,24.646,24.864,14707
2021-12-21 20:00:00+00:00,24.866,25.456,24.834,25.417,12387
2021-12-22 00:00:00+00:00,25.376,25.57,24.977,25.171,11867
2021-12-22 04:00:00+00:00,25.173,25.973,25.121,25.601,11934
2021-12-22 08:00:00+00:00,25.6,26.529,25.575,26.099,15194
2021-12-22 12:00:00+00:00,26.091,26.947,25.995,26.518,19585
2021-12-22 16:00:00+00:00,26.507,27.768,26.494,27.308,19660
2021-12-22 20:00:00+00:00,27.307,28.204,27.265,28.051,15943
2021-12-23 00:00:00+00:00,28.021,28.274,26.809,28.268,15841
2021-12-23 04:00:00+00:00,28.268,28.466,27.429,27.541,16880
2021-12-23 08:00:00+00:00,27.54,27.78,26.962,27.251,15580
2021-12-23 12:00:00+00:00,27.264,27.554,25.798000000000002,27.36,15973
2021-12-23 16:00:00+00:00,27.36,28.529,26.995,28.42,17957
2021-12-23 20:00:00+00:00,28.432,29.787,28.432,29.248,18931
2021-12-24 00:00:00+00:00,29.357,29.48,28.866,28.981,13243
2021-12-24 04:00:00+00:00,28.983,29.206,28.568,28.838,12429
2021-12-24 08:00:00+00:00,28.835,29.34,28.554,29.338,11345
2021-12-24 12:00:00+00:00,29.338,29.646,28.915,29.205,13240
2021-12-24 16:00:00+00:00,29.204,29.48,28.406,29.136,17063
2021-12-24 20:00:00+00:00,29.138,29.505,28.595,28.946,15646
2021-12-27 00:00:00+00:00,30.891,31.854,30.836,31.692,17042
2021-12-27 04:00:00+00:00,31.691,31.744,30.873,31.158,14643
2021-12-27 08:00:00+00:00,31.157,31.767,30.88,31.396,15031
2021-12-27 12:00:00+00:00,31.398,32.715,31.103,32.465,15241
2021-12-27 16:00:00+00:00,32.466,32.761,32.207,32.467,18357
2021-12-27 20:00:00+00:00,32.465,32.64,31.363,31.4,16581
2021-12-28 00:00:00+00:00,31.573,31.657,29.634,29.937,19656
2021-12-28 04:00:00+00:00,29.94,30.096,28.635,29.156,21141
2021-12-28 08:00:00+00:00,29.154,29.37,28.789,29.081,15763
2021-12-28 12:00:00+00:00,29.074,29.88,28.088,29.0,16035
2021-12-28 16:00:00+00:00,29.0,29.569,28.056,28.639,21589
2021-12-28 20:00:00+00:00,28.634,28.642,27.441,27.914,20309
2021-12-29 00:00:00+00:00,28.034,28.312,27.713,28.148,15893
2021-12-29 04:00:00+00:00,28.143,28.935,27.999,28.175,14692
2021-12-29 08:00:00+00:00,28.171,28.406,27.735,28.28,15872
2021-12-29 12:00:00+00:00,28.28,28.438,26.977,27.775,18954
2021-12-29 16:00:00+00:00,27.777,28.826999999999998,27.685,28.121,18700
2021-12-29 20:00:00+00:00,28.122,28.481,27.383,27.463,17869
2021-12-30 00:00:00+00:00,27.356,27.814,26.158,26.63,19952
2021-12-30 04:00:00+00:00,26.621,26.877,26.331,26.858,14863
2021-12-30 08:00:00+00:00,26.859,27.538,26.772,27.15,14688
2021-12-30 12:00:00+00:00,27.151,28.147,27.09,27.691,15572
2021-12-30 16:00:00+00:00,27.69,28.163,27.451,28.123,16910
2021-12-30 20:00:00+00:00,28.121,28.389,27.269,27.74,14940
2021-12-31 00:00:00+00:00,27.831,27.845,27.068,27.353,15832
2021-12-31 04:00:00+00:00,27.352,27.356,26.389,26.915,15663
2021-12-31 08:00:00+00:00,26.914,28.106,26.567,27.785,16665
2021-12-31 12:00:00+00:00,27.787,27.964,27.519,27.713,14153
2021-12-31 16:00:00+00:00,27.714,27.962,26.758,27.024,16148
2021-12-31 20:00:00+00:00,27.024,27.024,26.214,26.719,18755
2022-01-03 00:00:00+00:00,29.725,30.279,29.621,29.802,13299
2022-01-03 04:00:00+00:00,29.8,29.8,28.704,29.042,14013
2022-01-03 08:00:00+00:00,29.043,29.269,28.606,29.266,11585
2022-01-03 12:00:00+00:00,29.265,30.433,29.199,30.397,16014
2022-01-03 16:00:00+00:00,30.397,30.862,29.144,29.672,20726
2022-01-03 20:00:00+00:00,29.673000000000002,30.302,29.271,29.888,17555
2022-01-04 00:00:00+00:00,29.887,30.639,29.693,29.826,17803
2022-01-04 04:00:00+00:00,29.834,30.141,29.531,29.977,16047
2022-01-04 08:00:00+00:00,29.968,30.034,29.29,29.375,15044
2022-01-04 12:00:00+00:00,29.378,30.05,28.788,29.492,14501
2022-01-04 16:00:00+00:00,29.491,30.275,29.023,29.766,14595
2022-01-04 20:00:00+00:00,29.769,29.998,28.71,29.365,16972
2022-01-05 00:00:00+00:00,29.279,29.309,28.372,28.876,14195
2022-01-05 04:00:00+00:00,28.875,29.555,28.866,29.418,13050
2022-01-05 08:00:00+00:00,29.421,30.053,29.374,30.036,13660
2022-01-05 12:00:00+00:00,30.041,30.352,29.502,30.188,16444
2022-01-05 16:00:00+00:00,30.187,30.274,29.016,29.038,15045
2022-01-05 20:00:00+00:00,29.045,29.376,26.44,26.589,22733
2022-01-06 00:00:00+00:00,26.52,27.032,25.039,26.418,22490
2022-01-06 04:00:00+00:00,26.418,26.518,25.477,26.096,20810
2022-01-06 08:00:00+00:00,26.102,26.411,25.582,25.693,17550
2022-01-06 12:00:00+00:00,25.688,26.306,25.558,26.276,17290
2022-01-06 16:00:00+00:00,26.279,26.539,25.862,26.435,16828
2022-01-06 20:00:00+00:00,26.436,27.32,26.406,26.804,15091
2022-01-07 00:00:00+00:00,26.86,26.911,26.157,26.289,14269
2022-01-07 04:00:00+00:00,26.292,26.378,24.216,25.176,21727
2022-01-07 08:00:00+00:00,25.177,25.984,24.405,25.669,19389
2022-01-07 12:00:00+00:00,25.666,25.888,24.683,25.006,18590
2022-01-07 16:00:00+00:00,25.008,25.999,24.446,25.821,24038
2022-01-07 20:00:00+00:00,25.808,25.836,25.14,25.329,17472
2022-01-10 00:00:00+00:00,24.947,25.017,24.321,24.502,15012
2022-01-10 04:00:00+00:00,24.501,25.198,24.326,24.981,14747
2022-01-10 08:00:00+00:00,24.977,25.059,24.602,24.734,14114
2022-01-10 12:00:00+00:00,24.737,24.9,23.48,23.501,20105
2022-01-10 16:00:00+00:00,23.494,23.993,22.434,23.118,26541
2022-01-10 20:00:00+00:00,23.119,23.719,23.067,23.612,21199
2022-01-11 00:00:00+00:00,23.677,23.916,23.421,23.892,15276
2022-01-11 04:00:00+00:00,23.894,24.361,23.779,23.961,15272
2022-01-11 08:00:00+00:00,23.964,24.473,23.936,24.023,15188
2022-01-11 12:00:00+00:00,24.026,24.48,23.69,24.309,16037
2022-01-11 16:00:00+00:00,24.309,25.99,23.814,25.693,23148
2022-01-11 20:00:00+00:00,25.692,25.903,25.435,25.494,15239
2022-01-12 00:00:00+00:00,25.519,25.877,25.383,25.774,13329
2022-01-12 04:00:00+00:00,25.773,25.87,25.527,25.72,12540
2022-01-12 08:00:00+00:00,25.723,26.372,25.539,26.15,14497
2022-01-12 12:00:00+00:00,26.149,27.215,25.831,27.184,16634
2022-01-12 16:00:00+00:00,27.188,27.484,26.811,27.204,17460
2022-01-12 20:00:00+00:00,27.205,27.564,26.79,27.343,14504
2022-01-13 00:00:00+00:00,27.292,27.673000000000002,26.648,26.765,13329
2022-01-13 04:00:00+00:00,26.767,27.034,26.45,26.727,13257
2022-01-13 08:00:00+00:00,26.731,27.11,26.726,27.023,12171
2022-01-13 12:00:00+00:00,27.03,27.146,26.552,27.012,12673
2022-01-13 16:00:00+00:00,27.012,27.495,25.877,26.249,18720
2022-01-13 20:00:00+00:00,26.25,26.343,25.795,26.192,15453
2022-01-14 00:00:00+00:00,26.208,26.99,25.527,26.963,14247
2022-01-14 04:00:00+00:00,26.951999999999998,27.692,26.624,27.315,16944
2022-01-14 08:00:00+00:00,27.318,27.409,26.425,26.782,15476
2022-01-14 12:00:00+00:00,26.786,26.832,26.054,26.705,15923
2022-01-14 16:00:00+00:00,26.7,27.454,26.629,26.922,17093
2022-01-14 20:00:00+00:00,26.924,27.265,26.769,27.263,14318
2022-01-17 00:00:00+00:00,27.602,27.795,26.954,27.056,12739
2022-01-17 04:00:00+00:00,27.054,27.057,26.236,26.624,14432
2022-01-17 08:00:00+00:00,26.626,26.911,26.476,26.776,12051
2022-01-17 12:00:00+00:00,26.777,26.854,26.236,26.465,12661
2022-01-17 16:00:00+00:00,26.464,26.567,25.545,25.721,14712
2022-01-17 20:00:00+00:00,25.724,25.926,25.133,25.331,12138
2022-01-18 00:00:00+00:00,25.271,26.048,25.095,25.757,12585
2022-01-18 04:00:00+00:00,25.763,25.864,25.093,25.202,11236
2022-01-18 08:00:00+00:00,25.206,25.528,24.45,24.823,13414
2022-01-18 12:00:00+00:00,24.822,25.006,24.452,24.759,13659
2022-01-18 16:00:00+00:00,24.758,24.815,24.227,24.551,16155
2022-01-18 20:00:00+00:00,24.551,25.36,24.453,25.191,14070
2022-01-19 00:00:00+00:00,25.112,25.3,24.956,25.2,11853
2022-01-19 04:00:00+00:00,25.194,25.245,24.309,24.359,13195
2022-01-19 08:00:00+00:00,24.36,24.44,23.663,24.061,14617
2022-01-19 12:00:00+00:00,24.063,24.545,23.809,24.261,12767
2022-01-19 16:00:00+00:00,24.26,24.785,23.917,24.369,15394
2022-01-19 20:00:00+00:00,24.374,24.474,24.005,24.128,11999
2022-01-20 00:00:00+00:00,24.018,24.351,23.939,24.223,10149
2022-01-20 04:00:00+00:00,24.221,24.639,24.221,24.608,10328
2022-01-20 08:00:00+00:00,24.61,24.728,24.277,24.555,10604
2022-01-20 12:00:00+00:00,24.557,24.907,24.347,24.813,10883
2022-01-20 16:00:00+00:00,24.812,25.592,24.777,25.156,13461
2022-01-20 20:00:00+00:00,25.155,25.208,23.507,23.514,13467
2022-01-21 00:00:00+00:00,23.636,23.749,22.33,22.409,17072
2022-01-21 04:00:00+00:00,22.409,23.167,21.865,22.324,18592
2022-01-21 08:00:00+00:00,22.325,22.662,22.034,22.472,13818
2022-01-21 12:00:00+00:00,22.465,22.594,21.063,21.739,16361
2022-01-21 16:00:00+00:00,21.738,22.229,21.298,21.878,19099
2022-01-21 20:00:00+00:00,21.876,22.071,19.358,19.929,20418
2022-01-24 00:00:00+00:00,17.937,19.041,17.915,17.976,15515
2022-01-24 04:00:00+00:00,17.971,18.015,17.321,17.554,13401
2022-01-24 08:00:00+00:00,17.545,17.724,16.658,16.816,16160
2022-01-24 12:00:00+00:00,16.816,16.864,15.823,16.038,20148
2022-01-24 16:00:00+00:00,16.025,17.46,15.824,17.316,21630
2022-01-24 20:00:00+00:00,17.313,18.352,17.162,18.009,20270
2022-01-25 00:00:00+00:00,18.112,18.175,17.627,17.768,14382
2022-01-25 04:00:00+00:00,17.77,18.072,17.492,17.624,13482
2022-01-25 08:00:00+00:00,17.628,18.261,17.348,18.143,14435
2022-01-25 12:00:00+00:00,18.145,18.353,17.763,18.004,14741
2022-01-25 16:00:00+00:00,18.004,18.974,17.914,18.841,20562
2022-01-25 20:00:00+00:00,18.845,19.035,18.297,18.358,16370
2022-01-26 00:00:00+00:00,18.413,18.591,18.157,18.486,12463
2022-01-26 04:00:00+00:00,18.495,19.006,18.469,18.858,12118
2022-01-26 08:00:00+00:00,18.857,18.935,18.424,18.748,11265
2022-01-26 12:00:00+00:00,18.74,19.29,18.588,19.219,12951
2022-01-26 16:00:00+00:00,19.218,19.473,18.773,18.813,15853
2022-01-26 20:00:00+00:00,18.814,20.042,17.541,17.572,23263
2022-01-27 00:00:00+00:00,17.685,18.265,17.369,17.425,15622
2022-01-27 04:00:00+00:00,17.423,17.615,17.124,17.465,15888
2022-01-27 08:00:00+00:00,17.463,17.832,17.33,17.802,12785
2022-01-27 12:00:00+00:00,17.801,18.19,17.72,18.1,11607
2022-01-27 16:00:00+00:00,18.1,18.394,17.824,17.98,14900
2022-01-27 20:00:00+00:00,17.976,18.252,17.236,17.735,16461
2022-01-28 00:00:00+00:00,17.674,18.277,17.5,17.935,15408
2022-01-28 04:00:00+00:00,17.936,18.464,17.685,18.264,12926
2022-01-28 08:00:00+00:00,18.267,18.428,17.634,17.748,13827
2022-01-28 12:00:00+00:00,17.748,17.865,17.33,17.823,15206
2022-01-28 16:00:00+00:00,17.82,18.257,17.526,17.903,15571
2022-01-28 20:00:00+00:00,17.903,18.427,17.705,18.32,13099
2022-01-31 00:00:00+00:00,17.974,18.35,17.514,17.717,12632
2022-01-31 04:00:00+00:00,17.717,17.717,17.114,17.384,10916
2022-01-31 08:00:00+00:00,17.383,17.665,17.295,17.641,8147
2022-01-31 12:00:00+00:00,17.641,17.797,17.45,17.761,10940
2022-01-31 16:00:00+00:00,17.762,18.953,17.7,18.85,16258
2022-01-31 20:00:00+00:00,18.849,19.571,18.719,19.42,13650
2022-02-01 00:00:00+00:00,19.44,19.589,19.153,19.194,8821
2022-02-01 04:00:00+00:00,19.193,19.854,19.164,19.371,9433
2022-02-01 08:00:00+00:00,19.363,19.774,19.231,19.346,10292
2022-02-01 12:00:00+00:00,19.348,19.772,19.152,19.616,12800
2022-02-01 16:00:00+00:00,19.617,19.989,19.266,19.798000000000002,16129
2022-02-01 20:00:00+00:00,19.797,19.909,19.547,19.691,10345
2022-02-02 00:00:00+00:00,19.788,20.226,19.445,19.977,9149
2022-02-02 04:00:00+00:00,19.973,20.57,19.885,20.111,8748
2022-02-02 08:00:00+00:00,20.11,20.356,19.925,20.339,8133
2022-02-02 12:00:00+00:00,20.344,20.542,20.193,20.257,8141
2022-02-02 16:00:00+00:00,20.256,20.359,18.812,19.326,16183
2022-02-02 20:00:00+00:00,19.331,19.593,18.518,18.832,13247
2022-02-03 00:00:00+00:00,18.824,18.987,18.273,18.446,12005
2022-02-03 04:00:00+00:00,18.444,18.522,18.278,18.459,9135
2022-02-03 08:00:00+00:00,18.461,18.701999999999998,18.162,18.207,7600
2022-02-03 12:00:00+00:00,18.217,18.487,17.957,18.309,12994
2022-02-03 16:00:00+00:00,18.309,18.709,18.202,18.524,13068
2022-02-03 20:00:00+00:00,18.523,18.829,18.152,18.713,11578
2022-02-04 00:00:00+00:00,18.62,18.931,18.581,18.816,8906
2022-02-04 04:00:00+00:00,18.815,19.184,18.711,19.084,8082
2022-02-04 08:00:00+00:00,19.092,19.42,19.084,19.375,9554
2022-02-04 12:00:00+00:00,19.374,19.543,18.895,18.992,9974
2022-02-04 16:00:00+00:00,19.002,20.322,18.933,20.122,16759
2022-02-04 20:00:00+00:00,20.122,20.275,19.963,20.076,8282
2022-02-07 00:00:00+00:00,21.161,22.026,21.106,21.658,12316
2022-02-07 04:00:00+00:00,21.656,22.341,21.654,22.212,10971
2022-02-07 08:00:00+00:00,22.212,22.461,21.828,22.02,10461
2022-02-07 12:00:00+00:00,22.021,22.515,21.63,22.086,9545
2022-02-07 16:00:00+00:00,22.088,22.679,21.97,22.493,15148
2022-02-07 20:00:00+00:00,22.492,22.572,19.891,22.34,12126
2022-02-08 00:00:00+00:00,22.363,22.84,21.873,22.84,10068
2022-02-08 04:00:00+00:00,22.838,22.891,22.389,22.865,11017
2022-02-08 08:00:00+00:00,22.866,23.176,21.336,21.627,14746
2022-02-08 12:00:00+00:00,21.622,21.832,21.215,21.479,11787
2022-02-08 16:00:00+00:00,21.479,21.645,21.064,21.228,15514
2022-02-08 20:00:00+00:00,21.229,21.715,21.069,21.589,13115
2022-02-09 00:00:00+00:00,21.535,21.856,21.483,21.501,9344
2022-02-09 04:00:00+00:00,21.5,21.567,21.026,21.373,10565
2022-02-09 08:00:00+00:00,21.364,21.635,21.338,21.458,10456
2022-02-09 12:00:00+00:00,21.459,22.19,21.435,21.869,11854
2022-02-09 16:00:00+00:00,21.87,22.129,21.763,21.973,11740
2022-02-09 20:00:00+00:00,21.973,22.237,21.892,22.07,9695
2022-02-10 00:00:00+00:00,22.042,22.092,21.701,21.775,7318
2022-02-10 04:00:00+00:00,21.774,22.018,21.448,21.641,7930
2022-02-10 08:00:00+00:00,21.649,21.94,21.575,21.924,7380
2022-02-10 12:00:00+00:00,21.917,22.442,20.936,21.005,12310
2022-02-10 16:00:00+00:00,21.006,22.066,20.567,21.695,17713
2022-02-10 20:00:00+00:00,21.693,21.721,20.688,20.804,12314
2022-02-11 00:00:00+00:00,20.793,21.039,20.017,20.469,12116
2022-02-11 04:00:00+00:00,20.47,20.512,20.079,20.165,9061
2022-02-11 08:00:00+00:00,20.161,20.669,20.149,20.559,10089
2022-02-11 12:00:00+00:00,20.557,20.656,20.338,20.633,9896
2022-02-11 16:00:00+00:00,20.636,20.714,20.126,20.175,13653
2022-02-11 20:00:00+00:00,20.172,20.293,18.985,19.029,16483
2022-02-14 00:00:00+00:00,18.708,18.878,18.239,18.251,11695
2022-02-14 04:00:00+00:00,18.249,18.288,18.004,18.045,9312
2022-02-14 08:00:00+00:00,18.053,18.481,18.015,18.271,10166
2022-02-14 12:00:00+00:00,18.273,18.81,18.075,18.624,10777
2022-02-14 16:00:00+00:00,18.626,18.92,18.56,18.681,11991
2022-02-14 20:00:00+00:00,18.683,18.771,18.313,18.546,10284
2022-02-15 00:00:00+00:00,18.563,19.303,18.561,19.226,8391
2022-02-15 04:00:00+00:00,19.227,19.302,19.096,19.172,7233
2022-02-15 08:00:00+00:00,19.171,19.725,19.152,19.724,9074
2022-02-15 12:00:00+00:00,19.729,19.865,19.639,19.811,9753
2022-02-15 16:00:00+00:00,19.812,20.145,19.657,19.717,10783
2022-02-15 20:00:00+00:00,19.718,19.901,19.565,19.762,8102
2022-02-16 00:00:00+00:00,19.741,20.33,19.739,19.815,8295
2022-02-16 04:00:00+00:00,19.816,19.901,19.144,19.642,5916
2022-02-16 08:00:00+00:00,19.642,19.975,19.631,19.681,6444
2022-02-16 12:00:00+00:00,19.683,19.828,19.054,19.252,8494
2022-02-16 16:00:00+00:00,19.251,19.306,19.041,19.224,9701
2022-02-16 20:00:00+00:00,19.225,20.179,19.151,19.823,11356
2022-02-17 00:00:00+00:00,19.847,20.092,19.72,19.848,7377
2022-02-17 04:00:00+00:00,19.847,19.87,19.129,19.403,8306
2022-02-17 08:00:00+00:00,19.398,19.584,18.972,19.182,9068
2022-02-17 12:00:00+00:00,19.182,19.303,18.642,18.744,10209
2022-02-17 16:00:00+00:00,18.736,18.87,18.381,18.475,13619
2022-02-17 20:00:00+00:00,18.475,18.549,17.796,18.19,15454
2022-02-18 00:00:00+00:00,18.169,18.344,17.959,18.305,10441
2022-02-18 04:00:00+00:00,18.307,18.488,18.232,18.334,7044
2022-02-18 08:00:00+00:00,18.335,18.58,18.295,18.525,7057
2022-02-18 12:00:00+00:00,18.526,18.526,18.032,18.269,10281
2022-02-18 16:00:00+00:00,18.269,18.363,17.601,17.829,18341
2022-02-18 20:00:00+00:00,17.828,18.017,17.673000000000002,17.809,11751
2022-02-21 00:00:00+00:00,16.785,17.503,16.784,17.408,12115
2022-02-21 04:00:00+00:00,17.41,17.565,17.242,17.445,8272
2022-02-21 08:00:00+00:00,17.443,17.723,17.364,17.391,8357
2022-02-21 12:00:00+00:00,17.391,17.447,16.298,16.506,15035
2022-02-21 16:00:00+00:00,16.507,17.547,16.448,16.765,14154
2022-02-21 20:00:00+00:00,16.767,16.912,16.119,16.269,12946
2022-02-22 00:00:00+00:00,16.213,16.455,16.001,16.308,16083
2022-02-22 04:00:00+00:00,16.306,16.315,15.775,15.964,12612
2022-02-22 08:00:00+00:00,15.963,16.225,15.818,16.136,9632
2022-02-22 12:00:00+00:00,16.143,16.516,16.065,16.458,9983
2022-02-22 16:00:00+00:00,16.456,16.707,16.052,16.108,13322
2022-02-22 20:00:00+00:00,16.109,16.432,16.021,16.276,11642
2022-02-23 00:00:00+00:00,16.302,16.696,16.135,16.299,8735
2022-02-23 04:00:00+00:00,16.297,16.618,16.077,16.534,8654
2022-02-23 08:00:00+00:00,16.533,17.176,16.428,17.162,10684
2022-02-23 12:00:00+00:00,17.165,17.497,17.08,17.204,9817
2022-02-23 16:00:00+00:00,17.202,17.351,16.725,16.809,11967
2022-02-23 20:00:00+00:00,16.808,16.874,16.035,16.154,11667
2022-02-24 00:00:00+00:00,16.165,16.275,15.811,16.098,11391
2022-02-24 04:00:00+00:00,16.099,16.159,14.168,14.349,18222
2022-02-24 08:00:00+00:00,14.364,14.783,14.085,14.19,16068
2022-02-24 12:00:00+00:00,14.189,14.973,14.028,14.884,14821
2022-02-24 16:00:00+00:00,14.884,15.600999999999999,14.707,15.252,17759
2022-02-24 20:00:00+00:00,15.251,16.685,15.243,16.111,16544
2022-02-25 00:00:00+00:00,16.057,16.324,15.664,16.158,10913
2022-02-25 04:00:00+00:00,16.157,16.267,15.822,15.981,9336
2022-02-25 08:00:00+00:00,15.983,16.225,15.777,16.06,10204
2022-02-25 12:00:00+00:00,16.059,16.722,15.826,16.575,11680
2022-02-25 16:00:00+00:00,16.58,16.626,16.17,16.349,12406
2022-02-25 20:00:00+00:00,16.347,16.644,16.155,16.531,10267
2022-02-28 00:00:00+00:00,17.388,17.675,17.131,17.492,11962
2022-02-28 04:00:00+00:00,17.494,17.562,16.983,17.033,10012
2022-02-28 08:00:00+00:00,17.034,17.259,16.614,16.811,11590
2022-02-28 12:00:00+00:00,16.812,17.077,16.725,16.768,11249
2022-02-28 16:00:00+00:00,16.768,18.067,16.768,17.773,16881
2022-02-28 20:00:00+00:00,17.781,18.181,17.554,18.067,12968
2022-03-01 00:00:00+00:00,18.067,19.287,18.064,18.8,16179
2022-03-01 04:00:00+00:00,18.795,18.878,18.438,18.556,11712
2022-03-01 08:00:00+00:00,18.556,18.988,18.309,18.668,13401
2022-03-01 12:00:00+00:00,18.666,19.559,18.35,19.357,17284
2022-03-01 16:00:00+00:00,19.348,19.467,18.452,18.737,18307
2022-03-01 20:00:00+00:00,18.738,18.955,18.578,18.768,14224
2022-03-02 00:00:00+00:00,18.712,18.983,18.372,18.665,13260
2022-03-02 04:00:00+00:00,18.658,19.243,18.512,19.031,13143
2022-03-02 08:00:00+00:00,19.028,19.068,18.549,18.833,13682
2022-03-02 12:00:00+00:00,18.837,19.149,18.335,18.493,14136
2022-03-02 16:00:00+00:00,18.496,19.112,18.474,18.52,16631
2022-03-02 20:00:00+00:00,18.521,18.687,18.357,18.67,11888
2022-03-03 00:00:00+00:00,18.761,18.811,18.238,18.316,11156
2022-03-03 04:00:00+00:00,18.317,18.347,18.033,18.183,11577
2022-03-03 08:00:00+00:00,18.182,18.416,18.024,18.145,10682
2022-03-03 12:00:00+00:00,18.144,18.581,18.071,18.576999999999998,11046
2022-03-03 16:00:00+00:00,18.576,18.616,17.767,18.082,15064
2022-03-03 20:00:00+00:00,18.081,18.18,17.751,17.866,12079
2022-03-04 00:00:00+00:00,17.98,18.086,17.091,17.422,13421
2022-03-04 04:00:00+00:00,17.424,17.425,17.124,17.253,10139
2022-03-04 08:00:00+00:00,17.253,17.432,16.956,17.228,11094
2022-03-04 12:00:00+00:00,17.229,17.528,17.197,17.222,11031
2022-03-04 16:00:00+00:00,17.22,17.249,16.934,17.16,14468
2022-03-04 20:00:00+00:00,17.163,17.232,16.587,16.736,13567
2022-03-07 00:00:00+00:00,17.54,17.542,16.481,16.497,12951
2022-03-07 04:00:00+00:00,16.492,16.595,16.213,16.464,10909
2022-03-07 08:00:00+00:00,16.466,16.624,16.138,16.307,10257
2022-03-07 12:00:00+00:00,16.307,16.989,16.257,16.913,10685
2022-03-07 16:00:00+00:00,16.913,17.111,16.676,16.741,13914
2022-03-07 20:00:00+00:00,16.74,16.74,15.982,16.193,15258
2022-03-08 00:00:00+00:00,16.261,16.594,16.25,16.464,10805
2022-03-08 04:00:00+00:00,16.469,16.82,16.408,16.538,9267
2022-03-08 08:00:00+00:00,16.539,16.862,16.329,16.851,11305
2022-03-08 12:00:00+00:00,16.85,16.946,16.612,16.777,11450
2022-03-08 16:00:00+00:00,16.777,17.095,16.617,17.045,16735
2022-03-08 20:00:00+00:00,17.043,17.248,16.75,16.812,13200
2022-03-09 00:00:00+00:00,16.852,17.44,16.785,17.422,7807
2022-03-09 04:00:00+00:00,17.422,17.808,17.229,17.613,11650
2022-03-09 08:00:00+00:00,17.612,17.962,17.543,17.855,9179
2022-03-09 12:00:00+00:00,17.854,17.954,17.627,17.69,9320
2022-03-09 16:00:00+00:00,17.692,18.061,17.661,17.885,11434
2022-03-09 20:00:00+00:00,17.886,17.886,17.533,17.658,9981
2022-03-10 00:00:00+00:00,17.667,17.955,17.459,17.49,8965
2022-03-10 04:00:00+00:00,17.491,17.554,16.668,16.798000000000002,12764
2022-03-10 08:00:00+00:00,16.806,17.081,16.67,17.0,9428
2022-03-10 12:00:00+00:00,17.0,17.233,16.663,16.809,10756
2022-03-10 16:00:00+00:00,16.808,17.133,16.716,17.032,12819
2022-03-10 20:00:00+00:00,17.033,17.148,16.975,16.975,8749
2022-03-11 00:00:00+00:00,16.859,17.081,16.751,16.833,8827
2022-03-11 04:00:00+00:00,16.835,17.309,16.671,17.293,9989
2022-03-11 08:00:00+00:00,17.29,17.838,17.29,17.745,10150
2022-03-11 12:00:00+00:00,17.743,18.469,17.647,18.039,14588
2022-03-11 16:00:00+00:00,18.041,18.368,17.44,17.599,17480
2022-03-11 20:00:00+00:00,17.6,18.007,16.918,17.84,12865
2022-03-14 00:00:00+00:00,17.791,17.913,16.977,17.16,11565
2022-03-14 04:00:00+00:00,17.161,17.675,17.115,17.502,10046
2022-03-14 08:00:00+00:00,17.503,17.828,17.457,17.746,9251
2022-03-14 12:00:00+00:00,17.745,17.819,17.379,17.503,8688
2022-03-14 16:00:00+00:00,17.502,17.64,17.362,17.425,11121
2022-03-14 20:00:00+00:00,17.425,17.431,17.138,17.222,9653
2022-03-15 00:00:00+00:00,17.228,17.776,17.208,17.692,9421
2022-03-15 04:00:00+00:00,17.692,17.709,17.34,17.387,8368
2022-03-15 08:00:00+00:00,17.386,17.423,17.049,17.068,8820
2022-03-15 12:00:00+00:00,17.067,17.367,17.033,17.346,7814
2022-03-15 16:00:00+00:00,17.347,17.663,17.116,17.624,11645
2022-03-15 20:00:00+00:00,17.626,17.997,17.617,17.809,10469
2022-03-16 00:00:00+00:00,17.792,18.131,17.717,18.085,8193
2022-03-16 04:00:00+00:00,18.084,18.644,17.834,17.917,13828
2022-03-16 08:00:00+00:00,17.925,18.446,17.909,18.346,10109
2022-03-16 12:00:00+00:00,18.346,18.452,18.062,18.124,9306
2022-03-16 16:00:00+00:00,18.119,18.398,18.0,18.069,11210
2022-03-16 20:00:00+00:00,18.069,19.19,17.68,19.11,16545
2022-03-17 00:00:00+00:00,19.143,19.143,18.839,18.91,8258
2022-03-17 04:00:00+00:00,18.91,19.32,18.726,19.261,8378
2022-03-17 08:00:00+00:00,19.253,19.283,18.847,19.025,8215
2022-03-17 12:00:00+00:00,19.023,19.029,18.71,18.878,9205
2022-03-17 16:00:00+00:00,18.878,19.102,18.725,18.748,10802
2022-03-17 20:00:00+00:00,18.748,18.893,18.611,18.678,7957
2022-03-18 00:00:00+00:00,18.683,18.829,18.421,18.444,6268
2022-03-18 04:00:00+00:00,18.443,18.603,18.352,18.506,6995
2022-03-18 08:00:00+00:00,18.507,18.648,18.4,18.533,6607
2022-03-18 12:00:00+00:00,18.534,18.585,18.3,18.317,7751
2022-03-18 16:00:00+00:00,18.314,18.854,18.111,18.847,12183
2022-03-18 20:00:00+00:00,18.849,19.19,18.802,18.923000000000002,9455
2022-03-21 00:00:00+00:00,18.531,18.844,18.531,18.83,7973
2022-03-21 04:00:00+00:00,18.832,18.903,18.39,18.645,9646
2022-03-21 08:00:00+00:00,18.646,19.011,18.633,18.875,8111
2022-03-21 12:00:00+00:00,18.874,19.044,18.589,18.771,9586
2022-03-21 16:00:00+00:00,18.772,19.039,18.635,18.661,13606
2022-03-21 20:00:00+00:00,18.66,18.853,18.581,18.718,9923
2022-03-22 00:00:00+00:00,18.686,18.867,18.647,18.791,7015
2022-03-22 04:00:00+00:00,18.789,19.927,18.716,19.876,13168
2022-03-22 08:00:00+00:00,19.879,19.928,19.565,19.849,11140
2022-03-22 12:00:00+00:00,19.849,20.195,19.747,19.989,10708
2022-03-22 16:00:00+00:00,19.989,20.165,19.79,19.852,10624
2022-03-22 20:00:00+00:00,19.845,20.03,19.766,19.913,7900
2022-03-23 00:00:00+00:00,19.977,20.456,19.935,20.153,10143
2022-03-23 04:00:00+00:00,20.151,20.713,19.791,20.143,12587
2022-03-23 08:00:00+00:00,20.144,20.475,19.96,20.266,9733
2022-03-23 12:00:00+00:00,20.267,20.477,20.078,20.466,8049
2022-03-23 16:00:00+00:00,20.46,20.964,20.309,20.848,13743
2022-03-23 20:00:00+00:00,20.847,21.114,20.367,20.948,11320
2022-03-24 00:00:00+00:00,20.902,21.205,20.677,20.971,10402
2022-03-24 04:00:00+00:00,20.971,21.088,20.694,20.914,9974
2022-03-24 08:00:00+00:00,20.915,21.144,20.715,20.82,9537
2022-03-24 12:00:00+00:00,20.818,20.882,20.344,20.456,9757
2022-03-24 16:00:00+00:00,20.457,21.469,20.26,21.235,14566
2022-03-24 20:00:00+00:00,21.303,21.383,20.944,21.219,9062
2022-03-25 00:00:00+00:00,21.158,21.367,20.955,21.112,8247
2022-03-25 04:00:00+00:00,21.113,21.357,20.953,21.188,9943
2022-03-25 08:00:00+00:00,21.192,21.197,20.537,20.839,9528
2022-03-25 12:00:00+00:00,20.841,21.158,20.725,21.126,11080
2022-03-25 16:00:00+00:00,21.127,21.157,20.367,20.378,13435
2022-03-25 20:00:00+00:00,20.377,20.745,20.17,20.742,10840
2022-03-28 00:00:00+00:00,21.656,22.728,21.545,22.5,13112
2022-03-28 04:00:00+00:00,22.501,22.957,22.336,22.83,9853
2022-03-28 08:00:00+00:00,22.831,22.967,22.564,22.914,10053
2022-03-28 12:00:00+00:00,22.912,23.313,22.784,23.064,10733
2022-03-28 16:00:00+00:00,23.064,23.274,22.549,22.671,13869
2022-03-28 20:00:00+00:00,22.671,22.954,22.617,22.802,10437
2022-03-29 00:00:00+00:00,22.83,22.846,21.771,22.214,13146
2022-03-29 04:00:00+00:00,22.213,22.506,22.072,22.461,9807
2022-03-29 08:00:00+00:00,22.462,22.748,22.357,22.562,9523
2022-03-29 12:00:00+00:00,22.563,22.94,22.342,22.715,10877
2022-03-29 16:00:00+00:00,22.728,22.898,21.754,22.296,14870
2022-03-29 20:00:00+00:00,22.296,22.617,21.953,22.218,12591
2022-03-30 00:00:00+00:00,22.317,22.51,21.858,22.308,11874
2022-03-30 04:00:00+00:00,22.307,22.311,21.619,22.13,12012
2022-03-30 08:00:00+00:00,22.131,22.474,22.014,22.307,10641
2022-03-30 12:00:00+00:00,22.306,22.454,22.076,22.158,11531
2022-03-30 16:00:00+00:00,22.16,22.531,21.667,22.397,15768
2022-03-30 20:00:00+00:00,22.397,22.98,22.09,22.515,16765
2022-03-31 00:00:00+00:00,22.47,22.754,22.292,22.542,11495
2022-03-31 04:00:00+00:00,22.541,22.906,22.505,22.613,10707
2022-03-31 08:00:00+00:00,22.613,22.995,22.533,22.889,9788
2022-03-31 12:00:00+00:00,22.889,23.027,22.57,22.791,11135
2022-03-31 16:00:00+00:00,22.792,22.919,21.098,21.258,20520
2022-03-31 20:00:00+00:00,21.257,21.613,21.219,21.45,15196
2022-04-01 00:00:00+00:00,21.439,21.624,21.073,21.543,11787
2022-04-01 04:00:00+00:00,21.538,21.547,20.59,20.996,16245
2022-04-01 08:00:00+00:00,20.997,21.487,20.954,21.334,9507
2022-04-01 12:00:00+00:00,21.333,21.364,20.595,21.024,12707
2022-04-01 16:00:00+00:00,21.02,22.04,21.02,21.735,17392
2022-04-01 20:00:00+00:00,21.729,22.081,21.684,21.846,13680
2022-04-04 00:00:00+00:00,23.13,23.545,22.71,22.747,14906
2022-04-04 04:00:00+00:00,22.747,23.011,22.693,22.719,13504
2022-04-04 08:00:00+00:00,22.718,22.964,22.634,22.751,13821
2022-04-04 12:00:00+00:00,22.752,22.755,22.253,22.478,16456
2022-04-04 16:00:00+00:00,22.477,22.692,21.764,22.048,21000
2022-04-04 20:00:00+00:00,22.048,22.542,21.588,22.469,19008
2022-04-05 00:00:00+00:00,22.558,23.086,22.395,22.927,12650
2022-04-05 04:00:00+00:00,22.924,23.046,22.752,22.905,9710
2022-04-05 08:00:00+00:00,22.904,23.028,22.703,22.87,8696
2022-04-05 12:00:00+00:00,22.872,23.092,22.536,22.901,10979
2022-04-05 16:00:00+00:00,22.902,22.928,21.909,22.31,17584
2022-04-05 20:00:00+00:00,22.308,22.366,22.016,22.059,13672
2022-04-06 00:00:00+00:00,22.074,22.252,20.839,21.222,14929
2022-04-06 04:00:00+00:00,21.218,21.575,21.194,21.575,12269
2022-04-06 08:00:00+00:00,21.575,21.732,21.407,21.505,10744
2022-04-06 12:00:00+00:00,21.505,21.537,20.805,20.889,15399
2022-04-06 16:00:00+00:00,20.888,21.113,19.776,19.962,21754
2022-04-06 20:00:00+00:00,19.958,20.415,19.69,20.31,18953
2022-04-07 00:00:00+00:00,20.273,20.378,19.446,19.563,15586
2022-04-07 04:00:00+00:00,19.564,20.114,19.542,20.032,15317
2022-04-07 08:00:00+00:00,20.031,20.358,19.859,20.262,10354
2022-04-07 12:00:00+00:00,20.265,20.492,20.001,20.253,12240
2022-04-07 16:00:00+00:00,20.254,20.36,19.694,20.211,16275
2022-04-07 20:00:00+00:00,20.212,20.475,20.177,20.428,10382
2022-04-08 00:00:00+00:00,20.366,20.63,20.182,20.27,9483
2022-04-08 04:00:00+00:00,20.269,20.555,20.259,20.462,9364
2022-04-08 08:00:00+00:00,20.463,20.518,20.185,20.377,9956
2022-04-08 12:00:00+00:00,20.376,20.399,19.826999999999998,19.896,10710
2022-04-08 16:00:00+00:00,19.895,20.354,19.704,20.035,14535
2022-04-08 20:00:00+00:00,20.036,20.059,19.693,19.863,13385
2022-04-11 00:00:00+00:00,20.094,20.112,18.926,19.186,12328
2022-04-11 04:00:00+00:00,19.185,19.268,18.722,18.982,9247
2022-04-11 08:00:00+00:00,18.982,19.03,18.409,18.537,7021
2022-04-11 12:00:00+00:00,18.536,18.563,17.694,17.938,14228
2022-04-11 16:00:00+00:00,17.937,17.958,17.531,17.783,13614
2022-04-11 20:00:00+00:00,17.785,17.89,17.14,17.249,12456
2022-04-12 00:00:00+00:00,17.319,17.476,16.977,17.303,12039
2022-04-12 04:00:00+00:00,17.305,17.533,17.151,17.532,8765
2022-04-12 08:00:00+00:00,17.531,17.831,17.502,17.753,9248
2022-04-12 12:00:00+00:00,17.753,17.99,17.511,17.985,10113
2022-04-12 16:00:00+00:00,17.985,18.011,17.551,17.739,11542
2022-04-12 20:00:00+00:00,17.735,17.79,17.142,17.354,10844
2022-04-13 00:00:00+00:00,17.398,17.846,17.332,17.659,8140
2022-04-13 04:00:00+00:00,17.659,17.902,17.55,17.844,7280
2022-04-13 08:00:00+00:00,17.844,17.977,17.728,17.875,6783
2022-04-13 12:00:00+00:00,17.88,17.885,17.418,17.42,8205
2022-04-13 16:00:00+00:00,17.421,18.255,17.355,18.074,14052
2022-04-13 20:00:00+00:00,18.076,18.263,17.992,18.164,7723
2022-04-14 00:00:00+00:00,18.167,18.276,18.099,18.236,5371
2022-04-14 04:00:00+00:00,18.238,18.464,18.232,18.302,6333
2022-04-14 08:00:00+00:00,18.299,18.355,18.1,18.235,5697
2022-04-14 12:00:00+00:00,18.234,18.257,17.967,18.227,8135
2022-04-14 16:00:00+00:00,18.23,18.386,17.497,17.601,13600
2022-04-14 20:00:00+00:00,17.599,17.762,17.448,17.713,8442
2022-04-15 00:00:00+00:00,17.715,18.072,17.7,17.821,5037
2022-04-15 04:00:00+00:00,17.821,18.263,17.767,18.117,5576
2022-04-15 08:00:00+00:00,18.118,18.225,17.948,18.063,6388
2022-04-15 12:00:00+00:00,18.063,18.314,18.051,18.073,5478
2022-04-15 16:00:00+00:00,18.074,18.396,17.895,18.182,8706
2022-04-15 20:00:00+00:00,18.181,18.269,18.06,18.235,5465
2022-04-18 00:00:00+00:00,18.218,18.295,17.636,17.77,10588
2022-04-18 04:00:00+00:00,17.771,17.955,17.153,17.225,9161
2022-04-18 08:00:00+00:00,17.225,17.368,17.082,17.15,8639
2022-04-18 12:00:00+00:00,17.15,17.713,17.102,17.654,8554
2022-04-18 16:00:00+00:00,17.655,17.739,17.375,17.675,12027
2022-04-18 20:00:00+00:00,17.675,18.338,17.666,18.135,11834
2022-04-19 00:00:00+00:00,18.181,18.324,18.103,18.143,6953
2022-04-19 04:00:00+00:00,18.142,18.264,18.053,18.261,5587
2022-04-19 08:00:00+00:00,18.261,18.265,18.058,18.098,5190
2022-04-19 12:00:00+00:00,18.098,18.461,18.021,18.445,7768
2022-04-19 16:00:00+00:00,18.445,18.771,18.351,18.584,11612
2022-04-19 20:00:00+00:00,18.585,18.866,18.516,18.772,8215
2022-04-20 00:00:00+00:00,18.813,18.931,18.552,18.673000000000002,6223
2022-04-20 04:00:00+00:00,18.673000000000002,18.796,18.527,18.574,5853
2022-04-20 08:00:00+00:00,18.575,19.271,18.526,19.116,7797
2022-04-20 12:00:00+00:00,19.118,19.377,19.071,19.287,12500
2022-04-20 16:00:00+00:00,19.288,19.513,18.791,19.0,17270
2022-04-20 20:00:00+00:00,18.998,19.055,18.626,19.008,10407
2022-04-21 00:00:00+00:00,18.981,19.377,18.976,19.188,7611
2022-04-21 04:00:00+00:00,19.187,19.427,19.113,19.256,7156
2022-04-21 08:00:00+00:00,19.255,19.359,18.963,19.284,9179
2022-04-21 12:00:00+00:00,19.287,19.504,19.084,19.413,11928
2022-04-21 16:00:00+00:00,19.414,19.651,18.986,18.99,12827
2022-04-21 20:00:00+00:00,18.989,19.113,18.385,18.501,13804
2022-04-22 00:00:00+00:00,18.513,18.599,18.018,18.235,10367
2022-04-22 04:00:00+00:00,18.234,18.365,18.2,18.334,6429
2022-04-22 08:00:00+00:00,18.334,18.506,18.138,18.313,8188
2022-04-22 12:00:00+00:00,18.313,18.424,18.099,18.308,7928
2022-04-22 16:00:00+00:00,18.307,18.468,18.047,18.268,14455
2022-04-22 20:00:00+00:00,18.263,18.412,18.152,18.351,8949
2022-04-23 04:00:00+00:00,18.181,18.304,17.948,18.23,2944
2022-04-23 08:00:00+00:00,18.227,18.651,18.185,18.573,5616
2022-04-23 12:00:00+00:00,18.574,18.772,18.504,18.626,6538
2022-04-23 16:00:00+00:00,18.627,18.716,18.606,18.714,1627
2022-04-24 00:00:00+00:00,18.936,19.068,18.629,18.833,6366
2022-04-24 04:00:00+00:00,18.83,19.133,18.739,18.971,7232
2022-04-24 08:00:00+00:00,18.972,19.013,18.783,18.785,5312
2022-04-24 12:00:00+00:00,18.785,18.838,18.526,18.575,6346
2022-04-24 16:00:00+00:00,18.574,18.635,18.052,18.247,11322
2022-04-24 20:00:00+00:00,18.248,18.407,18.043,18.195,8554
2022-04-25 00:00:00+00:00,18.194,18.436,17.579,17.693,8997
2022-04-25 04:00:00+00:00,17.694,17.871,17.533,17.803,8805
2022-04-25 08:00:00+00:00,17.804,17.821,17.109,17.167,11476
2022-04-25 12:00:00+00:00,17.166,17.6,17.097,17.48,10530
2022-04-25 16:00:00+00:00,17.479,17.842,17.33,17.724,14542
2022-04-25 20:00:00+00:00,17.724,18.064,17.581,17.928,11163
2022-04-26 00:00:00+00:00,17.923000000000002,18.294,17.922,18.2,6570
2022-04-26 04:00:00+00:00,18.201,18.221,17.901,17.99,5713
2022-04-26 08:00:00+00:00,17.992,18.098,17.769,17.867,6607
2022-04-26 12:00:00+00:00,17.868,17.962,17.645,17.71,6759
2022-04-26 16:00:00+00:00,17.709,17.769,16.916,17.097,15583
2022-04-26 20:00:00+00:00,17.099,17.106,16.573,16.725,13610
2022-04-27 00:00:00+00:00,16.709,16.963,16.389,16.607,8769
2022-04-27 04:00:00+00:00,16.602,16.986,16.589,16.975,7720
2022-04-27 08:00:00+00:00,16.976,17.25,16.889,16.994,9118
2022-04-27 12:00:00+00:00,16.995,17.145,16.75,16.859,10320
2022-04-27 16:00:00+00:00,16.86,17.217,16.64,16.94,16589
2022-04-27 20:00:00+00:00,16.942,16.988,16.706,16.876,12606
2022-04-28 00:00:00+00:00,16.894,17.05,16.788,17.025,5963
2022-04-28 04:00:00+00:00,17.024,17.136,16.79,16.955,6949
2022-04-28 08:00:00+00:00,16.956,17.291,16.802,17.156,6871
2022-04-28 12:00:00+00:00,17.155,17.386,16.914,16.937,8212
2022-04-28 16:00:00+00:00,16.936,17.301,16.727,17.036,16551
2022-04-28 20:00:00+00:00,17.042,17.252,16.916,17.076,11561
2022-04-29 00:00:00+00:00,17.086,17.124,16.848,16.972,6199
2022-04-29 04:00:00+00:00,16.976,17.033,16.694,16.843,7219
2022-04-29 08:00:00+00:00,16.842,16.95,16.349,16.643,6461
2022-04-29 12:00:00+00:00,16.642,16.675,16.196,16.449,11095
2022-04-29 16:00:00+00:00,16.443,16.634,16.26,16.321,12011
2022-04-29 20:00:00+00:00,16.323,16.437,15.98,16.07,12327
2022-04-30 00:00:00+00:00,16.036,16.423,15.972,16.326,4722
2022-04-30 04:00:00+00:00,16.327,16.362,16.172,16.26,5245
2022-04-30 08:00:00+00:00,16.261,16.354,16.07,16.078,5256
2022-04-30 12:00:00+00:00,16.075,16.161,15.993,16.037,4729
2022-04-30 16:00:00+00:00,16.036,16.107,15.863,15.896,1719
2022-05-01 00:00:00+00:00,15.496,15.507,14.126,14.659,15224
2022-05-01 04:00:00+00:00,14.659,14.946,14.487,14.791,11790
2022-05-01 08:00:00+00:00,14.793,15.065,14.787,15.047,10324
2022-05-01 12:00:00+00:00,15.047,15.072,14.826,14.931000000000001,7606
2022-05-01 16:00:00+00:00,14.933,15.491,14.865,15.398,9380
2022-05-01 20:00:00+00:00,15.398,15.497,14.853,15.214,9391
2022-05-02 00:00:00+00:00,15.27,15.573,15.0,15.473,10329
2022-05-02 04:00:00+00:00,15.473,15.564,15.233,15.458,8408
2022-05-02 08:00:00+00:00,15.457,15.556000000000001,15.106,15.156,8024
2022-05-02 12:00:00+00:00,15.157,15.286,14.683,14.758,9409
2022-05-02 16:00:00+00:00,14.757,15.077,14.64,14.805,15174
2022-05-02 20:00:00+00:00,14.805,14.941,14.537,14.798,11837
2022-05-03 00:00:00+00:00,14.77,15.249,14.745,14.909,6594
2022-05-03 04:00:00+00:00,14.909,15.205,14.862,15.118,6690
2022-05-03 08:00:00+00:00,15.119,15.179,14.985,15.111,6798
2022-05-03 12:00:00+00:00,15.109,15.169,14.837,15.0,7495
2022-05-03 16:00:00+00:00,15.001,15.066,14.827,14.875,11379
2022-05-03 20:00:00+00:00,14.875,14.918,14.484,14.588,11149
2022-05-04 00:00:00+00:00,14.66,14.9,14.586,14.878,6265
2022-05-04 04:00:00+00:00,14.878,15.142,14.813,15.006,5822
2022-05-04 08:00:00+00:00,15.007,15.425,14.894,15.288,8354
2022-05-04 12:00:00+00:00,15.289,15.475999999999999,15.191,15.234,8984
2022-05-04 16:00:00+00:00,15.233,15.350999999999999,14.943,15.248,12005
2022-05-04 20:00:00+00:00,15.248,16.147,15.011,16.122,16999
2022-05-05 00:00:00+00:00,16.176,16.42,16.075,16.265,6819
2022-05-05 04:00:00+00:00,16.266,16.362,16.229,16.275,4831
2022-05-05 08:00:00+00:00,16.276,16.348,16.001,16.012,6255
2022-05-05 12:00:00+00:00,16.011,16.092,15.733,15.975999999999999,4692
2022-05-05 16:00:00+00:00,15.978,15.989,14.188,14.45,17093
2022-05-05 20:00:00+00:00,14.451,14.568999999999999,14.021,14.545,17524
2022-05-06 00:00:00+00:00,14.557,14.629,14.245,14.395,7470
2022-05-06 04:00:00+00:00,14.395,14.61,14.27,14.525,7280
2022-05-06 08:00:00+00:00,14.525,14.634,14.099,14.345,10174
2022-05-06 12:00:00+00:00,14.346,14.54,13.993,14.226,9540
2022-05-06 16:00:00+00:00,14.225,14.5,13.786,14.327,11742
2022-05-06 20:00:00+00:00,14.333,14.344,14.103,14.308,6616
2022-05-07 00:00:00+00:00,14.2,14.396,14.18,14.247,2856
2022-05-07 04:00:00+00:00,14.247,14.347,13.891,13.912,4060
2022-05-07 08:00:00+00:00,13.914,14.308,13.875,14.228,4343
2022-05-07 12:00:00+00:00,14.235,14.285,14.094,14.196,3917
2022-05-07 16:00:00+00:00,14.199,14.228,14.056,14.106,1144
2022-05-08 00:00:00+00:00,14.083,14.083,13.353,13.565,7378
2022-05-08 04:00:00+00:00,13.57,13.634,13.249,13.515,7903
2022-05-08 08:00:00+00:00,13.515,13.697,13.228,13.342,4542
2022-05-08 12:00:00+00:00,13.34,13.611,13.316,13.43,5433
2022-05-08 16:00:00+00:00,13.43,13.554,13.205,13.392,7096
2022-05-08 20:00:00+00:00,13.392,13.506,13.007,13.346,7431
2022-05-09 00:00:00+00:00,13.395,13.509,13.128,13.397,4878
2022-05-09 04:00:00+00:00,13.397,13.432,12.823,12.975999999999999,7079
2022-05-09 08:00:00+00:00,12.977,13.036,12.369,12.586,8000
2022-05-09 12:00:00+00:00,12.587,12.627,11.767,11.899000000000001,10139
2022-05-09 16:00:00+00:00,11.9,12.119,10.962,11.175,12916
2022-05-09 20:00:00+00:00,11.17,11.544,10.723,11.302,15624
2022-05-10 00:00:00+00:00,11.22,11.409,10.292,11.02,13525
2022-05-10 04:00:00+00:00,11.026,11.431,10.869,11.345,12749
2022-05-10 08:00:00+00:00,11.339,12.421,11.334,11.725999999999999,11740
2022-05-10 12:00:00+00:00,11.727,12.319,11.523,12.24,9845
2022-05-10 16:00:00+00:00,12.244,12.288,11.274000000000001,11.611,14536
2022-05-10 20:00:00+00:00,11.609,12.078,11.241,11.256,10555
2022-05-11 00:00:00+00:00,11.28,11.621,10.759,11.429,13883
2022-05-11 04:00:00+00:00,11.429,11.533,10.983,11.057,11078
2022-05-11 08:00:00+00:00,11.058,11.386,10.198,11.028,14904
2022-05-11 12:00:00+00:00,11.026,11.262,8.039,8.407,14826
2022-05-11 16:00:00+00:00,8.41,10.526,8.356,9.158,19605
2022-05-11 20:00:00+00:00,9.155,9.347,8.179,8.186,15057
2022-05-12 00:00:00+00:00,8.652,9.463,8.122,9.278,16849
2022-05-12 04:00:00+00:00,9.28,9.449,7.889,7.9879999999999995,16159
2022-05-12 08:00:00+00:00,7.993,8.134,6.9190000000000005,7.819,20957
2022-05-12 12:00:00+00:00,7.82,8.572,7.6850000000000005,8.297,17486
2022-05-12 16:00:00+00:00,8.298,9.223,7.873,9.149,20050
2022-05-12 20:00:00+00:00,9.154,9.189,8.516,8.567,14057
2022-05-13 00:00:00+00:00,8.461,9.068,8.162,9.022,12283
2022-05-13 04:00:00+00:00,9.025,9.783,8.867,9.673,14076
2022-05-13 08:00:00+00:00,9.673,10.297,9.579,10.242,16858
2022-05-13 12:00:00+00:00,10.242,11.358,10.231,11.265,15930
2022-05-13 16:00:00+00:00,11.268,11.735,10.617,10.743,18220
2022-05-13 20:00:00+00:00,10.745,11.181,10.526,10.756,16158
2022-05-14 00:00:00+00:00,11.057,11.074,10.185,10.532,9943
2022-05-14 04:00:00+00:00,10.532,11.016,10.136,10.236,12878
2022-05-14 08:00:00+00:00,10.23,10.659,10.148,10.544,11638
2022-05-14 12:00:00+00:00,10.541,10.902,9.837,10.171,14254
2022-05-14 16:00:00+00:00,10.172,10.273,9.973,10.114,4495
2022-05-15 00:00:00+00:00,10.928,11.52,10.841,11.164,11427
2022-05-15 04:00:00+00:00,11.164,11.185,10.73,10.977,8983
2022-05-15 08:00:00+00:00,10.975999999999999,11.255,10.82,10.907,9397
2022-05-15 12:00:00+00:00,10.906,11.239,10.841,11.008,9982
2022-05-15 16:00:00+00:00,11.008,11.133,10.541,11.034,10285
2022-05-15 20:00:00+00:00,11.031,11.597,10.911,11.545,10100
2022-05-16 00:00:00+00:00,11.619,11.817,11.37,11.43,9017
2022-05-16 04:00:00+00:00,11.429,11.488,11.032,11.178,8389
2022-05-16 08:00:00+00:00,11.178,11.426,10.59,10.859,10317
2022-05-16 12:00:00+00:00,10.854,11.119,10.605,10.884,10926
2022-05-16 16:00:00+00:00,10.882,11.03,10.339,10.389,12320
2022-05-16 20:00:00+00:00,10.388,10.779,10.371,10.643,8556
2022-05-17 00:00:00+00:00,10.697,10.947,10.504,10.849,8114
2022-05-17 04:00:00+00:00,10.848,11.083,10.647,11.039,7209
2022-05-17 08:00:00+00:00,11.038,11.213,10.957,11.08,6759
2022-05-17 12:00:00+00:00,11.08,11.242,10.82,11.108,6932
2022-05-17 16:00:00+00:00,11.107,11.3,10.572,10.799,9726
2022-05-17 20:00:00+00:00,10.8,10.912,10.398,10.759,9642
2022-05-18 00:00:00+00:00,10.808,11.142,10.791,11.017,6001
2022-05-18 04:00:00+00:00,11.02,11.02,10.433,10.478,7316
2022-05-18 08:00:00+00:00,10.473,10.587,10.28,10.361,6255
2022-05-18 12:00:00+00:00,10.362,10.459,10.089,10.13,6643
2022-05-18 16:00:00+00:00,10.128,10.189,9.647,10.017,11191
2022-05-18 20:00:00+00:00,10.02,10.108,9.79,9.89,8459
2022-05-19 00:00:00+00:00,9.881,9.908,9.399000000000001,9.501,7119
2022-05-19 04:00:00+00:00,9.5,9.758,9.19,9.547,7624
2022-05-19 08:00:00+00:00,9.546,9.847,9.489,9.491,5857
2022-05-19 12:00:00+00:00,9.491,10.053,9.369,9.788,8252
2022-05-19 16:00:00+00:00,9.789,10.371,9.677,10.098,10521
2022-05-19 20:00:00+00:00,10.099,10.199,9.908,10.031,7300
2022-05-20 00:00:00+00:00,9.991,10.091,9.787,9.962,5485
2022-05-20 04:00:00+00:00,9.96,10.22,9.861,9.96,6573
2022-05-20 08:00:00+00:00,9.96,10.079,9.614,9.983,6768
2022-05-20 12:00:00+00:00,9.984,10.156,9.883,9.977,6420
2022-05-20 16:00:00+00:00,9.977,10.066,9.431,9.5,10564
2022-05-20 20:00:00+00:00,9.5,9.781,9.411,9.641,7459
2022-05-21 00:00:00+00:00,9.672,9.764,9.551,9.603,4088
2022-05-21 04:00:00+00:00,9.608,9.744,9.434,9.704,5743
2022-05-21 08:00:00+00:00,9.709,9.843,9.631,9.772,5067
2022-05-21 12:00:00+00:00,9.772,9.83,9.64,9.7,4655
2022-05-21 16:00:00+00:00,9.701,9.774000000000001,9.663,9.74,1049
2022-05-22 00:00:00+00:00,9.902,10.03,9.808,9.991,3542
2022-05-22 04:00:00+00:00,9.991,10.068,9.837,9.998,3900
2022-05-22 08:00:00+00:00,9.999,10.111,9.956,10.089,3780
2022-05-22 12:00:00+00:00,10.09,10.297,10.031,10.191,5787
2022-05-22 16:00:00+00:00,10.193,10.201,9.937,10.054,5002
2022-05-22 20:00:00+00:00,10.054,10.123,9.903,9.971,4401
2022-05-23 00:00:00+00:00,9.974,10.263,9.961,10.17,5091
2022-05-23 04:00:00+00:00,10.171,10.172,9.95,10.063,4200
2022-05-23 08:00:00+00:00,10.064,10.403,10.063,10.245,5359
2022-05-23 12:00:00+00:00,10.245,10.484,10.202,10.311,5439
2022-05-23 16:00:00+00:00,10.309,10.7,10.23,10.53,9178
2022-05-23 20:00:00+00:00,10.531,10.537,10.022,10.34,8434
2022-05-24 00:00:00+00:00,10.282,10.451,9.772,9.884,6478
2022-05-24 04:00:00+00:00,9.884,10.024,9.862,9.951,4128
2022-05-24 08:00:00+00:00,9.953,10.001,9.74,9.75,4323
2022-05-24 12:00:00+00:00,9.758,9.9,9.652,9.79,5426
2022-05-24 16:00:00+00:00,9.785,10.048,9.532,9.943999999999999,8804
2022-05-24 20:00:00+00:00,9.943,10.116,9.861,10.074,6644
2022-05-25 00:00:00+00:00,10.093,10.235,10.051,10.083,4079
2022-05-25 04:00:00+00:00,10.082,10.3,9.984,10.17,4910
2022-05-25 08:00:00+00:00,10.169,10.211,9.839,9.979,5093
2022-05-25 12:00:00+00:00,9.98,10.103,9.89,9.986,5835
2022-05-25 16:00:00+00:00,9.986,10.109,9.785,9.857,7914
2022-05-25 20:00:00+00:00,9.856,10.002,9.744,9.943999999999999,6745
2022-05-26 00:00:00+00:00,9.984,10.024,9.799,9.912,4008
2022-05-26 04:00:00+00:00,9.914,9.925,9.753,9.792,4174
2022-05-26 08:00:00+00:00,9.793,9.845,9.096,9.254,7067
2022-05-26 12:00:00+00:00,9.253,9.43,9.059,9.201,6629
2022-05-26 16:00:00+00:00,9.201,9.519,8.809,9.374,9993
2022-05-26 20:00:00+00:00,9.375,9.415,9.094,9.194,6326
2022-05-27 00:00:00+00:00,9.214,9.384,8.932,8.951,6133
2022-05-27 04:00:00+00:00,8.956,9.065,8.666,8.78,8261
2022-05-27 08:00:00+00:00,8.78,8.975,8.536,8.827,8080
2022-05-27 12:00:00+00:00,8.834,9.956,8.824,9.679,9674
2022-05-27 16:00:00+00:00,9.677,9.97,9.397,9.469,9294
2022-05-27 20:00:00+00:00,9.47,9.523,8.995,9.198,8699
2022-05-28 00:00:00+00:00,9.235,9.318,9.012,9.259,3852
2022-05-28 04:00:00+00:00,9.259,9.312,8.924,9.235,5356
2022-05-28 08:00:00+00:00,9.235,9.397,9.076,9.215,4679
2022-05-28 12:00:00+00:00,9.221,9.458,9.203,9.426,4369
2022-05-28 16:00:00+00:00,9.426,9.565,9.406,9.493,1361
2022-05-29 00:00:00+00:00,9.616,9.767,9.537,9.565,3890
2022-05-29 04:00:00+00:00,9.56,9.572,9.304,9.356,4987
2022-05-29 08:00:00+00:00,9.357,9.565,9.326,9.46,3584
2022-05-29 12:00:00+00:00,9.462,9.933,9.374,9.922,4662
2022-05-29 16:00:00+00:00,9.923,9.984,9.761,9.854,4821
2022-05-29 20:00:00+00:00,9.855,9.876,9.775,9.862,3622
2022-05-30 00:00:00+00:00,9.856,9.994,9.736,9.922,4125
2022-05-30 04:00:00+00:00,9.921,10.387,9.913,10.165,6009
2022-05-30 08:00:00+00:00,10.163,10.635,10.162,10.348,5038
2022-05-30 12:00:00+00:00,10.349,10.365,9.994,10.157,5059
2022-05-30 16:00:00+00:00,10.157,10.373,10.113,10.275,5425
2022-05-30 20:00:00+00:00,10.278,10.489,10.147,10.475999999999999,4864
2022-05-31 00:00:00+00:00,10.497,10.752,10.284,10.35,6468
2022-05-31 04:00:00+00:00,10.349,10.615,10.284,10.475999999999999,5005
2022-05-31 08:00:00+00:00,10.478,10.545,10.201,10.347,5892
2022-05-31 12:00:00+00:00,10.347,10.461,10.153,10.221,5706
2022-05-31 16:00:00+00:00,10.221,10.465,9.93,10.34,8770
2022-05-31 20:00:00+00:00,10.337,10.448,10.143,10.305,6160
2022-06-01 00:00:00+00:00,10.308,10.542,10.189,10.294,4993
2022-06-01 04:00:00+00:00,10.293,10.307,10.009,10.234,5341
2022-06-01 08:00:00+00:00,10.233,10.464,10.144,10.225,5157
2022-06-01 12:00:00+00:00,10.226,10.543,10.215,10.474,5565
2022-06-01 16:00:00+00:00,10.477,10.71,9.815,9.835,9136
2022-06-01 20:00:00+00:00,9.834,9.850999999999999,9.231,9.437,7456
2022-06-02 00:00:00+00:00,9.409,9.503,9.267,9.364,4554
2022-06-02 04:00:00+00:00,9.363,9.547,9.323,9.396,4660
2022-06-02 08:00:00+00:00,9.398,9.514,9.344,9.486,3671
2022-06-02 12:00:00+00:00,9.488,9.645,9.426,9.548,4294
2022-06-02 16:00:00+00:00,9.554,9.666,9.348,9.609,7171
2022-06-02 20:00:00+00:00,9.608,9.934,9.544,9.812,5590
2022-06-03 00:00:00+00:00,9.808,10.019,9.745,9.765,3856
2022-06-03 04:00:00+00:00,9.764,9.87,9.704,9.752,3512
2022-06-03 08:00:00+00:00,9.753,9.883,9.702,9.718,3553
2022-06-03 12:00:00+00:00,9.717,9.736,9.185,9.223,7259
2022-06-03 16:00:00+00:00,9.225,9.362,9.175,9.354,6640
2022-06-03 20:00:00+00:00,9.353,9.414,9.264,9.374,4231
2022-06-04 00:00:00+00:00,9.467,9.468,9.283,9.346,2345
2022-06-04 04:00:00+00:00,9.346,9.375,9.113,9.284,4471
2022-06-04 08:00:00+00:00,9.286,9.427,9.255,9.368,3097
2022-06-04 12:00:00+00:00,9.373,9.415,9.175,9.205,3515
2022-06-04 16:00:00+00:00,9.205,9.337,9.195,9.317,908
2022-06-05 00:00:00+00:00,9.415,9.526,9.332,9.359,3442
2022-06-05 04:00:00+00:00,9.359,9.365,9.241,9.308,3140
2022-06-05 08:00:00+00:00,9.309,9.376,9.278,9.308,2601
2022-06-05 12:00:00+00:00,9.307,9.355,9.224,9.332,3308
2022-06-05 16:00:00+00:00,9.335,9.504,9.245,9.376,4071
2022-06-05 20:00:00+00:00,9.376,9.523,9.346,9.415,3615
2022-06-06 00:00:00+00:00,9.392,9.547,9.285,9.498,4187
2022-06-06 04:00:00+00:00,9.499,9.835,9.488,9.712,5780
2022-06-06 08:00:00+00:00,9.713,9.903,9.656,9.882,4707
2022-06-06 12:00:00+00:00,9.882,9.903,9.734,9.742,4294
2022-06-06 16:00:00+00:00,9.742,9.835,9.484,9.525,6948
2022-06-06 20:00:00+00:00,9.524000000000001,9.558,9.371,9.434,5072
2022-06-07 00:00:00+00:00,9.447,9.536,9.011,9.043,4822
2022-06-07 04:00:00+00:00,9.039,9.1,8.79,9.087,6076
2022-06-07 08:00:00+00:00,9.087,9.137,8.997,9.106,3785
2022-06-07 12:00:00+00:00,9.106,9.114,8.908,8.985,4412
2022-06-07 16:00:00+00:00,8.986,9.203,8.966,9.076,5761
2022-06-07 20:00:00+00:00,9.076,9.463,9.064,9.31,5646
2022-06-08 00:00:00+00:00,9.311,9.366,8.966,9.224,5360
2022-06-08 04:00:00+00:00,9.224,9.366,8.948,9.009,5818
2022-06-08 08:00:00+00:00,9.007,9.18,8.999,9.108,3985
2022-06-08 12:00:00+00:00,9.113,9.158,8.957,8.996,4314
2022-06-08 16:00:00+00:00,8.997,9.214,8.979,9.036,6001
2022-06-08 20:00:00+00:00,9.037,9.078,8.874,9.007,4402
2022-06-09 00:00:00+00:00,9.046,9.087,8.885,8.957,3100
2022-06-09 04:00:00+00:00,8.963,9.087,8.923,9.059,3153
2022-06-09 08:00:00+00:00,9.06,9.274000000000001,9.047,9.255,3802
2022-06-09 12:00:00+00:00,9.256,9.350999999999999,9.048,9.135,4481
2022-06-09 16:00:00+00:00,9.134,9.423,9.085,9.383,5425
2022-06-09 20:00:00+00:00,9.384,9.436,9.124,9.275,4795
2022-06-10 00:00:00+00:00,9.275,9.287,8.988,9.097,3898
2022-06-10 04:00:00+00:00,9.102,9.337,9.063,9.246,3985
2022-06-10 08:00:00+00:00,9.246,9.343,9.114,9.124,3901
2022-06-10 12:00:00+00:00,9.123,9.167,8.736,8.842,5075
2022-06-10 16:00:00+00:00,8.837,8.896,8.554,8.673,6970
2022-06-10 20:00:00+00:00,8.673,8.827,8.595,8.754,4931
2022-06-11 00:00:00+00:00,8.763,8.764,8.493,8.724,2356
2022-06-11 04:00:00+00:00,8.724,8.769,8.646,8.756,2423
2022-06-11 08:00:00+00:00,8.756,8.818999999999999,8.532,8.532,2818
2022-06-11 12:00:00+00:00,8.532,8.685,8.112,8.125,6105
2022-06-11 16:00:00+00:00,8.124,8.296,8.094,8.255,1694
2022-06-12 00:00:00+00:00,8.044,8.193,7.921,8.036,3428
2022-06-12 04:00:00+00:00,8.037,8.046,7.533,7.555,7079
2022-06-12 08:00:00+00:00,7.554,7.696,7.473,7.657,4269
2022-06-12 16:00:00+00:00,7.643,8.074,7.434,7.8149999999999995,7240
2022-06-12 20:00:00+00:00,7.8149999999999995,7.914,7.663,7.693,5213
2022-06-13 00:00:00+00:00,7.682,7.756,7.144,7.165,6592
2022-06-13 04:00:00+00:00,7.174,7.298,6.878,7.054,9641
2022-06-13 08:00:00+00:00,7.052,7.125,6.466,6.474,9462
2022-06-13 12:00:00+00:00,6.468,6.792,6.329,6.642,10625
2022-06-13 16:00:00+00:00,6.642,7.175,6.559,6.987,11810
2022-06-13 20:00:00+00:00,6.986,7.185,6.812,7.069,8115
2022-06-14 00:00:00+00:00,7.142,7.15,6.747,6.895,8201
2022-06-14 04:00:00+00:00,6.894,7.3,6.651,7.064,11005
2022-06-14 08:00:00+00:00,7.064,7.518,7.061,7.429,8690
2022-06-14 12:00:00+00:00,7.429,7.45,7.053,7.22,7472
2022-06-14 16:00:00+00:00,7.221,7.481,7.21,7.325,8924
2022-06-14 20:00:00+00:00,7.325,7.424,7.096,7.155,5869
2022-06-15 00:00:00+00:00,7.184,7.475,7.031,7.375,5762
2022-06-15 04:00:00+00:00,7.375,7.665,7.134,7.263,6911
2022-06-15 08:00:00+00:00,7.263,7.283,6.832,6.861,9226
2022-06-15 12:00:00+00:00,6.861,7.307,6.808,7.13,10882
2022-06-15 16:00:00+00:00,7.129,7.377,6.993,7.029,9361
2022-06-15 20:00:00+00:00,7.03,8.186,6.843,7.995,13815
2022-06-16 00:00:00+00:00,7.987,8.756,7.977,8.283,8108
2022-06-16 04:00:00+00:00,8.283,8.466,8.041,8.053,5994
2022-06-16 08:00:00+00:00,8.055,8.143,7.755,7.873,6629
2022-06-16 12:00:00+00:00,7.872,7.872,7.395,7.434,8021
2022-06-16 16:00:00+00:00,7.429,7.525,7.201,7.471,10227
2022-06-16 20:00:00+00:00,7.4719999999999995,7.5,7.118,7.293,7079
2022-06-17 00:00:00+00:00,7.311,7.388,6.942,7.112,6173
2022-06-17 04:00:00+00:00,7.104,7.359,7.043,7.143,6162
2022-06-17 08:00:00+00:00,7.145,7.394,7.121,7.264,5746
2022-06-17 12:00:00+00:00,7.263,7.408,7.147,7.224,5671
2022-06-17 16:00:00+00:00,7.223,7.432,7.154,7.182,7399
2022-06-17 20:00:00+00:00,7.175,7.393,7.129,7.349,5429
2022-06-18 00:00:00+00:00,7.335,7.384,7.217,7.316,3061
2022-06-18 04:00:00+00:00,7.317,7.353,7.075,7.212,3885
2022-06-18 08:00:00+00:00,7.211,7.232,6.603,6.6530000000000005,7387
2022-06-18 12:00:00+00:00,6.648,6.836,6.598,6.751,5173
2022-06-18 16:00:00+00:00,6.751,6.825,6.719,6.801,982
2022-06-19 00:00:00+00:00,6.781,7.192,6.745,7.005,7828
2022-06-19 04:00:00+00:00,7.005,7.031,6.7379999999999995,6.933,5817
2022-06-19 08:00:00+00:00,6.934,7.049,6.771,6.968,5724
2022-06-19 12:00:00+00:00,6.963,7.303,6.932,7.124,7197
2022-06-19 16:00:00+00:00,7.125,7.338,7.076,7.174,5271
2022-06-19 20:00:00+00:00,7.169,7.6129999999999995,7.115,7.531,6721
2022-06-20 00:00:00+00:00,7.478,7.539,7.31,7.312,5460
2022-06-20 04:00:00+00:00,7.313,7.339,7.14,7.213,5529
2022-06-20 08:00:00+00:00,7.212,7.491,7.181,7.454,5393
2022-06-20 12:00:00+00:00,7.453,7.991,7.425,7.874,7530
2022-06-20 16:00:00+00:00,7.875,7.955,7.671,7.73,6958
2022-06-20 20:00:00+00:00,7.729,7.82,7.592,7.789,6776
2022-06-21 00:00:00+00:00,7.83,7.918,7.602,7.843,6396
2022-06-21 04:00:00+00:00,7.844,8.097,7.676,8.054,6301
2022-06-21 08:00:00+00:00,8.055,8.236,8.026,8.164,6550
2022-06-21 12:00:00+00:00,8.163,8.206,7.907,7.985,5719
2022-06-21 16:00:00+00:00,7.983,8.249,7.914,8.059,7100
2022-06-21 20:00:00+00:00,8.059,8.101,7.713,7.724,6457
2022-06-22 00:00:00+00:00,7.729,7.848,7.553,7.634,5128
2022-06-22 04:00:00+00:00,7.634,7.713,7.42,7.505,5704
2022-06-22 08:00:00+00:00,7.505,7.596,7.324,7.446,5465
2022-06-22 12:00:00+00:00,7.447,7.629,7.433,7.5280000000000005,4975
2022-06-22 16:00:00+00:00,7.526,7.787,7.395,7.545,7693
2022-06-22 20:00:00+00:00,7.545,7.644,7.373,7.412,6165
2022-06-23 00:00:00+00:00,7.442,7.593,7.333,7.547,4881
2022-06-23 04:00:00+00:00,7.546,7.614,7.462,7.575,4254
2022-06-23 08:00:00+00:00,7.576,7.675,7.482,7.513,4366
2022-06-23 12:00:00+00:00,7.513,7.74,7.483,7.6370000000000005,4960
2022-06-23 16:00:00+00:00,7.638,7.686,7.459,7.479,5704
2022-06-23 20:00:00+00:00,7.479,7.785,7.425,7.673,5189
2022-06-24 00:00:00+00:00,7.662,7.836,7.594,7.719,4354
2022-06-24 04:00:00+00:00,7.719,8.068,7.696,7.869,4664
2022-06-24 08:00:00+00:00,7.868,8.045,7.774,7.99,4658
2022-06-24 12:00:00+00:00,7.99,8.156,7.888,8.097,5551
2022-06-24 16:00:00+00:00,8.098,8.168,7.958,8.078,5832
2022-06-24 20:00:00+00:00,8.078,8.218,7.968,8.118,4745
2022-06-25 00:00:00+00:00,8.198,8.308,8.086,8.148,3783
2022-06-25 04:00:00+00:00,8.148,8.271,8.04,8.159,4131
2022-06-25 08:00:00+00:00,8.16,8.286,8.106,8.19,4453
2022-06-25 12:00:00+00:00,8.191,8.338,7.87,7.899,4664
2022-06-25 16:00:00+00:00,7.898,7.999,7.848,7.951,1231
2022-06-26 00:00:00+00:00,7.968,8.158,7.959,8.099,3532
2022-06-26 04:00:00+00:00,8.1,8.195,7.963,8.059,3382
2022-06-26 08:00:00+00:00,8.061,8.258,8.019,8.187,2706
2022-06-26 12:00:00+00:00,8.157,8.461,8.137,8.211,3410
2022-06-26 16:00:00+00:00,8.21,8.27,8.003,8.081,4416
2022-06-26 20:00:00+00:00,8.082,8.2,7.885,8.2,4119
2022-06-27 00:00:00+00:00,8.223,8.242,7.779,7.898,5378
2022-06-27 04:00:00+00:00,7.897,7.996,7.829,7.981,4303
2022-06-27 08:00:00+00:00,7.981,8.158,7.892,8.145,3786
2022-06-27 12:00:00+00:00,8.146,8.175,8.018,8.058,4297
2022-06-27 16:00:00+00:00,8.063,8.138,7.777,7.867,6252
2022-06-27 20:00:00+00:00,7.867,7.882,7.664,7.777,5194
2022-06-28 00:00:00+00:00,7.768,7.865,7.604,7.656,3667
2022-06-28 04:00:00+00:00,7.655,7.697,7.443,7.589,4414
2022-06-28 08:00:00+00:00,7.588,7.823,7.567,7.804,3684
2022-06-28 12:00:00+00:00,7.809,7.955,7.714,7.873,4850
2022-06-28 16:00:00+00:00,7.868,7.965,7.494,7.583,6543
2022-06-28 20:00:00+00:00,7.582,7.604,7.391,7.471,4980
2022-06-29 00:00:00+00:00,7.474,7.496,7.231,7.282,4050
2022-06-29 04:00:00+00:00,7.284,7.413,7.184,7.24,3969
2022-06-29 08:00:00+00:00,7.241,7.273,7.025,7.162,4787
2022-06-29 12:00:00+00:00,7.162,7.275,7.025,7.061,4871
2022-06-29 16:00:00+00:00,7.063,7.235,6.983,7.065,5899
2022-06-29 20:00:00+00:00,7.064,7.188,7.003,7.077,4563
2022-06-30 00:00:00+00:00,7.075,7.127,6.868,6.876,3892
2022-06-30 04:00:00+00:00,6.874,6.96,6.805,6.857,3744
2022-06-30 08:00:00+00:00,6.858,6.902,6.688,6.726,5080
2022-06-30 12:00:00+00:00,6.724,6.857,6.617,6.833,5284
2022-06-30 16:00:00+00:00,6.834,6.914,6.611,6.795,5332
2022-06-30 20:00:00+00:00,6.795,6.875,6.645,6.684,5258
2022-07-01 00:00:00+00:00,6.726,7.229,6.684,7.101,6021
2022-07-01 04:00:00+00:00,7.101,7.164,6.713,6.74,5452
2022-07-01 08:00:00+00:00,6.74,6.852,6.513,6.752,5206
2022-07-01 12:00:00+00:00,6.752,6.785,6.602,6.647,4483
2022-07-01 16:00:00+00:00,6.646,6.799,6.617,6.709,5898
2022-07-01 20:00:00+00:00,6.708,6.906,6.677,6.811,4607
2022-07-02 00:00:00+00:00,6.774,6.805,6.645,6.652,3379
2022-07-02 04:00:00+00:00,6.652,6.728,6.596,6.674,4033
2022-07-02 08:00:00+00:00,6.675,6.724,6.643,6.666,2740
2022-07-02 12:00:00+00:00,6.665,6.835,6.6129999999999995,6.8149999999999995,3566
2022-07-02 16:00:00+00:00,6.8149999999999995,6.818,6.734,6.756,743
2022-07-03 00:00:00+00:00,6.806,6.873,6.744,6.7940000000000005,2562
2022-07-03 04:00:00+00:00,6.801,6.801,6.5809999999999995,6.743,2867
2022-07-03 08:00:00+00:00,6.75,6.818,6.632,6.672,4098
2022-07-03 12:00:00+00:00,6.671,6.734,6.638,6.6850000000000005,2571
2022-07-03 16:00:00+00:00,6.6850000000000005,6.716,6.604,6.705,2828
2022-07-03 20:00:00+00:00,6.704,6.9559999999999995,6.672,6.915,3770
2022-07-04 00:00:00+00:00,6.914,6.925,6.766,6.837,3401
2022-07-04 04:00:00+00:00,6.838,6.846,6.636,6.696,3656
2022-07-04 08:00:00+00:00,6.698,6.756,6.654,6.6850000000000005,2594
2022-07-04 12:00:00+00:00,6.6850000000000005,7.026,6.684,6.947,4479
2022-07-04 16:00:00+00:00,6.947,7.101,6.896,6.975,4689
2022-07-04 20:00:00+00:00,6.973,7.056,6.946,6.984,3677
2022-07-05 00:00:00+00:00,6.987,7.19,6.977,7.166,4720
2022-07-05 04:00:00+00:00,7.165,7.178,6.755,7.033,3948
2022-07-05 08:00:00+00:00,7.032,7.085,6.793,6.842,4303
2022-07-05 12:00:00+00:00,6.841,6.855,6.58,6.627,5035
2022-07-05 16:00:00+00:00,6.627,6.735,6.608,6.696,4918
2022-07-05 20:00:00+00:00,6.696,6.958,6.647,6.877,5145
2022-07-06 00:00:00+00:00,6.877,6.918,6.744,6.8629999999999995,4265
2022-07-06 04:00:00+00:00,6.865,6.895,6.664,6.796,4855
2022-07-06 08:00:00+00:00,6.7940000000000005,6.88,6.745,6.817,4625
2022-07-06 12:00:00+00:00,6.816,6.947,6.816,6.856,4459
2022-07-06 16:00:00+00:00,6.855,6.937,6.834,6.905,5102
2022-07-06 20:00:00+00:00,6.904,6.928,6.77,6.867,4567
2022-07-07 00:00:00+00:00,6.858,6.984,6.837,6.926,3713
2022-07-07 04:00:00+00:00,6.927,6.9879999999999995,6.857,6.906,3364
2022-07-07 08:00:00+00:00,6.906,7.045,6.856,7.035,3457
2022-07-07 12:00:00+00:00,7.031,7.046,6.939,6.967,3149
2022-07-07 16:00:00+00:00,6.966,7.249,6.939,7.201,5105
2022-07-07 20:00:00+00:00,7.201,7.296,7.126,7.22,4462
2022-07-08 00:00:00+00:00,7.211,7.327,7.189,7.281,3264
2022-07-08 04:00:00+00:00,7.281,7.427,7.263,7.282,4331
2022-07-08 08:00:00+00:00,7.282,7.291,7.033,7.041,4123
2022-07-08 12:00:00+00:00,7.04,7.069,6.918,6.967,4998
2022-07-08 16:00:00+00:00,6.966,7.148,6.916,7.039,5904
2022-07-08 20:00:00+00:00,7.039,7.159,7.019,7.118,4410
2022-07-09 00:00:00+00:00,7.057,7.142,6.998,7.06,3138
2022-07-09 04:00:00+00:00,7.059,7.12,7.017,7.101,3713
2022-07-09 08:00:00+00:00,7.1,7.28,7.099,7.2780000000000005,3429
2022-07-09 12:00:00+00:00,7.2780000000000005,7.333,7.158,7.19,3713
2022-07-09 16:00:00+00:00,7.19,7.221,7.16,7.18,914
2022-07-10 00:00:00+00:00,7.25,7.291,7.1,7.12,2848
2022-07-10 04:00:00+00:00,7.119,7.16,6.953,7.03,3882
2022-07-10 08:00:00+00:00,7.03,7.072,7.013,7.041,2124
2022-07-10 12:00:00+00:00,7.042,7.061,6.932,7.009,3001
2022-07-10 16:00:00+00:00,7.01,7.01,6.736,6.867,4089
2022-07-10 20:00:00+00:00,6.867,6.868,6.783,6.848,2760
2022-07-11 00:00:00+00:00,6.882,6.898,6.74,6.809,3427
2022-07-11 04:00:00+00:00,6.8100000000000005,6.8100000000000005,6.668,6.754,3824
2022-07-11 08:00:00+00:00,6.755,6.828,6.6850000000000005,6.799,3698
2022-07-11 12:00:00+00:00,6.799,6.878,6.76,6.848,3200
2022-07-11 16:00:00+00:00,6.8469999999999995,6.88,6.673,6.766,4445
2022-07-11 20:00:00+00:00,6.766,6.868,6.747,6.756,3478
2022-07-12 00:00:00+00:00,6.7379999999999995,6.755,6.476,6.519,5009
2022-07-12 04:00:00+00:00,6.518,6.5969999999999995,6.494,6.549,3367
2022-07-12 08:00:00+00:00,6.549,6.596,6.395,6.439,3965
2022-07-12 12:00:00+00:00,6.437,6.48,6.315,6.465,3870
2022-07-12 16:00:00+00:00,6.466,6.534,6.421,6.503,4697
2022-07-12 20:00:00+00:00,6.504,6.513,6.309,6.385,4107
2022-07-13 00:00:00+00:00,6.369,6.396,6.196,6.31,3519
2022-07-13 04:00:00+00:00,6.315,6.368,6.289,6.348,2668
2022-07-13 08:00:00+00:00,6.348,6.48,6.326,6.457,3399
2022-07-13 12:00:00+00:00,6.458,6.521,5.975,6.139,4380
2022-07-13 16:00:00+00:00,6.136,6.297,6.054,6.258,6084
2022-07-13 20:00:00+00:00,6.258,6.371,6.249,6.259,4153
2022-07-14 00:00:00+00:00,6.261,6.481,6.261,6.448,3692
2022-07-14 04:00:00+00:00,6.448,6.49,6.386,6.389,3210
2022-07-14 08:00:00+00:00,6.391,6.482,6.317,6.32,3532
2022-07-14 12:00:00+00:00,6.319,6.374,6.265,6.3629999999999995,3597
2022-07-14 16:00:00+00:00,6.361,6.562,6.281,6.504,4794
2022-07-14 20:00:00+00:00,6.505,6.755,6.486,6.732,4461
2022-07-15 00:00:00+00:00,6.732,6.745,6.624,6.655,2736
2022-07-15 04:00:00+00:00,6.655,6.7940000000000005,6.652,6.693,3553
2022-07-15 08:00:00+00:00,6.692,6.841,6.663,6.791,3798
2022-07-15 12:00:00+00:00,6.791,6.934,6.791,6.91,4062
2022-07-15 16:00:00+00:00,6.908,6.936,6.743,6.786,4830
2022-07-15 20:00:00+00:00,6.785,6.978,6.764,6.828,4426
2022-07-16 00:00:00+00:00,6.858,6.879,6.687,6.699,2410
2022-07-16 04:00:00+00:00,6.699,6.758,6.677,6.74,2776
2022-07-16 08:00:00+00:00,6.74,6.75,6.556,6.599,3026
2022-07-16 12:00:00+00:00,6.598,6.682,6.587,6.658,1680
2022-07-16 16:00:00+00:00,6.658,6.729,6.655,6.694,859
2022-07-17 00:00:00+00:00,7.113,7.247,7.086,7.145,3480
2022-07-17 04:00:00+00:00,7.146,7.2,7.064,7.148,3470
2022-07-17 08:00:00+00:00,7.148,7.318,7.139,7.175,2944
2022-07-17 12:00:00+00:00,7.176,7.199,7.058,7.095,3600
2022-07-17 16:00:00+00:00,7.095,7.099,6.916,6.996,4183
2022-07-17 20:00:00+00:00,6.996,7.127,6.874,6.993,4178
2022-07-18 00:00:00+00:00,6.998,7.047,6.896,6.93,3550
2022-07-18 04:00:00+00:00,6.929,7.247,6.927,7.199,4682
2022-07-18 08:00:00+00:00,7.205,7.619,7.183,7.518,6072
2022-07-18 12:00:00+00:00,7.518,7.579,7.355,7.509,5129
2022-07-18 16:00:00+00:00,7.516,7.719,7.459,7.509,5650
2022-07-18 20:00:00+00:00,7.509,7.52,7.2379999999999995,7.292,5286
2022-07-19 00:00:00+00:00,7.271,7.982,7.26,7.872,7078
2022-07-19 04:00:00+00:00,7.871,7.922,7.498,7.599,5904
2022-07-19 08:00:00+00:00,7.598,7.698,7.487,7.648,5186
2022-07-19 12:00:00+00:00,7.648,7.878,7.575,7.869,5287
2022-07-19 16:00:00+00:00,7.869,8.021,7.627,7.908,7970
2022-07-19 20:00:00+00:00,7.909,7.991,7.817,7.853,5789
2022-07-20 00:00:00+00:00,7.861,7.97,7.647,7.687,4840
2022-07-20 04:00:00+00:00,7.687,7.922,7.646,7.888,4678
2022-07-20 08:00:00+00:00,7.889,8.07,7.692,7.717,5052
2022-07-20 12:00:00+00:00,7.716,7.967,7.687,7.813,6186
2022-07-20 16:00:00+00:00,7.814,8.003,7.649,7.721,6208
2022-07-20 20:00:00+00:00,7.72,7.789,7.36,7.48,6142
2022-07-21 00:00:00+00:00,7.478,7.651,7.389,7.451,4320
2022-07-21 04:00:00+00:00,7.45,7.5120000000000005,7.169,7.282,5616
2022-07-21 08:00:00+00:00,7.281,7.407,7.256,7.348,4372
2022-07-21 12:00:00+00:00,7.348,7.432,7.268,7.391,4660
2022-07-21 16:00:00+00:00,7.391,7.491,7.218,7.4879999999999995,6162
2022-07-21 20:00:00+00:00,7.489,7.59,7.398,7.53,4579
2022-07-22 00:00:00+00:00,7.517,7.634,7.448,7.611,3786
2022-07-22 04:00:00+00:00,7.611,7.631,7.358,7.467,3766
2022-07-22 08:00:00+00:00,7.467,7.77,7.417,7.747,4280
2022-07-22 12:00:00+00:00,7.749,7.844,7.739,7.753,4210
2022-07-22 16:00:00+00:00,7.754,7.782,7.494,7.548,6365
2022-07-22 20:00:00+00:00,7.547,7.609,7.26,7.269,5017
2022-07-23 00:00:00+00:00,7.333,7.381,7.209,7.371,3125
2022-07-23 04:00:00+00:00,7.371,7.492,7.331,7.44,3289
2022-07-23 08:00:00+00:00,7.441,7.481,7.297,7.311,3946
2022-07-23 12:00:00+00:00,7.311,7.381,7.128,7.2379999999999995,4262
2022-07-23 16:00:00+00:00,7.237,7.282,7.227,7.263,733
2022-07-24 00:00:00+00:00,7.27,7.39,7.239,7.339,2909
2022-07-24 04:00:00+00:00,7.34,7.527,7.299,7.376,3296
2022-07-24 08:00:00+00:00,7.376,7.517,7.368,7.507,3103
2022-07-24 12:00:00+00:00,7.506,7.531,7.335,7.357,3918
2022-07-24 16:00:00+00:00,7.356,7.49,7.318,7.4,4074
2022-07-24 20:00:00+00:00,7.401,7.463,7.376,7.431,3078
2022-07-25 00:00:00+00:00,7.439,7.574,7.102,7.157,4853
2022-07-25 04:00:00+00:00,7.156,7.156,7.008,7.099,4428
2022-07-25 08:00:00+00:00,7.099,7.159,7.05,7.139,3228
2022-07-25 12:00:00+00:00,7.14,7.192,7.069,7.11,3189
2022-07-25 16:00:00+00:00,7.111,7.111,6.959,7.068,4823
2022-07-25 20:00:00+00:00,7.07,7.11,6.837,7.036,4435
2022-07-26 00:00:00+00:00,7.035,7.041,6.638,6.651,4892
2022-07-26 04:00:00+00:00,6.65,6.758,6.6,6.693,3741
2022-07-26 08:00:00+00:00,6.693,6.709,6.617,6.677,2875
2022-07-26 12:00:00+00:00,6.677,6.718,6.578,6.609,3074
2022-07-26 16:00:00+00:00,6.609,6.645,6.519,6.622,4496
2022-07-26 20:00:00+00:00,6.622,6.654,6.52,6.64,4288
2022-07-27 00:00:00+00:00,6.662,6.793,6.59,6.729,3660
2022-07-27 04:00:00+00:00,6.73,6.745,6.647,6.708,2889
2022-07-27 08:00:00+00:00,6.709,6.842,6.7,6.782,3298
2022-07-27 12:00:00+00:00,6.782,6.84,6.707,6.819,3173
2022-07-27 16:00:00+00:00,6.82,6.892,6.718,6.739,4029
2022-07-27 20:00:00+00:00,6.741,7.28,6.718,7.26,7161
2022-07-28 00:00:00+00:00,7.243,7.802,7.228,7.731,4686
2022-07-28 04:00:00+00:00,7.731,7.931,7.661,7.667,4812
2022-07-28 08:00:00+00:00,7.668,7.74,7.519,7.598,3939
2022-07-28 12:00:00+00:00,7.598,7.688,7.457,7.622,5027
2022-07-28 16:00:00+00:00,7.621,7.964,7.482,7.84,7975
2022-07-28 20:00:00+00:00,7.839,8.066,7.819,7.98,5590
2022-07-29 00:00:00+00:00,7.987,8.035,7.76,7.982,4920
2022-07-29 04:00:00+00:00,7.981,8.249,7.837,8.198,5232
2022-07-29 08:00:00+00:00,8.198,8.241,7.881,8.02,5607
2022-07-29 12:00:00+00:00,8.021,8.144,7.768,7.834,6650
2022-07-29 16:00:00+00:00,7.832,8.335,7.82,8.15,8505
2022-07-29 20:00:00+00:00,8.146,8.29,7.982,8.242,6678
2022-07-30 00:00:00+00:00,8.195,8.422,8.144,8.302,4606
2022-07-30 04:00:00+00:00,8.303,8.442,8.159,8.275,6452
2022-07-30 08:00:00+00:00,8.275,8.84,8.256,8.762,4987
2022-07-30 12:00:00+00:00,8.76,8.794,8.521,8.642,5554
2022-07-30 16:00:00+00:00,8.641,8.702,8.604,8.654,1743
2022-07-31 00:00:00+00:00,8.42,8.425,8.151,8.31,5341
2022-07-31 04:00:00+00:00,8.31,8.35,8.162,8.269,4330
2022-07-31 08:00:00+00:00,8.269,8.332,8.077,8.115,3732
2022-07-31 12:00:00+00:00,8.114,8.382,8.085,8.36,4371
2022-07-31 16:00:00+00:00,8.361,8.992,8.255,8.912,6563
2022-07-31 20:00:00+00:00,8.912,9.18,8.794,9.08,8157
2022-08-01 00:00:00+00:00,9.072,9.201,8.578,8.762,7386
2022-08-01 04:00:00+00:00,8.762,8.983,8.71,8.917,5320
2022-08-01 08:00:00+00:00,8.917,8.94,8.604,8.712,5206
2022-08-01 12:00:00+00:00,8.712,8.745,8.374,8.388,5799
2022-08-01 16:00:00+00:00,8.39,8.591,8.28,8.303,7428
2022-08-01 20:00:00+00:00,8.304,8.304,8.08,8.191,5697
2022-08-02 00:00:00+00:00,8.21,8.272,8.034,8.12,4834
2022-08-02 04:00:00+00:00,8.115,8.177,7.676,7.767,6362
2022-08-02 08:00:00+00:00,7.768,7.869,7.731,7.769,4674
2022-08-02 12:00:00+00:00,7.768,7.969,7.707,7.792,6017
2022-08-02 16:00:00+00:00,7.792,8.221,7.747,8.172,8747
2022-08-02 20:00:00+00:00,8.172,8.191,7.87,7.97,5904
2022-08-03 00:00:00+00:00,7.958,8.033,7.678,7.719,5504
2022-08-03 04:00:00+00:00,7.72,7.955,7.698,7.9399999999999995,5060
2022-08-03 08:00:00+00:00,7.9399999999999995,8.079,7.908,8.068,4613
2022-08-03 12:00:00+00:00,8.069,8.283,8.067,8.216,5128
2022-08-03 16:00:00+00:00,8.217,8.39,8.139,8.349,5859
2022-08-03 20:00:00+00:00,8.35,8.437,8.308,8.334,8456
2022-08-04 00:00:00+00:00,8.355,8.385,7.948,8.132,9612
2022-08-04 04:00:00+00:00,8.13,8.254,8.108,8.23,8074
2022-08-04 08:00:00+00:00,8.231,8.271,7.9719999999999995,8.02,9258
2022-08-04 12:00:00+00:00,8.019,8.106,7.966,8.048,7475
2022-08-04 16:00:00+00:00,8.049,8.235,7.875,7.918,11789
2022-08-04 20:00:00+00:00,7.918,8.071,7.909,8.01,8732
2022-08-05 00:00:00+00:00,8.04,8.174,7.951,8.12,6711
2022-08-05 04:00:00+00:00,8.12,8.433,8.117,8.41,8590
2022-08-05 08:00:00+00:00,8.41,8.504,8.345,8.389,7229
2022-08-05 12:00:00+00:00,8.384,8.552,8.293,8.345,9959
2022-08-05 16:00:00+00:00,8.347,8.508,8.243,8.428,11829
2022-08-05 20:00:00+00:00,8.43,8.67,8.424,8.55,10179
2022-08-06 00:00:00+00:00,8.65,8.83,8.621,8.643,8042
2022-08-06 04:00:00+00:00,8.643,8.714,8.596,8.648,7944
2022-08-06 08:00:00+00:00,8.648,8.874,8.636,8.707,8312
2022-08-06 12:00:00+00:00,8.708,8.787,8.638,8.662,6800
2022-08-06 16:00:00+00:00,8.661,8.735,8.658,8.703,1883
2022-08-07 00:00:00+00:00,8.595,8.623,8.34,8.392,6376
2022-08-07 04:00:00+00:00,8.392,8.572,8.350999999999999,8.431,7549
2022-08-07 08:00:00+00:00,8.43,8.49,8.381,8.472,4294
2022-08-07 12:00:00+00:00,8.424,8.603,8.42,8.588,5891
2022-08-07 16:00:00+00:00,8.588,8.917,8.465,8.763,7863
2022-08-07 20:00:00+00:00,8.761,8.821,8.731,8.798,6177
2022-08-08 00:00:00+00:00,8.81,8.835,8.59,8.759,7517
2022-08-08 04:00:00+00:00,8.76,8.842,8.695,8.779,6739
2022-08-08 08:00:00+00:00,8.779,9.29,8.767,9.226,9999
2022-08-08 12:00:00+00:00,9.226,9.383,9.226,9.301,10049
2022-08-08 16:00:00+00:00,9.301,9.365,9.084,9.209,11782
2022-08-08 20:00:00+00:00,9.209,9.355,9.177,9.335,9243
2022-08-09 00:00:00+00:00,9.282,9.464,9.058,9.271,10021
2022-08-09 04:00:00+00:00,9.271,9.294,9.098,9.25,7955
2022-08-09 08:00:00+00:00,9.251,9.272,9.029,9.041,8315
2022-08-09 12:00:00+00:00,9.041,9.083,8.827,8.969,10857
2022-08-09 16:00:00+00:00,8.969,9.044,8.654,8.752,12006
2022-08-09 20:00:00+00:00,8.753,8.898,8.715,8.874,7399
2022-08-10 00:00:00+00:00,8.895,8.963,8.552,8.622,7526
2022-08-10 04:00:00+00:00,8.617,8.746,8.538,8.671,8831
2022-08-10 08:00:00+00:00,8.671,8.756,8.566,8.751,7708
2022-08-10 12:00:00+00:00,8.752,9.32,8.667,9.265,9351
2022-08-10 16:00:00+00:00,9.268,9.643,9.195,9.54,14927
2022-08-10 20:00:00+00:00,9.539,9.617,9.435,9.574,10506
2022-08-11 00:00:00+00:00,9.527,9.611,9.43,9.552,8578
2022-08-11 04:00:00+00:00,9.55,9.646,9.435,9.515,11229
2022-08-11 08:00:00+00:00,9.515,9.531,9.321,9.435,9732
2022-08-11 12:00:00+00:00,9.435,9.558,9.292,9.522,9201
2022-08-11 16:00:00+00:00,9.522,9.528,9.247,9.326,13091
2022-08-11 20:00:00+00:00,9.328,9.368,9.208,9.303,9211
2022-08-12 00:00:00+00:00,9.295,9.317,9.031,9.183,8586
2022-08-12 04:00:00+00:00,9.182,9.285,9.099,9.206,8409
2022-08-12 08:00:00+00:00,9.206,9.308,9.109,9.256,8034
2022-08-12 12:00:00+00:00,9.254,9.369,9.044,9.225,10094
2022-08-12 16:00:00+00:00,9.225,9.461,9.192,9.346,12027
2022-08-12 20:00:00+00:00,9.343,9.461,9.308,9.384,9372
2022-08-13 00:00:00+00:00,9.353,9.5,9.324,9.469,6768
2022-08-13 04:00:00+00:00,9.475,9.6,9.42,9.537,9867
2022-08-13 08:00:00+00:00,9.536,9.676,9.438,9.452,10102
2022-08-13 12:00:00+00:00,9.453,9.547,9.4,9.482,8470
2022-08-13 16:00:00+00:00,9.482,9.5,9.433,9.465,1969
2022-08-14 00:00:00+00:00,9.395,9.407,9.218,9.321,6795
2022-08-14 04:00:00+00:00,9.313,9.429,9.24,9.384,8263
2022-08-14 08:00:00+00:00,9.383,9.558,9.37,9.464,7743
2022-08-14 12:00:00+00:00,9.464,9.495,9.268,9.293,8109
2022-08-14 16:00:00+00:00,9.293,9.296,8.941,8.946,9788
2022-08-14 20:00:00+00:00,8.941,8.994,8.826,8.942,8938
2022-08-15 00:00:00+00:00,8.93,9.076,8.876,9.059,8165
2022-08-15 04:00:00+00:00,9.06,9.382,8.987,9.185,11159
2022-08-15 08:00:00+00:00,9.184,9.236,8.673,8.821,12817
2022-08-15 12:00:00+00:00,8.821,8.897,8.709,8.745,9910
2022-08-15 16:00:00+00:00,8.743,8.955,8.731,8.94,11089
2022-08-15 20:00:00+00:00,8.94,8.967,8.758,8.803,8268
2022-08-16 00:00:00+00:00,8.813,8.865,8.617,8.853,9014
2022-08-16 04:00:00+00:00,8.852,8.896,8.627,8.729,9204
2022-08-16 08:00:00+00:00,8.729,8.756,8.632,8.722,7323
2022-08-16 12:00:00+00:00,8.722,8.948,8.711,8.809,9163
2022-08-16 16:00:00+00:00,8.809,8.825,8.633,8.768,12026
2022-08-16 20:00:00+00:00,8.769,8.931000000000001,8.689,8.874,9920
2022-08-17 00:00:00+00:00,8.881,8.994,8.768,8.959,8096
2022-08-17 04:00:00+00:00,8.959,9.073,8.867,9.059,8933
2022-08-17 08:00:00+00:00,9.064,9.164,8.785,8.843,10401
2022-08-17 12:00:00+00:00,8.842,8.902,8.483,8.577,9299
2022-08-17 16:00:00+00:00,8.578,8.581,8.313,8.439,11757
2022-08-17 20:00:00+00:00,8.439,8.534,8.357,8.491,10019
2022-08-18 00:00:00+00:00,8.43,8.453,8.255,8.39,8235
2022-08-18 04:00:00+00:00,8.389,8.481,8.361,8.391,7972
2022-08-18 08:00:00+00:00,8.391,8.502,8.378,8.479,7962
2022-08-18 12:00:00+00:00,8.479,8.561,8.408,8.539,7652
2022-08-18 16:00:00+00:00,8.541,8.592,8.371,8.411,9979
2022-08-18 20:00:00+00:00,8.411,8.456,8.296,8.431,7959
2022-08-19 00:00:00+00:00,8.432,8.433,7.8469999999999995,7.899,9396
2022-08-19 04:00:00+00:00,7.898,7.9190000000000005,7.745,7.819,9020
2022-08-19 08:00:00+00:00,7.82,7.861,7.377,7.466,9022
2022-08-19 12:00:00+00:00,7.468,7.5969999999999995,7.356,7.51,10183
2022-08-19 16:00:00+00:00,7.51,7.682,7.445,7.608,9113
2022-08-19 20:00:00+00:00,7.608,7.623,7.395,7.471,7830
2022-08-20 00:00:00+00:00,7.338,7.467,7.222,7.284,7346
2022-08-20 04:00:00+00:00,7.282,7.4719999999999995,7.282,7.449,6205
2022-08-20 08:00:00+00:00,7.449,7.5120000000000005,7.367,7.42,6421
2022-08-20 12:00:00+00:00,7.418,7.453,7.371,7.398,4657
2022-08-20 16:00:00+00:00,7.398,7.432,7.384,7.422,1189
2022-08-21 00:00:00+00:00,7.061,7.283,7.059,7.199,6451
2022-08-21 04:00:00+00:00,7.2,7.298,7.196,7.22,4818
2022-08-21 08:00:00+00:00,7.221,7.439,7.154,7.348,5369
2022-08-21 12:00:00+00:00,7.3469999999999995,7.466,7.328,7.388,7176
2022-08-21 16:00:00+00:00,7.389,7.476,7.328,7.44,5930
2022-08-21 20:00:00+00:00,7.439,7.517,7.385,7.454,5452
2022-08-22 00:00:00+00:00,7.458,7.524,7.297,7.377,8319
2022-08-22 04:00:00+00:00,7.378,7.393,7.284,7.359,6429
2022-08-22 08:00:00+00:00,7.359,7.373,6.993,7.126,8723
2022-08-22 12:00:00+00:00,7.127,7.254,7.083,7.12,8114
2022-08-22 16:00:00+00:00,7.119,7.298,7.057,7.228,10708
2022-08-22 20:00:00+00:00,7.229,7.312,7.122,7.266,8547
2022-08-23 00:00:00+00:00,7.265,7.43,7.223,7.378,7381
2022-08-23 04:00:00+00:00,7.377,7.462,7.375,7.399,6246
2022-08-23 08:00:00+00:00,7.4,7.615,7.175,7.588,9073
2022-08-23 12:00:00+00:00,7.589,7.708,7.506,7.539,9405
2022-08-23 16:00:00+00:00,7.54,7.684,7.498,7.561,11406
2022-08-23 20:00:00+00:00,7.5600000000000005,7.652,7.526,7.608,8684
2022-08-24 00:00:00+00:00,7.619,7.692,7.504,7.561,7227
2022-08-24 04:00:00+00:00,7.558,7.582,7.419,7.507,8438
2022-08-24 08:00:00+00:00,7.506,7.572,7.409,7.52,7854
2022-08-24 12:00:00+00:00,7.521,7.624,7.515,7.578,7455
2022-08-24 16:00:00+00:00,7.578,7.768,7.494,7.718,10007
2022-08-24 20:00:00+00:00,7.718,7.739,7.647,7.6899999999999995,6587
2022-08-25 00:00:00+00:00,7.683,7.713,7.54,7.63,6552
2022-08-25 04:00:00+00:00,7.63,7.694,7.527,7.59,6277
2022-08-25 08:00:00+00:00,7.589,7.753,7.566,7.697,7367
2022-08-25 12:00:00+00:00,7.697,7.718,7.604,7.629,6906
2022-08-25 16:00:00+00:00,7.629,7.671,7.448,7.51,9316
2022-08-25 20:00:00+00:00,7.51,7.626,7.4879999999999995,7.611,6589
2022-08-26 00:00:00+00:00,7.63,7.644,7.455,7.49,6225
2022-08-26 04:00:00+00:00,7.489,7.574,7.475,7.5280000000000005,5526
2022-08-26 08:00:00+00:00,7.527,7.532,7.357,7.431,7060
2022-08-26 12:00:00+00:00,7.43,7.604,7.295,7.591,7928
2022-08-26 16:00:00+00:00,7.592,7.674,7.072,7.147,13258
2022-08-26 20:00:00+00:00,7.147,7.162,7.015,7.097,7958
2022-08-27 00:00:00+00:00,7.091,7.112,6.861,6.9399999999999995,6259
2022-08-27 04:00:00+00:00,6.9399999999999995,6.982,6.886,6.912,5999
2022-08-27 08:00:00+00:00,6.912,7.043,6.798,7.002,6555
2022-08-27 12:00:00+00:00,7.002,7.063,6.966,7.009,5133
2022-08-27 16:00:00+00:00,7.01,7.066,6.967,7.011,1636
2022-08-28 00:00:00+00:00,7.041,7.093,6.968,7.049,5346
2022-08-28 04:00:00+00:00,7.049,7.123,7.007,7.04,4974
2022-08-28 08:00:00+00:00,7.04,7.113,7.006,7.071,4260
2022-08-28 12:00:00+00:00,7.072,7.102,7.006,7.018,5250
2022-08-28 16:00:00+00:00,7.019,7.143,6.945,7.051,6251
2022-08-28 20:00:00+00:00,7.05,7.112,7.046,7.069,4722
2022-08-29 00:00:00+00:00,7.07,7.085,6.782,6.856,8201
2022-08-29 04:00:00+00:00,6.856,7.001,6.797,6.931,6857
2022-08-29 08:00:00+00:00,6.931,6.973,6.884,6.908,6104
2022-08-29 12:00:00+00:00,6.907,7.109,6.904,7.02,6291
2022-08-29 16:00:00+00:00,7.02,7.2780000000000005,7.013,7.21,9696
2022-08-29 20:00:00+00:00,7.21,7.223,7.127,7.218,6035
2022-08-30 00:00:00+00:00,7.217,7.304,7.194,7.24,5213
2022-08-30 04:00:00+00:00,7.24,7.36,7.176,7.317,5788
2022-08-30 08:00:00+00:00,7.318,7.374,7.273,7.302,6144
2022-08-30 12:00:00+00:00,7.302,7.322,7.176,7.211,6139
2022-08-30 16:00:00+00:00,7.211,7.252,6.871,6.937,10058
2022-08-30 20:00:00+00:00,6.936,7.095,6.904,7.06,8446
2022-08-31 00:00:00+00:00,7.06,7.124,6.976,7.101,6800
2022-08-31 04:00:00+00:00,7.1,7.279,7.088,7.248,7333
2022-08-31 08:00:00+00:00,7.249,7.281,7.105,7.16,7207
2022-08-31 12:00:00+00:00,7.16,7.254,7.12,7.188,8661
2022-08-31 16:00:00+00:00,7.189,7.236,6.997,7.057,11154
2022-08-31 20:00:00+00:00,7.057,7.141,6.975,7.09,8668
2022-09-01 00:00:00+00:00,7.087,7.131,6.9350000000000005,7.009,7221
2022-09-01 04:00:00+00:00,7.008,7.084,6.934,7.0,7244
2022-09-01 08:00:00+00:00,7.0,7.05,6.9030000000000005,6.971,6743
2022-09-01 12:00:00+00:00,6.97,7.083,6.936,7.022,7691
2022-09-01 16:00:00+00:00,7.021,7.055,6.858,6.96,9611
2022-09-01 20:00:00+00:00,6.96,7.154,6.947,7.143,8096
2022-09-02 00:00:00+00:00,7.141,7.195,7.126,7.161,5440
2022-09-02 04:00:00+00:00,7.162,7.291,7.114,7.237,6062
2022-09-02 08:00:00+00:00,7.236,7.292,7.186,7.267,5355
2022-09-02 12:00:00+00:00,7.269,7.451,7.2,7.377,6879
2022-09-02 16:00:00+00:00,7.377,7.562,7.356,7.478,9963
2022-09-02 20:00:00+00:00,7.478,7.485,7.246,7.33,9431
2022-09-03 00:00:00+00:00,7.349,7.373,7.229,7.287,3661
2022-09-03 04:00:00+00:00,7.287,7.3,7.168,7.243,4203
2022-09-03 08:00:00+00:00,7.243,7.304,7.175,7.233,5197
2022-09-03 12:00:00+00:00,7.237,7.275,7.198,7.257,4694
2022-09-03 16:00:00+00:00,7.257,7.294,7.246,7.272,1182
2022-09-04 00:00:00+00:00,7.252,7.399,7.245,7.348,3564
2022-09-04 04:00:00+00:00,7.351,7.374,7.265,7.319,4026
2022-09-04 08:00:00+00:00,7.32,7.336,7.145,7.179,3090
2022-09-04 12:00:00+00:00,7.2379999999999995,7.327,7.204,7.301,3325
2022-09-04 16:00:00+00:00,7.302,7.312,7.145,7.246,5091
2022-09-04 20:00:00+00:00,7.246,7.295,7.237,7.28,4146
2022-09-05 00:00:00+00:00,7.28,7.47,7.249,7.459,5493
2022-09-05 04:00:00+00:00,7.459,7.634,7.456,7.57,6442
2022-09-05 08:00:00+00:00,7.571,7.573,7.435,7.489,6849
2022-09-05 12:00:00+00:00,7.4879999999999995,7.5440000000000005,7.425,7.509,6881
2022-09-05 16:00:00+00:00,7.509,7.575,7.464,7.471,7648
2022-09-05 20:00:00+00:00,7.47,7.48,7.26,7.307,5832
2022-09-06 00:00:00+00:00,7.288,7.591,7.275,7.538,5937
2022-09-06 04:00:00+00:00,7.538,7.661,7.433,7.52,8689
2022-09-06 08:00:00+00:00,7.52,7.623,7.506,7.61,7013
2022-09-06 12:00:00+00:00,7.61,7.6899999999999995,7.529,7.5600000000000005,6723
2022-09-06 16:00:00+00:00,7.559,7.631,7.454,7.526,9825
2022-09-06 20:00:00+00:00,7.527,7.529,6.812,6.929,9991
2022-09-07 00:00:00+00:00,6.938,6.942,6.806,6.889,6231
2022-09-07 04:00:00+00:00,6.889,6.9190000000000005,6.752,6.908,6943
2022-09-07 08:00:00+00:00,6.908,6.993,6.883,6.986,5610
2022-09-07 12:00:00+00:00,6.986,7.026,6.915,7.022,5732
2022-09-07 16:00:00+00:00,7.022,7.168,7.016,7.112,8674
2022-09-07 20:00:00+00:00,7.112,7.283,7.107,7.25,8497
2022-09-08 00:00:00+00:00,7.27,7.294,7.166,7.211,6230
2022-09-08 04:00:00+00:00,7.21,7.222,7.157,7.18,5100
2022-09-08 08:00:00+00:00,7.18,7.209,7.027,7.12,5886
2022-09-08 12:00:00+00:00,7.12,7.317,7.077,7.158,7020
2022-09-08 16:00:00+00:00,7.158,7.323,7.068,7.219,10827
2022-09-08 20:00:00+00:00,7.219,7.446,7.198,7.433,8327
2022-09-09 00:00:00+00:00,7.43,7.445,7.345,7.432,5776
2022-09-09 04:00:00+00:00,7.431,7.6370000000000005,7.408,7.611,7130
2022-09-09 08:00:00+00:00,7.611,7.854,7.588,7.802,8080
2022-09-09 12:00:00+00:00,7.802,7.937,7.708,7.855,8228
2022-09-09 16:00:00+00:00,7.856,7.923,7.728,7.911,11203
2022-09-09 20:00:00+00:00,7.91,7.916,7.662,7.759,7816
2022-09-10 00:00:00+00:00,7.753,7.8629999999999995,7.659,7.782,6399
2022-09-10 04:00:00+00:00,7.783,7.838,7.71,7.743,6718
2022-09-10 08:00:00+00:00,7.743,7.874,7.629,7.703,7515
2022-09-10 12:00:00+00:00,7.703,7.747,7.585,7.7219999999999995,6173
2022-09-10 16:00:00+00:00,7.7219999999999995,7.742,7.589,7.616,1928
2022-09-11 00:00:00+00:00,7.713,7.836,7.689,7.773,6396
2022-09-11 04:00:00+00:00,7.774,7.825,7.7059999999999995,7.73,5485
2022-09-11 08:00:00+00:00,7.729,7.746,7.607,7.709,4530
2022-09-11 12:00:00+00:00,7.726,7.739,7.6899999999999995,7.701,938
2022-09-11 16:00:00+00:00,7.7620000000000005,7.797,7.677,7.783,4530
2022-09-11 20:00:00+00:00,7.783,7.823,7.617,7.692,7357
2022-09-12 00:00:00+00:00,7.691,7.717,7.54,7.592,7463
2022-09-12 04:00:00+00:00,7.591,7.876,7.558,7.66,10615
2022-09-12 08:00:00+00:00,7.66,7.8629999999999995,7.606,7.821,9183
2022-09-12 12:00:00+00:00,7.821,8.015,7.821,7.941,9801
2022-09-12 16:00:00+00:00,7.942,8.043,7.601,7.68,10848
2022-09-12 20:00:00+00:00,7.679,7.786,7.659,7.763,7424
2022-09-13 00:00:00+00:00,7.745,7.745,7.518,7.58,7821
2022-09-13 04:00:00+00:00,7.579,7.635,7.459,7.583,7786
2022-09-13 08:00:00+00:00,7.583,7.712,7.578,7.631,7423
2022-09-13 12:00:00+00:00,7.631,7.948,7.308,7.358,9339
2022-09-13 16:00:00+00:00,7.352,7.394,7.195,7.241,11506
2022-09-13 20:00:00+00:00,7.24,7.274,7.055,7.148,8807
2022-09-14 00:00:00+00:00,7.136,7.171,7.023,7.098,7216
2022-09-14 04:00:00+00:00,7.099,7.223,7.085,7.208,6381
2022-09-14 08:00:00+00:00,7.208,7.214,7.058,7.168,6644
2022-09-14 12:00:00+00:00,7.168,7.283,7.085,7.259,7535
2022-09-14 16:00:00+00:00,7.259,7.302,7.148,7.199,8875
2022-09-14 20:00:00+00:00,7.197,7.233,7.01,7.152,8484
2022-09-15 00:00:00+00:00,7.141,7.239,7.104,7.109,6605
2022-09-15 04:00:00+00:00,7.109,7.125,6.949,7.038,8265
2022-09-15 08:00:00+00:00,7.038,7.217,6.937,7.099,10133
2022-09-15 12:00:00+00:00,7.099,7.1370000000000005,7.042,7.109,6416
2022-09-15 16:00:00+00:00,7.108,7.131,6.883,7.007,9601
2022-09-15 20:00:00+00:00,7.008,7.036,6.923,6.978,6201
2022-09-16 00:00:00+00:00,6.968,6.973,6.839,6.967,6391
2022-09-16 04:00:00+00:00,6.967,6.97,6.836,6.909,5147
2022-09-16 08:00:00+00:00,6.909,6.924,6.805,6.817,4629
2022-09-16 12:00:00+00:00,6.818,6.922,6.816,6.837,4771
2022-09-16 16:00:00+00:00,6.837,6.888,6.724,6.786,8784
2022-09-16 20:00:00+00:00,6.786,6.888,6.697,6.862,6949
2022-09-17 00:00:00+00:00,6.848,7.032,6.836,7.01,3796
2022-09-17 04:00:00+00:00,7.009,7.051,6.964,7.01,4545
2022-09-17 08:00:00+00:00,7.01,7.024,6.955,7.018,4089
2022-09-17 12:00:00+00:00,7.018,7.034,6.917,6.97,2448
2022-09-17 16:00:00+00:00,6.97,7.002,6.957,6.992,896
2022-09-18 00:00:00+00:00,7.15,7.152,6.987,7.0,3956
2022-09-18 04:00:00+00:00,6.999,7.014,6.948,6.99,3758
2022-09-18 08:00:00+00:00,6.99,7.044,6.977,6.993,2888
2022-09-18 12:00:00+00:00,7.002,7.013,6.844,6.893,4954
2022-09-18 16:00:00+00:00,6.893,6.9030000000000005,6.72,6.7780000000000005,5470
2022-09-18 20:00:00+00:00,6.7780000000000005,6.791,6.697,6.7379999999999995,5987
2022-09-19 00:00:00+00:00,6.716,6.717,6.328,6.505,6751
2022-09-19 04:00:00+00:00,6.506,6.548,6.255,6.285,6632
2022-09-19 08:00:00+00:00,6.286,6.326,6.091,6.157,6450
2022-09-19 12:00:00+00:00,6.157,6.337,6.1370000000000005,6.31,5651
2022-09-19 16:00:00+00:00,6.311,6.443,6.266,6.355,7399
2022-09-19 20:00:00+00:00,6.355,6.421,6.223,6.37,5602
2022-09-20 00:00:00+00:00,6.38,6.435,6.332,6.346,4745
2022-09-20 04:00:00+00:00,6.346,6.381,6.24,6.289,4503
2022-09-20 08:00:00+00:00,6.289,6.4,6.286,6.302,5356
2022-09-20 12:00:00+00:00,6.302,6.329,6.234,6.267,5689
2022-09-20 16:00:00+00:00,6.266,6.379,6.166,6.318,8217
2022-09-20 20:00:00+00:00,6.318,6.339,6.203,6.269,6396
2022-09-21 00:00:00+00:00,6.26,6.351,6.198,6.34,5177
2022-09-21 04:00:00+00:00,6.34,6.352,6.277,6.321,3829
2022-09-21 08:00:00+00:00,6.322,6.371,6.1370000000000005,6.257,5370
2022-09-21 12:00:00+00:00,6.257,6.41,6.215,6.349,4530
2022-09-21 16:00:00+00:00,6.35,6.3629999999999995,6.248,6.267,5523
2022-09-21 20:00:00+00:00,6.256,6.568,6.158,6.22,9507
2022-09-22 00:00:00+00:00,6.193,6.193,5.965,6.098,6831
2022-09-22 04:00:00+00:00,6.098,6.2620000000000005,6.085,6.249,4679
2022-09-22 08:00:00+00:00,6.248,6.41,6.207,6.38,5473
2022-09-22 12:00:00+00:00,6.38,6.483,6.375,6.458,5547
2022-09-22 16:00:00+00:00,6.458,6.461,6.304,6.371,7536
2022-09-22 20:00:00+00:00,6.371,6.523,6.3469999999999995,6.428,6717
2022-09-23 00:00:00+00:00,6.448,6.513,6.385,6.409,4898
2022-09-23 04:00:00+00:00,6.41,6.629,6.379,6.577,5699
2022-09-23 08:00:00+00:00,6.573,6.6129999999999995,6.355,6.378,5511
2022-09-23 12:00:00+00:00,6.377,6.402,6.25,6.31,6172
2022-09-23 16:00:00+00:00,6.31,6.427,6.186,6.288,8262
2022-09-23 20:00:00+00:00,6.288,6.419,6.224,6.392,7510
2022-09-24 00:00:00+00:00,6.429,6.478,6.376,6.428,3971
2022-09-24 04:00:00+00:00,6.427,6.501,6.396,6.468,4247
2022-09-24 08:00:00+00:00,6.469,6.489,6.365,6.439,3892
2022-09-24 12:00:00+00:00,6.439,6.468,6.378,6.448,3743
2022-09-24 16:00:00+00:00,6.447,6.4719999999999995,6.395,6.431,4375
2022-09-24 20:00:00+00:00,6.43,6.473,6.396,6.428,3463
2022-09-25 00:00:00+00:00,6.429,6.432,6.227,6.291,4826
2022-09-25 04:00:00+00:00,6.291,6.33,6.256,6.318,3141
2022-09-25 08:00:00+00:00,6.318,6.368,6.266,6.321,3570
2022-09-25 12:00:00+00:00,6.321,6.352,6.258,6.31,3474
2022-09-25 16:00:00+00:00,6.31,6.312,6.21,6.227,4504
2022-09-25 20:00:00+00:00,6.222,6.251,6.16,6.2,4358
2022-09-26 00:00:00+00:00,6.186,6.261,6.081,6.197,5563
2022-09-26 04:00:00+00:00,6.186,6.389,6.167,6.2379999999999995,5687
2022-09-26 08:00:00+00:00,6.241,6.409,6.149,6.398,6908
2022-09-26 12:00:00+00:00,6.399,6.484,6.266,6.448,7764
2022-09-26 16:00:00+00:00,6.448,6.548,6.407,6.489,9221
2022-09-26 20:00:00+00:00,6.49,6.574,6.448,6.542,6616
2022-09-27 00:00:00+00:00,6.551,6.639,6.489,6.601,4491
2022-09-27 04:00:00+00:00,6.606,6.7780000000000005,6.594,6.74,6816
2022-09-27 08:00:00+00:00,6.74,6.799,6.684,6.689,6098
2022-09-27 12:00:00+00:00,6.689,6.757,6.666,6.711,6018
2022-09-27 16:00:00+00:00,6.711,6.768,6.281,6.328,9856
2022-09-27 20:00:00+00:00,6.328,6.391,6.2379999999999995,6.349,7224
2022-09-28 00:00:00+00:00,6.346,6.411,6.31,6.37,4551
2022-09-28 04:00:00+00:00,6.37,6.401,6.166,6.26,6441
2022-09-28 08:00:00+00:00,6.26,6.309,6.229,6.271,5422
2022-09-28 12:00:00+00:00,6.271,6.362,6.209,6.329,7489
2022-09-28 16:00:00+00:00,6.329,6.448,6.299,6.3870000000000005,8207
2022-09-28 20:00:00+00:00,6.388,6.461,6.339,6.429,6251
2022-09-29 00:00:00+00:00,6.428,6.432,6.357,6.388,4891
2022-09-29 04:00:00+00:00,6.3870000000000005,6.469,6.375,6.43,5329
2022-09-29 08:00:00+00:00,6.43,6.4719999999999995,6.338,6.383,5792
2022-09-29 12:00:00+00:00,6.382,6.483,6.348,6.386,6169
2022-09-29 16:00:00+00:00,6.3870000000000005,6.413,6.251,6.358,7820
2022-09-29 20:00:00+00:00,6.357,6.413,6.319,6.393,5891
2022-09-30 00:00:00+00:00,6.408,6.469,6.356,6.451,4718
2022-09-30 04:00:00+00:00,6.451,6.469,6.3870000000000005,6.419,4664
2022-09-30 08:00:00+00:00,6.419,6.532,6.406,6.511,4156
2022-09-30 12:00:00+00:00,6.511,6.516,6.346,6.41,5513
2022-09-30 16:00:00+00:00,6.41,6.566,6.3469999999999995,6.441,7865
2022-09-30 20:00:00+00:00,6.441,6.474,6.209,6.247,6422
2022-10-01 00:00:00+00:00,6.26,6.332,6.236,6.297,3196
2022-10-01 04:00:00+00:00,6.297,6.323,6.259,6.302,2855
2022-10-01 08:00:00+00:00,6.302,6.322,6.257,6.31,2642
2022-10-01 12:00:00+00:00,6.311,6.323,6.255,6.289,2997
2022-10-01 16:00:00+00:00,6.29,6.312,6.234,6.251,3341
2022-10-01 20:00:00+00:00,6.25,6.282,6.205,6.259,3109
2022-10-02 00:00:00+00:00,6.261,6.292,6.247,6.268,2100
2022-10-02 04:00:00+00:00,6.268,6.318,6.257,6.309,2196
2022-10-02 08:00:00+00:00,6.309,6.322,6.268,6.308,2742
2022-10-02 12:00:00+00:00,6.308,6.308,6.146,6.198,3591
2022-10-02 16:00:00+00:00,6.198,6.248,6.177,6.237,3077
2022-10-02 20:00:00+00:00,6.2379999999999995,6.268,6.224,6.257,773
2022-10-03 00:00:00+00:00,6.26,6.272,6.126,6.187,2148
2022-10-03 04:00:00+00:00,6.188,6.261,6.179,6.179,3782
2022-10-03 08:00:00+00:00,6.179,6.263,6.175,6.228,4071
2022-10-03 12:00:00+00:00,6.228,6.302,6.205,6.291,3555
2022-10-03 16:00:00+00:00,6.291,6.3629999999999995,6.245,6.32,5688
2022-10-03 20:00:00+00:00,6.32,6.385,6.29,6.37,4065
2022-10-04 00:00:00+00:00,6.37,6.404,6.34,6.361,3299
2022-10-04 04:00:00+00:00,6.361,6.385,6.336,6.352,2608
2022-10-04 08:00:00+00:00,6.352,6.474,6.346,6.42,4073
2022-10-04 12:00:00+00:00,6.419,6.476,6.391,6.463,3521
2022-10-04 16:00:00+00:00,6.463,6.506,6.42,6.432,4641
2022-10-04 20:00:00+00:00,6.431,6.532,6.3870000000000005,6.503,4199
2022-10-05 00:00:00+00:00,6.504,6.513,6.444,6.453,3319
2022-10-05 04:00:00+00:00,6.452,6.464,6.378,6.411,3013
2022-10-05 08:00:00+00:00,6.411,6.464,6.351,6.39,3467
2022-10-05 12:00:00+00:00,6.389,6.391,6.296,6.322,3890
2022-10-05 16:00:00+00:00,6.322,6.384,6.267,6.368,5286
2022-10-05 20:00:00+00:00,6.369,6.43,6.341,6.381,4238
2022-10-06 00:00:00+00:00,6.4,6.485,6.376,6.452,3417
2022-10-06 04:00:00+00:00,6.453,6.513,6.452,6.471,3903
2022-10-06 08:00:00+00:00,6.471,6.484,6.41,6.448,3826
2022-10-06 12:00:00+00:00,6.448,6.49,6.397,6.442,3751
2022-10-06 16:00:00+00:00,6.442,6.474,6.344,6.382,6140
2022-10-06 20:00:00+00:00,6.382,6.413,6.3469999999999995,6.372,4203
2022-10-07 00:00:00+00:00,6.351,6.37,6.305,6.348,3001
2022-10-07 04:00:00+00:00,6.348,6.381,6.336,6.35,2293
2022-10-07 08:00:00+00:00,6.35,6.39,6.334,6.37,2937
2022-10-07 12:00:00+00:00,6.37,6.382,6.245,6.29,3013
2022-10-07 16:00:00+00:00,6.289,6.322,6.246,6.289,4880
2022-10-07 20:00:00+00:00,6.29,6.322,6.268,6.317,3287
2022-10-08 00:00:00+00:00,6.329,6.385,6.309,6.38,1555
2022-10-08 04:00:00+00:00,6.38,6.39,6.33,6.337,1806
2022-10-08 08:00:00+00:00,6.338,6.364,6.327,6.34,1759
2022-10-08 12:00:00+00:00,6.34,6.3629999999999995,6.333,6.351,1586
2022-10-08 16:00:00+00:00,6.351,6.353,6.311,6.352,2014
2022-10-08 20:00:00+00:00,6.352,6.354,6.304,6.321,1770
2022-10-09 00:00:00+00:00,6.32,6.322,6.257,6.301,2365
2022-10-09 04:00:00+00:00,6.301,6.314,6.275,6.31,1792
2022-10-09 08:00:00+00:00,6.31,6.3629999999999995,6.308,6.35,1309
2022-10-09 12:00:00+00:00,6.349,6.414,6.332,6.4,2057
2022-10-09 16:00:00+00:00,6.4,6.494,6.378,6.479,2291
2022-10-09 20:00:00+00:00,6.48,6.487,6.446,6.463,2447
2022-10-10 00:00:00+00:00,6.46,6.534,6.428,6.521,2668
2022-10-10 04:00:00+00:00,6.521,6.541,6.434,6.462,2511
2022-10-10 08:00:00+00:00,6.462,6.468,6.266,6.308,4020
2022-10-10 12:00:00+00:00,6.307,6.382,6.301,6.381,3362
2022-10-10 16:00:00+00:00,6.381,6.399,6.293,6.308,4829
2022-10-10 20:00:00+00:00,6.309,6.371,6.304,6.346,3847
2022-10-11 00:00:00+00:00,6.366,6.366,6.125,6.189,3905
2022-10-11 04:00:00+00:00,6.189,6.2,6.134,6.176,3172
2022-10-11 08:00:00+00:00,6.176,6.212,6.164,6.198,2898
2022-10-11 12:00:00+00:00,6.197,6.242,6.154,6.198,3294
2022-10-11 16:00:00+00:00,6.197,6.242,6.135,6.23,5146
2022-10-11 20:00:00+00:00,6.231,6.242,6.162,6.179,4126
2022-10-12 00:00:00+00:00,6.178,6.212,6.145,6.2,2669
2022-10-12 04:00:00+00:00,6.201,6.222,6.153,6.208,2402
2022-10-12 08:00:00+00:00,6.208,6.231,6.186,6.209,3055
2022-10-12 12:00:00+00:00,6.209,6.241,6.146,6.177,2886
2022-10-12 16:00:00+00:00,6.178,6.212,6.153,6.157,3479
2022-10-12 20:00:00+00:00,6.157,6.182,6.124,6.151,2693
2022-10-13 00:00:00+00:00,6.151,6.18,6.15,6.159,1441
2022-10-13 04:00:00+00:00,6.159,6.167,6.016,6.089,2866
2022-10-13 08:00:00+00:00,6.088,6.092,5.82,5.89,4584
2022-10-13 12:00:00+00:00,5.89,5.927,5.702,5.846,5925
2022-10-13 16:00:00+00:00,5.841,6.064,5.779,6.038,7456
2022-10-13 20:00:00+00:00,6.038,6.151,6.026,6.122,4841
2022-10-14 00:00:00+00:00,6.123,6.152,6.083,6.103,2757
2022-10-14 04:00:00+00:00,6.103,6.263,6.102,6.23,4037
2022-10-14 08:00:00+00:00,6.23,6.243,6.171,6.199,3090
2022-10-14 12:00:00+00:00,6.199,6.255,6.167,6.251,3429
2022-10-14 16:00:00+00:00,6.251,6.253,6.026,6.079,5814
2022-10-14 20:00:00+00:00,6.079,6.094,6.024,6.058,3859
2022-10-15 00:00:00+00:00,6.04,6.063,6.005,6.049,1934
2022-10-15 04:00:00+00:00,6.049,6.074,6.026,6.06,1730
2022-10-15 08:00:00+00:00,6.061,6.092,6.016,6.031,2163
2022-10-15 12:00:00+00:00,6.03,6.093,6.025,6.071,1086
2022-10-15 16:00:00+00:00,6.071,6.091,6.046,6.06,2087
2022-10-15 20:00:00+00:00,6.06,6.084,6.027,6.082,1617
2022-10-16 00:00:00+00:00,6.068,6.132,6.028,6.112,2511
2022-10-16 04:00:00+00:00,6.111,6.142,6.102,6.129,2171
2022-10-16 08:00:00+00:00,6.13,6.183,6.107,6.169,1807
2022-10-16 12:00:00+00:00,6.169,6.17,6.125,6.139,2018
2022-10-16 16:00:00+00:00,6.139,6.169,6.12,6.141,2168
2022-10-16 20:00:00+00:00,6.141,6.243,6.125,6.211,2587
2022-10-17 00:00:00+00:00,6.21,6.216,6.119,6.161,2996
2022-10-17 04:00:00+00:00,6.161,6.174,6.115,6.16,2212
2022-10-17 08:00:00+00:00,6.16,6.211,6.148,6.158,2766
2022-10-17 12:00:00+00:00,6.159,6.228,6.158,6.21,3401
2022-10-17 16:00:00+00:00,6.21,6.263,6.194,6.211,4335
2022-10-17 20:00:00+00:00,6.21,6.233,6.178,6.213,2889
2022-10-18 00:00:00+00:00,6.209,6.285,6.196,6.2620000000000005,2918
2022-10-18 04:00:00+00:00,6.2620000000000005,6.293,6.197,6.232,2948
2022-10-18 08:00:00+00:00,6.232,6.2620000000000005,6.15,6.151,3022
2022-10-18 12:00:00+00:00,6.152,6.223,6.127,6.212,3087
2022-10-18 16:00:00+00:00,6.212,6.221,6.081,6.131,4689
2022-10-18 20:00:00+00:00,6.131,6.193,6.057,6.17,4201
2022-10-19 00:00:00+00:00,6.162,6.17,6.1,6.111,2869
2022-10-19 04:00:00+00:00,6.111,6.142,6.094,6.11,2190
2022-10-19 08:00:00+00:00,6.111,6.122,6.054,6.109,2439
2022-10-19 12:00:00+00:00,6.108,6.141,6.075,6.107,2861
2022-10-19 16:00:00+00:00,6.107,6.25,6.077,6.197,3934
2022-10-19 20:00:00+00:00,6.197,6.239,6.166,6.198,2977
2022-10-20 00:00:00+00:00,6.202,6.224,5.987,6.005,3694
2022-10-20 04:00:00+00:00,6.006,6.139,5.985,6.1370000000000005,3148
2022-10-20 08:00:00+00:00,6.138,6.149,6.095,6.098,2909
2022-10-20 12:00:00+00:00,6.099,6.142,6.076,6.082,3619
2022-10-20 16:00:00+00:00,6.081,6.138,6.074,6.09,3597
2022-10-20 20:00:00+00:00,6.09,6.091,5.8870000000000005,5.917,4524
2022-10-21 00:00:00+00:00,5.848,5.901,5.7780000000000005,5.846,3471
2022-10-21 04:00:00+00:00,5.846,5.883,5.816,5.859,2870
2022-10-21 08:00:00+00:00,5.859,5.869,5.725,5.77,3255
2022-10-21 12:00:00+00:00,5.77,5.86,5.728,5.821,3726
2022-10-21 16:00:00+00:00,5.821,5.891,5.757,5.827,5615
2022-10-21 20:00:00+00:00,5.827,5.883,5.7780000000000005,5.843,3407
2022-10-22 00:00:00+00:00,5.83,5.843,5.807,5.832,1694
2022-10-22 04:00:00+00:00,5.832,5.841,5.775,5.779,1565
2022-10-22 08:00:00+00:00,5.779,5.824,5.766,5.812,1981
2022-10-22 12:00:00+00:00,5.812,5.852,5.796,5.8309999999999995,2509
2022-10-22 16:00:00+00:00,5.8309999999999995,5.8629999999999995,5.784,5.806,2550
2022-10-22 20:00:00+00:00,5.807,5.838,5.7940000000000005,5.837,1875
2022-10-23 00:00:00+00:00,5.839,5.862,5.817,5.828,1626
2022-10-23 04:00:00+00:00,5.827,5.877,5.795,5.838,2333
2022-10-23 08:00:00+00:00,5.838,5.851,5.818,5.832,1553
2022-10-23 12:00:00+00:00,5.8309999999999995,5.842,5.746,5.806,2180
2022-10-23 16:00:00+00:00,5.806,5.832,5.793,5.822,2175
2022-10-23 20:00:00+00:00,5.823,5.944,5.819,5.898,3628
2022-10-24 00:00:00+00:00,5.902,5.984,5.892,5.938,3356
2022-10-24 04:00:00+00:00,5.938,5.942,5.816,5.853,3285
2022-10-24 08:00:00+00:00,5.852,5.862,5.8,5.85,3579
2022-10-24 12:00:00+00:00,5.85,5.904,5.8309999999999995,5.889,3631
2022-10-24 16:00:00+00:00,5.888,5.892,5.7940000000000005,5.86,5043
2022-10-24 20:00:00+00:00,5.86,5.905,5.844,5.893,2921
2022-10-25 00:00:00+00:00,5.893,5.954,5.856,5.929,2945
2022-10-25 04:00:00+00:00,5.928,5.943,5.888,5.9190000000000005,2431
2022-10-25 08:00:00+00:00,5.92,5.96,5.898,5.937,2483
2022-10-25 12:00:00+00:00,5.937,5.969,5.914,5.962,2616
2022-10-25 16:00:00+00:00,5.962,6.383,5.96,6.371,6372
2022-10-25 20:00:00+00:00,6.372,6.621,6.371,6.473,7927
2022-10-26 00:00:00+00:00,6.46,6.485,6.396,6.474,3870
2022-10-26 04:00:00+00:00,6.474,6.514,6.429,6.481,3706
2022-10-26 08:00:00+00:00,6.482,6.584,6.458,6.573,4744
2022-10-26 12:00:00+00:00,6.574,6.603,6.438,6.461,4935
2022-10-26 16:00:00+00:00,6.461,6.579,6.406,6.46,7027
2022-10-26 20:00:00+00:00,6.459,6.505,6.426,6.452,4249
2022-10-27 00:00:00+00:00,6.451,6.5120000000000005,6.422,6.483,3087
2022-10-27 04:00:00+00:00,6.483,6.534,6.451,6.522,3653
2022-10-27 08:00:00+00:00,6.521,6.636,6.456,6.5,4707
2022-10-27 12:00:00+00:00,6.5,6.534,6.402,6.533,4565
2022-10-27 16:00:00+00:00,6.537,6.539,6.371,6.408,6285
2022-10-27 20:00:00+00:00,6.408,6.465,6.277,6.35,3892
2022-10-28 00:00:00+00:00,6.329,6.3629999999999995,6.259,6.349,3730
2022-10-28 04:00:00+00:00,6.349,6.4030000000000005,6.307,6.379,3405
2022-10-28 08:00:00+00:00,6.379,6.411,6.317,6.391,3798
2022-10-28 12:00:00+00:00,6.391,6.413,6.306,6.391,3865
2022-10-28 16:00:00+00:00,6.391,6.535,6.3870000000000005,6.521,6269
2022-10-28 20:00:00+00:00,6.521,6.555,6.466,6.486,2443
2022-10-29 00:00:00+00:00,6.5120000000000005,6.54,6.484,6.531,1974
2022-10-29 04:00:00+00:00,6.531,6.683,6.511,6.582,3394
2022-10-29 08:00:00+00:00,6.582,6.692,6.555,6.67,3476
2022-10-29 12:00:00+00:00,6.67,6.681,6.538,6.571,3617
2022-10-29 16:00:00+00:00,6.571,6.769,6.49,6.693,5230
2022-10-29 20:00:00+00:00,6.693,6.764,6.6,6.66,5506
2022-10-30 00:00:00+00:00,6.662,6.692,6.5600000000000005,6.5809999999999995,3482
2022-10-30 04:00:00+00:00,6.5809999999999995,6.65,6.569,6.601,2460
2022-10-30 08:00:00+00:00,6.602,6.744,6.579,6.651,2903
2022-10-30 12:00:00+00:00,6.651,6.654,6.54,6.602,3881
2022-10-30 16:00:00+00:00,6.602,6.629,6.51,6.55,4265
2022-10-30 20:00:00+00:00,6.55,6.645,6.53,6.632,2708
2022-10-31 00:00:00+00:00,6.641,6.694,6.536,6.63,3846
2022-10-31 04:00:00+00:00,6.63,6.791,6.567,6.71,4895
2022-10-31 08:00:00+00:00,6.71,6.734,6.627,6.667,4233
2022-10-31 12:00:00+00:00,6.667,6.83,6.645,6.739,5924
2022-10-31 16:00:00+00:00,6.739,6.799,6.578,6.628,7775
2022-10-31 20:00:00+00:00,6.628,6.694,6.608,6.629,4435
2022-11-01 00:00:00+00:00,6.62,6.652,6.566,6.615,4297
2022-11-01 04:00:00+00:00,6.614,6.689,6.584,6.607,4720
2022-11-01 08:00:00+00:00,6.608,6.709,6.604,6.675,4368
2022-11-01 12:00:00+00:00,6.675,6.691,6.586,6.609,4585
2022-11-01 16:00:00+00:00,6.609,6.609,6.454,6.468,5432
2022-11-01 20:00:00+00:00,6.468,6.511,6.457,6.48,3087
2022-11-02 00:00:00+00:00,6.47,6.482,6.394,6.458,2774
2022-11-02 04:00:00+00:00,6.457,6.459,6.394,6.436,2485
2022-11-02 08:00:00+00:00,6.435,6.459,6.315,6.428,3413
2022-11-02 12:00:00+00:00,6.428,6.458,6.274,6.336,4396
2022-11-02 16:00:00+00:00,6.336,6.39,6.259,6.339,4184
2022-11-02 20:00:00+00:00,6.339,6.522,6.156,6.21,7756
2022-11-03 00:00:00+00:00,6.217,6.333,6.166,6.321,3600
2022-11-03 04:00:00+00:00,6.322,6.5,6.316,6.42,3959
2022-11-03 08:00:00+00:00,6.42,6.532,6.405,6.448,4293
2022-11-03 12:00:00+00:00,6.448,6.492,6.314,6.357,5125
2022-11-03 16:00:00+00:00,6.357,6.49,6.339,6.4879999999999995,6268
2022-11-03 20:00:00+00:00,6.4879999999999995,6.519,6.437,6.459,3677
2022-11-04 00:00:00+00:00,6.46,6.562,6.379,6.5280000000000005,3823
2022-11-04 04:00:00+00:00,6.5280000000000005,6.614,6.499,6.594,4333
2022-11-04 08:00:00+00:00,6.594,6.732,6.57,6.697,4278
2022-11-04 12:00:00+00:00,6.697,6.818,6.61,6.806,4751
2022-11-04 16:00:00+00:00,6.806,6.959,6.716,6.797,9049
2022-11-04 20:00:00+00:00,6.797,7.003,6.765,6.989,5734
2022-11-05 00:00:00+00:00,6.968,7.172,6.947,7.148,4508
2022-11-05 04:00:00+00:00,7.142,7.236,7.015,7.019,5204
2022-11-05 08:00:00+00:00,7.018,7.095,6.958,7.001,4005
2022-11-05 12:00:00+00:00,7.001,7.094,6.947,7.012,4344
2022-11-05 16:00:00+00:00,7.012,7.244,6.967,7.168,5047
2022-11-05 20:00:00+00:00,7.16,7.162,7.038,7.1,3735
2022-11-06 00:00:00+00:00,7.098,7.103,6.934,7.017,4150
2022-11-06 04:00:00+00:00,7.017,7.069,6.975,7.019,3819
2022-11-06 08:00:00+00:00,7.02,7.07,6.946,7.028,2475
2022-11-06 12:00:00+00:00,7.029,7.129,7.023,7.038,3499
2022-11-06 16:00:00+00:00,7.038,7.142,6.99,7.078,4555
2022-11-06 20:00:00+00:00,7.077,7.091,6.948,6.95,3298
2022-11-07 00:00:00+00:00,6.97,6.994,6.779,6.879,5034
2022-11-07 04:00:00+00:00,6.879,6.9399999999999995,6.843,6.867,3973
2022-11-07 08:00:00+00:00,6.867,6.882,6.649,6.742,5218
2022-11-07 12:00:00+00:00,6.742,6.947,6.74,6.9030000000000005,6998
2022-11-07 16:00:00+00:00,6.9030000000000005,7.211,6.89,7.207,9010
2022-11-07 20:00:00+00:00,7.207,7.409,7.203,7.21,8156
2022-11-08 00:00:00+00:00,7.182,7.201,6.996,7.102,7397
2022-11-08 04:00:00+00:00,7.101,7.124,6.3629999999999995,6.511,10876
2022-11-08 08:00:00+00:00,6.51,6.701,6.475,6.611,8577
2022-11-08 12:00:00+00:00,6.61,6.634,6.516,6.52,7066
2022-11-08 16:00:00+00:00,6.521,6.953,6.406,6.49,7619
2022-11-08 20:00:00+00:00,6.494,6.577,6.059,6.276,7649
2022-11-09 00:00:00+00:00,6.228,6.38,6.197,6.216,9377
2022-11-09 04:00:00+00:00,6.215,6.308,6.053,6.162,10283
2022-11-09 08:00:00+00:00,6.163,6.318,5.987,6.054,11852
2022-11-09 12:00:00+00:00,6.054,6.298,5.882,6.139,12854
2022-11-09 16:00:00+00:00,6.139,6.198,5.876,5.895,12540
2022-11-09 20:00:00+00:00,5.895,5.992,5.326,5.431,12260
2022-11-10 00:00:00+00:00,5.457,5.569,5.307,5.393,10205
2022-11-10 04:00:00+00:00,5.393,5.752,5.343,5.741,8552
2022-11-10 08:00:00+00:00,5.741,5.792,5.579,5.694,8360
2022-11-10 12:00:00+00:00,5.692,6.047,5.533,6.031,9725
2022-11-10 16:00:00+00:00,6.031,6.156,5.828,5.893,10443
2022-11-10 20:00:00+00:00,5.888,6.037,5.842,5.976,7621
2022-11-11 00:00:00+00:00,5.977,6.006,5.775,5.788,6764
2022-11-11 04:00:00+00:00,5.789,5.806,5.644,5.779,6869
2022-11-11 08:00:00+00:00,5.779,5.83,5.717,5.773,6249
2022-11-11 12:00:00+00:00,5.773,5.9030000000000005,5.739,5.837,6078
2022-11-11 16:00:00+00:00,5.837,5.837,5.482,5.601,8930
2022-11-11 20:00:00+00:00,5.601,5.68,5.545,5.635,5965
2022-11-12 00:00:00+00:00,5.743,5.782,5.671,5.74,4483
2022-11-12 04:00:00+00:00,5.74,5.813,5.542,5.576,6046
2022-11-12 08:00:00+00:00,5.575,5.724,5.556,5.67,6182
2022-11-12 12:00:00+00:00,5.67,5.737,5.648,5.7059999999999995,5116
2022-11-12 16:00:00+00:00,5.7059999999999995,5.809,5.652,5.802,5647
2022-11-12 20:00:00+00:00,5.802,5.852,5.767,5.824,4592
2022-11-13 00:00:00+00:00,5.8149999999999995,5.856,5.712,5.814,4443
2022-11-13 04:00:00+00:00,5.814,5.854,5.791,5.823,3463
2022-11-13 08:00:00+00:00,5.822,5.9399999999999995,5.647,5.674,6347
2022-11-13 12:00:00+00:00,5.674,5.842,5.652,5.789,5649
2022-11-13 16:00:00+00:00,5.789,5.878,5.703,5.749,6294
2022-11-13 20:00:00+00:00,5.748,5.808,5.61,5.678,5755
2022-11-14 00:00:00+00:00,5.676,5.768,5.486,5.536,6531
2022-11-14 04:00:00+00:00,5.535,5.573,5.427,5.527,6489
2022-11-14 08:00:00+00:00,5.527,5.833,5.506,5.78,7917
2022-11-14 12:00:00+00:00,5.78,5.875,5.683,5.757,5942
2022-11-14 16:00:00+00:00,5.755,5.861,5.655,5.795,7011
2022-11-14 20:00:00+00:00,5.796,5.799,5.674,5.768,5165
2022-11-15 00:00:00+00:00,5.775,5.88,5.759,5.839,5272
2022-11-15 04:00:00+00:00,5.839,5.888,5.812,5.814,3583
2022-11-15 08:00:00+00:00,5.8149999999999995,5.93,5.814,5.901,4203
2022-11-15 12:00:00+00:00,5.901,6.02,5.867,5.991,4951
2022-11-15 16:00:00+00:00,5.991,6.032,5.957,6.01,5837
2022-11-15 20:00:00+00:00,6.009,6.011,5.872,5.901,5316
2022-11-16 00:00:00+00:00,5.9,5.929,5.858,5.929,4284
2022-11-16 04:00:00+00:00,5.93,5.982,5.905,5.963,3500
2022-11-16 08:00:00+00:00,5.963,5.983,5.814,5.832,4322
2022-11-16 12:00:00+00:00,5.832,5.852,5.689,5.701,5498
2022-11-16 16:00:00+00:00,5.702,5.712,5.598,5.695,5788
2022-11-16 20:00:00+00:00,5.694,5.704,5.629,5.679,3241
2022-11-17 00:00:00+00:00,5.678,5.723,5.66,5.693,3249
2022-11-17 04:00:00+00:00,5.693,5.696,5.641,5.679,1994
2022-11-17 08:00:00+00:00,5.679,5.695,5.602,5.6129999999999995,3682
2022-11-17 12:00:00+00:00,5.612,5.644,5.555,5.595,3930
2022-11-17 16:00:00+00:00,5.595,5.6899999999999995,5.563,5.688,4947
2022-11-17 20:00:00+00:00,5.688,5.708,5.66,5.687,2647
2022-11-18 00:00:00+00:00,5.678,5.727,5.643,5.712,3330
2022-11-18 04:00:00+00:00,5.712,5.766,5.7,5.725,2465
2022-11-18 08:00:00+00:00,5.725,5.735,5.67,5.674,2160
2022-11-18 12:00:00+00:00,5.673,5.746,5.672,5.721,2260
2022-11-18 16:00:00+00:00,5.721,5.735,5.632,5.645,3515
2022-11-18 20:00:00+00:00,5.644,5.656,5.6,5.626,2232
2022-11-19 00:00:00+00:00,5.604,5.645,5.5969999999999995,5.6129999999999995,1641
2022-11-19 04:00:00+00:00,5.6129999999999995,5.615,5.523,5.556,2265
2022-11-19 08:00:00+00:00,5.555,5.557,5.476,5.545,1748
2022-11-19 12:00:00+00:00,5.5440000000000005,5.5649999999999995,5.542,5.552,1469
2022-11-19 16:00:00+00:00,5.552,5.596,5.541,5.562,2144
2022-11-19 20:00:00+00:00,5.562,5.571,5.543,5.564,1512
2022-11-20 00:00:00+00:00,5.59,5.643,5.578,5.601,2545
2022-11-20 04:00:00+00:00,5.602,5.612,5.58,5.59,1422
2022-11-20 08:00:00+00:00,5.59,5.611,5.5120000000000005,5.55,1595
2022-11-20 12:00:00+00:00,5.55,5.563,5.411,5.456,3513
2022-11-20 16:00:00+00:00,5.455,5.466,5.402,5.413,2275
2022-11-20 20:00:00+00:00,5.413,5.447,5.2620000000000005,5.279,3398
2022-11-21 00:00:00+00:00,5.287,5.321,5.188,5.237,5001
2022-11-21 04:00:00+00:00,5.2379999999999995,5.268,5.126,5.259,5171
2022-11-21 08:00:00+00:00,5.259,5.269,5.155,5.205,3890
2022-11-21 12:00:00+00:00,5.206,5.26,5.17,5.25,3627
2022-11-21 16:00:00+00:00,5.251,5.2620000000000005,5.13,5.16,4416
2022-11-21 20:00:00+00:00,5.159,5.217,5.054,5.138,5765
2022-11-22 00:00:00+00:00,5.173,5.243,5.145,5.184,3700
2022-11-22 04:00:00+00:00,5.184,5.192,5.12,5.123,2516
2022-11-22 08:00:00+00:00,5.123,5.132,4.9879999999999995,4.997,3503
2022-11-22 12:00:00+00:00,4.996,5.293,4.986,5.282,4125
2022-11-22 16:00:00+00:00,5.282,5.305,5.203,5.212,4117
2022-11-22 20:00:00+00:00,5.213,5.271,5.201,5.269,3154
2022-11-23 00:00:00+00:00,5.2620000000000005,5.293,5.227,5.25,2979
2022-11-23 04:00:00+00:00,5.25,5.404,5.25,5.39,3761
2022-11-23 08:00:00+00:00,5.39,5.4719999999999995,5.372,5.384,2865
2022-11-23 12:00:00+00:00,5.382,5.417,5.303,5.312,3549
2022-11-23 16:00:00+00:00,5.312,5.383,5.303,5.324,3257
2022-11-23 20:00:00+00:00,5.324,5.424,5.322,5.402,3795
2022-11-24 00:00:00+00:00,5.4030000000000005,5.455,5.381,5.452,3105
2022-11-24 04:00:00+00:00,5.452,5.475,5.414,5.458,3597
2022-11-24 08:00:00+00:00,5.458,5.507,5.411,5.441,3032
2022-11-24 12:00:00+00:00,5.441,5.447,5.341,5.375,3118
2022-11-24 16:00:00+00:00,5.374,5.415,5.341,5.376,3363
2022-11-24 20:00:00+00:00,5.376,5.378,5.324,5.345,2461
2022-11-25 00:00:00+00:00,5.345,5.404,5.3,5.326,2932
2022-11-25 04:00:00+00:00,5.326,5.334,5.243,5.255,3852
2022-11-25 08:00:00+00:00,5.255,5.3,5.245,5.2780000000000005,3299
2022-11-25 12:00:00+00:00,5.279,5.373,5.263,5.273,3856
2022-11-25 16:00:00+00:00,5.273,5.299,5.246,5.286,3129
2022-11-25 20:00:00+00:00,5.286,5.305,5.256,5.277,2095
2022-11-26 00:00:00+00:00,5.258,5.344,5.235,5.313,3125
2022-11-26 04:00:00+00:00,5.314,5.337,5.287,5.336,2467
2022-11-26 08:00:00+00:00,5.335,5.41,5.294,5.407,2909
2022-11-26 12:00:00+00:00,5.408,5.426,5.375,5.404,2030
2022-11-26 16:00:00+00:00,5.405,5.446,5.324,5.364,3365
2022-11-26 20:00:00+00:00,5.364,5.374,5.29,5.318,1873
2022-11-27 00:00:00+00:00,5.318,5.331,5.255,5.329,2706
2022-11-27 04:00:00+00:00,5.33,5.389,5.328,5.359,2494
2022-11-27 08:00:00+00:00,5.359,5.427,5.344,5.349,2088
2022-11-27 12:00:00+00:00,5.335,5.386,5.317,5.385,2755
2022-11-27 16:00:00+00:00,5.384,5.419,5.365,5.375,3403
2022-11-27 20:00:00+00:00,5.374,5.402,5.374,5.39,3383
2022-11-28 00:00:00+00:00,5.39,5.392,5.055,5.095,5828
2022-11-28 04:00:00+00:00,5.095,5.157,5.056,5.119,4669
2022-11-28 08:00:00+00:00,5.119,5.19,5.114,5.174,4156
2022-11-28 12:00:00+00:00,5.174,5.198,5.126,5.146,4001
2022-11-28 16:00:00+00:00,5.147,5.225,5.069,5.188,5454
2022-11-28 20:00:00+00:00,5.188,5.198,5.145,5.167,3474
2022-11-29 00:00:00+00:00,5.169,5.17,5.088,5.157,3733
2022-11-29 04:00:00+00:00,5.158,5.268,5.146,5.247,3586
2022-11-29 08:00:00+00:00,5.247,5.3,5.244,5.285,3077
2022-11-29 12:00:00+00:00,5.285,5.307,5.237,5.258,3115
2022-11-29 16:00:00+00:00,5.258,5.296,5.217,5.246,3551
2022-11-29 20:00:00+00:00,5.247,5.3469999999999995,5.244,5.306,2650
2022-11-30 00:00:00+00:00,5.307,5.497,5.296,5.447,3894
2022-11-30 04:00:00+00:00,5.447,5.468,5.345,5.388,3379
2022-11-30 08:00:00+00:00,5.3870000000000005,5.441,5.348,5.386,3081
2022-11-30 12:00:00+00:00,5.385,5.42,5.355,5.369,3315
2022-11-30 16:00:00+00:00,5.369,5.418,5.296,5.328,3092
2022-11-30 20:00:00+00:00,5.327,5.46,5.298,5.457,5157
2022-12-01 00:00:00+00:00,5.459,5.484,5.389,5.417,3940
2022-12-01 04:00:00+00:00,5.417,5.432,5.377,5.399,2433
2022-12-01 08:00:00+00:00,5.398,5.402,5.359,5.379,2206
2022-12-01 12:00:00+00:00,5.379,5.434,5.33,5.3629999999999995,3036
2022-12-01 16:00:00+00:00,5.3629999999999995,5.393,5.31,5.386,3943
2022-12-01 20:00:00+00:00,5.385,5.397,5.3469999999999995,5.381,1994
2022-12-02 00:00:00+00:00,5.382,5.474,5.361,5.41,2799
2022-12-02 04:00:00+00:00,5.409,5.46,5.368,5.411,2938
2022-12-02 08:00:00+00:00,5.411,5.557,5.39,5.537,2679
2022-12-02 12:00:00+00:00,5.538,5.63,5.5280000000000005,5.552,4767
2022-12-02 16:00:00+00:00,5.551,5.678,5.529,5.602,3903
2022-12-02 20:00:00+00:00,5.601,5.632,5.59,5.612,2435
2022-12-03 00:00:00+00:00,5.631,5.701,5.609,5.629,2475
2022-12-03 04:00:00+00:00,5.624,5.639,5.572,5.592,2333
2022-12-03 08:00:00+00:00,5.591,5.593,5.53,5.58,2860
2022-12-03 12:00:00+00:00,5.579,5.593,5.556,5.571,2050
2022-12-03 16:00:00+00:00,5.571,5.58,5.527,5.559,2552
2022-12-03 20:00:00+00:00,5.559,5.561,5.516,5.532,3330
2022-12-04 00:00:00+00:00,5.522,5.55,5.481,5.538,4008
2022-12-04 04:00:00+00:00,5.538,5.549,5.51,5.539,2579
2022-12-04 08:00:00+00:00,5.54,5.6,5.532,5.533,2424
2022-12-04 12:00:00+00:00,5.532,5.548,5.498,5.52,3161
2022-12-04 16:00:00+00:00,5.521,5.563,5.503,5.55,2813
2022-12-04 20:00:00+00:00,5.55,5.578,5.517,5.5600000000000005,3362
2022-12-05 00:00:00+00:00,5.559,5.647,5.557,5.63,3289
2022-12-05 04:00:00+00:00,5.631,5.723,5.629,5.71,3250
2022-12-05 08:00:00+00:00,5.71,5.721,5.679,5.681,2734
2022-12-05 12:00:00+00:00,5.681,5.683,5.609,5.611,2017
2022-12-05 16:00:00+00:00,5.611,5.623,5.51,5.547,4028
2022-12-05 20:00:00+00:00,5.548,5.5600000000000005,5.434,5.489,2899
2022-12-06 00:00:00+00:00,5.4879999999999995,5.506,5.456,5.496,2596
2022-12-06 04:00:00+00:00,5.496,5.503,5.461,5.469,2009
2022-12-06 08:00:00+00:00,5.468,5.494,5.45,5.45,2789
2022-12-06 12:00:00+00:00,5.451,5.49,5.419,5.478,3017
2022-12-06 16:00:00+00:00,5.478,5.491,5.438,5.46,3273
2022-12-06 20:00:00+00:00,5.46,5.471,5.44,5.457,2362
2022-12-07 00:00:00+00:00,5.457,5.516,5.427,5.48,2597
2022-12-07 04:00:00+00:00,5.48,5.481,5.443,5.449,1526
2022-12-07 08:00:00+00:00,5.449,5.449,5.228,5.297,4592
2022-12-07 12:00:00+00:00,5.296,5.339,5.287,5.328,2791
2022-12-07 16:00:00+00:00,5.328,5.341,5.269,5.271,2341
2022-12-07 20:00:00+00:00,5.27,5.294,5.246,5.266,2499
2022-12-08 00:00:00+00:00,5.267,5.311,5.253,5.272,2469
2022-12-08 04:00:00+00:00,5.272,5.317,5.258,5.288,2514
2022-12-08 08:00:00+00:00,5.288,5.311,5.276,5.279,2651
2022-12-08 12:00:00+00:00,5.2780000000000005,5.318,5.246,5.311,3488
2022-12-08 16:00:00+00:00,5.311,5.328,5.287,5.318,2529
2022-12-08 20:00:00+00:00,5.319,5.458,5.31,5.407,2694
2022-12-09 00:00:00+00:00,5.407,5.437,5.394,5.419,1629
2022-12-09 04:00:00+00:00,5.418,5.421,5.38,5.38,1081
2022-12-09 08:00:00+00:00,5.38,5.412,5.375,5.399,1336
2022-12-09 12:00:00+00:00,5.399,5.411,5.327,5.35,2231
2022-12-09 16:00:00+00:00,5.351,5.352,5.304,5.318,2480
2022-12-09 20:00:00+00:00,5.318,5.319,5.247,5.271,2761
2022-12-10 00:00:00+00:00,5.277,5.293,5.271,5.287,1518
2022-12-10 04:00:00+00:00,5.287,5.291,5.277,5.279,1369
2022-12-10 08:00:00+00:00,5.2780000000000005,5.291,5.257,5.27,1244
2022-12-10 12:00:00+00:00,5.27,5.293,5.268,5.281,1870
2022-12-10 16:00:00+00:00,5.281,5.318,5.2780000000000005,5.297,1887
2022-12-10 20:00:00+00:00,5.297,5.305,5.267,5.267,922
2022-12-11 00:00:00+00:00,5.258,5.282,5.256,5.279,1487
2022-12-11 04:00:00+00:00,5.28,5.287,5.268,5.285,1671
2022-12-11 08:00:00+00:00,5.286,5.289,5.258,5.265,996
2022-12-11 12:00:00+00:00,5.265,5.28,5.263,5.269,1180
2022-12-11 16:00:00+00:00,5.269,5.29,5.259,5.287,1130
2022-12-11 20:00:00+00:00,5.287,5.314,5.127,5.179,2513
2022-12-12 00:00:00+00:00,5.181,5.2,5.117,5.149,2504
2022-12-12 04:00:00+00:00,5.149,5.15,5.011,5.1370000000000005,2624
2022-12-12 08:00:00+00:00,5.1370000000000005,5.139,5.106,5.13,1968
2022-12-12 12:00:00+00:00,5.13,5.15,5.107,5.121,2213
2022-12-12 16:00:00+00:00,5.121,5.142,5.11,5.128,1998
2022-12-12 20:00:00+00:00,5.128,5.169,5.11,5.163,1937
2022-12-13 00:00:00+00:00,5.174,5.192,5.133,5.134,1852
2022-12-13 04:00:00+00:00,5.135,5.136,5.072,5.112,1777
2022-12-13 08:00:00+00:00,5.112,5.126,4.985,5.113,2799
2022-12-13 12:00:00+00:00,5.113,5.301,5.108,5.3,4127
2022-12-13 16:00:00+00:00,5.3,5.33,5.202,5.211,4012
2022-12-13 20:00:00+00:00,5.212,5.265,5.208,5.263,1814
2022-12-14 00:00:00+00:00,5.266,5.3,5.248,5.258,1811
2022-12-14 04:00:00+00:00,5.259,5.287,5.239,5.264,1367
2022-12-14 08:00:00+00:00,5.264,5.292,5.254,5.266,1800
2022-12-14 12:00:00+00:00,5.266,5.316,5.2620000000000005,5.283,1951
2022-12-14 16:00:00+00:00,5.283,5.343,5.277,5.283,2476
2022-12-14 20:00:00+00:00,5.283,5.33,5.161,5.203,5575
2022-12-15 00:00:00+00:00,5.199,5.208,5.105,5.129,2205
2022-12-15 04:00:00+00:00,5.128,5.171,5.106,5.159,1707
2022-12-15 08:00:00+00:00,5.159,5.193,5.149,5.192,1784
2022-12-15 12:00:00+00:00,5.191,5.232,5.176,5.209,2181
2022-12-15 16:00:00+00:00,5.209,5.239,5.17,5.178,2026
2022-12-15 20:00:00+00:00,5.178,5.236,5.143,5.22,1647
2022-12-16 00:00:00+00:00,5.201,5.239,5.197,5.201,2092
2022-12-16 04:00:00+00:00,5.202,5.213,5.177,5.195,901
2022-12-16 08:00:00+00:00,5.194,5.2379999999999995,5.06,5.108,3334
2022-12-16 12:00:00+00:00,5.108,5.111,5.028,5.044,2583
2022-12-16 16:00:00+00:00,5.044,5.08,4.993,5.014,3880
2022-12-16 20:00:00+00:00,5.014,5.044,4.924,4.951,1277
2022-12-17 00:00:00+00:00,4.659,4.743,4.585,4.636,5751
2022-12-17 04:00:00+00:00,4.635,4.675,4.578,4.657,2798
2022-12-17 08:00:00+00:00,4.658,4.697,4.636,4.663,2397
2022-12-17 12:00:00+00:00,4.664,4.694,4.6530000000000005,4.672,1828
2022-12-17 16:00:00+00:00,4.672,4.693,4.648,4.666,1471
2022-12-17 20:00:00+00:00,4.666,4.6850000000000005,4.659,4.673,1124
2022-12-18 00:00:00+00:00,4.671,4.715,4.663,4.671,1671
2022-12-18 04:00:00+00:00,4.671,4.7,4.668,4.677,890
2022-12-18 08:00:00+00:00,4.679,4.68,4.621,4.642,1027
2022-12-18 12:00:00+00:00,4.641,4.662,4.634,4.641,957
2022-12-18 16:00:00+00:00,4.641,4.652,4.611,4.652,1039
2022-12-18 20:00:00+00:00,4.652,4.679,4.642,4.6530000000000005,1580
2022-12-19 00:00:00+00:00,4.648,4.699,4.636,4.682,1609
2022-12-19 04:00:00+00:00,4.683,4.684,4.5649999999999995,4.609,2300
2022-12-19 08:00:00+00:00,4.608,4.629,4.599,4.612,1492
2022-12-19 12:00:00+00:00,4.612,4.646,4.607,4.621,1584
2022-12-19 16:00:00+00:00,4.62,4.645,4.5,4.531,3210
2022-12-19 20:00:00+00:00,4.531,4.5440000000000005,4.457,4.523,2548
2022-12-20 00:00:00+00:00,4.519,4.546,4.407,4.534,2699
2022-12-20 04:00:00+00:00,4.534,4.611,4.519,4.589,2260
2022-12-20 08:00:00+00:00,4.59,4.616,4.576,4.609,1084
2022-12-20 12:00:00+00:00,4.609,4.619,4.575,4.588,1084
2022-12-20 16:00:00+00:00,4.588,4.647,4.555,4.579,3592
2022-12-20 20:00:00+00:00,4.579,4.601,4.569,4.598,2633
2022-12-21 00:00:00+00:00,4.593,4.615,4.561,4.566,3358
2022-12-21 04:00:00+00:00,4.566,4.566,4.475,4.504,3093
2022-12-21 08:00:00+00:00,4.503,4.527,4.463,4.52,2824
2022-12-21 12:00:00+00:00,4.52,4.5280000000000005,4.451,4.476,2514
2022-12-21 16:00:00+00:00,4.477,4.49,4.444,4.473,3530
2022-12-21 20:00:00+00:00,4.473,4.479,4.437,4.47,2761
2022-12-22 00:00:00+00:00,4.468,4.49,4.444,4.468,2805
2022-12-22 04:00:00+00:00,4.468,4.481,4.45,4.45,2012
2022-12-22 08:00:00+00:00,4.45,4.4719999999999995,4.412,4.467,2976
2022-12-22 12:00:00+00:00,4.468,4.49,4.435,4.442,3321
2022-12-22 16:00:00+00:00,4.442,4.447,4.366,4.375,5511
2022-12-22 20:00:00+00:00,4.375,4.481,4.368,4.479,3829
2022-12-23 00:00:00+00:00,4.482,4.53,4.467,4.5,2983
2022-12-23 04:00:00+00:00,4.501,4.54,4.501,4.5120000000000005,2557
2022-12-23 08:00:00+00:00,4.5120000000000005,4.518,4.492,4.498,1931
2022-12-23 12:00:00+00:00,4.499,4.523,4.459,4.486,3156
2022-12-23 16:00:00+00:00,4.487,4.496,4.447,4.482,3496
2022-12-23 20:00:00+00:00,4.481,4.493,4.453,4.464,1690
2022-12-24 00:00:00+00:00,4.455,4.484,4.455,4.469,1294
2022-12-24 04:00:00+00:00,4.469,4.481,4.458,4.465,1292
2022-12-24 08:00:00+00:00,4.465,4.465,4.423,4.432,1524
2022-12-24 12:00:00+00:00,4.432,4.454,4.43,4.451,938
2022-12-24 16:00:00+00:00,4.451,4.462,4.442,4.453,1111
2022-12-24 20:00:00+00:00,4.453,4.466,4.436,4.438,1423
2022-12-25 00:00:00+00:00,4.441,4.465,4.431,4.457,1407
2022-12-25 04:00:00+00:00,4.457,4.46,4.425,4.432,1239
2022-12-25 08:00:00+00:00,4.431,4.44,4.426,4.436,941
2022-12-25 12:00:00+00:00,4.436,4.446,4.423,4.434,1105
2022-12-25 16:00:00+00:00,4.434,4.456,4.398,4.414,2769
2022-12-25 20:00:00+00:00,4.415,4.461,4.39,4.458,2349
2022-12-26 00:00:00+00:00,4.466,4.491,4.458,4.483,1967
2022-12-26 04:00:00+00:00,4.483,4.494,4.468,4.471,1456
2022-12-26 08:00:00+00:00,4.474,4.485,4.458,4.471,1668
2022-12-26 12:00:00+00:00,4.4719999999999995,4.509,4.469,4.503,2142
2022-12-26 16:00:00+00:00,4.502,4.521,4.494,4.513,1795
2022-12-26 20:00:00+00:00,4.513,4.533,4.51,4.517,1732
2022-12-27 00:00:00+00:00,4.516,4.576,4.514,4.517,2702
2022-12-27 04:00:00+00:00,4.518,4.526,4.499,4.505,1737
2022-12-27 08:00:00+00:00,4.505,4.539,4.492,4.534,1903
2022-12-27 12:00:00+00:00,4.534,4.5649999999999995,4.506,4.5120000000000005,2531
2022-12-27 16:00:00+00:00,4.5120000000000005,4.527,4.45,4.465,3970
2022-12-27 20:00:00+00:00,4.464,4.487,4.457,4.463,2510
2022-12-28 00:00:00+00:00,4.463,4.477,4.43,4.458,2153
2022-12-28 04:00:00+00:00,4.458,4.463,4.267,4.314,3806
2022-12-28 08:00:00+00:00,4.311,4.357,4.306,4.34,2948
2022-12-28 12:00:00+00:00,4.34,4.351,4.33,4.333,2270
2022-12-28 16:00:00+00:00,4.333,4.385,4.305,4.315,4564
2022-12-28 20:00:00+00:00,4.314,4.325,4.237,4.261,2956
2022-12-29 00:00:00+00:00,4.26,4.292,4.242,4.267,2916
2022-12-29 04:00:00+00:00,4.267,4.312,4.22,4.308,2926
2022-12-29 08:00:00+00:00,4.309,4.337,4.289,4.324,2105
2022-12-29 12:00:00+00:00,4.325,4.341,4.316,4.323,2220
2022-12-29 16:00:00+00:00,4.324,4.3469999999999995,4.312,4.326,2430
2022-12-29 20:00:00+00:00,4.326,4.327,4.229,4.254,3914
2022-12-30 00:00:00+00:00,4.252,4.317,4.251,4.2780000000000005,3180
2022-12-30 04:00:00+00:00,4.279,4.298,4.26,4.268,2224
2022-12-30 08:00:00+00:00,4.268,4.271,4.215,4.264,2845
2022-12-30 12:00:00+00:00,4.265,4.282,4.256,4.26,2257
2022-12-30 16:00:00+00:00,4.26,4.316,4.23,4.309,3620
2022-12-30 20:00:00+00:00,4.309,4.334,4.297,4.322,2008
2022-12-31 00:00:00+00:00,4.305,4.327,4.298,4.3,1792
2022-12-31 04:00:00+00:00,4.3,4.32,4.298,4.308,1914
2022-12-31 08:00:00+00:00,4.308,4.342,4.307,4.335,1992
2022-12-31 12:00:00+00:00,4.335,4.356,4.334,4.35,1916
2022-12-31 16:00:00+00:00,4.35,4.385,4.326,4.329,3329
2022-12-31 20:00:00+00:00,4.329,4.345,4.305,4.31,2228
2023-01-01 00:00:00+00:00,4.309,4.318,4.266,4.289,2284
2023-01-01 04:00:00+00:00,4.289,4.299,4.268,4.289,1876
2023-01-01 08:00:00+00:00,4.289,4.311,4.279,4.307,1730
2023-01-01 12:00:00+00:00,4.307,4.335,4.3,4.311,2156
2023-01-01 16:00:00+00:00,4.311,4.351,4.311,4.349,1860
2023-01-01 20:00:00+00:00,4.35,4.38,4.34,4.373,2238
2023-01-02 00:00:00+00:00,4.372,4.379,4.308,4.331,2553
2023-01-02 04:00:00+00:00,4.33,4.461,4.325,4.435,3396
2023-01-02 08:00:00+00:00,4.434,4.515,4.417,4.484,4170
2023-01-02 12:00:00+00:00,4.484,4.493,4.462,4.467,2431
2023-01-02 16:00:00+00:00,4.467,4.522,4.467,4.491,2742
2023-01-02 20:00:00+00:00,4.491,4.519,4.486,4.506,2454
2023-01-03 00:00:00+00:00,4.499,4.502,4.458,4.477,2838
2023-01-03 04:00:00+00:00,4.476,4.508,4.471,4.508,2497
2023-01-03 08:00:00+00:00,4.508,4.537,4.482,4.525,2574
2023-01-03 12:00:00+00:00,4.525,4.529,4.502,4.5120000000000005,2086
2023-01-03 16:00:00+00:00,4.5120000000000005,4.538,4.471,4.48,4078
2023-01-03 20:00:00+00:00,4.48,4.517,4.475,4.504,2349
2023-01-04 00:00:00+00:00,4.506,4.626,4.494,4.616,3577
2023-01-04 04:00:00+00:00,4.616,4.677,4.611,4.651,5015
2023-01-04 08:00:00+00:00,4.651,4.668,4.622,4.639,3434
2023-01-04 12:00:00+00:00,4.639,4.643,4.619,4.642,2047
2023-01-04 16:00:00+00:00,4.642,4.661,4.601,4.639,4304
2023-01-04 20:00:00+00:00,4.64,4.665,4.579,4.5969999999999995,4189
2023-01-05 00:00:00+00:00,4.607,4.641,4.59,4.619,2709
2023-01-05 04:00:00+00:00,4.619,4.633,4.574,4.623,2816
2023-01-05 08:00:00+00:00,4.623,4.627,4.54,4.558,3305
2023-01-05 12:00:00+00:00,4.558,4.58,4.538,4.542,3094
2023-01-05 16:00:00+00:00,4.541,4.586,4.537,4.559,3697
2023-01-05 20:00:00+00:00,4.559,4.618,4.553,4.6129999999999995,2832
2023-01-06 00:00:00+00:00,4.6129999999999995,4.656,4.586,4.629,3634
2023-01-06 04:00:00+00:00,4.629,4.65,4.6,4.615,2929
2023-01-06 08:00:00+00:00,4.615,4.619,4.543,4.566,3233
2023-01-06 12:00:00+00:00,4.567,4.646,4.554,4.6129999999999995,4301
2023-01-06 16:00:00+00:00,4.612,4.674,4.606,4.655,4125
2023-01-06 20:00:00+00:00,4.655,4.68,4.639,4.6530000000000005,3710
2023-01-07 00:00:00+00:00,4.67,4.7,4.666,4.688,2882
2023-01-07 04:00:00+00:00,4.688,4.699,4.657,4.659,2128
2023-01-07 08:00:00+00:00,4.659,4.6690000000000005,4.649,4.656,2571
2023-01-07 12:00:00+00:00,4.657,4.657,4.628,4.645,2054
2023-01-07 16:00:00+00:00,4.645,4.657,4.631,4.635,1898
2023-01-07 20:00:00+00:00,4.635,4.672,4.633,4.65,2449
2023-01-08 00:00:00+00:00,4.6530000000000005,4.672,4.596,4.617,2624
2023-01-08 04:00:00+00:00,4.618,4.636,4.601,4.633,1929
2023-01-08 08:00:00+00:00,4.634,4.665,4.627,4.662,2276
2023-01-08 12:00:00+00:00,4.662,4.683,4.6530000000000005,4.682,1904
2023-01-08 16:00:00+00:00,4.682,4.751,4.681,4.703,4476
2023-01-08 20:00:00+00:00,4.703,4.753,4.698,4.739,3594
2023-01-09 00:00:00+00:00,4.739,4.9030000000000005,4.736,4.899,6947
2023-01-09 04:00:00+00:00,4.899,4.937,4.865,4.915,4355
2023-01-09 08:00:00+00:00,4.915,4.944,4.876,4.942,3928
2023-01-09 12:00:00+00:00,4.942,5.047,4.9350000000000005,4.9719999999999995,5806
2023-01-09 16:00:00+00:00,4.9719999999999995,5.071,4.932,4.999,8820
2023-01-09 20:00:00+00:00,4.999,5.011,4.856,4.882,7582
2023-01-10 00:00:00+00:00,4.889,4.932,4.862,4.896,5365
2023-01-10 04:00:00+00:00,4.897,4.915,4.817,4.9030000000000005,4995
2023-01-10 08:00:00+00:00,4.9030000000000005,4.915,4.866,4.907,3783
2023-01-10 12:00:00+00:00,4.907,4.921,4.854,4.873,4491
2023-01-10 16:00:00+00:00,4.873,4.928,4.856,4.911,6986
2023-01-10 20:00:00+00:00,4.911,4.964,4.908,4.937,4638
2023-01-11 00:00:00+00:00,4.929,4.9350000000000005,4.885,4.918,4436
2023-01-11 04:00:00+00:00,4.918,4.92,4.835,4.8629999999999995,4970
2023-01-11 08:00:00+00:00,4.862,4.895,4.854,4.889,3551
2023-01-11 12:00:00+00:00,4.889,4.911,4.868,4.878,4164
2023-01-11 16:00:00+00:00,4.877,4.891,4.821,4.834,5502
2023-01-11 20:00:00+00:00,4.834,5.028,4.832,4.977,7085
2023-01-12 00:00:00+00:00,4.975,5.172,4.941,5.133,8901
2023-01-12 04:00:00+00:00,5.132,5.164,5.1,5.103,5236
2023-01-12 08:00:00+00:00,5.105,5.125,5.064,5.071,4443
2023-01-12 12:00:00+00:00,5.071,5.176,5.009,5.16,5897
2023-01-12 16:00:00+00:00,5.159,5.215,5.016,5.212,11153
2023-01-12 20:00:00+00:00,5.21,5.231,5.141,5.213,9426
2023-01-13 00:00:00+00:00,5.211,5.253,5.162,5.184,6509
2023-01-13 04:00:00+00:00,5.185,5.2620000000000005,5.166,5.205,4823
2023-01-13 08:00:00+00:00,5.205,5.2780000000000005,5.203,5.257,4813
2023-01-13 12:00:00+00:00,5.257,5.265,5.157,5.177,5875
2023-01-13 16:00:00+00:00,5.177,5.296,5.164,5.247,8520
2023-01-13 20:00:00+00:00,5.247,5.413,5.231,5.409,7842
2023-01-14 00:00:00+00:00,5.404,5.695,5.309,5.666,11580
2023-01-14 04:00:00+00:00,5.667,5.756,5.569,5.7,10609
2023-01-14 08:00:00+00:00,5.701,6.493,5.696,6.029,16910
2023-01-14 12:00:00+00:00,6.029,6.119,5.851,6.063,14037
2023-01-14 16:00:00+00:00,6.063,6.246,5.934,6.013,13746
2023-01-14 20:00:00+00:00,6.013,6.048,5.936,5.963,9600
2023-01-15 00:00:00+00:00,5.963,6.06,5.775,5.931,13163
2023-01-15 04:00:00+00:00,5.93,5.955,5.809,5.894,9450
2023-01-15 08:00:00+00:00,5.894,5.921,5.768,5.906,8839
2023-01-15 12:00:00+00:00,5.909,5.971,5.879,5.908,8759
2023-01-15 16:00:00+00:00,5.908,6.043,5.9030000000000005,5.951,11309
2023-01-15 20:00:00+00:00,5.951,5.973,5.849,5.91,8776
2023-01-16 00:00:00+00:00,5.922,6.025,5.859,6.012,10893
2023-01-16 04:00:00+00:00,6.012,6.081,5.925,6.035,9355
2023-01-16 08:00:00+00:00,6.036,6.046,5.645,5.814,11746
2023-01-16 12:00:00+00:00,5.814,5.84,5.74,5.784,8133
2023-01-16 16:00:00+00:00,5.783,5.804,5.608,5.792,10909
2023-01-16 20:00:00+00:00,5.7940000000000005,5.898,5.7620000000000005,5.835,10775
2023-01-17 00:00:00+00:00,5.843,5.8629999999999995,5.692,5.757,11487
2023-01-17 04:00:00+00:00,5.757,5.891,5.719,5.891,7893
2023-01-17 08:00:00+00:00,5.889,6.109,5.854,5.995,9332
2023-01-17 12:00:00+00:00,5.995,6.08,5.93,6.026,8870
2023-01-17 16:00:00+00:00,6.025,6.203,5.923,6.051,16563
2023-01-17 20:00:00+00:00,6.05,6.122,5.999,6.025,10354
2023-01-18 00:00:00+00:00,6.032,6.038,5.928,6.004,9543
2023-01-18 04:00:00+00:00,6.006,6.067,5.985,6.057,8894
2023-01-18 08:00:00+00:00,6.056,6.063,5.881,5.928,8560
2023-01-18 12:00:00+00:00,5.928,6.12,5.87,6.097,9131
2023-01-18 16:00:00+00:00,6.093,6.207,5.612,5.761,21995
2023-01-18 20:00:00+00:00,5.761,5.839,5.621,5.695,14343
2023-01-19 00:00:00+00:00,5.674,5.724,5.578,5.678,10481
2023-01-19 04:00:00+00:00,5.678,5.785,5.67,5.763,5311
2023-01-19 08:00:00+00:00,5.764,5.79,5.726,5.77,6520
2023-01-19 12:00:00+00:00,5.769,5.78,5.655,5.726,8457
2023-01-19 16:00:00+00:00,5.726,5.788,5.679,5.717,10020
2023-01-19 20:00:00+00:00,5.716,5.839,5.707,5.77,8478
2023-01-20 00:00:00+00:00,5.776,5.85,5.766,5.84,6567
2023-01-20 04:00:00+00:00,5.84,5.876,5.785,5.805,7208
2023-01-20 08:00:00+00:00,5.803,5.854,5.776,5.814,5640
2023-01-20 12:00:00+00:00,5.814,5.8309999999999995,5.744,5.805,6272
2023-01-20 16:00:00+00:00,5.805,5.932,5.79,5.913,11320
2023-01-20 20:00:00+00:00,5.912,6.211,5.896,6.168,13953
2023-01-21 00:00:00+00:00,6.191,6.304,6.153,6.226,11433
2023-01-21 04:00:00+00:00,6.226,6.258,6.17,6.209,7233
2023-01-21 08:00:00+00:00,6.208,6.291,6.185,6.276,8762
2023-01-21 12:00:00+00:00,6.277,6.328,6.012,6.194,14050
2023-01-21 16:00:00+00:00,6.194,6.394,6.116,6.324,13305
2023-01-21 20:00:00+00:00,6.324,6.453,6.297,6.383,11591
2023-01-22 00:00:00+00:00,6.375,6.39,6.162,6.194,11314
2023-01-22 04:00:00+00:00,6.194,6.269,6.134,6.267,7734
2023-01-22 08:00:00+00:00,6.267,6.303,6.235,6.24,6743
2023-01-22 12:00:00+00:00,6.24,6.301,6.197,6.299,9248
2023-01-22 16:00:00+00:00,6.299,6.45,6.211,6.429,15090
2023-01-22 20:00:00+00:00,6.43,6.436,6.081,6.169,14827
2023-01-23 00:00:00+00:00,6.168,6.355,6.129,6.299,11343
2023-01-23 04:00:00+00:00,6.3,6.366,6.269,6.276,9286
2023-01-23 08:00:00+00:00,6.276,6.336,6.243,6.305,9463
2023-01-23 12:00:00+00:00,6.305,6.514,6.295,6.36,13163
2023-01-23 16:00:00+00:00,6.359,6.628,6.291,6.603,20529
2023-01-23 20:00:00+00:00,6.605,6.8149999999999995,6.59,6.688,14585
2023-01-24 00:00:00+00:00,6.701,6.743,6.527,6.671,11628
2023-01-24 04:00:00+00:00,6.671,6.699,6.5969999999999995,6.624,9630
2023-01-24 08:00:00+00:00,6.624,6.647,6.523,6.538,7988
2023-01-24 12:00:00+00:00,6.538,6.567,6.406,6.461,8931
2023-01-24 16:00:00+00:00,6.461,6.493,6.372,6.446,9995
2023-01-24 20:00:00+00:00,6.446,6.516,6.336,6.383,8812
2023-01-25 00:00:00+00:00,6.39,6.399,6.006,6.101,16369
2023-01-25 04:00:00+00:00,6.101,6.204,6.084,6.186,7784
2023-01-25 08:00:00+00:00,6.186,6.285,6.162,6.198,7915
2023-01-25 12:00:00+00:00,6.198,6.291,6.142,6.233,9960
2023-01-25 16:00:00+00:00,6.234,6.255,6.106,6.174,12862
2023-01-25 20:00:00+00:00,6.174,6.495,6.152,6.489,12268
2023-01-26 00:00:00+00:00,6.529,6.552,6.275,6.466,14079
2023-01-26 04:00:00+00:00,6.467,6.479,6.406,6.47,7355
2023-01-26 08:00:00+00:00,6.47,6.492,6.327,6.371,9211
2023-01-26 12:00:00+00:00,6.37,6.499,6.299,6.491,10579
2023-01-26 16:00:00+00:00,6.492,6.557,6.314,6.412,17842
2023-01-26 20:00:00+00:00,6.412,6.51,6.386,6.479,11338
2023-01-27 00:00:00+00:00,6.465,6.506,6.271,6.319,11592
2023-01-27 04:00:00+00:00,6.319,6.429,6.31,6.415,6868
2023-01-27 08:00:00+00:00,6.415,6.4719999999999995,6.38,6.426,7286
2023-01-27 12:00:00+00:00,6.425,6.445,6.338,6.38,8721
2023-01-27 16:00:00+00:00,6.38,6.498,6.343,6.491,11167
2023-01-27 20:00:00+00:00,6.489,6.617,6.464,6.505,9459
2023-01-28 00:00:00+00:00,6.496,6.655,6.484,6.579,7083
2023-01-28 04:00:00+00:00,6.579,6.623,6.551,6.611,7020
2023-01-28 08:00:00+00:00,6.61,6.635,6.457,6.504,7154
2023-01-28 12:00:00+00:00,6.504,6.509,6.331,6.407,8210
2023-01-28 16:00:00+00:00,6.407,6.457,6.354,6.398,7224
2023-01-28 20:00:00+00:00,6.399,6.424,6.327,6.35,5694
2023-01-29 00:00:00+00:00,6.337,6.516,6.318,6.475,9552
2023-01-29 04:00:00+00:00,6.474,6.507,6.42,6.495,7346
2023-01-29 08:00:00+00:00,6.495,6.582,6.473,6.568,4846
2023-01-29 12:00:00+00:00,6.567,6.612,6.535,6.58,9176
2023-01-29 16:00:00+00:00,6.579,6.648,6.51,6.603,8574
2023-01-29 20:00:00+00:00,6.603,6.692,6.5649999999999995,6.603,10016
2023-01-30 00:00:00+00:00,6.606,6.642,6.551,6.559,7919
2023-01-30 04:00:00+00:00,6.558,6.577,6.51,6.535,6087
2023-01-30 08:00:00+00:00,6.535,6.535,6.215,6.255,9625
2023-01-30 12:00:00+00:00,6.254,6.314,6.212,6.2379999999999995,9638
2023-01-30 16:00:00+00:00,6.237,6.326,6.225,6.256,10062
2023-01-30 20:00:00+00:00,6.256,6.275,6.021,6.135,11249
2023-01-31 00:00:00+00:00,6.131,6.229,6.105,6.21,9375
2023-01-31 04:00:00+00:00,6.21,6.253,6.159,6.161,6506
2023-01-31 08:00:00+00:00,6.161,6.266,6.154,6.219,7523
2023-01-31 12:00:00+00:00,6.219,6.266,6.154,6.265,7851
2023-01-31 16:00:00+00:00,6.267,6.317,6.232,6.285,9814
2023-01-31 20:00:00+00:00,6.286,6.305,6.184,6.227,8163
2023-02-01 00:00:00+00:00,6.23,6.298,6.19,6.26,9291
2023-02-01 04:00:00+00:00,6.261,6.267,6.214,6.232,5515
2023-02-01 08:00:00+00:00,6.232,6.233,6.106,6.108,7971
2023-02-01 12:00:00+00:00,6.108,6.192,6.102,6.164,6045
2023-02-01 16:00:00+00:00,6.164,6.199,6.025,6.062,10191
2023-02-01 20:00:00+00:00,6.062,6.437,6.029,6.424,16787
2023-02-02 00:00:00+00:00,6.445,6.58,6.433,6.526,11815
2023-02-02 04:00:00+00:00,6.526,6.5809999999999995,6.509,6.532,6609
2023-02-02 08:00:00+00:00,6.531,6.567,6.465,6.564,6733
2023-02-02 12:00:00+00:00,6.564,6.661,6.517,6.642,6747
2023-02-02 16:00:00+00:00,6.643,6.897,6.518,6.75,13864
2023-02-02 20:00:00+00:00,6.752,6.826,6.534,6.536,14157
2023-02-03 00:00:00+00:00,6.522,6.599,6.501,6.554,10143
2023-02-03 04:00:00+00:00,6.552,6.757,6.51,6.754,8453
2023-02-03 08:00:00+00:00,6.753,6.84,6.639,6.786,10477
2023-02-03 12:00:00+00:00,6.786,6.8870000000000005,6.743,6.776,9638
2023-02-03 16:00:00+00:00,6.776,7.119,6.723,7.045,15508
2023-02-03 20:00:00+00:00,7.045,7.074,6.915,6.96,10411
2023-02-04 00:00:00+00:00,6.984,7.036,6.902,6.9030000000000005,6456
2023-02-04 04:00:00+00:00,6.904,6.923,6.819,6.844,6011
2023-02-04 08:00:00+00:00,6.844,6.885,6.8149999999999995,6.867,5358
2023-02-04 12:00:00+00:00,6.868,7.067,6.8629999999999995,6.995,7636
2023-02-04 16:00:00+00:00,6.996,7.006,6.883,6.951,8251
2023-02-04 20:00:00+00:00,6.951,6.96,6.9,6.96,5706
2023-02-05 00:00:00+00:00,6.964,6.978,6.765,6.818,7645
2023-02-05 04:00:00+00:00,6.817,6.859,6.783,6.853,4675
2023-02-05 08:00:00+00:00,6.854,6.889,6.833,6.845,3665
2023-02-05 12:00:00+00:00,6.845,6.8629999999999995,6.6,6.683,8187
2023-02-05 16:00:00+00:00,6.6850000000000005,6.698,6.54,6.567,10909
2023-02-05 20:00:00+00:00,6.567,6.601,6.511,6.567,8650
2023-02-06 00:00:00+00:00,6.5600000000000005,6.783,6.552,6.704,7559
2023-02-06 04:00:00+00:00,6.704,6.718,6.5600000000000005,6.636,6332
2023-02-06 08:00:00+00:00,6.636,6.776,6.605,6.697,7097
2023-02-06 12:00:00+00:00,6.696,6.727,6.602,6.66,7504
2023-02-06 16:00:00+00:00,6.66,6.766,6.602,6.712,11904
2023-02-06 20:00:00+00:00,6.712,6.724,6.567,6.5809999999999995,7032
2023-02-07 00:00:00+00:00,6.583,6.595,6.414,6.553,8119
2023-02-07 04:00:00+00:00,6.553,6.64,6.5440000000000005,6.6370000000000005,5110
2023-02-07 08:00:00+00:00,6.6370000000000005,6.702,6.593,6.696,6148
2023-02-07 12:00:00+00:00,6.697,6.74,6.677,6.719,6076
2023-02-07 16:00:00+00:00,6.72,6.827,6.643,6.817,11056
2023-02-07 20:00:00+00:00,6.816,6.869,6.592,6.848,13359
2023-02-08 00:00:00+00:00,6.841,7.012,6.828,6.969,7993
2023-02-08 04:00:00+00:00,6.969,6.981,6.845,6.876,4516
2023-02-08 08:00:00+00:00,6.876,6.917,6.837,6.849,5725
2023-02-08 12:00:00+00:00,6.849,6.905,6.821,6.878,6569
2023-02-08 16:00:00+00:00,6.876,6.892,6.6129999999999995,6.7780000000000005,14602
2023-02-08 20:00:00+00:00,6.779,6.802,6.649,6.736,9185
2023-02-09 00:00:00+00:00,6.735,6.864,6.696,6.785,7829
2023-02-09 04:00:00+00:00,6.784,6.786,6.506,6.623,12193
2023-02-09 08:00:00+00:00,6.623,6.97,6.611,6.873,10663
2023-02-09 12:00:00+00:00,6.873,6.891,6.767,6.875,10200
2023-02-09 16:00:00+00:00,6.876,6.946,6.6899999999999995,6.7219999999999995,14494
2023-02-09 20:00:00+00:00,6.7219999999999995,6.748,6.197,6.281,16304
2023-02-10 00:00:00+00:00,6.252,6.311,6.089,6.266,11234
2023-02-10 04:00:00+00:00,6.267,6.2780000000000005,6.161,6.228,7283
2023-02-10 08:00:00+00:00,6.227,6.303,6.215,6.268,7208
2023-02-10 12:00:00+00:00,6.268,6.274,6.185,6.212,7847
2023-02-10 16:00:00+00:00,6.212,6.271,6.125,6.202,13409
2023-02-10 20:00:00+00:00,6.203,6.3,6.159,6.196,8304
2023-02-11 00:00:00+00:00,6.192,6.2,6.117,6.178,1602
2023-02-11 04:00:00+00:00,6.178,6.237,6.172,6.204,3682
2023-02-11 08:00:00+00:00,6.205,6.217,6.174,6.217,2860
2023-02-11 12:00:00+00:00,6.217,6.228,6.183,6.227,3515
2023-02-11 16:00:00+00:00,6.227,6.253,6.172,6.193,4482
2023-02-11 20:00:00+00:00,6.194,6.268,6.164,6.261,4219
2023-02-12 00:00:00+00:00,6.242,6.288,6.241,6.251,4402
2023-02-12 04:00:00+00:00,6.252,6.27,6.219,6.237,2683
2023-02-12 08:00:00+00:00,6.2379999999999995,6.31,6.236,6.298,2779
2023-02-12 12:00:00+00:00,6.298,6.33,6.257,6.2780000000000005,4999
2023-02-12 16:00:00+00:00,6.279,6.379,6.275,6.352,6840
2023-02-12 20:00:00+00:00,6.352,6.372,6.153,6.17,6189
2023-02-13 00:00:00+00:00,6.191,6.192,6.097,6.122,3032
2023-02-13 04:00:00+00:00,6.122,6.222,6.038,6.193,8401
2023-02-13 08:00:00+00:00,6.193,6.239,5.962,6.015,10904
2023-02-13 12:00:00+00:00,6.014,6.091,5.9719999999999995,6.038,9235
2023-02-13 16:00:00+00:00,6.038,6.083,5.874,5.917,12060
2023-02-13 20:00:00+00:00,5.917,6.037,5.914,6.014,6409
2023-02-14 00:00:00+00:00,6.014,6.151,5.994,6.082,5768
2023-02-14 04:00:00+00:00,6.083,6.125,6.075,6.098,4193
2023-02-14 08:00:00+00:00,6.098,6.15,6.058,6.126,5412
2023-02-14 12:00:00+00:00,6.125,6.143,6.009,6.112,8505
2023-02-14 16:00:00+00:00,6.112,6.259,6.009,6.192,14534
2023-02-14 20:00:00+00:00,6.192,6.256,6.192,6.217,7109
2023-02-15 00:00:00+00:00,6.216,6.237,6.17,6.173,4267
2023-02-15 04:00:00+00:00,6.174,6.212,6.153,6.193,4294
2023-02-15 08:00:00+00:00,6.193,6.209,6.167,6.2,4050
2023-02-15 12:00:00+00:00,6.2,6.35,6.185,6.312,7983
2023-02-15 16:00:00+00:00,6.311,6.325,6.264,6.294,8445
2023-02-15 20:00:00+00:00,6.293,6.567,6.288,6.524,10932
2023-02-16 00:00:00+00:00,6.531,6.676,6.526,6.623,9016
2023-02-16 04:00:00+00:00,6.622,6.65,6.595,6.625,5573
2023-02-16 08:00:00+00:00,6.625,6.665,6.5600000000000005,6.607,6203
2023-02-16 12:00:00+00:00,6.607,6.617,6.461,6.493,7786
2023-02-16 16:00:00+00:00,6.494,6.673,6.469,6.6370000000000005,15872
2023-02-16 20:00:00+00:00,6.64,6.737,6.517,6.573,11424
2023-02-17 00:00:00+00:00,6.589,6.589,6.284,6.473,11967
2023-02-17 04:00:00+00:00,6.473,6.8149999999999995,6.458,6.675,10791
2023-02-17 08:00:00+00:00,6.674,6.766,6.608,6.6899999999999995,10725
2023-02-17 12:00:00+00:00,6.689,6.787,6.68,6.754,10557
2023-02-17 16:00:00+00:00,6.754,7.336,6.691,7.173,21619
2023-02-17 20:00:00+00:00,7.175,7.411,7.174,7.323,16513
2023-02-18 00:00:00+00:00,7.331,7.35,7.16,7.25,7278
2023-02-18 04:00:00+00:00,7.25,7.365,7.242,7.283,8196
2023-02-18 08:00:00+00:00,7.283,7.337,7.172,7.219,7099
2023-02-18 12:00:00+00:00,7.218,7.247,7.105,7.201,9491
2023-02-18 16:00:00+00:00,7.201,7.285,7.134,7.19,10292
2023-02-18 20:00:00+00:00,7.195,7.301,7.165,7.242,9813
2023-02-19 00:00:00+00:00,7.2379999999999995,7.314,7.184,7.205,7285
2023-02-19 04:00:00+00:00,7.205,7.335,7.178,7.29,7848
2023-02-19 08:00:00+00:00,7.29,7.54,7.284,7.365,9713
2023-02-19 12:00:00+00:00,7.365,7.791,7.34,7.655,14667
2023-02-19 16:00:00+00:00,7.656,7.879,7.415,7.465,19839
2023-02-19 20:00:00+00:00,7.464,7.638,7.461,7.518,14969
2023-02-20 00:00:00+00:00,7.5120000000000005,7.531,7.246,7.392,14656
2023-02-20 04:00:00+00:00,7.392,7.526,7.37,7.466,9935
2023-02-20 08:00:00+00:00,7.467,7.537,7.398,7.494,10516
2023-02-20 12:00:00+00:00,7.495,7.563,7.44,7.494,11008
2023-02-20 16:00:00+00:00,7.494,7.553,7.377,7.459,14418
2023-02-20 20:00:00+00:00,7.46,7.526,7.431,7.493,8405
2023-02-21 00:00:00+00:00,7.487,7.566,7.427,7.464,9375
2023-02-21 04:00:00+00:00,7.464,7.515,7.409,7.456,8522
2023-02-21 08:00:00+00:00,7.455,7.526,7.254,7.344,11674
2023-02-21 12:00:00+00:00,7.343,7.344,7.236,7.271,11477
2023-02-21 16:00:00+00:00,7.271,7.348,7.157,7.335,12296
2023-02-21 20:00:00+00:00,7.336,7.3629999999999995,7.114,7.131,10147
2023-02-22 00:00:00+00:00,7.136,7.2620000000000005,7.113,7.148,9172
2023-02-22 04:00:00+00:00,7.148,7.192,7.032,7.148,9970
2023-02-22 08:00:00+00:00,7.148,7.155,6.947,7.051,11913
2023-02-22 12:00:00+00:00,7.052,7.136,7.021,7.092,10033
2023-02-22 16:00:00+00:00,7.092,7.092,6.848,6.986,15932
2023-02-22 20:00:00+00:00,6.9879999999999995,7.086,6.974,7.051,11472
2023-02-23 00:00:00+00:00,7.052,7.244,7.044,7.224,8532
2023-02-23 04:00:00+00:00,7.224,7.376,7.223,7.297,9849
2023-02-23 08:00:00+00:00,7.297,7.334,7.244,7.251,8518
2023-02-23 12:00:00+00:00,7.252,7.319,7.09,7.249,13601
2023-02-23 16:00:00+00:00,7.249,7.286,7.085,7.106,12913
2023-02-23 20:00:00+00:00,7.107,7.145,7.03,7.056,8618
2023-02-24 00:00:00+00:00,7.036,7.138,7.007,7.08,8235
2023-02-24 04:00:00+00:00,7.08,7.105,7.004,7.026,6439
2023-02-24 08:00:00+00:00,7.026,7.082,6.987,6.994,7780
2023-02-24 12:00:00+00:00,6.993,7.036,6.901,6.927,9839
2023-02-24 16:00:00+00:00,6.926,6.951,6.557,6.611,15319
2023-02-24 20:00:00+00:00,6.611,6.683,6.495,6.511,10990
2023-02-25 00:00:00+00:00,6.555,6.636,6.554,6.624,4811
2023-02-25 04:00:00+00:00,6.624,6.642,6.522,6.5440000000000005,6689
2023-02-25 08:00:00+00:00,6.548,6.634,6.542,6.591,5490
2023-02-25 12:00:00+00:00,6.591,6.611,6.51,6.587,8212
2023-02-25 16:00:00+00:00,6.587,6.601,6.543,6.556,6499
2023-02-25 20:00:00+00:00,6.556,6.5600000000000005,6.337,6.377,11892
2023-02-26 00:00:00+00:00,6.388,6.541,6.365,6.522,6856
2023-02-26 04:00:00+00:00,6.522,6.612,6.505,6.558,5526
2023-02-26 08:00:00+00:00,6.559,6.612,6.535,6.605,4170
2023-02-26 12:00:00+00:00,6.605,6.606,6.533,6.571,5146
2023-02-26 16:00:00+00:00,6.571,6.607,6.555,6.607,6767
2023-02-26 20:00:00+00:00,6.607,6.726,6.596,6.689,8157
2023-02-27 00:00:00+00:00,6.672,6.689,6.604,6.67,6843
2023-02-27 04:00:00+00:00,6.671,6.703,6.587,6.598,5740
2023-02-27 08:00:00+00:00,6.598,6.624,6.539,6.582,6186
2023-02-27 12:00:00+00:00,6.5809999999999995,6.724,6.538,6.71,9127
2023-02-27 16:00:00+00:00,6.71,6.777,6.579,6.6,13078
2023-02-27 20:00:00+00:00,6.601,6.609,6.483,6.547,9302
2023-02-28 00:00:00+00:00,6.546,6.602,6.519,6.5440000000000005,6144
2023-02-28 04:00:00+00:00,6.545,6.585,6.515,6.53,5882
2023-02-28 08:00:00+00:00,6.529,6.545,6.413,6.432,7608
2023-02-28 12:00:00+00:00,6.431,6.514,6.41,6.457,8071
2023-02-28 16:00:00+00:00,6.457,6.503,6.408,6.4719999999999995,11174
2023-02-28 20:00:00+00:00,6.4719999999999995,6.4879999999999995,6.268,6.31,10262
2023-03-01 00:00:00+00:00,6.318,6.412,6.307,6.399,7576
2023-03-01 04:00:00+00:00,6.399,6.584,6.399,6.53,8004
2023-03-01 08:00:00+00:00,6.531,6.588,6.515,6.525,7175
2023-03-01 12:00:00+00:00,6.524,6.549,6.475,6.499,6528
2023-03-01 16:00:00+00:00,6.499,6.5649999999999995,6.435,6.448,10355
2023-03-01 20:00:00+00:00,6.448,6.486,6.369,6.475,6482
2023-03-02 00:00:00+00:00,6.48,6.5440000000000005,6.384,6.418,6803
2023-03-02 04:00:00+00:00,6.419,6.434,6.344,6.388,5508
2023-03-02 08:00:00+00:00,6.388,6.398,6.348,6.362,6282
2023-03-02 12:00:00+00:00,6.362,6.376,6.258,6.27,7829
2023-03-02 16:00:00+00:00,6.27,6.314,6.215,6.249,8336
2023-03-02 20:00:00+00:00,6.249,6.329,6.2379999999999995,6.266,6719
2023-03-03 00:00:00+00:00,6.267,6.332,5.793,5.86,8267
2023-03-03 04:00:00+00:00,5.858,6.111,5.839,6.042,9302
2023-03-03 08:00:00+00:00,6.043,6.078,6.015,6.044,5199
2023-03-03 12:00:00+00:00,6.044,6.067,6.0,6.057,5411
2023-03-03 16:00:00+00:00,6.058,6.086,6.014,6.061,8074
2023-03-03 20:00:00+00:00,6.062,6.069,5.976,6.006,5978
2023-03-04 00:00:00+00:00,6.025,6.052,5.999,6.003,2731
2023-03-04 04:00:00+00:00,6.002,6.006,5.905,5.934,3610
2023-03-04 08:00:00+00:00,5.9350000000000005,6.016,5.928,6.01,3300
2023-03-04 12:00:00+00:00,6.009,6.029,5.983,5.989,3352
2023-03-04 16:00:00+00:00,5.9879999999999995,6.003,5.95,5.957,3657
2023-03-04 20:00:00+00:00,5.958,5.958,5.729,5.777,9126
2023-03-05 00:00:00+00:00,5.772,6.021,5.76,6.008,8502
2023-03-05 04:00:00+00:00,6.007,6.036,5.886,5.975,6846
2023-03-05 08:00:00+00:00,5.974,5.991,5.937,5.979,2990
2023-03-05 12:00:00+00:00,5.98,6.058,5.977,6.041,4421
2023-03-05 16:00:00+00:00,6.041,6.05,5.992,5.994,3786
2023-03-05 20:00:00+00:00,5.994,6.041,5.962,6.019,4429
2023-03-06 00:00:00+00:00,6.007,6.008,5.881,5.896,7398
2023-03-06 04:00:00+00:00,5.896,5.9399999999999995,5.849,5.9030000000000005,6885
2023-03-06 08:00:00+00:00,5.904,5.937,5.886,5.934,5120
2023-03-06 12:00:00+00:00,5.934,6.002,5.9,5.979,5823
2023-03-06 16:00:00+00:00,5.979,6.035,5.9559999999999995,5.98,7597
2023-03-06 20:00:00+00:00,5.98,5.995,5.885,5.916,6376
2023-03-07 00:00:00+00:00,5.924,5.989,5.879,5.967,5473
2023-03-07 04:00:00+00:00,5.968,6.012,5.929,5.949,4572
2023-03-07 08:00:00+00:00,5.949,5.951,5.868,5.874,4885
2023-03-07 12:00:00+00:00,5.874,5.895,5.804,5.817,6443
2023-03-07 16:00:00+00:00,5.818,5.902,5.733,5.883,13756
2023-03-07 20:00:00+00:00,5.883,5.898,5.733,5.782,8878
2023-03-08 00:00:00+00:00,5.767,5.934,5.735,5.842,7403
2023-03-08 04:00:00+00:00,5.842,5.864,5.625,5.649,8698
2023-03-08 08:00:00+00:00,5.65,5.723,5.622,5.71,7410
2023-03-08 12:00:00+00:00,5.711,5.736,5.595,5.618,8253
2023-03-08 16:00:00+00:00,5.619,5.702,5.558,5.655,11592
2023-03-08 20:00:00+00:00,5.655,5.756,5.611,5.648,9412
2023-03-09 00:00:00+00:00,5.649,5.649,5.492,5.582,10500
2023-03-09 04:00:00+00:00,5.582,5.644,5.582,5.622,7159
2023-03-09 08:00:00+00:00,5.621,5.655,5.554,5.607,8096
2023-03-09 12:00:00+00:00,5.607,5.745,5.591,5.736,8600
2023-03-09 16:00:00+00:00,5.735,5.79,5.686,5.698,10314
2023-03-09 20:00:00+00:00,5.698,5.7059999999999995,5.245,5.349,17092
2023-03-10 00:00:00+00:00,5.348,5.432,5.28,5.429,11937
2023-03-10 04:00:00+00:00,5.429,5.451,5.342,5.409,7981
2023-03-10 08:00:00+00:00,5.41,5.448,5.219,5.226,10595
2023-03-10 12:00:00+00:00,5.227,5.549,5.143,5.524,15192
2023-03-10 16:00:00+00:00,5.523,5.559,5.359,5.469,15249
2023-03-10 20:00:00+00:00,5.469,5.546,5.431,5.4879999999999995,9611
2023-03-11 00:00:00+00:00,5.5649999999999995,5.726,5.543,5.712,7536
2023-03-11 04:00:00+00:00,5.711,5.7219999999999995,5.531,5.583,6710
2023-03-11 08:00:00+00:00,5.583,5.596,5.301,5.393,10313
2023-03-11 12:00:00+00:00,5.393,5.405,5.304,5.317,5803
2023-03-11 16:00:00+00:00,5.316,5.41,5.263,5.388,7369
2023-03-11 20:00:00+00:00,5.3870000000000005,5.511,5.379,5.45,6010
2023-03-12 00:00:00+00:00,5.442,5.508,5.434,5.468,4251
2023-03-12 04:00:00+00:00,5.471,5.566,5.449,5.523,3861
2023-03-12 08:00:00+00:00,5.524,5.543,5.468,5.5,2561
2023-03-12 12:00:00+00:00,5.501,5.543,5.438,5.462,3368
2023-03-12 16:00:00+00:00,5.461,5.505,5.408,5.471,5178
2023-03-12 20:00:00+00:00,5.4719999999999995,5.757,5.448,5.756,11916
2023-03-13 00:00:00+00:00,5.751,6.061,5.714,5.994,12624
2023-03-13 04:00:00+00:00,5.995,6.003,5.877,5.9350000000000005,7665
2023-03-13 08:00:00+00:00,5.934,5.959,5.79,5.79,6299
2023-03-13 12:00:00+00:00,5.79,5.822,5.684,5.748,9703
2023-03-13 16:00:00+00:00,5.749,6.1370000000000005,5.736,6.045,18491
2023-03-13 20:00:00+00:00,6.044,6.135,5.994,6.084,8669
2023-03-14 00:00:00+00:00,6.089,6.162,6.055,6.101,5301
2023-03-14 04:00:00+00:00,6.101,6.162,6.083,6.148,6792
2023-03-14 08:00:00+00:00,6.147,6.21,6.005,6.118,9047
2023-03-14 12:00:00+00:00,6.118,6.409,6.082,6.384,9258
2023-03-14 16:00:00+00:00,6.388,6.556,6.341,6.503,14636
2023-03-14 20:00:00+00:00,6.504,6.516,6.223,6.243,12993
2023-03-15 00:00:00+00:00,6.183,6.269,6.098,6.244,9839
2023-03-15 04:00:00+00:00,6.244,6.386,6.235,6.353,7229
2023-03-15 08:00:00+00:00,6.353,6.384,6.267,6.345,7346
2023-03-15 12:00:00+00:00,6.345,6.37,6.087,6.18,13340
2023-03-15 16:00:00+00:00,6.181,6.261,5.786,5.803,18642
2023-03-15 20:00:00+00:00,5.802,5.973,5.7940000000000005,5.936,10536
2023-03-16 00:00:00+00:00,5.929,5.958,5.823,5.828,8109
2023-03-16 04:00:00+00:00,5.827,5.951,5.783,5.905,6954
2023-03-16 08:00:00+00:00,5.904,6.012,5.885,5.979,7268
2023-03-16 12:00:00+00:00,5.979,6.104,5.968,5.992,9653
2023-03-16 16:00:00+00:00,5.992,6.116,5.93,6.078,10824
2023-03-16 20:00:00+00:00,6.078,6.149,5.993,6.0,7023
2023-03-17 00:00:00+00:00,6.023,6.115,6.023,6.048,5182
2023-03-17 04:00:00+00:00,6.048,6.246,6.032,6.2,7834
2023-03-17 08:00:00+00:00,6.2,6.298,6.169,6.288,6722
2023-03-17 12:00:00+00:00,6.288,6.553,6.287,6.438,9726
2023-03-17 16:00:00+00:00,6.438,6.478,6.274,6.346,11096
2023-03-17 20:00:00+00:00,6.3469999999999995,6.466,6.344,6.395,8315
2023-03-18 00:00:00+00:00,6.419,6.68,6.397,6.677,11251
2023-03-18 04:00:00+00:00,6.676,6.7059999999999995,6.588,6.601,9453
2023-03-18 08:00:00+00:00,6.602,6.665,6.537,6.62,6906
2023-03-18 12:00:00+00:00,6.62,6.646,6.561,6.627,6522
2023-03-18 16:00:00+00:00,6.627,6.641,6.318,6.496,11452
2023-03-18 20:00:00+00:00,6.496,6.521,6.364,6.477,8211
2023-03-19 00:00:00+00:00,6.4719999999999995,6.48,6.293,6.438,7206
2023-03-19 04:00:00+00:00,6.438,6.501,6.404,6.45,4662
2023-03-19 08:00:00+00:00,6.451,6.455,6.333,6.428,3709
2023-03-19 12:00:00+00:00,6.393,6.497,6.3629999999999995,6.447,8882
2023-03-19 16:00:00+00:00,6.448,6.602,6.42,6.5649999999999995,12593
2023-03-19 20:00:00+00:00,6.564,6.615,6.423,6.473,12770
2023-03-20 00:00:00+00:00,6.487,6.549,6.4030000000000005,6.419,12367
2023-03-20 04:00:00+00:00,6.419,6.478,6.2379999999999995,6.304,15395
2023-03-20 08:00:00+00:00,6.304,6.48,6.296,6.459,13000
2023-03-20 12:00:00+00:00,6.461,6.485,6.393,6.468,13538
2023-03-20 16:00:00+00:00,6.468,6.469,6.207,6.224,15321
2023-03-20 20:00:00+00:00,6.225,6.285,6.11,6.199,14454
2023-03-21 00:00:00+00:00,6.211,6.222,6.063,6.154,11047
2023-03-21 04:00:00+00:00,6.155,6.182,6.082,6.177,9750
2023-03-21 08:00:00+00:00,6.176,6.176,6.01,6.047,10496
2023-03-21 12:00:00+00:00,6.047,6.277,6.034,6.268,11434
2023-03-21 16:00:00+00:00,6.266,6.354,6.208,6.296,15169
2023-03-21 20:00:00+00:00,6.294,6.345,6.142,6.337,14259
2023-03-22 00:00:00+00:00,6.378,6.46,6.263,6.289,11439
2023-03-22 04:00:00+00:00,6.288,6.371,6.276,6.333,9234
2023-03-22 08:00:00+00:00,6.334,6.38,6.235,6.243,8984
2023-03-22 12:00:00+00:00,6.243,6.307,6.222,6.273,10200
2023-03-22 16:00:00+00:00,6.274,6.393,6.231,6.254,12625
2023-03-22 20:00:00+00:00,6.254,6.336,5.917,6.046,21717
2023-03-23 00:00:00+00:00,6.036,6.109,5.997,6.065,10279
2023-03-23 04:00:00+00:00,6.065,6.117,6.0,6.071,7446
2023-03-23 08:00:00+00:00,6.072,6.213,6.062,6.186,7951
2023-03-23 12:00:00+00:00,6.186,6.209,6.158,6.166,6849
2023-03-23 16:00:00+00:00,6.164,6.414,6.1,6.401,14349
2023-03-23 20:00:00+00:00,6.402,6.426,6.228,6.256,12169
2023-03-24 00:00:00+00:00,6.247,6.339,6.216,6.302,6329
2023-03-24 04:00:00+00:00,6.302,6.342,6.253,6.258,5984
2023-03-24 08:00:00+00:00,6.258,6.332,6.181,6.19,7170
2023-03-24 12:00:00+00:00,6.19,6.208,6.068,6.143,9949
2023-03-24 16:00:00+00:00,6.143,6.16,6.037,6.092,8559
2023-03-24 20:00:00+00:00,6.092,6.102,5.96,6.007,7181
2023-03-25 00:00:00+00:00,5.997,6.06,5.987,6.058,2883
2023-03-25 04:00:00+00:00,6.058,6.082,6.027,6.055,2706
2023-03-25 08:00:00+00:00,6.054,6.057,5.992,6.011,3100
2023-03-25 12:00:00+00:00,6.011,6.032,5.973,6.0,3056
2023-03-25 16:00:00+00:00,5.999,6.041,5.968,6.01,3744
2023-03-25 20:00:00+00:00,6.011,6.016,5.83,5.886,5305
2023-03-26 00:00:00+00:00,5.892,5.965,5.86,5.957,2799
2023-03-26 04:00:00+00:00,5.958,5.991,5.942,5.971,2431
2023-03-26 08:00:00+00:00,5.97,6.065,5.946,6.041,2067
2023-03-26 12:00:00+00:00,6.042,6.058,6.011,6.048,2828
2023-03-26 16:00:00+00:00,6.047,6.106,5.971,5.983,4328
2023-03-26 20:00:00+00:00,5.984,6.036,5.975,5.995,2608
2023-03-27 00:00:00+00:00,5.998,6.067,5.996,6.035,2707
2023-03-27 04:00:00+00:00,6.035,6.043,5.983,5.996,2708
2023-03-27 08:00:00+00:00,5.996,5.998,5.929,5.9719999999999995,3297
2023-03-27 12:00:00+00:00,5.973,6.064,5.964,6.032,5497
2023-03-27 16:00:00+00:00,6.032,6.112,5.741,5.8100000000000005,13183
2023-03-27 20:00:00+00:00,5.809,5.872,5.784,5.819,7947
2023-03-28 00:00:00+00:00,5.826,5.877,5.808,5.818,5724
2023-03-28 04:00:00+00:00,5.818,5.884,5.781,5.841,7035
2023-03-28 08:00:00+00:00,5.84,5.911,5.826,5.875,6300
2023-03-28 12:00:00+00:00,5.875,5.951,5.805,5.932,7976
2023-03-28 16:00:00+00:00,5.932,6.001,5.899,5.925,8300
2023-03-28 20:00:00+00:00,5.926,6.105,5.899,6.063,9306
2023-03-29 00:00:00+00:00,6.064,6.089,6.014,6.054,5077
2023-03-29 04:00:00+00:00,6.054,6.161,6.054,6.157,6540
2023-03-29 08:00:00+00:00,6.156,6.273,6.148,6.255,8595
2023-03-29 12:00:00+00:00,6.255,6.279,6.22,6.235,6975
2023-03-29 16:00:00+00:00,6.236,6.248,6.136,6.158,8726
2023-03-29 20:00:00+00:00,6.156,6.211,6.155,6.183,5540
2023-03-30 00:00:00+00:00,6.169,6.207,6.113,6.145,5719
2023-03-30 04:00:00+00:00,6.145,6.292,6.067,6.195,10145
2023-03-30 08:00:00+00:00,6.195,6.212,6.136,6.15,6842
2023-03-30 12:00:00+00:00,6.151,6.167,6.098,6.146,6395
2023-03-30 16:00:00+00:00,6.146,6.158,6.037,6.074,8905
2023-03-30 20:00:00+00:00,6.074,6.119,6.018,6.107,7014
2023-03-31 00:00:00+00:00,6.104,6.155,6.057,6.142,5503
2023-03-31 04:00:00+00:00,6.142,6.246,6.142,6.203,6472
2023-03-31 08:00:00+00:00,6.204,6.265,6.112,6.177,8153
2023-03-31 12:00:00+00:00,6.177,6.256,6.144,6.254,7422
2023-03-31 16:00:00+00:00,6.254,6.383,6.229,6.358,10091
2023-03-31 20:00:00+00:00,6.357,6.368,6.298,6.32,4838
2023-04-01 00:00:00+00:00,6.322,6.37,6.317,6.35,3426
2023-04-01 04:00:00+00:00,6.35,6.392,6.316,6.322,5208
2023-04-01 08:00:00+00:00,6.322,6.327,6.226,6.232,5815
2023-04-01 12:00:00+00:00,6.233,6.296,6.221,6.275,4906
2023-04-01 16:00:00+00:00,6.276,6.308,6.189,6.212,5661
2023-04-01 20:00:00+00:00,6.213,6.328,6.206,6.305,5298
2023-04-02 00:00:00+00:00,6.329,6.371,6.296,6.308,4482
2023-04-02 04:00:00+00:00,6.309,6.429,6.309,6.4030000000000005,5882
2023-04-02 08:00:00+00:00,6.4030000000000005,6.442,6.392,6.407,3951
2023-04-02 12:00:00+00:00,6.368,6.372,6.302,6.331,3247
2023-04-02 16:00:00+00:00,6.33,6.391,6.268,6.285,8270
2023-04-02 20:00:00+00:00,6.286,6.357,6.177,6.26,5394
2023-04-03 00:00:00+00:00,6.267,6.281,6.204,6.241,5315
2023-04-03 04:00:00+00:00,6.241,6.259,6.087,6.18,5766
2023-04-03 08:00:00+00:00,6.18,6.376,6.153,6.362,5662
2023-04-03 12:00:00+00:00,6.365,6.392,6.298,6.34,6202
2023-04-03 16:00:00+00:00,6.34,6.384,6.265,6.299,7577
2023-04-03 20:00:00+00:00,6.299,6.495,6.185,6.217,11986
2023-04-04 00:00:00+00:00,6.193,6.441,6.143,6.375,9370
2023-04-04 04:00:00+00:00,6.377,6.4719999999999995,6.362,6.383,6951
2023-04-04 08:00:00+00:00,6.381,6.448,6.372,6.443,6753
2023-04-04 12:00:00+00:00,6.44,6.515,6.414,6.474,8394
2023-04-04 16:00:00+00:00,6.474,6.494,6.399,6.445,8604
2023-04-04 20:00:00+00:00,6.445,6.5280000000000005,6.435,6.519,6600
2023-04-05 00:00:00+00:00,6.503,6.55,6.396,6.5440000000000005,6581
2023-04-05 04:00:00+00:00,6.5440000000000005,6.583,6.511,6.524,6565
2023-04-05 08:00:00+00:00,6.523,6.566,6.508,6.535,5719
2023-04-05 12:00:00+00:00,6.536,6.54,6.427,6.487,6844
2023-04-05 16:00:00+00:00,6.487,6.498,6.318,6.336,10206
2023-04-05 20:00:00+00:00,6.335,6.404,6.322,6.389,6803
2023-04-06 00:00:00+00:00,6.3870000000000005,6.411,6.336,6.348,5316
2023-04-06 04:00:00+00:00,6.349,6.409,6.285,6.374,5361
2023-04-06 08:00:00+00:00,6.374,6.377,6.279,6.321,5655
2023-04-06 12:00:00+00:00,6.322,6.409,6.25,6.374,6979
2023-04-06 16:00:00+00:00,6.374,6.409,6.314,6.343,7522
2023-04-06 20:00:00+00:00,6.345,6.364,6.284,6.293,4882
2023-04-07 00:00:00+00:00,6.3,6.324,6.2620000000000005,6.305,3855
2023-04-07 04:00:00+00:00,6.305,6.315,6.208,6.241,4406
2023-04-07 08:00:00+00:00,6.241,6.243,6.136,6.146,5499
2023-04-07 12:00:00+00:00,6.146,6.214,6.13,6.171,5576
2023-04-07 16:00:00+00:00,6.17,6.218,6.157,6.174,4881
2023-04-07 20:00:00+00:00,6.174,6.19,6.144,6.146,3130
2023-04-08 00:00:00+00:00,6.149,6.197,6.121,6.135,2836
2023-04-08 04:00:00+00:00,6.135,6.173,6.104,6.166,3635
2023-04-08 08:00:00+00:00,6.165,6.23,6.155,6.181,3624
2023-04-08 12:00:00+00:00,6.181,6.202,6.173,6.183,3230
2023-04-08 16:00:00+00:00,6.183,6.222,6.177,6.183,2904
2023-04-08 20:00:00+00:00,6.182,6.199,6.091,6.132,4455
2023-04-09 00:00:00+00:00,6.125,6.161,6.102,6.157,2938
2023-04-09 04:00:00+00:00,6.157,6.24,6.155,6.183,4023
2023-04-09 08:00:00+00:00,6.183,6.196,6.096,6.115,4490
2023-04-09 12:00:00+00:00,6.116,6.15,6.096,6.129,4021
2023-04-09 16:00:00+00:00,6.128,6.15,6.096,6.135,3917
2023-04-09 20:00:00+00:00,6.134,6.21,6.103,6.177,4906
2023-04-10 00:00:00+00:00,6.186,6.258,6.179,6.19,4404
2023-04-10 04:00:00+00:00,6.189,6.191,6.112,6.15,4217
2023-04-10 08:00:00+00:00,6.149,6.186,6.135,6.163,3745
2023-04-10 12:00:00+00:00,6.163,6.181,6.131,6.143,3894
2023-04-10 16:00:00+00:00,6.144,6.201,6.11,6.193,6694
2023-04-10 20:00:00+00:00,6.194,6.255,6.183,6.213,6022
2023-04-11 00:00:00+00:00,6.214,6.329,6.214,6.308,5911
2023-04-11 04:00:00+00:00,6.308,6.35,6.271,6.348,6150
2023-04-11 08:00:00+00:00,6.349,6.466,6.309,6.399,6637
2023-04-11 12:00:00+00:00,6.399,6.438,6.377,6.425,5598
2023-04-11 16:00:00+00:00,6.424,6.478,6.386,6.409,7968
2023-04-11 20:00:00+00:00,6.409,6.489,6.392,6.421,7439
2023-04-12 00:00:00+00:00,6.416,6.47,6.39,6.405,4458
2023-04-12 04:00:00+00:00,6.404,6.422,6.213,6.259,8641
2023-04-12 08:00:00+00:00,6.258,6.322,6.236,6.267,5519
2023-04-12 12:00:00+00:00,6.267,6.378,6.252,6.334,5819
2023-04-12 16:00:00+00:00,6.333,6.437,6.319,6.39,10137
2023-04-12 20:00:00+00:00,6.39,6.43,6.317,6.3870000000000005,7456
2023-04-13 00:00:00+00:00,6.377,6.419,6.371,6.379,5121
2023-04-13 04:00:00+00:00,6.379,6.424,6.346,6.413,4628
2023-04-13 08:00:00+00:00,6.412,6.466,6.381,6.451,5716
2023-04-13 12:00:00+00:00,6.45,6.541,6.447,6.529,7666
2023-04-13 16:00:00+00:00,6.529,6.58,6.491,6.55,6799
2023-04-13 20:00:00+00:00,6.549,6.618,6.543,6.548,5455
2023-04-14 00:00:00+00:00,6.54,6.788,6.537,6.78,5959
2023-04-14 04:00:00+00:00,6.781,6.844,6.743,6.785,8109
2023-04-14 08:00:00+00:00,6.785,6.811,6.716,6.747,7510
2023-04-14 12:00:00+00:00,6.747,6.781,6.6530000000000005,6.661,6653
2023-04-14 16:00:00+00:00,6.662,6.726,6.534,6.594,11726
2023-04-14 20:00:00+00:00,6.594,6.7620000000000005,6.585,6.733,8320
2023-04-15 00:00:00+00:00,6.725,6.764,6.664,6.682,4874
2023-04-15 04:00:00+00:00,6.681,6.691,6.631,6.681,4907
2023-04-15 08:00:00+00:00,6.681,6.727,6.647,6.708,4485
2023-04-15 12:00:00+00:00,6.71,6.811,6.708,6.802,5855
2023-04-15 16:00:00+00:00,6.802,6.836,6.7219999999999995,6.824,7052
2023-04-15 20:00:00+00:00,6.824,6.871,6.741,6.756,6672
2023-04-16 00:00:00+00:00,6.755,6.832,6.735,6.8,4440
2023-04-16 04:00:00+00:00,6.801,6.804,6.708,6.783,6194
2023-04-16 08:00:00+00:00,6.783,6.812,6.768,6.786,3222
2023-04-16 12:00:00+00:00,6.739,6.75,6.672,6.727,4196
2023-04-16 16:00:00+00:00,6.727,6.782,6.683,6.774,6001
2023-04-16 20:00:00+00:00,6.773,6.875,6.743,6.819,8002
2023-04-17 00:00:00+00:00,6.8309999999999995,6.87,6.633,6.654,7600
2023-04-17 04:00:00+00:00,6.655,6.76,6.619,6.71,7092
2023-04-17 08:00:00+00:00,6.711,6.735,6.68,6.721,6547
2023-04-17 12:00:00+00:00,6.721,6.737,6.632,6.723,9161
2023-04-17 16:00:00+00:00,6.723,6.734,6.635,6.678,10206
2023-04-17 20:00:00+00:00,6.678,6.723,6.671,6.688,6035
2023-04-18 00:00:00+00:00,6.674,6.721,6.6370000000000005,6.66,5445
2023-04-18 04:00:00+00:00,6.663,6.757,6.573,6.755,6751
2023-04-18 08:00:00+00:00,6.756,6.853,6.756,6.829,7534
2023-04-18 12:00:00+00:00,6.8309999999999995,6.979,6.827,6.928,8724
2023-04-18 16:00:00+00:00,6.928,6.946,6.846,6.89,9075
2023-04-18 20:00:00+00:00,6.89,6.915,6.806,6.895,7880
2023-04-19 00:00:00+00:00,6.883,6.927,6.867,6.88,4703
2023-04-19 04:00:00+00:00,6.881,6.892,6.826,6.85,5712
2023-04-19 08:00:00+00:00,6.85,6.89,6.311,6.418,9726
2023-04-19 12:00:00+00:00,6.419,6.479,6.396,6.458,7524
2023-04-19 16:00:00+00:00,6.458,6.539,6.446,6.473,7109
2023-04-19 20:00:00+00:00,6.474,6.48,6.369,6.386,6861
2023-04-20 00:00:00+00:00,6.372,6.394,6.2379999999999995,6.376,7547
2023-04-20 04:00:00+00:00,6.376,6.424,6.286,6.404,5990
2023-04-20 08:00:00+00:00,6.404,6.434,6.366,6.4,5773
2023-04-20 12:00:00+00:00,6.399,6.419,6.314,6.399,7133
2023-04-20 16:00:00+00:00,6.399,6.402,6.136,6.159,9914
2023-04-20 20:00:00+00:00,6.159,6.202,6.056,6.119,10102
2023-04-21 00:00:00+00:00,6.101,6.164,6.077,6.151,5598
2023-04-21 04:00:00+00:00,6.151,6.161,6.083,6.111,4713
2023-04-21 08:00:00+00:00,6.112,6.127,5.997,6.067,7417
2023-04-21 12:00:00+00:00,6.067,6.097,5.987,6.061,6880
2023-04-21 16:00:00+00:00,6.061,6.089,5.981,5.995,7852
2023-04-21 20:00:00+00:00,5.994,6.001,5.782,5.799,10011
2023-04-22 00:00:00+00:00,5.8100000000000005,5.857,5.781,5.826,3621
2023-04-22 04:00:00+00:00,5.826,5.9030000000000005,5.812,5.889,3382
2023-04-22 08:00:00+00:00,5.889,5.918,5.864,5.873,3502
2023-04-22 12:00:00+00:00,5.872,5.922,5.8629999999999995,5.92,3417
2023-04-22 16:00:00+00:00,5.92,5.973,5.889,5.931,6069
2023-04-22 20:00:00+00:00,5.931,5.97,5.925,5.931,3727
2023-04-23 00:00:00+00:00,5.926,5.958,5.845,5.893,4005
2023-04-23 04:00:00+00:00,5.893,5.9399999999999995,5.872,5.929,3215
2023-04-23 08:00:00+00:00,5.93,5.964,5.914,5.95,2968
2023-04-23 12:00:00+00:00,5.951,5.968,5.914,5.9399999999999995,3780
2023-04-23 16:00:00+00:00,5.9399999999999995,5.953,5.824,5.881,6116
2023-04-23 20:00:00+00:00,5.881,5.892,5.763,5.852,6204
2023-04-24 00:00:00+00:00,5.857,5.961,5.83,5.957,5027
2023-04-24 04:00:00+00:00,5.958,6.005,5.934,5.998,5988
2023-04-24 08:00:00+00:00,5.998,6.005,5.862,5.878,7201
2023-04-24 12:00:00+00:00,5.878,5.969,5.873,5.923,5242
2023-04-24 16:00:00+00:00,5.923,5.98,5.806,5.817,8548
2023-04-24 20:00:00+00:00,5.818,5.955,5.792,5.92,6434
2023-04-25 00:00:00+00:00,5.913,5.92,5.865,5.882,3812
2023-04-25 04:00:00+00:00,5.881,5.906,5.838,5.879,4503
2023-04-25 08:00:00+00:00,5.879,5.89,5.797,5.854,5634
2023-04-25 12:00:00+00:00,5.853,5.873,5.83,5.857,5295
2023-04-25 16:00:00+00:00,5.859,5.885,5.768,5.813,7380
2023-04-25 20:00:00+00:00,5.814,5.95,5.786,5.949,7654
2023-04-26 00:00:00+00:00,5.965,6.031,5.953,5.961,5426
2023-04-26 04:00:00+00:00,5.962,6.034,5.947,6.019,3617
2023-04-26 08:00:00+00:00,6.019,6.077,5.995,6.072,4608
2023-04-26 12:00:00+00:00,6.072,6.195,6.041,6.192,8532
2023-04-26 16:00:00+00:00,6.191,6.217,6.141,6.18,7284
2023-04-26 20:00:00+00:00,6.18,6.182,5.5969999999999995,5.79,12047
2023-04-27 00:00:00+00:00,5.765,6.012,5.737,5.978,10030
2023-04-27 04:00:00+00:00,5.979,6.009,5.87,5.958,7696
2023-04-27 08:00:00+00:00,5.958,5.975,5.851,5.883,6580
2023-04-27 12:00:00+00:00,5.882,5.92,5.838,5.875,6331
2023-04-27 16:00:00+00:00,5.875,5.994,5.875,5.931,8543
2023-04-27 20:00:00+00:00,5.931,6.046,5.923,5.986,8435
2023-04-28 00:00:00+00:00,6.002,6.002,5.912,5.969,4835
2023-04-28 04:00:00+00:00,5.968,5.974,5.912,5.945,4403
2023-04-28 08:00:00+00:00,5.946,5.961,5.85,5.871,4968
2023-04-28 12:00:00+00:00,5.87,5.891,5.816,5.838,5640
2023-04-28 16:00:00+00:00,5.837,5.934,5.773,5.93,8205
2023-04-28 20:00:00+00:00,5.93,5.947,5.8870000000000005,5.931,5540
2023-04-29 00:00:00+00:00,5.921,5.948,5.916,5.928,2628
2023-04-29 04:00:00+00:00,5.928,6.0,5.923,5.992,2927
2023-04-29 08:00:00+00:00,5.992,5.996,5.928,5.95,3073
2023-04-29 12:00:00+00:00,5.951,5.996,5.9399999999999995,5.992,2606
2023-04-29 16:00:00+00:00,5.984,6.03,5.981,5.997,4458
2023-04-29 20:00:00+00:00,5.998,6.054,5.924,6.032,3682
2023-04-30 00:00:00+00:00,6.031,6.039,5.9719999999999995,5.979,3022
2023-04-30 04:00:00+00:00,5.978,6.0,5.95,5.984,3007
2023-04-30 08:00:00+00:00,5.984,6.046,5.982,6.044,1987
2023-04-30 12:00:00+00:00,6.045,6.067,5.995,5.997,3375
2023-04-30 16:00:00+00:00,5.997,6.081,5.978,6.051,6201
2023-04-30 20:00:00+00:00,6.053,6.063,5.84,5.877,6874
2023-05-01 00:00:00+00:00,5.877,5.928,5.864,5.894,4339
2023-05-01 04:00:00+00:00,5.894,5.898,5.7379999999999995,5.844,5898
2023-05-01 08:00:00+00:00,5.842,5.852,5.797,5.836,3550
2023-05-01 12:00:00+00:00,5.836,5.853,5.786,5.8100000000000005,3016
2023-05-01 16:00:00+00:00,5.8100000000000005,5.811,5.668,5.727,7585
2023-05-01 20:00:00+00:00,5.728,5.729,5.587,5.601,6666
2023-05-02 00:00:00+00:00,5.63,5.664,5.618,5.644,3324
2023-05-02 04:00:00+00:00,5.644,5.667,5.614,5.648,3107
2023-05-02 08:00:00+00:00,5.648,5.704,5.641,5.676,3095
2023-05-02 12:00:00+00:00,5.677,5.702,5.641,5.675,3788
2023-05-02 16:00:00+00:00,5.674,5.732,5.6129999999999995,5.686,8855
2023-05-02 20:00:00+00:00,5.686,5.755,5.676,5.711,5263
2023-05-03 00:00:00+00:00,5.709,5.737,5.668,5.6690000000000005,3472
2023-05-03 04:00:00+00:00,5.6690000000000005,5.692,5.6370000000000005,5.674,3167
2023-05-03 08:00:00+00:00,5.674,5.694,5.649,5.683,3522
2023-05-03 12:00:00+00:00,5.684,5.691,5.557,5.5649999999999995,4868
2023-05-03 16:00:00+00:00,5.562,5.621,5.552,5.619,5934
2023-05-03 20:00:00+00:00,5.62,5.711,5.591,5.673,12037
2023-05-04 00:00:00+00:00,5.684,5.807,5.677,5.746,6449
2023-05-04 04:00:00+00:00,5.748,5.7940000000000005,5.737,5.773,3904
2023-05-04 08:00:00+00:00,5.775,5.78,5.729,5.746,3590
2023-05-04 12:00:00+00:00,5.746,5.782,5.7059999999999995,5.716,4499
2023-05-04 16:00:00+00:00,5.716,5.724,5.647,5.688,6488
2023-05-04 20:00:00+00:00,5.688,5.691,5.615,5.636,5022
2023-05-05 00:00:00+00:00,5.6370000000000005,5.707,5.62,5.7,3086
2023-05-05 04:00:00+00:00,5.7,5.785,5.671,5.741,5482
2023-05-05 08:00:00+00:00,5.741,5.791,5.71,5.754,4304
2023-05-05 12:00:00+00:00,5.754,5.775,5.66,5.736,5964
2023-05-05 16:00:00+00:00,5.736,5.9,5.7219999999999995,5.858,10159
2023-05-05 20:00:00+00:00,5.858,5.875,5.824,5.8629999999999995,5895
2023-05-06 00:00:00+00:00,5.854,5.896,5.835,5.871,3230
2023-05-06 04:00:00+00:00,5.87,5.873,5.783,5.817,4704
2023-05-06 08:00:00+00:00,5.817,5.82,5.705,5.744,5323
2023-05-06 12:00:00+00:00,5.743,5.789,5.719,5.734,4926
2023-05-06 16:00:00+00:00,5.734,5.734,5.586,5.6370000000000005,7547
2023-05-06 20:00:00+00:00,5.6370000000000005,5.701,5.622,5.652,4327
2023-05-07 00:00:00+00:00,5.655,5.664,5.623,5.658,3479
2023-05-07 04:00:00+00:00,5.658,5.6850000000000005,5.602,5.629,4154
2023-05-07 08:00:00+00:00,5.629,5.667,5.624,5.641,3010
2023-05-07 12:00:00+00:00,5.643,5.68,5.631,5.67,3557
2023-05-07 16:00:00+00:00,5.6690000000000005,5.696,5.638,5.673,4895
2023-05-07 20:00:00+00:00,5.673,5.692,5.651,5.691,3751
2023-05-08 00:00:00+00:00,5.684,5.703,5.596,5.642,5585
2023-05-08 04:00:00+00:00,5.642,5.644,5.377,5.413,7972
2023-05-08 08:00:00+00:00,5.413,5.458,5.343,5.369,6280
2023-05-08 12:00:00+00:00,5.369,5.452,5.366,5.432,4601
2023-05-08 16:00:00+00:00,5.432,5.463,5.385,5.402,6399
2023-05-08 20:00:00+00:00,5.4030000000000005,5.4030000000000005,5.169,5.303,10217
2023-05-09 00:00:00+00:00,5.283,5.382,5.274,5.373,3754
2023-05-09 04:00:00+00:00,5.373,5.41,5.332,5.38,4084
2023-05-09 08:00:00+00:00,5.38,5.392,5.305,5.319,4635
2023-05-09 12:00:00+00:00,5.319,5.355,5.297,5.342,5069
2023-05-09 16:00:00+00:00,5.342,5.361,5.286,5.349,6866
2023-05-09 20:00:00+00:00,5.349,5.3629999999999995,5.289,5.297,5100
2023-05-10 00:00:00+00:00,5.294,5.351,5.29,5.339,3513
2023-05-10 04:00:00+00:00,5.339,5.374,5.318,5.346,3907
2023-05-10 08:00:00+00:00,5.346,5.365,5.299,5.313,4537
2023-05-10 12:00:00+00:00,5.313,5.449,5.297,5.428,5355
2023-05-10 16:00:00+00:00,5.431,5.501,5.404,5.477,8035
2023-05-10 20:00:00+00:00,5.477,5.519,5.207,5.506,10980
2023-05-11 00:00:00+00:00,5.501,5.508,5.404,5.413,5041
2023-05-11 04:00:00+00:00,5.415,5.448,5.377,5.397,4962
2023-05-11 08:00:00+00:00,5.396,5.466,5.357,5.382,5800
2023-05-11 12:00:00+00:00,5.382,5.417,5.321,5.327,5445
2023-05-11 16:00:00+00:00,5.326,5.354,5.264,5.281,9062
2023-05-11 20:00:00+00:00,5.281,5.294,5.174,5.287,8612
2023-05-12 00:00:00+00:00,5.286,5.302,5.237,5.297,4374
2023-05-12 04:00:00+00:00,5.297,5.309,5.152,5.236,6260
2023-05-12 08:00:00+00:00,5.236,5.245,5.143,5.215,6146
2023-05-12 12:00:00+00:00,5.215,5.2620000000000005,5.205,5.244,5089
2023-05-12 16:00:00+00:00,5.243,5.279,5.2,5.214,6713
2023-05-12 20:00:00+00:00,5.213,5.274,5.113,5.265,7091
2023-05-13 00:00:00+00:00,5.315,5.349,5.306,5.34,3147
2023-05-13 04:00:00+00:00,5.341,5.382,5.331,5.3469999999999995,3445
2023-05-13 08:00:00+00:00,5.3469999999999995,5.376,5.337,5.366,2466
2023-05-13 12:00:00+00:00,5.365,5.392,5.3469999999999995,5.36,2700
2023-05-13 16:00:00+00:00,5.36,5.378,5.309,5.329,3518
2023-05-13 20:00:00+00:00,5.328,5.378,5.316,5.339,4105
2023-05-14 00:00:00+00:00,5.344,5.369,5.31,5.351,3157
2023-05-14 04:00:00+00:00,5.351,5.376,5.308,5.3629999999999995,2800
2023-05-14 08:00:00+00:00,5.3629999999999995,5.381,5.355,5.357,1770
2023-05-14 12:00:00+00:00,5.364,5.371,5.343,5.37,2305
2023-05-14 16:00:00+00:00,5.37,5.444,5.353,5.372,4744
2023-05-14 20:00:00+00:00,5.372,5.383,5.307,5.339,3714
2023-05-15 00:00:00+00:00,5.335,5.367,5.2620000000000005,5.289,4129
2023-05-15 04:00:00+00:00,5.289,5.4030000000000005,5.281,5.384,5237
2023-05-15 08:00:00+00:00,5.385,5.427,5.364,5.413,4608
2023-05-15 12:00:00+00:00,5.413,5.422,5.374,5.386,2754
2023-05-15 16:00:00+00:00,5.386,5.394,5.333,5.374,4842
2023-05-15 20:00:00+00:00,5.374,5.405,5.322,5.33,4254
2023-05-16 00:00:00+00:00,5.331,5.3469999999999995,5.273,5.293,3349
2023-05-16 04:00:00+00:00,5.292,5.298,5.226,5.271,4430
2023-05-16 08:00:00+00:00,5.27,5.3,5.248,5.291,3074
2023-05-16 12:00:00+00:00,5.29,5.305,5.25,5.268,4144
2023-05-16 16:00:00+00:00,5.268,5.302,5.229,5.291,4723
2023-05-16 20:00:00+00:00,5.29,5.3,5.234,5.2620000000000005,3229
2023-05-17 00:00:00+00:00,5.268,5.318,5.263,5.308,3234
2023-05-17 04:00:00+00:00,5.308,5.373,5.305,5.355,3879
2023-05-17 08:00:00+00:00,5.354,5.355,5.257,5.283,3977
2023-05-17 12:00:00+00:00,5.282,5.312,5.233,5.263,4543
2023-05-17 16:00:00+00:00,5.2620000000000005,5.277,5.215,5.267,5074
2023-05-17 20:00:00+00:00,5.268,5.432,5.259,5.409,5478
2023-05-18 00:00:00+00:00,5.39,5.421,5.385,5.393,3573
2023-05-18 04:00:00+00:00,5.394,5.461,5.384,5.444,3389
2023-05-18 08:00:00+00:00,5.444,5.449,5.392,5.423,3965
2023-05-18 12:00:00+00:00,5.422,5.446,5.39,5.395,4034
2023-05-18 16:00:00+00:00,5.394,5.418,5.342,5.37,5994
2023-05-18 20:00:00+00:00,5.369,5.38,5.24,5.299,6598
2023-05-19 00:00:00+00:00,5.308,5.365,5.308,5.356,3588
2023-05-19 04:00:00+00:00,5.356,5.364,5.319,5.36,3443
2023-05-19 08:00:00+00:00,5.36,5.374,5.337,5.353,2906
2023-05-19 12:00:00+00:00,5.353,5.358,5.334,5.3469999999999995,2712
2023-05-19 16:00:00+00:00,5.348,5.389,5.31,5.35,5674
2023-05-19 20:00:00+00:00,5.35,5.375,5.323,5.359,3013
2023-05-20 00:00:00+00:00,5.362,5.381,5.325,5.338,2018
2023-05-20 04:00:00+00:00,5.339,5.38,5.335,5.359,2399
2023-05-20 08:00:00+00:00,5.359,5.376,5.339,5.375,1998
2023-05-20 12:00:00+00:00,5.375,5.4030000000000005,5.374,5.393,1821
2023-05-20 16:00:00+00:00,5.395,5.435,5.3870000000000005,5.416,2312
2023-05-20 20:00:00+00:00,5.416,5.442,5.398,5.4,2557
2023-05-21 00:00:00+00:00,5.4,5.427,5.398,5.425,1975
2023-05-21 04:00:00+00:00,5.426,5.427,5.375,5.396,1826
2023-05-21 08:00:00+00:00,5.396,5.402,5.376,5.376,1278
2023-05-21 12:00:00+00:00,5.365,5.369,5.31,5.322,2119
2023-05-21 16:00:00+00:00,5.321,5.341,5.269,5.281,3191
2023-05-21 20:00:00+00:00,5.281,5.305,5.272,5.282,2436
2023-05-22 00:00:00+00:00,5.273,5.293,5.218,5.26,3171
2023-05-22 04:00:00+00:00,5.26,5.282,5.228,5.2780000000000005,3109
2023-05-22 08:00:00+00:00,5.2780000000000005,5.309,5.269,5.294,2477
2023-05-22 12:00:00+00:00,5.295,5.331,5.288,5.291,2626
2023-05-22 16:00:00+00:00,5.291,5.33,5.28,5.296,3769
2023-05-22 20:00:00+00:00,5.295,5.321,5.273,5.311,2287
2023-05-23 00:00:00+00:00,5.318,5.322,5.293,5.297,1665
2023-05-23 04:00:00+00:00,5.297,5.444,5.284,5.404,4781
2023-05-23 08:00:00+00:00,5.405,5.412,5.3629999999999995,5.37,2599
2023-05-23 12:00:00+00:00,5.37,5.4,5.355,5.372,2071
2023-05-23 16:00:00+00:00,5.372,5.389,5.344,5.376,3170
2023-05-23 20:00:00+00:00,5.376,5.386,5.344,5.383,2366
2023-05-24 00:00:00+00:00,5.378,5.409,5.368,5.382,1907
2023-05-24 04:00:00+00:00,5.383,5.383,5.264,5.311,3957
2023-05-24 08:00:00+00:00,5.312,5.327,5.276,5.294,2925
2023-05-24 12:00:00+00:00,5.293,5.306,5.268,5.288,2012
2023-05-24 16:00:00+00:00,5.288,5.298,5.193,5.202,5659
2023-05-24 20:00:00+00:00,5.202,5.268,5.186,5.257,3126
2023-05-25 00:00:00+00:00,5.261,5.267,5.198,5.203,2576
2023-05-25 04:00:00+00:00,5.204,5.2379999999999995,5.136,5.23,3750
2023-05-25 08:00:00+00:00,5.23,5.261,5.224,5.252,2123
2023-05-25 12:00:00+00:00,5.252,5.29,5.243,5.27,2593
2023-05-25 16:00:00+00:00,5.268,5.283,5.217,5.2379999999999995,3327
2023-05-25 20:00:00+00:00,5.239,5.288,5.222,5.249,2514
2023-05-26 00:00:00+00:00,5.241,5.246,5.22,5.236,1487
2023-05-26 04:00:00+00:00,5.236,5.244,5.196,5.219,2144
2023-05-26 08:00:00+00:00,5.219,5.24,5.181,5.227,2186
2023-05-26 12:00:00+00:00,5.228,5.235,5.198,5.212,1920
2023-05-26 16:00:00+00:00,5.212,5.269,5.212,5.235,3153
2023-05-26 20:00:00+00:00,5.235,5.259,5.209,5.251,1790
2023-05-27 00:00:00+00:00,5.256,5.258,5.227,5.239,970
2023-05-27 04:00:00+00:00,5.241,5.288,5.228,5.277,1436
2023-05-27 08:00:00+00:00,5.2780000000000005,5.285,5.253,5.257,1480
2023-05-27 12:00:00+00:00,5.259,5.287,5.257,5.284,1176
2023-05-27 16:00:00+00:00,5.284,5.371,5.253,5.312,3479
2023-05-27 20:00:00+00:00,5.312,5.327,5.293,5.32,1625
2023-05-28 00:00:00+00:00,5.316,5.371,5.312,5.3629999999999995,2144
2023-05-28 04:00:00+00:00,5.365,5.385,5.35,5.368,2621
2023-05-28 08:00:00+00:00,5.368,5.381,5.357,5.37,1365
2023-05-28 12:00:00+00:00,5.37,5.402,5.36,5.385,2026
2023-05-28 16:00:00+00:00,5.385,5.397,5.369,5.376,1855
2023-05-28 20:00:00+00:00,5.375,5.464,5.37,5.45,2795
2023-05-29 00:00:00+00:00,5.452,5.558,5.451,5.509,5210
2023-05-29 04:00:00+00:00,5.508,5.535,5.438,5.478,3280
2023-05-29 08:00:00+00:00,5.478,5.499,5.458,5.47,2057
2023-05-29 12:00:00+00:00,5.471,5.486,5.448,5.468,2554
2023-05-29 16:00:00+00:00,5.468,5.476,5.41,5.441,4035
2023-05-29 20:00:00+00:00,5.441,5.474,5.425,5.465,2282
2023-05-30 00:00:00+00:00,5.469,5.473,5.433,5.464,2018
2023-05-30 04:00:00+00:00,5.463,5.489,5.456,5.46,2043
2023-05-30 08:00:00+00:00,5.461,5.486,5.435,5.48,2322
2023-05-30 12:00:00+00:00,5.482,5.524,5.462,5.48,3311
2023-05-30 16:00:00+00:00,5.48,5.483,5.402,5.429,4302
2023-05-30 20:00:00+00:00,5.429,5.46,5.423,5.44,2546
2023-05-31 00:00:00+00:00,5.442,5.461,5.425,5.448,1859
2023-05-31 04:00:00+00:00,5.448,5.458,5.318,5.332,3249
2023-05-31 08:00:00+00:00,5.33,5.339,5.298,5.312,4259
2023-05-31 12:00:00+00:00,5.312,5.328,5.286,5.302,2485
2023-05-31 16:00:00+00:00,5.301,5.328,5.263,5.28,3753
2023-05-31 20:00:00+00:00,5.28,5.312,5.2780000000000005,5.302,2113
2023-06-01 00:00:00+00:00,5.299,5.33,5.279,5.288,2354
2023-06-01 04:00:00+00:00,5.289,5.304,5.196,5.226,3514
2023-06-01 08:00:00+00:00,5.226,5.235,5.201,5.221,1757
2023-06-01 12:00:00+00:00,5.221,5.24,5.21,5.233,1992
2023-06-01 16:00:00+00:00,5.232,5.256,5.208,5.247,3005
2023-06-01 20:00:00+00:00,5.247,5.256,5.186,5.213,2923
2023-06-02 00:00:00+00:00,5.221,5.226,5.155,5.217,2617
2023-06-02 04:00:00+00:00,5.217,5.273,5.199,5.263,2698
2023-06-02 08:00:00+00:00,5.264,5.295,5.254,5.273,2317
2023-06-02 12:00:00+00:00,5.273,5.284,5.229,5.247,2455
2023-06-02 16:00:00+00:00,5.247,5.251,5.201,5.221,3232
2023-06-02 20:00:00+00:00,5.222,5.277,5.21,5.267,2209
2023-06-03 00:00:00+00:00,5.279,5.294,5.251,5.259,1222
2023-06-03 04:00:00+00:00,5.258,5.267,5.236,5.255,1471
2023-06-03 08:00:00+00:00,5.255,5.288,5.254,5.276,1358
2023-06-03 12:00:00+00:00,5.276,5.298,5.273,5.296,1416
2023-06-03 16:00:00+00:00,5.296,5.298,5.257,5.287,2068
2023-06-03 20:00:00+00:00,5.287,5.291,5.239,5.27,1967
2023-06-04 00:00:00+00:00,5.275,5.38,5.252,5.317,2503
2023-06-04 04:00:00+00:00,5.318,5.338,5.305,5.333,1948
2023-06-04 08:00:00+00:00,5.333,5.353,5.32,5.351,1249
2023-06-04 12:00:00+00:00,5.352,5.365,5.336,5.355,1621
2023-06-04 16:00:00+00:00,5.356,5.362,5.312,5.315,2152
2023-06-04 20:00:00+00:00,5.315,5.353,5.307,5.342,2165
2023-06-05 00:00:00+00:00,5.35,5.367,5.274,5.29,3580
2023-06-05 04:00:00+00:00,5.288,5.316,5.249,5.261,3198
2023-06-05 08:00:00+00:00,5.261,5.309,5.229,5.307,2634
2023-06-05 12:00:00+00:00,5.307,5.315,5.264,5.283,2351
2023-06-05 16:00:00+00:00,5.283,5.288,4.892,5.018,9357
2023-06-05 20:00:00+00:00,5.019,5.08,4.991,5.079,5514
2023-06-06 00:00:00+00:00,5.067,5.079,5.009,5.063,2636
2023-06-06 04:00:00+00:00,5.063,5.085,5.024,5.085,2203
2023-06-06 08:00:00+00:00,5.085,5.088,5.056,5.064,1568
2023-06-06 12:00:00+00:00,5.065,5.085,4.989,5.013,3062
2023-06-06 16:00:00+00:00,5.012,5.126,4.976,5.118,6759
2023-06-06 20:00:00+00:00,5.117,5.263,5.096,5.207,5753
2023-06-07 00:00:00+00:00,5.211,5.221,5.169,5.175,2613
2023-06-07 04:00:00+00:00,5.175,5.188,5.131,5.185,2543
2023-06-07 08:00:00+00:00,5.185,5.206,5.151,5.18,1825
2023-06-07 12:00:00+00:00,5.18,5.184,5.06,5.116,4327
2023-06-07 16:00:00+00:00,5.116,5.123,4.996,5.01,7034
2023-06-07 20:00:00+00:00,5.007,5.044,4.99,5.022,2813
2023-06-08 00:00:00+00:00,5.023,5.039,4.97,5.032,2691
2023-06-08 04:00:00+00:00,5.032,5.053,4.971,5.009,2136
2023-06-08 08:00:00+00:00,5.009,5.034,4.983,4.99,2051
2023-06-08 12:00:00+00:00,4.989,5.032,4.978,5.016,2185
2023-06-08 16:00:00+00:00,5.016,5.053,4.985,5.008,3876
2023-06-08 20:00:00+00:00,5.007,5.032,4.9879999999999995,5.019,1925
2023-06-09 00:00:00+00:00,5.026,5.038,4.995,5.0,1598
2023-06-09 04:00:00+00:00,4.998,5.022,4.952,5.005,2737
2023-06-09 08:00:00+00:00,5.005,5.015,4.968,5.001,2063
2023-06-09 12:00:00+00:00,5.001,5.064,5.001,5.059,2142
2023-06-09 16:00:00+00:00,5.06,5.064,5.016,5.019,3749
2023-06-09 20:00:00+00:00,5.019,5.019,4.922,4.973,4220
2023-06-10 00:00:00+00:00,4.99,4.991,4.931,4.9399999999999995,2809
2023-06-10 04:00:00+00:00,4.942,4.96,4.22,4.355,10393
2023-06-10 08:00:00+00:00,4.355,4.418,4.198,4.408,14663
2023-06-10 12:00:00+00:00,4.407,4.476,4.389,4.421,7017
2023-06-10 16:00:00+00:00,4.421,4.456,4.395,4.412,6931
2023-06-10 20:00:00+00:00,4.414,4.531,4.373,4.497,9545
2023-06-11 00:00:00+00:00,4.495,4.531,4.465,4.47,4130
2023-06-11 04:00:00+00:00,4.47,4.501,4.437,4.474,4149
2023-06-11 08:00:00+00:00,4.474,4.487,4.425,4.43,2566
2023-06-11 12:00:00+00:00,4.429,4.497,4.428,4.466,2930
2023-06-11 16:00:00+00:00,4.466,4.49,4.437,4.478,4480
2023-06-11 20:00:00+00:00,4.478,4.5440000000000005,4.462,4.526,4844
2023-06-12 00:00:00+00:00,4.535,4.538,4.467,4.505,4630
2023-06-12 04:00:00+00:00,4.506,4.513,4.41,4.489,6421
2023-06-12 08:00:00+00:00,4.4879999999999995,4.513,4.449,4.504,4454
2023-06-12 12:00:00+00:00,4.504,4.55,4.5,4.524,4036
2023-06-12 16:00:00+00:00,4.523,4.527,4.482,4.499,4469
2023-06-12 20:00:00+00:00,4.499,4.5440000000000005,4.45,4.522,4389
2023-06-13 00:00:00+00:00,4.518,4.543,4.494,4.503,2718
2023-06-13 04:00:00+00:00,4.503,4.606,4.489,4.587,4512
2023-06-13 08:00:00+00:00,4.586,4.66,4.586,4.639,2996
2023-06-13 12:00:00+00:00,4.639,4.713,4.587,4.627,5571
2023-06-13 16:00:00+00:00,4.628,4.652,4.527,4.5809999999999995,6394
2023-06-13 20:00:00+00:00,4.58,4.622,4.564,4.618,2987
2023-06-14 00:00:00+00:00,4.624,4.634,4.587,4.633,2365
2023-06-14 04:00:00+00:00,4.633,4.643,4.618,4.626,2068
2023-06-14 08:00:00+00:00,4.626,4.632,4.6,4.628,2230
2023-06-14 12:00:00+00:00,4.627,4.698,4.622,4.694,1902
2023-06-14 16:00:00+00:00,4.694,4.752,4.655,4.746,2925
2023-06-14 20:00:00+00:00,4.745,4.793,4.513,4.52,10403
2023-06-15 00:00:00+00:00,4.5600000000000005,4.611,4.532,4.604,4931
2023-06-15 04:00:00+00:00,4.603,4.607,4.547,4.547,2739
2023-06-15 08:00:00+00:00,4.548,4.555,4.326,4.331,6199
2023-06-15 12:00:00+00:00,4.332,4.372,4.287,4.346,5951
2023-06-15 16:00:00+00:00,4.346,4.393,4.284,4.302,4737
2023-06-15 20:00:00+00:00,4.302,4.393,4.261,4.384,7256
2023-06-16 00:00:00+00:00,4.419,4.443,4.316,4.335,3474
2023-06-16 04:00:00+00:00,4.335,4.378,4.327,4.356,2010
2023-06-16 08:00:00+00:00,4.357,4.389,4.353,4.367,2065
2023-06-16 12:00:00+00:00,4.368,4.378,4.302,4.341,3526
2023-06-16 16:00:00+00:00,4.341,4.384,4.266,4.373,5986
2023-06-16 20:00:00+00:00,4.373,4.457,4.371,4.407,4692
2023-06-17 00:00:00+00:00,4.374,4.414,4.374,4.4030000000000005,1433
2023-06-17 04:00:00+00:00,4.4030000000000005,4.437,4.386,4.43,1960
2023-06-17 08:00:00+00:00,4.431,4.526,4.42,4.51,4092
2023-06-17 12:00:00+00:00,4.509,4.549,4.499,4.531,2439
2023-06-17 16:00:00+00:00,4.532,4.557,4.486,4.548,3083
2023-06-17 20:00:00+00:00,4.546,4.553,4.498,4.518,1968
2023-06-18 00:00:00+00:00,4.52,4.542,4.471,4.49,2054
2023-06-18 04:00:00+00:00,4.49,4.5280000000000005,4.486,4.526,1645
2023-06-18 08:00:00+00:00,4.526,4.575,4.499,4.57,2425
2023-06-18 12:00:00+00:00,4.569,4.661,4.561,4.598,4263
2023-06-18 16:00:00+00:00,4.598,4.617,4.575,4.59,2695
2023-06-18 20:00:00+00:00,4.592,4.604,4.496,4.553,3520
2023-06-19 00:00:00+00:00,4.543,4.569,4.5,4.524,3091
2023-06-19 04:00:00+00:00,4.524,4.58,4.52,4.572,2033
2023-06-19 08:00:00+00:00,4.571,4.574,4.521,4.529,1899
2023-06-19 12:00:00+00:00,4.529,4.537,4.504,4.5280000000000005,1988
2023-06-19 16:00:00+00:00,4.529,4.536,4.428,4.457,3571
2023-06-19 20:00:00+00:00,4.456,4.535,4.426,4.5120000000000005,6320
2023-06-20 00:00:00+00:00,4.509,4.536,4.485,4.53,2651
2023-06-20 04:00:00+00:00,4.529,4.562,4.483,4.49,2703
2023-06-20 08:00:00+00:00,4.49,4.499,4.451,4.452,2392
2023-06-20 12:00:00+00:00,4.452,4.483,4.445,4.454,2345
2023-06-20 16:00:00+00:00,4.454,4.463,4.365,4.448,5502
2023-06-20 20:00:00+00:00,4.448,4.664,4.442,4.648,8210
2023-06-21 00:00:00+00:00,4.636,4.683,4.611,4.665,4225
2023-06-21 04:00:00+00:00,4.666,4.756,4.664,4.699,4627
2023-06-21 08:00:00+00:00,4.698,4.747,4.673,4.6850000000000005,4396
2023-06-21 12:00:00+00:00,4.684,4.709,4.64,4.665,4299
2023-06-21 16:00:00+00:00,4.664,4.854,4.659,4.786,9673
2023-06-21 20:00:00+00:00,4.785,4.843,4.747,4.77,7323
2023-06-22 00:00:00+00:00,4.767,4.89,4.766,4.888,4738
2023-06-22 04:00:00+00:00,4.8870000000000005,4.969,4.862,4.909,6191
2023-06-22 08:00:00+00:00,4.91,4.915,4.811,4.901,5483
2023-06-22 12:00:00+00:00,4.901,4.942,4.78,4.85,7808
2023-06-22 16:00:00+00:00,4.849,4.891,4.746,4.849,8218
2023-06-22 20:00:00+00:00,4.848,4.89,4.82,4.859,4370
2023-06-23 00:00:00+00:00,4.852,4.873,4.802,4.869,3934
2023-06-23 04:00:00+00:00,4.869,4.895,4.832,4.895,3622
2023-06-23 08:00:00+00:00,4.895,4.933,4.8629999999999995,4.891,3572
2023-06-23 12:00:00+00:00,4.891,4.9399999999999995,4.853,4.896,5488
2023-06-23 16:00:00+00:00,4.896,5.119,4.857,5.061,11858
2023-06-23 20:00:00+00:00,5.06,5.126,5.046,5.117,6984
2023-06-24 00:00:00+00:00,5.042,5.123,5.01,5.098,5765
2023-06-24 04:00:00+00:00,5.098,5.133,5.053,5.09,5792
2023-06-24 08:00:00+00:00,5.09,5.111,5.024,5.037,5078
2023-06-24 12:00:00+00:00,5.037,5.06,5.024,5.047,3405
2023-06-24 16:00:00+00:00,5.038,5.039,4.9030000000000005,4.954,8345
2023-06-24 20:00:00+00:00,4.954,5.018,4.95,4.99,4315
2023-06-25 00:00:00+00:00,4.986,5.029,4.951,5.016,3809
2023-06-25 04:00:00+00:00,5.017,5.147,4.997,5.127,5282
2023-06-25 08:00:00+00:00,5.127,5.23,5.097,5.219,5638
2023-06-25 12:00:00+00:00,5.219,5.236,5.144,5.169,5663
2023-06-25 16:00:00+00:00,5.172,5.177,5.095,5.1370000000000005,7729
2023-06-25 20:00:00+00:00,5.1370000000000005,5.169,5.093,5.141,5377
2023-06-26 00:00:00+00:00,5.156,5.213,5.123,5.133,5183
2023-06-26 04:00:00+00:00,5.134,5.217,5.064,5.16,7049
2023-06-26 08:00:00+00:00,5.159,5.192,5.102,5.172,5758
2023-06-26 12:00:00+00:00,5.173,5.207,5.114,5.16,5286
2023-06-26 16:00:00+00:00,5.16,5.231,5.068,5.13,8818
2023-06-26 20:00:00+00:00,5.13,5.148,5.077,5.08,6871
2023-06-27 00:00:00+00:00,5.084,5.098,4.994,5.018,4560
2023-06-27 04:00:00+00:00,5.018,5.083,5.0,5.075,4158
2023-06-27 08:00:00+00:00,5.075,5.101,5.03,5.064,3827
2023-06-27 12:00:00+00:00,5.064,5.134,5.045,5.12,3990
2023-06-27 16:00:00+00:00,5.12,5.144,5.036,5.103,6896
2023-06-27 20:00:00+00:00,5.101,5.121,5.076,5.103,3663
2023-06-28 00:00:00+00:00,5.099,5.118,5.002,5.044,4555
2023-06-28 04:00:00+00:00,5.044,5.08,5.018,5.071,4256
2023-06-28 08:00:00+00:00,5.07,5.089,4.949,4.985,6437
2023-06-28 12:00:00+00:00,4.985,5.009,4.961,4.962,3920
2023-06-28 16:00:00+00:00,4.962,5.031,4.943,4.971,6591
2023-06-28 20:00:00+00:00,4.971,4.974,4.747,4.876,7611
2023-06-29 00:00:00+00:00,4.8870000000000005,4.9030000000000005,4.86,4.876,3234
2023-06-29 04:00:00+00:00,4.874,4.936,4.873,4.9190000000000005,2947
2023-06-29 08:00:00+00:00,4.9190000000000005,4.944,4.909,4.926,3211
2023-06-29 12:00:00+00:00,4.926,4.992,4.918,4.959,5168
2023-06-29 16:00:00+00:00,4.958,5.225,4.946,5.007,8459
2023-06-29 20:00:00+00:00,5.007,5.023,4.918,4.937,4883
2023-06-30 00:00:00+00:00,4.942,4.995,4.925,4.9399999999999995,3885
2023-06-30 04:00:00+00:00,4.939,5.176,4.9030000000000005,5.103,7710
2023-06-30 08:00:00+00:00,5.105,5.148,5.015,5.129,7458
2023-06-30 12:00:00+00:00,5.129,5.19,5.091,5.184,8251
2023-06-30 16:00:00+00:00,5.184,5.187,4.78,5.071,13479
2023-06-30 20:00:00+00:00,5.071,5.163,5.059,5.115,9940
2023-07-01 00:00:00+00:00,5.144,5.191,5.138,5.175,4548
2023-07-01 04:00:00+00:00,5.175,5.229,5.101,5.17,9833
2023-07-01 08:00:00+00:00,5.171,5.277,5.151,5.256,5569
2023-07-01 12:00:00+00:00,5.253,5.358,5.252,5.322,7247
2023-07-01 16:00:00+00:00,5.321,5.361,5.258,5.267,7396
2023-07-01 20:00:00+00:00,5.265,5.35,5.237,5.343,4417
2023-07-02 00:00:00+00:00,5.346,5.359,5.282,5.302,5630
2023-07-02 04:00:00+00:00,5.3,5.338,5.214,5.258,7506
2023-07-02 08:00:00+00:00,5.255,5.282,5.226,5.233,3759
2023-07-02 12:00:00+00:00,5.233,5.324,5.222,5.316,4015
2023-07-02 16:00:00+00:00,5.316,5.395,5.255,5.371,7884
2023-07-02 20:00:00+00:00,5.372,5.434,5.32,5.433,5593
2023-07-03 00:00:00+00:00,5.462,5.543,5.429,5.509,8141
2023-07-03 04:00:00+00:00,5.509,5.627,5.492,5.507,7407
2023-07-03 08:00:00+00:00,5.507,5.522,5.453,5.479,6164
2023-07-03 12:00:00+00:00,5.479,5.489,5.396,5.432,6097
2023-07-03 16:00:00+00:00,5.432,5.504,5.383,5.435,8821
2023-07-03 20:00:00+00:00,5.436,5.479,5.405,5.417,6349
2023-07-04 00:00:00+00:00,5.414,5.441,5.37,5.405,4194
2023-07-04 04:00:00+00:00,5.405,5.485,5.392,5.443,5936
2023-07-04 08:00:00+00:00,5.443,5.4879999999999995,5.4,5.405,5841
2023-07-04 12:00:00+00:00,5.405,5.5,5.385,5.465,5386
2023-07-04 16:00:00+00:00,5.462,5.506,5.352,5.365,6999
2023-07-04 20:00:00+00:00,5.365,5.382,5.247,5.331,7518
2023-07-05 00:00:00+00:00,5.337,5.368,5.326,5.327,4069
2023-07-05 04:00:00+00:00,5.323,5.372,5.323,5.343,3348
2023-07-05 08:00:00+00:00,5.342,5.356,5.265,5.308,4184
2023-07-05 12:00:00+00:00,5.308,5.33,5.168,5.191,8344
2023-07-05 16:00:00+00:00,5.191,5.222,5.109,5.208,8246
2023-07-05 20:00:00+00:00,5.207,5.247,5.157,5.189,4632
2023-07-06 00:00:00+00:00,5.18,5.221,5.172,5.179,3815
2023-07-06 04:00:00+00:00,5.178,5.223,5.156,5.187,4153
2023-07-06 08:00:00+00:00,5.187,5.341,5.185,5.335,5959
2023-07-06 12:00:00+00:00,5.336,5.358,5.142,5.16,9061
2023-07-06 16:00:00+00:00,5.159,5.189,5.041,5.104,10753
2023-07-06 20:00:00+00:00,5.104,5.148,5.075,5.084,4857
2023-07-07 00:00:00+00:00,5.065,5.086,4.973,5.03,7737
2023-07-07 04:00:00+00:00,5.029,5.094,5.021,5.077,4609
2023-07-07 08:00:00+00:00,5.076,5.115,5.058,5.092,5628
2023-07-07 12:00:00+00:00,5.091,5.144,5.075,5.115,5878
2023-07-07 16:00:00+00:00,5.115,5.171,5.096,5.122,7344
2023-07-07 20:00:00+00:00,5.123,5.123,5.063,5.083,4726
2023-07-08 00:00:00+00:00,5.094,5.135,5.075,5.132,2476
2023-07-08 04:00:00+00:00,5.132,5.162,5.123,5.138,3396
2023-07-08 08:00:00+00:00,5.139,5.18,5.107,5.169,3185
2023-07-08 12:00:00+00:00,5.169,5.189,5.134,5.153,3582
2023-07-08 16:00:00+00:00,5.152,5.182,5.138,5.148,3704
2023-07-08 20:00:00+00:00,5.148,5.15,5.047,5.079,3760
2023-07-09 00:00:00+00:00,5.076,5.134,5.068,5.129,2653
2023-07-09 04:00:00+00:00,5.13,5.154,5.123,5.132,3198
2023-07-09 08:00:00+00:00,5.132,5.144,5.086,5.115,2382
2023-07-09 12:00:00+00:00,5.115,5.119,5.086,5.115,2353
2023-07-09 16:00:00+00:00,5.115,5.119,5.059,5.078,4586
2023-07-09 20:00:00+00:00,5.077,5.091,5.053,5.08,2570
2023-07-10 00:00:00+00:00,5.087,5.103,4.977,5.024,5893
2023-07-10 04:00:00+00:00,5.023,5.065,4.999,5.036,4705
2023-07-10 08:00:00+00:00,5.035,5.053,4.993,5.022,4340
2023-07-10 12:00:00+00:00,5.022,5.092,5.002,5.055,5330
2023-07-10 16:00:00+00:00,5.056,5.12,5.052,5.109,5270
2023-07-10 20:00:00+00:00,5.109,5.225,5.107,5.179,6738
2023-07-11 00:00:00+00:00,5.174,5.199,5.08,5.098,5913
2023-07-11 04:00:00+00:00,5.097,5.133,5.092,5.122,3343
2023-07-11 08:00:00+00:00,5.122,5.171,5.115,5.126,3406
2023-07-11 12:00:00+00:00,5.126,5.134,5.084,5.133,3544
2023-07-11 16:00:00+00:00,5.133,5.168,5.109,5.147,5635
2023-07-11 20:00:00+00:00,5.147,5.177,5.132,5.168,3687
2023-07-12 00:00:00+00:00,5.173,5.244,5.157,5.224,3064
2023-07-12 04:00:00+00:00,5.224,5.303,5.219,5.239,4001
2023-07-12 08:00:00+00:00,5.237,5.258,5.221,5.254,3855
2023-07-12 12:00:00+00:00,5.254,5.276,5.219,5.246,4411
2023-07-12 16:00:00+00:00,5.246,5.266,5.133,5.173,6830
2023-07-12 20:00:00+00:00,5.172,5.19,5.092,5.125,5095
2023-07-13 00:00:00+00:00,5.118,5.155,5.103,5.111,2850
2023-07-13 04:00:00+00:00,5.113,5.133,5.086,5.123,3568
2023-07-13 08:00:00+00:00,5.121,5.177,5.109,5.164,3524
2023-07-13 12:00:00+00:00,5.164,5.2620000000000005,5.159,5.221,5431
2023-07-13 16:00:00+00:00,5.222,5.393,5.211,5.357,10903
2023-07-13 20:00:00+00:00,5.36,5.543,5.3469999999999995,5.457,15630
2023-07-14 00:00:00+00:00,5.427,5.732,5.377,5.6129999999999995,10197
2023-07-14 04:00:00+00:00,5.614,5.678,5.5440000000000005,5.63,9540
2023-07-14 08:00:00+00:00,5.629,5.636,5.521,5.606,7764
2023-07-14 12:00:00+00:00,5.606,5.6370000000000005,5.542,5.596,7567
2023-07-14 16:00:00+00:00,5.595,5.679,5.526,5.602,10443
2023-07-14 20:00:00+00:00,5.602,5.602,5.296,5.369,15595
2023-07-15 00:00:00+00:00,5.385,5.452,5.377,5.423,4435
2023-07-15 04:00:00+00:00,5.423,5.442,5.385,5.408,5150
2023-07-15 08:00:00+00:00,5.407,5.558,5.378,5.499,5637
2023-07-15 12:00:00+00:00,5.499,5.522,5.464,5.483,4566
2023-07-15 16:00:00+00:00,5.484,5.5120000000000005,5.439,5.453,5500
2023-07-15 20:00:00+00:00,5.453,5.4879999999999995,5.409,5.42,4120
2023-07-16 00:00:00+00:00,5.416,5.427,5.389,5.405,3616
2023-07-16 04:00:00+00:00,5.406,5.438,5.316,5.3469999999999995,6708
2023-07-16 08:00:00+00:00,5.3469999999999995,5.39,5.345,5.359,3377
2023-07-16 12:00:00+00:00,5.359,5.406,5.356,5.366,4641
2023-07-16 16:00:00+00:00,5.366,5.405,5.352,5.364,4957
2023-07-16 20:00:00+00:00,5.3629999999999995,5.39,5.298,5.326,5202
2023-07-17 00:00:00+00:00,5.326,5.362,5.257,5.302,5966
2023-07-17 04:00:00+00:00,5.302,5.4030000000000005,5.289,5.4,4901
2023-07-17 08:00:00+00:00,5.401,5.411,5.365,5.38,4340
2023-07-17 12:00:00+00:00,5.38,5.391,5.181,5.247,9226
2023-07-17 16:00:00+00:00,5.247,5.313,5.221,5.236,7490
2023-07-17 20:00:00+00:00,5.236,5.255,5.165,5.201,9196
2023-07-18 00:00:00+00:00,5.212,5.379,5.205,5.374,5354
2023-07-18 04:00:00+00:00,5.375,5.384,5.309,5.32,5174
2023-07-18 08:00:00+00:00,5.32,5.328,5.188,5.225,7630
2023-07-18 12:00:00+00:00,5.225,5.27,5.154,5.187,7922
2023-07-18 16:00:00+00:00,5.187,5.236,5.091,5.131,7605
2023-07-18 20:00:00+00:00,5.133,5.186,5.113,5.147,5521
2023-07-19 00:00:00+00:00,5.136,5.227,5.131,5.225,4284
2023-07-19 04:00:00+00:00,5.225,5.246,5.202,5.218,5793
2023-07-19 08:00:00+00:00,5.219,5.251,5.165,5.169,4721
2023-07-19 12:00:00+00:00,5.169,5.205,5.147,5.182,4260
2023-07-19 16:00:00+00:00,5.181,5.219,5.122,5.147,7218
2023-07-19 20:00:00+00:00,5.146,5.241,5.142,5.195,6009
2023-07-20 00:00:00+00:00,5.173,5.229,5.156,5.227,4655
2023-07-20 04:00:00+00:00,5.227,5.273,5.215,5.229,4108
2023-07-20 08:00:00+00:00,5.227,5.37,5.221,5.365,5934
2023-07-20 12:00:00+00:00,5.365,5.478,5.344,5.393,7839
2023-07-20 16:00:00+00:00,5.393,5.411,5.252,5.283,9883
2023-07-20 20:00:00+00:00,5.283,5.317,5.222,5.25,6047
2023-07-21 00:00:00+00:00,5.2620000000000005,5.409,5.26,5.399,4839
2023-07-21 04:00:00+00:00,5.4,5.697,5.399,5.586,11784
2023-07-21 08:00:00+00:00,5.586,5.594,5.419,5.445,6865
2023-07-21 12:00:00+00:00,5.444,5.537,5.427,5.511,6380
2023-07-21 16:00:00+00:00,5.511,5.511,5.434,5.439,7000
2023-07-21 20:00:00+00:00,5.439,5.534,5.435,5.497,7084
2023-07-22 00:00:00+00:00,5.465,5.513,5.462,5.49,3276
2023-07-22 04:00:00+00:00,5.49,5.496,5.426,5.436,4402
2023-07-22 08:00:00+00:00,5.437,5.438,5.362,5.394,4211
2023-07-22 12:00:00+00:00,5.393,5.417,5.293,5.348,4419
2023-07-22 16:00:00+00:00,5.348,5.374,5.34,5.357,3338
2023-07-22 20:00:00+00:00,5.358,5.367,5.328,5.349,3573
2023-07-23 00:00:00+00:00,5.351,5.37,5.257,5.288,5325
2023-07-23 04:00:00+00:00,5.288,5.465,5.286,5.427,5262
2023-07-23 08:00:00+00:00,5.427,5.448,5.38,5.42,3775
2023-07-23 12:00:00+00:00,5.427,5.431,5.395,5.406,3659
2023-07-23 16:00:00+00:00,5.408,5.408,5.361,5.402,4272
2023-07-23 20:00:00+00:00,5.401,5.477,5.391,5.448,5549
2023-07-24 00:00:00+00:00,5.433,5.433,5.36,5.381,3965
2023-07-24 04:00:00+00:00,5.382,5.384,5.261,5.325,6069
2023-07-24 08:00:00+00:00,5.325,5.362,5.293,5.295,4599
2023-07-24 12:00:00+00:00,5.295,5.324,5.096,5.182,8502
2023-07-24 16:00:00+00:00,5.182,5.221,5.106,5.216,7991
2023-07-24 20:00:00+00:00,5.212,5.24,5.186,5.212,4578
2023-07-25 00:00:00+00:00,5.219,5.239,5.188,5.204,3289
2023-07-25 04:00:00+00:00,5.205,5.247,5.188,5.195,3572
2023-07-25 08:00:00+00:00,5.195,5.216,5.153,5.188,3838
2023-07-25 12:00:00+00:00,5.188,5.222,5.158,5.158,4076
2023-07-25 16:00:00+00:00,5.158,5.18,5.119,5.155,6561
2023-07-25 20:00:00+00:00,5.155,5.196,5.133,5.153,4557
2023-07-26 00:00:00+00:00,5.158,5.182,5.151,5.155,3945
2023-07-26 04:00:00+00:00,5.153,5.194,5.11,5.172,5607
2023-07-26 08:00:00+00:00,5.172,5.208,5.167,5.18,3881
2023-07-26 12:00:00+00:00,5.181,5.202,5.151,5.199,4809
2023-07-26 16:00:00+00:00,5.199,5.234,5.185,5.205,5949
2023-07-26 20:00:00+00:00,5.205,5.289,5.172,5.272,10170
2023-07-27 00:00:00+00:00,5.277,5.28,5.209,5.217,5183
2023-07-27 04:00:00+00:00,5.217,5.295,5.209,5.289,4105
2023-07-27 08:00:00+00:00,5.288,5.328,5.2379999999999995,5.29,5106
2023-07-27 12:00:00+00:00,5.29,5.308,5.266,5.275,4212
2023-07-27 16:00:00+00:00,5.274,5.2780000000000005,5.209,5.236,6019
2023-07-27 20:00:00+00:00,5.236,5.2379999999999995,5.172,5.203,5221
2023-07-28 00:00:00+00:00,5.21,5.241,5.204,5.227,3122
2023-07-28 04:00:00+00:00,5.227,5.234,5.189,5.203,3539
2023-07-28 08:00:00+00:00,5.204,5.206,5.152,5.187,3905
2023-07-28 12:00:00+00:00,5.187,5.235,5.185,5.232,4345
2023-07-28 16:00:00+00:00,5.231,5.266,5.204,5.225,5081
2023-07-28 20:00:00+00:00,5.225,5.232,5.186,5.198,3734
2023-07-29 00:00:00+00:00,5.206,5.225,5.197,5.22,2531
2023-07-29 04:00:00+00:00,5.221,5.242,5.21,5.225,2860
2023-07-29 08:00:00+00:00,5.225,5.25,5.218,5.228,3058
2023-07-29 12:00:00+00:00,5.226,5.24,5.215,5.224,2612
2023-07-29 16:00:00+00:00,5.225,5.237,5.217,5.228,3104
2023-07-29 20:00:00+00:00,5.228,5.249,5.223,5.236,3435
2023-07-30 00:00:00+00:00,5.236,5.25,5.226,5.241,2867
2023-07-30 04:00:00+00:00,5.241,5.269,5.235,5.247,3469
2023-07-30 08:00:00+00:00,5.25,5.254,5.225,5.243,2874
2023-07-30 12:00:00+00:00,5.243,5.243,5.198,5.223,2936
2023-07-30 16:00:00+00:00,5.222,5.255,5.201,5.226,3984
2023-07-30 20:00:00+00:00,5.225,5.239,5.091,5.187,5670
2023-07-31 00:00:00+00:00,5.179,5.252,5.146,5.246,4580
2023-07-31 04:00:00+00:00,5.246,5.253,5.169,5.179,3931
2023-07-31 08:00:00+00:00,5.179,5.207,5.155,5.181,3563
2023-07-31 12:00:00+00:00,5.181,5.182,5.126,5.176,2808
2023-07-31 16:00:00+00:00,5.176,5.177,5.11,5.128,5505
2023-07-31 20:00:00+00:00,5.128,5.153,5.043,5.082,5932
2023-08-01 00:00:00+00:00,5.08,5.117,5.075,5.114,3525
2023-08-01 04:00:00+00:00,5.116,5.125,4.952,5.023,6619
2023-08-01 08:00:00+00:00,5.022,5.086,5.019,5.085,3960
2023-08-01 12:00:00+00:00,5.085,5.092,5.05,5.078,4194
2023-08-01 16:00:00+00:00,5.079,5.111,5.022,5.082,6111
2023-08-01 20:00:00+00:00,5.082,5.141,5.081,5.121,4652
2023-08-02 00:00:00+00:00,5.126,5.206,5.124,5.183,4745
2023-08-02 04:00:00+00:00,5.183,5.211,5.148,5.15,4723
2023-08-02 08:00:00+00:00,5.15,5.161,5.108,5.127,4279
2023-08-02 12:00:00+00:00,5.127,5.171,5.122,5.129,3136
2023-08-02 16:00:00+00:00,5.128,5.14,5.002,5.034,7059
2023-08-02 20:00:00+00:00,5.034,5.069,5.026,5.05,5246
2023-08-03 00:00:00+00:00,5.05,5.068,5.027,5.033,3354
2023-08-03 04:00:00+00:00,5.034,5.064,5.008,5.015,3096
2023-08-03 08:00:00+00:00,5.015,5.023,4.966,4.994,4675
2023-08-03 12:00:00+00:00,4.994,5.021,4.989,5.0,3168
2023-08-03 16:00:00+00:00,5.002,5.041,4.996,5.021,3970
2023-08-03 20:00:00+00:00,5.02,5.036,4.9879999999999995,5.0,4168
2023-08-04 00:00:00+00:00,5.003,5.005,4.926,4.986,4674
2023-08-04 04:00:00+00:00,4.987,4.99,4.962,4.98,3585
2023-08-04 08:00:00+00:00,4.981,4.999,4.964,4.968,3639
2023-08-04 12:00:00+00:00,4.969,5.014,4.965,5.009,3588
2023-08-04 16:00:00+00:00,5.01,5.034,4.997,5.023,3933
2023-08-04 20:00:00+00:00,5.024,5.028,4.921,4.946,4892
2023-08-05 00:00:00+00:00,4.973,4.984,4.964,4.969,2398
2023-08-05 04:00:00+00:00,4.97,4.977,4.925,4.934,3299
2023-08-05 08:00:00+00:00,4.934,4.95,4.926,4.946,2943
2023-08-05 12:00:00+00:00,4.947,4.9559999999999995,4.93,4.933,2172
2023-08-05 16:00:00+00:00,4.933,4.953,4.914,4.925,3790
2023-08-05 20:00:00+00:00,4.926,4.957,4.925,4.9399999999999995,3016
2023-08-06 00:00:00+00:00,4.942,4.974,4.9399999999999995,4.968,2849
2023-08-06 04:00:00+00:00,4.967,5.006,4.949,4.996,3253
2023-08-06 08:00:00+00:00,4.997,5.01,4.979,5.001,2283
2023-08-06 12:00:00+00:00,5.002,5.005,4.976,4.979,2892
2023-08-06 16:00:00+00:00,4.978,4.99,4.943,4.975,3549
2023-08-06 20:00:00+00:00,4.975,5.009,4.971,5.0,2527
2023-08-07 00:00:00+00:00,5.011,5.029,4.971,4.98,3628
2023-08-07 04:00:00+00:00,4.979,5.033,4.978,5.011,4113
2023-08-07 08:00:00+00:00,5.011,5.013,4.959,4.971,3391
2023-08-07 12:00:00+00:00,4.971,4.997,4.959,4.97,2795
2023-08-07 16:00:00+00:00,4.97,4.981,4.823,4.891,7013
2023-08-07 20:00:00+00:00,4.89,4.954,4.886,4.9399999999999995,4462
2023-08-08 00:00:00+00:00,4.947,4.967,4.937,4.957,2964
2023-08-08 04:00:00+00:00,4.957,4.96,4.92,4.957,3179
2023-08-08 08:00:00+00:00,4.958,4.976,4.945,4.957,3566
2023-08-08 12:00:00+00:00,4.9559999999999995,5.023,4.941,5.02,3446
2023-08-08 16:00:00+00:00,5.019,5.068,4.987,5.051,5421
2023-08-08 20:00:00+00:00,5.051,5.088,5.033,5.055,5167
2023-08-09 00:00:00+00:00,5.063,5.091,5.038,5.044,3565
2023-08-09 04:00:00+00:00,5.043,5.071,5.022,5.042,2730
2023-08-09 08:00:00+00:00,5.042,5.044,5.017,5.04,2252
2023-08-09 12:00:00+00:00,5.041,5.092,5.033,5.09,3115
2023-08-09 16:00:00+00:00,5.094,5.099,5.019,5.026,5741
2023-08-09 20:00:00+00:00,5.027,5.032,4.996,5.018,3269
2023-08-10 00:00:00+00:00,5.013,5.051,4.987,5.045,2400
2023-08-10 04:00:00+00:00,5.045,5.056,5.02,5.02,2169
2023-08-10 08:00:00+00:00,5.02,5.032,4.99,4.997,2208
2023-08-10 12:00:00+00:00,4.997,5.027,4.98,5.021,2913
2023-08-10 16:00:00+00:00,5.02,5.045,4.987,4.998,4212
2023-08-10 20:00:00+00:00,4.997,4.998,4.964,4.976,2456
2023-08-11 00:00:00+00:00,4.978,5.007,4.975,5.004,1450
2023-08-11 04:00:00+00:00,5.005,5.006,4.965,4.978,2058
2023-08-11 08:00:00+00:00,4.978,4.997,4.975,4.985,1860
2023-08-11 12:00:00+00:00,4.985,5.001,4.974,4.983,1777
2023-08-11 16:00:00+00:00,4.982,5.002,4.942,4.962,3323
2023-08-11 20:00:00+00:00,4.963,4.991,4.9559999999999995,4.9879999999999995,1607
2023-08-12 00:00:00+00:00,4.989,5.007,4.987,5.004,524
2023-08-12 04:00:00+00:00,5.005,5.007,4.984,4.991,1451
2023-08-12 08:00:00+00:00,4.992,5.003,4.983,4.999,1309
2023-08-12 12:00:00+00:00,5.0,5.023,4.997,5.019,1481
2023-08-12 16:00:00+00:00,5.02,5.031,5.007,5.029,1585
2023-08-12 20:00:00+00:00,5.03,5.031,5.007,5.015,1407
2023-08-13 00:00:00+00:00,5.012,5.032,5.011,5.03,1562
2023-08-13 04:00:00+00:00,5.032,5.033,5.017,5.029,1154
2023-08-13 08:00:00+00:00,5.029,5.032,5.007,5.027,1504
2023-08-13 12:00:00+00:00,5.027,5.028,5.014,5.019,1366
2023-08-13 16:00:00+00:00,5.019,5.021,4.989,4.99,1823
2023-08-13 20:00:00+00:00,4.992,5.034,4.991,5.024,1897
2023-08-14 00:00:00+00:00,5.024,5.025,4.957,4.975,2796
2023-08-14 04:00:00+00:00,4.975,5.001,4.939,4.996,2704
2023-08-14 08:00:00+00:00,4.998,5.007,4.984,4.997,2293
2023-08-14 12:00:00+00:00,4.996,4.997,4.966,4.977,1712
2023-08-14 16:00:00+00:00,4.976,5.042,4.966,5.027,2718
2023-08-14 20:00:00+00:00,5.027,5.033,4.9559999999999995,4.975,2953
2023-08-15 00:00:00+00:00,4.975,4.989,4.969,4.978,1663
2023-08-15 04:00:00+00:00,4.979,4.987,4.95,4.9559999999999995,1506
2023-08-15 08:00:00+00:00,4.9559999999999995,4.967,4.925,4.963,1992
2023-08-15 12:00:00+00:00,4.963,4.971,4.942,4.953,1507
2023-08-15 16:00:00+00:00,4.953,4.962,4.927,4.931,2774
2023-08-15 20:00:00+00:00,4.931,4.936,4.619,4.775,5721
2023-08-16 00:00:00+00:00,4.784,4.819,4.775,4.803,3063
2023-08-16 04:00:00+00:00,4.803,4.827,4.793,4.802,2577
2023-08-16 08:00:00+00:00,4.803,4.803,4.755,4.772,2870
2023-08-16 12:00:00+00:00,4.769,4.779,4.702,4.736,4282
2023-08-16 16:00:00+00:00,4.735,4.754,4.684,4.713,5303
2023-08-16 20:00:00+00:00,4.713,4.747,4.564,4.621,4986
2023-08-17 00:00:00+00:00,4.607,4.662,4.52,4.65,6260
2023-08-17 04:00:00+00:00,4.65,4.816,4.646,4.732,4171
2023-08-17 08:00:00+00:00,4.732,4.796,4.723,4.733,3661
2023-08-17 12:00:00+00:00,4.732,4.787,4.725,4.764,3997
2023-08-17 16:00:00+00:00,4.765,4.782,4.615,4.682,9236
2023-08-17 20:00:00+00:00,4.681,4.72,4.6129999999999995,4.641,4771
2023-08-18 00:00:00+00:00,4.634,4.642,4.331,4.457,13402
2023-08-18 04:00:00+00:00,4.457,4.463,4.341,4.373,7226
2023-08-18 08:00:00+00:00,4.373,4.508,4.371,4.495,5303
2023-08-18 12:00:00+00:00,4.495,4.505,4.465,4.504,4548
2023-08-18 16:00:00+00:00,4.503,4.551,4.463,4.498,7476
2023-08-18 20:00:00+00:00,4.499,4.5440000000000005,4.44,4.509,7362
2023-08-19 00:00:00+00:00,4.527,4.529,4.482,4.511,2735
2023-08-19 04:00:00+00:00,4.511,4.514,4.467,4.485,2924
2023-08-19 08:00:00+00:00,4.486,4.486,4.446,4.47,2962
2023-08-19 12:00:00+00:00,4.47,4.487,4.462,4.482,2386
2023-08-19 16:00:00+00:00,4.482,4.54,4.466,4.538,4043
2023-08-19 20:00:00+00:00,4.538,4.54,4.504,4.513,4061
2023-08-20 00:00:00+00:00,4.514,4.517,4.49,4.5120000000000005,2851
2023-08-20 04:00:00+00:00,4.5120000000000005,4.516,4.468,4.478,2714
2023-08-20 08:00:00+00:00,4.478,4.487,4.453,4.487,2250
2023-08-20 12:00:00+00:00,4.487,4.521,4.478,4.516,2632
2023-08-20 16:00:00+00:00,4.515,4.523,4.457,4.471,3801
2023-08-20 20:00:00+00:00,4.4719999999999995,4.52,4.462,4.515,2755
2023-08-21 00:00:00+00:00,4.515,4.531,4.492,4.519,2657
2023-08-21 04:00:00+00:00,4.52,4.531,4.471,4.4719999999999995,3119
2023-08-21 08:00:00+00:00,4.4719999999999995,4.504,4.464,4.494,3455
2023-08-21 12:00:00+00:00,4.494,4.501,4.445,4.461,4656
2023-08-21 16:00:00+00:00,4.461,4.493,4.355,4.375,6890
2023-08-21 20:00:00+00:00,4.376,4.445,4.373,4.433,3353
2023-08-22 00:00:00+00:00,4.434,4.465,4.416,4.437,2378
2023-08-22 04:00:00+00:00,4.437,4.441,4.406,4.407,1846
2023-08-22 08:00:00+00:00,4.407,4.436,4.397,4.418,2539
2023-08-22 12:00:00+00:00,4.416,4.425,4.379,4.399,2551
2023-08-22 16:00:00+00:00,4.4,4.405,4.32,4.365,6804
2023-08-22 20:00:00+00:00,4.364,4.368,4.2780000000000005,4.333,6244
2023-08-23 00:00:00+00:00,4.329,4.424,4.2379999999999995,4.407,5547
2023-08-23 04:00:00+00:00,4.409,4.424,4.384,4.395,2834
2023-08-23 08:00:00+00:00,4.395,4.43,4.37,4.406,3389
2023-08-23 12:00:00+00:00,4.406,4.417,4.386,4.3870000000000005,2479
2023-08-23 16:00:00+00:00,4.3870000000000005,4.51,4.382,4.496,5728
2023-08-23 20:00:00+00:00,4.497,4.5280000000000005,4.475,4.487,4843
2023-08-24 00:00:00+00:00,4.481,4.501,4.449,4.497,3516
2023-08-24 04:00:00+00:00,4.495,4.507,4.478,4.502,2471
2023-08-24 08:00:00+00:00,4.503,4.508,4.47,4.478,2384
2023-08-24 12:00:00+00:00,4.478,4.4879999999999995,4.441,4.444,3066
2023-08-24 16:00:00+00:00,4.444,4.458,4.375,4.41,6094
2023-08-24 20:00:00+00:00,4.411,4.415,4.356,4.376,4302
2023-08-25 00:00:00+00:00,4.38,4.421,4.38,4.396,2571
2023-08-25 04:00:00+00:00,4.395,4.428,4.348,4.362,3860
2023-08-25 08:00:00+00:00,4.361,4.429,4.354,4.422,2858
2023-08-25 12:00:00+00:00,4.423,4.47,4.419,4.45,3386
2023-08-25 16:00:00+00:00,4.45,4.476,4.4030000000000005,4.429,7883
2023-08-25 20:00:00+00:00,4.429,4.484,4.413,4.452,4012
2023-08-26 00:00:00+00:00,4.461,4.491,4.461,4.476,1888
2023-08-26 04:00:00+00:00,4.476,4.496,4.4719999999999995,4.484,1932
2023-08-26 08:00:00+00:00,4.484,4.499,4.47,4.474,1864
2023-08-26 12:00:00+00:00,4.474,4.5,4.468,4.499,1410
2023-08-26 16:00:00+00:00,4.499,4.503,4.477,4.489,1552
2023-08-26 20:00:00+00:00,4.489,4.498,4.475,4.496,1413
2023-08-27 00:00:00+00:00,4.497,4.517,4.491,4.506,1478
2023-08-27 04:00:00+00:00,4.506,4.518,4.497,4.517,1755
2023-08-27 08:00:00+00:00,4.517,4.526,4.497,4.514,1555
2023-08-27 12:00:00+00:00,4.514,4.521,4.495,4.503,1865
2023-08-27 16:00:00+00:00,4.502,4.534,4.478,4.4879999999999995,2833
2023-08-27 20:00:00+00:00,4.489,4.498,4.453,4.48,1934
2023-08-28 00:00:00+00:00,4.48,4.497,4.427,4.45,2303
2023-08-28 04:00:00+00:00,4.45,4.475,4.429,4.463,2538
2023-08-28 08:00:00+00:00,4.463,4.47,4.41,4.44,3010
2023-08-28 12:00:00+00:00,4.44,4.503,4.407,4.473,3754
2023-08-28 16:00:00+00:00,4.4719999999999995,4.593,4.464,4.572,4737
2023-08-28 20:00:00+00:00,4.573,4.593,4.539,4.5649999999999995,3772
2023-08-29 00:00:00+00:00,4.566,4.623,4.559,4.618,2777
2023-08-29 04:00:00+00:00,4.617,4.673,4.574,4.593,3762
2023-08-29 08:00:00+00:00,4.594,4.617,4.556,4.558,2733
2023-08-29 12:00:00+00:00,4.559,4.569,4.53,4.559,3099
2023-08-29 16:00:00+00:00,4.559,4.804,4.553,4.707,12184
2023-08-29 20:00:00+00:00,4.708,4.718,4.648,4.65,6098
2023-08-30 00:00:00+00:00,4.652,4.6850000000000005,4.623,4.64,3461
2023-08-30 04:00:00+00:00,4.64,4.643,4.589,4.596,4114
2023-08-30 08:00:00+00:00,4.596,4.604,4.575,4.602,2600
2023-08-30 12:00:00+00:00,4.602,4.602,4.548,4.568,3347
2023-08-30 16:00:00+00:00,4.568,4.586,4.509,4.55,5547
2023-08-30 20:00:00+00:00,4.55,4.568,4.5280000000000005,4.535,2234
2023-08-31 00:00:00+00:00,4.537,4.547,4.497,4.505,2055
2023-08-31 04:00:00+00:00,4.504,4.505,4.465,4.485,2060
2023-08-31 08:00:00+00:00,4.486,4.495,4.473,4.483,2566
2023-08-31 12:00:00+00:00,4.483,4.51,4.439,4.464,3918
2023-08-31 16:00:00+00:00,4.463,4.466,4.271,4.273,6696
2023-08-31 20:00:00+00:00,4.273,4.314,4.236,4.24,6088
2023-09-01 00:00:00+00:00,4.247,4.288,4.225,4.276,3076
2023-09-01 04:00:00+00:00,4.276,4.277,4.252,4.256,2040
2023-09-01 08:00:00+00:00,4.256,4.271,4.2379999999999995,4.244,2137
2023-09-01 12:00:00+00:00,4.244,4.272,4.239,4.267,3114
2023-09-01 16:00:00+00:00,4.267,4.269,4.192,4.194,5506
2023-09-01 20:00:00+00:00,4.193,4.227,4.127,4.201,7031
2023-09-02 00:00:00+00:00,4.204,4.214,4.196,4.2,918
2023-09-02 04:00:00+00:00,4.198,4.239,4.195,4.225,2731
2023-09-02 08:00:00+00:00,4.226,4.24,4.21,4.229,2799
2023-09-02 12:00:00+00:00,4.229,4.251,4.222,4.227,2225
2023-09-02 16:00:00+00:00,4.227,4.266,4.212,4.237,2982
2023-09-02 20:00:00+00:00,4.2379999999999995,4.244,4.19,4.237,2480
2023-09-03 00:00:00+00:00,4.242,4.272,4.235,4.265,1488
2023-09-03 04:00:00+00:00,4.266,4.277,4.247,4.266,1744
2023-09-03 08:00:00+00:00,4.267,4.291,4.263,4.271,1887
2023-09-03 12:00:00+00:00,4.271,4.279,4.249,4.253,2061
2023-09-03 16:00:00+00:00,4.254,4.265,4.218,4.235,2964
2023-09-03 20:00:00+00:00,4.234,4.286,4.229,4.277,2831
2023-09-04 00:00:00+00:00,4.2780000000000005,4.284,4.243,4.257,2500
2023-09-04 04:00:00+00:00,4.257,4.312,4.247,4.275,2841
2023-09-04 08:00:00+00:00,4.275,4.288,4.25,4.281,2331
2023-09-04 12:00:00+00:00,4.28,4.285,4.236,4.2379999999999995,2002
2023-09-04 16:00:00+00:00,4.237,4.258,4.184,4.235,3769
2023-09-04 20:00:00+00:00,4.235,4.271,4.213,4.226,2199
2023-09-05 00:00:00+00:00,4.223,4.255,4.181,4.244,2996
2023-09-05 04:00:00+00:00,4.245,4.253,4.19,4.23,2367
2023-09-05 08:00:00+00:00,4.231,4.251,4.223,4.237,1942
2023-09-05 12:00:00+00:00,4.237,4.2780000000000005,4.236,4.271,2182
2023-09-05 16:00:00+00:00,4.273,4.293,4.241,4.246,3653
2023-09-05 20:00:00+00:00,4.245,4.257,4.218,4.224,1990
2023-09-06 00:00:00+00:00,4.224,4.261,4.221,4.247,1767
2023-09-06 04:00:00+00:00,4.248,4.2620000000000005,4.231,4.233,2096
2023-09-06 08:00:00+00:00,4.233,4.24,4.221,4.231,2095
2023-09-06 12:00:00+00:00,4.231,4.242,4.22,4.229,1732
2023-09-06 16:00:00+00:00,4.229,4.247,4.194,4.212,4192
2023-09-06 20:00:00+00:00,4.212,4.277,4.165,4.221,4735
2023-09-07 00:00:00+00:00,4.223,4.268,4.221,4.258,1981
2023-09-07 04:00:00+00:00,4.257,4.276,4.254,4.259,1952
2023-09-07 08:00:00+00:00,4.259,4.26,4.234,4.237,1887
2023-09-07 12:00:00+00:00,4.237,4.258,4.224,4.234,1993
2023-09-07 16:00:00+00:00,4.234,4.273,4.228,4.25,3475
2023-09-07 20:00:00+00:00,4.25,4.268,4.241,4.264,2959
2023-09-08 00:00:00+00:00,4.261,4.325,4.255,4.316,3869
2023-09-08 04:00:00+00:00,4.317,4.324,4.281,4.302,2980
2023-09-08 08:00:00+00:00,4.302,4.308,4.266,4.281,2763
2023-09-08 12:00:00+00:00,4.28,4.284,4.195,4.228,4293
2023-09-08 16:00:00+00:00,4.229,4.234,4.202,4.229,2992
2023-09-08 20:00:00+00:00,4.229,4.245,4.222,4.23,1981
2023-09-09 00:00:00+00:00,4.229,4.248,4.226,4.232,915
2023-09-09 04:00:00+00:00,4.233,4.251,4.231,4.249,1593
2023-09-09 08:00:00+00:00,4.25,4.269,4.241,4.255,1824
2023-09-09 12:00:00+00:00,4.256,4.268,4.251,4.252,1392
2023-09-09 16:00:00+00:00,4.252,4.269,4.243,4.248,1851
2023-09-09 20:00:00+00:00,4.241,4.244,4.232,4.2379999999999995,1080
2023-09-10 00:00:00+00:00,4.236,4.244,4.189,4.214,1701
2023-09-10 04:00:00+00:00,4.211,4.215,4.098,4.156,3538
2023-09-10 08:00:00+00:00,4.156,4.185,4.142,4.182,2353
2023-09-10 12:00:00+00:00,4.183,4.184,4.139,4.149,3426
2023-09-10 16:00:00+00:00,4.147,4.19,4.096,4.132,4729
2023-09-10 20:00:00+00:00,4.132,4.171,4.107,4.15,4586
2023-09-11 00:00:00+00:00,4.147,4.174,4.088,4.116,3416
2023-09-11 04:00:00+00:00,4.114,4.125,4.073,4.117,4082
2023-09-11 08:00:00+00:00,4.118,4.127,4.061,4.084,4655
2023-09-11 12:00:00+00:00,4.083,4.086,3.955,4.028,7189
2023-09-11 16:00:00+00:00,4.029,4.032,3.9619999999999997,4.006,7781
2023-09-11 20:00:00+00:00,4.006,4.015,3.902,3.95,6133
2023-09-12 00:00:00+00:00,3.96,3.996,3.942,3.982,3675
2023-09-12 04:00:00+00:00,3.982,4.055,3.957,4.008,5977
2023-09-12 08:00:00+00:00,4.008,4.017,3.985,3.989,4604
2023-09-12 12:00:00+00:00,3.988,4.085,3.9859999999999998,3.996,5933
2023-09-12 16:00:00+00:00,3.996,4.045,3.969,3.989,6902
2023-09-12 20:00:00+00:00,3.99,4.003,3.947,3.981,4738
2023-09-13 00:00:00+00:00,3.981,4.007,3.964,3.997,3942
2023-09-13 04:00:00+00:00,3.998,3.999,3.9619999999999997,3.972,4010
2023-09-13 08:00:00+00:00,3.972,4.09,3.942,3.995,6027
2023-09-13 12:00:00+00:00,3.995,4.026,3.984,4.015,5505
2023-09-13 16:00:00+00:00,4.015,4.048,3.9939999999999998,4.016,5705
2023-09-13 20:00:00+00:00,4.016,4.027,3.9779999999999998,4.01,4731
2023-09-14 00:00:00+00:00,4.006,4.058,3.988,4.056,3930
2023-09-14 04:00:00+00:00,4.056,4.071,3.981,3.988,4550
2023-09-14 08:00:00+00:00,3.988,4.022,3.965,4.016,3630
2023-09-14 12:00:00+00:00,4.015,4.04,4.006,4.026,3695
2023-09-14 16:00:00+00:00,4.026,4.064,4.021,4.043,5223
2023-09-14 20:00:00+00:00,4.043,4.08,4.032,4.056,3787
2023-09-15 00:00:00+00:00,4.056,4.082,4.041,4.048,2808
2023-09-15 04:00:00+00:00,4.047,4.091,4.039,4.082,3588
2023-09-15 08:00:00+00:00,4.082,4.091,4.055,4.074,2516
2023-09-15 12:00:00+00:00,4.075,4.092,4.064,4.068,3072
2023-09-15 16:00:00+00:00,4.067,4.129,4.057,4.105,4415
2023-09-15 20:00:00+00:00,4.105,4.118,4.082,4.115,2274
2023-09-16 00:00:00+00:00,4.12,4.165,4.12,4.155,3488
2023-09-16 04:00:00+00:00,4.156,4.218,4.148,4.211,4674
2023-09-16 08:00:00+00:00,4.212,4.219,4.174,4.179,3862
2023-09-16 12:00:00+00:00,4.178,4.185,4.152,4.165,3268
2023-09-16 16:00:00+00:00,4.165,4.168,4.127,4.143,2725
2023-09-16 20:00:00+00:00,4.143,4.157,4.13,4.147,1845
2023-09-17 00:00:00+00:00,4.15,4.183,4.135,4.141,2572
2023-09-17 04:00:00+00:00,4.141,4.142,4.102,4.13,3065
2023-09-17 08:00:00+00:00,4.13,4.133,4.1,4.131,1761
2023-09-17 12:00:00+00:00,4.131,4.138,4.109,4.119,1920
2023-09-17 16:00:00+00:00,4.119,4.131,4.091,4.095,2889
2023-09-17 20:00:00+00:00,4.093,4.103,4.041,4.047,3501
2023-09-18 00:00:00+00:00,4.053,4.072,4.012,4.03,3333
2023-09-18 04:00:00+00:00,4.031,4.125,4.026,4.114,4363
2023-09-18 08:00:00+00:00,4.114,4.139,4.106,4.117,3855
2023-09-18 12:00:00+00:00,4.117,4.21,4.117,4.204,5894
2023-09-18 16:00:00+00:00,4.205,4.214,4.166,4.173,4503
2023-09-18 20:00:00+00:00,4.173,4.178,4.087,4.1,4985
2023-09-19 00:00:00+00:00,4.094,4.123,4.073,4.075,3000
2023-09-19 04:00:00+00:00,4.076,4.111,4.071,4.106,2475
2023-09-19 08:00:00+00:00,4.107,4.12,4.086,4.11,2804
2023-09-19 12:00:00+00:00,4.111,4.163,4.106,4.115,5385
2023-09-19 16:00:00+00:00,4.115,4.15,4.077,4.12,6293
2023-09-19 20:00:00+00:00,4.121,4.149,4.11,4.131,3518
2023-09-20 00:00:00+00:00,4.13,4.159,4.116,4.145,2945
2023-09-20 04:00:00+00:00,4.145,4.161,4.114,4.116,3870
2023-09-20 08:00:00+00:00,4.116,4.129,4.096,4.125,3289
2023-09-20 12:00:00+00:00,4.125,4.127,4.077,4.087,3996
2023-09-20 16:00:00+00:00,4.087,4.114,4.069,4.109,4165
2023-09-20 20:00:00+00:00,4.11,4.15,4.061,4.118,5900
2023-09-21 00:00:00+00:00,4.115,4.159,4.114,4.146,3529
2023-09-21 04:00:00+00:00,4.146,4.151,4.119,4.141,3085
2023-09-21 08:00:00+00:00,4.141,4.141,4.086,4.089,3734
2023-09-21 12:00:00+00:00,4.088,4.089,4.013,4.035,5760
2023-09-21 16:00:00+00:00,4.035,4.043,3.999,4.022,5379
2023-09-21 20:00:00+00:00,4.023,4.035,3.993,4.013,3591
2023-09-22 00:00:00+00:00,4.009,4.02,3.968,4.017,3897
2023-09-22 04:00:00+00:00,4.017,4.029,4.002,4.014,4424
2023-09-22 08:00:00+00:00,4.014,4.023,3.997,4.016,2686
2023-09-22 12:00:00+00:00,4.016,4.029,4.008,4.01,3075
2023-09-22 16:00:00+00:00,4.01,4.015,3.989,3.998,3804
2023-09-22 20:00:00+00:00,3.998,4.014,3.987,4.002,3863
2023-09-23 00:00:00+00:00,4.013,4.032,4.004,4.022,3276
2023-09-23 04:00:00+00:00,4.023,4.024,3.993,4.006,3647
2023-09-23 08:00:00+00:00,4.006,4.013,3.998,4.006,2972
2023-09-23 12:00:00+00:00,4.005,4.011,3.995,4.006,2526
2023-09-23 16:00:00+00:00,4.006,4.016,3.992,4.016,2240
2023-09-23 20:00:00+00:00,4.016,4.029,4.001,4.017,2348
2023-09-24 00:00:00+00:00,4.017,4.027,4.004,4.009,2072
2023-09-24 04:00:00+00:00,4.01,4.019,3.999,4.004,1678
2023-09-24 08:00:00+00:00,4.004,4.021,4.0,4.02,1311
2023-09-24 12:00:00+00:00,4.02,4.048,4.014,4.042,1591
2023-09-24 16:00:00+00:00,4.042,4.051,4.026,4.03,2342
2023-09-24 20:00:00+00:00,4.03,4.051,3.999,4.014,4202
2023-09-25 00:00:00+00:00,4.015,4.024,3.941,3.997,4664
2023-09-25 04:00:00+00:00,3.996,4.016,3.9859999999999998,3.997,3529
2023-09-25 08:00:00+00:00,3.997,4.062,3.991,4.03,3775
2023-09-25 12:00:00+00:00,4.03,4.041,4.011,4.036,2854
2023-09-25 16:00:00+00:00,4.037,4.083,4.032,4.065,3700
2023-09-25 20:00:00+00:00,4.065,4.079,4.049,4.056,2510
2023-09-26 00:00:00+00:00,4.057,4.067,4.048,4.063,1939
2023-09-26 04:00:00+00:00,4.062,4.083,4.042,4.046,2643
2023-09-26 08:00:00+00:00,4.046,4.047,4.026,4.033,2956
2023-09-26 12:00:00+00:00,4.034,4.039,4.0,4.002,3565
2023-09-26 16:00:00+00:00,4.002,4.016,3.992,4.007,2821
2023-09-26 20:00:00+00:00,4.008,4.015,3.989,3.9939999999999998,2649
2023-09-27 00:00:00+00:00,3.995,4.013,3.967,4.012,2503
2023-09-27 04:00:00+00:00,4.012,4.012,3.984,3.989,2252
2023-09-27 08:00:00+00:00,3.989,3.999,3.981,3.995,2311
2023-09-27 12:00:00+00:00,3.995,4.066,3.9939999999999998,4.048,4647
2023-09-27 16:00:00+00:00,4.048,4.067,3.967,3.992,5215
2023-09-27 20:00:00+00:00,3.991,4.0,3.9699999999999998,3.982,3184
2023-09-28 00:00:00+00:00,3.975,4.002,3.958,3.993,3204
2023-09-28 04:00:00+00:00,3.992,4.003,3.969,3.981,3332
2023-09-28 08:00:00+00:00,3.981,4.024,3.977,4.01,3105
2023-09-28 12:00:00+00:00,4.01,4.056,4.002,4.029,3323
2023-09-28 16:00:00+00:00,4.029,4.094,4.028,4.071,5198
2023-09-28 20:00:00+00:00,4.071,4.088,4.048,4.071,3290
2023-09-29 00:00:00+00:00,4.066,4.075,4.047,4.062,1990
2023-09-29 04:00:00+00:00,4.062,4.079,4.051,4.074,2496
2023-09-29 08:00:00+00:00,4.074,4.11,4.068,4.078,3073
2023-09-29 12:00:00+00:00,4.078,4.094,4.057,4.093,3072
2023-09-29 16:00:00+00:00,4.094,4.1,4.047,4.074,4152
2023-09-29 20:00:00+00:00,4.074,4.078,4.058,4.074,2300
2023-09-30 00:00:00+00:00,4.071,4.082,4.064,4.075,1430
2023-09-30 04:00:00+00:00,4.075,4.077,4.064,4.071,1850
2023-09-30 08:00:00+00:00,4.071,4.083,4.068,4.072,1632
2023-09-30 12:00:00+00:00,4.072,4.089,4.07,4.081,2140
2023-09-30 16:00:00+00:00,4.081,4.105,4.08,4.1,2989
2023-09-30 20:00:00+00:00,4.098,4.112,4.083,4.107,2309
2023-10-01 00:00:00+00:00,4.11,4.112,4.091,4.11,1826
2023-10-01 04:00:00+00:00,4.111,4.116,4.098,4.111,1983
2023-10-01 08:00:00+00:00,4.111,4.151,4.11,4.132,2048
2023-10-01 12:00:00+00:00,4.138,4.198,4.138,4.189,3694
2023-10-01 16:00:00+00:00,4.189,4.21,4.17,4.173,3049
2023-10-01 20:00:00+00:00,4.173,4.206,4.151,4.196,3211
2023-10-02 00:00:00+00:00,4.201,4.281,4.186,4.24,5080
2023-10-02 04:00:00+00:00,4.24,4.272,4.232,4.244,3398
2023-10-02 08:00:00+00:00,4.244,4.294,4.236,4.27,4975
2023-10-02 12:00:00+00:00,4.27,4.279,4.221,4.241,3420
2023-10-02 16:00:00+00:00,4.24,4.242,4.144,4.171,6168
2023-10-02 20:00:00+00:00,4.171,4.19,4.057,4.141,5436
2023-10-03 00:00:00+00:00,4.142,4.143,4.082,4.119,4051
2023-10-03 04:00:00+00:00,4.119,4.156,4.109,4.141,4016
2023-10-03 08:00:00+00:00,4.141,4.142,4.112,4.131,2982
2023-10-03 12:00:00+00:00,4.132,4.142,4.102,4.114,2848
2023-10-03 16:00:00+00:00,4.114,4.131,4.064,4.083,4778
2023-10-03 20:00:00+00:00,4.083,4.094,4.041,4.073,3494
2023-10-04 00:00:00+00:00,4.069,4.08,3.952,3.998,4655
2023-10-04 04:00:00+00:00,3.997,4.04,3.984,4.007,3210
2023-10-04 08:00:00+00:00,4.006,4.053,3.999,4.048,2752
2023-10-04 12:00:00+00:00,4.048,4.051,4.023,4.028,2513
2023-10-04 16:00:00+00:00,4.028,4.033,3.981,4.021,4586
2023-10-04 20:00:00+00:00,4.022,4.051,4.012,4.025,3312
2023-10-05 00:00:00+00:00,4.025,4.049,4.023,4.04,2343
2023-10-05 04:00:00+00:00,4.04,4.041,4.016,4.039,2304
2023-10-05 08:00:00+00:00,4.039,4.046,4.02,4.031,2192
2023-10-05 12:00:00+00:00,4.031,4.077,4.027,4.033,2507
2023-10-05 16:00:00+00:00,4.033,4.069,3.996,4.011,5508
2023-10-05 20:00:00+00:00,4.011,4.019,3.996,4.018,3089
2023-10-06 00:00:00+00:00,4.023,4.035,4.007,4.033,2382
2023-10-06 04:00:00+00:00,4.033,4.049,4.027,4.03,2408
2023-10-06 08:00:00+00:00,4.03,4.053,4.026,4.04,2255
2023-10-06 12:00:00+00:00,4.04,4.047,3.992,3.996,3175
2023-10-06 16:00:00+00:00,3.995,4.069,3.99,4.063,4449
2023-10-06 20:00:00+00:00,4.062,4.09,4.059,4.064,2790
2023-10-07 00:00:00+00:00,4.076,4.083,4.057,4.064,1894
2023-10-07 04:00:00+00:00,4.064,4.075,4.053,4.074,2476
2023-10-07 08:00:00+00:00,4.076,4.107,4.072,4.107,1914
2023-10-07 12:00:00+00:00,4.107,4.108,4.078,4.081,2178
2023-10-07 16:00:00+00:00,4.081,4.088,4.065,4.067,2489
2023-10-07 20:00:00+00:00,4.067,4.071,4.039,4.051,2283
2023-10-08 00:00:00+00:00,4.049,4.055,4.045,4.054,1242
2023-10-08 04:00:00+00:00,4.054,4.068,4.046,4.052,2319
2023-10-08 08:00:00+00:00,4.051,4.052,4.02,4.022,1859
2023-10-08 12:00:00+00:00,4.023,4.025,3.997,4.011,1994
2023-10-08 16:00:00+00:00,4.011,4.031,4.0,4.02,2624
2023-10-08 20:00:00+00:00,4.02,4.026,4.005,4.011,1546
2023-10-09 00:00:00+00:00,4.016,4.016,3.995,3.998,1882
2023-10-09 04:00:00+00:00,3.998,4.024,3.993,4.012,2065
2023-10-09 08:00:00+00:00,4.012,4.016,3.914,3.928,3647
2023-10-09 12:00:00+00:00,3.927,3.936,3.801,3.85,4634
2023-10-09 16:00:00+00:00,3.849,3.865,3.754,3.8040000000000003,4540
2023-10-09 20:00:00+00:00,3.805,3.857,3.794,3.828,3458
2023-10-10 00:00:00+00:00,3.831,3.8890000000000002,3.819,3.846,3506
2023-10-10 04:00:00+00:00,3.846,3.856,3.814,3.83,3190
2023-10-10 08:00:00+00:00,3.83,3.857,3.83,3.832,3343
2023-10-10 12:00:00+00:00,3.832,3.833,3.794,3.798,2432
2023-10-10 16:00:00+00:00,3.798,3.832,3.794,3.81,3533
2023-10-10 20:00:00+00:00,3.81,3.816,3.7640000000000002,3.7960000000000003,3975
2023-10-11 00:00:00+00:00,3.795,3.822,3.786,3.816,2289
2023-10-11 04:00:00+00:00,3.816,3.817,3.714,3.754,4197
2023-10-11 08:00:00+00:00,3.754,3.762,3.727,3.754,2847
2023-10-11 12:00:00+00:00,3.7560000000000002,3.782,3.748,3.762,3809
2023-10-11 16:00:00+00:00,3.762,3.765,3.695,3.706,4505
2023-10-11 20:00:00+00:00,3.707,3.7199999999999998,3.685,3.706,4107
2023-10-12 00:00:00+00:00,3.702,3.733,3.695,3.726,2400
2023-10-12 04:00:00+00:00,3.726,3.731,3.6959999999999997,3.706,2287
2023-10-12 08:00:00+00:00,3.706,3.726,3.698,3.703,2402
2023-10-12 12:00:00+00:00,3.702,3.707,3.617,3.675,4729
2023-10-12 16:00:00+00:00,3.674,3.683,3.614,3.6470000000000002,6149
2023-10-12 20:00:00+00:00,3.6470000000000002,3.667,3.625,3.648,4257
2023-10-13 00:00:00+00:00,3.645,3.6790000000000003,3.642,3.674,2762
2023-10-13 04:00:00+00:00,3.674,3.683,3.665,3.667,3329
2023-10-13 08:00:00+00:00,3.667,3.6879999999999997,3.659,3.675,2739
2023-10-13 12:00:00+00:00,3.676,3.71,3.67,3.708,3132
2023-10-13 16:00:00+00:00,3.709,3.7119999999999997,3.664,3.695,3168
2023-10-13 20:00:00+00:00,3.6959999999999997,3.735,3.683,3.724,2572
2023-10-14 00:00:00+00:00,3.741,3.743,3.706,3.718,2011
2023-10-14 04:00:00+00:00,3.718,3.7359999999999998,3.709,3.726,2122
2023-10-14 08:00:00+00:00,3.726,3.732,3.7119999999999997,3.717,2076
2023-10-14 12:00:00+00:00,3.719,3.733,3.714,3.732,2120
2023-10-14 16:00:00+00:00,3.732,3.753,3.7279999999999998,3.7439999999999998,2261
2023-10-14 20:00:00+00:00,3.7439999999999998,3.7439999999999998,3.723,3.731,1607
2023-10-15 00:00:00+00:00,3.733,3.741,3.7199999999999998,3.726,1842
2023-10-15 04:00:00+00:00,3.726,3.74,3.711,3.714,1668
2023-10-15 08:00:00+00:00,3.714,3.749,3.698,3.738,1562
2023-10-15 12:00:00+00:00,3.738,3.768,3.721,3.7359999999999998,3272
2023-10-15 16:00:00+00:00,3.7359999999999998,3.749,3.7199999999999998,3.74,3303
2023-10-15 20:00:00+00:00,3.743,3.77,3.741,3.762,2243
2023-10-16 00:00:00+00:00,3.765,3.766,3.734,3.737,2777
2023-10-16 04:00:00+00:00,3.737,3.7560000000000002,3.729,3.748,1713
2023-10-16 08:00:00+00:00,3.748,3.8129999999999997,3.748,3.789,3589
2023-10-16 12:00:00+00:00,3.789,3.793,3.746,3.791,3398
2023-10-16 16:00:00+00:00,3.791,3.8810000000000002,3.727,3.751,6549
2023-10-16 20:00:00+00:00,3.751,3.799,3.7439999999999998,3.775,3519
2023-10-17 00:00:00+00:00,3.778,3.81,3.724,3.727,2718
2023-10-17 04:00:00+00:00,3.727,3.75,3.716,3.734,2466
2023-10-17 08:00:00+00:00,3.734,3.743,3.722,3.735,2546
2023-10-17 12:00:00+00:00,3.735,3.737,3.6959999999999997,3.699,3064
2023-10-17 16:00:00+00:00,3.698,3.716,3.627,3.692,4770
2023-10-17 20:00:00+00:00,3.692,3.693,3.641,3.658,3253
2023-10-18 00:00:00+00:00,3.6550000000000002,3.668,3.643,3.651,2476
2023-10-18 04:00:00+00:00,3.651,3.7,3.64,3.677,2711
2023-10-18 08:00:00+00:00,3.678,3.685,3.657,3.6790000000000003,2993
2023-10-18 12:00:00+00:00,3.68,3.716,3.669,3.683,2942
2023-10-18 16:00:00+00:00,3.683,3.684,3.654,3.6710000000000003,2914
2023-10-18 20:00:00+00:00,3.672,3.678,3.63,3.635,2369
2023-10-19 00:00:00+00:00,3.634,3.656,3.621,3.645,2240
2023-10-19 04:00:00+00:00,3.645,3.649,3.56,3.614,3362
2023-10-19 08:00:00+00:00,3.614,3.617,3.597,3.6029999999999998,1505
2023-10-19 12:00:00+00:00,3.6029999999999998,3.63,3.596,3.6189999999999998,2165
2023-10-19 16:00:00+00:00,3.6189999999999998,3.654,3.608,3.624,3493
2023-10-19 20:00:00+00:00,3.625,3.654,3.6029999999999998,3.634,2855
2023-10-20 00:00:00+00:00,3.637,3.649,3.618,3.6390000000000002,2376
2023-10-20 04:00:00+00:00,3.6390000000000002,3.71,3.628,3.705,3717
2023-10-20 08:00:00+00:00,3.706,3.7720000000000002,3.692,3.758,3589
2023-10-20 12:00:00+00:00,3.758,3.797,3.729,3.75,5365
2023-10-20 16:00:00+00:00,3.751,3.755,3.678,3.685,3740
2023-10-20 20:00:00+00:00,3.685,3.716,3.666,3.7119999999999997,2520
2023-10-21 00:00:00+00:00,3.715,3.734,3.708,3.721,2061
2023-10-21 04:00:00+00:00,3.721,3.729,3.699,3.724,1608
2023-10-21 08:00:00+00:00,3.724,3.762,3.724,3.75,1958
2023-10-21 12:00:00+00:00,3.75,3.81,3.746,3.787,2895
2023-10-21 16:00:00+00:00,3.787,3.891,3.773,3.873,4950
2023-10-21 20:00:00+00:00,3.873,3.971,3.87,3.907,5462
2023-10-22 00:00:00+00:00,3.918,3.9459999999999997,3.886,3.933,3198
2023-10-22 04:00:00+00:00,3.932,3.947,3.854,3.89,3953
2023-10-22 08:00:00+00:00,3.89,3.932,3.816,3.841,4633
2023-10-22 12:00:00+00:00,3.841,3.863,3.815,3.825,3199
2023-10-22 16:00:00+00:00,3.826,3.854,3.805,3.824,3251
2023-10-22 20:00:00+00:00,3.824,3.896,3.8209999999999997,3.872,3741
2023-10-23 00:00:00+00:00,3.876,3.9939999999999998,3.854,3.981,5469
2023-10-23 04:00:00+00:00,3.982,4.046,3.973,4.045,7087
2023-10-23 08:00:00+00:00,4.046,4.048,3.935,3.989,6094
2023-10-23 12:00:00+00:00,3.989,4.042,3.912,4.014,6174
2023-10-23 16:00:00+00:00,4.014,4.122,3.968,4.118,8533
2023-10-23 20:00:00+00:00,4.119,4.207,4.087,4.173,9342
2023-10-24 00:00:00+00:00,4.203,4.388,4.177,4.352,11489
2023-10-24 04:00:00+00:00,4.352,4.414,4.287,4.334,11551
2023-10-24 08:00:00+00:00,4.335,4.386,4.203,4.261,8778
2023-10-24 12:00:00+00:00,4.2620000000000005,4.371,4.239,4.331,9624
2023-10-24 16:00:00+00:00,4.332,4.333,4.091,4.184,12695
2023-10-24 20:00:00+00:00,4.183,4.202,4.119,4.154,7843
2023-10-25 00:00:00+00:00,4.147,4.219,4.134,4.218,7621
2023-10-25 04:00:00+00:00,4.217,4.275,4.185,4.233,7181
2023-10-25 08:00:00+00:00,4.233,4.253,4.131,4.177,7993
2023-10-25 12:00:00+00:00,4.176,4.236,4.166,4.225,7645
2023-10-25 16:00:00+00:00,4.225,4.348,4.218,4.251,13258
2023-10-25 20:00:00+00:00,4.251,4.326,4.232,4.279,8543
2023-10-26 00:00:00+00:00,4.281,4.308,4.24,4.296,7181
2023-10-26 04:00:00+00:00,4.298,4.3629999999999995,4.282,4.333,7922
2023-10-26 08:00:00+00:00,4.333,4.408,4.241,4.406,9641
2023-10-26 12:00:00+00:00,4.407,4.44,4.257,4.335,11200
2023-10-26 16:00:00+00:00,4.335,4.348,4.146,4.166,12798
2023-10-26 20:00:00+00:00,4.166,4.239,4.163,4.228,6080
2023-10-27 00:00:00+00:00,4.213,4.244,4.174,4.192,4327
2023-10-27 04:00:00+00:00,4.192,4.2,4.114,4.169,6512
2023-10-27 08:00:00+00:00,4.169,4.186,4.115,4.147,5423
2023-10-27 12:00:00+00:00,4.147,4.173,4.098,4.148,5725
2023-10-27 16:00:00+00:00,4.147,4.179,4.097,4.126,8180
2023-10-27 20:00:00+00:00,4.126,4.134,4.019,4.122,8074
2023-10-28 00:00:00+00:00,4.14,4.15,4.114,4.131,2912
2023-10-28 04:00:00+00:00,4.131,4.191,4.127,4.184,3231
2023-10-28 08:00:00+00:00,4.185,4.2,4.159,4.179,2642
2023-10-28 12:00:00+00:00,4.179,4.214,4.145,4.152,3354
2023-10-28 16:00:00+00:00,4.151,4.186,4.141,4.168,3357
2023-10-28 20:00:00+00:00,4.167,4.176,4.143,4.169,2888
2023-10-29 00:00:00+00:00,4.17,4.188,4.151,4.162,3193
2023-10-29 04:00:00+00:00,4.163,4.17,4.12,4.161,4412
2023-10-29 08:00:00+00:00,4.163,4.195,4.152,4.194,2442
2023-10-29 12:00:00+00:00,4.195,4.216,4.162,4.216,3472
2023-10-29 16:00:00+00:00,4.216,4.28,4.196,4.24,6334
2023-10-29 20:00:00+00:00,4.24,4.307,4.233,4.306,5206
2023-10-30 00:00:00+00:00,4.301,4.349,4.289,4.3,4963
2023-10-30 04:00:00+00:00,4.3,4.317,4.265,4.28,4572
2023-10-30 08:00:00+00:00,4.281,4.293,4.226,4.285,5427
2023-10-30 12:00:00+00:00,4.284,4.357,4.284,4.306,6826
2023-10-30 16:00:00+00:00,4.307,4.37,4.294,4.353,7343
2023-10-30 20:00:00+00:00,4.353,4.373,4.26,4.35,6945
2023-10-31 00:00:00+00:00,4.361,4.596,4.358,4.572,8284
2023-10-31 04:00:00+00:00,4.571,4.582,4.459,4.464,6673
2023-10-31 08:00:00+00:00,4.462,4.524,4.379,4.48,7378
2023-10-31 12:00:00+00:00,4.481,4.51,4.421,4.446,8171
2023-10-31 16:00:00+00:00,4.445,4.453,4.264,4.415,9716
2023-10-31 20:00:00+00:00,4.415,4.457,4.376,4.441,3121
2023-11-01 00:00:00+00:00,4.432,4.4879999999999995,4.399,4.446,2523
2023-11-01 04:00:00+00:00,4.447,4.464,4.4,4.41,2237
2023-11-01 08:00:00+00:00,4.41,4.41,4.332,4.365,2671
2023-11-01 12:00:00+00:00,4.366,4.408,4.315,4.398,3084
2023-11-01 16:00:00+00:00,4.398,4.443,4.319,4.369,5913
2023-11-01 20:00:00+00:00,4.369,4.7780000000000005,4.3629999999999995,4.766,9735
2023-11-02 00:00:00+00:00,4.776,4.796,4.691,4.728,5392
2023-11-02 04:00:00+00:00,4.728,4.789,4.675,4.686,4473
2023-11-02 08:00:00+00:00,4.687,4.694,4.598,4.679,4536
2023-11-02 12:00:00+00:00,4.679,4.776,4.657,4.74,3921
2023-11-02 16:00:00+00:00,4.74,4.747,4.508,4.59,10047
2023-11-02 20:00:00+00:00,4.59,4.674,4.574,4.63,4904
2023-11-03 00:00:00+00:00,4.614,4.6370000000000005,4.511,4.533,3414
2023-11-03 04:00:00+00:00,4.533,4.545,4.45,4.477,4331
2023-11-03 08:00:00+00:00,4.479,4.58,4.4719999999999995,4.549,3171
2023-11-03 12:00:00+00:00,4.549,4.55,4.474,4.521,4213
2023-11-03 16:00:00+00:00,4.521,4.633,4.506,4.605,4911
2023-11-03 20:00:00+00:00,4.605,4.623,4.548,4.617,2628
2023-11-04 00:00:00+00:00,4.601,4.619,4.579,4.601,1457
2023-11-04 04:00:00+00:00,4.601,4.636,4.583,4.617,1671
2023-11-04 08:00:00+00:00,4.619,4.668,4.601,4.651,2432
2023-11-04 12:00:00+00:00,4.652,4.662,4.621,4.648,2120
2023-11-04 16:00:00+00:00,4.649,4.773,4.628,4.6370000000000005,3629
2023-11-04 20:00:00+00:00,4.635,4.667,4.627,4.65,1510
2023-11-05 00:00:00+00:00,4.65,4.717,4.646,4.701,2257
2023-11-05 04:00:00+00:00,4.702,4.784,4.672,4.767,2835
2023-11-05 08:00:00+00:00,4.767,4.833,4.748,4.754,3498
2023-11-05 12:00:00+00:00,4.754,4.9030000000000005,4.7,4.7219999999999995,5069
2023-11-05 16:00:00+00:00,4.723,4.862,4.7219999999999995,4.822,5539
2023-11-05 20:00:00+00:00,4.822,4.838,4.655,4.701,3832
2023-11-06 00:00:00+00:00,4.7219999999999995,4.843,4.693,4.775,4074
2023-11-06 04:00:00+00:00,4.776,4.811,4.673,4.711,4257
2023-11-06 08:00:00+00:00,4.711,4.844,4.693,4.843,3638
2023-11-06 12:00:00+00:00,4.845,4.895,4.804,4.84,4698
2023-11-06 16:00:00+00:00,4.84,4.892,4.828,4.842,5126
2023-11-06 20:00:00+00:00,4.842,4.945,4.816,4.911,4020
2023-11-07 00:00:00+00:00,4.917,4.986,4.867,4.964,5020
2023-11-07 04:00:00+00:00,4.965,4.996,4.848,4.994,4581
2023-11-07 08:00:00+00:00,4.993,4.998,4.852,4.877,5021
2023-11-07 12:00:00+00:00,4.878,4.909,4.823,4.879,5510
2023-11-07 16:00:00+00:00,4.878,4.892,4.711,4.819,6267
2023-11-07 20:00:00+00:00,4.819,4.98,4.813,4.961,6322
2023-11-08 00:00:00+00:00,4.9399999999999995,4.964,4.864,4.922,3656
2023-11-08 04:00:00+00:00,4.922,4.93,4.852,4.879,2462
2023-11-08 08:00:00+00:00,4.88,4.936,4.859,4.924,2592
2023-11-08 12:00:00+00:00,4.923,5.084,4.921,5.014,4165
2023-11-08 16:00:00+00:00,5.014,5.033,4.91,4.99,4976
2023-11-08 20:00:00+00:00,4.99,5.057,4.977,5.025,4223
2023-11-09 00:00:00+00:00,5.043,5.09,5.008,5.081,4031
2023-11-09 04:00:00+00:00,5.081,5.132,5.068,5.116,3958
2023-11-09 08:00:00+00:00,5.116,5.148,5.073,5.131,3554
2023-11-09 12:00:00+00:00,5.13,5.15,5.054,5.121,4896
2023-11-09 16:00:00+00:00,5.12,5.253,4.499,4.949,15988
2023-11-09 20:00:00+00:00,4.95,4.95,4.768,4.886,8112
2023-11-10 00:00:00+00:00,4.901,5.173,4.893,5.165,7315
2023-11-10 04:00:00+00:00,5.165,5.201,5.093,5.141,5356
2023-11-10 08:00:00+00:00,5.141,5.146,4.994,5.101,5477
2023-11-10 12:00:00+00:00,5.101,5.189,5.039,5.052,6507
2023-11-10 16:00:00+00:00,5.053,5.129,4.969,5.125,6731
2023-11-10 20:00:00+00:00,5.124,5.2379999999999995,5.114,5.235,5071
2023-11-11 00:00:00+00:00,5.227,5.335,5.206,5.251,7121
2023-11-11 04:00:00+00:00,5.251,5.297,5.087,5.228,8403
2023-11-11 08:00:00+00:00,5.228,5.342,5.183,5.317,6414
2023-11-11 12:00:00+00:00,5.316,5.344,5.226,5.337,5014
2023-11-11 16:00:00+00:00,5.338,5.585,5.329,5.551,10907
2023-11-11 20:00:00+00:00,5.55,5.671,5.504,5.5649999999999995,7334
2023-11-12 00:00:00+00:00,5.567,5.616,5.342,5.595,10206
2023-11-12 04:00:00+00:00,5.595,5.629,5.478,5.52,6601
2023-11-12 08:00:00+00:00,5.519,5.765,5.505,5.751,8045
2023-11-12 12:00:00+00:00,5.752,5.849,5.6690000000000005,5.726,8921
2023-11-12 16:00:00+00:00,5.726,5.805,5.664,5.67,6596
2023-11-12 20:00:00+00:00,5.67,5.813,5.633,5.749,5621
2023-11-13 00:00:00+00:00,5.746,5.822,5.622,5.783,7060
2023-11-13 04:00:00+00:00,5.783,5.881,5.574,5.608,9598
2023-11-13 08:00:00+00:00,5.608,5.756,5.536,5.725,6184
2023-11-13 12:00:00+00:00,5.65,5.6899999999999995,5.507,5.536,6849
2023-11-13 16:00:00+00:00,5.537,5.615,5.421,5.465,11278
2023-11-13 20:00:00+00:00,5.464,5.527,5.332,5.377,8460
2023-11-14 00:00:00+00:00,5.368,5.402,5.21,5.301,6804
2023-11-14 04:00:00+00:00,5.301,5.461,5.292,5.461,3342
2023-11-14 08:00:00+00:00,5.461,5.514,5.415,5.418,4367
2023-11-14 12:00:00+00:00,5.417,5.453,5.226,5.375,8886
2023-11-14 16:00:00+00:00,5.375,5.449,5.244,5.248,8706
2023-11-14 20:00:00+00:00,5.248,5.268,4.995,5.223,8921
2023-11-15 00:00:00+00:00,5.224,5.251,5.177,5.198,3780
2023-11-15 04:00:00+00:00,5.197,5.3,5.186,5.291,3410
2023-11-15 08:00:00+00:00,5.291,5.341,5.233,5.292,4061
2023-11-15 12:00:00+00:00,5.293,5.447,5.287,5.391,5429
2023-11-15 16:00:00+00:00,5.391,5.497,5.375,5.424,6198
2023-11-15 20:00:00+00:00,5.424,5.632,5.393,5.552,9217
2023-11-16 00:00:00+00:00,5.563,5.633,5.524,5.554,4960
2023-11-16 04:00:00+00:00,5.553,5.591,5.539,5.567,3860
2023-11-16 08:00:00+00:00,5.566,5.791,5.555,5.728,8387
2023-11-16 12:00:00+00:00,5.728,5.73,5.447,5.513,8407
2023-11-16 16:00:00+00:00,5.513,5.601,5.41,5.478,7369
2023-11-16 20:00:00+00:00,5.479,5.484,5.268,5.352,9445
2023-11-17 00:00:00+00:00,5.362,5.466,5.298,5.465,4672
2023-11-17 04:00:00+00:00,5.465,5.478,5.4,5.46,5143
2023-11-17 08:00:00+00:00,5.461,5.468,5.342,5.386,6014
2023-11-17 12:00:00+00:00,5.3870000000000005,5.388,5.22,5.293,8129
2023-11-17 16:00:00+00:00,5.294,5.32,5.05,5.243,11220
2023-11-17 20:00:00+00:00,5.244,5.2620000000000005,5.186,5.212,5319
2023-11-18 00:00:00+00:00,5.229,5.277,5.15,5.182,3408
2023-11-18 04:00:00+00:00,5.183,5.2,5.08,5.082,4048
2023-11-18 08:00:00+00:00,5.082,5.128,4.991,5.119,4549
2023-11-18 12:00:00+00:00,5.12,5.162,5.055,5.096,3473
2023-11-18 16:00:00+00:00,5.096,5.268,5.088,5.263,6131
2023-11-18 20:00:00+00:00,5.264,5.276,5.229,5.244,3408
2023-11-19 00:00:00+00:00,5.244,5.285,5.171,5.24,3409
2023-11-19 04:00:00+00:00,5.24,5.288,5.219,5.261,3085
2023-11-19 08:00:00+00:00,5.2620000000000005,5.298,5.256,5.289,1667
2023-11-19 12:00:00+00:00,5.289,5.289,5.196,5.246,2795
2023-11-19 16:00:00+00:00,5.245,5.441,5.215,5.4030000000000005,3790
2023-11-19 20:00:00+00:00,5.404,5.476,5.373,5.453,3906
2023-11-20 00:00:00+00:00,5.437,5.469,5.374,5.442,3881
2023-11-20 04:00:00+00:00,5.442,5.474,5.38,5.4,3323
2023-11-20 08:00:00+00:00,5.4,5.562,5.391,5.521,4242
2023-11-20 12:00:00+00:00,5.521,5.547,5.396,5.397,4482
2023-11-20 16:00:00+00:00,5.396,5.467,5.313,5.428,8075
2023-11-20 20:00:00+00:00,5.428,5.442,5.256,5.319,5770
2023-11-21 00:00:00+00:00,5.323,5.35,5.257,5.3,4032
2023-11-21 04:00:00+00:00,5.299,5.307,5.186,5.228,3999
2023-11-21 08:00:00+00:00,5.227,5.259,5.187,5.192,3062
2023-11-21 12:00:00+00:00,5.191,5.221,5.144,5.153,3621
2023-11-21 16:00:00+00:00,5.154,5.179,4.962,5.027,11055
2023-11-21 20:00:00+00:00,5.026,5.055,4.902,5.003,8591
2023-11-22 00:00:00+00:00,4.993,4.999,4.8149999999999995,4.941,6759
2023-11-22 04:00:00+00:00,4.941,5.037,4.931,5.02,3009
2023-11-22 08:00:00+00:00,5.021,5.097,5.017,5.095,3522
2023-11-22 12:00:00+00:00,5.096,5.103,5.05,5.09,3817
2023-11-22 16:00:00+00:00,5.09,5.154,5.04,5.138,4965
2023-11-22 20:00:00+00:00,5.139,5.28,5.127,5.201,5180
2023-11-23 00:00:00+00:00,5.205,5.217,5.1370000000000005,5.193,3424
2023-11-23 04:00:00+00:00,5.194,5.199,5.147,5.159,2459
2023-11-23 08:00:00+00:00,5.159,5.21,5.1370000000000005,5.206,2787
2023-11-23 12:00:00+00:00,5.206,5.208,5.106,5.121,3583
2023-11-23 16:00:00+00:00,5.12,5.147,5.074,5.124,4064
2023-11-23 20:00:00+00:00,5.123,5.14,5.09,5.111,2878
2023-11-24 00:00:00+00:00,5.11,5.176,5.106,5.145,2886
2023-11-24 04:00:00+00:00,5.145,5.176,5.142,5.166,2512
2023-11-24 08:00:00+00:00,5.166,5.237,5.153,5.204,3673
2023-11-24 12:00:00+00:00,5.204,5.242,5.17,5.191,6275
2023-11-24 16:00:00+00:00,5.191,5.267,5.155,5.235,10356
2023-11-24 20:00:00+00:00,5.235,5.252,5.175,5.243,9622
2023-11-25 00:00:00+00:00,5.255,5.314,5.201,5.31,2707
2023-11-25 04:00:00+00:00,5.31,5.318,5.255,5.2620000000000005,4866
2023-11-25 08:00:00+00:00,5.263,5.313,5.259,5.293,4956
2023-11-25 12:00:00+00:00,5.293,5.324,5.236,5.318,2690
2023-11-25 16:00:00+00:00,5.318,5.374,5.3,5.329,3516
2023-11-25 20:00:00+00:00,5.329,5.343,5.299,5.318,6575
2023-11-26 00:00:00+00:00,5.316,5.3469999999999995,5.294,5.297,2331
2023-11-26 04:00:00+00:00,5.297,5.38,5.29,5.379,2628
2023-11-26 08:00:00+00:00,5.379,5.393,5.306,5.341,4241
2023-11-26 12:00:00+00:00,5.342,5.358,5.292,5.333,5274
2023-11-26 16:00:00+00:00,5.333,5.341,5.141,5.219,6083
2023-11-26 20:00:00+00:00,5.218,5.37,5.21,5.295,4074
2023-11-27 00:00:00+00:00,5.311,5.36,5.276,5.297,5635
2023-11-27 04:00:00+00:00,5.298,5.313,5.23,5.26,9347
2023-11-27 08:00:00+00:00,5.26,5.308,5.194,5.209,9718
2023-11-27 12:00:00+00:00,5.209,5.221,5.102,5.139,7007
2023-11-27 16:00:00+00:00,5.139,5.153,5.063,5.097,6271
2023-11-27 20:00:00+00:00,5.093,5.113,5.027,5.101,4965
2023-11-28 00:00:00+00:00,5.098,5.181,5.084,5.167,2892
2023-11-28 04:00:00+00:00,5.167,5.204,5.139,5.166,3906
2023-11-28 08:00:00+00:00,5.166,5.2,5.099,5.189,3756
2023-11-28 12:00:00+00:00,5.189,5.221,5.132,5.219,3596
2023-11-28 16:00:00+00:00,5.22,5.289,5.171,5.288,5573
2023-11-28 20:00:00+00:00,5.289,5.308,5.248,5.263,4431
2023-11-29 00:00:00+00:00,5.252,5.307,5.232,5.283,3234
2023-11-29 04:00:00+00:00,5.284,5.297,5.239,5.263,2370
2023-11-29 08:00:00+00:00,5.2620000000000005,5.35,5.252,5.321,3557
2023-11-29 12:00:00+00:00,5.321,5.38,5.269,5.281,5267
2023-11-29 16:00:00+00:00,5.28,5.301,5.171,5.215,5706
2023-11-29 20:00:00+00:00,5.215,5.221,5.13,5.147,2995
2023-11-30 00:00:00+00:00,5.158,5.167,5.114,5.119,2300
2023-11-30 04:00:00+00:00,5.119,5.181,5.11,5.143,2119
2023-11-30 08:00:00+00:00,5.143,5.175,5.119,5.156,2716
2023-11-30 12:00:00+00:00,5.155,5.231,5.152,5.202,2841
2023-11-30 16:00:00+00:00,5.202,5.571,5.171,5.457,9259
2023-11-30 20:00:00+00:00,5.457,5.491,5.417,5.49,3397
2023-12-01 00:00:00+00:00,5.48,5.491,5.406,5.453,3461
2023-12-01 04:00:00+00:00,5.453,5.515,5.445,5.468,3678
2023-12-01 08:00:00+00:00,5.468,5.477,5.412,5.466,3830
2023-12-01 12:00:00+00:00,5.467,5.474,5.383,5.392,2965
2023-12-01 16:00:00+00:00,5.391,5.459,5.362,5.44,4388
2023-12-01 20:00:00+00:00,5.44,5.4719999999999995,5.431,5.449,2270
2023-12-02 00:00:00+00:00,5.462,5.474,5.449,5.455,1136
2023-12-02 04:00:00+00:00,5.456,5.484,5.443,5.463,1343
2023-12-02 08:00:00+00:00,5.463,5.526,5.461,5.506,1800
2023-12-02 12:00:00+00:00,5.506,5.535,5.499,5.515,1662
2023-12-02 16:00:00+00:00,5.515,5.523,5.449,5.482,2219
2023-12-02 20:00:00+00:00,5.483,5.594,5.479,5.593,4239
2023-12-03 00:00:00+00:00,5.578,5.603,5.543,5.5969999999999995,1848
2023-12-03 04:00:00+00:00,5.596,5.6,5.514,5.5280000000000005,2115
2023-12-03 08:00:00+00:00,5.529,5.536,5.498,5.515,1468
2023-12-03 12:00:00+00:00,5.515,5.521,5.426,5.47,2840
2023-12-03 16:00:00+00:00,5.469,5.529,5.437,5.448,3502
2023-12-03 20:00:00+00:00,5.448,5.521,5.428,5.517,1912
2023-12-04 00:00:00+00:00,5.531,5.614,5.499,5.589,4130
2023-12-04 04:00:00+00:00,5.59,5.677,5.579,5.63,2827
2023-12-04 08:00:00+00:00,5.629,5.698,5.61,5.663,3947
2023-12-04 12:00:00+00:00,5.664,5.714,5.412,5.553,9769
2023-12-04 16:00:00+00:00,5.553,5.57,5.464,5.52,7300
2023-12-04 20:00:00+00:00,5.52,5.587,5.514,5.571,3621
2023-12-05 00:00:00+00:00,5.567,5.684,5.541,5.623,4317
2023-12-05 04:00:00+00:00,5.624,5.681,5.543,5.634,3847
2023-12-05 08:00:00+00:00,5.633,5.721,5.552,5.582,6506
2023-12-05 12:00:00+00:00,5.5809999999999995,5.596,5.504,5.511,4404
2023-12-05 16:00:00+00:00,5.511,5.726,5.504,5.7219999999999995,7193
2023-12-05 20:00:00+00:00,5.7219999999999995,5.82,5.697,5.791,6519
2023-12-06 00:00:00+00:00,5.781,5.987,5.769,5.952,7593
2023-12-06 04:00:00+00:00,5.952,5.964,5.764,5.843,6298
2023-12-06 08:00:00+00:00,5.843,5.973,5.789,5.9190000000000005,8571
2023-12-06 12:00:00+00:00,5.918,6.088,5.782,6.034,10949
2023-12-06 16:00:00+00:00,6.034,6.191,6.033,6.11,10278
2023-12-06 20:00:00+00:00,6.11,6.13,5.997,6.082,5128
2023-12-07 00:00:00+00:00,6.065,6.125,5.98,6.086,5488
2023-12-07 04:00:00+00:00,6.087,6.173,6.021,6.169,4319
2023-12-07 08:00:00+00:00,6.169,6.174,5.894,6.024,7320
2023-12-07 12:00:00+00:00,6.024,6.049,5.933,5.989,6028
2023-12-07 16:00:00+00:00,5.989,6.292,5.979,6.27,8975
2023-12-07 20:00:00+00:00,6.269,6.288,6.139,6.244,7208
2023-12-08 00:00:00+00:00,6.222,6.2620000000000005,6.159,6.178,3590
2023-12-08 04:00:00+00:00,6.178,6.293,6.171,6.28,3971
2023-12-08 08:00:00+00:00,6.281,6.362,6.216,6.272,6255
2023-12-08 12:00:00+00:00,6.271,6.672,6.228,6.654,9526
2023-12-08 16:00:00+00:00,6.654,6.802,6.556,6.639,10168
2023-12-08 20:00:00+00:00,6.638,6.733,6.588,6.731,5263
2023-12-09 00:00:00+00:00,6.755,7.445,6.746,7.295,11096
2023-12-09 04:00:00+00:00,7.295,7.526,7.284,7.406,12829
2023-12-09 08:00:00+00:00,7.405,7.682,7.32,7.444,14647
2023-12-09 12:00:00+00:00,7.444,7.625,7.412,7.412,9944
2023-12-09 16:00:00+00:00,7.412,7.459,7.046,7.075,12299
2023-12-09 20:00:00+00:00,7.076,7.284,7.074,7.209,6837
2023-12-10 00:00:00+00:00,7.235,7.319,7.01,7.257,8516
2023-12-10 04:00:00+00:00,7.257,7.315,7.211,7.272,4978
2023-12-10 08:00:00+00:00,7.271,7.281,6.952,6.952,5742
2023-12-10 12:00:00+00:00,6.952,7.229,6.948,7.188,6192
2023-12-10 16:00:00+00:00,7.187,7.255,7.095,7.131,5656
2023-12-10 20:00:00+00:00,7.131,7.308,7.124,7.226,5849
2023-12-11 00:00:00+00:00,7.226,7.352,7.072,7.198,7665
2023-12-11 04:00:00+00:00,7.199,7.206,6.179,6.787,17334
2023-12-11 08:00:00+00:00,6.787,6.793,6.589,6.6899999999999995,10728
2023-12-11 12:00:00+00:00,6.6899999999999995,6.805,6.563,6.654,8076
2023-12-11 16:00:00+00:00,6.655,6.72,6.555,6.556,15281
2023-12-11 20:00:00+00:00,6.556,6.711,6.38,6.698,13717
2023-12-12 00:00:00+00:00,6.708,6.829,6.662,6.782,6304
2023-12-12 04:00:00+00:00,6.782,7.025,6.782,6.9719999999999995,7937
2023-12-12 08:00:00+00:00,6.971,7.276,6.909,7.08,9797
2023-12-12 12:00:00+00:00,7.08,7.282,7.08,7.188,9732
2023-12-12 16:00:00+00:00,7.192,7.32,6.816,6.817,16086
2023-12-12 20:00:00+00:00,6.817,7.151,6.812,6.909,12221
2023-12-13 00:00:00+00:00,6.928,7.233,6.809,6.809,11238
2023-12-13 04:00:00+00:00,6.8100000000000005,6.882,6.712,6.785,12989
2023-12-13 08:00:00+00:00,6.785,6.856,6.599,6.79,8111
2023-12-13 12:00:00+00:00,6.79,6.984,6.7219999999999995,6.969,6899
2023-12-13 16:00:00+00:00,6.968,7.06,6.895,6.961,9996
2023-12-13 20:00:00+00:00,6.961,7.411,6.948,7.382,11470
2023-12-14 00:00:00+00:00,7.441,7.638,7.418,7.545,11451
2023-12-14 04:00:00+00:00,7.545,7.549,7.34,7.378,7569
2023-12-14 08:00:00+00:00,7.377,7.456,7.264,7.314,7290
2023-12-14 12:00:00+00:00,7.313,7.567,6.921,7.277,12067
2023-12-14 16:00:00+00:00,7.2780000000000005,7.588,7.191,7.386,12787
2023-12-14 20:00:00+00:00,7.386,7.529,7.313,7.524,6398
2023-12-15 00:00:00+00:00,7.555,7.757,7.46,7.527,8044
2023-12-15 04:00:00+00:00,7.527,7.536,7.271,7.276,6638
2023-12-15 08:00:00+00:00,7.275,7.319,7.166,7.287,6219
2023-12-15 12:00:00+00:00,7.287,7.357,7.154,7.194,7916
2023-12-15 16:00:00+00:00,7.192,7.232,7.014,7.067,8818
2023-12-15 20:00:00+00:00,7.067,7.177,7.011,7.051,5351
2023-12-16 00:00:00+00:00,6.984,7.052,6.845,6.983,6494
2023-12-16 04:00:00+00:00,6.984,7.14,6.982,7.13,4174
2023-12-16 08:00:00+00:00,7.13,7.164,7.058,7.134,3887
2023-12-16 12:00:00+00:00,7.134,7.302,7.092,7.24,5619
2023-12-16 16:00:00+00:00,7.24,7.339,7.156,7.236,7300
2023-12-16 20:00:00+00:00,7.235,7.235,7.016,7.036,8216
2023-12-17 00:00:00+00:00,7.021,7.148,6.992,7.066,6334
2023-12-17 04:00:00+00:00,7.067,7.139,6.971,7.019,6670
2023-12-17 08:00:00+00:00,7.018,7.082,6.927,7.039,7947
2023-12-17 12:00:00+00:00,7.037,7.039,6.87,6.898,6500
2023-12-17 16:00:00+00:00,6.897,6.989,6.8100000000000005,6.933,8132
2023-12-17 20:00:00+00:00,6.933,6.938,6.837,6.846,4619
2023-12-18 00:00:00+00:00,6.839,6.857,6.686,6.6899999999999995,6676
2023-12-18 04:00:00+00:00,6.692,6.76,6.611,6.677,5945
2023-12-18 08:00:00+00:00,6.678,6.748,6.51,6.5809999999999995,8244
2023-12-18 12:00:00+00:00,6.5809999999999995,6.6,6.356,6.591,9728
2023-12-18 16:00:00+00:00,6.591,6.6850000000000005,6.563,6.6370000000000005,7238
2023-12-18 20:00:00+00:00,6.6370000000000005,6.845,6.615,6.835,6810
2023-12-19 00:00:00+00:00,6.819,6.974,6.799,6.965,6445
2023-12-19 04:00:00+00:00,6.964,6.985,6.865,6.916,5098
2023-12-19 08:00:00+00:00,6.917,7.036,6.858,6.886,6068
2023-12-19 12:00:00+00:00,6.885,6.909,6.804,6.807,6216
2023-12-19 16:00:00+00:00,6.807,6.82,6.608,6.615,10247
2023-12-19 20:00:00+00:00,6.616,6.753,6.598,6.742,6691
2023-12-20 00:00:00+00:00,6.727,6.755,6.628,6.657,5699
2023-12-20 04:00:00+00:00,6.658,6.855,6.607,6.834,6360
2023-12-20 08:00:00+00:00,6.836,7.042,6.805,7.007,6274
2023-12-20 12:00:00+00:00,7.008,7.097,6.906,7.094,7335
2023-12-20 16:00:00+00:00,7.094,7.126,6.941,7.037,9270
2023-12-20 20:00:00+00:00,7.038,7.06,6.825,6.868,8235
2023-12-21 00:00:00+00:00,6.888,7.119,6.879,7.047,6793
2023-12-21 04:00:00+00:00,7.045,7.231,7.008,7.213,7361
2023-12-21 08:00:00+00:00,7.214,7.607,7.214,7.45,10674
2023-12-21 12:00:00+00:00,7.449,7.687,7.44,7.639,9583
2023-12-21 16:00:00+00:00,7.639,8.046,7.464,8.046,21158
2023-12-21 20:00:00+00:00,8.044,8.355,8.036,8.291,21383
2023-12-22 00:00:00+00:00,8.239,8.473,8.136,8.338,16174
2023-12-22 04:00:00+00:00,8.338,8.561,8.036,8.137,14082
2023-12-22 08:00:00+00:00,8.137,8.168,7.832,7.936,16656
2023-12-22 12:00:00+00:00,7.936,8.124,7.8629999999999995,8.078,10261
2023-12-22 16:00:00+00:00,8.077,8.083,7.889,8.038,10739
2023-12-22 20:00:00+00:00,8.038,8.108,7.891,7.962,6391
2023-12-23 00:00:00+00:00,7.896,7.98,7.735,7.74,6284
2023-12-23 04:00:00+00:00,7.739,7.761,7.578,7.737,8150
2023-12-23 08:00:00+00:00,7.737,7.843,7.683,7.828,5397
2023-12-23 12:00:00+00:00,7.826,7.952,7.793,7.845,7214
2023-12-23 16:00:00+00:00,7.844,7.926,7.795,7.827,5781
2023-12-23 20:00:00+00:00,7.827,8.231,7.817,8.191,8020
2023-12-24 00:00:00+00:00,8.177,8.932,8.135,8.885,16505
2023-12-24 04:00:00+00:00,8.886,8.952,8.422,8.48,14810
2023-12-24 08:00:00+00:00,8.48,8.913,8.317,8.898,14167
2023-12-24 12:00:00+00:00,8.896,9.193,8.667,9.056,20068
2023-12-24 16:00:00+00:00,9.055,9.118,8.766,8.928,14762
2023-12-24 20:00:00+00:00,8.928,9.018,8.697,8.703,11925
2023-12-25 00:00:00+00:00,8.742,8.896,8.489,8.7,15374
2023-12-25 04:00:00+00:00,8.7,9.201,8.568999999999999,9.198,12308
2023-12-25 08:00:00+00:00,9.199,9.381,8.989,9.04,18672
2023-12-25 12:00:00+00:00,9.039,9.275,9.035,9.124,13204
2023-12-25 16:00:00+00:00,9.125,9.232,8.892,9.232,13835
2023-12-25 20:00:00+00:00,9.232,9.346,8.994,9.168,13813
2023-12-26 00:00:00+00:00,9.16,9.575,9.142,9.385,12939
2023-12-26 04:00:00+00:00,9.385,9.455,8.978,9.049,13793
2023-12-26 08:00:00+00:00,9.048,9.185,8.848,8.939,17032
2023-12-26 12:00:00+00:00,8.939,9.192,8.919,9.081,12957
2023-12-26 16:00:00+00:00,9.079,9.105,8.303,8.592,19247
2023-12-26 20:00:00+00:00,8.592,8.772,8.508,8.725999999999999,13757
2023-12-27 00:00:00+00:00,8.74,8.828,8.659,8.701,9378
2023-12-27 04:00:00+00:00,8.701,8.704,8.388,8.594,12428
2023-12-27 08:00:00+00:00,8.594,8.967,8.514,8.806000000000001,12834
2023-12-27 12:00:00+00:00,8.806000000000001,8.922,8.711,8.808,12105
2023-12-27 16:00:00+00:00,8.808,9.003,8.65,8.869,18288
2023-12-27 20:00:00+00:00,8.869,8.937,8.741,8.779,9761
2023-12-28 00:00:00+00:00,8.781,8.901,8.595,8.766,12005
2023-12-28 04:00:00+00:00,8.768,8.778,8.492,8.548,11701
2023-12-28 08:00:00+00:00,8.547,8.658,8.428,8.619,12421
2023-12-28 12:00:00+00:00,8.62,8.734,8.399000000000001,8.478,13031
2023-12-28 16:00:00+00:00,8.48,8.494,8.253,8.39,18119
2023-12-28 20:00:00+00:00,8.39,8.46,8.293,8.328,10194
2023-12-29 00:00:00+00:00,8.343,8.495,8.126,8.2,14608
2023-12-29 04:00:00+00:00,8.2,8.474,8.174,8.421,10331
2023-12-29 08:00:00+00:00,8.42,8.609,8.267,8.583,12117
2023-12-29 12:00:00+00:00,8.58,8.654,8.436,8.632,10334
2023-12-29 16:00:00+00:00,8.632,8.674,8.132,8.196,18570
2023-12-29 20:00:00+00:00,8.197,8.284,8.184,8.185,7854
2023-12-30 00:00:00+00:00,8.211,8.41,8.172,8.396,4455
2023-12-30 04:00:00+00:00,8.397,8.472,8.281,8.433,7868
2023-12-30 08:00:00+00:00,8.434,8.438,8.079,8.113,7747
2023-12-30 12:00:00+00:00,8.113,8.257,8.107,8.207,6745
2023-12-30 16:00:00+00:00,8.208,8.384,8.205,8.333,8184
2023-12-30 20:00:00+00:00,8.331,8.38,8.26,8.379,6079
2023-12-31 00:00:00+00:00,8.372,8.398,8.238,8.25,6347
2023-12-31 04:00:00+00:00,8.249,8.291,8.132,8.263,5849
2023-12-31 08:00:00+00:00,8.262,8.586,8.257,8.571,7548
2023-12-31 12:00:00+00:00,8.575,8.626,8.395,8.511,7347
2023-12-31 16:00:00+00:00,8.511,8.52,8.421,8.492,7885
2023-12-31 20:00:00+00:00,8.494,8.5,8.279,8.292,7342
2024-01-01 00:00:00+00:00,8.291,8.325,8.008,8.274000000000001,8295
2024-01-01 04:00:00+00:00,8.274000000000001,8.281,8.045,8.079,7070
2024-01-01 08:00:00+00:00,8.079,8.228,8.078,8.218,4603
2024-01-01 12:00:00+00:00,8.218,8.265,8.192,8.251,4515
2024-01-01 16:00:00+00:00,8.252,8.388,8.191,8.367,7007
2024-01-01 20:00:00+00:00,8.37,8.616,8.368,8.517,7470
2024-01-02 00:00:00+00:00,8.522,8.751,8.455,8.652,9346
2024-01-02 04:00:00+00:00,8.651,8.71,8.597,8.64,5732
2024-01-02 08:00:00+00:00,8.64,8.767,8.606,8.764,6591
2024-01-02 12:00:00+00:00,8.763,8.798,8.587,8.705,9799
2024-01-02 16:00:00+00:00,8.704,8.711,8.352,8.413,12547
2024-01-02 20:00:00+00:00,8.414,8.477,8.307,8.381,9288
2024-01-03 00:00:00+00:00,8.394,8.518,8.36,8.518,6855
2024-01-03 04:00:00+00:00,8.519,8.562,8.402,8.506,5353
2024-01-03 08:00:00+00:00,8.505,8.555,8.417,8.494,6091
2024-01-03 12:00:00+00:00,8.494,8.534,6.314,7.577,23581
2024-01-03 16:00:00+00:00,7.578,7.772,7.336,7.701,21811
2024-01-03 20:00:00+00:00,7.703,7.808,7.521,7.78,10862
2024-01-04 00:00:00+00:00,7.777,7.786,7.466,7.509,8700
2024-01-04 04:00:00+00:00,7.511,7.729,7.508,7.687,8116
2024-01-04 08:00:00+00:00,7.687,7.743,7.543,7.602,7924
2024-01-04 12:00:00+00:00,7.605,7.742,7.501,7.701,10309
2024-01-04 16:00:00+00:00,7.699,7.947,7.671,7.846,12537
2024-01-04 20:00:00+00:00,7.848,7.991,7.809,7.873,8780
2024-01-05 00:00:00+00:00,7.8870000000000005,7.948,7.519,7.683,10236
2024-01-05 04:00:00+00:00,7.683,7.77,7.619,7.7219999999999995,9847
2024-01-05 08:00:00+00:00,7.721,7.724,7.549,7.658,8231
2024-01-05 12:00:00+00:00,7.657,7.664,7.391,7.452,11956
2024-01-05 16:00:00+00:00,7.452,7.48,7.17,7.317,16238
2024-01-05 20:00:00+00:00,7.318,7.407,7.2620000000000005,7.34,7879
2024-01-06 00:00:00+00:00,7.32,7.44,7.304,7.338,5903
2024-01-06 04:00:00+00:00,7.339,7.361,7.021,7.086,8176
2024-01-06 08:00:00+00:00,7.086,7.215,6.933,7.169,12138
2024-01-06 12:00:00+00:00,7.169,7.217,7.09,7.164,7477
2024-01-06 16:00:00+00:00,7.164,7.296,7.158,7.293,8823
2024-01-06 20:00:00+00:00,7.294,7.301,7.105,7.147,7848
2024-01-07 00:00:00+00:00,7.13,7.2379999999999995,7.014,7.128,7374
2024-01-07 04:00:00+00:00,7.129,7.223,7.062,7.191,6840
2024-01-07 08:00:00+00:00,7.192,7.314,7.111,7.13,7985
2024-01-07 12:00:00+00:00,7.131,7.28,7.121,7.246,8282
2024-01-07 16:00:00+00:00,7.245,7.273,7.023,7.159,10460
2024-01-07 20:00:00+00:00,7.16,7.219,7.064,7.081,6185
2024-01-08 00:00:00+00:00,7.049,7.05,6.766,6.804,17535
2024-01-08 04:00:00+00:00,6.804,6.871,6.5,6.85,16555
2024-01-08 08:00:00+00:00,6.849,6.985,6.8309999999999995,6.868,9735
2024-01-08 12:00:00+00:00,6.868,7.24,6.85,7.185,12391
2024-01-08 16:00:00+00:00,7.186,7.297,7.135,7.295,10863
2024-01-08 20:00:00+00:00,7.295,7.492,7.292,7.405,11740
2024-01-09 00:00:00+00:00,7.414,7.517,7.301,7.35,8993
2024-01-09 04:00:00+00:00,7.35,7.48,7.299,7.418,7276
2024-01-09 08:00:00+00:00,7.417,7.506,7.268,7.303,10436
2024-01-09 12:00:00+00:00,7.303,7.464,6.9879999999999995,7.213,11749
2024-01-09 16:00:00+00:00,7.212,7.2379999999999995,7.024,7.053,11767
2024-01-09 20:00:00+00:00,7.052,7.181,6.895,6.986,14516
2024-01-10 00:00:00+00:00,7.005,7.209,6.984,7.184,10900
2024-01-10 04:00:00+00:00,7.184,7.188,7.07,7.152,7410
2024-01-10 08:00:00+00:00,7.153,7.209,6.968,7.176,8250
2024-01-10 12:00:00+00:00,7.176,7.209,6.789,6.929,12654
2024-01-10 16:00:00+00:00,6.928,7.142,6.891,7.142,13353
2024-01-10 20:00:00+00:00,7.142,7.811,7.101,7.811,18820
2024-01-11 00:00:00+00:00,7.804,8.17,7.777,8.041,18194
2024-01-11 04:00:00+00:00,8.044,8.272,7.993,8.022,11717
2024-01-11 08:00:00+00:00,8.022,8.426,7.838,8.269,12223
2024-01-11 12:00:00+00:00,8.267,8.568,8.266,8.455,13774
2024-01-11 16:00:00+00:00,8.454,8.507,8.029,8.18,20902
2024-01-11 20:00:00+00:00,8.179,8.306,8.089,8.105,10949
2024-01-12 00:00:00+00:00,8.125,8.199,8.016,8.103,9690
2024-01-12 04:00:00+00:00,8.103,8.182,8.044,8.153,9507
2024-01-12 08:00:00+00:00,8.154,8.178,7.946,8.045,10066
2024-01-12 12:00:00+00:00,8.045,8.163,7.993,8.147,11518
2024-01-12 16:00:00+00:00,8.147,8.196,7.535,7.785,21407
2024-01-12 20:00:00+00:00,7.784,7.823,7.545,7.641,12918
2024-01-13 00:00:00+00:00,7.536,7.592,7.351,7.532,8748
2024-01-13 04:00:00+00:00,7.531,7.678,7.499,7.667,7951
2024-01-13 08:00:00+00:00,7.666,7.73,7.604,7.623,7053
2024-01-13 12:00:00+00:00,7.623,7.672,7.572,7.62,7302
2024-01-13 16:00:00+00:00,7.62,7.733,7.557,7.675,8969
2024-01-13 20:00:00+00:00,7.674,7.686,7.588,7.644,5965
2024-01-14 00:00:00+00:00,7.643,7.652,7.499,7.546,6245
2024-01-14 04:00:00+00:00,7.546,7.573,7.443,7.573,5759
2024-01-14 08:00:00+00:00,7.573,7.674,7.563,7.67,5616
2024-01-14 12:00:00+00:00,7.6690000000000005,7.681,7.516,7.591,5975
2024-01-14 16:00:00+00:00,7.591,7.679,7.557,7.628,7872
2024-01-14 20:00:00+00:00,7.628,7.66,7.386,7.496,10874
2024-01-15 00:00:00+00:00,7.501,7.525,7.286,7.458,9815
2024-01-15 04:00:00+00:00,7.458,7.666,7.437,7.595,7777
2024-01-15 08:00:00+00:00,7.595,7.628,7.486,7.62,6451
2024-01-15 12:00:00+00:00,7.62,7.662,7.504,7.618,8171
2024-01-15 16:00:00+00:00,7.616,7.626,7.386,7.547,10149
2024-01-15 20:00:00+00:00,7.547,7.67,7.516,7.524,7696
2024-01-16 00:00:00+00:00,7.526,7.592,7.421,7.516,6827
2024-01-16 04:00:00+00:00,7.516,7.5809999999999995,7.486,7.506,5735
2024-01-16 08:00:00+00:00,7.507,7.664,7.462,7.585,6644
2024-01-16 12:00:00+00:00,7.586,7.594,7.438,7.446,6926
2024-01-16 16:00:00+00:00,7.446,7.526,7.321,7.441,11116
2024-01-16 20:00:00+00:00,7.442,7.562,7.378,7.553,6036
2024-01-17 00:00:00+00:00,7.561,7.588,7.445,7.527,5594
2024-01-17 04:00:00+00:00,7.525,7.58,7.399,7.399,4779
2024-01-17 08:00:00+00:00,7.399,7.456,7.331,7.373,5544
2024-01-17 12:00:00+00:00,7.373,7.445,7.345,7.38,6830
2024-01-17 16:00:00+00:00,7.38,7.432,7.237,7.298,10575
2024-01-17 20:00:00+00:00,7.298,7.357,7.265,7.325,6086
2024-01-18 00:00:00+00:00,7.315,7.369,7.208,7.272,5471
2024-01-18 04:00:00+00:00,7.271,7.348,7.255,7.306,4635
2024-01-18 08:00:00+00:00,7.305,7.358,7.2620000000000005,7.264,3977
2024-01-18 12:00:00+00:00,7.264,7.287,7.074,7.144,6909
2024-01-18 16:00:00+00:00,7.144,7.225,6.926,6.969,9599
2024-01-18 20:00:00+00:00,6.97,6.992,6.799,6.93,10976
2024-01-19 00:00:00+00:00,6.943,7.039,6.881,6.95,5549
2024-01-19 04:00:00+00:00,6.951,6.973,6.804,6.97,5880
2024-01-19 08:00:00+00:00,6.97,7.029,6.937,6.986,4190
2024-01-19 12:00:00+00:00,6.984,7.013,6.873,6.923,4236
2024-01-19 16:00:00+00:00,6.924,6.929,6.553,6.711,15184
2024-01-19 20:00:00+00:00,6.71,6.897,6.667,6.8309999999999995,7712
2024-01-20 12:00:00+00:00,6.798,6.864,6.792,6.848,1985
2024-01-20 16:00:00+00:00,6.838,6.87,6.785,6.844,4324
2024-01-20 20:00:00+00:00,6.843,6.908,6.777,6.865,3567
2024-01-21 00:00:00+00:00,6.87,6.899,6.839,6.87,3730
2024-01-21 04:00:00+00:00,6.87,6.9559999999999995,6.849,6.871,3125
2024-01-21 08:00:00+00:00,6.871,6.904,6.837,6.881,2306
2024-01-21 12:00:00+00:00,6.882,6.924,6.868,6.921,2666
2024-01-21 16:00:00+00:00,6.922,6.951,6.823,6.871,4049
2024-01-21 20:00:00+00:00,6.872,6.895,6.835,6.88,2711
2024-01-22 00:00:00+00:00,6.869,6.87,6.701,6.721,5818
2024-01-22 04:00:00+00:00,6.721,6.745,6.621,6.715,6374
2024-01-22 08:00:00+00:00,6.716,6.79,6.591,6.645,6590
2024-01-22 12:00:00+00:00,6.644,6.677,6.509,6.6129999999999995,7477
2024-01-22 16:00:00+00:00,6.614,6.622,6.418,6.513,10234
2024-01-22 20:00:00+00:00,6.513,6.541,6.272,6.393,10822
2024-01-23 00:00:00+00:00,6.382,6.413,6.297,6.3629999999999995,5908
2024-01-23 04:00:00+00:00,6.3629999999999995,6.435,6.354,6.4030000000000005,3751
2024-01-23 08:00:00+00:00,6.404,6.417,5.958,6.029,11084
2024-01-23 12:00:00+00:00,6.029,6.127,6.022,6.036,9620
2024-01-23 16:00:00+00:00,6.036,6.327,5.958,6.263,10842
2024-01-23 20:00:00+00:00,6.263,6.325,6.134,6.195,6633
2024-01-24 00:00:00+00:00,6.216,6.389,6.21,6.28,5403
2024-01-24 04:00:00+00:00,6.28,6.328,6.24,6.32,3843
2024-01-24 08:00:00+00:00,6.32,6.454,6.281,6.426,5453
2024-01-24 12:00:00+00:00,6.427,6.524,6.397,6.416,6171
2024-01-24 16:00:00+00:00,6.416,6.459,6.353,6.366,7341
2024-01-24 20:00:00+00:00,6.366,6.374,6.276,6.338,6332
2024-01-25 00:00:00+00:00,6.34,6.481,6.326,6.415,4581
2024-01-25 04:00:00+00:00,6.416,6.476,6.388,6.427,4330
2024-01-25 08:00:00+00:00,6.427,6.516,6.418,6.444,4278
2024-01-25 12:00:00+00:00,6.444,6.553,6.379,6.401,7105
2024-01-25 16:00:00+00:00,6.4,6.478,6.33,6.424,7437
2024-01-25 20:00:00+00:00,6.424,6.49,6.38,6.422,4942
2024-01-26 00:00:00+00:00,6.399,6.435,6.344,6.394,3430
2024-01-26 04:00:00+00:00,6.394,6.468,6.383,6.388,2947
2024-01-26 08:00:00+00:00,6.388,6.43,6.343,6.372,3107
2024-01-26 12:00:00+00:00,6.372,6.599,6.367,6.513,6640
2024-01-26 16:00:00+00:00,6.513,6.7059999999999995,6.5120000000000005,6.682,5454
2024-01-26 20:00:00+00:00,6.682,6.712,6.619,6.638,4015
2024-01-27 00:00:00+00:00,6.667,6.702,6.628,6.666,3507
2024-01-27 04:00:00+00:00,6.666,6.6899999999999995,6.553,6.562,2674
2024-01-27 08:00:00+00:00,6.564,6.586,6.5120000000000005,6.574,3016
2024-01-27 12:00:00+00:00,6.574,6.664,6.552,6.651,3022
2024-01-27 16:00:00+00:00,6.651,6.696,6.625,6.634,3177
2024-01-27 20:00:00+00:00,6.631,6.7379999999999995,6.627,6.675,2562
2024-01-28 00:00:00+00:00,6.674,6.724,6.639,6.665,3058
2024-01-28 04:00:00+00:00,6.666,6.779,6.644,6.732,3575
2024-01-28 08:00:00+00:00,6.732,6.752,6.668,6.729,1866
2024-01-28 12:00:00+00:00,6.729,6.763,6.631,6.683,4826
2024-01-28 16:00:00+00:00,6.683,6.715,6.607,6.626,4491
2024-01-28 20:00:00+00:00,6.624,6.764,6.553,6.741,4953
2024-01-29 00:00:00+00:00,6.6899999999999995,6.89,6.684,6.8629999999999995,6458
2024-01-29 04:00:00+00:00,6.862,6.982,6.834,6.877,4851
2024-01-29 08:00:00+00:00,6.877,6.893,6.746,6.777,4014
2024-01-29 12:00:00+00:00,6.7780000000000005,6.852,6.721,6.731,4311
2024-01-29 16:00:00+00:00,6.731,6.986,6.6899999999999995,6.955,8420
2024-01-29 20:00:00+00:00,6.9559999999999995,7.228,6.952,7.215,6214
2024-01-30 00:00:00+00:00,7.236,7.282,6.942,7.023,5598
2024-01-30 04:00:00+00:00,7.023,7.071,6.9559999999999995,6.983,4956
2024-01-30 08:00:00+00:00,6.983,7.056,6.927,6.981,4590
2024-01-30 12:00:00+00:00,6.981,7.05,6.892,6.945,7200
2024-01-30 16:00:00+00:00,6.944,7.018,6.899,7.0,7646
2024-01-30 20:00:00+00:00,7.001,7.027,6.954,6.962,4625
2024-01-31 00:00:00+00:00,6.954,6.96,6.737,6.789,7493
2024-01-31 04:00:00+00:00,6.788,6.838,6.749,6.833,4814
2024-01-31 08:00:00+00:00,6.833,6.869,6.694,6.717,5629
2024-01-31 12:00:00+00:00,6.717,6.77,6.646,6.701,6438
2024-01-31 16:00:00+00:00,6.701,6.837,6.5969999999999995,6.832,9062
2024-01-31 20:00:00+00:00,6.8309999999999995,6.837,6.589,6.625,9635
2024-02-01 00:00:00+00:00,6.601,6.672,6.514,6.561,7342
2024-02-01 04:00:00+00:00,6.562,6.67,6.555,6.635,5772
2024-02-01 08:00:00+00:00,6.636,6.679,6.59,6.662,4102
2024-02-01 12:00:00+00:00,6.662,6.675,6.611,6.664,4251
2024-02-01 16:00:00+00:00,6.664,6.784,6.652,6.779,6072
2024-02-01 20:00:00+00:00,6.78,6.8,6.721,6.773,4550
2024-02-02 00:00:00+00:00,6.759,6.825,6.739,6.7780000000000005,3676
2024-02-02 04:00:00+00:00,6.779,6.802,6.75,6.787,2851
2024-02-02 08:00:00+00:00,6.788,6.925,6.7780000000000005,6.896,3824
2024-02-02 12:00:00+00:00,6.897,6.93,6.744,6.769,5448
2024-02-02 16:00:00+00:00,6.769,7.007,6.753,6.9399999999999995,7121
2024-02-02 20:00:00+00:00,6.941,6.961,6.8629999999999995,6.864,4194
2024-02-03 00:00:00+00:00,6.928,6.989,6.906,6.965,1894
2024-02-03 04:00:00+00:00,6.965,6.969,6.889,6.91,2979
2024-02-03 08:00:00+00:00,6.91,6.917,6.836,6.907,2623
2024-02-03 12:00:00+00:00,6.907,6.939,6.852,6.875,2460
2024-02-03 16:00:00+00:00,6.876,6.899,6.796,6.888,3423
2024-02-03 20:00:00+00:00,6.8870000000000005,6.889,6.846,6.86,2399
2024-02-04 00:00:00+00:00,6.857,6.865,6.725,6.798,3241
2024-02-04 04:00:00+00:00,6.798,6.807,6.735,6.744,2533
2024-02-04 08:00:00+00:00,6.745,6.767,6.697,6.753,2961
2024-02-04 12:00:00+00:00,6.758,6.807,6.7379999999999995,6.775,2288
2024-02-04 16:00:00+00:00,6.776,6.8,6.735,6.76,2914
2024-02-04 20:00:00+00:00,6.76,6.775,6.672,6.736,4319
2024-02-05 00:00:00+00:00,6.747,6.753,6.574,6.655,4906
2024-02-05 04:00:00+00:00,6.656,6.844,6.634,6.8149999999999995,3676
2024-02-05 08:00:00+00:00,6.814,6.918,6.806,6.8469999999999995,3757
2024-02-05 12:00:00+00:00,6.848,6.953,6.848,6.902,4046
2024-02-05 16:00:00+00:00,6.902,6.913,6.726,6.735,5921
2024-02-05 20:00:00+00:00,6.735,6.792,6.674,6.68,3637
2024-02-06 00:00:00+00:00,6.675,6.717,6.646,6.68,2905
2024-02-06 04:00:00+00:00,6.68,6.774,6.677,6.699,2722
2024-02-06 08:00:00+00:00,6.699,6.761,6.681,6.723,2831
2024-02-06 12:00:00+00:00,6.724,6.733,6.618,6.699,5277
2024-02-06 16:00:00+00:00,6.699,6.772,6.687,6.719,4563
2024-02-06 20:00:00+00:00,6.719,6.796,6.682,6.776,3438
2024-02-07 00:00:00+00:00,6.775,6.813,6.761,6.788,2774
2024-02-07 04:00:00+00:00,6.788,6.793,6.661,6.723,2921
2024-02-07 08:00:00+00:00,6.7219999999999995,6.744,6.648,6.727,2697
2024-02-07 12:00:00+00:00,6.728,6.749,6.649,6.736,2620
2024-02-07 16:00:00+00:00,6.735,6.894,6.729,6.864,5838
2024-02-07 20:00:00+00:00,6.865,6.946,6.853,6.927,4640
2024-02-08 00:00:00+00:00,6.9190000000000005,6.974,6.905,6.954,3474
2024-02-08 04:00:00+00:00,6.954,6.968,6.907,6.915,2230
2024-02-08 08:00:00+00:00,6.916,6.964,6.888,6.946,2254
2024-02-08 12:00:00+00:00,6.946,6.958,6.855,6.914,2953
2024-02-08 16:00:00+00:00,6.915,7.065,6.895,6.971,7211
2024-02-08 20:00:00+00:00,6.971,7.092,6.953,7.063,4308
2024-02-09 00:00:00+00:00,7.08,7.083,6.944,6.969,2679
2024-02-09 04:00:00+00:00,6.969,7.092,6.959,7.07,3963
2024-02-09 08:00:00+00:00,7.072,7.109,7.034,7.073,3283
2024-02-09 12:00:00+00:00,7.073,7.217,7.051,7.203,5788
2024-02-09 16:00:00+00:00,7.204,7.315,7.107,7.128,8485
2024-02-09 20:00:00+00:00,7.128,7.217,7.104,7.204,5391
2024-02-10 00:00:00+00:00,7.182,7.266,7.16,7.217,3306
2024-02-10 04:00:00+00:00,7.217,7.253,7.191,7.205,2551
2024-02-10 08:00:00+00:00,7.206,7.21,7.118,7.12,2530
2024-02-10 12:00:00+00:00,7.12,7.134,7.048,7.097,3833
2024-02-10 16:00:00+00:00,7.097,7.161,7.091,7.142,2203
2024-02-10 20:00:00+00:00,7.143,7.2780000000000005,7.136,7.243,3170
2024-02-11 00:00:00+00:00,7.2379999999999995,7.2379999999999995,7.14,7.168,3506
2024-02-11 04:00:00+00:00,7.168,7.282,7.146,7.279,3452
2024-02-11 08:00:00+00:00,7.279,7.319,7.245,7.259,2775
2024-02-11 12:00:00+00:00,7.259,7.299,7.183,7.188,3432
2024-02-11 16:00:00+00:00,7.188,7.216,7.152,7.198,3410
2024-02-11 20:00:00+00:00,7.198,7.199,7.07,7.08,3526
2024-02-12 00:00:00+00:00,7.085,7.156,7.063,7.126,3571
2024-02-12 04:00:00+00:00,7.126,7.132,6.981,7.059,3861
2024-02-12 08:00:00+00:00,7.059,7.115,6.976,6.986,3829
2024-02-12 12:00:00+00:00,6.987,7.037,6.964,7.026,3705
2024-02-12 16:00:00+00:00,7.026,7.364,7.023,7.343,8077
2024-02-12 20:00:00+00:00,7.343,7.352,7.193,7.259,5237
2024-02-13 00:00:00+00:00,7.276,7.439,7.258,7.392,4159
2024-02-13 04:00:00+00:00,7.392,7.394,7.266,7.361,3845
2024-02-13 08:00:00+00:00,7.36,7.425,7.341,7.409,3746
2024-02-13 12:00:00+00:00,7.409,7.409,7.158,7.257,6169
2024-02-13 16:00:00+00:00,7.257,7.286,7.101,7.202,11192
2024-02-13 20:00:00+00:00,7.201,7.329,7.196,7.3,4571
2024-02-14 00:00:00+00:00,7.299,7.353,7.256,7.292,3674
2024-02-14 04:00:00+00:00,7.292,7.628,7.279,7.5600000000000005,5705
2024-02-14 08:00:00+00:00,7.561,7.692,7.538,7.68,6572
2024-02-14 12:00:00+00:00,7.68,7.697,7.569,7.636,5970
2024-02-14 16:00:00+00:00,7.635,7.665,7.502,7.518,7898
2024-02-14 20:00:00+00:00,7.517,7.672,7.5120000000000005,7.668,4554
2024-02-15 00:00:00+00:00,7.664,7.728,7.568,7.6129999999999995,5431
2024-02-15 04:00:00+00:00,7.612,7.663,7.517,7.554,4581
2024-02-15 08:00:00+00:00,7.554,7.759,7.545,7.748,4570
2024-02-15 12:00:00+00:00,7.748,7.941,7.7379999999999995,7.866,8800
2024-02-15 16:00:00+00:00,7.865,7.937,7.648,7.658,11871
2024-02-15 20:00:00+00:00,7.658,7.768,7.621,7.6370000000000005,6987
2024-02-16 00:00:00+00:00,7.6850000000000005,7.7780000000000005,7.642,7.77,4500
2024-02-16 04:00:00+00:00,7.771,7.827,7.748,7.781,3104
2024-02-16 08:00:00+00:00,7.781,7.854,7.671,7.679,5720
2024-02-16 12:00:00+00:00,7.679,7.852,7.651,7.814,5606
2024-02-16 16:00:00+00:00,7.813,7.827,7.527,7.576,10497
2024-02-16 20:00:00+00:00,7.576,7.63,7.536,7.608,4773
2024-02-17 00:00:00+00:00,7.632,7.677,7.49,7.521,2802
2024-02-17 04:00:00+00:00,7.521,7.59,7.51,7.557,3264
2024-02-17 08:00:00+00:00,7.557,7.658,7.546,7.562,3875
2024-02-17 12:00:00+00:00,7.563,7.622,7.434,7.448,6734
2024-02-17 16:00:00+00:00,7.449,7.524,7.33,7.505,8013
2024-02-17 20:00:00+00:00,7.504,7.673,7.487,7.643,3842
2024-02-18 00:00:00+00:00,7.647,7.834,7.636,7.734,4815
2024-02-18 04:00:00+00:00,7.734,7.812,7.714,7.8,5055
2024-02-18 08:00:00+00:00,7.801,7.845,7.665,7.826,4573
2024-02-18 12:00:00+00:00,7.825,7.825,7.702,7.718,3761
2024-02-18 16:00:00+00:00,7.717,7.852,7.716,7.803,4007
2024-02-18 20:00:00+00:00,7.802,7.812,7.716,7.78,3634
2024-02-19 00:00:00+00:00,7.7940000000000005,7.908,7.77,7.827,5411
2024-02-19 04:00:00+00:00,7.827,7.852,7.737,7.796,3337
2024-02-19 08:00:00+00:00,7.795,7.896,7.742,7.782,5658
2024-02-19 12:00:00+00:00,7.781,7.8309999999999995,7.688,7.719,6430
2024-02-19 16:00:00+00:00,7.717,7.792,7.609,7.743,8927
2024-02-19 20:00:00+00:00,7.744,7.922,7.71,7.918,5824
2024-02-20 00:00:00+00:00,7.963,8.134,7.876,7.915,9534
2024-02-20 04:00:00+00:00,7.915,7.963,7.782,7.868,5642
2024-02-20 08:00:00+00:00,7.869,7.925,7.587,7.689,5959
2024-02-20 12:00:00+00:00,7.689,7.924,7.677,7.921,7635
2024-02-20 16:00:00+00:00,7.918,7.924,7.398,7.511,16465
2024-02-20 20:00:00+00:00,7.51,7.712,7.486,7.6899999999999995,6310
2024-02-21 00:00:00+00:00,7.703,7.8149999999999995,7.554,7.58,4990
2024-02-21 04:00:00+00:00,7.58,7.644,7.484,7.494,4664
2024-02-21 08:00:00+00:00,7.493,7.511,7.255,7.289,8137
2024-02-21 12:00:00+00:00,7.288,7.42,7.215,7.358,10029
2024-02-21 16:00:00+00:00,7.358,7.414,7.232,7.309,9194
2024-02-21 20:00:00+00:00,7.312,7.415,7.236,7.412,6293
2024-02-22 00:00:00+00:00,7.402,7.474,7.2620000000000005,7.2620000000000005,4622
2024-02-22 04:00:00+00:00,7.2620000000000005,7.401,7.2620000000000005,7.375,3949
2024-02-22 08:00:00+00:00,7.378,7.594,7.374,7.576,6231
2024-02-22 12:00:00+00:00,7.575,7.586,7.382,7.429,6430
2024-02-22 16:00:00+00:00,7.43,7.596,7.42,7.584,6587
2024-02-22 20:00:00+00:00,7.583,7.6690000000000005,7.526,7.579,5980
2024-02-23 00:00:00+00:00,7.587,7.602,7.442,7.45,4295
2024-02-23 04:00:00+00:00,7.45,7.489,7.302,7.409,5376
2024-02-23 08:00:00+00:00,7.408,7.441,7.26,7.315,5662
2024-02-23 12:00:00+00:00,7.314,7.351,7.255,7.34,4597
2024-02-23 16:00:00+00:00,7.342,7.556,7.283,7.529,14404
2024-02-23 20:00:00+00:00,7.529,7.631,7.4879999999999995,7.6129999999999995,5705
2024-02-24 00:00:00+00:00,7.535,7.625,7.417,7.421,5797
2024-02-24 04:00:00+00:00,7.421,7.725,7.421,7.674,5326
2024-02-24 08:00:00+00:00,7.675,7.806,7.671,7.729,5235
2024-02-24 12:00:00+00:00,7.73,7.811,7.696,7.811,3117
2024-02-24 16:00:00+00:00,7.811,7.835,7.7219999999999995,7.814,5154
2024-02-24 20:00:00+00:00,7.8149999999999995,7.867,7.758,7.861,3127
2024-02-25 00:00:00+00:00,7.861,7.876,7.74,7.804,3096
2024-02-25 04:00:00+00:00,7.804,7.835,7.6850000000000005,7.752,4167
2024-02-25 08:00:00+00:00,7.753,7.773,7.663,7.7059999999999995,2954
2024-02-25 12:00:00+00:00,7.7059999999999995,7.79,7.696,7.754,2411
2024-02-25 16:00:00+00:00,7.754,7.783,7.684,7.766,4783
2024-02-25 20:00:00+00:00,7.768,7.884,7.745,7.767,3749
2024-02-26 00:00:00+00:00,7.854,7.929,7.803,7.811,4771
2024-02-26 04:00:00+00:00,7.812,7.854,7.7780000000000005,7.832,2944
2024-02-26 08:00:00+00:00,7.832,7.878,7.589,7.611,6381
2024-02-26 12:00:00+00:00,7.612,7.691,7.552,7.652,4842
2024-02-26 16:00:00+00:00,7.652,8.069,7.643,7.989,8753
2024-02-26 20:00:00+00:00,7.99,8.083,7.926,8.031,7232
2024-02-27 00:00:00+00:00,8.055,8.168,8.005,8.119,5455
2024-02-27 04:00:00+00:00,8.119,8.134,8.016,8.127,7589
2024-02-27 08:00:00+00:00,8.126,8.156,8.022,8.115,5520
2024-02-27 12:00:00+00:00,8.114,8.197,8.005,8.175,7107
2024-02-27 16:00:00+00:00,8.175,8.238,7.9879999999999995,8.096,13010
2024-02-27 20:00:00+00:00,8.096,8.347,8.087,8.314,8933
2024-02-28 00:00:00+00:00,8.364,8.437,8.293,8.338,6671
2024-02-28 04:00:00+00:00,8.337,8.34,8.237,8.241,3926
2024-02-28 08:00:00+00:00,8.241,8.488,8.201,8.465,8753
2024-02-28 12:00:00+00:00,8.464,8.585,8.326,8.53,14197
2024-02-28 16:00:00+00:00,8.531,8.707,7.698,8.286,20596
2024-02-28 20:00:00+00:00,8.287,8.323,7.88,8.21,17462
2024-02-29 00:00:00+00:00,8.224,8.492,8.224,8.444,11442
2024-02-29 04:00:00+00:00,8.443,8.532,8.331,8.527,10546
2024-02-29 08:00:00+00:00,8.528,8.881,8.527,8.709,14346
2024-02-29 12:00:00+00:00,8.707,8.792,8.61,8.734,13505
2024-02-29 16:00:00+00:00,8.734,8.868,8.445,8.517,17669
2024-02-29 20:00:00+00:00,8.517,8.582,8.177,8.316,15199
2024-03-01 00:00:00+00:00,8.272,8.41,8.019,8.359,10723
2024-03-01 04:00:00+00:00,8.359,8.43,8.257,8.382,9455
2024-03-01 08:00:00+00:00,8.382,8.459,8.293,8.428,6898
2024-03-01 12:00:00+00:00,8.427,8.484,8.38,8.471,6955
2024-03-01 16:00:00+00:00,8.47,8.51,8.256,8.395,12583
2024-03-01 20:00:00+00:00,8.396,8.461,8.326,8.457,6635
2024-03-02 00:00:00+00:00,8.65,8.782,8.563,8.717,6763
2024-03-02 04:00:00+00:00,8.717,9.041,8.685,8.834,11366
2024-03-02 08:00:00+00:00,8.833,9.023,8.8,8.892,12819
2024-03-02 12:00:00+00:00,8.891,9.186,8.862,9.043,11588
2024-03-02 16:00:00+00:00,9.044,9.163,8.954,9.079,15107
2024-03-02 20:00:00+00:00,9.08,9.369,9.07,9.299,9620
2024-03-03 00:00:00+00:00,9.276,9.454,9.249,9.313,12168
2024-03-03 04:00:00+00:00,9.314,9.396,9.195,9.197,9105
2024-03-03 08:00:00+00:00,9.196,9.215,8.538,9.098,19734
2024-03-03 12:00:00+00:00,9.098,9.274000000000001,9.041,9.268,11228
2024-03-03 16:00:00+00:00,9.266,9.878,9.119,9.701,16890
2024-03-03 20:00:00+00:00,9.701,9.844,9.542,9.764,13551
2024-03-04 00:00:00+00:00,9.793,9.964,9.56,9.678,18137
2024-03-04 04:00:00+00:00,9.679,9.832,9.608,9.7,15976
2024-03-04 08:00:00+00:00,9.7,10.155,9.664,10.095,18299
2024-03-04 12:00:00+00:00,10.096,10.288,9.685,9.873,19759
2024-03-04 16:00:00+00:00,9.874,10.168,9.696,9.708,22910
2024-03-04 20:00:00+00:00,9.71,10.068,9.574,10.023,18836
2024-03-05 00:00:00+00:00,9.983,10.046,9.763,9.952,15194
2024-03-05 04:00:00+00:00,9.95,10.312,9.64,10.265,25088
2024-03-05 08:00:00+00:00,10.264,10.744,10.069,10.563,27752
2024-03-05 12:00:00+00:00,10.565,10.689,10.314,10.417,14854
2024-03-05 16:00:00+00:00,10.417,10.559,9.622,10.068,31204
2024-03-05 20:00:00+00:00,10.067,10.067,8.066,9.19,28639
2024-03-06 00:00:00+00:00,9.208,9.374,8.992,9.129,17845
2024-03-06 04:00:00+00:00,9.129,9.641,8.911,9.625,19418
2024-03-06 08:00:00+00:00,9.625,10.279,9.598,9.861,23701
2024-03-06 12:00:00+00:00,9.861,10.129,9.681000000000001,9.945,25412
2024-03-06 16:00:00+00:00,9.947,10.176,9.761,10.166,26981
2024-03-06 20:00:00+00:00,10.165,10.543,10.134,10.427,18554
2024-03-07 00:00:00+00:00,10.425,10.978,10.354,10.75,19404
2024-03-07 04:00:00+00:00,10.749,10.844,10.267,10.301,21920
2024-03-07 08:00:00+00:00,10.301,10.513,10.214,10.402,17230
2024-03-07 12:00:00+00:00,10.403,10.485,10.228,10.349,14954
2024-03-07 16:00:00+00:00,10.349,10.51,10.187,10.376,19873
2024-03-07 20:00:00+00:00,10.376,10.502,10.33,10.431,12855
2024-03-08 00:00:00+00:00,10.442,10.66,10.347,10.395,12283
2024-03-08 04:00:00+00:00,10.396,10.464,10.25,10.285,11322
2024-03-08 08:00:00+00:00,10.286,10.445,10.254,10.328,9921
2024-03-08 12:00:00+00:00,10.326,10.508,10.324,10.414,10818
2024-03-08 16:00:00+00:00,10.413,10.667,9.945,10.488,28296
2024-03-08 20:00:00+00:00,10.489,10.607,10.396,10.422,16829
2024-03-09 00:00:00+00:00,10.632,10.792,10.527,10.688,10883
2024-03-09 04:00:00+00:00,10.689,10.714,10.564,10.605,9333
2024-03-09 08:00:00+00:00,10.604,10.876,10.589,10.861,10308
2024-03-09 12:00:00+00:00,10.86,10.951,10.596,10.77,14780
2024-03-09 16:00:00+00:00,10.77,10.808,10.45,10.487,13600
2024-03-09 20:00:00+00:00,10.485,10.55,10.411,10.446,8847
2024-03-10 00:00:00+00:00,10.48,10.574,10.444,10.531,10071
2024-03-10 04:00:00+00:00,10.531,10.538,10.411,10.413,6366
2024-03-10 08:00:00+00:00,10.415,10.558,10.411,10.544,3387
2024-03-10 12:00:00+00:00,10.543,10.552,10.233,10.341,12685
2024-03-10 16:00:00+00:00,10.339,10.347,10.039,10.253,14568
2024-03-10 20:00:00+00:00,10.254,10.302,10.216,10.266,8078
2024-03-11 00:00:00+00:00,10.265,10.364,9.776,10.069,14804
2024-03-11 04:00:00+00:00,10.071,10.432,9.956,10.386,18282
2024-03-11 08:00:00+00:00,10.386,10.678,10.208,10.642,18715
2024-03-11 12:00:00+00:00,10.642,10.978,10.584,10.716,17077
2024-03-11 16:00:00+00:00,10.716,10.987,10.651,10.934,21906
2024-03-11 20:00:00+00:00,10.933,11.231,10.853,11.13,15954
2024-03-12 00:00:00+00:00,11.126,11.191,10.842,10.844,9934
2024-03-12 04:00:00+00:00,10.845,11.125,10.765,10.845,14415
2024-03-12 08:00:00+00:00,10.844,10.95,10.408,10.513,15764
2024-03-12 12:00:00+00:00,10.512,10.718,10.431,10.643,13743
2024-03-12 16:00:00+00:00,10.643,10.822,10.345,10.401,25059
2024-03-12 20:00:00+00:00,10.4,10.777,10.03,10.571,22578
2024-03-13 00:00:00+00:00,10.574,10.753,10.487,10.688,9438
2024-03-13 04:00:00+00:00,10.686,10.933,10.654,10.867,9701
2024-03-13 08:00:00+00:00,10.868,11.163,10.809,11.162,11531
2024-03-13 12:00:00+00:00,11.164,11.3,10.923,10.938,13021
2024-03-13 16:00:00+00:00,10.938,10.998,10.619,10.812,19657
2024-03-13 20:00:00+00:00,10.811,11.049,10.763,10.937,11434
2024-03-14 00:00:00+00:00,10.94,11.374,10.884,11.248,12848
2024-03-14 04:00:00+00:00,11.247,11.281,10.953,11.017,16071
2024-03-14 08:00:00+00:00,11.017,11.368,10.999,11.222,14136
2024-03-14 12:00:00+00:00,11.225,11.856,11.222,11.542,24548
2024-03-14 16:00:00+00:00,11.544,11.626,10.983,11.447,31832
2024-03-14 20:00:00+00:00,11.446,11.608,10.647,11.203,27879
2024-03-15 00:00:00+00:00,11.143,11.677,11.106,11.519,15572
2024-03-15 04:00:00+00:00,11.519,11.531,10.355,10.497,31169
2024-03-15 08:00:00+00:00,10.498,10.896,10.223,10.232,26839
2024-03-15 12:00:00+00:00,10.234,10.461,9.951,10.336,29554
2024-03-15 16:00:00+00:00,10.336,10.528,10.236,10.271,24663
2024-03-15 20:00:00+00:00,10.269,11.005,10.203,10.453,27014
2024-03-16 00:00:00+00:00,10.619,10.877,10.554,10.723,12309
2024-03-16 04:00:00+00:00,10.721,10.796,10.542,10.577,16938
2024-03-16 08:00:00+00:00,10.577,10.688,10.389,10.655,9224
2024-03-16 12:00:00+00:00,10.327,10.359,10.182,10.206,6419
2024-03-16 16:00:00+00:00,10.208,10.284,10.049,10.232,23525
2024-03-16 20:00:00+00:00,10.232,10.266,9.695,9.902,30533
2024-03-17 00:00:00+00:00,9.889,9.893,9.478,9.496,22377
2024-03-17 04:00:00+00:00,9.495,9.833,9.495,9.757,17499
2024-03-17 08:00:00+00:00,9.758,9.787,9.172,9.693,17967
2024-03-17 12:00:00+00:00,9.693999999999999,9.906,9.632,9.684,19488
2024-03-17 16:00:00+00:00,9.685,10.049,9.684,9.958,19927
2024-03-17 20:00:00+00:00,9.959,10.217,9.933,10.035,13346
2024-03-18 00:00:00+00:00,10.054,10.223,9.784,9.788,12966
2024-03-18 04:00:00+00:00,9.786,10.105,9.693999999999999,10.045,15763
2024-03-18 08:00:00+00:00,10.046,10.426,9.972,10.299,16563
2024-03-18 12:00:00+00:00,10.299,10.385,10.0,10.156,22370
2024-03-18 16:00:00+00:00,10.157,10.174,9.675,9.729,27406
2024-03-18 20:00:00+00:00,9.73,9.889,9.58,9.814,23196
2024-03-19 00:00:00+00:00,9.868,10.012,9.558,9.593,17899
2024-03-19 04:00:00+00:00,9.596,9.605,9.199,9.213,28404
2024-03-19 08:00:00+00:00,9.213,9.315,8.781,8.825,31058
2024-03-19 12:00:00+00:00,8.825,9.196,8.68,9.119,29822
2024-03-19 16:00:00+00:00,9.12,9.228,8.927,9.136,26264
2024-03-19 20:00:00+00:00,9.137,9.25,8.972,9.011,17427
2024-03-20 00:00:00+00:00,8.984,9.026,8.577,8.938,21799
2024-03-20 04:00:00+00:00,8.939,8.962,8.547,8.645,23329
2024-03-20 08:00:00+00:00,8.645,9.122,8.468,9.014,21171
2024-03-20 12:00:00+00:00,9.013,9.339,9.01,9.23,16538
2024-03-20 16:00:00+00:00,9.231,9.232,8.538,8.724,21622
2024-03-20 20:00:00+00:00,8.725999999999999,9.548,8.678,9.423,25191
2024-03-21 00:00:00+00:00,9.406,9.538,9.359,9.456,13609
2024-03-21 04:00:00+00:00,9.456,9.561,9.31,9.343,15350
2024-03-21 08:00:00+00:00,9.342,9.446,9.177,9.409,15056
2024-03-21 12:00:00+00:00,9.409,9.447,9.271,9.286,13165
2024-03-21 16:00:00+00:00,9.286,9.453,9.203,9.446,17127
2024-03-21 20:00:00+00:00,9.446,9.508,9.044,9.255,21447
2024-03-22 00:00:00+00:00,9.223,9.295,9.076,9.156,10002
2024-03-22 04:00:00+00:00,9.156,9.271,8.996,9.24,13713
2024-03-22 08:00:00+00:00,9.24,9.346,9.198,9.204,10711
2024-03-22 12:00:00+00:00,9.204,9.26,8.983,9.014,14658
2024-03-22 16:00:00+00:00,9.014,9.041,8.698,8.824,23404
2024-03-22 20:00:00+00:00,8.824,8.959,8.799,8.821,11953
2024-03-23 00:00:00+00:00,8.735,8.935,8.693,8.917,7618
2024-03-23 04:00:00+00:00,8.917,9.083,8.835,8.952,10823
2024-03-23 08:00:00+00:00,8.952,9.087,8.925,9.037,8160
2024-03-23 12:00:00+00:00,9.038,9.097,8.98,9.095,6448
2024-03-23 16:00:00+00:00,9.096,9.197,9.045,9.123,9340
2024-03-23 20:00:00+00:00,9.124,9.17,9.073,9.077,6894
2024-03-24 00:00:00+00:00,9.058,9.108,8.939,9.082,6220
2024-03-24 04:00:00+00:00,9.085,9.119,8.939,9.014,8482
2024-03-24 08:00:00+00:00,9.014,9.167,8.995,9.156,7341
2024-03-24 12:00:00+00:00,9.156,9.233,9.097,9.219,6546
2024-03-24 16:00:00+00:00,9.219,9.246,9.126,9.139,7137
2024-03-24 20:00:00+00:00,9.138,9.313,9.039,9.284,8249
2024-03-25 00:00:00+00:00,9.285,9.411,9.266,9.287,7972
2024-03-25 04:00:00+00:00,9.286,9.461,9.273,9.454,7030
2024-03-25 08:00:00+00:00,9.454,9.489,9.322,9.4,6502
2024-03-25 12:00:00+00:00,9.4,9.533,9.369,9.456,8335
2024-03-25 16:00:00+00:00,9.455,9.77,9.31,9.757,15198
2024-03-25 20:00:00+00:00,9.757,9.809,9.691,9.794,8217
2024-03-26 00:00:00+00:00,9.779,9.866,9.624,9.808,8136
2024-03-26 04:00:00+00:00,9.806000000000001,9.951,9.779,9.95,5902
2024-03-26 08:00:00+00:00,9.95,10.058,9.858,9.954,9081
2024-03-26 12:00:00+00:00,9.954,10.039,9.865,9.936,8800
2024-03-26 16:00:00+00:00,9.936,9.947,9.583,9.625,26347
2024-03-26 20:00:00+00:00,9.624,9.7,9.527,9.638,14372
2024-03-27 00:00:00+00:00,9.654,9.771,9.58,9.765,9653
2024-03-27 04:00:00+00:00,9.765,9.796,9.638,9.672,9587
2024-03-27 08:00:00+00:00,9.671,9.727,9.431,9.448,12176
2024-03-27 12:00:00+00:00,9.448,9.654,9.37,9.614,14720
2024-03-27 16:00:00+00:00,9.614,9.814,9.31,9.488,30903
2024-03-27 20:00:00+00:00,9.488,9.565,9.31,9.444,14488
2024-03-28 00:00:00+00:00,9.451,9.519,9.397,9.485,9737
2024-03-28 04:00:00+00:00,9.485,9.501,9.299,9.475,13876
2024-03-28 08:00:00+00:00,9.475,9.662,9.433,9.612,10078
2024-03-28 12:00:00+00:00,9.612,9.651,9.431,9.504,12997
2024-03-28 16:00:00+00:00,9.504,9.617,9.419,9.513,17277
2024-03-28 20:00:00+00:00,9.513,9.544,9.438,9.533,9704
2024-03-29 00:00:00+00:00,9.54,9.584,9.441,9.493,8827
2024-03-29 04:00:00+00:00,9.493,9.55,9.363,9.425,11787
2024-03-29 08:00:00+00:00,9.425,9.614,9.343,9.464,14507
2024-03-29 12:00:00+00:00,9.464,9.625,9.385,9.606,11234
2024-03-29 16:00:00+00:00,9.606,9.814,9.505,9.521,19367
2024-03-29 20:00:00+00:00,9.522,9.597,9.47,9.497,10675
2024-03-30 00:00:00+00:00,9.507,9.639,9.505,9.631,3766
2024-03-30 04:00:00+00:00,9.631,9.685,9.549,9.626,4609
2024-03-30 08:00:00+00:00,9.626,9.69,9.463,9.503,5983
2024-03-30 12:00:00+00:00,9.503,9.604,9.487,9.563,4210
2024-03-30 16:00:00+00:00,9.563,9.563,9.459,9.532,4961
2024-03-30 20:00:00+00:00,9.531,9.531,9.409,9.473,4443
2024-03-31 00:00:00+00:00,9.482,9.487,9.379,9.454,4686
2024-03-31 04:00:00+00:00,9.454,9.51,9.415,9.474,3944
2024-03-31 08:00:00+00:00,9.474,9.568,9.463,9.538,3309
2024-03-31 12:00:00+00:00,9.538,9.589,9.527,9.556000000000001,3000
2024-03-31 16:00:00+00:00,9.556000000000001,9.594,9.541,9.553,3348
2024-03-31 20:00:00+00:00,9.552,9.579,9.491,9.551,3194
2024-04-01 00:00:00+00:00,9.545,9.644,9.522,9.612,3607
2024-04-01 04:00:00+00:00,9.612,9.729,9.584,9.649000000000001,6068
2024-04-01 08:00:00+00:00,9.65,9.683,9.096,9.232,13025
2024-04-01 12:00:00+00:00,9.233,9.276,9.166,9.265,6416
2024-04-01 16:00:00+00:00,9.265,9.344,8.936,9.011,16076
2024-04-01 20:00:00+00:00,9.011,9.16,8.913,9.154,8052
2024-04-02 00:00:00+00:00,9.125,9.185,9.02,9.051,4645
2024-04-02 04:00:00+00:00,9.052,9.118,8.598,8.735,15183
2024-04-02 08:00:00+00:00,8.735,8.852,8.586,8.608,10094
2024-04-02 12:00:00+00:00,8.608,8.683,8.341,8.499,16948
2024-04-02 16:00:00+00:00,8.499,8.6,8.361,8.536,15760
2024-04-02 20:00:00+00:00,8.536,8.664,8.493,8.606,8241
2024-04-03 00:00:00+00:00,8.591,8.656,8.328,8.551,8503
2024-04-03 04:00:00+00:00,8.551,8.687,8.459,8.657,9273
2024-04-03 08:00:00+00:00,8.656,8.751,8.591,8.734,5777
2024-04-03 12:00:00+00:00,8.734,8.772,8.594,8.615,8139
2024-04-03 16:00:00+00:00,8.614,8.749,8.511,8.533,13202
2024-04-03 20:00:00+00:00,8.533,8.552,8.318,8.364,8704
2024-04-04 00:00:00+00:00,8.31,8.519,8.276,8.509,6053
2024-04-04 04:00:00+00:00,8.509,8.542,8.254,8.342,9433
2024-04-04 08:00:00+00:00,8.342,8.5,8.34,8.492,6874
2024-04-04 12:00:00+00:00,8.493,8.54,8.444,8.518,4683
2024-04-04 16:00:00+00:00,8.519,8.658,8.518,8.617,8819
2024-04-04 20:00:00+00:00,8.617,8.704,8.357,8.449,10875
2024-04-05 00:00:00+00:00,8.464,8.501,8.39,8.501,4830
2024-04-05 04:00:00+00:00,8.501,8.503,8.274000000000001,8.338,8599
2024-04-05 08:00:00+00:00,8.337,8.395,8.196,8.284,8921
2024-04-05 12:00:00+00:00,8.284,8.284,8.069,8.234,13971
2024-04-05 16:00:00+00:00,8.234,8.413,8.186,8.375,11205
2024-04-05 20:00:00+00:00,8.374,8.435,8.31,8.404,6184
2024-04-06 00:00:00+00:00,8.386,8.413,8.326,8.377,3353
2024-04-06 04:00:00+00:00,8.377,8.445,8.352,8.437,4430
2024-04-06 08:00:00+00:00,8.437,8.466,8.396,8.463,3592
2024-04-06 12:00:00+00:00,8.463,8.488,8.365,8.388,3600
2024-04-06 16:00:00+00:00,8.388,8.465,8.321,8.451,4960
2024-04-06 20:00:00+00:00,8.449,8.473,8.384,8.432,3222
2024-04-07 00:00:00+00:00,8.44,8.543,8.433,8.507,4126
2024-04-07 04:00:00+00:00,8.507,8.658,8.502,8.609,4860
2024-04-07 08:00:00+00:00,8.609,8.66,8.589,8.633,2890
2024-04-07 12:00:00+00:00,8.632,8.681000000000001,8.575,8.656,2831
2024-04-07 16:00:00+00:00,8.655,8.732,8.623,8.678,6081
2024-04-07 20:00:00+00:00,8.678,8.683,8.521,8.586,4681
2024-04-08 00:00:00+00:00,8.588,8.702,8.548,8.642,4181
2024-04-08 04:00:00+00:00,8.642,8.7,8.557,8.583,5191
2024-04-08 08:00:00+00:00,8.583,8.905,8.582,8.879,7075
2024-04-08 12:00:00+00:00,8.878,8.994,8.87,8.949,7302
2024-04-08 16:00:00+00:00,8.949,9.082,8.933,9.061,8286
2024-04-08 20:00:00+00:00,9.061,9.063,8.942,8.987,4121
2024-04-09 00:00:00+00:00,8.992,9.096,8.991,9.007,4256
2024-04-09 04:00:00+00:00,9.006,9.08,8.92,9.006,5872
2024-04-09 08:00:00+00:00,9.006,9.063,8.711,8.879,10385
2024-04-09 12:00:00+00:00,8.879,9.086,8.832,9.055,6072
2024-04-09 16:00:00+00:00,9.055,9.064,8.633,8.817,15353
2024-04-09 20:00:00+00:00,8.817,8.92,8.735,8.761,7354
2024-04-10 00:00:00+00:00,8.744,8.765,8.616,8.641,5055
2024-04-10 04:00:00+00:00,8.642,8.646,8.39,8.51,12075
2024-04-10 08:00:00+00:00,8.51,8.606,8.429,8.461,6075
2024-04-10 12:00:00+00:00,8.46,8.488,8.115,8.246,11911
2024-04-10 16:00:00+00:00,8.246,8.404,8.174,8.392,11508
2024-04-10 20:00:00+00:00,8.392,8.423,8.225,8.353,8554
2024-04-11 00:00:00+00:00,8.352,8.472,8.337,8.385,4403
2024-04-11 04:00:00+00:00,8.384,8.428,8.33,8.369,5177
2024-04-11 08:00:00+00:00,8.368,8.51,8.355,8.487,5023
2024-04-11 12:00:00+00:00,8.489,8.49,8.219,8.324,8885
2024-04-11 16:00:00+00:00,8.324,8.350999999999999,8.17,8.258,11820
2024-04-11 20:00:00+00:00,8.258,8.335,8.22,8.32,5598
2024-04-12 00:00:00+00:00,8.293,8.434,8.24,8.425,4338
2024-04-12 04:00:00+00:00,8.424,8.479,8.401,8.46,4405
2024-04-12 08:00:00+00:00,8.459,8.479,8.308,8.339,4984
2024-04-12 12:00:00+00:00,8.34,8.451,8.258,8.273,5694
2024-04-12 16:00:00+00:00,8.271,8.271,7.998,8.055,12627
2024-04-12 20:00:00+00:00,8.054,8.055,6.364,7.088,25448
2024-04-13 00:00:00+00:00,7.189,7.299,7.128,7.231,7786
2024-04-13 04:00:00+00:00,7.232,7.27,6.953,7.2620000000000005,13699
2024-04-13 08:00:00+00:00,7.2620000000000005,7.322,7.1370000000000005,7.151,7803
2024-04-13 12:00:00+00:00,7.151,7.322,7.134,7.208,8309
2024-04-13 16:00:00+00:00,7.208,7.234,6.892,6.928,12571
2024-04-13 20:00:00+00:00,6.927,6.933,5.698,5.941,29676
2024-04-14 00:00:00+00:00,6.04,6.495,5.516,6.251,25088
2024-04-14 04:00:00+00:00,6.252,6.575,6.187,6.542,19714
2024-04-14 08:00:00+00:00,6.542,6.813,6.521,6.75,14283
2024-04-14 12:00:00+00:00,6.749,6.7940000000000005,6.563,6.64,14321
2024-04-14 16:00:00+00:00,6.64,6.731,6.43,6.624,19060
2024-04-14 20:00:00+00:00,6.624,6.6899999999999995,6.356,6.524,18032
2024-04-15 00:00:00+00:00,6.525,6.922,6.479,6.74,12559
2024-04-15 04:00:00+00:00,6.74,6.7940000000000005,6.662,6.725,11868
2024-04-15 08:00:00+00:00,6.726,7.171,6.725,7.102,13118
2024-04-15 12:00:00+00:00,7.102,7.206,7.045,7.114,10812
2024-04-15 16:00:00+00:00,7.115,7.163,6.73,6.74,20497
2024-04-15 20:00:00+00:00,6.741,6.848,6.429,6.631,19841
2024-04-16 00:00:00+00:00,6.661,6.757,6.557,6.6129999999999995,7825
2024-04-16 04:00:00+00:00,6.614,6.746,6.421,6.503,14047
2024-04-16 08:00:00+00:00,6.503,6.8149999999999995,6.47,6.72,10676
2024-04-16 12:00:00+00:00,6.72,6.795,6.467,6.583,16049
2024-04-16 16:00:00+00:00,6.583,6.621,6.364,6.548,20972
2024-04-16 20:00:00+00:00,6.548,6.665,6.517,6.636,14031
2024-04-17 00:00:00+00:00,6.654,6.749,6.648,6.694,5557
2024-04-17 04:00:00+00:00,6.693,6.771,6.6129999999999995,6.734,7822
2024-04-17 08:00:00+00:00,6.733,6.736,6.591,6.625,7958
2024-04-17 12:00:00+00:00,6.625,6.674,6.462,6.517,7042
2024-04-17 16:00:00+00:00,6.518,6.608,6.313,6.39,19721
2024-04-17 20:00:00+00:00,6.391,6.727,6.384,6.552,12327
2024-04-18 00:00:00+00:00,6.557,6.695,6.438,6.568,8300
2024-04-18 04:00:00+00:00,6.568,6.714,6.562,6.646,12156
2024-04-18 08:00:00+00:00,6.646,6.695,6.464,6.573,11593
2024-04-18 12:00:00+00:00,6.572,6.741,6.557,6.619,10961
2024-04-18 16:00:00+00:00,6.62,6.79,6.561,6.7219999999999995,13060
2024-04-18 20:00:00+00:00,6.721,6.768,6.607,6.761,8426
2024-04-19 00:00:00+00:00,6.772,6.821,6.699,6.701,4957
2024-04-19 04:00:00+00:00,6.701,6.704,6.264,6.557,18608
2024-04-19 08:00:00+00:00,6.557,6.85,6.473,6.779,14924
2024-04-19 12:00:00+00:00,6.78,6.913,6.76,6.774,9665
2024-04-19 16:00:00+00:00,6.773,6.825,6.68,6.772,12506
2024-04-19 20:00:00+00:00,6.772,6.821,6.698,6.707,8268
2024-04-20 00:00:00+00:00,6.761,6.793,6.571,6.635,9705
2024-04-20 04:00:00+00:00,6.633,6.788,6.6,6.754,8989
2024-04-20 08:00:00+00:00,6.753,6.829,6.73,6.781,4726
2024-04-20 12:00:00+00:00,6.781,6.789,6.703,6.76,5613
2024-04-20 16:00:00+00:00,6.759,7.054,6.756,7.018,7825
2024-04-20 20:00:00+00:00,7.02,7.2620000000000005,7.016,7.226,9893
2024-04-21 00:00:00+00:00,7.24,7.274,7.129,7.157,5625
2024-04-21 04:00:00+00:00,7.158,7.283,7.155,7.198,7750
2024-04-21 08:00:00+00:00,7.199,7.23,7.141,7.188,3970
2024-04-21 12:00:00+00:00,7.17,7.206,7.11,7.125,3010
2024-04-21 16:00:00+00:00,7.123,7.143,6.953,7.038,9172
2024-04-21 20:00:00+00:00,7.038,7.148,6.996,7.141,5349
2024-04-22 00:00:00+00:00,7.184,7.205,7.094,7.126,5660
2024-04-22 04:00:00+00:00,7.126,7.317,7.085,7.295,11977
2024-04-22 08:00:00+00:00,7.296,7.522,7.29,7.421,9268
2024-04-22 12:00:00+00:00,7.422,7.572,7.395,7.428,8317
2024-04-22 16:00:00+00:00,7.428,7.474,7.337,7.396,11173
2024-04-22 20:00:00+00:00,7.397,7.525,7.384,7.4879999999999995,6762
2024-04-23 00:00:00+00:00,7.497,7.554,7.448,7.493,5018
2024-04-23 04:00:00+00:00,7.493,7.496,7.339,7.369,5799
2024-04-23 08:00:00+00:00,7.368,7.473,7.302,7.414,7794
2024-04-23 12:00:00+00:00,7.415,7.444,7.291,7.379,4769
2024-04-23 16:00:00+00:00,7.378,7.534,7.311,7.388,10076
2024-04-23 20:00:00+00:00,7.3870000000000005,7.416,7.297,7.327,5527
2024-04-24 00:00:00+00:00,7.32,7.331,7.184,7.266,4520
2024-04-24 04:00:00+00:00,7.266,7.411,7.211,7.405,5891
2024-04-24 08:00:00+00:00,7.405,7.469,7.352,7.467,6470
2024-04-24 12:00:00+00:00,7.467,7.479,7.312,7.314,7104
2024-04-24 16:00:00+00:00,7.314,7.316,6.948,7.022,19410
2024-04-24 20:00:00+00:00,7.022,7.117,6.947,6.983,10314
2024-04-25 00:00:00+00:00,6.967,7.009,6.843,6.957,7214
2024-04-25 04:00:00+00:00,6.957,6.99,6.82,6.943,10097
2024-04-25 08:00:00+00:00,6.943,6.969,6.814,6.839,6586
2024-04-25 12:00:00+00:00,6.84,6.891,6.723,6.741,9766
2024-04-25 16:00:00+00:00,6.741,6.928,6.689,6.91,11007
2024-04-25 20:00:00+00:00,6.91,6.957,6.894,6.943,5602
2024-04-26 00:00:00+00:00,6.931,6.969,6.752,6.799,4842
2024-04-26 04:00:00+00:00,6.8,6.884,6.72,6.839,10431
2024-04-26 08:00:00+00:00,6.839,6.913,6.8149999999999995,6.842,6108
2024-04-26 12:00:00+00:00,6.843,6.936,6.822,6.848,6500
2024-04-26 16:00:00+00:00,6.849,6.939,6.707,6.798,11228
2024-04-26 20:00:00+00:00,6.799,6.884,6.78,6.848,4122
2024-04-27 00:00:00+00:00,6.811,6.83,6.649,6.71,4895
2024-04-27 04:00:00+00:00,6.71,6.756,6.485,6.744,10717
2024-04-27 08:00:00+00:00,6.744,6.752,6.617,6.638,4645
2024-04-27 12:00:00+00:00,6.639,6.682,6.573,6.632,4722
2024-04-27 16:00:00+00:00,6.633,6.713,6.6129999999999995,6.6370000000000005,4995
2024-04-27 20:00:00+00:00,6.636,6.851,6.636,6.777,7681
2024-04-28 00:00:00+00:00,6.775,6.854,6.672,6.838,3207
2024-04-28 04:00:00+00:00,6.839,6.9350000000000005,6.819,6.878,4093
2024-04-28 08:00:00+00:00,6.878,6.932,6.868,6.911,2336
2024-04-28 12:00:00+00:00,6.873,6.883,6.788,6.821,3034
2024-04-28 16:00:00+00:00,6.821,6.885,6.811,6.865,5197
2024-04-28 20:00:00+00:00,6.864,6.9030000000000005,6.827,6.8629999999999995,3427
2024-04-29 00:00:00+00:00,6.853,6.87,6.677,6.774,6900
2024-04-29 04:00:00+00:00,6.773,6.813,6.628,6.707,8815
2024-04-29 08:00:00+00:00,6.707,6.707,6.495,6.517,8385
2024-04-29 12:00:00+00:00,6.517,6.556,6.452,6.55,6690
2024-04-29 16:00:00+00:00,6.552,6.629,6.47,6.55,9753
2024-04-29 20:00:00+00:00,6.55,6.601,6.506,6.543,5797
2024-04-30 00:00:00+00:00,6.545,6.657,6.487,6.641,6540
2024-04-30 04:00:00+00:00,6.641,6.644,6.45,6.546,7742
2024-04-30 08:00:00+00:00,6.546,6.594,6.352,6.382,7693
2024-04-30 12:00:00+00:00,6.383,6.431,6.142,6.214,13405
2024-04-30 16:00:00+00:00,6.216,6.27,6.028,6.13,12909
2024-04-30 20:00:00+00:00,6.13,6.187,6.052,6.171,10551
2024-05-01 00:00:00+00:00,6.184,6.479,6.175,6.397,9941
2024-05-01 04:00:00+00:00,6.396,6.5280000000000005,6.323,6.51,9018
2024-05-01 08:00:00+00:00,6.51,6.543,6.11,6.27,17421
2024-05-01 12:00:00+00:00,6.27,6.609,6.257,6.587,13348
2024-05-01 16:00:00+00:00,6.587,6.631,6.418,6.448,15411
2024-05-01 20:00:00+00:00,6.447,6.914,6.428,6.771,23348
2024-05-02 00:00:00+00:00,6.784,6.932,6.734,6.788,10873
2024-05-02 04:00:00+00:00,6.788,6.891,6.678,6.854,10746
2024-05-02 08:00:00+00:00,6.854,6.924,6.813,6.878,8658
2024-05-02 12:00:00+00:00,6.879,7.088,6.873,6.979,10031
2024-05-02 16:00:00+00:00,6.979,7.052,6.881,7.012,9903
2024-05-02 20:00:00+00:00,7.013,7.368,7.013,7.279,9365
2024-05-03 00:00:00+00:00,7.3,7.4,7.222,7.241,6585
2024-05-03 04:00:00+00:00,7.241,7.312,7.164,7.212,7287
2024-05-03 08:00:00+00:00,7.212,7.248,7.016,7.022,6118
2024-05-03 12:00:00+00:00,7.021,7.228,6.994,7.156,8509
2024-05-03 16:00:00+00:00,7.156,7.274,7.139,7.27,8852
2024-05-03 20:00:00+00:00,7.266,7.381,7.207,7.321,3432
2024-05-04 00:00:00+00:00,7.286,7.298,7.154,7.197,3090
2024-05-04 04:00:00+00:00,7.197,7.229,7.13,7.182,4636
2024-05-04 08:00:00+00:00,7.182,7.195,7.127,7.155,2975
2024-05-04 12:00:00+00:00,7.154,7.21,7.098,7.196,4236
2024-05-04 16:00:00+00:00,7.197,7.202,7.124,7.177,4112
2024-05-04 20:00:00+00:00,7.176,7.194,7.135,7.158,2608
2024-05-05 00:00:00+00:00,7.152,7.17,7.058,7.122,3039
2024-05-05 04:00:00+00:00,7.122,7.134,7.03,7.07,4891
2024-05-05 08:00:00+00:00,7.069,7.129,7.016,7.113,2861
2024-05-05 12:00:00+00:00,7.113,7.115,7.027,7.041,3114
2024-05-05 16:00:00+00:00,7.042,7.317,7.008,7.236,6753
2024-05-05 20:00:00+00:00,7.237,7.338,7.191,7.337,4369
2024-05-06 00:00:00+00:00,7.319,7.391,7.241,7.297,4103
2024-05-06 04:00:00+00:00,7.297,7.323,7.213,7.269,4433
2024-05-06 08:00:00+00:00,7.269,7.452,7.255,7.367,6145
2024-05-06 12:00:00+00:00,7.367,7.462,7.104,7.165,9146
2024-05-06 16:00:00+00:00,7.165,7.235,7.051,7.118,9556
2024-05-06 20:00:00+00:00,7.118,7.232,7.114,7.207,6667
2024-05-07 00:00:00+00:00,7.204,7.213,7.074,7.107,3451
2024-05-07 04:00:00+00:00,7.108,7.185,7.013,7.113,6427
2024-05-07 08:00:00+00:00,7.113,7.258,7.063,7.25,5976
2024-05-07 12:00:00+00:00,7.251,7.284,7.119,7.175,5468
2024-05-07 16:00:00+00:00,7.174,7.26,7.12,7.182,7290
2024-05-07 20:00:00+00:00,7.182,7.183,7.084,7.117,4691
2024-05-08 00:00:00+00:00,7.121,7.15,6.908,6.993,7349
2024-05-08 04:00:00+00:00,6.993,7.097,6.976,7.015,5700
2024-05-08 08:00:00+00:00,7.014,7.117,6.974,7.074,7705
2024-05-08 12:00:00+00:00,7.075,7.086,6.883,6.929,7017
2024-05-08 16:00:00+00:00,6.93,7.177,6.906,7.13,10577
2024-05-08 20:00:00+00:00,7.13,7.158,6.917,6.951,8816
2024-05-09 00:00:00+00:00,6.955,7.052,6.925,7.024,5630
2024-05-09 04:00:00+00:00,7.025,7.056,6.964,7.012,4395
2024-05-09 08:00:00+00:00,7.013,7.041,6.845,6.914,5177
2024-05-09 12:00:00+00:00,6.913,6.925,6.771,6.874,7420
2024-05-09 16:00:00+00:00,6.874,7.01,6.819,6.949,8637
2024-05-09 20:00:00+00:00,6.949,7.054,6.9350000000000005,7.016,4880
2024-05-10 00:00:00+00:00,7.021,7.079,6.99,7.012,4255
2024-05-10 04:00:00+00:00,7.012,7.138,6.989,7.109,3954
2024-05-10 08:00:00+00:00,7.109,7.122,7.043,7.089,4422
2024-05-10 12:00:00+00:00,7.089,7.125,7.051,7.073,3629
2024-05-10 16:00:00+00:00,7.074,7.081,6.741,6.846,13998
2024-05-10 20:00:00+00:00,6.845,6.854,6.735,6.78,8525
2024-05-11 00:00:00+00:00,6.786,6.793,6.683,6.735,2784
2024-05-11 04:00:00+00:00,6.734,6.797,6.7,6.712,3734
2024-05-11 08:00:00+00:00,6.712,6.781,6.694,6.699,3238
2024-05-11 12:00:00+00:00,6.699,6.71,6.621,6.693,4180
2024-05-11 16:00:00+00:00,6.693,6.775,6.679,6.696,5285
2024-05-11 20:00:00+00:00,6.697,6.728,6.664,6.709,3135
2024-05-12 00:00:00+00:00,6.695,6.7059999999999995,6.64,6.649,1934
2024-05-12 04:00:00+00:00,6.681,6.71,6.675,6.7059999999999995,838
2024-05-12 08:00:00+00:00,6.7059999999999995,6.707,6.627,6.674,2256
2024-05-12 12:00:00+00:00,6.675,6.736,6.654,6.727,3174
2024-05-12 16:00:00+00:00,6.727,6.7780000000000005,6.705,6.705,3752
2024-05-12 20:00:00+00:00,6.705,6.736,6.6530000000000005,6.664,2900
2024-05-13 00:00:00+00:00,6.6530000000000005,6.675,6.575,6.643,3227
2024-05-13 04:00:00+00:00,6.642,6.647,6.421,6.457,11343
2024-05-13 08:00:00+00:00,6.457,6.761,6.447,6.729,7907
2024-05-13 12:00:00+00:00,6.73,6.774,6.661,6.704,5921
2024-05-13 16:00:00+00:00,6.704,6.814,6.681,6.789,7396
2024-05-13 20:00:00+00:00,6.79,6.797,6.63,6.686,6029
2024-05-14 00:00:00+00:00,6.6850000000000005,6.689,6.627,6.647,3450
2024-05-14 04:00:00+00:00,6.647,6.687,6.594,6.618,5390
2024-05-14 08:00:00+00:00,6.618,6.656,6.477,6.5969999999999995,7549
2024-05-14 12:00:00+00:00,6.5969999999999995,6.674,6.567,6.625,5566
2024-05-14 16:00:00+00:00,6.625,6.676,6.52,6.604,10965
2024-05-14 20:00:00+00:00,6.605,6.606,6.486,6.523,5679
2024-05-15 00:00:00+00:00,6.52,6.539,6.448,6.473,3441
2024-05-15 04:00:00+00:00,6.474,6.527,6.47,6.491,3864
2024-05-15 08:00:00+00:00,6.492,6.635,6.453,6.571,4448
2024-05-15 12:00:00+00:00,6.571,6.823,6.476,6.772,10209
2024-05-15 16:00:00+00:00,6.772,6.932,6.764,6.879,11898
2024-05-15 20:00:00+00:00,6.879,7.022,6.877,6.973,7101
2024-05-16 00:00:00+00:00,6.984,6.989,6.921,6.957,4850
2024-05-16 04:00:00+00:00,6.957,7.011,6.9190000000000005,6.973,4060
2024-05-16 08:00:00+00:00,6.9719999999999995,6.979,6.911,6.9190000000000005,3131
2024-05-16 12:00:00+00:00,6.9190000000000005,6.9399999999999995,6.804,6.849,5867
2024-05-16 16:00:00+00:00,6.849,6.973,6.8100000000000005,6.9559999999999995,10078
2024-05-16 20:00:00+00:00,6.9559999999999995,6.991,6.879,6.9030000000000005,5811
2024-05-17 00:00:00+00:00,6.896,7.062,6.88,7.057,3789
2024-05-17 04:00:00+00:00,7.057,7.108,6.99,7.044,5150
2024-05-17 08:00:00+00:00,7.045,7.289,7.014,7.249,7302
2024-05-17 12:00:00+00:00,7.249,7.2620000000000005,7.16,7.233,4802
2024-05-17 16:00:00+00:00,7.234,7.264,7.13,7.225,7173
2024-05-17 20:00:00+00:00,7.225,7.251,7.17,7.172,3785
2024-05-18 00:00:00+00:00,7.189,7.197,7.165,7.169,1879
2024-05-18 04:00:00+00:00,7.169,7.221,7.141,7.174,3729
2024-05-18 08:00:00+00:00,7.174,7.22,7.146,7.197,2518
2024-05-18 12:00:00+00:00,7.197,7.2,7.107,7.113,3312
2024-05-18 16:00:00+00:00,7.113,7.145,7.055,7.117,4975
2024-05-18 20:00:00+00:00,7.117,7.177,7.114,7.151,2248
2024-05-19 00:00:00+00:00,7.156,7.157,7.109,7.117,1730
2024-05-19 04:00:00+00:00,7.117,7.172,7.104,7.121,2681
2024-05-19 08:00:00+00:00,7.121,7.125,7.061,7.069,2481
2024-05-19 12:00:00+00:00,7.068,7.114,6.997,7.008,5550
2024-05-19 16:00:00+00:00,7.009,7.03,6.946,6.96,5813
2024-05-19 20:00:00+00:00,6.959,7.001,6.905,6.948,4342
2024-05-20 00:00:00+00:00,6.941,6.957,6.879,6.927,3172
2024-05-20 04:00:00+00:00,6.928,7.03,6.842,7.006,5976
2024-05-20 08:00:00+00:00,7.006,7.06,6.868,7.035,6433
2024-05-20 12:00:00+00:00,7.035,7.056,6.961,6.967,4321
2024-05-20 16:00:00+00:00,6.968,7.139,6.943,7.11,6575
2024-05-20 20:00:00+00:00,7.11,7.449,7.082,7.413,13599
2024-05-21 00:00:00+00:00,7.389,7.649,7.352,7.564,10124
2024-05-21 04:00:00+00:00,7.563,7.576,7.446,7.456,6959
2024-05-21 08:00:00+00:00,7.456,7.567,7.418,7.5649999999999995,5189
2024-05-21 12:00:00+00:00,7.566,7.587,7.508,7.527,7862
2024-05-21 16:00:00+00:00,7.527,7.659,7.486,7.586,12622
2024-05-21 20:00:00+00:00,7.586,7.644,7.475,7.567,8666
2024-05-22 00:00:00+00:00,7.569,7.686,7.519,7.624,4636
2024-05-22 04:00:00+00:00,7.624,7.686,7.447,7.52,5400
2024-05-22 08:00:00+00:00,7.52,7.671,7.493,7.5969999999999995,6160
2024-05-22 12:00:00+00:00,7.599,7.627,7.413,7.422,8367
2024-05-22 16:00:00+00:00,7.422,7.643,7.419,7.555,11506
2024-05-22 20:00:00+00:00,7.555,7.616,7.383,7.418,10261
2024-05-23 00:00:00+00:00,7.419,7.5440000000000005,7.368,7.518,4611
2024-05-23 04:00:00+00:00,7.518,7.588,7.462,7.573,5258
2024-05-23 08:00:00+00:00,7.573,7.601,7.503,7.535,4969
2024-05-23 12:00:00+00:00,7.534,7.571,7.272,7.372,7928
2024-05-23 16:00:00+00:00,7.372,7.446,7.1,7.127,16984
2024-05-23 20:00:00+00:00,7.126,7.153,6.789,7.135,13972
2024-05-24 00:00:00+00:00,7.172,7.303,7.073,7.282,9830
2024-05-24 04:00:00+00:00,7.281,7.281,7.192,7.23,6017
2024-05-24 08:00:00+00:00,7.228,7.234,7.004,7.127,10907
2024-05-24 12:00:00+00:00,7.127,7.276,7.103,7.248,6452
2024-05-24 16:00:00+00:00,7.248,7.37,7.17,7.178,8649
2024-05-24 20:00:00+00:00,7.176,7.301,7.174,7.221,5703
2024-05-25 00:00:00+00:00,7.246,7.254,7.209,7.222,2210
2024-05-25 04:00:00+00:00,7.222,7.316,7.221,7.305,3323
2024-05-25 08:00:00+00:00,7.305,7.316,7.25,7.261,2268
2024-05-25 12:00:00+00:00,7.26,7.328,7.258,7.281,3270
2024-05-25 16:00:00+00:00,7.281,7.354,7.25,7.339,3819
2024-05-25 20:00:00+00:00,7.339,7.388,7.32,7.33,2000
2024-05-26 00:00:00+00:00,7.329,7.481,7.325,7.463,2464
2024-05-26 04:00:00+00:00,7.462,7.508,7.385,7.397,3923
2024-05-26 08:00:00+00:00,7.396,7.477,7.37,7.421,3434
2024-05-26 12:00:00+00:00,7.422,7.466,7.354,7.451,3794
2024-05-26 16:00:00+00:00,7.451,7.624,7.428,7.526,6347
2024-05-26 20:00:00+00:00,7.526,7.559,7.477,7.54,3136
2024-05-27 00:00:00+00:00,7.536,7.579,7.46,7.525,3597
2024-05-27 04:00:00+00:00,7.526,7.563,7.453,7.455,4126
2024-05-27 08:00:00+00:00,7.454,7.458,7.365,7.426,4301
2024-05-27 12:00:00+00:00,7.426,7.479,7.404,7.45,4286
2024-05-27 16:00:00+00:00,7.451,7.758,7.45,7.695,8108
2024-05-27 20:00:00+00:00,7.696,7.716,7.497,7.654,6667
2024-05-28 00:00:00+00:00,7.662,7.663,7.559,7.583,4751
2024-05-28 04:00:00+00:00,7.583,7.648,7.362,7.384,13571
2024-05-28 08:00:00+00:00,7.384,7.428,7.301,7.395,6380
2024-05-28 12:00:00+00:00,7.395,7.466,7.337,7.346,5285
2024-05-28 16:00:00+00:00,7.345,7.397,7.26,7.331,12555
2024-05-28 20:00:00+00:00,7.331,7.473,7.283,7.38,6281
2024-05-29 00:00:00+00:00,7.369,7.399,7.312,7.323,2684
2024-05-29 04:00:00+00:00,7.324,7.417,7.289,7.396,5081
2024-05-29 08:00:00+00:00,7.395,7.545,7.303,7.408,7370
2024-05-29 12:00:00+00:00,7.408,7.467,7.302,7.333,6771
2024-05-29 16:00:00+00:00,7.333,7.38,7.165,7.233,10810
2024-05-29 20:00:00+00:00,7.233,7.259,7.142,7.169,5186
2024-05-30 00:00:00+00:00,7.156,7.196,7.128,7.141,2999
2024-05-30 04:00:00+00:00,7.141,7.224,7.128,7.158,3691
2024-05-30 08:00:00+00:00,7.157,7.16,6.91,7.031,7479
2024-05-30 12:00:00+00:00,7.032,7.091,6.983,7.062,4896
2024-05-30 16:00:00+00:00,7.061,7.112,7.021,7.046,6389
2024-05-30 20:00:00+00:00,7.046,7.126,6.958,6.998,5042
2024-05-31 00:00:00+00:00,6.9879999999999995,7.013,6.941,6.973,2363
2024-05-31 04:00:00+00:00,6.973,7.003,6.941,6.979,2941
2024-05-31 08:00:00+00:00,6.978,7.004,6.905,6.996,3593
2024-05-31 12:00:00+00:00,6.996,7.053,6.951,7.012,4836
2024-05-31 16:00:00+00:00,7.012,7.037,6.787,6.894,8743
2024-05-31 20:00:00+00:00,6.895,6.984,6.888,6.9719999999999995,3566
2024-06-01 00:00:00+00:00,6.984,6.994,6.913,6.968,2350
2024-06-01 04:00:00+00:00,6.969,7.013,6.941,7.008,2131
2024-06-01 08:00:00+00:00,7.008,7.03,6.9879999999999995,7.013,1705
2024-06-01 12:00:00+00:00,7.013,7.07,6.997,7.069,1520
2024-06-01 16:00:00+00:00,7.099,7.101,7.065,7.07,765
2024-06-01 20:00:00+00:00,7.07,7.084,7.044,7.071,1553
2024-06-02 00:00:00+00:00,7.069,7.093,7.033,7.067,1718
2024-06-02 04:00:00+00:00,7.067,7.098,7.039,7.097,2403
2024-06-02 08:00:00+00:00,7.096,7.103,7.022,7.039,2039
2024-06-02 12:00:00+00:00,7.039,7.084,6.974,7.055,3293
2024-06-02 16:00:00+00:00,7.055,7.109,7.025,7.036,2974
2024-06-02 20:00:00+00:00,7.035,7.037,6.9030000000000005,6.984,4497
2024-06-03 00:00:00+00:00,6.9879999999999995,7.013,6.9190000000000005,6.957,2562
2024-06-03 04:00:00+00:00,6.957,7.091,6.949,7.071,5328
2024-06-03 08:00:00+00:00,7.071,7.162,7.07,7.124,5136
2024-06-03 12:00:00+00:00,7.124,7.158,7.085,7.158,3661
2024-06-03 16:00:00+00:00,7.158,7.185,7.008,7.067,8612
2024-06-03 20:00:00+00:00,7.067,7.121,7.047,7.061,2857
2024-06-04 00:00:00+00:00,7.063,7.063,6.961,6.9719999999999995,2589
2024-06-04 04:00:00+00:00,6.971,7.02,6.95,6.986,2341
2024-06-04 08:00:00+00:00,6.986,7.02,6.91,6.967,3290
2024-06-04 12:00:00+00:00,6.966,7.0,6.93,6.977,3704
2024-06-04 16:00:00+00:00,6.978,7.196,6.974,7.172,7872
2024-06-04 20:00:00+00:00,7.172,7.212,7.126,7.21,4288
2024-06-05 00:00:00+00:00,7.215,7.217,7.16,7.189,2407
2024-06-05 04:00:00+00:00,7.188,7.239,7.165,7.213,3648
2024-06-05 08:00:00+00:00,7.214,7.285,7.17,7.204,3294
2024-06-05 12:00:00+00:00,7.205,7.227,7.162,7.189,3401
2024-06-05 16:00:00+00:00,7.188,7.248,7.147,7.226,5857
2024-06-05 20:00:00+00:00,7.226,7.28,7.196,7.272,3439
2024-06-06 00:00:00+00:00,7.268,7.274,7.207,7.232,1810
2024-06-06 04:00:00+00:00,7.232,7.252,7.176,7.2,2004
2024-06-06 08:00:00+00:00,7.199,7.205,7.119,7.163,2173
2024-06-06 12:00:00+00:00,7.163,7.247,7.162,7.207,3824
2024-06-06 16:00:00+00:00,7.207,7.274,7.148,7.209,4807
2024-06-06 20:00:00+00:00,7.21,7.234,7.044,7.134,3933
2024-06-07 00:00:00+00:00,7.127,7.14,7.096,7.118,1697
2024-06-07 04:00:00+00:00,7.118,7.151,7.042,7.149,2330
2024-06-07 08:00:00+00:00,7.149,7.181,7.122,7.123,2288
2024-06-07 12:00:00+00:00,7.123,7.275,7.078,7.142,7373
2024-06-07 16:00:00+00:00,7.142,7.254,7.099,7.117,5355
2024-06-07 20:00:00+00:00,7.117,7.119,5.915,6.646,16345
2024-06-08 00:00:00+00:00,6.601,6.658,6.585,6.635,2420
2024-06-08 04:00:00+00:00,6.635,6.67,6.595,6.598,2293
2024-06-08 08:00:00+00:00,6.598,6.626,6.572,6.577,2007
2024-06-08 12:00:00+00:00,6.577,6.579,6.38,6.402,4418
2024-06-08 16:00:00+00:00,6.402,6.4719999999999995,6.3469999999999995,6.439,6175
2024-06-08 20:00:00+00:00,6.44,6.475,6.34,6.373,4438
2024-06-09 00:00:00+00:00,6.365,6.401,6.328,6.384,2746
2024-06-09 04:00:00+00:00,6.385,6.438,6.348,6.406,3283
2024-06-09 08:00:00+00:00,6.407,6.463,6.292,6.46,6363
2024-06-09 12:00:00+00:00,6.46,6.492,6.44,6.47,2227
2024-06-09 16:00:00+00:00,6.47,6.489,6.415,6.467,3028
2024-06-09 20:00:00+00:00,6.468,6.525,6.452,6.496,2027
2024-06-10 00:00:00+00:00,6.504,6.5280000000000005,6.444,6.521,1954
2024-06-10 04:00:00+00:00,6.521,6.529,6.384,6.453,2839
2024-06-10 08:00:00+00:00,6.453,6.462,6.34,6.444,5923
2024-06-10 12:00:00+00:00,6.444,6.522,6.425,6.447,3374
2024-06-10 16:00:00+00:00,6.446,6.571,6.409,6.529,6272
2024-06-10 20:00:00+00:00,6.534,6.558,6.46,6.506,5458
2024-06-11 00:00:00+00:00,6.518,6.53,6.392,6.425,2426
2024-06-11 04:00:00+00:00,6.425,6.513,6.292,6.435,9493
2024-06-11 08:00:00+00:00,6.436,6.437,6.245,6.368,5925
2024-06-11 12:00:00+00:00,6.369,6.405,6.285,6.288,5004
2024-06-11 16:00:00+00:00,6.287,6.361,6.203,6.311,11791
2024-06-11 20:00:00+00:00,6.311,6.449,6.231,6.379,6295
2024-06-12 00:00:00+00:00,6.3629999999999995,6.405,6.289,6.343,2255
2024-06-12 04:00:00+00:00,6.343,6.424,6.265,6.405,5163
2024-06-12 08:00:00+00:00,6.404,6.421,6.365,6.37,2513
2024-06-12 12:00:00+00:00,6.371,6.591,6.327,6.591,7134
2024-06-12 16:00:00+00:00,6.592,6.745,6.561,6.728,6213
2024-06-12 20:00:00+00:00,6.728,6.917,6.594,6.788,18507
2024-06-13 00:00:00+00:00,6.7780000000000005,6.784,6.6690000000000005,6.689,2666
2024-06-13 04:00:00+00:00,6.689,6.693,6.466,6.555,6899
2024-06-13 08:00:00+00:00,6.555,6.586,6.46,6.478,3528
2024-06-13 12:00:00+00:00,6.477,6.549,6.437,6.477,6488
2024-06-13 16:00:00+00:00,6.478,6.536,6.312,6.419,9166
2024-06-13 20:00:00+00:00,6.419,6.483,6.376,6.402,3840
2024-06-14 00:00:00+00:00,6.394,6.418,6.293,6.329,3367
2024-06-14 04:00:00+00:00,6.328,6.405,6.284,6.362,5735
2024-06-14 08:00:00+00:00,6.3629999999999995,6.454,6.356,6.418,4000
2024-06-14 12:00:00+00:00,6.418,6.474,6.334,6.366,3738
2024-06-14 16:00:00+00:00,6.366,6.383,5.9399999999999995,6.108,11603
2024-06-14 20:00:00+00:00,6.108,6.1370000000000005,6.022,6.077,5569
2024-06-15 00:00:00+00:00,6.153,6.195,6.104,6.134,3275
2024-06-15 04:00:00+00:00,6.135,6.176,6.096,6.16,2624
2024-06-15 08:00:00+00:00,6.159,6.245,6.157,6.222,2838
2024-06-15 12:00:00+00:00,6.223,6.224,6.172,6.212,1782
2024-06-15 16:00:00+00:00,6.211,6.237,6.174,6.204,3097
2024-06-15 20:00:00+00:00,6.204,6.216,6.144,6.172,2431
2024-06-16 00:00:00+00:00,6.172,6.223,6.161,6.201,1222
2024-06-16 04:00:00+00:00,6.2,6.224,6.136,6.159,2353
2024-06-16 08:00:00+00:00,6.159,6.233,6.156,6.172,1575
2024-06-16 12:00:00+00:00,6.173,6.217,6.151,6.215,1751
2024-06-16 16:00:00+00:00,6.216,6.352,6.199,6.337,3308
2024-06-16 20:00:00+00:00,6.337,6.386,6.31,6.375,2369
2024-06-17 00:00:00+00:00,6.378,6.411,6.283,6.358,3144
2024-06-17 04:00:00+00:00,6.358,6.373,6.268,6.315,5313
2024-06-17 08:00:00+00:00,6.314,6.331,6.156,6.205,5762
2024-06-17 12:00:00+00:00,6.207,6.242,6.09,6.182,6454
2024-06-17 16:00:00+00:00,6.183,6.215,5.9719999999999995,6.152,8747
2024-06-17 20:00:00+00:00,6.152,6.294,6.11,6.153,6938
2024-06-18 00:00:00+00:00,6.154,6.157,5.9399999999999995,6.024,6483
2024-06-18 04:00:00+00:00,6.024,6.054,5.186,5.764,15350
2024-06-18 08:00:00+00:00,5.764,5.927,5.758,5.917,4222
2024-06-18 12:00:00+00:00,5.917,5.941,5.776,5.838,8708
2024-06-18 16:00:00+00:00,5.837,5.848,5.665,5.724,13401
2024-06-18 20:00:00+00:00,5.7219999999999995,5.747,5.579,5.725,9334
2024-06-19 00:00:00+00:00,5.702,5.8,5.675,5.79,4732
2024-06-19 04:00:00+00:00,5.79,5.882,5.776,5.874,8260
2024-06-19 08:00:00+00:00,5.874,5.974,5.851,5.932,4764
2024-06-19 12:00:00+00:00,5.932,5.982,5.865,5.89,5341
2024-06-19 16:00:00+00:00,5.889,5.896,5.766,5.806,5436
2024-06-19 20:00:00+00:00,5.807,5.901,5.79,5.828,4414
2024-06-20 00:00:00+00:00,5.824,5.862,5.761,5.798,4507
2024-06-20 04:00:00+00:00,5.798,5.904,5.776,5.851,7805
2024-06-20 08:00:00+00:00,5.851,5.964,5.838,5.888,7207
2024-06-20 12:00:00+00:00,5.888,5.962,5.814,5.82,7190
2024-06-20 16:00:00+00:00,5.819,5.824,5.588,5.662,11078
2024-06-20 20:00:00+00:00,5.663,5.727,5.638,5.678,4123
2024-06-21 00:00:00+00:00,5.676,5.677,5.567,5.5969999999999995,3109
2024-06-21 04:00:00+00:00,5.596,5.721,5.59,5.721,5062
2024-06-21 08:00:00+00:00,5.721,5.727,5.551,5.572,5882
2024-06-21 12:00:00+00:00,5.572,5.704,5.564,5.6530000000000005,6109
2024-06-21 16:00:00+00:00,5.654,5.708,5.574,5.622,9671
2024-06-21 20:00:00+00:00,5.621,5.657,5.537,5.6129999999999995,5776
2024-06-22 00:00:00+00:00,5.594,5.615,5.532,5.5440000000000005,1808
2024-06-22 04:00:00+00:00,5.5440000000000005,5.5969999999999995,5.535,5.5809999999999995,2477
2024-06-22 08:00:00+00:00,5.58,5.665,5.552,5.6370000000000005,2135
2024-06-22 12:00:00+00:00,5.6370000000000005,5.746,5.623,5.744,1688
2024-06-22 16:00:00+00:00,5.744,5.7940000000000005,5.723,5.733,1982
2024-06-22 20:00:00+00:00,5.733,5.753,5.727,5.737,1353
2024-06-23 00:00:00+00:00,5.7379999999999995,5.78,5.726,5.7620000000000005,1595
2024-06-23 04:00:00+00:00,5.7620000000000005,5.773,5.719,5.758,1861
2024-06-23 08:00:00+00:00,5.758,5.763,5.737,5.752,1284
2024-06-23 12:00:00+00:00,5.753,5.807,5.735,5.767,2465
2024-06-23 16:00:00+00:00,5.767,5.773,5.629,5.643,3545
2024-06-23 20:00:00+00:00,5.644,5.696,5.572,5.649,3248
2024-06-24 00:00:00+00:00,5.659,5.691,5.575,5.661,5874
2024-06-24 04:00:00+00:00,5.661,5.718,5.608,5.665,4780
2024-06-24 08:00:00+00:00,5.664,5.67,5.535,5.594,9186
2024-06-24 12:00:00+00:00,5.593,5.635,5.352,5.619,9861
2024-06-24 16:00:00+00:00,5.619,5.712,5.513,5.603,8482
2024-06-24 20:00:00+00:00,5.602,5.687,5.527,5.602,12026
2024-06-25 00:00:00+00:00,5.622,5.753,5.582,5.731,3903
2024-06-25 04:00:00+00:00,5.731,5.827,5.695,5.799,5168
2024-06-25 08:00:00+00:00,5.8,5.808,5.712,5.728,3160
2024-06-25 12:00:00+00:00,5.729,5.867,5.725,5.866,3289
2024-06-25 16:00:00+00:00,5.866,5.964,5.853,5.883,5956
2024-06-25 20:00:00+00:00,5.883,5.939,5.856,5.879,3615
2024-06-26 00:00:00+00:00,5.876,5.893,5.811,5.8149999999999995,1304
2024-06-26 04:00:00+00:00,5.816,5.866,5.792,5.801,3495
2024-06-26 08:00:00+00:00,5.801,5.892,5.776,5.845,2622
2024-06-26 12:00:00+00:00,5.845,5.886,5.834,5.873,2992
2024-06-26 16:00:00+00:00,5.874,5.937,5.786,5.821,6403
2024-06-26 20:00:00+00:00,5.821,5.873,5.74,5.836,5174
2024-06-27 00:00:00+00:00,5.843,5.845,5.743,5.759,1813
2024-06-27 04:00:00+00:00,5.759,5.76,5.702,5.743,2688
2024-06-27 08:00:00+00:00,5.744,5.822,5.695,5.792,2860
2024-06-27 12:00:00+00:00,5.792,5.979,5.782,5.939,4989
2024-06-27 16:00:00+00:00,5.939,6.349,5.9350000000000005,6.227,9550
2024-06-27 20:00:00+00:00,6.228,6.3629999999999995,6.222,6.318,4690
2024-06-28 00:00:00+00:00,6.335,6.338,6.243,6.245,2481
2024-06-28 04:00:00+00:00,6.245,6.296,6.202,6.234,3415
2024-06-28 08:00:00+00:00,6.234,6.291,6.221,6.283,3808
2024-06-28 12:00:00+00:00,6.283,6.395,6.22,6.354,5290
2024-06-28 16:00:00+00:00,6.354,6.43,6.237,6.316,10708
2024-06-28 20:00:00+00:00,6.315,6.315,6.22,6.227,5069
2024-06-29 00:00:00+00:00,6.173,6.208,6.126,6.204,2073
2024-06-29 04:00:00+00:00,6.204,6.284,6.176,6.211,2597
2024-06-29 08:00:00+00:00,6.212,6.219,6.158,6.17,1960
2024-06-29 12:00:00+00:00,6.17,6.174,6.105,6.108,1545
2024-06-29 16:00:00+00:00,6.111,6.119,6.057,6.066,1381
2024-06-29 20:00:00+00:00,6.065,6.111,6.047,6.088,1496
2024-06-30 00:00:00+00:00,6.088,6.103,6.048,6.085,1646
2024-06-30 04:00:00+00:00,6.085,6.089,6.005,6.048,2428
2024-06-30 08:00:00+00:00,6.048,6.181,6.046,6.121,2592
2024-06-30 12:00:00+00:00,6.121,6.154,6.026,6.09,3214
2024-06-30 16:00:00+00:00,6.092,6.141,6.03,6.102,3952
2024-06-30 20:00:00+00:00,6.104,6.206,6.093,6.169,2900
2024-07-01 00:00:00+00:00,6.157,6.242,6.133,6.208,2983
2024-07-01 04:00:00+00:00,6.208,6.335,6.203,6.274,3751
2024-07-01 08:00:00+00:00,6.275,6.356,6.263,6.316,2806
2024-07-01 12:00:00+00:00,6.315,6.384,6.307,6.349,3721
2024-07-01 16:00:00+00:00,6.349,6.365,6.198,6.315,5819
2024-07-01 20:00:00+00:00,6.316,6.427,6.3,6.416,3321
2024-07-02 00:00:00+00:00,6.429,6.434,6.309,6.32,3453
2024-07-02 04:00:00+00:00,6.32,6.485,6.318,6.434,4035
2024-07-02 08:00:00+00:00,6.435,6.516,6.332,6.358,4444
2024-07-02 12:00:00+00:00,6.358,6.442,6.309,6.413,2878
2024-07-02 16:00:00+00:00,6.412,6.477,6.305,6.331,5624
2024-07-02 20:00:00+00:00,6.331,6.55,6.301,6.523,4047
2024-07-03 00:00:00+00:00,6.515,6.589,6.471,6.481,3211
2024-07-03 04:00:00+00:00,6.482,6.482,6.269,6.33,3732
2024-07-03 08:00:00+00:00,6.331,6.364,6.243,6.258,3045
2024-07-03 12:00:00+00:00,6.26,6.281,6.058,6.072,5283
2024-07-03 16:00:00+00:00,6.071,6.212,6.042,6.166,5253
2024-07-03 20:00:00+00:00,6.166,6.17,5.975,6.018,4964
2024-07-04 00:00:00+00:00,6.024,6.12,5.943,6.066,3392
2024-07-04 04:00:00+00:00,6.066,6.077,5.718,5.889,9476
2024-07-04 08:00:00+00:00,5.889,5.942,5.76,5.864,6026
2024-07-04 12:00:00+00:00,5.864,5.871,5.699,5.707,7163
2024-07-04 16:00:00+00:00,5.708,5.844,5.595,5.826,8710
2024-07-04 20:00:00+00:00,5.826,5.842,5.699,5.745,4216
2024-07-05 00:00:00+00:00,5.73,5.8,5.244,5.452,11726
2024-07-05 04:00:00+00:00,5.454,5.465,4.843,5.147,23838
2024-07-05 08:00:00+00:00,5.147,5.39,5.132,5.232,10302
2024-07-05 12:00:00+00:00,5.232,5.614,5.221,5.532,12007
2024-07-05 16:00:00+00:00,5.533,5.909,5.487,5.767,14054
2024-07-05 20:00:00+00:00,5.767,5.871,5.725,5.806,6811
2024-07-06 00:00:00+00:00,5.793,5.7940000000000005,5.623,5.687,6879
2024-07-06 04:00:00+00:00,5.687,5.695,5.592,5.644,5351
2024-07-06 08:00:00+00:00,5.644,5.876,5.635,5.787,5579
2024-07-06 12:00:00+00:00,5.787,6.014,5.724,5.961,5939
2024-07-06 16:00:00+00:00,5.961,6.19,5.868,6.181,8293
2024-07-06 20:00:00+00:00,6.181,6.302,6.143,6.218,6453
2024-07-07 00:00:00+00:00,6.236,6.245,6.193,6.199,3236
2024-07-07 04:00:00+00:00,6.203,6.268,6.148,6.173,5944
2024-07-07 08:00:00+00:00,6.173,6.305,6.115,6.228,6970
2024-07-07 12:00:00+00:00,6.227,6.291,6.1,6.166,7347
2024-07-07 16:00:00+00:00,6.166,6.168,5.986,6.062,9452
2024-07-07 20:00:00+00:00,6.063,6.1370000000000005,6.034,6.067,3953
2024-07-08 00:00:00+00:00,6.044,6.045,5.729,5.775,9459
2024-07-08 04:00:00+00:00,5.775,6.005,5.684,6.003,13845
2024-07-08 08:00:00+00:00,6.003,6.245,5.884,6.235,10643
2024-07-08 12:00:00+00:00,6.236,6.285,6.095,6.145,9021
2024-07-08 16:00:00+00:00,6.144,6.18,5.806,5.957,15287
2024-07-08 20:00:00+00:00,5.957,6.017,5.899,5.908,7432
2024-07-09 00:00:00+00:00,5.892,5.952,5.837,5.886,5544
2024-07-09 04:00:00+00:00,5.885,5.993,5.801,5.9030000000000005,9797
2024-07-09 08:00:00+00:00,5.9030000000000005,6.179,5.8629999999999995,6.115,7949
2024-07-09 12:00:00+00:00,6.115,6.153,6.039,6.068,4214
2024-07-09 16:00:00+00:00,6.068,6.155,6.015,6.092,8626
2024-07-09 20:00:00+00:00,6.092,6.116,6.031,6.079,4040
2024-07-10 00:00:00+00:00,6.068,6.12,6.052,6.069,3690
2024-07-10 04:00:00+00:00,6.07,6.252,6.043,6.24,5696
2024-07-10 08:00:00+00:00,6.239,6.247,6.077,6.155,4550
2024-07-10 12:00:00+00:00,6.155,6.163,6.062,6.127,4643
2024-07-10 16:00:00+00:00,6.127,6.168,6.052,6.117,6392
2024-07-10 20:00:00+00:00,6.117,6.143,6.068,6.099,3461
2024-07-11 00:00:00+00:00,6.099,6.108,6.016,6.086,3364
2024-07-11 04:00:00+00:00,6.087,6.138,5.9559999999999995,6.061,7986
2024-07-11 08:00:00+00:00,6.061,6.134,6.06,6.115,2868
2024-07-11 12:00:00+00:00,6.116,6.239,6.091,6.183,5552
2024-07-11 16:00:00+00:00,6.181,6.211,5.937,6.002,9382
2024-07-11 20:00:00+00:00,6.002,6.035,5.861,5.934,4918
2024-07-12 00:00:00+00:00,5.936,5.944,5.85,5.885,5595
2024-07-12 04:00:00+00:00,5.885,5.928,5.824,5.871,6186
2024-07-12 08:00:00+00:00,5.872,5.914,5.822,5.8629999999999995,4046
2024-07-12 12:00:00+00:00,5.8629999999999995,5.881,5.795,5.878,5169
2024-07-12 16:00:00+00:00,5.879,6.034,5.875,6.031,6179
2024-07-12 20:00:00+00:00,6.031,6.095,5.951,6.022,4314
2024-07-13 00:00:00+00:00,6.021,6.101,6.02,6.084,1324
2024-07-13 04:00:00+00:00,6.087,6.143,6.068,6.136,1594
2024-07-13 08:00:00+00:00,6.1370000000000005,6.28,6.1,6.203,2980
2024-07-13 12:00:00+00:00,6.203,6.267,6.09,6.218,4404
2024-07-13 16:00:00+00:00,6.216,6.277,6.171,6.246,3205
2024-07-13 20:00:00+00:00,6.246,6.297,6.228,6.241,2250
2024-07-14 00:00:00+00:00,6.239,6.282,6.169,6.229,5033
2024-07-14 04:00:00+00:00,6.23,6.261,6.153,6.195,2953
2024-07-14 08:00:00+00:00,6.195,6.259,6.149,6.247,3301
2024-07-14 12:00:00+00:00,6.246,6.316,6.147,6.206,5908
2024-07-14 16:00:00+00:00,6.206,6.284,6.164,6.266,3052
2024-07-14 20:00:00+00:00,6.266,6.308,6.183,6.277,2087
2024-07-15 00:00:00+00:00,6.269,6.38,6.258,6.3629999999999995,5494
2024-07-15 04:00:00+00:00,6.3629999999999995,6.5280000000000005,6.328,6.507,5483
2024-07-15 08:00:00+00:00,6.507,6.534,6.418,6.429,5108
2024-07-15 12:00:00+00:00,6.429,6.43,6.304,6.322,4502
2024-07-15 16:00:00+00:00,6.322,6.394,6.289,6.354,6530
2024-07-15 20:00:00+00:00,6.355,6.443,6.332,6.419,6883
2024-07-16 00:00:00+00:00,6.434,6.507,6.405,6.465,6342
2024-07-16 04:00:00+00:00,6.464,6.489,6.415,6.423,4583
2024-07-16 08:00:00+00:00,6.423,6.45,6.12,6.22,11776
2024-07-16 12:00:00+00:00,6.22,6.3,6.194,6.251,6870
2024-07-16 16:00:00+00:00,6.251,6.474,6.212,6.457,14150
2024-07-16 20:00:00+00:00,6.457,6.461,6.32,6.339,8999
2024-07-17 00:00:00+00:00,6.359,6.41,6.253,6.405,6582
2024-07-17 04:00:00+00:00,6.405,6.494,6.365,6.489,5580
2024-07-17 08:00:00+00:00,6.489,6.49,6.3870000000000005,6.433,6305
2024-07-17 12:00:00+00:00,6.433,6.502,6.39,6.443,7153
2024-07-17 16:00:00+00:00,6.444,6.527,6.275,6.338,11333
2024-07-17 20:00:00+00:00,6.338,6.39,6.292,6.32,4359
2024-07-18 00:00:00+00:00,6.28,6.36,6.206,6.352,5119
2024-07-18 04:00:00+00:00,6.351,6.395,6.284,6.326,5511
2024-07-18 08:00:00+00:00,6.326,6.388,6.179,6.233,6265
2024-07-18 12:00:00+00:00,6.232,6.234,6.105,6.225,4749
2024-07-18 16:00:00+00:00,6.225,6.276,6.012,6.132,10815
2024-07-18 20:00:00+00:00,6.133,6.136,6.021,6.091,6112
2024-07-19 00:00:00+00:00,6.067,6.123,6.031,6.056,3457
2024-07-19 04:00:00+00:00,6.057,6.131,5.952,6.075,6879
2024-07-19 08:00:00+00:00,6.074,6.235,6.017,6.1,7967
2024-07-19 12:00:00+00:00,6.1,6.16,6.052,6.146,5136
2024-07-19 16:00:00+00:00,6.144,6.294,6.108,6.281,10028
2024-07-19 20:00:00+00:00,6.282,6.345,6.256,6.319,5418
2024-07-20 00:00:00+00:00,6.32,6.356,6.264,6.335,2251
2024-07-20 04:00:00+00:00,6.335,6.359,6.309,6.358,2358
2024-07-20 08:00:00+00:00,6.358,6.358,6.305,6.318,1698
2024-07-20 12:00:00+00:00,6.318,6.328,6.246,6.265,2420
2024-07-20 16:00:00+00:00,6.266,6.357,6.211,6.314,4542
2024-07-20 20:00:00+00:00,6.315,6.391,6.279,6.338,4057
2024-07-21 00:00:00+00:00,6.325,6.3629999999999995,6.268,6.322,2404
2024-07-21 04:00:00+00:00,6.322,6.369,6.284,6.314,2133
2024-07-21 08:00:00+00:00,6.315,6.32,6.221,6.2620000000000005,3150
2024-07-21 12:00:00+00:00,6.261,6.298,6.246,6.258,2046
2024-07-21 16:00:00+00:00,6.258,6.329,6.206,6.317,5789
2024-07-21 20:00:00+00:00,6.318,6.393,6.009,6.362,11491
2024-07-22 00:00:00+00:00,6.378,6.467,6.331,6.446,4199
2024-07-22 04:00:00+00:00,6.447,6.449,6.299,6.339,3157
2024-07-22 08:00:00+00:00,6.339,6.341,6.187,6.218,6951
2024-07-22 12:00:00+00:00,6.218,6.329,6.196,6.325,3785
2024-07-22 16:00:00+00:00,6.325,6.346,6.166,6.176,8379
2024-07-22 20:00:00+00:00,6.177,6.231,6.118,6.225,3735
2024-07-23 00:00:00+00:00,6.199,6.201,6.076,6.112,4730
2024-07-23 04:00:00+00:00,6.112,6.159,6.021,6.05,4050
2024-07-23 08:00:00+00:00,6.049,6.121,5.973,6.114,5920
2024-07-23 12:00:00+00:00,6.114,6.131,5.964,6.006,5656
2024-07-23 16:00:00+00:00,6.007,6.054,5.805,5.811,10666
2024-07-23 20:00:00+00:00,5.811,5.951,5.796,5.942,5990
2024-07-24 00:00:00+00:00,5.936,5.952,5.876,5.882,2973
2024-07-24 04:00:00+00:00,5.882,5.943,5.869,5.913,3312
2024-07-24 08:00:00+00:00,5.914,5.976,5.883,5.97,2875
2024-07-24 12:00:00+00:00,5.97,5.989,5.932,5.955,1990
2024-07-24 16:00:00+00:00,5.955,5.987,5.857,5.904,4727
2024-07-24 20:00:00+00:00,5.904,5.922,5.797,5.801,3967
2024-07-25 00:00:00+00:00,5.774,5.785,5.65,5.75,4441
2024-07-25 04:00:00+00:00,5.75,5.75,5.554,5.677,9616
2024-07-25 08:00:00+00:00,5.677,5.742,5.643,5.741,3338
2024-07-25 12:00:00+00:00,5.741,5.76,5.67,5.6899999999999995,3671
2024-07-25 16:00:00+00:00,5.6899999999999995,5.742,5.629,5.718,7518
2024-07-25 20:00:00+00:00,5.719,5.753,5.536,5.656,7750
2024-07-26 00:00:00+00:00,5.689,5.764,5.65,5.749,3419
2024-07-26 04:00:00+00:00,5.748,5.828,5.719,5.787,4368
2024-07-26 08:00:00+00:00,5.787,5.8629999999999995,5.779,5.854,2518
2024-07-26 12:00:00+00:00,5.854,5.883,5.78,5.799,2150
2024-07-26 16:00:00+00:00,5.8,5.8629999999999995,5.744,5.832,4879
2024-07-26 20:00:00+00:00,5.832,5.864,5.816,5.826,2388
2024-07-27 00:00:00+00:00,5.843,5.864,5.802,5.84,1410
2024-07-27 04:00:00+00:00,5.84,5.848,5.806,5.834,1336
2024-07-27 08:00:00+00:00,5.833,5.892,5.828,5.851,1520
2024-07-27 12:00:00+00:00,5.851,5.8870000000000005,5.816,5.868,1725
2024-07-27 16:00:00+00:00,5.869,5.9350000000000005,5.789,5.819,4333
2024-07-27 20:00:00+00:00,5.818,5.846,5.699,5.77,10469
2024-07-28 00:00:00+00:00,5.793,5.884,5.721,5.809,5558
2024-07-28 04:00:00+00:00,5.809,5.835,5.7059999999999995,5.707,2412
2024-07-28 08:00:00+00:00,5.707,5.761,5.677,5.7379999999999995,2192
2024-07-28 12:00:00+00:00,5.737,5.766,5.672,5.75,2742
2024-07-28 16:00:00+00:00,5.75,5.756,5.655,5.678,2135
2024-07-28 20:00:00+00:00,5.678,5.749,5.614,5.698,2602
2024-07-29 00:00:00+00:00,5.691,5.782,5.674,5.767,3016
2024-07-29 04:00:00+00:00,5.768,5.861,5.727,5.812,4343
2024-07-29 08:00:00+00:00,5.814,5.858,5.768,5.835,3813
2024-07-29 12:00:00+00:00,5.84,5.868,5.767,5.833,2484
2024-07-29 16:00:00+00:00,5.832,5.842,5.609,5.657,10337
2024-07-29 20:00:00+00:00,5.657,5.724,5.607,5.678,8585
2024-07-30 00:00:00+00:00,5.666,5.684,5.554,5.67,6427
2024-07-30 04:00:00+00:00,5.67,5.707,5.607,5.683,4101
2024-07-30 08:00:00+00:00,5.684,5.716,5.65,5.677,2008
2024-07-30 12:00:00+00:00,5.677,5.693,5.651,5.679,3054
2024-07-30 16:00:00+00:00,5.679,5.7,5.605,5.618,5374
2024-07-30 20:00:00+00:00,5.619,5.62,5.47,5.552,8881
2024-07-31 00:00:00+00:00,5.532,5.533,5.435,5.51,5631
2024-07-31 04:00:00+00:00,5.511,5.522,5.4,5.475,6238
2024-07-31 08:00:00+00:00,5.476,5.5440000000000005,5.401,5.531,8494
2024-07-31 12:00:00+00:00,5.531,5.5440000000000005,5.508,5.52,1888
2024-07-31 16:00:00+00:00,5.519,5.543,5.405,5.426,3990
2024-07-31 20:00:00+00:00,5.426,5.515,5.325,5.348,7503
2024-08-01 00:00:00+00:00,5.36,5.411,5.346,5.404,3889
2024-08-01 04:00:00+00:00,5.404,5.416,5.26,5.276,6533
2024-08-01 08:00:00+00:00,5.277,5.373,5.252,5.366,3419
2024-08-01 12:00:00+00:00,5.366,5.368,5.326,5.348,2183
2024-08-01 16:00:00+00:00,5.348,5.354,5.078,5.114,10801
2024-08-01 20:00:00+00:00,5.113,5.257,5.013,5.257,8950
2024-08-02 00:00:00+00:00,5.258,5.357,5.254,5.316,4195
2024-08-02 04:00:00+00:00,5.316,5.324,5.205,5.242,5583
2024-08-02 08:00:00+00:00,5.243,5.267,5.125,5.267,6150
2024-08-02 12:00:00+00:00,5.267,5.268,5.184,5.2379999999999995,4904
2024-08-02 16:00:00+00:00,5.2379999999999995,5.275,4.987,5.095,13016
2024-08-02 20:00:00+00:00,5.096,5.139,5.048,5.113,7224
2024-08-03 00:00:00+00:00,5.115,5.138,5.057,5.079,5349
2024-08-03 04:00:00+00:00,5.079,5.154,4.983,5.132,6900
2024-08-03 08:00:00+00:00,5.133,5.195,5.129,5.147,3033
2024-08-03 12:00:00+00:00,5.147,5.183,5.131,5.159,2863
2024-08-03 16:00:00+00:00,5.159,5.193,4.966,5.005,7986
2024-08-03 20:00:00+00:00,5.005,5.007,4.8469999999999995,4.895,12055
2024-08-04 00:00:00+00:00,4.897,5.069,4.852,5.067,5389
2024-08-04 04:00:00+00:00,5.067,5.086,5.011,5.02,4083
2024-08-04 08:00:00+00:00,5.02,5.046,4.927,4.962,3279
2024-08-04 12:00:00+00:00,4.963,4.979,4.856,4.895,3061
2024-08-04 16:00:00+00:00,4.895,4.9,4.63,4.644,11079
2024-08-04 20:00:00+00:00,4.644,4.818,4.519,4.7780000000000005,13229
2024-08-05 00:00:00+00:00,4.76,4.7940000000000005,4.412,4.466,11864
2024-08-05 04:00:00+00:00,4.465,4.477,3.7560000000000002,3.974,24217
2024-08-05 08:00:00+00:00,3.974,4.048,3.533,3.908,25185
2024-08-05 12:00:00+00:00,3.909,3.974,3.716,3.816,22221
2024-08-05 16:00:00+00:00,3.8129999999999997,4.286,3.774,4.184,22616
2024-08-05 20:00:00+00:00,4.184,4.264,4.047,4.157,13250
2024-08-06 00:00:00+00:00,4.181,4.379,4.145,4.378,9522
2024-08-06 04:00:00+00:00,4.378,4.416,4.29,4.371,8912
2024-08-06 08:00:00+00:00,4.37,4.452,4.298,4.322,7594
2024-08-06 12:00:00+00:00,4.323,4.365,4.272,4.319,8421
2024-08-06 16:00:00+00:00,4.319,4.542,4.268,4.522,13661
2024-08-06 20:00:00+00:00,4.522,4.599,4.48,4.511,8017
2024-08-07 00:00:00+00:00,4.521,4.5809999999999995,4.45,4.5280000000000005,6784
2024-08-07 04:00:00+00:00,4.527,4.629,4.475,4.557,9089
2024-08-07 08:00:00+00:00,4.557,4.592,4.491,4.557,9661
2024-08-07 12:00:00+00:00,4.556,4.634,4.517,4.62,6285
2024-08-07 16:00:00+00:00,4.619,4.635,4.398,4.542,11234
2024-08-07 20:00:00+00:00,4.542,4.61,4.477,4.551,10918
2024-08-08 00:00:00+00:00,4.583,4.598,4.447,4.52,8756
2024-08-08 04:00:00+00:00,4.519,4.817,4.518,4.714,10629
2024-08-08 08:00:00+00:00,4.717,4.777,4.67,4.725,6947
2024-08-08 12:00:00+00:00,4.726,4.726,4.571,4.658,6162
2024-08-08 16:00:00+00:00,4.657,4.78,4.593,4.74,13311
2024-08-08 20:00:00+00:00,4.74,4.772,4.71,4.747,3669
2024-08-09 00:00:00+00:00,4.737,4.918,4.716,4.869,7898
2024-08-09 04:00:00+00:00,4.87,4.873,4.773,4.773,3743
2024-08-09 08:00:00+00:00,4.773,4.8309999999999995,4.745,4.823,3053
2024-08-09 12:00:00+00:00,4.823,4.825,4.702,4.779,4554
2024-08-09 16:00:00+00:00,4.779,4.836,4.718,4.797,8219
2024-08-09 20:00:00+00:00,4.797,4.834,4.772,4.784,3240
2024-08-10 00:00:00+00:00,4.7620000000000005,4.826,4.742,4.758,4064
2024-08-10 04:00:00+00:00,4.759,4.787,4.725,4.74,2888
2024-08-10 08:00:00+00:00,4.741,4.776,4.723,4.749,2008
2024-08-10 12:00:00+00:00,4.749,4.765,4.724,4.75,1727
2024-08-10 16:00:00+00:00,4.749,4.77,4.727,4.742,2469
2024-08-10 20:00:00+00:00,4.742,4.754,4.718,4.754,1989
2024-08-11 00:00:00+00:00,4.757,4.773,4.739,4.764,1590
2024-08-11 04:00:00+00:00,4.764,4.807,4.746,4.753,1609
2024-08-11 08:00:00+00:00,4.753,4.8,4.744,4.789,1185
2024-08-11 12:00:00+00:00,4.788,4.822,4.649,4.681,3666
2024-08-11 16:00:00+00:00,4.681,4.681,4.594,4.627,4746
2024-08-11 20:00:00+00:00,4.626,4.6370000000000005,4.506,4.513,5217
2024-08-12 00:00:00+00:00,4.498,4.553,4.46,4.53,4981
2024-08-12 04:00:00+00:00,4.529,4.55,4.497,4.518,3384
2024-08-12 08:00:00+00:00,4.517,4.576,4.443,4.499,4565
2024-08-12 12:00:00+00:00,4.499,4.654,4.498,4.634,5945
2024-08-12 16:00:00+00:00,4.634,4.674,4.457,4.607,13284
2024-08-12 20:00:00+00:00,4.607,4.627,4.493,4.525,4988
2024-08-13 00:00:00+00:00,4.51,4.61,4.486,4.588,4052
2024-08-13 04:00:00+00:00,4.589,4.5969999999999995,4.491,4.531,4517
2024-08-13 08:00:00+00:00,4.53,4.537,4.469,4.475,2401
2024-08-13 12:00:00+00:00,4.475,4.475,4.392,4.469,3915
2024-08-13 16:00:00+00:00,4.47,4.592,4.452,4.59,5889
2024-08-13 20:00:00+00:00,4.59,4.603,4.524,4.535,3679
2024-08-14 00:00:00+00:00,4.538,4.5600000000000005,4.523,4.54,1963
2024-08-14 04:00:00+00:00,4.539,4.545,4.491,4.517,2109
2024-08-14 08:00:00+00:00,4.517,4.524,4.479,4.499,1890
2024-08-14 12:00:00+00:00,4.499,4.549,4.49,4.517,4099
2024-08-14 16:00:00+00:00,4.517,4.535,4.349,4.3870000000000005,8812
2024-08-14 20:00:00+00:00,4.386,4.398,4.343,4.396,2920
2024-08-15 00:00:00+00:00,4.394,4.4030000000000005,4.35,4.39,1990
2024-08-15 04:00:00+00:00,4.39,4.407,4.356,4.407,2073
2024-08-15 08:00:00+00:00,4.406,4.413,4.358,4.397,2766
2024-08-15 12:00:00+00:00,4.398,4.473,4.369,4.432,2784
2024-08-15 16:00:00+00:00,4.433,4.473,4.419,4.435,3836
2024-08-15 20:00:00+00:00,4.435,4.436,4.234,4.243,7112
2024-08-16 00:00:00+00:00,4.26,4.301,4.221,4.265,2580
2024-08-16 04:00:00+00:00,4.265,4.309,4.236,4.301,2603
2024-08-16 08:00:00+00:00,4.3,4.38,4.295,4.359,1768
2024-08-16 12:00:00+00:00,4.359,4.367,4.207,4.239,2994
2024-08-16 16:00:00+00:00,4.24,4.326,4.213,4.283,8666
2024-08-16 20:00:00+00:00,4.283,4.352,4.231,4.331,6790
2024-08-17 00:00:00+00:00,4.326,4.327,4.242,4.301,1199
2024-08-17 04:00:00+00:00,4.301,4.314,4.268,4.291,1452
2024-08-17 08:00:00+00:00,4.29,4.312,4.285,4.306,944
2024-08-17 12:00:00+00:00,4.306,4.333,4.289,4.331,1300
2024-08-17 16:00:00+00:00,4.33,4.352,4.309,4.341,2133
2024-08-17 20:00:00+00:00,4.34,4.361,4.333,4.357,1646
2024-08-18 00:00:00+00:00,4.36,4.388,4.338,4.368,1420
2024-08-18 04:00:00+00:00,4.368,4.393,4.338,4.349,2389
2024-08-18 08:00:00+00:00,4.349,4.379,4.3469999999999995,4.364,1064
2024-08-18 12:00:00+00:00,4.364,4.459,4.3469999999999995,4.433,2773
2024-08-18 16:00:00+00:00,4.434,4.45,4.392,4.415,2476
2024-08-18 20:00:00+00:00,4.415,4.518,4.369,4.476,2174
2024-08-19 00:00:00+00:00,4.484,4.508,4.339,4.343,3586
2024-08-19 04:00:00+00:00,4.343,4.42,4.339,4.39,2787
2024-08-19 08:00:00+00:00,4.39,4.422,4.369,4.413,1964
2024-08-19 12:00:00+00:00,4.413,4.457,4.351,4.452,3778
2024-08-19 16:00:00+00:00,4.453,4.497,4.39,4.426,5561
2024-08-19 20:00:00+00:00,4.427,4.4879999999999995,4.406,4.469,4092
2024-08-20 00:00:00+00:00,4.459,4.55,4.447,4.533,2316
2024-08-20 04:00:00+00:00,4.532,4.598,4.531,4.571,2711
2024-08-20 08:00:00+00:00,4.571,4.587,4.536,4.538,2220
2024-08-20 12:00:00+00:00,4.538,4.562,4.515,4.54,1493
2024-08-20 16:00:00+00:00,4.54,4.567,4.449,4.491,6109
2024-08-20 20:00:00+00:00,4.49,4.569,4.474,4.534,2500
2024-08-21 00:00:00+00:00,4.5280000000000005,4.542,4.504,4.508,1969
2024-08-21 04:00:00+00:00,4.509,4.588,4.489,4.588,2247
2024-08-21 08:00:00+00:00,4.588,4.61,4.548,4.55,2122
2024-08-21 12:00:00+00:00,4.55,4.556,4.519,4.523,2198
2024-08-21 16:00:00+00:00,4.524,4.592,4.487,4.566,5886
2024-08-21 20:00:00+00:00,4.566,4.743,4.556,4.667,4913
2024-08-22 00:00:00+00:00,4.657,4.697,4.636,4.65,2114
2024-08-22 04:00:00+00:00,4.651,4.665,4.588,4.663,2475
2024-08-22 08:00:00+00:00,4.663,4.672,4.64,4.644,1482
2024-08-22 12:00:00+00:00,4.644,4.703,4.635,4.668,2225
2024-08-22 16:00:00+00:00,4.6690000000000005,4.708,4.609,4.621,3840
2024-08-22 20:00:00+00:00,4.621,4.638,4.601,4.635,1976
2024-08-23 00:00:00+00:00,4.628,4.759,4.6129999999999995,4.729,1742
2024-08-23 04:00:00+00:00,4.729,4.736,4.697,4.703,1419
2024-08-23 08:00:00+00:00,4.702,4.775,4.701,4.767,2201
2024-08-23 12:00:00+00:00,4.767,4.772,4.696,4.743,1912
2024-08-23 16:00:00+00:00,4.744,4.816,4.68,4.802,7266
2024-08-23 20:00:00+00:00,4.801,4.889,4.797,4.871,4761
2024-08-24 00:00:00+00:00,4.895,4.948,4.877,4.897,2555
2024-08-24 04:00:00+00:00,4.898,4.898,4.844,4.845,1903
2024-08-24 08:00:00+00:00,4.844,4.901,4.84,4.9,1724
2024-08-24 12:00:00+00:00,4.899,4.976,4.881,4.943,2269
2024-08-24 16:00:00+00:00,4.93,5.037,4.923,5.022,3582
2024-08-24 20:00:00+00:00,5.023,5.094,4.975,5.022,3698
2024-08-25 00:00:00+00:00,4.999,5.013,4.899,4.904,3945
2024-08-25 04:00:00+00:00,4.904,4.9350000000000005,4.839,4.885,4484
2024-08-25 08:00:00+00:00,4.885,4.899,4.744,4.78,4001
2024-08-25 12:00:00+00:00,4.779,4.828,4.768,4.807,3155
2024-08-25 16:00:00+00:00,4.807,4.891,4.804,4.837,3909
2024-08-25 20:00:00+00:00,4.837,4.864,4.796,4.825,2600
2024-08-26 00:00:00+00:00,4.8309999999999995,4.889,4.784,4.823,4153
2024-08-26 04:00:00+00:00,4.822,4.844,4.747,4.814,3928
2024-08-26 08:00:00+00:00,4.814,4.817,4.694,4.74,3962
2024-08-26 12:00:00+00:00,4.739,4.759,4.648,4.666,4746
2024-08-26 16:00:00+00:00,4.665,4.697,4.616,4.647,6129
2024-08-26 20:00:00+00:00,4.646,4.657,4.509,4.57,6254
2024-08-27 00:00:00+00:00,4.564,4.596,4.524,4.577,2708
2024-08-27 04:00:00+00:00,4.576,4.636,4.564,4.624,2879
2024-08-27 08:00:00+00:00,4.624,4.6530000000000005,4.566,4.579,2740
2024-08-27 12:00:00+00:00,4.579,4.595,4.493,4.54,5208
2024-08-27 16:00:00+00:00,4.54,4.561,4.491,4.5120000000000005,5990
2024-08-27 20:00:00+00:00,4.5120000000000005,4.575,4.501,4.508,3484
2024-08-28 00:00:00+00:00,4.517,4.519,4.235,4.345,9143
2024-08-28 04:00:00+00:00,4.345,4.359,4.309,4.338,4290
2024-08-28 08:00:00+00:00,4.339,4.376,4.268,4.34,3529
2024-08-28 12:00:00+00:00,4.34,4.448,4.326,4.385,4403
2024-08-28 16:00:00+00:00,4.386,4.397,4.159,4.279,9827
2024-08-28 20:00:00+00:00,4.279,4.336,4.213,4.284,9004
2024-08-29 00:00:00+00:00,4.268,4.296,4.206,4.277,4071
2024-08-29 04:00:00+00:00,4.276,4.289,4.239,4.257,3220
2024-08-29 08:00:00+00:00,4.257,4.319,4.256,4.283,2693
2024-08-29 12:00:00+00:00,4.283,4.338,4.272,4.325,3422
2024-08-29 16:00:00+00:00,4.324,4.398,4.318,4.33,4160
2024-08-29 20:00:00+00:00,4.33,4.345,4.186,4.218,5755
2024-08-30 00:00:00+00:00,4.217,4.267,4.172,4.247,3082
2024-08-30 04:00:00+00:00,4.247,4.267,4.23,4.259,2881
2024-08-30 08:00:00+00:00,4.258,4.327,4.2379999999999995,4.312,2505
2024-08-30 12:00:00+00:00,4.312,4.321,4.265,4.282,2938
2024-08-30 16:00:00+00:00,4.281,4.296,4.094,4.188,9513
2024-08-30 20:00:00+00:00,4.188,4.269,4.172,4.229,5438
2024-08-31 00:00:00+00:00,4.236,4.305,4.223,4.286,1794
2024-08-31 04:00:00+00:00,4.286,4.307,4.27,4.306,1451
2024-08-31 08:00:00+00:00,4.306,4.311,4.254,4.264,1084
2024-08-31 12:00:00+00:00,4.264,4.291,4.251,4.273,1644
2024-08-31 16:00:00+00:00,4.273,4.28,4.192,4.234,1859
2024-08-31 20:00:00+00:00,4.234,4.265,4.155,4.228,7010
2024-09-01 00:00:00+00:00,4.192,4.265,4.181,4.236,3555
2024-09-01 04:00:00+00:00,4.236,4.242,4.131,4.205,5668
2024-09-01 08:00:00+00:00,4.205,4.209,4.121,4.188,4424
2024-09-01 12:00:00+00:00,4.179,4.191,4.121,4.154,3708
2024-09-01 16:00:00+00:00,4.155,4.194,4.097,4.14,8076
2024-09-01 20:00:00+00:00,4.141,4.213,4.08,4.182,6833
2024-09-02 00:00:00+00:00,4.175,4.177,4.022,4.094,7154
2024-09-02 04:00:00+00:00,4.094,4.119,4.059,4.059,4602
2024-09-02 08:00:00+00:00,4.059,4.14,4.045,4.117,4086
2024-09-02 12:00:00+00:00,4.117,4.202,4.092,4.171,4689
2024-09-02 16:00:00+00:00,4.171,4.177,4.115,4.131,4396
2024-09-02 20:00:00+00:00,4.132,4.218,4.13,4.206,3109
2024-09-03 00:00:00+00:00,4.223,4.223,4.192,4.216,2058
2024-09-03 04:00:00+00:00,4.215,4.274,4.205,4.239,3421
2024-09-03 08:00:00+00:00,4.239,4.268,4.214,4.224,2664
2024-09-03 12:00:00+00:00,4.223,4.276,4.211,4.249,2480
2024-09-03 16:00:00+00:00,4.25,4.258,4.088,4.104,7131
2024-09-03 20:00:00+00:00,4.104,4.146,4.092,4.127,3242
2024-09-04 00:00:00+00:00,4.117,4.13,3.964,3.979,3699
2024-09-04 04:00:00+00:00,3.981,4.032,3.841,4.031,7320
2024-09-04 08:00:00+00:00,4.03,4.084,3.997,4.042,5185
2024-09-04 12:00:00+00:00,4.041,4.05,3.976,4.001,5203
2024-09-04 16:00:00+00:00,4.0,4.169,3.975,4.15,11158
2024-09-04 20:00:00+00:00,4.148,4.151,4.053,4.115,6508
2024-09-05 00:00:00+00:00,4.115,4.153,4.054,4.062,4921
2024-09-05 04:00:00+00:00,4.062,4.107,3.964,4.008,4479
2024-09-05 08:00:00+00:00,4.008,4.082,3.961,4.037,4070
2024-09-05 12:00:00+00:00,4.038,4.047,3.992,4.012,4442
2024-09-05 16:00:00+00:00,4.013,4.08,3.944,3.973,7752
2024-09-05 20:00:00+00:00,3.973,4.032,3.963,4.01,4640
2024-09-06 00:00:00+00:00,4.005,4.016,3.965,3.996,2407
2024-09-06 04:00:00+00:00,3.996,4.054,3.982,4.026,3798
2024-09-06 08:00:00+00:00,4.025,4.043,3.8810000000000002,3.977,5404
2024-09-06 12:00:00+00:00,3.977,4.089,3.92,4.085,5226
2024-09-06 16:00:00+00:00,4.085,4.085,3.878,3.958,14292
2024-09-06 20:00:00+00:00,3.958,3.981,3.8040000000000003,3.818,10341
2024-09-07 00:00:00+00:00,3.874,3.963,3.863,3.943,3802
2024-09-07 04:00:00+00:00,3.944,3.991,3.873,3.991,4316
2024-09-07 08:00:00+00:00,3.99,4.034,3.916,4.031,6217
2024-09-07 12:00:00+00:00,4.03,4.044,3.939,4.033,4491
2024-09-07 16:00:00+00:00,4.033,4.105,3.9779999999999998,4.061,5591
2024-09-07 20:00:00+00:00,4.062,4.102,3.984,4.063,5908
2024-09-08 00:00:00+00:00,4.066,4.072,3.998,4.049,3510
2024-09-08 04:00:00+00:00,4.048,4.113,4.04,4.111,3092
2024-09-08 08:00:00+00:00,4.111,4.119,4.056,4.119,3571
2024-09-08 12:00:00+00:00,4.118,4.172,4.076,4.117,4054
2024-09-08 16:00:00+00:00,4.117,4.125,4.049,4.089,6273
2024-09-08 20:00:00+00:00,4.088,4.136,4.064,4.113,4197
2024-09-09 00:00:00+00:00,4.115,4.179,4.069,4.136,6318
2024-09-09 04:00:00+00:00,4.136,4.172,4.068,4.096,5696
2024-09-09 08:00:00+00:00,4.096,4.179,4.063,4.17,5298
2024-09-09 12:00:00+00:00,4.17,4.18,4.085,4.148,4991
2024-09-09 16:00:00+00:00,4.148,4.24,4.062,4.223,8157
2024-09-09 20:00:00+00:00,4.223,4.306,4.188,4.265,5742
2024-09-10 00:00:00+00:00,4.266,4.312,4.185,4.244,5289
2024-09-10 04:00:00+00:00,4.244,4.265,4.18,4.218,3131
2024-09-10 08:00:00+00:00,4.218,4.2620000000000005,4.186,4.222,3065
2024-09-10 12:00:00+00:00,4.222,4.245,4.148,4.195,2903
2024-09-10 16:00:00+00:00,4.196,4.219,4.142,4.208,6815
2024-09-10 20:00:00+00:00,4.208,4.246,4.175,4.216,4605
2024-09-11 00:00:00+00:00,4.215,4.239,4.178,4.224,2568
2024-09-11 04:00:00+00:00,4.225,4.248,4.069,4.124,5810
2024-09-11 08:00:00+00:00,4.124,4.132,4.071,4.085,3557
2024-09-11 12:00:00+00:00,4.085,4.149,4.074,4.127,3815
2024-09-11 16:00:00+00:00,4.127,4.163,4.033,4.152,8408
2024-09-11 20:00:00+00:00,4.152,4.174,4.097,4.139,4319
2024-09-12 00:00:00+00:00,4.144,4.209,4.115,4.186,2872
2024-09-12 04:00:00+00:00,4.186,4.234,4.119,4.201,3811
2024-09-12 08:00:00+00:00,4.201,4.216,4.143,4.188,2738
2024-09-12 12:00:00+00:00,4.188,4.221,4.1370000000000005,4.211,3358
2024-09-12 16:00:00+00:00,4.211,4.249,4.133,4.248,7442
2024-09-12 20:00:00+00:00,4.248,4.279,4.172,4.245,4497
2024-09-13 00:00:00+00:00,4.251,4.293,4.198,4.258,3242
2024-09-13 04:00:00+00:00,4.258,4.301,4.215,4.255,2871
2024-09-13 08:00:00+00:00,4.246,4.309,4.184,4.299,2759
2024-09-13 12:00:00+00:00,4.299,4.322,4.231,4.269,3802
2024-09-13 16:00:00+00:00,4.268,4.433,4.225,4.425,8122
2024-09-13 20:00:00+00:00,4.425,4.449,4.375,4.392,4972
2024-09-14 00:00:00+00:00,4.429,4.434,4.368,4.38,2342
2024-09-14 04:00:00+00:00,4.38,4.411,4.366,4.385,1480
2024-09-14 08:00:00+00:00,4.385,4.3870000000000005,4.317,4.357,1805
2024-09-14 12:00:00+00:00,4.357,4.3629999999999995,4.29,4.353,1849
2024-09-14 16:00:00+00:00,4.353,4.3870000000000005,4.276,4.384,3026
2024-09-14 20:00:00+00:00,4.384,4.396,4.332,4.389,2706
2024-09-15 00:00:00+00:00,4.383,4.436,4.361,4.427,2664
2024-09-15 04:00:00+00:00,4.428,4.489,4.4,4.45,3347
2024-09-15 08:00:00+00:00,4.449,4.493,4.419,4.485,2352
2024-09-15 12:00:00+00:00,4.492,4.51,4.439,4.474,4270
2024-09-15 16:00:00+00:00,4.474,4.5280000000000005,4.45,4.457,5603
2024-09-15 20:00:00+00:00,4.457,4.477,4.416,4.43,3303
2024-09-16 00:00:00+00:00,4.401,4.41,4.313,4.337,4559
2024-09-16 04:00:00+00:00,4.336,4.339,4.194,4.256,5712
2024-09-16 08:00:00+00:00,4.255,4.333,4.242,4.323,3046
2024-09-16 12:00:00+00:00,4.323,4.332,4.205,4.249,4290
2024-09-16 16:00:00+00:00,4.249,4.261,4.167,4.192,5453
2024-09-16 20:00:00+00:00,4.193,4.21,4.133,4.157,4857
2024-09-17 00:00:00+00:00,4.153,4.18,4.096,4.12,2736
2024-09-17 04:00:00+00:00,4.12,4.181,4.078,4.161,2939
2024-09-17 08:00:00+00:00,4.162,4.198,4.138,4.176,2270
2024-09-17 12:00:00+00:00,4.176,4.193,4.097,4.166,4193
2024-09-17 16:00:00+00:00,4.188,4.26,4.125,4.189,8928
2024-09-17 20:00:00+00:00,4.189,4.197,4.057,4.123,6297
2024-09-18 00:00:00+00:00,4.131,4.154,4.073,4.109,2686
2024-09-18 04:00:00+00:00,4.109,4.149,4.076,4.114,3035
2024-09-18 08:00:00+00:00,4.113,4.132,4.061,4.103,2067
2024-09-18 12:00:00+00:00,4.103,4.103,3.963,4.044,3154
2024-09-18 16:00:00+00:00,4.044,4.053,3.868,3.9779999999999998,5917
2024-09-18 20:00:00+00:00,3.9779999999999998,4.118,3.919,4.06,11736
2024-09-19 00:00:00+00:00,4.056,4.239,4.051,4.217,4034
2024-09-19 04:00:00+00:00,4.217,4.229,4.163,4.2,3743
2024-09-19 08:00:00+00:00,4.201,4.229,4.147,4.147,2744
2024-09-19 12:00:00+00:00,4.148,4.2379999999999995,4.132,4.208,3309
2024-09-19 16:00:00+00:00,4.208,4.318,4.178,4.304,5609
2024-09-19 20:00:00+00:00,4.304,4.322,4.254,4.264,3892
2024-09-20 00:00:00+00:00,4.254,4.266,4.185,4.192,2921
2024-09-20 04:00:00+00:00,4.192,4.351,4.159,4.341,4321
2024-09-20 08:00:00+00:00,4.341,4.374,4.32,4.348,3758
2024-09-20 12:00:00+00:00,4.348,4.3870000000000005,4.243,4.298,4651
2024-09-20 16:00:00+00:00,4.298,4.306,4.201,4.268,7713
2024-09-20 20:00:00+00:00,4.268,4.288,4.187,4.265,4110
2024-09-21 00:00:00+00:00,4.272,4.334,4.249,4.33,3132
2024-09-21 04:00:00+00:00,4.33,4.338,4.246,4.266,3575
2024-09-21 08:00:00+00:00,4.267,4.319,4.24,4.294,2713
2024-09-21 12:00:00+00:00,4.293,4.344,4.26,4.343,2625
2024-09-21 16:00:00+00:00,4.342,4.423,4.29,4.409,5940
2024-09-21 20:00:00+00:00,4.41,4.421,4.33,4.388,3646
2024-09-22 00:00:00+00:00,4.389,4.454,4.3469999999999995,4.419,4551
2024-09-22 04:00:00+00:00,4.419,4.43,4.341,4.386,4436
2024-09-22 08:00:00+00:00,4.3870000000000005,4.391,4.305,4.35,2533
2024-09-22 12:00:00+00:00,4.305,4.346,4.302,4.343,1422
2024-09-22 16:00:00+00:00,4.343,4.345,4.242,4.293,4202
2024-09-22 20:00:00+00:00,4.293,4.327,4.246,4.305,3430
2024-09-23 00:00:00+00:00,4.313,4.316,4.12,4.301,7801
2024-09-23 04:00:00+00:00,4.302,4.41,4.241,4.337,11323
2024-09-23 08:00:00+00:00,4.336,4.405,4.266,4.315,5897
2024-09-23 12:00:00+00:00,4.316,4.38,4.27,4.33,4387
2024-09-23 16:00:00+00:00,4.33,4.417,4.26,4.375,8403
2024-09-23 20:00:00+00:00,4.375,4.405,4.328,4.386,3531
2024-09-24 00:00:00+00:00,4.39,4.468,4.35,4.389,4085
2024-09-24 04:00:00+00:00,4.39,4.493,4.358,4.428,6931
2024-09-24 08:00:00+00:00,4.429,4.546,4.3629999999999995,4.538,5490
2024-09-24 12:00:00+00:00,4.538,4.594,4.454,4.559,5358
2024-09-24 16:00:00+00:00,4.559,4.602,4.391,4.515,9829
2024-09-24 20:00:00+00:00,4.515,4.589,4.417,4.5600000000000005,7718
2024-09-25 00:00:00+00:00,4.561,4.6530000000000005,4.494,4.61,7502
2024-09-25 04:00:00+00:00,4.609,4.677,4.525,4.647,6560
2024-09-25 08:00:00+00:00,4.647,4.6690000000000005,4.553,4.592,5543
2024-09-25 12:00:00+00:00,4.592,4.67,4.578,4.626,4013
2024-09-25 16:00:00+00:00,4.627,4.745,4.6,4.731,9753
2024-09-25 20:00:00+00:00,4.732,4.744,4.636,4.689,8374
2024-09-26 00:00:00+00:00,4.679,4.6899999999999995,4.51,4.553,7307
2024-09-26 04:00:00+00:00,4.554,4.655,4.515,4.649,7070
2024-09-26 08:00:00+00:00,4.649,4.808,4.634,4.74,5200
2024-09-26 12:00:00+00:00,4.739,4.788,4.675,4.6850000000000005,5905
2024-09-26 16:00:00+00:00,4.686,4.857,4.682,4.838,8183
2024-09-26 20:00:00+00:00,4.839,4.861,4.693,4.73,6427
2024-09-27 00:00:00+00:00,4.736,4.832,4.692,4.822,4191
2024-09-27 04:00:00+00:00,4.823,4.904,4.802,4.889,5309
2024-09-27 08:00:00+00:00,4.889,4.932,4.841,4.875,3876
2024-09-27 12:00:00+00:00,4.875,4.911,4.809,4.899,4660
2024-09-27 16:00:00+00:00,4.899,4.932,4.836,4.924,6389
2024-09-27 20:00:00+00:00,4.923,4.927,4.813,4.862,3700
2024-09-28 00:00:00+00:00,4.85,4.88,4.839,4.861,1631
2024-09-28 04:00:00+00:00,4.861,4.9,4.846,4.867,2507
2024-09-28 08:00:00+00:00,4.866,4.868,4.754,4.763,3946
2024-09-28 12:00:00+00:00,4.7620000000000005,4.818,4.719,4.769,3719
2024-09-28 16:00:00+00:00,4.77,4.807,4.724,4.758,3776
2024-09-28 20:00:00+00:00,4.757,4.792,4.749,4.766,1942
2024-09-29 00:00:00+00:00,4.7620000000000005,4.799,4.708,4.747,3658
2024-09-29 04:00:00+00:00,4.747,4.8,4.729,4.75,4372
2024-09-29 08:00:00+00:00,4.75,4.766,4.658,4.684,4465
2024-09-29 12:00:00+00:00,4.684,4.721,4.591,4.674,3934
2024-09-29 16:00:00+00:00,4.674,4.764,4.648,4.754,5519
2024-09-29 20:00:00+00:00,4.754,4.828,4.739,4.777,4134
2024-09-30 00:00:00+00:00,4.782,4.808,4.673,4.72,4491
2024-09-30 04:00:00+00:00,4.719,4.732,4.604,4.641,6048
2024-09-30 08:00:00+00:00,4.641,4.698,4.63,4.674,3862
2024-09-30 12:00:00+00:00,4.673,4.673,4.505,4.618,5829
2024-09-30 16:00:00+00:00,4.619,4.633,4.466,4.515,5853
2024-09-30 20:00:00+00:00,4.516,4.529,4.454,4.507,5285
2024-10-01 00:00:00+00:00,4.5,4.5120000000000005,4.33,4.445,7459
2024-10-01 04:00:00+00:00,4.445,4.511,4.419,4.501,5101
2024-10-01 08:00:00+00:00,4.501,4.552,4.433,4.513,3751
2024-10-01 12:00:00+00:00,4.5120000000000005,4.527,4.444,4.469,3910
2024-10-01 16:00:00+00:00,4.469,4.475,4.178,4.234,16189
2024-10-01 20:00:00+00:00,4.233,4.233,4.023,4.136,16287
2024-10-02 00:00:00+00:00,4.143,4.193,4.086,4.16,6144
2024-10-02 04:00:00+00:00,4.161,4.21,4.107,4.18,7138
2024-10-02 08:00:00+00:00,4.179,4.244,4.125,4.232,5947
2024-10-02 12:00:00+00:00,4.233,4.2379999999999995,4.076,4.092,8160
2024-10-02 16:00:00+00:00,4.092,4.171,4.03,4.089,10788
2024-10-02 20:00:00+00:00,4.089,4.108,3.912,4.084,10901
2024-10-03 00:00:00+00:00,4.083,4.113,3.973,4.084,7415
2024-10-03 04:00:00+00:00,4.083,4.155,4.065,4.121,5423
2024-10-03 08:00:00+00:00,4.122,4.127,3.983,4.012,5550
2024-10-03 12:00:00+00:00,4.011,4.069,3.953,4.01,8399
2024-10-03 16:00:00+00:00,4.011,4.082,3.933,4.019,14024
2024-10-03 20:00:00+00:00,4.02,4.112,3.974,4.08,8090
2024-10-04 00:00:00+00:00,4.065,4.115,4.027,4.084,7734
2024-10-04 04:00:00+00:00,4.084,4.154,4.052,4.106,5594
2024-10-04 08:00:00+00:00,4.106,4.163,4.068,4.106,3701
2024-10-04 12:00:00+00:00,4.106,4.184,4.096,4.183,4004
2024-10-04 16:00:00+00:00,4.182,4.198,4.068,4.19,6937
2024-10-04 20:00:00+00:00,4.189,4.199,4.124,4.149,3984
2024-10-05 00:00:00+00:00,4.164,4.192,4.146,4.191,1790
2024-10-05 04:00:00+00:00,4.191,4.205,4.12,4.154,2660
2024-10-05 08:00:00+00:00,4.153,4.182,4.144,4.164,1774
2024-10-05 12:00:00+00:00,4.164,4.181,4.154,4.177,1287
2024-10-05 16:00:00+00:00,4.176,4.185,4.094,4.111,2312
2024-10-05 20:00:00+00:00,4.111,4.122,4.041,4.058,2607
2024-10-06 00:00:00+00:00,4.056,4.114,4.041,4.105,1738
2024-10-06 04:00:00+00:00,4.105,4.136,4.069,4.088,2042
2024-10-06 08:00:00+00:00,4.088,4.116,4.082,4.106,1755
2024-10-06 12:00:00+00:00,4.106,4.13,4.097,4.127,1633
2024-10-06 16:00:00+00:00,4.128,4.166,4.101,4.139,3262
2024-10-06 20:00:00+00:00,4.139,4.157,4.123,4.145,1867
2024-10-07 00:00:00+00:00,4.151,4.198,4.119,4.197,3103
2024-10-07 04:00:00+00:00,4.196,4.243,4.177,4.224,3111
2024-10-07 08:00:00+00:00,4.223,4.245,4.198,4.209,1689
2024-10-07 12:00:00+00:00,4.21,4.214,4.1,4.138,4195
2024-10-07 16:00:00+00:00,4.138,4.245,4.13,4.207,7282
2024-10-07 20:00:00+00:00,4.206,4.235,4.134,4.153,5598
2024-10-08 00:00:00+00:00,4.17,4.206,4.087,4.127,4635
2024-10-08 04:00:00+00:00,4.128,4.155,4.097,4.141,3535
2024-10-08 08:00:00+00:00,4.141,4.146,4.063,4.102,4046
2024-10-08 12:00:00+00:00,4.102,4.135,4.079,4.089,2184
2024-10-08 16:00:00+00:00,4.089,4.143,4.008,4.114,7582
2024-10-08 20:00:00+00:00,4.115,4.118,4.036,4.082,4692
2024-10-09 00:00:00+00:00,4.09,4.108,4.031,4.099,2866
2024-10-09 04:00:00+00:00,4.1,4.114,4.061,4.082,3145
2024-10-09 08:00:00+00:00,4.082,4.14,4.062,4.071,2521
2024-10-09 12:00:00+00:00,4.07,4.094,4.016,4.037,2038
2024-10-09 16:00:00+00:00,4.035,4.096,3.995,4.061,5117
2024-10-09 20:00:00+00:00,4.06,4.066,3.9290000000000003,3.936,4477
2024-10-10 00:00:00+00:00,3.9459999999999997,4.012,3.939,3.977,2994
2024-10-10 04:00:00+00:00,3.976,4.039,3.973,4.026,2188
2024-10-10 08:00:00+00:00,4.026,4.045,3.981,3.987,2081
2024-10-10 12:00:00+00:00,3.987,4.061,3.949,4.005,4716
2024-10-10 16:00:00+00:00,4.004,4.038,3.959,4.017,7324
2024-10-10 20:00:00+00:00,4.018,4.04,3.918,4.01,5663
2024-10-11 00:00:00+00:00,4.007,4.063,3.99,4.044,3097
2024-10-11 04:00:00+00:00,4.045,4.084,4.009,4.068,3174
2024-10-11 08:00:00+00:00,4.068,4.092,4.03,4.061,2194
2024-10-11 12:00:00+00:00,4.061,4.139,4.053,4.112,2230
2024-10-11 16:00:00+00:00,4.112,4.179,4.082,4.157,3014
2024-10-11 20:00:00+00:00,4.156,4.186,4.123,4.148,1912
2024-10-12 00:00:00+00:00,4.156,4.169,4.127,4.165,1633
2024-10-12 04:00:00+00:00,4.166,4.172,4.117,4.15,2282
2024-10-12 08:00:00+00:00,4.15,4.191,4.143,4.181,1596
2024-10-12 12:00:00+00:00,4.182,4.219,4.177,4.216,2706
2024-10-12 16:00:00+00:00,4.215,4.233,4.18,4.18,2738
2024-10-12 20:00:00+00:00,4.181,4.195,4.158,4.168,2527
2024-10-13 00:00:00+00:00,4.171,4.192,4.167,4.171,2023
2024-10-13 04:00:00+00:00,4.171,4.172,4.117,4.151,3039
2024-10-13 08:00:00+00:00,4.151,4.173,4.14,4.145,1685
2024-10-13 12:00:00+00:00,4.145,4.166,4.118,4.143,2995
2024-10-13 16:00:00+00:00,4.143,4.156,4.052,4.103,4295
2024-10-13 20:00:00+00:00,4.104,4.121,4.067,4.097,2402
2024-10-14 00:00:00+00:00,4.101,4.15,4.085,4.108,3426
2024-10-14 04:00:00+00:00,4.107,4.25,4.098,4.226,5017
2024-10-14 08:00:00+00:00,4.227,4.248,4.179,4.225,4553
2024-10-14 12:00:00+00:00,4.225,4.287,4.201,4.2620000000000005,5532
2024-10-14 16:00:00+00:00,4.2620000000000005,4.346,4.237,4.301,6239
2024-10-14 20:00:00+00:00,4.302,4.364,4.289,4.326,3102
2024-10-15 00:00:00+00:00,4.325,4.379,4.305,4.355,4932
2024-10-15 04:00:00+00:00,4.356,4.398,4.33,4.374,3619
2024-10-15 08:00:00+00:00,4.375,4.448,4.329,4.448,3254
2024-10-15 12:00:00+00:00,4.449,4.503,4.315,4.423,6230
2024-10-15 16:00:00+00:00,4.423,4.492,4.241,4.392,15564
2024-10-15 20:00:00+00:00,4.393,4.406,4.272,4.286,8253
2024-10-16 00:00:00+00:00,4.3,4.379,4.263,4.348,3774
2024-10-16 04:00:00+00:00,4.348,4.395,4.311,4.325,3639
2024-10-16 08:00:00+00:00,4.326,4.376,4.244,4.288,4459
2024-10-16 12:00:00+00:00,4.289,4.371,4.279,4.316,4274
2024-10-16 16:00:00+00:00,4.316,4.329,4.246,4.286,7083
2024-10-16 20:00:00+00:00,4.287,4.321,4.257,4.298,3420
2024-10-17 00:00:00+00:00,4.302,4.328,4.252,4.285,3426
2024-10-17 04:00:00+00:00,4.286,4.32,4.246,4.268,4059
2024-10-17 08:00:00+00:00,4.267,4.281,4.168,4.233,4006
2024-10-17 12:00:00+00:00,4.232,4.244,4.118,4.208,3406
2024-10-17 16:00:00+00:00,4.207,4.235,4.145,4.187,5277
2024-10-17 20:00:00+00:00,4.188,4.201,4.117,4.161,4486
2024-10-18 00:00:00+00:00,4.155,4.188,4.136,4.146,2654
2024-10-18 04:00:00+00:00,4.145,4.219,4.142,4.188,3657
2024-10-18 08:00:00+00:00,4.189,4.241,4.17,4.218,2855
2024-10-18 12:00:00+00:00,4.219,4.2379999999999995,4.163,4.178,2229
2024-10-18 16:00:00+00:00,4.178,4.288,4.158,4.281,3908
2024-10-18 20:00:00+00:00,4.282,4.287,4.241,4.245,2149
2024-10-19 00:00:00+00:00,4.234,4.32,4.219,4.318,1970
2024-10-19 04:00:00+00:00,4.318,4.452,4.313,4.353,3339
2024-10-19 08:00:00+00:00,4.353,4.382,4.324,4.351,1933
2024-10-19 12:00:00+00:00,4.351,4.364,4.287,4.346,2832
2024-10-19 16:00:00+00:00,4.3469999999999995,4.401,4.314,4.371,2209
2024-10-19 20:00:00+00:00,4.373,4.4030000000000005,4.365,4.391,2384
2024-10-20 00:00:00+00:00,4.39,4.412,4.35,4.371,3388
2024-10-20 04:00:00+00:00,4.372,4.381,4.319,4.366,2626
2024-10-20 08:00:00+00:00,4.365,4.402,4.348,4.367,2300
2024-10-20 12:00:00+00:00,4.368,4.404,4.358,4.384,2303
2024-10-20 16:00:00+00:00,4.383,4.554,4.383,4.514,6025
2024-10-20 20:00:00+00:00,4.515,4.533,4.466,4.518,3620
2024-10-21 00:00:00+00:00,4.516,4.582,4.479,4.563,6785
2024-10-21 04:00:00+00:00,4.563,4.5649999999999995,4.47,4.53,4411
2024-10-21 08:00:00+00:00,4.529,4.561,4.436,4.467,5052
2024-10-21 12:00:00+00:00,4.468,4.491,4.373,4.38,5135
2024-10-21 16:00:00+00:00,4.38,4.431,4.303,4.355,5954
2024-10-21 20:00:00+00:00,4.354,4.375,4.286,4.37,3483
2024-10-22 00:00:00+00:00,4.374,4.379,4.286,4.348,4014
2024-10-22 04:00:00+00:00,4.349,4.398,4.316,4.37,4572
2024-10-22 08:00:00+00:00,4.372,4.405,4.292,4.308,3846
2024-10-22 12:00:00+00:00,4.307,4.359,4.275,4.287,4116
2024-10-22 16:00:00+00:00,4.286,4.336,4.246,4.261,5760
2024-10-22 20:00:00+00:00,4.2620000000000005,4.31,4.256,4.29,2911
2024-10-23 00:00:00+00:00,4.282,4.316,4.267,4.274,2022
2024-10-23 04:00:00+00:00,4.273,4.285,4.214,4.249,2512
2024-10-23 08:00:00+00:00,4.249,4.277,4.195,4.205,4211
2024-10-23 12:00:00+00:00,4.205,4.228,4.153,4.215,3065
2024-10-23 16:00:00+00:00,4.214,4.239,4.123,4.153,4164
2024-10-23 20:00:00+00:00,4.152,4.19,4.074,4.181,4493
2024-10-24 00:00:00+00:00,4.168,4.223,4.131,4.222,3137
2024-10-24 04:00:00+00:00,4.222,4.228,4.164,4.199,3660
2024-10-24 08:00:00+00:00,4.199,4.225,4.123,4.124,2453
2024-10-24 12:00:00+00:00,4.125,4.192,4.097,4.184,2563
2024-10-24 16:00:00+00:00,4.183,4.202,4.143,4.153,3301
2024-10-24 20:00:00+00:00,4.152,4.2,4.1370000000000005,4.197,2109
2024-10-25 00:00:00+00:00,4.19,4.22,4.157,4.16,1943
2024-10-25 04:00:00+00:00,4.161,4.164,4.076,4.089,2549
2024-10-25 08:00:00+00:00,4.089,4.133,4.074,4.122,1985
2024-10-25 12:00:00+00:00,4.122,4.162,4.107,4.109,2318
2024-10-25 16:00:00+00:00,4.109,4.183,4.073,4.142,5421
2024-10-25 20:00:00+00:00,4.143,4.156,4.001,4.05,7787
2024-10-26 00:00:00+00:00,4.095,4.106,3.832,3.99,9164
2024-10-26 04:00:00+00:00,3.99,4.037,3.933,4.004,5802
2024-10-26 08:00:00+00:00,4.004,4.044,3.963,4.026,3712
2024-10-26 12:00:00+00:00,4.027,4.037,3.995,4.033,1956
2024-10-26 16:00:00+00:00,4.033,4.037,3.942,3.996,5877
2024-10-26 20:00:00+00:00,3.996,4.038,3.949,4.013,3104
2024-10-27 00:00:00+00:00,4.016,4.027,3.9939999999999998,4.002,1455
2024-10-27 04:00:00+00:00,4.003,4.025,3.9379999999999997,4.01,2886
2024-10-27 08:00:00+00:00,4.01,4.022,3.9619999999999997,4.018,2050
2024-10-27 12:00:00+00:00,3.995,4.048,3.951,4.026,3578
2024-10-27 16:00:00+00:00,4.026,4.088,3.976,4.087,4751
2024-10-27 20:00:00+00:00,4.088,4.106,4.014,4.091,3124
2024-10-28 00:00:00+00:00,4.092,4.126,4.015,4.119,3765
2024-10-28 04:00:00+00:00,4.119,4.127,3.9939999999999998,4.078,3510
2024-10-28 08:00:00+00:00,4.077,4.169,3.9859999999999998,4.166,4976
2024-10-28 12:00:00+00:00,4.166,4.21,4.118,4.173,3004
2024-10-28 16:00:00+00:00,4.172,4.18,3.9619999999999997,4.008,5355
2024-10-28 20:00:00+00:00,4.008,4.084,3.969,4.067,6456
2024-10-29 00:00:00+00:00,4.062,4.173,4.018,4.155,5184
2024-10-29 04:00:00+00:00,4.154,4.192,4.074,4.165,4497
2024-10-29 08:00:00+00:00,4.165,4.168,4.044,4.114,3172
2024-10-29 12:00:00+00:00,4.115,4.17,4.09,4.144,2869
2024-10-29 16:00:00+00:00,4.144,4.228,4.097,4.219,5744
2024-10-29 20:00:00+00:00,4.219,4.242,4.069,4.153,7879
2024-10-30 00:00:00+00:00,4.157,4.191,4.107,4.169,2907
2024-10-30 04:00:00+00:00,4.168,4.194,4.101,4.178,3659
2024-10-30 08:00:00+00:00,4.178,4.208,4.109,4.15,4234
2024-10-30 12:00:00+00:00,4.15,4.178,4.084,4.132,3529
2024-10-30 16:00:00+00:00,4.132,4.201,4.095,4.141,7141
2024-10-30 20:00:00+00:00,4.142,4.186,4.07,4.184,6264
2024-10-31 00:00:00+00:00,4.19,4.202,4.123,4.185,3981
2024-10-31 04:00:00+00:00,4.185,4.2,4.103,4.151,4498
2024-10-31 08:00:00+00:00,4.151,4.162,4.039,4.086,4510
2024-10-31 12:00:00+00:00,4.086,4.114,3.999,4.05,5558
2024-10-31 16:00:00+00:00,4.05,4.067,3.884,3.952,6985
2024-10-31 20:00:00+00:00,3.952,3.952,3.833,3.91,7238
2024-11-01 00:00:00+00:00,3.9130000000000003,3.956,3.86,3.928,3392
2024-11-01 04:00:00+00:00,3.927,3.958,3.833,3.951,5911
2024-11-01 08:00:00+00:00,3.951,3.955,3.8609999999999998,3.928,3907
2024-11-01 12:00:00+00:00,3.928,3.952,3.891,3.941,3195
2024-11-01 16:00:00+00:00,3.941,3.982,3.824,3.924,9548
2024-11-01 20:00:00+00:00,3.925,3.9379999999999997,3.823,3.899,5988
2024-11-02 00:00:00+00:00,3.871,3.915,3.8449999999999998,3.899,2533
2024-11-02 04:00:00+00:00,3.899,3.927,3.848,3.899,1541
2024-11-02 08:00:00+00:00,3.899,3.933,3.826,3.888,3110
2024-11-02 12:00:00+00:00,3.871,3.91,3.84,3.851,1879
2024-11-02 16:00:00+00:00,3.851,3.872,3.7640000000000002,3.868,5456
2024-11-02 20:00:00+00:00,3.868,3.887,3.836,3.883,3892
2024-11-03 00:00:00+00:00,3.886,3.918,3.8,3.898,3310
2024-11-03 04:00:00+00:00,3.879,3.903,3.724,3.806,8003
2024-11-03 08:00:00+00:00,3.807,3.825,3.708,3.763,5691
2024-11-03 12:00:00+00:00,3.7640000000000002,3.7880000000000003,3.674,3.686,4718
2024-11-03 16:00:00+00:00,3.686,3.765,3.648,3.754,7744
2024-11-03 20:00:00+00:00,3.755,3.809,3.674,3.79,7443
2024-11-04 00:00:00+00:00,3.792,3.803,3.701,3.789,6255
2024-11-04 04:00:00+00:00,3.79,3.825,3.727,3.76,4914
2024-11-04 08:00:00+00:00,3.76,3.7960000000000003,3.695,3.75,5089
2024-11-04 12:00:00+00:00,3.749,3.8129999999999997,3.7039999999999997,3.7720000000000002,7900
2024-11-04 16:00:00+00:00,3.7720000000000002,3.792,3.724,3.759,7025
2024-11-04 20:00:00+00:00,3.759,3.779,3.654,3.672,5797
2024-11-05 00:00:00+00:00,3.7119999999999997,3.775,3.701,3.771,7304
2024-11-05 04:00:00+00:00,3.7720000000000002,3.818,3.726,3.8129999999999997,5837
2024-11-05 08:00:00+00:00,3.814,3.847,3.761,3.83,4893
2024-11-05 12:00:00+00:00,3.83,3.8449999999999998,3.798,3.841,4192
2024-11-05 16:00:00+00:00,3.84,3.906,3.8129999999999997,3.88,7060
2024-11-05 20:00:00+00:00,3.8810000000000002,3.898,3.793,3.843,7594
2024-11-06 00:00:00+00:00,3.857,3.9459999999999997,3.811,3.9130000000000003,8972
2024-11-06 04:00:00+00:00,3.9130000000000003,4.083,3.895,4.065,9205
2024-11-06 08:00:00+00:00,4.065,4.12,3.998,4.074,8231
2024-11-06 12:00:00+00:00,4.074,4.094,4.039,4.077,3468
2024-11-06 16:00:00+00:00,4.078,4.085,4.018,4.045,4452
2024-11-06 20:00:00+00:00,4.046,4.099,4.044,4.068,3382
2024-11-07 00:00:00+00:00,4.051,4.187,4.051,4.164,3899
2024-11-07 04:00:00+00:00,4.164,4.192,4.101,4.13,3673
2024-11-07 08:00:00+00:00,4.13,4.134,4.048,4.064,3375
2024-11-07 12:00:00+00:00,4.063,4.093,4.037,4.05,2905
2024-11-07 16:00:00+00:00,4.051,4.161,4.039,4.14,4976
2024-11-07 20:00:00+00:00,4.14,4.173,4.106,4.157,5048
2024-11-08 00:00:00+00:00,4.165,4.211,4.114,4.157,4745
2024-11-08 04:00:00+00:00,4.157,4.196,4.108,4.191,2928
2024-11-08 08:00:00+00:00,4.192,4.384,4.174,4.297,6199
2024-11-08 12:00:00+00:00,4.296,4.317,4.257,4.303,4623
2024-11-08 16:00:00+00:00,4.303,4.384,4.233,4.296,9521
2024-11-08 20:00:00+00:00,4.295,4.346,4.255,4.317,5156
2024-11-09 00:00:00+00:00,4.329,4.336,4.279,4.286,1978
2024-11-09 04:00:00+00:00,4.286,4.332,4.254,4.331,3044
2024-11-09 08:00:00+00:00,4.33,4.386,4.327,4.365,4433
2024-11-09 12:00:00+00:00,4.365,4.384,4.324,4.3629999999999995,2594
2024-11-09 16:00:00+00:00,4.3629999999999995,4.381,4.305,4.369,4296
2024-11-09 20:00:00+00:00,4.369,4.526,4.36,4.494,4174
2024-11-10 00:00:00+00:00,4.515,4.672,4.5,4.671,7794
2024-11-10 04:00:00+00:00,4.671,5.14,4.64,4.968,10313
2024-11-10 08:00:00+00:00,4.971,5.035,4.888,5.004,8215
2024-11-10 12:00:00+00:00,5.004,5.334,4.993,5.319,13782
2024-11-10 16:00:00+00:00,5.32,5.469,5.14,5.3469999999999995,16787
2024-11-10 20:00:00+00:00,5.3469999999999995,5.447,4.963,5.139,18586
2024-11-11 00:00:00+00:00,5.131,5.288,5.109,5.256,12457
2024-11-11 04:00:00+00:00,5.256,5.369,4.971,4.999,10920
2024-11-11 08:00:00+00:00,4.997,5.104,4.966,5.09,10317
2024-11-11 12:00:00+00:00,5.091,5.168,5.042,5.105,11942
2024-11-11 16:00:00+00:00,5.105,5.265,5.069,5.23,16037
2024-11-11 20:00:00+00:00,5.23,5.364,5.181,5.338,13040
2024-11-12 00:00:00+00:00,5.365,5.7780000000000005,5.226,5.522,18642
2024-11-12 04:00:00+00:00,5.522,5.5809999999999995,5.402,5.441,14986
2024-11-12 08:00:00+00:00,5.44,5.8309999999999995,5.424,5.432,16639
2024-11-12 12:00:00+00:00,5.433,5.523,5.109,5.254,25983
2024-11-12 16:00:00+00:00,5.254,5.375,5.181,5.302,19819
2024-11-12 20:00:00+00:00,5.302,5.425,5.273,5.35,12509
2024-11-13 00:00:00+00:00,5.344,5.421,5.195,5.258,14991
2024-11-13 04:00:00+00:00,5.258,5.277,4.906,4.985,18787
2024-11-13 08:00:00+00:00,4.985,5.11,4.948,5.017,15503
2024-11-13 12:00:00+00:00,5.017,5.242,4.968,5.193,14925
2024-11-13 16:00:00+00:00,5.193,5.43,5.1370000000000005,5.285,20730
2024-11-13 20:00:00+00:00,5.287,5.298,4.945,4.989,19559
2024-11-14 00:00:00+00:00,5.009,5.096,4.98,5.047,10071
2024-11-14 04:00:00+00:00,5.047,5.174,4.976,5.174,9565
2024-11-14 08:00:00+00:00,5.174,5.205,5.031,5.07,11509
2024-11-14 12:00:00+00:00,5.069,5.092,4.908,4.944,11600
2024-11-14 16:00:00+00:00,4.944,5.01,4.764,4.91,14934
2024-11-14 20:00:00+00:00,4.91,4.927,4.819,4.898,8667
2024-11-15 00:00:00+00:00,4.916,4.921,4.676,4.813,13924
2024-11-15 04:00:00+00:00,4.813,4.8469999999999995,4.695,4.819,12046
2024-11-15 08:00:00+00:00,4.819,4.946,4.803,4.932,8879
2024-11-15 12:00:00+00:00,4.933,5.045,4.914,5.022,9704
2024-11-15 16:00:00+00:00,5.022,5.037,4.846,4.996,15704
2024-11-15 20:00:00+00:00,4.996,5.164,4.971,5.158,11059
2024-11-16 00:00:00+00:00,5.145,5.196,5.118,5.189,6492
2024-11-16 04:00:00+00:00,5.19,5.303,5.151,5.298,6419
2024-11-16 08:00:00+00:00,5.299,5.349,5.212,5.33,7941
2024-11-16 12:00:00+00:00,5.332,5.487,5.332,5.396,9562
2024-11-16 16:00:00+00:00,5.397,5.608,5.359,5.59,18486
2024-11-16 20:00:00+00:00,5.59,5.789,5.59,5.765,13292
2024-11-17 00:00:00+00:00,5.757,6.136,5.592,5.663,16513
2024-11-17 04:00:00+00:00,5.665,5.736,5.497,5.579,17264
2024-11-17 08:00:00+00:00,5.579,5.7379999999999995,5.569,5.681,9305
2024-11-17 12:00:00+00:00,5.681,5.688,5.46,5.582,10887
2024-11-17 16:00:00+00:00,5.582,5.589,5.511,5.567,9046
2024-11-17 20:00:00+00:00,5.567,5.568,5.331,5.333,9332
2024-11-18 00:00:00+00:00,5.302,5.791,5.299,5.78,11039
2024-11-18 04:00:00+00:00,5.78,5.834,5.67,5.832,11191
2024-11-18 08:00:00+00:00,5.8309999999999995,5.969,5.724,5.785,11030
2024-11-18 12:00:00+00:00,5.785,5.848,5.622,5.688,12832
2024-11-18 16:00:00+00:00,5.687,5.989,5.671,5.915,16441
2024-11-18 20:00:00+00:00,5.915,5.976,5.696,5.934,15383
2024-11-19 00:00:00+00:00,5.984,6.089,5.882,5.918,11784
2024-11-19 04:00:00+00:00,5.917,6.035,5.817,5.929,10007
2024-11-19 08:00:00+00:00,5.929,5.965,5.735,5.754,9380
2024-11-19 12:00:00+00:00,5.752,6.025,5.7379999999999995,5.772,10493
2024-11-19 16:00:00+00:00,5.773,5.844,5.767,5.786,11746
2024-11-19 20:00:00+00:00,5.787,5.892,5.655,5.744,13017
2024-11-20 00:00:00+00:00,5.754,5.866,5.667,5.812,9427
2024-11-20 04:00:00+00:00,5.813,5.88,5.644,5.811,13254
2024-11-20 08:00:00+00:00,5.811,6.065,5.7940000000000005,6.009,11741
2024-11-20 12:00:00+00:00,6.01,6.063,5.845,6.045,14399
2024-11-20 16:00:00+00:00,6.045,6.072,5.66,5.66,17707
2024-11-20 20:00:00+00:00,5.661,5.786,5.527,5.705,13475
2024-11-21 00:00:00+00:00,5.717,5.8149999999999995,5.682,5.698,8937
2024-11-21 04:00:00+00:00,5.698,5.757,5.47,5.664,15613
2024-11-21 08:00:00+00:00,5.664,5.718,5.592,5.594,9357
2024-11-21 12:00:00+00:00,5.594,5.9559999999999995,5.552,5.8870000000000005,15477
2024-11-21 16:00:00+00:00,5.888,5.954,5.7,5.826,16715
2024-11-21 20:00:00+00:00,5.826,5.896,5.786,5.868,12026
2024-11-22 00:00:00+00:00,5.869,6.163,5.869,6.163,10191
2024-11-22 04:00:00+00:00,6.163,6.266,6.062,6.219,14715
2024-11-22 08:00:00+00:00,6.219,6.245,6.032,6.059,10845
2024-11-22 12:00:00+00:00,6.059,6.24,5.953,6.05,15162
2024-11-22 16:00:00+00:00,6.05,6.414,6.036,6.308,20229
2024-11-22 20:00:00+00:00,6.308,6.451,6.231,6.425,12130
2024-11-23 00:00:00+00:00,6.436,7.189,6.428,7.152,18579
2024-11-23 04:00:00+00:00,7.152,7.603,6.908,7.399,26601
2024-11-23 08:00:00+00:00,7.399,7.789,7.381,7.6690000000000005,23890
2024-11-23 12:00:00+00:00,7.6690000000000005,8.215,7.529,8.093,21981
2024-11-23 16:00:00+00:00,8.096,9.436,8.089,8.644,41003
2024-11-23 20:00:00+00:00,8.644,8.865,8.26,8.631,30821
2024-11-24 00:00:00+00:00,8.677,10.493,8.341,9.487,33844
2024-11-24 04:00:00+00:00,9.488,9.599,8.942,8.98,32772
2024-11-24 08:00:00+00:00,8.979,9.151,8.761,8.833,26891
2024-11-24 12:00:00+00:00,8.833,8.892,8.038,8.765,33797
2024-11-24 16:00:00+00:00,8.765,8.765,8.156,8.394,35871
2024-11-24 20:00:00+00:00,8.393,8.886,8.373,8.886,24033
2024-11-25 00:00:00+00:00,8.894,9.023,8.401,8.533,27941
2024-11-25 04:00:00+00:00,8.533,9.109,8.517,9.076,22440
2024-11-25 08:00:00+00:00,9.076,9.358,9.03,9.137,27707
2024-11-25 12:00:00+00:00,9.136,9.136,8.637,8.649000000000001,23733
2024-11-25 16:00:00+00:00,8.649000000000001,8.812,8.336,8.412,32130
2024-11-25 20:00:00+00:00,8.413,8.59,8.287,8.364,21533
2024-11-26 00:00:00+00:00,8.362,8.456,8.097,8.386,22810
2024-11-26 04:00:00+00:00,8.386,8.436,8.211,8.421,14433
2024-11-26 08:00:00+00:00,8.421,8.436,7.908,8.012,22834
2024-11-26 12:00:00+00:00,8.013,8.054,7.533,7.8309999999999995,32316
2024-11-26 16:00:00+00:00,7.83,8.157,7.741,8.035,25997
2024-11-26 20:00:00+00:00,8.035,8.12,7.77,8.04,27054
2024-11-27 00:00:00+00:00,8.069,8.153,7.827,8.074,20448
2024-11-27 04:00:00+00:00,8.075,8.183,7.962,8.091,17581
2024-11-27 08:00:00+00:00,8.092,8.379,8.065,8.365,17477
2024-11-27 12:00:00+00:00,8.365,8.431,8.132,8.374,19575
2024-11-27 16:00:00+00:00,8.374,8.479,8.214,8.332,21355
2024-11-27 20:00:00+00:00,8.332,8.571,8.307,8.374,15912
2024-11-28 00:00:00+00:00,8.419,8.501,8.316,8.483,19856
2024-11-28 04:00:00+00:00,8.483,8.487,8.11,8.181,14894
2024-11-28 08:00:00+00:00,8.182,8.247,8.112,8.125,10614
2024-11-28 12:00:00+00:00,8.125,8.23,8.094,8.172,16052
2024-11-28 16:00:00+00:00,8.172,8.354,7.993,8.227,19827
2024-11-28 20:00:00+00:00,8.227,8.573,8.227,8.499,15839
2024-11-29 00:00:00+00:00,8.522,8.739,8.492,8.587,17636
2024-11-29 04:00:00+00:00,8.587,8.739,8.431,8.443,13966
2024-11-29 08:00:00+00:00,8.443,8.746,8.429,8.626,13990
2024-11-29 12:00:00+00:00,8.626,8.791,8.599,8.661,14184
2024-11-29 16:00:00+00:00,8.661,9.01,8.571,8.588,20273
2024-11-29 20:00:00+00:00,8.588,8.764,8.58,8.714,10947
2024-11-30 00:00:00+00:00,8.745,9.07,8.654,8.691,18426
2024-11-30 04:00:00+00:00,8.691,8.789,8.594,8.743,11984
2024-11-30 08:00:00+00:00,8.743,9.138,8.686,9.028,21244
2024-11-30 12:00:00+00:00,9.028,9.052,8.741,8.829,14413
2024-11-30 16:00:00+00:00,8.829,8.969,8.764,8.919,17014
2024-11-30 20:00:00+00:00,8.919,9.131,8.872,9.103,13317
2024-12-01 00:00:00+00:00,9.153,9.213,8.76,8.821,20269
2024-12-01 04:00:00+00:00,8.822,8.86,8.688,8.737,14724
2024-12-01 08:00:00+00:00,8.737,8.982,8.735,8.922,9782
2024-12-01 12:00:00+00:00,8.922,9.228,8.874,9.057,15802
2024-12-01 16:00:00+00:00,9.057,9.163,8.942,9.011,14479
2024-12-01 20:00:00+00:00,9.011,9.376,8.962,9.244,20315
2024-12-02 00:00:00+00:00,9.284,9.477,9.126,9.468,23089
2024-12-02 04:00:00+00:00,9.47,9.51,8.897,9.154,27307
2024-12-02 08:00:00+00:00,9.155,9.197,8.539,8.716,30431
2024-12-02 12:00:00+00:00,8.716,8.842,8.442,8.838,27783
2024-12-02 16:00:00+00:00,8.839,9.204,8.745,8.804,34648
2024-12-02 20:00:00+00:00,8.803,9.956,8.795,9.86,27011
2024-12-03 00:00:00+00:00,9.802,10.371,9.654,10.021,23648
2024-12-03 04:00:00+00:00,10.021,10.283,9.906,10.18,19157
2024-12-03 08:00:00+00:00,10.179,10.326,9.771,9.991,25594
2024-12-03 12:00:00+00:00,9.991,10.097,9.337,9.513,26019
2024-12-03 16:00:00+00:00,9.51,9.73,9.042,9.567,32446
2024-12-03 20:00:00+00:00,9.567,9.864,9.402,9.75,18100
2024-12-04 00:00:00+00:00,9.677,9.932,9.647,9.872,24029
2024-12-04 04:00:00+00:00,9.872,10.091,9.66,10.064,16153
2024-12-04 08:00:00+00:00,10.062,10.497,9.92,10.435,14416
2024-12-04 12:00:00+00:00,10.445,11.633,10.376,11.378,43116
2024-12-04 16:00:00+00:00,11.379,11.448,10.335,10.564,33725
2024-12-04 20:00:00+00:00,10.564,11.32,10.547,10.83,31541
2024-12-05 00:00:00+00:00,10.884,10.985,9.895,9.997,22379
2024-12-05 04:00:00+00:00,9.996,10.619,9.985,10.354,26061
2024-12-05 08:00:00+00:00,10.355,10.846,10.291,10.708,20252
2024-12-05 12:00:00+00:00,10.708,11.169,10.686,10.859,19500
2024-12-05 16:00:00+00:00,10.859,11.133,10.684,10.953,25416
2024-12-05 20:00:00+00:00,10.954,11.221,10.492,10.729,26142
2024-12-06 00:00:00+00:00,10.803,10.827,10.171,10.666,22921
2024-12-06 04:00:00+00:00,10.667,10.743,10.416,10.635,18148
2024-12-06 08:00:00+00:00,10.634,10.705,10.19,10.268,18736
2024-12-06 12:00:00+00:00,10.267,10.337,10.003,10.24,25561
2024-12-06 16:00:00+00:00,10.24,10.655,10.161,10.471,26406
2024-12-06 20:00:00+00:00,10.471,10.77,10.44,10.591,18582
2024-12-07 00:00:00+00:00,10.717,10.878,10.512,10.549,18983
2024-12-07 04:00:00+00:00,10.548,10.642,10.445,10.499,17587
2024-12-07 08:00:00+00:00,10.498,10.745,10.387,10.413,17059
2024-12-07 12:00:00+00:00,10.413,10.631,10.298,10.606,17213
2024-12-07 16:00:00+00:00,10.605,10.872,10.502,10.543,23164
2024-12-07 20:00:00+00:00,10.542,10.92,10.54,10.644,19317
2024-12-08 00:00:00+00:00,10.623,10.792,10.533,10.661,14307
2024-12-08 04:00:00+00:00,10.66,10.701,10.347,10.397,14841
2024-12-08 08:00:00+00:00,10.398,10.545,10.182,10.234,14615
2024-12-08 12:00:00+00:00,10.234,10.538,10.161,10.532,16167
2024-12-08 16:00:00+00:00,10.532,10.534,10.21,10.341,15753
2024-12-08 20:00:00+00:00,10.344,10.361,10.218,10.319,12176
2024-12-09 00:00:00+00:00,10.325,10.427,10.14,10.169,17345
2024-12-09 04:00:00+00:00,10.17,10.235,9.887,10.106,20350
2024-12-09 08:00:00+00:00,10.106,10.11,9.396,9.484,27770
2024-12-09 12:00:00+00:00,9.485,9.735,9.343,9.653,27034
2024-12-09 16:00:00+00:00,9.654,9.825,9.42,9.478,26922
2024-12-09 20:00:00+00:00,9.478,9.598,7.523,8.43,39986
2024-12-10 00:00:00+00:00,8.26,8.707,7.5809999999999995,8.574,31636
2024-12-10 04:00:00+00:00,8.574,8.579,7.922,8.547,30778
2024-12-10 08:00:00+00:00,8.547,8.671,8.445,8.539,23881
2024-12-10 12:00:00+00:00,8.539,8.692,8.209,8.363,26613
2024-12-10 16:00:00+00:00,8.363,8.524000000000001,7.601,7.601,37821
2024-12-10 20:00:00+00:00,7.601,8.46,7.576,8.356,30067
2024-12-11 00:00:00+00:00,8.375,8.444,8.021,8.05,22695
2024-12-11 04:00:00+00:00,8.05,8.433,8.019,8.366,21918
2024-12-11 08:00:00+00:00,8.366,8.56,8.246,8.524000000000001,18389
2024-12-11 12:00:00+00:00,8.524000000000001,9.164,8.479,9.075,21021
2024-12-11 16:00:00+00:00,9.075,9.257,8.916,8.965,26407
2024-12-11 20:00:00+00:00,8.965,9.096,8.94,9.077,13908
2024-12-12 00:00:00+00:00,9.07,9.123,8.917,8.961,13081
2024-12-12 04:00:00+00:00,8.961,9.657,8.957,9.492,21163
2024-12-12 08:00:00+00:00,9.492,9.544,9.221,9.259,16302
2024-12-12 12:00:00+00:00,9.259,9.386,9.023,9.16,24156
2024-12-12 16:00:00+00:00,9.16,9.387,9.092,9.315,28627
2024-12-12 20:00:00+00:00,9.315,9.343,8.926,9.061,24567
2024-12-13 00:00:00+00:00,8.981,9.144,8.834,8.956,18919
2024-12-13 04:00:00+00:00,8.957,9.219,8.943,9.004,19786
2024-12-13 08:00:00+00:00,9.004,9.062,8.766,8.96,16956
2024-12-13 12:00:00+00:00,8.96,9.161,8.877,8.998,14884
2024-12-13 16:00:00+00:00,8.998,9.189,8.785,8.967,22993
2024-12-13 20:00:00+00:00,8.967,9.125,8.885,8.992,13850
2024-12-14 00:00:00+00:00,8.968,9.196,8.926,9.1,10380
2024-12-14 04:00:00+00:00,9.099,9.11,8.957,9.012,9897
2024-12-14 08:00:00+00:00,9.012,9.085,8.916,8.919,10618
2024-12-14 12:00:00+00:00,8.919,8.929,8.447,8.532,15044
2024-12-14 16:00:00+00:00,8.533,8.67,8.453,8.487,14309
2024-12-14 20:00:00+00:00,8.487,8.538,8.337,8.457,12489
2024-12-15 00:00:00+00:00,8.481,8.634,8.44,8.616,9764
2024-12-15 04:00:00+00:00,8.616,8.645,8.483,8.551,10039
2024-12-15 08:00:00+00:00,8.551,8.667,8.349,8.641,11426
2024-12-15 12:00:00+00:00,8.641,8.975999999999999,8.613,8.89,15126
2024-12-15 16:00:00+00:00,8.889,9.244,8.889,8.93,14458
2024-12-15 20:00:00+00:00,8.93,9.009,8.704,8.707,10832
2024-12-16 00:00:00+00:00,8.659,9.185,8.627,9.062,17897
2024-12-16 04:00:00+00:00,9.062,9.067,8.81,8.919,12207
2024-12-16 08:00:00+00:00,8.919,8.946,8.698,8.721,13003
2024-12-16 12:00:00+00:00,8.721,8.757,8.568999999999999,8.673,15930
2024-12-16 16:00:00+00:00,8.674,9.157,8.667,9.011,23212
2024-12-16 20:00:00+00:00,9.012,9.092,8.850999999999999,8.943,17589
2024-12-17 00:00:00+00:00,8.947,8.964,8.609,8.725,13790
2024-12-17 04:00:00+00:00,8.725,8.775,8.602,8.687,10141
2024-12-17 08:00:00+00:00,8.687,8.901,8.589,8.865,13224
2024-12-17 12:00:00+00:00,8.864,8.955,8.809,8.864,14827
2024-12-17 16:00:00+00:00,8.863,8.87,8.506,8.799,25210
2024-12-17 20:00:00+00:00,8.798,8.81,8.55,8.662,10680
2024-12-18 00:00:00+00:00,8.652,8.663,8.362,8.386,12955
2024-12-18 04:00:00+00:00,8.385,8.489,8.16,8.215,16184
2024-12-18 08:00:00+00:00,8.216,8.321,8.121,8.277,10917
2024-12-18 12:00:00+00:00,8.276,8.375,8.127,8.218,11613
2024-12-18 16:00:00+00:00,8.218,8.319,8.074,8.275,19850
2024-12-18 20:00:00+00:00,8.275,8.454,7.539,7.897,48003
2024-12-19 00:00:00+00:00,7.8309999999999995,7.901,7.43,7.484,24115
2024-12-19 04:00:00+00:00,7.482,7.656,7.149,7.619,30695
2024-12-19 08:00:00+00:00,7.619,7.65,7.496,7.59,11084
2024-12-19 12:00:00+00:00,7.591,7.784,7.514,7.5809999999999995,14077
2024-12-19 16:00:00+00:00,7.582,7.697,6.978,7.138,49322
2024-12-19 20:00:00+00:00,7.14,7.161,6.747,7.061,53326
2024-12-20 00:00:00+00:00,7.085,7.111,6.816,7.003,18833
2024-12-20 04:00:00+00:00,7.003,7.256,6.953,6.954,13893
2024-12-20 08:00:00+00:00,6.953,7.079,6.392,6.393,37819
2024-12-20 12:00:00+00:00,6.393,6.6850000000000005,6.021,6.656,56096
2024-12-20 16:00:00+00:00,6.656,7.12,6.571,7.103,26835
2024-12-20 20:00:00+00:00,7.104,7.261,7.015,7.159,18835
2024-12-21 00:00:00+00:00,7.258,7.366,7.21,7.288,10681
2024-12-21 04:00:00+00:00,7.288,7.639,7.248,7.636,12780
2024-12-21 08:00:00+00:00,7.6370000000000005,7.785,7.394,7.52,16370
2024-12-21 12:00:00+00:00,7.52,7.589,6.941,7.096,21341
2024-12-21 16:00:00+00:00,7.096,7.162,6.93,7.044,22333
2024-12-21 20:00:00+00:00,7.044,7.069,6.82,6.947,20946
2024-12-22 00:00:00+00:00,6.891,7.022,6.85,6.947,14883
2024-12-22 04:00:00+00:00,6.947,7.012,6.748,6.893,18180
2024-12-22 08:00:00+00:00,6.893,7.248,6.873,7.159,14871
2024-12-22 12:00:00+00:00,7.159,7.197,6.991,7.05,13583
2024-12-22 16:00:00+00:00,7.05,7.067,6.798,6.932,19687
2024-12-22 20:00:00+00:00,6.932,7.019,6.665,6.845,16725
2024-12-23 00:00:00+00:00,6.798,6.91,6.638,6.739,17279
2024-12-23 04:00:00+00:00,6.7379999999999995,7.115,6.662,6.954,19655
2024-12-23 08:00:00+00:00,6.954,7.033,6.786,6.975,16591
2024-12-23 12:00:00+00:00,6.975,7.051,6.862,6.901,13124
2024-12-23 16:00:00+00:00,6.901,7.118,6.82,6.977,24594
2024-12-23 20:00:00+00:00,6.977,7.547,6.908,7.373,19871
2024-12-24 00:00:00+00:00,7.338,7.459,7.202,7.208,12192
2024-12-24 04:00:00+00:00,7.207,7.338,7.134,7.282,8744
2024-12-24 08:00:00+00:00,7.283,7.3,7.165,7.207,8837
2024-12-24 12:00:00+00:00,7.207,7.486,7.168,7.484,10445
2024-12-24 16:00:00+00:00,7.483,7.619,7.406,7.524,18383
2024-12-24 20:00:00+00:00,7.523,7.606,7.348,7.555,13152
2024-12-25 00:00:00+00:00,7.555,7.593,7.467,7.491,8996
2024-12-25 04:00:00+00:00,7.492,7.503,7.399,7.448,9593
2024-12-25 08:00:00+00:00,7.448,7.522,7.37,7.501,10411
2024-12-25 12:00:00+00:00,7.501,7.656,7.338,7.445,15625
2024-12-25 16:00:00+00:00,7.445,7.541,7.338,7.459,11914
2024-12-25 20:00:00+00:00,7.46,7.564,7.396,7.47,9161
2024-12-26 00:00:00+00:00,7.447,7.572,7.371,7.417,9687
2024-12-26 04:00:00+00:00,7.417,7.449,7.215,7.241,10671
2024-12-26 08:00:00+00:00,7.241,7.252,6.916,6.987,12578
2024-12-26 12:00:00+00:00,6.987,7.079,6.922,6.977,8505
2024-12-26 16:00:00+00:00,6.977,7.047,6.8629999999999995,6.921,13674
2024-12-26 20:00:00+00:00,6.921,6.974,6.862,6.951,10091
2024-12-27 00:00:00+00:00,6.962,7.026,6.852,6.989,7186
2024-12-27 04:00:00+00:00,6.989,7.049,6.912,6.981,7459
2024-12-27 08:00:00+00:00,6.981,7.29,6.867,7.223,17290
2024-12-27 12:00:00+00:00,7.223,7.245,7.036,7.063,12735
2024-12-27 16:00:00+00:00,7.063,7.063,6.795,7.012,18296
2024-12-27 20:00:00+00:00,7.012,7.049,6.885,6.8870000000000005,8935
2024-12-28 00:00:00+00:00,6.896,6.917,6.8100000000000005,6.861,6561
2024-12-28 04:00:00+00:00,6.862,6.918,6.828,6.882,6881
2024-12-28 08:00:00+00:00,6.883,6.9,6.771,6.8629999999999995,5559
2024-12-28 12:00:00+00:00,6.864,6.961,6.817,6.934,6275
2024-12-28 16:00:00+00:00,6.933,7.1,6.904,7.05,10984
2024-12-28 20:00:00+00:00,7.05,7.09,7.001,7.085,5172
2024-12-29 00:00:00+00:00,7.081,7.163,7.01,7.014,6285
2024-12-29 04:00:00+00:00,7.015,7.115,7.008,7.037,4318
2024-12-29 08:00:00+00:00,7.037,7.131,7.012,7.061,4921
2024-12-29 12:00:00+00:00,7.061,7.085,6.95,7.027,5693
2024-12-29 16:00:00+00:00,7.028,7.085,6.882,6.902,8631
2024-12-29 20:00:00+00:00,6.902,6.917,6.824,6.869,5658
2024-12-30 00:00:00+00:00,6.846,7.088,6.786,7.019,9788
2024-12-30 04:00:00+00:00,7.018,7.041,6.874,6.923,7670
2024-12-30 08:00:00+00:00,6.923,7.037,6.857,6.88,8246
2024-12-30 12:00:00+00:00,6.881,6.923,6.562,6.589,11325
2024-12-30 16:00:00+00:00,6.59,6.801,6.514,6.783,16569
2024-12-30 20:00:00+00:00,6.782,6.923,6.591,6.636,13258
2024-12-31 00:00:00+00:00,6.634,6.7,6.5649999999999995,6.615,7221
2024-12-31 04:00:00+00:00,6.616,6.643,6.547,6.571,7570
2024-12-31 08:00:00+00:00,6.571,6.791,6.541,6.684,11723
2024-12-31 12:00:00+00:00,6.6850000000000005,6.867,6.6370000000000005,6.828,9607
2024-12-31 16:00:00+00:00,6.828,6.907,6.602,6.6899999999999995,13979
2024-12-31 20:00:00+00:00,6.6899999999999995,6.71,6.619,6.673,8519
2025-01-01 00:00:00+00:00,6.657,6.728,6.594,6.649,4968
2025-01-01 04:00:00+00:00,6.649,6.6690000000000005,6.5969999999999995,6.645,4412
2025-01-01 08:00:00+00:00,6.649,6.657,6.496,6.527,5134
2025-01-01 12:00:00+00:00,6.527,6.728,6.515,6.674,6559
2025-01-01 16:00:00+00:00,6.674,6.853,6.621,6.809,10342
2025-01-01 20:00:00+00:00,6.809,7.117,6.769,7.081,12164
2025-01-02 00:00:00+00:00,7.084,7.198,6.995,7.15,10823
2025-01-02 04:00:00+00:00,7.15,7.241,7.121,7.166,8163
2025-01-02 08:00:00+00:00,7.166,7.334,7.082,7.308,8023
2025-01-02 12:00:00+00:00,7.308,7.337,7.206,7.219,8272
2025-01-02 16:00:00+00:00,7.219,7.312,7.087,7.1370000000000005,14374
2025-01-02 20:00:00+00:00,7.1370000000000005,7.184,7.113,7.15,6885
2025-01-03 00:00:00+00:00,7.135,7.216,7.071,7.2,5618
2025-01-03 04:00:00+00:00,7.2,7.327,7.154,7.215,9579
2025-01-03 08:00:00+00:00,7.215,7.493,7.182,7.477,11286
2025-01-03 12:00:00+00:00,7.478,7.8,7.439,7.708,15193
2025-01-03 16:00:00+00:00,7.708,7.975,7.708,7.7620000000000005,14057
2025-01-03 20:00:00+00:00,7.7620000000000005,7.798,7.614,7.692,7156
2025-01-04 00:00:00+00:00,7.713,7.786,7.617,7.7780000000000005,4959
2025-01-04 04:00:00+00:00,7.779,7.828,7.675,7.747,6812
2025-01-04 08:00:00+00:00,7.748,7.803,7.6370000000000005,7.657,4811
2025-01-04 12:00:00+00:00,7.657,7.812,7.599,7.785,5953
2025-01-04 16:00:00+00:00,7.785,7.866,7.568,7.702,6849
2025-01-04 20:00:00+00:00,7.702,7.726,7.638,7.652,5645
2025-01-05 00:00:00+00:00,7.652,7.704,7.561,7.606,4894
2025-01-05 04:00:00+00:00,7.606,7.667,7.564,7.605,5296
2025-01-05 08:00:00+00:00,7.605,7.719,7.51,7.515,6387
2025-01-05 12:00:00+00:00,7.514,7.595,7.476,7.535,7266
2025-01-05 16:00:00+00:00,7.536,7.633,7.45,7.568,8599
2025-01-05 20:00:00+00:00,7.568,7.652,7.53,7.631,6762
2025-01-06 00:00:00+00:00,7.619,7.724,7.527,7.698,8734
2025-01-06 04:00:00+00:00,7.698,7.82,7.6850000000000005,7.7780000000000005,10307
2025-01-06 08:00:00+00:00,7.7780000000000005,7.798,7.63,7.6370000000000005,7984
2025-01-06 12:00:00+00:00,7.636,7.716,7.563,7.684,6997
2025-01-06 16:00:00+00:00,7.684,7.974,7.584,7.748,16448
2025-01-06 20:00:00+00:00,7.749,7.844,7.684,7.704,8491
2025-01-07 00:00:00+00:00,7.697,7.7780000000000005,7.664,7.772,7967
2025-01-07 04:00:00+00:00,7.772,7.777,7.642,7.6899999999999995,7483
2025-01-07 08:00:00+00:00,7.6899999999999995,7.867,7.678,7.781,8180
2025-01-07 12:00:00+00:00,7.781,7.843,7.638,7.787,10476
2025-01-07 16:00:00+00:00,7.787,7.838,7.138,7.199,21524
2025-01-07 20:00:00+00:00,7.197,7.25,6.992,7.021,16055
2025-01-08 00:00:00+00:00,7.028,7.12,6.968,7.042,9195
2025-01-08 04:00:00+00:00,7.042,7.078,6.829,6.845,14878
2025-01-08 08:00:00+00:00,6.845,6.998,6.696,6.888,13096
2025-01-08 12:00:00+00:00,6.8870000000000005,6.954,6.755,6.792,13587
2025-01-08 16:00:00+00:00,6.793,6.928,6.408,6.647,21219
2025-01-08 20:00:00+00:00,6.647,6.783,6.591,6.667,16703
2025-01-09 00:00:00+00:00,6.691,6.8309999999999995,6.6899999999999995,6.771,6564
2025-01-09 04:00:00+00:00,6.771,6.788,6.665,6.711,9673
2025-01-09 08:00:00+00:00,6.711,6.729,6.535,6.641,12079
2025-01-09 12:00:00+00:00,6.641,6.729,6.481,6.484,13573
2025-01-09 16:00:00+00:00,6.485,6.825,6.449,6.636,17250
2025-01-09 20:00:00+00:00,6.635,6.692,6.433,6.487,16612
2025-01-10 00:00:00+00:00,6.52,6.606,6.474,6.598,8566
2025-01-10 04:00:00+00:00,6.599,6.681,6.569,6.634,8848
2025-01-10 08:00:00+00:00,6.633,6.796,6.606,6.719,10653
2025-01-10 12:00:00+00:00,6.719,6.777,6.469,6.561,11318
2025-01-10 16:00:00+00:00,6.561,6.795,6.48,6.789,18779
2025-01-10 20:00:00+00:00,6.789,6.789,6.673,6.725,10718
2025-01-11 00:00:00+00:00,6.768,6.768,6.663,6.684,4920
2025-01-11 04:00:00+00:00,6.684,6.709,6.612,6.663,4868
2025-01-11 08:00:00+00:00,6.663,6.687,6.58,6.623,4722
2025-01-11 12:00:00+00:00,6.623,6.713,6.6,6.62,5963
2025-01-11 16:00:00+00:00,6.62,6.658,6.57,6.606,6540
2025-01-11 20:00:00+00:00,6.606,6.8629999999999995,6.576,6.837,7236
2025-01-12 00:00:00+00:00,6.838,6.842,6.693,6.779,6964
2025-01-12 04:00:00+00:00,6.779,6.802,6.714,6.728,4883
2025-01-12 08:00:00+00:00,6.728,6.742,6.623,6.643,5025
2025-01-12 12:00:00+00:00,6.643,6.709,6.5969999999999995,6.684,6374
2025-01-12 16:00:00+00:00,6.684,6.744,6.652,6.717,7344
2025-01-12 20:00:00+00:00,6.717,6.748,6.602,6.607,5364
2025-01-13 00:00:00+00:00,6.6,6.792,6.53,6.607,9532
2025-01-13 04:00:00+00:00,6.607,6.622,6.412,6.449,9455
2025-01-13 08:00:00+00:00,6.449,6.491,6.23,6.268,11423
2025-01-13 12:00:00+00:00,6.267,6.273,6.032,6.161,16345
2025-01-13 16:00:00+00:00,6.161,6.337,5.985,6.179,17895
2025-01-13 20:00:00+00:00,6.179,6.408,6.106,6.38,15040
2025-01-14 00:00:00+00:00,6.408,6.466,6.351,6.375,7947
2025-01-14 04:00:00+00:00,6.375,6.484,6.367,6.402,7678
2025-01-14 08:00:00+00:00,6.402,6.575,6.385,6.533,8470
2025-01-14 12:00:00+00:00,6.533,6.537,6.378,6.468,8919
2025-01-14 16:00:00+00:00,6.468,6.577,6.439,6.566,12630
2025-01-14 20:00:00+00:00,6.566,6.667,6.552,6.62,9853
2025-01-15 00:00:00+00:00,6.643,6.72,6.598,6.673,8107
2025-01-15 04:00:00+00:00,6.673,6.724,6.617,6.682,9155
2025-01-15 08:00:00+00:00,6.682,6.823,6.607,6.626,8992
2025-01-15 12:00:00+00:00,6.626,6.898,6.542,6.897,11549
2025-01-15 16:00:00+00:00,6.897,7.083,6.838,6.877,17199
2025-01-15 20:00:00+00:00,6.877,7.077,6.877,6.9879999999999995,7900
2025-01-16 00:00:00+00:00,6.985,7.183,6.971,7.091,10908
2025-01-16 04:00:00+00:00,7.091,7.104,6.994,7.025,8118
2025-01-16 08:00:00+00:00,7.025,7.049,6.832,6.914,9512
2025-01-16 12:00:00+00:00,6.914,7.376,6.894,7.159,16806
2025-01-16 16:00:00+00:00,7.159,7.339,6.969,7.277,20242
2025-01-16 20:00:00+00:00,7.277,7.335,7.192,7.221,10571
2025-01-17 00:00:00+00:00,7.189,7.333,7.085,7.327,8383
2025-01-17 04:00:00+00:00,7.326,7.398,7.233,7.364,8682
2025-01-17 08:00:00+00:00,7.364,7.418,7.274,7.377,9122
2025-01-17 12:00:00+00:00,7.377,7.428,7.277,7.314,10170
2025-01-17 16:00:00+00:00,7.314,7.491,7.302,7.372,15962
2025-01-17 20:00:00+00:00,7.372,7.583,7.345,7.5280000000000005,10936
2025-01-18 00:00:00+00:00,7.551,7.576,7.428,7.438,6770
2025-01-18 04:00:00+00:00,7.438,7.478,6.969,6.97,14471
2025-01-18 08:00:00+00:00,6.97,7.14,6.917,7.001,14783
2025-01-18 12:00:00+00:00,7.002,7.103,6.909,7.103,13462
2025-01-18 16:00:00+00:00,7.103,7.105,6.839,6.866,16899
2025-01-18 20:00:00+00:00,6.865,6.962,6.825,6.89,10302
2025-01-19 00:00:00+00:00,6.876,7.212,6.876,7.196,9553
2025-01-19 04:00:00+00:00,7.196,7.215,6.83,6.9190000000000005,11729
2025-01-19 08:00:00+00:00,6.9190000000000005,6.922,6.427,6.629,17500
2025-01-19 12:00:00+00:00,6.629,6.668,6.389,6.666,16160
2025-01-19 16:00:00+00:00,6.666,6.88,6.64,6.873,16041
2025-01-19 20:00:00+00:00,6.871,6.884,6.382,6.39,13603
2025-01-20 00:00:00+00:00,6.392,6.494,6.037,6.107,27372
2025-01-20 04:00:00+00:00,6.107,6.375,6.092,6.329,18301
2025-01-20 08:00:00+00:00,6.329,7.09,6.319,6.686,22524
2025-01-20 12:00:00+00:00,6.687,6.721,6.398,6.585,19177
2025-01-20 16:00:00+00:00,6.584,6.632,6.117,6.28,23386
2025-01-20 20:00:00+00:00,6.28,6.461,6.276,6.332,15945
2025-01-21 00:00:00+00:00,6.275,6.432,6.202,6.266,16042
2025-01-21 04:00:00+00:00,6.265,6.289,6.131,6.188,15166
2025-01-21 08:00:00+00:00,6.189,6.392,6.129,6.381,13761
2025-01-21 12:00:00+00:00,6.381,6.592,6.375,6.545,14468
2025-01-21 16:00:00+00:00,6.545,6.776,6.442,6.768,16770
2025-01-21 20:00:00+00:00,6.768,6.8309999999999995,6.6690000000000005,6.728,10647
2025-01-22 00:00:00+00:00,6.716,6.734,6.579,6.591,10085
2025-01-22 04:00:00+00:00,6.591,6.661,6.537,6.572,6773
2025-01-22 08:00:00+00:00,6.572,6.607,6.48,6.5649999999999995,6684
2025-01-22 12:00:00+00:00,6.5649999999999995,6.643,6.496,6.513,7907
2025-01-22 16:00:00+00:00,6.513,6.588,6.451,6.567,10973
2025-01-22 20:00:00+00:00,6.567,6.584,6.436,6.482,8877
2025-01-23 00:00:00+00:00,6.48,6.503,6.315,6.34,9013
2025-01-23 04:00:00+00:00,6.34,6.383,6.2379999999999995,6.326,9724
2025-01-23 08:00:00+00:00,6.325,6.362,6.248,6.272,8287
2025-01-23 12:00:00+00:00,6.272,6.343,6.214,6.324,9644
2025-01-23 16:00:00+00:00,6.324,6.491,6.284,6.3870000000000005,16207
2025-01-23 20:00:00+00:00,6.3870000000000005,6.402,6.182,6.243,14081
2025-01-24 00:00:00+00:00,6.25,6.378,6.201,6.259,8012
2025-01-24 04:00:00+00:00,6.259,6.481,6.19,6.478,10933
2025-01-24 08:00:00+00:00,6.478,6.489,6.379,6.433,7815
2025-01-24 12:00:00+00:00,6.433,6.532,6.409,6.481,6714
2025-01-24 16:00:00+00:00,6.481,6.519,6.396,6.464,11555
2025-01-24 20:00:00+00:00,6.464,6.485,6.307,6.345,8719
2025-01-25 00:00:00+00:00,6.288,6.359,6.234,6.297,5663
2025-01-25 04:00:00+00:00,6.298,6.374,6.284,6.302,4761
2025-01-25 08:00:00+00:00,6.303,6.336,6.259,6.27,5048
2025-01-25 12:00:00+00:00,6.27,6.339,6.249,6.312,4439
2025-01-25 16:00:00+00:00,6.312,6.316,6.27,6.308,1309
2025-01-26 00:00:00+00:00,6.349,6.379,6.257,6.285,4452
2025-01-26 04:00:00+00:00,6.285,6.381,6.251,6.334,4719
2025-01-26 08:00:00+00:00,6.334,6.369,6.264,6.283,4909
2025-01-26 12:00:00+00:00,6.282,6.378,6.272,6.364,4518
2025-01-26 16:00:00+00:00,6.364,6.378,6.308,6.372,3932
2025-01-26 20:00:00+00:00,6.372,6.457,6.341,6.355,4483
2025-01-27 00:00:00+00:00,6.341,6.38,5.993,5.995,14139
2025-01-27 04:00:00+00:00,5.995,6.008,5.793,5.846,12966
2025-01-27 08:00:00+00:00,5.846,5.873,5.462,5.6899999999999995,19669
2025-01-27 12:00:00+00:00,5.6899999999999995,5.841,5.556,5.751,15679
2025-01-27 16:00:00+00:00,5.751,5.893,5.694,5.721,16894
2025-01-27 20:00:00+00:00,5.721,6.006,5.672,5.9030000000000005,12981
2025-01-28 00:00:00+00:00,5.9,5.989,5.865,5.879,7080
2025-01-28 04:00:00+00:00,5.879,6.024,5.874,5.985,6706
2025-01-28 08:00:00+00:00,5.985,5.9879999999999995,5.877,5.9190000000000005,6771
2025-01-28 12:00:00+00:00,5.9190000000000005,5.9559999999999995,5.85,5.877,7649
2025-01-28 16:00:00+00:00,5.877,5.943,5.771,5.811,12318
2025-01-28 20:00:00+00:00,5.8100000000000005,5.845,5.61,5.614,10439
2025-01-29 00:00:00+00:00,5.6129999999999995,5.732,5.586,5.723,8901
2025-01-29 04:00:00+00:00,5.724,5.7940000000000005,5.717,5.7780000000000005,6260
2025-01-29 08:00:00+00:00,5.7780000000000005,5.836,5.724,5.74,5650
2025-01-29 12:00:00+00:00,5.74,5.784,5.602,5.627,7006
2025-01-29 16:00:00+00:00,5.627,5.691,5.578,5.652,9646
2025-01-29 20:00:00+00:00,5.6530000000000005,5.867,5.53,5.825,18928
2025-01-30 00:00:00+00:00,5.825,5.874,5.71,5.826,7867
2025-01-30 04:00:00+00:00,5.826,5.975,5.802,5.9350000000000005,7863
2025-01-30 08:00:00+00:00,5.936,5.969,5.884,5.958,5792
2025-01-30 12:00:00+00:00,5.958,6.095,5.9190000000000005,6.055,6497
2025-01-30 16:00:00+00:00,6.055,6.244,6.052,6.154,11350
2025-01-30 20:00:00+00:00,6.153,6.195,6.099,6.121,6856
2025-01-31 00:00:00+00:00,6.121,6.17,6.079,6.142,5675
2025-01-31 04:00:00+00:00,6.142,6.143,6.017,6.103,5710
2025-01-31 08:00:00+00:00,6.102,6.3,6.097,6.198,8044
2025-01-31 12:00:00+00:00,6.198,6.394,6.144,6.318,8407
2025-01-31 16:00:00+00:00,6.318,6.487,6.288,6.342,11858
2025-01-31 20:00:00+00:00,6.342,6.398,6.179,6.316,14201
2025-02-01 00:00:00+00:00,6.324,6.417,6.28,6.348,5371
2025-02-01 04:00:00+00:00,6.348,6.473,6.332,6.466,6885
2025-02-01 08:00:00+00:00,6.466,6.478,6.273,6.289,8217
2025-02-01 12:00:00+00:00,6.289,6.398,6.232,6.245,7679
2025-02-01 16:00:00+00:00,6.245,6.303,6.233,6.235,2196
2025-02-02 00:00:00+00:00,5.989,6.035,5.845,5.967,9256
2025-02-02 04:00:00+00:00,5.967,5.971,5.6899999999999995,5.828,13460
2025-02-02 08:00:00+00:00,5.828,5.898,5.758,5.829,7644
2025-02-02 12:00:00+00:00,5.829,5.829,5.556,5.702,12471
2025-02-02 16:00:00+00:00,5.702,5.721,5.192,5.237,20173
2025-02-02 20:00:00+00:00,5.236,5.348,5.077,5.112,25628
2025-02-03 00:00:00+00:00,5.12,5.212,3.964,4.233,35207
2025-02-03 04:00:00+00:00,4.234,4.396,3.795,4.39,31689
2025-02-03 08:00:00+00:00,4.39,4.71,4.329,4.578,18843
2025-02-03 12:00:00+00:00,4.578,4.779,4.562,4.621,14271
2025-02-03 16:00:00+00:00,4.621,4.989,4.481,4.942,23726
2025-02-03 20:00:00+00:00,4.942,5.192,4.9,5.18,15844
2025-02-04 00:00:00+00:00,5.179,5.273,5.114,5.156,11856
2025-02-04 04:00:00+00:00,5.156,5.168,4.679,4.693,13764
2025-02-04 08:00:00+00:00,4.693,4.797,4.624,4.672,13579
2025-02-04 12:00:00+00:00,4.671,4.8870000000000005,4.667,4.792,13188
2025-02-04 16:00:00+00:00,4.793,4.91,4.719,4.784,17232
2025-02-04 20:00:00+00:00,4.784,4.938,4.572,4.582,18641
2025-02-05 00:00:00+00:00,4.578,4.785,4.575,4.702,10758
2025-02-05 04:00:00+00:00,4.702,4.796,4.682,4.783,8856
2025-02-05 08:00:00+00:00,4.781,4.782,4.688,4.716,7561
2025-02-05 12:00:00+00:00,4.716,4.855,4.71,4.834,7504
2025-02-05 16:00:00+00:00,4.834,4.851,4.62,4.658,13894
2025-02-05 20:00:00+00:00,4.658,4.78,4.629,4.694,10802
2025-02-06 00:00:00+00:00,4.695,4.744,4.62,4.712,8163
2025-02-06 04:00:00+00:00,4.711,4.782,4.703,4.777,6239
2025-02-06 08:00:00+00:00,4.777,4.829,4.73,4.7940000000000005,6310
2025-02-06 12:00:00+00:00,4.7940000000000005,4.816,4.6530000000000005,4.713,7179
2025-02-06 16:00:00+00:00,4.713,4.724,4.484,4.518,13839
2025-02-06 20:00:00+00:00,4.519,4.584,4.463,4.526,10107
2025-02-07 00:00:00+00:00,4.529,4.618,4.435,4.582,7770
2025-02-07 04:00:00+00:00,4.582,4.609,4.541,4.605,6727
2025-02-07 08:00:00+00:00,4.605,4.693,4.499,4.691,8369
2025-02-07 12:00:00+00:00,4.691,4.848,4.664,4.84,8233
2025-02-07 16:00:00+00:00,4.84,4.93,4.656,4.674,13824
2025-02-07 20:00:00+00:00,4.674,4.753,4.495,4.508,9814
2025-02-08 00:00:00+00:00,4.518,4.644,4.503,4.561,4154
2025-02-08 04:00:00+00:00,4.561,4.612,4.493,4.527,4121
2025-02-08 08:00:00+00:00,4.527,4.623,4.516,4.54,5750
2025-02-08 12:00:00+00:00,4.54,4.589,4.489,4.556,5278
2025-02-08 16:00:00+00:00,4.556,4.584,4.533,4.577,1271
2025-02-09 00:00:00+00:00,4.693,4.781,4.684,4.756,4039
2025-02-09 04:00:00+00:00,4.756,4.835,4.705,4.742,4673
2025-02-09 08:00:00+00:00,4.742,4.801,4.705,4.776,3768
2025-02-09 12:00:00+00:00,4.776,4.867,4.688,4.707,5276
2025-02-09 16:00:00+00:00,4.707,4.842,4.702,4.772,5074
2025-02-09 20:00:00+00:00,4.772,4.782,4.53,4.5809999999999995,6083
2025-02-10 00:00:00+00:00,4.562,4.876,4.502,4.648,9696
2025-02-10 04:00:00+00:00,4.648,4.835,4.6,4.787,9046
2025-02-10 08:00:00+00:00,4.787,4.877,4.759,4.823,5891
2025-02-10 12:00:00+00:00,4.823,4.908,4.764,4.8870000000000005,5728
2025-02-10 16:00:00+00:00,4.8870000000000005,4.912,4.7940000000000005,4.885,7425
2025-02-10 20:00:00+00:00,4.885,4.905,4.8149999999999995,4.842,3939
2025-02-11 00:00:00+00:00,4.844,4.9399999999999995,4.8100000000000005,4.92,4211
2025-02-11 04:00:00+00:00,4.918,5.199,4.852,5.184,6992
2025-02-11 08:00:00+00:00,5.184,5.201,5.023,5.027,6458
2025-02-11 12:00:00+00:00,5.027,5.096,4.877,4.897,6901
2025-02-11 16:00:00+00:00,4.897,5.026,4.862,4.874,7458
2025-02-11 20:00:00+00:00,4.874,4.876,4.7379999999999995,4.8309999999999995,7383
2025-02-12 00:00:00+00:00,4.827,4.866,4.754,4.851,4836
2025-02-12 04:00:00+00:00,4.851,4.851,4.767,4.823,5687
2025-02-12 08:00:00+00:00,4.823,4.872,4.781,4.854,4382
2025-02-12 12:00:00+00:00,4.852,5.012,4.742,4.87,10798
2025-02-12 16:00:00+00:00,4.87,5.214,4.749,5.184,17434
2025-02-12 20:00:00+00:00,5.185,5.318,5.125,5.206,12017
2025-02-13 00:00:00+00:00,5.205,5.298,5.18,5.25,7798
2025-02-13 04:00:00+00:00,5.25,5.25,5.098,5.16,6452
2025-02-13 08:00:00+00:00,5.16,5.17,5.054,5.138,8499
2025-02-13 12:00:00+00:00,5.138,5.196,5.107,5.153,8867
2025-02-13 16:00:00+00:00,5.153,5.183,5.058,5.105,13044
2025-02-13 20:00:00+00:00,5.105,5.186,5.077,5.154,6919
2025-02-14 00:00:00+00:00,5.154,5.161,5.088,5.125,4988
2025-02-14 04:00:00+00:00,5.125,5.235,5.118,5.182,5538
2025-02-14 08:00:00+00:00,5.182,5.273,5.125,5.263,6831
2025-02-14 12:00:00+00:00,5.263,5.284,5.162,5.227,7404
2025-02-14 16:00:00+00:00,5.227,5.338,5.148,5.317,10384
2025-02-14 20:00:00+00:00,5.317,5.368,5.174,5.22,9260
2025-02-15 00:00:00+00:00,5.15,5.194,5.103,5.191,4261
2025-02-15 04:00:00+00:00,5.191,5.21,5.141,5.147,4125
2025-02-15 08:00:00+00:00,5.147,5.154,5.022,5.045,5104
2025-02-15 12:00:00+00:00,5.045,5.108,5.025,5.088,6264
2025-02-15 16:00:00+00:00,5.088,5.089,4.99,5.025,2039
2025-02-16 00:00:00+00:00,5.023,5.036,4.961,4.994,4016
2025-02-16 04:00:00+00:00,4.993,4.998,4.933,4.986,3685
2025-02-16 08:00:00+00:00,4.985,5.006,4.875,4.955,4800
2025-02-16 12:00:00+00:00,4.955,5.016,4.89,4.9,5878
2025-02-16 16:00:00+00:00,4.899,4.954,4.868,4.895,5938
2025-02-16 20:00:00+00:00,4.896,4.92,4.816,4.901,6942
2025-02-17 00:00:00+00:00,4.906,4.944,4.849,4.932,5495
2025-02-17 04:00:00+00:00,4.932,4.945,4.781,4.838,6005
2025-02-17 08:00:00+00:00,4.838,4.943,4.824,4.929,7395
2025-02-17 12:00:00+00:00,4.929,5.005,4.916,4.998,6419
2025-02-17 16:00:00+00:00,4.998,5.06,4.827,4.859,10771
2025-02-17 20:00:00+00:00,4.859,4.921,4.765,4.9190000000000005,9305
2025-02-18 00:00:00+00:00,4.92,4.924,4.8309999999999995,4.891,5408
2025-02-18 04:00:00+00:00,4.891,4.909,4.763,4.776,5416
2025-02-18 08:00:00+00:00,4.776,4.782,4.662,4.774,9792
2025-02-18 12:00:00+00:00,4.774,4.812,4.735,4.7780000000000005,6991
2025-02-18 16:00:00+00:00,4.7780000000000005,4.825,4.548,4.617,14256
2025-02-18 20:00:00+00:00,4.617,4.731,4.598,4.699,8823
2025-02-19 00:00:00+00:00,4.708,4.775,4.693,4.73,4556
2025-02-19 04:00:00+00:00,4.731,4.784,4.686,4.732,5800
2025-02-19 08:00:00+00:00,4.732,4.814,4.724,4.782,4410
2025-02-19 12:00:00+00:00,4.782,4.879,4.771,4.853,4429
2025-02-19 16:00:00+00:00,4.853,4.882,4.774,4.86,6408
2025-02-19 20:00:00+00:00,4.858,4.884,4.804,4.825,4660
2025-02-20 00:00:00+00:00,4.828,4.978,4.813,4.908,4170
2025-02-20 04:00:00+00:00,4.908,5.029,4.904,4.981,3515
2025-02-20 08:00:00+00:00,4.981,4.985,4.917,4.9559999999999995,3228
2025-02-20 12:00:00+00:00,4.9559999999999995,4.985,4.924,4.967,3434
2025-02-20 16:00:00+00:00,4.967,5.025,4.908,5.004,6161
2025-02-20 20:00:00+00:00,5.002,5.054,5.0,5.017,4201
2025-02-21 00:00:00+00:00,5.02,5.059,5.004,5.034,2745
2025-02-21 04:00:00+00:00,5.034,5.086,5.015,5.041,2428
2025-02-21 08:00:00+00:00,5.041,5.142,5.024,5.098,3261
2025-02-21 12:00:00+00:00,5.097,5.328,5.086,5.309,4630
2025-02-21 16:00:00+00:00,5.309,5.32,5.083,5.131,12744
2025-02-21 20:00:00+00:00,5.131,5.163,4.939,5.025,9906
2025-02-22 00:00:00+00:00,5.059,5.205,5.026,5.152,3562
2025-02-22 04:00:00+00:00,5.152,5.188,5.094,5.155,3614
2025-02-22 08:00:00+00:00,5.155,5.163,5.061,5.094,3061
2025-02-22 12:00:00+00:00,5.094,5.123,5.058,5.072,3170
2025-02-22 16:00:00+00:00,5.072,5.082,5.031,5.034,751
2025-02-23 00:00:00+00:00,5.058,5.124,5.023,5.063,3070
2025-02-23 04:00:00+00:00,5.063,5.073,5.023,5.037,3257
2025-02-23 08:00:00+00:00,5.037,5.108,5.031,5.062,3226
2025-02-23 12:00:00+00:00,5.062,5.065,4.9719999999999995,5.013,3408
2025-02-23 16:00:00+00:00,5.013,5.021,4.936,4.963,3680
2025-02-23 20:00:00+00:00,4.963,4.965,4.907,4.924,2145
2025-02-24 00:00:00+00:00,4.924,4.971,4.859,4.874,3566
2025-02-24 04:00:00+00:00,4.874,4.892,4.73,4.809,5907
2025-02-24 08:00:00+00:00,4.809,4.824,4.699,4.743,3569
2025-02-24 12:00:00+00:00,4.743,4.752,4.652,4.704,4433
2025-02-24 16:00:00+00:00,4.704,4.726,4.596,4.672,7697
2025-02-24 20:00:00+00:00,4.672,4.691,4.57,4.59,5346
2025-02-25 00:00:00+00:00,4.583,4.585,4.291,4.36,14737
2025-02-25 04:00:00+00:00,4.36,4.453,4.312,4.4030000000000005,10048
2025-02-25 08:00:00+00:00,4.401,4.41,4.129,4.241,19755
2025-02-25 12:00:00+00:00,4.241,4.506,4.175,4.419,17029
2025-02-25 16:00:00+00:00,4.419,4.524,4.314,4.513,20419
2025-02-25 20:00:00+00:00,4.514,4.744,4.47,4.7059999999999995,12018
2025-02-26 00:00:00+00:00,4.7059999999999995,4.723,4.58,4.65,5009
2025-02-26 04:00:00+00:00,4.649,4.75,4.628,4.693,4544
2025-02-26 08:00:00+00:00,4.693,4.83,4.6899999999999995,4.828,5055
2025-02-26 12:00:00+00:00,4.828,4.86,4.729,4.747,7290
2025-02-26 16:00:00+00:00,4.747,4.92,4.671,4.8100000000000005,16093
2025-02-26 20:00:00+00:00,4.809,4.833,4.605,4.781,20804
2025-02-27 00:00:00+00:00,4.79,4.872,4.703,4.851,9483
2025-02-27 04:00:00+00:00,4.852,4.898,4.783,4.865,6964
2025-02-27 08:00:00+00:00,4.865,5.077,4.841,5.042,6857
2025-02-27 12:00:00+00:00,5.042,5.171,5.027,5.049,9258
2025-02-27 16:00:00+00:00,5.049,5.155,4.937,4.984,12732
2025-02-27 20:00:00+00:00,4.984,5.018,4.833,4.881,8979
2025-02-28 00:00:00+00:00,4.885,4.945,4.674,4.694,10741
2025-02-28 04:00:00+00:00,4.692,4.743,4.496,4.547,20812
2025-02-28 08:00:00+00:00,4.547,4.663,4.442,4.63,16583
2025-02-28 12:00:00+00:00,4.63,4.657,4.471,4.6,10892
2025-02-28 16:00:00+00:00,4.6,4.786,4.598,4.66,9628
2025-02-28 20:00:00+00:00,4.66,4.748,4.651,4.7,4916
2025-03-01 00:00:00+00:00,4.695,4.786,4.675,4.782,2501
2025-03-01 04:00:00+00:00,4.782,4.807,4.689,4.694,4345
2025-03-01 08:00:00+00:00,4.694,4.697,4.606,4.625,3192
2025-03-01 12:00:00+00:00,4.625,4.626,4.514,4.551,4709
2025-03-01 16:00:00+00:00,4.551,4.572,4.538,4.557,1154
2025-03-02 00:00:00+00:00,4.695,4.721,4.625,4.677,3396
2025-03-02 04:00:00+00:00,4.677,4.699,4.648,4.656,2581
2025-03-02 08:00:00+00:00,4.656,4.671,4.587,4.631,2370
2025-03-02 12:00:00+00:00,4.631,4.655,4.576,4.6,2770
2025-03-02 16:00:00+00:00,4.6,5.167,4.555,5.088,24816
2025-03-02 20:00:00+00:00,5.088,5.141,5.002,5.11,7350
2025-03-03 00:00:00+00:00,5.114,5.239,5.077,5.116,8593
2025-03-03 04:00:00+00:00,5.116,5.132,5.042,5.13,4816
2025-03-03 08:00:00+00:00,5.13,5.138,4.7940000000000005,4.872,8026
2025-03-03 12:00:00+00:00,4.872,5.012,4.857,4.987,6272
2025-03-03 16:00:00+00:00,4.987,4.989,4.789,4.851,19192
2025-03-03 20:00:00+00:00,4.851,4.858,4.421,4.422,27722
2025-03-04 00:00:00+00:00,4.43,4.537,4.216,4.255,15181
2025-03-04 04:00:00+00:00,4.255,4.328,4.134,4.284,18283
2025-03-04 08:00:00+00:00,4.284,4.306,4.223,4.229,10190
2025-03-04 12:00:00+00:00,4.229,4.272,4.106,4.13,11728
2025-03-04 16:00:00+00:00,4.13,4.345,4.005,4.274,26693
2025-03-04 20:00:00+00:00,4.274,4.412,4.252,4.34,14046
2025-03-05 00:00:00+00:00,4.335,4.371,4.269,4.356,8119
2025-03-05 04:00:00+00:00,4.356,4.389,4.279,4.296,9854
2025-03-05 08:00:00+00:00,4.296,4.439,4.268,4.411,8408
2025-03-05 12:00:00+00:00,4.411,4.473,4.353,4.382,10878
2025-03-05 16:00:00+00:00,4.382,4.44,4.3,4.406,15422
2025-03-05 20:00:00+00:00,4.406,4.537,4.378,4.532,9419
2025-03-06 00:00:00+00:00,4.527,4.548,4.442,4.502,6906
2025-03-06 04:00:00+00:00,4.501,4.6530000000000005,4.494,4.623,9100
2025-03-06 08:00:00+00:00,4.623,4.63,4.5120000000000005,4.531,6904
2025-03-06 12:00:00+00:00,4.531,4.593,4.462,4.468,6011
2025-03-06 16:00:00+00:00,4.468,4.5280000000000005,4.355,4.383,10577
2025-03-06 20:00:00+00:00,4.383,4.448,4.336,4.41,8320
2025-03-07 00:00:00+00:00,4.419,4.486,4.204,4.386,15378
2025-03-07 04:00:00+00:00,4.386,4.452,4.361,4.43,5209
2025-03-07 08:00:00+00:00,4.43,4.628,4.409,4.578,6050
2025-03-07 12:00:00+00:00,4.578,4.67,4.553,4.59,8220
2025-03-07 16:00:00+00:00,4.591,4.645,4.455,4.525,15775
2025-03-07 20:00:00+00:00,4.526,4.618,4.424,4.448,11562
2025-03-08 00:00:00+00:00,4.436,4.436,4.313,4.343,5245
2025-03-08 04:00:00+00:00,4.343,4.413,4.301,4.3629999999999995,3669
2025-03-08 08:00:00+00:00,4.3629999999999995,4.4,4.317,4.324,3465
2025-03-08 12:00:00+00:00,4.324,4.397,4.284,4.36,3698
2025-03-08 16:00:00+00:00,4.36,4.389,4.331,4.342,1037
2025-03-09 00:00:00+00:00,4.307,4.308,4.258,4.277,2337
2025-03-09 04:00:00+00:00,4.277,4.343,4.26,4.312,3166
2025-03-09 08:00:00+00:00,4.312,4.332,4.282,4.285,1654
2025-03-09 12:00:00+00:00,4.285,4.29,4.174,4.235,4751
2025-03-09 16:00:00+00:00,4.235,4.261,4.071,4.075,8457
2025-03-09 20:00:00+00:00,4.075,4.115,3.972,4.062,12575
2025-03-10 00:00:00+00:00,4.054,4.083,3.963,4.062,8605
2025-03-10 04:00:00+00:00,4.062,4.241,4.042,4.208,7592
2025-03-10 08:00:00+00:00,4.208,4.22,4.115,4.139,4129
2025-03-10 12:00:00+00:00,4.139,4.277,4.127,4.214,9135
2025-03-10 16:00:00+00:00,4.214,4.222,3.985,4.001,16174
2025-03-10 20:00:00+00:00,4.001,4.015,3.768,3.917,18602
2025-03-11 00:00:00+00:00,3.903,3.964,3.648,3.725,12185
2025-03-11 04:00:00+00:00,3.725,3.9210000000000003,3.661,3.896,12784
2025-03-11 08:00:00+00:00,3.896,3.992,3.893,3.967,6092
2025-03-11 12:00:00+00:00,3.967,4.015,3.922,3.93,6244
2025-03-11 16:00:00+00:00,3.93,4.029,3.809,3.993,18464
2025-03-11 20:00:00+00:00,3.993,4.113,3.927,4.077,8602
2025-03-12 00:00:00+00:00,4.067,4.094,3.987,4.008,3967
2025-03-12 04:00:00+00:00,4.008,4.086,3.9050000000000002,3.9290000000000003,6084
2025-03-12 08:00:00+00:00,3.9290000000000003,4.055,3.9210000000000003,4.023,6760
2025-03-12 12:00:00+00:00,4.023,4.084,3.941,4.033,8838
2025-03-12 16:00:00+00:00,4.033,4.048,3.838,3.939,12921
2025-03-12 20:00:00+00:00,3.939,3.9779999999999998,3.9130000000000003,3.955,6936
2025-03-13 00:00:00+00:00,3.936,3.987,3.923,3.935,4952
2025-03-13 04:00:00+00:00,3.935,4.02,3.916,3.943,5481
2025-03-13 08:00:00+00:00,3.943,3.972,3.903,3.9539999999999997,5031
2025-03-13 12:00:00+00:00,3.9539999999999997,4.103,3.953,4.027,7352
2025-03-13 16:00:00+00:00,4.027,4.065,3.879,3.894,9472
2025-03-13 20:00:00+00:00,3.894,3.917,3.818,3.882,5953
2025-03-14 00:00:00+00:00,3.876,4.037,3.867,4.022,3189
2025-03-14 04:00:00+00:00,4.022,4.052,4.005,4.026,2847
2025-03-14 08:00:00+00:00,4.026,4.08,4.006,4.058,2195
2025-03-14 12:00:00+00:00,4.058,4.186,4.052,4.142,3978
2025-03-14 16:00:00+00:00,4.142,4.21,4.092,4.197,7698
2025-03-14 20:00:00+00:00,4.197,4.206,4.151,4.179,2920
2025-03-15 00:00:00+00:00,4.193,4.22,4.169,4.21,1608
2025-03-15 04:00:00+00:00,4.21,4.291,4.181,4.276,2670
2025-03-15 08:00:00+00:00,4.276,4.303,4.226,4.292,2571
2025-03-15 12:00:00+00:00,4.292,4.388,4.269,4.381,2161
2025-03-15 16:00:00+00:00,4.381,4.406,4.375,4.389,703
2025-03-16 00:00:00+00:00,4.368,4.395,4.326,4.331,2125
2025-03-16 04:00:00+00:00,4.331,4.341,4.286,4.332,2319
2025-03-16 08:00:00+00:00,4.332,4.35,4.295,4.31,1472
2025-03-16 12:00:00+00:00,4.31,4.312,4.175,4.223,4478
2025-03-16 16:00:00+00:00,4.223,4.334,4.185,4.279,5468
2025-03-16 20:00:00+00:00,4.279,4.321,4.195,4.321,4295
2025-03-17 00:00:00+00:00,4.339,4.391,4.2620000000000005,4.383,3927
2025-03-17 04:00:00+00:00,4.383,4.459,4.375,4.416,3691
2025-03-17 08:00:00+00:00,4.416,4.416,4.335,4.38,2491
2025-03-17 12:00:00+00:00,4.38,4.429,4.327,4.336,3712
2025-03-17 16:00:00+00:00,4.336,4.383,4.317,4.353,5174
2025-03-17 20:00:00+00:00,4.353,4.427,4.344,4.393,2645
2025-03-18 00:00:00+00:00,4.4,4.428,4.329,4.342,1940
2025-03-18 04:00:00+00:00,4.342,4.354,4.24,4.251,3240
2025-03-18 08:00:00+00:00,4.251,4.328,4.225,4.31,3236
2025-03-18 12:00:00+00:00,4.31,4.323,4.245,4.271,2837
2025-03-18 16:00:00+00:00,4.271,4.323,4.248,4.267,6109
2025-03-18 20:00:00+00:00,4.267,4.391,4.233,4.388,3790
2025-03-19 00:00:00+00:00,4.39,4.502,4.381,4.482,3868
2025-03-19 04:00:00+00:00,4.482,4.537,4.429,4.524,3349
2025-03-19 08:00:00+00:00,4.524,4.546,4.47,4.479,2526
2025-03-19 12:00:00+00:00,4.479,4.55,4.464,4.498,3872
2025-03-19 16:00:00+00:00,4.498,4.582,4.4879999999999995,4.53,8831
2025-03-19 20:00:00+00:00,4.53,4.59,4.448,4.505,6744
2025-03-20 00:00:00+00:00,4.507,4.574,4.503,4.5280000000000005,3222
2025-03-20 04:00:00+00:00,4.5280000000000005,4.535,4.443,4.451,2006
2025-03-20 08:00:00+00:00,4.451,4.494,4.427,4.485,2191
2025-03-20 12:00:00+00:00,4.485,4.486,4.375,4.394,3343
2025-03-20 16:00:00+00:00,4.394,4.447,4.334,4.346,5779
2025-03-20 20:00:00+00:00,4.346,4.389,4.316,4.371,2668
2025-03-21 00:00:00+00:00,4.367,4.433,4.335,4.418,1918
2025-03-21 04:00:00+00:00,4.418,4.539,4.413,4.536,2896
2025-03-21 08:00:00+00:00,4.536,4.556,4.446,4.475,3732
2025-03-21 12:00:00+00:00,4.475,4.506,4.375,4.382,4968
2025-03-21 16:00:00+00:00,4.382,4.476,4.367,4.471,7989
2025-03-21 20:00:00+00:00,4.471,4.573,4.448,4.567,4190
2025-03-22 00:00:00+00:00,4.532,4.533,4.462,4.48,2698
2025-03-22 04:00:00+00:00,4.48,4.492,4.43,4.463,2619
2025-03-22 08:00:00+00:00,4.463,4.519,4.436,4.459,2535
2025-03-22 12:00:00+00:00,4.459,4.498,4.44,4.461,3447
2025-03-22 16:00:00+00:00,4.461,4.473,4.44,4.454,551
2025-03-23 00:00:00+00:00,4.462,4.484,4.418,4.442,3107
2025-03-23 04:00:00+00:00,4.442,4.458,4.407,4.414,3334
2025-03-23 08:00:00+00:00,4.414,4.477,4.394,4.423,2459
2025-03-23 12:00:00+00:00,4.423,4.477,4.411,4.449,2587
2025-03-23 16:00:00+00:00,4.449,4.487,4.426,4.44,3163
2025-03-23 20:00:00+00:00,4.44,4.507,4.386,4.467,2608
2025-03-24 00:00:00+00:00,4.465,4.54,4.435,4.5,4434
2025-03-24 04:00:00+00:00,4.5,4.615,4.46,4.604,5995
2025-03-24 08:00:00+00:00,4.604,4.7620000000000005,4.603,4.737,6985
2025-03-24 12:00:00+00:00,4.737,4.764,4.665,4.6850000000000005,2849
2025-03-24 16:00:00+00:00,4.6850000000000005,4.743,4.652,4.681,6109
2025-03-24 20:00:00+00:00,4.681,4.718,4.6530000000000005,4.668,4098
2025-03-25 00:00:00+00:00,4.666,4.695,4.573,4.633,3434
2025-03-25 04:00:00+00:00,4.633,4.636,4.574,4.6,4344
2025-03-25 08:00:00+00:00,4.6,4.644,4.588,4.642,3831
2025-03-25 12:00:00+00:00,4.642,4.681,4.616,4.648,3359
2025-03-25 16:00:00+00:00,4.648,4.711,4.622,4.64,6327
2025-03-25 20:00:00+00:00,4.64,4.677,4.639,4.639,3875
2025-03-26 00:00:00+00:00,4.639,4.676,4.598,4.651,3775
2025-03-26 04:00:00+00:00,4.651,4.687,4.586,4.6129999999999995,4386
2025-03-26 08:00:00+00:00,4.6129999999999995,4.727,4.595,4.683,4376
2025-03-26 12:00:00+00:00,4.683,4.759,4.679,4.733,4539
2025-03-26 16:00:00+00:00,4.733,4.745,4.605,4.701,7938
2025-03-26 20:00:00+00:00,4.701,4.725,4.5969999999999995,4.691,5415
2025-03-27 00:00:00+00:00,4.699,4.739,4.64,4.739,4222
2025-03-27 04:00:00+00:00,4.739,4.748,4.697,4.713,3593
2025-03-27 08:00:00+00:00,4.713,4.716,4.6370000000000005,4.649,3687
2025-03-27 12:00:00+00:00,4.649,4.65,4.531,4.551,4729
2025-03-27 16:00:00+00:00,4.551,4.648,4.485,4.547,6204
2025-03-27 20:00:00+00:00,4.547,4.622,4.541,4.622,3878
2025-03-28 00:00:00+00:00,4.621,4.66,4.575,4.605,2095
2025-03-28 04:00:00+00:00,4.605,4.638,4.43,4.481,5616
2025-03-28 08:00:00+00:00,4.481,4.481,4.271,4.284,7525
2025-03-28 12:00:00+00:00,4.284,4.312,4.231,4.243,6767
2025-03-28 16:00:00+00:00,4.243,4.344,4.239,4.266,6108
2025-03-28 20:00:00+00:00,4.266,4.306,4.247,4.26,3419
2025-03-29 00:00:00+00:00,4.272,4.3,4.258,4.259,1401
2025-03-29 04:00:00+00:00,4.259,4.269,4.157,4.204,3225
2025-03-29 08:00:00+00:00,4.204,4.204,4.115,4.164,3392
2025-03-29 12:00:00+00:00,4.164,4.169,4.054,4.076,3886
2025-03-29 16:00:00+00:00,4.076,4.108,4.075,4.108,781
2025-03-30 00:00:00+00:00,4.011,4.056,3.9859999999999998,4.044,2752
2025-03-30 04:00:00+00:00,4.044,4.141,4.043,4.109,3656
2025-03-30 08:00:00+00:00,4.109,4.159,4.081,4.155,2082
2025-03-30 12:00:00+00:00,4.155,4.164,4.075,4.084,3948
2025-03-30 16:00:00+00:00,4.084,4.092,4.008,4.018,5099
2025-03-30 20:00:00+00:00,4.018,4.112,3.993,4.058,3118
2025-03-31 00:00:00+00:00,4.058,4.074,3.965,3.99,5311
2025-03-31 04:00:00+00:00,3.99,4.074,3.9859999999999998,4.055,5370
2025-03-31 08:00:00+00:00,4.055,4.078,3.968,3.974,4853
2025-03-31 12:00:00+00:00,3.975,4.039,3.939,4.031,5851
2025-03-31 16:00:00+00:00,4.031,4.085,3.9539999999999997,4.044,7172
2025-03-31 20:00:00+00:00,4.044,4.075,4.008,4.02,3469
2025-04-01 00:00:00+00:00,4.021,4.048,3.998,4.04,2409
2025-04-01 04:00:00+00:00,4.04,4.097,4.005,4.093,2457
2025-04-01 08:00:00+00:00,4.093,4.216,4.084,4.216,3146
2025-04-01 12:00:00+00:00,4.215,4.251,4.151,4.178,4698
2025-04-01 16:00:00+00:00,4.178,4.273,4.121,4.204,8047
2025-04-01 20:00:00+00:00,4.204,4.209,4.121,4.156,2649
2025-04-02 00:00:00+00:00,4.154,4.188,4.106,4.111,2252
2025-04-02 04:00:00+00:00,4.112,4.123,4.054,4.09,3957
2025-04-02 08:00:00+00:00,4.09,4.101,4.007,4.078,4079
2025-04-02 12:00:00+00:00,4.078,4.127,4.042,4.083,3669
2025-04-02 16:00:00+00:00,4.083,4.231,4.037,4.177,8767
2025-04-02 20:00:00+00:00,4.178,4.227,4.073,4.118,8361
2025-04-03 00:00:00+00:00,4.125,4.135,3.902,4.03,7061
2025-04-03 04:00:00+00:00,4.03,4.1,4.014,4.05,3550
2025-04-03 08:00:00+00:00,4.05,4.06,3.967,4.009,3198
2025-04-03 12:00:00+00:00,4.009,4.018,3.838,3.851,5366
2025-04-03 16:00:00+00:00,3.852,3.981,3.8449999999999998,3.944,7595
2025-04-03 20:00:00+00:00,3.944,4.049,3.944,4.022,5090
2025-04-04 00:00:00+00:00,4.017,4.069,4.012,4.016,3393
2025-04-04 04:00:00+00:00,4.016,4.039,3.976,3.988,3773
2025-04-04 08:00:00+00:00,3.988,4.123,3.9699999999999998,4.1,4467
2025-04-04 12:00:00+00:00,4.1,4.113,3.9370000000000003,4.041,11740
2025-04-04 16:00:00+00:00,4.041,4.111,4.007,4.035,14712
2025-04-04 20:00:00+00:00,4.035,4.089,4.01,4.042,7054
2025-04-05 00:00:00+00:00,4.037,4.05,4.002,4.026,998
2025-04-05 04:00:00+00:00,4.026,4.06,3.991,3.999,1463
2025-04-05 08:00:00+00:00,3.999,4.017,3.982,3.996,1086
2025-04-05 12:00:00+00:00,3.996,4.007,3.944,3.956,1063
2025-04-05 16:00:00+00:00,3.956,3.96,3.904,3.912,807
2025-04-06 00:00:00+00:00,3.932,3.967,3.915,3.952,1156
2025-04-06 04:00:00+00:00,3.952,3.965,3.9,3.935,1350
2025-04-06 08:00:00+00:00,3.935,3.951,3.898,3.925,1566
2025-04-06 12:00:00+00:00,3.924,3.935,3.907,3.916,2054
2025-04-06 16:00:00+00:00,3.916,3.918,3.8289999999999997,3.844,3894
2025-04-06 20:00:00+00:00,3.844,3.85,3.633,3.673,13054
2025-04-07 00:00:00+00:00,3.6710000000000003,3.734,3.592,3.62,10456
2025-04-07 04:00:00+00:00,3.62,3.697,3.436,3.502,11587
2025-04-07 08:00:00+00:00,3.502,3.534,3.267,3.396,18561
2025-04-07 12:00:00+00:00,3.396,3.472,3.362,3.449,11205
2025-04-07 16:00:00+00:00,3.449,3.723,3.376,3.513,25428
2025-04-07 20:00:00+00:00,3.513,3.641,3.513,3.602,9917
2025-04-08 00:00:00+00:00,3.607,3.643,3.573,3.574,4009
2025-04-08 04:00:00+00:00,3.574,3.694,3.565,3.656,4565
2025-04-08 08:00:00+00:00,3.656,3.659,3.558,3.5789999999999997,3822
2025-04-08 12:00:00+00:00,3.5789999999999997,3.672,3.567,3.632,4656
2025-04-08 16:00:00+00:00,3.632,3.676,3.495,3.503,10457
2025-04-08 20:00:00+00:00,3.503,3.5140000000000002,3.376,3.419,9445
2025-04-09 00:00:00+00:00,3.42,3.431,3.326,3.346,5916
2025-04-09 04:00:00+00:00,3.346,3.415,3.239,3.386,10380
2025-04-09 08:00:00+00:00,3.386,3.482,3.3810000000000002,3.4699999999999998,5599
2025-04-09 12:00:00+00:00,3.4699999999999998,3.472,3.329,3.376,6720
2025-04-09 16:00:00+00:00,3.376,3.443,3.346,3.41,9541
2025-04-09 20:00:00+00:00,3.41,3.7279999999999998,3.377,3.713,15117
2025-04-10 00:00:00+00:00,3.717,3.745,3.566,3.606,3110
2025-04-10 04:00:00+00:00,3.606,3.614,3.496,3.555,3552
2025-04-10 08:00:00+00:00,3.555,3.6029999999999998,3.519,3.526,3183
2025-04-10 12:00:00+00:00,3.526,3.557,3.448,3.505,5298
2025-04-10 16:00:00+00:00,3.505,3.544,3.382,3.429,9124
2025-04-10 20:00:00+00:00,3.429,3.463,3.391,3.453,5095
2025-04-11 00:00:00+00:00,3.456,3.4859999999999998,3.439,3.447,2903
2025-04-11 04:00:00+00:00,3.447,3.534,3.446,3.526,2988
2025-04-11 08:00:00+00:00,3.526,3.529,3.468,3.495,2521
2025-04-11 12:00:00+00:00,3.495,3.536,3.476,3.504,2785
2025-04-11 16:00:00+00:00,3.504,3.548,3.477,3.531,4736
2025-04-11 20:00:00+00:00,3.531,3.586,3.529,3.5620000000000003,2669
2025-04-12 00:00:00+00:00,3.565,3.568,3.533,3.553,1103
2025-04-12 04:00:00+00:00,3.553,3.566,3.518,3.561,1474
2025-04-12 08:00:00+00:00,3.561,3.597,3.555,3.578,1714
2025-04-12 12:00:00+00:00,3.578,3.625,3.564,3.618,1302
2025-04-12 16:00:00+00:00,3.618,3.672,3.614,3.661,1147
2025-04-13 00:00:00+00:00,3.706,3.739,3.699,3.721,1645
2025-04-13 04:00:00+00:00,3.721,3.729,3.637,3.644,2560
2025-04-13 08:00:00+00:00,3.644,3.667,3.618,3.665,1677
2025-04-13 12:00:00+00:00,3.665,3.7560000000000002,3.659,3.7279999999999998,3928
2025-04-13 16:00:00+00:00,3.7279999999999998,3.753,3.633,3.699,5738
2025-04-13 20:00:00+00:00,3.699,3.808,3.649,3.699,6771
2025-04-14 00:00:00+00:00,3.693,3.7439999999999998,3.608,3.694,5342
2025-04-14 04:00:00+00:00,3.694,3.761,3.656,3.706,6822
2025-04-14 08:00:00+00:00,3.706,3.723,3.624,3.678,5079
2025-04-14 12:00:00+00:00,3.678,3.781,3.632,3.747,5143
2025-04-14 16:00:00+00:00,3.747,3.7880000000000003,3.669,3.678,9314
2025-04-14 20:00:00+00:00,3.678,3.7560000000000002,3.673,3.714,5963
2025-04-15 00:00:00+00:00,3.706,3.717,3.646,3.682,3801
2025-04-15 04:00:00+00:00,3.682,3.695,3.624,3.675,4209
2025-04-15 08:00:00+00:00,3.675,3.7,3.642,3.685,2742
2025-04-15 12:00:00+00:00,3.686,3.7279999999999998,3.626,3.665,5232
2025-04-15 16:00:00+00:00,3.665,3.714,3.5709999999999997,3.589,7278
2025-04-15 20:00:00+00:00,3.589,3.6029999999999998,3.543,3.556,2899
2025-04-16 00:00:00+00:00,3.553,3.585,3.495,3.507,3529
2025-04-16 04:00:00+00:00,3.507,3.5620000000000003,3.503,3.534,2349
2025-04-16 08:00:00+00:00,3.534,3.55,3.477,3.529,3948
2025-04-16 12:00:00+00:00,3.529,3.535,3.489,3.49,3685
2025-04-16 16:00:00+00:00,3.49,3.6029999999999998,3.477,3.553,5540
2025-04-16 20:00:00+00:00,3.553,3.601,3.462,3.557,8099
2025-04-17 00:00:00+00:00,3.558,3.6109999999999998,3.534,3.5540000000000003,2508
2025-04-17 04:00:00+00:00,3.5540000000000003,3.588,3.532,3.58,1928
2025-04-17 08:00:00+00:00,3.58,3.691,3.58,3.629,2639
2025-04-17 12:00:00+00:00,3.629,3.65,3.61,3.6189999999999998,2197
2025-04-17 16:00:00+00:00,3.6189999999999998,3.677,3.5629999999999997,3.641,4923
2025-04-17 20:00:00+00:00,3.641,3.666,3.597,3.6390000000000002,3457
2025-04-18 00:00:00+00:00,3.641,3.648,3.601,3.612,1659
2025-04-18 04:00:00+00:00,3.612,3.67,3.6029999999999998,3.666,2064
2025-04-18 08:00:00+00:00,3.666,3.684,3.64,3.672,2722
2025-04-18 12:00:00+00:00,3.672,3.738,3.669,3.718,2803
2025-04-18 16:00:00+00:00,3.718,3.724,3.665,3.6870000000000003,2243
2025-04-18 20:00:00+00:00,3.6870000000000003,3.703,3.677,3.682,1511
2025-04-19 00:00:00+00:00,3.697,3.702,3.642,3.644,1332
2025-04-19 04:00:00+00:00,3.644,3.73,3.636,3.718,2180
2025-04-19 08:00:00+00:00,3.718,3.7279999999999998,3.706,3.714,1784
2025-04-19 12:00:00+00:00,3.714,3.735,3.71,3.73,775
2025-04-19 16:00:00+00:00,3.73,3.74,3.722,3.727,287
2025-04-20 00:00:00+00:00,3.785,3.911,3.785,3.867,2389
2025-04-20 04:00:00+00:00,3.867,3.931,3.859,3.9290000000000003,2301
2025-04-20 08:00:00+00:00,3.9290000000000003,3.941,3.8449999999999998,3.854,2645
2025-04-20 12:00:00+00:00,3.854,3.868,3.797,3.801,2807
2025-04-20 16:00:00+00:00,3.801,3.9050000000000002,3.778,3.9050000000000002,2407
2025-04-20 20:00:00+00:00,3.9050000000000002,3.912,3.864,3.8970000000000002,2118
2025-04-21 00:00:00+00:00,3.901,3.945,3.8609999999999998,3.923,3104
2025-04-21 04:00:00+00:00,3.923,3.9379999999999997,3.885,3.8970000000000002,4637
2025-04-21 08:00:00+00:00,3.8970000000000002,3.972,3.89,3.9539999999999997,3556
2025-04-21 12:00:00+00:00,3.9539999999999997,3.956,3.875,3.878,3118
2025-04-21 16:00:00+00:00,3.878,3.933,3.8129999999999997,3.819,5126
2025-04-21 20:00:00+00:00,3.819,3.843,3.786,3.827,3356
2025-04-22 00:00:00+00:00,3.8289999999999997,3.8289999999999997,3.717,3.745,2062
2025-04-22 04:00:00+00:00,3.745,3.806,3.716,3.716,5574
2025-04-22 08:00:00+00:00,3.716,3.789,3.681,3.758,5799
2025-04-22 12:00:00+00:00,3.758,3.785,3.718,3.766,5241
2025-04-22 16:00:00+00:00,3.766,3.926,3.759,3.872,8502
2025-04-22 20:00:00+00:00,3.872,3.919,3.859,3.899,2970
2025-04-23 00:00:00+00:00,3.896,4.038,3.8890000000000002,4.007,6599
2025-04-23 04:00:00+00:00,4.007,4.108,3.991,4.108,7242
2025-04-23 08:00:00+00:00,4.108,4.158,4.044,4.157,7166
2025-04-23 12:00:00+00:00,4.157,4.19,4.076,4.114,7021
2025-04-23 16:00:00+00:00,4.114,4.163,4.004,4.091,10670
2025-04-23 20:00:00+00:00,4.091,4.142,4.041,4.088,4345
2025-04-24 00:00:00+00:00,4.087,4.106,4.055,4.068,2660
2025-04-24 04:00:00+00:00,4.068,4.076,3.957,3.989,5111
2025-04-24 08:00:00+00:00,3.989,4.035,3.92,3.934,5608
2025-04-24 12:00:00+00:00,3.934,4.017,3.926,4.017,4020
2025-04-24 16:00:00+00:00,4.017,4.204,3.999,4.192,6438
2025-04-24 20:00:00+00:00,4.192,4.251,4.127,4.247,4760
2025-04-25 00:00:00+00:00,4.242,4.304,4.224,4.299,3008
2025-04-25 04:00:00+00:00,4.299,4.367,4.209,4.256,4161
2025-04-25 08:00:00+00:00,4.256,4.358,4.255,4.338,2880
2025-04-25 12:00:00+00:00,4.338,4.344,4.232,4.244,4783
2025-04-25 16:00:00+00:00,4.244,4.321,4.219,4.303,7361
2025-04-25 20:00:00+00:00,4.303,4.318,4.249,4.266,3059
2025-04-26 00:00:00+00:00,4.249,4.301,4.246,4.297,1711
2025-04-26 04:00:00+00:00,4.297,4.358,4.251,4.251,3665
2025-04-26 08:00:00+00:00,4.251,4.336,4.236,4.274,3164
2025-04-26 12:00:00+00:00,4.274,4.293,4.226,4.227,2818
2025-04-26 16:00:00+00:00,4.227,4.247,4.192,4.225,1207
2025-04-27 00:00:00+00:00,4.245,4.292,4.245,4.265,5137
2025-04-27 04:00:00+00:00,4.265,4.268,4.128,4.132,6746
2025-04-27 08:00:00+00:00,4.132,4.152,4.102,4.142,2701
2025-04-27 12:00:00+00:00,4.142,4.146,4.08,4.094,3543
2025-04-27 16:00:00+00:00,4.094,4.134,4.049,4.063,3805
2025-04-27 20:00:00+00:00,4.063,4.132,4.054,4.111,2595
2025-04-28 00:00:00+00:00,4.107,4.14,4.042,4.074,5642
2025-04-28 04:00:00+00:00,4.074,4.141,4.002,4.115,7384
2025-04-28 08:00:00+00:00,4.115,4.251,4.102,4.206,3107
2025-04-28 12:00:00+00:00,4.206,4.258,4.177,4.199,3614
2025-04-28 16:00:00+00:00,4.199,4.21,4.078,4.129,9157
2025-04-28 20:00:00+00:00,4.129,4.242,4.126,4.221,5657
2025-04-29 00:00:00+00:00,4.22,4.294,4.198,4.291,4617
2025-04-29 04:00:00+00:00,4.291,4.303,4.23,4.24,6286
2025-04-29 08:00:00+00:00,4.24,4.32,4.234,4.288,4288
2025-04-29 12:00:00+00:00,4.288,4.295,4.199,4.203,2917
2025-04-29 16:00:00+00:00,4.203,4.28,4.191,4.245,5319
2025-04-29 20:00:00+00:00,4.245,4.256,4.178,4.187,2508
2025-04-30 00:00:00+00:00,4.184,4.184,4.092,4.128,5613
2025-04-30 04:00:00+00:00,4.128,4.167,4.082,4.156,4525
2025-04-30 08:00:00+00:00,4.156,4.158,4.077,4.086,4209
2025-04-30 12:00:00+00:00,4.086,4.166,4.061,4.088,5069
2025-04-30 16:00:00+00:00,4.088,4.1,4.02,4.058,11271
2025-04-30 20:00:00+00:00,4.059,4.135,4.036,4.108,6499
2025-05-01 00:00:00+00:00,4.102,4.116,4.055,4.087,3471
2025-05-01 04:00:00+00:00,4.087,4.121,4.068,4.088,4140
2025-05-01 08:00:00+00:00,4.088,4.141,4.078,4.141,3042
2025-05-01 12:00:00+00:00,4.141,4.181,4.132,4.171,4755
2025-05-01 16:00:00+00:00,4.171,4.206,4.112,4.169,5593
2025-05-01 20:00:00+00:00,4.169,4.199,4.134,4.188,2592
2025-05-02 00:00:00+00:00,4.187,4.218,4.155,4.213,1885
2025-05-02 04:00:00+00:00,4.213,4.279,4.176,4.189,2929
2025-05-02 08:00:00+00:00,4.189,4.229,4.161,4.215,2538
2025-05-02 12:00:00+00:00,4.215,4.223,4.152,4.195,2754
2025-05-02 16:00:00+00:00,4.195,4.234,4.169,4.208,3567
2025-05-02 20:00:00+00:00,4.208,4.211,4.117,4.141,2638
2025-05-03 00:00:00+00:00,4.135,4.158,4.11,4.114,1131
2025-05-03 04:00:00+00:00,4.114,4.153,4.093,4.15,3028
2025-05-03 08:00:00+00:00,4.151,4.164,4.11,4.127,2938
2025-05-03 12:00:00+00:00,4.127,4.132,4.07,4.099,2352
2025-05-03 16:00:00+00:00,4.099,4.116,4.098,4.105,812
2025-05-04 00:00:00+00:00,4.052,4.068,3.985,3.9939999999999998,2077
2025-05-04 04:00:00+00:00,3.9939999999999998,4.042,3.974,3.99,2850
2025-05-04 08:00:00+00:00,3.99,4.035,3.968,3.976,2346
2025-05-04 12:00:00+00:00,3.976,3.9779999999999998,3.945,3.956,1955
2025-05-04 16:00:00+00:00,3.956,3.99,3.903,3.915,2435
2025-05-04 20:00:00+00:00,3.915,3.961,3.892,3.955,1892
2025-05-05 00:00:00+00:00,3.957,3.967,3.898,3.958,2491
2025-05-05 04:00:00+00:00,3.958,3.998,3.907,3.991,2802
2025-05-05 08:00:00+00:00,3.991,4.013,3.949,3.9699999999999998,1808
2025-05-05 12:00:00+00:00,3.9699999999999998,3.975,3.887,3.915,2574
2025-05-05 16:00:00+00:00,3.915,3.93,3.8810000000000002,3.909,4959
2025-05-05 20:00:00+00:00,3.909,3.976,3.875,3.911,2634
2025-05-06 00:00:00+00:00,3.91,3.949,3.89,3.896,2073
2025-05-06 04:00:00+00:00,3.896,3.92,3.849,3.906,2819
2025-05-06 08:00:00+00:00,3.906,3.909,3.838,3.875,2249
2025-05-06 12:00:00+00:00,3.875,3.893,3.816,3.86,2951
2025-05-06 16:00:00+00:00,3.86,3.924,3.831,3.879,4213
2025-05-06 20:00:00+00:00,3.879,3.955,3.877,3.894,3055
2025-05-07 00:00:00+00:00,3.895,3.991,3.838,3.98,3861
2025-05-07 04:00:00+00:00,3.98,3.998,3.927,3.955,1975
2025-05-07 08:00:00+00:00,3.955,3.991,3.925,3.99,1534
2025-05-07 12:00:00+00:00,3.99,3.995,3.945,3.956,1652
2025-05-07 16:00:00+00:00,3.956,3.968,3.873,3.902,2769
2025-05-07 20:00:00+00:00,3.902,3.933,3.874,3.901,4265
2025-05-08 00:00:00+00:00,3.906,4.007,3.898,4.004,1771
2025-05-08 04:00:00+00:00,4.004,4.231,4.003,4.199,4986
2025-05-08 08:00:00+00:00,4.199,4.257,4.199,4.229,2937
2025-05-08 12:00:00+00:00,4.229,4.313,4.21,4.213,2900
2025-05-08 16:00:00+00:00,4.213,4.34,4.196,4.314,6217
2025-05-08 20:00:00+00:00,4.314,4.435,4.269,4.42,4443
2025-05-09 00:00:00+00:00,4.434,4.486,4.382,4.459,5072
2025-05-09 04:00:00+00:00,4.459,4.543,4.438,4.452,4752
2025-05-09 08:00:00+00:00,4.452,4.698,4.444,4.614,8588
2025-05-09 12:00:00+00:00,4.615,4.74,4.549,4.661,12467
2025-05-09 16:00:00+00:00,4.661,4.76,4.617,4.707,11654
2025-05-09 20:00:00+00:00,4.707,4.854,4.699,4.769,5075
2025-05-10 00:00:00+00:00,4.781,4.92,4.754,4.813,4037
2025-05-10 04:00:00+00:00,4.813,5.068,4.803,5.048,7864
2025-05-10 08:00:00+00:00,5.049,5.124,4.986,5.078,8140
2025-05-10 12:00:00+00:00,5.078,5.203,5.013,5.034,6178
2025-05-10 16:00:00+00:00,5.033,5.06,5.006,5.042,1240
2025-05-11 00:00:00+00:00,5.09,5.351,5.083,5.174,10655
2025-05-11 04:00:00+00:00,5.174,5.206,5.04,5.194,7885
2025-05-11 08:00:00+00:00,5.194,5.194,4.946,4.987,8155
2025-05-11 12:00:00+00:00,4.987,5.114,4.983,5.099,5826
2025-05-11 16:00:00+00:00,5.099,5.108,4.976,5.028,8100
2025-05-11 20:00:00+00:00,5.028,5.145,5.016,5.09,4964
2025-05-12 00:00:00+00:00,5.084,5.138,5.048,5.105,5323
2025-05-12 04:00:00+00:00,5.105,5.165,5.007,5.156,7605
2025-05-12 08:00:00+00:00,5.156,5.385,5.085,5.28,12877
2025-05-12 12:00:00+00:00,5.28,5.332,5.171,5.313,10014
2025-05-12 16:00:00+00:00,5.313,5.367,5.052,5.139,19025
2025-05-12 20:00:00+00:00,5.139,5.174,4.88,5.088,13056
2025-05-13 00:00:00+00:00,5.078,5.109,4.9719999999999995,4.977,4521
2025-05-13 04:00:00+00:00,4.977,5.007,4.813,4.929,10911
2025-05-13 08:00:00+00:00,4.93,5.005,4.899,4.952,3680
2025-05-13 12:00:00+00:00,4.952,5.057,4.945,5.017,6729
2025-05-13 16:00:00+00:00,5.017,5.118,4.952,5.084,9174
2025-05-13 20:00:00+00:00,5.084,5.266,5.077,5.199,7848
2025-05-14 00:00:00+00:00,5.202,5.226,5.153,5.213,4623
2025-05-14 04:00:00+00:00,5.213,5.256,5.117,5.213,6853
2025-05-14 08:00:00+00:00,5.213,5.239,5.011,5.019,6967
2025-05-14 12:00:00+00:00,5.019,5.132,5.014,5.059,5470
2025-05-14 16:00:00+00:00,5.059,5.09,4.965,4.992,9848
2025-05-14 20:00:00+00:00,4.992,5.034,4.946,4.999,4036
2025-05-15 00:00:00+00:00,4.995,5.021,4.941,4.999,2372
2025-05-15 04:00:00+00:00,4.999,5.005,4.881,4.911,4970
2025-05-15 08:00:00+00:00,4.911,4.915,4.749,4.838,6153
2025-05-15 12:00:00+00:00,4.838,4.845,4.71,4.787,6646
2025-05-15 16:00:00+00:00,4.787,4.877,4.68,4.877,10274
2025-05-15 20:00:00+00:00,4.877,4.924,4.74,4.7780000000000005,7310
2025-05-16 00:00:00+00:00,4.78,4.819,4.673,4.791,6331
2025-05-16 04:00:00+00:00,4.791,4.883,4.741,4.84,7247
2025-05-16 08:00:00+00:00,4.84,4.907,4.785,4.823,5829
2025-05-16 12:00:00+00:00,4.823,4.949,4.82,4.88,6073
2025-05-16 16:00:00+00:00,4.88,4.933,4.823,4.874,6182
2025-05-16 20:00:00+00:00,4.874,4.881,4.755,4.791,4447
2025-05-17 00:00:00+00:00,4.779,4.785,4.675,4.7,4536
2025-05-17 04:00:00+00:00,4.7,4.746,4.6,4.727,6144
2025-05-17 08:00:00+00:00,4.727,4.757,4.678,4.6899999999999995,4691
2025-05-17 12:00:00+00:00,4.6899999999999995,4.713,4.65,4.656,4770
2025-05-17 16:00:00+00:00,4.656,4.677,4.6,4.615,1144
2025-05-18 00:00:00+00:00,4.662,4.668,4.551,4.612,4090
2025-05-18 04:00:00+00:00,4.612,4.651,4.583,4.643,3312
2025-05-18 08:00:00+00:00,4.643,4.793,4.641,4.779,5158
2025-05-18 12:00:00+00:00,4.779,4.796,4.713,4.7620000000000005,4088
2025-05-18 16:00:00+00:00,4.7620000000000005,4.914,4.751,4.875,5592
2025-05-18 20:00:00+00:00,4.875,4.877,4.502,4.624,11982
2025-05-19 00:00:00+00:00,4.617,4.814,4.59,4.674,8493
2025-05-19 04:00:00+00:00,4.674,4.6850000000000005,4.458,4.475,7824
2025-05-19 08:00:00+00:00,4.475,4.534,4.406,4.486,7221
2025-05-19 12:00:00+00:00,4.486,4.5280000000000005,4.429,4.454,4679
2025-05-19 16:00:00+00:00,4.454,4.608,4.447,4.602,5989
2025-05-19 20:00:00+00:00,4.602,4.645,4.533,4.585,5386
2025-05-20 00:00:00+00:00,4.585,4.643,4.551,4.575,3273
2025-05-20 04:00:00+00:00,4.575,4.721,4.568,4.657,4811
2025-05-20 08:00:00+00:00,4.657,4.678,4.551,4.5809999999999995,4095
2025-05-20 12:00:00+00:00,4.5809999999999995,4.594,4.515,4.5440000000000005,4154
2025-05-20 16:00:00+00:00,4.5440000000000005,4.611,4.514,4.5649999999999995,5530
2025-05-20 20:00:00+00:00,4.5649999999999995,4.674,4.521,4.655,5048
2025-05-21 00:00:00+00:00,4.658,4.703,4.632,4.68,4449
2025-05-21 04:00:00+00:00,4.68,4.759,4.617,4.716,5015
2025-05-21 08:00:00+00:00,4.716,4.769,4.634,4.638,6732
2025-05-21 12:00:00+00:00,4.638,4.711,4.618,4.67,3610
2025-05-21 16:00:00+00:00,4.67,4.873,4.647,4.822,8412
2025-05-21 20:00:00+00:00,4.822,4.843,4.608,4.726,12322
2025-05-22 00:00:00+00:00,4.73,4.799,4.703,4.798,5647
2025-05-22 04:00:00+00:00,4.798,4.858,4.761,4.856,5615
2025-05-22 08:00:00+00:00,4.856,4.911,4.779,4.886,4668
2025-05-22 12:00:00+00:00,4.886,4.945,4.841,4.896,4971
2025-05-22 16:00:00+00:00,4.896,4.969,4.836,4.914,7811
2025-05-22 20:00:00+00:00,4.914,4.9559999999999995,4.884,4.89,3323
2025-05-23 00:00:00+00:00,4.892,4.981,4.876,4.954,3456
2025-05-23 04:00:00+00:00,4.954,5.115,4.932,5.034,6255
2025-05-23 08:00:00+00:00,5.034,5.039,4.896,4.9559999999999995,5283
2025-05-23 12:00:00+00:00,4.9559999999999995,5.005,4.592,4.681,12064
2025-05-23 16:00:00+00:00,4.681,4.814,4.654,4.73,9405
2025-05-23 20:00:00+00:00,4.73,4.764,4.64,4.649,3642
2025-05-24 00:00:00+00:00,4.641,4.668,4.5280000000000005,4.5649999999999995,5322
2025-05-24 04:00:00+00:00,4.5649999999999995,4.629,4.558,4.616,2941
2025-05-24 08:00:00+00:00,4.616,4.619,4.5600000000000005,4.602,2675
2025-05-24 12:00:00+00:00,4.602,4.627,4.58,4.591,2239
2025-05-24 16:00:00+00:00,4.591,4.592,4.562,4.564,577
2025-05-25 00:00:00+00:00,4.585,4.586,4.466,4.482,3589
2025-05-25 04:00:00+00:00,4.482,4.539,4.453,4.537,3541
2025-05-25 08:00:00+00:00,4.537,4.5440000000000005,4.432,4.456,2531
2025-05-25 12:00:00+00:00,4.456,4.483,4.424,4.478,4987
2025-05-25 16:00:00+00:00,4.478,4.486,4.348,4.404,4435
2025-05-25 20:00:00+00:00,4.404,4.459,4.392,4.421,2014
2025-05-26 00:00:00+00:00,4.422,4.564,4.393,4.562,3780
2025-05-26 04:00:00+00:00,4.562,4.571,4.519,4.555,2666
2025-05-26 08:00:00+00:00,4.555,4.614,4.5440000000000005,4.568,2455
2025-05-26 12:00:00+00:00,4.568,4.585,4.499,4.534,2541
2025-05-26 16:00:00+00:00,4.534,4.549,4.457,4.481,5396
2025-05-26 20:00:00+00:00,4.481,4.495,4.421,4.477,3069
2025-05-27 00:00:00+00:00,4.478,4.495,4.436,4.438,2373
2025-05-27 04:00:00+00:00,4.439,4.462,4.367,4.44,3509
2025-05-27 08:00:00+00:00,4.44,4.563,4.422,4.559,3692
2025-05-27 12:00:00+00:00,4.559,4.573,4.5280000000000005,4.562,2791
2025-05-27 16:00:00+00:00,4.562,4.609,4.491,4.591,6216
2025-05-27 20:00:00+00:00,4.591,4.611,4.546,4.564,3288
2025-05-28 00:00:00+00:00,4.5649999999999995,4.583,4.501,4.549,2716
2025-05-28 04:00:00+00:00,4.549,4.571,4.482,4.553,3086
2025-05-28 08:00:00+00:00,4.553,4.564,4.49,4.553,2758
2025-05-28 12:00:00+00:00,4.553,4.658,4.5,4.629,4351
2025-05-28 16:00:00+00:00,4.629,4.645,4.469,4.518,7719
2025-05-28 20:00:00+00:00,4.518,4.553,4.413,4.479,4592
2025-05-29 00:00:00+00:00,4.478,4.641,4.459,4.641,4424
2025-05-29 04:00:00+00:00,4.641,4.678,4.518,4.556,4860
2025-05-29 08:00:00+00:00,4.556,4.578,4.534,4.553,2593
2025-05-29 12:00:00+00:00,4.553,4.595,4.5120000000000005,4.531,3413
2025-05-29 16:00:00+00:00,4.531,4.566,4.451,4.469,6118
2025-05-29 20:00:00+00:00,4.469,4.502,4.397,4.426,4745
2025-05-30 00:00:00+00:00,4.425,4.463,4.1,4.15,5183
2025-05-30 04:00:00+00:00,4.151,4.235,4.142,4.199,5944
2025-05-30 08:00:00+00:00,4.199,4.22,4.136,4.189,5451
2025-05-30 12:00:00+00:00,4.189,4.221,4.153,4.193,5190
2025-05-30 16:00:00+00:00,4.193,4.207,4.038,4.091,8377
2025-05-30 20:00:00+00:00,4.091,4.191,4.087,4.156,4430
2025-05-31 00:00:00+00:00,4.131,4.134,3.951,3.981,8256
2025-05-31 04:00:00+00:00,3.981,4.018,3.892,3.983,10314
2025-05-31 08:00:00+00:00,3.983,3.991,3.96,3.964,776
2025-06-01 00:00:00+00:00,4.099,4.114,4.045,4.064,1710
2025-06-01 04:00:00+00:00,4.064,4.097,4.024,4.081,2154
2025-06-01 08:00:00+00:00,4.081,4.093,4.014,4.023,1837
2025-06-01 12:00:00+00:00,4.023,4.034,3.966,4.001,3433
2025-06-01 16:00:00+00:00,4.0,4.084,3.998,4.062,2658
2025-06-01 20:00:00+00:00,4.062,4.066,3.989,4.025,1797
2025-06-02 00:00:00+00:00,4.026,4.078,4.023,4.059,2299
2025-06-02 04:00:00+00:00,4.059,4.086,3.998,4.014,2147
2025-06-02 08:00:00+00:00,4.014,4.046,3.967,3.982,2553
2025-06-02 12:00:00+00:00,3.982,4.014,3.949,4.011,3072
2025-06-02 16:00:00+00:00,4.011,4.052,3.992,4.037,4985
2025-06-02 20:00:00+00:00,4.037,4.08,4.007,4.076,3066
2025-06-03 00:00:00+00:00,4.077,4.18,4.077,4.176,3434
2025-06-03 04:00:00+00:00,4.176,4.219,4.12,4.126,2739
2025-06-03 08:00:00+00:00,4.126,4.187,4.126,4.149,1678
2025-06-03 12:00:00+00:00,4.149,4.178,4.128,4.143,1636
2025-06-03 16:00:00+00:00,4.143,4.204,4.135,4.168,4765
2025-06-03 20:00:00+00:00,4.168,4.203,4.122,4.147,2466
2025-06-04 00:00:00+00:00,4.146,4.162,4.095,4.16,2450
2025-06-04 04:00:00+00:00,4.16,4.206,4.16,4.197,1932
2025-06-04 08:00:00+00:00,4.197,4.211,4.166,4.168,1758
2025-06-04 12:00:00+00:00,4.168,4.183,4.068,4.072,2818
2025-06-04 16:00:00+00:00,4.072,4.116,4.034,4.087,3228
2025-06-04 20:00:00+00:00,4.087,4.087,3.9859999999999998,4.003,2679
2025-06-05 00:00:00+00:00,4.004,4.043,3.981,4.026,2629
2025-06-05 04:00:00+00:00,4.026,4.054,4.002,4.051,1839
2025-06-05 08:00:00+00:00,4.051,4.054,3.996,4.001,3634
2025-06-05 12:00:00+00:00,4.001,4.069,3.979,4.057,3388
2025-06-05 16:00:00+00:00,4.057,4.073,3.9539999999999997,3.965,5656
2025-06-05 20:00:00+00:00,3.965,3.991,3.753,3.754,9711
2025-06-06 00:00:00+00:00,3.746,3.855,3.742,3.855,6700
2025-06-06 04:00:00+00:00,3.855,3.917,3.839,3.914,3633
2025-06-06 08:00:00+00:00,3.914,3.918,3.868,3.873,3626
2025-06-06 12:00:00+00:00,3.873,3.957,3.873,3.926,3348
2025-06-06 16:00:00+00:00,3.926,3.988,3.926,3.9459999999999997,3915
2025-06-06 20:00:00+00:00,3.9459999999999997,3.949,3.877,3.898,2540
2025-06-07 00:00:00+00:00,3.89,3.927,3.865,3.927,1089
2025-06-07 04:00:00+00:00,3.927,3.9779999999999998,3.907,3.966,1598
2025-06-07 08:00:00+00:00,3.966,4.033,3.96,4.007,1386
2025-06-07 12:00:00+00:00,4.007,4.045,3.984,4.032,1034
2025-06-07 16:00:00+00:00,4.032,4.046,4.024,4.036,315
2025-06-08 00:00:00+00:00,4.022,4.049,4.01,4.016,1001
2025-06-08 04:00:00+00:00,4.016,4.042,4.008,4.041,1079
2025-06-08 08:00:00+00:00,4.041,4.054,4.013,4.016,1487
2025-06-08 12:00:00+00:00,4.016,4.055,3.971,4.041,1912
2025-06-08 16:00:00+00:00,4.041,4.105,4.029,4.1,2521
2025-06-08 20:00:00+00:00,4.1,4.109,4.048,4.049,1306
2025-06-09 00:00:00+00:00,4.051,4.068,4.006,4.02,2049
2025-06-09 04:00:00+00:00,4.02,4.02,3.982,3.988,1355
2025-06-09 08:00:00+00:00,3.988,4.008,3.96,4.007,1257
2025-06-09 12:00:00+00:00,4.007,4.07,3.998,4.033,3171
2025-06-09 16:00:00+00:00,4.033,4.064,3.9779999999999998,4.043,2538
2025-06-09 20:00:00+00:00,4.043,4.092,4.041,4.081,1677
2025-06-10 00:00:00+00:00,4.081,4.19,4.079,4.174,3216
2025-06-10 04:00:00+00:00,4.174,4.211,4.12,4.14,1910
2025-06-10 08:00:00+00:00,4.14,4.15,4.091,4.101,1960
2025-06-10 12:00:00+00:00,4.101,4.305,4.1,4.283,4626
2025-06-10 16:00:00+00:00,4.283,4.293,4.187,4.228,6392
2025-06-10 20:00:00+00:00,4.228,4.31,4.22,4.255,4002
2025-06-11 00:00:00+00:00,4.254,4.313,4.226,4.261,3793
2025-06-11 04:00:00+00:00,4.261,4.276,4.234,4.26,2164
2025-06-11 08:00:00+00:00,4.26,4.326,4.244,4.275,3422
2025-06-11 12:00:00+00:00,4.275,4.3,4.206,4.274,4849
2025-06-11 16:00:00+00:00,4.274,4.339,4.257,4.309,5212
2025-06-11 20:00:00+00:00,4.309,4.309,4.203,4.23,3530
2025-06-12 00:00:00+00:00,4.231,4.263,4.142,4.167,3650
2025-06-12 04:00:00+00:00,4.167,4.196,4.113,4.131,3173
2025-06-12 08:00:00+00:00,4.131,4.144,3.998,4.056,3741
2025-06-12 12:00:00+00:00,4.056,4.078,4.001,4.06,3757
2025-06-12 16:00:00+00:00,4.06,4.098,4.01,4.056,4275
2025-06-12 20:00:00+00:00,4.056,4.092,3.903,3.926,5219
2025-06-13 00:00:00+00:00,3.93,3.971,3.708,3.7560000000000002,8136
2025-06-13 04:00:00+00:00,3.7560000000000002,3.792,3.662,3.781,9441
2025-06-13 08:00:00+00:00,3.781,3.85,3.757,3.8040000000000003,4511
2025-06-13 12:00:00+00:00,3.8040000000000003,3.8529999999999998,3.779,3.818,5045
2025-06-13 16:00:00+00:00,3.818,3.855,3.778,3.838,5220
2025-06-13 20:00:00+00:00,3.838,3.842,3.746,3.805,4838
2025-06-14 00:00:00+00:00,3.8289999999999997,3.843,3.807,3.8209999999999997,1660
2025-06-14 04:00:00+00:00,3.8209999999999997,3.826,3.792,3.819,1506
2025-06-14 08:00:00+00:00,3.819,3.825,3.782,3.797,1218
2025-06-14 12:00:00+00:00,3.797,3.805,3.774,3.801,1125
2025-06-14 16:00:00+00:00,3.801,3.8120000000000003,3.778,3.792,475
2025-06-15 00:00:00+00:00,3.738,3.792,3.737,3.791,1367
2025-06-15 04:00:00+00:00,3.791,3.799,3.766,3.799,1014
2025-06-15 08:00:00+00:00,3.799,3.8129999999999997,3.76,3.766,1047
2025-06-15 12:00:00+00:00,3.766,3.794,3.748,3.793,1542
2025-06-15 16:00:00+00:00,3.793,3.8289999999999997,3.774,3.79,1895
2025-06-15 20:00:00+00:00,3.79,3.792,3.73,3.743,1850
2025-06-16 00:00:00+00:00,3.747,3.823,3.73,3.811,2682
2025-06-16 04:00:00+00:00,3.811,3.86,3.7800000000000002,3.848,2958
2025-06-16 08:00:00+00:00,3.848,3.911,3.8369999999999997,3.9050000000000002,1798
2025-06-16 12:00:00+00:00,3.9050000000000002,3.9130000000000003,3.871,3.899,1661
2025-06-16 16:00:00+00:00,3.899,3.975,3.895,3.9539999999999997,3616
2025-06-16 20:00:00+00:00,3.9539999999999997,3.987,3.949,3.977,1833
2025-06-17 00:00:00+00:00,3.977,3.985,3.768,3.88,6737
2025-06-17 04:00:00+00:00,3.88,3.892,3.831,3.862,3438
2025-06-17 08:00:00+00:00,3.862,3.87,3.779,3.791,2562
2025-06-17 12:00:00+00:00,3.791,3.805,3.755,3.762,2309
2025-06-17 16:00:00+00:00,3.762,3.785,3.6630000000000003,3.6630000000000003,5712
2025-06-17 20:00:00+00:00,3.6630000000000003,3.763,3.658,3.726,4399
2025-06-18 00:00:00+00:00,3.726,3.746,3.692,3.741,2205
2025-06-18 04:00:00+00:00,3.741,3.776,3.723,3.771,1804
2025-06-18 08:00:00+00:00,3.771,3.781,3.709,3.723,1549
2025-06-18 12:00:00+00:00,3.723,3.7279999999999998,3.6310000000000002,3.645,3687
2025-06-18 16:00:00+00:00,3.645,3.686,3.583,3.604,5723
2025-06-18 20:00:00+00:00,3.604,3.667,3.569,3.658,7158
2025-06-19 00:00:00+00:00,3.658,3.665,3.594,3.625,2467
2025-06-19 04:00:00+00:00,3.625,3.625,3.577,3.6,2074
2025-06-19 08:00:00+00:00,3.6,3.613,3.553,3.553,1889
2025-06-19 12:00:00+00:00,3.553,3.5869999999999997,3.549,3.5789999999999997,1925
2025-06-19 16:00:00+00:00,3.5789999999999997,3.59,3.491,3.497,2764
2025-06-19 20:00:00+00:00,3.497,3.574,3.495,3.5460000000000003,2513
2025-06-20 00:00:00+00:00,3.5460000000000003,3.568,3.532,3.5460000000000003,1645
2025-06-20 04:00:00+00:00,3.5460000000000003,3.548,3.462,3.469,1512
2025-06-20 08:00:00+00:00,3.469,3.558,3.454,3.5300000000000002,2878
2025-06-20 12:00:00+00:00,3.5300000000000002,3.564,3.491,3.555,2120
2025-06-20 16:00:00+00:00,3.555,3.5709999999999997,3.417,3.423,6316
2025-06-20 20:00:00+00:00,3.423,3.451,3.326,3.44,5456
2025-06-21 00:00:00+00:00,3.423,3.448,3.393,3.432,1445
2025-06-21 04:00:00+00:00,3.432,3.46,3.43,3.445,1017
2025-06-21 08:00:00+00:00,3.445,3.502,3.445,3.499,1066
2025-06-21 12:00:00+00:00,3.499,3.499,3.426,3.427,917
2025-06-21 16:00:00+00:00,3.427,3.438,3.396,3.398,602
2025-06-22 00:00:00+00:00,3.366,3.37,3.2,3.334,6862
2025-06-22 04:00:00+00:00,3.334,3.3449999999999998,3.231,3.2720000000000002,2305
2025-06-22 08:00:00+00:00,3.2720000000000002,3.32,3.262,3.285,3222
2025-06-22 12:00:00+00:00,3.285,3.3,3.241,3.281,5069
2025-06-22 16:00:00+00:00,3.281,3.289,3.126,3.159,12262
2025-06-22 20:00:00+00:00,3.159,3.199,3.01,3.099,7594
2025-06-23 00:00:00+00:00,3.102,3.178,3.058,3.145,5482
2025-06-23 04:00:00+00:00,3.145,3.199,3.118,3.191,2543
2025-06-23 08:00:00+00:00,3.191,3.242,3.191,3.201,2383
2025-06-23 12:00:00+00:00,3.201,3.223,3.167,3.223,2270
2025-06-23 16:00:00+00:00,3.223,3.294,3.107,3.125,8883
2025-06-23 20:00:00+00:00,3.125,3.357,3.114,3.316,8265
2025-06-24 00:00:00+00:00,3.317,3.429,3.295,3.412,5583
2025-06-24 04:00:00+00:00,3.412,3.424,3.382,3.395,2152
2025-06-24 08:00:00+00:00,3.395,3.482,3.382,3.402,5340
2025-06-24 12:00:00+00:00,3.402,3.449,3.3970000000000002,3.427,2698
2025-06-24 16:00:00+00:00,3.427,3.515,3.413,3.513,4747
2025-06-24 20:00:00+00:00,3.513,3.519,3.412,3.459,2929
2025-06-25 00:00:00+00:00,3.457,3.458,3.404,3.442,2124
2025-06-25 04:00:00+00:00,3.442,3.455,3.406,3.413,2975
2025-06-25 08:00:00+00:00,3.413,3.439,3.387,3.4050000000000002,2093
2025-06-25 12:00:00+00:00,3.4050000000000002,3.421,3.3689999999999998,3.411,3241
2025-06-25 16:00:00+00:00,3.411,3.451,3.342,3.354,5245
2025-06-25 20:00:00+00:00,3.354,3.41,3.35,3.401,2669
2025-06-26 00:00:00+00:00,3.4,3.415,3.337,3.352,2327
2025-06-26 04:00:00+00:00,3.352,3.43,3.33,3.354,3673
2025-06-26 08:00:00+00:00,3.354,3.393,3.33,3.35,2176
2025-06-26 12:00:00+00:00,3.35,3.355,3.286,3.293,3087
2025-06-26 16:00:00+00:00,3.293,3.326,3.265,3.292,4795
2025-06-26 20:00:00+00:00,3.292,3.351,3.2800000000000002,3.339,3033
2025-06-27 00:00:00+00:00,3.339,3.339,3.277,3.282,2734
2025-06-27 04:00:00+00:00,3.282,3.3609999999999998,3.269,3.3529999999999998,2225
2025-06-27 08:00:00+00:00,3.3529999999999998,3.374,3.283,3.318,2110
2025-06-27 12:00:00+00:00,3.318,3.323,3.288,3.291,2411
2025-06-27 16:00:00+00:00,3.291,3.39,3.288,3.37,3754
2025-06-27 20:00:00+00:00,3.37,3.373,3.289,3.333,3103
2025-06-28 00:00:00+00:00,3.3529999999999998,3.374,3.343,3.352,948
2025-06-28 04:00:00+00:00,3.352,3.383,3.343,3.346,1034
2025-06-28 08:00:00+00:00,3.346,3.357,3.329,3.331,1024
2025-06-28 12:00:00+00:00,3.331,3.357,3.326,3.347,697
2025-06-28 16:00:00+00:00,3.347,3.354,3.335,3.336,226
2025-06-29 00:00:00+00:00,3.3970000000000002,3.421,3.387,3.407,1140
2025-06-29 04:00:00+00:00,3.407,3.408,3.376,3.3810000000000002,713
2025-06-29 08:00:00+00:00,3.3810000000000002,3.419,3.375,3.418,749
2025-06-29 12:00:00+00:00,3.418,3.434,3.409,3.433,1337
2025-06-29 16:00:00+00:00,3.433,3.436,3.3890000000000002,3.414,1337
2025-06-29 20:00:00+00:00,3.414,3.433,3.399,3.412,887
2025-06-30 00:00:00+00:00,3.412,3.577,3.396,3.537,4177
2025-06-30 04:00:00+00:00,3.537,3.5380000000000003,3.441,3.447,1552
2025-06-30 08:00:00+00:00,3.447,3.461,3.408,3.423,2279
2025-06-30 12:00:00+00:00,3.423,3.434,3.388,3.398,1872
2025-06-30 16:00:00+00:00,3.398,3.421,3.346,3.399,4566
2025-06-30 20:00:00+00:00,3.399,3.46,3.377,3.422,2999
2025-07-01 00:00:00+00:00,3.423,3.429,3.3810000000000002,3.395,2065
2025-07-01 04:00:00+00:00,3.395,3.414,3.332,3.337,1937
2025-07-01 08:00:00+00:00,3.337,3.355,3.308,3.327,1760
2025-07-01 12:00:00+00:00,3.327,3.347,3.316,3.322,1673
2025-07-01 16:00:00+00:00,3.322,3.356,3.303,3.329,3445
2025-07-01 20:00:00+00:00,3.329,3.331,3.258,3.287,2319
2025-07-02 00:00:00+00:00,3.281,3.294,3.249,3.262,1793
2025-07-02 04:00:00+00:00,3.262,3.324,3.2359999999999998,3.323,2231
2025-07-02 08:00:00+00:00,3.323,3.334,3.295,3.301,1676
2025-07-02 12:00:00+00:00,3.301,3.328,3.288,3.323,1628
2025-07-02 16:00:00+00:00,3.323,3.559,3.319,3.548,5081
2025-07-02 20:00:00+00:00,3.548,3.6029999999999998,3.515,3.573,4763
2025-07-03 00:00:00+00:00,3.577,3.618,3.527,3.542,2669
2025-07-03 04:00:00+00:00,3.542,3.565,3.526,3.559,2529
2025-07-03 08:00:00+00:00,3.559,3.66,3.556,3.616,2418
2025-07-03 12:00:00+00:00,3.616,3.641,3.5380000000000003,3.573,3348
2025-07-03 16:00:00+00:00,3.573,3.622,3.4939999999999998,3.521,4824
2025-07-03 20:00:00+00:00,3.521,3.559,3.521,3.555,1258
2025-07-04 00:00:00+00:00,3.556,3.5620000000000003,3.525,3.541,1219
2025-07-04 04:00:00+00:00,3.541,3.558,3.487,3.488,1623
2025-07-04 08:00:00+00:00,3.488,3.508,3.407,3.446,2218
2025-07-04 12:00:00+00:00,3.446,3.456,3.418,3.428,1917
2025-07-04 16:00:00+00:00,3.428,3.437,3.307,3.335,6201
2025-07-04 20:00:00+00:00,3.335,3.394,3.312,3.342,3772
2025-07-05 00:00:00+00:00,3.351,3.382,3.346,3.3810000000000002,1648
2025-07-05 04:00:00+00:00,3.3810000000000002,3.3810000000000002,3.331,3.348,2293
2025-07-05 08:00:00+00:00,3.348,3.39,3.34,3.362,2234
2025-07-05 12:00:00+00:00,3.362,3.376,3.336,3.357,2088
2025-07-05 16:00:00+00:00,3.357,3.3609999999999998,3.344,3.3449999999999998,464
2025-07-06 00:00:00+00:00,3.344,3.362,3.336,3.355,1651
2025-07-06 04:00:00+00:00,3.355,3.357,3.333,3.342,1578
2025-07-06 08:00:00+00:00,3.342,3.363,3.322,3.3529999999999998,1741
2025-07-06 12:00:00+00:00,3.3529999999999998,3.376,3.337,3.376,2029
2025-07-06 16:00:00+00:00,3.376,3.42,3.366,3.403,3634
2025-07-06 20:00:00+00:00,3.403,3.406,3.3529999999999998,3.3810000000000002,2646
2025-07-07 00:00:00+00:00,3.379,3.447,3.374,3.39,3503
2025-07-07 04:00:00+00:00,3.39,3.436,3.374,3.409,2640
2025-07-07 08:00:00+00:00,3.409,3.414,3.379,3.408,2400
2025-07-07 12:00:00+00:00,3.408,3.41,3.3609999999999998,3.3689999999999998,2608
2025-07-07 16:00:00+00:00,3.3689999999999998,3.424,3.364,3.373,4908
2025-07-07 20:00:00+00:00,3.373,3.395,3.339,3.351,4187
2025-07-08 00:00:00+00:00,3.351,3.385,3.316,3.362,2804
2025-07-08 04:00:00+00:00,3.362,3.362,3.326,3.347,2951
2025-07-08 08:00:00+00:00,3.347,3.354,3.307,3.328,2182
2025-07-08 12:00:00+00:00,3.328,3.404,3.325,3.402,3104
2025-07-08 16:00:00+00:00,3.402,3.413,3.352,3.393,4628
2025-07-08 20:00:00+00:00,3.393,3.465,3.393,3.434,3967
2025-07-09 00:00:00+00:00,3.431,3.474,3.429,3.436,2363
2025-07-09 04:00:00+00:00,3.436,3.453,3.411,3.443,2150
2025-07-09 08:00:00+00:00,3.443,3.496,3.433,3.488,2937
2025-07-09 12:00:00+00:00,3.488,3.551,3.4699999999999998,3.544,3180
2025-07-09 16:00:00+00:00,3.545,3.5629999999999997,3.489,3.535,4374
2025-07-09 20:00:00+00:00,3.535,3.636,3.4939999999999998,3.614,4845
2025-07-10 00:00:00+00:00,3.616,3.657,3.586,3.59,3593
2025-07-10 04:00:00+00:00,3.59,3.652,3.59,3.649,2226
2025-07-10 08:00:00+00:00,3.649,3.681,3.626,3.67,3059
2025-07-10 12:00:00+00:00,3.67,3.697,3.632,3.653,3453
2025-07-10 16:00:00+00:00,3.653,3.695,3.614,3.692,5173
2025-07-10 20:00:00+00:00,3.692,3.758,3.6790000000000003,3.74,5163
2025-07-11 00:00:00+00:00,3.739,3.891,3.731,3.843,5820
2025-07-11 04:00:00+00:00,3.843,3.9539999999999997,3.84,3.9539999999999997,4735
2025-07-11 08:00:00+00:00,3.9539999999999997,4.013,3.888,3.953,5835
2025-07-11 12:00:00+00:00,3.953,3.999,3.9210000000000003,3.9939999999999998,5666
2025-07-11 16:00:00+00:00,3.9939999999999998,4.108,3.952,4.006,9928
2025-07-11 20:00:00+00:00,4.006,4.082,3.999,4.009,4927
2025-07-12 00:00:00+00:00,3.945,3.948,3.825,3.891,5569
2025-07-12 04:00:00+00:00,3.891,4.061,3.891,3.9370000000000003,5300
2025-07-12 08:00:00+00:00,3.9370000000000003,4.018,3.9,3.973,5689
2025-07-12 12:00:00+00:00,3.973,4.024,3.885,3.933,5990
2025-07-12 16:00:00+00:00,3.933,3.933,3.85,3.9050000000000002,2388
2025-07-13 00:00:00+00:00,3.83,3.903,3.828,3.884,3849
2025-07-13 04:00:00+00:00,3.884,3.951,3.875,3.9459999999999997,4843
2025-07-13 08:00:00+00:00,3.9459999999999997,4.008,3.919,3.983,4277
2025-07-13 12:00:00+00:00,3.983,4.007,3.924,3.998,3772
2025-07-13 16:00:00+00:00,3.998,4.061,3.961,3.983,6511
2025-07-13 20:00:00+00:00,3.983,4.053,3.964,4.035,4453
2025-07-14 00:00:00+00:00,4.035,4.035,3.932,4.0,5778
2025-07-14 04:00:00+00:00,4.0,4.191,3.9859999999999998,4.187,4560
2025-07-14 08:00:00+00:00,4.187,4.19,4.069,4.118,3489
2025-07-14 12:00:00+00:00,4.118,4.151,4.063,4.09,4479
2025-07-14 16:00:00+00:00,4.09,4.128,3.964,4.022,7666
2025-07-14 20:00:00+00:00,4.022,4.024,3.894,3.963,6411
2025-07-15 00:00:00+00:00,3.956,3.983,3.906,3.9130000000000003,4482
2025-07-15 04:00:00+00:00,3.9130000000000003,3.93,3.794,3.864,8365
2025-07-15 08:00:00+00:00,3.864,3.896,3.8289999999999997,3.857,5143
2025-07-15 12:00:00+00:00,3.857,3.922,3.839,3.895,5674
2025-07-15 16:00:00+00:00,3.895,4.014,3.831,3.987,8967
2025-07-15 20:00:00+00:00,3.987,4.095,3.933,3.973,7022
2025-07-16 00:00:00+00:00,3.965,4.118,3.958,4.112,3620
2025-07-16 04:00:00+00:00,4.111,4.123,4.006,4.059,3387
2025-07-16 08:00:00+00:00,4.059,4.142,4.052,4.115,2154
2025-07-16 12:00:00+00:00,4.115,4.141,4.086,4.108,3501
2025-07-16 16:00:00+00:00,4.108,4.186,4.08,4.185,4323
2025-07-16 20:00:00+00:00,4.185,4.237,4.144,4.207,3152
2025-07-17 00:00:00+00:00,4.203,4.269,4.1370000000000005,4.163,3133
2025-07-17 04:00:00+00:00,4.163,4.186,4.064,4.144,3492
2025-07-17 08:00:00+00:00,4.143,4.227,4.117,4.225,3376
2025-07-17 12:00:00+00:00,4.227,4.272,4.184,4.255,4777
2025-07-17 16:00:00+00:00,4.255,4.267,4.098,4.14,4682
2025-07-17 20:00:00+00:00,4.14,4.207,4.074,4.123,3653
2025-07-18 00:00:00+00:00,4.133,4.354,4.114,4.354,4855
2025-07-18 04:00:00+00:00,4.354,4.509,4.336,4.509,3881
2025-07-18 08:00:00+00:00,4.509,4.621,4.415,4.429,10222
2025-07-18 12:00:00+00:00,4.429,4.477,4.343,4.465,8666
2025-07-18 16:00:00+00:00,4.465,4.495,4.25,4.326,7379
2025-07-18 20:00:00+00:00,4.326,4.354,4.133,4.216,5000
2025-07-19 00:00:00+00:00,4.209,4.263,4.159,4.163,1967
2025-07-19 04:00:00+00:00,4.163,4.333,4.129,4.311,2449
2025-07-19 08:00:00+00:00,4.311,4.319,4.269,4.301,868
2025-07-19 12:00:00+00:00,4.263,4.301,4.205,4.247,1491
2025-07-19 16:00:00+00:00,4.247,4.249,4.205,4.219,546
2025-07-20 00:00:00+00:00,4.418,4.428,4.305,4.377,2068
2025-07-20 04:00:00+00:00,4.377,4.434,4.345,4.359,2335
2025-07-20 08:00:00+00:00,4.359,4.464,4.346,4.464,1917
2025-07-20 12:00:00+00:00,4.464,4.507,4.397,4.49,2852
2025-07-20 16:00:00+00:00,4.49,4.585,4.475,4.556,4402
2025-07-20 20:00:00+00:00,4.556,4.568,4.471,4.51,3614
2025-07-21 00:00:00+00:00,4.511,4.536,4.379,4.465,5245
2025-07-21 04:00:00+00:00,4.465,4.557,4.4,4.529,3172
2025-07-21 08:00:00+00:00,4.529,4.615,4.498,4.572,2487
2025-07-21 12:00:00+00:00,4.572,4.62,4.5120000000000005,4.59,4161
2025-07-21 16:00:00+00:00,4.59,4.674,4.456,4.52,5304
2025-07-21 20:00:00+00:00,4.518,4.578,4.429,4.442,4471
2025-07-22 00:00:00+00:00,4.434,4.529,4.425,4.457,2309
2025-07-22 04:00:00+00:00,4.457,4.538,4.3,4.307,5896
2025-07-22 08:00:00+00:00,4.312,4.439,4.288,4.344,4500
2025-07-22 12:00:00+00:00,4.344,4.421,4.2780000000000005,4.405,10344
2025-07-22 16:00:00+00:00,4.405,4.5,4.327,4.426,7413
2025-07-22 20:00:00+00:00,4.426,4.471,4.354,4.439,6033
2025-07-23 00:00:00+00:00,4.438,4.553,4.425,4.469,2606
2025-07-23 04:00:00+00:00,4.469,4.537,4.444,4.527,2900
2025-07-23 08:00:00+00:00,4.527,4.53,4.417,4.446,2890
2025-07-23 12:00:00+00:00,4.446,4.446,4.227,4.241,3983
2025-07-23 16:00:00+00:00,4.241,4.277,4.115,4.141,7553
2025-07-23 20:00:00+00:00,4.141,4.183,4.023,4.099,5670
2025-07-24 00:00:00+00:00,4.095,4.177,3.998,4.175,3040
2025-07-24 04:00:00+00:00,4.175,4.198,4.056,4.065,2557
2025-07-24 08:00:00+00:00,4.065,4.071,3.8890000000000002,4.002,6737
2025-07-24 12:00:00+00:00,4.002,4.033,3.9130000000000003,3.993,5197
2025-07-24 16:00:00+00:00,3.993,4.133,3.935,4.008,6574
2025-07-24 20:00:00+00:00,4.008,4.109,4.004,4.085,2874
2025-07-25 00:00:00+00:00,4.085,4.087,3.927,3.951,3622
2025-07-25 04:00:00+00:00,3.951,4.011,3.856,3.955,5940
2025-07-25 08:00:00+00:00,3.955,3.98,3.887,3.947,5040
2025-07-25 12:00:00+00:00,3.947,4.074,3.934,4.041,3637
2025-07-25 16:00:00+00:00,4.041,4.055,3.896,3.9859999999999998,8071
2025-07-25 20:00:00+00:00,3.9859999999999998,4.071,3.971,4.063,3029
2025-07-26 00:00:00+00:00,4.09,4.099,4.068,4.088,801
2025-07-26 04:00:00+00:00,4.088,4.129,4.068,4.105,1042
2025-07-26 08:00:00+00:00,4.105,4.112,4.053,4.09,845
2025-07-26 12:00:00+00:00,4.09,4.115,4.079,4.103,770
2025-07-26 16:00:00+00:00,4.103,4.125,4.093,4.117,246
2025-07-27 00:00:00+00:00,4.172,4.193,4.108,4.131,1151
2025-07-27 04:00:00+00:00,4.131,4.191,4.117,4.17,1024
2025-07-27 08:00:00+00:00,4.17,4.203,4.134,4.141,1076
2025-07-27 12:00:00+00:00,4.141,4.187,4.113,4.173,1405
2025-07-27 16:00:00+00:00,4.173,4.215,4.133,4.173,1989
2025-07-27 20:00:00+00:00,4.173,4.211,4.154,4.169,2372
2025-07-28 00:00:00+00:00,4.171,4.263,4.159,4.217,1893
2025-07-28 04:00:00+00:00,4.217,4.275,4.178,4.271,1939
2025-07-28 08:00:00+00:00,4.271,4.309,4.234,4.255,1625
2025-07-28 12:00:00+00:00,4.255,4.285,4.194,4.206,2350
2025-07-28 16:00:00+00:00,4.206,4.209,4.03,4.061,6356
2025-07-28 20:00:00+00:00,4.061,4.073,3.953,3.976,7176
2025-07-29 00:00:00+00:00,3.975,4.002,3.895,3.955,8651
2025-07-29 04:00:00+00:00,3.955,4.003,3.906,3.966,8426
2025-07-29 08:00:00+00:00,3.966,4.078,3.9619999999999997,4.045,3792
2025-07-29 12:00:00+00:00,4.045,4.05,3.953,4.023,6049
2025-07-29 16:00:00+00:00,4.023,4.039,3.833,3.891,8966
2025-07-29 20:00:00+00:00,3.891,3.919,3.811,3.8449999999999998,5680
2025-07-30 00:00:00+00:00,3.8529999999999998,3.9130000000000003,3.831,3.873,4549
2025-07-30 04:00:00+00:00,3.873,3.917,3.827,3.865,4561
2025-07-30 08:00:00+00:00,3.865,3.902,3.835,3.859,4129
2025-07-30 12:00:00+00:00,3.859,3.8689999999999998,3.727,3.769,7667
2025-07-30 16:00:00+00:00,3.769,3.8529999999999998,3.746,3.811,6338
2025-07-30 20:00:00+00:00,3.816,3.826,3.618,3.7720000000000002,6964
2025-07-31 00:00:00+00:00,3.768,3.8449999999999998,3.731,3.841,3366
2025-07-31 04:00:00+00:00,3.841,3.882,3.822,3.879,1404
2025-07-31 08:00:00+00:00,3.879,3.901,3.862,3.885,1618
2025-07-31 12:00:00+00:00,3.883,3.917,3.836,3.849,3647
2025-07-31 16:00:00+00:00,3.849,3.864,3.738,3.84,10964
2025-07-31 20:00:00+00:00,3.84,3.841,3.711,3.738,8401
2025-08-01 00:00:00+00:00,3.734,3.76,3.58,3.668,10630
2025-08-01 04:00:00+00:00,3.668,3.7199999999999998,3.616,3.662,9068
2025-08-01 08:00:00+00:00,3.662,3.684,3.5629999999999997,3.606,10823
2025-08-01 12:00:00+00:00,3.606,3.69,3.598,3.664,9623
2025-08-01 16:00:00+00:00,3.664,3.677,3.5380000000000003,3.599,13122
2025-08-01 20:00:00+00:00,3.6,3.628,3.531,3.575,14930
2025-08-02 00:00:00+00:00,3.55,3.584,3.438,3.577,9408
2025-08-02 04:00:00+00:00,3.577,3.624,3.556,3.622,2873
2025-08-02 08:00:00+00:00,3.622,3.625,3.502,3.537,6407
2025-08-02 12:00:00+00:00,3.537,3.57,3.508,3.552,5901
2025-08-02 16:00:00+00:00,3.552,3.566,3.527,3.555,1586
2025-08-03 00:00:00+00:00,3.502,3.524,3.453,3.5220000000000002,5298
2025-08-03 04:00:00+00:00,3.5220000000000002,3.552,3.507,3.542,2644
2025-08-03 08:00:00+00:00,3.542,3.578,3.539,3.577,837
2025-08-03 12:00:00+00:00,3.577,3.613,3.566,3.605,1228
2025-08-03 16:00:00+00:00,3.605,3.609,3.561,3.593,1891
2025-08-03 20:00:00+00:00,3.593,3.613,3.576,3.598,1054
2025-08-04 00:00:00+00:00,3.598,3.658,3.588,3.656,4322
2025-08-04 04:00:00+00:00,3.656,3.6630000000000003,3.601,3.61,3558
2025-08-04 08:00:00+00:00,3.61,3.65,3.601,3.6189999999999998,3640
2025-08-04 12:00:00+00:00,3.6189999999999998,3.638,3.605,3.632,3324
2025-08-04 16:00:00+00:00,3.632,3.7279999999999998,3.623,3.727,6554
2025-08-04 20:00:00+00:00,3.727,3.754,3.665,3.693,4403
2025-08-05 00:00:00+00:00,3.691,3.732,3.689,3.709,3613
2025-08-05 04:00:00+00:00,3.709,3.718,3.643,3.653,2888
2025-08-05 08:00:00+00:00,3.651,3.675,3.58,3.622,4356
2025-08-05 12:00:00+00:00,3.622,3.702,3.62,3.649,5283
2025-08-05 16:00:00+00:00,3.649,3.674,3.555,3.583,11145
2025-08-05 20:00:00+00:00,3.583,3.615,3.564,3.582,6502
2025-08-06 00:00:00+00:00,3.584,3.621,3.5300000000000002,3.584,4546
2025-08-06 04:00:00+00:00,3.581,3.599,3.547,3.56,5210
2025-08-06 08:00:00+00:00,3.56,3.644,3.55,3.607,5075
2025-08-06 12:00:00+00:00,3.607,3.635,3.566,3.578,3811
2025-08-06 16:00:00+00:00,3.578,3.686,3.57,3.65,8174
2025-08-06 20:00:00+00:00,3.65,3.694,3.636,3.6630000000000003,3387
2025-08-07 00:00:00+00:00,3.6630000000000003,3.683,3.656,3.67,2095
2025-08-07 04:00:00+00:00,3.67,3.695,3.638,3.651,2574
2025-08-07 08:00:00+00:00,3.651,3.697,3.6390000000000002,3.678,3382
2025-08-07 12:00:00+00:00,3.678,3.797,3.669,3.789,5018
2025-08-07 16:00:00+00:00,3.789,3.802,3.686,3.734,5332
2025-08-07 20:00:00+00:00,3.734,3.8129999999999997,3.717,3.8040000000000003,4680
2025-08-08 00:00:00+00:00,3.808,3.926,3.795,3.87,8785
2025-08-08 04:00:00+00:00,3.87,3.904,3.809,3.8609999999999998,10382
2025-08-08 08:00:00+00:00,3.8609999999999998,3.948,3.834,3.9,5140
2025-08-08 12:00:00+00:00,3.9,3.9290000000000003,3.867,3.87,3794
2025-08-08 16:00:00+00:00,3.872,3.964,3.8529999999999998,3.904,8211
2025-08-08 20:00:00+00:00,3.904,3.992,3.901,3.963,5665
2025-08-09 00:00:00+00:00,3.971,3.996,3.963,3.985,2473
2025-08-09 04:00:00+00:00,3.985,4.028,3.975,4.019,3544
2025-08-09 08:00:00+00:00,4.019,4.096,4.011,4.07,3106
2025-08-09 12:00:00+00:00,4.07,4.138,4.066,4.133,2455
2025-08-09 16:00:00+00:00,4.133,4.133,4.075,4.078,951
2025-08-10 00:00:00+00:00,4.154,4.18,4.105,4.166,2717
2025-08-10 04:00:00+00:00,4.166,4.18,4.081,4.155,3642
2025-08-10 08:00:00+00:00,4.155,4.155,3.961,4.036,5434
2025-08-10 12:00:00+00:00,4.036,4.055,3.979,4.015,5156
2025-08-10 16:00:00+00:00,4.012,4.082,3.971,4.055,4696
2025-08-10 20:00:00+00:00,4.055,4.09,4.03,4.044,2349
2025-08-11 00:00:00+00:00,4.043,4.075,4.009,4.039,3138
2025-08-11 04:00:00+00:00,4.039,4.157,4.033,4.123,3381
2025-08-11 08:00:00+00:00,4.123,4.135,4.021,4.054,2808
2025-08-11 12:00:00+00:00,4.054,4.07,3.896,3.916,8197
2025-08-11 16:00:00+00:00,3.916,4.019,3.877,3.957,11710
2025-08-11 20:00:00+00:00,3.957,3.971,3.875,3.9050000000000002,7343
2025-08-12 00:00:00+00:00,3.904,3.922,3.8120000000000003,3.89,5959
2025-08-12 04:00:00+00:00,3.89,3.934,3.875,3.9210000000000003,4047
2025-08-12 08:00:00+00:00,3.9210000000000003,3.932,3.847,3.885,4844
2025-08-12 12:00:00+00:00,3.885,4.0,3.831,3.983,7130
2025-08-12 16:00:00+00:00,3.983,4.192,3.9290000000000003,4.185,9540
2025-08-12 20:00:00+00:00,4.185,4.232,4.138,4.191,3994
2025-08-13 00:00:00+00:00,4.193,4.195,4.126,4.171,2573
2025-08-13 04:00:00+00:00,4.171,4.224,4.093,4.197,2944
2025-08-13 08:00:00+00:00,4.197,4.24,4.131,4.213,2635
2025-08-13 12:00:00+00:00,4.213,4.289,4.211,4.234,2478
2025-08-13 16:00:00+00:00,4.234,4.316,4.182,4.215,5318
2025-08-13 20:00:00+00:00,4.215,4.255,4.176,4.245,2473
2025-08-14 00:00:00+00:00,4.241,4.321,4.227,4.282,2713
2025-08-14 04:00:00+00:00,4.282,4.367,4.246,4.299,2559
2025-08-14 08:00:00+00:00,4.299,4.317,4.175,4.199,3217
2025-08-14 12:00:00+00:00,4.199,4.244,3.9,4.004,4843
2025-08-14 16:00:00+00:00,4.004,4.086,3.9210000000000003,3.974,8354
2025-08-14 20:00:00+00:00,3.971,4.028,3.935,3.981,8206
2025-08-15 00:00:00+00:00,3.984,4.008,3.9,3.9779999999999998,6845
2025-08-15 04:00:00+00:00,3.9779999999999998,4.052,3.965,4.011,4556
2025-08-15 08:00:00+00:00,4.011,4.103,3.993,4.017,4061
2025-08-15 12:00:00+00:00,4.017,4.035,3.953,3.988,7378
2025-08-15 16:00:00+00:00,3.985,4.002,3.814,3.883,15849
2025-08-15 20:00:00+00:00,3.883,3.91,3.817,3.866,7270
2025-08-16 00:00:00+00:00,3.882,3.955,3.872,3.944,4128
2025-08-16 04:00:00+00:00,3.944,3.948,3.903,3.932,3746
2025-08-16 08:00:00+00:00,3.9290000000000003,3.953,3.8890000000000002,3.941,3300
2025-08-16 12:00:00+00:00,3.939,3.966,3.8890000000000002,3.9370000000000003,5912
2025-08-16 16:00:00+00:00,3.9370000000000003,3.955,3.915,3.917,1276
2025-08-17 00:00:00+00:00,3.9619999999999997,3.983,3.9379999999999997,3.942,2444
2025-08-17 04:00:00+00:00,3.942,4.025,3.923,4.022,3800
2025-08-17 08:00:00+00:00,4.022,4.06,3.993,4.059,3122
2025-08-17 12:00:00+00:00,4.059,4.096,4.035,4.057,2262
2025-08-17 16:00:00+00:00,4.057,4.194,4.047,4.135,2935
2025-08-17 20:00:00+00:00,4.135,4.146,4.043,4.076,2799
2025-08-18 00:00:00+00:00,4.072,4.103,4.022,4.045,2845
2025-08-18 04:00:00+00:00,4.045,4.049,3.8449999999999998,3.9210000000000003,8670
2025-08-18 08:00:00+00:00,3.9210000000000003,3.932,3.833,3.85,6784
2025-08-18 12:00:00+00:00,3.85,3.969,3.83,3.969,6102
2025-08-18 16:00:00+00:00,3.969,3.979,3.864,3.885,9138
2025-08-18 20:00:00+00:00,3.885,3.956,3.878,3.919,6273
2025-08-19 00:00:00+00:00,3.917,3.974,3.86,3.945,5416
2025-08-19 04:00:00+00:00,3.941,3.961,3.782,3.841,9417
2025-08-19 08:00:00+00:00,3.8369999999999997,3.856,3.803,3.843,6682
2025-08-19 12:00:00+00:00,3.843,3.894,3.8369999999999997,3.874,4734
2025-08-19 16:00:00+00:00,3.874,3.907,3.757,3.776,11245
2025-08-19 20:00:00+00:00,3.774,3.802,3.716,3.7720000000000002,8518
2025-08-20 00:00:00+00:00,3.77,3.782,3.707,3.738,5333
2025-08-20 04:00:00+00:00,3.738,3.784,3.691,3.777,5224
2025-08-20 08:00:00+00:00,3.777,3.815,3.748,3.8129999999999997,3228
2025-08-20 12:00:00+00:00,3.8129999999999997,3.814,3.729,3.793,4589
2025-08-20 16:00:00+00:00,3.793,3.876,3.705,3.849,10218
2025-08-20 20:00:00+00:00,3.8449999999999998,3.903,3.8129999999999997,3.892,5340
2025-08-21 00:00:00+00:00,3.893,3.9050000000000002,3.863,3.884,3293
2025-08-21 04:00:00+00:00,3.884,3.922,3.8529999999999998,3.882,4099
2025-08-21 08:00:00+00:00,3.882,3.896,3.838,3.841,3789
2025-08-21 12:00:00+00:00,3.841,3.85,3.795,3.8120000000000003,4520
2025-08-21 16:00:00+00:00,3.8120000000000003,3.87,3.775,3.783,7796
2025-08-21 20:00:00+00:00,3.783,3.846,3.768,3.815,4698
2025-08-22 00:00:00+00:00,3.814,3.8369999999999997,3.773,3.794,3169
2025-08-22 04:00:00+00:00,3.794,3.85,3.765,3.8040000000000003,3762
2025-08-22 08:00:00+00:00,3.8040000000000003,3.849,3.792,3.822,4358
2025-08-22 12:00:00+00:00,3.822,3.8289999999999997,3.683,3.725,5270
2025-08-22 16:00:00+00:00,3.725,4.068,3.694,4.038,10932
2025-08-22 20:00:00+00:00,4.038,4.123,4.038,4.116,3025
2025-08-23 00:00:00+00:00,4.195,4.197,4.136,4.142,1522
2025-08-23 04:00:00+00:00,4.142,4.149,4.021,4.125,2473
2025-08-23 08:00:00+00:00,4.125,4.181,4.118,4.133,2359
2025-08-23 12:00:00+00:00,4.133,4.163,4.116,4.144,2394
2025-08-23 16:00:00+00:00,4.144,4.156,4.122,4.129,462
2025-08-24 00:00:00+00:00,4.208,4.239,4.177,4.218,1457
2025-08-24 04:00:00+00:00,4.218,4.219,4.136,4.157,1632
2025-08-24 08:00:00+00:00,4.157,4.157,4.074,4.1,1656
2025-08-24 12:00:00+00:00,4.1,4.107,4.01,4.053,2348
2025-08-24 16:00:00+00:00,4.053,4.104,4.018,4.072,2233
2025-08-24 20:00:00+00:00,4.072,4.28,4.038,4.119,7143
2025-08-25 00:00:00+00:00,4.117,4.159,4.031,4.062,3153
2025-08-25 04:00:00+00:00,4.062,4.143,4.039,4.059,3859
2025-08-25 08:00:00+00:00,4.059,4.076,3.873,3.924,5168
2025-08-25 12:00:00+00:00,3.924,3.931,3.847,3.906,4972
2025-08-25 16:00:00+00:00,3.906,3.928,3.842,3.862,6996
2025-08-25 20:00:00+00:00,3.862,3.864,3.699,3.713,8856
2025-08-26 00:00:00+00:00,3.699,3.759,3.686,3.729,8739
2025-08-26 04:00:00+00:00,3.726,3.8120000000000003,3.711,3.8,6079
2025-08-26 08:00:00+00:00,3.8,3.8129999999999997,3.751,3.773,5899
2025-08-26 12:00:00+00:00,3.773,3.852,3.755,3.823,6012
2025-08-26 16:00:00+00:00,3.8209999999999997,3.852,3.759,3.847,10370
2025-08-26 20:00:00+00:00,3.847,3.9210000000000003,3.808,3.893,5406
2025-08-27 00:00:00+00:00,3.895,3.91,3.8609999999999998,3.868,3361
2025-08-27 04:00:00+00:00,3.868,3.924,3.844,3.918,4328
2025-08-27 08:00:00+00:00,3.919,3.923,3.835,3.865,3478
2025-08-27 12:00:00+00:00,3.865,3.892,3.846,3.876,3208
2025-08-27 16:00:00+00:00,3.876,3.932,3.854,3.892,5592
2025-08-27 20:00:00+00:00,3.892,3.915,3.82,3.9,5276
2025-08-28 00:00:00+00:00,3.903,3.912,3.8040000000000003,3.834,4198
2025-08-28 04:00:00+00:00,3.834,3.926,3.833,3.914,4163
2025-08-28 08:00:00+00:00,3.912,3.989,3.901,3.976,4671
2025-08-28 12:00:00+00:00,3.976,3.985,3.927,3.969,3994
2025-08-28 16:00:00+00:00,3.969,4.02,3.892,3.8970000000000002,5101
2025-08-28 20:00:00+00:00,3.8970000000000002,3.9459999999999997,3.868,3.907,4372
2025-08-29 00:00:00+00:00,3.911,4.002,3.907,3.974,3810
2025-08-29 04:00:00+00:00,3.974,3.976,3.917,3.926,4711
2025-08-29 08:00:00+00:00,3.926,3.9379999999999997,3.765,3.774,4798
2025-08-29 12:00:00+00:00,3.774,3.912,3.745,3.854,5063
2025-08-29 16:00:00+00:00,3.854,3.858,3.7359999999999998,3.771,9248
2025-08-29 20:00:00+00:00,3.771,3.777,3.718,3.738,6691
2025-08-30 00:00:00+00:00,3.767,3.786,3.749,3.761,2314
2025-08-30 04:00:00+00:00,3.761,3.8209999999999997,3.706,3.793,3472
2025-08-30 08:00:00+00:00,3.793,3.816,3.786,3.79,3077
2025-08-30 12:00:00+00:00,3.79,3.8,3.75,3.763,3009
2025-08-30 16:00:00+00:00,3.763,3.79,3.727,3.758,3659
2025-08-30 20:00:00+00:00,3.758,3.793,3.753,3.787,2660
2025-08-31 00:00:00+00:00,3.789,3.855,3.776,3.8529999999999998,2657
2025-08-31 04:00:00+00:00,3.8529999999999998,3.873,3.822,3.83,3264
2025-08-31 08:00:00+00:00,3.83,3.831,3.793,3.83,2622
2025-08-31 12:00:00+00:00,3.83,3.844,3.7800000000000002,3.818,3304
2025-08-31 16:00:00+00:00,3.818,3.827,3.775,3.8,3759
2025-08-31 20:00:00+00:00,3.8,3.827,3.776,3.801,2896
2025-09-01 00:00:00+00:00,3.799,3.814,3.702,3.726,3975
2025-09-01 04:00:00+00:00,3.726,3.751,3.65,3.668,4433
2025-09-01 08:00:00+00:00,3.668,3.85,3.651,3.846,5611
2025-09-01 12:00:00+00:00,3.846,3.882,3.757,3.774,4221
2025-09-01 16:00:00+00:00,3.774,3.778,3.71,3.718,5372
2025-09-01 20:00:00+00:00,3.718,3.74,3.64,3.673,4631
2025-09-02 00:00:00+00:00,3.674,3.699,3.607,3.683,3334
2025-09-02 04:00:00+00:00,3.681,3.784,3.674,3.7800000000000002,4467
2025-09-02 08:00:00+00:00,3.7800000000000002,3.786,3.742,3.76,3750
2025-09-02 12:00:00+00:00,3.76,3.783,3.686,3.6959999999999997,3897
2025-09-02 16:00:00+00:00,3.6959999999999997,3.814,3.692,3.758,4903
2025-09-02 20:00:00+00:00,3.758,3.7960000000000003,3.732,3.79,2707
2025-09-03 00:00:00+00:00,3.79,3.831,3.783,3.816,2762
2025-09-03 04:00:00+00:00,3.816,3.839,3.789,3.8129999999999997,2346
2025-09-03 08:00:00+00:00,3.8129999999999997,3.835,3.782,3.819,2410
2025-09-03 12:00:00+00:00,3.819,3.849,3.802,3.817,2598
2025-09-03 16:00:00+00:00,3.817,3.903,3.814,3.8689999999999998,3572
2025-09-03 20:00:00+00:00,3.8689999999999998,3.899,3.868,3.892,2536
2025-09-04 00:00:00+00:00,3.894,3.896,3.856,3.868,1994
2025-09-04 04:00:00+00:00,3.868,3.868,3.8,3.801,2603
2025-09-04 08:00:00+00:00,3.801,3.801,3.758,3.775,3151
2025-09-04 12:00:00+00:00,3.775,3.803,3.763,3.79,3009
2025-09-04 16:00:00+00:00,3.79,3.798,3.737,3.762,3713
2025-09-04 20:00:00+00:00,3.762,3.773,3.721,3.768,2933
2025-09-05 00:00:00+00:00,3.767,3.802,3.752,3.7560000000000002,2692
2025-09-05 04:00:00+00:00,3.7560000000000002,3.789,3.751,3.787,2354
2025-09-05 08:00:00+00:00,3.787,3.84,3.773,3.822,2859
2025-09-05 12:00:00+00:00,3.822,3.8890000000000002,3.8040000000000003,3.884,3750
2025-09-05 16:00:00+00:00,3.884,3.891,3.77,3.8120000000000003,4385
2025-09-05 20:00:00+00:00,3.8120000000000003,3.839,3.782,3.8369999999999997,1933
2025-09-06 00:00:00+00:00,3.841,3.846,3.801,3.838,1528
2025-09-06 04:00:00+00:00,3.838,3.882,3.83,3.8529999999999998,1758
2025-09-06 08:00:00+00:00,3.8529999999999998,3.854,3.806,3.81,1847
2025-09-06 12:00:00+00:00,3.81,3.818,3.791,3.806,1887
2025-09-06 16:00:00+00:00,3.806,3.822,3.778,3.806,2755
2025-09-06 20:00:00+00:00,3.806,3.811,3.784,3.808,1905
2025-09-07 00:00:00+00:00,3.8120000000000003,3.834,3.8,3.83,1576
2025-09-07 04:00:00+00:00,3.827,3.859,3.827,3.848,1601
2025-09-07 08:00:00+00:00,3.848,3.866,3.843,3.859,1558
2025-09-07 12:00:00+00:00,3.856,3.964,3.842,3.958,2629
2025-09-07 16:00:00+00:00,3.958,4.084,3.956,3.977,6283
2025-09-07 20:00:00+00:00,3.977,4.01,3.947,3.983,2928
2025-09-08 00:00:00+00:00,3.987,4.016,3.968,3.995,2689
2025-09-08 04:00:00+00:00,3.995,4.069,3.988,4.026,4089
2025-09-08 08:00:00+00:00,4.026,4.046,3.981,4.0,3573
2025-09-08 12:00:00+00:00,4.0,4.051,3.993,4.024,3808
2025-09-08 16:00:00+00:00,4.024,4.078,4.0,4.048,4403
2025-09-08 20:00:00+00:00,4.048,4.066,3.998,4.013,3445
2025-09-09 00:00:00+00:00,4.013,4.083,4.003,4.078,2492
2025-09-09 04:00:00+00:00,4.078,4.097,3.999,4.05,4364
2025-09-09 08:00:00+00:00,4.05,4.171,4.027,4.134,4627
2025-09-09 12:00:00+00:00,4.134,4.178,4.123,4.133,5137
2025-09-09 16:00:00+00:00,4.133,4.18,4.025,4.043,10858
2025-09-09 20:00:00+00:00,4.041,4.124,4.041,4.122,4507
2025-09-10 00:00:00+00:00,4.12,4.145,4.091,4.097,4006
2025-09-10 04:00:00+00:00,4.097,4.151,4.092,4.117,4342
2025-09-10 08:00:00+00:00,4.117,4.123,4.071,4.084,4100
2025-09-10 12:00:00+00:00,4.084,4.17,4.049,4.169,4639
2025-09-10 16:00:00+00:00,4.169,4.205,4.142,4.192,7429
2025-09-10 20:00:00+00:00,4.192,4.196,4.139,4.17,4285
2025-09-11 00:00:00+00:00,4.169,4.243,4.167,4.239,3391
2025-09-11 04:00:00+00:00,4.239,4.256,4.206,4.224,3733
2025-09-11 08:00:00+00:00,4.224,4.23,4.192,4.204,3468
2025-09-11 12:00:00+00:00,4.204,4.236,4.127,4.188,5141
2025-09-11 16:00:00+00:00,4.186,4.206,4.138,4.177,6650
2025-09-11 20:00:00+00:00,4.177,4.228,4.163,4.214,3369
2025-09-12 00:00:00+00:00,4.214,4.277,4.211,4.263,3612
2025-09-12 04:00:00+00:00,4.261,4.273,4.197,4.219,3371
2025-09-12 08:00:00+00:00,4.219,4.269,4.202,4.213,3109
2025-09-12 12:00:00+00:00,4.211,4.217,4.147,4.194,3604
2025-09-12 16:00:00+00:00,4.194,4.244,4.183,4.219,5387
2025-09-12 20:00:00+00:00,4.219,4.297,4.211,4.279,4628
2025-09-13 00:00:00+00:00,4.27,4.341,4.255,4.339,3625
2025-09-13 04:00:00+00:00,4.339,4.398,4.301,4.388,3946
2025-09-13 08:00:00+00:00,4.388,4.5280000000000005,4.359,4.502,4487
2025-09-13 12:00:00+00:00,4.502,4.625,4.49,4.614,7206
2025-09-13 16:00:00+00:00,4.614,4.623,4.44,4.465,9643
2025-09-13 20:00:00+00:00,4.465,4.496,4.413,4.492,5565
2025-09-14 00:00:00+00:00,4.484,4.516,4.433,4.447,3145
2025-09-14 04:00:00+00:00,4.445,4.483,4.361,4.398,5785
2025-09-14 08:00:00+00:00,4.398,4.446,4.393,4.422,3912
2025-09-14 12:00:00+00:00,4.419,4.467,4.323,4.346,5804
2025-09-14 16:00:00+00:00,4.344,4.3629999999999995,4.275,4.344,8945
2025-09-14 20:00:00+00:00,4.344,4.375,4.314,4.334,3858
2025-09-15 00:00:00+00:00,4.33,4.371,4.305,4.341,4334
2025-09-15 04:00:00+00:00,4.341,4.386,4.283,4.36,6067
2025-09-15 08:00:00+00:00,4.36,4.402,4.133,4.141,8493
2025-09-15 12:00:00+00:00,4.141,4.207,4.135,4.162,6483
2025-09-15 16:00:00+00:00,4.162,4.202,4.099,4.112,9355
2025-09-15 20:00:00+00:00,4.11,4.166,4.103,4.166,5450
2025-09-16 00:00:00+00:00,4.163,4.176,4.116,4.134,2849
2025-09-16 04:00:00+00:00,4.132,4.161,4.104,4.148,4167
2025-09-16 08:00:00+00:00,4.148,4.22,4.14,4.218,5378
2025-09-16 12:00:00+00:00,4.218,4.249,4.189,4.203,6618
2025-09-16 16:00:00+00:00,4.203,4.241,4.145,4.212,9037
2025-09-16 20:00:00+00:00,4.212,4.285,4.209,4.26,6027
2025-09-17 00:00:00+00:00,4.261,4.293,4.232,4.242,3220
2025-09-17 04:00:00+00:00,4.242,4.2620000000000005,4.173,4.185,3843
2025-09-17 08:00:00+00:00,4.185,4.236,4.169,4.188,4082
2025-09-17 12:00:00+00:00,4.188,4.198,4.155,4.188,3521
2025-09-17 16:00:00+00:00,4.188,4.199,4.133,4.188,2786
2025-09-17 20:00:00+00:00,4.188,4.337,4.145,4.244,9267
2025-09-18 00:00:00+00:00,4.249,4.43,4.22,4.381,7247
2025-09-18 04:00:00+00:00,4.379,4.4879999999999995,4.371,4.4719999999999995,5892
2025-09-18 08:00:00+00:00,4.4719999999999995,4.524,4.413,4.511,5745
2025-09-18 12:00:00+00:00,4.511,4.567,4.493,4.534,5775
2025-09-18 16:00:00+00:00,4.534,4.576,4.519,4.551,7204
2025-09-18 20:00:00+00:00,4.551,4.593,4.524,4.57,5756
2025-09-19 00:00:00+00:00,4.566,4.804,4.51,4.798,5457
2025-09-19 04:00:00+00:00,4.798,4.878,4.564,4.661,7534
2025-09-19 08:00:00+00:00,4.661,4.673,4.567,4.592,6594
2025-09-19 12:00:00+00:00,4.592,4.628,4.457,4.485,7769
2025-09-19 16:00:00+00:00,4.485,4.538,4.409,4.447,9278
2025-09-19 20:00:00+00:00,4.447,4.449,4.3469999999999995,4.392,6081
2025-09-20 00:00:00+00:00,4.3870000000000005,4.416,4.314,4.386,3331
2025-09-20 04:00:00+00:00,4.386,4.386,4.287,4.341,4283
2025-09-20 08:00:00+00:00,4.341,4.411,4.331,4.357,3431
2025-09-20 12:00:00+00:00,4.357,4.371,4.329,4.353,4164
2025-09-20 16:00:00+00:00,4.35,4.46,4.317,4.418,5478
2025-09-20 20:00:00+00:00,4.415,4.42,4.34,4.383,4043
2025-09-21 00:00:00+00:00,4.381,4.393,4.335,4.367,2776
2025-09-21 04:00:00+00:00,4.367,4.369,4.314,4.341,3669
2025-09-21 08:00:00+00:00,4.341,4.385,4.328,4.348,3488
2025-09-21 12:00:00+00:00,4.348,4.355,4.28,4.316,5307
2025-09-21 16:00:00+00:00,4.316,4.333,4.242,4.266,5253
2025-09-21 20:00:00+00:00,4.266,4.3,4.232,4.265,4644
2025-09-22 00:00:00+00:00,4.265,4.29,4.156,4.174,6125
2025-09-22 04:00:00+00:00,4.174,4.21,4.08,4.127,7884
2025-09-22 08:00:00+00:00,4.127,4.135,3.807,3.98,7585
2025-09-22 12:00:00+00:00,3.98,4.0,3.935,3.99,4880
2025-09-22 16:00:00+00:00,3.989,4.025,3.961,3.973,6336
2025-09-22 20:00:00+00:00,3.973,3.993,3.927,3.993,5184
2025-09-23 00:00:00+00:00,3.99,4.057,3.982,4.017,3122
2025-09-23 04:00:00+00:00,4.014,4.038,3.936,3.999,4473
2025-09-23 08:00:00+00:00,3.999,4.041,3.984,4.03,4280
2025-09-23 12:00:00+00:00,4.03,4.041,3.997,4.03,3965
2025-09-23 16:00:00+00:00,4.03,4.053,3.993,4.036,7107
2025-09-23 20:00:00+00:00,4.036,4.04,3.955,3.989,6430
2025-09-24 00:00:00+00:00,3.991,4.013,3.953,3.976,3666
2025-09-24 04:00:00+00:00,3.976,4.019,3.887,3.9699999999999998,6069
2025-09-24 08:00:00+00:00,3.9699999999999998,4.04,3.965,4.035,4259
2025-09-24 12:00:00+00:00,4.035,4.077,4.023,4.059,3772
2025-09-24 16:00:00+00:00,4.059,4.113,4.043,4.061,6738
2025-09-24 20:00:00+00:00,4.061,4.067,4.009,4.028,3148
2025-09-25 00:00:00+00:00,4.028,4.038,3.9539999999999997,3.966,3702
2025-09-25 04:00:00+00:00,3.963,4.001,3.87,3.8970000000000002,7000
2025-09-25 08:00:00+00:00,3.8970000000000002,3.948,3.8810000000000002,3.917,6313
2025-09-25 12:00:00+00:00,3.917,3.955,3.826,3.898,5986
2025-09-25 16:00:00+00:00,3.898,3.989,3.8609999999999998,3.87,9053
2025-09-25 20:00:00+00:00,3.87,3.908,3.771,3.814,9647
2025-09-26 00:00:00+00:00,3.818,3.867,3.767,3.8449999999999998,6112
2025-09-26 04:00:00+00:00,3.8449999999999998,3.86,3.8040000000000003,3.831,5960
2025-09-26 08:00:00+00:00,3.831,3.858,3.799,3.835,5410
2025-09-26 12:00:00+00:00,3.835,3.878,3.774,3.86,6282
2025-09-26 16:00:00+00:00,3.86,3.9370000000000003,3.8449999999999998,3.931,8875
2025-09-26 20:00:00+00:00,3.931,3.968,3.899,3.914,4884
2025-09-27 00:00:00+00:00,3.912,3.9379999999999997,3.906,3.919,1911
2025-09-27 04:00:00+00:00,3.919,3.9210000000000003,3.895,3.903,2061
2025-09-27 08:00:00+00:00,3.903,3.904,3.857,3.8609999999999998,2195
2025-09-27 12:00:00+00:00,3.8609999999999998,3.893,3.846,3.8890000000000002,1971
2025-09-27 16:00:00+00:00,3.887,3.8970000000000002,3.857,3.878,2087
2025-09-27 20:00:00+00:00,3.878,3.8810000000000002,3.849,3.871,1966
2025-09-28 00:00:00+00:00,3.873,3.914,3.8529999999999998,3.858,2289
2025-09-28 04:00:00+00:00,3.858,3.86,3.818,3.827,2477
2025-09-28 08:00:00+00:00,3.827,3.8369999999999997,3.801,3.808,2306
2025-09-28 12:00:00+00:00,3.808,3.819,3.79,3.807,2761
2025-09-28 16:00:00+00:00,3.807,3.894,3.802,3.878,3142
2025-09-28 20:00:00+00:00,3.878,3.94,3.867,3.933,2279
2025-09-29 00:00:00+00:00,3.933,4.026,3.932,3.9859999999999998,3908
2025-09-29 04:00:00+00:00,3.9859999999999998,3.992,3.955,3.977,2772
2025-09-29 08:00:00+00:00,3.977,3.993,3.92,3.987,3160
2025-09-29 12:00:00+00:00,3.987,4.0,3.894,3.9,3671
2025-09-29 16:00:00+00:00,3.9,4.0,3.855,3.933,6494
2025-09-29 20:00:00+00:00,3.933,4.021,3.912,4.014,4467
2025-09-30 00:00:00+00:00,4.018,4.02,3.9459999999999997,3.951,3274
2025-09-30 04:00:00+00:00,3.951,3.971,3.918,3.9210000000000003,3912
2025-09-30 08:00:00+00:00,3.9210000000000003,3.9379999999999997,3.8810000000000002,3.884,3094
2025-09-30 12:00:00+00:00,3.884,3.904,3.856,3.875,3161
2025-09-30 16:00:00+00:00,3.875,3.907,3.801,3.818,6868
2025-09-30 20:00:00+00:00,3.818,3.926,3.8040000000000003,3.9210000000000003,4485
2025-10-01 00:00:00+00:00,3.922,3.931,3.875,3.9,3543
2025-10-01 04:00:00+00:00,3.9,3.936,3.882,3.908,3604
2025-10-01 08:00:00+00:00,3.908,4.078,3.887,4.073,5565
2025-10-01 12:00:00+00:00,4.07,4.108,4.04,4.043,4969
2025-10-01 16:00:00+00:00,4.042,4.084,4.037,4.059,5287
2025-10-01 20:00:00+00:00,4.055,4.12,4.045,4.103,3251
2025-10-02 00:00:00+00:00,4.105,4.142,4.081,4.103,3833
2025-10-02 04:00:00+00:00,4.103,4.194,4.095,4.193,4188
2025-10-02 08:00:00+00:00,4.193,4.248,4.174,4.193,3890
2025-10-02 12:00:00+00:00,4.193,4.283,4.181,4.272,4262
2025-10-02 16:00:00+00:00,4.27,4.316,4.169,4.265,8958
2025-10-02 20:00:00+00:00,4.265,4.339,4.25,4.312,5540
2025-10-03 00:00:00+00:00,4.315,4.328,4.242,4.253,3483
2025-10-03 04:00:00+00:00,4.253,4.281,4.221,4.264,4946
2025-10-03 08:00:00+00:00,4.264,4.267,4.176,4.223,4159
2025-10-03 12:00:00+00:00,4.223,4.247,4.2,4.236,3930
2025-10-03 16:00:00+00:00,4.236,4.383,4.198,4.314,8667
2025-10-03 20:00:00+00:00,4.314,4.346,4.2379999999999995,4.33,9728
2025-10-04 00:00:00+00:00,4.335,4.345,4.294,4.319,3161
2025-10-04 04:00:00+00:00,4.319,4.32,4.244,4.2620000000000005,3701
2025-10-04 08:00:00+00:00,4.2620000000000005,4.31,4.222,4.227,3572
2025-10-04 12:00:00+00:00,4.23,4.248,4.188,4.197,3471
2025-10-04 16:00:00+00:00,4.197,4.247,4.132,4.169,5338
2025-10-04 20:00:00+00:00,4.169,4.191,4.15,4.172,2636
2025-10-05 00:00:00+00:00,4.169,4.211,4.162,4.167,2135
2025-10-05 04:00:00+00:00,4.167,4.302,4.165,4.288,5577
2025-10-05 08:00:00+00:00,4.288,4.373,4.269,4.32,4012
2025-10-05 12:00:00+00:00,4.32,4.324,4.226,4.227,3498
2025-10-05 16:00:00+00:00,4.227,4.263,4.2,4.2379999999999995,3264
2025-10-05 20:00:00+00:00,4.2379999999999995,4.246,4.072,4.124,4827
2025-10-06 00:00:00+00:00,4.116,4.171,4.104,4.123,4073
2025-10-06 04:00:00+00:00,4.123,4.174,4.109,4.142,4620
2025-10-06 08:00:00+00:00,4.142,4.195,4.131,4.182,4199
2025-10-06 12:00:00+00:00,4.182,4.259,4.17,4.257,4204
2025-10-06 16:00:00+00:00,4.254,4.434,4.254,4.367,9662
2025-10-06 20:00:00+00:00,4.367,4.405,4.355,4.379,4661
2025-10-07 00:00:00+00:00,4.378,4.412,4.348,4.41,4340
2025-10-07 04:00:00+00:00,4.41,4.435,4.327,4.379,4252
2025-10-07 08:00:00+00:00,4.379,4.382,4.246,4.295,5602
2025-10-07 12:00:00+00:00,4.295,4.361,4.286,4.36,5441
2025-10-07 16:00:00+00:00,4.36,4.364,4.105,4.18,10932
2025-10-07 20:00:00+00:00,4.18,4.192,4.124,4.174,5973
2025-10-08 00:00:00+00:00,4.167,4.185,4.13,4.168,4558
2025-10-08 04:00:00+00:00,4.168,4.18,4.058,4.109,5586
2025-10-08 08:00:00+00:00,4.109,4.164,4.071,4.141,5331
2025-10-08 12:00:00+00:00,4.141,4.182,4.119,4.142,4191
2025-10-08 16:00:00+00:00,4.142,4.197,4.108,4.172,7178
2025-10-08 20:00:00+00:00,4.172,4.24,4.166,4.191,5927
2025-10-09 00:00:00+00:00,4.188,4.221,4.164,4.167,3098
2025-10-09 04:00:00+00:00,4.167,4.168,4.06,4.121,4717
2025-10-09 08:00:00+00:00,4.121,4.127,3.9779999999999998,3.983,5114
2025-10-09 12:00:00+00:00,3.981,4.077,3.98,4.067,4738
2025-10-09 16:00:00+00:00,4.067,4.071,3.96,3.971,8258
2025-10-09 20:00:00+00:00,3.971,4.049,3.966,4.029,4546
2025-10-10 00:00:00+00:00,4.035,4.1,4.025,4.081,2882
2025-10-10 04:00:00+00:00,4.077,4.15,4.047,4.111,4203
2025-10-10 08:00:00+00:00,4.111,4.15,4.057,4.1,4557
2025-10-10 12:00:00+00:00,4.1,4.239,4.087,4.234,4247
2025-10-10 16:00:00+00:00,4.233,4.289,4.007,4.021,12317
2025-10-10 20:00:00+00:00,4.021,4.035,3.8369999999999997,3.864,10903
2025-10-11 00:00:00+00:00,3.695,3.748,0.002,2.944,23429
2025-10-11 04:00:00+00:00,2.944,3.192,2.883,3.181,15057
2025-10-11 08:00:00+00:00,3.181,3.284,3.091,3.276,7082
2025-10-11 12:00:00+00:00,3.276,3.309,3.118,3.137,5508
2025-10-11 16:00:00+00:00,3.137,3.162,3.071,3.12,7575
2025-10-11 20:00:00+00:00,3.12,3.149,2.928,2.955,11540
2025-10-12 00:00:00+00:00,2.953,3.022,2.896,2.9379999999999997,8516
2025-10-12 04:00:00+00:00,2.9379999999999997,3.034,2.9050000000000002,3.014,8425
2025-10-12 08:00:00+00:00,3.014,3.057,2.991,2.9939999999999998,6359
2025-10-12 12:00:00+00:00,2.9939999999999998,3.053,2.963,3.034,6565
2025-10-12 16:00:00+00:00,3.034,3.285,2.9779999999999998,3.243,14404
2025-10-12 20:00:00+00:00,3.243,3.305,3.205,3.258,7834
2025-10-13 00:00:00+00:00,3.265,3.285,3.193,3.212,5379
2025-10-13 04:00:00+00:00,3.212,3.258,3.192,3.235,4056
2025-10-13 08:00:00+00:00,3.235,3.348,3.208,3.336,5918
2025-10-13 12:00:00+00:00,3.336,3.36,3.219,3.249,5217
2025-10-13 16:00:00+00:00,3.249,3.344,3.234,3.316,5565
2025-10-13 20:00:00+00:00,3.316,3.412,3.302,3.412,4751
2025-10-14 00:00:00+00:00,3.416,3.44,3.356,3.38,3379
2025-10-14 04:00:00+00:00,3.38,3.3810000000000002,3.232,3.248,5141
2025-10-14 08:00:00+00:00,3.248,3.274,3.071,3.1390000000000002,8441
2025-10-14 12:00:00+00:00,3.1390000000000002,3.168,3.069,3.091,7527
2025-10-14 16:00:00+00:00,3.092,3.278,3.061,3.222,8251
2025-10-14 20:00:00+00:00,3.222,3.275,3.179,3.235,4914
2025-10-15 00:00:00+00:00,3.235,3.259,3.209,3.232,2542
2025-10-15 04:00:00+00:00,3.232,3.258,3.195,3.248,2696
2025-10-15 08:00:00+00:00,3.248,3.336,3.227,3.295,2694
2025-10-15 12:00:00+00:00,3.295,3.304,3.18,3.194,2877
2025-10-15 16:00:00+00:00,3.194,3.218,3.114,3.147,8543
2025-10-15 20:00:00+00:00,3.147,3.183,3.083,3.123,5013
2025-10-16 00:00:00+00:00,3.118,3.148,3.093,3.121,4367
2025-10-16 04:00:00+00:00,3.121,3.173,3.109,3.1189999999999998,3710
2025-10-16 08:00:00+00:00,3.1189999999999998,3.172,3.108,3.125,3549
2025-10-16 12:00:00+00:00,3.125,3.2,3.042,3.172,4161
2025-10-16 16:00:00+00:00,3.172,3.184,3.015,3.121,10159
2025-10-16 20:00:00+00:00,3.121,3.121,2.965,2.982,9728
2025-10-17 00:00:00+00:00,2.982,3.034,2.976,3.03,4301
2025-10-17 04:00:00+00:00,3.03,3.053,3.002,3.024,3608
2025-10-17 08:00:00+00:00,3.024,3.029,2.765,2.792,10475
2025-10-17 12:00:00+00:00,2.792,2.928,2.786,2.883,8493
2025-10-17 16:00:00+00:00,2.883,2.953,2.849,2.893,9370
2025-10-17 20:00:00+00:00,2.893,2.927,2.883,2.9210000000000003,4183
2025-10-18 00:00:00+00:00,2.926,2.936,2.877,2.9050000000000002,1435
2025-10-18 04:00:00+00:00,2.9050000000000002,2.939,2.896,2.8970000000000002,1947
2025-10-18 08:00:00+00:00,2.8970000000000002,2.964,2.891,2.91,2468
2025-10-18 12:00:00+00:00,2.91,2.95,2.906,2.928,2010
2025-10-18 16:00:00+00:00,2.928,2.9290000000000003,2.887,2.902,2493
2025-10-18 20:00:00+00:00,2.902,2.941,2.893,2.9290000000000003,1624
2025-10-19 00:00:00+00:00,2.922,2.9370000000000003,2.898,2.907,1499
2025-10-19 04:00:00+00:00,2.907,2.935,2.898,2.915,1336
2025-10-19 08:00:00+00:00,2.915,2.939,2.892,2.895,2011
2025-10-19 12:00:00+00:00,2.895,3.013,2.878,2.968,4682
2025-10-19 16:00:00+00:00,2.969,3.037,2.9619999999999997,3.024,3802
2025-10-19 20:00:00+00:00,3.024,3.05,3.006,3.03,2145
2025-10-20 00:00:00+00:00,3.029,3.033,2.941,2.976,2278
2025-10-20 04:00:00+00:00,2.976,3.069,2.956,3.06,4399
2025-10-20 08:00:00+00:00,3.058,3.116,3.048,3.075,4181
2025-10-20 12:00:00+00:00,3.075,3.107,3.064,3.086,3999
2025-10-20 16:00:00+00:00,3.085,3.125,3.028,3.058,6022
2025-10-20 20:00:00+00:00,3.058,3.104,3.037,3.095,3136
2025-10-21 00:00:00+00:00,3.098,3.107,3.066,3.071,1598
2025-10-21 04:00:00+00:00,3.071,3.072,2.945,2.951,3335
2025-10-21 08:00:00+00:00,2.951,2.992,2.942,2.965,2651
2025-10-21 12:00:00+00:00,2.965,3.029,2.958,3.003,2318
2025-10-21 16:00:00+00:00,3.004,3.183,2.981,3.125,7527
2025-10-21 20:00:00+00:00,3.124,3.154,3.081,3.096,5013
2025-10-22 00:00:00+00:00,3.092,3.11,2.975,2.9939999999999998,5081
2025-10-22 04:00:00+00:00,2.9939999999999998,3.022,2.987,3.018,2410
2025-10-22 08:00:00+00:00,3.018,3.02,2.957,2.969,2592
2025-10-22 12:00:00+00:00,2.971,2.997,2.912,2.985,3464
2025-10-22 16:00:00+00:00,2.985,3.021,2.9459999999999997,2.967,7198
2025-10-22 20:00:00+00:00,2.967,2.975,2.906,2.909,5049
2025-10-23 00:00:00+00:00,2.911,2.926,2.83,2.9210000000000003,4177
2025-10-23 04:00:00+00:00,2.9210000000000003,2.939,2.908,2.919,2204
2025-10-23 08:00:00+00:00,2.919,2.98,2.909,2.9699999999999998,2269
2025-10-23 12:00:00+00:00,2.9699999999999998,2.977,2.927,2.953,2217
2025-10-23 16:00:00+00:00,2.953,3.017,2.936,3.013,4376
2025-10-23 20:00:00+00:00,3.012,3.031,2.9539999999999997,2.9539999999999997,2880
2025-10-24 00:00:00+00:00,2.9619999999999997,3.006,2.957,2.999,2133
2025-10-24 04:00:00+00:00,2.999,3.053,2.984,3.044,2485
2025-10-24 08:00:00+00:00,3.044,3.071,3.03,3.062,2746
2025-10-24 12:00:00+00:00,3.061,3.111,3.017,3.073,3144
2025-10-24 16:00:00+00:00,3.073,3.083,3.005,3.023,6163
2025-10-24 20:00:00+00:00,3.023,3.079,3.02,3.073,2691
2025-10-25 00:00:00+00:00,3.079,3.089,3.056,3.062,1557
2025-10-25 04:00:00+00:00,3.062,3.077,3.043,3.047,1956
2025-10-25 08:00:00+00:00,3.047,3.057,3.034,3.049,2030
2025-10-25 12:00:00+00:00,3.049,3.063,3.02,3.052,1649
2025-10-25 16:00:00+00:00,3.058,3.072,3.041,3.059,1852
2025-10-25 20:00:00+00:00,3.056,3.091,3.053,3.082,1733
2025-10-26 00:00:00+00:00,3.083,3.102,3.067,3.088,2009
2025-10-26 04:00:00+00:00,3.088,3.091,3.05,3.081,2229
2025-10-26 08:00:00+00:00,3.079,3.108,3.072,3.104,1518
2025-10-26 12:00:00+00:00,3.104,3.154,3.095,3.15,4551
2025-10-26 16:00:00+00:00,3.15,3.181,3.141,3.156,3426
2025-10-26 20:00:00+00:00,3.156,3.174,3.148,3.158,1753
2025-10-27 00:00:00+00:00,3.158,3.23,3.137,3.2,4143
2025-10-27 04:00:00+00:00,3.2,3.227,3.19,3.211,2376
2025-10-27 08:00:00+00:00,3.211,3.242,3.157,3.172,3757
2025-10-27 12:00:00+00:00,3.169,3.173,3.135,3.14,3814
2025-10-27 16:00:00+00:00,3.14,3.197,3.11,3.194,6250
2025-10-27 20:00:00+00:00,3.194,3.211,3.14,3.148,3714
2025-10-28 00:00:00+00:00,3.144,3.163,3.113,3.136,4308
2025-10-28 04:00:00+00:00,3.136,3.159,3.104,3.136,4450
2025-10-28 08:00:00+00:00,3.136,3.171,3.092,3.1390000000000002,4736
2025-10-28 12:00:00+00:00,3.1390000000000002,3.158,3.117,3.157,2826
2025-10-28 16:00:00+00:00,3.157,3.188,3.083,3.151,4149
2025-10-28 20:00:00+00:00,3.153,3.161,3.005,3.03,4612
2025-10-29 00:00:00+00:00,3.022,3.056,2.983,3.036,2372
2025-10-29 04:00:00+00:00,3.036,3.067,3.03,3.058,1892
2025-10-29 08:00:00+00:00,3.058,3.081,3.042,3.047,1834
2025-10-29 12:00:00+00:00,3.047,3.105,3.038,3.097,2212
2025-10-29 16:00:00+00:00,3.097,3.123,3.037,3.065,4460
2025-10-29 20:00:00+00:00,3.065,3.171,3.017,3.147,8604
2025-10-30 00:00:00+00:00,3.147,3.153,3.053,3.095,3053
2025-10-30 04:00:00+00:00,3.095,3.11,2.958,2.995,5180
2025-10-30 08:00:00+00:00,2.9939999999999998,3.092,2.9859999999999998,3.026,4399
2025-10-30 12:00:00+00:00,3.026,3.03,2.904,2.9290000000000003,3737
2025-10-30 16:00:00+00:00,2.9290000000000003,2.93,2.836,2.865,6148
2025-10-30 20:00:00+00:00,2.865,2.865,2.773,2.8209999999999997,5645
2025-10-31 00:00:00+00:00,2.823,2.894,2.81,2.888,2332
2025-10-31 04:00:00+00:00,2.888,2.916,2.872,2.912,2398
2025-10-31 08:00:00+00:00,2.912,2.912,2.873,2.893,1783
2025-10-31 12:00:00+00:00,2.893,2.914,2.859,2.88,1955
2025-10-31 16:00:00+00:00,2.8810000000000002,2.9130000000000003,2.832,2.8369999999999997,3859
2025-10-31 20:00:00+00:00,2.836,2.898,2.816,2.857,3020
2025-11-01 00:00:00+00:00,2.8609999999999998,2.878,2.857,2.876,935
2025-11-01 04:00:00+00:00,2.876,2.907,2.855,2.8890000000000002,1219
2025-11-01 08:00:00+00:00,2.89,2.914,2.866,2.9130000000000003,1279
2025-11-01 12:00:00+00:00,2.9130000000000003,2.941,2.896,2.9290000000000003,1371
2025-11-01 16:00:00+00:00,2.933,2.959,2.896,2.951,2626
2025-11-01 20:00:00+00:00,2.951,2.958,2.932,2.952,2334
2025-11-02 00:00:00+00:00,2.951,2.967,2.9210000000000003,2.948,2241
2025-11-02 04:00:00+00:00,2.948,2.981,2.9370000000000003,2.974,2056
2025-11-02 08:00:00+00:00,2.974,3.007,2.965,2.982,2183
2025-11-02 12:00:00+00:00,2.982,2.995,2.948,2.959,3366
2025-11-02 16:00:00+00:00,2.959,2.964,2.858,2.917,4852
2025-11-02 20:00:00+00:00,2.916,2.922,2.878,2.9130000000000003,2839
2025-11-03 00:00:00+00:00,2.91,2.987,2.896,2.902,3064
2025-11-03 04:00:00+00:00,2.902,2.9050000000000002,2.753,2.7720000000000002,6478
2025-11-03 08:00:00+00:00,2.7720000000000002,2.798,2.718,2.75,3735
2025-11-03 12:00:00+00:00,2.75,2.777,2.715,2.757,3069
2025-11-03 16:00:00+00:00,2.757,2.786,2.489,2.649,11027
2025-11-03 20:00:00+00:00,2.649,2.65,2.513,2.5620000000000003,5393
2025-11-04 00:00:00+00:00,2.5629999999999997,2.623,2.524,2.612,2997
2025-11-04 04:00:00+00:00,2.612,2.6550000000000002,2.498,2.504,4449
2025-11-04 08:00:00+00:00,2.503,2.594,2.501,2.591,7791
2025-11-04 12:00:00+00:00,2.591,2.63,2.551,2.5709999999999997,5197
2025-11-04 16:00:00+00:00,2.5709999999999997,2.645,2.459,2.5220000000000002,13712
2025-11-04 20:00:00+00:00,2.5220000000000002,2.5220000000000002,2.332,2.439,13156
2025-11-05 00:00:00+00:00,2.437,2.52,2.378,2.465,9312
2025-11-05 04:00:00+00:00,2.465,2.576,2.465,2.558,6621
2025-11-05 08:00:00+00:00,2.558,2.582,2.529,2.561,7540
2025-11-05 12:00:00+00:00,2.561,2.622,2.529,2.608,6605
2025-11-05 16:00:00+00:00,2.607,2.638,2.567,2.63,6912
2025-11-05 20:00:00+00:00,2.63,2.66,2.618,2.643,3886
2025-11-06 00:00:00+00:00,2.6470000000000002,2.6710000000000003,2.607,2.635,2621
2025-11-06 04:00:00+00:00,2.635,2.675,2.601,2.605,4981
2025-11-06 08:00:00+00:00,2.605,2.621,2.45,2.45,3477
2025-11-06 12:00:00+00:00,2.45,2.773,2.419,2.549,2854
2025-11-06 16:00:00+00:00,2.549,2.8,2.377,2.454,5581
2025-11-06 20:00:00+00:00,2.453,2.519,2.424,2.492,3899
2025-11-07 00:00:00+00:00,2.499,2.668,2.48,2.621,5129
2025-11-07 04:00:00+00:00,2.62,2.68,2.5709999999999997,2.678,4018
2025-11-07 08:00:00+00:00,2.678,2.709,2.625,2.6790000000000003,3687
2025-11-07 12:00:00+00:00,2.678,2.707,2.553,2.617,5567
2025-11-07 16:00:00+00:00,2.616,3.055,2.5709999999999997,3.048,11614
2025-11-07 20:00:00+00:00,3.049,3.186,3.029,3.125,8537
2025-11-08 00:00:00+00:00,3.103,3.252,3.037,3.231,5381
2025-11-08 04:00:00+00:00,3.231,3.377,3.153,3.177,7574
2025-11-08 08:00:00+00:00,3.178,3.196,3.048,3.073,5439
2025-11-08 12:00:00+00:00,3.072,3.137,3.057,3.079,4076
2025-11-08 16:00:00+00:00,3.08,3.107,2.935,3.055,5877
2025-11-08 20:00:00+00:00,3.056,3.078,2.99,3.048,2647
2025-11-09 00:00:00+00:00,3.054,3.157,3.047,3.121,3584
2025-11-09 04:00:00+00:00,3.12,3.128,2.933,2.953,4316
2025-11-09 08:00:00+00:00,2.952,3.012,2.912,2.917,3359
2025-11-09 12:00:00+00:00,2.917,3.068,2.887,3.044,4534
2025-11-09 16:00:00+00:00,3.043,3.112,3.011,3.024,5479
2025-11-09 20:00:00+00:00,3.024,3.092,3.007,3.037,3034
2025-11-10 00:00:00+00:00,3.039,3.121,3.027,3.064,4059
2025-11-10 04:00:00+00:00,3.064,3.12,3.05,3.092,3007
2025-11-10 08:00:00+00:00,3.093,3.248,3.084,3.24,3193
2025-11-10 12:00:00+00:00,3.24,3.288,3.189,3.257,2771
2025-11-10 16:00:00+00:00,3.257,3.263,3.099,3.169,5619
2025-11-10 20:00:00+00:00,3.17,3.2359999999999998,3.05,3.083,3102
2025-11-11 00:00:00+00:00,3.081,3.359,3.042,3.233,5178
2025-11-11 04:00:00+00:00,3.233,3.314,3.17,3.181,5041
2025-11-11 08:00:00+00:00,3.181,3.196,3.112,3.124,4425
2025-11-11 12:00:00+00:00,3.123,3.183,3.122,3.142,4471
2025-11-11 16:00:00+00:00,3.143,3.196,3.126,3.169,5996
2025-11-11 20:00:00+00:00,3.169,3.178,2.912,2.9290000000000003,4490
2025-11-12 00:00:00+00:00,2.919,3.093,2.909,3.042,3934
2025-11-12 04:00:00+00:00,3.042,3.073,3.011,3.058,2333
2025-11-12 08:00:00+00:00,3.058,3.1189999999999998,3.029,3.106,2408
2025-11-12 12:00:00+00:00,3.105,3.113,3.045,3.09,2922
2025-11-12 16:00:00+00:00,3.09,3.095,2.863,2.914,6952
2025-11-12 20:00:00+00:00,2.914,2.919,2.775,2.7800000000000002,3085
2025-11-13 00:00:00+00:00,2.781,2.95,2.763,2.936,2625
2025-11-13 04:00:00+00:00,2.936,3.007,2.885,2.997,3832
2025-11-13 08:00:00+00:00,2.997,3.018,2.928,2.942,2760
2025-11-13 12:00:00+00:00,2.942,2.985,2.942,2.965,2371
2025-11-13 16:00:00+00:00,2.966,3.013,2.83,2.833,6533
2025-11-13 20:00:00+00:00,2.833,2.836,2.612,2.637,6801
2025-11-14 00:00:00+00:00,2.641,2.855,2.638,2.809,3698
2025-11-14 04:00:00+00:00,2.809,2.858,2.723,2.856,4399
2025-11-14 08:00:00+00:00,2.856,2.894,2.792,2.8,4554
2025-11-14 12:00:00+00:00,2.8,2.84,2.7359999999999998,2.802,5047
2025-11-14 16:00:00+00:00,2.802,2.867,2.769,2.826,5670
2025-11-14 20:00:00+00:00,2.826,2.867,2.678,2.698,3818
2025-11-15 00:00:00+00:00,2.8449999999999998,2.854,2.745,2.8449999999999998,3177
2025-11-15 04:00:00+00:00,2.8449999999999998,2.878,2.834,2.874,1908
2025-11-15 08:00:00+00:00,2.874,2.922,2.83,2.838,1889
2025-11-15 12:00:00+00:00,2.8369999999999997,2.903,2.8209999999999997,2.882,2022
2025-11-15 16:00:00+00:00,2.882,2.882,2.8129999999999997,2.855,1986
2025-11-15 20:00:00+00:00,2.855,2.864,2.792,2.798,1168
2025-11-16 00:00:00+00:00,2.807,2.824,2.755,2.7880000000000003,2229
2025-11-16 04:00:00+00:00,2.7880000000000003,2.855,2.782,2.836,1801
2025-11-16 08:00:00+00:00,2.836,2.867,2.827,2.866,1316
2025-11-16 12:00:00+00:00,2.866,2.8689999999999998,2.765,2.7800000000000002,2716
2025-11-16 16:00:00+00:00,2.7800000000000002,2.807,2.667,2.7039999999999997,4374
2025-11-16 20:00:00+00:00,2.7039999999999997,2.768,2.6870000000000003,2.721,4030
2025-11-17 00:00:00+00:00,2.581,2.811,2.568,2.77,4573
2025-11-17 04:00:00+00:00,2.77,2.814,2.763,2.786,2163
2025-11-17 08:00:00+00:00,2.786,2.815,2.778,2.786,1888
2025-11-17 12:00:00+00:00,2.786,2.815,2.71,2.732,2220
2025-11-17 16:00:00+00:00,2.731,2.835,2.683,2.69,8530
2025-11-17 20:00:00+00:00,2.69,2.715,2.475,2.5,6166
2025-11-18 00:00:00+00:00,2.4939999999999998,2.668,2.4939999999999998,2.658,3527
2025-11-18 04:00:00+00:00,2.658,2.735,2.627,2.705,5343
2025-11-18 08:00:00+00:00,2.705,2.725,2.6710000000000003,2.697,3263
2025-11-18 12:00:00+00:00,2.697,2.702,2.657,2.678,2477
2025-11-18 16:00:00+00:00,2.678,2.774,2.66,2.743,5476
2025-11-18 20:00:00+00:00,2.743,2.774,2.585,2.586,1884
2025-11-19 00:00:00+00:00,2.589,2.735,2.589,2.721,1938
2025-11-19 04:00:00+00:00,2.721,2.739,2.612,2.632,2332
2025-11-19 08:00:00+00:00,2.632,2.6959999999999997,2.626,2.685,1975
2025-11-19 12:00:00+00:00,2.685,2.7039999999999997,2.669,2.67,1881
2025-11-19 16:00:00+00:00,2.6710000000000003,2.71,2.545,2.583,5694
2025-11-19 20:00:00+00:00,2.583,2.6550000000000002,2.5060000000000002,2.527,4654
2025-11-20 00:00:00+00:00,2.517,2.668,2.499,2.664,1934
2025-11-20 04:00:00+00:00,2.664,2.714,2.661,2.694,1586
2025-11-20 08:00:00+00:00,2.694,2.74,2.681,2.73,1746
2025-11-20 12:00:00+00:00,2.73,2.789,2.709,2.755,2678
2025-11-20 16:00:00+00:00,2.755,2.778,2.516,2.528,8309
2025-11-20 20:00:00+00:00,2.528,2.564,2.475,2.547,4214
2025-11-21 00:00:00+00:00,2.5540000000000003,2.592,2.507,2.5460000000000003,2863
2025-11-21 04:00:00+00:00,2.5460000000000003,2.547,2.471,2.493,4084
2025-11-21 08:00:00+00:00,2.493,2.499,2.2439999999999998,2.336,5895
2025-11-21 12:00:00+00:00,2.335,2.388,2.267,2.373,6039
2025-11-21 16:00:00+00:00,2.372,2.407,2.299,2.377,6753
2025-11-21 20:00:00+00:00,2.377,2.396,2.295,2.349,4273
2025-11-22 00:00:00+00:00,2.303,2.329,2.246,2.328,2592
2025-11-22 04:00:00+00:00,2.328,2.329,2.237,2.259,2667
2025-11-22 08:00:00+00:00,2.259,2.295,2.239,2.279,2764
2025-11-22 12:00:00+00:00,2.279,2.294,2.237,2.242,1914
2025-11-22 16:00:00+00:00,2.2640000000000002,2.289,2.25,2.2640000000000002,2304
2025-11-22 20:00:00+00:00,2.2640000000000002,2.283,2.254,2.281,1710
2025-11-23 00:00:00+00:00,2.275,2.323,2.27,2.314,1778
2025-11-23 04:00:00+00:00,2.315,2.342,2.304,2.328,1721
2025-11-23 08:00:00+00:00,2.328,2.336,2.296,2.322,1130
2025-11-23 12:00:00+00:00,2.322,2.332,2.292,2.317,1380
2025-11-23 16:00:00+00:00,2.316,2.329,2.249,2.257,1993
2025-11-23 20:00:00+00:00,2.2560000000000002,2.3,2.2560000000000002,2.296,1506
2025-11-24 00:00:00+00:00,2.285,2.29,2.218,2.263,2734
2025-11-24 04:00:00+00:00,2.263,2.312,2.246,2.275,2667
2025-11-24 08:00:00+00:00,2.276,2.277,2.216,2.222,2223
2025-11-24 12:00:00+00:00,2.221,2.269,2.219,2.25,1901
2025-11-24 16:00:00+00:00,2.25,2.334,2.223,2.332,4079
2025-11-24 20:00:00+00:00,2.331,2.37,2.318,2.338,2154
2025-11-25 00:00:00+00:00,2.341,2.351,2.299,2.299,1365
2025-11-25 04:00:00+00:00,2.299,2.307,2.279,2.285,1372
2025-11-25 08:00:00+00:00,2.284,2.284,2.219,2.246,2078
2025-11-25 12:00:00+00:00,2.245,2.253,2.193,2.212,1581
2025-11-25 16:00:00+00:00,2.212,2.262,2.15,2.241,3593
2025-11-25 20:00:00+00:00,2.242,2.2640000000000002,2.207,2.253,2271
2025-11-26 00:00:00+00:00,2.234,2.289,2.22,2.265,1759
2025-11-26 04:00:00+00:00,2.266,2.271,2.2359999999999998,2.2640000000000002,1182
2025-11-26 08:00:00+00:00,2.263,2.291,2.233,2.242,1245
2025-11-26 12:00:00+00:00,2.242,2.248,2.214,2.243,1326
2025-11-26 16:00:00+00:00,2.242,2.328,2.221,2.325,2494
2025-11-26 20:00:00+00:00,2.325,2.344,2.314,2.332,2293
2025-11-27 00:00:00+00:00,2.329,2.339,2.304,2.32,1515
2025-11-27 04:00:00+00:00,2.32,2.334,2.289,2.293,1733
2025-11-27 08:00:00+00:00,2.293,2.326,2.292,2.309,1295
2025-11-27 12:00:00+00:00,2.307,2.315,2.283,2.297,1159
2025-11-27 16:00:00+00:00,2.297,2.35,2.292,2.3449999999999998,1365
2025-11-27 20:00:00+00:00,2.3449999999999998,2.364,2.339,2.35,1035
2025-11-28 00:00:00+00:00,2.349,2.35,2.277,2.2800000000000002,1564
2025-11-28 04:00:00+00:00,2.2800000000000002,2.299,2.266,2.294,1446
2025-11-28 08:00:00+00:00,2.293,2.35,2.275,2.322,1547
2025-11-28 12:00:00+00:00,2.323,2.326,2.2800000000000002,2.317,1536
2025-11-28 16:00:00+00:00,2.316,2.34,2.248,2.259,2714
2025-11-28 20:00:00+00:00,2.259,2.279,2.235,2.26,1326
2025-11-29 00:00:00+00:00,2.268,2.276,2.255,2.261,701
2025-11-29 04:00:00+00:00,2.26,2.266,2.245,2.254,704
2025-11-29 08:00:00+00:00,2.254,2.261,2.234,2.2439999999999998,961
2025-11-29 12:00:00+00:00,2.2439999999999998,2.255,2.228,2.239,969
2025-11-29 16:00:00+00:00,2.24,2.25,2.213,2.215,1017
2025-11-29 20:00:00+00:00,2.214,2.237,2.202,2.237,1060
2025-11-30 00:00:00+00:00,2.232,2.242,2.221,2.235,698
2025-11-30 04:00:00+00:00,2.235,2.248,2.219,2.23,802
2025-11-30 08:00:00+00:00,2.23,2.249,2.225,2.246,848
2025-11-30 12:00:00+00:00,2.246,2.268,2.223,2.262,1010
2025-11-30 16:00:00+00:00,2.262,2.263,2.229,2.252,901
2025-11-30 20:00:00+00:00,2.253,2.2560000000000002,2.226,2.2359999999999998,869
2025-12-01 00:00:00+00:00,2.24,2.248,2.02,2.05,4062
2025-12-01 04:00:00+00:00,2.05,2.062,1.9809999999999999,2.001,2168
2025-12-01 08:00:00+00:00,2.002,2.03,1.988,2.021,1141
2025-12-01 12:00:00+00:00,2.021,2.031,1.9729999999999999,1.999,1474
2025-12-01 16:00:00+00:00,2.0,2.023,1.936,1.962,3101
2025-12-01 20:00:00+00:00,1.962,2.013,1.962,2.006,1778
2025-12-02 00:00:00+00:00,2.013,2.038,2.004,2.011,1154
2025-12-02 04:00:00+00:00,2.011,2.034,2.005,2.03,1005
2025-12-02 08:00:00+00:00,2.03,2.048,2.017,2.034,950
2025-12-02 12:00:00+00:00,2.033,2.096,2.033,2.084,1402
2025-12-02 16:00:00+00:00,2.084,2.26,2.083,2.222,4317
2025-12-02 20:00:00+00:00,2.222,2.239,2.198,2.231,1958
2025-12-03 00:00:00+00:00,2.233,2.25,2.218,2.247,1109
2025-12-03 04:00:00+00:00,2.247,2.306,2.246,2.289,1310
2025-12-03 08:00:00+00:00,2.289,2.304,2.265,2.285,1163
2025-12-03 12:00:00+00:00,2.285,2.287,2.25,2.26,1142
2025-12-03 16:00:00+00:00,2.26,2.311,2.216,2.304,3217
2025-12-03 20:00:00+00:00,2.305,2.331,2.2800000000000002,2.331,1413
2025-12-04 00:00:00+00:00,2.33,2.373,2.316,2.324,1625
2025-12-04 04:00:00+00:00,2.324,2.339,2.303,2.315,1329
2025-12-04 08:00:00+00:00,2.315,2.327,2.301,2.311,978
2025-12-04 12:00:00+00:00,2.311,2.313,2.29,2.291,1019
2025-12-04 16:00:00+00:00,2.291,2.317,2.2640000000000002,2.283,2183
2025-12-04 20:00:00+00:00,2.284,2.29,2.219,2.253,2004
2025-12-05 00:00:00+00:00,2.257,2.265,2.246,2.259,899
2025-12-05 04:00:00+00:00,2.259,2.281,2.228,2.239,796
2025-12-05 08:00:00+00:00,2.239,2.261,2.21,2.216,1325
2025-12-05 12:00:00+00:00,2.215,2.232,2.183,2.191,1599
2025-12-05 16:00:00+00:00,2.191,2.216,2.085,2.103,4493
2025-12-05 20:00:00+00:00,2.103,2.116,2.059,2.093,1826
2025-12-06 00:00:00+00:00,2.098,2.105,2.079,2.087,544
2025-12-06 04:00:00+00:00,2.087,2.103,2.08,2.083,620
2025-12-06 08:00:00+00:00,2.083,2.089,2.062,2.076,725
2025-12-06 12:00:00+00:00,2.076,2.091,2.069,2.086,634
2025-12-06 16:00:00+00:00,2.086,2.127,2.083,2.126,1032
2025-12-06 20:00:00+00:00,2.127,2.138,2.099,2.115,1080
2025-12-07 00:00:00+00:00,2.117,2.121,2.093,2.104,760
2025-12-07 04:00:00+00:00,2.104,2.121,2.102,2.117,635
2025-12-07 08:00:00+00:00,2.117,2.13,2.075,2.075,820
2025-12-07 12:00:00+00:00,2.074,2.086,2.057,2.067,1178
2025-12-07 16:00:00+00:00,2.066,2.134,2.014,2.1189999999999998,3365
2025-12-07 20:00:00+00:00,2.1189999999999998,2.127,2.068,2.074,1094
2025-12-08 00:00:00+00:00,2.062,2.115,2.029,2.087,2192
2025-12-08 04:00:00+00:00,2.086,2.113,2.084,2.1,1174
2025-12-08 08:00:00+00:00,2.101,2.153,2.098,2.13,1220
2025-12-08 12:00:00+00:00,2.1310000000000002,2.132,2.092,2.109,1045
2025-12-08 16:00:00+00:00,2.109,2.142,2.093,2.1189999999999998,2813
2025-12-08 20:00:00+00:00,2.1189999999999998,2.129,2.086,2.129,1992
2025-12-09 00:00:00+00:00,2.124,2.124,2.08,2.081,1205
2025-12-09 04:00:00+00:00,2.081,2.106,2.068,2.074,1246
2025-12-09 08:00:00+00:00,2.074,2.093,2.063,2.074,987
2025-12-09 12:00:00+00:00,2.074,2.11,2.064,2.097,1116
2025-12-09 16:00:00+00:00,2.097,2.364,2.079,2.303,5670
2025-12-09 20:00:00+00:00,2.303,2.329,2.233,2.25,2656
2025-12-10 00:00:00+00:00,2.255,2.278,2.218,2.228,1675
2025-12-10 04:00:00+00:00,2.227,2.23,2.201,2.206,1163
2025-12-10 08:00:00+00:00,2.206,2.22,2.179,2.199,1222
2025-12-10 12:00:00+00:00,2.2,2.223,2.163,2.181,1717
2025-12-10 16:00:00+00:00,2.181,2.217,2.163,2.206,2752
2025-12-10 20:00:00+00:00,2.205,2.29,2.188,2.19,6042
2025-12-11 00:00:00+00:00,2.191,2.202,2.073,2.073,2498
2025-12-11 04:00:00+00:00,2.072,2.072,2.025,2.052,2431
2025-12-11 08:00:00+00:00,2.051,2.062,2.02,2.023,1445
2025-12-11 12:00:00+00:00,2.023,2.028,2.011,2.025,963
2025-12-11 16:00:00+00:00,2.025,2.032,1.9849999999999999,1.9889999999999999,2867
2025-12-11 20:00:00+00:00,1.988,2.068,1.983,2.049,2911
2025-12-12 00:00:00+00:00,2.051,2.053,2.003,2.026,1761
2025-12-12 04:00:00+00:00,2.025,2.057,2.022,2.052,1540
2025-12-12 08:00:00+00:00,2.052,2.07,2.001,2.019,1402
2025-12-12 12:00:00+00:00,2.019,2.041,2.011,2.039,997
2025-12-12 16:00:00+00:00,2.039,2.044,1.92,1.946,4320
2025-12-12 20:00:00+00:00,1.947,1.984,1.943,1.975,1467
2025-12-13 00:00:00+00:00,1.9889999999999999,1.998,1.983,1.994,595
2025-12-13 04:00:00+00:00,1.994,2.015,1.994,2.008,570
2025-12-13 08:00:00+00:00,2.008,2.026,1.998,2.013,543
2025-12-13 12:00:00+00:00,2.013,2.03,2.011,2.014,589
2025-12-13 16:00:00+00:00,2.014,2.031,2.002,2.008,735
2025-12-13 20:00:00+00:00,2.007,2.019,1.9969999999999999,2.013,610
2025-12-14 00:00:00+00:00,2.014,2.017,2.001,2.009,615
2025-12-14 04:00:00+00:00,2.009,2.02,1.976,1.9849999999999999,675
2025-12-14 08:00:00+00:00,1.9849999999999999,1.991,1.975,1.979,651
2025-12-14 12:00:00+00:00,1.979,1.984,1.937,1.959,1832
2025-12-14 16:00:00+00:00,1.959,1.9649999999999999,1.9220000000000002,1.925,1560
2025-12-14 20:00:00+00:00,1.925,1.95,1.923,1.928,1102
2025-12-15 00:00:00+00:00,1.933,1.968,1.9060000000000001,1.963,1791
2025-12-15 04:00:00+00:00,1.963,1.984,1.956,1.9769999999999999,1248
2025-12-15 08:00:00+00:00,1.9769999999999999,1.984,1.96,1.975,887
2025-12-15 12:00:00+00:00,1.974,1.982,1.959,1.968,914
2025-12-15 16:00:00+00:00,1.967,1.982,1.822,1.826,5384
2025-12-15 20:00:00+00:00,1.825,1.862,1.804,1.861,2365
2025-12-16 00:00:00+00:00,1.8599999999999999,1.879,1.853,1.8639999999999999,1111
2025-12-16 04:00:00+00:00,1.8639999999999999,1.873,1.8359999999999999,1.858,1544
2025-12-16 08:00:00+00:00,1.858,1.877,1.847,1.861,939
2025-12-16 12:00:00+00:00,1.861,1.916,1.859,1.859,1888
2025-12-16 16:00:00+00:00,1.8599999999999999,1.9,1.847,1.867,3203
2025-12-16 20:00:00+00:00,1.867,1.892,1.862,1.876,1126
2025-12-17 00:00:00+00:00,1.877,1.883,1.8599999999999999,1.866,958
2025-12-17 04:00:00+00:00,1.867,1.875,1.833,1.849,973
2025-12-17 08:00:00+00:00,1.849,1.8599999999999999,1.831,1.837,801
2025-12-17 12:00:00+00:00,1.837,1.8679999999999999,1.829,1.865,1092
2025-12-17 16:00:00+00:00,1.865,1.927,1.787,1.792,5590
2025-12-17 20:00:00+00:00,1.792,1.8090000000000002,1.764,1.774,2916
2025-12-18 00:00:00+00:00,1.77,1.794,1.764,1.77,1035
2025-12-18 04:00:00+00:00,1.77,1.791,1.744,1.749,1383
2025-12-18 08:00:00+00:00,1.749,1.783,1.746,1.775,1127
2025-12-18 12:00:00+00:00,1.775,1.8479999999999999,1.77,1.847,1623
2025-12-18 16:00:00+00:00,1.847,1.862,1.73,1.771,4603
2025-12-18 20:00:00+00:00,1.77,1.787,1.6949999999999998,1.746,3642
2025-12-19 00:00:00+00:00,1.748,1.754,1.712,1.721,1027
2025-12-19 04:00:00+00:00,1.721,1.776,1.712,1.748,2197
2025-12-19 08:00:00+00:00,1.7469999999999999,1.783,1.742,1.772,1462
2025-12-19 12:00:00+00:00,1.7730000000000001,1.7930000000000001,1.767,1.788,1257
2025-12-19 16:00:00+00:00,1.7890000000000001,1.847,1.778,1.795,3901
2025-12-19 20:00:00+00:00,1.795,1.853,1.792,1.8279999999999998,1850
2025-12-20 00:00:00+00:00,1.838,1.838,1.8090000000000002,1.811,542
2025-12-20 04:00:00+00:00,1.81,1.822,1.802,1.808,601
2025-12-20 08:00:00+00:00,1.8090000000000002,1.843,1.808,1.834,792
2025-12-20 12:00:00+00:00,1.834,1.837,1.807,1.815,742
2025-12-20 16:00:00+00:00,1.815,1.815,1.8010000000000002,1.804,618
2025-12-20 20:00:00+00:00,1.804,1.814,1.8010000000000002,1.807,558
2025-12-21 00:00:00+00:00,1.807,1.813,1.7850000000000001,1.7850000000000001,604
2025-12-21 04:00:00+00:00,1.786,1.791,1.7730000000000001,1.784,851
2025-12-21 08:00:00+00:00,1.784,1.825,1.784,1.819,1011
2025-12-21 12:00:00+00:00,1.819,1.822,1.724,1.728,1845
2025-12-21 16:00:00+00:00,1.728,1.7650000000000001,1.725,1.752,1571
2025-12-21 20:00:00+00:00,1.752,1.7690000000000001,1.7389999999999999,1.741,1098
2025-12-22 00:00:00+00:00,1.742,1.817,1.742,1.78,2152
2025-12-22 04:00:00+00:00,1.78,1.796,1.751,1.783,1733
2025-12-22 08:00:00+00:00,1.782,1.8090000000000002,1.779,1.791,1357
2025-12-22 12:00:00+00:00,1.792,1.814,1.7850000000000001,1.804,1179
2025-12-22 16:00:00+00:00,1.804,1.827,1.787,1.79,2751
2025-12-22 20:00:00+00:00,1.79,1.794,1.73,1.742,1992
2025-12-23 00:00:00+00:00,1.7389999999999999,1.774,1.738,1.7610000000000001,855
2025-12-23 04:00:00+00:00,1.7610000000000001,1.767,1.7309999999999999,1.742,1150
2025-12-23 08:00:00+00:00,1.742,1.745,1.726,1.734,920
2025-12-23 12:00:00+00:00,1.734,1.7530000000000001,1.71,1.72,1057
2025-12-23 16:00:00+00:00,1.72,1.7469999999999999,1.702,1.713,2577
2025-12-23 20:00:00+00:00,1.713,1.76,1.713,1.738,1513
2025-12-24 00:00:00+00:00,1.741,1.748,1.7269999999999999,1.732,993
2025-12-24 04:00:00+00:00,1.732,1.732,1.692,1.6989999999999998,976
2025-12-24 08:00:00+00:00,1.6989999999999998,1.706,1.688,1.6949999999999998,772
2025-12-24 12:00:00+00:00,1.6949999999999998,1.712,1.6949999999999998,1.702,931
2025-12-24 16:00:00+00:00,1.7029999999999998,1.718,1.679,1.693,2062
2025-12-24 20:00:00+00:00,1.693,1.7109999999999999,1.689,1.7029999999999998,638
2025-12-25 00:00:00+00:00,1.702,1.72,1.702,1.714,634
2025-12-25 04:00:00+00:00,1.714,1.725,1.71,1.712,545
2025-12-25 08:00:00+00:00,1.712,1.716,1.7029999999999998,1.7029999999999998,599
2025-12-25 12:00:00+00:00,1.7029999999999998,1.7029999999999998,1.677,1.693,796
2025-12-25 16:00:00+00:00,1.693,1.7109999999999999,1.678,1.702,1070
2025-12-25 20:00:00+00:00,1.702,1.708,1.701,1.7069999999999999,462
2025-12-26 00:00:00+00:00,1.706,1.7069999999999999,1.626,1.6600000000000001,1393
2025-12-26 04:00:00+00:00,1.6600000000000001,1.725,1.6600000000000001,1.708,1809
2025-12-26 08:00:00+00:00,1.708,1.717,1.682,1.692,963
2025-12-26 12:00:00+00:00,1.692,1.706,1.677,1.7029999999999998,763
2025-12-26 16:00:00+00:00,1.7029999999999998,1.706,1.6560000000000001,1.678,2511
2025-12-26 20:00:00+00:00,1.678,1.705,1.677,1.696,677
2025-12-27 00:00:00+00:00,1.698,1.71,1.6949999999999998,1.71,375
2025-12-27 04:00:00+00:00,1.71,1.7469999999999999,1.7069999999999999,1.728,641
2025-12-27 08:00:00+00:00,1.728,1.7309999999999999,1.716,1.717,422
2025-12-27 12:00:00+00:00,1.717,1.748,1.7069999999999999,1.74,658
2025-12-27 16:00:00+00:00,1.74,1.796,1.74,1.791,986
2025-12-27 20:00:00+00:00,1.791,1.855,1.79,1.854,1188
2025-12-28 00:00:00+00:00,1.857,1.9,1.831,1.855,1514
2025-12-28 04:00:00+00:00,1.854,1.867,1.8399999999999999,1.863,670
2025-12-28 08:00:00+00:00,1.863,1.8719999999999999,1.8519999999999999,1.854,704
2025-12-28 12:00:00+00:00,1.854,1.866,1.841,1.85,645
2025-12-28 16:00:00+00:00,1.85,1.861,1.842,1.849,640
2025-12-28 20:00:00+00:00,1.85,1.851,1.807,1.814,803
2025-12-29 00:00:00+00:00,1.815,1.8519999999999999,1.8010000000000002,1.842,1018
2025-12-29 04:00:00+00:00,1.843,1.877,1.831,1.8639999999999999,1433
2025-12-29 08:00:00+00:00,1.8639999999999999,1.87,1.815,1.826,1036
2025-12-29 12:00:00+00:00,1.827,1.8399999999999999,1.79,1.8,1338
2025-12-29 16:00:00+00:00,1.799,1.8439999999999999,1.7970000000000002,1.8199999999999998,1915
2025-12-29 20:00:00+00:00,1.8199999999999998,1.8239999999999998,1.802,1.807,931
2025-12-30 00:00:00+00:00,1.804,1.81,1.7730000000000001,1.7810000000000001,790
2025-12-30 04:00:00+00:00,1.7810000000000001,1.786,1.764,1.7730000000000001,772
2025-12-30 08:00:00+00:00,1.7730000000000001,1.813,1.772,1.8010000000000002,898
2025-12-30 12:00:00+00:00,1.8010000000000002,1.806,1.7890000000000001,1.7890000000000001,663
2025-12-30 16:00:00+00:00,1.7890000000000001,1.818,1.7690000000000001,1.799,2359
2025-12-30 20:00:00+00:00,1.799,1.803,1.78,1.786,703
2025-12-31 00:00:00+00:00,1.7890000000000001,1.807,1.772,1.7970000000000002,709
2025-12-31 04:00:00+00:00,1.796,1.8010000000000002,1.782,1.784,676
2025-12-31 08:00:00+00:00,1.784,1.788,1.775,1.783,572
2025-12-31 12:00:00+00:00,1.783,1.802,1.774,1.798,746
2025-12-31 16:00:00+00:00,1.798,1.8159999999999998,1.7349999999999999,1.744,2053
2025-12-31 20:00:00+00:00,1.7429999999999999,1.768,1.737,1.766,1092
2026-01-01 00:00:00+00:00,1.762,1.7690000000000001,1.751,1.755,764
2026-01-01 04:00:00+00:00,1.754,1.76,1.736,1.758,672
2026-01-01 08:00:00+00:00,1.758,1.779,1.754,1.7730000000000001,586
2026-01-01 12:00:00+00:00,1.7730000000000001,1.813,1.7690000000000001,1.813,670
2026-01-01 16:00:00+00:00,1.813,1.916,1.803,1.915,3210
2026-01-01 20:00:00+00:00,1.916,1.9849999999999999,1.912,1.974,2033
2026-01-02 00:00:00+00:00,1.9769999999999999,2.003,1.96,1.967,1511
2026-01-02 04:00:00+00:00,1.966,1.9849999999999999,1.9529999999999998,1.967,1260
2026-01-02 08:00:00+00:00,1.967,1.9809999999999999,1.94,1.9689999999999999,1073
2026-01-02 12:00:00+00:00,1.968,1.978,1.952,1.964,1364
2026-01-02 16:00:00+00:00,1.964,2.04,1.951,2.024,3877
2026-01-02 20:00:00+00:00,2.025,2.107,2.009,2.099,2260
2026-01-03 00:00:00+00:00,2.113,2.191,2.103,2.14,1841
2026-01-03 04:00:00+00:00,2.14,2.146,2.11,2.1189999999999998,1280
2026-01-03 08:00:00+00:00,2.118,2.132,2.081,2.097,2180
2026-01-03 12:00:00+00:00,2.097,2.107,2.084,2.095,952
2026-01-03 16:00:00+00:00,2.095,2.122,2.091,2.105,913
2026-01-03 20:00:00+00:00,2.105,2.1189999999999998,2.094,2.096,779
2026-01-04 00:00:00+00:00,2.094,2.1189999999999998,2.09,2.101,1353
2026-01-04 04:00:00+00:00,2.101,2.12,2.095,2.1189999999999998,1112
2026-01-04 08:00:00+00:00,2.118,2.1310000000000002,2.094,2.1189999999999998,1385
2026-01-04 12:00:00+00:00,2.1189999999999998,2.152,2.108,2.136,1318
2026-01-04 16:00:00+00:00,2.136,2.154,2.124,2.14,1622
2026-01-04 20:00:00+00:00,2.141,2.142,2.091,2.11,1437
2026-01-05 00:00:00+00:00,2.118,2.146,2.094,2.133,2306
2026-01-05 04:00:00+00:00,2.134,2.14,2.089,2.099,1923
2026-01-05 08:00:00+00:00,2.099,2.126,2.081,2.086,1690
2026-01-05 12:00:00+00:00,2.086,2.109,2.069,2.099,1525
2026-01-05 16:00:00+00:00,2.099,2.181,2.093,2.174,3918
2026-01-05 20:00:00+00:00,2.174,2.193,2.157,2.183,2253
2026-01-06 00:00:00+00:00,2.175,2.212,2.155,2.176,1992
2026-01-06 04:00:00+00:00,2.177,2.202,2.169,2.185,1805
2026-01-06 08:00:00+00:00,2.185,2.219,2.153,2.161,2378
2026-01-06 12:00:00+00:00,2.161,2.22,2.156,2.2,1795
2026-01-06 16:00:00+00:00,2.2,2.2359999999999998,2.089,2.093,5140
2026-01-06 20:00:00+00:00,2.092,2.202,2.088,2.198,2523
2026-01-07 00:00:00+00:00,2.201,2.214,2.152,2.157,2217
2026-01-07 04:00:00+00:00,2.156,2.186,2.146,2.167,2228
2026-01-07 08:00:00+00:00,2.167,2.221,2.151,2.155,2305
2026-01-07 12:00:00+00:00,2.155,2.172,2.138,2.14,1622
2026-01-07 16:00:00+00:00,2.14,2.146,2.1,2.125,3867
2026-01-07 20:00:00+00:00,2.125,2.142,2.096,2.104,2071
2026-01-08 00:00:00+00:00,2.097,2.1310000000000002,2.093,2.122,1496
2026-01-08 04:00:00+00:00,2.122,2.128,2.089,2.106,1796
2026-01-08 08:00:00+00:00,2.105,2.113,2.055,2.069,2860
2026-01-08 12:00:00+00:00,2.069,2.102,2.055,2.077,2397
2026-01-08 16:00:00+00:00,2.076,2.13,2.06,2.121,3910
2026-01-08 20:00:00+00:00,2.12,2.123,2.065,2.093,1697
2026-01-09 00:00:00+00:00,2.093,2.103,2.056,2.068,1346
2026-01-09 04:00:00+00:00,2.067,2.086,2.061,2.079,1158
2026-01-09 08:00:00+00:00,2.079,2.089,2.032,2.054,1725
2026-01-09 12:00:00+00:00,2.054,2.062,2.022,2.041,1546
2026-01-09 16:00:00+00:00,2.041,2.114,2.021,2.082,4152
2026-01-09 20:00:00+00:00,2.081,2.084,2.03,2.058,2123
2026-01-10 00:00:00+00:00,2.059,2.065,2.049,2.06,637
2026-01-10 04:00:00+00:00,2.06,2.066,2.041,2.057,793
2026-01-10 08:00:00+00:00,2.056,2.088,2.048,2.078,1113
2026-01-10 12:00:00+00:00,2.078,2.102,2.068,2.096,853
2026-01-10 16:00:00+00:00,2.096,2.097,2.069,2.071,952
2026-01-10 20:00:00+00:00,2.071,2.102,2.068,2.076,774
2026-01-11 00:00:00+00:00,2.07,2.079,2.056,2.068,815
2026-01-11 04:00:00+00:00,2.069,2.081,2.065,2.077,860
2026-01-11 08:00:00+00:00,2.077,2.091,2.07,2.087,734
2026-01-11 12:00:00+00:00,2.086,2.097,2.072,2.073,780
2026-01-11 16:00:00+00:00,2.073,2.089,2.042,2.072,1416
2026-01-11 20:00:00+00:00,2.072,2.073,2.027,2.046,1233
2026-01-12 00:00:00+00:00,2.03,2.076,2.006,2.07,2710
2026-01-12 04:00:00+00:00,2.071,2.123,2.069,2.093,1956
2026-01-12 08:00:00+00:00,2.093,2.094,2.005,2.023,2222
2026-01-12 12:00:00+00:00,2.023,2.035,2.002,2.008,1387
2026-01-12 16:00:00+00:00,2.008,2.087,1.9929999999999999,2.045,3322
2026-01-12 20:00:00+00:00,2.045,2.06,2.011,2.017,1726
2026-01-13 00:00:00+00:00,2.027,2.054,2.016,2.053,1119
2026-01-13 04:00:00+00:00,2.053,2.078,2.025,2.064,1495
2026-01-13 08:00:00+00:00,2.064,2.073,2.044,2.053,1441
2026-01-13 12:00:00+00:00,2.054,2.115,2.047,2.113,1489
2026-01-13 16:00:00+00:00,2.113,2.314,2.105,2.219,5603
2026-01-13 20:00:00+00:00,2.218,2.232,2.188,2.227,2244
2026-01-14 00:00:00+00:00,2.229,2.305,2.229,2.245,2927
2026-01-14 04:00:00+00:00,2.245,2.258,2.231,2.248,1472
2026-01-14 08:00:00+00:00,2.247,2.27,2.234,2.258,1272
2026-01-14 12:00:00+00:00,2.257,2.266,2.208,2.214,1521
2026-01-14 16:00:00+00:00,2.213,2.269,2.208,2.212,3373
2026-01-14 20:00:00+00:00,2.212,2.229,2.168,2.206,2306
2026-01-15 00:00:00+00:00,2.205,2.212,2.185,2.189,1436
2026-01-15 04:00:00+00:00,2.189,2.193,2.1310000000000002,2.149,2030
2026-01-15 08:00:00+00:00,2.149,2.186,2.147,2.181,1458
2026-01-15 12:00:00+00:00,2.181,2.211,2.17,2.201,1375
2026-01-15 16:00:00+00:00,2.201,2.209,2.103,2.115,3707
2026-01-15 20:00:00+00:00,2.115,2.118,2.07,2.086,1994
2026-01-16 00:00:00+00:00,2.094,2.102,2.077,2.093,883
2026-01-16 04:00:00+00:00,2.093,2.107,2.072,2.095,1157
2026-01-16 08:00:00+00:00,2.095,2.129,2.093,2.114,874
2026-01-16 12:00:00+00:00,2.114,2.115,2.075,2.082,916
2026-01-16 16:00:00+00:00,2.082,2.1,2.029,2.061,2766
2026-01-16 20:00:00+00:00,2.062,2.109,2.048,2.1,1376
2026-01-17 00:00:00+00:00,2.1,2.11,2.087,2.098,756
2026-01-17 04:00:00+00:00,2.099,2.113,2.091,2.106,866
2026-01-17 08:00:00+00:00,2.106,2.18,2.106,2.16,1237
2026-01-17 12:00:00+00:00,2.16,2.208,2.151,2.174,1581
2026-01-17 16:00:00+00:00,2.174,2.201,2.156,2.18,1767
2026-01-17 20:00:00+00:00,2.179,2.188,2.158,2.165,897
2026-01-18 00:00:00+00:00,2.163,2.175,2.135,2.142,1207
2026-01-18 04:00:00+00:00,2.142,2.151,2.124,2.1310000000000002,910
2026-01-18 08:00:00+00:00,2.1310000000000002,2.135,2.113,2.127,892
2026-01-18 12:00:00+00:00,2.127,2.13,2.111,2.122,881
2026-01-18 16:00:00+00:00,2.123,2.15,2.103,2.1310000000000002,1534
2026-01-18 20:00:00+00:00,2.1310000000000002,2.164,2.129,2.151,1251
2026-01-19 00:00:00+00:00,2.156,2.171,1.821,1.935,5509
2026-01-19 04:00:00+00:00,1.936,1.956,1.927,1.9449999999999998,1532
2026-01-19 08:00:00+00:00,1.9449999999999998,1.972,1.928,1.955,1359
2026-01-19 12:00:00+00:00,1.955,1.958,1.937,1.946,1028
2026-01-19 16:00:00+00:00,1.946,2.001,1.942,1.988,1559
2026-01-19 20:00:00+00:00,1.988,2.036,1.9769999999999999,1.995,1277
2026-01-20 00:00:00+00:00,1.998,2.012,1.978,1.999,1477
2026-01-20 04:00:00+00:00,1.999,2.024,1.9889999999999999,2.001,1927
2026-01-20 08:00:00+00:00,2.0,2.001,1.944,1.955,2091
2026-01-20 12:00:00+00:00,1.955,1.966,1.908,1.913,1420
2026-01-20 16:00:00+00:00,1.913,1.9489999999999998,1.869,1.88,3598
2026-01-20 20:00:00+00:00,1.88,1.9060000000000001,1.8679999999999999,1.885,1698
2026-01-21 00:00:00+00:00,1.887,1.913,1.853,1.908,1571
2026-01-21 04:00:00+00:00,1.908,1.932,1.908,1.929,982
2026-01-21 08:00:00+00:00,1.929,1.929,1.8980000000000001,1.908,935
2026-01-21 12:00:00+00:00,1.908,1.92,1.8679999999999999,1.8820000000000001,1300
2026-01-21 16:00:00+00:00,1.881,1.951,1.845,1.871,4307
2026-01-21 20:00:00+00:00,1.87,1.971,1.861,1.963,3160
2026-01-22 00:00:00+00:00,1.9649999999999999,1.972,1.915,1.948,1248
2026-01-22 04:00:00+00:00,1.948,1.9529999999999998,1.911,1.912,1173
2026-01-22 08:00:00+00:00,1.913,1.933,1.901,1.929,1115
2026-01-22 12:00:00+00:00,1.929,1.932,1.911,1.92,1084
2026-01-22 16:00:00+00:00,1.92,1.9220000000000002,1.876,1.912,2442
2026-01-22 20:00:00+00:00,1.912,1.9140000000000001,1.892,1.901,1395
2026-01-23 00:00:00+00:00,1.9,1.924,1.8860000000000001,1.9220000000000002,1015
2026-01-23 04:00:00+00:00,1.9220000000000002,1.956,1.912,1.9340000000000002,944
2026-01-23 08:00:00+00:00,1.9340000000000002,1.937,1.897,1.904,1223
2026-01-23 12:00:00+00:00,1.905,1.9220000000000002,1.891,1.912,1010
2026-01-23 16:00:00+00:00,1.911,1.9529999999999998,1.8679999999999999,1.927,3034
2026-01-23 20:00:00+00:00,1.927,1.944,1.874,1.887,1879
2026-01-24 00:00:00+00:00,1.895,1.905,1.891,1.903,537
2026-01-24 04:00:00+00:00,1.903,1.911,1.897,1.903,675
2026-01-24 08:00:00+00:00,1.903,1.907,1.891,1.892,498
2026-01-24 12:00:00+00:00,1.892,1.895,1.88,1.88,501
2026-01-24 16:00:00+00:00,1.88,1.895,1.87,1.8860000000000001,724
2026-01-24 20:00:00+00:00,1.8860000000000001,1.895,1.88,1.8940000000000001,502
2026-01-25 00:00:00+00:00,1.893,1.9140000000000001,1.892,1.893,702
2026-01-25 04:00:00+00:00,1.892,1.8980000000000001,1.8719999999999999,1.879,665
2026-01-25 08:00:00+00:00,1.879,1.884,1.853,1.8780000000000001,909
2026-01-25 12:00:00+00:00,1.8780000000000001,1.8900000000000001,1.859,1.873,847
2026-01-25 16:00:00+00:00,1.873,1.874,1.8050000000000002,1.815,2134
2026-01-25 20:00:00+00:00,1.815,1.819,1.7530000000000001,1.791,2584
2026-01-26 00:00:00+00:00,1.79,1.834,1.776,1.8279999999999998,1479
2026-01-26 04:00:00+00:00,1.8279999999999998,1.829,1.796,1.815,917
2026-01-26 08:00:00+00:00,1.815,1.845,1.811,1.814,943
2026-01-26 12:00:00+00:00,1.814,1.835,1.814,1.83,707
2026-01-26 16:00:00+00:00,1.83,1.871,1.817,1.843,2654
2026-01-26 20:00:00+00:00,1.842,1.861,1.8279999999999998,1.851,1326
2026-01-27 00:00:00+00:00,1.854,1.857,1.838,1.849,786
2026-01-27 04:00:00+00:00,1.849,1.859,1.843,1.847,775
2026-01-27 08:00:00+00:00,1.847,1.8479999999999999,1.822,1.822,687
2026-01-27 12:00:00+00:00,1.822,1.8279999999999998,1.806,1.807,687
2026-01-27 16:00:00+00:00,1.807,1.853,1.8,1.807,2398
2026-01-27 20:00:00+00:00,1.808,1.871,1.804,1.8439999999999999,1978
2026-01-28 00:00:00+00:00,1.851,1.8599999999999999,1.834,1.841,876
2026-01-28 04:00:00+00:00,1.8399999999999999,1.847,1.819,1.834,1154
2026-01-28 08:00:00+00:00,1.834,1.8559999999999999,1.8239999999999998,1.8559999999999999,1139
2026-01-28 12:00:00+00:00,1.855,1.867,1.837,1.8399999999999999,1418
2026-01-28 16:00:00+00:00,1.8399999999999999,1.842,1.802,1.825,1923
2026-01-28 20:00:00+00:00,1.8239999999999998,1.8479999999999999,1.81,1.835,2079
2026-01-29 00:00:00+00:00,1.834,1.861,1.8090000000000002,1.814,1562
2026-01-29 04:00:00+00:00,1.814,1.818,1.7730000000000001,1.782,1625
2026-01-29 08:00:00+00:00,1.782,1.7890000000000001,1.768,1.7690000000000001,807
2026-01-29 12:00:00+00:00,1.77,1.772,1.744,1.766,867
2026-01-29 16:00:00+00:00,1.766,1.767,1.6840000000000002,1.696,3521
2026-01-29 20:00:00+00:00,1.696,1.7149999999999999,1.669,1.709,1740
2026-01-30 00:00:00+00:00,1.716,1.72,1.645,1.689,1612
2026-01-30 04:00:00+00:00,1.689,1.698,1.6520000000000001,1.686,1919
2026-01-30 08:00:00+00:00,1.685,1.689,1.643,1.671,1673
2026-01-30 12:00:00+00:00,1.671,1.698,1.657,1.666,1811
2026-01-30 16:00:00+00:00,1.666,1.686,1.633,1.6600000000000001,3740
2026-01-30 20:00:00+00:00,1.659,1.693,1.623,1.666,2995
2026-01-31 00:00:00+00:00,1.6640000000000001,1.6680000000000001,1.653,1.659,689
2026-01-31 04:00:00+00:00,1.659,1.661,1.642,1.646,740
2026-01-31 08:00:00+00:00,1.647,1.6480000000000001,1.588,1.6099999999999999,1562
2026-01-31 12:00:00+00:00,1.611,1.62,1.587,1.5939999999999999,1038
2026-01-31 16:00:00+00:00,1.593,1.597,1.436,1.4689999999999999,5563
2026-01-31 20:00:00+00:00,1.4689999999999999,1.501,1.37,1.496,4475
2026-02-01 00:00:00+00:00,1.514,1.524,1.5070000000000001,1.5230000000000001,286
2026-02-01 04:00:00+00:00,1.5230000000000001,1.532,1.518,1.522,1053
2026-02-01 08:00:00+00:00,1.5230000000000001,1.53,1.506,1.525,1380
2026-02-01 12:00:00+00:00,1.525,1.532,1.4929999999999999,1.5,1427
2026-02-01 16:00:00+00:00,1.5,1.513,1.453,1.475,3097
2026-02-01 20:00:00+00:00,1.475,1.504,1.461,1.466,2248
2026-02-02 00:00:00+00:00,1.476,1.508,1.432,1.4969999999999999,3603
2026-02-02 04:00:00+00:00,1.498,1.506,1.424,1.444,4178
2026-02-02 08:00:00+00:00,1.444,1.505,1.427,1.494,3524
2026-02-02 12:00:00+00:00,1.494,1.51,1.484,1.506,1419
2026-02-02 16:00:00+00:00,1.506,1.549,1.492,1.529,2781
2026-02-02 20:00:00+00:00,1.529,1.538,1.509,1.52,1211
2026-02-03 00:00:00+00:00,1.524,1.5270000000000001,1.506,1.512,969
2026-02-03 04:00:00+00:00,1.512,1.5230000000000001,1.4809999999999999,1.502,1331
2026-02-03 08:00:00+00:00,1.502,1.518,1.483,1.49,1479
2026-02-03 12:00:00+00:00,1.49,1.504,1.484,1.5,1193
2026-02-03 16:00:00+00:00,1.499,1.506,1.436,1.437,3245
2026-02-03 20:00:00+00:00,1.437,1.538,1.404,1.495,3790
2026-02-04 00:00:00+00:00,1.4929999999999999,1.498,1.459,1.491,1563
2026-02-04 04:00:00+00:00,1.491,1.505,1.474,1.48,1156
2026-02-04 08:00:00+00:00,1.48,1.4969999999999999,1.4769999999999999,1.479,1094
2026-02-04 12:00:00+00:00,1.479,1.482,1.446,1.447,1277
2026-02-04 16:00:00+00:00,1.447,1.457,1.3980000000000001,1.416,4240
2026-02-04 20:00:00+00:00,1.416,1.462,1.397,1.428,2721
2026-02-05 00:00:00+00:00,1.414,1.452,1.403,1.429,2074
2026-02-05 04:00:00+00:00,1.429,1.443,1.399,1.414,2907
2026-02-05 08:00:00+00:00,1.414,1.418,1.392,1.4,1949
2026-02-05 12:00:00+00:00,1.4,1.401,1.345,1.354,3022
2026-02-05 16:00:00+00:00,1.354,1.3820000000000001,1.266,1.278,6422
2026-02-05 20:00:00+00:00,1.278,1.299,1.203,1.228,6183
2026-02-06 00:00:00+00:00,1.232,1.26,1.076,1.2389999999999999,6845
2026-02-06 04:00:00+00:00,1.2389999999999999,1.275,1.201,1.268,3134
2026-02-06 08:00:00+00:00,1.268,1.282,1.233,1.278,2463
2026-02-06 12:00:00+00:00,1.278,1.309,1.272,1.301,2082
2026-02-06 16:00:00+00:00,1.301,1.38,1.291,1.362,3288
2026-02-06 20:00:00+00:00,1.362,1.3639999999999999,1.321,1.336,2104
2026-02-07 00:00:00+00:00,1.3519999999999999,1.3599999999999999,1.316,1.333,1289
2026-02-07 04:00:00+00:00,1.332,1.3639999999999999,1.326,1.342,1503
2026-02-07 08:00:00+00:00,1.341,1.3439999999999999,1.291,1.307,2380
2026-02-07 12:00:00+00:00,1.307,1.342,1.296,1.318,1633
2026-02-07 16:00:00+00:00,1.319,1.374,1.301,1.345,2923
2026-02-07 20:00:00+00:00,1.345,1.365,1.3439999999999999,1.35,1159
2026-02-08 00:00:00+00:00,1.3519999999999999,1.354,1.337,1.34,893
2026-02-08 04:00:00+00:00,1.341,1.343,1.318,1.32,857
2026-02-08 08:00:00+00:00,1.32,1.349,1.313,1.332,1241
2026-02-08 12:00:00+00:00,1.332,1.347,1.319,1.337,1379
2026-02-08 16:00:00+00:00,1.337,1.345,1.301,1.317,1409
2026-02-08 20:00:00+00:00,1.316,1.334,1.304,1.31,1163
2026-02-09 00:00:00+00:00,1.312,1.341,1.298,1.308,1848
2026-02-09 04:00:00+00:00,1.309,1.323,1.302,1.306,1008
2026-02-09 08:00:00+00:00,1.305,1.306,1.2690000000000001,1.272,993
2026-02-09 12:00:00+00:00,1.272,1.2770000000000001,1.25,1.267,942
2026-02-09 16:00:00+00:00,1.267,1.317,1.264,1.311,2482
2026-02-09 20:00:00+00:00,1.311,1.316,1.284,1.297,1336
2026-02-10 00:00:00+00:00,1.298,1.303,1.286,1.297,907
2026-02-10 04:00:00+00:00,1.297,1.297,1.264,1.2690000000000001,977
2026-02-10 08:00:00+00:00,1.2690000000000001,1.271,1.2469999999999999,1.2530000000000001,1008
2026-02-10 12:00:00+00:00,1.2530000000000001,1.254,1.237,1.246,653
2026-02-10 16:00:00+00:00,1.246,1.264,1.2389999999999999,1.2570000000000001,1989
2026-02-10 20:00:00+00:00,1.2570000000000001,1.258,1.2389999999999999,1.2469999999999999,1111
2026-02-11 00:00:00+00:00,1.25,1.262,1.249,1.2610000000000001,559
2026-02-11 04:00:00+00:00,1.262,1.266,1.226,1.227,942
2026-02-11 08:00:00+00:00,1.227,1.23,1.206,1.209,1071
2026-02-11 12:00:00+00:00,1.209,1.226,1.202,1.226,928
2026-02-11 16:00:00+00:00,1.226,1.27,1.198,1.227,2824
2026-02-11 20:00:00+00:00,1.227,1.254,1.218,1.25,1543
2026-02-12 00:00:00+00:00,1.2469999999999999,1.254,1.222,1.244,1074
2026-02-12 04:00:00+00:00,1.244,1.26,1.2429999999999999,1.256,986
2026-02-12 08:00:00+00:00,1.256,1.268,1.255,1.2650000000000001,866
2026-02-12 12:00:00+00:00,1.2650000000000001,1.2770000000000001,1.251,1.268,999
2026-02-12 16:00:00+00:00,1.268,1.272,1.223,1.231,2498
2026-02-12 20:00:00+00:00,1.23,1.262,1.229,1.237,1713
2026-02-13 00:00:00+00:00,1.237,1.2610000000000001,1.234,1.246,925
2026-02-13 04:00:00+00:00,1.246,1.249,1.229,1.229,787
2026-02-13 08:00:00+00:00,1.229,1.255,1.225,1.25,849
2026-02-13 12:00:00+00:00,1.25,1.263,1.2429999999999999,1.2570000000000001,1074
2026-02-13 16:00:00+00:00,1.2570000000000001,1.31,1.25,1.295,2160
2026-02-13 20:00:00+00:00,1.295,1.31,1.287,1.304,1037
2026-02-14 00:00:00+00:00,1.308,1.325,1.299,1.32,591
2026-02-14 04:00:00+00:00,1.32,1.324,1.315,1.317,589
2026-02-14 08:00:00+00:00,1.317,1.341,1.312,1.339,735
2026-02-14 12:00:00+00:00,1.338,1.349,1.33,1.341,863
2026-02-14 16:00:00+00:00,1.341,1.388,1.341,1.376,1087
2026-02-14 20:00:00+00:00,1.376,1.408,1.374,1.392,1146
2026-02-15 00:00:00+00:00,1.396,1.412,1.3780000000000001,1.3900000000000001,1120
2026-02-15 04:00:00+00:00,1.389,1.409,1.367,1.4,1415
2026-02-15 08:00:00+00:00,1.4,1.412,1.38,1.389,1175
2026-02-15 12:00:00+00:00,1.389,1.3900000000000001,1.323,1.329,1519
2026-02-15 16:00:00+00:00,1.329,1.347,1.31,1.319,1310
2026-02-15 20:00:00+00:00,1.319,1.33,1.304,1.325,1256
2026-02-16 00:00:00+00:00,1.325,1.339,1.317,1.328,946
2026-02-16 04:00:00+00:00,1.328,1.345,1.315,1.319,880
2026-02-16 08:00:00+00:00,1.319,1.341,1.319,1.337,915
2026-02-16 12:00:00+00:00,1.337,1.3639999999999999,1.314,1.328,1624
2026-02-16 16:00:00+00:00,1.328,1.342,1.306,1.322,2009
2026-02-16 20:00:00+00:00,1.322,1.355,1.321,1.354,831
2026-02-17 00:00:00+00:00,1.353,1.354,1.339,1.34,788
2026-02-17 04:00:00+00:00,1.34,1.354,1.332,1.3439999999999999,841
2026-02-17 08:00:00+00:00,1.3439999999999999,1.354,1.33,1.336,807
2026-02-17 12:00:00+00:00,1.336,1.35,1.326,1.347,863
2026-02-17 16:00:00+00:00,1.346,1.355,1.313,1.326,2348
2026-02-17 20:00:00+00:00,1.325,1.35,1.322,1.327,1247
2026-02-18 00:00:00+00:00,1.326,1.328,1.312,1.32,664
2026-02-18 04:00:00+00:00,1.32,1.333,1.319,1.327,696
2026-02-18 08:00:00+00:00,1.327,1.341,1.324,1.332,657
2026-02-18 12:00:00+00:00,1.332,1.337,1.308,1.313,828
2026-02-18 16:00:00+00:00,1.313,1.345,1.305,1.311,1596
2026-02-18 20:00:00+00:00,1.311,1.313,1.2770000000000001,1.282,1332
2026-02-19 00:00:00+00:00,1.283,1.294,1.274,1.294,669
2026-02-19 04:00:00+00:00,1.293,1.296,1.278,1.282,754
2026-02-19 08:00:00+00:00,1.282,1.29,1.262,1.272,881
2026-02-19 12:00:00+00:00,1.272,1.272,1.2429999999999999,1.25,979
2026-02-19 16:00:00+00:00,1.25,1.264,1.234,1.2469999999999999,1540
2026-02-19 20:00:00+00:00,1.246,1.264,1.245,1.2530000000000001,914
2026-02-20 00:00:00+00:00,1.2530000000000001,1.271,1.249,1.266,631
2026-02-20 04:00:00+00:00,1.266,1.2730000000000001,1.248,1.267,723
2026-02-20 08:00:00+00:00,1.267,1.285,1.264,1.283,702
2026-02-20 12:00:00+00:00,1.283,1.29,1.249,1.258,946
2026-02-20 16:00:00+00:00,1.258,1.337,1.2570000000000001,1.325,3039
2026-02-20 20:00:00+00:00,1.325,1.328,1.3,1.313,1421
2026-02-21 00:00:00+00:00,1.31,1.32,1.302,1.307,490
2026-02-21 04:00:00+00:00,1.307,1.336,1.305,1.335,646
2026-02-21 08:00:00+00:00,1.335,1.37,1.322,1.353,805
2026-02-21 12:00:00+00:00,1.353,1.371,1.346,1.357,817
2026-02-21 16:00:00+00:00,1.357,1.365,1.33,1.335,737
2026-02-21 20:00:00+00:00,1.335,1.342,1.326,1.334,505
2026-02-22 00:00:00+00:00,1.335,1.338,1.328,1.336,481
2026-02-22 04:00:00+00:00,1.336,1.339,1.309,1.313,606
2026-02-22 08:00:00+00:00,1.312,1.32,1.298,1.309,522
2026-02-22 12:00:00+00:00,1.309,1.316,1.291,1.294,647
2026-02-22 16:00:00+00:00,1.294,1.296,1.282,1.287,621
2026-02-22 20:00:00+00:00,1.286,1.288,1.276,1.283,603
2026-02-23 00:00:00+00:00,1.285,1.291,1.212,1.217,1931
2026-02-23 04:00:00+00:00,1.217,1.2349999999999999,1.213,1.228,1018
2026-02-23 08:00:00+00:00,1.228,1.271,1.227,1.2690000000000001,711
2026-02-23 12:00:00+00:00,1.2690000000000001,1.287,1.2610000000000001,1.276,650
2026-02-23 16:00:00+00:00,1.276,1.284,1.228,1.244,1543
2026-02-23 20:00:00+00:00,1.244,1.256,1.228,1.2429999999999999,1066
2026-02-24 00:00:00+00:00,1.2469999999999999,1.2530000000000001,1.222,1.242,1042
2026-02-24 04:00:00+00:00,1.242,1.248,1.215,1.222,1066
2026-02-24 08:00:00+00:00,1.221,1.234,1.21,1.217,800
2026-02-24 12:00:00+00:00,1.216,1.22,1.199,1.207,809
2026-02-24 16:00:00+00:00,1.206,1.234,1.2,1.225,1388
2026-02-24 20:00:00+00:00,1.224,1.23,1.21,1.213,634
2026-02-25 00:00:00+00:00,1.215,1.2770000000000001,1.209,1.26,1078
2026-02-25 04:00:00+00:00,1.26,1.27,1.233,1.24,932
2026-02-25 08:00:00+00:00,1.241,1.285,1.2349999999999999,1.285,703
2026-02-25 12:00:00+00:00,1.285,1.475,1.282,1.439,4158
2026-02-25 16:00:00+00:00,1.439,1.558,1.431,1.55,5007
2026-02-25 20:00:00+00:00,1.5510000000000002,1.726,1.529,1.704,6351
2026-02-26 00:00:00+00:00,1.713,1.713,1.573,1.6400000000000001,6423
2026-02-26 04:00:00+00:00,1.6400000000000001,1.67,1.553,1.5590000000000002,4249
2026-02-26 08:00:00+00:00,1.5590000000000002,1.6059999999999999,1.541,1.5939999999999999,3283
2026-02-26 12:00:00+00:00,1.5939999999999999,1.62,1.5470000000000002,1.588,2652
2026-02-26 16:00:00+00:00,1.587,1.6059999999999999,1.496,1.499,5231
2026-02-26 20:00:00+00:00,1.499,1.562,1.498,1.545,2323
2026-02-27 00:00:00+00:00,1.548,1.607,1.5470000000000002,1.596,2336
2026-02-27 04:00:00+00:00,1.596,1.657,1.571,1.584,2993
2026-02-27 08:00:00+00:00,1.583,1.603,1.565,1.583,2226
2026-02-27 12:00:00+00:00,1.584,1.592,1.524,1.548,2876
2026-02-27 16:00:00+00:00,1.548,1.5699999999999998,1.521,1.568,2549
2026-02-27 20:00:00+00:00,1.567,1.624,1.556,1.588,2417
2026-02-28 00:00:00+00:00,1.563,1.583,1.546,1.557,1372
2026-02-28 04:00:00+00:00,1.557,1.592,1.5110000000000001,1.5150000000000001,1427
2026-02-28 08:00:00+00:00,1.5150000000000001,1.52,1.433,1.434,3764
2026-02-28 12:00:00+00:00,1.433,1.514,1.432,1.5110000000000001,2108
2026-02-28 16:00:00+00:00,1.51,1.514,1.466,1.475,1113
2026-03-01 00:00:00+00:00,1.617,1.641,1.587,1.624,921
2026-03-01 04:00:00+00:00,1.624,1.639,1.564,1.5739999999999998,2874
2026-03-01 08:00:00+00:00,1.573,1.596,1.542,1.5470000000000002,2275
2026-03-01 12:00:00+00:00,1.546,1.554,1.5150000000000001,1.5390000000000001,2196
2026-03-01 16:00:00+00:00,1.538,1.5470000000000002,1.498,1.506,2530
2026-03-01 20:00:00+00:00,1.506,1.525,1.479,1.49,1576
2026-03-02 00:00:00+00:00,1.491,1.573,1.488,1.558,1981
2026-03-02 04:00:00+00:00,1.558,1.56,1.5110000000000001,1.514,1931
2026-03-02 08:00:00+00:00,1.514,1.517,1.4729999999999999,1.482,1679
2026-03-02 12:00:00+00:00,1.482,1.499,1.472,1.486,1453
2026-03-02 16:00:00+00:00,1.486,1.577,1.48,1.5310000000000001,4717
2026-03-02 20:00:00+00:00,1.53,1.532,1.484,1.5,2219
2026-03-03 00:00:00+00:00,1.502,1.506,1.464,1.471,1517
2026-03-03 04:00:00+00:00,1.471,1.482,1.461,1.465,1558
2026-03-03 08:00:00+00:00,1.466,1.495,1.455,1.458,2174
2026-03-03 12:00:00+00:00,1.458,1.478,1.447,1.466,1429
2026-03-03 16:00:00+00:00,1.465,1.5310000000000001,1.456,1.5070000000000001,3771
2026-03-03 20:00:00+00:00,1.506,1.528,1.484,1.496,2085
2026-03-04 00:00:00+00:00,1.504,1.525,1.492,1.51,1760
2026-03-04 04:00:00+00:00,1.5110000000000001,1.5190000000000001,1.482,1.496,1934
2026-03-04 08:00:00+00:00,1.496,1.5470000000000002,1.486,1.5310000000000001,2205
2026-03-04 12:00:00+00:00,1.5310000000000001,1.536,1.484,1.5,1723
2026-03-04 16:00:00+00:00,1.5,1.533,1.4889999999999999,1.514,3118
2026-03-04 20:00:00+00:00,1.514,1.542,1.504,1.513,1634
2026-03-05 00:00:00+00:00,1.52,1.526,1.488,1.4929999999999999,1507
2026-03-05 04:00:00+00:00,1.4929999999999999,1.529,1.487,1.49,1404
2026-03-05 08:00:00+00:00,1.49,1.516,1.483,1.505,1510
2026-03-05 12:00:00+00:00,1.504,1.524,1.487,1.499,1575
2026-03-05 16:00:00+00:00,1.499,1.5190000000000001,1.456,1.462,2863
2026-03-05 20:00:00+00:00,1.461,1.529,1.46,1.512,1773
2026-03-06 00:00:00+00:00,1.514,1.521,1.495,1.508,1053
2026-03-06 04:00:00+00:00,1.509,1.512,1.4849999999999999,1.498,1452
2026-03-06 08:00:00+00:00,1.498,1.521,1.486,1.494,1211
2026-03-06 12:00:00+00:00,1.494,1.509,1.461,1.461,2028
2026-03-06 16:00:00+00:00,1.461,1.472,1.428,1.442,3088
2026-03-06 20:00:00+00:00,1.441,1.467,1.441,1.461,1087
2026-03-07 00:00:00+00:00,1.4689999999999999,1.472,1.455,1.468,531
2026-03-07 04:00:00+00:00,1.468,1.491,1.461,1.4849999999999999,953
2026-03-07 08:00:00+00:00,1.4849999999999999,1.49,1.457,1.465,921
2026-03-07 12:00:00+00:00,1.465,1.475,1.456,1.463,694
2026-03-07 16:00:00+00:00,1.464,1.464,1.436,1.451,857
2026-03-07 20:00:00+00:00,1.452,1.452,1.405,1.415,1051
2026-03-08 00:00:00+00:00,1.414,1.423,1.405,1.42,571
2026-03-08 04:00:00+00:00,1.42,1.421,1.3980000000000001,1.42,1145
2026-03-08 08:00:00+00:00,1.419,1.43,1.41,1.418,635
2026-03-08 12:00:00+00:00,1.418,1.458,1.417,1.452,1129
2026-03-08 16:00:00+00:00,1.453,1.453,1.418,1.422,1258
2026-03-08 20:00:00+00:00,1.423,1.454,1.419,1.434,1216
2026-03-09 00:00:00+00:00,1.431,1.453,1.404,1.44,2203
2026-03-09 04:00:00+00:00,1.44,1.471,1.428,1.458,1810
2026-03-09 08:00:00+00:00,1.459,1.4929999999999999,1.445,1.458,1674
2026-03-09 12:00:00+00:00,1.458,1.471,1.437,1.456,1455
2026-03-09 16:00:00+00:00,1.455,1.487,1.455,1.4729999999999999,2645
2026-03-09 20:00:00+00:00,1.4729999999999999,1.5070000000000001,1.468,1.483,2066
2026-03-10 00:00:00+00:00,1.4849999999999999,1.488,1.459,1.479,1070
2026-03-10 04:00:00+00:00,1.478,1.508,1.47,1.5030000000000001,2308
2026-03-10 08:00:00+00:00,1.502,1.509,1.4889999999999999,1.4969999999999999,1582
2026-03-10 12:00:00+00:00,1.4969999999999999,1.514,1.482,1.486,1149
2026-03-10 16:00:00+00:00,1.486,1.521,1.471,1.51,3251
2026-03-10 20:00:00+00:00,1.509,1.514,1.465,1.478,1914
2026-03-11 00:00:00+00:00,1.478,1.479,1.45,1.459,1081
2026-03-11 04:00:00+00:00,1.459,1.47,1.452,1.468,1101
2026-03-11 08:00:00+00:00,1.468,1.472,1.447,1.465,1114
2026-03-11 12:00:00+00:00,1.464,1.5150000000000001,1.46,1.501,1095
2026-03-11 16:00:00+00:00,1.5,1.529,1.4769999999999999,1.499,2887
2026-03-11 20:00:00+00:00,1.499,1.524,1.49,1.508,1647
2026-03-12 00:00:00+00:00,1.5070000000000001,1.513,1.4889999999999999,1.496,995
2026-03-12 04:00:00+00:00,1.496,1.496,1.47,1.475,1034
2026-03-12 08:00:00+00:00,1.474,1.4929999999999999,1.467,1.486,1107
2026-03-12 12:00:00+00:00,1.486,1.5030000000000001,1.476,1.4809999999999999,1329
2026-03-12 16:00:00+00:00,1.4809999999999999,1.484,1.459,1.4769999999999999,2038
2026-03-12 20:00:00+00:00,1.4769999999999999,1.488,1.463,1.483,902
2026-03-13 00:00:00+00:00,1.484,1.5230000000000001,1.482,1.5070000000000001,1253
2026-03-13 04:00:00+00:00,1.5070000000000001,1.516,1.494,1.496,1225
2026-03-13 08:00:00+00:00,1.496,1.505,1.4729999999999999,1.482,1486
2026-03-13 12:00:00+00:00,1.482,1.51,1.4809999999999999,1.5070000000000001,1366
2026-03-13 16:00:00+00:00,1.5070000000000001,1.5230000000000001,1.472,1.4849999999999999,2264
2026-03-13 20:00:00+00:00,1.4849999999999999,1.487,1.436,1.447,1530
2026-03-14 00:00:00+00:00,1.437,1.443,1.421,1.425,776
2026-03-14 04:00:00+00:00,1.425,1.431,1.414,1.422,918
2026-03-14 08:00:00+00:00,1.422,1.422,1.4060000000000001,1.413,894
2026-03-14 12:00:00+00:00,1.413,1.417,1.401,1.411,640
2026-03-14 16:00:00+00:00,1.411,1.411,1.3940000000000001,1.403,812
2026-03-14 20:00:00+00:00,1.403,1.408,1.38,1.387,580
2026-03-15 00:00:00+00:00,1.3860000000000001,1.392,1.3780000000000001,1.381,688
2026-03-15 04:00:00+00:00,1.381,1.4060000000000001,1.3679999999999999,1.3940000000000001,878
2026-03-15 08:00:00+00:00,1.393,1.3980000000000001,1.385,1.393,734
2026-03-15 12:00:00+00:00,1.393,1.418,1.393,1.411,659
2026-03-15 16:00:00+00:00,1.411,1.412,1.384,1.3860000000000001,829
2026-03-15 20:00:00+00:00,1.3860000000000001,1.4060000000000001,1.385,1.3980000000000001,798
2026-03-16 00:00:00+00:00,1.397,1.422,1.391,1.412,1453
2026-03-16 04:00:00+00:00,1.413,1.506,1.4060000000000001,1.498,1778
2026-03-16 08:00:00+00:00,1.498,1.599,1.487,1.576,3798
2026-03-16 12:00:00+00:00,1.575,1.604,1.545,1.561,2742
2026-03-16 16:00:00+00:00,1.56,1.581,1.534,1.564,2488
2026-03-16 20:00:00+00:00,1.564,1.625,1.562,1.604,1637
2026-03-17 00:00:00+00:00,1.6139999999999999,1.635,1.5939999999999999,1.607,2253
2026-03-17 04:00:00+00:00,1.607,1.607,1.568,1.5739999999999998,2055
2026-03-17 08:00:00+00:00,1.573,1.6139999999999999,1.563,1.592,1371
2026-03-17 12:00:00+00:00,1.592,1.603,1.5590000000000002,1.561,1239
2026-03-17 16:00:00+00:00,1.561,1.577,1.557,1.563,1682
2026-03-17 20:00:00+00:00,1.563,1.579,1.561,1.5779999999999998,868
2026-03-18 00:00:00+00:00,1.581,1.609,1.581,1.605,1064
2026-03-18 04:00:00+00:00,1.605,1.6280000000000001,1.597,1.611,1175
2026-03-18 08:00:00+00:00,1.611,1.624,1.5939999999999999,1.599,899
2026-03-18 12:00:00+00:00,1.5979999999999999,1.6139999999999999,1.5550000000000002,1.562,2149
2026-03-18 16:00:00+00:00,1.563,1.5699999999999998,1.514,1.529,2479
2026-03-18 20:00:00+00:00,1.528,1.5510000000000002,1.5150000000000001,1.537,1698
2026-03-19 00:00:00+00:00,1.537,1.553,1.528,1.537,1217
2026-03-19 04:00:00+00:00,1.537,1.546,1.521,1.528,1752
2026-03-19 08:00:00+00:00,1.528,1.53,1.5,1.505,1469
2026-03-19 12:00:00+00:00,1.505,1.521,1.495,1.496,1116
2026-03-19 16:00:00+00:00,1.495,1.504,1.475,1.484,2123
2026-03-19 20:00:00+00:00,1.483,1.51,1.47,1.5030000000000001,1369
2026-03-20 00:00:00+00:00,1.5030000000000001,1.5070000000000001,1.48,1.502,750
2026-03-20 04:00:00+00:00,1.502,1.5190000000000001,1.502,1.518,977
2026-03-20 08:00:00+00:00,1.518,1.526,1.504,1.509,1063
2026-03-20 12:00:00+00:00,1.509,1.514,1.494,1.5030000000000001,962
2026-03-20 16:00:00+00:00,1.5030000000000001,1.5110000000000001,1.487,1.491,1667
2026-03-20 20:00:00+00:00,1.491,1.494,1.4689999999999999,1.48,1121
2026-03-21 00:00:00+00:00,1.483,1.4969999999999999,1.472,1.484,571
2026-03-21 04:00:00+00:00,1.484,1.4889999999999999,1.476,1.4809999999999999,516
2026-03-21 08:00:00+00:00,1.482,1.4889999999999999,1.465,1.475,571
2026-03-21 12:00:00+00:00,1.475,1.4809999999999999,1.46,1.465,576
2026-03-21 16:00:00+00:00,1.465,1.483,1.459,1.474,714
2026-03-21 20:00:00+00:00,1.474,1.476,1.465,1.475,454
2026-03-22 00:00:00+00:00,1.475,1.476,1.417,1.439,1745
2026-03-22 04:00:00+00:00,1.439,1.457,1.433,1.449,1065
2026-03-22 08:00:00+00:00,1.449,1.449,1.419,1.426,713
2026-03-22 12:00:00+00:00,1.426,1.431,1.4060000000000001,1.414,850
2026-03-22 16:00:00+00:00,1.414,1.42,1.404,1.4060000000000001,701
2026-03-22 20:00:00+00:00,1.405,1.411,1.3820000000000001,1.385,797
2026-03-23 00:00:00+00:00,1.384,1.3980000000000001,1.367,1.395,1351
2026-03-23 04:00:00+00:00,1.395,1.414,1.392,1.413,927
2026-03-23 08:00:00+00:00,1.413,1.416,1.377,1.3820000000000001,1196
2026-03-23 12:00:00+00:00,1.3820000000000001,1.466,1.377,1.444,2600
2026-03-23 16:00:00+00:00,1.444,1.461,1.4,1.412,2176
2026-03-23 20:00:00+00:00,1.412,1.416,1.383,1.401,1090
2026-03-24 00:00:00+00:00,1.401,1.4060000000000001,1.377,1.397,1130
2026-03-24 04:00:00+00:00,1.396,1.399,1.3820000000000001,1.388,1149
2026-03-24 08:00:00+00:00,1.388,1.403,1.3820000000000001,1.3940000000000001,1033
2026-03-24 12:00:00+00:00,1.3940000000000001,1.396,1.359,1.367,948
2026-03-24 16:00:00+00:00,1.367,1.379,1.34,1.353,1788
2026-03-24 20:00:00+00:00,1.3519999999999999,1.376,1.332,1.37,1258
2026-03-25 00:00:00+00:00,1.371,1.3860000000000001,1.357,1.38,1017
2026-03-25 04:00:00+00:00,1.379,1.385,1.3639999999999999,1.3679999999999999,979
2026-03-25 08:00:00+00:00,1.3679999999999999,1.375,1.3519999999999999,1.358,1102
2026-03-25 12:00:00+00:00,1.358,1.37,1.35,1.362,1282
2026-03-25 16:00:00+00:00,1.362,1.365,1.336,1.342,1686
2026-03-25 20:00:00+00:00,1.342,1.355,1.319,1.329,1017
2026-03-26 00:00:00+00:00,1.327,1.342,1.322,1.332,790
2026-03-26 04:00:00+00:00,1.332,1.341,1.307,1.309,769
2026-03-26 08:00:00+00:00,1.309,1.311,1.293,1.294,955
2026-03-26 12:00:00+00:00,1.294,1.302,1.279,1.293,876
2026-03-26 16:00:00+00:00,1.293,1.31,1.289,1.293,959
2026-03-26 20:00:00+00:00,1.292,1.304,1.274,1.2810000000000001,1382
2026-03-27 00:00:00+00:00,1.282,1.302,1.28,1.298,839
2026-03-27 04:00:00+00:00,1.297,1.313,1.287,1.295,943
2026-03-27 08:00:00+00:00,1.295,1.301,1.2810000000000001,1.289,1351
2026-03-27 12:00:00+00:00,1.289,1.289,1.246,1.2570000000000001,1613
2026-03-27 16:00:00+00:00,1.2570000000000001,1.268,1.249,1.254,1296
2026-03-27 20:00:00+00:00,1.254,1.263,1.244,1.256,1130
2026-03-28 00:00:00+00:00,1.2610000000000001,1.267,1.2530000000000001,1.256,463
2026-03-28 04:00:00+00:00,1.256,1.2610000000000001,1.245,1.258,713
2026-03-28 08:00:00+00:00,1.258,1.279,1.256,1.275,709
2026-03-28 12:00:00+00:00,1.275,1.276,1.25,1.254,613
2026-03-28 16:00:00+00:00,1.254,1.28,1.254,1.264,1590
2026-03-28 20:00:00+00:00,1.263,1.2650000000000001,1.249,1.2570000000000001,816
2026-03-29 00:00:00+00:00,1.255,1.255,1.222,1.233,922
2026-03-29 04:00:00+00:00,1.232,1.245,1.232,1.24,570
2026-03-29 08:00:00+00:00,1.24,1.2469999999999999,1.237,1.245,567
2026-03-29 12:00:00+00:00,1.245,1.248,1.229,1.2349999999999999,624
2026-03-29 16:00:00+00:00,1.2349999999999999,1.242,1.228,1.228,695
2026-03-29 20:00:00+00:00,1.228,1.236,1.222,1.232,468
2026-03-30 00:00:00+00:00,1.234,1.26,1.194,1.242,1854
2026-03-30 04:00:00+00:00,1.2429999999999999,1.258,1.237,1.244,1172
2026-03-30 08:00:00+00:00,1.244,1.258,1.233,1.252,785
2026-03-30 12:00:00+00:00,1.252,1.26,1.238,1.249,597
2026-03-30 16:00:00+00:00,1.249,1.2530000000000001,1.232,1.237,943
2026-03-30 20:00:00+00:00,1.237,1.2389999999999999,1.206,1.209,649
2026-03-31 00:00:00+00:00,1.208,1.224,1.207,1.217,793
2026-03-31 04:00:00+00:00,1.217,1.237,1.214,1.219,935
2026-03-31 08:00:00+00:00,1.219,1.231,1.211,1.214,696
2026-03-31 12:00:00+00:00,1.214,1.217,1.199,1.215,978
2026-03-31 16:00:00+00:00,1.215,1.251,1.215,1.237,1676
2026-03-31 20:00:00+00:00,1.237,1.2469999999999999,1.228,1.238,1150
2026-04-01 00:00:00+00:00,1.233,1.24,1.223,1.228,623
2026-04-01 04:00:00+00:00,1.229,1.241,1.22,1.238,849
2026-04-01 08:00:00+00:00,1.238,1.275,1.2349999999999999,1.2530000000000001,1417
2026-04-01 12:00:00+00:00,1.2530000000000001,1.267,1.2429999999999999,1.254,876
2026-04-01 16:00:00+00:00,1.254,1.258,1.237,1.251,1424
2026-04-01 20:00:00+00:00,1.25,1.258,1.23,1.236,1278
2026-04-02 00:00:00+00:00,1.237,1.2429999999999999,1.225,1.2389999999999999,779
2026-04-02 04:00:00+00:00,1.24,1.24,1.185,1.192,1571
2026-04-02 08:00:00+00:00,1.192,1.2,1.187,1.19,543
2026-04-02 12:00:00+00:00,1.19,1.194,1.18,1.182,678
2026-04-02 16:00:00+00:00,1.182,1.207,1.177,1.198,1302
2026-04-02 20:00:00+00:00,1.197,1.206,1.192,1.202,598
2026-04-03 00:00:00+00:00,1.2,1.215,1.198,1.214,507
2026-04-03 04:00:00+00:00,1.214,1.217,1.203,1.213,588
2026-04-03 08:00:00+00:00,1.213,1.234,1.212,1.229,723
2026-04-03 12:00:00+00:00,1.229,1.2389999999999999,1.218,1.228,714
2026-04-03 16:00:00+00:00,1.228,1.231,1.22,1.226,591
2026-04-03 20:00:00+00:00,1.226,1.23,1.211,1.215,484
2026-04-04 00:00:00+00:00,1.217,1.218,1.207,1.215,363
2026-04-04 04:00:00+00:00,1.215,1.22,1.207,1.218,384
2026-04-04 08:00:00+00:00,1.218,1.223,1.215,1.219,414
2026-04-04 12:00:00+00:00,1.219,1.233,1.214,1.228,458
2026-04-04 16:00:00+00:00,1.228,1.233,1.218,1.223,436
2026-04-04 20:00:00+00:00,1.223,1.2389999999999999,1.222,1.227,410
2026-04-05 00:00:00+00:00,1.225,1.229,1.221,1.226,370
2026-04-05 04:00:00+00:00,1.226,1.226,1.217,1.217,413
2026-04-05 08:00:00+00:00,1.218,1.219,1.197,1.202,438
2026-04-05 12:00:00+00:00,1.202,1.205,1.193,1.197,377
2026-04-05 16:00:00+00:00,1.197,1.216,1.189,1.2,651
2026-04-05 20:00:00+00:00,1.2,1.206,1.197,1.201,493
2026-04-06 00:00:00+00:00,1.201,1.23,1.194,1.224,1173
2026-04-06 04:00:00+00:00,1.225,1.242,1.219,1.232,709
2026-04-06 08:00:00+00:00,1.232,1.25,1.231,1.2429999999999999,643
2026-04-06 12:00:00+00:00,1.2429999999999999,1.287,1.2429999999999999,1.267,1122
2026-04-06 16:00:00+00:00,1.267,1.268,1.246,1.25,658
2026-04-06 20:00:00+00:00,1.25,1.255,1.238,1.2429999999999999,389
2026-04-07 00:00:00+00:00,1.242,1.242,1.202,1.213,686
2026-04-07 04:00:00+00:00,1.213,1.215,1.202,1.211,411
2026-04-07 08:00:00+00:00,1.211,1.212,1.197,1.206,348
2026-04-07 12:00:00+00:00,1.207,1.211,1.191,1.201,534
2026-04-07 16:00:00+00:00,1.2,1.204,1.175,1.19,698
2026-04-07 20:00:00+00:00,1.191,1.208,1.186,1.203,622
2026-04-08 00:00:00+00:00,1.203,1.302,1.202,1.2690000000000001,2178
2026-04-08 04:00:00+00:00,1.268,1.293,1.264,1.285,624
2026-04-08 08:00:00+00:00,1.285,1.306,1.285,1.291,669
2026-04-08 12:00:00+00:00,1.291,1.302,1.271,1.275,629
2026-04-08 16:00:00+00:00,1.276,1.286,1.252,1.263,1098
2026-04-08 20:00:00+00:00,1.263,1.272,1.2429999999999999,1.249,678
2026-04-09 00:00:00+00:00,1.25,1.26,1.229,1.232,673
2026-04-09 04:00:00+00:00,1.231,1.232,1.22,1.222,484
2026-04-09 08:00:00+00:00,1.222,1.23,1.219,1.222,350
2026-04-09 12:00:00+00:00,1.221,1.229,1.207,1.217,370
2026-04-09 16:00:00+00:00,1.217,1.2650000000000001,1.205,1.25,1057
2026-04-09 20:00:00+00:00,1.25,1.2810000000000001,1.2429999999999999,1.2730000000000001,924
2026-04-10 00:00:00+00:00,1.2730000000000001,1.332,1.259,1.2730000000000001,1378
2026-04-10 04:00:00+00:00,1.2730000000000001,1.28,1.256,1.272,698
2026-04-10 08:00:00+00:00,1.272,1.28,1.2530000000000001,1.262,625
2026-04-10 12:00:00+00:00,1.262,1.271,1.259,1.268,631
2026-04-10 16:00:00+00:00,1.268,1.298,1.2650000000000001,1.282,988
2026-04-10 20:00:00+00:00,1.282,1.291,1.274,1.2810000000000001,494
2026-04-11 00:00:00+00:00,1.278,1.284,1.268,1.268,431
2026-04-11 04:00:00+00:00,1.268,1.2730000000000001,1.259,1.2610000000000001,414
2026-04-11 08:00:00+00:00,1.2610000000000001,1.2610000000000001,1.246,1.252,459
2026-04-11 12:00:00+00:00,1.252,1.2570000000000001,1.245,1.249,407
2026-04-11 16:00:00+00:00,1.249,1.267,1.2349999999999999,1.263,598
2026-04-11 20:00:00+00:00,1.263,1.286,1.25,1.266,876
2026-04-12 00:00:00+00:00,1.263,1.274,1.25,1.254,575
2026-04-12 04:00:00+00:00,1.254,1.258,1.199,1.2,1258
2026-04-12 08:00:00+00:00,1.2,1.202,1.191,1.193,475
2026-04-12 12:00:00+00:00,1.193,1.203,1.184,1.194,482
2026-04-12 16:00:00+00:00,1.194,1.202,1.187,1.201,612
2026-04-12 20:00:00+00:00,1.201,1.217,1.201,1.212,475
2026-04-13 00:00:00+00:00,1.213,1.215,1.191,1.201,935
2026-04-13 04:00:00+00:00,1.202,1.21,1.129,1.156,1044
2026-04-13 08:00:00+00:00,1.155,1.169,1.113,1.154,2270
2026-04-13 12:00:00+00:00,1.153,1.159,1.123,1.141,1139
2026-04-13 16:00:00+00:00,1.141,1.152,1.129,1.137,1182
2026-04-13 20:00:00+00:00,1.137,1.173,1.13,1.142,915
2026-04-14 00:00:00+00:00,1.143,1.209,1.138,1.187,1294
2026-04-14 04:00:00+00:00,1.188,1.19,1.164,1.165,609
2026-04-14 08:00:00+00:00,1.165,1.166,1.148,1.162,608
2026-04-14 12:00:00+00:00,1.162,1.167,1.139,1.149,529
2026-04-14 16:00:00+00:00,1.149,1.155,1.129,1.141,873
2026-04-14 20:00:00+00:00,1.141,1.142,1.113,1.126,661
2026-04-15 00:00:00+00:00,1.127,1.142,1.123,1.141,506
2026-04-15 04:00:00+00:00,1.141,1.142,1.13,1.141,431
2026-04-15 08:00:00+00:00,1.1400000000000001,1.143,1.117,1.127,466
2026-04-15 12:00:00+00:00,1.127,1.142,1.12,1.1400000000000001,482
2026-04-15 16:00:00+00:00,1.141,1.156,1.129,1.147,827
2026-04-15 20:00:00+00:00,1.148,1.167,1.148,1.16,615
2026-04-16 00:00:00+00:00,1.148,1.168,1.141,1.149,882
2026-04-16 04:00:00+00:00,1.149,1.19,1.142,1.188,872
2026-04-16 08:00:00+00:00,1.188,1.248,1.183,1.223,1441
2026-04-16 12:00:00+00:00,1.222,1.2530000000000001,1.216,1.252,1236
2026-04-16 16:00:00+00:00,1.252,1.309,1.238,1.262,2571
2026-04-16 20:00:00+00:00,1.263,1.323,1.256,1.298,1482
2026-04-17 00:00:00+00:00,1.299,1.317,1.283,1.289,990
2026-04-17 04:00:00+00:00,1.288,1.292,1.262,1.266,758
2026-04-17 08:00:00+00:00,1.266,1.305,1.256,1.291,948
2026-04-17 12:00:00+00:00,1.291,1.298,1.267,1.289,1029
2026-04-17 16:00:00+00:00,1.289,1.326,1.282,1.325,1779
2026-04-17 20:00:00+00:00,1.325,1.325,1.296,1.302,1015
2026-04-18 00:00:00+00:00,1.302,1.315,1.294,1.301,662
2026-04-18 04:00:00+00:00,1.301,1.311,1.288,1.292,700
2026-04-18 08:00:00+00:00,1.292,1.311,1.274,1.2810000000000001,701
2026-04-18 12:00:00+00:00,1.2810000000000001,1.285,1.2530000000000001,1.263,904
2026-04-18 16:00:00+00:00,1.263,1.278,1.25,1.2610000000000001,707
2026-04-18 20:00:00+00:00,1.2610000000000001,1.263,1.241,1.251,644
2026-04-19 00:00:00+00:00,1.25,1.259,1.2349999999999999,1.244,484
2026-04-19 04:00:00+00:00,1.244,1.251,1.234,1.2429999999999999,592
2026-04-19 08:00:00+00:00,1.2429999999999999,1.2469999999999999,1.217,1.228,620
2026-04-19 12:00:00+00:00,1.228,1.249,1.224,1.2469999999999999,474
2026-04-19 16:00:00+00:00,1.2469999999999999,1.2610000000000001,1.233,1.24,782
2026-04-19 20:00:00+00:00,1.24,1.2469999999999999,1.228,1.2349999999999999,707
2026-04-20 00:00:00+00:00,1.236,1.2389999999999999,1.205,1.222,977
2026-04-20 04:00:00+00:00,1.222,1.238,1.218,1.237,485
2026-04-20 08:00:00+00:00,1.237,1.25,1.22,1.226,896
2026-04-20 12:00:00+00:00,1.225,1.237,1.222,1.2349999999999999,644
2026-04-20 16:00:00+00:00,1.236,1.244,1.221,1.237,1243
2026-04-20 20:00:00+00:00,1.238,1.259,1.238,1.259,680
2026-04-21 00:00:00+00:00,1.26,1.2650000000000001,1.244,1.2530000000000001,522
2026-04-21 04:00:00+00:00,1.2530000000000001,1.256,1.2389999999999999,1.25,426
2026-04-21 08:00:00+00:00,1.249,1.26,1.2429999999999999,1.25,540
2026-04-21 12:00:00+00:00,1.25,1.262,1.242,1.246,646
2026-04-21 16:00:00+00:00,1.246,1.256,1.238,1.24,1035
2026-04-21 20:00:00+00:00,1.24,1.249,1.228,1.241,1032
2026-04-22 00:00:00+00:00,1.2389999999999999,1.252,1.234,1.246,454
2026-04-22 04:00:00+00:00,1.246,1.276,1.241,1.275,618
2026-04-22 08:00:00+00:00,1.275,1.297,1.272,1.2810000000000001,727
2026-04-22 12:00:00+00:00,1.2810000000000001,1.285,1.268,1.27,513
2026-04-22 16:00:00+00:00,1.27,1.2770000000000001,1.2650000000000001,1.2650000000000001,992
2026-04-22 20:00:00+00:00,1.2650000000000001,1.2690000000000001,1.242,1.2429999999999999,568
2026-04-23 00:00:00+00:00,1.244,1.25,1.233,1.242,649
2026-04-23 04:00:00+00:00,1.2429999999999999,1.244,1.222,1.227,577
2026-04-23 08:00:00+00:00,1.227,1.234,1.219,1.223,466
2026-04-23 12:00:00+00:00,1.223,1.224,1.208,1.216,594
2026-04-23 16:00:00+00:00,1.216,1.225,1.209,1.214,761
2026-04-23 20:00:00+00:00,1.214,1.215,1.183,1.203,1079
2026-04-24 00:00:00+00:00,1.204,1.218,1.202,1.216,480
2026-04-24 04:00:00+00:00,1.216,1.22,1.203,1.208,508
2026-04-24 08:00:00+00:00,1.208,1.215,1.197,1.21,500
2026-04-24 12:00:00+00:00,1.21,1.231,1.204,1.223,671
2026-04-24 16:00:00+00:00,1.223,1.234,1.212,1.223,808
2026-04-24 20:00:00+00:00,1.222,1.233,1.222,1.233,551
2026-04-25 00:00:00+00:00,1.231,1.232,1.217,1.226,311
2026-04-25 04:00:00+00:00,1.227,1.2429999999999999,1.225,1.232,492
2026-04-25 08:00:00+00:00,1.232,1.241,1.227,1.237,484
2026-04-25 12:00:00+00:00,1.237,1.245,1.223,1.226,518
2026-04-25 16:00:00+00:00,1.226,1.2349999999999999,1.216,1.221,481
2026-04-25 20:00:00+00:00,1.221,1.221,1.208,1.215,327
2026-04-26 00:00:00+00:00,1.215,1.218,1.207,1.209,333
2026-04-26 04:00:00+00:00,1.209,1.222,1.207,1.218,360
2026-04-26 08:00:00+00:00,1.218,1.234,1.217,1.231,426
2026-04-26 12:00:00+00:00,1.231,1.245,1.229,1.232,373
2026-04-26 16:00:00+00:00,1.232,1.2389999999999999,1.226,1.23,439
2026-04-26 20:00:00+00:00,1.23,1.244,1.225,1.236,497
2026-04-27 00:00:00+00:00,1.236,1.24,1.224,1.2389999999999999,663
2026-04-27 04:00:00+00:00,1.24,1.245,1.23,1.238,560
2026-04-27 08:00:00+00:00,1.238,1.238,1.198,1.204,890
2026-04-27 12:00:00+00:00,1.204,1.21,1.201,1.206,372
2026-04-27 16:00:00+00:00,1.206,1.209,1.18,1.191,965
2026-04-27 20:00:00+00:00,1.191,1.197,1.184,1.191,382
2026-04-28 00:00:00+00:00,1.19,1.206,1.185,1.202,422
2026-04-28 04:00:00+00:00,1.202,1.209,1.198,1.206,374
2026-04-28 08:00:00+00:00,1.206,1.211,1.19,1.194,362
2026-04-28 12:00:00+00:00,1.194,1.197,1.187,1.196,498
2026-04-28 16:00:00+00:00,1.196,1.207,1.189,1.2,678
2026-04-28 20:00:00+00:00,1.199,1.208,1.195,1.2,264
2026-04-29 00:00:00+00:00,1.2,1.204,1.196,1.2,266
2026-04-29 04:00:00+00:00,1.2,1.217,1.196,1.216,400
2026-04-29 08:00:00+00:00,1.216,1.219,1.206,1.206,354
2026-04-29 12:00:00+00:00,1.205,1.229,1.2,1.207,641
2026-04-29 16:00:00+00:00,1.206,1.208,1.172,1.18,962
2026-04-29 20:00:00+00:00,1.18,1.19,1.149,1.175,1130
2026-04-30 00:00:00+00:00,1.174,1.195,1.172,1.195,480
2026-04-30 04:00:00+00:00,1.195,1.196,1.171,1.172,781
2026-04-30 08:00:00+00:00,1.172,1.187,1.167,1.18,585
2026-04-30 12:00:00+00:00,1.179,1.193,1.179,1.186,432
2026-04-30 16:00:00+00:00,1.187,1.187,1.175,1.182,896
2026-04-30 20:00:00+00:00,1.182,1.184,1.178,1.179,431
2026-05-01 00:00:00+00:00,1.179,1.18,1.171,1.175,290
2026-05-01 04:00:00+00:00,1.175,1.19,1.174,1.182,438
2026-05-01 08:00:00+00:00,1.182,1.185,1.17,1.178,348
2026-05-01 12:00:00+00:00,1.177,1.182,1.164,1.176,363
2026-05-01 16:00:00+00:00,1.177,1.199,1.175,1.18,683
2026-05-01 20:00:00+00:00,1.18,1.187,1.171,1.174,362
2026-05-02 00:00:00+00:00,1.179,1.181,1.169,1.18,197
2026-05-02 04:00:00+00:00,1.18,1.182,1.171,1.172,290
2026-05-02 08:00:00+00:00,1.172,1.175,1.165,1.174,242
2026-05-02 12:00:00+00:00,1.175,1.183,1.173,1.174,197
2026-05-02 16:00:00+00:00,1.174,1.187,1.173,1.186,300
2026-05-02 20:00:00+00:00,1.186,1.201,1.179,1.201,259
2026-05-03 00:00:00+00:00,1.2,1.211,1.19,1.192,475
2026-05-03 04:00:00+00:00,1.192,1.192,1.175,1.176,280
2026-05-03 08:00:00+00:00,1.177,1.191,1.174,1.182,328
2026-05-03 12:00:00+00:00,1.182,1.189,1.178,1.185,364
2026-05-03 16:00:00+00:00,1.185,1.185,1.176,1.181,338
2026-05-03 20:00:00+00:00,1.181,1.195,1.177,1.188,467
2026-05-04 00:00:00+00:00,1.188,1.194,1.169,1.182,667
2026-05-04 04:00:00+00:00,1.182,1.234,1.181,1.226,1133
2026-05-04 08:00:00+00:00,1.226,1.226,1.206,1.208,588
2026-05-04 12:00:00+00:00,1.207,1.22,1.176,1.189,1159
2026-05-04 16:00:00+00:00,1.189,1.213,1.182,1.195,1444
2026-05-04 20:00:00+00:00,1.195,1.215,1.193,1.196,752
2026-05-05 00:00:00+00:00,1.197,1.214,1.196,1.198,532
2026-05-05 04:00:00+00:00,1.198,1.218,1.197,1.213,653
2026-05-05 08:00:00+00:00,1.213,1.23,1.212,1.23,609
2026-05-05 12:00:00+00:00,1.23,1.25,1.223,1.2429999999999999,587
2026-05-05 16:00:00+00:00,1.2429999999999999,1.267,1.228,1.233,1079
2026-05-05 20:00:00+00:00,1.233,1.2570000000000001,1.231,1.255,597
2026-05-06 00:00:00+00:00,1.2570000000000001,1.264,1.24,1.248,860
2026-05-06 04:00:00+00:00,1.248,1.285,1.2469999999999999,1.274,1094
2026-05-06 08:00:00+00:00,1.274,1.304,1.2690000000000001,1.301,1227
2026-05-06 12:00:00+00:00,1.3,1.303,1.289,1.291,1044
2026-05-06 16:00:00+00:00,1.29,1.29,1.256,1.286,1557
2026-05-06 20:00:00+00:00,1.286,1.289,1.272,1.274,864
2026-05-07 00:00:00+00:00,1.276,1.295,1.271,1.2770000000000001,947
2026-05-07 04:00:00+00:00,1.2770000000000001,1.287,1.26,1.287,1184
2026-05-07 08:00:00+00:00,1.286,1.301,1.28,1.292,961
2026-05-07 12:00:00+00:00,1.292,1.304,1.279,1.303,948
2026-05-07 16:00:00+00:00,1.303,1.309,1.263,1.2730000000000001,1783
2026-05-07 20:00:00+00:00,1.2730000000000001,1.289,1.267,1.2730000000000001,1153
2026-05-08 00:00:00+00:00,1.271,1.285,1.266,1.274,648
2026-05-08 04:00:00+00:00,1.275,1.293,1.264,1.285,767
2026-05-08 08:00:00+00:00,1.285,1.295,1.2770000000000001,1.288,969
2026-05-08 12:00:00+00:00,1.288,1.298,1.28,1.282,942
2026-05-08 16:00:00+00:00,1.283,1.331,1.275,1.32,1858
2026-05-08 20:00:00+00:00,1.319,1.353,1.316,1.3439999999999999,1268
2026-05-09 00:00:00+00:00,1.359,1.361,1.339,1.345,714
2026-05-09 04:00:00+00:00,1.345,1.363,1.341,1.342,850
2026-05-09 08:00:00+00:00,1.342,1.35,1.335,1.338,705
2026-05-09 12:00:00+00:00,1.338,1.338,1.323,1.327,581
2026-05-09 16:00:00+00:00,1.327,1.328,1.309,1.315,606
2026-05-09 20:00:00+00:00,1.315,1.327,1.315,1.321,440
2026-05-10 00:00:00+00:00,1.321,1.324,1.307,1.308,466
2026-05-10 04:00:00+00:00,1.308,1.312,1.299,1.307,599
2026-05-10 08:00:00+00:00,1.306,1.33,1.305,1.328,590
2026-05-10 12:00:00+00:00,1.328,1.332,1.317,1.332,612
2026-05-10 16:00:00+00:00,1.332,1.362,1.324,1.359,812
2026-05-10 20:00:00+00:00,1.3599999999999999,1.3900000000000001,1.315,1.335,1732
2026-05-11 00:00:00+00:00,1.332,1.361,1.322,1.338,1723
2026-05-11 04:00:00+00:00,1.338,1.346,1.305,1.319,1256
2026-05-11 08:00:00+00:00,1.319,1.337,1.318,1.331,800
2026-05-11 12:00:00+00:00,1.332,1.345,1.323,1.328,913
2026-05-11 16:00:00+00:00,1.327,1.346,1.311,1.337,1564
2026-05-11 20:00:00+00:00,1.337,1.3519999999999999,1.333,1.341,762
2026-05-12 00:00:00+00:00,1.341,1.345,1.329,1.337,626
2026-05-12 04:00:00+00:00,1.337,1.339,1.314,1.322,875
2026-05-12 08:00:00+00:00,1.322,1.334,1.317,1.318,695
2026-05-12 12:00:00+00:00,1.317,1.321,1.294,1.304,941
2026-05-12 16:00:00+00:00,1.304,1.307,1.274,1.28,1630
2026-05-12 20:00:00+00:00,1.28,1.311,1.28,1.308,688
2026-05-13 00:00:00+00:00,1.31,1.315,1.304,1.31,507
2026-05-13 04:00:00+00:00,1.311,1.381,1.311,1.366,887
2026-05-13 08:00:00+00:00,1.366,1.374,1.3519999999999999,1.3679999999999999,787
2026-05-13 12:00:00+00:00,1.3679999999999999,1.409,1.322,1.332,1608
2026-05-13 16:00:00+00:00,1.333,1.339,1.286,1.308,1729
2026-05-13 20:00:00+00:00,1.308,1.315,1.289,1.302,653
2026-05-14 00:00:00+00:00,1.304,1.309,1.293,1.303,530
2026-05-14 04:00:00+00:00,1.303,1.309,1.284,1.302,657
2026-05-14 08:00:00+00:00,1.302,1.308,1.293,1.297,553
2026-05-14 12:00:00+00:00,1.297,1.315,1.291,1.311,636
2026-05-14 16:00:00+00:00,1.311,1.361,1.307,1.3599999999999999,1220
2026-05-14 20:00:00+00:00,1.3599999999999999,1.393,1.353,1.3599999999999999,1396
2026-05-15 00:00:00+00:00,1.362,1.369,1.332,1.343,702
2026-05-15 04:00:00+00:00,1.343,1.346,1.312,1.313,1078
2026-05-15 08:00:00+00:00,1.313,1.32,1.293,1.304,1096
2026-05-15 12:00:00+00:00,1.305,1.314,1.298,1.302,775
2026-05-15 16:00:00+00:00,1.302,1.303,1.259,1.288,1980
2026-05-15 20:00:00+00:00,1.288,1.298,1.278,1.28,669
2026-05-16 00:00:00+00:00,1.283,1.291,1.278,1.287,316
2026-05-16 04:00:00+00:00,1.287,1.288,1.2650000000000001,1.271,447
2026-05-16 08:00:00+00:00,1.271,1.271,1.224,1.2349999999999999,843
2026-05-16 12:00:00+00:00,1.2349999999999999,1.237,1.218,1.2349999999999999,722
2026-05-16 16:00:00+00:00,1.2349999999999999,1.248,1.232,1.244,407
2026-05-16 20:00:00+00:00,1.245,1.252,1.241,1.242,251
2026-05-17 08:00:00+00:00,1.2469999999999999,1.259,1.245,1.25,229
2026-05-17 12:00:00+00:00,1.25,1.264,1.2469999999999999,1.252,422
2026-05-17 16:00:00+00:00,1.252,1.252,1.236,1.2389999999999999,455
2026-05-17 20:00:00+00:00,1.2389999999999999,1.2469999999999999,1.233,1.244,451
2026-05-18 00:00:00+00:00,1.244,1.2530000000000001,1.185,1.219,1462
2026-05-18 04:00:00+00:00,1.219,1.221,1.206,1.21,896
2026-05-18 08:00:00+00:00,1.21,1.211,1.186,1.201,764
2026-05-18 12:00:00+00:00,1.202,1.222,1.192,1.218,748
2026-05-18 16:00:00+00:00,1.218,1.218,1.188,1.197,1399
2026-05-18 20:00:00+00:00,1.197,1.213,1.186,1.205,942
2026-05-19 00:00:00+00:00,1.206,1.231,1.204,1.223,588
2026-05-19 04:00:00+00:00,1.223,1.225,1.211,1.221,643
2026-05-19 08:00:00+00:00,1.221,1.226,1.212,1.218,595
2026-05-19 12:00:00+00:00,1.218,1.22,1.196,1.203,625
2026-05-19 16:00:00+00:00,1.203,1.212,1.189,1.207,1055
2026-05-19 20:00:00+00:00,1.207,1.208,1.194,1.203,457
2026-05-20 00:00:00+00:00,1.203,1.207,1.191,1.196,542
2026-05-20 04:00:00+00:00,1.196,1.204,1.19,1.204,581
2026-05-20 08:00:00+00:00,1.204,1.218,1.204,1.213,490
2026-05-20 12:00:00+00:00,1.214,1.214,1.2,1.207,376
2026-05-20 16:00:00+00:00,1.207,1.225,1.194,1.219,1297
2026-05-20 20:00:00+00:00,1.219,1.228,1.216,1.225,711
2026-05-21 00:00:00+00:00,1.225,1.232,1.212,1.231,499
2026-05-21 04:00:00+00:00,1.232,1.259,1.229,1.2570000000000001,634
2026-05-21 08:00:00+00:00,1.256,1.262,1.236,1.245,744
2026-05-21 12:00:00+00:00,1.245,1.248,1.217,1.223,895
2026-05-21 16:00:00+00:00,1.223,1.2349999999999999,1.215,1.226,1169
2026-05-21 20:00:00+00:00,1.226,1.28,1.224,1.268,1110
2026-05-22 00:00:00+00:00,1.267,1.2770000000000001,1.255,1.258,713
2026-05-22 04:00:00+00:00,1.258,1.304,1.255,1.29,1061
2026-05-22 08:00:00+00:00,1.291,1.306,1.2770000000000001,1.295,1326
2026-05-22 12:00:00+00:00,1.295,1.317,1.286,1.317,1141
2026-05-22 16:00:00+00:00,1.317,1.317,1.275,1.288,1537
2026-05-22 20:00:00+00:00,1.288,1.295,1.237,1.256,1742
2026-05-23 00:00:00+00:00,1.2610000000000001,1.263,1.219,1.229,818
2026-05-23 04:00:00+00:00,1.23,1.236,1.222,1.223,648
2026-05-23 08:00:00+00:00,1.223,1.224,1.17,1.187,1137
2026-05-23 12:00:00+00:00,1.187,1.195,1.183,1.194,348
2026-05-23 16:00:00+00:00,1.194,1.22,1.194,1.218,674
2026-05-23 20:00:00+00:00,1.218,1.297,1.215,1.296,1306
2026-05-24 00:00:00+00:00,1.299,1.308,1.258,1.264,1179
2026-05-24 04:00:00+00:00,1.264,1.268,1.251,1.254,736
2026-05-24 08:00:00+00:00,1.254,1.254,1.241,1.251,596
2026-05-24 12:00:00+00:00,1.251,1.258,1.24,1.246,626
2026-05-24 16:00:00+00:00,1.246,1.248,1.217,1.232,913
2026-05-24 20:00:00+00:00,1.232,1.236,1.219,1.22,525
2026-05-25 00:00:00+00:00,1.221,1.228,1.198,1.224,916
2026-05-25 04:00:00+00:00,1.224,1.229,1.21,1.227,710
2026-05-25 08:00:00+00:00,1.227,1.242,1.225,1.237,622
2026-05-25 12:00:00+00:00,1.237,1.2429999999999999,1.222,1.228,459
2026-05-25 16:00:00+00:00,1.228,1.259,1.228,1.254,733
2026-05-25 20:00:00+00:00,1.254,1.266,1.238,1.242,696
2026-05-26 00:00:00+00:00,1.244,1.25,1.213,1.221,809
2026-05-26 04:00:00+00:00,1.22,1.223,1.205,1.219,1005
2026-05-26 08:00:00+00:00,1.219,1.233,1.214,1.228,867
2026-05-26 12:00:00+00:00,1.228,1.263,1.225,1.249,1326
2026-05-26 16:00:00+00:00,1.249,1.28,1.23,1.237,2021
2026-05-26 20:00:00+00:00,1.238,1.241,1.209,1.221,1198
2026-05-27 00:00:00+00:00,1.223,1.233,1.212,1.233,639
2026-05-27 04:00:00+00:00,1.233,1.234,1.204,1.223,927
2026-05-27 08:00:00+00:00,1.223,1.248,1.22,1.236,898
2026-05-27 12:00:00+00:00,1.236,1.245,1.223,1.238,1081
2026-05-27 16:00:00+00:00,1.238,1.249,1.212,1.2349999999999999,1970
2026-05-27 20:00:00+00:00,1.234,1.236,1.208,1.231,1323
2026-05-28 00:00:00+00:00,1.229,1.232,1.194,1.204,1286
2026-05-28 04:00:00+00:00,1.204,1.205,1.147,1.162,1976
2026-05-28 08:00:00+00:00,1.162,1.167,1.147,1.159,944
2026-05-28 12:00:00+00:00,1.159,1.174,1.153,1.17,767
2026-05-28 16:00:00+00:00,1.171,1.182,1.155,1.177,1790
2026-05-28 20:00:00+00:00,1.177,1.199,1.174,1.19,1033
2026-05-29 00:00:00+00:00,1.189,1.198,1.179,1.19,749
2026-05-29 04:00:00+00:00,1.19,1.197,1.166,1.181,843
2026-05-29 08:00:00+00:00,1.181,1.192,1.172,1.181,745
2026-05-29 12:00:00+00:00,1.181,1.191,1.162,1.165,770
2026-05-29 16:00:00+00:00,1.165,1.205,1.148,1.194,1869
2026-05-29 20:00:00+00:00,1.193,1.203,1.158,1.163,1022
2026-05-30 00:00:00+00:00,1.166,1.171,1.153,1.169,566
2026-05-30 04:00:00+00:00,1.17,1.191,1.157,1.169,828
2026-05-30 08:00:00+00:00,1.168,1.177,1.163,1.163,442
2026-05-30 12:00:00+00:00,1.163,1.171,1.161,1.168,341
2026-05-30 16:00:00+00:00,1.169,1.171,1.161,1.17,546
2026-05-30 20:00:00+00:00,1.17,1.171,1.161,1.168,451
2026-05-31 00:00:00+00:00,1.169,1.174,1.154,1.164,486
2026-05-31 04:00:00+00:00,1.164,1.173,1.159,1.173,488
2026-05-31 08:00:00+00:00,1.173,1.173,1.155,1.16,459
2026-05-31 12:00:00+00:00,1.16,1.17,1.153,1.166,494
2026-05-31 16:00:00+00:00,1.166,1.169,1.133,1.135,910
2026-05-31 20:00:00+00:00,1.1360000000000001,1.147,1.1280000000000001,1.146,414
2026-06-01 00:00:00+00:00,1.145,1.17,1.144,1.167,784
2026-06-01 04:00:00+00:00,1.166,1.177,1.143,1.16,1143
2026-06-01 08:00:00+00:00,1.161,1.163,1.129,1.138,1184
2026-06-01 12:00:00+00:00,1.138,1.146,1.1179999999999999,1.126,900
2026-06-01 16:00:00+00:00,1.126,1.1320000000000001,1.105,1.125,1312
2026-06-01 20:00:00+00:00,1.124,1.1400000000000001,1.1219999999999999,1.134,754
2026-06-02 00:00:00+00:00,1.133,1.1360000000000001,1.116,1.123,870
2026-06-02 04:00:00+00:00,1.124,1.127,1.099,1.112,1187
2026-06-02 08:00:00+00:00,1.112,1.113,1.092,1.105,1154
2026-06-02 12:00:00+00:00,1.104,1.117,1.099,1.11,942
2026-06-02 16:00:00+00:00,1.11,1.113,1.053,1.079,2753
2026-06-02 20:00:00+00:00,1.079,1.093,1.049,1.073,1837
2026-06-03 00:00:00+00:00,1.074,1.082,1.027,1.055,1626
2026-06-03 04:00:00+00:00,1.054,1.061,1.027,1.06,1245
2026-06-03 08:00:00+00:00,1.061,1.088,1.06,1.086,995
2026-06-03 12:00:00+00:00,1.084,1.103,1.075,1.092,811
2026-06-03 16:00:00+00:00,1.093,1.1,1.06,1.072,1938
2026-06-03 20:00:00+00:00,1.072,1.087,1.051,1.051,1581
2026-06-04 00:00:00+00:00,1.053,1.095,1.053,1.067,2251
2026-06-04 04:00:00+00:00,1.067,1.073,0.98,1.04,3597
2026-06-04 08:00:00+00:00,1.039,1.043,1.007,1.015,2075
2026-06-04 12:00:00+00:00,1.016,1.016,0.983,0.988,558
