time,open,high,low,close,volume
2012-08-06 00:00:00+00:00,19986.0,19986.0,19986.0,19986.0,1
2012-08-07 00:00:00+00:00,20024.0,20106.0,19979.0,20032.0,13096
2012-08-08 00:00:00+00:00,20141.0,20206.0,19966.0,20068.0,12888
2012-08-09 00:00:00+00:00,20152.0,20290.0,20132.0,20204.0,13886
2012-08-10 00:00:00+00:00,20184.0,20217.0,20055.0,20171.0,11400
2012-08-13 00:00:00+00:00,20191.0,20197.0,20013.0,20048.0,12458
2012-08-14 00:00:00+00:00,20166.0,20305.0,20088.0,20257.0,14696
2012-08-15 00:00:00+00:00,20099.0,20119.0,19984.0,20054.0,13966
2012-08-16 00:00:00+00:00,20129.0,20157.0,19897.0,19905.0,13414
2012-08-17 00:00:00+00:00,20014.0,20147.0,20001.0,20091.0,12674
2012-08-20 00:00:00+00:00,20074.0,20102.0,19857.0,20060.0,13920
2012-08-21 00:00:00+00:00,20104.0,20137.0,19922.0,20119.0,14326
2012-08-22 00:00:00+00:00,19989.0,19991.0,19832.0,19846.0,13040
2012-08-23 00:00:00+00:00,19970.0,20120.0,19929.0,20111.0,13304
2012-08-24 00:00:00+00:00,19914.0,19914.0,19808.0,19846.0,11464
2012-08-27 00:00:00+00:00,19978.0,19985.0,19739.0,19821.0,14006
2012-08-28 00:00:00+00:00,19720.0,19839.0,19718.0,19790.0,13292
2012-08-29 00:00:00+00:00,19834.0,19843.0,19751.0,19755.0,11454
2012-08-30 00:00:00+00:00,19639.0,19639.0,19440.0,19494.0,12492
2012-08-31 00:00:00+00:00,19469.0,19538.0,19405.0,19449.0,11008
2012-09-03 00:00:00+00:00,19353.0,19616.0,19334.0,19509.0,13262
2012-09-04 00:00:00+00:00,19496.0,19554.0,19384.0,19409.0,11280
2012-09-05 00:00:00+00:00,19312.0,19337.0,19098.0,19148.0,12130
2012-09-06 00:00:00+00:00,19119.0,19226.0,19060.0,19187.0,11912
2012-09-07 00:00:00+00:00,19528.0,19905.0,19460.0,19897.0,14150
2012-09-10 00:00:00+00:00,19939.0,19975.0,19778.0,19817.0,11950
2012-09-11 00:00:00+00:00,19771.0,19907.0,19655.0,19836.0,12640
2012-09-12 00:00:00+00:00,20038.0,20112.0,19990.0,20030.0,12784
2012-09-13 00:00:00+00:00,20028.0,20152.0,20010.0,20014.0,12392
2012-09-14 00:00:00+00:00,20476.0,20643.0,20457.0,20610.0,13424
2012-09-17 00:00:00+00:00,20637.0,20712.0,20596.0,20675.0,11796
2012-09-18 00:00:00+00:00,20640.0,20713.0,20561.0,20590.0,11442
2012-09-19 00:00:00+00:00,20609.0,20890.0,20609.0,20837.0,13334
2012-09-20 00:00:00+00:00,20782.0,20828.0,20546.0,20591.0,12786
2012-09-21 00:00:00+00:00,20693.0,20808.0,20658.0,20675.0,11934
2012-09-24 00:00:00+00:00,20588.0,20765.0,20467.0,20699.0,14328
2012-09-25 00:00:00+00:00,20725.0,20761.0,20644.0,20705.0,11610
2012-09-26 00:00:00+00:00,20479.0,20555.0,20469.0,20505.0,9966
2012-09-27 00:00:00+00:00,20403.0,20855.0,20400.0,20782.0,13194
2012-09-28 00:00:00+00:00,20767.0,20890.0,20659.0,20874.0,13792
2012-10-03 00:00:00+00:00,20851.0,21013.0,20800.0,20894.0,11208
2012-10-04 00:00:00+00:00,20890.0,20943.0,20824.0,20887.0,11730
2012-10-05 00:00:00+00:00,20940.0,21039.0,20898.0,20988.0,10416
2012-10-08 00:00:00+00:00,20996.0,21002.0,20778.0,20791.0,12160
2012-10-09 00:00:00+00:00,20903.0,21105.0,20888.0,20943.0,13478
2012-10-10 00:00:00+00:00,20764.0,20951.0,20708.0,20943.0,11722
2012-10-11 00:00:00+00:00,20756.0,21016.0,20756.0,21000.0,13850
2012-10-12 00:00:00+00:00,20980.0,21257.0,20980.0,21133.0,14326
2012-10-15 00:00:00+00:00,21115.0,21190.0,21076.0,21129.0,12946
2012-10-16 00:00:00+00:00,21241.0,21299.0,21117.0,21223.0,12056
2012-10-17 00:00:00+00:00,21416.0,21449.0,21359.0,21413.0,12346
2012-10-18 00:00:00+00:00,21508.0,21613.0,21481.0,21568.0,12150
2012-10-19 00:00:00+00:00,21530.0,21590.0,21512.0,21586.0,10436
2012-10-22 00:00:00+00:00,21425.0,21715.0,21395.0,21713.0,12090
2012-10-24 00:00:00+00:00,21535.0,21781.0,21533.0,21749.0,13782
2012-10-25 00:00:00+00:00,21759.0,21837.0,21726.0,21824.0,12498
2012-10-26 00:00:00+00:00,21787.0,21826.0,21493.0,21507.0,14186
2012-10-29 00:00:00+00:00,21487.0,21560.0,21401.0,21498.0,11922
2012-10-30 00:00:00+00:00,21502.0,21612.0,21296.0,21436.0,13814
2012-10-31 00:00:00+00:00,21499.0,21650.0,21469.0,21635.0,11332
2012-11-01 00:00:00+00:00,21549.0,21836.0,21443.0,21825.0,13426
2012-11-02 00:00:00+00:00,21997.0,22125.0,21972.0,22068.0,12152
2012-11-05 00:00:00+00:00,22041.0,22131.0,21980.0,22016.0,11590
2012-11-06 00:00:00+00:00,21969.0,22008.0,21829.0,21921.0,12886
2012-11-07 00:00:00+00:00,21972.0,22115.0,21787.0,22085.0,15448
2012-11-08 00:00:00+00:00,21751.0,21839.0,21509.0,21534.0,15386
2012-11-09 00:00:00+00:00,21442.0,21503.0,21307.0,21324.0,14396
2012-11-12 00:00:00+00:00,21350.0,21469.0,21330.0,21411.0,13718
2012-11-13 00:00:00+00:00,21365.0,21393.0,21149.0,21186.0,14066
2012-11-14 00:00:00+00:00,21258.0,21458.0,21212.0,21441.0,12642
2012-11-15 00:00:00+00:00,21203.0,21303.0,21086.0,21167.0,13068
2012-11-16 00:00:00+00:00,21184.0,21215.0,21083.0,21128.0,12626
2012-11-19 00:00:00+00:00,21201.0,21311.0,21121.0,21229.0,13108
2012-11-20 00:00:00+00:00,21441.0,21466.0,21207.0,21265.0,12880
2012-11-21 00:00:00+00:00,21356.0,21548.0,21199.0,21514.0,14958
2012-11-22 00:00:00+00:00,21607.0,21782.0,21525.0,21716.0,13088
2012-11-23 00:00:00+00:00,21763.0,21929.0,21720.0,21895.0,12476
2012-11-26 00:00:00+00:00,22014.0,22014.0,21805.0,21849.0,12580
2012-11-27 00:00:00+00:00,21954.0,21998.0,21797.0,21811.0,13554
2012-11-28 00:00:00+00:00,21718.0,21742.0,21616.0,21718.0,12674
2012-11-29 00:00:00+00:00,21857.0,22027.0,21802.0,21943.0,12882
2012-11-30 00:00:00+00:00,21945.0,22105.0,21903.0,21976.0,12908
2012-12-03 00:00:00+00:00,22031.0,22160.0,21659.0,21677.0,14578
2012-12-04 00:00:00+00:00,21629.0,21842.0,21619.0,21741.0,14984
2012-12-05 00:00:00+00:00,21834.0,22315.0,21788.0,22315.0,15986
2012-12-06 00:00:00+00:00,22257.0,22349.0,22186.0,22204.0,13814
2012-12-07 00:00:00+00:00,22305.0,22381.0,22196.0,22240.0,14594
2012-12-10 00:00:00+00:00,22353.0,22384.0,22215.0,22243.0,14328
2012-12-11 00:00:00+00:00,22318.0,22421.0,22226.0,22275.0,12476
2012-12-12 00:00:00+00:00,22357.0,22519.0,22357.0,22497.0,12352
2012-12-13 00:00:00+00:00,22494.0,22571.0,22381.0,22425.0,11450
2012-12-14 00:00:00+00:00,22373.0,22650.0,22373.0,22608.0,13524
2012-12-17 00:00:00+00:00,22557.0,22586.0,22404.0,22477.0,13052
2012-12-18 00:00:00+00:00,22614.0,22614.0,22446.0,22489.0,13506
2012-12-19 00:00:00+00:00,22618.0,22687.0,22533.0,22606.0,11628
2012-12-20 00:00:00+00:00,22537.0,22666.0,22482.0,22637.0,12644
2012-12-21 00:00:00+00:00,22588.0,22617.0,22412.0,22468.0,13218
2012-12-24 00:00:00+00:00,22443.0,22581.0,22443.0,22552.0,5618
2012-12-27 00:00:00+00:00,22699.0,22791.0,22610.0,22642.0,9562
2012-12-28 00:00:00+00:00,22673.0,22707.0,22614.0,22630.0,10726
2012-12-31 00:00:00+00:00,22445.0,22677.0,22445.0,22610.0,6376
2013-01-02 00:00:00+00:00,22810.0,23267.0,22810.0,23170.0,12224
2013-01-03 00:00:00+00:00,23307.0,23407.0,23201.0,23402.0,12826
2013-01-04 00:00:00+00:00,23326.0,23333.0,23160.0,23275.0,14058
2013-01-07 00:00:00+00:00,23296.0,23353.0,23231.0,23313.0,14578
2013-01-08 00:00:00+00:00,23308.0,23309.0,23088.0,23132.0,15908
2013-01-09 00:00:00+00:00,23191.0,23249.0,23144.0,23205.0,12830
2013-01-10 00:00:00+00:00,23263.0,23489.0,23132.0,23311.0,14250
2013-01-11 00:00:00+00:00,23447.0,23447.0,23201.0,23263.0,16056
2013-01-14 00:00:00+00:00,23268.0,23425.0,23240.0,23355.0,15164
2013-01-15 00:00:00+00:00,23337.0,23525.0,23293.0,23367.0,16220
2013-01-16 00:00:00+00:00,23395.0,23395.0,23173.0,23366.0,16248
2013-01-17 00:00:00+00:00,23401.0,23528.0,23213.0,23346.0,17804
2013-01-18 00:00:00+00:00,23521.0,23611.0,23456.0,23573.0,16888
2013-01-21 00:00:00+00:00,23505.0,23638.0,23483.0,23590.0,14740
2013-01-22 00:00:00+00:00,23628.0,23690.0,23494.0,23669.0,15864
2013-01-23 00:00:00+00:00,23685.0,23714.0,23524.0,23620.0,14280
2013-01-24 00:00:00+00:00,23531.0,23690.0,23513.0,23595.0,16792
2013-01-25 00:00:00+00:00,23659.0,23690.0,23498.0,23573.0,14636
2013-01-28 00:00:00+00:00,23620.0,23736.0,23605.0,23647.0,13050
2013-01-29 00:00:00+00:00,23601.0,23691.0,23575.0,23652.0,12468
2013-01-30 00:00:00+00:00,23739.0,23929.0,23724.0,23752.0,12870
2013-01-31 00:00:00+00:00,23722.0,23760.0,23655.0,23723.0,11590
2013-02-01 00:00:00+00:00,23714.0,23741.0,23520.0,23727.0,13806
2013-02-04 00:00:00+00:00,23851.0,23954.0,23587.0,23596.0,13362
2013-02-05 00:00:00+00:00,23362.0,23408.0,23057.0,23060.0,16996
2013-02-06 00:00:00+00:00,23243.0,23372.0,23177.0,23235.0,14424
2013-02-07 00:00:00+00:00,23275.0,23289.0,23147.0,23179.0,14150
2013-02-08 00:00:00+00:00,23115.0,23275.0,23093.0,23207.0,13248
2013-02-14 00:00:00+00:00,23407.0,23461.0,23260.0,23420.0,10972
2013-02-15 00:00:00+00:00,23378.0,23457.0,23272.0,23427.0,9976
2013-02-18 00:00:00+00:00,23473.0,23484.0,23306.0,23339.0,12996
2013-02-19 00:00:00+00:00,23384.0,23453.0,23132.0,23165.0,14698
2013-02-20 00:00:00+00:00,23288.0,23306.0,23144.0,23228.0,12984
2013-02-21 00:00:00+00:00,23063.0,23063.0,22818.0,22874.0,14670
2013-02-22 00:00:00+00:00,22803.0,22855.0,22655.0,22769.0,13072
2013-02-25 00:00:00+00:00,22767.0,22867.0,22767.0,22866.0,13500
2013-02-26 00:00:00+00:00,22596.0,22773.0,22509.0,22559.0,15470
2013-02-27 00:00:00+00:00,22578.0,22651.0,22431.0,22529.0,15084
2013-02-28 00:00:00+00:00,22812.0,23081.0,22707.0,23059.0,15118
2013-03-01 00:00:00+00:00,22988.0,23003.0,22891.0,22933.0,13798
2013-03-04 00:00:00+00:00,22892.0,22963.0,22450.0,22551.0,17622
2013-03-05 00:00:00+00:00,22623.0,22674.0,22497.0,22500.0,15730
2013-03-06 00:00:00+00:00,22724.0,22815.0,22649.0,22724.0,14392
2013-03-07 00:00:00+00:00,22677.0,22848.0,22625.0,22770.0,15762
2013-03-08 00:00:00+00:00,22814.0,23257.0,22800.0,23140.0,15944
2013-03-11 00:00:00+00:00,23160.0,23257.0,23081.0,23092.0,14852
2013-03-12 00:00:00+00:00,23123.0,23275.0,22825.0,22826.0,17448
2013-03-13 00:00:00+00:00,22873.0,22901.0,22444.0,22470.0,17110
2013-03-14 00:00:00+00:00,22405.0,22583.0,22250.0,22550.0,17682
2013-03-15 00:00:00+00:00,22654.0,22765.0,22360.0,22401.0,19374
2013-03-18 00:00:00+00:00,22195.0,22206.0,21984.0,22110.0,17534
2013-03-19 00:00:00+00:00,22193.0,22223.0,21993.0,22017.0,18174
2013-03-20 00:00:00+00:00,21941.0,22287.0,21929.0,22255.0,18994
2013-03-21 00:00:00+00:00,22193.0,22392.0,22163.0,22246.0,17734
2013-03-22 00:00:00+00:00,22135.0,22246.0,22023.0,22120.0,16862
2013-03-25 00:00:00+00:00,22338.0,22376.0,22186.0,22238.0,16068
2013-03-26 00:00:00+00:00,22138.0,22324.0,22070.0,22255.0,17514
2013-03-27 00:00:00+00:00,22332.0,22526.0,22302.0,22437.0,15300
2013-03-28 00:00:00+00:00,22377.0,22378.0,22116.0,22315.0,18406
2013-04-02 00:00:00+00:00,22110.0,22467.0,22104.0,22377.0,16602
2013-04-03 00:00:00+00:00,22450.0,22498.0,22267.0,22330.0,16856
2013-04-05 00:00:00+00:00,22226.0,22230.0,21663.0,21666.0,18628
2013-04-08 00:00:00+00:00,21661.0,21768.0,21594.0,21644.0,19656
2013-04-09 00:00:00+00:00,21735.0,21971.0,21716.0,21816.0,19866
2013-04-10 00:00:00+00:00,21871.0,22168.0,21842.0,22165.0,17958
2013-04-11 00:00:00+00:00,22167.0,22268.0,22093.0,22146.0,17318
2013-04-12 00:00:00+00:00,22188.0,22232.0,21928.0,21936.0,17280
2013-04-15 00:00:00+00:00,22028.0,22067.0,21680.0,21736.0,21728
2013-04-16 00:00:00+00:00,21520.0,21842.0,21470.0,21641.0,23410
2013-04-17 00:00:00+00:00,21765.0,21789.0,21338.0,21343.0,22134
2013-04-18 00:00:00+00:00,21383.0,21631.0,21326.0,21469.0,22898
2013-04-19 00:00:00+00:00,21479.0,22049.0,21479.0,21969.0,21918
2013-04-22 00:00:00+00:00,21974.0,22142.0,21953.0,21999.0,19984
2013-04-23 00:00:00+00:00,22029.0,22110.0,21729.0,22029.0,22464
2013-04-24 00:00:00+00:00,22082.0,22192.0,21954.0,22150.0,20444
2013-04-25 00:00:00+00:00,22135.0,22555.0,22133.0,22535.0,22380
2013-04-26 00:00:00+00:00,22460.0,22690.0,22459.0,22515.0,20603
2013-04-29 00:00:00+00:00,22565.0,22715.0,22473.0,22710.0,2830
2013-04-30 00:00:00+00:00,22739.0,22865.0,22655.0,22720.0,3035
2013-05-02 00:00:00+00:00,22662.0,22763.0,22505.0,22718.0,3761
2013-05-03 00:00:00+00:00,22813.0,22988.0,22641.0,22986.0,3881
2013-05-06 00:00:00+00:00,22994.0,23013.0,22829.0,22903.0,3670
2013-05-07 00:00:00+00:00,22900.0,23251.0,22843.0,23209.0,3825
2013-05-08 00:00:00+00:00,23191.0,23305.0,23133.0,23293.0,3601
2013-05-09 00:00:00+00:00,23279.0,23335.0,23137.0,23150.0,3371
2013-05-10 00:00:00+00:00,23213.0,23316.0,23133.0,23232.0,3598
2013-05-13 00:00:00+00:00,23229.0,23258.0,22932.0,22977.0,3741
2013-05-14 00:00:00+00:00,23057.0,23179.0,22877.0,23071.0,4032
2013-05-15 00:00:00+00:00,23082.0,23154.0,22978.0,23055.0,3753
2013-05-16 00:00:00+00:00,23105.0,23163.0,22903.0,23068.0,4216
2013-05-20 00:00:00+00:00,23253.0,23517.0,23249.0,23458.0,3366
2013-05-21 00:00:00+00:00,23395.0,23443.0,23296.0,23310.0,3219
2013-05-22 00:00:00+00:00,23395.0,23458.0,23154.0,23343.0,2573
2013-05-23 00:00:00+00:00,23113.0,23133.0,22268.0,22574.0,5988
2013-05-24 00:00:00+00:00,22727.0,22797.0,22430.0,22463.0,4645
2013-05-27 00:00:00+00:00,22508.0,22754.0,22489.0,22676.0,3354
2013-05-28 00:00:00+00:00,22754.0,23026.0,22632.0,22993.0,3912
2013-05-29 00:00:00+00:00,22875.0,22882.0,22437.0,22441.0,4995
2013-05-30 00:00:00+00:00,22490.0,22638.0,22255.0,22521.0,11854
2013-05-31 00:00:00+00:00,22540.0,22568.0,22326.0,22348.0,11590
2013-06-03 00:00:00+00:00,22245.0,22596.0,22186.0,22236.0,10637
2013-06-04 00:00:00+00:00,22272.0,22337.0,22145.0,22242.0,10140
2013-06-05 00:00:00+00:00,22150.0,22165.0,21895.0,21900.0,11520
2013-06-06 00:00:00+00:00,21922.0,21970.0,21636.0,21679.0,10934
2013-06-07 00:00:00+00:00,21733.0,21798.0,21473.0,21704.0,13151
2013-06-10 00:00:00+00:00,21579.0,21708.0,21444.0,21522.0,10993
2013-06-11 00:00:00+00:00,21499.0,21624.0,21140.0,21209.0,11833
2013-06-13 00:00:00+00:00,21012.0,21165.0,20621.0,21140.0,14244
2013-06-14 00:00:00+00:00,21089.0,21168.0,20859.0,20861.0,11836
2013-06-17 00:00:00+00:00,20910.0,21300.0,20910.0,21231.0,11759
2013-06-18 00:00:00+00:00,21094.0,21229.0,20959.0,21213.0,11520
2013-06-19 00:00:00+00:00,21233.0,21233.0,20883.0,21029.0,12432
2013-06-20 00:00:00+00:00,20810.0,20810.0,20061.0,20140.0,14013
2013-06-21 00:00:00+00:00,19948.0,20389.0,19932.0,20006.0,13487
2013-06-24 00:00:00+00:00,19946.0,20120.0,19598.0,19599.0,14373
2013-06-25 00:00:00+00:00,19820.0,20136.0,19430.0,20061.0,16426
2013-06-26 00:00:00+00:00,19957.0,20455.0,19895.0,20407.0,12995
2013-06-27 00:00:00+00:00,20371.0,20747.0,20347.0,20599.0,12761
2013-06-28 00:00:00+00:00,20591.0,20820.0,20456.0,20674.0,14267
2013-07-02 00:00:00+00:00,20747.0,21036.0,20598.0,20686.0,13855
2013-07-03 00:00:00+00:00,20580.0,20580.0,20113.0,20249.0,14321
2013-07-04 00:00:00+00:00,20366.0,20658.0,20302.0,20650.0,12386
2013-07-05 00:00:00+00:00,20644.0,20875.0,20450.0,20490.0,13136
2013-07-08 00:00:00+00:00,20648.0,20734.0,20180.0,20704.0,13099
2013-07-09 00:00:00+00:00,20679.0,20792.0,20553.0,20738.0,11112
2013-07-10 00:00:00+00:00,20789.0,21076.0,20601.0,20872.0,13216
2013-07-11 00:00:00+00:00,21154.0,21530.0,21154.0,21429.0,12527
2013-07-12 00:00:00+00:00,21523.0,21539.0,21205.0,21213.0,10996
2013-07-15 00:00:00+00:00,21262.0,21394.0,21178.0,21298.0,10853
2013-07-16 00:00:00+00:00,21246.0,21396.0,21157.0,21345.0,10771
2013-07-17 00:00:00+00:00,21314.0,21542.0,21252.0,21454.0,11998
2013-07-18 00:00:00+00:00,21438.0,21478.0,21269.0,21468.0,9699
2013-07-19 00:00:00+00:00,21419.0,21448.0,21166.0,21400.0,11162
2013-07-22 00:00:00+00:00,21541.0,21556.0,21281.0,21458.0,9422
2013-07-23 00:00:00+00:00,21526.0,21969.0,21500.0,21865.0,10124
2013-07-24 00:00:00+00:00,21852.0,21983.0,21802.0,21872.0,9657
2013-07-25 00:00:00+00:00,21842.0,21954.0,21789.0,21831.0,9853
2013-07-26 00:00:00+00:00,21919.0,22025.0,21788.0,21812.0,9917
2013-07-29 00:00:00+00:00,21888.0,21946.0,21750.0,21829.0,9092
2013-07-30 00:00:00+00:00,21801.0,22037.0,21801.0,21912.0,9791
2013-07-31 00:00:00+00:00,21936.0,22080.0,21823.0,21912.0,10010
2013-08-01 00:00:00+00:00,21978.0,22220.0,21959.0,22175.0,9901
2013-08-02 00:00:00+00:00,22293.0,22323.0,22138.0,22281.0,9434
2013-08-05 00:00:00+00:00,22302.0,22303.0,21982.0,22008.0,8684
2013-08-06 00:00:00+00:00,21982.0,22065.0,21750.0,21750.0,9701
2013-08-07 00:00:00+00:00,21698.0,21869.0,21563.0,21609.0,10408
2013-08-08 00:00:00+00:00,21652.0,21800.0,21596.0,21624.0,9832
2013-08-09 00:00:00+00:00,21693.0,21884.0,21655.0,21852.0,9293
2013-08-12 00:00:00+00:00,21843.0,22306.0,21709.0,22294.0,10321
2013-08-13 00:00:00+00:00,22408.0,22617.0,22325.0,22473.0,10724
2013-08-15 00:00:00+00:00,22503.0,22708.0,22310.0,22349.0,10248
2013-08-16 00:00:00+00:00,22443.0,22667.0,22302.0,22527.0,12028
2013-08-19 00:00:00+00:00,22391.0,22554.0,22374.0,22422.0,10258
2013-08-20 00:00:00+00:00,22345.0,22483.0,21882.0,22011.0,12038
2013-08-21 00:00:00+00:00,21958.0,21989.0,21572.0,21662.0,11047
2013-08-22 00:00:00+00:00,21481.0,22014.0,21481.0,21989.0,11407
2013-08-23 00:00:00+00:00,21998.0,22083.0,21741.0,21930.0,11389
2013-08-26 00:00:00+00:00,21968.0,22141.0,21879.0,22059.0,10120
2013-08-27 00:00:00+00:00,21941.0,22001.0,21636.0,21670.0,12233
2013-08-28 00:00:00+00:00,21609.0,21670.0,21419.0,21547.0,12624
2013-08-29 00:00:00+00:00,21563.0,21768.0,21555.0,21759.0,10293
2013-08-30 00:00:00+00:00,21655.0,21763.0,21536.0,21567.0,10814
2013-09-02 00:00:00+00:00,21787.0,22292.0,21787.0,22240.0,9165
2013-09-03 00:00:00+00:00,22291.0,22477.0,22251.0,22270.0,10191
2013-09-04 00:00:00+00:00,22183.0,22436.0,22117.0,22433.0,10286
2013-09-05 00:00:00+00:00,22452.0,22695.0,22429.0,22593.0,10734
2013-09-06 00:00:00+00:00,22577.0,22864.0,22543.0,22808.0,11142
2013-09-09 00:00:00+00:00,22841.0,22887.0,22665.0,22824.0,10111
2013-09-10 00:00:00+00:00,22940.0,23121.0,22826.0,23103.0,9803
2013-09-11 00:00:00+00:00,23073.0,23112.0,22848.0,22911.0,9977
2013-09-12 00:00:00+00:00,22960.0,23048.0,22898.0,22935.0,9314
2013-09-13 00:00:00+00:00,22909.0,22956.0,22789.0,22928.0,9942
2013-09-16 00:00:00+00:00,23192.0,23323.0,23167.0,23288.0,7770
2013-09-17 00:00:00+00:00,23223.0,23246.0,23110.0,23174.0,8625
2013-09-18 00:00:00+00:00,23253.0,23253.0,23061.0,23122.0,8388
2013-09-19 00:00:00+00:00,23532.0,23572.0,23459.0,23478.0,6497
2013-09-23 00:00:00+00:00,23378.0,23466.0,23249.0,23266.0,5873
2013-09-24 00:00:00+00:00,23251.0,23310.0,23067.0,23218.0,8780
2013-09-25 00:00:00+00:00,23188.0,23261.0,23094.0,23155.0,8301
2013-09-26 00:00:00+00:00,23118.0,23238.0,23032.0,23141.0,8171
2013-09-27 00:00:00+00:00,23192.0,23345.0,23085.0,23099.0,7927
2013-09-30 00:00:00+00:00,22963.0,22966.0,22734.0,22826.0,7472
2013-10-02 00:00:00+00:00,22958.0,23135.0,22902.0,23018.0,7511
2013-10-03 00:00:00+00:00,23077.0,23243.0,23059.0,23127.0,6436
2013-10-04 00:00:00+00:00,23027.0,23246.0,22975.0,23202.0,6926
2013-10-07 00:00:00+00:00,23160.0,23160.0,22866.0,23052.0,7020
2013-10-08 00:00:00+00:00,22889.0,23236.0,22879.0,23106.0,9123
2013-10-09 00:00:00+00:00,22993.0,23069.0,22940.0,22952.0,7240
2013-10-10 00:00:00+00:00,23055.0,23201.0,22702.0,23180.0,8382
2013-10-11 00:00:00+00:00,23342.0,23408.0,23204.0,23299.0,8695
2013-10-15 00:00:00+00:00,23471.0,23492.0,23253.0,23331.0,6883
2013-10-16 00:00:00+00:00,23356.0,23366.0,23091.0,23320.0,9005
2013-10-17 00:00:00+00:00,23375.0,23381.0,22957.0,23120.0,9502
2013-10-18 00:00:00+00:00,23250.0,23438.0,23178.0,23373.0,9156
2013-10-21 00:00:00+00:00,23462.0,23558.0,23352.0,23417.0,8147
2013-10-22 00:00:00+00:00,23337.0,23556.0,23271.0,23474.0,8552
2013-10-23 00:00:00+00:00,23425.0,23499.0,22857.0,22884.0,11063
2013-10-24 00:00:00+00:00,22920.0,22938.0,22735.0,22754.0,11294
2013-10-25 00:00:00+00:00,22703.0,22828.0,22622.0,22734.0,10263
2013-10-28 00:00:00+00:00,22779.0,22859.0,22731.0,22757.0,8294
2013-10-29 00:00:00+00:00,22737.0,23007.0,22734.0,22903.0,8781
2013-10-30 00:00:00+00:00,22975.0,23299.0,22932.0,23239.0,7015
2013-10-31 00:00:00+00:00,23156.0,23259.0,23088.0,23158.0,8355
2013-11-01 00:00:00+00:00,23162.0,23330.0,23142.0,23260.0,8688
2013-11-04 00:00:00+00:00,23285.0,23318.0,23135.0,23257.0,5619
2013-11-05 00:00:00+00:00,22947.0,23132.0,22907.0,22927.0,6430
2013-11-06 00:00:00+00:00,23036.0,23123.0,22908.0,23075.0,8795
2013-11-07 00:00:00+00:00,23081.0,23113.0,22786.0,22873.0,9186
2013-11-08 00:00:00+00:00,22702.0,22814.0,22650.0,22657.0,9273
2013-11-11 00:00:00+00:00,22805.0,23158.0,22700.0,23039.0,9393
2013-11-12 00:00:00+00:00,23033.0,23113.0,22824.0,22853.0,9551
2013-11-13 00:00:00+00:00,22729.0,22729.0,22416.0,22489.0,9765
2013-11-14 00:00:00+00:00,22637.0,22680.0,22509.0,22584.0,8630
2013-11-15 00:00:00+00:00,22694.0,23304.0,22690.0,23302.0,10433
2013-11-18 00:00:00+00:00,23382.0,23938.0,23369.0,23873.0,10485
2013-11-19 00:00:00+00:00,23726.0,23900.0,23633.0,23775.0,9991
2013-11-20 00:00:00+00:00,23751.0,23851.0,23668.0,23737.0,9114
2013-11-21 00:00:00+00:00,23678.0,23704.0,23494.0,23618.0,10193
2013-11-22 00:00:00+00:00,23701.0,23760.0,23636.0,23700.0,10433
2013-11-25 00:00:00+00:00,23924.0,23924.0,23667.0,23683.0,9661
2013-11-26 00:00:00+00:00,23664.0,23748.0,23598.0,23615.0,7836
2013-11-27 00:00:00+00:00,23646.0,23850.0,23613.0,23847.0,7053
2013-11-28 00:00:00+00:00,23894.0,24000.0,23682.0,23779.0,8628
2013-11-29 00:00:00+00:00,23811.0,23946.0,23767.0,23946.0,7480
2013-12-02 00:00:00+00:00,23858.0,24107.0,23813.0,23956.0,9414
2013-12-03 00:00:00+00:00,23844.0,23980.0,23720.0,23760.0,9108
2013-12-04 00:00:00+00:00,23714.0,23819.0,23501.0,23569.0,11388
2013-12-05 00:00:00+00:00,23591.0,23737.0,23528.0,23684.0,9956
2013-12-06 00:00:00+00:00,23626.0,23854.0,23601.0,23828.0,9086
2013-12-09 00:00:00+00:00,24017.0,24036.0,23756.0,23829.0,7835
2013-12-10 00:00:00+00:00,23788.0,23837.0,23641.0,23649.0,7433
2013-12-11 00:00:00+00:00,23717.0,23721.0,23268.0,23318.0,9738
2013-12-12 00:00:00+00:00,23271.0,23331.0,23005.0,23057.0,9679
2013-12-13 00:00:00+00:00,23030.0,23322.0,22991.0,23169.0,9783
2013-12-16 00:00:00+00:00,23128.0,23340.0,22991.0,23336.0,9584
2013-12-17 00:00:00+00:00,23264.0,23268.0,23016.0,23053.0,8685
2013-12-18 00:00:00+00:00,23126.0,23247.0,22998.0,23133.0,8431
2013-12-19 00:00:00+00:00,23399.0,23424.0,22732.0,22835.0,11164
2013-12-20 00:00:00+00:00,22929.0,22954.0,22705.0,22927.0,10418
2013-12-23 00:00:00+00:00,22961.0,23006.0,22857.0,22962.0,7805
2013-12-24 00:00:00+00:00,22984.0,23239.0,22972.0,23218.0,3950
2013-12-27 00:00:00+00:00,23132.0,23328.0,23043.0,23317.0,6406
2013-12-30 00:00:00+00:00,23312.0,23389.0,23152.0,23301.0,7066
2013-12-31 00:00:00+00:00,23317.0,23376.0,23226.0,23305.0,3283
2014-01-02 00:00:00+00:00,23377.0,23481.0,23140.0,23207.0,8354
2014-01-03 00:00:00+00:00,23128.0,23128.0,22736.0,22828.0,9267
2014-01-06 00:00:00+00:00,22788.0,22788.0,22536.0,22657.0,9558
2014-01-07 00:00:00+00:00,22605.0,22771.0,22585.0,22765.0,8707
2014-01-08 00:00:00+00:00,22745.0,23062.0,22724.0,22934.0,10706
2014-01-09 00:00:00+00:00,22919.0,23032.0,22699.0,22801.0,10173
2014-01-10 00:00:00+00:00,22760.0,22996.0,22695.0,22988.0,11013
2014-01-13 00:00:00+00:00,23019.0,23162.0,22735.0,22828.0,9657
2014-01-14 00:00:00+00:00,22598.0,22884.0,22569.0,22773.0,10188
2014-01-15 00:00:00+00:00,22943.0,23034.0,22816.0,22981.0,9267
2014-01-16 00:00:00+00:00,23121.0,23121.0,22916.0,22965.0,8753
2014-01-17 00:00:00+00:00,22926.0,23296.0,22849.0,23130.0,10799
2014-01-20 00:00:00+00:00,23065.0,23103.0,22856.0,22904.0,8805
2014-01-21 00:00:00+00:00,23006.0,23158.0,22986.0,23071.0,9141
2014-01-22 00:00:00+00:00,22986.0,23134.0,22910.0,23037.0,9512
2014-01-23 00:00:00+00:00,23117.0,23142.0,22610.0,22623.0,11076
2014-01-24 00:00:00+00:00,22592.0,22645.0,22131.0,22203.0,11520
2014-01-27 00:00:00+00:00,22036.0,22052.0,21873.0,22016.0,11513
2014-01-28 00:00:00+00:00,21957.0,22076.0,21897.0,21985.0,9333
2014-01-29 00:00:00+00:00,22100.0,22220.0,21694.0,21736.0,9351
2014-01-30 00:00:00+00:00,21792.0,22032.0,21734.0,22030.0,4328
2014-02-04 00:00:00+00:00,21486.0,21621.0,21370.0,21543.0,9760
2014-02-05 00:00:00+00:00,21562.0,21571.0,21166.0,21233.0,11429
2014-02-06 00:00:00+00:00,21323.0,21528.0,21255.0,21524.0,9960
2014-02-07 00:00:00+00:00,21572.0,21742.0,21415.0,21707.0,10782
2014-02-10 00:00:00+00:00,21693.0,21693.0,21513.0,21563.0,9288
2014-02-11 00:00:00+00:00,21562.0,22031.0,21545.0,22007.0,9914
2014-02-12 00:00:00+00:00,22038.0,22407.0,21979.0,22405.0,10072
2014-02-13 00:00:00+00:00,22266.0,22303.0,22098.0,22153.0,10063
2014-02-14 00:00:00+00:00,22316.0,22441.0,22249.0,22411.0,9024
2014-02-17 00:00:00+00:00,22403.0,22608.0,22403.0,22544.0,8178
2014-02-18 00:00:00+00:00,22589.0,22617.0,22447.0,22580.0,8934
2014-02-19 00:00:00+00:00,22560.0,22730.0,22520.0,22610.0,9172
2014-02-20 00:00:00+00:00,22555.0,22759.0,22269.0,22393.0,10057
2014-02-21 00:00:00+00:00,22704.0,22704.0,22436.0,22615.0,9094
2014-02-24 00:00:00+00:00,22609.0,22620.0,22228.0,22404.0,9914
2014-02-25 00:00:00+00:00,22445.0,22537.0,22229.0,22274.0,9405
2014-02-26 00:00:00+00:00,22304.0,22505.0,22256.0,22317.0,7963
2014-02-27 00:00:00+00:00,22358.0,22866.0,22322.0,22765.0,10797
2014-02-28 00:00:00+00:00,22846.0,22998.0,22706.0,22921.0,10008
2014-03-03 00:00:00+00:00,22593.0,22766.0,22350.0,22440.0,10801
2014-03-04 00:00:00+00:00,22500.0,22830.0,22496.0,22790.0,10495
2014-03-05 00:00:00+00:00,22830.0,22867.0,22493.0,22520.0,9524
2014-03-06 00:00:00+00:00,22592.0,22780.0,22534.0,22741.0,10143
2014-03-07 00:00:00+00:00,22735.0,22831.0,22533.0,22561.0,9993
2014-03-10 00:00:00+00:00,22395.0,22395.0,22158.0,22222.0,6417
2014-03-11 00:00:00+00:00,22261.0,22350.0,22181.0,22288.0,5675
2014-03-12 00:00:00+00:00,22038.0,22044.0,21739.0,21799.0,9238
2014-03-13 00:00:00+00:00,21884.0,22036.0,21675.0,21679.0,9988
2014-03-14 00:00:00+00:00,21577.0,21643.0,21424.0,21446.0,10991
2014-03-17 00:00:00+00:00,21375.0,21565.0,21375.0,21517.0,9497
2014-03-18 00:00:00+00:00,21483.0,21675.0,21434.0,21627.0,9570
2014-03-19 00:00:00+00:00,21608.0,21616.0,21468.0,21527.0,8990
2014-03-20 00:00:00+00:00,21370.0,21465.0,21073.0,21182.0,10726
2014-03-21 00:00:00+00:00,21228.0,21681.0,21165.0,21673.0,10187
2014-03-24 00:00:00+00:00,21698.0,21870.0,21578.0,21724.0,10293
2014-03-25 00:00:00+00:00,21754.0,21915.0,21718.0,21828.0,8928
2014-03-26 00:00:00+00:00,21920.0,22014.0,21861.0,21974.0,9953
2014-03-27 00:00:00+00:00,21862.0,21945.0,21727.0,21890.0,10652
2014-03-28 00:00:00+00:00,21864.0,22216.0,21855.0,22199.0,9140
2014-03-31 00:00:00+00:00,22194.0,22228.0,22032.0,22214.0,8870
2014-04-01 00:00:00+00:00,22176.0,22503.0,22160.0,22448.0,9346
2014-04-02 00:00:00+00:00,22516.0,22575.0,22413.0,22532.0,9078
2014-04-03 00:00:00+00:00,22573.0,22761.0,22445.0,22470.0,9666
2014-04-04 00:00:00+00:00,22512.0,22748.0,22453.0,22698.0,9446
2014-04-07 00:00:00+00:00,22417.0,22510.0,22300.0,22380.0,8026
2014-04-08 00:00:00+00:00,22394.0,22700.0,22349.0,22698.0,10718
2014-04-09 00:00:00+00:00,22681.0,22951.0,22654.0,22785.0,9630
2014-04-10 00:00:00+00:00,22955.0,23402.0,22729.0,23326.0,13698
2014-04-11 00:00:00+00:00,23161.0,23231.0,22869.0,22980.0,11488
2014-04-14 00:00:00+00:00,22906.0,23109.0,22889.0,23105.0,9259
2014-04-15 00:00:00+00:00,23078.0,23101.0,22555.0,22559.0,10761
2014-04-16 00:00:00+00:00,22640.0,22870.0,22580.0,22713.0,10002
2014-04-17 00:00:00+00:00,22755.0,22821.0,22627.0,22786.0,8128
2014-04-22 00:00:00+00:00,22707.0,22821.0,22610.0,22755.0,8790
2014-04-23 00:00:00+00:00,22787.0,22809.0,22383.0,22423.0,9060
2014-04-24 00:00:00+00:00,22496.0,22576.0,22398.0,22455.0,8663
2014-04-25 00:00:00+00:00,22472.0,22559.0,22064.0,22068.0,9752
2014-04-28 00:00:00+00:00,22117.0,22359.0,22095.0,22106.0,7646
2014-04-29 00:00:00+00:00,22150.0,22541.0,22067.0,22494.0,9284
2014-04-30 00:00:00+00:00,22515.0,22518.0,22028.0,22097.0,9248
2014-05-02 00:00:00+00:00,22060.0,22309.0,22060.0,22249.0,7405
2014-05-05 00:00:00+00:00,22150.0,22305.0,21826.0,21918.0,8009
2014-05-07 00:00:00+00:00,21874.0,21909.0,21657.0,21754.0,9343
2014-05-08 00:00:00+00:00,21789.0,21938.0,21724.0,21811.0,8859
2014-05-09 00:00:00+00:00,21770.0,21917.0,21670.0,21865.0,9058
2014-05-12 00:00:00+00:00,21929.0,22456.0,21789.0,22367.0,10507
2014-05-13 00:00:00+00:00,22395.0,22415.0,22272.0,22404.0,7831
2014-05-14 00:00:00+00:00,22419.0,22715.0,22369.0,22641.0,9082
2014-05-15 00:00:00+00:00,22628.0,22821.0,22573.0,22586.0,8545
2014-05-16 00:00:00+00:00,22589.0,22784.0,22536.0,22769.0,9092
2014-05-19 00:00:00+00:00,22806.0,22808.0,22519.0,22756.0,9740
2014-05-20 00:00:00+00:00,22794.0,22924.0,22720.0,22824.0,9359
2014-05-21 00:00:00+00:00,22731.0,22938.0,22633.0,22938.0,9860
2014-05-22 00:00:00+00:00,22930.0,23071.0,22878.0,22955.0,9017
2014-05-23 00:00:00+00:00,22970.0,23010.0,22889.0,23000.0,7929
2014-05-26 00:00:00+00:00,23036.0,23163.0,22893.0,22971.0,5870
2014-05-27 00:00:00+00:00,22978.0,22984.0,22867.0,22949.0,7364
2014-05-28 00:00:00+00:00,22969.0,23194.0,22918.0,23004.0,8535
2014-05-29 00:00:00+00:00,23030.0,23195.0,22948.0,23052.0,8715
2014-05-30 00:00:00+00:00,23071.0,23190.0,22971.0,23142.0,9604
2014-06-03 00:00:00+00:00,23287.0,23349.0,23113.0,23225.0,7452
2014-06-04 00:00:00+00:00,23249.0,23249.0,23086.0,23130.0,6825
2014-06-05 00:00:00+00:00,23111.0,23203.0,23008.0,23157.0,7354
2014-06-06 00:00:00+00:00,23233.0,23237.0,22897.0,23004.0,8235
2014-06-09 00:00:00+00:00,23071.0,23212.0,23037.0,23208.0,6947
2014-06-10 00:00:00+00:00,23224.0,23376.0,23049.0,23287.0,7925
2014-06-11 00:00:00+00:00,23237.0,23260.0,23136.0,23183.0,6064
2014-06-12 00:00:00+00:00,23093.0,23233.0,23031.0,23144.0,6438
2014-06-13 00:00:00+00:00,23067.0,23410.0,23032.0,23319.0,8150
2014-06-16 00:00:00+00:00,23236.0,23347.0,23207.0,23250.0,6815
2014-06-17 00:00:00+00:00,23234.0,23258.0,23108.0,23198.0,6229
2014-06-18 00:00:00+00:00,23157.0,23319.0,23147.0,23186.0,6208
2014-06-19 00:00:00+00:00,23294.0,23328.0,23102.0,23211.0,6878
2014-06-20 00:00:00+00:00,23228.0,23296.0,23119.0,23130.0,6824
2014-06-23 00:00:00+00:00,23096.0,23433.0,22727.0,22788.0,8615
2014-06-24 00:00:00+00:00,22812.0,22931.0,22802.0,22926.0,7121
2014-06-25 00:00:00+00:00,22830.0,22934.0,22793.0,22881.0,7289
2014-06-26 00:00:00+00:00,22934.0,23227.0,22906.0,23141.0,6121
2014-06-27 00:00:00+00:00,23133.0,23273.0,23108.0,23207.0,7223
2014-06-30 00:00:00+00:00,23251.0,23349.0,22905.0,23185.0,7634
2014-07-02 00:00:00+00:00,23328.0,23605.0,23257.0,23569.0,8312
2014-07-03 00:00:00+00:00,23515.0,23602.0,23477.0,23599.0,7469
2014-07-04 00:00:00+00:00,23571.0,23611.0,23480.0,23541.0,4890
2014-07-07 00:00:00+00:00,23547.0,23571.0,23412.0,23507.0,6275
2014-07-08 00:00:00+00:00,23479.0,23559.0,23401.0,23422.0,6008
2014-07-09 00:00:00+00:00,23427.0,23427.0,23093.0,23195.0,7680
2014-07-10 00:00:00+00:00,23258.0,23273.0,22952.0,23047.0,7210
2014-07-11 00:00:00+00:00,23107.0,23338.0,23082.0,23216.0,8076
2014-07-14 00:00:00+00:00,23276.0,23488.0,23227.0,23451.0,7761
2014-07-15 00:00:00+00:00,23447.0,23488.0,23375.0,23406.0,6926
2014-07-16 00:00:00+00:00,23447.0,23629.0,23423.0,23585.0,7300
2014-07-17 00:00:00+00:00,23612.0,23612.0,23407.0,23475.0,7901
2014-07-18 00:00:00+00:00,23284.0,23487.0,23208.0,23480.0,8629
2014-07-21 00:00:00+00:00,23467.0,23493.0,23312.0,23325.0,6793
2014-07-22 00:00:00+00:00,23404.0,23886.0,23391.0,23874.0,9292
2014-07-23 00:00:00+00:00,23826.0,24059.0,23807.0,24035.0,8079
2014-07-24 00:00:00+00:00,24013.0,24219.0,23990.0,24197.0,8597
2014-07-25 00:00:00+00:00,24167.0,24255.0,24083.0,24204.0,7821
2014-07-28 00:00:00+00:00,24226.0,24505.0,24193.0,24426.0,9428
2014-07-29 00:00:00+00:00,24453.0,24803.0,24420.0,24789.0,6936
2014-07-30 00:00:00+00:00,24707.0,24929.0,24677.0,24751.0,9820
2014-07-31 00:00:00+00:00,24807.0,24901.0,24615.0,24617.0,9541
2014-08-01 00:00:00+00:00,24568.0,24743.0,24422.0,24554.0,11391
2014-08-04 00:00:00+00:00,24505.0,24686.0,24503.0,24591.0,9515
2014-08-05 00:00:00+00:00,24612.0,24698.0,24461.0,24566.0,9895
2014-08-06 00:00:00+00:00,24487.0,24581.0,24381.0,24478.0,10329
2014-08-07 00:00:00+00:00,24487.0,24507.0,24356.0,24372.0,10177
2014-08-08 00:00:00+00:00,24269.0,24517.0,24168.0,24470.0,11204
2014-08-11 00:00:00+00:00,24554.0,24742.0,24483.0,24735.0,8592
2014-08-12 00:00:00+00:00,24626.0,24737.0,24524.0,24659.0,8713
2014-08-13 00:00:00+00:00,24703.0,25042.0,24604.0,25027.0,9572
2014-08-14 00:00:00+00:00,24985.0,24986.0,24708.0,24885.0,9741
2014-08-15 00:00:00+00:00,24903.0,25008.0,24858.0,24882.0,9077
2014-08-18 00:00:00+00:00,24905.0,24984.0,24735.0,24981.0,9036
2014-08-19 00:00:00+00:00,24994.0,25217.0,24899.0,25163.0,9128
2014-08-20 00:00:00+00:00,25128.0,25192.0,25055.0,25169.0,7821
2014-08-21 00:00:00+00:00,25140.0,25153.0,24910.0,25021.0,9094
2014-08-22 00:00:00+00:00,25044.0,25148.0,24994.0,24999.0,8542
2014-08-25 00:00:00+00:00,25016.0,25254.0,24912.0,25194.0,7860
2014-08-26 00:00:00+00:00,25102.0,25166.0,25064.0,25127.0,7271
2014-08-27 00:00:00+00:00,25131.0,25175.0,24854.0,24950.0,7395
2014-08-28 00:00:00+00:00,24947.0,25039.0,24597.0,24631.0,10232
2014-08-29 00:00:00+00:00,24681.0,24811.0,24631.0,24670.0,8455
2014-09-01 00:00:00+00:00,24668.0,24905.0,24652.0,24765.0,7317
2014-09-02 00:00:00+00:00,24724.0,24833.0,24588.0,24735.0,8945
2014-09-03 00:00:00+00:00,24755.0,25429.0,24697.0,25386.0,10546
2014-09-04 00:00:00+00:00,25257.0,25402.0,25213.0,25364.0,9563
2014-09-05 00:00:00+00:00,25290.0,25316.0,25152.0,25214.0,10056
2014-09-08 00:00:00+00:00,25267.0,25286.0,25042.0,25205.0,6727
2014-09-10 00:00:00+00:00,25006.0,25006.0,24647.0,24648.0,9839
2014-09-11 00:00:00+00:00,24699.0,24760.0,24578.0,24638.0,9290
2014-09-12 00:00:00+00:00,24647.0,24705.0,24466.0,24534.0,8616
2014-09-15 00:00:00+00:00,24449.0,24490.0,24284.0,24373.0,8949
2014-09-16 00:00:00+00:00,24342.0,24428.0,24142.0,24229.0,6747
2014-09-17 00:00:00+00:00,24432.0,24484.0,24359.0,24374.0,9102
2014-09-18 00:00:00+00:00,24325.0,24326.0,24074.0,24234.0,10247
2014-09-19 00:00:00+00:00,24293.0,24416.0,24122.0,24176.0,10293
2014-09-22 00:00:00+00:00,24060.0,24060.0,23874.0,23874.0,9312
2014-09-23 00:00:00+00:00,23849.0,24001.0,23709.0,23798.0,10012
2014-09-24 00:00:00+00:00,23790.0,23986.0,23771.0,23876.0,9509
2014-09-25 00:00:00+00:00,24026.0,24041.0,23554.0,23565.0,10574
2014-09-26 00:00:00+00:00,23541.0,23704.0,23541.0,23672.0,9026
2014-09-29 00:00:00+00:00,23294.0,23416.0,23008.0,23063.0,10244
2014-09-30 00:00:00+00:00,23064.0,23195.0,22852.0,22902.0,10883
2014-10-03 00:00:00+00:00,22645.0,23155.0,22563.0,22904.0,11260
2014-10-06 00:00:00+00:00,23025.0,23457.0,22930.0,23316.0,10249
2014-10-07 00:00:00+00:00,23287.0,23528.0,23208.0,23319.0,10569
2014-10-08 00:00:00+00:00,23255.0,23387.0,23176.0,23181.0,10632
2014-10-09 00:00:00+00:00,23458.0,23577.0,23337.0,23364.0,10662
2014-10-10 00:00:00+00:00,23162.0,23245.0,22804.0,22844.0,11652
2014-10-13 00:00:00+00:00,22894.0,23311.0,22857.0,23236.0,11663
2014-10-14 00:00:00+00:00,23071.0,23435.0,22860.0,23032.0,13906
2014-10-15 00:00:00+00:00,23092.0,23256.0,22805.0,22889.0,13299
2014-10-16 00:00:00+00:00,22917.0,23051.0,22577.0,22810.0,15604
2014-10-17 00:00:00+00:00,22963.0,23208.0,22880.0,23204.0,13145
2014-10-20 00:00:00+00:00,23273.0,23318.0,23002.0,23082.0,11937
2014-10-21 00:00:00+00:00,23081.0,23265.0,22928.0,23253.0,13358
2014-10-22 00:00:00+00:00,23295.0,23486.0,23195.0,23354.0,11054
2014-10-23 00:00:00+00:00,23271.0,23441.0,23234.0,23437.0,10588
2014-10-24 00:00:00+00:00,23327.0,23389.0,23089.0,23380.0,11470
2014-10-27 00:00:00+00:00,23252.0,23273.0,22968.0,23126.0,10571
2014-10-28 00:00:00+00:00,23150.0,23610.0,23150.0,23595.0,10620
2014-10-29 00:00:00+00:00,23651.0,23885.0,23651.0,23868.0,9986
2014-10-30 00:00:00+00:00,23838.0,23862.0,23559.0,23647.0,10676
2014-10-31 00:00:00+00:00,23835.0,24060.0,23817.0,24023.0,11066
2014-11-03 00:00:00+00:00,24002.0,24077.0,23771.0,23777.0,8759
2014-11-04 00:00:00+00:00,23760.0,24020.0,23728.0,23764.0,10036
2014-11-05 00:00:00+00:00,23787.0,23866.0,23576.0,23666.0,9801
2014-11-06 00:00:00+00:00,23713.0,23776.0,23593.0,23658.0,10497
2014-11-07 00:00:00+00:00,23640.0,23838.0,23378.0,23491.0,11973
2014-11-10 00:00:00+00:00,24091.0,24198.0,23665.0,23767.0,10388
2014-11-11 00:00:00+00:00,23743.0,23927.0,23719.0,23739.0,9560
2014-11-12 00:00:00+00:00,23800.0,24025.0,23763.0,23857.0,9436
2014-11-13 00:00:00+00:00,23819.0,24105.0,23819.0,24007.0,9778
2014-11-14 00:00:00+00:00,23974.0,24279.0,23957.0,24260.0,10024
2014-11-17 00:00:00+00:00,24254.0,24349.0,23736.0,23821.0,11907
2014-11-18 00:00:00+00:00,23838.0,23869.0,23406.0,23483.0,10708
2014-11-19 00:00:00+00:00,23471.0,23547.0,23300.0,23308.0,9409
2014-11-20 00:00:00+00:00,23331.0,23442.0,23215.0,23300.0,9001
2014-11-21 00:00:00+00:00,23314.0,23996.0,23273.0,23922.0,11211
2014-11-24 00:00:00+00:00,23910.0,23995.0,23844.0,23906.0,9698
2014-11-25 00:00:00+00:00,23835.0,23948.0,23819.0,23881.0,8558
2014-11-26 00:00:00+00:00,23857.0,24198.0,23818.0,24178.0,9432
2014-11-27 00:00:00+00:00,24185.0,24253.0,23968.0,24033.0,8022
2014-11-28 00:00:00+00:00,23999.0,24135.0,23893.0,23945.0,10145
2014-12-01 00:00:00+00:00,23797.0,23815.0,23198.0,23253.0,10976
2014-12-02 00:00:00+00:00,23307.0,23813.0,23263.0,23724.0,12033
2014-12-03 00:00:00+00:00,23746.0,23949.0,23342.0,23517.0,12780
2014-12-04 00:00:00+00:00,23481.0,23996.0,23412.0,23832.0,13750
2014-12-05 00:00:00+00:00,23922.0,24215.0,23760.0,24106.0,13864
2014-12-08 00:00:00+00:00,24082.0,24205.0,23974.0,23993.0,11448
2014-12-09 00:00:00+00:00,23932.0,23932.0,23261.0,23316.0,14164
2014-12-10 00:00:00+00:00,23302.0,23665.0,23302.0,23321.0,13386
2014-12-11 00:00:00+00:00,23231.0,23398.0,23119.0,23357.0,13695
2014-12-12 00:00:00+00:00,23258.0,23420.0,23059.0,23079.0,11716
2014-12-15 00:00:00+00:00,22976.0,23072.0,22817.0,22824.0,10686
2014-12-16 00:00:00+00:00,22801.0,22909.0,22412.0,22562.0,13451
2014-12-17 00:00:00+00:00,22627.0,22707.0,22504.0,22663.0,12132
2014-12-18 00:00:00+00:00,22866.0,23054.0,22712.0,23022.0,11972
2014-12-19 00:00:00+00:00,23100.0,23200.0,23024.0,23155.0,10927
2014-12-22 00:00:00+00:00,23225.0,23502.0,23225.0,23429.0,11088
2014-12-23 00:00:00+00:00,23457.0,23503.0,23283.0,23353.0,9391
2014-12-24 00:00:00+00:00,23377.0,23455.0,23333.0,23387.0,3860
2014-12-29 00:00:00+00:00,23756.0,23928.0,23735.0,23824.0,8706
2014-12-30 00:00:00+00:00,23849.0,23893.0,23386.0,23418.0,13853
2014-12-31 00:00:00+00:00,23438.0,23634.0,23434.0,23614.0,5510
2015-01-02 00:00:00+00:00,23637.0,23831.0,23596.0,23656.0,8690
2015-01-05 00:00:00+00:00,23578.0,24013.0,23506.0,23513.0,16772
2015-01-06 00:00:00+00:00,23492.0,23563.0,23265.0,23366.0,20073
2015-01-07 00:00:00+00:00,23333.0,23786.0,23283.0,23728.0,20426
2015-01-08 00:00:00+00:00,23813.0,23990.0,23705.0,23987.0,17354
2015-01-09 00:00:00+00:00,24080.0,24181.0,23840.0,23932.0,21680
2015-01-12 00:00:00+00:00,24014.0,24116.0,23892.0,23955.0,18941
2015-01-13 00:00:00+00:00,23925.0,24394.0,23903.0,24383.0,18409
2015-01-14 00:00:00+00:00,24273.0,24328.0,23994.0,24062.0,20629
2015-01-15 00:00:00+00:00,24173.0,24456.0,24084.0,24360.0,20493
2015-01-16 00:00:00+00:00,24252.0,24274.0,23943.0,24051.0,18938
2015-01-19 00:00:00+00:00,24085.0,24107.0,23581.0,23764.0,22278
2015-01-20 00:00:00+00:00,23765.0,24078.0,23696.0,23960.0,21262
2015-01-21 00:00:00+00:00,24004.0,24413.0,23946.0,24382.0,21704
2015-01-22 00:00:00+00:00,24412.0,24725.0,24382.0,24685.0,19278
2015-01-23 00:00:00+00:00,24784.0,24977.0,24744.0,24895.0,17761
2015-01-26 00:00:00+00:00,24834.0,24945.0,24750.0,24935.0,15995
2015-01-27 00:00:00+00:00,24987.0,25015.0,24600.0,24604.0,18770
2015-01-28 00:00:00+00:00,24758.0,24993.0,24707.0,24727.0,18708
2015-01-29 00:00:00+00:00,24639.0,24730.0,24497.0,24527.0,18069
2015-01-30 00:00:00+00:00,24718.0,24739.0,24419.0,24432.0,18381
2015-02-02 00:00:00+00:00,24352.0,24540.0,24319.0,24471.0,15930
2015-02-03 00:00:00+00:00,24541.0,24662.0,24280.0,24657.0,17620
2015-02-04 00:00:00+00:00,24751.0,25148.0,24609.0,25058.0,16979
2015-02-05 00:00:00+00:00,24979.0,25159.0,24621.0,24839.0,19270
2015-02-06 00:00:00+00:00,24822.0,24850.0,24567.0,24687.0,15940
2015-02-09 00:00:00+00:00,24491.0,24677.0,24424.0,24484.0,18553
2015-02-10 00:00:00+00:00,24451.0,24609.0,24387.0,24486.0,16092
2015-02-11 00:00:00+00:00,24531.0,24563.0,24234.0,24283.0,15793
2015-02-12 00:00:00+00:00,24333.0,24546.0,24241.0,24506.0,15455
2015-02-13 00:00:00+00:00,24515.0,24764.0,24507.0,24745.0,14595
2015-02-16 00:00:00+00:00,24733.0,24786.0,24693.0,24739.0,8112
2015-02-17 00:00:00+00:00,24661.0,24878.0,24646.0,24786.0,10699
2015-02-18 00:00:00+00:00,24807.0,24874.0,24804.0,24823.0,2693
2015-02-23 00:00:00+00:00,24963.0,24963.0,24616.0,24693.0,9683
2015-02-24 00:00:00+00:00,24762.0,24815.0,24664.0,24813.0,7728
2015-02-25 00:00:00+00:00,24836.0,24893.0,24677.0,24760.0,13143
2015-02-26 00:00:00+00:00,24784.0,25020.0,24711.0,24908.0,14629
2015-02-27 00:00:00+00:00,24824.0,25098.0,24795.0,24869.0,13599
2015-03-02 00:00:00+00:00,24972.0,25027.0,24642.0,24881.0,13600
2015-03-03 00:00:00+00:00,24910.0,24930.0,24610.0,24635.0,13850
2015-03-04 00:00:00+00:00,24533.0,24698.0,24288.0,24323.0,14630
2015-03-05 00:00:00+00:00,24247.0,24353.0,24086.0,24169.0,16741
2015-03-06 00:00:00+00:00,24162.0,24246.0,24011.0,24018.0,12666
2015-03-09 00:00:00+00:00,23953.0,24195.0,23909.0,24102.0,15072
2015-03-10 00:00:00+00:00,24079.0,24141.0,23687.0,23705.0,15203
2015-03-11 00:00:00+00:00,23729.0,23881.0,23604.0,23674.0,14861
2015-03-12 00:00:00+00:00,23657.0,23871.0,23643.0,23832.0,14454
2015-03-13 00:00:00+00:00,23788.0,23904.0,23682.0,23697.0,12170
2015-03-16 00:00:00+00:00,23758.0,24078.0,23693.0,24073.0,11903
2015-03-17 00:00:00+00:00,24007.0,24064.0,23772.0,23888.0,13430
2015-03-17 04:00:00+00:00,23955.0,24005.0,23899.0,23992.0,3339
2015-03-17 08:00:00+00:00,23997.0,24002.0,23772.0,23891.0,5749
2015-03-17 12:00:00+00:00,23881.0,23893.0,23823.0,23836.0,1023
2015-03-17 16:00:00+00:00,23837.0,23906.0,23834.0,23888.0,984
2015-03-18 04:00:00+00:00,23947.0,24209.0,23930.0,24174.0,6644
2015-03-18 08:00:00+00:00,24181.0,24241.0,24120.0,24128.0,5869
2015-03-18 12:00:00+00:00,24136.0,24162.0,24107.0,24161.0,698
2015-03-18 16:00:00+00:00,24156.0,24161.0,24098.0,24098.0,614
2015-03-19 04:00:00+00:00,24219.0,24477.0,24219.0,24432.0,6233
2015-03-19 08:00:00+00:00,24438.0,24527.0,24321.0,24512.0,5948
2015-03-19 12:00:00+00:00,24477.0,24496.0,24448.0,24477.0,911
2015-03-19 16:00:00+00:00,24476.0,24476.0,24425.0,24427.0,880
2015-03-20 04:00:00+00:00,24432.0,24528.0,24362.0,24402.0,5968
2015-03-20 08:00:00+00:00,24400.0,24484.0,24380.0,24408.0,5267
2015-03-20 12:00:00+00:00,24403.0,24484.0,24401.0,24477.0,893
2015-03-20 16:00:00+00:00,24476.0,24533.0,24472.0,24527.0,628
2015-03-23 04:00:00+00:00,24491.0,24563.0,24453.0,24517.0,5481
2015-03-23 08:00:00+00:00,24523.0,24532.0,24416.0,24480.0,5136
2015-03-23 12:00:00+00:00,24476.0,24478.0,24449.0,24458.0,781
2015-03-23 16:00:00+00:00,24457.0,24510.0,24444.0,24450.0,866
2015-03-24 04:00:00+00:00,24453.0,24480.0,24295.0,24350.0,7304
2015-03-24 08:00:00+00:00,24353.0,24452.0,24338.0,24418.0,4482
2015-03-24 12:00:00+00:00,24434.0,24466.0,24415.0,24451.0,651
2015-03-24 16:00:00+00:00,24455.0,24486.0,24434.0,24470.0,612
2015-03-25 04:00:00+00:00,24438.0,24642.0,24404.0,24522.0,7007
2015-03-25 08:00:00+00:00,24518.0,24577.0,24462.0,24569.0,5038
2015-03-25 12:00:00+00:00,24564.0,24578.0,24529.0,24569.0,614
2015-03-25 16:00:00+00:00,24568.0,24586.0,24497.0,24502.0,694
2015-03-26 04:00:00+00:00,24370.0,24616.0,24370.0,24581.0,7246
2015-03-26 08:00:00+00:00,24579.0,24608.0,24497.0,24513.0,5396
2015-03-26 12:00:00+00:00,24505.0,24512.0,24435.0,24475.0,1110
2015-03-26 16:00:00+00:00,24476.0,24485.0,24405.0,24470.0,1072
2015-03-27 04:00:00+00:00,24491.0,24572.0,24437.0,24524.0,5989
2015-03-27 08:00:00+00:00,24503.0,24561.0,24475.0,24556.0,4006
2015-03-27 12:00:00+00:00,24525.0,24695.0,24511.0,24645.0,1579
2015-03-27 16:00:00+00:00,24644.0,24662.0,24615.0,24640.0,950
2015-03-30 04:00:00+00:00,24669.0,24914.0,24669.0,24863.0,6439
2015-03-30 08:00:00+00:00,24872.0,24957.0,24798.0,24823.0,5832
2015-03-30 12:00:00+00:00,24819.0,24922.0,24818.0,24887.0,1232
2015-03-30 16:00:00+00:00,24890.0,25010.0,24886.0,24988.0,1014
2015-03-31 04:00:00+00:00,24956.0,25018.0,24900.0,24957.0,6707
2015-03-31 08:00:00+00:00,24953.0,24980.0,24866.0,24923.0,6052
2015-03-31 12:00:00+00:00,24914.0,24917.0,24867.0,24874.0,947
2015-03-31 16:00:00+00:00,24875.0,24971.0,24865.0,24954.0,1018
2015-04-01 04:00:00+00:00,24836.0,25065.0,24829.0,25044.0,6703
2015-04-01 08:00:00+00:00,25057.0,25109.0,25005.0,25069.0,5968
2015-04-01 12:00:00+00:00,25077.0,25175.0,25075.0,25168.0,1082
2015-04-01 16:00:00+00:00,25167.0,25206.0,25112.0,25183.0,1120
2015-04-02 04:00:00+00:00,25198.0,25225.0,25123.0,25168.0,6154
2015-04-02 08:00:00+00:00,25166.0,25324.0,25160.0,25204.0,6380
2015-04-02 12:00:00+00:00,25210.0,25234.0,25182.0,25233.0,883
2015-04-02 16:00:00+00:00,25234.0,25385.0,25233.0,25354.0,1137
2015-04-08 04:00:00+00:00,25584.0,25922.0,25577.0,25914.0,8135
2015-04-08 08:00:00+00:00,25910.0,26278.0,25904.0,26231.0,8814
2015-04-08 12:00:00+00:00,26234.0,26945.0,26230.0,26835.0,2907
2015-04-08 16:00:00+00:00,26834.0,26863.0,26639.0,26789.0,1782
2015-04-09 04:00:00+00:00,26717.0,27979.0,26716.0,27283.0,14624
2015-04-09 08:00:00+00:00,27281.0,27300.0,26905.0,27062.0,11274
2015-04-09 12:00:00+00:00,27079.0,27475.0,27074.0,27458.0,1916
2015-04-09 16:00:00+00:00,27457.0,27585.0,27431.0,27558.0,1186
2015-04-10 04:00:00+00:00,27596.0,27603.0,26867.0,27084.0,12101
2015-04-10 08:00:00+00:00,27082.0,27334.0,26972.0,27293.0,9172
2015-04-10 12:00:00+00:00,27312.0,27458.0,27308.0,27356.0,1979
2015-04-10 16:00:00+00:00,27359.0,27435.0,27351.0,27400.0,1210
2015-04-13 04:00:00+00:00,27377.0,27491.0,27183.0,27474.0,8938
2015-04-13 08:00:00+00:00,27482.0,28128.0,27481.0,28043.0,11919
2015-04-13 12:00:00+00:00,28058.0,28206.0,28035.0,28125.0,2686
2015-04-13 16:00:00+00:00,28126.0,28179.0,28004.0,28029.0,1545
2015-04-14 04:00:00+00:00,27749.0,27917.0,27496.0,27854.0,10049
2015-04-14 08:00:00+00:00,27855.0,27895.0,27534.0,27578.0,11078
2015-04-14 12:00:00+00:00,27542.0,27608.0,27470.0,27605.0,1789
2015-04-14 16:00:00+00:00,27606.0,27638.0,27511.0,27593.0,1441
2015-04-15 04:00:00+00:00,27669.0,27853.0,27531.0,27607.0,10604
2015-04-15 08:00:00+00:00,27585.0,27810.0,27455.0,27617.0,11093
2015-04-15 12:00:00+00:00,27650.0,27673.0,27590.0,27659.0,1414
2015-04-15 16:00:00+00:00,27658.0,27684.0,27601.0,27611.0,942
2015-04-16 04:00:00+00:00,27654.0,27750.0,27470.0,27681.0,9058
2015-04-16 08:00:00+00:00,27685.0,27840.0,27612.0,27734.0,9276
2015-04-16 12:00:00+00:00,27735.0,27806.0,27682.0,27713.0,1470
2015-04-16 16:00:00+00:00,27714.0,27745.0,27695.0,27695.0,977
2015-04-17 04:00:00+00:00,27794.0,27990.0,27759.0,27892.0,9595
2015-04-17 08:00:00+00:00,27885.0,27935.0,27624.0,27682.0,9495
2015-04-17 12:00:00+00:00,27688.0,27700.0,26962.0,27003.0,6163
2015-04-17 16:00:00+00:00,27002.0,27091.0,26935.0,26975.0,2829
2015-04-20 04:00:00+00:00,27615.0,27929.0,27556.0,27666.0,10762
2015-04-20 08:00:00+00:00,27671.0,27685.0,27019.0,27139.0,12521
2015-04-20 12:00:00+00:00,27146.0,27294.0,27122.0,27218.0,2005
2015-04-20 16:00:00+00:00,27219.0,27339.0,27200.0,27307.0,1297
2015-04-21 04:00:00+00:00,27462.0,27725.0,27419.0,27685.0,9373
2015-04-21 08:00:00+00:00,27689.0,27983.0,27584.0,27873.0,10802
2015-04-21 12:00:00+00:00,27864.0,27961.0,27706.0,27961.0,2004
2015-04-21 16:00:00+00:00,27962.0,28035.0,27951.0,27969.0,1591
2015-04-22 04:00:00+00:00,27921.0,28088.0,27736.0,27932.0,10290
2015-04-22 08:00:00+00:00,27942.0,28008.0,27779.0,27802.0,10723
2015-04-22 12:00:00+00:00,27806.0,27888.0,27702.0,27882.0,2124
2015-04-22 16:00:00+00:00,27883.0,28001.0,27883.0,27995.0,1679
2015-04-23 04:00:00+00:00,28106.0,28208.0,27970.0,28130.0,10030
2015-04-23 08:00:00+00:00,28121.0,28140.0,27787.0,27791.0,11001
2015-04-23 12:00:00+00:00,27815.0,27893.0,27739.0,27825.0,2020
2015-04-23 16:00:00+00:00,27826.0,27858.0,27781.0,27840.0,999
2015-04-24 04:00:00+00:00,27911.0,27953.0,27616.0,27651.0,10801
2015-04-24 08:00:00+00:00,27652.0,28091.0,27578.0,28028.0,11725
2015-04-24 12:00:00+00:00,28064.0,28183.0,28062.0,28162.0,1458
2015-04-24 16:00:00+00:00,28157.0,28167.0,28124.0,28143.0,914
2015-04-27 04:00:00+00:00,28126.0,28544.0,28092.0,28431.0,4907
2015-04-27 08:00:00+00:00,28442.0,28618.0,28383.0,28408.0,5317
2015-04-27 12:00:00+00:00,28429.0,28460.0,28392.0,28451.0,957
2015-04-27 16:00:00+00:00,28450.0,28487.0,28429.0,28468.0,787
2015-04-28 04:00:00+00:00,28395.0,28508.0,28230.0,28384.0,9550
2015-04-28 08:00:00+00:00,28386.0,28443.0,28245.0,28443.0,6742
2015-04-28 12:00:00+00:00,28426.0,28496.0,28425.0,28474.0,964
2015-04-28 16:00:00+00:00,28475.0,28493.0,28419.0,28479.0,652
2015-04-29 04:00:00+00:00,28445.0,28457.0,28232.0,28319.0,8311
2015-04-29 08:00:00+00:00,28314.0,28444.0,28187.0,28434.0,9100
2015-04-29 12:00:00+00:00,28467.0,28468.0,28370.0,28375.0,1086
2015-04-29 16:00:00+00:00,28374.0,28404.0,28304.0,28312.0,1223
2015-04-30 04:00:00+00:00,28216.0,28339.0,27984.0,28139.0,9720
2015-04-30 08:00:00+00:00,28122.0,28280.0,28061.0,28165.0,9768
2015-04-30 12:00:00+00:00,28186.0,28195.0,28119.0,28182.0,1094
2015-04-30 16:00:00+00:00,28181.0,28182.0,28105.0,28117.0,1509
2015-05-04 04:00:00+00:00,28126.0,28392.0,28001.0,28239.0,8987
2015-05-04 08:00:00+00:00,28243.0,28255.0,28136.0,28205.0,7160
2015-05-04 12:00:00+00:00,28226.0,28255.0,28195.0,28217.0,839
2015-05-04 16:00:00+00:00,28216.0,28298.0,28200.0,28289.0,1066
2015-05-05 04:00:00+00:00,28303.0,28346.0,27802.0,27832.0,9555
2015-05-05 08:00:00+00:00,27828.0,27864.0,27554.0,27829.0,11393
2015-05-05 12:00:00+00:00,27823.0,27831.0,27771.0,27805.0,1287
2015-05-05 16:00:00+00:00,27804.0,27821.0,27696.0,27696.0,1211
2015-05-06 04:00:00+00:00,27674.0,28076.0,27654.0,28030.0,9333
2015-05-06 08:00:00+00:00,28022.0,28044.0,27551.0,27703.0,11395
2015-05-06 12:00:00+00:00,27698.0,27727.0,27680.0,27706.0,951
2015-05-06 16:00:00+00:00,27707.0,27730.0,27548.0,27574.0,1932
2015-05-07 04:00:00+00:00,27526.0,27610.0,27440.0,27491.0,9267
2015-05-07 08:00:00+00:00,27478.0,27518.0,27171.0,27239.0,10401
2015-05-07 12:00:00+00:00,27227.0,27236.0,27037.0,27204.0,2490
2015-05-07 16:00:00+00:00,27206.0,27322.0,27168.0,27317.0,2118
2015-05-08 04:00:00+00:00,27375.0,27562.0,27375.0,27473.0,8529
2015-05-08 08:00:00+00:00,27471.0,27659.0,27333.0,27548.0,10810
2015-05-08 12:00:00+00:00,27557.0,27684.0,27536.0,27664.0,1290
2015-05-08 16:00:00+00:00,27665.0,27788.0,27656.0,27788.0,1733
2015-05-11 04:00:00+00:00,27832.0,27845.0,27536.0,27681.0,8782
2015-05-11 08:00:00+00:00,27685.0,27823.0,27663.0,27702.0,8152
2015-05-11 12:00:00+00:00,27701.0,27774.0,27691.0,27757.0,1259
2015-05-11 16:00:00+00:00,27756.0,27790.0,27690.0,27718.0,1553
2015-05-12 04:00:00+00:00,27677.0,27688.0,27506.0,27611.0,8255
2015-05-12 08:00:00+00:00,27612.0,27633.0,27377.0,27392.0,8306
2015-05-12 12:00:00+00:00,27355.0,27376.0,27213.0,27277.0,1954
2015-05-12 16:00:00+00:00,27276.0,27334.0,27248.0,27313.0,1948
2015-05-13 04:00:00+00:00,27443.0,27531.0,27333.0,27468.0,7679
2015-05-13 08:00:00+00:00,27472.0,27497.0,27154.0,27238.0,8886
2015-05-13 12:00:00+00:00,27236.0,27270.0,27106.0,27207.0,2041
2015-05-13 16:00:00+00:00,27206.0,27307.0,27155.0,27244.0,1689
2015-05-14 04:00:00+00:00,27309.0,27342.0,27168.0,27296.0,8759
2015-05-14 08:00:00+00:00,27298.0,27322.0,27164.0,27284.0,7703
2015-05-14 12:00:00+00:00,27315.0,27325.0,27294.0,27320.0,967
2015-05-14 16:00:00+00:00,27321.0,27401.0,27319.0,27376.0,1335
2015-05-15 04:00:00+00:00,27400.0,27464.0,27304.0,27398.0,8463
2015-05-15 08:00:00+00:00,27401.0,27984.0,27354.0,27925.0,11799
2015-05-15 12:00:00+00:00,27910.0,27987.0,27910.0,27946.0,881
2015-05-15 16:00:00+00:00,27944.0,27952.0,27854.0,27878.0,1216
2015-05-18 04:00:00+00:00,27818.0,27829.0,27583.0,27591.0,8070
2015-05-18 08:00:00+00:00,27597.0,27599.0,27409.0,27570.0,9117
2015-05-18 12:00:00+00:00,27569.0,27579.0,27498.0,27519.0,1134
2015-05-18 16:00:00+00:00,27516.0,27586.0,27500.0,27578.0,1232
2015-05-19 04:00:00+00:00,27590.0,27720.0,27474.0,27673.0,8609
2015-05-19 08:00:00+00:00,27679.0,27757.0,27598.0,27740.0,7544
2015-05-19 12:00:00+00:00,27733.0,27748.0,27715.0,27727.0,643
2015-05-19 16:00:00+00:00,27728.0,27734.0,27669.0,27713.0,1621
2015-05-20 04:00:00+00:00,27767.0,27768.0,27515.0,27618.0,8107
2015-05-20 08:00:00+00:00,27625.0,27680.0,27464.0,27519.0,7975
2015-05-20 12:00:00+00:00,27521.0,27538.0,27489.0,27530.0,784
2015-05-20 16:00:00+00:00,27531.0,27589.0,27513.0,27551.0,875
2015-05-21 04:00:00+00:00,27499.0,27593.0,27378.0,27561.0,7985
2015-05-21 08:00:00+00:00,27566.0,27639.0,27421.0,27609.0,8242
2015-05-21 12:00:00+00:00,27603.0,27658.0,27567.0,27633.0,1053
2015-05-21 16:00:00+00:00,27632.0,27656.0,27620.0,27651.0,969
2015-05-22 04:00:00+00:00,27652.0,27945.0,27652.0,27928.0,9030
2015-05-22 08:00:00+00:00,27932.0,28056.0,27928.0,27976.0,8096
2015-05-22 12:00:00+00:00,27999.0,28285.0,27985.0,28217.0,1758
2015-05-22 16:00:00+00:00,28230.0,28232.0,28190.0,28201.0,1142
2015-05-26 04:00:00+00:00,28385.0,28551.0,28316.0,28401.0,10768
2015-05-26 08:00:00+00:00,28404.0,28404.0,28250.0,28275.0,9615
2015-05-26 12:00:00+00:00,28287.0,28433.0,28287.0,28407.0,1988
2015-05-26 16:00:00+00:00,28406.0,28435.0,28233.0,28273.0,1952
2015-05-27 04:00:00+00:00,28277.0,28370.0,28149.0,28171.0,8734
2015-05-27 08:00:00+00:00,28174.0,28174.0,27985.0,28028.0,8339
2015-05-27 12:00:00+00:00,28044.0,28054.0,27970.0,28004.0,1198
2015-05-27 16:00:00+00:00,28006.0,28068.0,27959.0,28068.0,1443
2015-05-28 04:00:00+00:00,28092.0,28137.0,27660.0,27725.0,9710
2015-05-28 08:00:00+00:00,27726.0,27744.0,27232.0,27430.0,16318
2015-05-28 12:00:00+00:00,27447.0,27498.0,27345.0,27448.0,1842
2015-05-28 16:00:00+00:00,27453.0,27508.0,27392.0,27453.0,1553
2015-05-29 04:00:00+00:00,27470.0,27559.0,27264.0,27524.0,12293
2015-05-29 08:00:00+00:00,27527.0,27621.0,27401.0,27472.0,11315
2015-05-29 12:00:00+00:00,27487.0,27502.0,27432.0,27478.0,1451
2015-05-29 16:00:00+00:00,27477.0,27518.0,27373.0,27393.0,1796
2015-06-01 04:00:00+00:00,27369.0,27775.0,27301.0,27678.0,11393
2015-06-01 08:00:00+00:00,27690.0,27851.0,27453.0,27478.0,9801
2015-06-01 12:00:00+00:00,27481.0,27538.0,27340.0,27532.0,2001
2015-06-01 16:00:00+00:00,27531.0,27538.0,27448.0,27474.0,1989
2015-06-02 04:00:00+00:00,27469.0,27665.0,27391.0,27451.0,10274
2015-06-02 08:00:00+00:00,27459.0,27596.0,27403.0,27470.0,8622
2015-06-02 12:00:00+00:00,27414.0,27525.0,27378.0,27489.0,1370
2015-06-02 16:00:00+00:00,27490.0,27550.0,27468.0,27532.0,1501
2015-06-03 04:00:00+00:00,27544.0,27796.0,27456.0,27668.0,12677
2015-06-03 08:00:00+00:00,27667.0,27742.0,27603.0,27661.0,9227
2015-06-03 12:00:00+00:00,27658.0,27753.0,27645.0,27713.0,1244
2015-06-03 16:00:00+00:00,27711.0,27811.0,27702.0,27772.0,1354
2015-06-04 04:00:00+00:00,27591.0,27898.0,26876.0,27237.0,15545
2015-06-04 08:00:00+00:00,27235.0,27729.0,27088.0,27674.0,15404
2015-06-04 12:00:00+00:00,27647.0,27661.0,27584.0,27623.0,1381
2015-06-04 16:00:00+00:00,27621.0,27642.0,27558.0,27560.0,1248
2015-06-05 04:00:00+00:00,27537.0,27663.0,27259.0,27262.0,14443
2015-06-05 08:00:00+00:00,27243.0,27373.0,27215.0,27242.0,11488
2015-06-05 12:00:00+00:00,27244.0,27260.0,27145.0,27174.0,1566
2015-06-05 16:00:00+00:00,27175.0,27262.0,27123.0,27217.0,2024
2015-06-08 04:00:00+00:00,27169.0,27434.0,27052.0,27357.0,13247
2015-06-08 08:00:00+00:00,27359.0,27451.0,27266.0,27278.0,9778
2015-06-08 12:00:00+00:00,27313.0,27313.0,27290.0,27294.0,521
2015-06-08 16:00:00+00:00,27290.0,27323.0,27258.0,27315.0,1132
2015-06-09 04:00:00+00:00,27271.0,27342.0,26978.0,27046.0,13557
2015-06-09 08:00:00+00:00,27045.0,27153.0,26954.0,26986.0,10968
2015-06-09 12:00:00+00:00,26956.0,26965.0,26889.0,26925.0,1879
2015-06-09 16:00:00+00:00,26927.0,26977.0,26918.0,26977.0,1360
2015-06-10 04:00:00+00:00,26949.0,27107.0,26918.0,27028.0,11338
2015-06-10 08:00:00+00:00,27022.0,27114.0,26524.0,26620.0,12102
2015-06-10 12:00:00+00:00,26643.0,26699.0,26595.0,26600.0,1236
2015-06-10 16:00:00+00:00,26598.0,26822.0,26598.0,26813.0,1421
2015-06-11 04:00:00+00:00,26853.0,26965.0,26812.0,26890.0,11403
2015-06-11 08:00:00+00:00,26896.0,26989.0,26817.0,26988.0,7198
2015-06-11 12:00:00+00:00,26975.0,27127.0,26963.0,27125.0,1145
2015-06-11 16:00:00+00:00,27127.0,27159.0,27036.0,27061.0,1488
2015-06-12 04:00:00+00:00,27071.0,27190.0,27028.0,27083.0,9939
2015-06-12 08:00:00+00:00,27074.0,27408.0,26978.0,27352.0,8717
2015-06-12 12:00:00+00:00,27365.0,27368.0,27278.0,27283.0,1361
2015-06-12 16:00:00+00:00,27284.0,27297.0,27244.0,27263.0,1290
2015-06-15 04:00:00+00:00,27086.0,27119.0,26852.0,26908.0,9569
2015-06-15 08:00:00+00:00,26900.0,26984.0,26823.0,26841.0,8218
2015-06-15 12:00:00+00:00,26834.0,26834.0,26722.0,26749.0,1253
2015-06-15 16:00:00+00:00,26748.0,26755.0,26674.0,26705.0,1394
2015-06-16 04:00:00+00:00,26749.0,26883.0,26624.0,26774.0,12079
2015-06-16 08:00:00+00:00,26766.0,26772.0,26515.0,26519.0,9769
2015-06-16 12:00:00+00:00,26531.0,26531.0,26408.0,26479.0,1488
2015-06-16 16:00:00+00:00,26474.0,26601.0,26473.0,26589.0,1404
2015-06-17 04:00:00+00:00,26586.0,26761.0,26540.0,26672.0,11987
2015-06-17 08:00:00+00:00,26681.0,26928.0,26658.0,26785.0,11011
2015-06-17 12:00:00+00:00,26806.0,26821.0,26717.0,26724.0,1061
2015-06-17 16:00:00+00:00,26725.0,26758.0,26693.0,26700.0,804
2015-06-18 04:00:00+00:00,26699.0,26821.0,26638.0,26737.0,10898
2015-06-18 08:00:00+00:00,26762.0,26929.0,26572.0,26714.0,11277
2015-06-18 12:00:00+00:00,26717.0,26764.0,26643.0,26723.0,1425
2015-06-18 16:00:00+00:00,26724.0,26871.0,26710.0,26864.0,1241
2015-06-19 04:00:00+00:00,26873.0,27014.0,26780.0,26984.0,11391
2015-06-19 08:00:00+00:00,26985.0,27001.0,26703.0,26865.0,13042
2015-06-19 12:00:00+00:00,26868.0,26905.0,26819.0,26819.0,1215
2015-06-19 16:00:00+00:00,26820.0,26889.0,26819.0,26879.0,977
2015-06-22 04:00:00+00:00,26889.0,26966.0,26818.0,26875.0,4652
2015-06-22 08:00:00+00:00,26884.0,27199.0,26828.0,27130.0,5454
2015-06-22 12:00:00+00:00,27161.0,27180.0,27132.0,27147.0,1038
2015-06-22 16:00:00+00:00,27145.0,27201.0,27093.0,27193.0,1440
2015-06-23 04:00:00+00:00,27124.0,27260.0,26995.0,27168.0,14477
2015-06-23 08:00:00+00:00,27158.0,27412.0,27145.0,27384.0,12627
2015-06-23 12:00:00+00:00,27372.0,27429.0,27349.0,27381.0,1158
2015-06-23 16:00:00+00:00,27382.0,27412.0,27356.0,27371.0,952
2015-06-24 04:00:00+00:00,27292.0,27425.0,27291.0,27366.0,10335
2015-06-24 08:00:00+00:00,27369.0,27420.0,27278.0,27379.0,8347
2015-06-24 12:00:00+00:00,27366.0,27467.0,27221.0,27436.0,2504
2015-06-24 16:00:00+00:00,27437.0,27458.0,27390.0,27392.0,1478
2015-06-25 04:00:00+00:00,27256.0,27322.0,27198.0,27301.0,9980
2015-06-25 08:00:00+00:00,27300.0,27307.0,27116.0,27199.0,8532
2015-06-25 12:00:00+00:00,27196.0,27215.0,27139.0,27188.0,1194
2015-06-25 16:00:00+00:00,27187.0,27189.0,27100.0,27113.0,1572
2015-06-26 04:00:00+00:00,27089.0,27089.0,26657.0,26692.0,14682
2015-06-26 08:00:00+00:00,26681.0,26797.0,26484.0,26797.0,12122
2015-06-26 12:00:00+00:00,26786.0,26786.0,26678.0,26698.0,2492
2015-06-26 16:00:00+00:00,26700.0,26757.0,26667.0,26681.0,1609
2015-06-29 04:00:00+00:00,26594.0,26654.0,25928.0,25928.0,14739
2015-06-29 08:00:00+00:00,25931.0,26097.0,25571.0,25925.0,17486
2015-06-29 12:00:00+00:00,25920.0,26019.0,25877.0,25988.0,2074
2015-06-29 16:00:00+00:00,25986.0,26043.0,25885.0,25897.0,1810
2015-06-30 04:00:00+00:00,25908.0,26294.0,25876.0,26266.0,14762
2015-06-30 08:00:00+00:00,26272.0,26507.0,26197.0,26217.0,12050
2015-06-30 12:00:00+00:00,26238.0,26343.0,26212.0,26272.0,2445
2015-06-30 16:00:00+00:00,26273.0,26281.0,26094.0,26116.0,2573
2015-07-02 04:00:00+00:00,26269.0,26443.0,26128.0,26398.0,12470
2015-07-02 08:00:00+00:00,26409.0,26451.0,26234.0,26341.0,11476
2015-07-02 12:00:00+00:00,26350.0,26359.0,26285.0,26345.0,1225
2015-07-02 16:00:00+00:00,26346.0,26400.0,26302.0,26330.0,1143
2015-07-03 04:00:00+00:00,26354.0,26432.0,26078.0,26232.0,14357
2015-07-03 08:00:00+00:00,26253.0,26353.0,25895.0,26005.0,14623
2015-07-03 12:00:00+00:00,26011.0,26030.0,25955.0,25965.0,957
2015-07-03 16:00:00+00:00,25966.0,26003.0,25936.0,25980.0,719
2015-07-06 04:00:00+00:00,25982.0,26348.0,25054.0,25216.0,17705
2015-07-06 08:00:00+00:00,25197.0,25341.0,24729.0,25281.0,18242
2015-07-06 12:00:00+00:00,25286.0,25343.0,25204.0,25299.0,1859
2015-07-06 16:00:00+00:00,25301.0,25478.0,25244.0,25422.0,1821
2015-07-07 04:00:00+00:00,25443.0,25464.0,24862.0,24960.0,15678
2015-07-07 08:00:00+00:00,24948.0,25180.0,24834.0,25015.0,14980
2015-07-07 12:00:00+00:00,24992.0,25007.0,24739.0,24749.0,2063
2015-07-07 16:00:00+00:00,24748.0,24748.0,24175.0,24242.0,3777
2015-07-08 04:00:00+00:00,24403.0,24484.0,23695.0,23895.0,17819
2015-07-08 08:00:00+00:00,23889.0,24049.0,22707.0,23165.0,20701
2015-07-08 12:00:00+00:00,23158.0,23493.0,23118.0,23452.0,3013
2015-07-08 16:00:00+00:00,23455.0,23672.0,23411.0,23587.0,2936
2015-07-09 04:00:00+00:00,23393.0,24577.0,23253.0,24288.0,18837
2015-07-09 08:00:00+00:00,24300.0,24690.0,24264.0,24463.0,15036
2015-07-10 04:00:00+00:00,24460.0,24937.0,24428.0,24879.0,15303
2015-07-10 08:00:00+00:00,24878.0,25000.0,24766.0,24936.0,12111
2015-07-10 12:00:00+00:00,24921.0,25032.0,24915.0,25019.0,2216
2015-07-10 16:00:00+00:00,25020.0,25044.0,24795.0,24906.0,2862
2015-07-13 04:00:00+00:00,24868.0,25024.0,24561.0,24935.0,15888
2015-07-13 08:00:00+00:00,24934.0,25275.0,24847.0,25207.0,14449
2015-07-13 12:00:00+00:00,25210.0,25247.0,25157.0,25191.0,1134
2015-07-13 16:00:00+00:00,25190.0,25274.0,25183.0,25209.0,2030
2015-07-14 04:00:00+00:00,25218.0,25220.0,24994.0,25054.0,13198
2015-07-14 08:00:00+00:00,25061.0,25104.0,24883.0,25058.0,13188
2015-07-14 12:00:00+00:00,25063.0,25096.0,25022.0,25057.0,1427
2015-07-14 16:00:00+00:00,25054.0,25145.0,25035.0,25132.0,1245
2015-07-15 04:00:00+00:00,25157.0,25220.0,24950.0,25009.0,12887
2015-07-15 08:00:00+00:00,25007.0,25110.0,24854.0,25069.0,12220
2015-07-15 12:00:00+00:00,25102.0,25126.0,25039.0,25053.0,808
2015-07-15 16:00:00+00:00,25054.0,25083.0,25031.0,25043.0,1387
2015-07-16 04:00:00+00:00,25094.0,25153.0,24843.0,25055.0,13904
2015-07-16 08:00:00+00:00,25061.0,25167.0,24970.0,25110.0,10947
2015-07-16 12:00:00+00:00,25131.0,25137.0,25087.0,25119.0,974
2015-07-16 16:00:00+00:00,25120.0,25216.0,25118.0,25215.0,1053
2015-07-17 04:00:00+00:00,25207.0,25450.0,25168.0,25397.0,11779
2015-07-17 08:00:00+00:00,25395.0,25519.0,25372.0,25456.0,9743
2015-07-17 12:00:00+00:00,25454.0,25521.0,25438.0,25500.0,1099
2015-07-17 16:00:00+00:00,25501.0,25509.0,25405.0,25450.0,1228
2015-07-20 04:00:00+00:00,25570.0,25576.0,25308.0,25361.0,11696
2015-07-20 08:00:00+00:00,25368.0,25457.0,25299.0,25423.0,9852
2015-07-20 12:00:00+00:00,25427.0,25454.0,25399.0,25410.0,534
2015-07-20 16:00:00+00:00,25411.0,25439.0,25323.0,25408.0,978
2015-07-21 04:00:00+00:00,25407.0,25566.0,25323.0,25492.0,11116
2015-07-21 08:00:00+00:00,25491.0,25654.0,25468.0,25553.0,8611
2015-07-21 12:00:00+00:00,25545.0,25564.0,25530.0,25532.0,666
2015-07-21 16:00:00+00:00,25530.0,25559.0,25452.0,25477.0,1064
2015-07-22 04:00:00+00:00,25400.0,25426.0,25228.0,25244.0,10771
2015-07-22 08:00:00+00:00,25241.0,25291.0,25170.0,25257.0,7750
2015-07-22 12:00:00+00:00,25251.0,25265.0,25211.0,25222.0,971
2015-07-22 16:00:00+00:00,25221.0,25274.0,25208.0,25214.0,1208
2015-07-23 04:00:00+00:00,25307.0,25530.0,25279.0,25462.0,9850
2015-07-23 08:00:00+00:00,25450.0,25479.0,25371.0,25401.0,6812
2015-07-23 12:00:00+00:00,25396.0,25421.0,25369.0,25373.0,848
2015-07-23 16:00:00+00:00,25372.0,25388.0,25291.0,25295.0,1167
2015-07-24 04:00:00+00:00,25290.0,25298.0,25036.0,25132.0,9999
2015-07-24 08:00:00+00:00,25125.0,25259.0,25068.0,25177.0,9085
2015-07-24 12:00:00+00:00,25184.0,25184.0,25148.0,25152.0,901
2015-07-24 16:00:00+00:00,25153.0,25158.0,24960.0,24985.0,1174
2015-07-27 04:00:00+00:00,24902.0,24930.0,24387.0,24387.0,12007
2015-07-27 08:00:00+00:00,24393.0,24489.0,24257.0,24349.0,11687
2015-07-27 12:00:00+00:00,24357.0,24398.0,24127.0,24129.0,2129
2015-07-27 16:00:00+00:00,24130.0,24362.0,24025.0,24329.0,2832
2015-07-28 04:00:00+00:00,24339.0,24996.0,24176.0,24746.0,17277
2015-07-28 08:00:00+00:00,24761.0,24775.0,24454.0,24482.0,13206
2015-07-28 12:00:00+00:00,24496.0,24595.0,24496.0,24570.0,1380
2015-07-28 16:00:00+00:00,24569.0,24569.0,24430.0,24554.0,1442
2015-07-29 04:00:00+00:00,24615.0,24726.0,24488.0,24536.0,11733
2015-07-29 08:00:00+00:00,24537.0,24680.0,24456.0,24627.0,8487
2015-07-29 12:00:00+00:00,24629.0,24690.0,24610.0,24641.0,2434
2015-07-29 16:00:00+00:00,24639.0,24768.0,24629.0,24768.0,2234
2015-07-30 04:00:00+00:00,24812.0,24890.0,24558.0,24568.0,12611
2015-07-30 08:00:00+00:00,24561.0,24703.0,24431.0,24477.0,10773
2015-07-30 12:00:00+00:00,24480.0,24525.0,24449.0,24484.0,1087
2015-07-30 16:00:00+00:00,24485.0,24518.0,24422.0,24501.0,1210
2015-07-31 04:00:00+00:00,24577.0,24758.0,24502.0,24599.0,11758
2015-07-31 08:00:00+00:00,24598.0,24630.0,24462.0,24578.0,8406
2015-07-31 12:00:00+00:00,24581.0,24643.0,24556.0,24640.0,944
2015-07-31 16:00:00+00:00,24643.0,24740.0,24643.0,24709.0,1362
2015-08-03 04:00:00+00:00,24598.0,24602.0,24169.0,24320.0,11476
2015-08-03 08:00:00+00:00,24356.0,24440.0,24228.0,24332.0,8815
2015-08-03 12:00:00+00:00,24336.0,24377.0,24315.0,24355.0,1193
2015-08-03 16:00:00+00:00,24354.0,24358.0,24231.0,24300.0,1155
2015-08-04 04:00:00+00:00,24271.0,24497.0,24206.0,24382.0,10846
2015-08-04 08:00:00+00:00,24380.0,24533.0,24321.0,24321.0,7737
2015-08-04 12:00:00+00:00,24330.0,24358.0,24310.0,24349.0,817
2015-08-04 16:00:00+00:00,24350.0,24451.0,24348.0,24410.0,1216
2015-08-05 04:00:00+00:00,24381.0,24580.0,24350.0,24452.0,8855
2015-08-05 08:00:00+00:00,24457.0,24535.0,24417.0,24525.0,6014
2015-08-05 12:00:00+00:00,24532.0,24653.0,24532.0,24629.0,1207
2015-08-05 16:00:00+00:00,24630.0,24669.0,24625.0,24643.0,1112
2015-08-06 04:00:00+00:00,24601.0,24606.0,24288.0,24369.0,9657
2015-08-06 08:00:00+00:00,24358.0,24400.0,24289.0,24369.0,6746
2015-08-06 12:00:00+00:00,24370.0,24390.0,24352.0,24373.0,900
2015-08-06 16:00:00+00:00,24374.0,24398.0,24220.0,24242.0,1358
2015-08-07 04:00:00+00:00,24203.0,24628.0,24201.0,24592.0,10276
2015-08-07 08:00:00+00:00,24594.0,24645.0,24498.0,24507.0,6791
2015-08-07 12:00:00+00:00,24533.0,24546.0,24493.0,24523.0,674
2015-08-07 16:00:00+00:00,24524.0,24528.0,24392.0,24402.0,1155
2015-08-10 04:00:00+00:00,24414.0,24559.0,24042.0,24472.0,11197
2015-08-10 08:00:00+00:00,24480.0,24602.0,24437.0,24458.0,7536
2015-08-10 12:00:00+00:00,24477.0,24514.0,24435.0,24502.0,1123
2015-08-10 16:00:00+00:00,24501.0,24653.0,24498.0,24642.0,1151
2015-08-11 04:00:00+00:00,24679.0,24874.0,24632.0,24730.0,10180
2015-08-11 08:00:00+00:00,24727.0,24739.0,24367.0,24438.0,8545
2015-08-11 12:00:00+00:00,24407.0,24426.0,24252.0,24268.0,2111
2015-08-11 16:00:00+00:00,24269.0,24333.0,24223.0,24252.0,1769
2015-08-12 04:00:00+00:00,24336.0,24341.0,23988.0,24062.0,11938
2015-08-12 08:00:00+00:00,24055.0,24055.0,23773.0,23773.0,10830
2015-08-12 12:00:00+00:00,23750.0,23865.0,23686.0,23805.0,2005
2015-08-12 16:00:00+00:00,23807.0,23831.0,23672.0,23680.0,1411
2015-08-13 04:00:00+00:00,23871.0,24095.0,23795.0,23990.0,10153
2015-08-13 08:00:00+00:00,23992.0,24075.0,23935.0,24069.0,8232
2015-08-13 12:00:00+00:00,24067.0,24146.0,24042.0,24045.0,1618
2015-08-13 16:00:00+00:00,24044.0,24072.0,23970.0,24024.0,1581
2015-08-14 04:00:00+00:00,24001.0,24142.0,23983.0,24050.0,7925
2015-08-14 08:00:00+00:00,24049.0,24065.0,23929.0,23973.0,6935
2015-08-14 12:00:00+00:00,23955.0,23967.0,23926.0,23941.0,745
2015-08-14 16:00:00+00:00,23937.0,24012.0,23935.0,24003.0,790
2015-08-17 04:00:00+00:00,24035.0,24037.0,23683.0,23730.0,9128
2015-08-17 08:00:00+00:00,23732.0,23875.0,23721.0,23808.0,7690
2015-08-17 12:00:00+00:00,23809.0,23846.0,23747.0,23749.0,880
2015-08-17 16:00:00+00:00,23750.0,23830.0,23713.0,23816.0,1316
2015-08-18 04:00:00+00:00,23918.0,24011.0,23737.0,23775.0,8863
2015-08-18 08:00:00+00:00,23766.0,23769.0,23425.0,23458.0,12198
2015-08-18 12:00:00+00:00,23466.0,23469.0,23412.0,23466.0,1225
2015-08-18 16:00:00+00:00,23465.0,23536.0,23437.0,23500.0,1186
2015-08-19 04:00:00+00:00,23520.0,23544.0,23093.0,23200.0,12138
2015-08-19 08:00:00+00:00,23207.0,23325.0,23086.0,23096.0,11070
2015-08-19 12:00:00+00:00,23090.0,23183.0,23073.0,23150.0,1126
2015-08-19 16:00:00+00:00,23151.0,23161.0,22829.0,22831.0,1876
2015-08-20 04:00:00+00:00,22860.0,22994.0,22646.0,22839.0,11437
2015-08-20 08:00:00+00:00,22834.0,22852.0,22534.0,22690.0,11982
2015-08-20 12:00:00+00:00,22653.0,22671.0,22544.0,22600.0,1945
2015-08-20 16:00:00+00:00,22601.0,22625.0,22442.0,22468.0,2125
2015-08-21 04:00:00+00:00,22335.0,22399.0,22152.0,22165.0,12236
2015-08-21 08:00:00+00:00,22141.0,22522.0,22121.0,22499.0,12819
2015-08-21 12:00:00+00:00,22503.0,22514.0,22315.0,22388.0,2646
2015-08-21 16:00:00+00:00,22387.0,22389.0,22024.0,22064.0,3567
2015-08-24 04:00:00+00:00,21670.0,21695.0,21304.0,21345.0,16181
2015-08-24 08:00:00+00:00,21346.0,21489.0,21097.0,21150.0,16053
2015-08-24 12:00:00+00:00,21165.0,21257.0,20510.0,20534.0,3851
2015-08-24 16:00:00+00:00,20535.0,21008.0,20085.0,20695.0,4766
2015-08-25 04:00:00+00:00,20820.0,21862.0,20812.0,21602.0,17977
2015-08-25 08:00:00+00:00,21570.0,21635.0,20831.0,21582.0,19822
2015-08-25 12:00:00+00:00,21606.0,22439.0,21599.0,22078.0,4399
2015-08-25 16:00:00+00:00,22075.0,22149.0,21824.0,21998.0,2618
2015-08-26 04:00:00+00:00,21536.0,21578.0,21065.0,21459.0,16492
2015-08-26 08:00:00+00:00,21538.0,21702.0,21021.0,21121.0,18289
2015-08-26 12:00:00+00:00,21089.0,21389.0,21063.0,21299.0,2742
2015-08-26 16:00:00+00:00,21300.0,21376.0,20972.0,21016.0,3236
2015-08-27 04:00:00+00:00,21621.0,21693.0,21440.0,21584.0,13846
2015-08-27 08:00:00+00:00,21576.0,22000.0,21387.0,21789.0,14378
2015-08-27 12:00:00+00:00,21816.0,21901.0,21772.0,21887.0,2590
2015-08-27 16:00:00+00:00,21890.0,22112.0,21875.0,22074.0,2566
2015-08-28 04:00:00+00:00,22230.0,22230.0,21860.0,21896.0,13541
2015-08-28 08:00:00+00:00,21924.0,21982.0,21477.0,21628.0,13207
2015-08-28 12:00:00+00:00,21607.0,21661.0,21511.0,21581.0,1701
2015-08-28 16:00:00+00:00,21579.0,21740.0,21547.0,21679.0,2089
2015-08-31 04:00:00+00:00,21554.0,21712.0,21323.0,21377.0,12935
2015-08-31 08:00:00+00:00,21389.0,21703.0,21348.0,21562.0,14264
2015-08-31 12:00:00+00:00,21576.0,21630.0,21539.0,21564.0,1120
2015-08-31 16:00:00+00:00,21562.0,21648.0,21411.0,21635.0,2572
2015-09-01 04:00:00+00:00,21430.0,21578.0,21343.0,21523.0,13176
2015-09-01 08:00:00+00:00,21515.0,21535.0,20971.0,20986.0,13179
2015-09-01 12:00:00+00:00,20946.0,20982.0,20765.0,20783.0,2845
2015-09-01 16:00:00+00:00,20780.0,20916.0,20744.0,20839.0,2795
2015-09-02 04:00:00+00:00,20909.0,21211.0,20715.0,21173.0,14837
2015-09-02 08:00:00+00:00,21223.0,21290.0,20777.0,20793.0,15507
2015-09-02 12:00:00+00:00,20762.0,20848.0,20673.0,20842.0,1928
2015-09-02 16:00:00+00:00,20843.0,20891.0,20656.0,20741.0,2051
2015-09-04 04:00:00+00:00,20939.0,21098.0,20704.0,20780.0,8521
2015-09-04 08:00:00+00:00,20740.0,20859.0,20641.0,20713.0,10189
2015-09-04 12:00:00+00:00,20669.0,20776.0,20523.0,20608.0,2226
2015-09-04 16:00:00+00:00,20588.0,20643.0,20485.0,20522.0,2164
2015-09-07 04:00:00+00:00,20483.0,21049.0,20450.0,20866.0,14706
2015-09-07 08:00:00+00:00,20864.0,20871.0,20463.0,20494.0,11542
2015-09-07 12:00:00+00:00,20469.0,20558.0,20425.0,20501.0,1985
2015-09-07 16:00:00+00:00,20498.0,20561.0,20474.0,20561.0,998
2015-09-08 04:00:00+00:00,20619.0,20726.0,20435.0,20516.0,11080
2015-09-08 08:00:00+00:00,20515.0,21426.0,20515.0,21371.0,16501
2015-09-08 12:00:00+00:00,21366.0,21593.0,21320.0,21549.0,2543
2015-09-08 16:00:00+00:00,21543.0,21609.0,21455.0,21604.0,2557
2015-09-09 04:00:00+00:00,21568.0,21903.0,21436.0,21857.0,14099
2015-09-09 08:00:00+00:00,21870.0,22237.0,21773.0,22034.0,15879
2015-09-09 12:00:00+00:00,22045.0,22103.0,22005.0,22085.0,1322
2015-09-09 16:00:00+00:00,22086.0,22149.0,21907.0,21907.0,2332
2015-09-10 04:00:00+00:00,21604.0,21707.0,21506.0,21601.0,11671
2015-09-10 08:00:00+00:00,21594.0,21750.0,21419.0,21516.0,12737
2015-09-10 12:00:00+00:00,21494.0,21685.0,21374.0,21412.0,2786
2015-09-10 16:00:00+00:00,21413.0,21603.0,21396.0,21573.0,2667
2015-09-11 04:00:00+00:00,21684.0,21881.0,21547.0,21707.0,11486
2015-09-11 08:00:00+00:00,21693.0,21761.0,21402.0,21434.0,13050
2015-09-11 12:00:00+00:00,21378.0,21472.0,21330.0,21409.0,2045
2015-09-11 16:00:00+00:00,21406.0,21528.0,21392.0,21528.0,1628
2015-09-14 04:00:00+00:00,21667.0,21735.0,21385.0,21434.0,11456
2015-09-14 08:00:00+00:00,21440.0,21622.0,21399.0,21534.0,13012
2015-09-14 12:00:00+00:00,21512.0,21560.0,21462.0,21483.0,1570
2015-09-14 16:00:00+00:00,21482.0,21497.0,21361.0,21399.0,1815
2015-09-15 04:00:00+00:00,21533.0,21632.0,21416.0,21518.0,10110
2015-09-15 08:00:00+00:00,21516.0,21576.0,21376.0,21384.0,10218
2015-09-15 12:00:00+00:00,21380.0,21447.0,21339.0,21445.0,1521
2015-09-15 16:00:00+00:00,21442.0,21605.0,21422.0,21604.0,1583
2015-09-16 04:00:00+00:00,21726.0,21791.0,21602.0,21659.0,9443
2015-09-16 08:00:00+00:00,21680.0,22121.0,21594.0,22024.0,14734
2015-09-16 12:00:00+00:00,22021.0,22107.0,22021.0,22065.0,2388
2015-09-16 16:00:00+00:00,22064.0,22244.0,22058.0,22239.0,2315
2015-09-17 04:00:00+00:00,22174.0,22176.0,21956.0,22132.0,12227
2015-09-17 08:00:00+00:00,22130.0,22213.0,21652.0,21768.0,15872
2015-09-17 12:00:00+00:00,21779.0,21834.0,21723.0,21756.0,1757
2015-09-17 16:00:00+00:00,21753.0,21858.0,21723.0,21842.0,1867
2015-09-18 04:00:00+00:00,21722.0,22037.0,21684.0,21926.0,13756
2015-09-18 08:00:00+00:00,21937.0,22096.0,21793.0,22079.0,15083
2015-09-18 12:00:00+00:00,22015.0,22044.0,21759.0,21789.0,3334
2015-09-18 16:00:00+00:00,21783.0,21823.0,21612.0,21768.0,2960
2015-09-21 04:00:00+00:00,21627.0,21707.0,21454.0,21598.0,11995
2015-09-21 08:00:00+00:00,21613.0,21783.0,21603.0,21690.0,13315
2015-09-21 12:00:00+00:00,21751.0,21815.0,21724.0,21801.0,1730
2015-09-21 16:00:00+00:00,21799.0,21879.0,21745.0,21812.0,1813
2015-09-22 04:00:00+00:00,21797.0,21975.0,21732.0,21918.0,10490
2015-09-22 08:00:00+00:00,21919.0,22121.0,21569.0,21592.0,14327
2015-09-22 12:00:00+00:00,21574.0,21605.0,21378.0,21409.0,3317
2015-09-22 16:00:00+00:00,21410.0,21479.0,21331.0,21359.0,2331
2015-09-23 04:00:00+00:00,21471.0,21558.0,21062.0,21122.0,14386
2015-09-23 08:00:00+00:00,21113.0,21358.0,20962.0,21333.0,17745
2015-09-23 12:00:00+00:00,21402.0,21471.0,21330.0,21423.0,2491
2015-09-23 16:00:00+00:00,21424.0,21438.0,21272.0,21272.0,2691
2015-09-24 04:00:00+00:00,21347.0,21395.0,21052.0,21081.0,14330
2015-09-24 08:00:00+00:00,21088.0,21223.0,21025.0,21194.0,14813
2015-09-24 12:00:00+00:00,21172.0,21197.0,20873.0,20921.0,3359
2015-09-24 16:00:00+00:00,20920.0,20930.0,20804.0,20858.0,2813
2015-09-25 04:00:00+00:00,21042.0,21220.0,20950.0,21019.0,13503
2015-09-25 08:00:00+00:00,21049.0,21343.0,21048.0,21242.0,14584
2015-09-25 12:00:00+00:00,21307.0,21389.0,21303.0,21339.0,1932
2015-09-25 16:00:00+00:00,21338.0,21344.0,21211.0,21227.0,2008
2015-09-29 04:00:00+00:00,20631.0,20631.0,20286.0,20425.0,13632
2015-09-29 08:00:00+00:00,20427.0,20601.0,20413.0,20535.0,13436
2015-09-29 12:00:00+00:00,20595.0,20613.0,20536.0,20603.0,1770
2015-09-29 16:00:00+00:00,20604.0,20715.0,20523.0,20677.0,4008
2015-09-30 04:00:00+00:00,20812.0,20923.0,20740.0,20900.0,12775
2015-09-30 08:00:00+00:00,20912.0,20967.0,20796.0,20828.0,14202
2015-09-30 12:00:00+00:00,20867.0,20973.0,20852.0,20917.0,2284
2015-09-30 16:00:00+00:00,20918.0,21020.0,20910.0,20957.0,2447
2015-10-02 04:00:00+00:00,21220.0,21429.0,21142.0,21408.0,11569
2015-10-02 08:00:00+00:00,21398.0,21559.0,21359.0,21539.0,10190
2015-10-02 12:00:00+00:00,21559.0,21667.0,21397.0,21415.0,2680
2015-10-02 16:00:00+00:00,21413.0,21540.0,21274.0,21512.0,3007
2015-10-05 04:00:00+00:00,21840.0,22009.0,21825.0,21917.0,11078
2015-10-05 08:00:00+00:00,21921.0,21925.0,21723.0,21863.0,10778
2015-10-05 12:00:00+00:00,21871.0,21982.0,21860.0,21949.0,1938
2015-10-05 16:00:00+00:00,21950.0,22128.0,21940.0,22125.0,2798
2015-10-06 04:00:00+00:00,22154.0,22168.0,21813.0,21867.0,11029
2015-10-06 08:00:00+00:00,21868.0,21908.0,21709.0,21793.0,10858
2015-10-06 12:00:00+00:00,21821.0,21852.0,21755.0,21847.0,2135
2015-10-06 16:00:00+00:00,21849.0,21977.0,21830.0,21904.0,2829
2015-10-07 04:00:00+00:00,21875.0,22082.0,21783.0,22050.0,13299
2015-10-07 08:00:00+00:00,22096.0,22517.0,22071.0,22495.0,14324
2015-10-07 12:00:00+00:00,22504.0,22524.0,22401.0,22507.0,2611
2015-10-07 16:00:00+00:00,22508.0,22671.0,22372.0,22420.0,3239
2015-10-08 04:00:00+00:00,22553.0,22624.0,22272.0,22341.0,14069
2015-10-08 08:00:00+00:00,22320.0,22461.0,22179.0,22444.0,13462
2015-10-08 12:00:00+00:00,22404.0,22497.0,22370.0,22394.0,2603
2015-10-08 16:00:00+00:00,22396.0,22512.0,22380.0,22501.0,2174
2015-10-09 04:00:00+00:00,22621.0,22814.0,22558.0,22716.0,13765
2015-10-09 08:00:00+00:00,22733.0,22738.0,22362.0,22439.0,16428
2015-10-09 12:00:00+00:00,22447.0,22631.0,22441.0,22615.0,2820
2015-10-09 16:00:00+00:00,22607.0,22664.0,22555.0,22605.0,2697
2015-10-12 04:00:00+00:00,22513.0,22794.0,22486.0,22753.0,14909
2015-10-12 08:00:00+00:00,22761.0,22781.0,22570.0,22692.0,14211
2015-10-12 12:00:00+00:00,22684.0,22755.0,22661.0,22700.0,2132
2015-10-12 16:00:00+00:00,22701.0,22734.0,22623.0,22643.0,2373
2015-10-13 04:00:00+00:00,22633.0,22804.0,22479.0,22628.0,15056
2015-10-13 08:00:00+00:00,22626.0,22670.0,22518.0,22550.0,13666
2015-10-13 12:00:00+00:00,22516.0,22534.0,22472.0,22505.0,1795
2015-10-13 16:00:00+00:00,22504.0,22631.0,22458.0,22566.0,2653
2015-10-14 04:00:00+00:00,22410.0,22589.0,22353.0,22490.0,13734
2015-10-14 08:00:00+00:00,22487.0,22530.0,22365.0,22499.0,12506
2015-10-14 12:00:00+00:00,22475.0,22562.0,22455.0,22525.0,1100
2015-10-14 16:00:00+00:00,22512.0,22630.0,22478.0,22550.0,3083
2015-10-15 04:00:00+00:00,22703.0,22963.0,22580.0,22952.0,15654
2015-10-15 08:00:00+00:00,22955.0,22961.0,22795.0,22928.0,13487
2015-10-15 12:00:00+00:00,22939.0,23009.0,22922.0,22949.0,2277
2015-10-15 16:00:00+00:00,22951.0,22973.0,22899.0,22924.0,2575
2015-10-16 04:00:00+00:00,23099.0,23139.0,22958.0,23019.0,13060
2015-10-16 08:00:00+00:00,23013.0,23157.0,22974.0,23125.0,11085
2015-10-16 12:00:00+00:00,23134.0,23177.0,23070.0,23096.0,2157
2015-10-16 16:00:00+00:00,23097.0,23192.0,23091.0,23185.0,2082
2015-10-19 04:00:00+00:00,23071.0,23090.0,22930.0,23032.0,12614
2015-10-19 08:00:00+00:00,23021.0,23104.0,22892.0,23055.0,13438
2015-10-19 12:00:00+00:00,23048.0,23070.0,23000.0,23009.0,1847
2015-10-19 16:00:00+00:00,23008.0,23036.0,22963.0,22996.0,1947
2015-10-20 04:00:00+00:00,23000.0,23045.0,22884.0,22951.0,11735
2015-10-20 08:00:00+00:00,22950.0,22984.0,22823.0,22944.0,12369
2015-10-20 12:00:00+00:00,22902.0,22965.0,22864.0,22944.0,1650
2015-10-20 16:00:00+00:00,22946.0,23005.0,22930.0,22978.0,1803
2015-10-22 04:00:00+00:00,22749.0,22865.0,22704.0,22777.0,11958
2015-10-22 08:00:00+00:00,22767.0,22867.0,22734.0,22835.0,10504
2015-10-22 12:00:00+00:00,22846.0,22935.0,22829.0,22928.0,1814
2015-10-22 16:00:00+00:00,22927.0,23160.0,22920.0,23135.0,2915
2015-10-23 04:00:00+00:00,23273.0,23277.0,23080.0,23152.0,12071
2015-10-23 08:00:00+00:00,23149.0,23180.0,23113.0,23167.0,9888
2015-10-23 12:00:00+00:00,23164.0,23523.0,23149.0,23501.0,3776
2015-10-23 16:00:00+00:00,23499.0,23524.0,23417.0,23447.0,2704
2015-10-26 04:00:00+00:00,23403.0,23405.0,23170.0,23205.0,11916
2015-10-26 08:00:00+00:00,23210.0,23212.0,23023.0,23030.0,11696
2015-10-26 12:00:00+00:00,23035.0,23103.0,23003.0,23098.0,2310
2015-10-26 16:00:00+00:00,23096.0,23108.0,23030.0,23077.0,3204
2015-10-27 04:00:00+00:00,23104.0,23104.0,22877.0,22929.0,12440
2015-10-27 08:00:00+00:00,22926.0,23133.0,22907.0,23053.0,11281
2015-10-27 12:00:00+00:00,23077.0,23091.0,23036.0,23048.0,1847
2015-10-27 16:00:00+00:00,23047.0,23069.0,22990.0,23045.0,2024
2015-10-28 04:00:00+00:00,23024.0,23113.0,22965.0,23003.0,10819
2015-10-28 08:00:00+00:00,23002.0,23029.0,22910.0,22962.0,9285
2015-10-28 12:00:00+00:00,22972.0,23004.0,22965.0,22980.0,1649
2015-10-28 16:00:00+00:00,22978.0,23077.0,22937.0,23077.0,2287
2015-10-29 04:00:00+00:00,23035.0,23060.0,22835.0,22874.0,11053
2015-10-29 08:00:00+00:00,22878.0,22931.0,22854.0,22880.0,3089
2015-10-29 12:00:00+00:00,22804.0,22804.0,22655.0,22693.0,2468
2015-10-29 16:00:00+00:00,22691.0,22766.0,22678.0,22741.0,2530
2015-10-30 04:00:00+00:00,22765.0,22820.0,22629.0,22792.0,13722
2015-10-30 08:00:00+00:00,22813.0,22866.0,22627.0,22704.0,13112
2015-10-30 12:00:00+00:00,22686.0,22696.0,22646.0,22685.0,1538
2015-10-30 16:00:00+00:00,22684.0,22690.0,22618.0,22618.0,2062
2015-11-02 00:00:00+00:00,22444.0,22479.0,22250.0,22420.0,4682
2015-11-02 04:00:00+00:00,22419.0,22599.0,22355.0,22434.0,13528
2015-11-02 08:00:00+00:00,22433.0,22474.0,22318.0,22431.0,8886
2015-11-02 12:00:00+00:00,22432.0,22468.0,22422.0,22457.0,1487
2015-11-02 16:00:00+00:00,22458.0,22565.0,22452.0,22541.0,1176
2015-11-03 00:00:00+00:00,22554.0,22689.0,22528.0,22655.0,4233
2015-11-03 04:00:00+00:00,22656.0,22702.0,22615.0,22638.0,10386
2015-11-03 08:00:00+00:00,22636.0,22663.0,22568.0,22593.0,7057
2015-11-03 12:00:00+00:00,22591.0,22593.0,22520.0,22572.0,1540
2015-11-03 16:00:00+00:00,22573.0,22691.0,22558.0,22674.0,1285
2015-11-04 00:00:00+00:00,22726.0,23011.0,22682.0,22993.0,4671
2015-11-04 04:00:00+00:00,22994.0,23367.0,22898.0,23048.0,17471
2015-11-04 08:00:00+00:00,23047.0,23227.0,22969.0,23200.0,12058
2015-11-04 12:00:00+00:00,23202.0,23241.0,23170.0,23235.0,1679
2015-11-04 16:00:00+00:00,23233.0,23251.0,23137.0,23138.0,1636
2015-11-05 00:00:00+00:00,23089.0,23095.0,22927.0,23035.0,5112
2015-11-05 04:00:00+00:00,23036.0,23173.0,23003.0,23072.0,16231
2015-11-05 08:00:00+00:00,23073.0,23108.0,22938.0,22962.0,8700
2015-11-05 12:00:00+00:00,22961.0,23065.0,22960.0,23015.0,1549
2015-11-05 16:00:00+00:00,23014.0,23030.0,22913.0,22924.0,1844
2015-11-06 00:00:00+00:00,22915.0,22922.0,22744.0,22825.0,5156
2015-11-06 04:00:00+00:00,22824.0,22893.0,22779.0,22873.0,13039
2015-11-06 08:00:00+00:00,22872.0,22884.0,22601.0,22685.0,8738
2015-11-06 12:00:00+00:00,22684.0,22727.0,22626.0,22682.0,2721
2015-11-06 16:00:00+00:00,22681.0,22720.0,22571.0,22666.0,2741
2015-11-09 00:00:00+00:00,22680.0,22857.0,22644.0,22785.0,5196
2015-11-09 04:00:00+00:00,22786.0,22970.0,22753.0,22859.0,14069
2015-11-09 08:00:00+00:00,22860.0,22866.0,22595.0,22609.0,8648
2015-11-09 12:00:00+00:00,22610.0,22619.0,22552.0,22588.0,1774
2015-11-09 16:00:00+00:00,22587.0,22625.0,22501.0,22501.0,1553
2015-11-10 00:00:00+00:00,22452.0,22452.0,22325.0,22362.0,4940
2015-11-10 04:00:00+00:00,22363.0,22488.0,22342.0,22388.0,13267
2015-11-10 08:00:00+00:00,22389.0,22420.0,22266.0,22346.0,9754
2015-11-10 12:00:00+00:00,22345.0,22350.0,22297.0,22309.0,1855
2015-11-10 16:00:00+00:00,22310.0,22336.0,22217.0,22225.0,1911
2015-11-11 00:00:00+00:00,22328.0,22407.0,22313.0,22337.0,4774
2015-11-11 04:00:00+00:00,22336.0,22449.0,22278.0,22306.0,13418
2015-11-11 08:00:00+00:00,22304.0,22421.0,22274.0,22415.0,9352
2015-11-11 12:00:00+00:00,22414.0,22512.0,22395.0,22485.0,2247
2015-11-11 16:00:00+00:00,22486.0,22487.0,22350.0,22360.0,1655
2015-11-12 00:00:00+00:00,22330.0,22587.0,22330.0,22563.0,5098
2015-11-12 04:00:00+00:00,22565.0,22618.0,22464.0,22599.0,12618
2015-11-12 08:00:00+00:00,22598.0,23008.0,22592.0,22892.0,12622
2015-11-12 12:00:00+00:00,22891.0,22892.0,22748.0,22754.0,2578
2015-11-12 16:00:00+00:00,22755.0,22758.0,22647.0,22685.0,3245
2015-11-13 00:00:00+00:00,22540.0,22543.0,22334.0,22460.0,5624
2015-11-13 04:00:00+00:00,22458.0,22492.0,22274.0,22287.0,13492
2015-11-13 08:00:00+00:00,22286.0,22400.0,22169.0,22200.0,9676
2015-11-13 12:00:00+00:00,22202.0,22206.0,22125.0,22160.0,2343
2015-11-13 16:00:00+00:00,22157.0,22170.0,21984.0,22053.0,2435
2015-11-16 00:00:00+00:00,21900.0,22024.0,21826.0,22013.0,5332
2015-11-16 04:00:00+00:00,22012.0,22074.0,21952.0,22003.0,11803
2015-11-16 08:00:00+00:00,22004.0,22134.0,21952.0,22119.0,8105
2015-11-16 12:00:00+00:00,22120.0,22154.0,22060.0,22061.0,3078
2015-11-16 16:00:00+00:00,22060.0,22147.0,22028.0,22064.0,2900
2015-11-17 00:00:00+00:00,22254.0,22360.0,22229.0,22350.0,4948
2015-11-17 04:00:00+00:00,22351.0,22492.0,22336.0,22350.0,12264
2015-11-17 08:00:00+00:00,22349.0,22388.0,22251.0,22355.0,10869
2015-11-17 12:00:00+00:00,22354.0,22399.0,22341.0,22385.0,2228
2015-11-17 16:00:00+00:00,22384.0,22391.0,22290.0,22391.0,2138
2015-11-18 00:00:00+00:00,22324.0,22358.0,22235.0,22268.0,4460
2015-11-18 04:00:00+00:00,22266.0,22290.0,22159.0,22192.0,12597
2015-11-18 08:00:00+00:00,22193.0,22254.0,22120.0,22133.0,8667
2015-11-18 12:00:00+00:00,22132.0,22214.0,22109.0,22202.0,1980
2015-11-18 16:00:00+00:00,22204.0,22276.0,22180.0,22260.0,1952
2015-11-19 00:00:00+00:00,22455.0,22511.0,22394.0,22480.0,4409
2015-11-19 04:00:00+00:00,22481.0,22567.0,22418.0,22473.0,11230
2015-11-19 08:00:00+00:00,22472.0,22603.0,22448.0,22587.0,8240
2015-11-19 12:00:00+00:00,22590.0,22605.0,22502.0,22509.0,1714
2015-11-19 16:00:00+00:00,22510.0,22559.0,22491.0,22521.0,1972
2015-11-20 00:00:00+00:00,22520.0,22555.0,22427.0,22465.0,3734
2015-11-20 04:00:00+00:00,22467.0,22519.0,22435.0,22502.0,9209
2015-11-20 08:00:00+00:00,22501.0,22824.0,22495.0,22718.0,9499
2015-11-20 12:00:00+00:00,22717.0,22789.0,22707.0,22776.0,1567
2015-11-20 16:00:00+00:00,22775.0,22882.0,22748.0,22829.0,1938
2015-11-23 00:00:00+00:00,22804.0,22804.0,22632.0,22730.0,4051
2015-11-23 04:00:00+00:00,22731.0,22817.0,22649.0,22686.0,11178
2015-11-23 08:00:00+00:00,22685.0,22769.0,22619.0,22704.0,9115
2015-11-23 12:00:00+00:00,22705.0,22717.0,22651.0,22686.0,2490
2015-11-23 16:00:00+00:00,22685.0,22752.0,22668.0,22732.0,1727
2015-11-24 00:00:00+00:00,22698.0,22704.0,22522.0,22547.0,3653
2015-11-24 04:00:00+00:00,22546.0,22588.0,22402.0,22451.0,10615
2015-11-24 08:00:00+00:00,22453.0,22640.0,22298.0,22428.0,9012
2015-11-24 12:00:00+00:00,22427.0,22464.0,22367.0,22390.0,2394
2015-11-24 16:00:00+00:00,22389.0,22487.0,22371.0,22419.0,2080
2015-11-25 00:00:00+00:00,22482.0,22569.0,22424.0,22487.0,4426
2015-11-25 04:00:00+00:00,22488.0,22628.0,22430.0,22582.0,10897
2015-11-25 08:00:00+00:00,22581.0,22605.0,22455.0,22563.0,8361
2015-11-25 12:00:00+00:00,22560.0,22563.0,22530.0,22544.0,1315
2015-11-25 16:00:00+00:00,22545.0,22559.0,22498.0,22557.0,1540
2015-11-26 00:00:00+00:00,22608.0,23023.0,22608.0,22742.0,4390
2015-11-26 04:00:00+00:00,22741.0,22779.0,22667.0,22677.0,8493
2015-11-26 08:00:00+00:00,22676.0,22690.0,22431.0,22577.0,8584
2015-11-26 12:00:00+00:00,22578.0,22621.0,22564.0,22597.0,1069
2015-11-26 16:00:00+00:00,22596.0,22654.0,22589.0,22608.0,621
2015-11-27 00:00:00+00:00,22576.0,22585.0,22303.0,22320.0,4163
2015-11-27 04:00:00+00:00,22318.0,22359.0,22199.0,22205.0,8130
2015-11-27 08:00:00+00:00,22204.0,22226.0,21916.0,21991.0,11368
2015-11-27 12:00:00+00:00,21992.0,22042.0,21967.0,21999.0,2178
2015-11-27 16:00:00+00:00,22000.0,22050.0,21978.0,22045.0,1726
2015-11-30 00:00:00+00:00,22050.0,22051.0,21848.0,21981.0,4754
2015-11-30 04:00:00+00:00,21982.0,22113.0,21929.0,22055.0,15052
2015-11-30 08:00:00+00:00,22056.0,22158.0,21894.0,21958.0,10150
2015-11-30 12:00:00+00:00,21957.0,21982.0,21944.0,21978.0,1731
2015-11-30 16:00:00+00:00,21980.0,22115.0,21970.0,22095.0,1889
2015-12-01 00:00:00+00:00,22144.0,22317.0,22096.0,22213.0,5530
2015-12-01 04:00:00+00:00,22215.0,22485.0,22198.0,22454.0,13117
2015-12-01 08:00:00+00:00,22455.0,22475.0,22304.0,22369.0,8654
2015-12-01 12:00:00+00:00,22371.0,22432.0,22353.0,22384.0,1598
2015-12-01 16:00:00+00:00,22383.0,22455.0,22375.0,22450.0,1624
2015-12-02 00:00:00+00:00,22502.0,22555.0,22356.0,22376.0,4409
2015-12-02 04:00:00+00:00,22375.0,22534.0,22373.0,22468.0,13752
2015-12-02 08:00:00+00:00,22469.0,22569.0,22460.0,22476.0,8622
2015-12-02 12:00:00+00:00,22477.0,22511.0,22467.0,22479.0,1753
2015-12-02 16:00:00+00:00,22478.0,22496.0,22438.0,22442.0,1469
2015-12-03 00:00:00+00:00,22310.0,22396.0,22249.0,22376.0,4471
2015-12-03 04:00:00+00:00,22379.0,22440.0,22336.0,22429.0,11417
2015-12-03 08:00:00+00:00,22430.0,22476.0,22328.0,22467.0,7762
2015-12-03 12:00:00+00:00,22468.0,22514.0,22350.0,22380.0,3429
2015-12-03 16:00:00+00:00,22379.0,22391.0,22216.0,22236.0,3136
2015-12-04 00:00:00+00:00,22108.0,22169.0,22040.0,22133.0,4536
2015-12-04 04:00:00+00:00,22132.0,22200.0,22078.0,22119.0,10417
2015-12-04 08:00:00+00:00,22120.0,22224.0,22101.0,22170.0,7672
2015-12-04 12:00:00+00:00,22171.0,22180.0,22122.0,22122.0,2964
2015-12-04 16:00:00+00:00,22121.0,22281.0,22095.0,22257.0,2889
2015-12-07 00:00:00+00:00,22306.0,22378.0,22216.0,22249.0,4353
2015-12-07 04:00:00+00:00,22250.0,22335.0,22235.0,22303.0,9393
2015-12-07 08:00:00+00:00,22304.0,22311.0,22207.0,22274.0,6547
2015-12-07 12:00:00+00:00,22275.0,22286.0,22218.0,22233.0,1614
2015-12-07 16:00:00+00:00,22232.0,22247.0,22099.0,22106.0,2196
2015-12-08 00:00:00+00:00,22082.0,22082.0,21816.0,21865.0,4719
2015-12-08 04:00:00+00:00,21864.0,21864.0,21711.0,21756.0,11202
2015-12-08 08:00:00+00:00,21755.0,21887.0,21704.0,21720.0,7668
2015-12-08 12:00:00+00:00,21719.0,21765.0,21656.0,21660.0,2999
2015-12-08 16:00:00+00:00,21659.0,21689.0,21546.0,21668.0,3659
2015-12-09 00:00:00+00:00,21747.0,21817.0,21710.0,21714.0,4147
2015-12-09 04:00:00+00:00,21715.0,21828.0,21701.0,21763.0,9847
2015-12-09 08:00:00+00:00,21764.0,21842.0,21614.0,21664.0,7944
2015-12-09 12:00:00+00:00,21665.0,21722.0,21636.0,21663.0,3188
2015-12-09 16:00:00+00:00,21661.0,21888.0,21638.0,21882.0,3453
2015-12-10 00:00:00+00:00,21668.0,21852.0,21636.0,21830.0,4906
2015-12-10 04:00:00+00:00,21832.0,21865.0,21722.0,21776.0,9509
2015-12-10 08:00:00+00:00,21774.0,21774.0,21619.0,21667.0,7786
2015-12-10 12:00:00+00:00,21668.0,21678.0,21565.0,21590.0,3638
2015-12-10 16:00:00+00:00,21591.0,21690.0,21582.0,21686.0,3367
2015-12-11 00:00:00+00:00,21682.0,21735.0,21579.0,21585.0,4291
2015-12-11 04:00:00+00:00,21583.0,21594.0,21476.0,21545.0,10958
2015-12-11 08:00:00+00:00,21547.0,21577.0,21270.0,21317.0,8620
2015-12-11 12:00:00+00:00,21318.0,21323.0,21205.0,21246.0,3715
2015-12-11 16:00:00+00:00,21248.0,21248.0,21072.0,21146.0,4258
2015-12-14 00:00:00+00:00,21053.0,21117.0,20979.0,21065.0,4766
2015-12-14 04:00:00+00:00,21064.0,21291.0,21026.0,21260.0,13242
2015-12-14 08:00:00+00:00,21261.0,21366.0,21218.0,21328.0,10584
2015-12-14 12:00:00+00:00,21329.0,21342.0,21122.0,21203.0,5011
2015-12-14 16:00:00+00:00,21204.0,21224.0,21095.0,21118.0,4876
2015-12-15 00:00:00+00:00,21258.0,21363.0,21206.0,21354.0,4272
2015-12-15 04:00:00+00:00,21355.0,21401.0,21251.0,21268.0,10658
2015-12-15 08:00:00+00:00,21267.0,21421.0,21228.0,21397.0,8432
2015-12-15 12:00:00+00:00,21394.0,21427.0,21332.0,21411.0,3278
2015-12-15 16:00:00+00:00,21412.0,21558.0,21412.0,21533.0,2500
2015-12-16 00:00:00+00:00,21522.0,21710.0,21482.0,21667.0,4440
2015-12-16 04:00:00+00:00,21668.0,21763.0,21651.0,21706.0,9687
2015-12-16 08:00:00+00:00,21705.0,21744.0,21648.0,21727.0,7973
2015-12-16 12:00:00+00:00,21728.0,21813.0,21719.0,21802.0,2536
2015-12-16 16:00:00+00:00,21800.0,21837.0,21725.0,21735.0,2486
2015-12-17 00:00:00+00:00,21778.0,21927.0,21727.0,21896.0,4857
2015-12-17 04:00:00+00:00,21898.0,22001.0,21804.0,21830.0,11192
2015-12-17 08:00:00+00:00,21829.0,21949.0,21758.0,21948.0,8706
2015-12-17 12:00:00+00:00,21950.0,21979.0,21885.0,21906.0,2561
2015-12-17 16:00:00+00:00,21908.0,21920.0,21796.0,21801.0,2780
2015-12-18 00:00:00+00:00,21636.0,21782.0,21585.0,21739.0,3714
2015-12-18 04:00:00+00:00,21738.0,21953.0,21710.0,21855.0,11893
2015-12-18 08:00:00+00:00,21856.0,21869.0,21745.0,21776.0,8387
2015-12-18 12:00:00+00:00,21775.0,21797.0,21735.0,21773.0,2802
2015-12-18 16:00:00+00:00,21775.0,21812.0,21660.0,21664.0,3041
2015-12-21 00:00:00+00:00,21612.0,21785.0,21564.0,21772.0,4986
2015-12-21 04:00:00+00:00,21773.0,21846.0,21735.0,21811.0,12167
2015-12-21 08:00:00+00:00,21808.0,21906.0,21747.0,21849.0,7649
2015-12-21 12:00:00+00:00,21850.0,21873.0,21827.0,21849.0,2012
2015-12-21 16:00:00+00:00,21850.0,21882.0,21814.0,21857.0,2278
2015-12-22 00:00:00+00:00,21808.0,21833.0,21721.0,21727.0,4317
2015-12-22 04:00:00+00:00,21728.0,21774.0,21698.0,21758.0,9231
2015-12-22 08:00:00+00:00,21757.0,21818.0,21725.0,21744.0,6345
2015-12-22 12:00:00+00:00,21743.0,21790.0,21742.0,21774.0,1751
2015-12-22 16:00:00+00:00,21775.0,21824.0,21762.0,21812.0,2073
2015-12-23 00:00:00+00:00,21871.0,22089.0,21814.0,22065.0,4721
2015-12-23 04:00:00+00:00,22066.0,22101.0,22012.0,22041.0,9558
2015-12-23 08:00:00+00:00,22042.0,22122.0,21966.0,22110.0,7626
2015-12-23 12:00:00+00:00,22111.0,22140.0,22083.0,22133.0,1557
2015-12-23 16:00:00+00:00,22135.0,22212.0,22125.0,22212.0,1674
2015-12-24 00:00:00+00:00,22268.0,22288.0,22154.0,22167.0,3957
2015-12-24 04:00:00+00:00,22166.0,22185.0,22125.0,22143.0,5570
2015-12-28 00:00:00+00:00,22113.0,22178.0,22012.0,22044.0,3822
2015-12-28 04:00:00+00:00,22043.0,22066.0,21828.0,21853.0,9143
2015-12-28 08:00:00+00:00,21852.0,21929.0,21807.0,21831.0,6675
2015-12-28 12:00:00+00:00,21832.0,21873.0,21809.0,21853.0,1308
2015-12-28 16:00:00+00:00,21854.0,21887.0,21832.0,21861.0,1069
2015-12-29 00:00:00+00:00,21902.0,21949.0,21835.0,21948.0,1259
2015-12-29 04:00:00+00:00,21947.0,22026.0,21877.0,22017.0,3646
2015-12-29 08:00:00+00:00,22019.0,22114.0,21993.0,22100.0,2500
2015-12-29 12:00:00+00:00,22101.0,22145.0,22084.0,22124.0,752
2015-12-29 16:00:00+00:00,22123.0,22155.0,22103.0,22113.0,632
2015-12-30 00:00:00+00:00,22156.0,22169.0,21989.0,21999.0,1660
2015-12-30 04:00:00+00:00,22000.0,22014.0,21877.0,21913.0,4545
2015-12-30 08:00:00+00:00,21912.0,22006.0,21885.0,22004.0,3238
2015-12-30 12:00:00+00:00,22005.0,22006.0,21918.0,21945.0,1113
2015-12-30 16:00:00+00:00,21946.0,21955.0,21921.0,21940.0,811
2015-12-31 00:00:00+00:00,21848.0,21983.0,21837.0,21940.0,1489
2015-12-31 04:00:00+00:00,21942.0,21960.0,21864.0,21902.0,2684
2016-01-04 00:00:00+00:00,21829.0,21836.0,21455.0,21476.0,1767
2016-01-04 04:00:00+00:00,21477.0,21477.0,21234.0,21251.0,5531
2016-01-04 08:00:00+00:00,21252.0,21354.0,21114.0,21132.0,4832
2016-01-04 12:00:00+00:00,21133.0,21149.0,21065.0,21078.0,2148
2016-01-04 16:00:00+00:00,21079.0,21104.0,21019.0,21038.0,1739
2016-01-05 00:00:00+00:00,21167.0,21405.0,21146.0,21348.0,1912
2016-01-05 04:00:00+00:00,21350.0,21353.0,21076.0,21120.0,5687
2016-01-05 08:00:00+00:00,21123.0,21186.0,21035.0,21063.0,4734
2016-01-05 12:00:00+00:00,21064.0,21188.0,21031.0,21180.0,2230
2016-01-05 16:00:00+00:00,21181.0,21223.0,21091.0,21140.0,1520
2016-01-06 00:00:00+00:00,21199.0,21209.0,21020.0,21078.0,1849
2016-01-06 04:00:00+00:00,21077.0,21087.0,20878.0,21022.0,5770
2016-01-06 08:00:00+00:00,21024.0,21033.0,20783.0,20856.0,4570
2016-01-06 12:00:00+00:00,20857.0,20867.0,20666.0,20706.0,2850
2016-01-06 16:00:00+00:00,20705.0,20756.0,20660.0,20702.0,1736
2016-01-07 00:00:00+00:00,20784.0,20825.0,20444.0,20475.0,2039
2016-01-07 04:00:00+00:00,20468.0,20478.0,20256.0,20414.0,6257
2016-01-07 08:00:00+00:00,20411.0,20452.0,20076.0,20097.0,5566
2016-01-07 12:00:00+00:00,20096.0,20166.0,20049.0,20159.0,3080
2016-01-07 16:00:00+00:00,20158.0,20478.0,20142.0,20465.0,2387
2016-01-08 00:00:00+00:00,20435.0,20609.0,20282.0,20476.0,2135
2016-01-08 04:00:00+00:00,20478.0,20573.0,20459.0,20467.0,5873
2016-01-08 08:00:00+00:00,20465.0,20573.0,20328.0,20390.0,4962
2016-01-08 12:00:00+00:00,20391.0,20460.0,20277.0,20360.0,2997
2016-01-08 16:00:00+00:00,20359.0,20390.0,20126.0,20163.0,2477
2016-01-11 00:00:00+00:00,19966.0,20011.0,19830.0,19959.0,1954
2016-01-11 04:00:00+00:00,19962.0,20031.0,19820.0,19981.0,6323
2016-01-11 08:00:00+00:00,19980.0,20105.0,19870.0,20085.0,5207
2016-01-11 12:00:00+00:00,20088.0,20112.0,19966.0,20069.0,3099
2016-01-11 16:00:00+00:00,20070.0,20103.0,19948.0,20004.0,1974
2016-01-12 00:00:00+00:00,20029.0,20108.0,19917.0,20038.0,1915
2016-01-12 04:00:00+00:00,20041.0,20060.0,19771.0,19794.0,6025
2016-01-12 08:00:00+00:00,19790.0,19857.0,19657.0,19838.0,5384
2016-01-12 12:00:00+00:00,19841.0,20014.0,19834.0,19990.0,3172
2016-01-12 16:00:00+00:00,19988.0,20038.0,19943.0,19966.0,1944
2016-01-13 00:00:00+00:00,20057.0,20116.0,19949.0,20092.0,1798
2016-01-13 04:00:00+00:00,20093.0,20224.0,20093.0,20169.0,5766
2016-01-13 08:00:00+00:00,20171.0,20201.0,19816.0,19999.0,5357
2016-01-13 12:00:00+00:00,19998.0,20058.0,19961.0,20017.0,2585
2016-01-13 16:00:00+00:00,20011.0,20051.0,19899.0,19918.0,2106
2016-01-14 00:00:00+00:00,19590.0,19602.0,19466.0,19561.0,1835
2016-01-14 04:00:00+00:00,19560.0,19795.0,19519.0,19728.0,5932
2016-01-14 08:00:00+00:00,19730.0,19889.0,19622.0,19696.0,5756
2016-01-14 12:00:00+00:00,19697.0,19722.0,19540.0,19637.0,3480
2016-01-14 16:00:00+00:00,19639.0,19823.0,19512.0,19795.0,2350
2016-01-15 00:00:00+00:00,19809.0,19817.0,19652.0,19734.0,1922
2016-01-15 04:00:00+00:00,19736.0,19775.0,19514.0,19605.0,6213
2016-01-15 08:00:00+00:00,19609.0,19632.0,19314.0,19362.0,5697
2016-01-15 12:00:00+00:00,19361.0,19376.0,19127.0,19174.0,3694
2016-01-15 16:00:00+00:00,19175.0,19192.0,19046.0,19122.0,3032
2016-01-18 00:00:00+00:00,19173.0,19337.0,19139.0,19296.0,2047
2016-01-18 04:00:00+00:00,19299.0,19437.0,19157.0,19337.0,6042
2016-01-18 08:00:00+00:00,19336.0,19394.0,19142.0,19204.0,5507
2016-01-18 12:00:00+00:00,19202.0,19356.0,19193.0,19214.0,3442
2016-01-18 16:00:00+00:00,19215.0,19222.0,19174.0,19213.0,1369
2016-01-19 00:00:00+00:00,19236.0,19428.0,19234.0,19406.0,1776
2016-01-19 04:00:00+00:00,19404.0,19518.0,19158.0,19470.0,6387
2016-01-19 08:00:00+00:00,19469.0,19648.0,19452.0,19624.0,5357
2016-01-19 12:00:00+00:00,19623.0,19723.0,19621.0,19670.0,2671
2016-01-19 16:00:00+00:00,19669.0,19673.0,19446.0,19509.0,2398
2016-01-20 00:00:00+00:00,19316.0,19340.0,19115.0,19135.0,1931
2016-01-20 04:00:00+00:00,19133.0,19160.0,18766.0,18939.0,6876
2016-01-20 08:00:00+00:00,18938.0,18943.0,18639.0,18796.0,6324
2016-01-20 12:00:00+00:00,18795.0,18826.0,18661.0,18727.0,3876
2016-01-20 16:00:00+00:00,18732.0,18818.0,18568.0,18611.0,2712
2016-01-21 00:00:00+00:00,19056.0,19244.0,19009.0,19218.0,1858
2016-01-21 04:00:00+00:00,19222.0,19255.0,18560.0,18589.0,6621
2016-01-21 08:00:00+00:00,18593.0,18752.0,18533.0,18693.0,6222
2016-01-21 12:00:00+00:00,18694.0,18928.0,18686.0,18837.0,4298
2016-01-21 16:00:00+00:00,18839.0,18904.0,18682.0,18879.0,3187
2016-01-22 00:00:00+00:00,19008.0,19083.0,18909.0,18933.0,1832
2016-01-22 04:00:00+00:00,18935.0,19121.0,18756.0,19113.0,6790
2016-01-22 08:00:00+00:00,19117.0,19298.0,18948.0,19249.0,5836
2016-01-22 12:00:00+00:00,19245.0,19328.0,19213.0,19281.0,2482
2016-01-22 16:00:00+00:00,19278.0,19387.0,19267.0,19342.0,2160
2016-01-25 00:00:00+00:00,19288.0,19493.0,19277.0,19407.0,1828
2016-01-25 04:00:00+00:00,19413.0,19466.0,19262.0,19293.0,6119
2016-01-25 08:00:00+00:00,19292.0,19367.0,19135.0,19240.0,5121
2016-01-25 12:00:00+00:00,19242.0,19288.0,19154.0,19164.0,2442
2016-01-25 16:00:00+00:00,19169.0,19228.0,19124.0,19148.0,2272
2016-01-26 00:00:00+00:00,19012.0,19047.0,18901.0,18917.0,1774
2016-01-26 04:00:00+00:00,18914.0,19086.0,18897.0,18959.0,5924
2016-01-26 08:00:00+00:00,18960.0,18993.0,18788.0,18977.0,5226
2016-01-26 12:00:00+00:00,18979.0,19092.0,18961.0,19062.0,3056
2016-01-26 16:00:00+00:00,19061.0,19267.0,19045.0,19244.0,2328
2016-01-27 00:00:00+00:00,19261.0,19264.0,19101.0,19121.0,1830
2016-01-27 04:00:00+00:00,19118.0,19132.0,18924.0,19016.0,6094
2016-01-27 08:00:00+00:00,19012.0,19176.0,18970.0,19065.0,5023
2016-01-27 12:00:00+00:00,19067.0,19125.0,19036.0,19109.0,2174
2016-01-27 16:00:00+00:00,19110.0,19126.0,18989.0,19086.0,2033
2016-01-28 00:00:00+00:00,19030.0,19199.0,19008.0,19199.0,1774
2016-01-28 04:00:00+00:00,19197.0,19230.0,18996.0,19030.0,5989
2016-01-28 08:00:00+00:00,19032.0,19346.0,18975.0,19318.0,5277
2016-01-28 12:00:00+00:00,19322.0,19326.0,19185.0,19313.0,3226
2016-01-28 16:00:00+00:00,19315.0,19384.0,19096.0,19167.0,2671
2016-01-29 00:00:00+00:00,19219.0,19311.0,19040.0,19262.0,1884
2016-01-29 04:00:00+00:00,19261.0,19633.0,19247.0,19569.0,7097
2016-01-29 08:00:00+00:00,19568.0,19744.0,19547.0,19727.0,5177
2016-01-29 12:00:00+00:00,19728.0,19752.0,19600.0,19645.0,3025
2016-01-29 16:00:00+00:00,19647.0,19692.0,19595.0,19603.0,1899
2016-02-01 00:00:00+00:00,19679.0,19717.0,19560.0,19607.0,1862
2016-02-01 04:00:00+00:00,19606.0,19672.0,19420.0,19504.0,6138
2016-02-01 08:00:00+00:00,19503.0,19577.0,19416.0,19416.0,5104
2016-02-01 12:00:00+00:00,19415.0,19489.0,19364.0,19380.0,2268
2016-02-01 16:00:00+00:00,19381.0,19443.0,19334.0,19443.0,1862
2016-02-02 00:00:00+00:00,19454.0,19518.0,19360.0,19503.0,1858
2016-02-02 04:00:00+00:00,19509.0,19616.0,19380.0,19405.0,5827
2016-02-02 08:00:00+00:00,19402.0,19581.0,19343.0,19356.0,4739
2016-02-02 12:00:00+00:00,19357.0,19376.0,19313.0,19326.0,2129
2016-02-02 16:00:00+00:00,19327.0,19343.0,19148.0,19194.0,2005
2016-02-03 00:00:00+00:00,18984.0,18984.0,18746.0,18803.0,1887
2016-02-03 04:00:00+00:00,18798.0,18969.0,18779.0,18927.0,5897
2016-02-03 08:00:00+00:00,18929.0,19073.0,18854.0,18872.0,4982
2016-02-03 12:00:00+00:00,18874.0,19025.0,18826.0,19019.0,2947
2016-02-03 16:00:00+00:00,19018.0,19075.0,18724.0,18783.0,2381
2016-02-04 00:00:00+00:00,19170.0,19345.0,19170.0,19328.0,1668
2016-02-04 04:00:00+00:00,19325.0,19352.0,19187.0,19213.0,5285
2016-02-04 08:00:00+00:00,19210.0,19305.0,19097.0,19192.0,4615
2016-02-04 12:00:00+00:00,19191.0,19232.0,19046.0,19058.0,2774
2016-02-04 16:00:00+00:00,19059.0,19282.0,19054.0,19251.0,2520
2016-02-05 00:00:00+00:00,19198.0,19402.0,19184.0,19370.0,1752
2016-02-05 04:00:00+00:00,19369.0,19376.0,19205.0,19281.0,4919
2016-02-05 08:00:00+00:00,19279.0,19351.0,19211.0,19318.0,4662
2016-02-05 12:00:00+00:00,19317.0,19345.0,19185.0,19214.0,2691
2016-02-05 16:00:00+00:00,19212.0,19294.0,19093.0,19155.0,1808
2016-02-11 00:00:00+00:00,18363.0,18582.0,18269.0,18515.0,1576
2016-02-11 04:00:00+00:00,18519.0,18568.0,18415.0,18416.0,3406
2016-02-11 08:00:00+00:00,18417.0,18520.0,18092.0,18143.0,4449
2016-02-11 12:00:00+00:00,18142.0,18178.0,18052.0,18114.0,3530
2016-02-11 16:00:00+00:00,18116.0,18228.0,18086.0,18133.0,2420
2016-02-12 00:00:00+00:00,18294.0,18464.0,18235.0,18446.0,1615
2016-02-12 04:00:00+00:00,18442.0,18495.0,18310.0,18401.0,4731
2016-02-12 08:00:00+00:00,18403.0,18460.0,18314.0,18423.0,4436
2016-02-12 12:00:00+00:00,18422.0,18447.0,18374.0,18424.0,2774
2016-02-12 16:00:00+00:00,18423.0,18452.0,18360.0,18405.0,1847
2016-02-15 00:00:00+00:00,18658.0,18789.0,18658.0,18762.0,1631
2016-02-15 04:00:00+00:00,18763.0,18892.0,18690.0,18843.0,5242
2016-02-15 08:00:00+00:00,18846.0,18942.0,18826.0,18894.0,4516
2016-02-15 12:00:00+00:00,18895.0,18975.0,18891.0,18937.0,1743
2016-02-15 16:00:00+00:00,18935.0,18971.0,18917.0,18969.0,954
2016-02-16 00:00:00+00:00,18978.0,19135.0,18894.0,19117.0,1865
2016-02-16 04:00:00+00:00,19114.0,19265.0,19109.0,19129.0,5292
2016-02-16 08:00:00+00:00,19130.0,19181.0,19033.0,19048.0,4822
2016-02-16 12:00:00+00:00,19049.0,19092.0,19006.0,19043.0,2465
2016-02-16 16:00:00+00:00,19042.0,19082.0,18991.0,19003.0,1860
2016-02-17 00:00:00+00:00,19190.0,19245.0,19158.0,19240.0,1715
2016-02-17 04:00:00+00:00,19237.0,19307.0,18978.0,19020.0,5744
2016-02-17 08:00:00+00:00,19019.0,19067.0,18894.0,19048.0,4563
2016-02-17 12:00:00+00:00,19049.0,19140.0,19029.0,19134.0,2049
2016-02-17 16:00:00+00:00,19135.0,19247.0,19135.0,19239.0,1806
2016-02-18 00:00:00+00:00,19382.0,19448.0,19353.0,19416.0,1774
2016-02-18 04:00:00+00:00,19417.0,19417.0,19265.0,19336.0,5297
2016-02-18 08:00:00+00:00,19335.0,19360.0,19237.0,19298.0,4193
2016-02-18 12:00:00+00:00,19299.0,19408.0,19283.0,19398.0,2149
2016-02-18 16:00:00+00:00,19395.0,19401.0,19315.0,19339.0,1549
2016-02-19 00:00:00+00:00,19231.0,19322.0,19189.0,19239.0,1647
2016-02-19 04:00:00+00:00,19238.0,19331.0,19206.0,19282.0,4791
2016-02-19 08:00:00+00:00,19283.0,19358.0,19220.0,19340.0,4106
2016-02-19 12:00:00+00:00,19337.0,19339.0,19234.0,19242.0,2282
2016-02-19 16:00:00+00:00,19241.0,19266.0,19143.0,19224.0,1851
2016-02-22 00:00:00+00:00,19338.0,19542.0,19338.0,19479.0,1642
2016-02-22 04:00:00+00:00,19475.0,19495.0,19362.0,19431.0,5228
2016-02-22 08:00:00+00:00,19433.0,19491.0,19395.0,19483.0,4206
2016-02-22 12:00:00+00:00,19484.0,19498.0,19456.0,19481.0,1290
2016-02-22 16:00:00+00:00,19482.0,19576.0,19467.0,19561.0,1214
2016-02-23 00:00:00+00:00,19527.0,19527.0,19391.0,19455.0,1578
2016-02-23 04:00:00+00:00,19453.0,19534.0,19311.0,19405.0,4784
2016-02-23 08:00:00+00:00,19406.0,19495.0,19376.0,19431.0,4129
2016-02-23 12:00:00+00:00,19428.0,19474.0,19406.0,19469.0,1718
2016-02-23 16:00:00+00:00,19468.0,19482.0,19407.0,19427.0,1526
2016-02-24 00:00:00+00:00,19366.0,19366.0,19273.0,19347.0,1673
2016-02-24 04:00:00+00:00,19348.0,19372.0,19066.0,19115.0,5235
2016-02-24 08:00:00+00:00,19117.0,19202.0,18997.0,19018.0,4362
2016-02-24 12:00:00+00:00,19017.0,19023.0,18904.0,18939.0,2236
2016-02-24 16:00:00+00:00,18940.0,18940.0,18821.0,18883.0,1720
2016-02-25 00:00:00+00:00,19167.0,19199.0,19002.0,19034.0,1620
2016-02-25 04:00:00+00:00,19033.0,19110.0,18895.0,18985.0,5008
2016-02-25 08:00:00+00:00,18984.0,18991.0,18847.0,18918.0,4424
2016-02-25 12:00:00+00:00,18919.0,19031.0,18890.0,19021.0,1947
2016-02-25 16:00:00+00:00,19020.0,19054.0,18944.0,19047.0,1702
2016-02-26 00:00:00+00:00,19210.0,19303.0,19160.0,19223.0,1696
2016-02-26 04:00:00+00:00,19225.0,19283.0,19122.0,19165.0,4972
2016-02-26 08:00:00+00:00,19167.0,19543.0,19163.0,19542.0,4571
2016-02-26 12:00:00+00:00,19543.0,19571.0,19415.0,19471.0,2328
2016-02-26 16:00:00+00:00,19470.0,19496.0,19358.0,19442.0,1720
2016-02-29 00:00:00+00:00,19415.0,19416.0,19145.0,19162.0,1741
2016-02-29 04:00:00+00:00,19163.0,19212.0,19084.0,19101.0,5290
2016-02-29 08:00:00+00:00,19100.0,19146.0,19037.0,19107.0,4367
2016-02-29 12:00:00+00:00,19111.0,19354.0,19111.0,19304.0,2704
2016-02-29 16:00:00+00:00,19305.0,19321.0,19269.0,19300.0,1715
2016-03-01 00:00:00+00:00,19227.0,19265.0,19149.0,19165.0,1706
2016-03-01 04:00:00+00:00,19166.0,19245.0,19070.0,19212.0,4977
2016-03-01 08:00:00+00:00,19214.0,19443.0,19196.0,19409.0,4867
2016-03-01 12:00:00+00:00,19410.0,19529.0,19408.0,19477.0,2693
2016-03-01 16:00:00+00:00,19478.0,19606.0,19458.0,19592.0,1866
2016-03-02 00:00:00+00:00,19721.0,19907.0,19721.0,19858.0,1730
2016-03-02 04:00:00+00:00,19856.0,20028.0,19843.0,20007.0,5074
2016-03-02 08:00:00+00:00,20006.0,20078.0,19945.0,19951.0,4359
2016-03-02 12:00:00+00:00,19950.0,19988.0,19941.0,19972.0,2243
2016-03-02 16:00:00+00:00,19970.0,20024.0,19950.0,19959.0,1746
2016-03-03 00:00:00+00:00,20013.0,20085.0,19978.0,20082.0,1701
2016-03-03 04:00:00+00:00,20083.0,20088.0,19786.0,19932.0,5452
2016-03-03 08:00:00+00:00,19933.0,19947.0,19843.0,19938.0,4210
2016-03-03 12:00:00+00:00,19939.0,19944.0,19900.0,19921.0,1644
2016-03-03 16:00:00+00:00,19919.0,19966.0,19883.0,19962.0,1243
2016-03-04 00:00:00+00:00,20033.0,20110.0,19955.0,19980.0,1689
2016-03-04 04:00:00+00:00,19978.0,20074.0,19953.0,20051.0,5657
2016-03-04 08:00:00+00:00,20050.0,20208.0,20039.0,20181.0,4474
2016-03-04 12:00:00+00:00,20180.0,20276.0,20146.0,20194.0,2125
2016-03-04 16:00:00+00:00,20195.0,20319.0,20142.0,20319.0,2193
2016-03-07 00:00:00+00:00,20288.0,20308.0,20179.0,20266.0,1784
2016-03-07 04:00:00+00:00,20267.0,20278.0,20077.0,20132.0,5345
2016-03-07 08:00:00+00:00,20131.0,20201.0,20074.0,20087.0,4234
2016-03-07 12:00:00+00:00,20085.0,20100.0,20043.0,20065.0,1862
2016-03-07 16:00:00+00:00,20066.0,20215.0,20063.0,20213.0,1713
2016-03-08 00:00:00+00:00,20134.0,20146.0,19928.0,19969.0,1684
2016-03-08 04:00:00+00:00,19968.0,20055.0,19899.0,20035.0,5415
2016-03-08 08:00:00+00:00,20038.0,20081.0,19940.0,19962.0,4013
2016-03-08 12:00:00+00:00,19960.0,20086.0,19941.0,20069.0,2524
2016-03-08 16:00:00+00:00,20070.0,20075.0,19928.0,19939.0,2027
2016-03-09 00:00:00+00:00,19905.0,19927.0,19828.0,19906.0,1704
2016-03-09 04:00:00+00:00,19905.0,19973.0,19851.0,19927.0,4839
2016-03-09 08:00:00+00:00,19926.0,20065.0,19899.0,20053.0,4112
2016-03-09 12:00:00+00:00,20052.0,20104.0,20033.0,20082.0,1704
2016-03-09 16:00:00+00:00,20086.0,20102.0,20033.0,20093.0,1696
2016-03-10 00:00:00+00:00,20076.0,20204.0,20029.0,20120.0,2440
2016-03-10 04:00:00+00:00,20121.0,20172.0,20057.0,20098.0,6129
2016-03-10 08:00:00+00:00,20096.0,20110.0,19908.0,19982.0,6803
2016-03-10 12:00:00+00:00,19982.0,20234.0,19975.0,20183.0,6285
2016-03-10 16:00:00+00:00,20184.0,20200.0,19983.0,20008.0,5908
2016-03-11 00:00:00+00:00,19962.0,19993.0,19847.0,19962.0,2645
2016-03-11 04:00:00+00:00,19960.0,20203.0,19960.0,20126.0,7200
2016-03-11 08:00:00+00:00,20125.0,20256.0,20068.0,20244.0,7690
2016-03-11 12:00:00+00:00,20243.0,20307.0,20241.0,20275.0,4178
2016-03-11 16:00:00+00:00,20276.0,20353.0,20260.0,20338.0,3073
2016-03-14 04:00:00+00:00,20392.0,20489.0,20318.0,20449.0,4411
2016-03-14 08:00:00+00:00,20439.0,20463.0,20357.0,20419.0,6752
2016-03-14 12:00:00+00:00,20383.0,20416.0,20375.0,20385.0,3646
2016-03-14 16:00:00+00:00,20386.0,20449.0,20343.0,20424.0,4224
2016-03-15 04:00:00+00:00,20354.0,20380.0,20266.0,20291.0,7398
2016-03-15 08:00:00+00:00,20273.0,20342.0,20256.0,20291.0,6343
2016-03-15 12:00:00+00:00,20264.0,20288.0,20240.0,20251.0,3592
2016-03-15 16:00:00+00:00,20252.0,20267.0,20202.0,20247.0,4614
2016-03-16 04:00:00+00:00,20310.0,20425.0,20187.0,20199.0,7155
2016-03-16 08:00:00+00:00,20208.0,20312.0,20168.0,20302.0,6473
2016-03-16 12:00:00+00:00,20299.0,20309.0,20203.0,20215.0,3673
2016-03-16 16:00:00+00:00,20214.0,20340.0,20200.0,20324.0,4269
2016-03-17 04:00:00+00:00,20577.0,20631.0,20470.0,20560.0,6877
2016-03-17 08:00:00+00:00,20511.0,20542.0,20431.0,20472.0,7552
2016-03-17 12:00:00+00:00,20468.0,20480.0,20296.0,20363.0,6423
2016-03-17 16:00:00+00:00,20364.0,20564.0,20353.0,20552.0,5702
2016-03-18 04:00:00+00:00,20490.0,20662.0,20488.0,20652.0,7090
2016-03-18 08:00:00+00:00,20653.0,20692.0,20551.0,20589.0,6861
2016-03-18 12:00:00+00:00,20615.0,20754.0,20605.0,20735.0,4648
2016-03-18 16:00:00+00:00,20735.0,20841.0,20703.0,20813.0,4494
2016-03-21 04:00:00+00:00,20780.0,20780.0,20646.0,20711.0,6567
2016-03-21 08:00:00+00:00,20708.0,20746.0,20622.0,20687.0,6496
2016-03-21 12:00:00+00:00,20702.0,20811.0,20701.0,20742.0,4895
2016-03-21 16:00:00+00:00,20743.0,20831.0,20729.0,20790.0,4612
2016-03-22 04:00:00+00:00,20765.0,20769.0,20584.0,20613.0,5815
2016-03-22 08:00:00+00:00,20621.0,20677.0,20577.0,20605.0,5514
2016-03-22 12:00:00+00:00,20590.0,20641.0,20577.0,20610.0,5472
2016-03-22 16:00:00+00:00,20611.0,20653.0,20558.0,20635.0,4795
2016-03-23 04:00:00+00:00,20635.0,20682.0,20581.0,20614.0,5300
2016-03-23 08:00:00+00:00,20615.0,20640.0,20512.0,20640.0,5769
2016-03-23 12:00:00+00:00,20628.0,20663.0,20609.0,20621.0,3369
2016-03-23 16:00:00+00:00,20621.0,20621.0,20450.0,20455.0,5579
2016-03-24 04:00:00+00:00,20414.0,20501.0,20341.0,20384.0,5709
2016-03-24 08:00:00+00:00,20387.0,20406.0,20258.0,20314.0,5833
2016-03-24 12:00:00+00:00,20315.0,20315.0,20174.0,20188.0,4713
2016-03-24 16:00:00+00:00,20186.0,20235.0,20148.0,20173.0,4823
2016-03-29 04:00:00+00:00,20341.0,20420.0,20252.0,20301.0,5690
2016-03-29 08:00:00+00:00,20305.0,20378.0,20281.0,20362.0,5961
2016-03-29 12:00:00+00:00,20356.0,20378.0,20278.0,20287.0,3507
2016-03-29 16:00:00+00:00,20286.0,20345.0,20259.0,20333.0,3357
2016-03-30 04:00:00+00:00,20505.0,20711.0,20505.0,20647.0,4820
2016-03-30 08:00:00+00:00,20648.0,20833.0,20625.0,20823.0,5587
2016-03-30 12:00:00+00:00,20828.0,20939.0,20817.0,20916.0,4233
2016-03-30 16:00:00+00:00,20915.0,20989.0,20893.0,20897.0,4183
2016-03-31 04:00:00+00:00,20846.0,20859.0,20702.0,20755.0,6040
2016-03-31 08:00:00+00:00,20754.0,20786.0,20678.0,20781.0,6458
2016-03-31 12:00:00+00:00,20742.0,20805.0,20709.0,20788.0,4039
2016-03-31 16:00:00+00:00,20788.0,20845.0,20760.0,20812.0,4603
2016-04-01 04:00:00+00:00,20780.0,20804.0,20471.0,20499.0,7296
2016-04-01 08:00:00+00:00,20485.0,20549.0,20434.0,20444.0,7025
2016-04-01 12:00:00+00:00,20451.0,20485.0,20303.0,20333.0,5543
2016-04-01 16:00:00+00:00,20330.0,20515.0,20283.0,20511.0,4816
2016-04-05 04:00:00+00:00,20346.0,20356.0,20087.0,20197.0,6665
2016-04-05 08:00:00+00:00,20193.0,20241.0,20094.0,20129.0,6665
2016-04-05 12:00:00+00:00,20117.0,20142.0,20074.0,20115.0,4313
2016-04-05 16:00:00+00:00,20115.0,20171.0,20061.0,20135.0,5186
2016-04-06 04:00:00+00:00,20076.0,20231.0,20046.0,20220.0,5936
2016-04-06 08:00:00+00:00,20223.0,20232.0,20142.0,20159.0,5360
2016-04-06 12:00:00+00:00,20171.0,20195.0,20122.0,20132.0,3323
2016-04-06 16:00:00+00:00,20132.0,20239.0,20090.0,20239.0,5216
2016-04-07 04:00:00+00:00,20295.0,20375.0,20152.0,20187.0,5848
2016-04-07 08:00:00+00:00,20188.0,20287.0,20187.0,20257.0,5237
2016-04-07 12:00:00+00:00,20233.0,20234.0,20179.0,20212.0,3808
2016-04-07 16:00:00+00:00,20210.0,20223.0,20095.0,20112.0,5129
2016-04-08 04:00:00+00:00,19988.0,20138.0,19985.0,20101.0,5714
2016-04-08 08:00:00+00:00,20137.0,20400.0,20110.0,20398.0,6249
2016-04-08 12:00:00+00:00,20383.0,20500.0,20343.0,20493.0,4176
2016-04-08 16:00:00+00:00,20492.0,20517.0,20353.0,20366.0,5464
2016-04-11 04:00:00+00:00,20268.0,20581.0,20184.0,20495.0,5003
2016-04-11 08:00:00+00:00,20500.0,20552.0,20304.0,20541.0,7472
2016-04-11 12:00:00+00:00,20507.0,20586.0,20484.0,20579.0,4850
2016-04-11 16:00:00+00:00,20579.0,20618.0,20507.0,20507.0,5771
2016-04-12 04:00:00+00:00,20439.0,20528.0,20399.0,20485.0,6747
2016-04-12 08:00:00+00:00,20502.0,20562.0,20462.0,20464.0,6437
2016-04-12 12:00:00+00:00,20502.0,20567.0,20490.0,20530.0,4303
2016-04-12 16:00:00+00:00,20530.0,20643.0,20437.0,20636.0,6535
2016-04-13 04:00:00+00:00,20711.0,21038.0,20684.0,21004.0,6955
2016-04-13 08:00:00+00:00,21011.0,21207.0,20983.0,21201.0,7118
2016-04-13 12:00:00+00:00,21215.0,21336.0,21198.0,21291.0,5575
2016-04-13 16:00:00+00:00,21295.0,21384.0,21272.0,21383.0,5282
2016-04-14 04:00:00+00:00,21422.0,21529.0,21285.0,21361.0,7766
2016-04-14 08:00:00+00:00,21362.0,21370.0,21299.0,21328.0,6549
2016-04-14 12:00:00+00:00,21324.0,21439.0,21316.0,21427.0,5114
2016-04-14 16:00:00+00:00,21427.0,21457.0,21376.0,21438.0,4778
2016-04-15 04:00:00+00:00,21408.0,21437.0,21244.0,21321.0,7383
2016-04-15 08:00:00+00:00,21328.0,21358.0,21303.0,21329.0,4420
2016-04-15 12:00:00+00:00,21326.0,21336.0,21249.0,21277.0,3577
2016-04-15 16:00:00+00:00,21276.0,21327.0,21267.0,21310.0,4263
2016-04-18 04:00:00+00:00,21069.0,21172.0,21027.0,21071.0,6324
2016-04-18 08:00:00+00:00,21069.0,21172.0,21007.0,21150.0,5793
2016-04-18 12:00:00+00:00,21182.0,21269.0,21179.0,21248.0,4999
2016-04-18 16:00:00+00:00,21247.0,21390.0,21199.0,21382.0,5290
2016-04-19 04:00:00+00:00,21430.0,21509.0,21267.0,21306.0,6255
2016-04-19 08:00:00+00:00,21297.0,21470.0,21263.0,21420.0,6254
2016-04-19 12:00:00+00:00,21436.0,21483.0,21422.0,21437.0,3947
2016-04-19 16:00:00+00:00,21436.0,21581.0,21428.0,21577.0,5355
2016-04-20 04:00:00+00:00,21475.0,21481.0,21194.0,21213.0,6798
2016-04-20 08:00:00+00:00,21219.0,21288.0,21108.0,21257.0,7383
2016-04-20 12:00:00+00:00,21230.0,21360.0,21222.0,21345.0,4680
2016-04-20 16:00:00+00:00,21345.0,21423.0,21297.0,21411.0,5732
2016-04-21 04:00:00+00:00,21419.0,21630.0,21337.0,21626.0,7649
2016-04-21 08:00:00+00:00,21625.0,21643.0,21480.0,21570.0,7473
2016-04-21 12:00:00+00:00,21571.0,21592.0,21502.0,21536.0,5241
2016-04-21 16:00:00+00:00,21535.0,21540.0,21385.0,21441.0,6449
2016-04-22 04:00:00+00:00,21368.0,21474.0,21315.0,21398.0,7266
2016-04-22 08:00:00+00:00,21435.0,21478.0,21386.0,21458.0,6635
2016-04-22 12:00:00+00:00,21406.0,21462.0,21392.0,21429.0,3749
2016-04-22 16:00:00+00:00,21429.0,21537.0,21383.0,21411.0,5762
2016-04-25 04:00:00+00:00,21366.0,21428.0,21291.0,21352.0,6751
2016-04-25 08:00:00+00:00,21351.0,21399.0,21248.0,21273.0,5814
2016-04-25 12:00:00+00:00,21266.0,21351.0,21257.0,21319.0,4538
2016-04-25 16:00:00+00:00,21320.0,21332.0,21254.0,21294.0,5566
2016-04-26 04:00:00+00:00,21320.0,21407.0,21069.0,21120.0,6918
2016-04-26 08:00:00+00:00,21135.0,21414.0,21118.0,21372.0,5958
2016-04-26 12:00:00+00:00,21352.0,21404.0,21319.0,21377.0,3664
2016-04-26 16:00:00+00:00,21376.0,21436.0,21332.0,21346.0,4518
2016-04-27 04:00:00+00:00,21334.0,21429.0,21263.0,21336.0,6521
2016-04-27 08:00:00+00:00,21327.0,21354.0,21266.0,21272.0,5137
2016-04-27 12:00:00+00:00,21292.0,21314.0,21268.0,21300.0,2735
2016-04-27 16:00:00+00:00,21299.0,21336.0,21271.0,21330.0,3711
2016-04-28 04:00:00+00:00,21431.0,21644.0,21203.0,21442.0,8130
2016-04-28 08:00:00+00:00,21426.0,21442.0,21278.0,21282.0,7464
2016-04-28 12:00:00+00:00,21255.0,21302.0,21231.0,21298.0,4504
2016-04-28 16:00:00+00:00,21298.0,21469.0,21284.0,21455.0,5591
2016-04-29 04:00:00+00:00,21155.0,21229.0,20971.0,21074.0,7439
2016-04-29 08:00:00+00:00,21052.0,21105.0,20950.0,20967.0,5547
2016-04-29 12:00:00+00:00,20969.0,21095.0,20969.0,21022.0,5134
2016-04-29 16:00:00+00:00,21023.0,21054.0,20870.0,20877.0,6310
2016-05-03 04:00:00+00:00,21050.0,21086.0,20725.0,20823.0,7155
2016-05-03 08:00:00+00:00,20835.0,20861.0,20623.0,20664.0,5330
2016-05-03 12:00:00+00:00,20637.0,20647.0,20570.0,20622.0,5201
2016-05-03 16:00:00+00:00,20622.0,20633.0,20457.0,20504.0,7098
2016-05-04 04:00:00+00:00,20497.0,20581.0,20395.0,20466.0,5931
2016-05-04 08:00:00+00:00,20450.0,20563.0,20409.0,20418.0,6004
2016-05-04 12:00:00+00:00,20390.0,20390.0,20285.0,20307.0,5619
2016-05-04 16:00:00+00:00,20308.0,20392.0,20261.0,20265.0,6778
2016-05-05 04:00:00+00:00,20347.0,20484.0,20315.0,20432.0,5801
2016-05-05 08:00:00+00:00,20422.0,20515.0,20393.0,20410.0,5132
2016-05-05 12:00:00+00:00,20439.0,20497.0,20400.0,20435.0,4105
2016-05-05 16:00:00+00:00,20436.0,20447.0,20350.0,20384.0,5689
2016-05-06 04:00:00+00:00,20298.0,20370.0,20112.0,20149.0,6940
2016-05-06 08:00:00+00:00,20158.0,20203.0,20023.0,20109.0,6265
2016-05-06 12:00:00+00:00,20123.0,20123.0,19986.0,20010.0,4458
2016-05-06 16:00:00+00:00,20008.0,20219.0,20008.0,20178.0,6824
2016-05-09 04:00:00+00:00,20299.0,20338.0,20134.0,20207.0,6942
2016-05-09 08:00:00+00:00,20228.0,20257.0,20104.0,20183.0,6562
2016-05-09 12:00:00+00:00,20226.0,20296.0,20186.0,20189.0,3844
2016-05-09 16:00:00+00:00,20190.0,20209.0,20014.0,20057.0,5940
2016-05-10 04:00:00+00:00,20020.0,20201.0,19985.0,20137.0,6989
2016-05-10 08:00:00+00:00,20144.0,20304.0,20091.0,20234.0,6654
2016-05-10 12:00:00+00:00,20269.0,20278.0,20147.0,20156.0,4295
2016-05-10 16:00:00+00:00,20157.0,20266.0,20127.0,20246.0,5105
2016-05-11 04:00:00+00:00,20335.0,20357.0,19983.0,20070.0,7718
2016-05-11 08:00:00+00:00,20071.0,20156.0,19969.0,20002.0,7328
2016-05-11 12:00:00+00:00,20013.0,20055.0,19959.0,20050.0,4004
2016-05-11 16:00:00+00:00,20051.0,20095.0,19968.0,20065.0,5166
2016-05-12 04:00:00+00:00,20031.0,20114.0,19837.0,19943.0,7707
2016-05-12 08:00:00+00:00,19952.0,19981.0,19848.0,19917.0,6705
2016-05-12 12:00:00+00:00,19946.0,20057.0,19946.0,20012.0,4715
2016-05-12 16:00:00+00:00,20012.0,20032.0,19834.0,19860.0,5924
2016-05-13 04:00:00+00:00,19815.0,19858.0,19683.0,19714.0,7414
2016-05-13 08:00:00+00:00,19719.0,19757.0,19574.0,19731.0,6600
2016-05-13 12:00:00+00:00,19720.0,19786.0,19668.0,19725.0,5269
2016-05-13 16:00:00+00:00,19725.0,19828.0,19683.0,19754.0,6523
2016-05-16 04:00:00+00:00,19656.0,20004.0,19643.0,19949.0,7712
2016-05-16 08:00:00+00:00,19928.0,19989.0,19790.0,19941.0,7461
2016-05-16 12:00:00+00:00,19954.0,19970.0,19885.0,19915.0,2867
2016-05-16 16:00:00+00:00,19916.0,20014.0,19899.0,20013.0,4176
2016-05-17 04:00:00+00:00,19974.0,19979.0,19829.0,19934.0,6754
2016-05-17 08:00:00+00:00,19935.0,20121.0,19901.0,20054.0,7486
2016-05-17 12:00:00+00:00,20047.0,20048.0,19941.0,19960.0,5146
2016-05-17 16:00:00+00:00,19960.0,19992.0,19901.0,19959.0,6649
2016-05-18 04:00:00+00:00,19844.0,19904.0,19723.0,19757.0,6583
2016-05-18 08:00:00+00:00,19736.0,19826.0,19736.0,19782.0,6743
2016-05-18 12:00:00+00:00,19791.0,19834.0,19761.0,19769.0,4168
2016-05-18 16:00:00+00:00,19768.0,19883.0,19746.0,19866.0,5997
2016-05-19 04:00:00+00:00,19732.0,19792.0,19643.0,19725.0,5951
2016-05-19 08:00:00+00:00,19723.0,19749.0,19627.0,19672.0,5539
2016-05-19 12:00:00+00:00,19638.0,19706.0,19623.0,19673.0,4507
2016-05-19 16:00:00+00:00,19674.0,19696.0,19551.0,19552.0,7450
2016-05-20 04:00:00+00:00,19647.0,19977.0,19621.0,19924.0,7022
2016-05-20 08:00:00+00:00,19928.0,19958.0,19854.0,19878.0,6339
2016-05-20 12:00:00+00:00,19876.0,19886.0,19828.0,19877.0,4023
2016-05-20 16:00:00+00:00,19876.0,19939.0,19853.0,19938.0,5453
2016-05-23 04:00:00+00:00,19806.0,19956.0,19732.0,19923.0,6342
2016-05-23 08:00:00+00:00,19922.0,19937.0,19729.0,19854.0,5769
2016-05-23 12:00:00+00:00,19838.0,19878.0,19791.0,19801.0,4019
2016-05-23 16:00:00+00:00,19802.0,19865.0,19797.0,19806.0,4763
2016-05-24 04:00:00+00:00,19806.0,19815.0,19720.0,19740.0,5210
2016-05-24 08:00:00+00:00,19733.0,19902.0,19712.0,19882.0,5249
2016-05-24 12:00:00+00:00,19892.0,19992.0,19864.0,19972.0,4098
2016-05-24 16:00:00+00:00,19971.0,20110.0,19956.0,20081.0,6167
2016-05-25 04:00:00+00:00,20145.0,20382.0,20125.0,20341.0,5228
2016-05-25 08:00:00+00:00,20348.0,20404.0,20307.0,20353.0,5355
2016-05-25 12:00:00+00:00,20369.0,20430.0,20356.0,20413.0,4278
2016-05-25 16:00:00+00:00,20414.0,20498.0,20371.0,20441.0,5644
2016-05-26 04:00:00+00:00,20372.0,20382.0,20240.0,20306.0,5670
2016-05-26 08:00:00+00:00,20309.0,20407.0,20294.0,20386.0,5059
2016-05-26 12:00:00+00:00,20356.0,20465.0,20336.0,20438.0,4087
2016-05-26 16:00:00+00:00,20439.0,20459.0,20375.0,20415.0,5516
2016-05-27 04:00:00+00:00,20451.0,20477.0,20281.0,20353.0,4899
2016-05-27 08:00:00+00:00,20351.0,20647.0,20345.0,20581.0,6471
2016-05-27 12:00:00+00:00,20568.0,20660.0,20565.0,20596.0,2886
2016-05-27 16:00:00+00:00,20595.0,20635.0,20576.0,20605.0,3482
2016-05-30 04:00:00+00:00,20615.0,20739.0,20487.0,20701.0,5340
2016-05-30 08:00:00+00:00,20702.0,20704.0,20650.0,20672.0,1554
2016-05-31 04:00:00+00:00,20600.0,20942.0,20600.0,20917.0,6615
2016-05-31 08:00:00+00:00,20911.0,20993.0,20737.0,20747.0,6202
2016-05-31 12:00:00+00:00,20794.0,20823.0,20751.0,20775.0,3092
2016-05-31 16:00:00+00:00,20775.0,20803.0,20693.0,20720.0,4974
2016-06-01 04:00:00+00:00,20722.0,20920.0,20695.0,20823.0,6217
2016-06-01 08:00:00+00:00,20826.0,20850.0,20734.0,20806.0,5740
2016-06-01 12:00:00+00:00,20754.0,20772.0,20719.0,20740.0,3621
2016-06-01 16:00:00+00:00,20739.0,20793.0,20689.0,20759.0,4503
2016-06-02 04:00:00+00:00,20753.0,20875.0,20684.0,20782.0,6579
2016-06-02 08:00:00+00:00,20783.0,20886.0,20751.0,20852.0,6037
2016-06-02 12:00:00+00:00,20855.0,20908.0,20843.0,20851.0,4019
2016-06-02 16:00:00+00:00,20853.0,20903.0,20805.0,20876.0,6490
2016-06-03 04:00:00+00:00,20953.0,21072.0,20894.0,20931.0,6430
2016-06-03 08:00:00+00:00,20939.0,20977.0,20906.0,20931.0,5018
2016-06-03 12:00:00+00:00,20940.0,20966.0,20897.0,20918.0,4181
2016-06-03 16:00:00+00:00,20919.0,20947.0,20811.0,20870.0,6703
2016-06-06 04:00:00+00:00,20944.0,21011.0,20814.0,20907.0,6171
2016-06-06 08:00:00+00:00,20908.0,21035.0,20864.0,21003.0,5691
2016-06-06 12:00:00+00:00,21006.0,21039.0,20993.0,21034.0,3476
2016-06-06 16:00:00+00:00,21035.0,21170.0,21028.0,21159.0,4863
2016-06-07 04:00:00+00:00,21188.0,21255.0,21146.0,21197.0,5729
2016-06-07 08:00:00+00:00,21203.0,21351.0,21166.0,21313.0,4980
2016-06-07 12:00:00+00:00,21322.0,21395.0,21315.0,21338.0,3469
2016-06-07 16:00:00+00:00,21339.0,21381.0,21297.0,21351.0,4939
2016-06-08 04:00:00+00:00,21316.0,21324.0,21200.0,21267.0,5332
2016-06-08 08:00:00+00:00,21270.0,21361.0,21246.0,21318.0,5271
2016-06-08 12:00:00+00:00,21297.0,21357.0,21297.0,21353.0,2673
2016-06-08 16:00:00+00:00,21356.0,21401.0,21334.0,21366.0,4575
2016-06-10 04:00:00+00:00,21271.0,21299.0,21101.0,21154.0,3929
2016-06-10 08:00:00+00:00,21152.0,21194.0,20974.0,20998.0,4288
2016-06-10 12:00:00+00:00,20987.0,20990.0,20905.0,20914.0,4308
2016-06-10 16:00:00+00:00,20913.0,20920.0,20819.0,20846.0,5752
2016-06-13 04:00:00+00:00,20682.0,20731.0,20471.0,20508.0,6538
2016-06-13 08:00:00+00:00,20499.0,20567.0,20417.0,20560.0,6189
2016-06-13 12:00:00+00:00,20518.0,20518.0,20468.0,20474.0,3458
2016-06-13 16:00:00+00:00,20475.0,20582.0,20458.0,20475.0,6749
2016-06-14 04:00:00+00:00,20498.0,20546.0,20430.0,20469.0,5530
2016-06-14 08:00:00+00:00,20477.0,20522.0,20349.0,20364.0,5787
2016-06-14 12:00:00+00:00,20315.0,20355.0,20300.0,20328.0,3463
2016-06-14 16:00:00+00:00,20328.0,20404.0,20211.0,20217.0,6904
2016-06-15 04:00:00+00:00,20103.0,20512.0,20089.0,20484.0,7158
2016-06-15 08:00:00+00:00,20470.0,20567.0,20394.0,20463.0,6574
2016-06-15 12:00:00+00:00,20480.0,20513.0,20456.0,20473.0,3335
2016-06-15 16:00:00+00:00,20472.0,20526.0,20455.0,20455.0,5393
2016-06-16 04:00:00+00:00,20279.0,20285.0,19994.0,20075.0,7368
2016-06-16 08:00:00+00:00,20042.0,20077.0,19941.0,20026.0,6636
2016-06-16 12:00:00+00:00,20021.0,20059.0,19965.0,19982.0,3790
2016-06-16 16:00:00+00:00,19981.0,20036.0,19871.0,19985.0,6154
2016-06-17 04:00:00+00:00,20292.0,20306.0,20168.0,20199.0,6252
2016-06-17 08:00:00+00:00,20182.0,20222.0,20077.0,20134.0,6287
2016-06-17 12:00:00+00:00,20156.0,20208.0,20120.0,20159.0,4338
2016-06-17 16:00:00+00:00,20158.0,20194.0,20071.0,20081.0,6517
2016-06-20 04:00:00+00:00,20404.0,20510.0,20269.0,20378.0,6783
2016-06-20 08:00:00+00:00,20379.0,20575.0,20363.0,20495.0,6530
2016-06-20 12:00:00+00:00,20521.0,20618.0,20521.0,20596.0,4016
2016-06-20 16:00:00+00:00,20597.0,20653.0,20570.0,20646.0,5711
2016-06-21 04:00:00+00:00,20535.0,20674.0,20492.0,20593.0,6364
2016-06-21 08:00:00+00:00,20602.0,20677.0,20566.0,20636.0,5751
2016-06-21 12:00:00+00:00,20635.0,20685.0,20600.0,20610.0,4247
2016-06-21 16:00:00+00:00,20610.0,20657.0,20560.0,20632.0,7040
2016-06-22 04:00:00+00:00,20538.0,20779.0,20489.0,20741.5,9241
2016-06-22 08:00:00+00:00,20742.0,20856.0,20720.0,20806.0,9664
2016-06-22 12:00:00+00:00,20805.5,20854.0,20797.0,20832.0,3339
2016-06-22 16:00:00+00:00,20831.0,20910.0,20818.0,20832.5,5903
2016-06-23 04:00:00+00:00,20871.0,20914.0,20753.0,20835.5,7940
2016-06-23 08:00:00+00:00,20836.0,20993.0,20807.0,20992.5,10679
2016-06-23 12:00:00+00:00,20992.0,21164.0,20948.5,21125.0,7941
2016-06-23 16:00:00+00:00,21126.0,21164.0,21039.0,21149.5,6974
2016-06-24 04:00:00+00:00,20610.0,21065.0,19691.0,19770.0,21924
2016-06-24 08:00:00+00:00,19768.0,20271.0,19636.0,20099.0,21341
2016-06-24 12:00:00+00:00,20099.5,20284.0,20071.0,20127.0,8368
2016-06-24 16:00:00+00:00,20126.0,20461.0,20113.0,20241.0,8108
2016-06-27 04:00:00+00:00,19987.0,20132.0,19959.0,20091.5,11666
2016-06-27 08:00:00+00:00,20092.0,20341.0,20085.0,20145.0,15399
2016-06-27 12:00:00+00:00,20143.5,20162.0,19957.0,20007.0,6940
2016-06-27 16:00:00+00:00,20008.0,20033.0,19703.0,19793.5,9619
2016-06-28 04:00:00+00:00,19841.0,20120.0,19827.0,20064.0,10159
2016-06-28 08:00:00+00:00,20036.0,20234.5,20012.0,20191.5,11455
2016-06-28 12:00:00+00:00,20192.5,20272.0,20171.0,20259.0,4009
2016-06-28 16:00:00+00:00,20259.0,20306.0,20141.0,20162.0,6402
2016-06-29 04:00:00+00:00,20210.0,20370.0,20175.0,20314.0,6905
2016-06-29 08:00:00+00:00,20313.0,20341.0,20291.0,20336.0,2426
2016-06-29 12:00:00+00:00,20493.0,20602.0,20488.0,20567.0,5772
2016-06-29 16:00:00+00:00,20566.0,20625.0,20543.0,20607.0,6330
2016-06-30 04:00:00+00:00,20701.0,20839.0,20619.0,20768.0,8253
2016-06-30 08:00:00+00:00,20763.0,20940.0,20602.0,20932.0,9023
2016-06-30 12:00:00+00:00,20920.0,20958.0,20836.0,20885.0,6669
2016-06-30 16:00:00+00:00,20885.0,20913.0,20786.0,20900.0,7538
2016-07-04 04:00:00+00:00,20974.0,21171.0,20830.0,21093.0,8570
2016-07-04 08:00:00+00:00,21095.0,21129.0,20978.0,21012.0,8321
2016-07-04 12:00:00+00:00,20987.0,21047.0,20950.0,20973.0,3673
2016-07-04 16:00:00+00:00,20974.0,20983.0,20903.0,20920.0,3042
2016-07-05 04:00:00+00:00,20913.0,20931.0,20797.0,20895.0,7822
2016-07-05 08:00:00+00:00,20892.0,20945.0,20699.0,20707.0,8126
2016-07-05 12:00:00+00:00,20680.0,20721.0,20655.0,20687.0,4652
2016-07-05 16:00:00+00:00,20686.0,20707.0,20616.0,20648.0,7035
2016-07-06 04:00:00+00:00,20520.0,20524.0,20274.0,20343.0,7321
2016-07-06 08:00:00+00:00,20351.0,20576.0,20333.0,20515.0,8298
2016-07-06 12:00:00+00:00,20467.0,20474.0,20335.0,20386.0,6878
2016-07-06 16:00:00+00:00,20387.0,20464.0,20315.0,20437.0,8596
2016-07-07 04:00:00+00:00,20661.0,20748.0,20556.0,20644.0,8013
2016-07-07 08:00:00+00:00,20653.0,20741.0,20615.0,20698.0,7890
2016-07-07 12:00:00+00:00,20710.0,20723.0,20660.0,20697.0,3839
2016-07-07 16:00:00+00:00,20696.0,20741.0,20604.0,20607.0,6213
2016-07-08 04:00:00+00:00,20604.0,20629.0,20456.0,20475.0,7725
2016-07-08 08:00:00+00:00,20468.0,20582.0,20461.0,20569.0,3769
2016-07-08 12:00:00+00:00,20537.0,20727.0,20527.0,20712.0,5635
2016-07-08 16:00:00+00:00,20711.0,20841.0,20684.0,20839.0,7157
2016-07-11 04:00:00+00:00,20984.0,21043.0,20875.0,20902.0,7629
2016-07-11 08:00:00+00:00,20908.0,20928.0,20816.0,20856.0,7689
2016-07-11 12:00:00+00:00,20830.0,20915.0,20808.0,20906.0,5390
2016-07-11 16:00:00+00:00,20906.0,21023.0,20903.0,21012.0,5963
2016-07-12 04:00:00+00:00,21005.0,21078.0,20957.0,20991.0,7782
2016-07-12 08:00:00+00:00,20987.0,21266.0,20976.0,21257.0,8337
2016-07-12 12:00:00+00:00,21282.0,21355.0,21267.0,21348.0,4636
2016-07-12 16:00:00+00:00,21348.0,21416.0,21315.0,21416.0,5847
2016-07-13 04:00:00+00:00,21397.0,21445.0,21275.0,21337.0,8217
2016-07-13 08:00:00+00:00,21340.0,21369.0,21272.0,21287.0,7968
2016-07-13 12:00:00+00:00,21293.0,21377.0,21282.0,21368.0,4039
2016-07-13 16:00:00+00:00,21368.0,21371.0,21261.0,21261.0,5898
2016-07-14 04:00:00+00:00,21266.0,21382.0,21257.0,21352.5,5775
2016-07-14 08:00:00+00:00,21352.0,21580.0,21316.0,21554.5,9860
2016-07-14 12:00:00+00:00,21555.0,21649.0,21532.0,21648.0,6481
2016-07-14 16:00:00+00:00,21648.0,21664.0,21585.0,21664.0,5574
2016-07-15 04:00:00+00:00,21587.0,21747.0,21506.0,21666.5,10124
2016-07-15 08:00:00+00:00,21667.0,21728.5,21520.0,21668.5,10924
2016-07-15 12:00:00+00:00,21656.0,21678.0,21592.0,21668.0,5264
2016-07-15 16:00:00+00:00,21670.0,21690.0,21579.0,21614.5,5694
2016-07-18 04:00:00+00:00,21627.0,21774.0,21606.0,21692.0,8492
2016-07-18 08:00:00+00:00,21692.5,21824.0,21659.0,21737.0,10702
2016-07-18 12:00:00+00:00,21737.5,21760.5,21641.0,21646.0,4353
2016-07-18 16:00:00+00:00,21647.0,21777.5,21620.0,21777.5,5814
2016-07-19 04:00:00+00:00,21709.0,21726.0,21606.0,21668.5,7846
2016-07-19 08:00:00+00:00,21670.0,21719.0,21626.0,21657.0,9823
2016-07-19 12:00:00+00:00,21656.0,21667.0,21619.0,21649.0,3966
2016-07-19 16:00:00+00:00,21650.0,21696.0,21642.0,21692.0,5348
2016-07-20 04:00:00+00:00,21625.0,21884.0,21604.0,21865.0,7360
2016-07-20 08:00:00+00:00,21864.0,21902.0,21814.0,21868.0,6082
2016-07-20 12:00:00+00:00,21890.0,21957.0,21886.0,21927.0,3767
2016-07-20 16:00:00+00:00,21928.0,21951.0,21851.0,21903.0,5132
2016-07-21 04:00:00+00:00,21921.0,22053.0,21883.0,22031.0,6270
2016-07-21 08:00:00+00:00,22018.0,22106.0,21941.0,21973.0,6368
2016-07-21 12:00:00+00:00,21938.0,21953.0,21886.0,21908.0,5094
2016-07-21 16:00:00+00:00,21909.0,21969.0,21906.0,21913.0,5814
2016-07-22 04:00:00+00:00,21898.0,21940.0,21831.0,21901.0,6361
2016-07-22 08:00:00+00:00,21889.0,21969.0,21880.0,21963.0,6058
2016-07-22 12:00:00+00:00,21973.0,22035.0,21968.0,21997.0,4308
2016-07-22 16:00:00+00:00,21997.0,22002.0,21947.0,21961.0,4727
2016-07-25 04:00:00+00:00,22080.0,22081.0,21875.0,21906.0,6170
2016-07-25 08:00:00+00:00,21909.0,21998.0,21879.0,21997.0,6313
2016-07-25 12:00:00+00:00,21983.0,22006.0,21973.0,21975.0,3118
2016-07-25 16:00:00+00:00,21977.0,21986.0,21854.0,21866.0,5193
2016-07-26 04:00:00+00:00,21855.0,22223.0,21840.0,22190.0,7394
2016-07-26 08:00:00+00:00,22181.0,22296.0,22064.0,22085.0,7790
2016-07-26 12:00:00+00:00,22103.0,22135.0,22082.0,22121.0,3602
2016-07-26 16:00:00+00:00,22122.0,22198.0,22064.0,22120.0,4885
2016-07-27 04:00:00+00:00,22153.0,22260.0,22054.0,22078.0,7779
2016-07-27 08:00:00+00:00,22063.0,22177.0,21985.0,22142.0,8740
2016-07-27 12:00:00+00:00,22124.0,22167.0,22106.0,22162.0,2614
2016-07-27 16:00:00+00:00,22162.0,22186.0,22098.0,22112.0,4314
2016-07-28 04:00:00+00:00,22127.0,22191.0,22049.0,22077.0,6800
2016-07-28 08:00:00+00:00,22088.0,22160.0,22023.0,22157.0,7644
2016-07-28 12:00:00+00:00,22138.0,22149.0,22038.0,22057.0,3607
2016-07-28 16:00:00+00:00,22058.0,22067.0,21974.0,21988.0,5791
2016-07-29 04:00:00+00:00,22022.0,22140.0,21920.0,21990.0,8306
2016-07-29 08:00:00+00:00,21956.0,22027.0,21781.0,21785.0,8385
2016-07-29 12:00:00+00:00,21782.0,21858.0,21782.0,21836.0,4019
2016-07-29 16:00:00+00:00,21837.0,21944.0,21822.0,21934.0,5680
2016-08-01 04:00:00+00:00,21956.0,22260.0,21956.0,22179.0,7936
2016-08-01 08:00:00+00:00,22173.0,22228.0,22075.0,22133.0,6991
2016-08-01 12:00:00+00:00,22115.0,22115.0,22031.0,22039.0,3412
2016-08-03 04:00:00+00:00,21799.0,21809.0,21686.0,21733.0,6877
2016-08-03 08:00:00+00:00,21729.0,21803.0,21699.0,21706.0,7565
2016-08-03 12:00:00+00:00,21701.0,21739.0,21678.0,21696.0,3204
2016-08-03 16:00:00+00:00,21697.0,21814.0,21691.0,21801.0,5635
2016-08-04 04:00:00+00:00,21888.0,21902.0,21758.0,21831.0,6748
2016-08-04 08:00:00+00:00,21854.0,21889.0,21812.0,21846.0,6396
2016-08-04 12:00:00+00:00,21832.0,21969.0,21830.0,21888.0,5097
2016-08-04 16:00:00+00:00,21888.0,21951.0,21855.0,21942.0,5681
2016-08-05 04:00:00+00:00,21919.0,22175.0,21919.0,22156.0,6438
2016-08-05 08:00:00+00:00,22147.0,22206.0,22107.0,22155.0,6262
2016-08-05 12:00:00+00:00,22146.0,22240.0,22136.0,22232.0,3392
2016-08-05 16:00:00+00:00,22231.0,22311.0,22198.0,22309.0,5328
2016-08-08 04:00:00+00:00,22340.0,22456.0,22235.0,22411.0,6171
2016-08-08 08:00:00+00:00,22417.0,22503.0,22397.0,22476.0,5750
2016-08-08 12:00:00+00:00,22476.0,22490.0,22432.0,22450.0,2350
2016-08-08 16:00:00+00:00,22450.0,22486.0,22426.0,22436.0,3995
2016-08-09 04:00:00+00:00,22402.0,22494.0,22396.0,22451.0,5827
2016-08-09 08:00:00+00:00,22455.0,22479.0,22411.0,22455.0,5383
2016-08-09 12:00:00+00:00,22456.0,22500.0,22456.0,22470.0,2101
2016-08-09 16:00:00+00:00,22470.0,22595.0,22462.0,22560.0,4406
2016-08-10 04:00:00+00:00,22511.0,22624.0,22440.0,22555.0,6125
2016-08-10 08:00:00+00:00,22556.0,22580.0,22371.0,22443.0,6796
2016-08-10 12:00:00+00:00,22457.0,22518.0,22426.0,22512.0,2665
2016-08-10 16:00:00+00:00,22512.0,22535.0,22417.0,22428.0,5215
2016-08-11 04:00:00+00:00,22388.0,22566.0,22318.0,22541.0,7333
2016-08-11 08:00:00+00:00,22550.0,22701.0,22530.0,22575.0,8259
2016-08-11 12:00:00+00:00,22603.0,22685.0,22597.0,22659.0,3362
2016-08-11 16:00:00+00:00,22660.0,22760.0,22633.0,22745.0,5080
2016-08-12 04:00:00+00:00,22743.0,22823.0,22690.0,22746.0,7835
2016-08-12 08:00:00+00:00,22742.0,22811.0,22724.0,22759.0,7230
2016-08-12 12:00:00+00:00,22750.0,22755.0,22719.0,22734.0,2940
2016-08-12 16:00:00+00:00,22735.0,22792.0,22721.0,22736.0,4518
2016-08-15 04:00:00+00:00,22766.0,22946.0,22709.0,22929.0,7846
2016-08-15 08:00:00+00:00,22930.0,22977.0,22892.0,22925.0,7033
2016-08-15 12:00:00+00:00,22908.0,22951.0,22893.0,22945.0,2042
2016-08-15 16:00:00+00:00,22946.0,23026.0,22935.0,23008.0,3880
2016-08-16 04:00:00+00:00,22990.0,23052.0,22830.0,22925.0,8452
2016-08-16 08:00:00+00:00,22939.0,22975.0,22886.0,22931.0,6774
2016-08-16 12:00:00+00:00,22988.0,23158.0,22934.0,22965.0,4859
2016-08-16 16:00:00+00:00,22966.0,23022.0,22884.0,22950.0,5184
2016-08-17 04:00:00+00:00,22979.0,23044.0,22911.0,22965.0,7909
2016-08-17 08:00:00+00:00,22962.0,23010.0,22739.0,22744.0,7509
2016-08-17 12:00:00+00:00,22765.0,22842.0,22765.0,22831.0,3641
2016-08-17 16:00:00+00:00,22831.0,22841.0,22750.0,22765.0,5100
2016-08-18 04:00:00+00:00,22913.0,23205.0,22913.0,23162.0,7464
2016-08-18 08:00:00+00:00,23165.0,23170.0,22958.0,23054.0,8327
2016-08-18 12:00:00+00:00,23053.0,23069.0,22988.0,23022.0,2974
2016-08-18 16:00:00+00:00,23022.0,23118.0,23001.0,23091.0,4570
2016-08-19 04:00:00+00:00,23106.0,23147.0,22857.0,22951.0,8521
2016-08-19 08:00:00+00:00,22954.0,23020.0,22907.0,22920.0,7509
2016-08-19 12:00:00+00:00,22926.0,22947.0,22874.0,22921.0,3069
2016-08-19 16:00:00+00:00,22920.0,22962.0,22843.0,22944.0,5199
2016-08-22 04:00:00+00:00,22993.0,23024.0,22779.0,22866.0,8660
2016-08-22 08:00:00+00:00,22869.0,23000.0,22797.0,22965.0,8387
2016-08-22 12:00:00+00:00,22977.0,22989.0,22851.0,22874.0,4782
2016-08-22 16:00:00+00:00,22873.0,22940.0,22836.0,22871.0,5645
2016-08-23 04:00:00+00:00,22912.0,22977.0,22855.0,22929.0,7811
2016-08-23 08:00:00+00:00,22923.0,23044.0,22878.0,23035.0,7196
2016-08-23 12:00:00+00:00,23009.0,23063.0,22998.0,23060.0,3875
2016-08-23 16:00:00+00:00,23062.0,23109.0,23056.0,23069.0,5585
2016-08-24 04:00:00+00:00,23041.0,23041.0,22738.0,22850.0,7824
2016-08-24 08:00:00+00:00,22849.0,22857.0,22684.0,22812.0,7096
2016-08-24 12:00:00+00:00,22823.0,22849.0,22816.0,22836.0,3201
2016-08-24 16:00:00+00:00,22837.0,22841.0,22772.0,22791.0,5263
2016-08-25 04:00:00+00:00,22780.0,22865.0,22722.0,22815.0,7517
2016-08-25 08:00:00+00:00,22809.0,22898.0,22781.0,22786.0,6764
2016-08-25 12:00:00+00:00,22785.0,22839.0,22785.0,22796.0,3631
2016-08-25 16:00:00+00:00,22795.0,22847.0,22781.0,22841.0,5654
2016-08-26 04:00:00+00:00,22804.0,22991.0,22795.0,22930.0,6196
2016-08-26 08:00:00+00:00,22936.0,22953.0,22859.0,22905.0,6863
2016-08-26 12:00:00+00:00,22902.0,22956.0,22900.0,22954.0,2999
2016-08-26 16:00:00+00:00,22954.0,23121.0,22903.0,23043.0,7044
2016-08-29 04:00:00+00:00,22886.0,22915.0,22736.0,22819.0,7185
2016-08-29 08:00:00+00:00,22820.0,22843.0,22778.0,22822.0,6327
2016-08-29 12:00:00+00:00,22817.0,22852.0,22811.0,22845.0,3846
2016-08-29 16:00:00+00:00,22845.0,22896.0,22834.0,22891.0,7253
2016-08-30 04:00:00+00:00,22911.0,23027.0,22881.0,22975.0,6112
2016-08-30 08:00:00+00:00,22979.0,23088.0,22964.0,23005.0,6339
2016-08-30 12:00:00+00:00,23014.0,23070.0,23002.0,23058.0,2979
2016-08-30 16:00:00+00:00,23058.0,23091.0,23021.0,23024.0,5086
2016-08-31 04:00:00+00:00,23001.0,23049.0,22944.0,23021.0,6390
2016-08-31 08:00:00+00:00,23022.0,23032.0,22932.0,23014.0,5843
2016-08-31 12:00:00+00:00,23006.0,23044.0,22991.0,23001.0,2928
2016-08-31 16:00:00+00:00,23000.0,23008.0,22913.0,22913.0,5646
2016-09-01 04:00:00+00:00,22932.0,23140.0,22823.0,23105.0,7422
2016-09-01 08:00:00+00:00,23111.0,23222.0,23090.0,23221.0,6215
2016-09-01 12:00:00+00:00,23197.0,23236.0,23181.0,23187.0,3328
2016-09-01 16:00:00+00:00,23187.0,23211.0,23064.0,23080.0,6867
2016-09-02 04:00:00+00:00,23137.0,23307.0,23118.0,23252.0,6876
2016-09-02 08:00:00+00:00,23254.0,23328.0,23207.0,23258.0,6402
2016-09-02 12:00:00+00:00,23256.0,23387.0,23256.0,23379.0,5109
2016-09-02 16:00:00+00:00,23380.0,23481.0,23378.0,23477.0,7249
2016-09-05 04:00:00+00:00,23480.0,23663.0,23465.0,23640.0,8038
2016-09-05 08:00:00+00:00,23644.0,23687.0,23603.0,23643.0,6587
2016-09-05 12:00:00+00:00,23653.0,23683.0,23646.0,23661.0,3300
2016-09-05 16:00:00+00:00,23661.0,23666.0,23617.0,23635.0,2163
2016-09-06 04:00:00+00:00,23617.0,23732.0,23568.0,23703.0,7920
2016-09-06 08:00:00+00:00,23702.0,23780.0,23672.0,23761.0,6887
2016-09-06 12:00:00+00:00,23765.0,23774.0,23743.0,23753.0,2397
2016-09-06 16:00:00+00:00,23752.0,23791.0,23695.0,23695.0,6189
2016-09-07 04:00:00+00:00,23779.0,23806.0,23682.0,23723.0,6799
2016-09-07 08:00:00+00:00,23722.0,23784.0,23695.0,23703.0,6610
2016-09-07 12:00:00+00:00,23714.0,23744.0,23710.0,23736.0,2441
2016-09-07 16:00:00+00:00,23737.0,23759.0,23706.0,23723.0,4536
2016-09-08 04:00:00+00:00,23728.0,23845.0,23679.0,23818.0,6557
2016-09-08 08:00:00+00:00,23816.0,23941.0,23801.0,23929.0,6160
2016-09-08 12:00:00+00:00,23915.0,23954.0,23901.0,23911.0,4034
2016-09-08 16:00:00+00:00,23910.0,23994.0,23866.0,23950.0,7143
2016-09-09 04:00:00+00:00,23891.0,24187.0,23866.0,24168.0,7226
2016-09-09 08:00:00+00:00,24171.0,24401.0,24038.0,24112.0,9371
2016-09-09 12:00:00+00:00,24101.0,24129.0,23940.0,23948.0,4998
2016-09-09 16:00:00+00:00,23948.0,23988.0,23818.0,23833.0,7186
2016-09-12 04:00:00+00:00,23602.0,23657.0,23401.0,23434.0,9163
2016-09-12 08:00:00+00:00,23446.0,23479.0,23290.0,23297.0,8685
2016-09-12 12:00:00+00:00,23319.0,23321.0,23144.0,23273.0,6826
2016-09-12 16:00:00+00:00,23273.0,23476.0,23246.0,23468.0,8393
2016-09-13 04:00:00+00:00,23552.0,23636.0,23456.0,23489.0,8702
2016-09-13 08:00:00+00:00,23497.0,23530.0,23176.0,23246.0,9516
2016-09-13 12:00:00+00:00,23257.0,23360.0,23222.0,23255.0,5379
2016-09-13 16:00:00+00:00,23254.0,23282.0,23036.0,23072.0,9075
2016-09-14 04:00:00+00:00,23141.0,23375.0,23141.0,23227.0,8487
2016-09-14 08:00:00+00:00,23226.0,23283.0,23147.0,23246.0,8716
2016-09-14 12:00:00+00:00,23212.0,23331.0,23211.0,23311.0,4811
2016-09-14 16:00:00+00:00,23312.0,23348.0,23208.0,23258.0,9136
2016-09-15 04:00:00+00:00,23209.0,23325.0,23178.0,23305.0,6252
2016-09-15 08:00:00+00:00,23316.0,23478.0,23262.0,23355.0,7560
2016-09-15 12:00:00+00:00,23366.0,23460.0,23360.0,23422.0,5189
2016-09-15 16:00:00+00:00,23421.0,23546.0,23337.0,23525.0,8091
2016-09-19 04:00:00+00:00,23479.0,23567.0,23396.0,23532.0,7942
2016-09-19 08:00:00+00:00,23529.0,23622.0,23476.0,23530.0,7656
2016-09-19 12:00:00+00:00,23540.0,23571.0,23528.0,23535.0,3189
2016-09-19 16:00:00+00:00,23536.0,23583.0,23516.0,23554.0,5893
2016-09-20 04:00:00+00:00,23476.0,23541.0,23390.0,23499.0,6984
2016-09-20 08:00:00+00:00,23502.0,23553.0,23479.0,23517.0,6730
2016-09-20 12:00:00+00:00,23525.0,23579.0,23518.0,23570.0,4197
2016-09-20 16:00:00+00:00,23570.0,23583.0,23524.0,23545.0,6469
2016-09-21 04:00:00+00:00,23523.0,23657.0,23431.0,23623.0,6812
2016-09-21 08:00:00+00:00,23659.0,23740.0,23638.0,23668.0,8207
2016-09-21 12:00:00+00:00,23656.0,23682.0,23625.0,23628.0,3718
2016-09-21 16:00:00+00:00,23627.0,23695.0,23623.0,23638.0,6529
2016-09-22 04:00:00+00:00,23875.0,24069.0,23842.0,23953.0,7500
2016-09-22 08:00:00+00:00,23945.0,23946.0,23672.0,23775.0,9421
2016-09-22 12:00:00+00:00,23803.0,23900.0,23799.0,23897.0,4365
2016-09-22 16:00:00+00:00,23895.0,23958.0,23883.0,23888.0,6028
2016-09-23 04:00:00+00:00,23864.0,23879.0,23709.0,23744.0,7981
2016-09-23 08:00:00+00:00,23739.0,23775.0,23605.0,23656.0,8282
2016-09-23 12:00:00+00:00,23650.0,23683.0,23638.0,23652.0,3448
2016-09-23 16:00:00+00:00,23652.0,23689.0,23615.0,23667.0,5227
2016-09-26 04:00:00+00:00,23539.0,23549.0,23400.0,23477.0,6511
2016-09-26 08:00:00+00:00,23485.0,23508.0,23263.0,23288.0,6252
2016-09-26 12:00:00+00:00,23295.0,23328.0,23277.0,23303.0,3362
2016-09-26 16:00:00+00:00,23304.0,23339.0,23252.0,23314.0,6116
2016-09-27 04:00:00+00:00,23173.0,23597.0,23167.0,23563.0,7034
2016-09-27 08:00:00+00:00,23565.0,23645.0,23519.0,23603.0,7081
2016-09-27 12:00:00+00:00,23521.0,23547.0,23484.0,23496.0,4884
2016-09-27 16:00:00+00:00,23496.0,23551.0,23431.0,23495.0,6852
2016-09-28 04:00:00+00:00,23494.0,23533.0,23351.0,23398.0,5620
2016-09-28 08:00:00+00:00,23406.0,23654.0,23383.0,23638.0,5631
2016-09-28 12:00:00+00:00,23604.0,23654.0,23564.0,23630.0,3891
2016-09-28 16:00:00+00:00,23631.0,23692.0,23496.0,23570.0,5710
2016-09-29 04:00:00+00:00,23771.0,23844.0,23672.0,23722.0,6900
2016-09-29 08:00:00+00:00,23720.0,23767.0,23603.0,23711.0,6782
2016-09-29 12:00:00+00:00,23662.0,23706.0,23645.0,23682.0,2873
2016-09-29 16:00:00+00:00,23684.0,23777.0,23657.0,23714.0,6687
2016-09-30 04:00:00+00:00,23508.0,23508.0,23309.0,23416.0,6458
2016-09-30 08:00:00+00:00,23409.0,23443.0,23217.0,23326.0,7624
2016-09-30 12:00:00+00:00,23336.0,23422.0,23300.0,23405.0,5734
2016-09-30 16:00:00+00:00,23406.0,23590.0,23404.0,23579.0,7807
2016-10-03 04:00:00+00:00,23612.0,23746.0,23586.0,23602.0,5210
2016-10-03 08:00:00+00:00,23600.0,23614.0,23501.0,23588.0,5976
2016-10-03 12:00:00+00:00,23576.0,23613.0,23521.0,23528.0,2354
2016-10-03 16:00:00+00:00,23527.0,23601.0,23505.0,23558.0,4493
2016-10-04 04:00:00+00:00,23600.0,23653.0,23507.0,23574.0,5847
2016-10-04 08:00:00+00:00,23576.0,23692.0,23556.0,23688.0,5680
2016-10-04 12:00:00+00:00,23686.0,23709.0,23663.0,23685.0,3891
2016-10-04 16:00:00+00:00,23686.0,23724.0,23632.0,23663.0,7983
2016-10-05 04:00:00+00:00,23560.0,23848.0,23516.0,23806.0,6811
2016-10-05 08:00:00+00:00,23802.0,23816.0,23685.0,23756.0,6198
2016-10-05 12:00:00+00:00,23754.0,23819.0,23730.0,23793.0,4189
2016-10-05 16:00:00+00:00,23794.0,23841.0,23774.0,23828.0,6061
2016-10-06 04:00:00+00:00,23838.0,23913.0,23791.0,23886.0,5454
2016-10-06 08:00:00+00:00,23883.0,24017.0,23883.0,23942.0,6326
2016-10-06 12:00:00+00:00,23938.0,23967.0,23868.0,23902.0,5400
2016-10-06 16:00:00+00:00,23902.0,23918.0,23861.0,23894.0,6900
2016-10-07 04:00:00+00:00,23912.0,23935.0,23827.0,23859.0,5379
2016-10-07 08:00:00+00:00,23850.0,23870.0,23768.0,23844.0,5973
2016-10-07 12:00:00+00:00,23834.0,23926.0,23812.0,23918.0,7285
2016-10-07 16:00:00+00:00,23920.0,23939.0,23790.0,23790.0,8227
2016-10-11 04:00:00+00:00,24034.0,24091.0,23492.0,23542.0,9886
2016-10-11 08:00:00+00:00,23559.0,23579.0,23417.0,23461.0,9109
2016-10-11 12:00:00+00:00,23435.0,23502.0,23435.0,23486.0,4770
2016-10-11 16:00:00+00:00,23486.0,23505.0,23347.0,23350.0,7570
2016-10-12 04:00:00+00:00,23435.0,23455.0,23281.0,23311.0,7740
2016-10-12 08:00:00+00:00,23310.0,23461.0,23288.0,23443.0,6926
2016-10-12 12:00:00+00:00,23445.0,23471.0,23373.0,23393.0,3817
2016-10-12 16:00:00+00:00,23393.0,23424.0,23356.0,23386.0,6965
2016-10-13 04:00:00+00:00,23415.0,23423.0,23035.0,23129.0,9282
2016-10-13 08:00:00+00:00,23127.0,23136.0,22971.0,22971.0,8097
2016-10-13 12:00:00+00:00,23002.0,23029.0,22955.0,22970.0,3627
2016-10-13 16:00:00+00:00,22969.0,23048.0,22876.0,23030.0,8697
2016-10-14 04:00:00+00:00,23104.0,23224.0,23087.0,23154.0,7405
2016-10-14 08:00:00+00:00,23152.0,23332.0,23145.0,23229.0,7136
2016-10-14 12:00:00+00:00,23250.0,23338.0,23247.0,23331.0,5284
2016-10-14 16:00:00+00:00,23332.0,23377.0,23287.0,23292.0,6951
2016-10-17 04:00:00+00:00,23195.0,23204.0,22940.0,23122.0,7936
2016-10-17 08:00:00+00:00,23119.0,23125.0,22970.0,23047.0,7659
2016-10-17 12:00:00+00:00,23015.0,23059.0,22977.0,23054.0,4912
2016-10-17 16:00:00+00:00,23054.0,23136.0,23031.0,23101.0,7824
2016-10-18 04:00:00+00:00,23142.0,23324.0,23141.0,23243.0,7601
2016-10-18 08:00:00+00:00,23242.0,23414.0,23240.0,23382.0,8080
2016-10-18 12:00:00+00:00,23391.0,23447.0,23363.0,23426.0,4284
2016-10-18 16:00:00+00:00,23427.0,23455.0,23358.0,23415.0,6425
2016-10-19 04:00:00+00:00,23349.0,23450.0,23313.0,23360.0,7235
2016-10-19 08:00:00+00:00,23353.0,23361.0,23218.0,23309.0,6633
2016-10-19 12:00:00+00:00,23315.0,23366.0,23288.0,23360.0,3476
2016-10-19 16:00:00+00:00,23360.0,23424.0,23309.0,23417.0,6435
2016-10-20 04:00:00+00:00,23382.0,23500.0,23371.0,23458.0,5875
2016-10-20 08:00:00+00:00,23457.0,23457.0,23341.0,23388.0,4723
2016-10-20 12:00:00+00:00,23372.0,23439.0,23320.0,23356.0,4312
2016-10-20 16:00:00+00:00,23356.0,23433.0,23321.0,23344.0,7241
2016-10-24 04:00:00+00:00,23355.0,23519.0,23209.0,23462.0,8644
2016-10-24 08:00:00+00:00,23461.0,23636.0,23442.0,23608.0,7224
2016-10-24 12:00:00+00:00,23599.0,23625.0,23575.0,23621.0,2794
2016-10-24 16:00:00+00:00,23621.0,23628.0,23551.0,23551.0,5144
2016-10-25 04:00:00+00:00,23581.0,23588.0,23494.0,23579.0,6622
2016-10-25 08:00:00+00:00,23578.0,23648.0,23559.0,23608.0,5749
2016-10-25 12:00:00+00:00,23610.0,23612.0,23570.0,23574.0,3077
2016-10-25 16:00:00+00:00,23574.0,23579.0,23456.0,23480.0,6069
2016-10-26 04:00:00+00:00,23437.0,23465.0,23323.0,23399.0,6327
2016-10-26 08:00:00+00:00,23397.0,23410.0,23289.0,23316.0,6248
2016-10-26 12:00:00+00:00,23297.0,23328.0,23254.0,23304.0,4171
2016-10-26 16:00:00+00:00,23304.0,23387.0,23254.0,23351.0,6764
2016-10-27 04:00:00+00:00,23318.0,23345.0,22996.0,23052.0,5863
2016-10-27 08:00:00+00:00,23050.0,23191.0,23019.0,23160.0,5238
2016-10-27 12:00:00+00:00,23094.0,23202.0,23076.0,23200.0,4183
2016-10-27 16:00:00+00:00,23200.0,23207.0,23057.0,23111.0,4323
2016-10-28 04:00:00+00:00,23119.0,23167.0,23020.0,23042.0,6170
2016-10-28 08:00:00+00:00,23043.0,23062.0,22844.0,22905.0,5942
2016-10-28 12:00:00+00:00,22951.0,22969.0,22898.0,22948.0,3937
2016-10-28 16:00:00+00:00,22949.0,23016.0,22911.0,22988.0,6377
2016-10-31 04:00:00+00:00,22810.0,23083.0,22741.0,22991.0,6898
2016-10-31 08:00:00+00:00,22997.0,23035.0,22882.0,22900.0,4475
2016-10-31 12:00:00+00:00,22883.0,22911.0,22872.0,22899.0,2848
2016-10-31 16:00:00+00:00,22898.0,22919.0,22843.0,22900.0,5648
2016-11-01 04:00:00+00:00,22917.0,23264.0,22907.0,23182.0,6684
2016-11-01 08:00:00+00:00,23183.0,23234.0,23132.0,23207.0,4479
2016-11-01 12:00:00+00:00,23160.0,23184.0,23138.0,23153.0,3088
2016-11-01 16:00:00+00:00,23152.0,23160.0,23034.0,23060.0,5833
2016-11-02 04:00:00+00:00,22865.0,22914.0,22792.0,22813.0,6384
2016-11-02 08:00:00+00:00,22812.0,22844.0,22777.0,22799.0,3676
2016-11-02 12:00:00+00:00,22810.0,22844.0,22796.0,22834.0,3839
2016-11-02 16:00:00+00:00,22834.0,22854.0,22745.0,22748.0,6760
2016-11-03 04:00:00+00:00,22746.0,22867.0,22665.0,22787.0,7001
2016-11-03 08:00:00+00:00,22804.0,22846.0,22699.0,22736.0,5131
2016-11-03 12:00:00+00:00,22721.0,22801.0,22721.0,22782.0,4347
2016-11-03 16:00:00+00:00,22781.0,22785.0,22715.0,22738.0,5712
2016-11-04 04:00:00+00:00,22614.0,22778.0,22600.0,22681.0,6135
2016-11-04 08:00:00+00:00,22677.0,22724.0,22617.0,22619.0,3986
2016-11-04 12:00:00+00:00,22613.0,22614.0,22464.0,22516.0,5588
2016-11-04 16:00:00+00:00,22513.0,22517.0,22464.0,22482.0,7135
2016-11-07 00:00:00+00:00,22665.0,22791.0,22635.0,22770.0,2495
2016-11-07 04:00:00+00:00,22771.0,22812.0,22717.0,22778.0,4675
2016-11-07 08:00:00+00:00,22779.0,22885.0,22766.0,22829.0,4004
2016-11-07 12:00:00+00:00,22829.0,22881.0,22821.0,22878.0,2614
2016-11-07 16:00:00+00:00,22877.0,22967.0,22877.0,22967.0,2984
2016-11-08 00:00:00+00:00,22935.0,23007.0,22881.0,22916.0,2236
2016-11-08 04:00:00+00:00,22917.0,22926.0,22812.0,22865.0,4806
2016-11-08 08:00:00+00:00,22864.0,22975.0,22862.0,22970.0,3672
2016-11-08 12:00:00+00:00,22972.0,22975.0,22889.0,22896.0,3499
2016-11-08 16:00:00+00:00,22895.0,22921.0,22863.0,22919.0,3414
2016-11-09 00:00:00+00:00,23146.0,23167.0,22634.0,22634.0,3383
2016-11-09 04:00:00+00:00,22636.0,22658.0,21920.0,22166.0,13967
2016-11-09 08:00:00+00:00,22169.0,22579.0,22099.0,22558.0,10328
2016-11-09 12:00:00+00:00,22558.0,22602.0,22415.0,22575.0,7013
2016-11-09 16:00:00+00:00,22576.0,22711.0,22523.0,22675.0,5687
2016-11-10 00:00:00+00:00,22876.0,22950.0,22791.0,22878.0,2844
2016-11-10 04:00:00+00:00,22880.0,22919.0,22798.0,22895.0,5144
2016-11-10 08:00:00+00:00,22897.0,22939.0,22819.0,22903.0,4734
2016-11-10 12:00:00+00:00,22903.0,22935.0,22821.0,22838.0,6203
2016-11-10 16:00:00+00:00,22838.0,22840.0,22556.0,22571.0,5322
2016-11-11 00:00:00+00:00,22657.0,22706.0,22471.0,22473.0,3250
2016-11-11 04:00:00+00:00,22475.0,22660.0,22434.0,22547.0,7519
2016-11-11 08:00:00+00:00,22546.0,22603.0,22293.0,22311.0,6621
2016-11-11 12:00:00+00:00,22312.0,22342.0,22170.0,22292.0,6392
2016-11-11 16:00:00+00:00,22295.0,22316.0,22181.0,22235.0,3938
2016-11-14 00:00:00+00:00,22354.0,22365.0,22104.0,22104.0,2776
2016-11-14 04:00:00+00:00,22101.0,22364.0,22091.0,22237.0,6028
2016-11-14 08:00:00+00:00,22235.0,22288.0,22172.0,22208.0,5012
2016-11-14 12:00:00+00:00,22208.0,22246.0,22116.0,22232.0,4732
2016-11-14 16:00:00+00:00,22231.0,22312.0,22173.0,22243.0,3272
2016-11-15 00:00:00+00:00,22263.0,22415.0,22259.0,22367.0,2511
2016-11-15 04:00:00+00:00,22363.0,22364.0,22231.0,22300.0,5495
2016-11-15 08:00:00+00:00,22301.0,22370.0,22240.0,22313.0,4642
2016-11-15 12:00:00+00:00,22314.0,22317.0,22218.0,22261.0,4439
2016-11-15 16:00:00+00:00,22260.0,22378.0,22240.0,22317.0,3682
2016-11-16 00:00:00+00:00,22451.0,22493.0,22399.0,22416.0,2319
2016-11-16 04:00:00+00:00,22415.0,22467.0,22366.0,22433.0,4019
2016-11-16 08:00:00+00:00,22432.0,22453.0,22150.0,22150.0,4682
2016-11-16 12:00:00+00:00,22151.0,22188.0,22085.0,22109.0,5029
2016-11-16 16:00:00+00:00,22110.0,22191.0,22108.0,22183.0,3264
2016-11-17 00:00:00+00:00,22202.0,22370.0,22123.0,22337.0,2995
2016-11-17 04:00:00+00:00,22336.0,22375.0,22216.0,22260.0,4436
2016-11-17 08:00:00+00:00,22259.0,22310.0,22157.0,22238.0,4566
2016-11-17 12:00:00+00:00,22239.0,22263.0,22183.0,22207.0,3937
2016-11-17 16:00:00+00:00,22207.0,22333.0,22201.0,22315.0,3411
2016-11-18 00:00:00+00:00,22268.0,22271.0,22131.0,22256.0,2802
2016-11-18 04:00:00+00:00,22257.0,22347.0,22250.0,22300.0,5004
2016-11-18 08:00:00+00:00,22299.0,22384.0,22226.0,22285.0,4978
2016-11-18 12:00:00+00:00,22288.0,22349.0,22286.0,22332.0,3925
2016-11-18 16:00:00+00:00,22331.0,22350.0,22253.0,22266.0,2864
2016-11-21 00:00:00+00:00,22304.0,22424.0,22227.0,22396.0,2748
2016-11-21 04:00:00+00:00,22395.0,22505.0,22321.0,22348.0,5417
2016-11-21 08:00:00+00:00,22350.0,22402.0,22286.0,22309.0,4128
2016-11-21 12:00:00+00:00,22310.0,22393.0,22309.0,22373.0,3736
2016-11-21 16:00:00+00:00,22372.0,22418.0,22341.0,22366.0,2708
2016-11-22 00:00:00+00:00,22451.0,22656.0,22448.0,22618.0,2535
2016-11-22 04:00:00+00:00,22620.0,22692.0,22609.0,22647.0,4446
2016-11-22 08:00:00+00:00,22646.0,22718.0,22618.0,22671.0,3661
2016-11-22 12:00:00+00:00,22671.0,22683.0,22646.0,22657.0,2445
2016-11-22 16:00:00+00:00,22658.0,22681.0,22625.0,22626.0,2398
2016-11-23 00:00:00+00:00,22656.0,22803.0,22612.0,22780.0,2735
2016-11-23 04:00:00+00:00,22781.0,22799.0,22694.0,22703.0,5566
2016-11-23 08:00:00+00:00,22704.0,22714.0,22630.0,22665.0,5199
2016-11-23 12:00:00+00:00,22665.0,22676.0,22540.0,22550.0,4399
2016-11-23 16:00:00+00:00,22549.0,22603.0,22521.0,22589.0,3581
2016-11-24 00:00:00+00:00,22594.0,22595.0,22453.0,22562.0,2774
2016-11-24 04:00:00+00:00,22565.0,22646.0,22509.0,22595.0,6122
2016-11-24 08:00:00+00:00,22594.0,22633.0,22576.0,22600.0,4587
2016-11-24 12:00:00+00:00,22600.0,22605.0,22568.0,22598.0,2950
2016-11-24 16:00:00+00:00,22599.0,22634.0,22597.0,22604.0,1254
2016-11-25 00:00:00+00:00,22623.0,22783.0,22558.0,22721.0,2808
2016-11-25 04:00:00+00:00,22718.0,22745.0,22618.0,22708.0,6047
2016-11-25 08:00:00+00:00,22710.0,22777.0,22690.0,22735.0,5246
2016-11-25 12:00:00+00:00,22735.0,22811.0,22728.0,22759.0,2985
2016-11-25 16:00:00+00:00,22760.0,22767.0,22725.0,22745.0,2257
2016-11-28 00:00:00+00:00,22699.0,22950.0,22694.0,22832.0,3010
2016-11-28 04:00:00+00:00,22829.0,22934.0,22781.0,22915.0,6079
2016-11-28 08:00:00+00:00,22914.0,22971.0,22762.0,22798.0,5066
2016-11-28 12:00:00+00:00,22799.0,22828.0,22773.0,22790.0,2819
2016-11-28 16:00:00+00:00,22790.0,22806.0,22779.0,22783.0,2143
2016-11-29 00:00:00+00:00,22733.0,22827.0,22679.0,22819.0,2845
2016-11-29 04:00:00+00:00,22817.0,22855.0,22760.0,22766.0,6332
2016-11-29 08:00:00+00:00,22764.0,22834.0,22752.0,22808.0,5470
2016-11-29 12:00:00+00:00,22809.0,22815.0,22744.0,22744.0,3777
2016-11-29 16:00:00+00:00,22744.0,22792.0,22713.0,22786.0,3747
2016-11-30 00:00:00+00:00,22791.0,22908.0,22773.0,22795.0,3015
2016-11-30 04:00:00+00:00,22794.0,22850.0,22751.0,22779.0,5946
2016-11-30 08:00:00+00:00,22778.0,22831.0,22757.0,22794.0,5453
2016-11-30 12:00:00+00:00,22795.0,22828.0,22766.0,22826.0,4439
2016-11-30 16:00:00+00:00,22827.0,22854.0,22804.0,22845.0,3478
2016-12-01 00:00:00+00:00,22880.0,22957.0,22829.0,22904.0,4154
2016-12-01 04:00:00+00:00,22905.0,22998.0,22897.0,22924.0,7513
2016-12-01 08:00:00+00:00,22925.0,22938.0,22838.0,22848.0,6000
2016-12-01 12:00:00+00:00,22848.0,22876.0,22811.0,22856.0,4165
2016-12-01 16:00:00+00:00,22857.0,22867.0,22816.0,22820.0,5168
2016-12-02 00:00:00+00:00,22739.0,22741.0,22633.0,22700.0,3549
2016-12-02 04:00:00+00:00,22699.0,22720.0,22556.0,22613.0,7376
2016-12-02 08:00:00+00:00,22612.0,22615.0,22498.0,22535.0,6117
2016-12-02 12:00:00+00:00,22536.0,22576.0,22515.0,22558.0,5240
2016-12-02 16:00:00+00:00,22559.0,22699.0,22554.0,22687.0,6380
2016-12-05 00:00:00+00:00,22580.0,22639.0,22452.0,22526.0,4678
2016-12-05 04:00:00+00:00,22527.0,22626.0,22402.0,22428.0,7915
2016-12-05 08:00:00+00:00,22427.0,22670.0,22367.0,22646.0,9350
2016-12-05 12:00:00+00:00,22645.0,22647.0,22554.0,22576.0,5464
2016-12-05 16:00:00+00:00,22577.0,22639.0,22568.0,22630.0,4556
2016-12-06 00:00:00+00:00,22671.0,22785.0,22653.0,22658.0,3389
2016-12-06 04:00:00+00:00,22657.0,22715.0,22640.0,22672.0,6156
2016-12-06 08:00:00+00:00,22673.0,22712.0,22627.0,22700.0,5546
2016-12-06 12:00:00+00:00,22700.0,22722.0,22681.0,22710.0,3675
2016-12-06 16:00:00+00:00,22710.0,22730.0,22680.0,22722.0,3746
2016-12-07 00:00:00+00:00,22770.0,22826.0,22740.0,22754.0,3342
2016-12-07 04:00:00+00:00,22753.0,22768.0,22706.0,22755.0,6250
2016-12-07 08:00:00+00:00,22754.0,22808.0,22723.0,22792.0,5749
2016-12-07 12:00:00+00:00,22793.0,22810.0,22781.0,22797.0,2735
2016-12-07 16:00:00+00:00,22798.0,22861.0,22790.0,22859.0,3596
2016-12-08 00:00:00+00:00,23046.0,23116.0,22972.0,23007.0,2852
2016-12-08 04:00:00+00:00,23006.0,23023.0,22914.0,22949.0,6151
2016-12-08 08:00:00+00:00,22950.0,22958.0,22734.0,22755.0,6612
2016-12-08 12:00:00+00:00,22756.0,22823.0,22747.0,22808.0,5903
2016-12-08 16:00:00+00:00,22808.0,22846.0,22790.0,22825.0,4340
2016-12-09 00:00:00+00:00,22804.0,22834.0,22683.0,22746.0,3213
2016-12-09 04:00:00+00:00,22747.0,22809.0,22709.0,22774.0,7240
2016-12-09 08:00:00+00:00,22773.0,22773.0,22640.0,22679.0,6939
2016-12-09 12:00:00+00:00,22680.0,22718.0,22670.0,22701.0,3394
2016-12-09 16:00:00+00:00,22700.0,22739.0,22684.0,22739.0,4026
2016-12-12 00:00:00+00:00,22833.0,22838.0,22727.0,22753.0,3813
2016-12-12 04:00:00+00:00,22752.0,22756.0,22479.0,22507.0,10996
2016-12-12 08:00:00+00:00,22508.0,22588.0,22326.0,22353.0,8721
2016-12-12 12:00:00+00:00,22352.0,22423.0,22342.0,22408.0,4421
2016-12-12 16:00:00+00:00,22409.0,22432.0,22365.0,22369.0,4591
2016-12-13 00:00:00+00:00,22448.0,22470.0,22345.0,22386.0,4012
2016-12-13 04:00:00+00:00,22384.0,22434.0,22289.0,22417.0,7731
2016-12-13 08:00:00+00:00,22416.0,22520.0,22367.0,22514.0,6558
2016-12-13 12:00:00+00:00,22514.0,22538.0,22493.0,22504.0,3829
2016-12-13 16:00:00+00:00,22505.0,22569.0,22503.0,22527.0,4504
2016-12-14 00:00:00+00:00,22593.0,22652.0,22550.0,22617.0,3378
2016-12-14 04:00:00+00:00,22616.0,22631.0,22509.0,22563.0,6789
2016-12-14 08:00:00+00:00,22562.0,22572.0,22456.0,22480.0,6253
2016-12-14 12:00:00+00:00,22480.0,22487.0,22430.0,22463.0,3456
2016-12-14 16:00:00+00:00,22464.0,22524.0,22450.0,22510.0,4119
2016-12-15 00:00:00+00:00,22309.0,22323.0,22168.0,22200.0,4158
2016-12-15 04:00:00+00:00,22199.0,22213.0,22010.0,22037.0,9299
2016-12-15 08:00:00+00:00,22036.0,22117.0,21987.0,22074.0,8200
2016-12-15 12:00:00+00:00,22073.0,22083.0,22015.0,22045.0,5467
2016-12-15 16:00:00+00:00,22046.0,22113.0,22021.0,22096.0,5797
2016-12-16 00:00:00+00:00,22000.0,22066.0,21966.0,21989.0,3955
2016-12-16 04:00:00+00:00,21988.0,22140.0,21983.0,22070.0,7835
2016-12-16 08:00:00+00:00,22062.0,22086.0,21898.0,21925.0,6776
2016-12-16 12:00:00+00:00,21925.0,21969.0,21916.0,21943.0,3989
2016-12-16 16:00:00+00:00,21942.0,21984.0,21927.0,21963.0,4020
2016-12-19 00:00:00+00:00,21953.0,22011.0,21850.0,21896.0,4351
2016-12-19 04:00:00+00:00,21894.0,21899.0,21782.0,21828.0,7288
2016-12-19 08:00:00+00:00,21829.0,21911.0,21806.0,21857.0,6244
2016-12-19 12:00:00+00:00,21856.0,21864.0,21741.0,21778.0,2818
2016-12-19 16:00:00+00:00,21778.0,21838.0,21762.0,21811.0,3515
2016-12-20 00:00:00+00:00,21790.0,21874.0,21755.0,21799.0,3569
2016-12-20 04:00:00+00:00,21800.0,21858.0,21722.0,21740.0,7295
2016-12-20 08:00:00+00:00,21739.0,21747.0,21663.0,21721.0,5901
2016-12-20 12:00:00+00:00,21720.0,21779.0,21715.0,21756.0,2799
2016-12-20 16:00:00+00:00,21756.0,21805.0,21754.0,21804.0,3187
2016-12-21 00:00:00+00:00,21752.0,21838.0,21732.0,21812.0,3533
2016-12-21 04:00:00+00:00,21813.0,21889.0,21794.0,21851.0,6340
2016-12-21 08:00:00+00:00,21850.0,21926.0,21792.0,21803.0,4837
2016-12-21 12:00:00+00:00,21801.0,21808.0,21768.0,21793.0,1846
2016-12-21 16:00:00+00:00,21794.0,21799.0,21745.0,21747.0,2507
2016-12-22 00:00:00+00:00,21735.0,21819.0,21676.0,21676.0,3522
2016-12-22 04:00:00+00:00,21675.0,21693.0,21592.0,21644.0,7001
2016-12-22 08:00:00+00:00,21643.0,21667.0,21608.0,21651.0,5024
2016-12-22 12:00:00+00:00,21650.0,21664.0,21577.0,21586.0,2609
2016-12-22 16:00:00+00:00,21586.0,21591.0,21520.0,21520.0,3330
2016-12-23 00:00:00+00:00,21558.0,21591.0,21479.0,21528.0,3634
2016-12-23 04:00:00+00:00,21526.0,21543.0,21481.0,21511.0,5738
2016-12-23 08:00:00+00:00,21512.0,21598.0,21502.0,21563.0,5088
2016-12-23 12:00:00+00:00,21562.0,21564.0,21505.0,21514.0,2088
2016-12-23 16:00:00+00:00,21514.0,21531.0,21482.0,21484.0,2025
2016-12-28 00:00:00+00:00,21518.0,21590.0,21508.0,21532.0,3145
2016-12-28 04:00:00+00:00,21531.0,21664.0,21488.0,21647.0,5674
2016-12-28 08:00:00+00:00,21649.0,21794.0,21629.0,21692.0,6142
2016-12-28 12:00:00+00:00,21691.0,21721.0,21681.0,21693.0,1412
2016-12-28 16:00:00+00:00,21692.0,21706.0,21622.0,21629.0,1580
2016-12-29 00:00:00+00:00,21552.0,21709.0,21526.0,21685.0,3777
2016-12-29 04:00:00+00:00,21684.0,21790.0,21638.0,21726.0,6504
2016-12-29 08:00:00+00:00,21725.0,21817.0,21695.0,21806.0,5945
2016-12-29 12:00:00+00:00,21807.0,21811.0,21789.0,21799.0,1744
2016-12-29 16:00:00+00:00,21799.0,21812.0,21771.0,21774.0,2590
2016-12-30 00:00:00+00:00,21843.0,21995.0,21820.0,21982.0,3560
2016-12-30 04:00:00+00:00,21983.0,22063.0,21909.0,22037.0,6675
2016-12-30 08:00:00+00:00,22036.0,22053.0,21939.0,21967.0,5230
2016-12-30 12:00:00+00:00,21968.0,21993.0,21947.0,21976.0,2206
2016-12-30 16:00:00+00:00,21978.0,21990.0,21894.0,21925.0,3416
2017-01-03 00:00:00+00:00,21970.0,22102.0,21871.0,22081.0,4195
2017-01-03 04:00:00+00:00,22082.0,22188.0,22051.0,22159.0,7118
2017-01-03 08:00:00+00:00,22158.0,22194.0,22102.0,22115.0,5556
2017-01-03 12:00:00+00:00,22116.0,22140.0,22112.0,22131.0,2255
2017-01-03 16:00:00+00:00,22131.0,22200.0,22115.0,22164.0,4555
2017-01-04 00:00:00+00:00,22178.0,22232.0,22123.0,22186.0,3854
2017-01-04 04:00:00+00:00,22185.0,22195.0,22065.0,22119.0,7004
2017-01-04 08:00:00+00:00,22120.0,22142.0,22059.0,22096.0,5364
2017-01-04 12:00:00+00:00,22096.0,22137.0,22096.0,22132.0,2197
2017-01-04 16:00:00+00:00,22133.0,22216.0,22126.0,22193.0,3832
2017-01-05 00:00:00+00:00,22254.0,22384.0,22213.0,22363.0,3823
2017-01-05 04:00:00+00:00,22360.0,22469.0,22330.0,22456.0,6373
2017-01-05 08:00:00+00:00,22457.0,22493.0,22412.0,22491.0,5439
2017-01-05 12:00:00+00:00,22490.0,22497.0,22445.0,22473.0,3342
2017-01-05 16:00:00+00:00,22472.0,22527.0,22467.0,22519.0,3803
2017-01-06 00:00:00+00:00,22525.0,22610.0,22508.0,22531.0,3586
2017-01-06 04:00:00+00:00,22532.0,22591.0,22486.0,22506.0,6340
2017-01-06 08:00:00+00:00,22507.0,22563.0,22455.0,22537.0,5266
2017-01-06 12:00:00+00:00,22537.0,22574.0,22530.0,22542.0,3050
2017-01-06 16:00:00+00:00,22542.0,22545.0,22466.0,22471.0,4785
2017-01-09 00:00:00+00:00,22583.0,22627.0,22468.0,22603.0,3748
2017-01-09 04:00:00+00:00,22604.0,22605.0,22463.0,22557.0,7749
2017-01-09 08:00:00+00:00,22556.0,22583.0,22510.0,22534.0,5061
2017-01-09 12:00:00+00:00,22533.0,22552.0,22521.0,22532.0,3027
2017-01-09 16:00:00+00:00,22532.0,22549.0,22519.0,22545.0,4028
2017-01-10 00:00:00+00:00,22536.0,22680.0,22513.0,22634.0,3656
2017-01-10 04:00:00+00:00,22636.0,22711.0,22584.0,22672.0,6942
2017-01-10 08:00:00+00:00,22671.0,22734.0,22668.0,22723.0,4557
2017-01-10 12:00:00+00:00,22724.0,22745.0,22714.0,22734.0,2541
2017-01-10 16:00:00+00:00,22733.0,22815.0,22731.0,22800.0,3721
2017-01-11 00:00:00+00:00,22791.0,22892.0,22766.0,22882.0,4006
2017-01-11 04:00:00+00:00,22884.0,22959.0,22866.0,22899.0,6753
2017-01-11 08:00:00+00:00,22898.0,22956.0,22879.0,22956.0,5502
2017-01-11 12:00:00+00:00,22955.0,22962.0,22936.0,22946.0,3127
2017-01-11 16:00:00+00:00,22946.0,22957.0,22874.0,22892.0,3702
2017-01-12 00:00:00+00:00,22936.0,22972.0,22886.0,22933.0,1211
2017-01-12 04:00:00+00:00,22932.0,22957.0,22788.0,22794.0,7242
2017-01-12 08:00:00+00:00,22795.0,22876.0,22752.0,22868.0,5858
2017-01-12 12:00:00+00:00,22867.0,22911.0,22848.0,22886.0,3823
2017-01-12 16:00:00+00:00,22887.0,22889.0,22787.0,22794.0,4602
2017-01-13 00:00:00+00:00,22884.0,22958.0,22853.0,22936.0,3146
2017-01-13 04:00:00+00:00,22935.0,22962.0,22886.0,22917.0,6019
2017-01-13 08:00:00+00:00,22916.0,22948.0,22893.0,22948.0,4206
2017-01-13 12:00:00+00:00,22949.0,22950.0,22911.0,22933.0,3572
2017-01-13 16:00:00+00:00,22933.0,22941.0,22916.0,22937.0,3444
2017-01-16 00:00:00+00:00,22843.0,22876.0,22702.0,22733.0,3845
2017-01-16 04:00:00+00:00,22732.0,22757.0,22663.0,22703.0,6654
2017-01-16 08:00:00+00:00,22704.0,22746.0,22645.0,22744.0,5823
2017-01-16 12:00:00+00:00,22745.0,22768.0,22731.0,22756.0,2157
2017-01-16 16:00:00+00:00,22757.0,22790.0,22738.0,22788.0,1201
2017-01-17 00:00:00+00:00,22818.0,22820.0,22706.0,22712.0,3521
2017-01-17 04:00:00+00:00,22711.0,22843.0,22705.0,22834.0,5899
2017-01-17 08:00:00+00:00,22835.0,22859.0,22807.0,22847.0,4589
2017-01-17 12:00:00+00:00,22847.0,22916.0,22833.0,22899.0,4470
2017-01-17 16:00:00+00:00,22899.0,22912.0,22866.0,22898.0,3855
2017-01-18 00:00:00+00:00,22875.0,23079.0,22864.0,23079.0,3766
2017-01-18 04:00:00+00:00,23078.0,23167.0,23064.0,23116.0,6182
2017-01-18 08:00:00+00:00,23117.0,23120.0,23068.0,23073.0,4040
2017-01-18 12:00:00+00:00,23072.0,23101.0,23052.0,23083.0,3479
2017-01-18 16:00:00+00:00,23082.0,23119.0,23070.0,23103.0,3628
2017-01-19 00:00:00+00:00,23034.0,23051.0,22976.0,22999.0,3281
2017-01-19 04:00:00+00:00,22998.0,23021.0,22938.0,22975.0,6045
2017-01-19 08:00:00+00:00,22974.0,23044.0,22966.0,23001.0,4280
2017-01-19 12:00:00+00:00,23000.0,23029.0,22991.0,23025.0,2960
2017-01-19 16:00:00+00:00,23026.0,23037.0,23000.0,23022.0,3325
2017-01-20 00:00:00+00:00,22981.0,22991.0,22845.0,22882.0,3304
2017-01-20 04:00:00+00:00,22881.0,22917.0,22851.0,22913.0,4572
2017-01-20 08:00:00+00:00,22911.0,23007.0,22897.0,22901.0,5163
2017-01-20 12:00:00+00:00,22902.0,22935.0,22900.0,22932.0,2882
2017-01-20 16:00:00+00:00,22932.0,22969.0,22926.0,22964.0,3351
2017-01-23 00:00:00+00:00,22951.0,23077.0,22895.0,23048.0,3656
2017-01-23 04:00:00+00:00,23049.0,23095.0,22821.0,22850.0,7554
2017-01-23 08:00:00+00:00,22849.0,22889.0,22829.0,22858.0,4941
2017-01-23 12:00:00+00:00,22858.0,22874.0,22852.0,22868.0,2562
2017-01-23 16:00:00+00:00,22867.0,22908.0,22844.0,22872.0,3815
2017-01-24 00:00:00+00:00,22936.0,22964.0,22879.0,22931.0,3052
2017-01-24 04:00:00+00:00,22930.0,22979.0,22893.0,22964.0,4953
2017-01-24 08:00:00+00:00,22963.0,22964.0,22919.0,22931.0,4197
2017-01-24 12:00:00+00:00,22931.0,22953.0,22922.0,22952.0,2391
2017-01-24 16:00:00+00:00,22951.0,23007.0,22950.0,22992.0,2556
2017-01-25 00:00:00+00:00,23101.0,23112.0,23023.0,23071.0,2602
2017-01-25 04:00:00+00:00,23072.0,23086.0,22943.0,22977.0,3741
2017-01-25 08:00:00+00:00,22978.0,23079.0,22977.0,23070.0,3036
2017-01-25 12:00:00+00:00,23070.0,23112.0,23067.0,23105.0,1369
2017-01-25 16:00:00+00:00,23106.0,23158.0,23102.0,23152.0,1671
2017-01-26 00:00:00+00:00,23208.0,23310.0,23154.0,23302.0,2630
2017-01-26 04:00:00+00:00,23299.0,23388.0,23299.0,23361.0,5427
2017-01-26 08:00:00+00:00,23362.0,23427.0,23343.0,23383.0,4283
2017-01-26 12:00:00+00:00,23382.0,23390.0,23321.0,23335.0,2652
2017-01-26 16:00:00+00:00,23335.0,23355.0,23319.0,23327.0,2056
2017-01-27 00:00:00+00:00,23286.0,23360.0,23272.0,23341.0,2836
2017-01-27 04:00:00+00:00,23340.0,23403.0,23323.0,23375.0,2720
2017-02-01 00:00:00+00:00,23205.0,23211.0,23076.0,23091.0,2456
2017-02-01 04:00:00+00:00,23089.0,23223.0,23074.0,23204.0,4615
2017-02-01 08:00:00+00:00,23205.0,23409.0,23196.0,23409.0,4928
2017-02-01 12:00:00+00:00,23409.0,23481.0,23402.0,23464.0,2792
2017-02-01 16:00:00+00:00,23463.0,23470.0,23339.0,23360.0,2794
2017-02-02 00:00:00+00:00,23335.0,23463.0,23243.0,23265.0,3353
2017-02-02 04:00:00+00:00,23264.0,23287.0,23104.0,23137.0,6064
2017-02-02 08:00:00+00:00,23139.0,23190.0,23130.0,23164.0,4241
2017-02-02 12:00:00+00:00,23163.0,23182.0,23151.0,23165.0,2470
2017-02-02 16:00:00+00:00,23165.0,23225.0,23165.0,23221.0,2554
2017-02-03 00:00:00+00:00,23248.0,23253.0,23115.0,23121.0,3497
2017-02-03 04:00:00+00:00,23119.0,23129.0,22978.0,23108.0,6768
2017-02-03 08:00:00+00:00,23107.0,23132.0,23055.0,23107.0,4444
2017-02-03 12:00:00+00:00,23107.0,23178.0,23094.0,23177.0,2735
2017-02-03 16:00:00+00:00,23178.0,23233.0,23154.0,23204.0,2632
2017-02-06 00:00:00+00:00,23205.0,23305.0,23131.0,23133.0,3564
2017-02-06 04:00:00+00:00,23136.0,23324.0,23135.0,23246.0,7260
2017-02-06 08:00:00+00:00,23245.0,23351.0,23242.0,23330.0,4789
2017-02-06 12:00:00+00:00,23330.0,23354.0,23256.0,23264.0,2707
2017-02-06 16:00:00+00:00,23263.0,23301.0,23263.0,23271.0,2184
2017-02-07 00:00:00+00:00,23249.0,23346.0,23221.0,23341.0,3533
2017-02-07 04:00:00+00:00,23342.0,23394.0,23282.0,23328.0,6767
2017-02-07 08:00:00+00:00,23329.0,23357.0,23305.0,23334.0,4223
2017-02-07 12:00:00+00:00,23334.0,23370.0,23325.0,23370.0,1703
2017-02-07 16:00:00+00:00,23370.0,23374.0,23327.0,23328.0,1809
2017-02-08 00:00:00+00:00,23296.0,23305.0,23171.0,23186.0,3665
2017-02-08 04:00:00+00:00,23185.0,23445.0,23141.0,23412.0,7842
2017-02-08 08:00:00+00:00,23411.0,23527.0,23406.0,23487.0,5905
2017-02-08 12:00:00+00:00,23487.0,23508.0,23449.0,23457.0,2250
2017-02-08 16:00:00+00:00,23457.0,23465.0,23388.0,23418.0,3111
2017-02-09 00:00:00+00:00,23450.0,23576.0,23439.0,23542.0,4858
2017-02-09 04:00:00+00:00,23544.0,23610.0,23485.0,23490.0,8725
2017-02-09 08:00:00+00:00,23491.0,23564.0,23475.0,23530.0,5131
2017-02-09 12:00:00+00:00,23530.0,23556.0,23518.0,23539.0,2236
2017-02-09 16:00:00+00:00,23539.0,23572.0,23539.0,23568.0,2167
2017-02-10 00:00:00+00:00,23664.0,23734.0,23616.0,23659.0,4581
2017-02-10 04:00:00+00:00,23660.0,23686.0,23610.0,23653.0,6795
2017-02-10 08:00:00+00:00,23652.0,23663.0,23565.0,23583.0,5280
2017-02-10 12:00:00+00:00,23586.0,23618.0,23570.0,23608.0,2173
2017-02-10 16:00:00+00:00,23608.0,23645.0,23597.0,23640.0,2222
2017-02-13 00:00:00+00:00,23636.0,23690.0,23607.0,23647.0,4473
2017-02-13 04:00:00+00:00,23648.0,23742.0,23605.0,23629.0,8658
2017-02-13 08:00:00+00:00,23630.0,23704.0,23620.0,23693.0,5230
2017-02-13 12:00:00+00:00,23693.0,23718.0,23685.0,23713.0,1634
2017-02-13 16:00:00+00:00,23712.0,23748.0,23710.0,23731.0,1822
2017-02-14 00:00:00+00:00,23701.0,23723.0,23610.0,23625.0,4736
2017-02-14 04:00:00+00:00,23627.0,23717.0,23627.0,23668.0,7911
2017-02-14 08:00:00+00:00,23669.0,23722.0,23657.0,23715.0,4918
2017-02-14 12:00:00+00:00,23716.0,23732.0,23702.0,23722.0,1952
2017-02-14 16:00:00+00:00,23723.0,23727.0,23645.0,23645.0,2173
2017-02-15 00:00:00+00:00,23744.0,23968.0,23744.0,23961.0,4582
2017-02-15 04:00:00+00:00,23962.0,24033.0,23923.0,24011.0,8926
2017-02-15 08:00:00+00:00,24010.0,24031.0,23927.0,24018.0,6603
2017-02-15 12:00:00+00:00,24018.0,24023.0,23947.0,23955.0,2856
2017-02-15 16:00:00+00:00,23957.0,24011.0,23945.0,24008.0,2583
2017-02-16 00:00:00+00:00,24083.0,24125.0,23969.0,23991.0,5341
2017-02-16 04:00:00+00:00,23990.0,24108.0,23969.0,24101.0,7763
2017-02-16 08:00:00+00:00,24102.0,24118.0,24059.0,24062.0,4824
2017-02-16 12:00:00+00:00,24063.0,24089.0,24035.0,24084.0,2471
2017-02-16 16:00:00+00:00,24085.0,24101.0,24064.0,24095.0,2510
2017-02-17 00:00:00+00:00,24079.0,24120.0,24005.0,24091.0,4563
2017-02-17 04:00:00+00:00,24092.0,24093.0,23969.0,23972.0,8048
2017-02-17 08:00:00+00:00,23973.0,24066.0,23972.0,23994.0,5441
2017-02-17 12:00:00+00:00,23994.0,24012.0,23959.0,23987.0,3535
2017-02-17 16:00:00+00:00,23987.0,23995.0,23960.0,23969.0,2785
2017-02-20 00:00:00+00:00,24009.0,24184.0,23997.0,24165.0,4988
2017-02-20 04:00:00+00:00,24166.0,24197.0,24093.0,24137.0,8489
2017-02-20 08:00:00+00:00,24136.0,24207.0,24126.0,24142.0,5992
2017-02-20 12:00:00+00:00,24142.0,24156.0,24132.0,24142.0,1924
2017-02-20 16:00:00+00:00,24143.0,24162.0,24131.0,24132.0,932
2017-02-21 00:00:00+00:00,24149.0,24207.0,24133.0,24158.0,4611
2017-02-21 04:00:00+00:00,24157.0,24193.0,24042.0,24087.0,8087
2017-02-21 08:00:00+00:00,24086.0,24098.0,23931.0,23963.0,6751
2017-02-21 12:00:00+00:00,23963.0,23989.0,23962.0,23973.0,2330
2017-02-21 16:00:00+00:00,23974.0,24038.0,23968.0,24037.0,2087
2017-02-22 00:00:00+00:00,24040.0,24118.0,24002.0,24104.0,4511
2017-02-22 04:00:00+00:00,24103.0,24176.0,24102.0,24141.0,7414
2017-02-22 08:00:00+00:00,24142.0,24182.0,24130.0,24155.0,4961
2017-02-22 12:00:00+00:00,24155.0,24163.0,24123.0,24134.0,2846
2017-02-22 16:00:00+00:00,24133.0,24166.0,24122.0,24162.0,2006
2017-02-23 00:00:00+00:00,24143.0,24273.0,24128.0,24172.0,4594
2017-02-23 04:00:00+00:00,24170.0,24191.0,24038.0,24116.0,8730
2017-02-23 08:00:00+00:00,24117.0,24153.0,24090.0,24147.0,4581
2017-02-23 12:00:00+00:00,24147.0,24180.0,24120.0,24178.0,2629
2017-02-23 16:00:00+00:00,24179.0,24192.0,24144.0,24158.0,2173
2017-02-24 00:00:00+00:00,24134.0,24142.0,24064.0,24068.0,3888
2017-02-24 04:00:00+00:00,24069.0,24076.0,23973.0,24018.0,7855
2017-02-24 08:00:00+00:00,24019.0,24028.0,23969.0,23974.0,4630
2017-02-24 12:00:00+00:00,23975.0,23982.0,23830.0,23833.0,4679
2017-02-24 16:00:00+00:00,23832.0,23906.0,23829.0,23905.0,2871
2017-02-27 00:00:00+00:00,23927.0,23976.0,23821.0,23945.0,5165
2017-02-27 04:00:00+00:00,23946.0,24074.0,23848.0,23890.0,10467
2017-02-27 08:00:00+00:00,23888.0,23949.0,23851.0,23921.0,6169
2017-02-27 12:00:00+00:00,23866.0,23870.0,23810.0,23817.0,2958
2017-02-27 16:00:00+00:00,23816.0,23908.0,23816.0,23861.0,2701
2017-02-28 00:00:00+00:00,23900.0,23983.0,23888.0,23910.0,4438
2017-02-28 04:00:00+00:00,23909.0,23927.0,23851.0,23858.0,7277
2017-02-28 08:00:00+00:00,23859.0,23864.0,23704.0,23770.0,8333
2017-02-28 12:00:00+00:00,23770.0,23773.0,23734.0,23761.0,2338
2017-02-28 16:00:00+00:00,23761.0,23796.0,23741.0,23773.0,1924
2017-03-01 00:00:00+00:00,23789.0,23832.0,23716.0,23753.0,4715
2017-03-01 04:00:00+00:00,23754.0,23807.0,23730.0,23736.0,9345
2017-03-01 08:00:00+00:00,23734.0,23821.0,23732.0,23808.0,4891
2017-03-01 12:00:00+00:00,23807.0,23878.0,23804.0,23876.0,2947
2017-03-01 16:00:00+00:00,23877.0,23953.0,23867.0,23926.0,2757
2017-03-02 00:00:00+00:00,24018.0,24069.0,23897.0,23909.0,4477
2017-03-02 04:00:00+00:00,23908.0,23923.0,23795.0,23860.0,9278
2017-03-02 08:00:00+00:00,23859.0,23882.0,23603.0,23621.0,7222
2017-03-02 12:00:00+00:00,23620.0,23704.0,23615.0,23690.0,3075
2017-03-02 16:00:00+00:00,23690.0,23690.0,23635.0,23659.0,2178
2017-03-03 00:00:00+00:00,23633.0,23633.0,23506.0,23518.0,4706
2017-03-03 04:00:00+00:00,23520.0,23619.0,23506.0,23586.0,9058
2017-03-03 08:00:00+00:00,23587.0,23618.0,23499.0,23549.0,6362
2017-03-03 12:00:00+00:00,23548.0,23693.0,23542.0,23682.0,3686
2017-03-03 16:00:00+00:00,23682.0,23699.0,23629.0,23648.0,3174
2017-03-06 00:00:00+00:00,23610.0,23691.0,23565.0,23611.0,4783
2017-03-06 04:00:00+00:00,23613.0,23638.0,23558.0,23611.0,7589
2017-03-06 08:00:00+00:00,23612.0,23640.0,23575.0,23633.0,4969
2017-03-06 12:00:00+00:00,23633.0,23642.0,23623.0,23634.0,2185
2017-03-06 16:00:00+00:00,23635.0,23639.0,23554.0,23554.0,2167
2017-03-07 00:00:00+00:00,23624.0,23671.0,23586.0,23638.0,4062
2017-03-07 04:00:00+00:00,23637.0,23713.0,23632.0,23679.0,6856
2017-03-07 08:00:00+00:00,23678.0,23692.0,23644.0,23673.0,4230
2017-03-07 12:00:00+00:00,23672.0,23687.0,23654.0,23673.0,2164
2017-03-07 16:00:00+00:00,23674.0,23693.0,23647.0,23691.0,2085
2017-03-08 00:00:00+00:00,23656.0,23679.0,23540.0,23654.0,4726
2017-03-08 04:00:00+00:00,23655.0,23808.0,23629.0,23756.0,8352
2017-03-08 08:00:00+00:00,23755.0,23815.0,23735.0,23805.0,4585
2017-03-08 12:00:00+00:00,23806.0,23810.0,23764.0,23773.0,2852
2017-03-08 16:00:00+00:00,23774.0,23790.0,23744.0,23747.0,2079
2017-03-09 00:00:00+00:00,23680.0,23680.0,23549.0,23549.0,4767
2017-03-09 04:00:00+00:00,23548.0,23568.0,23479.0,23504.0,7435
2017-03-09 08:00:00+00:00,23505.0,23526.0,23452.0,23496.0,5349
2017-03-09 12:00:00+00:00,23496.0,23501.0,23405.0,23472.0,4435
2017-03-09 16:00:00+00:00,23473.0,23519.0,23460.0,23476.0,3151
2017-03-10 00:00:00+00:00,23510.0,23600.0,23487.0,23502.0,4896
2017-03-10 04:00:00+00:00,23501.0,23561.0,23442.0,23555.0,8359
2017-03-10 08:00:00+00:00,23556.0,23605.0,23533.0,23597.0,4899
2017-03-10 12:00:00+00:00,23597.0,23661.0,23588.0,23656.0,2901
2017-03-10 16:00:00+00:00,23657.0,23657.0,23580.0,23587.0,3073
2017-03-13 04:00:00+00:00,23619.0,23793.0,23572.0,23771.0,11028
2017-03-13 08:00:00+00:00,23770.0,23850.0,23770.0,23802.0,6074
2017-03-13 12:00:00+00:00,23807.0,23846.0,23784.0,23835.0,2449
2017-03-13 16:00:00+00:00,23834.0,23856.0,23810.0,23826.0,2901
2017-03-14 04:00:00+00:00,23812.0,23905.0,23792.0,23825.0,8741
2017-03-14 08:00:00+00:00,23826.0,23841.0,23760.0,23794.0,4830
2017-03-14 12:00:00+00:00,23796.0,23819.0,23738.0,23752.0,2466
2017-03-14 16:00:00+00:00,23751.0,23782.0,23718.0,23740.0,4134
2017-03-15 04:00:00+00:00,23712.0,23824.0,23628.0,23815.0,9427
2017-03-15 08:00:00+00:00,23810.0,23848.0,23751.0,23793.0,6116
2017-03-15 12:00:00+00:00,23787.0,23815.0,23785.0,23806.0,1825
2017-03-15 16:00:00+00:00,23805.0,23845.0,23795.0,23845.0,2384
2017-03-16 04:00:00+00:00,23964.0,24201.0,23961.0,24125.0,11213
2017-03-16 08:00:00+00:00,24130.0,24343.0,24101.0,24323.0,7977
2017-03-16 12:00:00+00:00,24317.0,24440.0,24299.0,24397.0,4142
2017-03-16 16:00:00+00:00,24397.0,24411.0,24322.0,24346.0,4614
2017-03-17 04:00:00+00:00,24344.0,24406.0,24270.0,24359.0,10887
2017-03-17 08:00:00+00:00,24358.0,24377.0,24243.0,24284.0,7443
2017-03-17 12:00:00+00:00,24300.0,24372.0,24292.0,24355.0,3337
2017-03-17 16:00:00+00:00,24356.0,24356.0,24261.0,24279.0,3644
2017-03-20 04:00:00+00:00,24319.0,24474.0,24280.0,24447.0,10968
2017-03-20 08:00:00+00:00,24450.0,24534.0,24413.0,24528.0,6505
2017-03-20 12:00:00+00:00,24507.0,24517.0,24466.0,24468.0,2128
2017-03-20 16:00:00+00:00,24468.0,24579.0,24466.0,24566.0,3263
2017-03-21 04:00:00+00:00,24546.0,24662.0,24495.0,24565.0,10771
2017-03-21 08:00:00+00:00,24558.0,24650.0,24544.0,24590.0,7048
2017-03-21 12:00:00+00:00,24582.0,24631.0,24566.0,24615.0,2318
2017-03-21 16:00:00+00:00,24615.0,24666.0,24386.0,24395.0,6559
2017-03-22 04:00:00+00:00,24285.0,24374.0,24218.0,24267.0,11584
2017-03-22 08:00:00+00:00,24266.0,24325.0,24208.0,24283.0,7174
2017-03-22 12:00:00+00:00,24280.0,24305.0,24230.0,24285.0,3902
2017-03-22 16:00:00+00:00,24285.0,24430.0,24251.0,24425.0,6874
2017-03-23 04:00:00+00:00,24387.0,24444.0,24314.0,24386.0,10492
2017-03-23 08:00:00+00:00,24382.0,24382.0,24279.0,24336.0,8234
2017-03-23 12:00:00+00:00,24327.0,24385.0,24326.0,24346.0,3093
2017-03-23 16:00:00+00:00,24345.0,24424.0,24315.0,24411.0,4825
2017-03-24 04:00:00+00:00,24412.0,24433.0,24274.0,24301.0,10883
2017-03-24 08:00:00+00:00,24302.0,24359.0,24258.0,24355.0,7387
2017-03-24 12:00:00+00:00,24346.0,24382.0,24333.0,24360.0,2364
2017-03-24 16:00:00+00:00,24360.0,24412.0,24356.0,24409.0,3303
2017-03-27 04:00:00+00:00,24187.0,24426.0,24143.0,24293.0,11657
2017-03-27 08:00:00+00:00,24295.0,24308.0,24122.0,24224.0,9415
2017-03-27 12:00:00+00:00,24216.0,24235.0,24188.0,24194.0,2813
2017-03-27 16:00:00+00:00,24194.0,24303.0,24169.0,24295.0,5801
2017-03-28 04:00:00+00:00,24340.0,24368.0,24280.0,24313.0,9352
2017-03-28 08:00:00+00:00,24314.0,24333.0,24274.0,24324.0,5944
2017-03-28 12:00:00+00:00,24316.0,24342.0,24305.0,24317.0,2110
2017-03-28 16:00:00+00:00,24318.0,24439.0,24313.0,24438.0,4462
2017-03-29 04:00:00+00:00,24448.0,24472.0,24353.0,24386.0,7883
2017-03-29 08:00:00+00:00,24382.0,24392.0,24320.0,24378.0,6127
2017-03-29 12:00:00+00:00,24365.0,24371.0,24337.0,24353.0,1881
2017-03-29 16:00:00+00:00,24351.0,24408.0,24341.0,24371.0,2893
2017-03-30 04:00:00+00:00,24415.0,24431.0,24248.0,24272.0,9646
2017-03-30 08:00:00+00:00,24276.0,24335.0,24236.0,24302.0,6903
2017-03-30 12:00:00+00:00,24282.0,24303.0,24251.0,24278.0,2610
2017-03-30 16:00:00+00:00,24279.0,24343.0,24274.0,24335.0,4003
2017-03-31 04:00:00+00:00,24312.0,24331.0,24085.0,24180.0,10676
2017-03-31 08:00:00+00:00,24176.0,24187.0,24106.0,24123.0,6951
2017-03-31 12:00:00+00:00,24126.0,24172.0,24121.0,24163.0,2599
2017-03-31 16:00:00+00:00,24163.0,24189.0,24146.0,24150.0,3378
2017-04-03 04:00:00+00:00,24198.0,24266.0,24169.0,24191.0,6821
2017-04-03 08:00:00+00:00,24193.0,24245.0,24165.0,24229.0,5350
2017-04-03 12:00:00+00:00,24225.0,24239.0,24213.0,24233.0,2387
2017-04-03 16:00:00+00:00,24233.0,24256.0,24181.0,24196.0,5007
2017-04-05 04:00:00+00:00,24290.0,24404.0,24135.0,24180.0,12622
2017-04-05 08:00:00+00:00,24188.0,24403.0,24162.0,24392.0,9090
2017-04-05 12:00:00+00:00,24383.0,24430.0,24375.0,24412.0,2624
2017-04-05 16:00:00+00:00,24413.0,24471.0,24407.0,24443.0,3855
2017-04-06 04:00:00+00:00,24294.0,24370.0,24176.0,24241.0,10903
2017-04-06 08:00:00+00:00,24267.0,24330.0,24214.0,24283.0,6113
2017-04-06 12:00:00+00:00,24291.0,24346.0,24285.0,24338.0,3250
2017-04-06 16:00:00+00:00,24339.0,24349.0,24279.0,24302.0,5571
2017-04-07 04:00:00+00:00,24316.0,24316.0,23950.0,24116.0,17100
2017-04-07 08:00:00+00:00,24123.0,24292.0,24076.0,24276.0,9727
2017-04-07 12:00:00+00:00,24272.0,24299.0,24225.0,24267.0,4830
2017-04-07 16:00:00+00:00,24266.0,24334.0,24263.0,24324.0,5449
2017-04-10 04:00:00+00:00,24359.0,24380.0,24234.0,24271.0,10691
2017-04-10 08:00:00+00:00,24274.0,24287.0,24226.0,24269.0,6584
2017-04-10 12:00:00+00:00,24257.0,24268.0,24178.0,24195.0,3739
2017-04-10 16:00:00+00:00,24196.0,24252.0,24195.0,24221.0,4762
2017-04-11 04:00:00+00:00,24256.0,24300.0,24008.0,24052.0,13021
2017-04-11 08:00:00+00:00,24050.0,24132.0,24006.0,24081.0,8864
2017-04-11 12:00:00+00:00,24079.0,24137.0,24079.0,24131.0,3126
2017-04-11 16:00:00+00:00,24131.0,24134.0,23978.0,23999.0,8217
2017-04-12 04:00:00+00:00,24035.0,24080.0,23982.0,24047.0,9445
2017-04-12 08:00:00+00:00,24045.0,24325.0,24035.0,24311.0,9171
2017-04-12 12:00:00+00:00,24303.0,24308.0,24244.0,24259.0,3673
2017-04-12 16:00:00+00:00,24261.0,24283.0,24192.0,24202.0,6947
2017-04-13 04:00:00+00:00,24141.0,24310.0,24111.0,24288.0,11213
2017-04-13 08:00:00+00:00,24293.0,24390.0,24199.0,24251.0,9567
2017-04-13 12:00:00+00:00,24249.0,24252.0,24218.0,24240.0,3093
2017-04-13 16:00:00+00:00,24239.0,24304.0,24223.0,24290.0,6236
2017-04-18 04:00:00+00:00,24321.0,24321.0,23995.0,24025.0,11021
2017-04-18 08:00:00+00:00,24030.0,24082.0,23847.0,23857.0,8801
2017-04-18 12:00:00+00:00,23840.0,23867.0,23796.0,23836.0,4467
2017-04-18 16:00:00+00:00,23837.0,23908.0,23816.0,23838.0,6036
2017-04-19 04:00:00+00:00,23883.0,23884.0,23717.0,23773.0,12271
2017-04-19 08:00:00+00:00,23777.0,23862.0,23751.0,23838.0,7786
2017-04-19 12:00:00+00:00,23842.0,23858.0,23836.0,23852.0,2071
2017-04-19 16:00:00+00:00,23852.0,23877.0,23821.0,23839.0,3478
2017-04-20 04:00:00+00:00,23789.0,23968.0,23765.0,23920.0,10943
2017-04-20 08:00:00+00:00,23919.0,24087.0,23873.0,24078.0,9063
2017-04-20 12:00:00+00:00,24075.0,24082.0,24042.0,24066.0,2819
2017-04-20 16:00:00+00:00,24065.0,24088.0,24032.0,24087.0,4970
2017-04-21 04:00:00+00:00,24126.0,24230.0,24047.0,24064.0,9512
2017-04-21 08:00:00+00:00,24068.0,24125.0,23978.0,24026.0,8814
2017-04-21 12:00:00+00:00,24004.0,24027.0,23996.0,24018.0,2855
2017-04-21 16:00:00+00:00,24018.0,24026.0,23988.0,24024.0,4220
2017-04-24 04:00:00+00:00,24192.0,24210.0,23936.0,23999.0,11332
2017-04-24 08:00:00+00:00,24003.0,24191.0,23991.0,24191.0,10910
2017-04-24 12:00:00+00:00,24198.0,24224.0,24195.0,24215.0,3570
2017-04-24 16:00:00+00:00,24214.0,24245.0,24196.0,24220.0,5450
2017-04-25 04:00:00+00:00,24217.0,24411.0,24201.0,24371.0,10837
2017-04-25 08:00:00+00:00,24376.0,24490.0,24373.0,24479.0,8873
2017-04-25 12:00:00+00:00,24473.0,24518.0,24457.0,24497.0,3591
2017-04-25 16:00:00+00:00,24495.0,24563.0,24468.0,24538.0,4803
2017-04-26 04:00:00+00:00,24547.0,24646.0,24514.0,24588.0,9978
2017-04-26 08:00:00+00:00,24593.0,24620.0,24538.0,24566.0,6159
2017-04-26 12:00:00+00:00,24669.0,24684.0,24558.0,24564.0,2298
2017-04-26 16:00:00+00:00,24565.0,24638.0,24559.0,24607.0,2847
2017-04-27 04:00:00+00:00,24599.0,24622.0,24451.0,24568.0,9673
2017-04-27 08:00:00+00:00,24572.0,24730.0,24565.0,24658.0,7861
2017-04-27 12:00:00+00:00,24650.0,24687.0,24623.0,24661.0,2744
2017-04-27 16:00:00+00:00,24648.0,24681.0,24616.0,24623.0,4542
2017-04-28 04:00:00+00:00,24685.0,24695.0,24579.0,24604.0,10186
2017-04-28 08:00:00+00:00,24597.0,24661.0,24586.0,24658.0,6556
2017-04-28 12:00:00+00:00,24656.0,24664.0,24646.0,24656.0,2226
2017-04-28 16:00:00+00:00,24655.0,24662.0,24628.0,24636.0,4379
2017-05-02 04:00:00+00:00,24705.0,24790.0,24621.0,24685.0,9999
2017-05-02 08:00:00+00:00,24684.0,24700.0,24569.0,24668.0,7902
2017-05-02 12:00:00+00:00,24670.0,24710.0,24659.0,24696.0,2436
2017-05-02 16:00:00+00:00,24695.0,24716.0,24672.0,24680.0,3623
2017-05-04 04:00:00+00:00,24646.0,24650.0,24537.0,24584.0,9520
2017-05-04 08:00:00+00:00,24596.0,24689.0,24571.0,24667.0,7576
2017-05-04 12:00:00+00:00,24681.0,24694.0,24657.0,24659.0,2325
2017-05-04 16:00:00+00:00,24658.0,24665.0,24566.0,24625.0,5318
2017-05-05 04:00:00+00:00,24581.0,24616.0,24394.0,24410.0,11398
2017-05-05 08:00:00+00:00,24411.0,24503.0,24346.0,24482.0,9256
2017-05-05 12:00:00+00:00,24480.0,24494.0,24443.0,24481.0,3012
2017-05-05 16:00:00+00:00,24481.0,24545.0,24472.0,24530.0,4957
2017-05-08 04:00:00+00:00,24595.0,24615.0,24487.0,24559.0,11257
2017-05-08 08:00:00+00:00,24560.0,24623.0,24511.0,24574.0,8850
2017-05-08 12:00:00+00:00,24552.0,24583.0,24539.0,24558.0,3148
2017-05-08 16:00:00+00:00,24557.0,24605.0,24550.0,24597.0,4322
2017-05-09 04:00:00+00:00,24591.0,24702.0,24530.0,24682.0,11939
2017-05-09 08:00:00+00:00,24679.0,24927.0,24677.0,24856.0,9421
2017-05-09 12:00:00+00:00,24864.0,24922.0,24857.0,24918.0,2494
2017-05-09 16:00:00+00:00,24919.0,24992.0,24910.0,24970.0,4553
2017-05-10 04:00:00+00:00,24906.0,25120.0,24899.0,25083.0,13182
2017-05-10 08:00:00+00:00,25087.0,25158.0,24995.0,25013.0,10562
2017-05-10 12:00:00+00:00,25013.0,25074.0,25009.0,25067.0,2412
2017-05-10 16:00:00+00:00,25068.0,25116.0,25052.0,25114.0,4468
2017-05-11 04:00:00+00:00,25114.0,25201.0,25016.0,25088.0,12508
2017-05-11 08:00:00+00:00,25088.0,25172.0,25047.0,25168.0,8766
2017-05-11 12:00:00+00:00,25168.0,25175.0,25061.0,25089.0,4030
2017-05-11 16:00:00+00:00,25090.0,25102.0,25018.0,25046.0,5854
2017-05-12 04:00:00+00:00,25046.0,25182.0,25046.0,25135.0,10493
2017-05-12 08:00:00+00:00,25135.0,25208.0,25107.0,25177.0,7720
2017-05-12 12:00:00+00:00,25177.0,25262.0,25147.0,25243.0,2747
2017-05-12 16:00:00+00:00,25242.0,25303.0,25217.0,25301.0,4405
2017-05-15 04:00:00+00:00,25290.0,25336.0,25239.0,25300.0,10868
2017-05-15 08:00:00+00:00,25300.0,25395.0,25268.0,25329.0,7813
2017-05-15 12:00:00+00:00,25329.0,25365.0,25309.0,25359.0,3315
2017-05-15 16:00:00+00:00,25361.0,25447.0,25334.0,25446.0,4005
2017-05-16 04:00:00+00:00,25446.0,25446.0,25179.0,25300.0,10012
2017-05-16 08:00:00+00:00,25300.0,25359.0,25278.0,25333.0,7159
2017-05-16 12:00:00+00:00,25333.0,25374.0,25303.0,25368.0,2790
2017-05-16 16:00:00+00:00,25369.0,25401.0,25327.0,25369.0,4778
2017-05-17 04:00:00+00:00,25369.0,25369.0,25239.0,25267.0,9301
2017-05-17 08:00:00+00:00,25267.0,25360.0,25242.0,25349.0,6988
2017-05-17 12:00:00+00:00,25349.0,25395.0,25309.0,25310.0,3859
2017-05-17 16:00:00+00:00,25309.0,25330.0,25151.0,25184.0,9225
2017-05-18 04:00:00+00:00,25184.0,25253.0,25057.0,25218.0,10503
2017-05-18 08:00:00+00:00,25218.0,25234.0,25073.0,25175.0,8633
2017-05-18 12:00:00+00:00,25175.0,25175.0,25048.0,25063.0,9302
2017-05-18 16:00:00+00:00,25059.0,25192.0,25050.0,25155.0,9522
2017-05-19 04:00:00+00:00,25155.0,25215.0,25106.0,25200.0,9051
2017-05-19 08:00:00+00:00,25200.0,25243.0,25163.0,25188.0,7570
2017-05-19 12:00:00+00:00,25188.0,25253.0,25188.0,25229.0,3636
2017-05-19 16:00:00+00:00,25228.0,25299.0,25217.0,25286.0,4933
2017-05-22 04:00:00+00:00,25286.0,25422.0,25195.0,25414.0,10284
2017-05-22 08:00:00+00:00,25414.0,25430.0,25348.0,25355.0,7150
2017-05-22 12:00:00+00:00,25355.0,25385.0,25340.0,25371.0,3533
2017-05-22 16:00:00+00:00,25371.0,25419.0,25366.0,25390.0,4130
2017-05-23 04:00:00+00:00,25390.0,25473.0,25353.0,25442.0,9615
2017-05-23 08:00:00+00:00,25442.0,25453.0,25329.0,25433.0,8816
2017-05-23 12:00:00+00:00,25433.0,25436.0,25401.0,25430.0,2311
2017-05-23 16:00:00+00:00,25430.0,25452.0,25416.0,25442.0,4256
2017-05-24 04:00:00+00:00,25442.0,25442.0,25335.0,25344.0,9522
2017-05-24 08:00:00+00:00,25344.0,25427.0,25319.0,25427.0,6978
2017-05-24 12:00:00+00:00,25427.0,25432.0,25406.0,25429.0,3346
2017-05-24 16:00:00+00:00,25430.0,25456.0,25419.0,25445.0,3411
2017-05-25 04:00:00+00:00,25445.0,25634.0,25445.0,25578.0,9411
2017-05-25 08:00:00+00:00,25578.0,25671.0,25578.0,25638.0,8460
2017-05-25 12:00:00+00:00,25638.0,25657.0,25627.0,25639.0,2368
2017-05-25 16:00:00+00:00,25640.0,25708.0,25635.0,25660.0,3629
2017-05-26 04:00:00+00:00,25660.0,25727.0,25590.0,25643.0,9614
2017-05-26 08:00:00+00:00,25643.0,25659.0,25606.0,25632.0,6139
2017-05-26 12:00:00+00:00,25632.0,25632.0,25580.0,25614.0,2787
2017-05-26 16:00:00+00:00,25614.0,25668.0,25613.0,25631.0,2973
2017-05-29 04:00:00+00:00,25631.0,25698.0,25600.0,25674.0,6962
2017-05-29 08:00:00+00:00,25674.0,25749.0,25648.0,25674.0,5836
2017-05-31 04:00:00+00:00,25674.0,25817.0,25656.0,25693.0,9797
2017-05-31 08:00:00+00:00,25693.0,25725.0,25657.0,25678.0,7812
2017-05-31 12:00:00+00:00,25678.0,25714.0,25647.0,25697.0,2137
2017-05-31 16:00:00+00:00,25696.0,25702.0,25595.0,25595.0,6065
2017-06-01 04:00:00+00:00,25595.0,25748.0,25595.0,25722.0,10966
2017-06-01 08:00:00+00:00,25722.0,25796.0,25715.0,25791.0,7218
2017-06-01 12:00:00+00:00,25791.0,25791.0,25755.0,25776.0,2634
2017-06-01 16:00:00+00:00,25775.0,25801.0,25773.0,25792.0,4194
2017-06-02 04:00:00+00:00,25792.0,25941.0,25784.0,25891.0,10222
2017-06-02 08:00:00+00:00,25891.0,25909.0,25865.0,25880.0,6705
2017-06-02 12:00:00+00:00,25880.0,25908.0,25867.0,25904.0,2920
2017-06-02 16:00:00+00:00,25904.0,25906.0,25864.0,25897.0,3716
2017-06-05 04:00:00+00:00,25897.0,25951.0,25829.0,25832.0,8894
2017-06-05 08:00:00+00:00,25832.0,25879.0,25807.0,25833.0,6264
2017-06-05 12:00:00+00:00,25833.0,25850.0,25815.0,25819.0,974
2017-06-05 16:00:00+00:00,25818.0,25861.0,25814.0,25843.0,2288
2017-06-06 04:00:00+00:00,25843.0,25964.0,25796.0,25942.0,8595
2017-06-06 08:00:00+00:00,25942.0,26013.0,25907.0,26002.0,6362
2017-06-06 12:00:00+00:00,26002.0,26015.0,25978.0,25998.0,2325
2017-06-06 16:00:00+00:00,25997.0,26029.0,25981.0,26029.0,3126
2017-06-07 04:00:00+00:00,26029.0,26047.0,25984.0,26002.0,7954
2017-06-07 08:00:00+00:00,26002.0,26017.0,25909.0,25962.0,6959
2017-06-07 12:00:00+00:00,25962.0,25992.0,25955.0,25983.0,2101
2017-06-07 16:00:00+00:00,25983.0,25992.0,25912.0,25912.0,4185
2017-06-08 04:00:00+00:00,25912.0,26057.0,25903.0,26035.0,8490
2017-06-08 08:00:00+00:00,26035.0,26069.0,25980.0,26047.0,6843
2017-06-08 12:00:00+00:00,26047.0,26060.0,26034.0,26041.0,2507
2017-06-08 16:00:00+00:00,26040.0,26095.0,26023.0,26087.0,4755
2017-06-09 04:00:00+00:00,26087.0,26098.0,25990.0,26014.0,9519
2017-06-09 08:00:00+00:00,26014.0,26068.0,25946.0,26047.0,8482
2017-06-09 12:00:00+00:00,26047.0,26080.0,26047.0,26052.0,2410
2017-06-09 16:00:00+00:00,26051.0,26108.0,26051.0,26107.0,3856
2017-06-12 04:00:00+00:00,26107.0,26107.0,25709.0,25720.0,11004
2017-06-12 08:00:00+00:00,25720.0,25767.0,25704.0,25736.0,7710
2017-06-12 12:00:00+00:00,25736.0,25753.0,25720.0,25736.0,401
2017-06-13 04:00:00+00:00,25736.0,25854.0,25736.0,25831.0,8648
2017-06-13 08:00:00+00:00,25831.0,25900.0,25782.0,25857.0,6748
2017-06-13 12:00:00+00:00,25857.0,25868.0,25844.0,25861.0,1822
2017-06-13 16:00:00+00:00,25860.0,25893.0,25843.0,25857.0,4204
2017-06-14 04:00:00+00:00,25857.0,25916.0,25692.0,25776.0,9907
2017-06-14 08:00:00+00:00,25776.0,25883.0,25748.0,25877.0,7101
2017-06-14 12:00:00+00:00,25877.0,25896.0,25861.0,25890.0,2555
2017-06-14 16:00:00+00:00,25890.0,25896.0,25834.0,25849.0,4650
2017-06-15 04:00:00+00:00,25849.0,25849.0,25553.0,25582.0,10872
2017-06-15 08:00:00+00:00,25582.0,25651.0,25539.0,25570.0,8470
2017-06-15 12:00:00+00:00,25570.0,25580.0,25479.0,25519.0,4403
2017-06-15 16:00:00+00:00,25519.0,25563.0,25496.0,25552.0,5717
2017-06-16 04:00:00+00:00,25552.0,25698.0,25552.0,25677.0,8400
2017-06-16 08:00:00+00:00,25677.0,25677.0,25566.0,25625.0,7501
2017-06-16 12:00:00+00:00,25625.0,25645.0,25604.0,25612.0,2825
2017-06-16 16:00:00+00:00,25612.0,25621.0,25568.0,25587.0,4290
2017-06-19 04:00:00+00:00,25669.0,25883.0,25669.0,25859.0,9788
2017-06-19 08:00:00+00:00,25859.0,25927.0,25837.0,25908.0,6092
2017-06-19 12:00:00+00:00,25908.0,25911.0,25881.0,25887.0,1966
2017-06-19 16:00:00+00:00,25887.0,25946.0,25886.0,25944.0,3635
2017-06-20 04:00:00+00:00,25944.0,25992.0,25850.0,25894.0,9706
2017-06-20 08:00:00+00:00,25894.0,25913.0,25831.0,25849.0,6889
2017-06-20 12:00:00+00:00,25849.0,25853.0,25776.0,25787.0,3200
2017-06-20 16:00:00+00:00,25787.0,25807.0,25711.0,25723.0,4256
2017-06-21 04:00:00+00:00,25723.0,25872.0,25552.0,25682.0,15014
2017-06-21 08:00:00+00:00,25682.0,25740.0,25623.0,25626.0,8757
2017-06-21 12:00:00+00:00,25626.0,25698.0,25625.0,25690.0,2940
2017-06-21 16:00:00+00:00,25690.0,25747.0,25682.0,25719.0,5172
2017-06-22 04:00:00+00:00,25719.0,25861.0,25536.0,25823.0,12096
2017-06-22 08:00:00+00:00,25823.0,25834.0,25617.0,25719.0,9880
2017-06-22 12:00:00+00:00,25719.0,25777.0,25696.0,25756.0,3751
2017-06-22 16:00:00+00:00,25755.0,25789.0,25710.0,25775.0,4881
2017-06-23 04:00:00+00:00,25719.0,25786.0,25639.0,25693.0,11920
2017-06-23 08:00:00+00:00,25693.0,25750.0,25664.0,25682.0,7066
2017-06-23 12:00:00+00:00,25682.0,25697.0,25626.0,25665.0,3336
2017-06-23 16:00:00+00:00,25665.0,25711.0,25633.0,25704.0,4217
2017-06-26 04:00:00+00:00,25692.0,25830.0,25692.0,25760.0,10515
2017-06-26 08:00:00+00:00,25760.0,25868.0,25748.0,25841.0,6796
2017-06-26 12:00:00+00:00,25841.0,25868.0,25834.0,25854.0,1845
2017-06-26 16:00:00+00:00,25855.0,25921.0,25825.0,25848.0,5089
2017-06-27 04:00:00+00:00,25848.0,25908.0,25829.0,25885.0,8994
2017-06-27 08:00:00+00:00,25885.0,25888.0,25783.0,25825.0,8320
2017-06-27 12:00:00+00:00,25825.0,25863.0,25825.0,25835.0,3354
2017-06-27 16:00:00+00:00,25835.0,25858.0,25793.0,25848.0,4943
2017-06-28 04:00:00+00:00,25848.0,25848.0,25618.0,25763.0,9842
2017-06-28 08:00:00+00:00,25763.0,25770.0,25667.0,25677.0,7838
2017-06-28 12:00:00+00:00,25677.0,25760.0,25677.0,25729.0,3267
2017-06-28 16:00:00+00:00,25728.0,25809.0,25718.0,25796.0,3374
2017-06-29 04:00:00+00:00,25796.0,25910.0,25793.0,25878.0,8593
2017-06-29 08:00:00+00:00,25878.0,25950.0,25858.0,25929.0,6760
2017-06-29 12:00:00+00:00,25929.0,25936.0,25876.0,25890.0,4217
2017-06-29 16:00:00+00:00,25889.0,25906.0,25768.0,25791.0,7093
2017-06-30 04:00:00+00:00,25791.0,25791.0,25567.0,25723.0,10670
2017-06-30 08:00:00+00:00,25723.0,25804.0,25705.0,25717.0,8863
2017-06-30 12:00:00+00:00,25717.0,25778.0,25717.0,25751.0,3110
2017-06-30 16:00:00+00:00,25751.0,25779.0,25702.0,25765.0,6496
2017-07-03 04:00:00+00:00,25765.0,25776.0,25577.0,25771.0,8990
2017-07-03 08:00:00+00:00,25771.0,25805.0,25728.0,25763.0,6073
2017-07-03 12:00:00+00:00,25763.0,25794.0,25748.0,25792.0,2110
2017-07-03 16:00:00+00:00,25793.0,25845.0,25786.0,25844.0,5335
2017-07-04 04:00:00+00:00,25844.0,25844.0,25383.0,25475.0,11305
2017-07-04 08:00:00+00:00,25475.0,25477.0,25217.0,25386.0,13288
2017-07-04 12:00:00+00:00,25386.0,25421.0,25372.0,25380.0,2151
2017-07-04 16:00:00+00:00,25379.0,25420.0,25356.0,25394.0,2412
2017-07-05 04:00:00+00:00,25394.0,25519.0,25192.0,25469.0,13063
2017-07-05 08:00:00+00:00,25469.0,25569.0,25458.0,25551.0,9683
2017-07-05 12:00:00+00:00,25551.0,25565.0,25511.0,25551.0,3278
2017-07-05 16:00:00+00:00,25552.0,25559.0,25478.0,25551.0,6714
2017-07-06 04:00:00+00:00,25551.0,25629.0,25427.0,25449.0,13189
2017-07-06 08:00:00+00:00,25449.0,25535.0,25435.0,25518.0,8137
2017-07-06 12:00:00+00:00,25518.0,25518.0,25413.0,25438.0,4767
2017-07-06 16:00:00+00:00,25438.0,25457.0,25374.0,25407.0,6997
2017-07-07 04:00:00+00:00,25407.0,25416.0,25292.0,25357.0,10154
2017-07-07 08:00:00+00:00,25357.0,25413.0,25339.0,25362.0,6446
2017-07-07 12:00:00+00:00,25362.0,25379.0,25335.0,25362.0,3007
2017-07-07 16:00:00+00:00,25362.0,25387.0,25306.0,25382.0,5304
2017-07-10 04:00:00+00:00,25382.0,25617.0,25320.0,25597.0,11747
2017-07-10 08:00:00+00:00,25597.0,25607.0,25491.0,25524.0,7041
2017-07-10 12:00:00+00:00,25524.0,25527.0,25493.0,25496.0,2344
2017-07-10 16:00:00+00:00,25496.0,25569.0,25465.0,25568.0,4781
2017-07-11 04:00:00+00:00,25568.0,25795.0,25544.0,25777.0,9651
2017-07-11 08:00:00+00:00,25777.0,25977.0,25777.0,25975.0,10161
2017-07-11 12:00:00+00:00,25975.0,25975.0,25920.0,25944.0,2600
2017-07-11 16:00:00+00:00,25945.0,25971.0,25884.0,25923.0,5262
2017-07-12 04:00:00+00:00,25923.0,26180.0,25923.0,26086.0,12524
2017-07-12 08:00:00+00:00,26086.0,26110.0,26022.0,26102.0,8336
2017-07-12 12:00:00+00:00,26102.0,26244.0,26081.0,26231.0,4363
2017-07-12 16:00:00+00:00,26231.0,26328.0,26223.0,26315.0,6877
2017-07-13 04:00:00+00:00,26315.0,26404.0,26296.0,26330.0,11865
2017-07-13 08:00:00+00:00,26330.0,26376.0,26275.0,26374.0,7766
2017-07-13 12:00:00+00:00,26374.0,26378.0,26318.0,26325.0,2712
2017-07-13 16:00:00+00:00,26325.0,26372.0,26302.0,26364.0,4529
2017-07-14 04:00:00+00:00,26382.0,26418.0,26309.0,26356.0,9120
2017-07-14 08:00:00+00:00,26356.0,26402.0,26339.0,26375.0,6199
2017-07-14 12:00:00+00:00,26375.0,26461.0,26359.0,26460.0,2913
2017-07-14 16:00:00+00:00,26460.0,26550.0,26439.0,26536.0,5029
2017-07-17 04:00:00+00:00,26536.0,26630.0,26377.0,26532.0,13344
2017-07-17 08:00:00+00:00,26532.0,26540.0,26430.0,26487.0,7984
2017-07-17 12:00:00+00:00,26487.0,26517.0,26450.0,26472.0,3572
2017-07-17 16:00:00+00:00,26471.0,26495.0,26429.0,26438.0,4437
2017-07-18 04:00:00+00:00,26438.0,26526.0,26399.0,26424.0,11280
2017-07-18 08:00:00+00:00,26424.0,26539.0,26417.0,26539.0,6599
2017-07-18 12:00:00+00:00,26539.0,26539.0,26474.0,26476.0,3996
2017-07-18 16:00:00+00:00,26477.0,26490.0,26440.0,26467.0,5561
2017-07-19 04:00:00+00:00,26467.0,26659.0,26467.0,26628.0,10914
2017-07-19 08:00:00+00:00,26628.0,26684.0,26607.0,26651.0,6821
2017-07-19 12:00:00+00:00,26651.0,26706.0,26638.0,26698.0,2980
2017-07-19 16:00:00+00:00,26699.0,26755.0,26695.0,26716.0,4515
2017-07-20 04:00:00+00:00,26716.0,26744.0,26636.0,26724.0,9741
2017-07-20 08:00:00+00:00,26724.0,26762.0,26703.0,26732.0,5869
2017-07-20 12:00:00+00:00,26732.0,26764.0,26708.0,26757.0,3709
2017-07-20 16:00:00+00:00,26756.0,26768.0,26708.0,26743.0,5611
2017-07-21 04:00:00+00:00,26743.0,26754.0,26660.0,26702.0,9156
2017-07-21 08:00:00+00:00,26702.0,26766.0,26682.0,26760.0,6479
2017-07-21 12:00:00+00:00,26760.0,26771.0,26737.0,26743.0,3709
2017-07-21 16:00:00+00:00,26743.0,26744.0,26647.0,26654.0,5539
2017-07-24 04:00:00+00:00,26654.0,26890.0,26654.0,26824.0,9413
2017-07-24 08:00:00+00:00,26824.0,26859.0,26800.0,26854.0,6238
2017-07-24 12:00:00+00:00,26854.0,26858.0,26826.0,26849.0,2501
2017-07-24 16:00:00+00:00,26848.0,26852.0,26796.0,26801.0,3273
2017-07-25 04:00:00+00:00,26801.0,26862.0,26787.0,26846.0,9386
2017-07-25 08:00:00+00:00,26846.0,26879.0,26821.0,26873.0,5089
2017-07-25 12:00:00+00:00,26873.0,26938.0,26868.0,26923.0,3111
2017-07-25 16:00:00+00:00,26923.0,26946.0,26909.0,26932.0,4432
2017-07-26 04:00:00+00:00,26932.0,26984.0,26804.0,26873.0,10530
2017-07-26 08:00:00+00:00,26873.0,26948.0,26869.0,26919.0,5799
2017-07-26 12:00:00+00:00,26919.0,26945.0,26907.0,26937.0,2284
2017-07-26 16:00:00+00:00,26937.0,26947.0,26915.0,26936.0,3557
2017-07-27 04:00:00+00:00,26936.0,27059.0,26936.0,27038.0,9093
2017-07-27 08:00:00+00:00,27038.0,27180.0,27038.0,27149.0,5841
2017-07-27 12:00:00+00:00,27149.0,27153.0,27127.0,27141.0,1816
2017-07-27 16:00:00+00:00,27141.0,27160.0,27132.0,27135.0,2251
2017-07-28 04:00:00+00:00,27135.0,27135.0,26948.0,26967.0,9979
2017-07-28 08:00:00+00:00,26967.0,27023.0,26957.0,27021.0,5835
2017-07-28 12:00:00+00:00,27021.0,27028.0,26977.0,27020.0,3083
2017-07-28 16:00:00+00:00,27020.0,27062.0,27006.0,27055.0,4511
2017-07-31 04:00:00+00:00,27055.0,27186.0,27028.0,27169.0,9115
2017-07-31 08:00:00+00:00,27169.0,27311.0,27169.0,27302.0,7034
2017-07-31 12:00:00+00:00,27302.0,27329.0,27282.0,27318.0,2293
2017-07-31 16:00:00+00:00,27317.0,27321.0,27260.0,27271.0,4141
2017-08-01 04:00:00+00:00,27271.0,27552.0,27271.0,27521.0,11117
2017-08-01 08:00:00+00:00,27521.0,27595.0,27490.0,27588.0,6668
2017-08-01 12:00:00+00:00,27588.0,27679.0,27579.0,27658.0,4097
2017-08-01 16:00:00+00:00,27660.0,27663.0,27584.0,27591.0,5442
2017-08-02 04:00:00+00:00,27591.0,27675.0,27555.0,27654.0,9232
2017-08-02 08:00:00+00:00,27654.0,27735.0,27575.0,27633.0,8412
2017-08-02 12:00:00+00:00,27633.0,27658.0,27622.0,27640.0,2746
2017-08-02 16:00:00+00:00,27641.0,27670.0,27542.0,27562.0,6185
2017-08-03 04:00:00+00:00,27562.0,27607.0,27414.0,27536.0,13216
2017-08-03 08:00:00+00:00,27536.0,27561.0,27509.0,27539.0,7002
2017-08-03 12:00:00+00:00,27539.0,27620.0,27539.0,27617.0,3038
2017-08-03 16:00:00+00:00,27617.0,27618.0,27547.0,27595.0,4322
2017-08-04 04:00:00+00:00,27595.0,27616.0,27507.0,27545.0,10890
2017-08-04 08:00:00+00:00,27545.0,27581.0,27522.0,27567.0,5256
2017-08-04 12:00:00+00:00,27567.0,27574.0,27533.0,27549.0,2622
2017-08-04 16:00:00+00:00,27549.0,27587.0,27513.0,27556.0,4978
2017-08-07 04:00:00+00:00,27603.0,27750.0,27603.0,27646.0,9310
2017-08-07 08:00:00+00:00,27646.0,27684.0,27640.0,27651.0,4637
2017-08-07 12:00:00+00:00,27651.0,27658.0,27599.0,27613.0,2848
2017-08-07 16:00:00+00:00,27613.0,27632.0,27585.0,27606.0,2770
2017-08-08 04:00:00+00:00,27606.0,27711.0,27598.0,27708.0,8998
2017-08-08 08:00:00+00:00,27708.0,27884.0,27703.0,27871.0,6898
2017-08-08 12:00:00+00:00,27871.0,27873.0,27838.0,27843.0,2068
2017-08-08 16:00:00+00:00,27843.0,27954.0,27826.0,27948.0,3858
2017-08-09 04:00:00+00:00,27948.0,27948.0,27592.0,27635.0,11404
2017-08-09 08:00:00+00:00,27635.0,27815.0,27632.0,27723.0,8185
2017-08-09 12:00:00+00:00,27723.0,27724.0,27672.0,27698.0,4799
2017-08-09 16:00:00+00:00,27698.0,27726.0,27656.0,27691.0,6301
2017-08-10 04:00:00+00:00,27691.0,27806.0,27242.0,27305.0,18400
2017-08-10 08:00:00+00:00,27305.0,27502.0,27305.0,27413.0,12105
2017-08-10 12:00:00+00:00,27413.0,27434.0,27357.0,27384.0,4919
2017-08-10 16:00:00+00:00,27385.0,27390.0,27219.0,27245.0,9007
2017-08-11 04:00:00+00:00,27245.0,27245.0,26910.0,26938.0,17641
2017-08-11 08:00:00+00:00,26938.0,27011.0,26856.0,26865.0,13837
2017-08-11 12:00:00+00:00,26865.0,26989.0,26826.0,26971.0,6593
2017-08-11 16:00:00+00:00,26970.0,27016.0,26924.0,26971.0,8333
2017-08-14 04:00:00+00:00,26971.0,27207.0,26971.0,27172.0,13861
2017-08-14 08:00:00+00:00,27172.0,27244.0,27096.0,27183.0,8654
2017-08-14 12:00:00+00:00,27183.0,27225.0,27166.0,27223.0,3351
2017-08-14 16:00:00+00:00,27223.0,27324.0,27204.0,27322.0,5394
2017-08-15 04:00:00+00:00,27322.0,27385.0,27229.0,27337.0,14766
2017-08-15 08:00:00+00:00,27337.0,27354.0,27153.0,27182.0,9816
2017-08-15 12:00:00+00:00,27182.0,27212.0,27136.0,27149.0,3905
2017-08-15 16:00:00+00:00,27151.0,27157.0,27077.0,27156.0,6297
2017-08-16 04:00:00+00:00,27156.0,27386.0,27093.0,27369.0,13398
2017-08-16 08:00:00+00:00,27369.0,27447.0,27317.0,27436.0,7865
2017-08-16 12:00:00+00:00,27436.0,27640.0,27412.0,27595.0,6283
2017-08-16 16:00:00+00:00,27594.0,27636.0,27590.0,27611.0,5344
2017-08-17 04:00:00+00:00,27611.0,27631.0,27318.0,27390.0,14862
2017-08-17 08:00:00+00:00,27390.0,27419.0,27289.0,27325.0,9801
2017-08-17 12:00:00+00:00,27325.0,27347.0,27204.0,27233.0,5721
2017-08-17 16:00:00+00:00,27233.0,27299.0,27201.0,27244.0,9546
2017-08-18 04:00:00+00:00,27045.0,27185.0,26944.0,27139.0,13334
2017-08-18 08:00:00+00:00,27132.0,27236.0,27045.0,27051.0,10460
2017-08-18 12:00:00+00:00,27035.0,27098.0,27002.0,27069.0,5118
2017-08-18 16:00:00+00:00,27069.0,27115.0,26970.0,27109.0,8875
2017-08-21 04:00:00+00:00,27066.0,27217.0,27040.0,27180.0,12357
2017-08-21 08:00:00+00:00,27177.0,27217.0,27128.0,27182.0,8056
2017-08-21 12:00:00+00:00,27204.0,27225.0,27166.0,27215.0,3597
2017-08-21 16:00:00+00:00,27215.0,27261.0,27154.0,27250.0,7627
2017-08-22 04:00:00+00:00,27313.0,27471.0,27301.0,27442.0,10605
2017-08-22 08:00:00+00:00,27443.0,27510.0,27392.0,27446.0,8083
2017-08-22 12:00:00+00:00,27429.0,27448.0,27418.0,27444.0,2923
2017-08-22 16:00:00+00:00,27445.0,27562.0,27404.0,27544.0,5579
2017-08-24 04:00:00+00:00,27545.0,27613.0,27478.0,27551.0,10897
2017-08-24 08:00:00+00:00,27552.0,27575.0,27500.0,27541.0,6685
2017-08-24 12:00:00+00:00,27550.0,27599.0,27550.0,27595.0,2552
2017-08-24 16:00:00+00:00,27595.0,27631.0,27538.0,27546.0,6483
2017-08-25 04:00:00+00:00,27592.0,27739.0,27449.0,27714.0,13442
2017-08-25 08:00:00+00:00,27717.0,27934.0,27715.0,27934.0,9278
2017-08-25 12:00:00+00:00,27913.0,28046.0,27894.0,28000.0,5710
2017-08-25 16:00:00+00:00,28001.0,28037.0,27928.0,27950.0,6864
2017-08-28 04:00:00+00:00,27873.0,28080.0,27866.0,28003.0,13500
2017-08-28 08:00:00+00:00,28001.0,28029.0,27833.0,27901.0,9290
2017-08-28 12:00:00+00:00,27895.0,27985.0,27876.0,27984.0,3335
2017-08-28 16:00:00+00:00,27985.0,27994.0,27880.0,27882.0,5231
2017-08-29 04:00:00+00:00,27833.0,27835.0,27671.0,27778.0,11725
2017-08-29 08:00:00+00:00,27759.0,27831.0,27721.0,27733.0,7068
2017-08-29 12:00:00+00:00,27715.0,27784.0,27694.0,27734.0,3558
2017-08-29 16:00:00+00:00,27733.0,27861.0,27705.0,27859.0,4565
2017-08-30 04:00:00+00:00,27896.0,28003.0,27875.0,27976.0,10490
2017-08-30 08:00:00+00:00,27977.0,28147.0,27966.0,28120.0,8302
2017-08-30 12:00:00+00:00,28094.0,28151.0,28030.0,28053.0,4846
2017-08-30 16:00:00+00:00,28052.0,28081.0,28019.0,28019.0,5921
2017-08-31 04:00:00+00:00,27975.0,28010.0,27894.0,27919.0,11346
2017-08-31 08:00:00+00:00,27916.0,27987.0,27866.0,27981.0,7077
2017-08-31 12:00:00+00:00,27995.0,28004.0,27965.0,27994.0,3897
2017-08-31 16:00:00+00:00,27994.0,28018.0,27973.0,27987.0,5266
2017-09-01 04:00:00+00:00,28019.0,28095.0,27952.0,28059.0,10139
2017-09-01 08:00:00+00:00,28060.0,28069.0,27903.0,27919.0,8261
2017-09-01 12:00:00+00:00,27915.0,28007.0,27905.0,27982.0,4417
2017-09-01 16:00:00+00:00,27983.0,28018.0,27960.0,28005.0,5488
2017-09-04 04:00:00+00:00,27808.0,27871.0,27679.0,27804.0,11856
2017-09-04 08:00:00+00:00,27805.0,27813.0,27624.0,27766.0,9089
2017-09-04 12:00:00+00:00,27762.0,27786.0,27761.0,27765.0,2685
2017-09-04 16:00:00+00:00,27764.0,27830.0,27740.0,27811.0,2669
2017-09-05 04:00:00+00:00,27785.0,27835.0,27707.0,27787.0,11476
2017-09-05 08:00:00+00:00,27805.0,27814.0,27662.0,27746.0,8235
2017-09-05 12:00:00+00:00,27738.0,27770.0,27709.0,27737.0,3936
2017-09-05 16:00:00+00:00,27736.0,27781.0,27675.0,27675.0,7412
2017-09-06 04:00:00+00:00,27645.0,27680.0,27391.0,27464.0,12995
2017-09-06 08:00:00+00:00,27463.0,27636.0,27455.0,27624.0,9060
2017-09-06 12:00:00+00:00,27615.0,27678.0,27582.0,27677.0,4331
2017-09-06 16:00:00+00:00,27678.0,27729.0,27642.0,27686.0,7959
2017-09-07 04:00:00+00:00,27754.0,27811.0,27595.0,27620.0,11343
2017-09-07 08:00:00+00:00,27622.0,27628.0,27457.0,27507.0,11343
2017-09-07 12:00:00+00:00,27512.0,27613.0,27512.0,27603.0,5290
2017-09-07 16:00:00+00:00,27604.0,27623.0,27540.0,27608.0,6659
2017-09-08 04:00:00+00:00,27567.0,27689.0,27545.0,27670.0,11054
2017-09-08 08:00:00+00:00,27683.0,27725.0,27606.0,27716.0,8258
2017-09-08 12:00:00+00:00,27697.0,27793.0,27697.0,27769.0,5015
2017-09-08 16:00:00+00:00,27770.0,27775.0,27676.0,27695.0,5986
2017-09-11 04:00:00+00:00,27793.0,28008.0,27790.0,27933.0,11043
2017-09-11 08:00:00+00:00,27931.0,27983.0,27902.0,27939.0,6971
2017-09-11 12:00:00+00:00,27951.0,27964.0,27913.0,27924.0,3196
2017-09-11 16:00:00+00:00,27923.0,28019.0,27902.0,28010.0,5002
2017-09-12 04:00:00+00:00,27998.0,28026.0,27849.0,27938.0,10377
2017-09-12 08:00:00+00:00,27935.0,27982.0,27908.0,27937.0,6429
2017-09-12 12:00:00+00:00,27933.0,27956.0,27931.0,27936.0,2465
2017-09-12 16:00:00+00:00,27937.0,27979.0,27931.0,27970.0,4522
2017-09-13 04:00:00+00:00,27976.0,27989.0,27719.0,27891.0,11615
2017-09-13 08:00:00+00:00,27892.0,27915.0,27862.0,27881.0,5980
2017-09-13 12:00:00+00:00,27873.0,27885.0,27851.0,27874.0,2220
2017-09-13 16:00:00+00:00,27875.0,27882.0,27791.0,27808.0,4609
2017-09-14 04:00:00+00:00,27822.0,27887.0,27739.0,27764.0,10717
2017-09-14 08:00:00+00:00,27763.0,27826.0,27687.0,27800.0,6812
2017-09-14 12:00:00+00:00,27793.0,27802.0,27724.0,27739.0,4270
2017-09-14 16:00:00+00:00,27738.0,27811.0,27727.0,27775.0,4760
2017-09-15 04:00:00+00:00,27741.0,27938.0,27478.0,27886.0,14934
2017-09-15 08:00:00+00:00,27885.0,27914.0,27742.0,27806.0,10619
2017-09-15 12:00:00+00:00,27806.0,27826.0,27777.0,27793.0,3980
2017-09-15 16:00:00+00:00,27792.0,27852.0,27777.0,27848.0,4558
2017-09-18 04:00:00+00:00,27955.0,28139.0,27919.0,28099.0,11641
2017-09-18 08:00:00+00:00,28103.0,28188.0,28085.0,28182.0,7186
2017-09-18 12:00:00+00:00,28181.0,28184.0,28142.0,28160.0,2684
2017-09-18 16:00:00+00:00,28161.0,28182.0,28143.0,28154.0,4079
2017-09-19 04:00:00+00:00,28156.0,28242.0,28059.0,28149.0,11970
2017-09-19 08:00:00+00:00,28152.0,28186.0,28033.0,28053.0,7965
2017-09-19 12:00:00+00:00,28059.0,28094.0,28054.0,28069.0,2863
2017-09-19 16:00:00+00:00,28068.0,28095.0,28041.0,28052.0,4338
2017-09-20 04:00:00+00:00,28064.0,28146.0,28014.0,28117.0,10585
2017-09-20 08:00:00+00:00,28116.0,28151.0,28101.0,28148.0,4983
2017-09-20 12:00:00+00:00,28138.0,28191.0,28130.0,28139.0,2309
2017-09-20 16:00:00+00:00,28139.0,28166.0,28113.0,28113.0,3786
2017-09-21 04:00:00+00:00,28109.0,28192.0,28052.0,28146.0,11203
2017-09-21 08:00:00+00:00,28142.0,28142.0,28073.0,28136.0,6957
2017-09-21 12:00:00+00:00,28137.0,28145.0,28119.0,28140.0,1296
2017-09-21 16:00:00+00:00,28139.0,28143.0,28061.0,28065.0,5546
2017-09-22 04:00:00+00:00,28017.0,28017.0,27822.0,27869.0,11634
2017-09-22 08:00:00+00:00,27870.0,27910.0,27787.0,27801.0,6308
2017-09-22 12:00:00+00:00,27809.0,27847.0,27805.0,27834.0,3264
2017-09-22 16:00:00+00:00,27833.0,27856.0,27786.0,27825.0,4753
2017-09-25 04:00:00+00:00,27898.0,27904.0,27528.0,27582.0,14488
2017-09-25 08:00:00+00:00,27581.0,27614.0,27480.0,27493.0,8490
2017-09-25 12:00:00+00:00,27488.0,27526.0,27461.0,27478.0,3151
2017-09-25 16:00:00+00:00,27477.0,27533.0,27360.0,27384.0,8968
2017-09-26 04:00:00+00:00,27375.0,27568.0,27303.0,27513.0,11752
2017-09-26 08:00:00+00:00,27504.0,27593.0,27436.0,27578.0,7755
2017-09-26 12:00:00+00:00,27579.0,27595.0,27565.0,27585.0,3041
2017-09-26 16:00:00+00:00,27583.0,27614.0,27502.0,27510.0,6804
2017-09-27 04:00:00+00:00,27483.0,27685.0,27456.0,27640.0,9782
2017-09-27 08:00:00+00:00,27639.0,27686.0,27610.0,27653.0,5889
2017-09-27 12:00:00+00:00,27647.0,27659.0,27607.0,27624.0,3465
2017-09-27 16:00:00+00:00,27624.0,27634.0,27471.0,27508.0,6895
2017-09-28 04:00:00+00:00,27577.0,27658.0,27480.0,27541.0,8907
2017-09-28 08:00:00+00:00,27542.0,27578.0,27311.0,27320.0,5801
2017-09-28 12:00:00+00:00,27352.0,27381.0,27279.0,27341.0,4840
2017-09-28 16:00:00+00:00,27341.0,27440.0,27297.0,27431.0,9119
2017-09-29 04:00:00+00:00,27495.0,27539.0,27375.0,27498.0,10772
2017-09-29 08:00:00+00:00,27496.0,27584.0,27465.0,27556.0,6242
2017-09-29 12:00:00+00:00,27558.0,27562.0,27530.0,27548.0,3082
2017-09-29 16:00:00+00:00,27549.0,27631.0,27523.0,27604.0,4323
2017-10-03 04:00:00+00:00,27822.0,28028.0,27731.0,27987.0,9988
2017-10-03 08:00:00+00:00,27991.0,28190.0,27990.0,28188.0,8849
2017-10-03 12:00:00+00:00,28183.0,28213.0,28181.0,28200.0,1880
2017-10-03 16:00:00+00:00,28201.0,28282.0,28183.0,28267.0,4500
2017-10-04 04:00:00+00:00,28228.0,28553.0,28228.0,28388.0,12499
2017-10-04 08:00:00+00:00,28387.0,28399.0,28337.0,28360.0,5745
2017-10-04 12:00:00+00:00,28343.0,28365.0,28300.0,28327.0,3283
2017-10-04 16:00:00+00:00,28327.0,28360.0,28309.0,28356.0,3637
2017-10-06 04:00:00+00:00,28619.0,28642.0,28438.0,28474.0,10412
2017-10-06 08:00:00+00:00,28477.0,28488.0,28396.0,28444.0,5901
2017-10-06 12:00:00+00:00,28435.0,28484.0,28332.0,28343.0,3376
2017-10-06 16:00:00+00:00,28342.0,28398.0,28312.0,28356.0,5316
2017-10-09 04:00:00+00:00,28427.0,28482.0,28281.0,28359.0,13254
2017-10-09 08:00:00+00:00,28357.0,28368.0,28267.0,28359.0,7427
2017-10-09 12:00:00+00:00,28351.0,28354.0,28315.0,28330.0,2215
2017-10-09 16:00:00+00:00,28329.0,28351.0,28292.0,28335.0,3288
2017-10-10 04:00:00+00:00,28335.0,28391.0,28254.0,28342.0,10155
2017-10-10 08:00:00+00:00,28344.0,28475.0,28337.0,28440.0,6850
2017-10-10 12:00:00+00:00,28443.0,28528.0,28434.0,28515.0,2720
2017-10-10 16:00:00+00:00,28514.0,28548.0,28467.0,28511.0,4668
2017-10-11 04:00:00+00:00,28589.0,28610.0,28434.0,28488.0,10566
2017-10-11 08:00:00+00:00,28489.0,28513.0,28290.0,28328.0,7588
2017-10-11 12:00:00+00:00,28317.0,28334.0,28240.0,28304.0,3785
2017-10-11 16:00:00+00:00,28304.0,28401.0,28291.0,28390.0,4993
2017-10-12 04:00:00+00:00,28422.0,28459.0,28350.0,28447.0,9098
2017-10-12 08:00:00+00:00,28443.0,28522.0,28401.0,28420.0,6345
2017-10-12 12:00:00+00:00,28409.0,28441.0,28383.0,28388.0,2745
2017-10-12 16:00:00+00:00,28389.0,28439.0,28383.0,28420.0,3563
2017-10-13 04:00:00+00:00,28387.0,28458.0,28337.0,28456.0,8968
2017-10-13 08:00:00+00:00,28458.0,28502.0,28425.0,28449.0,5444
2017-10-13 12:00:00+00:00,28460.0,28556.0,28456.0,28537.0,2992
2017-10-13 16:00:00+00:00,28539.0,28599.0,28531.0,28594.0,3886
2017-10-16 04:00:00+00:00,28645.0,28800.0,28595.0,28721.0,9166
2017-10-16 08:00:00+00:00,28723.0,28765.0,28643.0,28697.0,5892
2017-10-16 12:00:00+00:00,28694.0,28707.0,28668.0,28701.0,1911
2017-10-16 16:00:00+00:00,28701.0,28727.0,28665.0,28700.0,3536
2017-10-17 04:00:00+00:00,28720.0,28743.0,28614.0,28729.0,8902
2017-10-17 08:00:00+00:00,28725.0,28737.0,28671.0,28707.0,4836
2017-10-17 12:00:00+00:00,28709.0,28720.0,28691.0,28699.0,1410
2017-10-17 16:00:00+00:00,28698.0,28707.0,28615.0,28633.0,3267
2017-10-18 04:00:00+00:00,28660.0,28728.0,28628.0,28695.0,8366
2017-10-18 08:00:00+00:00,28694.0,28702.0,28654.0,28672.0,4539
2017-10-18 12:00:00+00:00,28673.0,28724.0,28673.0,28718.0,1938
2017-10-18 16:00:00+00:00,28717.0,28746.0,28709.0,28745.0,3105
2017-10-19 04:00:00+00:00,28746.0,28770.0,28644.0,28661.0,8210
2017-10-19 08:00:00+00:00,28663.0,28673.0,28068.0,28234.0,14180
2017-10-19 12:00:00+00:00,28247.0,28318.0,28203.0,28230.0,6726
2017-10-19 16:00:00+00:00,28229.0,28300.0,28188.0,28294.0,6593
2017-10-20 04:00:00+00:00,28376.0,28456.0,28331.0,28429.0,10893
2017-10-20 08:00:00+00:00,28430.0,28521.0,28397.0,28411.0,6871
2017-10-20 12:00:00+00:00,28400.0,28450.0,28382.0,28423.0,3354
2017-10-20 16:00:00+00:00,28422.0,28459.0,28393.0,28434.0,4428
2017-10-23 04:00:00+00:00,28535.0,28540.0,28205.0,28282.0,12364
2017-10-23 08:00:00+00:00,28281.0,28379.0,28249.0,28345.0,6684
2017-10-23 12:00:00+00:00,28342.0,28383.0,28341.0,28359.0,2576
2017-10-23 16:00:00+00:00,28360.0,28365.0,28261.0,28264.0,3487
2017-10-24 04:00:00+00:00,28258.0,28354.0,28208.0,28309.0,9522
2017-10-24 08:00:00+00:00,28308.0,28317.0,28088.0,28174.0,9832
2017-10-24 12:00:00+00:00,28180.0,28220.0,28161.0,28206.0,3101
2017-10-24 16:00:00+00:00,28206.0,28317.0,28171.0,28313.0,4924
2017-10-25 04:00:00+00:00,28270.0,28363.0,28240.0,28328.0,8371
2017-10-25 08:00:00+00:00,28326.0,28326.0,28168.0,28284.0,8571
2017-10-25 12:00:00+00:00,28273.0,28295.0,28250.0,28268.0,3030
2017-10-25 16:00:00+00:00,28268.0,28298.0,28030.0,28068.0,7843
2017-10-26 04:00:00+00:00,28122.0,28289.0,28078.0,28240.0,9212
2017-10-26 08:00:00+00:00,28235.0,28295.0,28153.0,28269.0,7914
2017-10-26 12:00:00+00:00,28261.0,28337.0,28250.0,28301.0,5166
2017-10-26 16:00:00+00:00,28302.0,28366.0,28255.0,28337.0,7125
2017-10-27 04:00:00+00:00,28321.0,28488.0,28288.0,28441.0,9381
2017-10-27 08:00:00+00:00,28443.0,28456.0,28311.0,28435.0,9922
2017-10-27 12:00:00+00:00,28436.0,28462.0,28414.0,28438.0,2935
2017-10-27 16:00:00+00:00,28439.0,28537.0,28349.0,28531.0,5737
2017-10-30 04:00:00+00:00,28554.0,28625.0,28322.0,28431.0,12544
2017-10-30 08:00:00+00:00,28432.0,28445.0,28267.0,28298.0,10131
2017-10-30 12:00:00+00:00,28293.0,28321.0,28215.0,28241.0,3996
2017-10-30 16:00:00+00:00,28241.0,28308.0,28204.0,28217.0,5538
2017-10-31 04:00:00+00:00,28233.0,28297.0,28176.0,28283.0,9425
2017-10-31 08:00:00+00:00,28285.0,28367.0,28219.0,28227.0,6604
2017-10-31 12:00:00+00:00,28237.0,28269.0,28198.0,28250.0,2754
2017-10-31 16:00:00+00:00,28249.0,28293.0,28227.0,28280.0,3495
2017-11-01 04:00:00+00:00,28371.0,28427.0,28306.0,28391.0,9749
2017-11-01 08:00:00+00:00,28398.0,28649.0,28371.0,28609.0,8572
2017-11-01 12:00:00+00:00,28605.0,28671.0,28605.0,28646.0,3100
2017-11-01 16:00:00+00:00,28646.0,28670.0,28601.0,28601.0,5335
2017-11-02 04:00:00+00:00,28565.0,28648.0,28478.0,28544.0,11532
2017-11-02 08:00:00+00:00,28546.0,28606.0,28517.0,28583.0,7260
2017-11-02 12:00:00+00:00,28561.0,28569.0,28525.0,28566.0,3227
2017-11-02 16:00:00+00:00,28566.0,28580.0,28502.0,28520.0,6652
2017-11-03 04:00:00+00:00,28619.0,28646.0,28525.0,28600.0,9378
2017-11-03 08:00:00+00:00,28601.0,28640.0,28556.0,28601.0,5890
2017-11-03 12:00:00+00:00,28592.0,28618.0,28582.0,28596.0,2383
2017-11-03 16:00:00+00:00,28596.0,28609.0,28519.0,28541.0,5384
2017-11-06 00:00:00+00:00,28598.0,28601.0,28209.0,28242.0,5475
2017-11-06 04:00:00+00:00,28241.0,28491.0,28123.0,28471.0,12451
2017-11-06 08:00:00+00:00,28472.0,28668.0,28472.0,28596.0,9003
2017-11-06 12:00:00+00:00,28597.0,28629.0,28590.0,28615.0,2627
2017-11-06 16:00:00+00:00,28614.0,28679.0,28608.0,28662.0,2338
2017-11-07 00:00:00+00:00,28662.0,28900.0,28662.0,28861.0,4537
2017-11-07 04:00:00+00:00,28862.0,29032.0,28846.0,29004.0,9326
2017-11-07 08:00:00+00:00,29005.0,29038.0,28937.0,28966.0,6265
2017-11-07 12:00:00+00:00,28965.0,28965.0,28937.0,28959.0,2396
2017-11-07 16:00:00+00:00,28960.0,28982.0,28891.0,28928.0,3351
2017-11-08 00:00:00+00:00,28928.0,28980.0,28878.0,28959.0,4377
2017-11-08 04:00:00+00:00,28958.0,29143.0,28939.0,29000.0,11871
2017-11-08 08:00:00+00:00,29001.0,29026.0,28908.0,28940.0,7425
2017-11-08 12:00:00+00:00,28940.0,28966.0,28921.0,28953.0,2586
2017-11-08 16:00:00+00:00,28954.0,28957.0,28885.0,28904.0,3098
2017-11-09 00:00:00+00:00,28978.0,29120.0,28972.0,29084.0,4485
2017-11-09 04:00:00+00:00,29086.0,29170.0,28981.0,29056.0,11043
2017-11-09 08:00:00+00:00,29057.0,29199.0,29048.0,29128.0,7421
2017-11-09 12:00:00+00:00,29128.0,29134.0,28976.0,29010.0,6219
2017-11-09 16:00:00+00:00,29009.0,29072.0,28965.0,28975.0,6007
2017-11-10 00:00:00+00:00,28975.0,29142.0,28975.0,29097.0,4524
2017-11-10 04:00:00+00:00,29096.0,29219.0,29038.0,29190.0,9876
2017-11-10 08:00:00+00:00,29189.0,29189.0,29062.0,29070.0,8191
2017-11-10 12:00:00+00:00,29072.0,29126.0,29056.0,29114.0,3360
2017-11-10 16:00:00+00:00,29113.0,29122.0,29056.0,29082.0,5033
2017-11-13 00:00:00+00:00,29069.0,29234.0,29012.0,29203.0,4883
2017-11-13 04:00:00+00:00,29202.0,29216.0,29134.0,29179.0,7605
2017-11-13 08:00:00+00:00,29178.0,29261.0,29163.0,29187.0,5587
2017-11-13 12:00:00+00:00,29188.0,29192.0,29125.0,29137.0,3931
2017-11-13 16:00:00+00:00,29136.0,29221.0,29117.0,29205.0,4676
2017-11-14 00:00:00+00:00,29205.0,29310.0,29205.0,29238.0,3997
2017-11-14 04:00:00+00:00,29237.0,29244.0,29168.0,29188.0,8494
2017-11-14 08:00:00+00:00,29189.0,29207.0,29162.0,29190.0,4692
2017-11-14 12:00:00+00:00,29190.0,29191.0,29170.0,29172.0,2460
2017-11-14 16:00:00+00:00,29171.0,29180.0,29127.0,29132.0,4599
2017-11-15 00:00:00+00:00,29132.0,29132.0,28992.0,29045.0,4897
2017-11-15 04:00:00+00:00,29046.0,29064.0,28881.0,28956.0,9804
2017-11-15 08:00:00+00:00,28957.0,28971.0,28867.0,28923.0,6774
2017-11-15 12:00:00+00:00,28922.0,28939.0,28888.0,28929.0,4542
2017-11-15 16:00:00+00:00,28928.0,28999.0,28862.0,28999.0,6107
2017-11-16 00:00:00+00:00,28999.0,29017.0,28890.0,28930.0,4249
2017-11-16 04:00:00+00:00,28929.0,29038.0,28911.0,29030.0,7418
2017-11-16 08:00:00+00:00,29029.0,29146.0,29011.0,29127.0,6324
2017-11-16 12:00:00+00:00,29128.0,29154.0,29120.0,29141.0,2734
2017-11-16 16:00:00+00:00,29141.0,29245.0,29141.0,29245.0,3554
2017-11-17 00:00:00+00:00,29245.0,29329.0,29211.0,29269.0,4633
2017-11-17 04:00:00+00:00,29268.0,29274.0,29162.0,29249.0,9076
2017-11-17 08:00:00+00:00,29248.0,29261.0,29155.0,29157.0,6427
2017-11-17 12:00:00+00:00,29159.0,29178.0,29138.0,29158.0,2811
2017-11-17 16:00:00+00:00,29160.0,29185.0,29148.0,29164.0,3207
2017-11-20 00:00:00+00:00,29172.0,29257.0,29146.0,29152.0,4682
2017-11-20 04:00:00+00:00,29153.0,29200.0,29082.0,29195.0,8328
2017-11-20 08:00:00+00:00,29196.0,29249.0,29185.0,29239.0,6067
2017-11-20 12:00:00+00:00,29239.0,29265.0,29237.0,29258.0,2287
2017-11-20 16:00:00+00:00,29257.0,29373.0,29252.0,29370.0,2552
2017-11-21 00:00:00+00:00,29370.0,29485.0,29305.0,29444.0,5024
2017-11-21 04:00:00+00:00,29445.0,29757.0,29445.0,29668.0,11946
2017-11-21 08:00:00+00:00,29667.0,31178.0,29551.0,30025.0,11640
2017-11-21 12:00:00+00:00,30026.0,30237.0,30024.0,30114.0,6620
2017-11-21 16:00:00+00:00,30113.0,30157.0,30087.0,30130.0,3601
2017-11-22 00:00:00+00:00,30130.0,30237.0,30044.0,30071.0,6358
2017-11-22 04:00:00+00:00,30074.0,30218.0,29994.0,30018.0,11624
2017-11-22 08:00:00+00:00,30017.0,30094.0,29933.0,30057.0,9437
2017-11-22 12:00:00+00:00,30057.0,30082.0,30027.0,30079.0,3288
2017-11-22 16:00:00+00:00,30079.0,30081.0,30015.0,30030.0,2550
2017-11-23 00:00:00+00:00,30030.0,30102.0,29984.0,30063.0,5075
2017-11-23 04:00:00+00:00,30062.0,30161.0,29995.0,30032.0,11401
2017-11-23 08:00:00+00:00,30033.0,30039.0,29593.0,29860.0,14111
2017-11-23 12:00:00+00:00,29858.0,29925.0,29825.0,29876.0,4889
2017-11-23 16:00:00+00:00,29876.0,29878.0,29836.0,29865.0,1832
2017-11-24 00:00:00+00:00,29865.0,29944.0,29770.0,29831.0,6241
2017-11-24 04:00:00+00:00,29832.0,29878.0,29723.0,29852.0,13591
2017-11-24 08:00:00+00:00,29851.0,29898.0,29827.0,29875.0,7730
2017-11-24 12:00:00+00:00,29876.0,30008.0,29872.0,29980.0,4443
2017-11-24 16:00:00+00:00,29982.0,30005.0,29958.0,29996.0,2160
2017-11-27 00:00:00+00:00,29908.0,29919.0,29659.0,29731.0,6310
2017-11-27 04:00:00+00:00,29729.0,29756.0,29607.0,29677.0,11742
2017-11-27 08:00:00+00:00,29676.0,29817.0,29630.0,29803.0,8489
2017-11-27 12:00:00+00:00,29803.0,29840.0,29746.0,29790.0,3886
2017-11-27 16:00:00+00:00,29789.0,29803.0,29692.0,29707.0,3356
2017-11-28 00:00:00+00:00,29707.0,29707.0,29504.0,29606.0,5523
2017-11-28 04:00:00+00:00,29607.0,29620.0,29340.0,29499.0,11685
2017-11-28 08:00:00+00:00,29500.0,29668.0,29452.0,29635.0,8262
2017-11-28 12:00:00+00:00,29637.0,29706.0,29614.0,29677.0,4130
2017-11-28 16:00:00+00:00,29676.0,29727.0,29636.0,29717.0,3375
2017-11-29 00:00:00+00:00,29717.0,29764.0,29570.0,29592.0,6045
2017-11-29 04:00:00+00:00,29593.0,29689.0,29547.0,29681.0,13149
2017-11-29 08:00:00+00:00,29680.0,29708.0,29591.0,29603.0,8016
2017-11-29 12:00:00+00:00,29603.0,29644.0,29581.0,29620.0,3823
2017-11-29 16:00:00+00:00,29620.0,29627.0,29385.0,29406.0,8337
2017-11-30 00:00:00+00:00,29406.0,29434.0,29141.0,29291.0,6295
2017-11-30 04:00:00+00:00,29293.0,29351.0,29186.0,29200.0,12673
2017-11-30 08:00:00+00:00,29198.0,29330.0,29084.0,29292.0,11673
2017-11-30 12:00:00+00:00,29295.0,29359.0,29295.0,29338.0,4706
2017-11-30 16:00:00+00:00,29339.0,29382.0,29290.0,29310.0,7313
2017-12-01 00:00:00+00:00,29310.0,29329.0,28995.0,29166.0,6769
2017-12-01 04:00:00+00:00,29167.0,29321.0,29079.0,29108.0,15285
2017-12-01 08:00:00+00:00,29109.0,29178.0,28950.0,28964.0,11972
2017-12-01 12:00:00+00:00,28965.0,29011.0,28851.0,28973.0,7764
2017-12-01 16:00:00+00:00,28972.0,29069.0,28749.0,28789.0,11116
2017-12-04 00:00:00+00:00,29086.0,29107.0,28769.0,29100.0,7694
2017-12-04 04:00:00+00:00,29101.0,29324.0,29065.0,29226.0,14132
2017-12-04 08:00:00+00:00,29227.0,29302.0,29125.0,29134.0,9799
2017-12-04 12:00:00+00:00,29133.0,29188.0,29131.0,29173.0,4031
2017-12-04 16:00:00+00:00,29173.0,29219.0,28976.0,29047.0,8732
2017-12-05 00:00:00+00:00,29047.0,29121.0,28853.0,29080.0,6364
2017-12-05 04:00:00+00:00,29081.0,29139.0,28981.0,28997.0,12301
2017-12-05 08:00:00+00:00,28996.0,29000.0,28801.0,28821.0,9835
2017-12-05 12:00:00+00:00,28820.0,28836.0,28745.0,28823.0,7235
2017-12-05 16:00:00+00:00,28822.0,28974.0,28797.0,28939.0,9541
2017-12-06 00:00:00+00:00,28939.0,28939.0,28778.0,28874.0,6799
2017-12-06 04:00:00+00:00,28873.0,28883.0,28246.0,28307.0,20823
2017-12-06 08:00:00+00:00,28308.0,28454.0,28127.0,28208.0,16654
2017-12-06 12:00:00+00:00,28208.0,28253.0,28154.0,28245.0,7246
2017-12-06 16:00:00+00:00,28242.0,28269.0,28131.0,28241.0,11530
2017-12-07 00:00:00+00:00,28241.0,28438.0,28241.0,28356.0,5503
2017-12-07 04:00:00+00:00,28354.0,28423.0,28110.0,28348.0,16825
2017-12-07 08:00:00+00:00,28349.0,28373.0,28199.0,28357.0,11940
2017-12-07 12:00:00+00:00,28358.0,28363.0,28230.0,28267.0,7369
2017-12-07 16:00:00+00:00,28267.0,28417.0,28206.0,28408.0,9640
2017-12-08 00:00:00+00:00,28408.0,28463.0,28313.0,28443.0,6391
2017-12-08 04:00:00+00:00,28444.0,28614.0,28393.0,28572.0,13185
2017-12-08 08:00:00+00:00,28571.0,28715.0,28568.0,28651.0,9519
2017-12-08 12:00:00+00:00,28652.0,28718.0,28619.0,28710.0,5481
2017-12-08 16:00:00+00:00,28711.0,28715.0,28617.0,28657.0,6140
2017-12-11 00:00:00+00:00,28608.0,28787.0,28589.0,28760.0,5848
2017-12-11 04:00:00+00:00,28761.0,28848.0,28661.0,28839.0,12261
2017-12-11 08:00:00+00:00,28841.0,28990.0,28817.0,28928.0,9764
2017-12-11 12:00:00+00:00,28927.0,28952.0,28898.0,28918.0,4809
2017-12-11 16:00:00+00:00,28918.0,28978.0,28910.0,28946.0,5470
2017-12-12 00:00:00+00:00,28972.0,29054.0,28907.0,28976.0,5656
2017-12-12 04:00:00+00:00,28977.0,29017.0,28778.0,28851.0,14011
2017-12-12 08:00:00+00:00,28850.0,28909.0,28739.0,28824.0,9662
2017-12-12 12:00:00+00:00,28825.0,28832.0,28797.0,28819.0,3023
2017-12-12 16:00:00+00:00,28820.0,28820.0,28725.0,28755.0,5517
2017-12-13 00:00:00+00:00,28755.0,28876.0,28736.0,28766.0,6278
2017-12-13 04:00:00+00:00,28767.0,29140.0,28767.0,29088.0,14311
2017-12-13 08:00:00+00:00,29087.0,29296.0,29066.0,29175.0,11575
2017-12-13 12:00:00+00:00,29175.0,29248.0,29172.0,29240.0,4257
2017-12-13 16:00:00+00:00,29239.0,29336.0,29222.0,29320.0,5752
2017-12-14 00:00:00+00:00,29320.0,29419.0,29168.0,29182.0,6706
2017-12-14 04:00:00+00:00,29179.0,29267.0,29037.0,29072.0,15376
2017-12-14 08:00:00+00:00,29071.0,29203.0,29044.0,29171.0,9096
2017-12-14 12:00:00+00:00,29171.0,29180.0,29095.0,29131.0,6170
2017-12-14 16:00:00+00:00,29131.0,29167.0,29064.0,29086.0,6072
2017-12-15 00:00:00+00:00,29024.0,29036.0,28898.0,28924.0,5865
2017-12-15 04:00:00+00:00,28923.0,28939.0,28791.0,28840.0,13550
2017-12-15 08:00:00+00:00,28839.0,28956.0,28730.0,28756.0,12369
2017-12-15 12:00:00+00:00,28756.0,28891.0,28735.0,28875.0,7151
2017-12-15 16:00:00+00:00,28874.0,28933.0,28820.0,28922.0,7863
2017-12-18 00:00:00+00:00,28922.0,29043.0,28844.0,29032.0,6732
2017-12-18 04:00:00+00:00,29031.0,29092.0,28892.0,29049.0,14496
2017-12-18 08:00:00+00:00,29048.0,29152.0,29004.0,29118.0,9601
2017-12-18 12:00:00+00:00,29117.0,29150.0,29094.0,29122.0,3774
2017-12-18 16:00:00+00:00,29123.0,29275.0,29121.0,29265.0,5309
2017-12-19 00:00:00+00:00,29265.0,29265.0,29152.0,29263.0,5752
2017-12-19 04:00:00+00:00,29264.0,29356.0,29194.0,29287.0,12274
2017-12-19 08:00:00+00:00,29285.0,29330.0,29179.0,29209.0,8481
2017-12-19 12:00:00+00:00,29210.0,29213.0,29175.0,29183.0,3431
2017-12-19 16:00:00+00:00,29183.0,29193.0,29055.0,29057.0,6867
2017-12-20 00:00:00+00:00,29057.0,29269.0,29057.0,29218.0,5580
2017-12-20 04:00:00+00:00,29215.0,29300.0,29177.0,29236.0,10750
2017-12-20 08:00:00+00:00,29234.0,29308.0,29157.0,29251.0,7477
2017-12-20 12:00:00+00:00,29251.0,29286.0,29235.0,29283.0,4117
2017-12-20 16:00:00+00:00,29284.0,29286.0,29159.0,29215.0,8292
2017-12-21 00:00:00+00:00,29215.0,29232.0,29103.0,29193.0,5513
2017-12-21 04:00:00+00:00,29192.0,29414.0,29178.0,29395.0,12225
2017-12-21 08:00:00+00:00,29394.0,29428.0,29307.0,29349.0,8343
2017-12-21 12:00:00+00:00,29349.0,29407.0,29329.0,29402.0,4738
2017-12-21 16:00:00+00:00,29401.0,29525.0,29387.0,29516.0,6635
2017-12-22 00:00:00+00:00,29494.0,29539.0,29435.0,29458.0,4879
2017-12-22 04:00:00+00:00,29457.0,29492.0,29401.0,29470.0,9647
2017-12-22 08:00:00+00:00,29471.0,29596.0,29433.0,29571.0,6638
2017-12-22 12:00:00+00:00,29571.0,29597.0,29543.0,29558.0,3137
2017-12-22 16:00:00+00:00,29559.0,29616.0,29535.0,29598.0,5366
2017-12-27 00:00:00+00:00,29598.0,29709.0,29548.0,29553.0,4931
2017-12-27 04:00:00+00:00,29554.0,29649.0,29549.0,29621.0,9875
2017-12-27 08:00:00+00:00,29622.0,29656.0,29522.0,29634.0,7863
2017-12-27 12:00:00+00:00,29635.0,29664.0,29581.0,29644.0,3790
2017-12-27 16:00:00+00:00,29646.0,29672.0,29632.0,29654.0,2415
2017-12-28 00:00:00+00:00,29654.0,29672.0,29612.0,29638.0,4143
2017-12-28 04:00:00+00:00,29637.0,29807.0,29631.0,29790.0,8321
2017-12-28 08:00:00+00:00,29789.0,29885.0,29763.0,29862.0,6058
2017-12-28 12:00:00+00:00,29861.0,29862.0,29809.0,29852.0,3704
2017-12-28 16:00:00+00:00,29850.0,29853.0,29813.0,29822.0,3293
2017-12-29 00:00:00+00:00,29822.0,29903.0,29798.0,29864.0,3994
2017-12-29 04:00:00+00:00,29865.0,29972.0,29844.0,29916.0,8751
2017-12-29 08:00:00+00:00,29915.0,29947.0,29866.0,29910.0,5563
2017-12-29 12:00:00+00:00,29911.0,29935.0,29898.0,29928.0,2959
2017-12-29 16:00:00+00:00,29929.0,29940.0,29891.0,29938.0,3403
2018-01-02 00:00:00+00:00,29938.0,30347.0,29938.0,30321.0,6583
2018-01-02 04:00:00+00:00,30322.0,30476.0,30289.0,30438.0,12460
2018-01-02 08:00:00+00:00,30439.0,30510.0,30431.0,30452.0,6779
2018-01-02 12:00:00+00:00,30452.0,30504.0,30445.0,30487.0,3898
2018-01-02 16:00:00+00:00,30485.0,30535.0,30455.0,30471.0,5392
2018-01-03 00:00:00+00:00,30471.0,30654.0,30471.0,30594.0,5561
2018-01-03 04:00:00+00:00,30593.0,30695.0,30477.0,30529.0,12324
2018-01-03 08:00:00+00:00,30530.0,30593.0,30482.0,30588.0,8727
2018-01-03 12:00:00+00:00,30588.0,30619.0,30578.0,30592.0,3357
2018-01-03 16:00:00+00:00,30594.0,30695.0,30576.0,30681.0,5309
2018-01-04 00:00:00+00:00,30681.0,30702.0,30573.0,30574.0,4819
2018-01-04 04:00:00+00:00,30573.0,30760.0,30557.0,30743.0,12229
2018-01-04 08:00:00+00:00,30744.0,30758.0,30667.0,30744.0,8488
2018-01-04 12:00:00+00:00,30743.0,30786.0,30730.0,30782.0,3045
2018-01-04 16:00:00+00:00,30783.0,30872.0,30771.0,30846.0,5755
2018-01-05 00:00:00+00:00,30869.0,30891.0,30805.0,30819.0,4601
2018-01-05 04:00:00+00:00,30822.0,30823.0,30675.0,30727.0,11578
2018-01-05 08:00:00+00:00,30728.0,30791.0,30694.0,30768.0,7148
2018-01-05 12:00:00+00:00,30768.0,30846.0,30768.0,30817.0,5019
2018-01-05 16:00:00+00:00,30817.0,30879.0,30797.0,30869.0,5597
2018-01-08 00:00:00+00:00,30869.0,30923.0,30750.0,30772.0,5730
2018-01-08 04:00:00+00:00,30773.0,30819.0,30709.0,30795.0,12086
2018-01-08 08:00:00+00:00,30794.0,30897.0,30763.0,30856.0,8367
2018-01-08 12:00:00+00:00,30858.0,30876.0,30716.0,30797.0,5590
2018-01-08 16:00:00+00:00,30798.0,30897.0,30783.0,30863.0,5631
2018-01-09 00:00:00+00:00,30863.0,30998.0,30831.0,30908.0,6050
2018-01-09 04:00:00+00:00,30907.0,31053.0,30896.0,30980.0,11332
2018-01-09 08:00:00+00:00,30981.0,31034.0,30953.0,30975.0,6802
2018-01-09 12:00:00+00:00,30976.0,30997.0,30945.0,30987.0,3455
2018-01-09 16:00:00+00:00,30986.0,31001.0,30929.0,30997.0,6607
2018-01-10 00:00:00+00:00,30997.0,31016.0,30938.0,30968.0,5400
2018-01-10 04:00:00+00:00,30969.0,31284.0,30959.0,31079.0,14994
2018-01-10 08:00:00+00:00,31078.0,31195.0,31000.2,31048.7,16231
2018-01-10 12:00:00+00:00,31048.7,31056.4,30960.7,30998.7,20040
2018-01-10 16:00:00+00:00,30998.8,31052.1,30973.2,31018.2,14059
2018-01-11 00:00:00+00:00,31060.3,31112.7,31009.0,31087.6,14221
2018-01-11 04:00:00+00:00,31087.0,31090.1,30962.0,31081.4,42346
2018-01-11 08:00:00+00:00,31081.9,31123.1,31037.7,31080.5,27919
2018-01-11 12:00:00+00:00,31080.7,31104.0,31060.0,31082.0,11574
2018-01-11 16:00:00+00:00,31081.0,31154.4,31072.5,31129.0,10287
2018-01-12 00:00:00+00:00,31129.0,31370.3,31129.0,31309.0,15178
2018-01-12 04:00:00+00:00,31311.2,31324.8,31177.6,31237.6,41924
2018-01-12 08:00:00+00:00,31237.3,31398.0,31232.8,31371.6,35075
2018-01-12 12:00:00+00:00,31371.1,31449.9,31361.6,31377.1,14369
2018-01-12 16:00:00+00:00,31377.6,31501.5,31363.1,31482.6,13737
2018-01-15 00:00:00+00:00,31482.6,31680.7,31482.6,31608.5,15068
2018-01-15 04:00:00+00:00,31608.2,31704.5,31546.7,31620.5,43738
2018-01-15 08:00:00+00:00,31620.5,31641.4,31266.0,31355.5,45574
2018-01-15 12:00:00+00:00,31356.1,31388.9,31328.5,31354.3,16576
2018-01-15 16:00:00+00:00,31354.4,31366.0,31306.0,31308.0,6783
2018-01-16 00:00:00+00:00,31308.0,31534.4,31308.0,31525.6,15130
2018-01-16 04:00:00+00:00,31525.3,31784.5,31510.3,31686.8,49954
2018-01-16 08:00:00+00:00,31688.0,31941.8,31658.6,31880.3,43464
2018-01-16 12:00:00+00:00,31879.8,31920.2,31858.3,31900.8,15867
2018-01-16 16:00:00+00:00,31900.9,31999.1,31893.8,31934.3,14269
2018-01-17 00:00:00+00:00,31934.3,31934.3,31659.9,31742.6,16666
2018-01-17 04:00:00+00:00,31742.7,31880.8,31694.1,31809.9,52893
2018-01-17 08:00:00+00:00,31809.9,31977.2,31754.6,31964.1,39793
2018-01-17 12:00:00+00:00,31964.1,32045.0,31959.1,32026.6,18783
2018-01-17 16:00:00+00:00,32026.1,32065.3,31928.1,32009.1,18029
2018-01-18 00:00:00+00:00,32009.1,32187.9,32009.1,32077.4,16160
2018-01-18 04:00:00+00:00,32076.7,32147.7,31873.4,31917.2,51749
2018-01-18 08:00:00+00:00,31917.3,32143.8,31823.7,32056.9,47344
2018-01-18 12:00:00+00:00,32056.4,32091.0,32046.4,32060.8,16237
2018-01-18 16:00:00+00:00,32058.9,32098.7,31975.9,32002.9,16126
2018-01-19 00:00:00+00:00,32002.9,32129.4,31977.2,32067.2,15641
2018-01-19 04:00:00+00:00,32066.7,32169.1,32012.0,32154.3,48157
2018-01-19 08:00:00+00:00,32154.4,32299.5,32067.2,32271.2,38721
2018-01-19 12:00:00+00:00,32271.2,32290.8,32209.7,32232.7,16296
2018-01-19 16:00:00+00:00,32233.2,32293.4,32227.7,32256.2,14626
2018-01-22 00:00:00+00:00,32299.2,32301.2,32002.9,32133.9,17465
2018-01-22 04:00:00+00:00,32134.0,32348.6,32115.9,32346.6,46626
2018-01-22 08:00:00+00:00,32346.7,32370.6,32278.7,32349.2,35502
2018-01-22 12:00:00+00:00,32348.7,32381.6,32342.2,32369.7,11647
2018-01-22 16:00:00+00:00,32369.2,32446.2,32341.2,32418.2,12052
2018-01-23 00:00:00+00:00,32418.2,32669.8,32418.2,32664.5,15520
2018-01-23 04:00:00+00:00,32664.6,32866.0,32529.0,32722.8,54349
2018-01-23 08:00:00+00:00,32723.0,32919.0,32721.7,32893.0,44150
2018-01-23 12:00:00+00:00,32893.5,32897.7,32719.5,32803.0,26724
2018-01-23 16:00:00+00:00,32802.5,32892.7,32769.0,32868.0,17910
2018-01-24 00:00:00+00:00,32868.0,32937.1,32763.8,32822.1,16256
2018-01-24 04:00:00+00:00,32821.8,32920.0,32725.6,32901.1,51583
2018-01-24 08:00:00+00:00,32901.1,32988.8,32860.1,32912.6,39778
2018-01-24 12:00:00+00:00,32913.7,32993.8,32913.7,32979.1,16058
2018-01-24 16:00:00+00:00,32977.6,33086.0,32965.1,33058.6,12963
2018-01-25 00:00:00+00:00,33058.6,33058.6,32807.4,32830.4,16953
2018-01-25 04:00:00+00:00,32828.4,32898.9,32722.6,32894.9,52912
2018-01-25 08:00:00+00:00,32894.9,32899.6,32611.6,32691.4,46715
2018-01-25 12:00:00+00:00,32690.4,32753.9,32636.4,32752.9,22222
2018-01-25 16:00:00+00:00,32750.4,32755.8,32606.4,32647.4,20283
2018-01-26 00:00:00+00:00,32873.2,32911.8,32814.8,32867.8,11055
2018-01-26 04:00:00+00:00,32868.5,33169.6,32806.3,33110.0,51559
2018-01-26 08:00:00+00:00,33110.4,33221.1,33038.2,33209.7,44301
2018-01-26 12:00:00+00:00,33209.2,33228.3,33190.2,33211.7,13626
2018-01-26 16:00:00+00:00,33213.4,33250.8,33168.7,33217.2,14555
2018-01-29 00:00:00+00:00,33324.7,33507.6,33304.1,33356.9,15767
2018-01-29 04:00:00+00:00,33357.0,33374.0,32959.2,33071.0,53652
2018-01-29 08:00:00+00:00,33071.4,33076.4,32762.5,32779.5,48301
2018-01-29 12:00:00+00:00,32780.2,32845.1,32767.0,32811.0,16245
2018-01-29 16:00:00+00:00,32810.5,32881.9,32782.1,32782.5,13441
2018-01-30 00:00:00+00:00,32782.5,32967.9,32740.0,32965.4,17182
2018-01-30 04:00:00+00:00,32969.9,33013.5,32485.0,32663.0,58877
2018-01-30 08:00:00+00:00,32663.1,32737.0,32575.5,32720.8,43907
2018-01-30 12:00:00+00:00,32720.8,32725.5,32642.8,32661.3,19695
2018-01-30 16:00:00+00:00,32661.9,32662.8,32388.3,32395.8,21997
2018-01-31 00:00:00+00:00,32395.8,32636.1,32395.8,32571.6,16359
2018-01-31 04:00:00+00:00,32571.4,32834.4,32337.4,32657.4,61932
2018-01-31 08:00:00+00:00,32657.4,32971.6,32565.9,32908.6,50467
2018-01-31 12:00:00+00:00,32909.3,33033.6,32891.6,32985.6,21386
2018-01-31 16:00:00+00:00,32985.6,33021.5,32883.5,32883.6,17814
2018-02-01 00:00:00+00:00,32883.6,33006.5,32842.1,32987.4,16476
2018-02-01 04:00:00+00:00,32986.6,33013.5,32652.1,32724.1,59069
2018-02-01 08:00:00+00:00,32723.4,32857.9,32581.4,32582.8,45990
2018-02-01 12:00:00+00:00,32582.9,32623.4,32492.9,32522.8,25757
2018-02-01 16:00:00+00:00,32522.9,32590.2,32461.9,32518.4,20941
2018-02-02 00:00:00+00:00,32518.4,32601.0,32306.7,32510.2,17850
2018-02-02 04:00:00+00:00,32509.9,32771.9,32471.4,32574.9,58435
2018-02-02 08:00:00+00:00,32575.8,32778.7,32323.7,32338.7,48892
2018-02-02 12:00:00+00:00,32339.8,32402.1,32250.2,32353.0,30324
2018-02-02 16:00:00+00:00,32353.1,32382.9,32106.7,32188.2,23250
2018-02-05 00:00:00+00:00,31714.1,32007.4,31676.6,31951.1,18620
2018-02-05 04:00:00+00:00,31950.3,32229.7,31858.1,32216.9,57709
2018-02-05 08:00:00+00:00,32213.3,32366.1,32066.8,32206.6,52436
2018-02-05 12:00:00+00:00,32207.6,32223.2,31953.1,32095.4,41488
2018-02-05 16:00:00+00:00,32095.1,32210.5,31954.6,32102.6,24839
2018-02-06 00:00:00+00:00,30980.1,31251.6,30858.1,30858.1,20101
2018-02-06 04:00:00+00:00,30858.2,31172.0,30586.6,31030.5,64957
2018-02-06 08:00:00+00:00,31030.6,31035.1,30530.3,30791.1,60705
2018-02-06 12:00:00+00:00,30791.3,30797.2,30465.6,30520.8,40918
2018-02-06 16:00:00+00:00,30520.9,31028.7,30448.1,30752.6,27542
2018-02-07 00:00:00+00:00,30752.6,31400.8,30752.6,31357.8,17599
2018-02-07 04:00:00+00:00,31357.8,31420.3,30612.1,30638.8,64518
2018-02-07 08:00:00+00:00,30635.3,30666.8,30111.6,30205.8,60141
2018-02-07 12:00:00+00:00,30207.4,30559.6,30161.3,30368.3,35532
2018-02-07 16:00:00+00:00,30368.3,30789.1,30364.3,30639.3,22617
2018-02-08 00:00:00+00:00,30639.3,30667.0,30327.3,30655.8,17843
2018-02-08 04:00:00+00:00,30655.5,30703.3,30210.0,30482.5,60645
2018-02-08 08:00:00+00:00,30482.5,30503.4,30249.0,30328.0,49738
2018-02-08 12:00:00+00:00,30328.0,30415.6,30234.0,30399.0,26308
2018-02-08 16:00:00+00:00,30402.7,30437.5,30146.0,30149.0,19930
2018-02-09 00:00:00+00:00,30149.0,30149.0,29468.2,29475.9,17968
2018-02-09 04:00:00+00:00,29476.2,29530.1,29120.2,29268.4,58863
2018-02-09 08:00:00+00:00,29268.5,29574.5,29217.9,29418.4,50685
2018-02-09 12:00:00+00:00,29419.0,29429.4,29056.9,29403.4,33066
2018-02-09 16:00:00+00:00,29403.4,29534.6,29211.5,29211.9,24995
2018-02-12 00:00:00+00:00,29624.8,29729.0,29484.8,29687.3,17170
2018-02-12 04:00:00+00:00,29687.5,29755.0,29502.3,29689.8,52221
2018-02-12 08:00:00+00:00,29690.1,29730.9,29390.5,29555.8,46605
2018-02-12 12:00:00+00:00,29556.4,29634.0,29530.3,29537.3,26879
2018-02-12 16:00:00+00:00,29535.8,29659.0,29415.8,29415.8,26312
2018-02-13 00:00:00+00:00,29716.4,29905.9,29672.4,29884.7,15548
2018-02-13 04:00:00+00:00,29884.8,30136.0,29817.7,29853.3,52501
2018-02-13 08:00:00+00:00,29853.7,29905.4,29659.9,29686.4,45881
2018-02-13 12:00:00+00:00,29687.6,29709.6,29567.4,29614.9,27570
2018-02-13 16:00:00+00:00,29614.4,29861.1,29601.4,29798.4,23712
2018-02-14 00:00:00+00:00,29964.0,30098.2,29902.5,30009.7,14558
2018-02-14 04:00:00+00:00,30009.8,30173.2,29950.5,30144.8,43867
2018-02-14 08:00:00+00:00,30144.9,30633.9,30115.8,30282.5,46437
2018-02-14 12:00:00+00:00,30282.8,30426.0,30004.0,30109.0,28750
2018-02-14 16:00:00+00:00,30108.5,30516.4,30021.5,30429.5,26957
2018-02-15 00:00:00+00:00,30698.4,30895.5,30698.2,30776.3,13912
2018-02-15 04:00:00+00:00,30773.2,31086.6,30758.2,31030.7,29176
2018-02-20 00:00:00+00:00,31018.2,31190.7,30657.0,30760.1,15565
2018-02-20 04:00:00+00:00,30761.5,31329.1,30663.0,30998.0,50848
2018-02-20 08:00:00+00:00,30997.8,31139.4,30696.8,30745.8,39810
2018-02-20 12:00:00+00:00,30746.5,30809.9,30687.3,30775.8,20745
2018-02-20 16:00:00+00:00,30775.9,30949.5,30759.8,30860.3,18890
2018-02-21 00:00:00+00:00,30860.3,31067.7,30860.3,30993.3,13667
2018-02-21 04:00:00+00:00,30993.4,31215.9,30979.4,31209.6,40061
2018-02-21 08:00:00+00:00,31209.9,31444.6,31206.4,31344.8,41328
2018-02-21 12:00:00+00:00,31344.9,31416.2,31306.9,31404.3,20939
2018-02-21 16:00:00+00:00,31403.9,31541.2,31403.9,31502.9,17466
2018-02-22 00:00:00+00:00,31502.9,31502.9,30880.8,31014.9,16792
2018-02-22 04:00:00+00:00,31014.8,31154.1,30979.6,31109.3,45606
2018-02-22 08:00:00+00:00,31109.4,31111.9,30899.6,30983.2,38821
2018-02-22 12:00:00+00:00,30983.3,31097.9,30975.3,31082.4,22403
2018-02-22 16:00:00+00:00,31082.3,31199.0,31079.8,31143.8,18581
2018-02-23 00:00:00+00:00,31143.8,31326.0,31143.8,31324.2,14140
2018-02-23 04:00:00+00:00,31325.5,31364.4,31104.4,31231.1,46438
2018-02-23 08:00:00+00:00,31230.9,31341.9,31128.6,31196.6,37301
2018-02-23 12:00:00+00:00,31196.7,31281.1,31165.6,31262.1,16243
2018-02-23 16:00:00+00:00,31261.6,31270.6,31149.6,31200.1,16429
2018-02-26 00:00:00+00:00,31422.4,31548.7,31300.2,31339.6,14418
2018-02-26 04:00:00+00:00,31337.9,31518.7,31272.9,31490.9,43091
2018-02-26 08:00:00+00:00,31491.0,31559.2,31422.7,31540.9,34069
2018-02-26 12:00:00+00:00,31539.4,31597.6,31537.4,31578.9,10833
2018-02-26 16:00:00+00:00,31577.9,31605.7,31483.4,31510.9,13540
2018-02-27 00:00:00+00:00,31740.1,31784.2,31647.8,31699.5,14524
2018-02-27 04:00:00+00:00,31699.5,31741.7,31419.0,31451.1,50755
2018-02-27 08:00:00+00:00,31451.4,31461.1,31110.0,31341.5,47036
2018-02-27 12:00:00+00:00,31341.6,31397.7,31311.5,31368.5,19642
2018-02-27 16:00:00+00:00,31368.7,31436.2,31265.0,31265.0,17330
2018-02-28 00:00:00+00:00,31265.0,31265.0,30841.6,30939.7,16890
2018-02-28 04:00:00+00:00,30939.8,30975.3,30667.9,30823.1,53711
2018-02-28 08:00:00+00:00,30823.2,30903.1,30714.9,30862.6,43808
2018-02-28 12:00:00+00:00,30862.7,30892.8,30798.1,30875.1,19013
2018-02-28 16:00:00+00:00,30875.1,30900.5,30773.0,30773.1,17211
2018-03-01 00:00:00+00:00,30442.0,30778.8,30363.2,30663.5,17553
2018-03-01 04:00:00+00:00,30663.7,30893.2,30554.7,30699.7,55516
2018-03-01 08:00:00+00:00,30699.5,31088.2,30641.2,30875.2,49834
2018-03-01 12:00:00+00:00,30875.8,30935.4,30765.2,30922.7,34179
2018-03-01 16:00:00+00:00,30922.2,30999.4,30731.2,30930.7,28112
2018-03-02 00:00:00+00:00,30930.7,30930.7,30455.4,30467.4,16531
2018-03-02 04:00:00+00:00,30467.4,30615.1,30435.6,30546.1,52059
2018-03-02 08:00:00+00:00,30546.2,30587.6,30447.4,30475.9,40329
2018-03-02 12:00:00+00:00,30475.9,30480.9,30059.4,30166.4,38033
2018-03-02 16:00:00+00:00,30165.4,30178.4,30002.4,30138.9,26256
2018-03-05 00:00:00+00:00,30138.9,30673.8,30138.9,30241.9,17076
2018-03-05 04:00:00+00:00,30241.9,30290.6,30022.4,30175.1,55569
2018-03-05 08:00:00+00:00,30173.4,30180.0,29800.9,30057.0,49278
2018-03-05 12:00:00+00:00,30056.7,30062.5,29889.7,29900.7,30998
2018-03-05 16:00:00+00:00,29900.7,30093.3,29844.2,30070.7,24637
2018-03-06 00:00:00+00:00,30070.7,30463.5,30070.7,30234.8,16849
2018-03-06 04:00:00+00:00,30234.8,30425.3,30126.7,30413.6,52208
2018-03-06 08:00:00+00:00,30413.7,30603.9,30373.0,30451.7,46374
2018-03-06 12:00:00+00:00,30450.2,30666.1,30433.2,30596.7,31288
2018-03-06 16:00:00+00:00,30596.7,30662.3,30479.2,30564.2,23438
2018-03-07 00:00:00+00:00,30564.2,30568.8,30203.6,30565.0,16935
2018-03-07 04:00:00+00:00,30565.1,30640.9,30163.6,30220.1,58520
2018-03-07 08:00:00+00:00,30220.1,30271.9,30071.6,30185.3,51078
2018-03-07 12:00:00+00:00,30184.8,30394.8,30171.8,30381.8,31586
2018-03-07 16:00:00+00:00,30381.8,30444.0,30294.3,30395.8,24176
2018-03-08 00:00:00+00:00,30395.8,30561.0,30395.8,30499.8,16041
2018-03-08 04:00:00+00:00,30498.7,30681.3,30482.4,30582.8,50303
2018-03-08 08:00:00+00:00,30584.3,30748.4,30535.2,30660.5,40451
2018-03-08 12:00:00+00:00,30660.5,30743.5,30652.5,30723.0,19646
2018-03-08 16:00:00+00:00,30723.0,30833.9,30643.5,30655.0,22105
2018-03-09 00:00:00+00:00,30655.0,31008.3,30655.0,30942.8,15792
2018-03-09 04:00:00+00:00,30942.8,30988.3,30856.1,30947.8,49333
2018-03-09 08:00:00+00:00,30948.0,31042.2,30913.6,31000.6,34140
2018-03-09 12:00:00+00:00,31001.1,31184.0,30961.1,31155.3,22195
2018-03-09 16:00:00+00:00,31155.4,31218.6,31126.6,31200.6,19414
2018-03-12 04:00:00+00:00,31479.1,31579.6,31348.9,31470.6,50774
2018-03-12 08:00:00+00:00,31470.6,31637.9,31418.9,31577.4,50931
2018-03-12 12:00:00+00:00,31577.4,31603.6,31503.9,31531.2,20977
2018-03-12 16:00:00+00:00,31531.3,31618.5,31440.9,31482.9,28582
2018-03-13 04:00:00+00:00,31482.9,31707.7,31479.1,31511.2,49316
2018-03-13 08:00:00+00:00,31511.2,31630.7,31495.5,31568.2,45885
2018-03-13 12:00:00+00:00,31568.2,31658.9,31566.0,31623.0,18537
2018-03-13 16:00:00+00:00,31623.0,31686.1,31405.0,31420.5,30760
2018-03-14 04:00:00+00:00,31420.5,31420.5,31151.6,31170.6,48222
2018-03-14 08:00:00+00:00,31170.6,31488.8,31106.6,31429.4,53537
2018-03-14 12:00:00+00:00,31429.4,31562.8,31429.4,31510.1,20653
2018-03-14 16:00:00+00:00,31510.1,31571.4,31134.1,31146.6,37434
2018-03-15 04:00:00+00:00,31083.0,31531.8,31045.7,31460.5,52327
2018-03-15 08:00:00+00:00,31460.5,31612.8,31343.2,31503.0,55789
2018-03-15 12:00:00+00:00,31503.0,31578.0,31447.7,31510.2,25866
2018-03-15 16:00:00+00:00,31511.4,31645.4,31363.2,31566.2,33249
2018-03-16 04:00:00+00:00,31566.2,31566.2,31260.9,31408.6,47522
2018-03-16 08:00:00+00:00,31408.6,31567.9,31345.9,31426.1,51764
2018-03-16 12:00:00+00:00,31426.1,31487.9,31418.4,31452.4,20372
2018-03-16 16:00:00+00:00,31449.9,31537.1,31382.4,31494.4,27190
2018-03-19 04:00:00+00:00,31364.1,31669.9,31203.6,31543.4,50636
2018-03-19 08:00:00+00:00,31543.4,31620.6,31375.7,31375.7,48775
2018-03-19 12:00:00+00:00,31375.7,31447.7,31354.7,31407.2,22644
2018-03-19 16:00:00+00:00,31406.2,31441.0,31203.1,31203.2,30695
2018-03-20 04:00:00+00:00,31203.2,31388.0,31143.4,31283.1,50044
2018-03-20 08:00:00+00:00,31283.1,31581.6,31267.4,31523.4,54587
2018-03-20 12:00:00+00:00,31523.4,31651.4,31479.4,31614.4,25224
2018-03-20 16:00:00+00:00,31615.0,31679.0,31529.9,31606.9,32209
2018-03-21 04:00:00+00:00,31606.9,31999.2,31606.9,31945.2,47566
2018-03-21 08:00:00+00:00,31945.2,31982.6,31330.9,31336.4,60872
2018-03-21 12:00:00+00:00,31336.4,31348.9,31192.7,31298.2,30194
2018-03-21 16:00:00+00:00,31298.2,31391.1,31255.2,31355.7,27725
2018-03-22 04:00:00+00:00,31355.7,31698.3,31135.4,31209.4,56855
2018-03-22 08:00:00+00:00,31209.4,31419.1,30985.9,31040.1,63744
2018-03-22 12:00:00+00:00,31040.1,31052.6,30460.9,30515.4,38113
2018-03-22 16:00:00+00:00,30515.5,30681.6,30252.9,30288.9,35957
2018-03-23 04:00:00+00:00,30288.9,30305.9,29850.5,30155.0,59501
2018-03-23 08:00:00+00:00,30155.0,30322.8,29912.5,30131.5,67119
2018-03-23 12:00:00+00:00,30131.5,30260.9,29995.0,30182.2,36215
2018-03-23 16:00:00+00:00,30182.3,30306.7,30035.5,30035.5,41346
2018-03-26 04:00:00+00:00,30157.3,30267.6,29957.3,30139.3,55446
2018-03-26 08:00:00+00:00,30139.3,30562.2,30062.3,30505.3,59683
2018-03-26 12:00:00+00:00,30505.3,30611.6,30441.8,30559.3,25951
2018-03-26 16:00:00+00:00,30559.9,30601.0,30243.8,30364.3,38745
2018-03-27 04:00:00+00:00,30935.0,30936.7,30708.8,30788.5,50020
2018-03-27 08:00:00+00:00,30788.5,30873.9,30716.5,30760.0,51086
2018-03-27 12:00:00+00:00,30760.0,30809.5,30724.0,30746.2,15740
2018-03-27 16:00:00+00:00,30746.3,30802.8,30580.5,30778.5,32185
2018-03-28 04:00:00+00:00,30778.5,30778.5,30260.9,30291.6,54017
2018-03-28 08:00:00+00:00,30291.6,30354.6,29934.6,29955.9,66944
2018-03-28 12:00:00+00:00,29955.9,30151.6,29879.9,29972.4,37274
2018-03-28 16:00:00+00:00,29972.4,30060.2,29819.4,29999.9,50958
2018-03-29 04:00:00+00:00,29999.9,30197.4,29763.2,29926.2,57326
2018-03-29 08:00:00+00:00,29926.2,30213.1,29891.9,30047.2,59586
2018-04-03 04:00:00+00:00,29888.3,29997.3,29738.0,29879.9,54368
2018-04-03 08:00:00+00:00,29879.9,30275.7,29807.7,30135.7,59810
2018-04-03 12:00:00+00:00,30135.7,30247.2,30060.2,30232.7,28316
2018-04-03 16:00:00+00:00,30232.7,30271.5,30047.2,30165.2,42999
2018-04-04 04:00:00+00:00,30165.2,30296.4,29991.4,30141.9,51744
2018-04-04 08:00:00+00:00,30141.9,30144.8,29326.9,29393.2,66022
2018-04-04 12:00:00+00:00,29393.2,29444.6,29130.9,29398.9,44342
2018-04-04 16:00:00+00:00,29399.6,29810.4,29335.4,29738.9,44602
2018-04-06 00:00:00+00:00,29738.9,29738.9,29738.9,29738.9,1
2018-04-06 04:00:00+00:00,29738.9,29956.4,29628.5,29834.5,51101
2018-04-06 08:00:00+00:00,29834.5,29865.3,29545.2,29809.2,57063
2018-04-06 12:00:00+00:00,29809.2,29924.9,29734.2,29890.7,30489
2018-04-06 16:00:00+00:00,29890.2,30136.9,29813.2,29899.2,43230
2018-04-09 00:00:00+00:00,29899.2,29899.2,29899.2,29899.2,1
2018-04-09 04:00:00+00:00,29995.0,30553.4,29897.0,30392.7,56469
2018-04-09 08:00:00+00:00,30392.7,30427.4,30091.2,30262.9,61414
2018-04-09 12:00:00+00:00,30262.9,30363.4,30167.2,30197.2,32883
2018-04-09 16:00:00+00:00,30197.4,30323.1,30045.2,30319.2,39508
2018-04-10 04:00:00+00:00,30319.2,30608.4,30123.4,30571.3,57479
2018-04-10 08:00:00+00:00,30571.3,30799.8,30538.8,30747.3,60936
2018-04-10 12:00:00+00:00,30747.3,30760.0,30647.3,30681.8,27184
2018-04-10 16:00:00+00:00,30681.9,30740.8,30629.3,30694.3,36080
2018-04-11 04:00:00+00:00,30690.7,30994.8,30673.5,30917.6,53862
2018-04-11 08:00:00+00:00,30917.6,30983.0,30827.6,30886.1,53588
2018-04-11 12:00:00+00:00,30886.1,30914.8,30786.3,30848.6,32623
2018-04-11 16:00:00+00:00,30848.7,30982.1,30832.8,30968.8,35654
2018-04-12 04:00:00+00:00,30968.8,31146.5,30727.0,30810.3,55841
2018-04-12 08:00:00+00:00,30810.3,30852.2,30592.5,30752.8,59065
2018-04-12 12:00:00+00:00,30752.8,30932.8,30729.3,30892.8,28148
2018-04-12 16:00:00+00:00,30893.5,31030.0,30849.3,31005.8,32793
2018-04-13 04:00:00+00:00,31005.8,31040.9,30694.7,30821.9,51190
2018-04-13 08:00:00+00:00,30821.9,30891.0,30765.9,30842.4,54056
2018-04-13 12:00:00+00:00,30842.4,30947.8,30842.4,30930.2,21061
2018-04-13 16:00:00+00:00,30930.4,30948.4,30655.2,30754.2,37033
2018-04-16 00:00:00+00:00,30754.2,30754.2,30754.2,30754.2,1
2018-04-16 04:00:00+00:00,30754.2,30899.6,30247.0,30317.7,57006
2018-04-16 08:00:00+00:00,30317.7,30344.1,30148.7,30175.5,63681
2018-04-16 12:00:00+00:00,30175.5,30286.3,30175.5,30265.7,27271
2018-04-16 16:00:00+00:00,30266.7,30325.9,30209.7,30292.2,32270
2018-04-17 04:00:00+00:00,30332.9,30515.5,30059.0,30316.9,56687
2018-04-17 08:00:00+00:00,30316.9,30341.0,29982.4,30040.1,64091
2018-04-17 12:00:00+00:00,30040.1,30280.3,30020.4,30227.4,27901
2018-04-17 16:00:00+00:00,30227.4,30427.6,30223.9,30347.4,26403
2018-04-18 04:00:00+00:00,30347.4,30471.9,29950.1,30148.6,60702
2018-04-18 08:00:00+00:00,30148.6,30378.4,30119.4,30293.8,63431
2018-04-18 12:00:00+00:00,30293.8,30425.9,30204.9,30355.4,29937
2018-04-18 16:00:00+00:00,30355.4,30448.1,30274.4,30387.1,31924
2018-04-19 04:00:00+00:00,30457.7,30781.6,30443.9,30688.8,57754
2018-04-19 08:00:00+00:00,30688.8,30769.0,30537.7,30748.9,60846
2018-04-19 12:00:00+00:00,30748.9,30748.9,30661.7,30688.4,25995
2018-04-19 16:00:00+00:00,30688.5,30723.4,30597.7,30616.5,34765
2018-04-20 04:00:00+00:00,30616.5,30869.9,30524.9,30574.7,58418
2018-04-20 08:00:00+00:00,30574.7,30614.0,30309.4,30352.9,63267
2018-04-20 12:00:00+00:00,30352.9,30430.5,30313.4,30377.4,26277
2018-04-20 16:00:00+00:00,30375.4,30408.5,30175.4,30303.9,33496
2018-04-23 04:00:00+00:00,30330.7,30493.5,30141.4,30303.9,62162
2018-04-23 08:00:00+00:00,30303.9,30387.9,30197.1,30230.4,60954
2018-04-23 12:00:00+00:00,30230.4,30254.4,30157.9,30248.4,23095
2018-04-23 16:00:00+00:00,30247.9,30384.1,30199.4,30354.4,33140
2018-04-24 04:00:00+00:00,30354.4,30670.6,30260.0,30575.8,56795
2018-04-24 08:00:00+00:00,30575.8,30693.2,30483.9,30628.1,57175
2018-04-24 12:00:00+00:00,30628.1,30771.8,30620.4,30731.7,26923
2018-04-24 16:00:00+00:00,30731.8,30746.8,30570.4,30701.9,40764
2018-04-25 04:00:00+00:00,30701.9,30701.9,30219.8,30359.1,57079
2018-04-25 08:00:00+00:00,30359.1,30389.9,30201.0,30201.0,55482
2018-04-25 12:00:00+00:00,30201.0,30238.3,30108.5,30193.8,31341
2018-04-25 16:00:00+00:00,30193.9,30294.7,30110.0,30233.7,37657
2018-04-26 04:00:00+00:00,30233.7,30470.1,30051.1,30104.2,56102
2018-04-26 08:00:00+00:00,30104.2,30133.6,29847.1,30051.3,59083
2018-04-26 12:00:00+00:00,30051.3,30166.0,30043.1,30140.1,21902
2018-04-26 16:00:00+00:00,30139.1,30215.6,30098.1,30167.1,29791
2018-04-27 04:00:00+00:00,30167.1,30316.3,30028.4,30051.3,59002
2018-04-27 08:00:00+00:00,30051.3,30269.9,30051.3,30219.9,57274
2018-04-27 12:00:00+00:00,30219.9,30298.2,30194.6,30295.0,21028
2018-04-27 16:00:00+00:00,30295.1,30306.3,30183.6,30262.6,35981
2018-04-30 04:00:00+00:00,30446.3,30823.1,30446.3,30777.1,45729
2018-04-30 08:00:00+00:00,30777.1,30889.1,30738.8,30823.3,40515
2018-04-30 12:00:00+00:00,30823.3,30861.2,30810.6,30828.1,14930
2018-04-30 16:00:00+00:00,30826.6,30826.6,30699.1,30716.6,29162
2018-05-02 00:00:00+00:00,30716.6,30716.6,30716.6,30716.6,1
2018-05-02 04:00:00+00:00,30716.6,30826.2,30561.6,30628.8,55046
2018-05-02 08:00:00+00:00,30628.8,30746.3,30576.1,30724.5,54742
2018-05-02 12:00:00+00:00,30724.5,30756.8,30641.8,30673.7,21792
2018-05-02 16:00:00+00:00,30673.3,30675.8,30506.8,30507.8,31874
2018-05-03 04:00:00+00:00,30507.8,30507.8,30072.9,30177.4,57414
2018-05-03 08:00:00+00:00,30177.4,30410.9,30177.4,30232.7,61030
2018-05-03 12:00:00+00:00,30232.7,30273.9,30079.9,30107.9,27759
2018-05-03 16:00:00+00:00,30107.9,30188.2,29855.9,29896.4,40782
2018-05-04 04:00:00+00:00,29896.4,30339.6,29896.4,30192.1,57581
2018-05-04 08:00:00+00:00,30192.1,30192.1,29816.9,29944.1,63539
2018-05-04 12:00:00+00:00,29944.1,30028.6,29841.9,29904.1,27386
2018-05-04 16:00:00+00:00,29904.2,30137.6,29745.9,30111.9,40215
2018-05-07 00:00:00+00:00,30111.9,30111.9,30111.9,30111.9,1
2018-05-07 04:00:00+00:00,30111.9,30213.2,29751.8,30058.8,61262
2018-05-07 08:00:00+00:00,30058.8,30109.2,29825.6,29928.2,63612
2018-05-07 12:00:00+00:00,29928.2,29972.3,29885.3,29956.7,20790
2018-05-07 16:00:00+00:00,29956.8,30025.1,29852.3,29976.8,32589
2018-05-08 04:00:00+00:00,29976.8,30380.1,29976.8,30350.0,55006
2018-05-08 08:00:00+00:00,30350.0,30439.8,30313.5,30379.0,55548
2018-05-08 12:00:00+00:00,30379.0,30389.2,30320.5,30377.0,23771
2018-05-08 16:00:00+00:00,30376.5,30376.9,30198.5,30269.5,35138
2018-05-09 04:00:00+00:00,30269.5,30587.2,30269.5,30537.0,57514
2018-05-09 08:00:00+00:00,30537.0,30594.9,30432.2,30589.6,55854
2018-05-09 12:00:00+00:00,30589.6,30623.5,30570.0,30582.5,21189
2018-05-09 16:00:00+00:00,30582.0,30612.4,30471.5,30543.5,31552
2018-05-10 04:00:00+00:00,30543.5,30875.4,30543.5,30817.5,53249
2018-05-10 08:00:00+00:00,30817.5,30866.7,30731.2,30845.9,53032
2018-05-10 12:00:00+00:00,30845.9,30864.0,30801.9,30853.4,21377
2018-05-10 16:00:00+00:00,30852.9,31088.0,30834.4,31078.9,29812
2018-05-11 04:00:00+00:00,31078.9,31319.5,31048.1,31259.8,56657
2018-05-11 08:00:00+00:00,31259.8,31276.5,31106.3,31268.8,53703
2018-05-11 12:00:00+00:00,31268.8,31353.9,31231.8,31335.8,22572
2018-05-11 16:00:00+00:00,31335.3,31372.1,31249.8,31267.2,28892
2018-05-14 04:00:00+00:00,31442.3,31640.2,31428.5,31560.4,52203
2018-05-14 08:00:00+00:00,31560.4,31636.3,31478.3,31634.8,51306
2018-05-14 12:00:00+00:00,31634.8,31655.4,31592.3,31599.3,15697
2018-05-14 16:00:00+00:00,31599.3,31663.5,31589.3,31623.8,22974
2018-05-15 04:00:00+00:00,31623.8,31623.8,31206.6,31247.4,52348
2018-05-15 08:00:00+00:00,31247.4,31274.8,31098.3,31129.8,52692
2018-05-15 12:00:00+00:00,31129.8,31181.1,30949.1,30979.5,23415
2018-05-15 16:00:00+00:00,30979.1,30994.6,30855.6,30971.6,34072
2018-05-16 04:00:00+00:00,30971.6,31108.8,30780.8,31097.8,54674
2018-05-16 08:00:00+00:00,31097.8,31222.8,30913.6,31076.1,60690
2018-05-16 12:00:00+00:00,31076.1,31217.3,30959.8,31113.3,27500
2018-05-16 16:00:00+00:00,31112.8,31293.3,31112.8,31233.3,28131
2018-05-17 04:00:00+00:00,31233.3,31422.7,31031.7,31083.1,54360
2018-05-17 08:00:00+00:00,31083.1,31115.6,30929.1,31000.1,54073
2018-05-17 12:00:00+00:00,31000.1,31026.6,30956.1,30985.9,24498
2018-05-17 16:00:00+00:00,30986.0,31099.3,30925.1,31046.6,29942
2018-05-18 04:00:00+00:00,31046.6,31087.9,30881.0,31017.2,51910
2018-05-18 08:00:00+00:00,31017.2,31174.3,30961.4,30998.4,54819
2018-05-18 12:00:00+00:00,30998.4,31034.6,30870.7,30886.6,23349
2018-05-18 16:00:00+00:00,30886.7,30941.6,30843.7,30904.2,32086
2018-05-21 04:00:00+00:00,31210.4,31495.5,31180.4,31457.6,48510
2018-05-21 08:00:00+00:00,31457.6,31470.4,31240.4,31308.9,53459
2018-05-21 12:00:00+00:00,31308.9,31352.9,31279.4,31326.4,16611
2018-05-21 16:00:00+00:00,31326.6,31375.9,31254.4,31259.4,26131
2018-05-23 04:00:00+00:00,31133.8,31168.9,30851.3,30903.3,51755
2018-05-23 08:00:00+00:00,30903.3,30930.7,30584.3,30611.1,56646
2018-05-23 12:00:00+00:00,30611.1,30639.8,30547.3,30574.7,23356
2018-05-23 16:00:00+00:00,30574.9,30725.4,30552.8,30715.2,32037
2018-05-24 04:00:00+00:00,30715.2,30780.4,30546.4,30656.1,54067
2018-05-24 08:00:00+00:00,30656.1,30798.8,30580.9,30733.0,55408
2018-05-24 12:00:00+00:00,30733.0,30748.5,30644.9,30672.6,18889
2018-05-24 16:00:00+00:00,30672.8,30714.7,30407.9,30568.4,37259
2018-05-25 04:00:00+00:00,30568.4,30753.2,30557.2,30693.3,52467
2018-05-25 08:00:00+00:00,30693.3,30708.7,30487.4,30644.2,54444
2018-05-25 12:00:00+00:00,30644.2,30655.3,30530.4,30538.4,26540
2018-05-25 16:00:00+00:00,30535.4,30608.0,30476.4,30574.6,40011
2018-05-28 04:00:00+00:00,30535.7,30826.4,30528.2,30766.7,38748
2018-05-28 08:00:00+00:00,30766.7,30861.0,30738.2,30768.1,45934
2018-05-29 00:00:00+00:00,30768.1,30768.1,30768.1,30768.1,1
2018-05-29 04:00:00+00:00,30768.1,30768.1,30513.0,30573.0,47271
2018-05-29 08:00:00+00:00,30573.0,30634.5,30435.0,30435.7,52097
2018-05-29 12:00:00+00:00,30435.7,30487.9,30356.2,30477.2,30895
2018-05-29 16:00:00+00:00,30477.7,30489.6,30164.7,30244.7,46574
2018-05-30 04:00:00+00:00,30244.7,30244.7,29912.3,30002.1,54594
2018-05-30 08:00:00+00:00,30002.1,30069.9,29926.1,29985.1,59732
2018-05-30 12:00:00+00:00,29985.1,30089.7,29963.6,30045.1,29717
2018-05-30 16:00:00+00:00,30045.1,30268.1,30015.1,30259.6,36730
2018-05-31 04:00:00+00:00,30259.6,30299.1,30087.1,30233.6,52455
2018-05-31 08:00:00+00:00,30233.6,30622.2,30230.1,30605.4,57276
2018-05-31 12:00:00+00:00,30605.4,30605.4,30500.6,30521.1,27950
2018-05-31 16:00:00+00:00,30520.1,30520.2,30348.6,30477.1,47048
2018-06-01 04:00:00+00:00,30529.7,30577.1,30388.9,30419.6,53768
2018-06-01 08:00:00+00:00,30419.6,30547.4,30356.0,30489.5,55853
2018-06-01 12:00:00+00:00,30489.5,30543.4,30463.5,30535.8,20945
2018-06-01 16:00:00+00:00,30535.9,30697.8,30516.5,30664.0,37307
2018-06-04 00:00:00+00:00,30664.0,30664.0,30664.0,30664.0,1
2018-06-04 04:00:00+00:00,30664.0,30987.8,30664.0,30914.4,51137
2018-06-04 08:00:00+00:00,30914.4,31054.6,30890.8,30998.8,53143
2018-06-04 12:00:00+00:00,30998.8,31078.6,30960.8,30984.8,21953
2018-06-04 16:00:00+00:00,30984.3,31041.4,30928.8,30992.3,32648
2018-06-05 04:00:00+00:00,30992.3,31090.6,30914.5,31081.1,50986
2018-06-05 08:00:00+00:00,31081.1,31257.7,31033.5,31156.5,55121
2018-06-05 12:00:00+00:00,31156.5,31205.5,31107.5,31118.5,23163
2018-06-05 16:00:00+00:00,31118.5,31168.1,31048.5,31106.0,33867
2018-06-06 04:00:00+00:00,31106.0,31355.0,31106.0,31277.2,50135
2018-06-06 08:00:00+00:00,31277.2,31379.2,31254.7,31291.4,52242
2018-06-06 12:00:00+00:00,31291.4,31354.3,31291.4,31316.4,15670
2018-06-06 16:00:00+00:00,31315.9,31401.3,31256.9,31393.9,33789
2018-06-07 04:00:00+00:00,31393.9,31568.7,31370.9,31479.4,51035
2018-06-07 08:00:00+00:00,31479.4,31592.8,31429.4,31576.6,52704
2018-06-07 12:00:00+00:00,31576.6,31576.6,31518.1,31526.6,16668
2018-06-07 16:00:00+00:00,31525.6,31542.2,31410.1,31421.1,34950
2018-06-08 04:00:00+00:00,31421.1,31423.0,31111.7,31145.9,50398
2018-06-08 08:00:00+00:00,31145.9,31172.9,30833.7,30875.7,59181
2018-06-08 12:00:00+00:00,30875.7,31002.6,30852.2,30981.9,25788
2018-06-08 16:00:00+00:00,30982.0,31113.7,30946.7,31084.7,34486
2018-06-11 04:00:00+00:00,31017.9,31156.1,30872.6,31071.1,47707
2018-06-11 08:00:00+00:00,31071.1,31146.8,30997.1,31081.3,44514
2018-06-11 12:00:00+00:00,31081.3,31081.3,30973.4,31033.4,17697
2018-06-11 16:00:00+00:00,31034.1,31138.9,31018.4,31129.4,31365
2018-06-12 04:00:00+00:00,31129.4,31274.6,30913.4,31142.6,49996
2018-06-12 08:00:00+00:00,31142.6,31223.5,31054.1,31073.4,48179
2018-06-12 12:00:00+00:00,31073.4,31073.9,30995.6,31069.1,18943
2018-06-12 16:00:00+00:00,31070.3,31077.5,30939.6,30947.1,25774
2018-06-13 04:00:00+00:00,30947.1,31006.4,30876.1,30895.9,42312
2018-06-13 08:00:00+00:00,30895.9,30948.8,30643.4,30756.2,45298
2018-06-13 12:00:00+00:00,30756.2,30821.4,30741.4,30798.3,15117
2018-06-13 16:00:00+00:00,30798.5,30826.6,30720.4,30786.9,25717
2018-06-14 04:00:00+00:00,30786.9,30786.9,30429.7,30487.7,46769
2018-06-14 08:00:00+00:00,30487.7,30506.0,30277.9,30418.7,51418
2018-06-14 12:00:00+00:00,30418.7,30556.9,30418.7,30529.7,19622
2018-06-14 16:00:00+00:00,30529.2,30580.3,30459.7,30491.2,30568
2018-06-15 04:00:00+00:00,30491.2,30491.2,30279.4,30363.8,48807
2018-06-15 08:00:00+00:00,30363.8,30452.1,30223.9,30272.4,50542
2018-06-15 12:00:00+00:00,30272.4,30296.4,30144.4,30159.4,23228
2018-06-15 16:00:00+00:00,30160.0,30173.1,30025.9,30069.9,38958
2018-06-19 00:00:00+00:00,30069.9,30069.9,30069.9,30069.9,1
2018-06-19 04:00:00+00:00,29879.8,29928.6,29578.6,29588.4,51384
2018-06-19 08:00:00+00:00,29588.4,29604.1,29270.8,29384.8,62381
2018-06-19 12:00:00+00:00,29384.8,29486.7,29308.3,29370.0,28713
2018-06-19 16:00:00+00:00,29370.9,29538.6,29331.3,29504.8,43902
2018-06-20 04:00:00+00:00,29504.8,29560.6,29340.5,29544.4,52076
2018-06-20 08:00:00+00:00,29544.4,29962.4,29543.0,29672.5,59741
2018-06-20 12:00:00+00:00,29672.5,29717.7,29583.5,29701.0,20496
2018-06-20 16:00:00+00:00,29701.2,29723.0,29522.0,29683.5,37686
2018-06-21 04:00:00+00:00,29751.7,29858.1,29414.7,29448.4,52566
2018-06-21 08:00:00+00:00,29448.4,29541.1,29234.4,29304.6,59788
2018-06-21 12:00:00+00:00,29304.6,29304.6,29115.4,29217.9,31326
2018-06-21 16:00:00+00:00,29216.9,29288.4,29007.4,29017.9,44702
2018-06-22 04:00:00+00:00,29017.9,29308.1,29017.9,29213.4,54560
2018-06-22 08:00:00+00:00,29213.4,29426.6,29191.7,29348.1,57496
2018-06-22 12:00:00+00:00,29348.1,29420.9,29343.4,29402.7,18275
2018-06-22 16:00:00+00:00,29402.8,29435.9,29294.9,29395.3,33325
2018-06-25 00:00:00+00:00,29395.3,29395.3,29395.3,29395.3,1
2018-06-25 04:00:00+00:00,29395.3,29450.9,29100.0,29213.3,56091
2018-06-25 08:00:00+00:00,29213.3,29227.8,28867.5,28972.5,62084
2018-06-25 12:00:00+00:00,28972.5,28972.5,28877.8,28918.8,24496
2018-06-25 16:00:00+00:00,28918.8,28980.6,28649.8,28750.2,47092
2018-06-26 04:00:00+00:00,28750.2,28966.8,28487.8,28887.3,62756
2018-06-26 08:00:00+00:00,28887.3,29046.1,28826.9,28967.9,62475
2018-06-26 12:00:00+00:00,28967.9,28973.6,28855.1,28913.9,22526
2018-06-26 16:00:00+00:00,28914.3,28971.6,28838.1,28970.6,40424
2018-06-27 04:00:00+00:00,28970.6,29058.9,28677.3,28717.2,52948
2018-06-27 08:00:00+00:00,28717.2,28751.4,28276.7,28358.4,61402
2018-06-27 12:00:00+00:00,28358.4,28578.9,28342.2,28510.2,28653
2018-06-27 16:00:00+00:00,28510.2,28709.2,28478.2,28532.7,36676
2018-06-28 04:00:00+00:00,28532.7,28581.4,28273.1,28507.1,58861
2018-06-28 08:00:00+00:00,28507.1,28561.9,28157.8,28456.3,64775
2018-06-28 12:00:00+00:00,28456.3,28534.4,28311.8,28329.8,37722
2018-06-28 16:00:00+00:00,28329.8,28502.8,28328.3,28502.8,52106
2018-06-29 04:00:00+00:00,28502.8,28883.5,28436.2,28825.4,56109
2018-06-29 08:00:00+00:00,28825.4,28948.9,28776.9,28916.4,58558
2018-06-29 12:00:00+00:00,28916.4,28938.4,28784.9,28785.9,32321
2018-06-29 16:00:00+00:00,28784.4,28891.1,28759.9,28833.1,39392
2018-07-03 00:00:00+00:00,28833.1,28833.1,28833.1,28833.1,1
2018-07-03 04:00:00+00:00,28833.1,28833.1,27965.2,28172.2,65149
2018-07-03 08:00:00+00:00,28172.2,28612.3,28075.2,28512.7,71292
2018-07-03 12:00:00+00:00,28512.7,28672.2,28512.7,28619.7,27467
2018-07-03 16:00:00+00:00,28619.7,28638.9,28349.7,28371.7,44175
2018-07-04 04:00:00+00:00,28371.7,28623.3,28126.4,28210.7,60700
2018-07-04 08:00:00+00:00,28210.7,28335.6,28110.6,28226.2,61417
2018-07-04 12:00:00+00:00,28226.2,28279.6,28193.1,28205.6,17776
2018-07-04 16:00:00+00:00,28205.6,28268.1,28143.6,28267.1,20574
2018-07-05 04:00:00+00:00,28267.1,28323.7,27950.5,27988.0,62845
2018-07-05 08:00:00+00:00,27988.0,28309.0,27786.0,28247.0,69375
2018-07-05 12:00:00+00:00,28247.0,28403.7,28198.5,28348.3,31367
2018-07-05 16:00:00+00:00,28348.4,28377.4,28092.5,28279.8,47657
2018-07-06 04:00:00+00:00,28279.8,28311.4,27888.0,28046.8,62603
2018-07-06 08:00:00+00:00,28046.8,28558.3,28046.8,28286.8,71795
2018-07-06 12:00:00+00:00,28286.8,28310.0,28156.0,28212.0,29989
2018-07-06 16:00:00+00:00,28212.0,28574.5,28205.5,28559.0,45003
2018-07-09 00:00:00+00:00,28559.0,28559.0,28559.0,28559.0,1
2018-07-09 04:00:00+00:00,28559.0,28814.0,28500.1,28733.2,55856
2018-07-09 08:00:00+00:00,28733.2,28815.4,28645.2,28695.2,57841
2018-07-09 12:00:00+00:00,28695.2,28727.6,28674.0,28711.5,19673
2018-07-09 16:00:00+00:00,28713.7,28825.1,28676.5,28813.5,36282
2018-07-10 04:00:00+00:00,28813.5,28983.4,28719.4,28811.2,54346
2018-07-10 08:00:00+00:00,28811.2,28860.1,28535.4,28624.0,62343
2018-07-10 12:00:00+00:00,28624.0,28649.5,28565.4,28616.8,20838
2018-07-10 16:00:00+00:00,28616.9,28671.5,28583.9,28587.9,35481
2018-07-11 04:00:00+00:00,28587.9,28587.9,27867.9,28243.6,59641
2018-07-11 08:00:00+00:00,28243.6,28290.4,28106.7,28236.5,63145
2018-07-11 12:00:00+00:00,28236.5,28303.7,28210.2,28251.2,24854
2018-07-11 16:00:00+00:00,28251.4,28336.3,28184.7,28193.2,42197
2018-07-12 04:00:00+00:00,28303.2,28497.4,28140.4,28480.3,54522
2018-07-12 08:00:00+00:00,28480.3,28607.7,28432.9,28466.7,57177
2018-07-12 12:00:00+00:00,28466.7,28534.4,28447.9,28523.9,21064
2018-07-12 16:00:00+00:00,28522.9,28601.4,28436.4,28601.4,36074
2018-07-13 04:00:00+00:00,28601.4,28708.2,28528.8,28622.0,49368
2018-07-13 08:00:00+00:00,28622.0,28643.0,28456.5,28552.0,51553
2018-07-13 12:00:00+00:00,28552.0,28552.0,28289.8,28422.3,28387
2018-07-13 16:00:00+00:00,28422.9,28591.0,28419.8,28576.8,38610
2018-07-16 00:00:00+00:00,28576.8,28576.8,28576.8,28576.8,1
2018-07-16 04:00:00+00:00,28576.8,28682.4,28283.3,28463.3,55445
2018-07-16 08:00:00+00:00,28463.3,28539.1,28366.3,28489.5,53406
2018-07-16 12:00:00+00:00,28489.5,28515.3,28418.3,28432.3,18690
2018-07-16 16:00:00+00:00,28433.0,28479.4,28373.3,28407.3,33414
2018-07-17 04:00:00+00:00,28407.3,28455.8,28175.5,28246.2,53107
2018-07-17 08:00:00+00:00,28246.2,28255.4,28103.9,28177.7,56030
2018-07-17 12:00:00+00:00,28177.7,28226.1,28123.9,28152.9,22653
2018-07-17 16:00:00+00:00,28152.4,28330.9,28088.4,28302.0,36590
2018-07-18 04:00:00+00:00,28302.0,28378.8,28174.1,28249.6,51511
2018-07-18 08:00:00+00:00,28249.6,28261.0,27996.4,28069.9,57779
2018-07-18 12:00:00+00:00,28069.9,28093.2,27995.2,28035.2,18317
2018-07-18 16:00:00+00:00,28035.2,28194.4,28015.7,28185.2,35267
2018-07-19 04:00:00+00:00,28185.2,28297.6,28034.9,28091.8,53019
2018-07-19 08:00:00+00:00,28091.8,28110.5,27937.6,28022.8,55107
2018-07-19 12:00:00+00:00,28022.8,28022.8,27900.6,27927.1,22638
2018-07-19 16:00:00+00:00,27927.1,27998.5,27827.6,27900.5,36657
2018-07-20 04:00:00+00:00,27900.5,28082.3,27718.5,27836.0,57165
2018-07-20 08:00:00+00:00,27836.0,28283.6,27816.3,28219.9,66454
2018-07-20 12:00:00+00:00,28219.9,28258.7,28004.5,28113.5,36104
2018-07-20 16:00:00+00:00,28113.6,28320.2,28077.5,28286.0,37552
2018-07-23 00:00:00+00:00,28286.0,28286.0,28286.0,28286.0,1
2018-07-23 04:00:00+00:00,28286.0,28369.2,28051.8,28230.9,57869
2018-07-23 08:00:00+00:00,28230.9,28311.8,28160.8,28205.6,60556
2018-07-23 12:00:00+00:00,28205.6,28240.0,28154.8,28213.8,19937
2018-07-23 16:00:00+00:00,28215.4,28258.5,28180.3,28245.8,33522
2018-07-24 04:00:00+00:00,28245.8,28673.6,28205.3,28661.4,54427
2018-07-24 08:00:00+00:00,28661.4,28703.0,28573.0,28641.8,51067
2018-07-24 12:00:00+00:00,28641.8,28824.3,28641.8,28794.3,24365
2018-07-24 16:00:00+00:00,28794.3,28933.2,28792.8,28883.3,38080
2018-07-25 04:00:00+00:00,28883.3,28896.2,28740.7,28875.7,50341
2018-07-25 08:00:00+00:00,28875.7,28964.9,28814.2,28897.0,49365
2018-07-25 12:00:00+00:00,28897.0,28957.2,28873.2,28919.1,21028
2018-07-25 16:00:00+00:00,28919.8,28991.9,28870.7,28979.2,35015
2018-07-26 04:00:00+00:00,28979.2,29098.8,28698.3,28714.3,53173
2018-07-26 08:00:00+00:00,28714.3,28772.2,28609.1,28733.8,51127
2018-07-26 12:00:00+00:00,28733.8,28767.9,28721.3,28734.3,15786
2018-07-26 16:00:00+00:00,28734.3,28815.8,28682.8,28701.8,32112
2018-07-27 04:00:00+00:00,28701.8,28816.8,28576.0,28751.4,49035
2018-07-27 08:00:00+00:00,28751.4,28794.4,28680.7,28716.2,45033
2018-07-27 12:00:00+00:00,28716.2,28745.7,28679.2,28737.7,14279
2018-07-27 16:00:00+00:00,28737.7,28825.9,28633.2,28633.2,33746
2018-07-30 00:00:00+00:00,28633.2,28633.2,28633.2,28633.2,1
2018-07-30 04:00:00+00:00,28589.9,28830.9,28534.3,28620.7,54838
2018-07-30 08:00:00+00:00,28620.7,28705.3,28531.3,28690.0,50984
2018-07-30 12:00:00+00:00,28690.0,28759.2,28682.8,28740.3,17363
2018-07-30 16:00:00+00:00,28740.3,28804.3,28611.3,28649.3,40538
2018-07-31 04:00:00+00:00,28649.3,28680.6,28515.1,28564.6,49555
2018-07-31 08:00:00+00:00,28564.6,28659.3,28438.1,28450.6,52870
2018-07-31 12:00:00+00:00,28450.6,28539.7,28450.6,28472.3,20890
2018-07-31 16:00:00+00:00,28472.4,28839.8,28451.6,28813.1,44506
2018-08-01 04:00:00+00:00,28813.1,28813.1,28467.9,28531.2,51922
2018-08-01 08:00:00+00:00,28531.2,28586.8,28179.4,28313.7,59990
2018-08-01 12:00:00+00:00,28313.7,28313.7,28240.9,28285.9,21891
2018-08-01 16:00:00+00:00,28285.4,28347.5,28133.4,28159.2,42079
2018-08-02 04:00:00+00:00,28159.2,28194.4,27583.4,27632.0,60656
2018-08-02 08:00:00+00:00,27632.0,27747.1,27517.9,27618.2,64515
2018-08-02 12:00:00+00:00,27618.2,27618.2,27460.7,27521.7,31504
2018-08-02 16:00:00+00:00,27520.7,27773.6,27476.7,27727.6,47096
2018-08-03 04:00:00+00:00,27727.6,27754.5,27546.8,27610.5,57434
2018-08-03 08:00:00+00:00,27610.5,27699.5,27559.3,27630.3,54798
2018-08-03 12:00:00+00:00,27630.3,27954.5,27630.3,27725.1,29765
2018-08-03 16:00:00+00:00,27725.4,27879.3,27716.3,27823.3,40754
2018-08-06 00:00:00+00:00,27823.3,27823.3,27823.3,27823.3,1
2018-08-06 04:00:00+00:00,27823.3,28036.2,27716.9,27817.5,56115
2018-08-06 08:00:00+00:00,27817.5,27826.6,27652.1,27761.2,57077
2018-08-06 12:00:00+00:00,27761.2,27827.2,27726.6,27762.6,23633
2018-08-06 16:00:00+00:00,27762.6,27860.1,27722.1,27858.6,31700
2018-08-07 04:00:00+00:00,27858.6,28085.5,27794.7,28057.0,54889
2018-08-07 08:00:00+00:00,28057.0,28255.7,27976.7,28224.4,54545
2018-08-07 12:00:00+00:00,28224.4,28277.4,28198.2,28255.0,17985
2018-08-07 16:00:00+00:00,28255.1,28374.3,28254.7,28363.5,31122
2018-08-08 04:00:00+00:00,28363.5,28395.9,28166.5,28309.2,52645
2018-08-08 08:00:00+00:00,28309.2,28360.0,28174.3,28257.5,54287
2018-08-08 12:00:00+00:00,28257.5,28268.7,28106.3,28139.8,20834
2018-08-08 16:00:00+00:00,28138.8,28247.9,28083.8,28184.8,35714
2018-08-09 04:00:00+00:00,28184.8,28616.1,28109.3,28592.1,54696
2018-08-09 08:00:00+00:00,28592.1,28708.0,28521.1,28582.4,52331
2018-08-09 12:00:00+00:00,28582.4,28657.4,28582.4,28647.7,23326
2018-08-09 16:00:00+00:00,28647.8,28694.4,28597.3,28633.5,30447
2018-08-10 04:00:00+00:00,28633.5,28633.5,28422.6,28459.8,52418
2018-08-10 08:00:00+00:00,28459.8,28459.8,28239.4,28283.1,56248
2018-08-10 12:00:00+00:00,28283.1,28328.6,28162.9,28163.9,30831
2018-08-10 16:00:00+00:00,28163.9,28196.5,28040.4,28085.4,43145
2018-08-13 04:00:00+00:00,27883.4,27976.6,27775.9,27805.4,54157
2018-08-13 08:00:00+00:00,27805.4,28076.5,27777.7,27942.2,59354
2018-08-13 12:00:00+00:00,27942.2,28037.9,27882.9,28020.4,30738
2018-08-13 16:00:00+00:00,28018.9,28090.3,27817.9,27831.9,41484
2018-08-14 04:00:00+00:00,27831.9,27960.6,27581.9,27681.7,54947
2018-08-14 08:00:00+00:00,27681.7,27794.0,27516.9,27710.1,59389
2018-08-14 12:00:00+00:00,27710.1,27744.5,27653.4,27718.4,24861
2018-08-14 16:00:00+00:00,27718.4,27798.4,27655.9,27775.2,40107
2018-08-15 04:00:00+00:00,27775.2,27775.2,27271.4,27311.5,57416
2018-08-15 08:00:00+00:00,27311.5,27346.0,27223.4,27295.1,57144
2018-08-15 12:00:00+00:00,27295.1,27301.1,26715.9,26805.4,42679
2018-08-15 16:00:00+00:00,26805.4,27007.3,26726.9,26948.9,53738
2018-08-16 04:00:00+00:00,26873.5,27406.7,26838.9,27152.8,66250
2018-08-16 08:00:00+00:00,27152.8,27283.6,26982.9,27082.4,63407
2018-08-16 12:00:00+00:00,27082.4,27201.4,27082.4,27149.6,24629
2018-08-16 16:00:00+00:00,27149.7,27358.1,27143.4,27230.3,37782
2018-08-17 04:00:00+00:00,27230.3,27373.1,27125.3,27204.5,53436
2018-08-17 08:00:00+00:00,27204.5,27236.7,27046.8,27174.3,54079
2018-08-17 12:00:00+00:00,27174.3,27174.3,26915.3,26970.3,33628
2018-08-17 16:00:00+00:00,26969.8,27189.3,26935.8,27080.8,43892
2018-08-20 00:00:00+00:00,27080.8,27080.8,27080.8,27080.8,1
2018-08-20 04:00:00+00:00,27080.8,27545.1,27080.8,27446.4,56994
2018-08-20 08:00:00+00:00,27446.4,27597.5,27350.2,27557.1,58280
2018-08-20 12:00:00+00:00,27557.1,27586.6,27476.9,27481.4,22461
2018-08-20 16:00:00+00:00,27479.4,27576.1,27475.9,27507.9,35976
2018-08-21 04:00:00+00:00,27507.9,27731.0,27472.4,27688.3,55768
2018-08-21 08:00:00+00:00,27688.3,27730.2,27618.2,27658.4,48995
2018-08-21 12:00:00+00:00,27658.4,27701.7,27658.4,27699.9,16036
2018-08-21 16:00:00+00:00,27701.0,27823.4,27695.9,27819.4,30149
2018-08-22 04:00:00+00:00,27819.4,27900.6,27527.8,27856.8,55571
2018-08-22 08:00:00+00:00,27856.8,27933.5,27725.3,27869.3,53383
2018-08-22 12:00:00+00:00,27869.3,28005.5,27869.3,27962.8,24165
2018-08-22 16:00:00+00:00,27963.5,27998.8,27925.3,27938.3,33871
2018-08-23 04:00:00+00:00,27938.3,28009.9,27617.2,27674.8,54173
2018-08-23 08:00:00+00:00,27674.8,27838.3,27609.9,27734.0,55109
2018-08-23 12:00:00+00:00,27734.0,27762.8,27711.4,27747.9,17090
2018-08-23 16:00:00+00:00,27748.1,27773.9,27516.9,27620.9,39143
2018-08-24 04:00:00+00:00,27620.9,27637.4,27474.4,27558.4,51062
2018-08-24 08:00:00+00:00,27558.4,27807.4,27558.4,27620.4,56600
2018-08-24 12:00:00+00:00,27620.4,27729.7,27546.2,27707.2,23424
2018-08-24 16:00:00+00:00,27708.3,27922.9,27706.7,27888.7,37253
2018-08-27 04:00:00+00:00,27975.8,28291.5,27927.6,28264.1,44839
2018-08-27 08:00:00+00:00,28254.8,28299.2,28207.9,28276.6,34056
2018-08-27 12:00:00+00:00,28286.2,28365.9,28263.6,28354.6,11746
2018-08-27 16:00:00+00:00,28354.6,28542.7,28338.1,28482.8,24866
2018-08-28 04:00:00+00:00,28532.7,28587.2,28309.5,28354.9,40755
2018-08-28 08:00:00+00:00,28336.7,28385.2,28239.5,28327.8,33373
2018-08-28 12:00:00+00:00,28341.5,28373.8,28284.5,28346.0,9706
2018-08-28 16:00:00+00:00,28346.1,28390.4,28230.0,28263.0,22825
2018-08-29 04:00:00+00:00,28371.3,28512.4,28291.6,28423.3,36534
2018-08-29 08:00:00+00:00,28422.8,28462.3,28335.1,28392.6,31182
2018-08-29 12:00:00+00:00,28394.3,28405.6,28325.6,28342.5,11021
2018-08-29 16:00:00+00:00,28342.5,28580.1,28333.1,28560.1,20782
2018-08-30 04:00:00+00:00,28560.2,28569.5,28179.2,28234.7,40324
2018-08-30 08:00:00+00:00,28231.1,28260.4,28119.7,28149.9,39101
2018-08-30 12:00:00+00:00,28117.2,28143.3,28010.2,28052.4,20105
2018-08-30 16:00:00+00:00,28052.8,28080.2,27860.7,27922.7,28034
2018-08-31 04:00:00+00:00,27816.1,27930.7,27712.3,27916.3,42242
2018-08-31 08:00:00+00:00,27908.0,27962.8,27769.0,27840.3,41463
2018-08-31 12:00:00+00:00,27832.0,27855.8,27736.0,27757.5,15265
2018-08-31 16:00:00+00:00,27757.5,27939.6,27640.0,27698.1,30273
2018-09-03 00:00:00+00:00,27698.1,27698.1,27698.1,27698.1,1
2018-09-03 04:00:00+00:00,27715.9,27841.9,27571.5,27642.6,41849
2018-09-03 08:00:00+00:00,27626.8,27754.7,27592.5,27708.1,39227
2018-09-03 12:00:00+00:00,27705.8,27743.3,27656.3,27664.8,12086
2018-09-03 16:00:00+00:00,27664.8,27771.3,27650.8,27738.8,13402
2018-09-04 04:00:00+00:00,27602.2,27803.5,27508.5,27702.1,42834
2018-09-04 08:00:00+00:00,27710.6,28005.3,27697.0,27932.5,45611
2018-09-04 12:00:00+00:00,27892.2,27913.4,27735.0,27786.0,22130
2018-09-04 16:00:00+00:00,27786.1,27788.7,27645.0,27688.5,32046
2018-09-05 04:00:00+00:00,27729.8,27870.2,27393.3,27484.3,43960
2018-09-05 08:00:00+00:00,27488.2,27509.0,27153.8,27159.3,47703
2018-09-05 12:00:00+00:00,27181.3,27195.0,27121.8,27160.7,17791
2018-09-05 16:00:00+00:00,27160.8,27229.1,26993.3,27123.8,36120
2018-09-06 04:00:00+00:00,27019.8,27248.5,26988.8,27035.2,45634
2018-09-06 08:00:00+00:00,27033.6,27037.2,26792.9,27010.4,48741
2018-09-06 12:00:00+00:00,27040.8,27130.7,26964.7,27101.9,21170
2018-09-06 16:00:00+00:00,27102.1,27145.9,26827.7,26836.2,37947
2018-09-07 04:00:00+00:00,26875.2,27186.9,26608.0,26712.6,52936
2018-09-07 08:00:00+00:00,26731.2,26997.1,26728.0,26868.5,52929
2018-09-07 12:00:00+00:00,26871.3,26914.2,26575.2,26580.7,22933
2018-09-07 16:00:00+00:00,26580.7,26904.7,26555.2,26709.3,39275
2018-09-10 00:00:00+00:00,26709.3,26709.3,26709.3,26709.3,1
2018-09-10 04:00:00+00:00,26732.3,26854.7,26527.1,26709.2,48336
2018-09-10 08:00:00+00:00,26676.2,26695.0,26373.6,26649.4,47830
2018-09-10 12:00:00+00:00,26674.8,26709.5,26639.6,26696.6,17167
2018-09-10 16:00:00+00:00,26696.6,26723.2,26495.1,26511.1,33922
2018-09-11 04:00:00+00:00,26624.0,26672.1,26410.9,26570.2,47413
2018-09-11 08:00:00+00:00,26550.3,26561.9,26305.4,26332.1,45255
2018-09-11 12:00:00+00:00,26212.1,26220.5,26031.9,26079.9,23838
2018-09-11 16:00:00+00:00,26079.9,26360.7,26071.9,26337.4,34650
2018-09-12 04:00:00+00:00,26327.9,26396.1,26178.1,26278.1,48741
2018-09-12 08:00:00+00:00,26295.6,26441.7,26203.4,26340.1,49873
2018-09-12 12:00:00+00:00,26326.4,26339.4,26228.9,26269.4,19551
2018-09-12 16:00:00+00:00,26270.0,26767.1,26262.4,26730.5,41407
2018-09-13 04:00:00+00:00,26707.4,26904.8,26651.9,26717.7,45924
2018-09-13 08:00:00+00:00,26701.2,27039.7,26607.7,26985.2,46760
2018-09-13 12:00:00+00:00,26987.9,27178.1,26958.9,27167.4,22226
2018-09-13 16:00:00+00:00,27166.9,27334.5,27075.4,27236.9,39786
2018-09-14 04:00:00+00:00,27206.3,27320.2,27005.6,27202.6,45251
2018-09-14 08:00:00+00:00,27202.1,27345.9,27171.6,27245.1,43183
2018-09-14 12:00:00+00:00,27263.1,27281.3,27160.6,27181.1,16376
2018-09-14 16:00:00+00:00,27181.1,27248.8,26946.1,26984.8,33249
2018-09-17 00:00:00+00:00,26984.8,26984.8,26984.8,26984.8,1
2018-09-17 04:00:00+00:00,26926.7,27026.8,26708.6,26821.1,44098
2018-09-17 08:00:00+00:00,26805.2,26980.8,26774.1,26897.9,42716
2018-09-17 12:00:00+00:00,26874.8,26915.5,26819.1,26913.9,16484
2018-09-17 16:00:00+00:00,26914.0,27006.4,26881.1,26927.4,30022
2018-09-18 04:00:00+00:00,26662.4,26826.6,26599.1,26699.4,45206
2018-09-18 08:00:00+00:00,26689.3,27161.7,26654.6,27041.3,52960
2018-09-18 12:00:00+00:00,27078.3,27109.2,27010.6,27094.5,16818
2018-09-18 16:00:00+00:00,27094.5,27274.5,27022.6,27183.6,33645
2018-09-19 04:00:00+00:00,27146.4,27408.6,27055.6,27330.9,45946
2018-09-19 08:00:00+00:00,27319.4,27487.7,27318.4,27400.4,43593
2018-09-19 12:00:00+00:00,27388.4,27431.4,27354.9,27399.4,13506
2018-09-19 16:00:00+00:00,27399.4,27591.9,27369.9,27583.9,29197
2018-09-20 04:00:00+00:00,27542.4,27620.4,27357.2,27379.0,44405
2018-09-20 08:00:00+00:00,27373.1,27490.5,27291.2,27454.2,45315
2018-09-20 12:00:00+00:00,27455.7,27616.1,27454.7,27615.3,15867
2018-09-20 16:00:00+00:00,27615.4,27673.9,27544.2,27636.6,30911
2018-09-21 04:00:00+00:00,27615.9,27758.6,27506.9,27714.4,44174
2018-09-21 08:00:00+00:00,27723.4,27969.1,27711.4,27913.6,50564
2018-09-21 12:00:00+00:00,27913.9,27917.9,27785.9,27830.4,16260
2018-09-21 16:00:00+00:00,27830.4,27904.2,27777.4,27845.9,28056
2018-09-24 04:00:00+00:00,27727.9,27737.6,27519.9,27564.2,29455
2018-09-24 08:00:00+00:00,27551.8,27594.8,27379.2,27461.2,31812
2018-09-24 12:00:00+00:00,27454.9,27504.1,27383.7,27470.1,11074
2018-09-24 16:00:00+00:00,27470.1,27522.8,27387.2,27440.2,24644
2018-09-26 00:00:00+00:00,27440.2,27440.2,27440.2,27440.2,1
2018-09-26 04:00:00+00:00,27550.9,27966.4,27545.6,27951.4,31993
2018-09-26 08:00:00+00:00,27937.7,28025.7,27764.4,27819.1,30518
2018-09-26 12:00:00+00:00,27824.2,27867.6,27793.6,27819.1,8425
2018-09-26 16:00:00+00:00,27819.1,27905.6,27773.1,27885.5,12606
2018-09-27 04:00:00+00:00,27825.4,27937.9,27610.8,27701.8,31998
2018-09-27 08:00:00+00:00,27705.5,27769.1,27639.6,27689.6,32064
2018-09-27 12:00:00+00:00,27704.1,27743.1,27661.1,27731.1,11147
2018-09-27 16:00:00+00:00,27731.1,27895.6,27715.1,27883.1,17101
2018-09-28 04:00:00+00:00,27792.1,27913.4,27756.8,27880.1,32985
2018-09-28 08:00:00+00:00,27872.4,27885.4,27629.9,27846.9,32387
2018-09-28 12:00:00+00:00,27836.0,27848.5,27626.4,27695.4,14744
2018-09-28 16:00:00+00:00,27695.4,27793.6,27658.9,27684.4,20860
2018-10-02 00:00:00+00:00,27684.4,27684.4,27684.4,27684.4,1
2018-10-02 04:00:00+00:00,27678.6,27716.5,27266.1,27295.7,37656
2018-10-02 08:00:00+00:00,27295.3,27311.3,26980.6,26981.6,42462
2018-10-02 12:00:00+00:00,26916.6,27056.7,26889.6,27047.6,18358
2018-10-02 16:00:00+00:00,27047.6,27155.1,27012.1,27097.4,26449
2018-10-03 04:00:00+00:00,26969.3,27238.1,26859.5,26935.9,42731
2018-10-03 08:00:00+00:00,26929.0,27127.2,26920.8,27032.6,37208
2018-10-03 12:00:00+00:00,27016.1,27135.0,26992.5,27129.5,13576
2018-10-03 16:00:00+00:00,27130.6,27159.3,27038.0,27063.5,22528
2018-10-04 04:00:00+00:00,26851.4,26890.3,26521.3,26584.0,41903
2018-10-04 08:00:00+00:00,26590.1,26607.8,26489.3,26564.8,38470
2018-10-04 12:00:00+00:00,26552.5,26620.9,26545.8,26615.3,15017
2018-10-04 16:00:00+00:00,26615.3,26629.1,26239.3,26304.8,36037
2018-10-05 04:00:00+00:00,26429.1,26595.9,26322.4,26481.9,42197
2018-10-05 08:00:00+00:00,26490.1,26617.4,26444.4,26458.8,36388
2018-10-05 12:00:00+00:00,26482.4,26568.9,26384.9,26484.0,20188
2018-10-05 16:00:00+00:00,26484.1,26532.5,26263.4,26305.9,39759
2018-10-08 04:00:00+00:00,26579.9,26773.9,26229.2,26340.2,50491
2018-10-08 08:00:00+00:00,26346.8,26459.8,26131.4,26151.2,50501
2018-10-08 12:00:00+00:00,26150.9,26201.4,26044.2,26061.9,19031
2018-10-08 16:00:00+00:00,26061.9,26185.1,25974.2,25999.2,35926
2018-10-09 04:00:00+00:00,26159.4,26343.3,26027.4,26296.6,48867
2018-10-09 08:00:00+00:00,26299.9,26346.0,26052.9,26070.7,46237
2018-10-09 12:00:00+00:00,26066.9,26088.4,25951.4,26078.2,21776
2018-10-09 16:00:00+00:00,26078.3,26215.9,26019.4,26111.9,39583
2018-10-10 04:00:00+00:00,26138.6,26474.6,26138.6,26283.7,47730
2018-10-10 08:00:00+00:00,26290.7,26398.9,26124.2,26176.5,45287
2018-10-10 12:00:00+00:00,26175.2,26264.8,26083.7,26128.2,20005
2018-10-10 16:00:00+00:00,26128.2,26154.3,25795.2,25815.6,45094
2018-10-11 04:00:00+00:00,25323.3,25438.3,25150.9,25200.8,55364
2018-10-11 08:00:00+00:00,25181.2,25375.6,25104.4,25167.3,56333
2018-10-11 12:00:00+00:00,25112.5,25400.6,25062.4,25370.4,30896
2018-10-11 16:00:00+00:00,25371.5,25606.4,25205.9,25446.9,58678
2018-10-12 04:00:00+00:00,25428.7,25554.3,25244.2,25530.7,50874
2018-10-12 08:00:00+00:00,25554.6,25768.2,25552.5,25671.8,54562
2018-10-12 12:00:00+00:00,25623.2,25740.2,25621.5,25692.5,24420
2018-10-12 16:00:00+00:00,25692.5,25756.4,25465.5,25555.5,43599
2018-10-15 00:00:00+00:00,25555.5,25555.5,25555.5,25555.5,1
2018-10-15 04:00:00+00:00,25494.6,25629.5,25403.8,25479.4,47235
2018-10-15 08:00:00+00:00,25478.8,25481.6,25312.3,25341.6,44975
2018-10-15 12:00:00+00:00,25347.8,25479.4,25334.8,25459.0,21921
2018-10-15 16:00:00+00:00,25459.1,25522.1,25362.8,25459.3,41705
2018-10-16 04:00:00+00:00,25459.3,25662.0,25313.5,25327.4,45792
2018-10-16 08:00:00+00:00,25340.7,25430.5,25191.0,25374.4,52227
2018-10-16 12:00:00+00:00,25329.0,25461.7,25322.5,25446.0,19374
2018-10-16 16:00:00+00:00,25446.0,25678.0,25441.0,25677.7,30569
2018-10-18 00:00:00+00:00,25677.7,25677.7,25677.7,25677.7,1
2018-10-18 04:00:00+00:00,25641.1,25673.7,25319.4,25361.6,47262
2018-10-18 08:00:00+00:00,25353.0,25462.3,25196.6,25392.6,52882
2018-10-18 12:00:00+00:00,25358.7,25451.1,25348.1,25377.9,20462
2018-10-18 16:00:00+00:00,25377.9,25380.8,25031.1,25052.6,44374
2018-10-19 04:00:00+00:00,25125.3,25484.2,25045.2,25351.7,51591
2018-10-19 08:00:00+00:00,25346.4,25707.8,25324.7,25447.6,54268
2018-10-19 12:00:00+00:00,25460.2,25625.2,25425.7,25544.7,27404
2018-10-19 16:00:00+00:00,25544.9,25610.5,25367.7,25449.7,44873
2018-10-22 04:00:00+00:00,25478.9,26167.7,25478.9,26155.6,52264
2018-10-22 08:00:00+00:00,26155.2,26210.2,26059.9,26104.7,50051
2018-10-22 12:00:00+00:00,26118.6,26150.4,26052.9,26112.4,20341
2018-10-22 16:00:00+00:00,26112.4,26125.5,25915.9,25977.4,45818
2018-10-23 04:00:00+00:00,25864.7,25964.4,25493.5,25598.7,50224
2018-10-23 08:00:00+00:00,25543.3,25621.5,25256.0,25332.0,56888
2018-10-23 12:00:00+00:00,25245.5,25295.3,25134.5,25186.7,30986
2018-10-23 16:00:00+00:00,25186.8,25307.1,25038.5,25246.6,49720
2018-10-24 04:00:00+00:00,25432.2,25644.9,25169.3,25552.6,58748
2018-10-24 08:00:00+00:00,25565.3,25572.3,25184.1,25214.8,56005
2018-10-24 12:00:00+00:00,25211.2,25397.8,25193.1,25341.6,25201
2018-10-24 16:00:00+00:00,25341.6,25350.1,25028.6,25137.9,48000
2018-10-25 04:00:00+00:00,24804.7,24842.9,24594.1,24779.2,53676
2018-10-25 08:00:00+00:00,24740.2,24984.2,24657.9,24894.9,55755
2018-10-25 12:00:00+00:00,24917.6,25017.3,24863.6,24886.1,28317
2018-10-25 16:00:00+00:00,24885.6,25136.4,24837.1,25126.1,46918
2018-10-26 04:00:00+00:00,24908.2,25016.2,24518.7,24595.7,57658
2018-10-26 08:00:00+00:00,24635.9,24811.0,24615.4,24655.4,54694
2018-10-26 12:00:00+00:00,24589.9,24629.2,24449.9,24622.9,29571
2018-10-26 16:00:00+00:00,24622.9,24895.4,24464.4,24831.9,44505
2018-10-29 04:00:00+00:00,24922.8,24991.0,24573.8,24688.8,49969
2018-10-29 08:00:00+00:00,24763.3,24850.3,24607.3,24741.7,45595
2018-10-29 12:00:00+00:00,24750.8,25025.5,24749.8,24977.0,24243
2018-10-29 16:00:00+00:00,24977.1,25002.8,24727.8,24769.2,35837
2018-10-30 04:00:00+00:00,24736.0,24876.9,24538.7,24777.0,54814
2018-10-30 08:00:00+00:00,24815.3,24956.4,24545.2,24590.7,51627
2018-10-30 12:00:00+00:00,24499.7,24653.9,24499.7,24542.7,30321
2018-10-30 16:00:00+00:00,24542.7,24683.5,24470.7,24560.1,51158
2018-10-31 04:00:00+00:00,24777.3,24887.1,24682.5,24730.0,47997
2018-10-31 08:00:00+00:00,24755.5,24958.7,24736.0,24904.4,44338
2018-10-31 12:00:00+00:00,24910.6,25002.9,24856.5,24981.7,23680
2018-10-31 16:00:00+00:00,24981.7,25025.0,24907.0,25013.5,39688
2018-11-01 04:00:00+00:00,25068.2,25450.5,25040.2,25416.4,50087
2018-11-01 08:00:00+00:00,25411.9,25515.1,25269.9,25338.5,45555
2018-11-01 12:00:00+00:00,25342.0,25473.2,25331.4,25371.9,24200
2018-11-01 16:00:00+00:00,25371.9,25858.7,25321.9,25858.7,44871
2018-11-02 04:00:00+00:00,25803.5,26061.3,25786.5,25991.5,47516
2018-11-02 08:00:00+00:00,26131.8,26500.9,26120.7,26500.9,57079
2018-11-02 12:00:00+00:00,26471.2,26756.5,26412.2,26472.7,33916
2018-11-02 16:00:00+00:00,26471.2,26506.8,25843.2,25866.2,52083
2018-11-05 00:00:00+00:00,26082.1,26140.4,25900.1,25969.8,16661
2018-11-05 04:00:00+00:00,25969.3,26089.9,25727.5,25836.1,49589
2018-11-05 08:00:00+00:00,25836.3,25956.9,25812.2,25927.7,37022
2018-11-05 12:00:00+00:00,25927.7,25999.7,25876.2,25952.2,23041
2018-11-05 16:00:00+00:00,25952.2,26079.8,25894.2,25952.0,29818
2018-11-06 00:00:00+00:00,25992.4,26084.9,25820.9,25840.4,15990
2018-11-06 04:00:00+00:00,25838.9,25948.7,25808.1,25926.0,42686
2018-11-06 08:00:00+00:00,25926.1,26173.1,25893.6,25949.1,38261
2018-11-06 12:00:00+00:00,25948.1,25979.1,25903.1,25944.1,23037
2018-11-06 16:00:00+00:00,25944.1,26091.0,25942.1,26026.1,26116
2018-11-07 00:00:00+00:00,26152.8,26152.8,25992.1,26103.8,17043
2018-11-07 04:00:00+00:00,26103.8,26532.4,25871.4,25988.5,58098
2018-11-07 08:00:00+00:00,25988.7,26386.0,25939.7,26371.4,45626
2018-11-07 12:00:00+00:00,26372.0,26393.1,26283.4,26310.9,23179
2018-11-07 16:00:00+00:00,26309.9,26395.4,26196.4,26384.9,28242
2018-11-08 00:00:00+00:00,26557.2,26558.5,26342.9,26349.7,16143
2018-11-08 04:00:00+00:00,26348.7,26431.4,26284.9,26391.9,44700
2018-11-08 08:00:00+00:00,26392.0,26393.6,26114.4,26116.2,37375
2018-11-08 12:00:00+00:00,26116.2,26156.2,26062.7,26136.7,23380
2018-11-08 16:00:00+00:00,26136.7,26235.9,26098.2,26098.7,24359
2018-11-09 00:00:00+00:00,25885.4,25904.2,25696.9,25737.8,15063
2018-11-09 04:00:00+00:00,25737.7,25775.9,25526.4,25537.7,46088
2018-11-09 08:00:00+00:00,25536.9,25588.4,25417.2,25487.7,36814
2018-11-09 12:00:00+00:00,25487.8,25497.8,25321.4,25409.9,24151
2018-11-09 16:00:00+00:00,25410.1,25449.8,25335.9,25340.8,27352
2018-11-12 00:00:00+00:00,25503.4,25736.4,25456.9,25581.3,16548
2018-11-12 04:00:00+00:00,25581.4,25750.2,25535.9,25616.0,44131
2018-11-12 08:00:00+00:00,25616.1,25660.6,25511.4,25518.4,33822
2018-11-12 12:00:00+00:00,25518.4,25537.4,25379.4,25432.4,22424
2018-11-12 16:00:00+00:00,25432.4,25445.4,25171.4,25250.4,28124
2018-11-13 00:00:00+00:00,25053.8,25135.9,25006.6,25100.6,15854
2018-11-13 04:00:00+00:00,25100.6,25719.1,25063.1,25689.6,57775
2018-11-13 08:00:00+00:00,25689.9,25856.1,25496.6,25719.6,45162
2018-11-13 12:00:00+00:00,25719.6,25911.9,25687.6,25731.6,28091
2018-11-13 16:00:00+00:00,25732.8,25988.6,25581.1,25960.1,35330
2018-11-14 00:00:00+00:00,25815.4,25887.6,25616.4,25629.9,15274
2018-11-14 04:00:00+00:00,25629.9,25805.7,25578.4,25623.2,49469
2018-11-14 08:00:00+00:00,25623.4,25697.6,25430.9,25587.1,39152
2018-11-14 12:00:00+00:00,25587.2,25965.1,25561.9,25932.9,32921
2018-11-14 16:00:00+00:00,25931.9,26010.0,25704.4,25790.4,35351
2018-11-15 00:00:00+00:00,25876.1,25909.6,25556.4,25589.8,16902
2018-11-15 04:00:00+00:00,25590.2,25788.1,25574.6,25729.9,33448
2018-11-15 08:00:00+00:00,25867.5,26136.2,25857.5,25902.1,40033
2018-11-15 12:00:00+00:00,25902.2,26025.8,25828.1,25891.6,32204
2018-11-15 16:00:00+00:00,25890.6,26112.8,25785.6,26096.1,37790
2018-11-16 00:00:00+00:00,26071.9,26071.9,25825.9,25887.0,15598
2018-11-16 04:00:00+00:00,25887.2,26192.4,25791.1,26111.0,52027
2018-11-16 08:00:00+00:00,26111.1,26145.1,25982.9,26074.8,37986
2018-11-16 12:00:00+00:00,26074.9,26102.2,25958.4,26100.9,25986
2018-11-16 16:00:00+00:00,26100.9,26238.1,26017.4,26132.4,31295
2018-11-19 00:00:00+00:00,26150.6,26381.1,26144.3,26304.8,16925
2018-11-19 04:00:00+00:00,26304.6,26326.3,26083.3,26203.6,47659
2018-11-19 08:00:00+00:00,26203.6,26352.9,26192.6,26282.6,36108
2018-11-19 12:00:00+00:00,26282.6,26306.4,26197.1,26222.0,22760
2018-11-19 16:00:00+00:00,26222.0,26244.9,25949.6,25981.8,30961
2018-11-20 00:00:00+00:00,25974.4,26120.2,25966.3,26032.3,15481
2018-11-20 04:00:00+00:00,26032.3,26034.1,25705.6,25801.9,48076
2018-11-20 08:00:00+00:00,25802.0,25852.1,25640.3,25643.2,36111
2018-11-20 12:00:00+00:00,25643.2,25776.3,25605.3,25611.3,33214
2018-11-20 16:00:00+00:00,25611.4,25650.0,25442.3,25609.9,37416
2018-11-21 00:00:00+00:00,25474.8,25668.7,25419.5,25621.3,16070
2018-11-21 04:00:00+00:00,25621.0,25836.7,25606.8,25773.8,50134
2018-11-21 08:00:00+00:00,25773.0,25980.0,25726.0,25935.0,38701
2018-11-21 12:00:00+00:00,25934.5,26125.0,25884.5,26074.5,30962
2018-11-21 16:00:00+00:00,26074.5,26208.2,26036.0,26140.0,28055
2018-11-22 00:00:00+00:00,26055.2,26090.6,25817.4,25817.4,15352
2018-11-22 04:00:00+00:00,25817.2,25988.0,25809.9,25964.4,41275
2018-11-22 08:00:00+00:00,25963.9,26064.6,25818.4,25872.4,33080
2018-11-22 12:00:00+00:00,25872.4,25961.4,25869.4,25930.9,21248
2018-11-22 16:00:00+00:00,25930.9,25949.4,25823.4,25889.4,11630
2018-11-23 00:00:00+00:00,26005.9,26034.5,25822.6,25847.7,15066
2018-11-23 04:00:00+00:00,25847.1,25899.6,25758.1,25781.1,42109
2018-11-23 08:00:00+00:00,25780.9,25935.1,25774.9,25934.1,31338
2018-11-23 12:00:00+00:00,25934.1,25935.3,25772.6,25793.6,21023
2018-11-23 16:00:00+00:00,25793.6,25913.7,25777.1,25860.6,22317
2018-11-26 00:00:00+00:00,26018.2,26208.2,26018.0,26194.5,15986
2018-11-26 04:00:00+00:00,26193.7,26428.1,26187.7,26325.5,43782
2018-11-26 08:00:00+00:00,26324.6,26513.5,26261.6,26495.6,33192
2018-11-26 12:00:00+00:00,26495.6,26496.0,26370.1,26393.6,20124
2018-11-26 16:00:00+00:00,26392.6,26495.6,26360.6,26456.1,24159
2018-11-27 00:00:00+00:00,26296.3,26327.3,26130.8,26148.3,14602
2018-11-27 04:00:00+00:00,26147.3,26415.8,26143.3,26294.1,42915
2018-11-27 08:00:00+00:00,26294.2,26425.8,26217.6,26288.8,38231
2018-11-27 12:00:00+00:00,26288.8,26323.0,26219.3,26243.3,19264
2018-11-27 16:00:00+00:00,26243.3,26363.7,26189.8,26356.3,26385
2018-11-28 00:00:00+00:00,26302.4,26498.6,26288.1,26343.1,13941
2018-11-28 04:00:00+00:00,26344.3,26620.4,26311.1,26619.2,40859
2018-11-28 08:00:00+00:00,26619.0,26711.7,26581.3,26623.3,28924
2018-11-28 12:00:00+00:00,26623.3,26669.8,26609.8,26643.6,17865
2018-11-28 16:00:00+00:00,26643.7,26653.7,26499.8,26565.8,21261
2018-11-29 00:00:00+00:00,26829.3,26929.2,26717.1,26740.6,14978
2018-11-29 04:00:00+00:00,26740.6,26811.3,26490.0,26510.0,43595
2018-11-29 08:00:00+00:00,26510.0,26518.9,26367.0,26384.0,32657
2018-11-29 12:00:00+00:00,26384.0,26478.5,26299.0,26450.7,24710
2018-11-29 16:00:00+00:00,26453.5,26606.7,26374.5,26534.5,30261
2018-11-30 00:00:00+00:00,26602.3,26603.3,26395.6,26552.1,15920
2018-11-30 04:00:00+00:00,26553.5,26706.7,26460.6,26548.5,44834
2018-11-30 08:00:00+00:00,26548.6,26618.2,26430.7,26468.7,31338
2018-11-30 12:00:00+00:00,26467.7,26546.1,26411.7,26499.7,19651
2018-11-30 16:00:00+00:00,26499.7,26576.1,26415.2,26542.0,22660
2018-12-03 00:00:00+00:00,27160.5,27257.3,27005.8,27094.3,16725
2018-12-03 04:00:00+00:00,27095.4,27301.3,27061.8,27172.5,45408
2018-12-03 08:00:00+00:00,27172.7,27263.2,27157.8,27259.8,32894
2018-12-03 12:00:00+00:00,27259.8,27273.5,27168.3,27209.3,21107
2018-12-03 16:00:00+00:00,27209.3,27304.5,27080.3,27105.8,27453
2018-12-04 00:00:00+00:00,27062.5,27172.2,27026.5,27146.0,14757
2018-12-04 04:00:00+00:00,27146.0,27200.0,27019.5,27071.8,43458
2018-12-04 08:00:00+00:00,27071.8,27273.8,27049.5,27228.5,36562
2018-12-04 12:00:00+00:00,27228.5,27272.1,27204.0,27231.0,22311
2018-12-04 16:00:00+00:00,27231.1,27252.4,27088.0,27094.1,25367
2018-12-05 00:00:00+00:00,26728.7,26892.7,26703.5,26889.6,14472
2018-12-05 04:00:00+00:00,26888.0,26924.9,26746.4,26785.4,39739
2018-12-05 08:00:00+00:00,26785.4,26836.4,26717.6,26784.4,32920
2018-12-05 12:00:00+00:00,26784.4,26869.0,26783.4,26851.3,15911
2018-12-05 16:00:00+00:00,26851.3,26854.4,26727.9,26747.4,8775
2018-12-06 00:00:00+00:00,26424.8,26433.4,26081.8,26188.3,17730
2018-12-06 04:00:00+00:00,26188.5,26230.9,25984.6,26036.8,45035
2018-12-06 08:00:00+00:00,26036.3,26155.8,25937.8,25946.5,40784
2018-12-06 12:00:00+00:00,25946.7,26003.3,25877.8,25913.3,34201
2018-12-06 16:00:00+00:00,25913.3,26017.4,25780.3,25901.9,37091
2018-12-07 00:00:00+00:00,26248.8,26263.0,26082.1,26128.3,15692
2018-12-07 04:00:00+00:00,26128.3,26232.8,26113.1,26167.6,38346
2018-12-07 08:00:00+00:00,26167.6,26180.9,25973.6,26121.1,36596
2018-12-07 12:00:00+00:00,26121.1,26231.2,26056.1,26183.1,25878
2018-12-07 16:00:00+00:00,26183.1,26332.8,26026.1,26071.1,33564
2018-12-10 00:00:00+00:00,25765.0,25802.4,25636.6,25644.4,15533
2018-12-10 04:00:00+00:00,25644.4,25693.7,25521.6,25656.4,40046
2018-12-10 08:00:00+00:00,25655.1,25757.3,25634.1,25708.6,37144
2018-12-10 12:00:00+00:00,25708.6,25744.4,25638.1,25710.6,24306
2018-12-10 16:00:00+00:00,25711.3,25718.1,25372.1,25479.0,39560
2018-12-11 00:00:00+00:00,25645.3,25733.0,25537.7,25635.8,14895
2018-12-11 04:00:00+00:00,25635.9,25832.2,25612.7,25695.2,38958
2018-12-11 08:00:00+00:00,25695.2,25797.6,25649.2,25725.7,33189
2018-12-11 12:00:00+00:00,25725.7,26015.3,25725.2,25987.2,29945
2018-12-11 16:00:00+00:00,25987.2,26005.2,25829.7,25871.1,32199
2018-12-12 00:00:00+00:00,25983.1,26176.4,25974.2,26152.5,14464
2018-12-12 04:00:00+00:00,26152.4,26213.4,26095.9,26155.9,38663
2018-12-12 08:00:00+00:00,26156.2,26355.5,26136.4,26344.4,35441
2018-12-12 12:00:00+00:00,26344.4,26435.0,26277.4,26408.4,25732
2018-12-12 16:00:00+00:00,26408.4,26456.7,26347.4,26443.8,27932
2018-12-13 00:00:00+00:00,26346.5,26450.6,26286.0,26409.2,13710
2018-12-13 04:00:00+00:00,26409.2,26598.1,26404.7,26463.8,39911
2018-12-13 08:00:00+00:00,26463.8,26568.4,26387.6,26413.6,34708
2018-12-13 12:00:00+00:00,26413.6,26448.7,26333.6,26415.1,25558
2018-12-13 16:00:00+00:00,26415.1,26484.4,26328.6,26370.6,31940
2018-12-14 00:00:00+00:00,26166.7,26212.2,26062.2,26107.2,14422
2018-12-14 04:00:00+00:00,26107.2,26153.4,26037.2,26055.7,34135
2018-12-14 08:00:00+00:00,26055.7,26099.0,25894.2,25918.6,29894
2018-12-14 12:00:00+00:00,25918.7,26068.7,25918.7,26059.0,22499
2018-12-14 16:00:00+00:00,26059.0,26198.1,26001.7,26146.7,28229
2018-12-17 00:00:00+00:00,26191.3,26207.6,26019.0,26038.8,14534
2018-12-17 04:00:00+00:00,26038.8,26188.2,25990.0,26109.8,38307
2018-12-17 08:00:00+00:00,26109.3,26163.6,26034.3,26079.8,27564
2018-12-17 12:00:00+00:00,26079.8,26110.2,25935.8,25951.3,21482
2018-12-17 16:00:00+00:00,25951.5,26105.0,25869.8,26082.3,30043
2018-12-18 00:00:00+00:00,25863.5,26172.0,25855.9,26160.3,15488
2018-12-18 04:00:00+00:00,26158.4,26161.6,25681.2,25704.9,43869
2018-12-18 08:00:00+00:00,25704.9,25866.0,25684.2,25833.9,37204
2018-12-18 12:00:00+00:00,25833.4,25935.6,25828.9,25900.3,22510
2018-12-18 16:00:00+00:00,25900.3,25997.0,25872.4,25890.9,29364
2018-12-19 00:00:00+00:00,25841.1,25921.3,25784.9,25890.9,14125
2018-12-19 04:00:00+00:00,25890.9,25894.8,25795.6,25864.0,35508
2018-12-19 08:00:00+00:00,25863.5,25943.4,25825.0,25938.5,28349
2018-12-19 12:00:00+00:00,25938.5,25967.3,25908.0,25952.4,17862
2018-12-19 16:00:00+00:00,25952.4,26073.0,25930.5,26066.0,25602
2018-12-20 00:00:00+00:00,25748.7,25856.9,25651.7,25687.2,15592
2018-12-20 04:00:00+00:00,25687.2,25762.0,25357.7,25559.4,47891
2018-12-20 08:00:00+00:00,25559.5,25658.0,25472.2,25651.2,36883
2018-12-20 12:00:00+00:00,25651.2,25702.8,25581.2,25591.1,25850
2018-12-20 16:00:00+00:00,25591.9,25681.5,25482.7,25502.6,36881
2018-12-21 00:00:00+00:00,25506.9,25548.3,25328.6,25332.4,12896
2018-12-21 04:00:00+00:00,25333.5,25620.9,25292.3,25591.1,42502
2018-12-21 08:00:00+00:00,25590.8,25776.7,25528.3,25573.8,36241
2018-12-21 12:00:00+00:00,25573.8,25709.6,25512.8,25674.8,28981
2018-12-21 16:00:00+00:00,25674.8,25789.5,25543.8,25636.3,37301
2018-12-24 00:00:00+00:00,25462.7,25513.5,25371.5,25465.7,15197
2018-12-24 04:00:00+00:00,25465.5,25595.0,25426.7,25595.0,27180
2018-12-27 00:00:00+00:00,25884.3,25924.6,25729.8,25797.6,14188
2018-12-27 04:00:00+00:00,25798.9,25847.3,25516.0,25518.0,39580
2018-12-27 08:00:00+00:00,25518.0,25560.3,25182.8,25182.8,38336
2018-12-27 12:00:00+00:00,25182.9,25253.0,25169.3,25209.2,31980
2018-12-27 16:00:00+00:00,25208.8,25299.2,25151.3,25176.8,30878
2018-12-28 00:00:00+00:00,25481.6,25539.1,25371.9,25420.1,14170
2018-12-28 04:00:00+00:00,25419.9,25588.7,25396.4,25498.3,38136
2018-12-28 08:00:00+00:00,25498.4,25607.3,25408.1,25599.9,34607
2018-12-28 12:00:00+00:00,25599.9,25681.1,25595.4,25661.9,24201
2018-12-28 16:00:00+00:00,25661.9,25697.9,25539.9,25589.9,29980
2018-12-31 00:00:00+00:00,25811.6,25813.6,25666.6,25754.6,11042
2018-12-31 04:00:00+00:00,25754.6,25911.7,25744.6,25822.6,22191
2019-01-02 00:00:00+00:00,25756.3,25769.5,24993.0,25198.5,15384
2019-01-02 04:00:00+00:00,25198.7,25292.6,24996.8,25046.8,42849
2019-01-02 08:00:00+00:00,25046.8,25114.5,24930.5,25013.8,36856
2019-01-02 12:00:00+00:00,25013.8,25096.7,24988.8,25040.8,22175
2019-01-02 16:00:00+00:00,25040.8,25317.3,25037.8,25268.2,29329
2019-01-03 00:00:00+00:00,25054.0,25134.1,24936.5,25134.1,14967
2019-01-03 04:00:00+00:00,25135.3,25194.6,24860.7,24923.0,45602
2019-01-03 08:00:00+00:00,24923.0,25048.4,24834.7,24984.7,36119
2019-01-03 12:00:00+00:00,24984.9,25103.7,24925.7,25095.0,23715
2019-01-03 16:00:00+00:00,25095.1,25133.4,24961.7,25062.6,31706
2019-01-04 00:00:00+00:00,24927.3,25180.2,24870.5,25135.3,15769
2019-01-04 04:00:00+00:00,25135.3,25447.6,25035.5,25414.2,48294
2019-01-04 08:00:00+00:00,25414.2,25730.2,25379.7,25651.2,39545
2019-01-04 12:00:00+00:00,25651.2,25676.9,25556.7,25605.4,24766
2019-01-04 16:00:00+00:00,25605.5,25943.9,25592.2,25908.2,29917
2019-01-07 00:00:00+00:00,26015.8,26065.0,25816.0,25909.9,16362
2019-01-07 04:00:00+00:00,25909.0,25982.7,25741.0,25792.7,44096
2019-01-07 08:00:00+00:00,25792.8,25840.4,25701.0,25725.0,31493
2019-01-07 12:00:00+00:00,25725.0,25803.7,25719.0,25745.0,20149
2019-01-07 16:00:00+00:00,25745.0,25868.0,25711.0,25865.5,27948
2019-01-08 00:00:00+00:00,25890.6,25925.6,25682.1,25812.9,15649
2019-01-08 04:00:00+00:00,25812.9,25975.5,25763.6,25808.1,45261
2019-01-08 08:00:00+00:00,25808.2,25943.1,25770.8,25899.3,34204
2019-01-08 12:00:00+00:00,25899.3,26094.0,25883.8,26079.8,22158
2019-01-08 16:00:00+00:00,26079.8,26149.2,25981.3,26021.3,28382
2019-01-09 00:00:00+00:00,26165.2,26375.1,26151.5,26371.3,15949
2019-01-09 04:00:00+00:00,26371.4,26622.9,26330.5,26555.8,43662
2019-01-09 08:00:00+00:00,26555.7,26581.2,26394.0,26543.4,39098
2019-01-09 12:00:00+00:00,26543.4,26566.3,26453.5,26554.0,21204
2019-01-09 16:00:00+00:00,26554.0,26599.1,26453.0,26555.5,30041
2019-01-10 00:00:00+00:00,26316.8,26389.5,26200.8,26362.0,16333
2019-01-10 04:00:00+00:00,26362.2,26609.7,26266.1,26531.6,50564
2019-01-10 08:00:00+00:00,26531.1,26543.6,26403.4,26482.6,36751
2019-01-10 12:00:00+00:00,26482.6,26561.3,26481.1,26516.1,19946
2019-01-10 16:00:00+00:00,26516.1,26673.6,26502.6,26647.6,24259
2019-01-11 00:00:00+00:00,26678.7,26706.6,26488.7,26615.7,16168
2019-01-11 04:00:00+00:00,26614.7,26695.0,26514.5,26624.1,44945
2019-01-11 08:00:00+00:00,26625.1,26712.0,26614.5,26689.5,32930
2019-01-11 12:00:00+00:00,26690.7,26692.0,26531.0,26568.0,20723
2019-01-11 16:00:00+00:00,26567.0,26658.7,26528.0,26629.5,23898
2019-01-14 00:00:00+00:00,26545.8,26594.3,26274.0,26320.8,15256
2019-01-14 04:00:00+00:00,26320.2,26337.5,26144.7,26225.6,41885
2019-01-14 08:00:00+00:00,26225.6,26328.2,26211.5,26278.0,27874
2019-01-14 12:00:00+00:00,26278.0,26310.0,26233.5,26297.4,16887
2019-01-14 16:00:00+00:00,26297.4,26441.9,26271.5,26431.0,21814
2019-01-15 00:00:00+00:00,26531.1,26593.7,26416.4,26498.6,15486
2019-01-15 04:00:00+00:00,26498.6,26853.5,26492.1,26760.6,50213
2019-01-15 08:00:00+00:00,26761.3,26822.1,26669.4,26686.9,33466
2019-01-15 12:00:00+00:00,26685.9,26717.9,26576.4,26626.8,21620
2019-01-15 16:00:00+00:00,26626.9,26748.6,26609.9,26702.4,26347
2019-01-16 00:00:00+00:00,26662.6,26735.0,26540.8,26725.3,15759
2019-01-16 04:00:00+00:00,26725.4,26901.1,26662.8,26879.7,44738
2019-01-16 08:00:00+00:00,26879.7,26919.4,26798.2,26824.7,33608
2019-01-16 12:00:00+00:00,26824.7,26848.8,26761.2,26812.2,17310
2019-01-16 16:00:00+00:00,26812.2,26982.2,26810.7,26978.2,23489
2019-01-17 00:00:00+00:00,26908.7,26962.4,26650.2,26774.2,33072
2019-01-17 04:00:00+00:00,26773.4,27024.7,26709.2,26935.2,97841
2019-01-17 08:00:00+00:00,26936.6,26939.7,26700.4,26770.2,81563
2019-01-17 12:00:00+00:00,26769.7,26835.0,26769.2,26798.2,20306
2019-01-17 16:00:00+00:00,26798.2,26902.7,26768.2,26866.2,22261
2019-01-18 00:00:00+00:00,27010.8,27127.8,26909.9,27078.1,15951
2019-01-18 04:00:00+00:00,27078.1,27123.8,26926.5,27081.1,42086
2019-01-18 08:00:00+00:00,27081.1,27104.7,27025.0,27102.9,29376
2019-01-18 12:00:00+00:00,27102.9,27177.0,27079.0,27171.0,16620
2019-01-18 16:00:00+00:00,27171.0,27339.4,27162.0,27339.4,26187
2019-01-21 00:00:00+00:00,27156.1,27196.1,27000.9,27081.6,16509
2019-01-21 04:00:00+00:00,27082.1,27334.6,27080.9,27160.8,44839
2019-01-21 08:00:00+00:00,27161.5,27223.0,27106.3,27170.4,29145
2019-01-21 12:00:00+00:00,27170.5,27243.8,27162.3,27207.3,13224
2019-01-21 16:00:00+00:00,27207.9,27228.8,27166.3,27226.3,9401
2019-01-22 00:00:00+00:00,27084.0,27258.7,27045.3,27090.8,15847
2019-01-22 04:00:00+00:00,27092.4,27123.8,26824.8,26879.5,44419
2019-01-22 08:00:00+00:00,26879.5,27027.7,26826.3,27002.2,32247
2019-01-22 12:00:00+00:00,27002.3,27011.9,26864.8,26923.8,19085
2019-01-22 16:00:00+00:00,26923.8,26987.5,26874.8,26876.7,24556
2019-01-23 00:00:00+00:00,26911.3,27140.5,26865.5,27087.8,14589
2019-01-23 04:00:00+00:00,27087.8,27148.3,26955.3,26982.8,43914
2019-01-23 08:00:00+00:00,26982.8,27074.2,26925.8,27070.8,31473
2019-01-23 12:00:00+00:00,27070.8,27151.9,27056.8,27103.8,17592
2019-01-23 16:00:00+00:00,27103.8,27136.1,26929.3,26937.1,24344
2019-01-24 00:00:00+00:00,27062.9,27099.8,26948.7,26967.7,14352
2019-01-24 04:00:00+00:00,26967.7,27112.2,26863.7,27097.1,44312
2019-01-24 08:00:00+00:00,27097.2,27213.7,27055.4,27202.9,31207
2019-01-24 12:00:00+00:00,27202.9,27213.4,27094.9,27118.4,20332
2019-01-24 16:00:00+00:00,27117.9,27253.4,27114.4,27251.4,25213
2019-01-25 00:00:00+00:00,27283.8,27493.5,27200.3,27356.8,15557
2019-01-25 04:00:00+00:00,27356.5,27553.1,27351.5,27514.4,41872
2019-01-25 08:00:00+00:00,27514.9,27627.3,27499.0,27588.8,28802
2019-01-25 12:00:00+00:00,27588.8,27632.5,27571.8,27616.8,15846
2019-01-25 16:00:00+00:00,27616.8,27789.3,27608.3,27779.3,20184
2019-01-28 00:00:00+00:00,27660.7,27807.2,27659.2,27759.7,14606
2019-01-28 04:00:00+00:00,27759.7,27769.4,27451.0,27500.0,38624
2019-01-28 08:00:00+00:00,27500.0,27621.6,27457.8,27597.8,26102
2019-01-28 12:00:00+00:00,27597.8,27613.8,27495.8,27518.3,13007
2019-01-28 16:00:00+00:00,27518.3,27524.2,27356.8,27386.8,23686
2019-01-29 00:00:00+00:00,27350.4,27516.0,27340.1,27463.8,13957
2019-01-29 04:00:00+00:00,27464.3,27555.1,27342.1,27506.6,35905
2019-01-29 08:00:00+00:00,27506.6,27638.8,27492.6,27620.8,22471
2019-01-29 12:00:00+00:00,27620.9,27677.8,27613.1,27653.1,12104
2019-01-29 16:00:00+00:00,27653.1,27667.8,27573.1,27608.6,19785
2019-01-30 00:00:00+00:00,27570.1,27583.6,27384.9,27469.0,12889
2019-01-30 04:00:00+00:00,27469.1,27669.9,27439.9,27552.6,38352
2019-01-30 08:00:00+00:00,27552.6,27748.4,27538.4,27728.9,31547
2019-01-30 12:00:00+00:00,27728.9,27784.1,27706.9,27754.9,15747
2019-01-30 16:00:00+00:00,27754.4,27765.8,27674.4,27710.4,20297
2019-01-31 00:00:00+00:00,27813.9,27937.1,27755.8,27849.5,14989
2019-01-31 04:00:00+00:00,27850.0,28010.0,27805.6,27938.8,41183
2019-01-31 08:00:00+00:00,27939.9,28100.8,27888.3,28044.3,29187
2019-01-31 12:00:00+00:00,28044.3,28054.0,27975.8,28012.8,17278
2019-01-31 16:00:00+00:00,28012.8,28168.0,27955.8,28157.1,23468
2019-02-01 00:00:00+00:00,28235.6,28237.6,27889.4,27911.4,15343
2019-02-01 04:00:00+00:00,27911.4,27971.8,27782.3,27850.8,38144
2019-02-01 08:00:00+00:00,27850.5,27931.5,27815.8,27903.3,29518
2019-02-01 12:00:00+00:00,27903.3,27916.8,27802.3,27879.3,17980
2019-02-01 16:00:00+00:00,27879.3,27970.8,27768.3,27962.3,24040
2019-02-04 00:00:00+00:00,27962.6,27989.8,27821.1,27949.6,11352
2019-02-04 04:00:00+00:00,27949.6,27973.9,27888.8,27926.5,18640
2019-02-08 00:00:00+00:00,27666.2,27695.6,27494.2,27663.9,13014
2019-02-08 04:00:00+00:00,27664.1,27934.4,27559.4,27928.7,34509
2019-02-08 08:00:00+00:00,27928.8,28042.3,27860.9,28016.4,30057
2019-02-08 12:00:00+00:00,28016.5,28030.7,27938.7,27967.6,18639
2019-02-08 16:00:00+00:00,27967.7,27982.7,27801.2,27867.7,23667
2019-02-11 00:00:00+00:00,27913.4,27961.6,27805.5,27882.1,13723
2019-02-11 04:00:00+00:00,27882.4,28031.0,27856.0,27999.9,36640
2019-02-11 08:00:00+00:00,27999.9,28251.9,27986.5,28243.0,29693
2019-02-11 12:00:00+00:00,28243.0,28263.0,28178.5,28215.5,14979
2019-02-11 16:00:00+00:00,28215.0,28220.9,28132.5,28140.5,21323
2019-02-12 00:00:00+00:00,28184.6,28184.6,27963.8,28084.3,13969
2019-02-12 04:00:00+00:00,28084.5,28232.3,27999.5,28145.4,37913
2019-02-12 08:00:00+00:00,28146.0,28201.6,28134.8,28178.2,26002
2019-02-12 12:00:00+00:00,28178.3,28221.6,28169.8,28179.3,11776
2019-02-12 16:00:00+00:00,28178.8,28236.3,28155.8,28190.3,15000
2019-02-13 00:00:00+00:00,28233.6,28335.8,28151.1,28289.0,13941
2019-02-13 04:00:00+00:00,28289.1,28516.2,28220.1,28508.6,44253
2019-02-13 08:00:00+00:00,28509.1,28556.2,28398.4,28409.9,30047
2019-02-13 12:00:00+00:00,28409.9,28544.4,28383.4,28527.4,14576
2019-02-13 16:00:00+00:00,28527.4,28539.8,28370.4,28401.4,19368
2019-02-14 00:00:00+00:00,28342.4,28489.7,28324.7,28355.2,13837
2019-02-14 04:00:00+00:00,28353.7,28426.8,28267.3,28408.7,40784
2019-02-14 08:00:00+00:00,28408.9,28492.6,28337.6,28376.1,30626
2019-02-14 12:00:00+00:00,28376.1,28442.8,28314.6,28316.1,15506
2019-02-14 16:00:00+00:00,28316.1,28316.1,28154.1,28244.6,29830
2019-02-15 00:00:00+00:00,28205.6,28280.6,28118.4,28142.9,14404
2019-02-15 04:00:00+00:00,28143.4,28143.4,27887.2,27939.0,39865
2019-02-15 08:00:00+00:00,27939.0,27987.7,27830.7,27982.2,32379
2019-02-15 12:00:00+00:00,27982.2,28102.0,27958.7,28087.2,20315
2019-02-15 16:00:00+00:00,28087.2,28227.4,28082.2,28167.2,24326
2019-02-18 00:00:00+00:00,28216.9,28392.3,28178.8,28357.2,14594
2019-02-18 04:00:00+00:00,28357.4,28434.6,28290.3,28401.5,35955
2019-02-18 08:00:00+00:00,28400.6,28418.8,28310.8,28367.6,26170
2019-02-18 12:00:00+00:00,28367.6,28421.1,28361.1,28394.6,11207
2019-02-18 16:00:00+00:00,28394.6,28409.6,28357.6,28375.1,6904
2019-02-19 00:00:00+00:00,28375.9,28499.7,28320.1,28459.3,14836
2019-02-19 04:00:00+00:00,28460.0,28487.0,28219.3,28297.3,44146
2019-02-19 08:00:00+00:00,28296.8,28325.1,28126.3,28148.8,29767
2019-02-19 12:00:00+00:00,28148.8,28176.0,28090.3,28139.3,13515
2019-02-19 16:00:00+00:00,28139.3,28363.6,28118.8,28350.8,18040
2019-02-20 00:00:00+00:00,28374.1,28606.8,28357.1,28569.6,15320
2019-02-20 04:00:00+00:00,28569.4,28624.7,28350.1,28490.6,41782
2019-02-20 08:00:00+00:00,28490.9,28565.2,28465.9,28507.6,30164
2019-02-20 12:00:00+00:00,28507.6,28580.6,28502.6,28566.6,14330
2019-02-20 16:00:00+00:00,28566.6,28722.5,28558.6,28716.6,16562
2019-02-21 00:00:00+00:00,28552.7,28561.2,28353.0,28512.4,15207
2019-02-21 04:00:00+00:00,28512.4,28780.8,28475.0,28587.4,45651
2019-02-21 08:00:00+00:00,28587.8,28648.8,28513.8,28599.3,36092
2019-02-21 12:00:00+00:00,28599.3,28673.8,28584.8,28619.8,17681
2019-02-21 16:00:00+00:00,28619.8,28624.2,28447.3,28489.7,23589
2019-02-22 00:00:00+00:00,28526.9,28561.3,28412.6,28414.8,14910
2019-02-22 04:00:00+00:00,28414.6,28635.9,28410.1,28620.2,40569
2019-02-22 08:00:00+00:00,28620.2,28855.7,28591.7,28817.7,34229
2019-02-22 12:00:00+00:00,28817.7,28883.6,28773.7,28787.7,14532
2019-02-22 16:00:00+00:00,28787.7,28872.3,28763.7,28849.2,18249
2019-02-25 00:00:00+00:00,28945.8,29033.8,28811.8,28866.5,15410
2019-02-25 04:00:00+00:00,28866.8,28962.2,28754.5,28869.7,49736
2019-02-25 08:00:00+00:00,28869.8,29004.9,28851.8,28937.8,35430
2019-02-25 12:00:00+00:00,28937.8,28979.3,28932.3,28975.8,10352
2019-02-25 16:00:00+00:00,28975.8,29132.8,28975.8,29083.8,15722
2019-02-26 00:00:00+00:00,29002.8,29016.1,28820.5,28905.7,14842
2019-02-26 04:00:00+00:00,28905.9,28941.5,28747.5,28799.2,44863
2019-02-26 08:00:00+00:00,28799.0,28827.9,28703.0,28760.0,29418
2019-02-26 12:00:00+00:00,28760.0,28826.5,28753.5,28779.4,10998
2019-02-26 16:00:00+00:00,28779.4,28861.9,28752.0,28835.0,16076
2019-02-27 00:00:00+00:00,28868.0,28924.3,28811.2,28882.3,13727
2019-02-27 04:00:00+00:00,28883.2,29017.8,28826.2,28948.3,42982
2019-02-27 08:00:00+00:00,28948.7,28965.5,28660.7,28741.6,38658
2019-02-27 12:00:00+00:00,28741.6,28802.5,28713.6,28761.6,13406
2019-02-27 16:00:00+00:00,28761.6,28817.4,28671.1,28759.1,21534
2019-02-28 00:00:00+00:00,28719.6,28798.1,28631.8,28795.8,15456
2019-02-28 04:00:00+00:00,28795.8,28923.4,28704.9,28711.1,43280
2019-02-28 08:00:00+00:00,28710.9,28759.4,28574.6,28743.6,36723
2019-02-28 12:00:00+00:00,28743.6,28766.3,28694.6,28713.6,14251
2019-02-28 16:00:00+00:00,28713.6,28724.6,28590.6,28651.1,21704
2019-03-01 00:00:00+00:00,28772.7,28796.0,28663.7,28719.3,14832
2019-03-01 04:00:00+00:00,28721.0,28852.1,28674.4,28751.3,41800
2019-03-01 08:00:00+00:00,28751.3,28833.4,28733.8,28775.2,30644
2019-03-01 12:00:00+00:00,28775.2,28813.9,28751.3,28773.9,10821
2019-03-01 16:00:00+00:00,28773.9,28818.2,28654.3,28673.8,19247
2019-03-04 00:00:00+00:00,28833.2,28836.4,28731.6,28786.2,14739
2019-03-04 04:00:00+00:00,28786.5,29261.3,28773.4,29116.2,48865
2019-03-04 08:00:00+00:00,29116.3,29119.8,28849.6,28894.6,35784
2019-03-04 12:00:00+00:00,28894.6,28970.3,28884.1,28950.6,10956
2019-03-04 16:00:00+00:00,28950.6,28960.4,28624.1,28639.6,21378
2019-03-05 00:00:00+00:00,28778.6,28819.6,28683.4,28745.4,16288
2019-03-05 04:00:00+00:00,28744.6,28971.0,28724.6,28917.6,50386
2019-03-05 08:00:00+00:00,28917.6,28996.6,28876.1,28952.6,32707
2019-03-05 12:00:00+00:00,28952.8,28957.2,28854.1,28885.6,13720
2019-03-05 16:00:00+00:00,28885.6,29026.1,28858.1,28983.3,22756
2019-03-06 00:00:00+00:00,28905.4,29081.7,28878.9,28963.4,15004
2019-03-06 04:00:00+00:00,28963.5,29095.4,28936.9,29049.9,43264
2019-03-06 08:00:00+00:00,29050.0,29076.1,28952.7,29041.4,32530
2019-03-06 12:00:00+00:00,29041.5,29062.9,29016.7,29061.6,10010
2019-03-06 16:00:00+00:00,29061.6,29100.4,28999.7,29003.2,19959
2019-03-07 00:00:00+00:00,28935.1,29020.3,28871.7,28949.1,14582
2019-03-07 04:00:00+00:00,28949.2,29007.2,28761.3,28805.3,46951
2019-03-07 08:00:00+00:00,28807.0,28884.1,28712.0,28736.4,34632
2019-03-07 12:00:00+00:00,28736.5,28783.7,28693.0,28744.2,15184
2019-03-07 16:00:00+00:00,28744.0,28758.7,28491.5,28534.5,26994
2019-03-08 00:00:00+00:00,28467.4,28474.8,28293.0,28393.7,14870
2019-03-08 04:00:00+00:00,28393.9,28504.3,28298.7,28321.1,49824
2019-03-08 08:00:00+00:00,28321.3,28343.5,28174.2,28199.2,37008
2019-03-08 12:00:00+00:00,28199.2,28204.2,28065.2,28073.2,18557
2019-03-08 16:00:00+00:00,28074.3,28184.2,28013.2,28110.7,27025
2019-03-11 04:00:00+00:00,28150.9,28438.4,28143.8,28402.8,47593
2019-03-11 08:00:00+00:00,28406.0,28530.1,28358.0,28486.5,44732
2019-03-11 12:00:00+00:00,28455.2,28521.7,28448.0,28501.5,12610
2019-03-11 16:00:00+00:00,28501.5,28709.3,28465.5,28659.0,24445
2019-03-12 04:00:00+00:00,28719.9,28937.6,28715.6,28911.7,42094
2019-03-12 08:00:00+00:00,28913.3,28975.0,28795.5,28888.0,43245
2019-03-12 12:00:00+00:00,28901.5,28925.2,28804.0,28922.5,18052
2019-03-12 16:00:00+00:00,28922.5,28945.1,28822.0,28903.0,28139
2019-03-13 04:00:00+00:00,28837.2,28949.4,28695.7,28751.2,46607
2019-03-13 08:00:00+00:00,28735.5,28859.4,28717.4,28803.5,44935
2019-03-13 12:00:00+00:00,28821.2,28935.7,28817.2,28882.7,12472
2019-03-13 16:00:00+00:00,28882.7,28978.3,28872.7,28936.2,22119
2019-03-14 04:00:00+00:00,28844.4,28947.4,28661.7,28813.2,46464
2019-03-14 08:00:00+00:00,28798.9,28881.4,28747.4,28879.2,40959
2019-03-14 12:00:00+00:00,28911.2,28928.6,28788.7,28862.4,16784
2019-03-14 16:00:00+00:00,28862.6,28864.7,28741.7,28788.2,28234
2019-03-15 04:00:00+00:00,28870.3,29236.1,28818.8,29132.7,45667
2019-03-15 08:00:00+00:00,29130.3,29158.0,29000.8,29029.2,41234
2019-03-15 12:00:00+00:00,29049.5,29123.7,29037.8,29057.3,14104
2019-03-15 16:00:00+00:00,29057.3,29188.5,29029.3,29153.7,27465
2019-03-18 04:00:00+00:00,29073.9,29337.2,29030.4,29231.1,46402
2019-03-18 08:00:00+00:00,29241.6,29410.7,29228.6,29351.5,42870
2019-03-18 12:00:00+00:00,29350.2,29441.8,29332.6,29405.6,12834
2019-03-18 16:00:00+00:00,29405.6,29458.5,29349.6,29362.6,23866
2019-03-19 04:00:00+00:00,29381.7,29489.0,29323.9,29337.4,44644
2019-03-19 08:00:00+00:00,29335.8,29528.5,29332.9,29481.9,39077
2019-03-19 12:00:00+00:00,29505.9,29616.9,29501.9,29578.8,13241
2019-03-19 16:00:00+00:00,29578.8,29605.1,29473.9,29504.4,23967
2019-03-20 04:00:00+00:00,29344.2,29447.9,29251.6,29319.1,46490
2019-03-20 08:00:00+00:00,29329.1,29431.6,29280.6,29325.6,41060
2019-03-20 12:00:00+00:00,29311.4,29337.7,29265.9,29272.9,13994
2019-03-20 16:00:00+00:00,29272.9,29326.4,29140.9,29182.4,28031
2019-03-21 04:00:00+00:00,29344.5,29466.3,29326.7,29384.8,42914
2019-03-21 08:00:00+00:00,29387.6,29412.8,29061.9,29106.2,47054
2019-03-21 12:00:00+00:00,29073.2,29077.9,28918.7,28968.7,18284
2019-03-21 16:00:00+00:00,28968.7,29187.3,28966.2,29130.2,28895
2019-03-22 04:00:00+00:00,29223.5,29261.4,28830.4,28889.7,49329
2019-03-22 08:00:00+00:00,28910.4,29115.6,28903.9,29071.7,47718
2019-03-22 12:00:00+00:00,28942.4,28953.0,28858.4,28923.4,19767
2019-03-22 16:00:00+00:00,28923.4,28951.7,28620.9,28658.9,39145
2019-03-25 04:00:00+00:00,28489.7,28674.4,28416.2,28586.5,45304
2019-03-25 08:00:00+00:00,28591.5,28646.8,28437.9,28511.4,42759
2019-03-25 12:00:00+00:00,28562.4,28601.0,28517.9,28573.4,19823
2019-03-25 16:00:00+00:00,28573.4,28658.8,28491.9,28631.9,37403
2019-03-26 04:00:00+00:00,28748.7,28759.5,28526.4,28559.7,40920
2019-03-26 08:00:00+00:00,28560.0,28579.1,28415.9,28548.7,37621
2019-03-26 12:00:00+00:00,28548.9,28653.4,28535.4,28621.1,13560
2019-03-26 16:00:00+00:00,28621.2,28716.6,28601.4,28624.8,24907
2019-03-27 04:00:00+00:00,28615.0,28742.7,28542.8,28703.4,37481
2019-03-27 08:00:00+00:00,28706.8,28776.5,28657.5,28674.9,32553
2019-03-27 12:00:00+00:00,28678.6,28717.5,28627.0,28701.3,14843
2019-03-27 16:00:00+00:00,28701.4,28728.7,28517.5,28633.5,29852
2019-03-28 04:00:00+00:00,28569.9,28758.8,28533.9,28730.5,42960
2019-03-28 08:00:00+00:00,28725.4,28829.4,28670.1,28722.2,41758
2019-03-28 12:00:00+00:00,28758.8,28783.6,28703.6,28731.6,18197
2019-03-28 16:00:00+00:00,28731.7,28819.6,28694.6,28739.1,31720
2019-03-29 04:00:00+00:00,28768.8,29039.2,28731.9,28987.6,43484
2019-03-29 08:00:00+00:00,28988.7,29140.7,28982.1,29033.3,39517
2019-03-29 12:00:00+00:00,29021.4,29127.3,28996.1,29118.1,16355
2019-03-29 16:00:00+00:00,29117.6,29154.8,29034.1,29150.1,26731
2019-04-01 04:00:00+00:00,29384.7,29645.0,29383.0,29555.6,41170
2019-04-01 08:00:00+00:00,29547.2,29591.4,29511.0,29552.5,36021
2019-04-01 12:00:00+00:00,29550.7,29593.0,29530.0,29580.0,12370
2019-04-01 16:00:00+00:00,29580.0,29637.7,29533.5,29632.0,22060
2019-04-02 04:00:00+00:00,29629.0,29681.3,29546.4,29614.7,40784
2019-04-02 08:00:00+00:00,29617.0,29711.4,29580.7,29702.4,34616
2019-04-02 12:00:00+00:00,29670.9,29750.8,29669.9,29727.2,13450
2019-04-02 16:00:00+00:00,29727.3,29728.9,29606.9,29689.9,25368
2019-04-03 04:00:00+00:00,29748.5,29951.7,29716.2,29903.7,42472
2019-04-03 08:00:00+00:00,29933.6,30021.7,29873.2,29925.6,42183
2019-04-03 12:00:00+00:00,29928.4,29956.2,29912.7,29935.2,13400
2019-04-03 16:00:00+00:00,29935.2,30095.0,29922.7,30035.2,24433
2019-04-04 04:00:00+00:00,29970.6,30069.7,29777.4,29854.1,43534
2019-04-04 08:00:00+00:00,29847.6,30008.7,29828.9,29981.1,38651
2019-04-04 12:00:00+00:00,29949.1,30004.5,29944.6,29988.5,12134
2019-04-04 16:00:00+00:00,29988.5,30066.8,29974.1,30052.1,21017
2019-04-08 04:00:00+00:00,30110.2,30188.9,29995.9,30022.5,43252
2019-04-08 08:00:00+00:00,30027.5,30111.8,29934.9,30097.1,40761
2019-04-08 12:00:00+00:00,30083.9,30136.1,30070.4,30114.9,11179
2019-04-08 16:00:00+00:00,30114.9,30150.0,30053.4,30146.4,24316
2019-04-09 04:00:00+00:00,30121.8,30263.0,30042.8,30200.3,39907
2019-04-09 08:00:00+00:00,30197.8,30218.8,30096.8,30171.3,36127
2019-04-09 12:00:00+00:00,30186.8,30242.8,30131.8,30144.3,12702
2019-04-09 16:00:00+00:00,30144.3,30149.8,30055.3,30060.8,25516
2019-04-10 04:00:00+00:00,30047.4,30113.9,29914.6,30051.6,41509
2019-04-10 08:00:00+00:00,30052.6,30160.9,30044.1,30084.3,36413
2019-04-10 12:00:00+00:00,30102.7,30121.1,30046.1,30072.0,12039
2019-04-10 16:00:00+00:00,30072.0,30095.6,30002.1,30087.1,23375
2019-04-11 04:00:00+00:00,30142.6,30195.3,29772.0,29827.0,46371
2019-04-11 08:00:00+00:00,29830.4,29933.8,29786.5,29794.0,40751
2019-04-11 12:00:00+00:00,29833.7,29903.8,29832.2,29844.7,13384
2019-04-11 16:00:00+00:00,29844.7,29886.9,29765.7,29806.2,23196
2019-04-12 04:00:00+00:00,29870.8,29892.2,29680.4,29738.1,45408
2019-04-12 08:00:00+00:00,29749.3,29956.6,29690.1,29910.5,39583
2019-04-12 12:00:00+00:00,29958.6,30182.5,29943.1,30161.0,19649
2019-04-12 16:00:00+00:00,30161.0,30162.7,30060.1,30130.1,24045
2019-04-15 04:00:00+00:00,30129.2,30307.4,30002.4,30068.3,48573
2019-04-15 08:00:00+00:00,30064.5,30106.6,29740.2,29790.7,48282
2019-04-15 12:00:00+00:00,29814.7,29843.7,29789.7,29820.2,11262
2019-04-15 16:00:00+00:00,29820.2,29833.2,29656.2,29669.4,21552
2019-04-16 04:00:00+00:00,29779.5,30029.7,29670.5,30014.5,48346
2019-04-16 08:00:00+00:00,30021.5,30161.5,29964.3,30087.3,46466
2019-04-16 12:00:00+00:00,30081.8,30137.8,30060.8,30105.8,12673
2019-04-16 16:00:00+00:00,30105.8,30135.6,30058.3,30104.3,20895
2019-04-17 04:00:00+00:00,30130.3,30179.3,29983.8,30033.4,46858
2019-04-17 08:00:00+00:00,30042.3,30164.2,30040.1,30128.1,42341
2019-04-17 12:00:00+00:00,30119.1,30168.2,30103.1,30162.5,9324
2019-04-17 16:00:00+00:00,30162.5,30208.2,30018.1,30084.6,25987
2019-04-18 04:00:00+00:00,30017.2,30081.9,29889.2,29924.2,46247
2019-04-18 08:00:00+00:00,29922.8,29985.7,29860.2,29913.8,41759
2019-04-18 12:00:00+00:00,29952.3,30048.5,29943.7,30026.1,15644
2019-04-18 16:00:00+00:00,30026.2,30073.2,29988.2,30056.5,20518
2019-04-23 04:00:00+00:00,29907.4,29983.2,29728.9,29945.2,47290
2019-04-23 08:00:00+00:00,29947.4,30058.4,29817.8,29937.8,42895
2019-04-23 12:00:00+00:00,29923.5,29972.5,29891.5,29955.0,13137
2019-04-23 16:00:00+00:00,29955.0,30059.5,29907.5,30045.4,24588
2019-04-24 04:00:00+00:00,30093.6,30116.8,29639.3,29672.3,49677
2019-04-24 08:00:00+00:00,29682.4,29847.3,29682.1,29747.1,44871
2019-04-24 12:00:00+00:00,29784.3,29840.1,29763.6,29777.1,16372
2019-04-24 16:00:00+00:00,29777.1,29777.1,29610.1,29613.1,27431
2019-04-25 04:00:00+00:00,29667.2,29828.7,29613.2,29759.7,42972
2019-04-25 08:00:00+00:00,29763.7,29808.7,29492.2,29503.1,40881
2019-04-25 12:00:00+00:00,29548.6,29553.8,29462.5,29506.0,13511
2019-04-25 16:00:00+00:00,29506.0,29538.9,29402.5,29517.5,25331
2019-04-26 04:00:00+00:00,29485.1,29676.4,29472.6,29576.1,40183
2019-04-26 08:00:00+00:00,29580.4,29657.0,29489.2,29569.2,37378
2019-04-26 12:00:00+00:00,29549.6,29690.6,29544.7,29676.6,11527
2019-04-26 16:00:00+00:00,29676.7,29711.3,29599.2,29686.7,20492
2019-04-29 04:00:00+00:00,29700.8,29871.4,29618.7,29832.0,44591
2019-04-29 08:00:00+00:00,29843.5,29918.7,29790.7,29881.7,38442
2019-04-29 12:00:00+00:00,29854.2,29858.2,29805.2,29842.7,13055
2019-04-29 16:00:00+00:00,29842.7,29876.3,29810.7,29870.5,19029
2019-04-30 04:00:00+00:00,29782.6,29820.5,29570.9,29707.4,44126
2019-04-30 08:00:00+00:00,29698.5,29775.4,29613.4,29669.9,38902
2019-04-30 12:00:00+00:00,29684.5,29751.1,29673.9,29705.1,10516
2019-04-30 16:00:00+00:00,29705.3,29729.2,29612.9,29694.4,18581
2019-05-02 04:00:00+00:00,29632.2,29889.5,29596.3,29860.8,34216
2019-05-02 08:00:00+00:00,29847.4,29960.5,29829.3,29884.3,28811
2019-05-02 12:00:00+00:00,29909.8,29937.5,29856.8,29872.3,14826
2019-05-02 16:00:00+00:00,29872.3,29910.9,29696.3,29749.3,28437
2019-05-03 04:00:00+00:00,29787.7,29934.7,29635.9,29907.1,34265
2019-05-03 08:00:00+00:00,29942.9,30096.1,29942.9,30091.9,30625
2019-05-03 12:00:00+00:00,30072.6,30149.0,30052.4,30143.9,12136
2019-05-03 16:00:00+00:00,30144.1,30268.1,30115.4,30236.3,24803
2019-05-06 04:00:00+00:00,29331.0,29433.4,28916.0,29038.7,50191
2019-05-06 08:00:00+00:00,29135.1,29221.3,29025.8,29186.2,50192
2019-05-06 12:00:00+00:00,29175.0,29248.8,29152.3,29222.1,14817
2019-05-06 16:00:00+00:00,29222.1,29417.8,29154.8,29338.2,31328
2019-05-07 04:00:00+00:00,29340.9,29469.9,29223.8,29245.6,47965
2019-05-07 08:00:00+00:00,29254.1,29441.3,29157.6,29333.2,48070
2019-05-07 12:00:00+00:00,29282.5,29302.5,29146.8,29168.3,18185
2019-05-07 16:00:00+00:00,29168.3,29177.2,28853.3,28897.8,42744
2019-05-08 04:00:00+00:00,28889.8,29209.6,28887.8,29140.8,47508
2019-05-08 08:00:00+00:00,29158.3,29173.3,28920.0,29016.5,45862
2019-05-08 12:00:00+00:00,28943.3,28987.0,28750.8,28845.7,28842
2019-05-08 16:00:00+00:00,28846.8,29026.3,28765.8,28877.4,43406
2019-05-09 04:00:00+00:00,28825.4,28881.4,28404.2,28415.2,50591
2019-05-09 08:00:00+00:00,28413.2,28594.5,28238.2,28262.9,56073
2019-05-09 12:00:00+00:00,28348.8,28366.6,28244.7,28245.2,20194
2019-05-09 16:00:00+00:00,28245.2,28387.4,27986.2,28337.7,50663
2019-05-10 04:00:00+00:00,28533.8,28820.0,28364.0,28464.5,59378
2019-05-10 08:00:00+00:00,28362.3,28710.0,28170.0,28547.5,61764
2019-05-10 12:00:00+00:00,28559.4,28604.3,28317.5,28402.2,26582
2019-05-10 16:00:00+00:00,28402.3,28483.5,28131.5,28422.5,49526
2019-05-14 04:00:00+00:00,27943.1,28208.5,27887.6,28102.9,51596
2019-05-14 08:00:00+00:00,28111.3,28180.6,27999.4,28094.6,47825
2019-05-14 12:00:00+00:00,28146.0,28212.6,28066.4,28111.9,20136
2019-05-14 16:00:00+00:00,28111.4,28217.5,28028.4,28172.4,33515
2019-05-15 04:00:00+00:00,28078.5,28356.2,28068.5,28304.9,46158
2019-05-15 08:00:00+00:00,28313.7,28417.2,28215.7,28309.5,47544
2019-05-15 12:00:00+00:00,28375.2,28376.3,28121.2,28154.2,23252
2019-05-15 16:00:00+00:00,28154.2,28280.9,28094.2,28203.2,37198
2019-05-16 04:00:00+00:00,28065.1,28365.6,28004.9,28303.4,49781
2019-05-16 08:00:00+00:00,28277.9,28352.0,28236.9,28300.9,45748
2019-05-16 12:00:00+00:00,28319.4,28442.4,28269.9,28381.4,20966
2019-05-16 16:00:00+00:00,28381.4,28519.1,28345.9,28457.8,26212
2019-05-17 04:00:00+00:00,28431.1,28450.5,27924.5,28020.0,51004
2019-05-17 08:00:00+00:00,28010.7,28039.2,27868.0,27924.5,47046
2019-05-17 12:00:00+00:00,27902.1,27960.3,27814.5,27853.0,21539
2019-05-17 16:00:00+00:00,27853.0,27981.8,27825.0,27950.0,35283
2019-05-20 04:00:00+00:00,27981.5,28012.5,27701.5,27830.4,50474
2019-05-20 08:00:00+00:00,27816.5,27859.0,27728.0,27809.7,43669
2019-05-20 12:00:00+00:00,27681.7,27732.3,27549.7,27568.2,23945
2019-05-20 16:00:00+00:00,27568.2,27697.5,27512.7,27629.2,36894
2019-05-21 04:00:00+00:00,27680.7,27936.4,27628.5,27833.9,47400
2019-05-21 08:00:00+00:00,27824.2,27824.9,27569.2,27668.8,43198
2019-05-21 12:00:00+00:00,27661.8,27755.0,27653.7,27720.8,19209
2019-05-21 16:00:00+00:00,27720.9,27725.6,27604.2,27677.7,27148
2019-05-22 04:00:00+00:00,27675.7,27825.5,27643.7,27743.7,44507
2019-05-22 08:00:00+00:00,27725.1,27753.4,27620.5,27715.7,39979
2019-05-22 12:00:00+00:00,27730.6,27779.0,27573.2,27642.9,18010
2019-05-22 16:00:00+00:00,27643.0,27691.1,27606.2,27626.2,26684
2019-05-23 04:00:00+00:00,27397.3,27506.8,27251.8,27340.8,47403
2019-05-23 08:00:00+00:00,27339.3,27381.3,27159.1,27266.9,45792
2019-05-23 12:00:00+00:00,27257.1,27264.1,27163.6,27237.6,20136
2019-05-23 16:00:00+00:00,27236.6,27305.1,27158.1,27210.6,33513
2019-05-24 04:00:00+00:00,27316.6,27471.4,27271.3,27310.1,44343
2019-05-24 08:00:00+00:00,27326.2,27406.3,27302.6,27346.6,38643
2019-05-24 12:00:00+00:00,27359.6,27381.1,27324.1,27347.3,12799
2019-05-24 16:00:00+00:00,27347.4,27373.4,27198.1,27267.1,25020
2019-05-27 04:00:00+00:00,27275.3,27298.8,27080.5,27191.0,45038
2019-05-27 08:00:00+00:00,27198.0,27365.1,27173.7,27234.2,42404
2019-05-28 04:00:00+00:00,27275.0,27436.1,27198.7,27389.4,39242
2019-05-28 08:00:00+00:00,27390.1,27465.4,27311.7,27341.6,37845
2019-05-28 12:00:00+00:00,27355.6,27442.9,27336.9,27409.8,15505
2019-05-28 16:00:00+00:00,27410.1,27465.0,27344.9,27353.2,25517
2019-05-29 04:00:00+00:00,27207.0,27307.6,27159.3,27260.8,37576
2019-05-29 08:00:00+00:00,27260.1,27408.3,27205.3,27228.3,37712
2019-05-29 12:00:00+00:00,27220.9,27249.8,27192.3,27206.8,13115
2019-05-29 16:00:00+00:00,27206.8,27285.5,27184.8,27241.8,27480
2019-05-30 04:00:00+00:00,27265.9,27303.1,26988.4,27095.9,44711
2019-05-30 08:00:00+00:00,27091.4,27138.8,27018.4,27059.9,42762
2019-05-30 12:00:00+00:00,27090.1,27112.4,27053.9,27083.9,13202
2019-05-30 16:00:00+00:00,27082.9,27171.4,27065.4,27159.8,25260
2019-05-31 04:00:00+00:00,26958.5,27122.7,26954.2,27027.2,45916
2019-05-31 08:00:00+00:00,27017.9,27033.8,26812.2,26827.6,42790
2019-05-31 12:00:00+00:00,26832.7,26836.1,26723.7,26782.5,17648
2019-05-31 16:00:00+00:00,26782.6,26869.3,26735.7,26823.2,30229
2019-06-03 04:00:00+00:00,26839.5,26938.3,26689.7,26770.4,47833
2019-06-03 08:00:00+00:00,26765.0,26853.6,26740.0,26830.9,43861
2019-06-03 12:00:00+00:00,26849.8,26940.7,26845.5,26940.7,14949
2019-06-03 16:00:00+00:00,26940.8,26984.8,26885.5,26919.5,33029
2019-06-04 04:00:00+00:00,26975.9,26997.7,26645.2,26753.9,43551
2019-06-04 08:00:00+00:00,26750.2,26762.2,26620.2,26721.3,40362
2019-06-04 12:00:00+00:00,26757.5,26789.4,26697.9,26774.4,16360
2019-06-04 16:00:00+00:00,26775.1,26972.6,26757.9,26950.9,29416
2019-06-05 04:00:00+00:00,27028.1,27091.3,26816.9,26910.2,41769
2019-06-05 08:00:00+00:00,26895.9,26940.3,26752.9,26896.9,39554
2019-06-05 12:00:00+00:00,26888.9,26949.0,26840.7,26863.7,17971
2019-06-05 16:00:00+00:00,26863.7,26909.5,26760.2,26803.2,32470
2019-06-06 04:00:00+00:00,26860.6,26954.5,26788.1,26919.0,41055
2019-06-06 08:00:00+00:00,26915.6,26966.0,26811.1,26940.1,37232
2019-06-06 12:00:00+00:00,26935.0,26965.1,26885.6,26896.6,15347
2019-06-06 16:00:00+00:00,26896.6,26930.7,26860.1,26892.6,23457
2019-06-10 04:00:00+00:00,27152.3,27584.1,27106.3,27504.0,44385
2019-06-10 08:00:00+00:00,27514.6,27595.8,27497.0,27554.6,34897
2019-06-10 12:00:00+00:00,27526.7,27572.8,27522.5,27561.0,13200
2019-06-10 16:00:00+00:00,27561.0,27684.5,27516.5,27635.5,21579
2019-06-11 04:00:00+00:00,27603.2,27824.2,27567.7,27779.1,41043
2019-06-11 08:00:00+00:00,27772.6,27835.6,27735.1,27775.1,35209
2019-06-11 12:00:00+00:00,27774.1,27802.1,27755.6,27800.1,12778
2019-06-11 16:00:00+00:00,27799.6,27849.3,27687.1,27688.1,30015
2019-06-12 04:00:00+00:00,27623.2,27646.8,27296.7,27339.2,38651
2019-06-12 08:00:00+00:00,27332.2,27343.7,27188.7,27210.0,36360
2019-06-12 12:00:00+00:00,27219.3,27233.6,27128.2,27156.1,16328
2019-06-12 16:00:00+00:00,27156.2,27203.4,27053.7,27085.9,25439
2019-06-13 04:00:00+00:00,27154.2,27186.1,26787.0,27037.2,47223
2019-06-13 08:00:00+00:00,27034.7,27283.0,26962.7,27236.2,44875
2019-06-13 12:00:00+00:00,27264.5,27302.9,27238.5,27287.5,14249
2019-06-13 16:00:00+00:00,27287.5,27323.8,27140.5,27189.0,25746
2019-06-14 04:00:00+00:00,27163.2,27246.3,27049.4,27133.4,43958
2019-06-14 08:00:00+00:00,27139.1,27157.2,27031.9,27115.2,37237
2019-06-14 12:00:00+00:00,27121.4,27151.4,27061.4,27076.9,16048
2019-06-14 16:00:00+00:00,27076.9,27094.4,26986.9,27014.9,23107
2019-06-17 04:00:00+00:00,27121.5,27529.4,27118.0,27302.6,46107
2019-06-17 08:00:00+00:00,27304.3,27352.5,27202.3,27230.2,36442
2019-06-17 12:00:00+00:00,27236.9,27242.8,27175.3,27208.3,13401
2019-06-17 16:00:00+00:00,27208.3,27285.3,27177.3,27240.3,22617
2019-06-18 04:00:00+00:00,27291.0,27470.3,27174.0,27414.1,43125
2019-06-18 08:00:00+00:00,27412.8,27585.2,27377.1,27508.1,39109
2019-06-18 12:00:00+00:00,27551.6,27638.1,27513.6,27617.4,17045
2019-06-18 16:00:00+00:00,27617.5,28066.1,27615.6,27963.6,33790
2019-06-19 04:00:00+00:00,28050.4,28256.1,28022.4,28142.2,45610
2019-06-19 08:00:00+00:00,28160.2,28219.0,28118.7,28218.0,33531
2019-06-19 12:00:00+00:00,28188.2,28243.8,28168.0,28233.0,12005
2019-06-19 16:00:00+00:00,28233.0,28237.3,28145.5,28166.5,21131
2019-06-20 04:00:00+00:00,28351.6,28486.1,28252.3,28466.0,46424
2019-06-20 08:00:00+00:00,28472.6,28572.2,28384.5,28569.7,40088
2019-06-20 12:00:00+00:00,28590.2,28709.3,28580.0,28689.0,15986
2019-06-20 16:00:00+00:00,28689.0,28740.0,28494.5,28571.0,32642
2019-06-21 04:00:00+00:00,28505.9,28590.1,28430.9,28482.1,44324
2019-06-21 08:00:00+00:00,28463.1,28509.3,28356.6,28477.8,40647
2019-06-21 12:00:00+00:00,28485.1,28523.0,28425.1,28465.1,20188
2019-06-21 16:00:00+00:00,28465.1,28546.5,28420.6,28470.1,28894
2019-06-24 04:00:00+00:00,28462.3,28665.9,28378.1,28549.1,42026
2019-06-24 08:00:00+00:00,28524.8,28531.6,28445.3,28486.8,32583
2019-06-24 12:00:00+00:00,28491.3,28508.7,28459.8,28503.3,11191
2019-06-24 16:00:00+00:00,28503.3,28534.9,28476.8,28498.8,22033
2019-06-25 04:00:00+00:00,28448.0,28491.8,28114.5,28166.4,41693
2019-06-25 08:00:00+00:00,28118.3,28205.7,28083.5,28160.5,35339
2019-06-25 12:00:00+00:00,28157.0,28195.5,28151.5,28187.5,8145
2019-06-25 16:00:00+00:00,28187.5,28216.7,28109.5,28121.5,21457
2019-06-26 04:00:00+00:00,28133.2,28283.4,27996.9,28198.9,37963
2019-06-26 08:00:00+00:00,28183.9,28275.0,28172.9,28185.4,23081
2019-06-26 12:00:00+00:00,28339.9,28424.6,28297.9,28336.4,15159
2019-06-26 16:00:00+00:00,28336.4,28401.4,28313.4,28377.9,20458
2019-06-27 04:00:00+00:00,28365.3,28584.2,28299.1,28570.6,39646
2019-06-27 08:00:00+00:00,28563.7,28646.7,28508.6,28600.1,34496
2019-06-27 12:00:00+00:00,28587.5,28620.7,28447.6,28562.1,19866
2019-06-27 16:00:00+00:00,28562.1,28607.4,28501.6,28565.8,27368
2019-06-28 04:00:00+00:00,28592.3,28613.3,28415.8,28468.4,39927
2019-06-28 08:00:00+00:00,28459.5,28563.6,28423.8,28555.5,32065
2019-06-28 12:00:00+00:00,28573.0,28606.0,28548.0,28598.2,10627
2019-06-28 16:00:00+00:00,28598.6,28605.0,28525.0,28562.0,21910
2019-07-02 04:00:00+00:00,28874.2,28995.2,28726.7,28956.6,44107
2019-07-02 08:00:00+00:00,28971.9,28981.6,28845.4,28868.2,32237
2019-07-02 12:00:00+00:00,28869.7,28919.4,28855.2,28888.9,10472
2019-07-02 16:00:00+00:00,28889.0,28931.6,28826.2,28841.2,24988
2019-07-03 04:00:00+00:00,28776.1,28880.9,28709.6,28827.1,43122
2019-07-03 08:00:00+00:00,28816.8,28870.7,28757.1,28870.6,32727
2019-07-03 12:00:00+00:00,28883.8,28894.6,28820.1,28831.6,10299
2019-07-03 16:00:00+00:00,28831.6,28911.3,28809.1,28909.6,19725
2019-07-04 04:00:00+00:00,28882.3,29025.4,28805.7,28847.5,43038
2019-07-04 08:00:00+00:00,28843.0,28901.0,28776.0,28786.2,31934
2019-07-04 12:00:00+00:00,28805.0,28821.0,28791.5,28810.0,7151
2019-07-04 16:00:00+00:00,28810.0,28813.0,28764.0,28781.5,8104
2019-07-05 04:00:00+00:00,28819.2,28898.4,28697.8,28812.2,40913
2019-07-05 08:00:00+00:00,28817.0,28855.4,28715.7,28715.7,29269
2019-07-05 12:00:00+00:00,28711.2,28736.7,28543.2,28572.2,14027
2019-07-05 16:00:00+00:00,28572.2,28628.7,28479.2,28596.7,29980
2019-07-08 04:00:00+00:00,28560.0,28560.0,28159.7,28262.9,46038
2019-07-08 08:00:00+00:00,28257.4,28333.1,28167.7,28307.2,37926
2019-07-08 12:00:00+00:00,28273.2,28327.2,28254.7,28306.0,13361
2019-07-08 16:00:00+00:00,28306.1,28387.2,28289.7,28339.2,24100
2019-07-09 04:00:00+00:00,28354.5,28358.8,28038.8,28074.3,44826
2019-07-09 08:00:00+00:00,28084.8,28152.3,28049.8,28052.0,36380
2019-07-09 12:00:00+00:00,28038.4,28108.5,28038.3,28095.3,12263
2019-07-09 16:00:00+00:00,28095.3,28184.1,28064.3,28164.8,21817
2019-07-10 04:00:00+00:00,28231.4,28293.3,28097.3,28161.8,41324
2019-07-10 08:00:00+00:00,28156.3,28198.6,28109.5,28155.3,32384
2019-07-10 12:00:00+00:00,28154.3,28358.0,28086.3,28352.1,17918
2019-07-10 16:00:00+00:00,28351.3,28402.0,28255.8,28314.3,31928
2019-07-11 04:00:00+00:00,28349.9,28566.5,28318.9,28511.0,38679
2019-07-11 08:00:00+00:00,28515.6,28522.6,28354.8,28413.3,35010
2019-07-11 12:00:00+00:00,28443.9,28459.5,28331.8,28384.8,15697
2019-07-11 16:00:00+00:00,28384.8,28421.0,28263.8,28336.3,28535
2019-07-12 04:00:00+00:00,28339.6,28571.5,28325.3,28534.3,43488
2019-07-12 08:00:00+00:00,28520.9,28536.5,28444.9,28496.4,32469
2019-07-12 12:00:00+00:00,28484.4,28494.9,28430.4,28439.4,12314
2019-07-12 16:00:00+00:00,28439.6,28453.9,28372.4,28434.4,20657
2019-07-15 04:00:00+00:00,28324.0,28568.0,28022.7,28532.5,49259
2019-07-15 08:00:00+00:00,28522.5,28554.2,28459.7,28488.1,33602
2019-07-15 12:00:00+00:00,28486.7,28540.1,28461.7,28520.2,10660
2019-07-15 16:00:00+00:00,28520.2,28529.7,28482.7,28503.8,18599
2019-07-16 04:00:00+00:00,28611.5,28616.3,28446.2,28567.5,41869
2019-07-16 08:00:00+00:00,28561.7,28633.1,28539.7,28603.7,30796
2019-07-16 12:00:00+00:00,28586.7,28627.7,28559.7,28581.2,12358
2019-07-16 16:00:00+00:00,28581.2,28600.4,28478.2,28512.9,21119
2019-07-17 04:00:00+00:00,28397.7,28558.4,28333.7,28514.8,40500
2019-07-17 08:00:00+00:00,28514.0,28623.7,28498.0,28593.5,29929
2019-07-17 12:00:00+00:00,28585.5,28615.0,28528.0,28543.7,10574
2019-07-17 16:00:00+00:00,28543.8,28565.5,28413.0,28480.0,24871
2019-07-18 04:00:00+00:00,28300.2,28501.5,28298.4,28449.3,41231
2019-07-18 08:00:00+00:00,28427.6,28450.3,28378.7,28409.4,31324
2019-07-18 12:00:00+00:00,28424.2,28487.8,28414.7,28418.2,14030
2019-07-18 16:00:00+00:00,28418.2,28462.0,28371.7,28406.2,24105
2019-07-19 04:00:00+00:00,28614.7,28820.1,28572.1,28785.5,37819
2019-07-19 08:00:00+00:00,28782.3,28802.1,28740.9,28799.2,29184
2019-07-19 12:00:00+00:00,28758.9,28771.5,28713.4,28747.9,14396
2019-07-19 16:00:00+00:00,28747.9,28749.1,28666.4,28722.4,23876
2019-07-22 04:00:00+00:00,28612.9,28677.4,28482.7,28531.9,43309
2019-07-22 08:00:00+00:00,28538.7,28566.7,28266.2,28356.8,37535
2019-07-22 12:00:00+00:00,28354.2,28425.4,28342.2,28413.7,12851
2019-07-22 16:00:00+00:00,28413.7,28430.0,28347.2,28386.7,25436
2019-07-23 04:00:00+00:00,28407.8,28467.7,28275.7,28383.1,38024
2019-07-23 08:00:00+00:00,28387.3,28473.9,28377.7,28443.7,26415
2019-07-23 12:00:00+00:00,28456.8,28520.4,28433.7,28514.2,11066
2019-07-23 16:00:00+00:00,28514.2,28514.2,28426.2,28451.2,22434
2019-07-24 04:00:00+00:00,28610.3,28760.0,28530.3,28720.9,36090
2019-07-24 08:00:00+00:00,28717.1,28717.8,28501.7,28529.1,32800
2019-07-24 12:00:00+00:00,28511.6,28537.8,28476.4,28503.9,13035
2019-07-24 16:00:00+00:00,28502.9,28567.4,28489.4,28542.9,21738
2019-07-25 04:00:00+00:00,28574.4,28639.7,28509.0,28586.0,35619
2019-07-25 08:00:00+00:00,28589.0,28616.6,28569.8,28572.9,25144
2019-07-25 12:00:00+00:00,28560.6,28650.6,28557.0,28613.5,14710
2019-07-25 16:00:00+00:00,28613.5,28614.5,28345.0,28387.5,35551
2019-07-26 04:00:00+00:00,28327.8,28469.4,28295.8,28436.8,32253
2019-07-26 08:00:00+00:00,28431.6,28459.3,28355.6,28374.6,26560
2019-07-26 12:00:00+00:00,28390.0,28416.6,28341.1,28381.1,8562
2019-07-26 16:00:00+00:00,28381.1,28400.7,28316.6,28354.6,19783
2019-07-29 04:00:00+00:00,28240.9,28314.4,27983.1,28027.3,31547
2019-07-29 08:00:00+00:00,28007.1,28132.6,27926.1,28122.9,26363
2019-07-29 12:00:00+00:00,28111.6,28145.6,28084.6,28125.1,7894
2019-07-29 16:00:00+00:00,28125.1,28157.9,28046.6,28087.6,13188
2019-07-30 04:00:00+00:00,28114.3,28258.0,28066.6,28166.1,33451
2019-07-30 08:00:00+00:00,28161.7,28202.0,28132.6,28153.3,24443
2019-07-30 12:00:00+00:00,28110.1,28116.2,27945.6,27957.1,20123
2019-07-30 16:00:00+00:00,27957.1,27957.1,27845.1,27868.6,29270
2019-07-31 04:00:00+00:00,27959.6,27961.1,27667.3,27800.1,42871
2019-07-31 08:00:00+00:00,27796.1,27849.1,27760.6,27791.6,10982
2019-08-01 04:00:00+00:00,27624.4,27733.8,27451.0,27573.8,39342
2019-08-01 08:00:00+00:00,27568.1,27586.9,27485.5,27503.8,33002
2019-08-01 12:00:00+00:00,27583.0,27590.2,27526.0,27551.5,17108
2019-08-01 16:00:00+00:00,27551.5,27706.9,27499.0,27683.5,31152
2019-08-02 04:00:00+00:00,26862.9,27006.6,26843.9,26874.5,42065
2019-08-02 08:00:00+00:00,26891.6,26967.8,26838.2,26868.3,39976
2019-08-02 12:00:00+00:00,26836.4,26921.4,26696.9,26810.1,26114
2019-08-02 16:00:00+00:00,26809.9,26933.5,26615.9,26669.9,48617
2019-08-05 04:00:00+00:00,26608.2,26608.2,26058.4,26156.7,53195
2019-08-05 08:00:00+00:00,26153.4,26207.3,26082.7,26086.9,42063
2019-08-05 12:00:00+00:00,26054.5,26174.9,26021.4,26034.4,28926
2019-08-05 16:00:00+00:00,26034.6,26057.9,25524.9,25529.9,47205
2019-08-06 04:00:00+00:00,25395.5,26005.2,25375.4,25972.9,58108
2019-08-06 08:00:00+00:00,25926.7,26080.0,25795.4,26028.6,55046
2019-08-06 12:00:00+00:00,26022.5,26138.2,25990.4,25999.6,28659
2019-08-06 16:00:00+00:00,25999.7,26120.1,25778.4,25813.2,48326
2019-08-07 04:00:00+00:00,25922.1,26005.0,25691.6,25867.1,52416
2019-08-07 08:00:00+00:00,25866.9,26014.1,25801.9,26003.1,44934
2019-08-07 12:00:00+00:00,26017.6,26057.8,25757.6,25769.8,26387
2019-08-07 16:00:00+00:00,25769.9,25954.8,25653.1,25897.1,56061
2019-08-08 04:00:00+00:00,25981.5,26304.7,25912.5,26127.5,47238
2019-08-08 08:00:00+00:00,26099.5,26175.5,26038.5,26088.8,37278
2019-08-08 12:00:00+00:00,26096.5,26105.4,26010.5,26100.4,19275
2019-08-08 16:00:00+00:00,26100.5,26236.3,26072.5,26235.3,31111
2019-08-09 04:00:00+00:00,26158.9,26266.1,25932.4,26037.9,44954
2019-08-09 08:00:00+00:00,26029.0,26118.3,25881.9,25935.7,38245
2019-08-09 12:00:00+00:00,25948.9,25984.0,25826.4,25902.5,22072
2019-08-09 16:00:00+00:00,25902.7,25969.6,25703.9,25824.8,40157
2019-08-12 04:00:00+00:00,25811.4,26074.4,25800.3,25929.3,42436
2019-08-12 08:00:00+00:00,25907.2,25980.0,25626.6,25634.6,38404
2019-08-12 12:00:00+00:00,25576.6,25585.8,25284.1,25337.1,30295
2019-08-12 16:00:00+00:00,25337.1,25458.5,25288.6,25388.6,39080
2019-08-13 04:00:00+00:00,25471.8,25602.5,25315.5,25354.3,42143
2019-08-13 08:00:00+00:00,25342.3,25398.5,25236.3,25275.8,40098
2019-08-13 12:00:00+00:00,25225.8,25244.4,25124.8,25194.7,26051
2019-08-13 16:00:00+00:00,25194.7,25977.0,25173.8,25668.3,46270
2019-08-14 04:00:00+00:00,25705.0,25721.5,25327.3,25376.0,43218
2019-08-14 08:00:00+00:00,25408.0,25444.6,25149.0,25286.0,38297
2019-08-14 12:00:00+00:00,25196.7,25286.7,24977.0,25023.0,32994
2019-08-14 16:00:00+00:00,25023.0,25057.2,24904.0,24916.0,43123
2019-08-15 04:00:00+00:00,24955.0,25415.8,24883.7,25205.5,47633
2019-08-15 08:00:00+00:00,25217.5,25516.2,25193.7,25475.9,47061
2019-08-15 12:00:00+00:00,25301.2,25525.9,25147.2,25385.2,41491
2019-08-15 16:00:00+00:00,25382.7,25432.8,25232.2,25383.2,42600
2019-08-16 04:00:00+00:00,25414.1,25691.7,25275.7,25661.2,47338
2019-08-16 08:00:00+00:00,25654.7,25772.3,25604.7,25678.6,42479
2019-08-16 12:00:00+00:00,25723.0,25742.4,25616.5,25624.5,23030
2019-08-16 16:00:00+00:00,25624.5,25731.2,25575.0,25700.0,31588
2019-08-19 04:00:00+00:00,25894.0,26213.9,25884.0,26163.7,41019
2019-08-19 08:00:00+00:00,26181.5,26324.7,26178.2,26238.3,37691
2019-08-19 12:00:00+00:00,26241.7,26424.0,26226.7,26389.7,18952
2019-08-19 16:00:00+00:00,26389.7,26389.8,26167.2,26180.2,25192
2019-08-20 04:00:00+00:00,26146.9,26322.3,26100.4,26258.1,41406
2019-08-20 08:00:00+00:00,26256.4,26330.8,26157.6,26260.9,37638
2019-08-20 12:00:00+00:00,26220.6,26277.2,26199.1,26216.1,17060
2019-08-20 16:00:00+00:00,26216.1,26226.6,26080.1,26148.1,32033
2019-08-21 04:00:00+00:00,26118.5,26260.0,26062.1,26228.9,37434
2019-08-21 08:00:00+00:00,26225.1,26314.1,26191.6,26278.0,32604
2019-08-21 12:00:00+00:00,26315.4,26333.4,26286.4,26328.9,14524
2019-08-21 16:00:00+00:00,26328.9,26346.3,26247.9,26302.4,24597
2019-08-22 04:00:00+00:00,26289.6,26297.1,25955.9,26006.9,42831
2019-08-22 08:00:00+00:00,26014.6,26036.4,25940.4,25998.6,36653
2019-08-22 12:00:00+00:00,25972.1,26030.4,25866.9,26006.4,19397
2019-08-22 16:00:00+00:00,26006.4,26023.3,25849.9,25952.9,30301
2019-08-23 04:00:00+00:00,26003.9,26188.2,25907.1,26132.6,40583
2019-08-23 08:00:00+00:00,26128.6,26220.2,26118.9,26147.8,32215
2019-08-23 12:00:00+00:00,26150.9,26155.1,25801.9,25866.1,24376
2019-08-23 16:00:00+00:00,25866.3,26038.3,25491.9,25543.4,52422
2019-08-26 04:00:00+00:00,25414.3,25490.5,25194.3,25410.8,43864
2019-08-26 08:00:00+00:00,25384.8,25765.3,25314.5,25701.5,49619
2019-08-26 12:00:00+00:00,25770.4,25913.0,25729.3,25792.3,31849
2019-08-26 16:00:00+00:00,25791.3,25798.3,25612.3,25733.8,36833
2019-08-27 04:00:00+00:00,25752.0,25824.7,25578.0,25684.0,39592
2019-08-27 08:00:00+00:00,25674.7,25689.8,25554.2,25663.2,35164
2019-08-27 12:00:00+00:00,25717.7,25850.4,25669.2,25849.7,17538
2019-08-27 16:00:00+00:00,25849.7,25883.3,25704.2,25707.1,28443
2019-08-28 04:00:00+00:00,25805.1,25877.3,25580.8,25669.8,37763
2019-08-28 08:00:00+00:00,25668.3,25689.6,25574.8,25638.8,26275
2019-08-28 12:00:00+00:00,25620.3,25672.9,25551.8,25604.8,17114
2019-08-28 16:00:00+00:00,25604.8,25698.9,25527.3,25694.2,24432
2019-08-29 04:00:00+00:00,25589.7,25596.6,25335.5,25506.5,39840
2019-08-29 08:00:00+00:00,25521.5,25728.1,25492.0,25714.8,45890
2019-08-29 12:00:00+00:00,25794.1,25909.1,25780.5,25833.5,18747
2019-08-29 16:00:00+00:00,25833.0,25899.5,25771.5,25887.5,24140
2019-08-30 04:00:00+00:00,25966.9,26005.8,25773.2,25862.6,41432
2019-08-30 08:00:00+00:00,25845.3,25868.9,25483.2,25677.2,44520
2019-08-30 12:00:00+00:00,25743.3,25778.4,25693.2,25747.2,13025
2019-08-30 16:00:00+00:00,25747.2,25747.2,25555.7,25594.1,27838
2019-09-02 04:00:00+00:00,25476.6,25640.2,25451.4,25561.5,40159
2019-09-02 08:00:00+00:00,25560.7,25604.7,25475.4,25561.7,32890
2019-09-02 12:00:00+00:00,25543.5,25626.9,25538.4,25561.4,9938
2019-09-02 16:00:00+00:00,25561.4,25567.4,25411.9,25444.4,13285
2019-09-03 04:00:00+00:00,25406.8,25718.7,25406.8,25556.3,41319
2019-09-03 08:00:00+00:00,25569.2,25578.1,25448.1,25523.3,41298
2019-09-03 12:00:00+00:00,25523.6,25542.3,25448.6,25531.6,17783
2019-09-03 16:00:00+00:00,25531.6,25620.3,25465.1,25566.1,31762
2019-09-04 04:00:00+00:00,25579.3,25929.7,25579.3,25787.3,39892
2019-09-04 08:00:00+00:00,25849.7,26675.1,25818.0,26524.1,57202
2019-09-04 12:00:00+00:00,26507.5,26508.2,26264.5,26402.5,23086
2019-09-04 16:00:00+00:00,26402.5,26430.0,26310.5,26412.0,26631
2019-09-05 04:00:00+00:00,26506.9,26694.4,26433.9,26592.2,9958
2019-09-05 08:00:00+00:00,26609.3,26720.7,26473.7,26486.2,633
2019-09-06 04:00:00+00:00,26685.74,26796.74,26629.41,26650.34,23351
2019-09-06 08:00:00+00:00,26624.74,26688.74,26528.41,26615.74,30001
2019-09-06 12:00:00+00:00,26630.08,26724.41,26545.08,26642.74,14693
2019-09-06 16:00:00+00:00,26642.74,26705.41,26608.74,26682.41,17306
2019-09-06 20:00:00+00:00,26682.74,26704.74,26657.41,26680.74,3643
2019-09-09 04:00:00+00:00,26722.59,26823.0,26614.5,26684.7,39782
2019-09-09 08:00:00+00:00,26667.1,26739.9,26635.0,26679.3,29386
2019-09-09 12:00:00+00:00,26689.2,26718.6,26666.0,26700.0,8303
2019-09-09 16:00:00+00:00,26698.5,26775.6,26666.6,26711.0,17248
2019-09-10 04:00:00+00:00,26795.0,26914.3,26630.1,26693.4,38560
2019-09-10 08:00:00+00:00,26683.2,26740.7,26642.9,26661.1,30319
2019-09-10 12:00:00+00:00,26713.9,26790.0,26704.9,26776.9,14451
2019-09-10 16:00:00+00:00,26776.9,26885.9,26746.9,26858.4,23162
2019-09-11 04:00:00+00:00,26807.5,27159.2,26702.6,27061.6,43211
2019-09-11 08:00:00+00:00,27082.6,27182.8,27041.8,27135.8,41534
2019-09-11 12:00:00+00:00,27092.6,27138.8,27069.6,27135.1,11264
2019-09-11 16:00:00+00:00,27135.1,27193.8,27097.1,27176.1,19431
2019-09-12 04:00:00+00:00,27314.4,27331.5,26947.0,27101.6,39865
2019-09-12 08:00:00+00:00,27101.3,27166.8,27049.6,27079.4,34160
2019-09-12 12:00:00+00:00,27062.6,27118.2,26987.1,27080.1,18228
2019-09-12 16:00:00+00:00,27080.1,27244.7,26982.6,27143.6,31857
2019-09-13 04:00:00+00:00,27195.8,27225.4,27087.9,27196.2,27725
2019-09-13 08:00:00+00:00,27216.5,27386.9,27195.4,27316.4,30167
2019-09-13 12:00:00+00:00,27304.4,27376.3,27291.9,27328.4,11856
2019-09-13 16:00:00+00:00,27328.4,27392.5,27307.9,27333.9,19840
2019-09-16 04:00:00+00:00,27167.2,27207.4,26956.2,27073.4,39466
2019-09-16 08:00:00+00:00,27058.7,27114.2,27004.2,27054.2,31219
2019-09-16 12:00:00+00:00,27054.9,27085.0,27037.2,27063.2,12311
2019-09-16 16:00:00+00:00,27063.2,27086.8,26976.2,26993.7,22032
2019-09-17 04:00:00+00:00,26997.9,27005.5,26822.3,26857.2,36135
2019-09-17 08:00:00+00:00,26839.5,26839.5,26663.2,26738.0,34522
2019-09-17 12:00:00+00:00,26737.8,26750.9,26695.7,26713.2,10186
2019-09-17 16:00:00+00:00,26713.2,26837.2,26688.7,26802.7,21056
2019-09-18 04:00:00+00:00,26817.5,26896.9,26756.2,26794.9,35569
2019-09-18 08:00:00+00:00,26788.6,26812.0,26714.1,26716.6,29812
2019-09-18 12:00:00+00:00,26718.6,26758.5,26714.1,26756.6,7102
2019-09-18 16:00:00+00:00,26756.6,26770.6,26702.6,26718.1,12429
2019-09-19 04:00:00+00:00,26755.1,26819.1,26400.9,26405.5,41119
2019-09-19 08:00:00+00:00,26398.8,26498.4,26335.7,26472.3,38719
2019-09-19 12:00:00+00:00,26504.8,26554.8,26474.2,26553.2,11438
2019-09-19 16:00:00+00:00,26553.2,26608.5,26529.7,26565.2,17539
2019-09-20 04:00:00+00:00,26535.4,26587.3,26457.6,26490.8,34694
2019-09-20 08:00:00+00:00,26478.1,26525.9,26397.1,26407.8,33684
2019-09-20 12:00:00+00:00,26423.7,26459.6,26369.1,26404.1,11791
2019-09-20 16:00:00+00:00,26404.1,26435.6,26364.6,26401.6,18288
2019-09-23 04:00:00+00:00,26419.4,26517.5,26190.3,26214.5,39095
2019-09-23 08:00:00+00:00,26212.5,26342.1,26117.8,26118.3,38117
2019-09-23 12:00:00+00:00,26133.0,26186.9,26130.5,26176.3,12324
2019-09-23 16:00:00+00:00,26176.4,26266.7,26162.0,26234.0,23968
2019-09-24 04:00:00+00:00,26326.7,26422.9,26219.2,26314.4,37284
2019-09-24 08:00:00+00:00,26321.4,26340.1,26250.4,26279.9,30485
2019-09-24 12:00:00+00:00,26302.9,26309.4,26268.9,26280.4,8629
2019-09-24 16:00:00+00:00,26280.9,26293.4,26081.4,26084.4,26219
2019-09-25 04:00:00+00:00,26123.8,26231.9,25917.7,26033.9,43964
2019-09-25 08:00:00+00:00,26017.8,26048.0,25897.4,25900.3,32391
2019-09-25 12:00:00+00:00,25866.1,25948.2,25853.4,25939.4,10957
2019-09-25 16:00:00+00:00,25939.4,25997.5,25847.4,25961.8,28355
2019-09-26 04:00:00+00:00,26027.7,26099.3,25951.7,25982.7,33391
2019-09-26 08:00:00+00:00,25972.4,26033.7,25918.4,26019.2,26648
2019-09-26 12:00:00+00:00,26046.2,26050.7,25978.7,26008.2,8080
2019-09-26 16:00:00+00:00,26008.2,26015.2,25890.7,25925.2,21762
2019-09-27 04:00:00+00:00,25939.8,26025.2,25797.5,25966.2,38052
2019-09-27 08:00:00+00:00,25958.4,26037.6,25908.9,25981.7,31288
2019-09-27 12:00:00+00:00,25964.4,25999.8,25944.4,25979.4,11222
2019-09-27 16:00:00+00:00,25979.4,26033.0,25721.9,25734.6,33008
2019-09-30 04:00:00+00:00,25849.7,26074.3,25765.9,26068.1,37741
2019-09-30 08:00:00+00:00,26045.7,26154.7,25999.7,26051.7,38235
2019-09-30 12:00:00+00:00,26046.7,26069.6,25955.7,25976.7,13694
2019-09-30 16:00:00+00:00,25976.7,26070.7,25972.2,26035.7,19590
2019-10-02 04:00:00+00:00,25818.6,26014.0,25753.4,25998.1,34392
2019-10-02 08:00:00+00:00,25995.7,26088.3,25953.7,25954.5,34897
2019-10-02 12:00:00+00:00,25902.7,25915.2,25819.7,25827.7,18060
2019-10-02 16:00:00+00:00,25827.7,25842.5,25692.7,25715.7,33446
2019-10-03 04:00:00+00:00,25714.8,25984.3,25714.0,25927.1,34988
2019-10-03 08:00:00+00:00,25924.7,26222.0,25880.1,26156.1,37312
2019-10-03 12:00:00+00:00,26122.9,26160.6,26077.4,26083.4,16965
2019-10-03 16:00:00+00:00,26082.4,26132.2,25961.9,26117.9,36914
2019-10-04 04:00:00+00:00,26114.0,26179.1,25896.2,25972.7,35845
2019-10-04 08:00:00+00:00,25984.9,26038.1,25572.7,25783.0,46083
2019-10-04 12:00:00+00:00,25768.7,25785.6,25628.7,25783.1,20339
2019-10-04 16:00:00+00:00,25783.1,25811.3,25656.2,25713.2,31096
2019-10-08 04:00:00+00:00,25865.2,26212.5,25704.8,26017.9,45494
2019-10-08 08:00:00+00:00,26008.3,26034.5,25851.5,25877.5,44033
2019-10-08 12:00:00+00:00,25874.7,25890.9,25694.0,25736.0,22284
2019-10-08 16:00:00+00:00,25736.0,25771.9,25633.0,25706.0,30334
2019-10-09 04:00:00+00:00,25707.9,25880.6,25663.8,25733.8,38230
2019-10-09 08:00:00+00:00,25736.2,25784.3,25645.9,25667.6,37758
2019-10-09 12:00:00+00:00,25788.6,25852.1,25760.1,25788.1,19884
2019-10-09 16:00:00+00:00,25787.6,25799.7,25727.1,25782.6,22670
2019-10-10 04:00:00+00:00,25533.3,25807.4,25484.8,25715.9,43637
2019-10-10 08:00:00+00:00,25722.2,25806.6,25669.5,25778.7,40128
2019-10-10 12:00:00+00:00,25762.0,25792.4,25728.5,25751.0,14497
2019-10-10 16:00:00+00:00,25751.0,25963.5,25743.5,25898.0,28899
2019-10-11 04:00:00+00:00,25908.7,26308.5,25908.7,26290.8,41336
2019-10-11 08:00:00+00:00,26313.3,26424.5,26283.3,26381.6,41623
2019-10-11 12:00:00+00:00,26454.0,26521.1,26397.0,26491.5,15484
2019-10-11 16:00:00+00:00,26491.5,26654.2,26461.0,26533.4,29244
2019-10-14 04:00:00+00:00,26494.2,26645.0,26357.2,26572.3,42830
2019-10-14 08:00:00+00:00,26568.5,26591.4,26470.1,26514.1,37167
2019-10-14 12:00:00+00:00,26515.1,26526.9,26363.6,26452.6,15975
2019-10-14 16:00:00+00:00,26452.6,26526.3,26438.6,26466.5,19549
2019-10-15 04:00:00+00:00,26551.6,26615.8,26434.1,26507.9,37658
2019-10-15 08:00:00+00:00,26507.6,26517.4,26414.9,26462.1,32771
2019-10-15 12:00:00+00:00,26466.1,26488.9,26443.6,26459.8,10807
2019-10-15 16:00:00+00:00,26459.9,26699.6,26449.6,26602.6,20618
2019-10-16 04:00:00+00:00,26551.7,26721.5,26365.5,26482.9,43848
2019-10-16 08:00:00+00:00,26525.6,26699.2,26522.6,26605.9,39552
2019-10-16 12:00:00+00:00,26611.8,26688.8,26581.3,26668.8,12208
2019-10-16 16:00:00+00:00,26668.8,26742.2,26631.3,26712.7,18681
2019-10-17 04:00:00+00:00,26722.8,26971.9,26694.2,26861.2,38334
2019-10-17 08:00:00+00:00,26850.5,26886.3,26754.9,26866.2,33102
2019-10-17 12:00:00+00:00,26867.9,27000.2,26850.4,26915.4,18895
2019-10-17 16:00:00+00:00,26915.4,26937.3,26838.4,26872.4,22712
2019-10-18 04:00:00+00:00,26855.0,27000.8,26741.6,26808.8,39735
2019-10-18 08:00:00+00:00,26816.8,26822.3,26644.1,26660.1,36043
2019-10-18 12:00:00+00:00,26679.8,26740.2,26672.8,26703.8,9179
2019-10-18 16:00:00+00:00,26703.8,26740.3,26589.3,26655.3,22487
2019-10-21 04:00:00+00:00,26703.7,26831.7,26638.0,26788.1,37585
2019-10-21 08:00:00+00:00,26786.2,26790.1,26683.8,26686.2,30692
2019-10-21 12:00:00+00:00,26674.6,26746.6,26640.1,26731.5,10442
2019-10-21 16:00:00+00:00,26731.5,26756.6,26674.6,26731.1,19120
2019-10-22 04:00:00+00:00,26781.5,26884.9,26705.3,26786.5,37444
2019-10-22 08:00:00+00:00,26786.3,26828.8,26754.3,26760.8,29837
2019-10-22 12:00:00+00:00,26768.3,26828.8,26760.3,26811.3,8139
2019-10-22 16:00:00+00:00,26811.3,26860.8,26809.8,26846.3,14202
2019-10-23 04:00:00+00:00,26775.9,26811.6,26449.5,26504.5,38988
2019-10-23 08:00:00+00:00,26501.5,26565.7,26488.0,26522.5,33996
2019-10-23 12:00:00+00:00,26523.2,26570.2,26474.0,26519.0,12855
2019-10-23 16:00:00+00:00,26519.0,26605.2,26517.0,26590.5,18338
2019-10-24 04:00:00+00:00,26643.4,26723.4,26550.4,26684.6,38509
2019-10-24 08:00:00+00:00,26675.4,26827.5,26658.2,26746.1,35618
2019-10-24 12:00:00+00:00,26771.2,26809.9,26768.2,26790.7,7928
2019-10-24 16:00:00+00:00,26790.7,26800.4,26701.2,26757.7,18746
2019-10-25 04:00:00+00:00,26779.9,26791.6,26590.2,26687.6,38414
2019-10-25 08:00:00+00:00,26679.9,26768.0,26652.0,26679.8,32221
2019-10-25 12:00:00+00:00,26687.3,26715.7,26663.7,26687.2,7292
2019-10-25 16:00:00+00:00,26687.2,26801.1,26677.2,26769.2,16243
2019-10-28 04:00:00+00:00,26812.2,27037.7,26758.2,27010.9,35133
2019-10-28 08:00:00+00:00,26970.2,26982.7,26889.4,26908.6,23900
2019-10-28 12:00:00+00:00,26898.1,26994.9,26881.9,26991.9,6900
2019-10-28 16:00:00+00:00,26991.9,27040.8,26976.9,27013.4,11721
2019-10-29 04:00:00+00:00,27058.4,27060.3,26800.0,26812.2,32047
2019-10-29 08:00:00+00:00,26793.5,26825.0,26735.2,26736.5,23014
2019-10-29 12:00:00+00:00,26752.4,26776.7,26698.2,26764.7,6817
2019-10-29 16:00:00+00:00,26764.7,26830.7,26745.7,26818.7,13680
2019-10-30 04:00:00+00:00,26742.6,26814.5,26624.2,26719.2,38011
2019-10-30 08:00:00+00:00,26719.5,26724.2,26614.5,26619.2,29676
2019-10-30 12:00:00+00:00,26614.5,26659.5,26612.5,26628.1,8188
2019-10-30 16:00:00+00:00,26628.3,26673.5,26561.0,26656.5,18581
2019-10-31 04:00:00+00:00,26705.7,27031.6,26685.7,26965.0,37558
2019-10-31 08:00:00+00:00,26961.2,26991.6,26832.0,26969.7,31741
2019-10-31 12:00:00+00:00,26867.2,26869.5,26732.2,26835.2,18023
2019-10-31 16:00:00+00:00,26835.2,26852.7,26708.2,26722.2,25354
2019-11-01 04:00:00+00:00,26775.7,27080.0,26744.0,27033.5,38904
2019-11-01 08:00:00+00:00,27030.7,27140.5,27012.5,27124.5,32497
2019-11-01 12:00:00+00:00,27132.0,27166.2,27117.0,27152.1,10124
2019-11-01 16:00:00+00:00,27152.2,27223.1,27143.0,27176.5,18852
2019-11-04 00:00:00+00:00,27253.5,27488.1,27253.5,27433.4,14181
2019-11-04 04:00:00+00:00,27434.1,27536.9,27395.5,27486.5,34461
2019-11-04 08:00:00+00:00,27486.2,27647.1,27480.0,27638.0,24199
2019-11-04 12:00:00+00:00,27638.0,27640.1,27603.5,27626.0,10502
2019-11-04 16:00:00+00:00,27626.0,27645.5,27560.0,27560.0,13837
2019-11-05 00:00:00+00:00,27581.0,27591.4,27454.1,27566.6,14698
2019-11-05 04:00:00+00:00,27566.7,27755.5,27505.4,27704.2,40594
2019-11-05 08:00:00+00:00,27704.2,27738.7,27623.9,27732.2,27070
2019-11-05 12:00:00+00:00,27732.2,27750.4,27689.2,27707.2,10218
2019-11-05 16:00:00+00:00,27706.2,27718.1,27599.7,27661.9,17359
2019-11-06 00:00:00+00:00,27615.5,27665.2,27538.5,27620.1,13763
2019-11-06 04:00:00+00:00,27620.2,27765.4,27580.0,27751.9,35087
2019-11-06 08:00:00+00:00,27751.9,27789.7,27655.5,27686.5,24915
2019-11-06 12:00:00+00:00,27686.5,27763.6,27682.5,27748.0,9924
2019-11-06 16:00:00+00:00,27747.0,27782.1,27642.0,27685.5,14966
2019-11-07 00:00:00+00:00,27647.2,27713.2,27537.8,27561.1,13537
2019-11-07 04:00:00+00:00,27561.5,27725.7,27549.8,27625.0,36600
2019-11-07 08:00:00+00:00,27624.3,27943.0,27593.3,27861.8,34954
2019-11-07 12:00:00+00:00,27861.8,27879.9,27810.3,27833.8,12398
2019-11-07 16:00:00+00:00,27833.8,27898.5,27826.8,27898.5,15037
2019-11-08 00:00:00+00:00,27850.8,27850.8,27720.2,27754.0,15016
2019-11-08 04:00:00+00:00,27753.5,27794.2,27635.4,27711.9,39466
2019-11-08 08:00:00+00:00,27711.7,27713.1,27592.4,27667.4,25994
2019-11-08 12:00:00+00:00,27667.4,27717.9,27654.4,27666.9,10593
2019-11-08 16:00:00+00:00,27665.9,27706.4,27575.4,27644.9,16566
2019-11-11 00:00:00+00:00,27436.8,27436.8,27214.7,27230.7,14372
2019-11-11 04:00:00+00:00,27230.7,27251.3,26941.5,26979.0,41542
2019-11-11 08:00:00+00:00,26979.1,27066.5,26798.3,26977.8,35372
2019-11-11 12:00:00+00:00,26977.8,27025.8,26943.8,27015.8,11974
2019-11-11 16:00:00+00:00,27015.8,27154.8,26976.3,27146.8,14820
2019-11-12 00:00:00+00:00,27108.5,27117.1,26954.1,26965.4,14882
2019-11-12 04:00:00+00:00,26963.4,27053.6,26764.6,27013.1,42061
2019-11-12 08:00:00+00:00,27013.1,27082.5,26922.1,26948.6,29316
2019-11-12 12:00:00+00:00,26948.6,26991.6,26929.6,26956.6,11297
2019-11-12 16:00:00+00:00,26956.6,26988.6,26899.1,26912.6,13332
2019-11-13 00:00:00+00:00,26729.5,26729.8,26488.3,26511.2,15409
2019-11-13 04:00:00+00:00,26512.4,26654.4,26444.8,26460.4,42495
2019-11-13 08:00:00+00:00,26460.5,26559.4,26340.3,26357.3,30494
2019-11-13 12:00:00+00:00,26357.3,26416.4,26349.3,26363.3,13613
2019-11-13 16:00:00+00:00,26363.3,26506.8,26352.8,26500.3,17932
2019-11-14 00:00:00+00:00,26431.0,26614.6,26388.2,26515.0,15130
2019-11-14 04:00:00+00:00,26515.2,26516.2,26250.0,26375.9,46206
2019-11-14 08:00:00+00:00,26375.0,26375.0,26170.0,26327.0,36064
2019-11-14 12:00:00+00:00,26327.0,26401.2,26319.0,26329.0,13989
2019-11-14 16:00:00+00:00,26328.5,26384.5,26266.0,26283.0,15281
2019-11-15 00:00:00+00:00,26596.6,26607.2,26403.4,26429.5,15021
2019-11-15 04:00:00+00:00,26430.0,26449.2,26321.4,26328.1,38525
2019-11-15 08:00:00+00:00,26328.2,26373.4,26266.7,26294.5,26856
2019-11-15 12:00:00+00:00,26294.6,26307.9,26218.4,26295.9,12909
2019-11-15 16:00:00+00:00,26295.9,26389.4,26289.9,26364.9,13154
2019-11-18 00:00:00+00:00,26329.6,26588.0,26329.6,26585.5,15238
2019-11-18 04:00:00+00:00,26585.6,26680.5,26456.3,26572.7,39921
2019-11-18 08:00:00+00:00,26573.0,26697.1,26559.8,26657.3,28415
2019-11-18 12:00:00+00:00,26657.3,26670.4,26520.8,26552.3,12738
2019-11-18 16:00:00+00:00,26552.3,26619.7,26515.8,26602.3,17012
2019-11-19 00:00:00+00:00,26517.9,26909.4,26507.2,26850.6,15455
2019-11-19 04:00:00+00:00,26851.2,27054.7,26839.7,26989.9,40611
2019-11-19 08:00:00+00:00,26989.9,27106.9,26973.9,27094.9,31782
2019-11-19 12:00:00+00:00,27094.9,27115.7,27011.9,27020.8,11258
2019-11-19 16:00:00+00:00,27020.8,27030.1,26884.9,26933.9,17996
2019-11-20 00:00:00+00:00,26851.7,26928.5,26773.7,26847.5,14741
2019-11-20 04:00:00+00:00,26847.5,26958.4,26806.0,26922.7,34686
2019-11-20 08:00:00+00:00,26922.9,26939.2,26756.7,26816.5,27454
2019-11-20 12:00:00+00:00,26816.6,26831.6,26765.2,26813.2,12721
2019-11-20 16:00:00+00:00,26813.2,26864.5,26789.2,26795.2,14519
2019-11-21 00:00:00+00:00,26549.6,26587.8,26260.1,26317.6,15538
2019-11-21 04:00:00+00:00,26319.0,26509.7,26306.6,26423.1,43717
2019-11-21 08:00:00+00:00,26421.9,26506.8,26407.4,26463.6,29034
2019-11-21 12:00:00+00:00,26463.6,26583.2,26463.6,26535.6,16779
2019-11-21 16:00:00+00:00,26535.6,26557.8,26448.6,26493.6,21735
2019-11-22 00:00:00+00:00,26616.6,26668.5,26537.8,26625.3,14281
2019-11-22 04:00:00+00:00,26624.6,26631.9,26468.8,26514.3,37075
2019-11-22 08:00:00+00:00,26513.3,26639.1,26476.0,26596.3,27055
2019-11-22 12:00:00+00:00,26596.3,26635.9,26560.8,26615.8,12053
2019-11-22 16:00:00+00:00,26615.8,26650.0,26557.3,26570.3,15601
2019-11-25 00:00:00+00:00,26781.4,27065.5,26753.8,27031.1,14890
2019-11-25 04:00:00+00:00,27031.2,27139.3,27004.3,27050.6,34767
2019-11-25 08:00:00+00:00,27049.8,27067.2,26930.8,27005.7,27084
2019-11-25 12:00:00+00:00,27005.7,27019.6,26966.8,26998.8,10051
2019-11-25 16:00:00+00:00,26998.8,27089.9,26961.8,27050.3,12878
2019-11-26 00:00:00+00:00,27192.3,27282.5,27072.5,27097.2,15398
2019-11-26 04:00:00+00:00,27097.3,27113.5,26950.5,26988.0,36160
2019-11-26 08:00:00+00:00,26987.5,27020.9,26929.0,26967.0,22001
2019-11-26 12:00:00+00:00,26967.0,27011.4,26960.0,27000.0,6069
2019-11-26 16:00:00+00:00,26999.0,27014.8,26937.0,26981.0,11415
2019-11-27 00:00:00+00:00,27002.4,27016.4,26884.4,26963.9,11685
2019-11-27 04:00:00+00:00,26963.9,27016.2,26897.7,26907.4,25642
2019-11-27 08:00:00+00:00,26906.7,27033.9,26900.7,27029.9,16256
2019-11-27 12:00:00+00:00,27029.9,27031.9,26967.9,26967.9,5179
2019-11-27 16:00:00+00:00,26967.9,27001.9,26950.9,27001.4,8817
2019-11-28 00:00:00+00:00,26779.9,26921.7,26762.7,26921.7,13081
2019-11-28 04:00:00+00:00,26924.2,27006.9,26835.5,26904.3,33228
2019-11-28 08:00:00+00:00,26904.4,26932.0,26826.0,26836.0,20367
2019-11-28 12:00:00+00:00,26836.0,26862.6,26823.0,26838.0,6319
2019-11-28 16:00:00+00:00,26838.0,26858.0,26830.5,26848.5,4010
2019-11-29 00:00:00+00:00,26722.8,26738.9,26383.0,26445.2,15004
2019-11-29 04:00:00+00:00,26445.2,26494.3,26289.5,26330.5,36333
2019-11-29 08:00:00+00:00,26331.2,26374.8,26276.5,26359.0,28325
2019-11-29 12:00:00+00:00,26359.0,26392.7,26347.0,26347.0,10485
2019-11-29 16:00:00+00:00,26347.7,26379.9,26288.0,26365.5,14205
2019-12-02 00:00:00+00:00,26470.4,26526.4,26365.5,26487.6,13965
2019-12-02 04:00:00+00:00,26487.6,26497.3,26407.2,26425.2,31502
2019-12-02 08:00:00+00:00,26425.3,26448.2,26394.7,26422.7,19707
2019-12-02 12:00:00+00:00,26422.7,26435.9,26338.2,26370.8,13389
2019-12-02 16:00:00+00:00,26370.7,26380.7,26276.2,26309.7,24634
2019-12-03 00:00:00+00:00,26293.7,26343.1,26015.5,26187.5,14443
2019-12-03 04:00:00+00:00,26187.0,26423.2,26162.5,26351.7,38937
2019-12-03 08:00:00+00:00,26351.7,26390.6,26308.1,26333.4,24437
2019-12-03 12:00:00+00:00,26333.1,26346.0,26036.1,26039.1,22854
2019-12-03 16:00:00+00:00,26039.1,26043.8,25893.1,25992.6,31390
2019-12-04 00:00:00+00:00,25968.6,26150.5,25909.3,25976.5,15105
2019-12-04 04:00:00+00:00,25976.7,26131.4,25967.3,26078.4,36357
2019-12-04 08:00:00+00:00,26078.6,26232.9,25993.6,26188.2,28838
2019-12-04 12:00:00+00:00,26188.2,26197.3,26144.8,26190.3,16255
2019-12-04 16:00:00+00:00,26190.3,26242.4,26181.8,26201.3,18819
2019-12-05 00:00:00+00:00,26253.2,26277.7,26127.6,26227.0,13781
2019-12-05 04:00:00+00:00,26226.6,26238.7,26079.3,26121.6,33469
2019-12-05 08:00:00+00:00,26121.6,26226.0,26118.1,26197.6,22148
2019-12-05 12:00:00+00:00,26197.1,26234.8,26175.6,26202.1,12289
2019-12-05 16:00:00+00:00,26202.8,26220.3,26146.1,26197.5,19228
2019-12-06 00:00:00+00:00,26296.0,26420.4,26282.5,26381.0,12873
2019-12-06 04:00:00+00:00,26381.0,26498.1,26332.1,26350.4,33519
2019-12-06 08:00:00+00:00,26349.9,26514.9,26342.4,26476.4,25580
2019-12-06 12:00:00+00:00,26476.4,26533.4,26458.9,26531.9,11228
2019-12-06 16:00:00+00:00,26531.9,26562.0,26505.4,26520.4,15885
2019-12-09 00:00:00+00:00,26431.2,26552.2,26401.3,26429.6,14027
2019-12-09 04:00:00+00:00,26429.3,26629.2,26412.6,26466.1,34753
2019-12-09 08:00:00+00:00,26465.3,26526.2,26441.6,26461.6,20892
2019-12-09 12:00:00+00:00,26461.6,26476.6,26447.1,26458.6,7612
2019-12-09 16:00:00+00:00,26458.6,26495.1,26422.1,26430.1,9923
2019-12-10 00:00:00+00:00,26301.4,26450.1,26285.7,26395.4,13118
2019-12-10 04:00:00+00:00,26395.4,26537.5,26394.4,26475.1,29866
2019-12-10 08:00:00+00:00,26475.2,26490.0,26261.6,26301.1,21068
2019-12-10 12:00:00+00:00,26301.1,26465.6,26271.1,26437.6,18122
2019-12-10 16:00:00+00:00,26437.6,26456.6,26378.6,26432.6,18644
2019-12-11 00:00:00+00:00,26378.7,26451.0,26330.7,26405.4,12569
2019-12-11 04:00:00+00:00,26405.2,26613.8,26376.9,26600.4,33221
2019-12-11 08:00:00+00:00,26600.4,26655.9,26575.6,26595.0,25370
2019-12-11 12:00:00+00:00,26595.0,26636.1,26583.6,26628.1,11828
2019-12-11 16:00:00+00:00,26628.1,26646.2,26592.6,26596.1,12745
2019-12-12 00:00:00+00:00,26769.5,27018.3,26769.5,27010.9,13737
2019-12-12 04:00:00+00:00,27011.4,27064.5,26950.4,27012.0,29054
2019-12-12 08:00:00+00:00,27012.1,27046.5,26961.9,26983.3,22055
2019-12-12 12:00:00+00:00,26983.3,26990.9,26885.9,26901.9,16047
2019-12-12 16:00:00+00:00,26901.9,27514.1,26892.9,27139.4,29757
2019-12-13 00:00:00+00:00,27506.0,27542.2,27399.7,27442.9,14294
2019-12-13 04:00:00+00:00,27443.3,27598.4,27412.5,27594.0,34828
2019-12-13 08:00:00+00:00,27594.1,27754.2,27553.2,27750.2,30413
2019-12-13 12:00:00+00:00,27750.2,27813.2,27581.2,27728.4,23056
2019-12-13 16:00:00+00:00,27728.5,27856.8,27416.7,27496.1,37238
2019-12-16 00:00:00+00:00,27602.9,27693.5,27485.4,27644.4,13487
2019-12-16 04:00:00+00:00,27644.4,27723.0,27523.8,27586.1,34952
2019-12-16 08:00:00+00:00,27585.8,27621.2,27494.3,27571.3,24355
2019-12-16 12:00:00+00:00,27571.3,27636.7,27546.8,27635.8,11859
2019-12-16 16:00:00+00:00,27635.8,27699.3,27617.8,27688.3,15419
2019-12-17 00:00:00+00:00,27588.3,27747.9,27586.3,27682.6,12154
2019-12-17 04:00:00+00:00,27683.5,27899.2,27541.3,27875.1,40688
2019-12-17 08:00:00+00:00,27875.1,27884.9,27763.8,27802.1,29262
2019-12-17 12:00:00+00:00,27802.1,27820.4,27741.1,27791.6,14258
2019-12-17 16:00:00+00:00,27791.1,27840.6,27760.1,27825.6,15610
2019-12-18 00:00:00+00:00,27853.8,27951.2,27807.8,27904.0,13445
2019-12-18 04:00:00+00:00,27904.1,28009.5,27765.6,27827.3,37066
2019-12-18 08:00:00+00:00,27826.6,27926.6,27778.1,27914.6,25666
2019-12-18 12:00:00+00:00,27914.6,27936.1,27868.1,27877.1,9387
2019-12-18 16:00:00+00:00,27877.1,27909.1,27849.1,27853.1,12690
2019-12-19 00:00:00+00:00,27902.1,27948.2,27785.9,27810.0,12628
2019-12-19 04:00:00+00:00,27808.4,27829.1,27667.1,27759.6,32375
2019-12-19 08:00:00+00:00,27759.6,27837.5,27751.4,27777.1,23459
2019-12-19 12:00:00+00:00,27777.1,27796.8,27725.6,27749.1,11431
2019-12-19 16:00:00+00:00,27749.1,27833.0,27744.1,27813.6,11303
2019-12-20 00:00:00+00:00,27779.7,27988.7,27732.7,27971.7,14854
2019-12-20 04:00:00+00:00,27971.8,27985.8,27839.9,27901.2,33555
2019-12-20 08:00:00+00:00,27901.2,27930.2,27795.7,27906.7,27754
2019-12-20 12:00:00+00:00,27906.7,27966.9,27906.7,27925.9,12083
2019-12-20 16:00:00+00:00,27926.0,27959.1,27905.2,27923.2,12174
2019-12-23 00:00:00+00:00,28029.7,28041.0,27895.2,27930.5,13383
2019-12-23 04:00:00+00:00,27930.6,27971.7,27829.2,27867.9,33918
2019-12-23 08:00:00+00:00,27868.0,27884.5,27836.2,27868.2,21569
2019-12-23 12:00:00+00:00,27868.2,27887.5,27858.7,27869.2,6395
2019-12-23 16:00:00+00:00,27869.2,27876.2,27818.7,27831.2,8025
2019-12-24 00:00:00+00:00,27918.1,27919.5,27785.1,27826.6,13125
2019-12-24 04:00:00+00:00,27826.6,27875.2,27794.1,27841.6,20629
2019-12-27 00:00:00+00:00,28055.1,28203.5,28034.0,28164.7,11361
2019-12-27 04:00:00+00:00,28164.7,28241.7,28148.0,28175.5,25687
2019-12-27 08:00:00+00:00,28175.5,28253.2,28149.2,28236.5,15654
2019-12-27 12:00:00+00:00,28236.6,28271.2,28226.2,28243.3,4627
2019-12-27 16:00:00+00:00,28243.4,28260.2,28201.2,28248.7,8026
2019-12-30 00:00:00+00:00,28229.1,28345.4,28192.9,28329.5,12913
2019-12-30 04:00:00+00:00,28330.0,28465.3,28302.4,28395.4,35271
2019-12-30 08:00:00+00:00,28395.5,28420.5,28313.9,28326.9,21542
2019-12-30 12:00:00+00:00,28327.4,28387.3,28309.4,28382.9,8247
2019-12-30 16:00:00+00:00,28382.9,28396.1,28252.9,28281.9,16722
2019-12-31 00:00:00+00:00,28306.0,28339.7,28213.5,28228.6,12322
2019-12-31 04:00:00+00:00,28228.6,28257.3,28131.5,28217.5,21348
2020-01-02 00:00:00+00:00,28318.6,28449.3,28148.6,28436.6,15250
2020-01-02 04:00:00+00:00,28435.8,28555.1,28394.6,28505.1,36588
2020-01-02 08:00:00+00:00,28505.1,28604.6,28498.8,28598.1,25890
2020-01-02 12:00:00+00:00,28597.6,28619.7,28562.6,28615.1,9980
2020-01-02 16:00:00+00:00,28615.1,28723.1,28592.6,28690.1,19291
2020-01-03 00:00:00+00:00,28803.7,28894.2,28631.8,28640.7,15399
2020-01-03 04:00:00+00:00,28640.8,28707.9,28414.0,28464.0,45906
2020-01-03 08:00:00+00:00,28463.8,28488.8,28318.0,28330.0,28105
2020-01-03 12:00:00+00:00,28330.0,28419.2,28227.5,28384.0,21238
2020-01-03 16:00:00+00:00,28384.0,28482.0,28323.5,28415.9,21187
2020-01-06 00:00:00+00:00,28252.0,28388.4,28186.5,28199.0,15080
2020-01-06 04:00:00+00:00,28199.0,28330.4,28189.5,28239.9,37471
2020-01-06 08:00:00+00:00,28240.4,28246.5,28031.0,28142.0,34785
2020-01-06 12:00:00+00:00,28144.6,28217.3,28130.0,28166.0,16773
2020-01-06 16:00:00+00:00,28165.0,28258.7,28122.0,28210.0,20532
2020-01-07 00:00:00+00:00,28376.7,28467.2,28262.6,28430.3,14124
2020-01-07 04:00:00+00:00,28430.4,28484.5,28328.3,28373.4,34995
2020-01-07 08:00:00+00:00,28373.7,28403.8,28241.3,28335.8,30395
2020-01-07 12:00:00+00:00,28335.8,28351.7,28245.8,28250.8,14028
2020-01-07 16:00:00+00:00,28250.8,28307.8,28198.3,28240.0,20633
2020-01-08 00:00:00+00:00,27863.9,28042.3,27830.9,27958.8,16500
2020-01-08 04:00:00+00:00,27957.4,28213.2,27935.9,27981.3,46639
2020-01-08 08:00:00+00:00,27981.3,28109.1,27971.0,28070.5,29018
2020-01-08 12:00:00+00:00,28070.5,28181.9,28063.5,28148.4,20621
2020-01-08 16:00:00+00:00,28148.0,28408.2,28097.5,28365.0,22830
2020-01-09 00:00:00+00:00,28397.0,28466.9,28332.0,28456.0,13685
2020-01-09 04:00:00+00:00,28456.0,28490.0,28375.0,28464.0,32253
2020-01-09 08:00:00+00:00,28464.2,28594.9,28452.0,28528.5,25656
2020-01-09 12:00:00+00:00,28528.5,28555.7,28478.5,28520.5,14754
2020-01-09 16:00:00+00:00,28520.6,28571.7,28475.0,28541.1,17124
2020-01-10 00:00:00+00:00,28639.7,28689.4,28518.2,28567.4,13263
2020-01-10 04:00:00+00:00,28567.5,28649.2,28503.3,28628.6,35477
2020-01-10 08:00:00+00:00,28628.7,28670.6,28604.3,28655.3,23296
2020-01-10 12:00:00+00:00,28655.3,28710.2,28642.3,28660.3,11984
2020-01-10 16:00:00+00:00,28659.8,28720.8,28616.3,28659.2,18326
2020-01-13 00:00:00+00:00,28738.1,28895.2,28707.4,28723.0,14285
2020-01-13 04:00:00+00:00,28723.2,28980.8,28688.4,28932.6,35139
2020-01-13 08:00:00+00:00,28932.7,29007.1,28900.4,28944.1,24520
2020-01-13 12:00:00+00:00,28944.2,28945.4,28875.9,28899.4,10594
2020-01-13 16:00:00+00:00,28899.4,29039.4,28855.9,29034.2,17366
2020-01-14 00:00:00+00:00,29154.0,29191.7,29002.6,29019.2,13678
2020-01-14 04:00:00+00:00,29019.1,29064.8,28876.6,28894.7,38629
2020-01-14 08:00:00+00:00,28894.8,28925.4,28768.1,28907.5,28992
2020-01-14 12:00:00+00:00,28907.5,28924.8,28822.6,28913.1,17567
2020-01-14 16:00:00+00:00,28913.3,28962.0,28876.1,28957.6,18792
2020-01-15 00:00:00+00:00,28888.2,28993.5,28843.8,28872.3,12907
2020-01-15 04:00:00+00:00,28872.4,28885.8,28635.4,28734.9,35455
2020-01-15 08:00:00+00:00,28734.6,28809.5,28697.1,28749.6,23549
2020-01-15 12:00:00+00:00,28749.6,28799.6,28748.1,28770.6,11652
2020-01-15 16:00:00+00:00,28770.6,28834.3,28762.6,28819.1,17100
2020-01-16 00:00:00+00:00,28796.1,28959.8,28714.6,28950.6,14176
2020-01-16 04:00:00+00:00,28950.7,29013.2,28733.4,28807.6,38159
2020-01-16 08:00:00+00:00,28808.0,28889.1,28760.1,28860.6,22944
2020-01-16 12:00:00+00:00,28860.6,28907.1,28836.6,28893.1,12138
2020-01-16 16:00:00+00:00,28893.1,28973.4,28878.1,28946.1,17571
2020-01-17 00:00:00+00:00,28997.3,29019.3,28783.7,28885.8,13872
2020-01-17 04:00:00+00:00,28886.7,29137.1,28827.2,28857.5,33289
2020-01-17 08:00:00+00:00,28857.5,29075.0,28847.7,29070.3,23270
2020-01-17 12:00:00+00:00,29070.4,29108.9,29049.5,29071.5,11197
2020-01-17 16:00:00+00:00,29071.5,29078.0,28988.0,29032.5,14422
2020-01-20 00:00:00+00:00,29104.9,29191.3,29000.6,29050.0,13889
2020-01-20 04:00:00+00:00,29048.6,29095.6,28815.9,28848.4,34933
2020-01-20 08:00:00+00:00,28849.7,28916.9,28666.6,28700.6,24445
2020-01-20 12:00:00+00:00,28700.6,28734.5,28679.6,28694.6,7856
2020-01-20 16:00:00+00:00,28694.6,28715.0,28646.1,28650.6,6462
2020-01-21 00:00:00+00:00,28584.9,28592.5,28229.2,28287.7,15316
2020-01-21 04:00:00+00:00,28288.3,28408.5,28032.0,28068.8,39416
2020-01-21 08:00:00+00:00,28068.8,28106.7,27825.8,27923.3,33853
2020-01-21 12:00:00+00:00,27923.3,27986.8,27894.8,27971.8,14267
2020-01-21 16:00:00+00:00,27971.8,28103.6,27971.8,28068.8,19738
2020-01-22 00:00:00+00:00,28080.5,28166.0,27923.3,27939.0,14295
2020-01-22 04:00:00+00:00,27938.3,28341.2,27938.3,28274.8,40413
2020-01-22 08:00:00+00:00,28274.8,28361.7,28177.3,28247.3,28281
2020-01-22 12:00:00+00:00,28247.3,28275.9,28223.3,28240.8,11085
2020-01-22 16:00:00+00:00,28239.3,28261.3,28064.3,28094.7,17601
2020-01-23 00:00:00+00:00,27911.9,28108.3,27895.9,28025.1,14954
2020-01-23 04:00:00+00:00,28025.7,28117.2,27704.1,27737.5,43375
2020-01-23 08:00:00+00:00,27737.6,27870.7,27689.4,27795.4,33916
2020-01-23 12:00:00+00:00,27795.4,27845.1,27748.9,27751.9,13834
2020-01-23 16:00:00+00:00,27751.9,27761.9,27541.4,27564.8,25595
2020-01-24 00:00:00+00:00,27729.3,27898.0,27691.0,27804.2,12380
2020-01-24 04:00:00+00:00,27803.0,27946.2,27759.0,27894.5,19926
2020-01-29 00:00:00+00:00,27055.9,27298.5,27018.8,27171.8,14186
2020-01-29 04:00:00+00:00,27172.3,27316.1,27148.3,27211.3,28839
2020-01-29 08:00:00+00:00,27211.3,27220.8,27046.3,27082.3,22006
2020-01-29 12:00:00+00:00,27082.3,27142.0,27034.3,27034.3,13075
2020-01-29 16:00:00+00:00,27034.3,27107.5,26945.8,26984.3,17562
2020-01-30 00:00:00+00:00,26931.0,27118.1,26913.8,26948.5,13415
2020-01-30 04:00:00+00:00,26948.6,26970.3,26499.3,26544.1,43171
2020-01-30 08:00:00+00:00,26544.2,26570.5,26294.8,26452.2,38930
2020-01-30 12:00:00+00:00,26452.2,26458.8,26345.8,26390.2,22337
2020-01-30 16:00:00+00:00,26390.2,26497.5,26300.8,26461.8,26436
2020-01-31 00:00:00+00:00,26725.2,26796.2,26484.7,26484.7,15616
2020-01-31 04:00:00+00:00,26483.9,26661.3,26362.4,26364.7,39491
2020-01-31 08:00:00+00:00,26363.4,26412.3,26163.9,26184.4,34493
2020-01-31 12:00:00+00:00,26184.4,26200.4,26086.4,26171.4,22150
2020-01-31 16:00:00+00:00,26171.6,26186.4,25957.4,26030.9,29007
2020-02-03 00:00:00+00:00,26168.7,26492.8,26058.0,26483.2,18977
2020-02-03 04:00:00+00:00,26483.6,26489.1,26170.7,26401.4,51302
2020-02-03 08:00:00+00:00,26401.5,26405.0,26235.5,26256.7,35463
2020-02-03 12:00:00+00:00,26258.4,26331.2,26245.2,26300.7,16654
2020-02-03 16:00:00+00:00,26300.7,26418.6,26277.7,26304.7,25276
2020-02-04 00:00:00+00:00,26387.6,26678.3,26342.1,26648.8,16884
2020-02-04 04:00:00+00:00,26648.9,26648.9,26435.1,26562.3,43549
2020-02-04 08:00:00+00:00,26562.5,26828.4,26555.3,26799.2,32133
2020-02-04 12:00:00+00:00,26799.2,26878.8,26716.8,26872.2,19338
2020-02-04 16:00:00+00:00,26872.2,26967.5,26836.3,26945.8,23071
2020-02-05 00:00:00+00:00,26808.6,26852.6,26613.9,26840.9,16994
2020-02-05 04:00:00+00:00,26840.9,26870.9,26561.9,26603.6,45641
2020-02-05 08:00:00+00:00,26603.6,27218.3,26592.9,27177.9,34439
2020-02-05 12:00:00+00:00,27177.9,27191.0,27049.9,27183.4,25776
2020-02-05 16:00:00+00:00,27183.4,27183.4,26868.9,26967.7,32018
2020-02-06 00:00:00+00:00,27092.0,27220.0,26951.3,26994.7,16258
2020-02-06 04:00:00+00:00,26994.3,27556.6,26992.3,27543.3,45155
2020-02-06 08:00:00+00:00,27543.3,27603.9,27316.3,27338.3,35369
2020-02-06 12:00:00+00:00,27338.3,27387.8,27254.3,27359.3,19107
2020-02-06 16:00:00+00:00,27359.3,27404.3,27208.3,27261.9,26348
2020-02-07 00:00:00+00:00,27214.5,27377.8,27205.8,27223.5,16319
2020-02-07 04:00:00+00:00,27224.5,27347.5,27180.8,27227.3,38439
2020-02-07 08:00:00+00:00,27227.3,27361.4,27169.3,27223.2,30059
2020-02-07 12:00:00+00:00,27222.3,27243.0,27080.8,27121.8,22375
2020-02-07 16:00:00+00:00,27121.8,27149.9,27031.3,27089.8,23480
2020-02-10 00:00:00+00:00,26982.9,27195.4,26954.0,27113.8,15914
2020-02-10 04:00:00+00:00,27113.0,27283.7,27086.0,27189.8,42017
2020-02-10 08:00:00+00:00,27189.8,27236.4,27090.0,27099.5,27629
2020-02-10 12:00:00+00:00,27099.5,27165.5,27085.5,27116.0,16659
2020-02-10 16:00:00+00:00,27116.0,27189.6,27084.5,27163.0,19820
2020-02-11 00:00:00+00:00,27415.9,27578.1,27403.9,27567.4,15731
2020-02-11 04:00:00+00:00,27567.5,27664.6,27510.9,27608.3,33858
2020-02-11 08:00:00+00:00,27607.9,27635.4,27526.4,27557.5,23438
2020-02-11 12:00:00+00:00,27557.6,27602.9,27543.9,27578.4,10386
2020-02-11 16:00:00+00:00,27578.4,27740.4,27573.4,27660.4,21882
2020-02-12 00:00:00+00:00,27669.6,27718.9,27583.8,27659.8,14834
2020-02-12 04:00:00+00:00,27660.4,27864.5,27643.3,27832.8,36391
2020-02-12 08:00:00+00:00,27832.8,27864.8,27770.6,27829.2,24734
2020-02-12 12:00:00+00:00,27829.2,27885.8,27818.8,27852.3,10030
2020-02-12 16:00:00+00:00,27852.3,27920.7,27815.8,27908.8,18057
2020-02-13 00:00:00+00:00,27851.9,27888.3,27738.2,27738.9,15173
2020-02-13 04:00:00+00:00,27738.2,27827.4,27652.7,27705.3,37984
2020-02-13 08:00:00+00:00,27705.2,27737.4,27593.2,27604.6,25987
2020-02-13 12:00:00+00:00,27604.6,27640.3,27546.2,27629.2,19189
2020-02-13 16:00:00+00:00,27628.7,27746.2,27607.2,27727.2,20332
2020-02-14 00:00:00+00:00,27721.7,27865.1,27656.0,27844.1,13626
2020-02-14 04:00:00+00:00,27844.2,27960.3,27777.5,27835.2,35077
2020-02-14 08:00:00+00:00,27834.5,27845.2,27765.5,27788.3,23356
2020-02-14 12:00:00+00:00,27788.4,27821.1,27764.5,27776.0,9713
2020-02-14 16:00:00+00:00,27776.0,27795.4,27719.5,27727.5,13378
2020-02-17 00:00:00+00:00,27714.7,28033.8,27714.0,28006.5,14219
2020-02-17 04:00:00+00:00,28006.0,28031.6,27904.7,27997.8,30822
2020-02-17 08:00:00+00:00,27997.9,28066.2,27879.6,27915.5,22397
2020-02-17 12:00:00+00:00,27915.5,27926.0,27892.5,27909.5,6703
2020-02-17 16:00:00+00:00,27909.5,27943.0,27898.5,27929.0,4195
2020-02-18 00:00:00+00:00,27706.6,27742.4,27592.8,27652.3,14898
2020-02-18 04:00:00+00:00,27652.3,27722.3,27496.8,27573.1,34231
2020-02-18 08:00:00+00:00,27573.2,27587.7,27420.8,27449.3,24582
2020-02-18 12:00:00+00:00,27449.3,27481.5,27404.3,27436.3,12640
2020-02-18 16:00:00+00:00,27436.3,27501.4,27400.3,27407.3,17154
2020-02-19 00:00:00+00:00,27503.9,27644.4,27444.7,27634.2,13029
2020-02-19 04:00:00+00:00,27633.7,27699.5,27582.7,27640.7,31030
2020-02-19 08:00:00+00:00,27641.4,27679.0,27590.7,27636.7,22529
2020-02-19 12:00:00+00:00,27636.7,27643.2,27604.7,27633.7,7320
2020-02-19 16:00:00+00:00,27633.7,27669.9,27610.2,27618.7,12542
2020-02-20 00:00:00+00:00,27747.0,27764.7,27544.7,27547.6,14885
2020-02-20 04:00:00+00:00,27547.5,27580.4,27318.7,27514.0,42046
2020-02-20 08:00:00+00:00,27514.0,27595.2,27447.5,27497.0,32281
2020-02-20 12:00:00+00:00,27497.0,27510.9,27404.0,27412.0,12412
2020-02-20 16:00:00+00:00,27412.6,27477.0,27270.0,27312.3,22805
2020-02-21 00:00:00+00:00,27357.5,27449.4,27282.3,27289.8,14475
2020-02-21 04:00:00+00:00,27289.3,27418.5,27212.3,27320.8,37556
2020-02-21 08:00:00+00:00,27320.5,27346.3,27222.5,27295.3,27331
2020-02-21 12:00:00+00:00,27295.3,27387.0,27294.8,27362.8,14811
2020-02-21 16:00:00+00:00,27362.3,27390.1,27270.3,27360.2,22795
2020-02-24 00:00:00+00:00,27059.6,27120.0,26899.1,26927.3,15271
2020-02-24 04:00:00+00:00,26927.1,26970.3,26779.1,26834.4,39511
2020-02-24 08:00:00+00:00,26834.5,26867.1,26489.1,26573.8,36851
2020-02-24 12:00:00+00:00,26573.8,26581.2,26439.1,26449.6,24792
2020-02-24 16:00:00+00:00,26448.6,26570.4,26370.1,26540.1,30655
2020-02-25 00:00:00+00:00,26670.4,26875.5,26670.4,26774.4,14565
2020-02-25 04:00:00+00:00,26774.4,26896.5,26632.7,26796.7,42062
2020-02-25 08:00:00+00:00,26796.9,26878.1,26728.9,26734.7,31928
2020-02-25 12:00:00+00:00,26734.8,26777.9,26641.9,26720.9,24954
2020-02-25 16:00:00+00:00,26720.4,26749.6,26497.4,26545.9,33807
2020-02-26 00:00:00+00:00,26433.9,26582.3,26410.6,26515.5,16026
2020-02-26 04:00:00+00:00,26515.5,26747.6,26471.4,26688.6,43488
2020-02-26 08:00:00+00:00,26689.2,26730.1,26357.1,26540.1,36738
2020-02-26 12:00:00+00:00,26540.7,26754.5,26540.7,26711.1,30159
2020-02-26 16:00:00+00:00,26711.1,26874.4,26707.1,26784.6,27650
2020-02-27 00:00:00+00:00,26417.4,26540.5,26381.2,26447.4,16000
2020-02-27 04:00:00+00:00,26447.4,26528.5,26359.4,26464.8,44932
2020-02-27 08:00:00+00:00,26463.7,26855.8,26429.2,26784.9,47256
2020-02-27 12:00:00+00:00,26784.9,26814.5,26552.9,26565.1,32515
2020-02-27 16:00:00+00:00,26565.1,26572.2,26167.9,26445.4,42605
2020-02-28 00:00:00+00:00,26213.0,26299.7,25994.1,26259.6,17913
2020-02-28 04:00:00+00:00,26259.6,26294.9,25937.1,26068.5,57809
2020-02-28 08:00:00+00:00,26068.6,26279.9,25912.6,26027.0,55864
2020-02-28 12:00:00+00:00,26028.3,26222.3,25943.1,25948.6,43553
2020-02-28 16:00:00+00:00,25948.6,26138.4,25594.1,25957.4,43803
2020-03-02 00:00:00+00:00,25997.2,26357.5,25994.4,26144.7,18945
2020-03-02 04:00:00+00:00,26145.3,26364.9,26097.7,26321.5,52114
2020-03-02 08:00:00+00:00,26320.7,26340.3,26037.2,26122.7,40235
2020-03-02 12:00:00+00:00,26122.7,26149.9,25836.2,26031.4,29814
2020-03-02 16:00:00+00:00,26032.7,26238.9,25939.7,26220.2,38661
2020-03-03 00:00:00+00:00,26461.3,26512.8,26341.8,26358.3,17238
2020-03-03 04:00:00+00:00,26357.6,26478.3,26270.6,26282.1,46941
2020-03-03 08:00:00+00:00,26282.2,26386.8,26168.3,26382.6,42378
2020-03-03 12:00:00+00:00,26382.6,26396.4,26129.6,26221.2,39305
2020-03-03 16:00:00+00:00,26221.2,26608.7,26153.1,26279.2,39552
2020-03-04 00:00:00+00:00,26292.7,26324.9,26079.7,26079.9,16672
2020-03-04 04:00:00+00:00,26079.7,26322.2,25973.2,26193.4,46109
2020-03-04 08:00:00+00:00,26193.5,26356.6,26147.2,26274.7,37658
2020-03-04 12:00:00+00:00,26274.7,26331.2,26234.7,26249.7,26399
2020-03-04 16:00:00+00:00,26249.7,26311.7,26183.2,26204.7,33822
2020-03-05 00:00:00+00:00,26273.9,26443.2,26236.2,26363.7,14958
2020-03-05 04:00:00+00:00,26363.2,26746.3,26256.7,26689.4,45401
2020-03-05 08:00:00+00:00,26687.7,26763.9,26596.7,26607.1,36149
2020-03-05 12:00:00+00:00,26607.1,26616.7,26452.7,26481.7,27166
2020-03-05 16:00:00+00:00,26481.7,26551.8,26442.2,26480.2,29153
2020-03-06 00:00:00+00:00,26364.3,26387.4,26196.8,26228.7,15912
2020-03-06 04:00:00+00:00,26227.8,26248.5,26003.3,26062.8,44879
2020-03-06 08:00:00+00:00,26063.3,26113.5,25805.3,25805.8,39209
2020-03-06 12:00:00+00:00,25804.8,25848.4,25654.8,25777.3,36735
2020-03-06 16:00:00+00:00,25777.3,25858.0,25662.3,25730.0,38507
2020-03-09 04:00:00+00:00,25190.3,25270.6,24922.6,25123.8,50394
2020-03-09 08:00:00+00:00,25119.1,25163.4,24812.6,24839.9,50753
2020-03-09 12:00:00+00:00,25068.8,25169.0,24686.3,24698.3,26820
2020-03-09 16:00:00+00:00,24698.3,25039.9,24358.3,24819.8,53090
2020-03-10 04:00:00+00:00,25241.0,25478.6,24941.0,25470.5,57998
2020-03-10 08:00:00+00:00,25483.0,25561.0,25298.3,25430.6,54265
2020-03-10 12:00:00+00:00,25491.4,25739.7,25453.8,25539.8,37446
2020-03-10 16:00:00+00:00,25538.3,25654.5,25210.3,25285.8,60845
2020-03-11 04:00:00+00:00,25449.1,25451.0,25213.3,25328.8,53997
2020-03-11 08:00:00+00:00,25205.1,25273.9,25069.3,25107.6,55617
2020-03-11 12:00:00+00:00,25227.3,25232.5,24984.3,24988.2,33048
2020-03-11 16:00:00+00:00,24988.2,25186.5,24959.3,25001.8,53555
2020-03-12 04:00:00+00:00,24660.7,24676.8,23986.1,24151.6,56287
2020-03-12 08:00:00+00:00,24346.3,24404.3,24020.3,24048.1,52588
2020-03-12 12:00:00+00:00,23824.1,23955.0,23214.1,23315.5,31976
2020-03-12 16:00:00+00:00,23315.5,23325.1,22852.6,22854.6,33624
2020-03-13 04:00:00+00:00,22261.3,23158.1,22257.3,22797.0,45791
2020-03-13 08:00:00+00:00,23319.0,24156.0,23248.5,23869.0,60091
2020-03-13 12:00:00+00:00,23786.8,24731.4,23781.8,24494.3,24822
2020-03-13 16:00:00+00:00,24494.3,24517.4,23178.8,23431.2,42472
2020-03-16 04:00:00+00:00,22935.5,23521.0,22922.0,23375.3,48180
2020-03-16 08:00:00+00:00,23236.4,23341.2,22650.3,22702.8,58619
2020-03-16 12:00:00+00:00,22469.1,22497.0,21571.0,21582.5,25497
2020-03-16 16:00:00+00:00,21582.5,22687.5,21568.5,22192.5,34968
2020-03-17 04:00:00+00:00,22861.1,23372.4,22551.6,23225.3,52885
2020-03-17 08:00:00+00:00,23256.8,23331.0,22856.8,23005.1,51933
2020-03-17 12:00:00+00:00,22572.9,22772.7,22189.3,22622.3,32932
2020-03-17 16:00:00+00:00,22622.3,23397.5,22375.8,23074.8,44851
2020-03-18 04:00:00+00:00,22784.1,23353.6,22782.1,23187.4,46085
2020-03-18 08:00:00+00:00,23108.3,23134.8,21987.1,21990.4,64932
2020-03-18 12:00:00+00:00,22057.6,22071.4,21586.1,21791.1,34213
2020-03-18 16:00:00+00:00,21791.1,22281.6,21592.1,21700.6,62847
2020-03-19 04:00:00+00:00,22167.7,22344.6,20952.2,21218.9,60774
2020-03-19 08:00:00+00:00,21166.4,21916.2,21095.4,21846.4,62092
2020-03-19 12:00:00+00:00,21874.3,21955.3,21478.2,21725.0,32438
2020-03-19 16:00:00+00:00,21726.3,22118.7,21480.7,22056.7,56401
2020-03-20 04:00:00+00:00,22065.7,22618.2,22053.2,22239.2,50482
2020-03-20 08:00:00+00:00,22315.0,23088.9,22108.2,23080.2,59145
2020-03-20 12:00:00+00:00,23085.2,23143.2,22679.2,22684.2,41765
2020-03-20 16:00:00+00:00,22684.2,22843.3,22333.7,22511.2,63284
2020-03-23 04:00:00+00:00,21408.9,22047.7,21405.6,21900.9,51376
2020-03-23 08:00:00+00:00,22012.1,22051.6,21387.4,21459.6,56233
2020-03-23 12:00:00+00:00,21532.3,22521.3,21489.1,22373.1,43602
2020-03-23 16:00:00+00:00,22373.7,22401.9,21505.1,21976.7,60575
2020-03-24 04:00:00+00:00,22576.1,22675.4,22343.2,22454.2,53802
2020-03-24 08:00:00+00:00,22488.7,22776.5,22375.7,22726.4,56724
2020-03-24 12:00:00+00:00,22801.4,23128.3,22770.2,22911.7,35720
2020-03-24 16:00:00+00:00,22911.7,23284.8,22871.7,23188.2,52000
2020-03-25 04:00:00+00:00,23166.1,23477.0,23019.1,23103.1,48877
2020-03-25 08:00:00+00:00,23221.3,23623.9,23003.1,23612.1,57099
2020-03-25 12:00:00+00:00,23720.4,23821.6,23148.8,23360.9,46020
2020-03-25 16:00:00+00:00,23361.1,23577.1,23208.3,23498.3,62741
2020-03-26 04:00:00+00:00,23253.8,23538.0,23076.1,23468.6,53448
2020-03-26 08:00:00+00:00,23443.0,23499.9,23111.6,23147.3,58588
2020-03-26 12:00:00+00:00,23132.3,23336.9,23120.1,23314.4,37614
2020-03-26 16:00:00+00:00,23314.5,23969.6,23293.6,23969.6,60503
2020-03-27 04:00:00+00:00,23759.1,23823.6,23432.1,23636.3,43740
2020-03-27 08:00:00+00:00,23553.1,23616.4,23304.8,23499.3,46775
2020-03-27 12:00:00+00:00,23382.8,23414.8,22819.3,22851.2,28853
2020-03-27 16:00:00+00:00,22851.3,23041.2,22798.8,22991.3,32504
2020-03-30 04:00:00+00:00,22845.7,23240.2,22811.2,23179.3,46452
2020-03-30 08:00:00+00:00,23227.2,23519.5,23007.0,23016.5,56012
2020-03-30 12:00:00+00:00,23049.9,23256.4,22913.7,23250.8,29934
2020-03-30 16:00:00+00:00,23250.9,23414.4,23052.2,23394.2,49718
2020-03-31 04:00:00+00:00,23598.9,23687.7,23337.5,23409.5,44805
2020-03-31 08:00:00+00:00,23310.5,23748.1,23209.5,23692.0,51109
2020-03-31 12:00:00+00:00,23680.1,23686.2,23327.5,23450.5,32766
2020-03-31 16:00:00+00:00,23450.5,23726.5,23442.0,23511.0,48776
2020-04-01 04:00:00+00:00,23382.1,23553.9,23209.3,23352.1,43561
2020-04-01 08:00:00+00:00,23316.6,23402.2,22888.8,22914.1,57153
2020-04-01 12:00:00+00:00,22961.8,23044.5,22893.3,22949.8,28127
2020-04-01 16:00:00+00:00,22949.8,23042.9,22597.3,22614.3,40791
2020-04-02 04:00:00+00:00,22712.5,23166.5,22634.5,23059.7,50254
2020-04-02 08:00:00+00:00,23032.8,23276.2,22943.8,23263.0,53966
2020-04-02 12:00:00+00:00,23230.1,23256.4,23004.5,23015.2,28802
2020-04-02 16:00:00+00:00,23015.3,23274.6,22903.5,23090.8,50722
2020-04-03 04:00:00+00:00,23035.0,23207.4,22999.7,23103.2,40529
2020-04-03 08:00:00+00:00,23046.4,23241.0,23010.9,23187.2,44416
2020-04-03 12:00:00+00:00,23147.2,23356.4,23086.2,23238.6,24688
2020-04-03 16:00:00+00:00,23238.6,23339.1,22994.2,23018.7,33474
2020-04-06 04:00:00+00:00,23677.4,23719.6,23260.6,23481.8,48409
2020-04-06 08:00:00+00:00,23520.1,23833.9,23457.1,23701.2,53350
2020-04-06 12:00:00+00:00,23721.2,23759.3,23652.6,23717.1,20224
2020-04-06 16:00:00+00:00,23717.1,23935.9,23699.6,23897.1,36950
2020-04-07 04:00:00+00:00,24019.5,24125.6,23716.8,23765.8,52665
2020-04-07 08:00:00+00:00,23849.5,24405.5,23799.3,24391.0,57152
2020-04-07 12:00:00+00:00,24309.3,24570.1,24283.8,24523.8,30184
2020-04-07 16:00:00+00:00,24523.8,24548.5,24155.8,24251.8,53969
2020-04-08 04:00:00+00:00,24050.2,24188.9,23916.2,23951.5,47904
2020-04-08 08:00:00+00:00,24052.2,24133.2,23743.4,23745.2,59766
2020-04-08 12:00:00+00:00,23780.9,23956.1,23768.9,23913.5,26584
2020-04-08 16:00:00+00:00,23913.6,24106.0,23814.4,24068.4,45405
2020-04-09 04:00:00+00:00,24139.0,24218.5,23989.5,24121.0,46017
2020-04-09 08:00:00+00:00,24153.6,24311.4,24027.5,24169.7,49965
2020-04-09 12:00:00+00:00,24091.6,24193.6,23927.5,24183.7,33862
2020-04-09 16:00:00+00:00,24183.8,24345.2,24140.0,24287.0,40737
2020-04-14 04:00:00+00:00,24264.2,24573.0,24215.7,24443.9,48902
2020-04-14 08:00:00+00:00,24487.4,24539.0,24328.4,24377.3,44152
2020-04-14 12:00:00+00:00,24364.0,24436.6,24341.9,24406.1,20349
2020-04-14 16:00:00+00:00,24406.2,24539.0,24396.4,24496.9,39031
2020-04-15 04:00:00+00:00,24404.7,24586.0,24267.5,24359.7,42220
2020-04-15 08:00:00+00:00,24378.7,24404.2,24000.0,24014.5,51407
2020-04-15 12:00:00+00:00,23966.5,24010.8,23799.5,23808.8,27033
2020-04-15 16:00:00+00:00,23808.8,23895.1,23769.0,23841.0,41310
2020-04-16 04:00:00+00:00,23962.5,24075.6,23804.0,23930.8,46102
2020-04-16 08:00:00+00:00,23958.5,24100.8,23903.0,23927.7,46357
2020-04-16 12:00:00+00:00,23904.8,23969.0,23833.5,23963.5,28846
2020-04-16 16:00:00+00:00,23963.5,23983.1,23803.5,23854.5,40651
2020-04-17 04:00:00+00:00,24434.8,24665.7,24421.0,24532.7,43354
2020-04-17 08:00:00+00:00,24552.2,24630.9,24247.0,24340.2,47881
2020-04-17 12:00:00+00:00,24354.0,24434.7,24282.0,24387.0,26590
2020-04-17 16:00:00+00:00,24387.0,24395.2,24223.5,24294.0,38747
2020-04-20 04:00:00+00:00,24284.3,24458.2,24161.4,24369.4,48691
2020-04-20 08:00:00+00:00,24354.1,24361.6,24232.6,24252.0,48778
2020-04-20 12:00:00+00:00,24283.7,24294.1,24047.1,24088.8,27616
2020-04-20 16:00:00+00:00,24088.9,24321.0,24061.1,24282.6,34024
2020-04-21 04:00:00+00:00,24069.3,24227.3,23613.9,23723.7,53516
2020-04-21 08:00:00+00:00,23735.9,23882.7,23679.9,23716.6,47211
2020-04-21 12:00:00+00:00,23639.8,23689.5,23487.7,23493.7,31163
2020-04-21 16:00:00+00:00,23493.9,23621.8,23428.2,23469.2,45263
2020-04-22 04:00:00+00:00,23518.0,23642.8,23419.7,23597.7,46358
2020-04-22 08:00:00+00:00,23573.2,23910.9,23569.4,23848.7,46993
2020-04-22 12:00:00+00:00,23905.7,23936.9,23815.2,23913.7,24510
2020-04-22 16:00:00+00:00,23913.7,23942.7,23832.2,23870.7,34029
2020-04-23 04:00:00+00:00,23868.4,24079.7,23744.7,23898.7,44497
2020-04-23 08:00:00+00:00,23951.4,24052.9,23875.7,23979.5,46190
2020-04-23 12:00:00+00:00,23997.7,24059.5,23923.7,24057.7,20342
2020-04-23 16:00:00+00:00,24057.7,24223.8,23967.2,24037.2,35350
2020-04-24 04:00:00+00:00,23807.0,23924.8,23648.7,23857.5,42762
2020-04-24 08:00:00+00:00,23831.9,23911.6,23743.7,23815.9,40617
2020-04-24 12:00:00+00:00,23922.9,24020.4,23884.9,23989.4,18819
2020-04-24 16:00:00+00:00,23989.4,24000.9,23844.9,23935.9,25456
2020-04-27 04:00:00+00:00,24043.4,24262.0,24026.9,24215.7,38838
2020-04-27 08:00:00+00:00,24286.2,24323.5,24234.5,24290.5,40258
2020-04-27 12:00:00+00:00,24292.3,24332.2,24286.5,24290.0,11830
2020-04-27 16:00:00+00:00,24290.0,24380.5,24235.0,24362.8,19698
2020-04-28 04:00:00+00:00,24311.2,24496.8,24153.5,24468.5,41170
2020-04-28 08:00:00+00:00,24405.0,24675.7,24357.3,24675.1,42451
2020-04-28 12:00:00+00:00,24657.5,24854.1,24650.8,24844.3,22882
2020-04-28 16:00:00+00:00,24844.3,24870.5,24609.3,24650.0,37606
2020-04-29 04:00:00+00:00,24709.9,24875.6,24576.9,24625.7,46292
2020-04-29 08:00:00+00:00,24635.2,24657.4,24537.9,24595.7,39052
2020-04-29 12:00:00+00:00,24622.4,24785.4,24579.4,24779.4,19083
2020-04-29 16:00:00+00:00,24779.4,24829.9,24722.4,24820.4,24972
2020-05-04 04:00:00+00:00,23711.3,23836.0,23624.3,23650.9,44146
2020-05-04 08:00:00+00:00,23607.3,23668.8,23413.8,23474.1,42749
2020-05-04 12:00:00+00:00,23398.3,23530.7,23349.3,23468.3,20557
2020-05-04 16:00:00+00:00,23468.3,23509.9,23392.3,23460.8,33853
2020-05-05 04:00:00+00:00,23673.4,23821.6,23631.1,23715.3,32109
2020-05-05 08:00:00+00:00,23742.1,23904.0,23741.8,23858.2,33473
2020-05-05 12:00:00+00:00,23753.8,23841.7,23725.8,23811.8,20897
2020-05-05 16:00:00+00:00,23811.8,23912.0,23795.8,23862.3,25943
2020-05-06 04:00:00+00:00,23764.9,24072.5,23744.9,24015.4,41326
2020-05-06 08:00:00+00:00,24023.3,24239.3,24014.2,24167.1,37765
2020-05-06 12:00:00+00:00,24166.9,24184.1,24048.4,24076.4,15973
2020-05-06 16:00:00+00:00,24076.4,24127.0,23918.4,23972.4,31878
2020-05-07 04:00:00+00:00,23982.3,24074.2,23879.5,23983.8,38005
2020-05-07 08:00:00+00:00,23996.8,24057.5,23915.8,23942.6,33277
2020-05-07 12:00:00+00:00,23969.8,24051.7,23962.3,24005.6,17755
2020-05-07 16:00:00+00:00,24005.7,24043.0,23896.8,23994.1,31045
2020-05-08 04:00:00+00:00,24133.7,24276.2,24077.4,24183.6,37319
2020-05-08 08:00:00+00:00,24192.9,24259.9,24126.1,24203.0,31003
2020-05-08 12:00:00+00:00,24220.6,24249.8,24183.1,24215.9,14471
2020-05-08 16:00:00+00:00,24216.0,24371.4,24189.1,24321.6,27271
2020-05-11 04:00:00+00:00,24415.2,24781.4,24409.7,24723.3,35473
2020-05-11 08:00:00+00:00,24701.7,24721.7,24543.5,24565.1,32798
2020-05-11 12:00:00+00:00,24470.9,24496.4,24269.2,24300.7,21682
2020-05-11 16:00:00+00:00,24300.9,24420.9,24294.2,24411.0,26900
2020-05-12 04:00:00+00:00,24273.1,24401.7,24087.7,24124.5,39317
2020-05-12 08:00:00+00:00,24146.0,24258.3,24105.5,24232.2,36212
2020-05-12 12:00:00+00:00,24211.9,24367.6,24208.2,24349.2,17251
2020-05-12 16:00:00+00:00,24349.2,24435.2,24275.7,24412.5,30110
2020-05-13 04:00:00+00:00,23995.3,24272.9,23961.9,24235.9,38770
2020-05-13 08:00:00+00:00,24267.8,24328.0,24136.4,24140.3,36951
2020-05-13 12:00:00+00:00,24194.4,24382.6,24174.4,24337.9,19819
2020-05-13 16:00:00+00:00,24337.9,24338.7,23951.4,24002.5,45073
2020-05-14 04:00:00+00:00,23996.3,24046.0,23721.9,23886.8,42641
2020-05-14 08:00:00+00:00,23854.9,23856.6,23740.5,23764.6,40121
2020-05-14 12:00:00+00:00,23789.4,23813.3,23530.8,23573.5,29873
2020-05-14 16:00:00+00:00,23573.6,23803.8,23507.8,23801.8,49427
2020-05-15 04:00:00+00:00,23851.7,23921.3,23626.2,23908.0,45572
2020-05-15 08:00:00+00:00,23921.7,23990.2,23718.2,23752.4,39151
2020-05-15 12:00:00+00:00,23774.4,23785.2,23466.7,23517.7,31485
2020-05-15 16:00:00+00:00,23517.7,23621.1,23475.7,23551.9,41358
2020-05-18 04:00:00+00:00,23714.9,23949.9,23680.6,23887.9,40958
2020-05-18 08:00:00+00:00,23882.8,23998.2,23814.4,23984.0,34413
2020-05-18 12:00:00+00:00,23973.4,24186.3,23905.4,24173.3,21320
2020-05-18 16:00:00+00:00,24172.9,24453.1,24150.9,24382.9,35326
2020-05-19 04:00:00+00:00,24391.1,24577.9,24281.4,24355.4,43231
2020-05-19 08:00:00+00:00,24431.9,24492.4,24321.4,24370.9,38888
2020-05-19 12:00:00+00:00,24375.5,24406.2,24298.4,24377.4,23998
2020-05-19 16:00:00+00:00,24377.4,24431.8,24302.9,24368.0,36823
2020-05-20 04:00:00+00:00,24365.5,24521.0,24296.2,24369.8,36561
2020-05-20 08:00:00+00:00,24356.7,24477.0,24313.7,24472.6,32538
2020-05-20 12:00:00+00:00,24476.2,24615.4,24454.7,24583.2,18395
2020-05-20 16:00:00+00:00,24583.2,24668.4,24487.7,24510.2,31078
2020-05-21 04:00:00+00:00,24436.1,24507.8,24156.1,24367.2,42239
2020-05-21 08:00:00+00:00,24376.5,24418.4,24150.7,24163.1,34403
2020-05-21 12:00:00+00:00,24160.4,24164.4,23831.7,23893.3,26681
2020-05-21 16:00:00+00:00,23893.4,24004.4,23758.2,23785.4,41852
2020-05-22 04:00:00+00:00,23706.0,23723.0,23055.3,23113.3,46588
2020-05-22 08:00:00+00:00,23005.8,23088.7,22733.0,22739.0,52679
2020-05-22 12:00:00+00:00,22818.0,23035.1,22808.0,23010.0,25809
2020-05-22 16:00:00+00:00,23010.1,23059.5,22846.0,22852.5,35970
2020-05-25 04:00:00+00:00,22810.4,22942.6,22500.2,22672.1,48045
2020-05-25 08:00:00+00:00,22682.4,22924.1,22675.4,22885.7,40743
2020-05-26 04:00:00+00:00,23184.8,23399.7,23165.0,23376.8,38548
2020-05-26 08:00:00+00:00,23377.7,23479.1,23345.0,23359.0,33818
2020-05-26 12:00:00+00:00,23391.8,23394.3,23300.8,23377.2,15500
2020-05-26 16:00:00+00:00,23377.2,23451.8,23335.3,23377.8,26714
2020-05-27 04:00:00+00:00,23412.2,23509.3,23125.9,23272.2,39000
2020-05-27 08:00:00+00:00,23246.2,23266.2,23110.2,23203.9,33668
2020-05-27 12:00:00+00:00,23270.2,23374.6,23232.2,23234.7,16162
2020-05-27 16:00:00+00:00,23234.7,23271.5,22922.2,22932.9,27065
2020-05-28 04:00:00+00:00,23083.8,23442.7,22845.6,22848.6,49746
2020-05-28 08:00:00+00:00,22805.7,23325.7,22742.4,23090.4,55584
2020-05-28 12:00:00+00:00,23126.6,23144.7,22989.6,23115.6,20878
2020-05-28 16:00:00+00:00,23115.6,23274.2,23068.6,23269.6,28931
2020-05-29 04:00:00+00:00,22733.0,23090.1,22599.5,22971.8,46207
2020-05-29 08:00:00+00:00,22993.4,23080.5,22840.3,22994.5,42638
2020-05-29 12:00:00+00:00,23010.5,23172.1,22987.3,23089.0,20786
2020-05-29 16:00:00+00:00,23088.8,23094.3,22884.8,22941.9,26831
2020-06-01 04:00:00+00:00,23486.7,23867.4,23452.7,23720.3,45315
2020-06-01 08:00:00+00:00,23731.2,23821.5,23469.0,23588.8,42535
2020-06-01 12:00:00+00:00,23631.6,23647.4,23528.5,23575.7,18971
2020-06-01 16:00:00+00:00,23575.9,23713.1,23488.5,23701.5,27801
2020-06-02 04:00:00+00:00,23765.2,24017.8,23684.0,23841.6,43512
2020-06-02 08:00:00+00:00,23849.9,24102.8,23808.9,24088.1,38590
2020-06-02 12:00:00+00:00,24098.6,24215.5,24068.4,24186.9,17783
2020-06-02 16:00:00+00:00,24186.9,24406.5,24123.9,24251.9,31424
2020-06-03 04:00:00+00:00,24440.4,24457.2,24211.9,24294.5,45458
2020-06-03 08:00:00+00:00,24304.4,24377.5,24256.6,24347.2,35992
2020-06-03 12:00:00+00:00,24374.3,24532.1,24366.6,24490.6,19750
2020-06-03 16:00:00+00:00,24490.6,24705.8,24479.6,24642.6,28548
2020-06-04 04:00:00+00:00,24608.6,24637.4,24217.2,24306.3,47154
2020-06-04 08:00:00+00:00,24323.9,24419.7,24231.2,24403.1,38317
2020-06-04 12:00:00+00:00,24344.1,24472.3,24242.9,24316.9,20672
2020-06-04 16:00:00+00:00,24316.9,24460.1,24272.4,24278.3,33513
2020-06-05 04:00:00+00:00,24316.4,24472.1,24265.1,24393.8,40059
2020-06-05 08:00:00+00:00,24423.3,24873.0,24396.6,24794.6,44172
2020-06-05 12:00:00+00:00,24783.8,24968.9,24697.8,24960.3,20560
2020-06-05 16:00:00+00:00,24960.3,25167.9,24946.8,25142.8,34920
2020-06-08 04:00:00+00:00,24998.7,25078.9,24796.5,24804.5,45325
2020-06-08 08:00:00+00:00,24816.3,24826.2,24678.7,24820.2,41459
2020-06-08 12:00:00+00:00,24903.5,24942.5,24840.5,24903.5,20215
2020-06-08 16:00:00+00:00,24903.6,24930.4,24762.5,24862.5,28220
2020-06-09 04:00:00+00:00,24844.9,25156.7,24797.2,25095.6,41241
2020-06-09 08:00:00+00:00,25094.7,25255.9,24897.9,24931.5,41275
2020-06-09 12:00:00+00:00,24877.5,24989.8,24853.9,24902.9,22618
2020-06-09 16:00:00+00:00,24902.9,25007.3,24793.4,24868.9,31142
2020-06-10 04:00:00+00:00,25092.5,25322.4,24954.3,25087.5,44291
2020-06-10 08:00:00+00:00,25097.5,25170.8,25007.5,25076.0,34640
2020-06-10 12:00:00+00:00,24978.3,25091.9,24878.8,25085.3,21657
2020-06-10 16:00:00+00:00,25085.3,25106.3,24932.8,24960.3,32160
2020-06-11 04:00:00+00:00,24995.2,25076.5,24724.7,24787.9,45459
2020-06-11 08:00:00+00:00,24779.7,24780.4,24397.2,24431.7,49314
2020-06-11 12:00:00+00:00,24425.7,24555.7,24277.7,24305.7,25474
2020-06-11 16:00:00+00:00,24305.7,24405.7,23983.2,24007.7,43378
2020-06-12 04:00:00+00:00,24012.1,24262.0,23861.9,24149.1,44794
2020-06-12 08:00:00+00:00,24186.7,24306.5,24063.2,24286.9,52247
2020-06-12 12:00:00+00:00,24366.9,24460.4,24287.7,24378.5,26185
2020-06-12 16:00:00+00:00,24378.9,24452.3,24060.2,24203.2,46186
2020-06-15 04:00:00+00:00,23910.3,24234.3,23884.8,24130.1,46122
2020-06-15 08:00:00+00:00,24011.3,24015.1,23634.6,23770.8,61062
2020-06-15 12:00:00+00:00,23823.5,23934.5,23793.8,23851.8,28230
2020-06-15 16:00:00+00:00,23852.0,24059.3,23752.8,24055.8,45344
2020-06-16 04:00:00+00:00,24443.2,24553.6,24289.9,24482.6,46447
2020-06-16 08:00:00+00:00,24458.5,24522.4,24332.6,24446.1,47925
2020-06-16 12:00:00+00:00,24486.6,24709.7,24426.1,24670.1,22805
2020-06-16 16:00:00+00:00,24670.1,24676.9,24179.6,24379.6,49754
2020-06-17 04:00:00+00:00,24340.7,24468.6,24156.7,24316.2,44180
2020-06-17 08:00:00+00:00,24343.1,24553.2,24206.7,24465.0,49037
2020-06-17 12:00:00+00:00,24434.2,24441.9,24305.2,24381.2,22776
2020-06-17 16:00:00+00:00,24381.2,24480.4,24341.2,24426.4,35192
2020-06-18 04:00:00+00:00,24314.3,24449.3,24071.0,24433.7,50153
2020-06-18 08:00:00+00:00,24440.9,24507.0,24308.7,24410.2,45580
2020-06-18 12:00:00+00:00,24466.6,24565.9,24274.9,24334.9,26032
2020-06-18 16:00:00+00:00,24334.9,24456.3,24303.4,24403.3,33084
2020-06-19 04:00:00+00:00,24318.2,24533.3,24306.2,24458.4,41930
2020-06-19 08:00:00+00:00,24450.9,24798.6,24420.6,24684.6,46057
2020-06-19 12:00:00+00:00,24740.1,24774.6,24700.6,24759.1,17682
2020-06-19 16:00:00+00:00,24759.1,24766.5,24366.6,24495.1,35169
2020-06-22 04:00:00+00:00,24426.5,24623.4,24421.6,24544.7,45207
2020-06-22 08:00:00+00:00,24496.3,24537.9,24355.4,24454.7,43138
2020-06-22 12:00:00+00:00,24527.2,24556.7,24422.7,24470.7,16193
2020-06-22 16:00:00+00:00,24470.7,24674.6,24433.7,24660.2,26180
2020-06-23 04:00:00+00:00,24578.2,24796.0,24132.2,24751.8,54513
2020-06-23 08:00:00+00:00,24766.4,24973.6,24649.7,24951.9,42170
2020-06-23 12:00:00+00:00,24899.7,25025.7,24896.2,24996.7,14741
2020-06-23 16:00:00+00:00,24996.7,25037.8,24933.2,24988.5,25215
2020-06-24 04:00:00+00:00,25041.7,25116.0,24847.5,24904.5,47815
2020-06-24 08:00:00+00:00,24918.6,24949.3,24648.8,24697.3,27847
2020-06-24 12:00:00+00:00,24646.4,24723.5,24584.3,24716.7,12646
2020-06-24 16:00:00+00:00,24716.7,24745.2,24374.6,24421.6,20140
2020-06-26 04:00:00+00:00,24540.0,24761.0,24499.5,24634.1,19648
2020-06-26 08:00:00+00:00,24671.9,24671.9,24496.6,24514.4,23489
2020-06-26 12:00:00+00:00,24587.1,24678.1,24549.1,24559.6,11042
2020-06-26 16:00:00+00:00,24559.6,24586.6,24368.6,24447.6,26509
2020-06-29 04:00:00+00:00,24528.8,24603.6,24119.0,24133.4,47012
2020-06-29 08:00:00+00:00,24148.9,24361.1,24147.5,24233.8,47980
2020-06-29 12:00:00+00:00,24291.2,24392.2,24273.0,24334.0,13674
2020-06-29 16:00:00+00:00,24334.0,24432.5,24262.5,24419.5,26771
2020-06-30 04:00:00+00:00,24538.2,24581.4,24403.2,24527.1,38878
2020-06-30 08:00:00+00:00,24515.2,24576.1,24248.4,24410.5,47026
2020-06-30 12:00:00+00:00,24351.4,24456.1,24342.4,24384.9,13390
2020-06-30 16:00:00+00:00,24384.9,24437.4,24307.4,24386.4,21182
2020-07-02 04:00:00+00:00,24418.3,24859.7,24414.4,24807.2,44108
2020-07-02 08:00:00+00:00,24800.9,25208.7,24767.2,25204.7,44342
2020-07-02 12:00:00+00:00,25167.4,25234.3,25078.4,25218.4,15717
2020-07-02 16:00:00+00:00,25218.4,25280.1,25044.9,25141.9,28971
2020-07-03 04:00:00+00:00,25203.2,25400.7,25173.5,25361.5,44579
2020-07-03 08:00:00+00:00,25353.7,25481.9,25253.4,25343.0,43328
2020-07-03 12:00:00+00:00,25333.9,25353.0,25251.4,25278.1,12977
2020-07-03 16:00:00+00:00,25278.2,25311.6,25206.4,25253.4,12032
2020-07-06 04:00:00+00:00,25533.6,26313.8,25528.8,26237.4,52809
2020-07-06 08:00:00+00:00,26237.8,26485.4,26050.1,26345.8,54635
2020-07-06 12:00:00+00:00,26247.2,26498.5,26247.2,26484.6,15095
2020-07-06 16:00:00+00:00,26484.6,26603.4,26463.1,26503.1,26233
2020-07-07 04:00:00+00:00,26479.4,26736.9,26186.2,26371.9,54679
2020-07-07 08:00:00+00:00,26340.7,26348.4,25905.2,25936.9,54075
2020-07-07 12:00:00+00:00,25906.2,26044.2,25846.7,26027.2,15514
2020-07-07 16:00:00+00:00,26027.2,26197.0,26007.2,26079.9,24271
2020-07-08 04:00:00+00:00,26174.2,26301.2,25852.0,26057.2,54878
2020-07-08 08:00:00+00:00,25997.0,26190.7,25915.2,26046.7,49401
2020-07-08 12:00:00+00:00,25971.7,26089.5,25940.0,26068.0,18444
2020-07-08 16:00:00+00:00,26068.0,26241.7,26043.5,26241.5,29081
2020-07-09 04:00:00+00:00,26231.4,26371.7,26076.6,26229.6,48048
2020-07-09 08:00:00+00:00,26225.1,26268.1,25993.4,26239.1,52940
2020-07-09 12:00:00+00:00,26206.1,26264.8,26171.1,26227.1,14585
2020-07-09 16:00:00+00:00,26227.1,26303.5,25855.6,26028.0,36607
2020-07-10 04:00:00+00:00,26043.9,26157.6,25829.2,25908.8,52468
2020-07-10 08:00:00+00:00,25813.7,25824.5,25540.3,25673.8,55635
2020-07-10 12:00:00+00:00,25630.2,25839.8,25623.6,25809.1,17447
2020-07-10 16:00:00+00:00,25809.1,25855.9,25652.6,25722.7,30021
2020-07-13 04:00:00+00:00,25814.2,25988.5,25720.4,25968.7,48417
2020-07-13 08:00:00+00:00,25983.2,26100.0,25708.2,25733.5,48791
2020-07-13 12:00:00+00:00,25758.9,25837.6,25708.7,25795.7,14710
2020-07-13 16:00:00+00:00,25793.7,26020.6,25784.7,25956.7,26114
2020-07-14 04:00:00+00:00,25575.4,25665.9,25245.3,25329.1,54470
2020-07-14 08:00:00+00:00,25371.5,25548.0,25296.8,25517.8,51809
2020-07-14 12:00:00+00:00,25518.9,25580.6,25453.8,25456.3,17534
2020-07-14 16:00:00+00:00,25456.3,25688.2,25419.3,25659.8,38908
2020-07-15 04:00:00+00:00,25805.5,25888.5,25298.8,25360.2,54722
2020-07-15 08:00:00+00:00,25414.5,25538.8,25323.3,25468.0,47791
2020-07-15 12:00:00+00:00,25446.4,25632.1,25431.8,25617.8,15659
2020-07-15 16:00:00+00:00,25617.8,25655.9,25465.8,25544.8,30769
2020-07-16 04:00:00+00:00,25534.8,25617.7,25109.5,25164.5,57370
2020-07-16 08:00:00+00:00,25190.5,25207.8,24880.0,24911.0,62095
2020-07-16 12:00:00+00:00,24877.2,25054.4,24837.0,24992.6,16946
2020-07-16 16:00:00+00:00,24992.5,25158.7,24977.5,25098.5,27178
2020-07-17 04:00:00+00:00,25136.5,25250.9,25028.2,25110.3,50627
2020-07-17 08:00:00+00:00,25079.2,25164.9,25000.8,25151.3,48036
2020-07-17 12:00:00+00:00,25170.4,25211.7,25140.3,25174.8,13042
2020-07-17 16:00:00+00:00,25174.8,25266.4,25099.3,25195.8,22783
2020-07-20 04:00:00+00:00,24984.1,25201.5,24715.9,25159.7,55307
2020-07-20 08:00:00+00:00,25140.2,25157.7,24923.2,25008.7,49350
2020-07-20 12:00:00+00:00,25111.1,25136.2,25067.5,25092.5,13480
2020-07-20 16:00:00+00:00,25092.5,25227.2,25062.5,25211.0,20849
2020-07-21 04:00:00+00:00,25358.2,25541.8,25329.9,25527.8,46718
2020-07-21 08:00:00+00:00,25559.3,25630.7,25414.0,25608.3,41728
2020-07-21 12:00:00+00:00,25634.8,25700.5,25604.3,25648.6,11864
2020-07-21 16:00:00+00:00,25648.7,25656.5,25505.3,25559.8,29494
2020-07-22 04:00:00+00:00,25518.5,25782.1,25470.7,25644.5,47726
2020-07-22 08:00:00+00:00,25578.0,25578.9,24988.0,25096.3,54533
2020-07-22 12:00:00+00:00,24981.5,25243.9,24972.5,25225.9,20191
2020-07-22 16:00:00+00:00,25225.9,25225.9,25055.0,25101.5,25624
2020-07-23 04:00:00+00:00,25173.2,25318.3,24959.3,25129.3,56797
2020-07-23 08:00:00+00:00,25137.2,25264.0,25076.0,25243.0,43555
2020-07-23 12:00:00+00:00,25201.0,25230.3,25061.3,25061.3,14113
2020-07-23 16:00:00+00:00,25061.3,25173.3,25047.3,25068.8,28044
2020-07-24 04:00:00+00:00,25032.2,25101.6,24688.5,24781.7,54545
2020-07-24 08:00:00+00:00,24733.7,24780.2,24569.5,24687.7,60006
2020-07-24 12:00:00+00:00,24715.1,24772.5,24691.5,24701.0,15733
2020-07-24 16:00:00+00:00,24701.0,24797.0,24657.5,24742.1,28472
2020-07-27 04:00:00+00:00,24898.5,24966.9,24647.7,24696.2,53177
2020-07-27 08:00:00+00:00,24658.8,24697.5,24535.2,24634.7,50960
2020-07-27 12:00:00+00:00,24649.0,24709.2,24633.0,24686.0,13257
2020-07-27 16:00:00+00:00,24686.0,24791.9,24658.5,24718.5,21590
2020-07-28 04:00:00+00:00,24951.7,24982.4,24663.7,24715.7,47852
2020-07-28 08:00:00+00:00,24716.2,24801.9,24644.2,24752.3,43063
2020-07-28 12:00:00+00:00,24768.2,24791.2,24655.7,24719.7,15374
2020-07-28 16:00:00+00:00,24719.7,24742.4,24651.7,24696.6,23623
2020-07-29 04:00:00+00:00,24735.3,24901.5,24663.8,24783.3,37449
2020-07-29 08:00:00+00:00,24716.6,24888.8,24660.1,24866.3,34686
2020-07-29 12:00:00+00:00,24840.0,24916.8,24833.8,24866.8,7441
2020-07-29 16:00:00+00:00,24865.8,24933.0,24850.3,24874.8,11794
2020-07-30 04:00:00+00:00,24931.1,25234.6,24863.5,25174.5,43123
2020-07-30 08:00:00+00:00,25165.3,25165.8,24584.8,24680.4,51267
2020-07-30 12:00:00+00:00,24623.5,24717.2,24611.0,24630.9,16803
2020-07-30 16:00:00+00:00,24630.9,24699.2,24418.0,24628.0,30548
2020-07-31 04:00:00+00:00,24763.7,24974.6,24522.7,24788.7,51532
2020-07-31 08:00:00+00:00,24784.2,24790.7,24568.4,24602.8,47485
2020-07-31 12:00:00+00:00,24611.8,24632.7,24540.7,24551.2,14384
2020-07-31 16:00:00+00:00,24551.2,24580.5,24332.7,24347.2,31372
2020-08-03 04:00:00+00:00,24572.9,24621.9,24232.3,24334.0,50292
2020-08-03 08:00:00+00:00,24315.5,24482.4,24310.5,24435.3,49269
2020-08-03 12:00:00+00:00,24384.3,24535.7,24384.3,24496.8,13954
2020-08-03 16:00:00+00:00,24496.8,24560.7,24447.3,24530.8,19991
2020-08-04 04:00:00+00:00,24648.8,24725.7,24536.2,24666.2,43314
2020-08-04 08:00:00+00:00,24685.2,25114.6,24622.2,24983.7,53108
2020-08-04 12:00:00+00:00,24970.2,25020.2,24846.7,24871.2,15962
2020-08-04 16:00:00+00:00,24871.2,25013.4,24866.2,24974.7,21141
2020-08-05 04:00:00+00:00,24999.8,25198.6,24887.9,25125.5,47376
2020-08-05 08:00:00+00:00,25103.7,25215.1,24999.2,25096.6,44627
2020-08-05 12:00:00+00:00,25128.4,25165.4,25092.4,25102.4,12838
2020-08-05 16:00:00+00:00,25102.4,25209.9,25087.4,25136.9,18807
2020-08-06 04:00:00+00:00,25162.5,25278.2,24629.6,24695.7,54796
2020-08-06 08:00:00+00:00,24717.3,25004.9,24693.6,24853.4,52446
2020-08-06 12:00:00+00:00,24859.1,24884.7,24699.6,24806.5,16907
2020-08-06 16:00:00+00:00,24806.5,24874.3,24752.6,24862.3,22267
2020-08-07 04:00:00+00:00,24927.2,24962.2,24168.7,24355.1,56478
2020-08-07 08:00:00+00:00,24453.4,24566.5,24353.2,24402.8,50600
2020-08-07 12:00:00+00:00,24376.2,24465.5,24373.7,24431.2,13229
2020-08-07 16:00:00+00:00,24431.2,24446.4,24218.2,24327.7,28228
2020-08-10 04:00:00+00:00,24333.9,24509.5,24242.2,24427.6,50791
2020-08-10 08:00:00+00:00,24448.3,24523.6,24324.2,24431.4,44605
2020-08-10 12:00:00+00:00,24456.9,24471.4,24414.2,24439.7,10615
2020-08-10 16:00:00+00:00,24439.7,24488.7,24365.2,24468.7,20756
2020-08-11 04:00:00+00:00,24616.0,24997.2,24592.9,24974.8,42717
2020-08-11 08:00:00+00:00,24941.9,25048.0,24742.8,24909.8,49538
2020-08-11 12:00:00+00:00,24983.8,25029.0,24953.3,24996.3,14709
2020-08-11 16:00:00+00:00,24996.3,25009.3,24862.8,24963.2,24674
2020-08-12 04:00:00+00:00,24800.0,24865.6,24672.5,24822.4,49494
2020-08-12 08:00:00+00:00,24788.6,25317.2,24739.0,25256.7,50831
2020-08-12 12:00:00+00:00,25316.0,25354.5,25270.5,25341.5,13673
2020-08-12 16:00:00+00:00,25341.5,25448.0,25312.5,25378.0,22707
2020-08-13 04:00:00+00:00,25449.1,25465.1,25158.3,25211.8,46699
2020-08-13 08:00:00+00:00,25191.8,25254.1,25113.3,25159.8,45580
2020-08-13 12:00:00+00:00,25180.5,25261.8,25159.3,25257.3,11790
2020-08-13 16:00:00+00:00,25257.3,25258.3,25136.3,25207.7,20689
2020-08-14 04:00:00+00:00,25163.3,25283.6,25047.1,25178.6,43555
2020-08-14 08:00:00+00:00,25176.1,25375.5,25060.1,25104.8,42806
2020-08-14 12:00:00+00:00,25079.2,25140.2,25029.1,25115.6,15326
2020-08-14 16:00:00+00:00,25115.6,25215.6,25093.6,25158.6,21876
2020-08-17 04:00:00+00:00,25227.5,25531.0,25163.0,25504.5,45355
2020-08-17 08:00:00+00:00,25514.8,25588.0,25273.8,25313.3,48652
2020-08-17 12:00:00+00:00,25350.5,25365.0,25305.5,25340.5,10220
2020-08-17 16:00:00+00:00,25340.5,25433.8,25339.5,25406.0,15919
2020-08-18 04:00:00+00:00,25372.9,25454.3,25258.2,25404.2,42574
2020-08-18 08:00:00+00:00,25398.4,25407.9,25239.7,25362.2,39237
2020-08-18 12:00:00+00:00,25398.4,25420.3,25372.7,25393.5,10249
2020-08-18 16:00:00+00:00,25393.2,25402.6,25222.2,25280.2,12093
2020-08-19 08:00:00+00:00,25343.0,25364.1,25067.7,25153.5,39821
2020-08-19 12:00:00+00:00,25184.2,25232.8,25167.7,25197.7,10230
2020-08-19 16:00:00+00:00,25197.7,25218.8,25125.2,25182.7,16944
2020-08-20 04:00:00+00:00,24972.0,24976.3,24602.5,24626.4,48135
2020-08-20 08:00:00+00:00,24637.7,24854.1,24571.5,24709.2,48908
2020-08-20 12:00:00+00:00,24750.2,24768.2,24704.7,24721.7,13699
2020-08-20 16:00:00+00:00,24721.7,24842.7,24646.7,24826.6,22473
2020-08-21 04:00:00+00:00,24971.2,25209.0,24862.4,25106.3,44711
2020-08-21 08:00:00+00:00,25130.9,25189.0,25049.7,25082.4,39880
2020-08-21 12:00:00+00:00,25101.9,25130.2,24959.7,24997.7,16734
2020-08-21 16:00:00+00:00,24997.7,25161.0,24975.2,25079.7,24746
2020-08-24 04:00:00+00:00,25241.9,25574.3,25240.8,25493.6,40682
2020-08-24 08:00:00+00:00,25506.3,25570.4,25451.8,25517.4,34741
2020-08-24 12:00:00+00:00,25548.4,25602.8,25531.8,25543.3,9636
2020-08-24 16:00:00+00:00,25543.3,25545.4,25427.3,25453.8,24255
2020-08-25 04:00:00+00:00,25599.3,25633.0,25372.7,25438.4,42327
2020-08-25 08:00:00+00:00,25427.0,25575.0,25352.4,25482.4,39937
2020-08-25 12:00:00+00:00,25462.6,25491.6,25451.9,25459.4,10572
2020-08-25 16:00:00+00:00,25459.4,25532.4,25430.4,25445.9,22219
2020-08-26 04:00:00+00:00,25563.1,25625.1,25331.8,25440.1,42527
2020-08-26 08:00:00+00:00,25445.6,25519.3,25411.6,25459.6,36323
2020-08-26 12:00:00+00:00,25486.6,25486.7,25434.6,25447.6,9305
2020-08-26 16:00:00+00:00,25447.7,25535.1,25436.6,25524.6,17611
2020-08-27 04:00:00+00:00,25527.8,25530.4,25175.8,25339.6,39317
2020-08-27 08:00:00+00:00,25311.9,25331.6,25228.6,25239.1,28713
2020-08-27 12:00:00+00:00,25223.8,25298.7,25188.3,25283.3,8494
2020-08-27 16:00:00+00:00,25283.3,25356.8,25112.3,25149.8,30042
2020-08-28 04:00:00+00:00,25267.8,25606.5,25216.3,25524.3,44207
2020-08-28 08:00:00+00:00,25531.2,25813.0,25363.5,25471.5,59278
2020-08-28 12:00:00+00:00,25493.0,25503.2,25424.8,25473.8,15339
2020-08-28 16:00:00+00:00,25473.8,25547.4,25442.3,25504.8,23888
2020-08-31 04:00:00+00:00,25663.8,25894.1,25651.9,25790.7,45758
2020-08-31 08:00:00+00:00,25774.9,25777.3,25082.7,25178.3,56934
2020-08-31 12:00:00+00:00,25196.7,25246.2,25159.7,25200.2,14566
2020-08-31 16:00:00+00:00,25200.2,25208.1,24979.2,25038.7,27249
2020-09-01 04:00:00+00:00,25120.9,25260.0,24932.0,25180.0,41889
2020-09-01 08:00:00+00:00,25205.5,25282.8,25106.3,25153.8,39558
2020-09-01 12:00:00+00:00,25152.0,25180.3,25092.3,25098.8,12509
2020-09-01 16:00:00+00:00,25098.8,25133.2,25012.3,25050.3,25283
2020-09-02 04:00:00+00:00,25152.7,25213.3,24901.3,25070.1,45012
2020-09-02 08:00:00+00:00,25061.2,25257.7,25028.2,25129.0,43989
2020-09-02 12:00:00+00:00,25163.7,25198.5,25111.5,25123.5,12626
2020-09-02 16:00:00+00:00,25123.5,25130.6,24951.5,25012.0,29623
2020-09-03 04:00:00+00:00,25029.2,25231.7,24840.0,25037.0,43956
2020-09-03 08:00:00+00:00,25039.5,25056.5,24867.0,24986.0,44376
2020-09-03 12:00:00+00:00,24964.2,24986.8,24900.7,24943.1,15261
2020-09-03 16:00:00+00:00,24943.1,24953.3,24615.7,24733.2,42924
2020-09-04 04:00:00+00:00,24679.6,24720.4,24477.1,24548.8,48332
2020-09-04 08:00:00+00:00,24578.0,24848.0,24548.5,24741.8,48667
2020-09-04 12:00:00+00:00,24742.4,24788.8,24656.8,24710.8,19197
2020-09-04 16:00:00+00:00,24710.8,24777.4,24361.3,24626.8,50653
2020-09-07 04:00:00+00:00,24721.7,24913.1,24553.1,24700.1,46815
2020-09-07 08:00:00+00:00,24647.5,24729.1,24462.0,24564.5,51146
2020-09-07 12:00:00+00:00,24560.1,24636.9,24547.5,24618.5,11150
2020-09-07 16:00:00+00:00,24618.5,24659.2,24589.5,24638.5,10814
2020-09-08 04:00:00+00:00,24678.2,24797.1,24314.7,24436.2,52572
2020-09-08 08:00:00+00:00,24456.3,24715.0,24446.5,24528.1,51910
2020-09-08 12:00:00+00:00,24492.3,24504.1,24275.7,24317.8,22252
2020-09-08 16:00:00+00:00,24318.0,24449.2,24269.7,24431.2,37499
2020-09-09 04:00:00+00:00,24291.9,24424.6,24175.4,24349.4,47996
2020-09-09 08:00:00+00:00,24337.0,24502.7,24291.4,24451.9,47877
2020-09-09 12:00:00+00:00,24449.5,24507.3,24393.9,24480.5,15590
2020-09-09 16:00:00+00:00,24480.6,24599.4,24474.4,24590.4,24910
2020-09-10 04:00:00+00:00,24588.7,24599.7,24381.8,24439.8,42166
2020-09-10 08:00:00+00:00,24461.2,24520.4,24238.0,24274.0,44851
2020-09-10 12:00:00+00:00,24306.2,24384.2,24263.0,24364.0,16114
2020-09-10 16:00:00+00:00,24364.0,24446.2,24266.5,24295.0,30075
2020-09-11 04:00:00+00:00,24318.6,24420.7,24252.4,24390.6,40703
2020-09-11 08:00:00+00:00,24382.6,24555.8,24371.1,24478.9,41856
2020-09-11 12:00:00+00:00,24492.5,24517.4,24438.9,24451.2,15875
2020-09-11 16:00:00+00:00,24449.9,24501.0,24348.4,24351.5,34855
2020-09-14 04:00:00+00:00,24565.5,24750.1,24502.5,24633.9,38605
2020-09-14 08:00:00+00:00,24623.6,24675.7,24550.7,24557.2,38632
2020-09-14 12:00:00+00:00,24534.5,24560.2,24487.5,24531.0,13813
2020-09-14 16:00:00+00:00,24530.0,24553.7,24499.0,24505.0,22880
2020-09-15 04:00:00+00:00,24473.7,24799.9,24468.7,24748.9,36675
2020-09-15 08:00:00+00:00,24773.3,24785.3,24657.7,24774.7,35791
2020-09-15 12:00:00+00:00,24801.9,24919.4,24798.2,24910.2,11845
2020-09-15 16:00:00+00:00,24910.2,24911.6,24823.2,24845.7,20932
2020-09-16 04:00:00+00:00,24770.6,24847.1,24623.7,24642.7,35837
2020-09-16 08:00:00+00:00,24634.2,24745.6,24599.4,24710.7,32561
2020-09-16 12:00:00+00:00,24713.9,24731.0,24650.2,24668.2,8781
2020-09-16 16:00:00+00:00,24668.2,24697.4,24601.7,24657.2,18914
2020-09-17 04:00:00+00:00,24543.2,24683.1,24201.5,24278.4,44337
2020-09-17 08:00:00+00:00,24268.2,24359.3,24211.0,24348.2,41890
2020-09-17 12:00:00+00:00,24345.0,24352.4,24282.0,24289.8,14119
2020-09-17 16:00:00+00:00,24289.8,24403.6,24252.0,24372.5,29372
2020-09-18 04:00:00+00:00,24376.5,24426.1,24250.0,24379.7,36228
2020-09-18 08:00:00+00:00,24383.5,24457.5,24349.7,24457.5,36989
2020-09-18 12:00:00+00:00,24448.5,24488.3,24365.0,24400.9,13398
2020-09-18 16:00:00+00:00,24400.9,24420.7,24329.0,24341.0,24407
2020-09-21 04:00:00+00:00,24425.0,24576.9,24114.9,24180.9,46051
2020-09-21 08:00:00+00:00,24128.9,24181.3,23860.7,23898.0,44922
2020-09-21 12:00:00+00:00,23893.9,23917.7,23709.9,23736.9,20926
2020-09-21 16:00:00+00:00,23736.9,23790.6,23612.9,23757.4,34226
2020-09-22 04:00:00+00:00,23867.1,23876.9,23664.3,23844.8,42260
2020-09-22 08:00:00+00:00,23824.5,23824.5,23622.3,23659.5,44489
2020-09-22 12:00:00+00:00,23703.8,23766.3,23692.3,23730.3,15015
2020-09-22 16:00:00+00:00,23730.3,23766.6,23534.8,23574.8,26942
2020-09-23 04:00:00+00:00,23636.3,23745.1,23506.6,23684.1,46130
2020-09-23 08:00:00+00:00,23684.4,23759.4,23609.6,23699.8,40990
2020-09-23 12:00:00+00:00,23750.1,23770.1,23630.6,23645.6,14536
2020-09-23 16:00:00+00:00,23645.6,23685.0,23524.1,23584.6,27549
2020-09-24 04:00:00+00:00,23478.3,23566.7,23253.5,23275.1,48126
2020-09-24 08:00:00+00:00,23209.5,23338.1,23162.5,23254.1,48404
2020-09-24 12:00:00+00:00,23263.1,23320.0,23170.5,23199.5,18539
2020-09-24 16:00:00+00:00,23199.5,23343.5,23163.0,23340.5,34209
2020-09-25 04:00:00+00:00,23417.0,23474.1,23226.8,23258.0,41521
2020-09-25 08:00:00+00:00,23298.3,23388.5,23114.3,23158.9,49253
2020-09-25 12:00:00+00:00,23189.4,23191.8,22976.8,23107.4,22607
2020-09-25 16:00:00+00:00,23107.3,23112.9,22963.8,23096.8,31743
2020-09-28 04:00:00+00:00,23245.0,23386.9,23200.6,23365.8,33029
2020-09-28 08:00:00+00:00,23359.1,23466.8,23356.8,23404.8,31198
2020-09-28 12:00:00+00:00,23406.5,23538.3,23401.3,23516.8,14996
2020-09-28 16:00:00+00:00,23516.8,23536.3,23471.8,23508.3,25101
2020-09-29 04:00:00+00:00,23569.1,23575.2,23307.9,23358.4,40310
2020-09-29 08:00:00+00:00,23379.5,23408.1,23188.9,23261.4,43024
2020-09-29 12:00:00+00:00,23273.4,23334.9,23259.4,23330.4,11252
2020-09-29 16:00:00+00:00,23330.4,23374.4,23312.9,23365.4,20415
2020-09-30 04:00:00+00:00,23468.3,23767.6,23406.7,23536.4,44904
2020-09-30 08:00:00+00:00,23526.2,23557.9,23317.2,23422.2,47836
2020-09-30 12:00:00+00:00,23413.2,23525.5,23376.2,23511.7,15239
2020-09-30 16:00:00+00:00,23511.7,23718.7,23501.2,23672.2,21706
2020-10-05 04:00:00+00:00,23837.2,23947.8,23617.7,23730.0,40621
2020-10-05 08:00:00+00:00,23753.9,23818.9,23656.7,23753.1,38094
2020-10-05 12:00:00+00:00,23752.9,23799.2,23744.2,23780.8,12771
2020-10-05 16:00:00+00:00,23781.0,23867.3,23759.7,23839.4,19443
2020-10-06 04:00:00+00:00,23895.5,23975.0,23781.3,23923.3,35294
2020-10-06 08:00:00+00:00,23915.8,23972.8,23867.8,23943.8,29581
2020-10-06 12:00:00+00:00,23955.5,24037.2,23925.0,24024.0,13697
2020-10-06 16:00:00+00:00,24024.0,24080.0,23978.5,24043.5,24887
2020-10-07 04:00:00+00:00,23930.8,24180.0,23875.8,24095.8,38408
2020-10-07 08:00:00+00:00,24120.1,24260.6,24100.1,24167.6,33777
2020-10-07 12:00:00+00:00,24197.8,24240.6,24167.1,24228.8,13670
2020-10-07 16:00:00+00:00,24228.9,24280.3,24161.1,24230.6,24226
2020-10-08 04:00:00+00:00,24186.1,24190.6,23990.4,24011.1,36069
2020-10-08 08:00:00+00:00,24034.4,24154.7,24008.9,24099.9,31477
2020-10-08 12:00:00+00:00,24122.6,24174.6,24091.9,24133.4,12452
2020-10-08 16:00:00+00:00,24133.4,24233.4,24123.4,24225.4,22043
2020-10-09 04:00:00+00:00,24257.9,24368.9,24074.2,24177.7,37550
2020-10-09 08:00:00+00:00,24183.4,24194.5,24013.7,24035.9,36332
2020-10-09 12:00:00+00:00,24052.7,24121.7,24034.2,24121.7,9987
2020-10-09 16:00:00+00:00,24121.2,24251.7,24086.2,24234.7,19287
2020-10-12 04:00:00+00:00,24199.9,24614.8,24153.5,24611.3,41764
2020-10-12 08:00:00+00:00,24592.9,24710.6,24582.4,24669.1,37804
2020-10-12 12:00:00+00:00,24645.9,24676.9,24605.4,24667.9,13013
2020-10-12 16:00:00+00:00,24667.9,24740.8,24618.9,24724.9,20455
2020-10-14 04:00:00+00:00,24721.6,24727.8,24469.8,24548.1,41460
2020-10-14 08:00:00+00:00,24566.3,24639.3,24530.1,24599.5,34156
2020-10-14 12:00:00+00:00,24597.3,24641.7,24513.6,24612.2,17416
2020-10-14 16:00:00+00:00,24612.3,24635.3,24458.1,24502.1,25169
2020-10-15 04:00:00+00:00,24452.1,24556.4,24263.2,24304.9,43813
2020-10-15 08:00:00+00:00,24322.6,24398.4,24049.7,24064.1,39504
2020-10-15 12:00:00+00:00,24000.7,24104.2,23972.7,24041.2,21654
2020-10-15 16:00:00+00:00,24041.2,24118.5,24029.2,24109.2,28151
2020-10-16 04:00:00+00:00,24242.6,24379.6,24166.4,24307.7,39064
2020-10-16 08:00:00+00:00,24298.4,24426.2,24279.7,24342.4,36253
2020-10-16 12:00:00+00:00,24334.4,24399.4,24315.4,24396.9,14739
2020-10-16 16:00:00+00:00,24395.9,24420.4,24310.4,24409.9,21620
2020-10-19 04:00:00+00:00,24421.1,24757.6,24421.1,24524.0,41955
2020-10-19 08:00:00+00:00,24526.1,24583.1,24469.6,24542.4,34383
2020-10-19 12:00:00+00:00,24549.3,24556.4,24496.1,24511.1,10555
2020-10-19 16:00:00+00:00,24511.1,24576.0,24493.1,24514.1,24231
2020-10-20 04:00:00+00:00,24458.4,24573.1,24407.9,24489.1,40447
2020-10-20 08:00:00+00:00,24456.9,24546.3,24437.4,24507.7,32598
2020-10-20 12:00:00+00:00,24507.5,24530.0,24459.4,24493.4,11765
2020-10-20 16:00:00+00:00,24493.4,24591.5,24475.4,24564.4,25428
2020-10-21 04:00:00+00:00,24661.7,24884.2,24610.4,24722.6,42637
2020-10-21 08:00:00+00:00,24734.2,24849.4,24603.4,24626.8,36397
2020-10-21 12:00:00+00:00,24610.3,24694.5,24605.6,24679.6,16329
2020-10-21 16:00:00+00:00,24679.6,24805.6,24667.6,24683.6,28338
2020-10-22 04:00:00+00:00,24615.4,24712.1,24516.9,24648.4,39523
2020-10-22 08:00:00+00:00,24646.7,24858.8,24630.9,24858.8,35928
2020-10-22 12:00:00+00:00,24809.1,24869.1,24800.9,24823.9,15805
2020-10-22 16:00:00+00:00,24823.9,24845.8,24709.4,24810.9,25931
2020-10-23 04:00:00+00:00,24737.2,24961.0,24642.2,24917.9,39377
2020-10-23 08:00:00+00:00,24928.2,24953.7,24751.5,24911.5,39849
2020-10-23 12:00:00+00:00,24898.2,24931.9,24886.2,24927.2,11604
2020-10-23 16:00:00+00:00,24927.2,24928.9,24845.2,24902.2,24080
2020-10-27 04:00:00+00:00,24755.2,24832.1,24563.9,24598.9,43776
2020-10-27 08:00:00+00:00,24646.5,24805.0,24633.4,24702.7,37703
2020-10-27 12:00:00+00:00,24698.5,24793.6,24674.9,24748.4,16236
2020-10-27 16:00:00+00:00,24748.6,24809.7,24680.9,24790.3,27047
2020-10-28 04:00:00+00:00,24710.5,24739.1,24539.8,24676.5,36224
2020-10-28 08:00:00+00:00,24676.0,24810.5,24552.3,24580.5,39016
2020-10-28 12:00:00+00:00,24603.3,24605.6,24403.8,24405.3,23529
2020-10-28 16:00:00+00:00,24405.3,24474.6,24298.8,24311.3,37352
2020-10-29 04:00:00+00:00,24347.5,24445.1,24223.3,24407.8,41677
2020-10-29 08:00:00+00:00,24442.3,24624.7,24398.6,24516.8,47022
2020-10-29 12:00:00+00:00,24522.6,24544.0,24432.6,24484.1,22636
2020-10-29 16:00:00+00:00,24484.1,24538.9,24379.6,24503.1,34879
2020-10-30 04:00:00+00:00,24397.1,24548.0,24370.3,24524.6,39256
2020-10-30 08:00:00+00:00,24491.9,24506.5,23962.6,24159.4,56034
2020-10-30 12:00:00+00:00,24160.3,24252.2,24143.3,24224.8,23223
2020-10-30 16:00:00+00:00,24224.8,24255.6,24099.3,24118.3,37248
2020-11-02 00:00:00+00:00,24203.5,24312.3,24203.5,24255.1,14114
2020-11-02 04:00:00+00:00,24255.1,24370.5,24162.4,24344.4,39427
2020-11-02 08:00:00+00:00,24343.6,24496.9,24301.1,24457.6,37404
2020-11-02 12:00:00+00:00,24457.6,24568.1,24456.1,24541.4,19743
2020-11-02 16:00:00+00:00,24541.5,24552.9,24456.6,24467.1,24304
2020-11-03 00:00:00+00:00,24633.4,24897.4,24624.1,24861.9,14702
2020-11-03 04:00:00+00:00,24862.1,25037.6,24822.1,24985.3,39862
2020-11-03 08:00:00+00:00,24984.9,25167.3,24903.4,25155.4,32919
2020-11-03 12:00:00+00:00,25155.4,25163.3,24837.9,24870.5,23172
2020-11-03 16:00:00+00:00,24870.4,24952.6,24730.4,24932.9,25750
2020-11-04 00:00:00+00:00,24796.8,25077.0,24639.8,25023.5,16947
2020-11-04 04:00:00+00:00,25023.3,25053.8,24692.8,24963.5,54351
2020-11-04 08:00:00+00:00,24963.5,25029.9,24765.5,24994.3,44664
2020-11-04 12:00:00+00:00,24994.0,25349.2,24944.5,25302.0,32964
2020-11-04 16:00:00+00:00,25302.0,25537.2,25194.5,25517.7,30990
2020-11-05 00:00:00+00:00,25445.3,25636.1,25357.5,25402.2,17016
2020-11-05 04:00:00+00:00,25400.2,25609.4,25309.4,25569.2,45317
2020-11-05 08:00:00+00:00,25568.1,25892.4,25493.9,25890.4,38840
2020-11-05 12:00:00+00:00,25891.5,26035.2,25878.4,25988.9,29775
2020-11-05 16:00:00+00:00,25988.9,26021.4,25819.9,25925.4,29893
2020-11-06 00:00:00+00:00,25769.1,25808.7,25651.0,25749.0,15328
2020-11-06 04:00:00+00:00,25748.5,25784.2,25555.6,25626.1,44640
2020-11-06 08:00:00+00:00,25624.8,25804.9,25593.1,25610.6,35364
2020-11-06 12:00:00+00:00,25610.6,25772.9,25596.1,25770.1,25936
2020-11-06 16:00:00+00:00,25770.1,25880.5,25743.6,25836.1,28823
2020-11-09 00:00:00+00:00,26181.5,26201.0,25984.0,26010.5,14749
2020-11-09 04:00:00+00:00,26010.5,26176.1,25966.0,26104.3,41235
2020-11-09 08:00:00+00:00,26103.8,26116.5,25947.8,26056.3,34843
2020-11-09 12:00:00+00:00,26056.3,26853.5,26055.8,26785.8,42532
2020-11-09 16:00:00+00:00,26785.8,26865.3,26535.8,26535.8,33819
2020-11-10 00:00:00+00:00,26362.6,26441.0,26231.6,26268.1,15893
2020-11-10 04:00:00+00:00,26267.4,26396.2,26094.9,26105.5,48497
2020-11-10 08:00:00+00:00,26104.4,26453.4,26066.4,26385.9,44764
2020-11-10 12:00:00+00:00,26385.9,26406.5,26270.9,26329.9,31224
2020-11-10 16:00:00+00:00,26329.9,26399.5,26183.9,26275.8,31409
2020-11-11 00:00:00+00:00,26279.2,26366.2,26196.2,26359.5,16209
2020-11-11 04:00:00+00:00,26359.5,26445.1,26251.0,26350.5,46950
2020-11-11 08:00:00+00:00,26349.5,26417.3,26186.5,26328.5,39165
2020-11-11 12:00:00+00:00,26328.5,26388.2,26303.5,26338.5,20647
2020-11-11 16:00:00+00:00,26338.5,26400.7,26297.5,26375.5,23327
2020-11-12 00:00:00+00:00,26359.8,26501.2,26320.8,26331.6,15086
2020-11-12 04:00:00+00:00,26331.6,26358.8,26087.6,26170.5,42251
2020-11-12 08:00:00+00:00,26170.5,26329.1,26082.6,26315.6,32511
2020-11-12 12:00:00+00:00,26316.3,26371.8,26211.6,26255.6,21846
2020-11-12 16:00:00+00:00,26255.6,26310.5,26219.1,26252.9,22001
2020-11-13 00:00:00+00:00,26103.5,26123.5,25929.4,25997.4,14979
2020-11-13 04:00:00+00:00,25996.4,26142.9,25950.7,26047.3,39461
2020-11-13 08:00:00+00:00,26048.0,26256.0,26029.8,26249.3,32202
2020-11-13 12:00:00+00:00,26249.3,26284.7,26180.8,26198.8,17739
2020-11-13 16:00:00+00:00,26198.3,26241.3,26126.3,26199.3,20401
2020-11-16 00:00:00+00:00,26428.6,26470.2,26217.1,26223.0,14206
2020-11-16 04:00:00+00:00,26223.2,26349.3,26207.1,26326.8,39004
2020-11-16 08:00:00+00:00,26326.6,26396.3,26282.1,26385.1,28338
2020-11-16 12:00:00+00:00,26385.1,26503.6,26335.1,26451.1,19800
2020-11-16 16:00:00+00:00,26451.1,26574.1,26438.1,26524.0,20136
2020-11-17 00:00:00+00:00,26519.3,26524.4,26390.7,26397.2,13584
2020-11-17 04:00:00+00:00,26395.7,26452.4,26340.7,26365.2,33006
2020-11-17 08:00:00+00:00,26365.3,26440.7,26335.7,26425.7,22784
2020-11-17 12:00:00+00:00,26425.7,26434.7,26315.2,26317.2,14989
2020-11-17 16:00:00+00:00,26317.2,26416.1,26291.2,26408.5,17139
2020-11-18 00:00:00+00:00,26398.3,26491.3,26385.8,26402.1,12908
2020-11-18 04:00:00+00:00,26401.8,26646.5,26369.8,26477.8,36508
2020-11-18 08:00:00+00:00,26477.8,26590.1,26422.3,26570.8,25353
2020-11-18 12:00:00+00:00,26570.8,26634.6,26559.8,26604.8,15133
2020-11-18 16:00:00+00:00,26604.3,26610.8,26517.3,26584.5,16689
2020-11-19 00:00:00+00:00,26411.1,26445.0,26311.6,26382.1,12081
2020-11-19 04:00:00+00:00,26382.1,26438.3,26320.9,26414.9,33182
2020-11-19 08:00:00+00:00,26416.5,26441.0,26246.9,26275.4,25993
2020-11-19 12:00:00+00:00,26275.4,26348.0,26220.9,26334.3,14555
2020-11-19 16:00:00+00:00,26334.3,26433.1,26318.4,26402.4,16611
2020-11-20 00:00:00+00:00,26374.9,26479.1,26328.9,26445.9,11880
2020-11-20 04:00:00+00:00,26445.9,26568.5,26392.4,26451.0,32065
2020-11-20 08:00:00+00:00,26450.5,26491.0,26381.0,26463.9,23782
2020-11-20 12:00:00+00:00,26464.0,26522.9,26460.0,26479.0,11255
2020-11-20 16:00:00+00:00,26479.0,26526.7,26467.5,26512.1,13366
2020-11-23 00:00:00+00:00,26618.1,26703.6,26429.5,26454.2,13183
2020-11-23 04:00:00+00:00,26454.2,26466.1,26371.2,26447.2,32284
2020-11-23 08:00:00+00:00,26447.2,26524.2,26406.2,26507.2,25409
2020-11-23 12:00:00+00:00,26507.2,26517.7,26414.7,26466.7,10270
2020-11-23 16:00:00+00:00,26466.7,26497.5,26347.7,26395.7,19717
2020-11-24 00:00:00+00:00,26521.0,26536.0,26409.3,26435.3,12386
2020-11-24 04:00:00+00:00,26435.0,26579.5,26418.0,26492.6,30329
2020-11-24 08:00:00+00:00,26493.4,26641.7,26481.3,26620.3,22054
2020-11-24 12:00:00+00:00,26620.3,26645.8,26575.3,26590.3,12146
2020-11-24 16:00:00+00:00,26590.3,26671.3,26534.3,26654.5,16780
2020-11-25 00:00:00+00:00,26748.1,27001.2,26739.3,26882.1,14009
2020-11-25 04:00:00+00:00,26882.2,27072.0,26663.8,26681.8,40218
2020-11-25 08:00:00+00:00,26682.0,26738.0,26571.8,26588.6,29133
2020-11-25 12:00:00+00:00,26589.9,26640.6,26552.3,26620.8,14509
2020-11-25 16:00:00+00:00,26620.9,26690.7,26576.8,26656.8,15231
2020-11-26 00:00:00+00:00,26669.3,26715.5,26627.8,26682.2,10708
2020-11-26 04:00:00+00:00,26682.4,26750.4,26650.4,26718.4,28415
2020-11-26 08:00:00+00:00,26718.4,26828.2,26693.4,26785.4,17934
2020-11-26 12:00:00+00:00,26785.4,26800.2,26755.9,26768.9,6253
2020-11-26 16:00:00+00:00,26768.9,26782.9,26741.9,26758.4,5449
2020-11-27 00:00:00+00:00,26762.9,26788.4,26732.9,26751.4,10078
2020-11-27 04:00:00+00:00,26751.4,26850.6,26720.2,26850.4,25612
2020-11-27 08:00:00+00:00,26850.5,27037.6,26817.4,26911.9,30020
2020-11-27 12:00:00+00:00,26911.9,26937.2,26885.9,26923.3,9242
2020-11-27 16:00:00+00:00,26923.3,26997.3,26910.4,26922.9,13366
2020-11-30 00:00:00+00:00,26847.9,26950.5,26831.2,26862.4,12746
2020-11-30 04:00:00+00:00,26862.4,26890.0,26574.3,26593.1,36334
2020-11-30 08:00:00+00:00,26593.2,26612.2,26302.1,26455.3,34160
2020-11-30 12:00:00+00:00,26455.3,26504.2,26399.3,26490.3,14083
2020-11-30 16:00:00+00:00,26490.3,26503.8,26282.3,26304.1,21537
2020-12-01 00:00:00+00:00,26490.1,26490.2,26380.4,26451.2,11582
2020-12-01 04:00:00+00:00,26450.4,26656.4,26421.9,26623.7,33308
2020-12-01 08:00:00+00:00,26623.3,26630.0,26472.3,26578.3,27883
2020-12-01 12:00:00+00:00,26578.3,26603.3,26535.3,26599.3,12721
2020-12-01 16:00:00+00:00,26600.0,26657.3,26507.3,26640.3,17584
2020-12-02 00:00:00+00:00,26533.6,26613.8,26386.4,26419.5,13330
2020-12-02 04:00:00+00:00,26419.7,26558.2,26329.7,26481.9,37222
2020-12-02 08:00:00+00:00,26481.9,26603.6,26481.4,26556.4,25399
2020-12-02 12:00:00+00:00,26556.4,26567.0,26498.9,26523.4,11606
2020-12-02 16:00:00+00:00,26523.4,26632.9,26488.4,26623.8,15646
2020-12-03 00:00:00+00:00,26572.1,26648.8,26540.6,26643.0,12056
2020-12-03 04:00:00+00:00,26643.1,26802.9,26564.3,26694.6,33130
2020-12-03 08:00:00+00:00,26694.7,26764.7,26658.8,26692.8,23640
2020-12-03 12:00:00+00:00,26692.8,26718.3,26666.3,26697.3,10478
2020-12-03 16:00:00+00:00,26697.3,26817.8,26693.8,26766.9,13727
2020-12-04 00:00:00+00:00,26748.9,26800.9,26715.4,26718.7,11754
2020-12-04 04:00:00+00:00,26719.6,26831.3,26648.6,26798.2,30049
2020-12-04 08:00:00+00:00,26798.4,26923.9,26755.1,26902.1,23816
2020-12-04 12:00:00+00:00,26902.1,26911.7,26800.1,26808.1,10875
2020-12-04 16:00:00+00:00,26808.1,26867.4,26802.1,26826.1,15343
2020-12-07 00:00:00+00:00,26803.0,26803.0,26412.5,26439.3,14166
2020-12-07 04:00:00+00:00,26439.3,26476.2,26251.4,26453.9,40108
2020-12-07 08:00:00+00:00,26454.0,26524.7,26368.4,26406.9,26831
2020-12-07 12:00:00+00:00,26406.9,26472.4,26399.4,26470.6,10695
2020-12-07 16:00:00+00:00,26470.7,26554.2,26469.9,26541.4,13215
2020-12-08 00:00:00+00:00,26526.7,26527.4,26359.6,26413.8,12501
2020-12-08 04:00:00+00:00,26414.8,26432.8,26321.9,26354.0,33615
2020-12-08 08:00:00+00:00,26354.1,26389.3,26273.9,26318.9,24595
2020-12-08 12:00:00+00:00,26318.9,26331.9,26273.4,26316.9,10415
2020-12-08 16:00:00+00:00,26316.9,26387.9,26296.9,26387.4,12438
2020-12-09 00:00:00+00:00,26442.0,26567.8,26425.1,26538.8,12359
2020-12-09 04:00:00+00:00,26538.1,26691.3,26528.8,26562.8,34247
2020-12-09 08:00:00+00:00,26563.0,26596.5,26472.1,26547.1,25007
2020-12-09 12:00:00+00:00,26547.1,26554.1,26503.6,26524.6,7345
2020-12-09 16:00:00+00:00,26524.6,26526.1,26312.1,26348.5,15951
2020-12-10 00:00:00+00:00,26306.5,26385.8,26247.5,26306.2,11532
2020-12-10 04:00:00+00:00,26306.3,26442.1,26300.7,26359.6,28766
2020-12-10 08:00:00+00:00,26360.8,26466.2,26321.7,26436.7,19958
2020-12-10 12:00:00+00:00,26437.4,26450.8,26341.2,26346.4,12844
2020-12-10 16:00:00+00:00,26346.5,26513.9,26312.2,26466.2,21326
2020-12-11 00:00:00+00:00,26539.5,26721.7,26508.5,26653.1,12552
2020-12-11 04:00:00+00:00,26653.1,26676.5,26438.7,26502.9,35205
2020-12-11 08:00:00+00:00,26503.0,26559.6,26411.2,26416.2,24234
2020-12-11 12:00:00+00:00,26415.2,26435.2,26312.2,26371.2,15738
2020-12-11 16:00:00+00:00,26371.2,26405.4,26314.2,26333.2,16777
2020-12-14 00:00:00+00:00,26528.6,26566.5,26426.3,26500.0,12280
2020-12-14 04:00:00+00:00,26499.0,26538.9,26294.8,26336.5,30962
2020-12-14 08:00:00+00:00,26334.8,26452.3,26315.5,26401.3,22370
2020-12-14 12:00:00+00:00,26401.3,26458.8,26389.8,26458.3,9156
2020-12-14 16:00:00+00:00,26458.3,26468.3,26373.3,26401.9,17165
2020-12-15 00:00:00+00:00,26393.7,26402.2,26094.5,26169.0,13073
2020-12-15 04:00:00+00:00,26168.7,26259.7,26122.5,26203.6,31269
2020-12-15 08:00:00+00:00,26204.0,26287.5,26171.0,26277.0,21663
2020-12-15 12:00:00+00:00,26277.0,26316.7,26247.0,26309.5,8652
2020-12-15 16:00:00+00:00,26309.5,26327.0,26259.0,26291.0,15582
2020-12-16 00:00:00+00:00,26338.9,26459.0,26301.2,26346.0,11897
2020-12-16 04:00:00+00:00,26346.6,26504.6,26339.9,26440.7,30417
2020-12-16 08:00:00+00:00,26440.2,26549.5,26419.0,26537.5,20818
2020-12-16 12:00:00+00:00,26537.5,26562.5,26478.0,26496.8,9467
2020-12-16 16:00:00+00:00,26496.0,26531.7,26452.0,26516.0,14191
2020-12-17 00:00:00+00:00,26501.7,26564.7,26417.7,26420.9,12164
2020-12-17 04:00:00+00:00,26420.9,26582.5,26393.2,26559.1,31937
2020-12-17 08:00:00+00:00,26559.1,26702.9,26529.6,26662.1,21802
2020-12-17 12:00:00+00:00,26662.1,26680.1,26631.1,26643.1,8448
2020-12-17 16:00:00+00:00,26643.7,26681.8,26600.1,26628.9,14018
2020-12-18 00:00:00+00:00,26578.8,26665.3,26517.1,26538.3,11217
2020-12-18 04:00:00+00:00,26538.3,26559.7,26339.8,26434.8,29331
2020-12-18 08:00:00+00:00,26436.6,26532.5,26411.3,26495.3,21360
2020-12-18 12:00:00+00:00,26495.3,26516.3,26471.8,26495.3,9800
2020-12-18 16:00:00+00:00,26495.3,26522.9,26427.8,26450.3,16180
2020-12-21 00:00:00+00:00,26349.9,26398.1,26258.4,26314.0,12491
2020-12-21 04:00:00+00:00,26314.5,26511.7,26307.9,26438.1,32235
2020-12-21 08:00:00+00:00,26438.1,26447.9,26223.9,26235.4,29281
2020-12-21 12:00:00+00:00,26235.4,26235.4,25951.4,26081.6,34570
2020-12-21 16:00:00+00:00,26081.6,26236.9,26062.4,26221.4,24461
2020-12-22 00:00:00+00:00,26216.6,26316.4,26181.8,26227.3,12575
2020-12-22 04:00:00+00:00,26227.4,26374.9,26042.6,26061.0,36262
2020-12-22 08:00:00+00:00,26061.1,26207.4,25986.9,26124.3,29207
2020-12-22 12:00:00+00:00,26124.5,26198.6,26113.1,26177.1,12590
2020-12-22 16:00:00+00:00,26177.1,26177.9,26061.6,26104.6,18285
2020-12-23 00:00:00+00:00,26031.6,26170.9,26029.0,26151.3,13369
2020-12-23 04:00:00+00:00,26152.0,26282.9,26112.8,26227.1,38340
2020-12-23 08:00:00+00:00,26226.9,26352.1,26222.1,26318.4,26928
2020-12-23 12:00:00+00:00,26318.4,26341.1,26286.9,26311.9,11436
2020-12-23 16:00:00+00:00,26311.9,26378.9,26303.4,26373.3,17539
2020-12-24 00:00:00+00:00,26312.8,26434.1,26241.1,26385.2,13156
2020-12-24 04:00:00+00:00,26385.3,26466.4,26357.1,26430.1,25372
2020-12-28 00:00:00+00:00,26230.5,26540.8,26230.5,26512.6,15090
2020-12-28 04:00:00+00:00,26512.3,26534.4,26364.6,26384.1,33860
2020-12-28 08:00:00+00:00,26384.2,26405.3,26298.1,26400.3,24478
2020-12-28 12:00:00+00:00,26400.3,26439.3,26395.8,26424.3,7241
2020-12-28 16:00:00+00:00,26424.3,26446.3,26373.8,26427.3,12725
2020-12-29 00:00:00+00:00,26509.8,26584.6,26479.8,26484.2,11243
2020-12-29 04:00:00+00:00,26484.8,26642.4,26449.8,26582.6,27709
2020-12-29 08:00:00+00:00,26582.6,26639.6,26542.6,26622.1,16415
2020-12-29 12:00:00+00:00,26622.1,26632.5,26599.6,26631.1,5400
2020-12-29 16:00:00+00:00,26631.1,26689.6,26623.1,26661.6,11188
2020-12-30 00:00:00+00:00,26670.2,26850.5,26644.2,26845.7,12454
2020-12-30 04:00:00+00:00,26845.7,27045.8,26845.7,26958.2,37424
2020-12-30 08:00:00+00:00,26958.2,27289.2,26954.2,27243.7,26990
2020-12-30 12:00:00+00:00,27243.7,27296.7,27208.7,27216.4,9833
2020-12-30 16:00:00+00:00,27216.5,27259.0,27173.7,27182.7,15380
2020-12-31 00:00:00+00:00,27226.0,27387.5,27200.3,27315.1,12562
2020-12-31 04:00:00+00:00,27315.7,27334.2,27174.8,27273.6,26068
2021-01-04 00:00:00+00:00,27152.6,27424.3,27099.4,27404.6,14327
2021-01-04 04:00:00+00:00,27404.6,27497.7,27289.1,27414.1,38963
2021-01-04 08:00:00+00:00,27414.2,27563.7,27409.1,27526.4,27386
2021-01-04 12:00:00+00:00,27526.4,27537.9,27413.9,27435.7,11143
2021-01-04 16:00:00+00:00,27435.8,27503.6,27177.9,27180.4,25425
2021-01-05 00:00:00+00:00,27199.9,27289.8,27169.5,27261.5,13107
2021-01-05 04:00:00+00:00,27261.9,27575.7,27252.5,27572.9,38651
2021-01-05 08:00:00+00:00,27573.0,27696.4,27537.2,27591.9,33203
2021-01-05 12:00:00+00:00,27591.9,27611.4,27473.4,27475.9,16630
2021-01-05 16:00:00+00:00,27475.9,27658.4,27458.4,27624.9,21835
2021-01-06 00:00:00+00:00,27678.1,27732.1,27542.5,27562.5,14668
2021-01-06 04:00:00+00:00,27562.3,27652.5,27397.0,27622.0,43340
2021-01-06 08:00:00+00:00,27622.1,27767.5,27563.3,27689.6,34399
2021-01-06 12:00:00+00:00,27689.7,27740.6,27641.3,27649.3,20250
2021-01-06 16:00:00+00:00,27649.3,27774.6,27556.3,27718.3,23353
2021-01-07 00:00:00+00:00,27731.5,27746.5,27600.6,27681.4,14004
2021-01-07 04:00:00+00:00,27681.8,27696.6,27538.4,27569.8,42107
2021-01-07 08:00:00+00:00,27568.9,27665.9,27461.1,27513.9,30538
2021-01-07 12:00:00+00:00,27513.9,27552.4,27440.9,27460.4,17149
2021-01-07 16:00:00+00:00,27460.4,27520.7,27403.9,27451.4,20499
2021-01-08 00:00:00+00:00,27580.5,27683.9,27547.5,27656.6,14376
2021-01-08 04:00:00+00:00,27657.2,27946.8,27640.0,27775.5,44651
2021-01-08 08:00:00+00:00,27775.5,27960.1,27732.2,27820.4,34225
2021-01-08 12:00:00+00:00,27820.4,27849.5,27772.5,27825.5,13522
2021-01-08 16:00:00+00:00,27825.5,27974.7,27757.0,27953.5,26307
2021-01-11 00:00:00+00:00,27938.3,28180.1,27908.8,27971.8,15639
2021-01-11 04:00:00+00:00,27972.1,28135.4,27883.5,27954.6,43921
2021-01-11 08:00:00+00:00,27954.7,27990.8,27779.3,27917.8,31497
2021-01-11 12:00:00+00:00,27917.8,27956.0,27808.8,27810.9,13179
2021-01-11 16:00:00+00:00,27811.1,27869.8,27751.8,27810.8,23276
2021-01-12 00:00:00+00:00,27861.0,27983.5,27799.9,27979.1,13609
2021-01-12 04:00:00+00:00,27979.6,28148.0,27921.9,28115.7,39877
2021-01-12 08:00:00+00:00,28115.7,28319.9,28078.9,28303.4,30881
2021-01-12 12:00:00+00:00,28303.4,28315.0,28211.4,28222.3,11793
2021-01-12 16:00:00+00:00,28222.3,28307.4,28195.4,28287.9,18346
2021-01-13 00:00:00+00:00,28238.3,28401.8,28232.3,28389.9,13680
2021-01-13 04:00:00+00:00,28390.0,28391.7,28167.0,28237.5,40489
2021-01-13 08:00:00+00:00,28237.8,28315.1,28215.5,28227.5,25905
2021-01-13 12:00:00+00:00,28227.5,28235.0,28171.5,28208.0,12568
2021-01-13 16:00:00+00:00,28208.0,28242.1,28163.0,28226.0,16748
2021-01-14 00:00:00+00:00,28392.1,28417.7,28279.1,28339.6,13345
2021-01-14 04:00:00+00:00,28339.7,28483.2,28266.2,28458.1,36825
2021-01-14 08:00:00+00:00,28457.2,28522.2,28343.2,28507.4,26550
2021-01-14 12:00:00+00:00,28507.5,28526.1,28473.2,28516.7,10948
2021-01-14 16:00:00+00:00,28516.7,28599.0,28512.7,28580.7,17390
2021-01-15 00:00:00+00:00,28396.6,28502.0,28383.0,28417.3,13116
2021-01-15 04:00:00+00:00,28416.8,28668.3,28309.3,28405.0,44549
2021-01-15 08:00:00+00:00,28404.8,28629.0,28398.3,28610.2,29661
2021-01-15 12:00:00+00:00,28610.3,28620.3,28504.8,28520.0,13630
2021-01-15 16:00:00+00:00,28520.1,28545.1,28378.3,28446.8,24351
2021-01-18 00:00:00+00:00,28407.1,28594.7,28374.8,28584.3,14562
2021-01-18 04:00:00+00:00,28584.4,28805.3,28577.3,28763.3,41871
2021-01-18 08:00:00+00:00,28761.6,28838.5,28732.1,28810.5,27122
2021-01-18 12:00:00+00:00,28810.5,28911.1,28809.1,28900.6,10296
2021-01-18 16:00:00+00:00,28900.1,28947.3,28877.1,28937.6,7667
2021-01-19 00:00:00+00:00,29010.0,29392.7,29008.7,29360.7,14720
2021-01-19 04:00:00+00:00,29360.7,29897.4,29326.4,29497.9,52132
2021-01-19 08:00:00+00:00,29497.9,29669.1,29352.2,29649.7,37232
2021-01-19 12:00:00+00:00,29649.7,29718.8,29606.7,29638.7,12814
2021-01-19 16:00:00+00:00,29638.7,29643.3,29485.7,29540.7,21835
2021-01-20 00:00:00+00:00,29561.8,29836.0,29561.0,29768.8,15498
2021-01-20 04:00:00+00:00,29768.5,29955.0,29672.3,29861.5,49026
2021-01-20 08:00:00+00:00,29861.3,29972.7,29802.0,29939.3,31076
2021-01-20 12:00:00+00:00,29939.3,29948.1,29841.3,29868.3,12914
2021-01-20 16:00:00+00:00,29868.3,29965.6,29801.3,29893.7,20274
2021-01-21 00:00:00+00:00,29999.5,30038.9,29811.6,29862.1,15740
2021-01-21 04:00:00+00:00,29860.4,30137.9,29836.6,30012.6,45813
2021-01-21 08:00:00+00:00,30012.4,30027.5,29775.4,29924.4,35633
2021-01-21 12:00:00+00:00,29924.5,29932.9,29829.9,29845.4,12168
2021-01-21 16:00:00+00:00,29845.4,29877.9,29773.4,29848.4,18800
2021-01-22 00:00:00+00:00,29870.2,29883.1,29788.7,29843.0,14598
2021-01-22 04:00:00+00:00,29843.7,29852.0,29446.5,29526.7,48272
2021-01-22 08:00:00+00:00,29526.0,29563.7,29361.0,29395.5,34757
2021-01-22 12:00:00+00:00,29395.5,29430.8,29319.0,29331.0,17079
2021-01-22 16:00:00+00:00,29331.0,29466.2,29323.5,29441.5,18894
2021-01-25 00:00:00+00:00,29665.7,29753.7,29615.7,29695.6,15236
2021-01-25 04:00:00+00:00,29695.0,30075.3,29679.7,30002.5,47341
2021-01-25 08:00:00+00:00,30002.8,30151.9,29923.7,30043.2,35587
2021-01-25 12:00:00+00:00,30043.3,30093.2,29939.2,29987.2,19882
2021-01-25 16:00:00+00:00,29987.9,30053.8,29789.2,29877.2,29062
2021-01-26 00:00:00+00:00,29895.5,29951.5,29811.3,29856.3,14165
2021-01-26 04:00:00+00:00,29854.3,29892.7,29357.1,29512.8,50001
2021-01-26 08:00:00+00:00,29512.8,29533.1,29344.1,29493.3,34790
2021-01-26 12:00:00+00:00,29493.3,29599.3,29464.3,29592.8,15827
2021-01-26 16:00:00+00:00,29592.8,29658.2,29546.3,29562.3,21217
2021-01-27 00:00:00+00:00,29603.7,29636.0,29439.7,29460.2,14815
2021-01-27 04:00:00+00:00,29460.3,29489.1,29220.7,29482.3,45920
2021-01-27 08:00:00+00:00,29482.3,29494.6,29233.1,29256.9,27109
2021-01-27 12:00:00+00:00,29256.9,29256.9,28970.4,29024.4,21429
2021-01-27 16:00:00+00:00,29024.4,29120.0,28932.9,29046.4,26045
2021-01-28 00:00:00+00:00,28957.0,29176.2,28800.5,29048.6,16646
2021-01-28 04:00:00+00:00,29048.5,29105.7,28630.1,28685.4,55775
2021-01-28 08:00:00+00:00,28685.4,28687.7,28327.4,28449.9,47725
2021-01-28 12:00:00+00:00,28450.2,28663.0,28419.4,28655.9,28376
2021-01-28 16:00:00+00:00,28656.5,28873.6,28607.4,28853.4,31383
2021-01-29 00:00:00+00:00,28826.7,28908.9,28646.5,28646.5,15862
2021-01-29 04:00:00+00:00,28646.5,28736.6,28275.5,28412.2,56847
2021-01-29 08:00:00+00:00,28412.0,28440.0,28032.5,28285.0,49342
2021-01-29 12:00:00+00:00,28285.0,28419.3,28171.0,28388.7,31453
2021-01-29 16:00:00+00:00,28388.5,28508.5,28291.5,28346.5,33621
2021-02-01 00:00:00+00:00,28360.6,28581.5,28297.3,28494.8,16270
2021-02-01 04:00:00+00:00,28494.8,28899.8,28442.8,28874.8,50902
2021-02-01 08:00:00+00:00,28874.8,28928.0,28728.3,28762.2,39661
2021-02-01 12:00:00+00:00,28762.2,28826.3,28723.3,28761.1,20188
2021-02-01 16:00:00+00:00,28761.2,28807.6,28681.8,28778.8,26160
2021-02-02 00:00:00+00:00,29001.8,29301.0,28977.7,29298.7,16130
2021-02-02 04:00:00+00:00,29298.8,29430.7,29188.0,29285.5,47083
2021-02-02 08:00:00+00:00,29286.4,29312.9,29126.0,29241.0,34717
2021-02-02 12:00:00+00:00,29241.0,29251.5,29106.0,29117.0,17776
2021-02-02 16:00:00+00:00,29117.0,29153.8,29020.5,29124.0,22694
2021-02-03 00:00:00+00:00,29194.2,29240.7,28995.6,29048.3,16378
2021-02-03 04:00:00+00:00,29048.4,29183.0,28882.1,29106.8,48417
2021-02-03 08:00:00+00:00,29106.9,29296.0,29046.3,29156.1,34903
2021-02-03 12:00:00+00:00,29156.1,29172.7,29065.6,29122.1,15108
2021-02-03 16:00:00+00:00,29122.1,29145.9,29024.1,29125.6,24109
2021-02-04 00:00:00+00:00,29011.7,29277.1,28938.5,29164.2,14219
2021-02-04 04:00:00+00:00,29163.0,29340.6,28683.7,28870.6,50210
2021-02-04 08:00:00+00:00,28870.9,29110.7,28831.2,29034.7,31182
2021-02-04 12:00:00+00:00,29034.7,29078.7,29014.7,29069.2,10182
2021-02-04 16:00:00+00:00,29069.2,29076.7,28987.2,29068.2,16676
2021-02-05 00:00:00+00:00,29128.9,29347.3,29099.3,29328.8,14117
2021-02-05 04:00:00+00:00,29329.3,29410.4,29093.6,29271.1,45003
2021-02-05 08:00:00+00:00,29271.1,29323.3,29146.3,29297.3,27690
2021-02-05 12:00:00+00:00,29297.4,29334.2,29259.8,29304.7,8818
2021-02-05 16:00:00+00:00,29304.7,29342.3,29226.3,29290.3,14849
2021-02-08 00:00:00+00:00,29505.6,29617.5,29432.7,29501.4,13508
2021-02-08 04:00:00+00:00,29501.5,29561.6,29250.7,29291.2,40174
2021-02-08 08:00:00+00:00,29289.7,29308.9,29129.2,29200.2,25889
2021-02-08 12:00:00+00:00,29200.2,29254.8,29165.7,29247.0,7670
2021-02-08 16:00:00+00:00,29247.0,29350.7,29220.7,29237.2,13503
2021-02-09 00:00:00+00:00,29334.2,29360.3,29222.3,29251.8,11988
2021-02-09 04:00:00+00:00,29252.4,29453.5,29197.0,29353.0,37686
2021-02-09 08:00:00+00:00,29352.8,29434.3,29259.3,29419.8,25033
2021-02-09 12:00:00+00:00,29419.8,29424.2,29360.8,29406.3,8722
2021-02-09 16:00:00+00:00,29406.3,29575.8,29364.8,29547.8,14571
2021-02-10 00:00:00+00:00,29607.6,29905.1,29597.1,29878.4,13028
2021-02-10 04:00:00+00:00,29878.4,29988.8,29811.4,29899.9,34503
2021-02-10 08:00:00+00:00,29899.4,30040.0,29875.9,29975.9,22969
2021-02-10 12:00:00+00:00,29976.1,30001.3,29906.9,29969.4,8768
2021-02-10 16:00:00+00:00,29968.9,30028.1,29696.4,29815.7,23717
2021-02-11 00:00:00+00:00,29794.3,29903.8,29772.0,29896.9,9450
2021-02-11 04:00:00+00:00,29897.0,30080.0,29811.0,30072.8,19311
2021-02-16 00:00:00+00:00,30553.4,30695.7,30442.9,30474.1,12898
2021-02-16 04:00:00+00:00,30474.1,30729.3,30459.6,30579.1,34926
2021-02-16 08:00:00+00:00,30579.7,30762.2,30572.1,30690.6,23662
2021-02-16 12:00:00+00:00,30690.6,30798.2,30668.1,30683.6,12339
2021-02-16 16:00:00+00:00,30683.6,30715.7,30575.6,30594.6,19483
2021-02-17 00:00:00+00:00,30474.7,30628.6,30422.2,30598.2,11596
2021-02-17 04:00:00+00:00,30598.9,30989.7,30554.0,30928.2,33204
2021-02-17 08:00:00+00:00,30928.6,31082.0,30924.2,30948.2,26216
2021-02-17 12:00:00+00:00,30948.2,31008.1,30897.2,30920.7,12017
2021-02-17 16:00:00+00:00,30920.7,30954.7,30815.2,30846.2,26854
2021-02-18 00:00:00+00:00,31061.6,31111.3,30774.4,30910.4,15053
2021-02-18 04:00:00+00:00,30910.4,30939.9,30514.4,30613.0,49209
2021-02-18 08:00:00+00:00,30613.6,30650.6,30432.9,30527.9,33320
2021-02-18 12:00:00+00:00,30527.9,30538.4,30387.9,30407.9,12616
2021-02-18 16:00:00+00:00,30407.9,30408.3,30163.9,30207.9,24167
2021-02-19 00:00:00+00:00,30396.6,30422.3,30168.5,30380.0,15232
2021-02-19 04:00:00+00:00,30380.0,30468.3,30018.5,30464.5,48091
2021-02-19 08:00:00+00:00,30464.5,30668.6,30408.2,30633.5,31800
2021-02-19 12:00:00+00:00,30633.5,30726.1,30587.0,30723.5,11466
2021-02-19 16:00:00+00:00,30723.5,30851.8,30698.0,30812.7,16912
2021-02-22 00:00:00+00:00,30893.8,30987.0,30631.3,30664.4,15734
2021-02-22 04:00:00+00:00,30664.6,30819.9,30406.8,30447.7,52268
2021-02-22 08:00:00+00:00,30447.8,30574.8,30049.8,30128.9,42700
2021-02-22 12:00:00+00:00,30129.0,30192.3,30097.8,30167.8,14478
2021-02-22 16:00:00+00:00,30167.8,30270.3,30098.3,30249.3,23460
2021-02-23 00:00:00+00:00,30130.2,30419.9,30067.7,30378.1,16241
2021-02-23 04:00:00+00:00,30379.5,30930.7,30285.2,30763.4,48401
2021-02-23 08:00:00+00:00,30763.4,30782.4,30432.9,30451.9,36525
2021-02-23 12:00:00+00:00,30451.9,30467.2,30326.9,30409.4,21167
2021-02-23 16:00:00+00:00,30409.4,30499.8,30147.9,30360.9,32738
2021-02-24 00:00:00+00:00,30643.9,30794.1,30581.6,30653.4,15081
2021-02-24 04:00:00+00:00,30653.1,30663.5,29682.7,29705.3,58279
2021-02-24 08:00:00+00:00,29705.4,29832.7,29549.5,29818.5,37343
2021-02-24 12:00:00+00:00,29818.5,29909.5,29673.5,29693.0,14449
2021-02-24 16:00:00+00:00,29692.5,29877.5,29581.0,29836.0,26189
2021-02-25 00:00:00+00:00,30100.6,30112.7,29818.1,29884.1,15836
2021-02-25 04:00:00+00:00,29884.5,30393.9,29884.5,30267.1,50923
2021-02-25 08:00:00+00:00,30267.8,30293.4,29951.1,30032.1,37066
2021-02-25 12:00:00+00:00,30032.1,30108.9,29930.6,29976.1,19012
2021-02-25 16:00:00+00:00,29976.1,30024.8,29751.1,29770.7,24387
2021-02-26 00:00:00+00:00,29389.6,29436.1,29145.7,29378.9,18155
2021-02-26 04:00:00+00:00,29377.4,29544.9,29077.7,29119.4,56154
2021-02-26 08:00:00+00:00,29118.9,29233.4,28890.7,29031.2,46438
2021-02-26 12:00:00+00:00,29029.7,29125.2,28822.7,29120.9,29404
2021-02-26 16:00:00+00:00,29121.8,29147.4,28873.7,29029.7,34579
2021-03-01 00:00:00+00:00,29349.8,29455.5,29174.9,29300.6,15160
2021-03-01 04:00:00+00:00,29302.4,29373.7,29143.7,29294.8,45193
2021-03-01 08:00:00+00:00,29294.4,29401.2,29261.4,29274.7,29979
2021-03-01 12:00:00+00:00,29274.8,29319.3,29215.9,29304.4,11815
2021-03-01 16:00:00+00:00,29304.4,29478.7,29278.4,29466.3,19758
2021-03-02 00:00:00+00:00,29545.3,29591.0,29378.5,29518.5,15696
2021-03-02 04:00:00+00:00,29518.3,29673.0,28868.5,28902.5,58525
2021-03-02 08:00:00+00:00,28902.6,29129.9,28864.5,29063.0,38768
2021-03-02 12:00:00+00:00,29063.0,29131.4,29041.0,29124.5,14242
2021-03-02 16:00:00+00:00,29124.5,29190.4,29041.0,29086.0,20628
2021-03-03 00:00:00+00:00,29205.6,29385.1,29089.4,29312.6,15362
2021-03-03 04:00:00+00:00,29313.3,29641.5,29307.6,29623.6,42793
2021-03-03 08:00:00+00:00,29623.7,29874.8,29614.9,29769.7,32062
2021-03-03 12:00:00+00:00,29769.6,29773.6,29491.6,29528.6,16309
2021-03-03 16:00:00+00:00,29528.6,29605.6,29431.1,29518.1,27169
2021-03-04 00:00:00+00:00,29409.0,29489.8,29304.2,29450.3,16298
2021-03-04 04:00:00+00:00,29448.5,29505.8,28991.2,29051.5,55926
2021-03-04 08:00:00+00:00,29051.6,29345.3,29026.7,29083.2,40116
2021-03-04 12:00:00+00:00,29083.2,29221.2,29031.7,29195.2,21692
2021-03-04 16:00:00+00:00,29195.2,29283.7,29052.2,29224.2,30386
2021-03-05 00:00:00+00:00,28689.4,28816.7,28446.4,28631.4,17767
2021-03-05 04:00:00+00:00,28629.4,29349.6,28588.6,29312.6,59241
2021-03-05 08:00:00+00:00,29314.6,29325.4,28934.6,29010.1,39831
2021-03-05 12:00:00+00:00,29010.1,29232.9,28988.1,29174.6,21910
2021-03-05 16:00:00+00:00,29174.7,29291.5,28852.1,28933.6,37735
2021-03-08 00:00:00+00:00,29373.2,29373.3,29168.7,29258.4,16814
2021-03-08 04:00:00+00:00,29258.2,29283.1,28524.2,28743.7,64108
2021-03-08 08:00:00+00:00,28739.9,28899.5,28398.4,28500.9,47716
2021-03-08 12:00:00+00:00,28500.9,28747.7,28485.4,28745.2,22920
2021-03-08 16:00:00+00:00,28745.3,28844.6,28609.9,28646.6,29137
2021-03-09 00:00:00+00:00,28748.8,28757.5,28340.1,28429.3,17448
2021-03-09 04:00:00+00:00,28428.8,29039.0,28397.6,28799.5,63656
2021-03-09 08:00:00+00:00,28798.8,28928.9,28486.8,28926.3,45292
2021-03-09 12:00:00+00:00,28925.8,28984.8,28836.8,28936.3,22736
2021-03-09 16:00:00+00:00,28936.3,29137.0,28907.8,29061.8,25223
2021-03-10 00:00:00+00:00,29148.9,29210.6,28884.7,28886.5,17213
2021-03-10 04:00:00+00:00,28886.5,29025.8,28699.1,28778.9,56251
2021-03-10 08:00:00+00:00,28778.9,28965.1,28754.6,28946.1,36310
2021-03-10 12:00:00+00:00,28946.1,29016.0,28839.1,28996.6,20990
2021-03-10 16:00:00+00:00,28997.1,29060.3,28855.1,28920.6,28914
2021-03-11 00:00:00+00:00,28887.4,29318.9,28852.2,29309.7,15922
2021-03-11 04:00:00+00:00,29309.9,29401.8,29205.8,29209.1,47393
2021-03-11 08:00:00+00:00,29209.0,29363.1,29041.0,29304.5,35751
2021-03-11 12:00:00+00:00,29304.5,29310.9,29213.5,29277.6,17857
2021-03-11 16:00:00+00:00,29277.7,29450.1,29204.5,29421.0,20159
2021-03-12 00:00:00+00:00,29489.1,29564.9,29310.1,29312.1,16104
2021-03-12 04:00:00+00:00,29312.2,29370.4,29124.4,29179.6,49181
2021-03-12 08:00:00+00:00,29179.8,29217.0,28571.6,28619.6,39769
2021-03-12 12:00:00+00:00,28619.6,28718.5,28562.6,28625.6,18962
2021-03-12 16:00:00+00:00,28625.7,28777.9,28560.6,28753.6,25734
2021-03-15 04:00:00+00:00,28826.5,29127.3,28682.0,28868.5,53664
2021-03-15 08:00:00+00:00,28924.6,28949.5,28601.0,28834.1,49974
2021-03-15 12:00:00+00:00,28894.9,28917.6,28761.0,28803.5,11780
2021-03-15 16:00:00+00:00,28803.5,28931.9,28752.0,28903.5,23843
2021-03-16 04:00:00+00:00,29073.4,29114.9,28837.7,28989.9,47628
2021-03-16 08:00:00+00:00,29029.7,29034.2,28835.4,28948.3,40539
2021-03-16 12:00:00+00:00,28948.4,29061.3,28916.9,28997.9,13432
2021-03-16 16:00:00+00:00,28997.9,29103.2,28993.9,29055.9,19348
2021-03-17 04:00:00+00:00,29025.8,29147.8,28735.7,28972.1,47039
2021-03-17 08:00:00+00:00,28949.2,29038.5,28855.7,28989.7,38231
2021-03-17 12:00:00+00:00,28983.7,29018.0,28888.2,28946.5,15696
2021-03-17 16:00:00+00:00,28946.6,28987.5,28885.2,28921.7,25429
2021-03-18 04:00:00+00:00,29309.4,29571.4,29262.9,29443.0,47375
2021-03-18 08:00:00+00:00,29461.4,29557.5,29298.9,29366.4,42263
2021-03-18 12:00:00+00:00,29329.4,29376.8,29237.4,29290.4,18351
2021-03-18 16:00:00+00:00,29290.4,29335.9,29205.4,29217.8,28960
2021-03-19 04:00:00+00:00,29071.3,29237.5,28867.5,28904.5,49018
2021-03-19 08:00:00+00:00,28961.3,28978.5,28703.0,28918.0,45838
2021-03-19 12:00:00+00:00,28940.0,28954.0,28843.5,28907.0,17295
2021-03-19 16:00:00+00:00,28907.0,29018.5,28754.0,29016.5,34840
2021-03-22 04:00:00+00:00,28855.7,29108.9,28718.9,28910.7,48441
2021-03-22 08:00:00+00:00,28914.4,28991.5,28799.9,28855.9,37580
2021-03-22 12:00:00+00:00,28846.5,28964.3,28830.4,28911.4,13203
2021-03-22 16:00:00+00:00,28911.4,28987.4,28845.4,28973.8,20122
2021-03-23 04:00:00+00:00,28995.0,29000.4,28365.3,28478.3,50786
2021-03-23 08:00:00+00:00,28391.5,28495.7,28303.5,28476.3,45288
2021-03-23 12:00:00+00:00,28479.5,28514.0,28380.5,28498.6,15346
2021-03-23 16:00:00+00:00,28498.7,28574.5,28443.0,28547.8,24668
2021-03-24 04:00:00+00:00,28415.0,28443.5,27895.9,27941.4,50532
2021-03-24 08:00:00+00:00,27939.0,27962.5,27769.2,27874.4,46396
2021-03-24 12:00:00+00:00,27970.5,27984.8,27894.9,27965.9,13245
2021-03-24 16:00:00+00:00,27965.9,27981.2,27832.4,27848.4,25528
2021-03-25 04:00:00+00:00,27608.3,27960.5,27499.3,27881.0,53506
2021-03-25 08:00:00+00:00,27872.3,27977.1,27806.5,27857.7,43598
2021-03-25 12:00:00+00:00,27841.5,27932.8,27753.0,27782.0,17416
2021-03-25 16:00:00+00:00,27782.0,27938.5,27709.0,27912.7,33440
2021-03-26 04:00:00+00:00,27993.4,28242.6,27948.6,28171.6,47154
2021-03-26 08:00:00+00:00,28217.4,28375.5,28189.1,28292.4,43605
2021-03-26 12:00:00+00:00,28256.1,28289.6,28180.6,28194.1,13503
2021-03-26 16:00:00+00:00,28194.1,28321.5,28133.6,28163.6,24099
2021-03-29 04:00:00+00:00,28242.8,28465.2,28070.3,28398.8,43887
2021-03-29 08:00:00+00:00,28365.8,28369.0,28102.0,28361.8,44427
2021-03-29 12:00:00+00:00,28353.3,28423.3,28336.8,28385.8,10165
2021-03-29 16:00:00+00:00,28385.8,28506.3,28355.8,28498.7,25529
2021-03-30 04:00:00+00:00,28466.2,28677.8,28353.6,28661.6,42827
2021-03-30 08:00:00+00:00,28655.3,28704.1,28497.6,28530.3,40344
2021-03-30 12:00:00+00:00,28544.1,28575.7,28451.1,28484.6,14872
2021-03-30 16:00:00+00:00,28484.6,28664.3,28446.6,28643.6,29000
2021-03-31 04:00:00+00:00,28765.4,28786.9,28360.6,28459.0,44578
2021-03-31 08:00:00+00:00,28440.1,28499.1,28294.1,28333.5,41129
2021-03-31 12:00:00+00:00,28357.5,28411.8,28335.6,28360.0,11796
2021-03-31 16:00:00+00:00,28359.6,28545.1,28348.1,28538.5,23602
2021-04-01 04:00:00+00:00,28554.6,28704.3,28468.2,28662.7,43524
2021-04-01 08:00:00+00:00,28653.2,28928.2,28579.5,28833.7,41088
2021-04-01 12:00:00+00:00,28840.2,28911.5,28810.7,28903.7,12707
2021-04-01 16:00:00+00:00,28903.8,28978.2,28899.7,28952.7,16728
2021-04-07 04:00:00+00:00,29107.3,29116.3,28640.1,28716.6,43829
2021-04-07 08:00:00+00:00,28688.4,28785.0,28533.8,28571.8,40057
2021-04-07 12:00:00+00:00,28467.8,28480.1,28185.8,28192.7,19865
2021-04-07 16:00:00+00:00,28192.7,28428.3,28190.8,28318.3,24101
2021-04-08 04:00:00+00:00,28431.3,28948.1,28388.9,28912.6,43830
2021-04-08 08:00:00+00:00,28898.7,29072.1,28854.1,29048.1,43201
2021-04-08 12:00:00+00:00,29006.6,29111.1,28986.1,29069.3,14765
2021-04-08 16:00:00+00:00,29070.8,29083.0,28959.1,29038.0,23257
2021-04-09 04:00:00+00:00,29116.1,29121.4,28713.7,28765.7,41037
2021-04-09 08:00:00+00:00,28761.0,28799.0,28566.7,28643.4,36448
2021-04-09 12:00:00+00:00,28669.7,28725.5,28615.2,28642.2,14170
2021-04-09 16:00:00+00:00,28641.2,28702.7,28622.7,28671.4,19968
2021-04-12 04:00:00+00:00,28671.0,28811.1,28241.5,28381.5,41716
2021-04-12 08:00:00+00:00,28350.8,28489.7,28336.5,28432.5,38671
2021-04-12 12:00:00+00:00,28441.1,28515.5,28435.0,28481.0,11423
2021-04-12 16:00:00+00:00,28481.1,28518.2,28413.0,28479.5,21811
2021-04-13 04:00:00+00:00,28526.3,28858.8,28493.3,28713.7,38662
2021-04-13 08:00:00+00:00,28654.8,28655.4,28426.2,28528.4,41969
2021-04-13 12:00:00+00:00,28521.7,28565.7,28421.2,28542.2,16318
2021-04-13 16:00:00+00:00,28543.7,28627.0,28493.2,28598.2,21738
2021-04-14 04:00:00+00:00,28684.5,28985.0,28651.3,28849.3,43103
2021-04-14 08:00:00+00:00,28883.3,28941.7,28819.8,28929.8,36198
2021-04-14 12:00:00+00:00,28939.8,28961.3,28863.8,28880.2,11063
2021-04-14 16:00:00+00:00,28880.2,28909.7,28836.3,28897.8,22949
2021-04-15 04:00:00+00:00,28833.1,28902.8,28493.9,28607.3,44304
2021-04-15 08:00:00+00:00,28610.6,28835.6,28590.6,28792.9,37294
2021-04-15 12:00:00+00:00,28818.1,28895.9,28796.9,28859.4,12699
2021-04-15 16:00:00+00:00,28859.4,28900.9,28821.4,28886.4,19238
2021-04-16 04:00:00+00:00,28868.3,28909.7,28686.0,28807.1,42482
2021-04-16 08:00:00+00:00,28810.2,29083.1,28794.1,28983.6,38836
2021-04-16 12:00:00+00:00,29013.6,29064.1,28999.1,29051.6,11376
2021-04-16 16:00:00+00:00,29051.6,29056.3,28929.6,29026.6,22509
2021-04-19 04:00:00+00:00,29007.4,29336.8,28770.1,29223.5,45885
2021-04-19 08:00:00+00:00,29209.2,29248.5,29021.9,29037.9,34536
2021-04-19 12:00:00+00:00,28968.4,29005.9,28920.1,28949.4,10397
2021-04-19 16:00:00+00:00,28949.4,28961.0,28838.4,28861.8,21159
2021-04-20 04:00:00+00:00,28924.7,29151.6,28849.5,29100.5,25743
2021-04-20 08:00:00+00:00,29100.5,29227.5,29082.0,29097.1,26306
2021-04-20 12:00:00+00:00,29056.2,29062.5,28903.0,28910.5,13515
2021-04-20 16:00:00+00:00,28910.5,28961.1,28727.5,28780.0,21705
2021-04-21 04:00:00+00:00,28700.6,28768.7,28467.3,28624.6,25930
2021-04-21 08:00:00+00:00,28664.2,28664.2,28547.6,28548.1,26658
2021-04-21 12:00:00+00:00,28549.1,28602.1,28482.1,28553.1,12282
2021-04-21 16:00:00+00:00,28552.6,28720.6,28510.6,28687.6,19746
2021-04-22 04:00:00+00:00,28742.0,28796.6,28541.2,28721.7,25215
2021-04-22 08:00:00+00:00,28727.1,28772.2,28651.4,28735.4,24924
2021-04-22 12:00:00+00:00,28730.9,28750.5,28673.4,28729.9,10295
2021-04-22 16:00:00+00:00,28729.9,28810.4,28671.9,28801.4,18293
2021-04-23 04:00:00+00:00,28728.0,29061.7,28706.0,28985.9,24733
2021-04-23 08:00:00+00:00,29000.1,29090.6,28885.1,29053.6,25022
2021-04-23 12:00:00+00:00,29032.1,29073.5,29003.6,29010.6,11081
2021-04-23 16:00:00+00:00,29010.6,29134.9,28989.1,29113.6,17959
2021-04-26 04:00:00+00:00,29094.3,29244.5,28978.0,29089.9,25406
2021-04-26 08:00:00+00:00,29081.5,29121.3,28901.5,28935.0,26778
2021-04-26 12:00:00+00:00,28806.5,28871.8,28773.3,28787.8,10398
2021-04-26 16:00:00+00:00,28787.8,28896.0,28767.3,28863.0,14424
2021-04-27 04:00:00+00:00,28834.6,29013.2,28799.1,28899.4,24169
2021-04-27 08:00:00+00:00,28959.8,29045.5,28851.6,28889.0,24350
2021-04-27 12:00:00+00:00,28870.0,28935.4,28837.4,28916.9,9408
2021-04-27 16:00:00+00:00,28916.9,29009.1,28894.9,28949.4,16605
2021-04-28 04:00:00+00:00,28896.1,29049.7,28844.9,28958.4,19816
2021-04-28 08:00:00+00:00,28967.2,29028.9,28936.4,29014.4,22087
2021-04-28 12:00:00+00:00,29032.9,29054.9,28993.9,29036.9,9977
2021-04-28 16:00:00+00:00,29036.9,29130.1,29025.4,29044.9,16754
2021-04-29 04:00:00+00:00,29206.3,29410.6,29180.5,29237.4,23789
2021-04-29 08:00:00+00:00,29197.6,29325.3,29149.1,29255.4,22994
2021-04-29 12:00:00+00:00,29262.9,29313.9,29262.9,29307.9,7718
2021-04-29 16:00:00+00:00,29306.9,29310.1,29049.9,29120.4,20391
2021-04-30 04:00:00+00:00,29002.6,29131.7,28782.9,28825.0,22359
2021-04-30 08:00:00+00:00,28831.2,28840.5,28610.9,28688.3,24786
2021-04-30 12:00:00+00:00,28682.9,28702.4,28614.9,28699.4,10640
2021-04-30 16:00:00+00:00,28699.4,28741.4,28624.1,28652.4,16271
2021-05-03 04:00:00+00:00,28669.6,28687.5,28188.3,28236.8,22180
2021-05-03 08:00:00+00:00,28220.0,28317.2,28193.9,28265.7,21143
2021-05-03 12:00:00+00:00,28267.7,28376.7,28218.7,28348.7,9151
2021-05-03 16:00:00+00:00,28348.7,28492.1,28325.7,28484.7,17758
2021-05-04 04:00:00+00:00,28406.3,28454.2,28253.5,28391.5,21849
2021-05-04 08:00:00+00:00,28403.1,28592.3,28397.0,28579.0,21922
2021-05-04 12:00:00+00:00,28559.0,28612.4,28397.0,28409.5,13175
2021-05-04 16:00:00+00:00,28409.5,28462.1,28157.6,28190.0,24603
2021-05-05 04:00:00+00:00,28390.5,28683.9,28322.3,28550.9,20337
2021-05-05 08:00:00+00:00,28538.4,28540.8,28294.2,28428.1,22323
2021-05-05 12:00:00+00:00,28427.1,28475.9,28404.9,28419.9,9070
2021-05-05 16:00:00+00:00,28419.9,28537.4,28373.4,28488.4,18479
2021-05-06 04:00:00+00:00,28579.1,28824.7,28344.1,28451.5,27350
2021-05-06 08:00:00+00:00,28454.3,28649.5,28429.5,28649.2,26298
2021-05-06 12:00:00+00:00,28610.5,28630.2,28540.5,28586.1,11558
2021-05-06 16:00:00+00:00,28586.6,28665.2,28529.0,28619.5,21277
2021-05-07 04:00:00+00:00,28695.6,28879.1,28660.1,28786.4,23971
2021-05-07 08:00:00+00:00,28767.5,28768.6,28559.6,28645.1,26753
2021-05-07 12:00:00+00:00,28658.1,28746.1,28619.1,28698.7,10737
2021-05-07 16:00:00+00:00,28699.6,28821.3,28647.6,28752.6,19562
2021-05-10 04:00:00+00:00,28803.8,28870.3,28462.4,28516.8,26200
2021-05-10 08:00:00+00:00,28521.2,28632.4,28467.9,28597.9,26582
2021-05-10 12:00:00+00:00,28609.5,28654.1,28600.4,28643.4,8813
2021-05-10 16:00:00+00:00,28643.4,28652.2,28430.9,28524.1,19379
2021-05-11 04:00:00+00:00,28219.8,28291.6,27876.0,27946.0,26288
2021-05-11 08:00:00+00:00,27915.3,28149.3,27887.9,27937.0,29603
2021-05-11 12:00:00+00:00,27964.5,27997.3,27773.8,27806.1,15478
2021-05-11 16:00:00+00:00,27806.2,28036.7,27753.3,27986.5,26884
2021-05-12 04:00:00+00:00,27939.8,28106.3,27840.4,27859.6,27526
2021-05-12 08:00:00+00:00,27884.9,28205.2,27882.3,28155.3,27390
2021-05-12 12:00:00+00:00,28154.4,28160.1,27998.8,28100.3,16424
2021-05-12 16:00:00+00:00,28100.3,28148.2,27867.8,27918.3,27472
2021-05-13 04:00:00+00:00,27902.4,28045.7,27786.9,27939.9,26386
2021-05-13 08:00:00+00:00,27922.9,27943.7,27617.7,27652.5,30240
2021-05-13 12:00:00+00:00,27654.9,27834.0,27622.4,27809.4,17747
2021-05-13 16:00:00+00:00,27809.6,27917.0,27777.4,27795.4,25475
2021-05-14 04:00:00+00:00,27879.2,27985.3,27697.7,27953.2,26017
2021-05-14 08:00:00+00:00,27941.2,28070.7,27910.0,28052.0,28026
2021-05-14 12:00:00+00:00,28080.7,28088.9,28009.5,28050.5,10147
2021-05-14 16:00:00+00:00,28050.5,28222.5,28045.5,28185.0,18431
2021-05-17 04:00:00+00:00,28138.0,28255.8,28034.2,28102.2,25155
2021-05-17 08:00:00+00:00,28121.8,28249.0,28116.0,28215.2,26002
2021-05-17 12:00:00+00:00,28200.5,28213.4,28086.5,28122.0,9911
2021-05-17 16:00:00+00:00,28122.0,28270.8,28112.0,28226.5,20989
2021-05-18 04:00:00+00:00,28367.7,28627.2,28367.7,28546.3,22527
2021-05-18 08:00:00+00:00,28540.9,28590.6,28505.0,28555.3,21788
2021-05-18 12:00:00+00:00,28539.0,28556.8,28474.3,28488.8,10252
2021-05-18 16:00:00+00:00,28488.3,28559.1,28454.3,28522.3,16733
2021-05-20 04:00:00+00:00,28357.9,28474.3,28237.2,28360.5,24198
2021-05-20 08:00:00+00:00,28361.4,28451.2,28310.2,28364.2,23560
2021-05-20 12:00:00+00:00,28340.7,28408.7,28260.2,28405.7,11913
2021-05-20 16:00:00+00:00,28408.4,28538.2,28401.7,28486.2,17654
2021-05-21 04:00:00+00:00,28582.8,28614.0,28262.6,28343.1,24602
2021-05-21 08:00:00+00:00,28370.3,28444.7,28353.1,28432.4,22796
2021-05-21 12:00:00+00:00,28453.0,28495.6,28432.8,28476.8,9213
2021-05-21 16:00:00+00:00,28476.8,28489.3,28295.3,28314.3,21168
2021-05-24 04:00:00+00:00,28400.0,28422.4,28157.0,28329.9,24106
2021-05-24 08:00:00+00:00,28320.9,28430.2,28294.9,28385.1,21771
2021-05-24 12:00:00+00:00,28387.5,28403.4,28349.9,28396.6,9284
2021-05-24 16:00:00+00:00,28396.7,28469.9,28361.4,28464.4,14414
2021-05-25 04:00:00+00:00,28496.4,28796.2,28431.1,28773.0,22792
2021-05-25 08:00:00+00:00,28766.6,28944.1,28766.6,28932.7,23650
2021-05-25 12:00:00+00:00,28931.0,28997.0,28919.5,28972.5,9651
2021-05-25 16:00:00+00:00,28972.5,29003.3,28887.5,28955.5,20537
2021-05-26 04:00:00+00:00,29018.1,29192.2,28991.3,29128.6,21564
2021-05-26 08:00:00+00:00,29140.1,29311.9,29082.8,29191.5,22861
2021-05-26 12:00:00+00:00,29181.3,29227.6,29158.6,29167.1,11196
2021-05-26 16:00:00+00:00,29167.1,29204.1,29118.6,29200.1,16914
2021-05-27 04:00:00+00:00,29098.8,29194.0,28990.8,29137.6,21136
2021-05-27 08:00:00+00:00,29146.5,29233.6,29093.8,29230.3,21919
2021-05-27 12:00:00+00:00,29192.8,29216.8,29125.8,29172.7,12964
2021-05-27 16:00:00+00:00,29172.7,29244.3,29153.3,29176.8,20172
2021-05-28 04:00:00+00:00,29203.4,29369.8,29134.9,29325.9,21186
2021-05-28 08:00:00+00:00,29322.1,29388.9,29087.4,29125.9,24639
2021-05-28 12:00:00+00:00,29164.9,29190.9,29075.4,29086.4,10441
2021-05-28 16:00:00+00:00,29086.4,29214.8,29082.9,29204.9,16141
2021-05-31 04:00:00+00:00,29196.9,29217.2,28946.6,29011.4,22675
2021-05-31 08:00:00+00:00,29002.6,29163.0,28929.6,29103.4,22114
2021-06-01 04:00:00+00:00,29131.7,29354.7,29058.0,29305.1,24136
2021-06-01 08:00:00+00:00,29292.7,29533.2,29275.0,29483.7,25306
2021-06-01 12:00:00+00:00,29498.1,29529.0,29482.5,29503.0,10032
2021-06-01 16:00:00+00:00,29503.0,29527.2,29375.5,29388.2,19535
2021-06-02 04:00:00+00:00,29447.8,29528.6,29264.6,29325.6,22696
2021-06-02 08:00:00+00:00,29318.0,29359.3,29215.6,29269.2,23490
2021-06-02 12:00:00+00:00,29264.3,29329.4,29264.1,29302.1,9382
2021-06-02 16:00:00+00:00,29302.1,29362.8,29256.6,29320.1,16625
2021-06-03 04:00:00+00:00,29293.0,29391.6,29144.9,29168.2,23460
2021-06-03 08:00:00+00:00,29169.2,29194.8,28915.2,28972.5,24703
2021-06-03 12:00:00+00:00,28961.2,29004.5,28879.7,28933.2,15520
2021-06-03 16:00:00+00:00,28933.2,29004.5,28888.7,28950.7,22195
2021-06-04 04:00:00+00:00,28892.1,29034.6,28735.8,29020.1,23712
2021-06-04 08:00:00+00:00,28984.3,28996.4,28818.8,28905.6,26105
2021-06-04 12:00:00+00:00,28906.3,29025.8,28869.3,29016.7,13154
2021-06-04 16:00:00+00:00,29016.8,29085.7,28997.8,29072.8,16058
2021-06-07 04:00:00+00:00,28956.3,29040.1,28632.3,28726.5,22826
2021-06-07 08:00:00+00:00,28747.8,28844.0,28729.5,28840.8,22302
2021-06-07 12:00:00+00:00,28838.0,28886.0,28818.5,28871.8,9045
2021-06-07 16:00:00+00:00,28871.9,28873.4,28775.0,28844.0,17627
2021-06-08 04:00:00+00:00,28894.3,29016.7,28654.7,28713.3,23358
2021-06-08 08:00:00+00:00,28735.9,28818.2,28671.4,28782.3,23696
2021-06-08 12:00:00+00:00,28823.9,28832.3,28731.7,28809.7,11935
2021-06-08 16:00:00+00:00,28809.7,28827.0,28710.3,28772.7,18788
2021-06-09 04:00:00+00:00,28854.0,28897.2,28723.7,28771.7,22704
2021-06-09 08:00:00+00:00,28742.4,28798.5,28707.6,28798.3,21958
2021-06-09 12:00:00+00:00,28770.7,28810.7,28759.7,28785.7,9783
2021-06-09 16:00:00+00:00,28785.7,28850.7,28737.7,28774.7,16864
2021-06-10 04:00:00+00:00,28761.6,28983.1,28756.0,28859.5,22319
2021-06-10 08:00:00+00:00,28850.5,28885.5,28671.0,28701.0,23585
2021-06-10 12:00:00+00:00,28729.5,28789.6,28675.0,28784.5,12893
2021-06-10 16:00:00+00:00,28784.7,28841.5,28724.0,28823.5,21194
2021-06-11 04:00:00+00:00,28869.0,28996.1,28740.8,28859.4,22248
2021-06-11 08:00:00+00:00,28848.7,28934.1,28829.9,28884.4,21483
2021-06-11 12:00:00+00:00,28894.9,28910.4,28835.9,28853.9,8485
2021-06-11 16:00:00+00:00,28853.9,28861.8,28753.4,28765.9,15917
2021-06-15 04:00:00+00:00,28968.4,28968.6,28426.9,28602.2,23792
2021-06-15 08:00:00+00:00,28607.7,28686.2,28519.4,28577.2,22146
2021-06-15 12:00:00+00:00,28586.2,28633.2,28573.2,28599.2,8478
2021-06-15 16:00:00+00:00,28599.2,28619.5,28521.7,28531.2,16862
2021-06-16 04:00:00+00:00,28609.2,28648.6,28511.7,28561.6,22103
2021-06-16 08:00:00+00:00,28571.8,28588.8,28432.6,28445.3,22035
2021-06-16 12:00:00+00:00,28457.2,28489.1,28443.6,28476.6,7183
2021-06-16 16:00:00+00:00,28477.7,28535.6,28463.1,28469.5,13108
2021-06-17 04:00:00+00:00,28172.7,28525.5,28163.2,28487.4,19557
2021-06-17 08:00:00+00:00,28485.9,28545.1,28392.6,28512.5,23847
2021-06-17 12:00:00+00:00,28499.0,28524.4,28468.0,28498.0,14006
2021-06-17 16:00:00+00:00,28498.0,28604.2,28480.0,28511.3,24196
2021-06-18 04:00:00+00:00,28579.6,28821.1,28490.2,28723.3,21527
2021-06-18 08:00:00+00:00,28695.1,28839.3,28677.1,28832.5,23092
2021-06-18 12:00:00+00:00,28832.3,28837.8,28648.3,28704.3,16497
2021-06-18 16:00:00+00:00,28702.3,28706.2,28605.3,28645.3,26382
2021-06-21 04:00:00+00:00,28436.2,28576.4,28351.7,28414.3,24812
2021-06-21 08:00:00+00:00,28406.2,28523.2,28303.7,28486.9,27443
2021-06-21 12:00:00+00:00,28530.4,28550.7,28460.4,28483.7,14276
2021-06-21 16:00:00+00:00,28483.7,28589.2,28428.7,28574.4,19643
2021-06-22 04:00:00+00:00,28563.0,28571.7,28340.7,28454.2,21650
2021-06-22 08:00:00+00:00,28463.7,28475.2,28225.2,28251.9,24748
2021-06-22 12:00:00+00:00,28268.4,28346.7,28244.2,28291.9,12755
2021-06-22 16:00:00+00:00,28291.9,28383.0,28265.2,28368.7,17653
2021-06-23 04:00:00+00:00,28462.8,28762.5,28388.0,28720.2,23872
2021-06-23 08:00:00+00:00,28716.0,28916.8,28685.5,28808.1,24718
2021-06-23 12:00:00+00:00,28776.9,28800.8,28719.3,28774.8,7938
2021-06-23 16:00:00+00:00,28774.8,28863.3,28719.3,28741.3,13069
2021-06-24 04:00:00+00:00,28761.9,28998.5,28745.7,28856.2,22986
2021-06-24 08:00:00+00:00,28844.2,28922.7,28826.2,28884.9,22388
2021-06-24 12:00:00+00:00,28916.9,28927.2,28862.2,28883.7,8809
2021-06-24 16:00:00+00:00,28883.7,28962.2,28874.2,28950.2,13933
2021-06-25 04:00:00+00:00,28955.9,29235.3,28946.5,29216.3,22531
2021-06-25 08:00:00+00:00,29217.3,29309.7,29194.0,29280.8,24159
2021-06-25 12:00:00+00:00,29270.1,29319.1,29261.1,29281.1,9402
2021-06-25 16:00:00+00:00,29281.1,29312.1,29250.6,29284.6,14798
2021-06-28 08:00:00+00:00,29315.1,29352.3,29232.8,29252.4,19474
2021-06-28 12:00:00+00:00,29272.3,29306.4,29260.8,29303.8,8402
2021-06-28 16:00:00+00:00,29303.8,29346.3,29267.8,29269.3,13673
2021-06-29 04:00:00+00:00,29231.1,29266.8,28997.0,29016.9,21646
2021-06-29 08:00:00+00:00,29026.7,29061.0,28886.5,28953.5,24622
2021-06-29 12:00:00+00:00,28940.0,28997.0,28929.0,28982.0,10606
2021-06-29 16:00:00+00:00,28982.0,29037.0,28958.5,29021.0,13969
2021-06-30 04:00:00+00:00,29059.1,29131.6,28872.8,28945.8,21670
2021-06-30 08:00:00+00:00,28974.8,28975.7,28721.8,28742.1,24862
2021-06-30 12:00:00+00:00,28716.8,28803.2,28700.3,28756.8,12920
2021-06-30 16:00:00+00:00,28756.8,28824.8,28737.3,28772.8,14100
2021-07-02 04:00:00+00:00,28875.5,28875.5,28266.0,28310.5,22960
2021-07-02 08:00:00+00:00,28324.6,28370.2,28193.7,28252.0,26394
2021-07-02 12:00:00+00:00,28266.0,28385.0,28262.0,28372.0,11353
2021-07-02 16:00:00+00:00,28372.0,28412.0,28328.5,28380.5,16076
2021-07-05 04:00:00+00:00,28246.9,28352.5,28005.4,28202.1,22395
2021-07-05 08:00:00+00:00,28193.3,28222.3,28095.5,28187.1,24972
2021-07-05 12:00:00+00:00,28194.8,28220.0,28163.3,28164.3,7447
2021-07-05 16:00:00+00:00,28164.3,28166.8,28112.8,28140.3,7689
2021-07-06 04:00:00+00:00,28172.9,28172.9,27908.7,27990.8,23108
2021-07-06 08:00:00+00:00,28013.5,28141.9,27949.9,28043.7,27743
2021-07-06 12:00:00+00:00,28039.1,28059.1,27984.4,28025.9,10558
2021-07-06 16:00:00+00:00,28025.9,28031.8,27823.4,27851.9,21919
2021-07-07 04:00:00+00:00,27797.4,27916.9,27703.5,27843.2,23812
2021-07-07 08:00:00+00:00,27822.6,27974.0,27717.7,27906.4,26755
2021-07-07 12:00:00+00:00,27900.9,28010.4,27885.9,27962.9,12795
2021-07-07 16:00:00+00:00,27962.9,27978.0,27739.9,27875.9,22215
2021-07-08 04:00:00+00:00,27831.7,27879.8,27332.8,27382.2,24933
2021-07-08 08:00:00+00:00,27363.0,27372.6,27070.2,27109.1,30669
2021-07-08 12:00:00+00:00,27085.5,27096.8,26940.5,27048.5,21998
2021-07-08 16:00:00+00:00,27048.5,27238.0,27035.5,27215.5,27589
2021-07-09 04:00:00+00:00,27122.5,27326.3,26855.0,27267.6,27520
2021-07-09 08:00:00+00:00,27279.2,27410.3,27239.6,27256.1,28307
2021-07-09 12:00:00+00:00,27340.3,27462.1,27310.1,27443.1,16370
2021-07-09 16:00:00+00:00,27443.1,27616.1,27396.6,27601.6,15170
2021-07-12 04:00:00+00:00,27627.5,27657.5,27348.8,27479.5,24972
2021-07-12 08:00:00+00:00,27466.3,27532.4,27383.8,27523.8,27927
2021-07-12 12:00:00+00:00,27521.8,27544.3,27434.3,27543.8,13607
2021-07-12 16:00:00+00:00,27543.8,27627.1,27518.3,27620.2,17750
2021-07-13 04:00:00+00:00,27648.0,28010.8,27588.3,27986.3,23813
2021-07-13 08:00:00+00:00,27966.1,27984.3,27849.8,27876.6,26457
2021-07-13 12:00:00+00:00,27859.0,27909.3,27740.8,27746.0,11976
2021-07-13 16:00:00+00:00,27746.5,27918.3,27733.3,27909.3,19369
2021-07-14 04:00:00+00:00,27808.6,27884.9,27659.4,27743.1,23035
2021-07-14 08:00:00+00:00,27728.4,27831.6,27684.1,27762.4,25357
2021-07-14 12:00:00+00:00,27785.9,27923.6,27777.9,27912.4,11823
2021-07-14 16:00:00+00:00,27912.4,27919.1,27733.4,27805.9,21298
2021-07-15 04:00:00+00:00,27667.7,28178.3,27655.5,28115.6,23495
2021-07-15 08:00:00+00:00,28088.1,28170.0,27931.6,28012.1,26378
2021-07-15 12:00:00+00:00,27974.7,28020.5,27893.1,27902.6,17287
2021-07-15 16:00:00+00:00,27900.6,27974.4,27849.1,27878.4,24050
2021-07-16 04:00:00+00:00,27810.7,28128.3,27810.7,28076.4,23765
2021-07-16 08:00:00+00:00,28112.8,28209.4,27988.9,28021.5,27057
2021-07-16 12:00:00+00:00,28063.4,28070.7,27959.7,28013.2,13021
2021-07-16 16:00:00+00:00,28013.2,28043.2,27819.2,27843.7,23134
2021-07-19 04:00:00+00:00,27698.1,27747.6,27350.7,27507.2,23193
2021-07-19 08:00:00+00:00,27497.2,27552.9,27399.9,27456.3,27365
2021-07-19 12:00:00+00:00,27341.3,27427.7,27267.7,27340.7,19705
2021-07-19 16:00:00+00:00,27340.7,27365.3,27173.2,27221.3,29179
2021-07-20 04:00:00+00:00,27359.2,27527.9,27087.6,27148.9,25603
2021-07-20 08:00:00+00:00,27145.9,27315.6,27107.9,27223.5,28554
2021-07-20 12:00:00+00:00,27234.1,27236.0,27098.4,27120.4,17908
2021-07-20 16:00:00+00:00,27120.4,27268.7,27040.4,27266.7,22306
2021-07-21 04:00:00+00:00,27304.9,27390.0,26912.5,27124.0,25332
2021-07-21 08:00:00+00:00,27081.7,27223.5,27026.2,27223.4,26812
2021-07-21 12:00:00+00:00,27213.2,27250.4,27129.4,27194.7,14105
2021-07-21 16:00:00+00:00,27194.7,27369.1,27184.2,27361.7,17247
2021-07-22 04:00:00+00:00,27426.8,27761.9,27410.3,27699.4,22578
2021-07-22 08:00:00+00:00,27684.7,27718.3,27611.9,27697.6,23246
2021-07-22 12:00:00+00:00,27682.6,27699.8,27606.1,27624.1,9762
2021-07-22 16:00:00+00:00,27624.1,27664.6,27531.6,27592.3,19946
2021-07-23 04:00:00+00:00,27692.8,27693.8,27385.9,27432.7,22909
2021-07-23 08:00:00+00:00,27407.0,27435.0,27197.4,27263.2,25195
2021-07-23 12:00:00+00:00,27293.4,27320.4,27205.7,27209.7,8954
2021-07-23 16:00:00+00:00,27209.2,27209.2,26999.4,27030.2,18149
2021-07-26 04:00:00+00:00,26804.8,26882.3,26467.8,26536.3,26442
2021-07-26 08:00:00+00:00,26526.8,26535.3,26108.8,26133.1,32800
2021-07-26 12:00:00+00:00,26198.9,26288.3,26180.8,26239.8,13076
2021-07-26 16:00:00+00:00,26239.8,26366.3,26175.8,26215.5,19554
2021-07-27 04:00:00+00:00,26092.0,26336.1,25724.2,25951.4,28830
2021-07-27 08:00:00+00:00,25936.4,25943.2,24743.4,25053.4,37129
2021-07-27 12:00:00+00:00,25074.1,25300.4,25060.6,25265.9,10983
2021-07-27 16:00:00+00:00,25265.9,25313.6,24985.9,24999.0,26111
2021-07-28 04:00:00+00:00,25536.1,25572.1,24946.3,25055.3,28889
2021-07-28 08:00:00+00:00,25030.3,25474.9,24866.8,25381.1,32110
2021-07-28 12:00:00+00:00,25447.8,25646.1,25433.1,25550.9,12164
2021-07-28 16:00:00+00:00,25551.0,26145.4,25541.6,26106.0,20764
2021-07-29 04:00:00+00:00,26087.2,26213.3,25816.2,26117.6,28194
2021-07-29 08:00:00+00:00,26126.0,26323.3,26076.7,26266.9,29881
2021-07-29 12:00:00+00:00,26270.9,26347.5,26193.8,26268.7,13474
2021-07-29 16:00:00+00:00,26268.7,26286.8,26051.7,26108.2,19876
2021-07-30 04:00:00+00:00,25928.5,26149.9,25711.0,25760.2,27993
2021-07-30 08:00:00+00:00,25726.7,25985.2,25626.2,25967.5,32346
2021-07-30 12:00:00+00:00,25954.2,25963.4,25816.2,25829.7,13946
2021-07-30 16:00:00+00:00,25829.7,26052.9,25786.7,26029.7,21231
2021-08-02 04:00:00+00:00,26018.6,26299.0,25733.6,26188.2,28167
2021-08-02 08:00:00+00:00,26178.8,26296.9,26104.6,26172.3,29982
2021-08-02 12:00:00+00:00,26175.1,26231.2,26135.6,26139.6,11702
2021-08-02 16:00:00+00:00,26139.6,26285.1,26133.1,26215.7,21567
2021-08-03 04:00:00+00:00,26153.1,26228.6,25766.4,25970.5,27339
2021-08-03 08:00:00+00:00,26012.0,26254.8,26008.5,26118.0,29239
2021-08-03 12:00:00+00:00,26123.5,26219.3,26094.0,26120.5,10121
2021-08-03 16:00:00+00:00,26120.5,26143.0,25982.0,26136.5,21598
2021-08-04 04:00:00+00:00,26118.0,26640.7,25991.0,26600.7,25054
2021-08-04 08:00:00+00:00,26579.5,26594.0,26352.0,26422.2,26223
2021-08-04 12:00:00+00:00,26422.7,26448.7,26345.0,26369.0,10211
2021-08-04 16:00:00+00:00,26369.0,26493.1,26354.5,26430.0,18534
2021-08-05 04:00:00+00:00,26376.6,26542.0,26268.5,26364.5,25760
2021-08-05 08:00:00+00:00,26402.3,26432.0,26116.8,26174.5,29403
2021-08-05 12:00:00+00:00,26204.2,26231.5,26173.2,26192.5,9818
2021-08-05 16:00:00+00:00,26192.5,26330.0,26184.5,26295.5,15162
2021-08-06 04:00:00+00:00,26250.1,26255.6,25959.9,26190.6,26272
2021-08-06 08:00:00+00:00,26199.6,26268.6,26104.6,26186.4,24136
2021-08-06 12:00:00+00:00,26223.1,26268.6,26171.1,26223.1,9103
2021-08-06 16:00:00+00:00,26223.1,26252.2,26023.6,26071.1,17203
2021-08-09 04:00:00+00:00,25907.5,26509.6,25873.3,26398.5,26149
2021-08-09 08:00:00+00:00,26376.0,26401.6,26198.5,26264.9,25441
2021-08-09 12:00:00+00:00,26255.3,26316.2,26250.0,26276.1,8916
2021-08-09 16:00:00+00:00,26276.1,26386.6,26261.5,26368.0,13842
2021-08-10 04:00:00+00:00,26427.0,26427.0,26065.8,26312.0,26048
2021-08-10 08:00:00+00:00,26288.8,26553.8,26286.8,26510.7,27645
2021-08-10 12:00:00+00:00,26508.0,26520.9,26454.0,26467.5,6887
2021-08-10 16:00:00+00:00,26467.5,26489.8,26389.0,26443.0,15760
2021-08-11 04:00:00+00:00,26378.7,26759.9,26338.1,26590.7,25250
2021-08-11 08:00:00+00:00,26545.4,26608.9,26503.9,26579.0,24800
2021-08-11 12:00:00+00:00,26595.9,26770.2,26552.7,26685.6,9338
2021-08-11 16:00:00+00:00,26686.2,26714.2,26510.7,26597.7,18040
2021-08-12 04:00:00+00:00,26523.7,26654.0,26460.1,26577.2,25019
2021-08-12 08:00:00+00:00,26573.9,26575.1,26334.6,26422.5,25161
2021-08-12 12:00:00+00:00,26438.2,26470.2,26352.7,26382.2,8033
2021-08-12 16:00:00+00:00,26382.2,26397.8,26252.7,26285.2,15000
2021-08-13 04:00:00+00:00,26212.7,26478.9,26118.5,26265.0,25846
2021-08-13 08:00:00+00:00,26284.0,26370.1,26158.7,26341.8,24569
2021-08-13 12:00:00+00:00,26365.5,26382.0,26322.5,26376.5,8129
2021-08-13 16:00:00+00:00,26376.5,26404.0,26291.7,26368.0,15466
2021-08-16 04:00:00+00:00,26326.4,26415.6,26068.1,26206.4,26479
2021-08-16 08:00:00+00:00,26225.9,26238.9,26048.9,26148.9,26388
2021-08-16 12:00:00+00:00,26140.5,26191.4,26113.4,26151.4,12492
2021-08-16 16:00:00+00:00,26150.9,26188.4,26052.4,26168.4,20923
2021-08-17 04:00:00+00:00,26143.2,26256.9,25968.9,26012.1,25688
2021-08-17 08:00:00+00:00,26024.4,26026.1,25609.1,25745.8,30174
2021-08-17 12:00:00+00:00,25763.1,25781.6,25667.1,25691.2,13618
2021-08-17 16:00:00+00:00,25692.7,25820.3,25615.1,25621.2,24737
2021-08-18 04:00:00+00:00,25798.2,25965.9,25709.7,25915.1,25864
2021-08-18 08:00:00+00:00,25947.7,26010.6,25792.2,25813.4,25797
2021-08-18 12:00:00+00:00,25846.4,25859.2,25774.7,25831.7,11493
2021-08-18 16:00:00+00:00,25831.7,25891.6,25793.2,25837.2,21734
2021-08-19 04:00:00+00:00,25773.8,25819.2,25345.0,25397.5,27150
2021-08-19 08:00:00+00:00,25363.7,25569.0,25179.7,25248.2,31601
2021-08-19 12:00:00+00:00,25190.5,25322.4,25158.0,25271.0,18774
2021-08-19 16:00:00+00:00,25272.2,25425.7,25272.2,25412.3,29190
2021-08-20 04:00:00+00:00,25333.3,25347.1,24589.0,24742.6,29611
2021-08-20 08:00:00+00:00,24720.6,24972.7,24612.8,24812.2,31361
2021-08-20 12:00:00+00:00,24813.0,24921.5,24811.0,24907.5,14766
2021-08-20 16:00:00+00:00,24907.5,25140.0,24904.5,25111.0,23733
2021-08-23 04:00:00+00:00,25122.2,25476.3,25085.2,25337.0,27606
2021-08-23 08:00:00+00:00,25342.5,25342.8,25055.8,25125.2,30042
2021-08-23 12:00:00+00:00,25143.7,25247.2,25143.2,25229.7,11415
2021-08-23 16:00:00+00:00,25229.7,25314.7,25190.2,25314.2,19032
2021-08-24 04:00:00+00:00,25419.0,25610.0,25343.2,25499.6,25758
2021-08-24 08:00:00+00:00,25499.1,25726.5,25470.1,25671.4,29412
2021-08-24 12:00:00+00:00,25653.1,25660.6,25585.6,25599.1,11637
2021-08-24 16:00:00+00:00,25599.1,25806.1,25598.1,25751.6,20559
2021-08-25 04:00:00+00:00,25775.3,25951.1,25529.8,25605.0,26615
2021-08-25 08:00:00+00:00,25595.8,25708.5,25533.3,25677.3,25392
2021-08-25 12:00:00+00:00,25666.0,25689.8,25599.3,25654.8,10469
2021-08-25 16:00:00+00:00,25654.8,25661.3,25565.8,25609.8,16259
2021-08-26 04:00:00+00:00,25554.6,25677.5,25290.1,25318.3,26864
2021-08-26 08:00:00+00:00,25305.8,25427.2,25226.9,25410.8,27688
2021-08-26 12:00:00+00:00,25395.6,25448.4,25371.8,25419.3,12026
2021-08-26 16:00:00+00:00,25419.3,25468.8,25344.3,25442.3,21909
2021-08-27 04:00:00+00:00,25366.6,25642.9,25294.4,25523.0,24963
2021-08-27 08:00:00+00:00,25514.0,25519.0,25299.8,25349.3,25539
2021-08-27 12:00:00+00:00,25343.6,25420.0,25342.0,25410.0,8578
2021-08-27 16:00:00+00:00,25410.0,25503.5,25344.0,25453.2,16299
2021-08-30 04:00:00+00:00,25360.9,25524.7,25176.7,25443.2,26089
2021-08-30 08:00:00+00:00,25442.4,25569.0,25342.9,25519.4,26608
2021-08-30 12:00:00+00:00,25506.7,25508.8,25394.7,25424.2,10588
2021-08-30 16:00:00+00:00,25424.2,25480.2,25350.2,25480.2,17031
2021-08-31 04:00:00+00:00,25477.8,25529.4,25094.3,25163.8,25905
2021-08-31 08:00:00+00:00,25272.9,25880.5,25249.6,25841.4,30873
2021-08-31 12:00:00+00:00,25832.0,25843.1,25692.3,25735.9,14892
2021-08-31 16:00:00+00:00,25736.0,25807.4,25699.3,25764.3,20587
2021-09-01 04:00:00+00:00,25750.8,26061.4,25663.8,25996.2,28435
2021-09-01 08:00:00+00:00,26002.5,26059.2,25931.3,26012.1,26896
2021-09-01 12:00:00+00:00,25985.8,26051.3,25948.8,26003.9,10748
2021-09-01 16:00:00+00:00,26003.8,26208.1,25980.8,26190.2,19678
2021-09-02 04:00:00+00:00,26103.5,26323.8,25976.8,26038.2,27405
2021-09-02 08:00:00+00:00,26029.0,26106.9,25952.5,26083.3,26722
2021-09-02 12:00:00+00:00,26080.5,26133.7,26043.2,26076.0,9693
2021-09-02 16:00:00+00:00,26075.5,26105.8,26003.5,26026.5,17725
2021-09-03 04:00:00+00:00,25921.6,26037.7,25781.1,25927.3,26969
2021-09-03 08:00:00+00:00,25921.7,25937.7,25800.0,25896.8,25667
2021-09-03 12:00:00+00:00,25899.5,25931.0,25809.5,25896.2,11291
2021-09-03 16:00:00+00:00,25897.7,25941.2,25832.7,25919.5,19981
2021-09-06 04:00:00+00:00,25822.2,26088.9,25755.2,26007.4,26542
2021-09-06 08:00:00+00:00,26020.2,26156.7,25978.7,26129.7,24870
2021-09-06 12:00:00+00:00,26138.7,26203.2,26128.2,26172.7,8894
2021-09-06 16:00:00+00:00,26172.2,26205.2,26169.7,26193.7,7772
2021-09-07 04:00:00+00:00,26173.3,26411.4,26077.7,26289.2,25925
2021-09-07 08:00:00+00:00,26290.0,26439.2,26244.7,26276.9,26076
2021-09-07 12:00:00+00:00,26252.9,26275.2,26212.7,26263.7,11946
2021-09-07 16:00:00+00:00,26262.7,26347.7,26236.7,26326.2,19968
2021-09-08 04:00:00+00:00,26333.8,26518.4,26113.5,26160.0,26560
2021-09-08 08:00:00+00:00,26183.0,26284.3,26162.5,26253.0,27870
2021-09-08 12:00:00+00:00,26269.5,26350.9,26243.5,26317.0,15682
2021-09-08 16:00:00+00:00,26317.0,26333.5,26109.0,26135.4,24968
2021-09-09 04:00:00+00:00,25999.4,26087.0,25833.3,25887.3,26071
2021-09-09 08:00:00+00:00,25850.3,25863.8,25605.6,25658.0,30125
2021-09-09 12:00:00+00:00,25663.3,25780.7,25642.8,25760.8,14376
2021-09-09 16:00:00+00:00,25760.9,25882.8,25742.5,25848.3,21588
2021-09-10 04:00:00+00:00,25836.0,26156.1,25792.6,26120.9,26242
2021-09-10 08:00:00+00:00,26135.9,26195.2,26059.3,26169.6,26529
2021-09-10 12:00:00+00:00,26171.4,26210.6,26141.9,26156.0,10706
2021-09-10 16:00:00+00:00,26156.2,26178.9,25944.4,26026.4,24349
2021-09-13 04:00:00+00:00,25876.3,25920.4,25646.2,25680.9,25196
2021-09-13 08:00:00+00:00,25680.9,25820.9,25553.4,25806.6,27253
2021-09-13 12:00:00+00:00,25806.4,25849.9,25786.9,25829.9,10215
2021-09-13 16:00:00+00:00,25829.9,25909.6,25736.4,25899.3,26413
2021-09-14 04:00:00+00:00,25806.5,25895.2,25600.1,25760.9,26537
2021-09-14 08:00:00+00:00,25750.7,25777.3,25334.7,25458.6,29359
2021-09-14 12:00:00+00:00,25462.9,25487.2,25361.9,25441.1,13756
2021-09-14 16:00:00+00:00,25441.2,25488.6,25336.4,25406.4,22172
2021-09-15 04:00:00+00:00,25298.1,25419.4,25112.9,25271.0,26479
2021-09-15 08:00:00+00:00,25282.9,25292.7,24995.2,25050.3,28442
2021-09-15 12:00:00+00:00,25057.5,25064.5,24999.0,25031.5,11724
2021-09-15 16:00:00+00:00,25031.0,25053.0,24944.5,25006.5,23077
2021-09-16 04:00:00+00:00,25020.6,25065.1,24520.5,24532.2,27213
2021-09-16 08:00:00+00:00,24570.2,24684.0,24488.2,24658.9,27782
2021-09-16 12:00:00+00:00,24655.7,24671.0,24582.4,24648.7,12080
2021-09-16 16:00:00+00:00,24649.4,24701.7,24571.2,24679.7,21439
2021-09-17 04:00:00+00:00,24660.5,24829.6,24416.3,24753.8,22537
2021-09-17 08:00:00+00:00,24763.8,24934.0,24679.5,24891.0,27777
2021-09-17 12:00:00+00:00,24856.3,24906.3,24830.3,24895.3,14016
2021-09-17 16:00:00+00:00,24894.8,24921.3,24769.3,24830.2,23117
2021-09-20 04:00:00+00:00,24674.9,24687.6,23841.6,23940.6,26440
2021-09-20 08:00:00+00:00,23925.7,24159.6,23905.3,24064.6,30105
2021-09-20 12:00:00+00:00,24064.0,24070.4,23890.3,23958.5,18060
2021-09-20 16:00:00+00:00,23958.8,24086.4,23836.8,23840.2,29929
2021-09-21 04:00:00+00:00,23944.3,24189.6,23779.4,24018.9,25154
2021-09-21 08:00:00+00:00,24001.9,24267.3,23895.9,24180.9,27620
2021-09-21 12:00:00+00:00,24172.9,24204.4,24001.6,24051.4,14010
2021-09-21 16:00:00+00:00,24051.4,24177.6,24027.4,24133.7,27919
2021-09-23 04:00:00+00:00,24462.1,24798.6,24351.9,24380.9,27802
2021-09-23 08:00:00+00:00,24385.2,24531.9,24294.4,24530.4,27661
2021-09-23 12:00:00+00:00,24588.9,24656.4,24318.4,24358.9,16508
2021-09-23 16:00:00+00:00,24358.4,24462.1,24329.4,24431.9,19804
2021-09-24 04:00:00+00:00,24350.7,24604.1,24288.4,24481.0,26502
2021-09-24 08:00:00+00:00,24445.0,24513.3,24045.2,24181.5,29663
2021-09-24 12:00:00+00:00,24181.6,24203.2,23964.5,24004.0,14500
2021-09-24 16:00:00+00:00,24004.0,24063.5,23932.7,24006.9,19100
2021-09-27 04:00:00+00:00,24079.1,24497.6,24057.9,24269.6,27381
2021-09-27 08:00:00+00:00,24224.6,24364.5,24118.4,24182.4,26606
2021-09-27 12:00:00+00:00,24214.1,24216.1,24086.1,24127.1,13148
2021-09-27 16:00:00+00:00,24127.1,24249.1,24062.6,24235.1,18326
2021-09-28 04:00:00+00:00,24212.0,24615.2,24150.9,24510.7,23153
2021-09-28 08:00:00+00:00,24512.8,24636.9,24368.9,24441.4,24542
2021-09-28 12:00:00+00:00,24440.4,24440.4,24318.9,24350.9,9737
2021-09-28 16:00:00+00:00,24350.9,24393.4,24154.4,24164.9,19356
2021-09-29 04:00:00+00:00,24227.5,24406.1,23990.2,24316.6,27097
2021-09-29 08:00:00+00:00,24332.0,24662.8,24296.5,24521.5,31277
2021-09-29 12:00:00+00:00,24554.1,24554.7,24494.0,24509.0,12802
2021-09-29 16:00:00+00:00,24509.0,24528.7,24356.0,24379.2,24419
2021-09-30 04:00:00+00:00,24366.0,24547.1,24277.8,24397.8,26249
2021-09-30 08:00:00+00:00,24409.5,24618.8,24401.3,24520.5,28178
2021-09-30 12:00:00+00:00,24522.7,24542.0,24448.0,24512.0,13450
2021-09-30 16:00:00+00:00,24511.0,24622.7,24433.0,24465.0,26519
2021-10-04 04:00:00+00:00,24381.4,24396.9,23835.7,23955.9,25843
2021-10-04 08:00:00+00:00,24011.2,24077.6,23867.7,23967.2,28943
2021-10-04 12:00:00+00:00,24027.2,24095.2,23994.2,24087.7,14809
2021-10-04 16:00:00+00:00,24087.7,24088.8,23783.2,23895.7,27021
2021-10-05 04:00:00+00:00,23825.5,24115.6,23643.0,24098.2,27087
2021-10-05 08:00:00+00:00,24063.5,24174.8,23979.7,24061.7,26125
2021-10-05 12:00:00+00:00,24092.8,24108.7,24024.2,24097.7,13544
2021-10-05 16:00:00+00:00,24097.9,24252.1,24058.2,24241.8,22332
2021-10-06 04:00:00+00:00,24133.7,24184.5,23744.8,23927.6,26352
2021-10-06 08:00:00+00:00,23937.1,24087.5,23852.7,23961.3,28584
2021-10-06 12:00:00+00:00,23882.4,23982.3,23834.8,23941.0,14860
2021-10-06 16:00:00+00:00,23940.8,24075.3,23918.3,23989.8,23601
2021-10-07 04:00:00+00:00,24342.6,24557.9,24285.1,24500.2,24126
2021-10-07 08:00:00+00:00,24465.8,24709.7,24448.4,24621.2,25572
2021-10-07 12:00:00+00:00,24625.2,24695.4,24588.4,24640.8,12512
2021-10-07 16:00:00+00:00,24640.8,24872.3,24605.9,24842.7,20263
2021-10-08 04:00:00+00:00,24921.3,24987.2,24556.9,24596.8,27121
2021-10-08 08:00:00+00:00,24588.8,24827.4,24574.9,24819.9,26817
2021-10-08 12:00:00+00:00,24784.4,25001.6,24781.4,24942.4,14074
2021-10-08 16:00:00+00:00,24942.7,24986.3,24879.9,24977.4,22889
2021-10-11 04:00:00+00:00,25003.1,25337.0,24994.3,25327.6,25573
2021-10-11 08:00:00+00:00,25345.3,25379.4,25213.1,25264.3,28578
2021-10-11 12:00:00+00:00,25262.8,25265.6,25188.1,25230.8,13971
2021-10-11 16:00:00+00:00,25230.6,25265.6,25116.1,25131.2,18897
2021-10-12 04:00:00+00:00,24902.2,25136.9,24858.6,25021.4,26931
2021-10-12 08:00:00+00:00,25021.8,25060.2,24816.1,24902.1,28068
2021-10-12 12:00:00+00:00,24974.3,25027.7,24960.1,24963.6,1461
2021-10-15 04:00:00+00:00,25173.0,25206.8,24865.0,25129.3,26047
2021-10-15 08:00:00+00:00,25166.3,25334.8,25120.8,25309.3,24896
2021-10-15 12:00:00+00:00,25294.8,25310.8,25260.8,25262.3,9987
2021-10-15 16:00:00+00:00,25262.5,25474.8,25252.3,25426.8,17736
2021-10-18 04:00:00+00:00,25409.4,25435.6,25085.9,25198.2,24839
2021-10-18 08:00:00+00:00,25188.1,25463.6,25077.5,25439.3,25552
2021-10-18 12:00:00+00:00,25408.4,25463.7,25375.9,25400.9,13694
2021-10-18 16:00:00+00:00,25400.9,25577.9,25379.4,25558.9,18392
2021-10-19 04:00:00+00:00,25522.8,25794.6,25444.3,25688.0,24114
2021-10-19 08:00:00+00:00,25680.6,25801.2,25663.6,25763.8,23477
2021-10-19 12:00:00+00:00,25791.6,25847.8,25760.1,25763.1,10607
2021-10-19 16:00:00+00:00,25763.1,25952.7,25740.1,25951.5,18562
2021-10-20 04:00:00+00:00,25901.9,26181.0,25859.9,26110.3,24829
2021-10-20 08:00:00+00:00,26106.0,26180.0,26003.0,26156.0,23939
2021-10-20 12:00:00+00:00,26167.7,26205.0,26132.0,26187.9,9906
2021-10-20 16:00:00+00:00,26186.5,26212.3,26065.0,26142.5,19111
2021-10-21 04:00:00+00:00,26082.3,26219.4,26022.4,26051.2,25279
2021-10-21 08:00:00+00:00,26011.4,26033.1,25814.7,25971.7,27033
2021-10-21 12:00:00+00:00,25965.2,25984.7,25933.2,25957.7,12083
2021-10-21 16:00:00+00:00,25958.3,26044.2,25919.7,25990.1,20062
2021-10-22 04:00:00+00:00,26120.0,26170.2,25949.0,26085.6,24688
2021-10-22 08:00:00+00:00,26101.3,26136.9,25982.5,26108.5,24466
2021-10-22 12:00:00+00:00,26119.5,26134.9,26076.5,26090.5,9833
2021-10-22 16:00:00+00:00,26090.5,26222.0,25990.0,26047.5,24132
2021-10-25 04:00:00+00:00,25941.7,26188.3,25884.2,26124.7,24331
2021-10-25 08:00:00+00:00,26163.2,26176.4,26072.9,26140.3,23410
2021-10-25 12:00:00+00:00,26120.2,26131.7,26084.7,26100.2,8301
2021-10-25 16:00:00+00:00,26100.4,26151.7,26030.2,26144.7,16065
2021-10-26 04:00:00+00:00,26216.4,26248.2,25990.7,26028.2,24165
2021-10-26 08:00:00+00:00,26029.0,26057.7,25894.9,26033.7,24025
2021-10-26 12:00:00+00:00,26044.5,26086.8,26035.4,26056.4,8204
2021-10-26 16:00:00+00:00,26056.4,26066.0,25802.4,25821.9,20421
2021-10-27 04:00:00+00:00,25720.9,25757.9,25528.5,25604.5,20363
2021-10-27 08:00:00+00:00,25628.9,25639.1,25531.0,25593.4,17876
2021-10-27 12:00:00+00:00,25525.8,25561.1,25478.6,25539.7,8370
2021-10-27 16:00:00+00:00,25539.9,25648.6,25526.1,25560.0,16266
2021-10-28 04:00:00+00:00,25602.3,25724.9,25467.2,25551.9,24250
2021-10-28 08:00:00+00:00,25591.7,25638.2,25421.0,25430.3,25253
2021-10-28 12:00:00+00:00,25460.7,25482.7,25404.2,25476.3,12459
2021-10-28 16:00:00+00:00,25476.4,25518.9,25397.2,25488.7,21268
2021-10-29 04:00:00+00:00,25470.0,25494.4,25272.5,25422.2,24766
2021-10-29 08:00:00+00:00,25387.7,25457.9,25307.2,25336.8,25295
2021-10-29 12:00:00+00:00,25319.2,25360.5,25251.7,25334.7,15354
2021-10-29 16:00:00+00:00,25334.7,25366.8,25232.7,25246.7,21437
2021-11-01 04:00:00+00:00,25284.8,25299.4,24941.3,25065.3,24945
2021-11-01 08:00:00+00:00,25089.9,25164.3,25074.6,25118.7,23890
2021-11-01 12:00:00+00:00,25161.4,25168.8,25103.3,25153.3,9506
2021-11-01 16:00:00+00:00,25153.3,25483.1,25132.8,25477.2,20159
2021-11-02 04:00:00+00:00,25606.9,25641.7,25241.7,25307.9,25085
2021-11-02 08:00:00+00:00,25291.9,25312.4,25013.9,25023.7,27837
2021-11-02 12:00:00+00:00,25033.2,25086.2,25016.7,25069.8,10761
2021-11-02 16:00:00+00:00,25071.2,25080.5,24943.2,24954.2,18003
2021-11-03 04:00:00+00:00,24932.6,25167.8,24770.5,24826.7,23400
2021-11-03 08:00:00+00:00,24845.0,25045.8,24789.2,25024.8,23678
2021-11-03 12:00:00+00:00,25022.4,25041.8,24986.8,25002.3,8764
2021-11-03 16:00:00+00:00,25002.3,25002.3,24903.3,24957.8,16956
2021-11-04 04:00:00+00:00,25157.6,25205.6,24980.1,25060.8,23735
2021-11-04 08:00:00+00:00,25080.9,25246.0,25005.9,25207.8,23661
2021-11-04 12:00:00+00:00,25209.3,25225.8,25154.3,25166.3,9298
2021-11-04 16:00:00+00:00,25166.3,25179.3,24921.3,24946.3,18416
2021-11-05 04:00:00+00:00,24924.6,25036.0,24747.1,24976.3,23891
2021-11-05 08:00:00+00:00,24964.3,24989.6,24691.3,24879.8,24629
2021-11-05 12:00:00+00:00,24895.8,24962.8,24853.3,24939.3,12007
2021-11-05 16:00:00+00:00,24939.3,24994.1,24756.8,24765.3,21079
2021-11-08 00:00:00+00:00,24716.8,24782.5,24628.5,24693.1,7550
2021-11-08 04:00:00+00:00,24691.4,24841.0,24679.4,24753.4,23869
2021-11-08 08:00:00+00:00,24759.0,24805.9,24673.3,24760.9,18172
2021-11-08 12:00:00+00:00,24760.9,24885.6,24752.9,24875.4,11301
2021-11-08 16:00:00+00:00,24875.4,24905.6,24850.4,24873.0,14688
2021-11-09 00:00:00+00:00,24864.4,24983.8,24787.5,24824.0,7547
2021-11-09 04:00:00+00:00,24824.0,24861.4,24651.0,24786.5,23292
2021-11-09 08:00:00+00:00,24787.0,24835.0,24747.0,24800.5,16688
2021-11-09 12:00:00+00:00,24799.0,24833.5,24754.5,24778.5,9644
2021-11-09 16:00:00+00:00,24778.5,24869.0,24669.5,24699.0,19053
2021-11-10 00:00:00+00:00,24739.0,24830.2,24630.1,24775.3,7743
2021-11-10 04:00:00+00:00,24773.3,24800.8,24443.1,24511.0,24007
2021-11-10 08:00:00+00:00,24513.0,25041.8,24505.1,24946.5,23765
2021-11-10 12:00:00+00:00,24946.6,24956.6,24844.6,24886.1,14082
2021-11-10 16:00:00+00:00,24886.3,25023.6,24861.1,24978.1,18246
2021-11-11 00:00:00+00:00,24793.3,25071.1,24778.3,25062.6,7624
2021-11-11 04:00:00+00:00,25062.6,25122.1,24869.4,25013.1,24377
2021-11-11 08:00:00+00:00,25014.0,25324.1,25011.6,25215.9,21540
2021-11-11 12:00:00+00:00,25215.9,25239.9,25165.4,25224.3,7602
2021-11-11 16:00:00+00:00,25223.9,25405.1,25219.9,25403.1,16859
2021-11-12 00:00:00+00:00,25479.9,25537.7,25363.7,25454.5,7854
2021-11-12 04:00:00+00:00,25456.4,25458.9,25191.3,25296.8,23320
2021-11-12 08:00:00+00:00,25296.8,25356.6,25244.3,25267.3,18956
2021-11-12 12:00:00+00:00,25267.3,25314.3,25240.3,25268.8,9975
2021-11-12 16:00:00+00:00,25268.8,25386.8,25226.8,25379.1,16106
2021-11-15 00:00:00+00:00,25375.7,25448.0,25243.1,25292.2,7600
2021-11-15 04:00:00+00:00,25292.2,25340.9,25190.5,25323.0,22792
2021-11-15 08:00:00+00:00,25321.5,25424.5,25245.0,25408.5,18397
2021-11-15 12:00:00+00:00,25408.5,25482.0,25401.0,25466.5,8513
2021-11-15 16:00:00+00:00,25466.5,25475.7,25357.5,25378.5,15046
2021-11-16 00:00:00+00:00,25395.5,25581.1,25373.5,25570.3,7645
2021-11-16 04:00:00+00:00,25571.2,25748.7,25481.8,25634.9,23805
2021-11-16 08:00:00+00:00,25636.4,25701.2,25616.2,25658.4,17355
2021-11-16 12:00:00+00:00,25658.4,25682.5,25638.4,25660.9,9987
2021-11-16 16:00:00+00:00,25659.9,25662.2,25511.4,25592.9,16276
2021-11-17 00:00:00+00:00,25585.0,25613.7,25477.6,25518.1,7416
2021-11-17 04:00:00+00:00,25518.3,25638.4,25478.0,25532.2,21562
2021-11-17 08:00:00+00:00,25532.8,25646.5,25523.3,25563.2,14636
2021-11-17 12:00:00+00:00,25563.3,25616.5,25535.0,25609.0,5420
2021-11-17 16:00:00+00:00,25609.0,25619.9,25451.5,25491.0,13574
2021-11-18 00:00:00+00:00,25342.3,25378.8,25246.3,25262.6,7572
2021-11-18 04:00:00+00:00,25262.5,25335.7,25195.3,25274.5,22616
2021-11-18 08:00:00+00:00,25274.6,25347.4,25213.1,25292.0,17513
2021-11-18 12:00:00+00:00,25293.2,25307.4,25130.0,25145.5,12127
2021-11-18 16:00:00+00:00,25145.5,25148.0,24864.6,25024.0,18614
2021-11-19 00:00:00+00:00,24884.5,25067.1,24865.1,24960.3,7833
2021-11-19 04:00:00+00:00,24961.1,25009.8,24785.1,24959.1,24072
2021-11-19 08:00:00+00:00,24958.8,25047.4,24872.1,24882.1,21847
2021-11-19 12:00:00+00:00,24882.1,24965.3,24808.1,24949.1,20377
2021-11-19 16:00:00+00:00,24948.6,25056.7,24934.6,24968.0,19409
2021-11-22 00:00:00+00:00,25025.5,25085.5,24954.2,25018.0,7338
2021-11-22 04:00:00+00:00,25018.0,25094.2,24852.0,24924.0,23111
2021-11-22 08:00:00+00:00,24924.0,24975.3,24866.3,24895.0,18280
2021-11-22 12:00:00+00:00,24895.0,24917.5,24855.0,24899.0,10845
2021-11-22 16:00:00+00:00,24898.0,24912.4,24673.0,24701.5,18715
2021-11-23 00:00:00+00:00,24653.6,24744.6,24601.6,24640.6,7670
2021-11-23 04:00:00+00:00,24639.5,24799.7,24582.2,24641.6,22596
2021-11-23 08:00:00+00:00,24640.7,24718.2,24562.6,24603.6,21480
2021-11-23 12:00:00+00:00,24602.6,24636.1,24574.1,24614.9,14069
2021-11-23 16:00:00+00:00,24614.9,24699.8,24534.6,24575.1,21317
2021-11-24 00:00:00+00:00,24625.2,24710.9,24605.2,24659.1,7301
2021-11-24 04:00:00+00:00,24658.7,24832.4,24538.4,24820.2,23685
2021-11-24 08:00:00+00:00,24819.7,24854.7,24636.7,24644.7,22015
2021-11-24 12:00:00+00:00,24644.8,24677.2,24538.7,24545.7,18699
2021-11-24 16:00:00+00:00,24546.7,24624.7,24439.2,24590.7,20978
2021-11-25 00:00:00+00:00,24685.2,24685.2,24507.2,24518.7,7170
2021-11-25 04:00:00+00:00,24517.7,24760.1,24510.7,24750.7,22868
2021-11-25 08:00:00+00:00,24749.9,24759.9,24684.7,24705.2,16713
2021-11-25 12:00:00+00:00,24703.9,24706.7,24650.2,24673.2,9939
2021-11-25 16:00:00+00:00,24673.2,24705.9,24657.2,24701.7,6907
2021-11-26 00:00:00+00:00,24391.7,24433.3,24259.6,24308.0,6868
2021-11-26 04:00:00+00:00,24307.8,24320.1,24077.6,24159.3,20088
2021-11-26 08:00:00+00:00,24158.9,24204.7,23966.8,24044.8,22796
2021-11-26 12:00:00+00:00,24044.8,24117.0,24021.8,24049.3,15520
2021-11-26 16:00:00+00:00,24049.3,24062.8,23666.3,23682.5,17386
2021-11-29 00:00:00+00:00,23936.1,24151.1,23881.1,24115.8,7990
2021-11-29 04:00:00+00:00,24115.6,24125.6,23738.7,23832.4,24542
2021-11-29 08:00:00+00:00,23837.9,23880.5,23680.7,23680.7,24402
2021-11-29 12:00:00+00:00,23681.9,23800.7,23670.7,23792.2,18218
2021-11-29 16:00:00+00:00,23792.2,23814.2,23633.7,23671.2,22386
2021-11-30 00:00:00+00:00,23816.7,23855.5,23631.2,23632.2,7756
2021-11-30 04:00:00+00:00,23629.5,23719.3,23232.4,23239.2,26566
2021-11-30 08:00:00+00:00,23241.5,23480.5,23106.2,23387.3,28729
2021-11-30 12:00:00+00:00,23388.8,23562.7,23373.2,23558.7,23695
2021-11-30 16:00:00+00:00,23558.7,23625.7,23257.2,23361.2,26942
2021-12-01 00:00:00+00:00,23444.5,23750.5,23439.8,23746.3,7764
2021-12-01 04:00:00+00:00,23745.8,23850.9,23670.3,23673.0,23601
2021-12-01 08:00:00+00:00,23673.0,23762.3,23546.0,23669.8,23018
2021-12-01 12:00:00+00:00,23669.8,23722.3,23624.8,23673.8,18723
2021-12-01 16:00:00+00:00,23673.8,23822.1,23607.3,23697.6,22622
2021-12-02 00:00:00+00:00,23470.6,23780.5,23458.9,23766.4,8060
2021-12-02 04:00:00+00:00,23766.4,23768.4,23617.5,23722.9,25311
2021-12-02 08:00:00+00:00,23722.9,23796.6,23665.9,23745.6,17496
2021-12-02 16:00:00+00:00,23715.6,23841.0,23683.9,23828.4,22178
2021-12-03 00:00:00+00:00,23635.0,23671.9,23401.5,23493.3,7946
2021-12-03 04:00:00+00:00,23493.5,23806.8,23437.8,23723.3,25562
2021-12-03 08:00:00+00:00,23726.9,23841.7,23602.0,23762.5,22047
2021-12-03 12:00:00+00:00,23762.6,23839.2,23711.2,23743.8,21484
2021-12-03 16:00:00+00:00,23743.9,23770.6,23317.0,23358.4,28008
2021-12-06 00:00:00+00:00,23450.1,23615.1,23345.9,23555.9,8171
2021-12-06 04:00:00+00:00,23553.4,23596.4,23418.4,23468.9,25054
2021-12-06 08:00:00+00:00,23469.0,23493.2,23295.7,23298.7,23738
2021-12-06 12:00:00+00:00,23298.9,23357.1,23238.2,23357.1,19122
2021-12-06 16:00:00+00:00,23357.2,23673.2,23289.8,23643.2,25927
2021-12-07 00:00:00+00:00,23727.6,23757.8,23558.3,23604.8,7883
2021-12-07 04:00:00+00:00,23602.3,23820.7,23497.8,23771.9,25272
2021-12-07 08:00:00+00:00,23772.8,24048.8,23760.0,24041.0,22130
2021-12-07 12:00:00+00:00,24041.1,24132.7,24024.7,24068.2,13955
2021-12-07 16:00:00+00:00,24066.2,24145.2,24019.7,24089.2,20489
2021-12-08 00:00:00+00:00,24068.0,24126.8,23918.4,23943.0,7609
2021-12-08 04:00:00+00:00,23943.1,24075.2,23898.4,23990.4,24806
2021-12-08 08:00:00+00:00,23989.4,24034.3,23934.7,24013.6,19519
2021-12-08 12:00:00+00:00,24013.7,24068.3,23934.9,24003.9,19262
2021-12-08 16:00:00+00:00,24002.9,24183.2,23950.4,24168.9,20528
2021-12-09 00:00:00+00:00,24168.3,24305.1,24152.2,24253.1,7335
2021-12-09 04:00:00+00:00,24253.2,24327.6,24153.8,24190.6,24046
2021-12-09 08:00:00+00:00,24190.7,24277.1,24102.1,24143.0,17991
2021-12-09 12:00:00+00:00,24143.1,24143.3,24012.1,24031.1,15269
2021-12-09 16:00:00+00:00,24031.3,24168.8,24027.1,24103.4,19267
2021-12-10 00:00:00+00:00,24018.3,24199.5,23968.0,24160.4,7536
2021-12-10 04:00:00+00:00,24161.5,24216.9,24043.3,24092.6,21769
2021-12-10 08:00:00+00:00,24092.3,24102.3,23906.8,24012.4,18525
2021-12-10 12:00:00+00:00,24013.0,24127.3,23990.8,24088.8,13248
2021-12-10 16:00:00+00:00,24088.8,24130.3,24008.5,24052.4,21039
2021-12-13 00:00:00+00:00,24235.2,24380.0,24143.7,24376.7,7866
2021-12-13 04:00:00+00:00,24378.4,24386.4,24083.3,24087.9,23032
2021-12-13 08:00:00+00:00,24085.6,24103.4,23927.1,23990.0,21262
2021-12-13 12:00:00+00:00,23990.1,24003.7,23957.6,23969.6,11947
2021-12-13 16:00:00+00:00,23969.8,23977.1,23693.1,23706.6,20752
2021-12-14 00:00:00+00:00,23649.8,23808.8,23609.8,23734.8,7539
2021-12-14 04:00:00+00:00,23734.5,23761.8,23573.9,23620.4,23631
2021-12-14 08:00:00+00:00,23619.9,23676.0,23468.7,23483.4,20651
2021-12-14 12:00:00+00:00,23483.4,23563.3,23451.9,23474.9,17653
2021-12-14 16:00:00+00:00,23474.9,23696.4,23441.4,23587.9,22879
2021-12-15 00:00:00+00:00,23682.2,23740.9,23549.2,23709.2,7549
2021-12-15 04:00:00+00:00,23708.2,23725.6,23596.5,23637.3,23020
2021-12-15 08:00:00+00:00,23637.7,23645.7,23323.1,23361.4,22444
2021-12-15 12:00:00+00:00,23361.5,23404.0,23346.7,23384.5,12663
2021-12-15 16:00:00+00:00,23384.7,23390.0,23065.0,23094.8,19512
2021-12-16 00:00:00+00:00,23278.6,23347.4,23135.2,23167.7,7764
2021-12-16 04:00:00+00:00,23168.7,23368.7,23168.7,23311.9,25147
2021-12-16 08:00:00+00:00,23311.7,23526.9,23276.1,23508.0,21367
2021-12-16 12:00:00+00:00,23508.1,23657.8,23477.2,23617.2,14731
2021-12-16 16:00:00+00:00,23617.2,23688.9,23470.4,23475.1,22753
2021-12-17 00:00:00+00:00,23522.9,23548.5,23321.1,23337.3,7517
2021-12-17 04:00:00+00:00,23338.2,23386.7,23147.4,23235.0,25072
2021-12-17 08:00:00+00:00,23234.4,23268.6,23073.9,23106.4,23935
2021-12-17 12:00:00+00:00,23106.4,23125.7,22985.4,23071.1,20718
2021-12-17 16:00:00+00:00,23071.2,23250.5,23007.9,23156.9,23804
2021-12-20 00:00:00+00:00,23147.2,23170.3,23010.5,23035.3,7825
2021-12-20 04:00:00+00:00,23036.3,23073.2,22777.8,22784.8,26383
2021-12-20 08:00:00+00:00,22782.8,22807.8,22661.3,22790.8,25422
2021-12-20 12:00:00+00:00,22792.0,22878.7,22790.3,22846.8,17713
2021-12-20 16:00:00+00:00,22846.8,22892.0,22722.3,22775.3,22207
2021-12-21 00:00:00+00:00,22848.0,22921.6,22781.9,22886.4,7677
2021-12-21 04:00:00+00:00,22886.4,22954.4,22741.0,22927.5,24576
2021-12-21 08:00:00+00:00,22927.5,23081.7,22887.0,22904.5,21917
2021-12-21 12:00:00+00:00,22905.2,22991.0,22900.0,22967.2,13161
2021-12-21 16:00:00+00:00,22967.0,23150.5,22930.5,23147.0,19343
2021-12-22 00:00:00+00:00,23206.0,23242.2,23098.7,23112.2,7500
2021-12-22 04:00:00+00:00,23114.3,23189.3,22976.4,23034.7,23787
2021-12-22 08:00:00+00:00,23035.4,23121.0,22976.2,23108.3,19018
2021-12-22 12:00:00+00:00,23108.2,23159.5,23085.7,23113.7,10704
2021-12-22 16:00:00+00:00,23113.7,23214.2,23027.3,23200.7,18213
2021-12-23 00:00:00+00:00,23155.7,23206.8,23022.8,23186.0,7499
2021-12-23 04:00:00+00:00,23185.0,23256.5,23112.0,23191.9,23020
2021-12-23 08:00:00+00:00,23192.5,23229.8,23146.4,23197.8,17514
2021-12-23 12:00:00+00:00,23197.8,23215.7,23177.3,23194.7,8010
2021-12-23 16:00:00+00:00,23194.7,23312.1,23159.8,23311.3,15939
2021-12-24 00:00:00+00:00,23373.8,23405.6,23239.9,23249.7,6839
2021-12-24 04:00:00+00:00,23249.6,23262.6,23189.1,23243.8,15991
2021-12-28 00:00:00+00:00,23317.6,23337.6,23125.4,23148.1,7102
2021-12-28 04:00:00+00:00,23148.4,23292.4,23101.4,23270.3,23938
2021-12-28 08:00:00+00:00,23270.5,23376.1,23240.5,23363.4,18885
2021-12-28 12:00:00+00:00,23363.4,23371.9,23336.4,23342.1,8116
2021-12-28 16:00:00+00:00,23341.9,23344.9,23235.4,23254.4,17553
2021-12-29 00:00:00+00:00,23264.8,23265.2,23089.8,23095.8,6324
2021-12-29 04:00:00+00:00,23097.0,23146.3,23025.7,23068.7,20639
2021-12-29 08:00:00+00:00,23069.2,23075.6,22990.6,23062.1,16905
2021-12-29 12:00:00+00:00,23062.1,23090.6,23053.6,23077.1,8876
2021-12-29 16:00:00+00:00,23077.1,23112.3,22921.6,23001.3,17656
2021-12-30 00:00:00+00:00,23091.3,23204.7,23034.0,23196.3,6905
2021-12-30 04:00:00+00:00,23195.3,23234.1,22962.8,23004.0,21745
2021-12-30 08:00:00+00:00,23003.1,23166.3,22978.0,23105.1,18099
2021-12-30 12:00:00+00:00,23105.2,23146.8,23094.3,23113.8,8818
2021-12-30 16:00:00+00:00,23113.8,23463.3,23099.3,23457.8,18266
2021-12-31 00:00:00+00:00,23498.4,23598.9,23464.4,23577.2,7400
2021-12-31 04:00:00+00:00,23576.4,23586.9,23369.0,23407.8,15315
2022-01-03 00:00:00+00:00,23528.0,23614.5,23345.3,23362.1,7407
2022-01-03 04:00:00+00:00,23361.6,23376.0,23211.0,23226.0,21129
2022-01-03 08:00:00+00:00,23222.0,23276.2,23168.5,23273.0,17069
2022-01-03 12:00:00+00:00,23273.0,23297.5,23243.0,23245.0,8245
2022-01-03 16:00:00+00:00,23245.0,23335.6,23127.0,23309.5,20726
2022-01-04 00:00:00+00:00,23388.6,23429.2,23299.8,23303.1,7628
2022-01-04 04:00:00+00:00,23301.6,23363.4,23134.7,23287.0,24372
2022-01-04 08:00:00+00:00,23288.2,23336.6,23171.2,23333.5,17793
2022-01-04 12:00:00+00:00,23333.6,23361.2,23309.2,23358.7,11776
2022-01-04 16:00:00+00:00,23358.7,23387.2,23234.7,23283.2,19411
2022-01-05 00:00:00+00:00,23279.4,23323.5,23096.8,23096.8,7674
2022-01-05 04:00:00+00:00,23096.9,23213.6,22957.2,22991.0,24807
2022-01-05 08:00:00+00:00,22991.8,23038.3,22859.4,22919.3,20813
2022-01-05 12:00:00+00:00,22919.4,22961.9,22909.4,22957.4,11607
2022-01-05 16:00:00+00:00,22956.9,23185.1,22943.9,23102.9,18807
2022-01-06 00:00:00+00:00,22845.6,23035.1,22806.9,22984.7,7918
2022-01-06 04:00:00+00:00,22984.9,22991.3,22705.7,22823.9,26459
2022-01-06 08:00:00+00:00,22822.1,23084.2,22779.2,23013.2,22554
2022-01-06 12:00:00+00:00,23013.2,23098.2,23009.2,23069.7,17045
2022-01-06 16:00:00+00:00,23069.7,23235.8,23022.2,23179.3,23249
2022-01-07 00:00:00+00:00,23282.8,23298.5,23146.3,23261.8,7961
2022-01-07 04:00:00+00:00,23260.8,23481.0,23137.6,23478.2,26837
2022-01-07 08:00:00+00:00,23478.3,23523.1,23404.6,23488.8,21710
2022-01-07 12:00:00+00:00,23488.8,23577.6,23439.3,23482.2,16648
2022-01-07 16:00:00+00:00,23482.3,23638.8,23449.3,23590.0,22398
2022-01-10 00:00:00+00:00,23506.3,23702.8,23396.8,23660.0,8085
2022-01-10 04:00:00+00:00,23658.8,23735.3,23600.3,23665.5,26216
2022-01-10 08:00:00+00:00,23666.2,23786.3,23638.6,23679.1,21288
2022-01-10 12:00:00+00:00,23679.1,23701.6,23579.6,23621.4,17660
2022-01-10 16:00:00+00:00,23621.8,23697.1,23448.6,23554.6,22842
2022-01-11 00:00:00+00:00,23548.3,23678.4,23519.7,23639.9,8096
2022-01-11 04:00:00+00:00,23640.4,23846.8,23606.7,23744.4,26027
2022-01-11 08:00:00+00:00,23745.3,23789.2,23556.9,23779.7,22606
2022-01-11 12:00:00+00:00,23779.7,23787.3,23690.7,23699.9,13464
2022-01-11 16:00:00+00:00,23700.1,23978.9,23656.7,23965.7,23303
2022-01-12 00:00:00+00:00,23952.2,24160.7,23948.7,24121.7,7689
2022-01-12 04:00:00+00:00,24123.1,24350.7,24093.2,24340.9,25002
2022-01-12 08:00:00+00:00,24339.7,24392.9,24289.7,24377.7,21187
2022-01-12 12:00:00+00:00,24377.2,24525.1,24358.7,24513.2,16259
2022-01-12 16:00:00+00:00,24512.7,24561.4,24355.7,24463.1,22793
2022-01-13 00:00:00+00:00,24496.3,24516.9,24368.5,24441.5,7890
2022-01-13 04:00:00+00:00,24441.7,24509.0,24300.7,24304.0,25475
2022-01-13 08:00:00+00:00,24305.1,24479.6,24291.7,24449.4,20475
2022-01-13 12:00:00+00:00,24449.6,24464.2,24398.2,24461.9,11659
2022-01-13 16:00:00+00:00,24461.8,24478.8,24296.2,24396.7,20617
2022-01-14 00:00:00+00:00,24215.8,24300.6,24142.2,24274.7,8138
2022-01-14 04:00:00+00:00,24274.6,24310.2,24159.2,24299.7,24851
2022-01-14 08:00:00+00:00,24299.2,24442.2,24242.7,24417.4,22790
2022-01-14 12:00:00+00:00,24417.5,24418.7,24285.2,24332.7,18999
2022-01-14 16:00:00+00:00,24331.7,24461.3,24325.7,24358.8,23199
2022-01-17 00:00:00+00:00,24338.9,24388.2,24216.0,24247.9,7673
2022-01-17 04:00:00+00:00,24248.9,24299.5,24083.8,24128.1,23500
2022-01-17 08:00:00+00:00,24128.5,24243.0,24101.8,24226.0,19575
2022-01-17 12:00:00+00:00,24226.0,24247.5,24201.0,24230.5,10946
2022-01-17 16:00:00+00:00,24230.5,24253.6,24209.5,24230.2,8701
2022-01-18 00:00:00+00:00,24239.6,24377.6,24182.1,24339.1,7630
2022-01-18 04:00:00+00:00,24339.2,24367.5,24066.5,24094.0,26675
2022-01-18 08:00:00+00:00,24094.1,24151.1,23922.0,23951.0,24297
2022-01-18 12:00:00+00:00,23951.0,24021.8,23927.5,23975.0,19231
2022-01-18 16:00:00+00:00,23975.0,24142.9,23924.2,24136.2,22143
2022-01-19 00:00:00+00:00,24124.6,24220.1,24083.3,24116.9,7738
2022-01-19 04:00:00+00:00,24117.0,24268.5,23946.6,23961.9,26428
2022-01-19 08:00:00+00:00,23963.3,24297.6,23937.1,24297.1,23897
2022-01-19 12:00:00+00:00,24297.4,24396.8,24244.1,24365.6,15629
2022-01-19 16:00:00+00:00,24365.6,24368.6,24214.1,24325.6,22839
2022-01-20 00:00:00+00:00,24226.3,24487.7,24213.5,24451.2,7959
2022-01-20 04:00:00+00:00,24451.9,24778.4,24440.2,24721.9,27244
2022-01-20 08:00:00+00:00,24721.9,25112.9,24717.2,25061.4,24802
2022-01-20 12:00:00+00:00,25061.5,25105.3,25001.2,25078.3,17447
2022-01-20 16:00:00+00:00,25078.5,25237.5,25007.2,25180.7,21626
2022-01-21 00:00:00+00:00,24884.0,24941.8,24804.8,24822.3,8482
2022-01-21 04:00:00+00:00,24823.8,24974.6,24730.3,24794.5,28033
2022-01-21 08:00:00+00:00,24794.6,25026.8,24764.8,25017.3,23611
2022-01-21 12:00:00+00:00,25017.3,25025.0,24920.8,24932.8,20381
2022-01-21 16:00:00+00:00,24932.8,24936.6,24686.5,24733.3,25941
2022-01-24 00:00:00+00:00,24648.6,24743.1,24576.6,24697.0,7709
2022-01-24 04:00:00+00:00,24699.0,24786.6,24631.6,24722.1,26042
2022-01-24 08:00:00+00:00,24722.1,24735.5,24519.1,24597.6,22856
2022-01-24 12:00:00+00:00,24597.6,24597.6,24315.1,24334.7,25394
2022-01-24 16:00:00+00:00,24334.9,24397.6,24033.6,24109.1,28071
2022-01-25 00:00:00+00:00,24171.1,24339.3,24085.2,24280.4,8613
2022-01-25 04:00:00+00:00,24275.7,24353.4,24196.8,24266.9,29099
2022-01-25 08:00:00+00:00,24267.0,24351.2,23992.2,24317.2,28203
2022-01-25 12:00:00+00:00,24318.8,24340.3,24184.2,24221.7,24889
2022-01-25 16:00:00+00:00,24219.7,24396.2,24169.2,24251.5,27073
2022-01-26 00:00:00+00:00,24367.0,24426.4,24255.5,24422.1,7890
2022-01-26 04:00:00+00:00,24422.3,24472.2,24118.0,24243.0,26450
2022-01-26 08:00:00+00:00,24242.3,24454.0,24177.8,24413.2,23713
2022-01-26 12:00:00+00:00,24413.2,24502.5,24388.3,24456.3,19229
2022-01-26 16:00:00+00:00,24456.3,24460.8,24224.8,24283.3,23609
2022-01-27 00:00:00+00:00,23975.8,23976.9,23734.8,23851.8,7975
2022-01-27 04:00:00+00:00,23852.5,23858.1,23600.1,23645.6,27314
2022-01-27 08:00:00+00:00,23640.1,23980.3,23526.1,23970.3,24853
2022-01-27 12:00:00+00:00,23970.3,24009.0,23855.8,23982.7,23926
2022-01-27 16:00:00+00:00,23982.7,23993.8,23843.4,23955.5,24117
2022-01-28 00:00:00+00:00,23836.5,23864.4,23621.7,23639.5,8051
2022-01-28 04:00:00+00:00,23638.2,23692.8,23496.4,23547.8,28654
2022-01-28 08:00:00+00:00,23546.4,23596.9,23381.9,23434.9,26491
2022-01-28 12:00:00+00:00,23434.9,23463.6,23263.9,23455.8,26507
2022-01-28 16:00:00+00:00,23455.9,23544.3,23306.4,23534.9,26781
2022-01-31 00:00:00+00:00,23571.0,23650.0,23420.3,23595.3,6817
2022-01-31 04:00:00+00:00,23595.3,23950.1,23558.8,23821.4,15790
2022-02-04 00:00:00+00:00,24274.9,24336.4,24098.8,24149.3,7194
2022-02-04 04:00:00+00:00,24151.4,24548.3,24151.4,24513.3,20425
2022-02-04 08:00:00+00:00,24513.3,24597.0,24480.8,24516.3,19351
2022-02-04 12:00:00+00:00,24516.3,24529.2,24407.3,24409.8,22639
2022-02-04 16:00:00+00:00,24410.5,24596.5,24380.3,24532.3,24351
2022-02-07 00:00:00+00:00,24531.2,24575.9,24389.7,24426.8,7498
2022-02-07 04:00:00+00:00,24425.7,24525.8,24329.7,24474.3,24790
2022-02-07 08:00:00+00:00,24473.7,24539.4,24377.8,24442.6,21884
2022-02-07 12:00:00+00:00,24442.7,24544.2,24441.2,24506.2,17466
2022-02-07 16:00:00+00:00,24506.2,24555.3,24452.2,24498.2,22192
2022-02-08 00:00:00+00:00,24471.5,24561.4,24380.3,24401.9,7344
2022-02-08 04:00:00+00:00,24403.5,24421.0,24128.3,24229.3,24606
2022-02-08 08:00:00+00:00,24227.3,24474.5,24207.3,24422.3,22163
2022-02-08 12:00:00+00:00,24420.3,24461.9,24383.3,24420.8,18993
2022-02-08 16:00:00+00:00,24420.8,24719.3,24419.3,24710.3,21399
2022-02-09 00:00:00+00:00,24741.1,24838.9,24670.4,24776.1,7146
2022-02-09 04:00:00+00:00,24776.5,24895.3,24701.4,24794.4,23542
2022-02-09 08:00:00+00:00,24794.5,24890.9,24740.1,24858.9,20363
2022-02-09 12:00:00+00:00,24857.9,24890.4,24846.9,24872.4,11655
2022-02-09 16:00:00+00:00,24872.4,25083.4,24859.9,25025.3,19511
2022-02-10 00:00:00+00:00,25016.5,25044.2,24734.5,24755.3,7145
2022-02-10 04:00:00+00:00,24758.2,24800.8,24644.0,24783.8,22436
2022-02-10 08:00:00+00:00,24787.1,25005.2,24763.0,24933.5,19132
2022-02-10 12:00:00+00:00,24934.0,25022.0,24791.5,24861.0,13865
2022-02-10 16:00:00+00:00,24858.5,25145.6,24751.0,25095.5,23588
2022-02-11 00:00:00+00:00,24800.6,24923.6,24728.6,24826.3,7249
2022-02-11 04:00:00+00:00,24826.1,24931.8,24737.1,24754.6,23948
2022-02-11 08:00:00+00:00,24753.6,24898.4,24732.1,24827.3,20715
2022-02-11 12:00:00+00:00,24826.7,24951.6,24824.6,24915.6,17051
2022-02-11 16:00:00+00:00,24915.6,25003.8,24871.1,24940.1,23308
2022-02-14 00:00:00+00:00,24686.1,24732.1,24471.0,24576.0,7566
2022-02-14 04:00:00+00:00,24575.5,24665.7,24490.5,24517.5,24156
2022-02-14 08:00:00+00:00,24519.1,24593.2,24341.5,24346.1,22905
2022-02-14 12:00:00+00:00,24346.7,24628.6,24324.5,24500.1,26324
2022-02-14 16:00:00+00:00,24500.3,24539.8,24358.5,24424.6,25433
2022-02-15 00:00:00+00:00,24458.6,24554.9,24397.6,24551.7,7408
2022-02-15 04:00:00+00:00,24550.1,24558.1,24210.9,24257.9,23149
2022-02-15 08:00:00+00:00,24259.0,24558.1,24218.4,24507.1,22316
2022-02-15 12:00:00+00:00,24507.2,24557.6,24455.4,24508.4,20530
2022-02-15 16:00:00+00:00,24508.4,24651.7,24487.4,24643.1,21536
2022-02-16 00:00:00+00:00,24648.0,24656.6,24523.5,24596.0,6864
2022-02-16 04:00:00+00:00,24595.0,24727.5,24588.0,24633.3,21401
2022-02-16 08:00:00+00:00,24633.4,24741.8,24604.1,24655.6,20334
2022-02-16 12:00:00+00:00,24655.6,24686.6,24590.6,24613.6,17524
2022-02-16 16:00:00+00:00,24613.6,24727.1,24577.1,24715.6,20800
2022-02-17 00:00:00+00:00,24749.2,24808.3,24676.2,24794.7,6949
2022-02-17 04:00:00+00:00,24796.4,24865.3,24511.7,24655.4,23619
2022-02-17 08:00:00+00:00,24654.7,24807.3,24598.2,24699.7,22588
2022-02-17 12:00:00+00:00,24699.7,24770.7,24655.2,24664.2,17443
2022-02-17 16:00:00+00:00,24665.3,24802.7,24651.3,24700.7,22642
2022-02-18 00:00:00+00:00,24596.9,24750.8,24547.5,24711.8,7107
2022-02-18 04:00:00+00:00,24712.8,24761.3,24643.3,24690.3,22413
2022-02-18 08:00:00+00:00,24688.8,24690.3,24257.3,24315.7,24110
2022-02-18 12:00:00+00:00,24315.8,24384.5,24262.8,24314.3,17689
2022-02-18 16:00:00+00:00,24314.3,24324.8,24096.8,24107.0,24278
2022-02-21 00:00:00+00:00,24101.1,24214.1,24030.1,24150.1,7521
2022-02-21 04:00:00+00:00,24149.1,24225.4,23993.6,24069.6,23873
2022-02-21 08:00:00+00:00,24068.1,24196.9,24044.1,24094.3,23544
2022-02-21 12:00:00+00:00,24094.1,24120.6,23953.1,24029.1,22572
2022-02-21 16:00:00+00:00,24029.1,24091.1,23993.1,24002.1,19287
2022-02-22 00:00:00+00:00,23749.9,23810.2,23601.2,23622.2,7768
2022-02-22 04:00:00+00:00,23622.7,23632.7,23343.2,23423.9,25636
2022-02-22 08:00:00+00:00,23424.7,23622.7,23381.2,23569.4,26415
2022-02-22 12:00:00+00:00,23570.9,23730.2,23563.2,23663.9,25586
2022-02-22 16:00:00+00:00,23658.2,23717.4,23569.7,23584.7,23911
2022-02-23 00:00:00+00:00,23589.4,23663.3,23517.8,23596.3,7144
2022-02-23 04:00:00+00:00,23595.9,23739.7,23580.8,23671.8,23083
2022-02-23 08:00:00+00:00,23672.4,23715.8,23624.8,23671.8,19853
2022-02-23 12:00:00+00:00,23671.8,23695.4,23586.3,23693.3,16858
2022-02-23 16:00:00+00:00,23693.3,23694.3,23380.3,23440.9,22587
2022-02-24 00:00:00+00:00,23228.8,23374.5,23193.4,23286.7,7352
2022-02-24 04:00:00+00:00,23287.8,23335.5,22783.8,22894.8,29012
2022-02-24 08:00:00+00:00,22892.3,22961.8,22776.8,22783.8,28323
2022-02-24 12:00:00+00:00,22784.0,22806.7,22465.3,22482.8,26624
2022-02-24 16:00:00+00:00,22482.8,22703.5,22466.8,22652.0,25620
2022-02-25 00:00:00+00:00,22967.5,23034.7,22873.5,22995.7,7657
2022-02-25 04:00:00+00:00,22996.2,23026.5,22725.0,22808.0,26388
2022-02-25 08:00:00+00:00,22809.7,22813.7,22649.5,22716.6,26380
2022-02-25 12:00:00+00:00,22716.9,22995.4,22683.0,22983.9,27035
2022-02-25 16:00:00+00:00,22983.9,22997.2,22769.5,22994.7,24129
2022-02-28 00:00:00+00:00,22736.0,22818.8,22494.3,22561.9,7806
2022-02-28 04:00:00+00:00,22562.1,22657.8,22405.5,22552.0,26492
2022-02-28 08:00:00+00:00,22553.7,22767.0,22539.5,22585.0,26479
2022-02-28 12:00:00+00:00,22583.0,22709.8,22523.2,22646.4,25055
2022-02-28 16:00:00+00:00,22646.0,22805.7,22597.0,22793.6,24978
2022-03-01 00:00:00+00:00,22733.2,22821.9,22621.8,22653.8,7254
2022-03-01 04:00:00+00:00,22653.8,22751.0,22584.2,22640.7,23458
2022-03-01 08:00:00+00:00,22640.7,22934.3,22520.7,22545.2,26058
2022-03-01 12:00:00+00:00,22545.2,22576.9,22464.7,22548.3,25204
2022-03-01 16:00:00+00:00,22547.7,22665.8,22440.2,22449.7,25377
2022-03-02 00:00:00+00:00,22548.4,22688.3,22505.8,22577.8,7204
2022-03-02 04:00:00+00:00,22576.8,22586.8,22458.5,22479.6,24626
2022-03-02 08:00:00+00:00,22479.5,22492.5,22290.0,22427.0,26799
2022-03-02 12:00:00+00:00,22427.0,22469.5,22354.1,22387.8,23788
2022-03-02 16:00:00+00:00,22387.6,22511.4,22298.1,22467.1,22235
2022-03-03 00:00:00+00:00,22399.7,22495.7,22358.2,22377.4,6936
2022-03-03 04:00:00+00:00,22377.8,22513.1,22370.7,22445.1,22503
2022-03-03 08:00:00+00:00,22443.1,22501.1,22362.6,22388.6,21810
2022-03-03 12:00:00+00:00,22388.6,22418.2,22324.1,22416.5,17707
2022-03-03 16:00:00+00:00,22416.6,22446.0,22079.5,22136.3,22798
2022-03-04 00:00:00+00:00,21797.7,21981.6,21794.1,21863.1,7987
2022-03-04 04:00:00+00:00,21862.6,22018.7,21826.1,21935.1,24977
2022-03-04 08:00:00+00:00,21935.1,22007.9,21711.1,21754.1,24186
2022-03-04 12:00:00+00:00,21754.1,21826.6,21687.2,21723.1,23080
2022-03-04 16:00:00+00:00,21723.1,21827.2,21512.6,21564.6,23361
2022-03-07 00:00:00+00:00,21322.2,21335.2,20791.0,20869.7,8061
2022-03-07 04:00:00+00:00,20869.8,21334.4,20859.5,21176.3,26850
2022-03-07 08:00:00+00:00,21173.2,21234.7,20948.7,21009.7,26658
2022-03-07 12:00:00+00:00,21009.7,21216.7,20939.2,21167.2,28353
2022-03-07 16:00:00+00:00,21166.7,21320.5,21030.2,21041.7,25964
2022-03-08 00:00:00+00:00,21069.3,21311.3,21047.8,21248.9,7648
2022-03-08 04:00:00+00:00,21248.3,21267.0,20890.2,20951.6,28642
2022-03-08 08:00:00+00:00,20953.6,20981.9,20627.1,20931.1,28660
2022-03-08 12:00:00+00:00,20931.4,21125.1,20855.6,20984.6,26126
2022-03-08 16:00:00+00:00,20982.6,21016.7,20684.1,20859.6,26867
2022-03-09 00:00:00+00:00,20971.6,21001.6,20772.4,20837.9,7657
2022-03-09 04:00:00+00:00,20838.0,20882.6,20096.5,20172.5,28741
2022-03-09 08:00:00+00:00,20173.5,20746.8,20146.0,20740.7,29387
2022-03-09 12:00:00+00:00,20741.6,20821.5,20630.1,20781.1,24191
2022-03-09 16:00:00+00:00,20781.1,20969.8,20725.7,20939.1,25192
2022-03-10 00:00:00+00:00,20967.1,21023.7,20846.0,20956.5,8024
2022-03-10 04:00:00+00:00,20956.0,21087.4,20687.2,20753.2,27216
2022-03-10 08:00:00+00:00,20754.8,20889.6,20687.1,20715.2,26045
2022-03-10 12:00:00+00:00,20716.1,20731.3,20558.6,20606.6,25453
2022-03-10 16:00:00+00:00,20606.6,20617.4,20242.6,20412.1,24260
2022-03-11 00:00:00+00:00,20359.3,20419.3,20172.3,20221.0,8074
2022-03-11 04:00:00+00:00,20219.8,20623.6,20060.9,20518.5,29135
2022-03-11 08:00:00+00:00,20520.0,20780.0,20401.1,20499.2,27148
2022-03-11 12:00:00+00:00,20499.3,20719.1,20358.9,20638.9,26923
2022-03-11 16:00:00+00:00,20639.6,20656.3,20093.9,20145.3,24545
2022-03-14 04:00:00+00:00,20166.9,20224.0,19708.9,19763.2,27270
2022-03-14 08:00:00+00:00,19772.6,19912.5,19421.9,19554.4,34939
2022-03-14 12:00:00+00:00,19589.9,19731.4,19516.9,19550.4,24429
2022-03-14 16:00:00+00:00,19550.4,19656.9,19242.9,19252.8,32331
2022-03-15 04:00:00+00:00,19085.0,19400.7,18572.5,18955.5,30545
2022-03-15 08:00:00+00:00,18956.5,18962.0,18235.0,18298.0,37928
2022-03-15 12:00:00+00:00,18275.2,18547.0,18131.5,18480.0,22516
2022-03-15 16:00:00+00:00,18482.1,19061.5,18422.5,18826.0,30327
2022-03-16 04:00:00+00:00,18918.4,19065.8,18566.4,18864.2,29278
2022-03-16 08:00:00+00:00,18904.2,20236.3,18885.7,20121.2,38579
2022-03-16 12:00:00+00:00,20110.2,20669.3,20101.7,20483.8,19300
2022-03-16 16:00:00+00:00,20483.9,20932.7,20295.8,20913.7,27755
2022-03-17 04:00:00+00:00,21202.4,21496.9,20756.1,21212.3,29667
2022-03-17 08:00:00+00:00,21279.8,21538.4,21044.3,21470.8,33593
2022-03-17 12:00:00+00:00,21373.3,21377.0,21217.8,21307.8,23935
2022-03-17 16:00:00+00:00,21307.8,21343.8,20867.8,21201.8,31873
2022-03-18 04:00:00+00:00,21108.5,21278.6,20911.7,20984.5,26519
2022-03-18 08:00:00+00:00,21035.4,21631.4,20972.2,21416.7,34389
2022-03-18 12:00:00+00:00,21320.7,21451.9,21270.7,21296.2,22079
2022-03-18 16:00:00+00:00,21296.2,22204.9,21176.2,22130.5,35923
2022-03-21 04:00:00+00:00,21880.9,21889.4,21311.2,21362.2,26615
2022-03-21 08:00:00+00:00,21367.7,21371.9,21068.2,21230.2,31675
2022-03-21 12:00:00+00:00,21257.2,21479.6,21233.2,21473.2,13157
2022-03-21 16:00:00+00:00,21473.4,21587.8,21185.7,21312.1,31064
2022-03-22 04:00:00+00:00,21364.1,21487.5,21261.1,21440.2,25156
2022-03-22 08:00:00+00:00,21449.8,21959.0,21382.8,21915.8,31348
2022-03-22 12:00:00+00:00,21957.4,22005.3,21901.3,21997.3,14540
2022-03-22 16:00:00+00:00,21997.3,22254.0,21976.8,22089.8,29070
2022-03-23 04:00:00+00:00,22081.0,22394.2,21954.5,22240.8,26898
2022-03-23 08:00:00+00:00,22267.1,22295.5,22035.5,22098.3,29669
2022-03-23 12:00:00+00:00,21992.6,22020.2,21750.5,21834.5,17187
2022-03-23 16:00:00+00:00,21834.5,22238.2,21685.0,22095.0,32319
2022-03-24 04:00:00+00:00,21949.4,22184.4,21874.2,22180.9,25680
2022-03-24 08:00:00+00:00,22211.0,22219.0,21865.7,21928.2,29568
2022-03-24 12:00:00+00:00,21957.7,21976.4,21836.2,21903.2,18572
2022-03-24 16:00:00+00:00,21903.2,21927.3,21679.7,21839.7,30575
2022-03-25 04:00:00+00:00,21724.4,21935.4,21496.0,21592.8,26188
2022-03-25 08:00:00+00:00,21603.0,21604.5,21279.5,21361.0,31519
2022-03-25 12:00:00+00:00,21395.0,21566.1,21391.6,21543.0,16311
2022-03-25 16:00:00+00:00,21543.0,21608.0,21414.6,21546.7,32443
2022-03-28 04:00:00+00:00,21434.3,21795.1,21198.6,21689.0,27656
2022-03-28 08:00:00+00:00,21673.1,21762.6,21527.1,21762.1,29272
2022-03-28 12:00:00+00:00,21752.1,21882.0,21743.1,21762.6,18186
2022-03-28 16:00:00+00:00,21762.6,21888.8,21635.1,21722.1,31082
2022-03-29 04:00:00+00:00,21735.5,21928.6,21698.2,21780.6,23287
2022-03-29 08:00:00+00:00,21771.5,21946.2,21758.0,21937.7,25509
2022-03-29 12:00:00+00:00,21996.8,22204.5,21972.0,22198.0,18938
2022-03-29 16:00:00+00:00,22198.0,22357.6,22116.0,22150.0,28002
2022-03-30 04:00:00+00:00,22130.7,22327.0,22035.1,22169.6,26321
2022-03-30 08:00:00+00:00,22165.6,22375.8,22149.7,22171.6,30931
2022-03-30 12:00:00+00:00,22188.1,22232.4,22132.1,22178.1,14392
2022-03-30 16:00:00+00:00,22178.1,22406.3,22138.6,22317.1,25516
2022-03-31 04:00:00+00:00,22224.7,22247.4,21908.7,22024.7,24237
2022-03-31 08:00:00+00:00,22046.2,22139.1,21924.9,21980.7,27701
2022-03-31 12:00:00+00:00,21976.3,22008.2,21881.2,21958.6,14812
2022-03-31 16:00:00+00:00,21957.4,21980.2,21735.2,21765.7,28283
2022-04-01 04:00:00+00:00,21604.4,21913.0,21539.4,21824.4,25584
2022-04-01 08:00:00+00:00,21790.4,22054.6,21744.9,22022.3,28826
2022-04-01 12:00:00+00:00,22025.4,22420.5,21991.4,22334.6,17105
2022-04-01 16:00:00+00:00,22334.9,22440.1,22080.9,22118.9,27463
2022-04-04 04:00:00+00:00,22284.4,22400.8,22114.8,22314.6,22780
2022-04-04 08:00:00+00:00,22333.7,22527.0,22308.0,22471.4,26564
2022-04-04 12:00:00+00:00,22547.5,22558.0,22415.5,22428.7,13706
2022-04-04 16:00:00+00:00,22428.8,22663.5,22401.0,22551.7,26188
2022-04-06 04:00:00+00:00,22245.5,22279.9,22008.3,22177.8,24936
2022-04-06 08:00:00+00:00,22176.8,22251.8,21992.4,22075.3,28556
2022-04-06 12:00:00+00:00,22051.8,22089.8,21942.3,21993.8,14408
2022-04-06 16:00:00+00:00,21993.8,22025.4,21805.3,21840.7,25136
2022-04-07 04:00:00+00:00,21873.5,22211.9,21762.0,21768.0,25793
2022-04-07 08:00:00+00:00,21793.0,21946.5,21740.5,21792.4,29226
2022-04-07 12:00:00+00:00,21801.6,21923.2,21786.5,21811.0,13387
2022-04-07 16:00:00+00:00,21811.0,21843.0,21552.5,21594.0,26630
2022-04-08 04:00:00+00:00,21744.3,21806.9,21565.3,21683.8,25218
2022-04-08 08:00:00+00:00,21674.8,21943.0,21649.8,21926.2,26873
2022-04-08 12:00:00+00:00,21870.8,21901.3,21819.8,21821.8,9918
2022-04-08 16:00:00+00:00,21821.8,21937.3,21752.8,21924.8,22786
2022-04-11 04:00:00+00:00,21736.6,21737.6,21229.7,21326.2,18934
2022-04-11 08:00:00+00:00,21336.7,21338.7,21104.2,21123.2,21258
2022-04-11 12:00:00+00:00,21141.2,21473.7,21127.2,21348.7,8845
2022-04-11 16:00:00+00:00,21349.7,21510.2,21285.7,21381.7,16368
2022-04-12 04:00:00+00:00,21263.8,21416.8,20990.8,21080.3,19991
2022-04-12 08:00:00+00:00,21054.8,21510.3,20958.8,21298.3,23044
2022-04-12 12:00:00+00:00,21324.8,21505.3,21312.3,21470.3,7679
2022-04-12 16:00:00+00:00,21469.3,21470.3,21306.3,21332.3,17814
2022-04-13 04:00:00+00:00,21284.9,21393.4,21119.4,21335.4,17942
2022-04-13 08:00:00+00:00,21307.9,21520.4,21253.9,21306.9,19857
2022-04-13 12:00:00+00:00,21327.4,21418.9,21256.4,21301.9,7676
2022-04-13 16:00:00+00:00,21306.9,21460.9,21222.9,21447.4,14908
2022-04-14 04:00:00+00:00,21435.5,21545.5,21347.5,21453.0,16987
2022-04-14 08:00:00+00:00,21449.5,21589.0,21406.0,21518.5,18686
2022-04-14 12:00:00+00:00,21499.5,21531.5,21428.5,21430.0,6384
2022-04-14 16:00:00+00:00,21431.0,21462.5,21291.5,21311.5,15371
2022-04-19 04:00:00+00:00,21082.5,21189.5,20852.5,21108.0,19280
2022-04-19 08:00:00+00:00,21149.5,21163.5,20936.5,20988.5,18734
2022-04-19 12:00:00+00:00,20916.5,20962.0,20866.5,20904.0,6985
2022-04-19 16:00:00+00:00,20903.5,21009.5,20786.0,20977.0,13855
2022-04-20 04:00:00+00:00,21006.1,21195.1,20904.6,21178.6,19113
2022-04-20 08:00:00+00:00,21198.1,21209.1,20865.6,20927.1,19082
2022-04-20 12:00:00+00:00,20962.1,21056.1,20952.6,21019.6,6319
2022-04-20 16:00:00+00:00,21019.1,21039.1,20820.1,20846.1,15210
2022-04-21 04:00:00+00:00,20828.2,20914.2,20570.8,20582.3,18837
2022-04-21 08:00:00+00:00,20592.8,20726.8,20481.3,20650.8,22603
2022-04-21 12:00:00+00:00,20638.8,20711.3,20636.8,20690.3,4627
2022-04-21 16:00:00+00:00,20689.3,20723.3,20323.3,20332.8,15574
2022-04-22 04:00:00+00:00,20206.4,20600.9,20163.9,20556.9,19755
2022-04-22 08:00:00+00:00,20578.4,20706.4,20525.4,20601.9,21169
2022-04-22 12:00:00+00:00,20570.9,20570.9,20452.4,20495.9,7718
2022-04-22 16:00:00+00:00,20496.4,20701.4,20383.9,20388.4,18436
2022-04-25 04:00:00+00:00,20245.2,20277.2,19994.2,20097.2,21677
2022-04-25 08:00:00+00:00,20058.2,20112.2,19782.2,19801.7,24927
2022-04-25 12:00:00+00:00,19752.7,19902.2,19648.7,19855.7,11302
2022-04-25 16:00:00+00:00,19854.7,19962.7,19709.2,19894.2,20038
2022-04-26 04:00:00+00:00,20001.8,20257.3,19923.3,20240.3,20785
2022-04-26 08:00:00+00:00,20245.8,20264.8,19862.3,19959.8,21963
2022-04-26 12:00:00+00:00,19967.8,19973.8,19851.8,19886.3,7366
2022-04-26 16:00:00+00:00,19886.8,19890.3,19621.3,19783.8,16561
2022-04-27 04:00:00+00:00,19713.0,19970.0,19664.5,19938.5,20030
2022-04-27 08:00:00+00:00,19966.5,20035.5,19829.0,19915.0,21265
2022-04-27 12:00:00+00:00,19923.0,20007.5,19837.0,19851.5,8908
2022-04-27 16:00:00+00:00,19850.5,20128.0,19824.0,19959.0,19233
2022-04-28 04:00:00+00:00,20010.1,20262.6,19912.1,20134.1,20296
2022-04-28 08:00:00+00:00,20127.6,20285.6,19929.1,20263.6,21813
2022-04-28 12:00:00+00:00,20247.1,20264.6,20158.1,20172.6,8562
2022-04-28 16:00:00+00:00,20172.1,20200.1,19957.6,20116.1,19092
2022-04-29 04:00:00+00:00,20114.1,20873.1,20004.1,20646.1,21768
2022-04-29 08:00:00+00:00,20938.6,21175.6,20743.6,21091.6,25792
2022-04-29 12:00:00+00:00,21039.1,21060.6,20865.1,20978.1,10511
2022-04-29 16:00:00+00:00,20976.6,21149.6,20855.6,20866.6,19504
2022-05-03 04:00:00+00:00,20951.5,21172.5,20622.5,21107.5,18792
2022-05-03 08:00:00+00:00,21087.0,21295.5,21030.5,21047.5,18017
2022-05-03 12:00:00+00:00,21004.0,21061.0,20952.0,21056.5,8366
2022-05-03 16:00:00+00:00,21057.0,21131.0,20968.5,21014.0,19256
2022-05-04 04:00:00+00:00,21042.2,21059.7,20813.2,20819.2,14897
2022-05-04 08:00:00+00:00,20805.7,20897.2,20758.2,20803.7,14524
2022-05-04 12:00:00+00:00,20768.2,20831.2,20739.2,20812.2,6084
2022-05-04 16:00:00+00:00,20811.7,20862.2,20723.2,20856.2,16188
2022-05-05 04:00:00+00:00,21092.3,21305.8,20911.9,21003.9,17940
2022-05-05 08:00:00+00:00,21028.9,21043.4,20702.4,20744.4,19671
2022-05-05 12:00:00+00:00,20740.9,20791.4,20660.4,20679.9,7772
2022-05-05 16:00:00+00:00,20677.4,20677.4,20122.4,20261.9,22449
2022-05-06 04:00:00+00:00,20154.0,20307.5,19949.0,20030.5,20271
2022-05-06 08:00:00+00:00,20031.0,20100.0,19946.5,19970.0,21887
2022-05-06 12:00:00+00:00,19956.5,20143.5,19946.0,19981.0,10590
2022-05-06 16:00:00+00:00,19983.5,20051.5,19689.0,19926.5,26579
2022-05-10 04:00:00+00:00,19358.4,19641.9,19162.9,19422.9,22487
2022-05-10 08:00:00+00:00,19488.4,19751.4,19459.9,19575.4,23494
2022-05-10 12:00:00+00:00,19625.4,19651.9,19507.4,19644.4,9742
2022-05-10 16:00:00+00:00,19643.4,19684.9,19276.4,19321.4,24436
2022-05-11 04:00:00+00:00,19455.6,19955.1,19433.1,19950.1,21120
2022-05-11 08:00:00+00:00,19962.1,20071.1,19743.1,19870.6,22358
2022-05-11 12:00:00+00:00,19941.1,19941.6,19576.6,19621.6,10241
2022-05-11 16:00:00+00:00,19620.6,19894.6,19577.1,19586.6,25882
2022-05-12 04:00:00+00:00,19461.7,19704.7,19449.7,19613.7,19643
2022-05-12 08:00:00+00:00,19617.2,19653.2,19311.7,19328.7,22708
2022-05-12 12:00:00+00:00,19291.2,19386.7,19190.2,19334.2,12325
2022-05-12 16:00:00+00:00,19335.7,19596.2,19182.7,19439.2,25648
2022-05-13 04:00:00+00:00,19549.4,19835.4,19531.9,19775.4,19213
2022-05-13 08:00:00+00:00,19804.9,19933.9,19699.4,19874.4,20105
2022-05-13 12:00:00+00:00,19838.4,19869.4,19771.9,19827.4,8036
2022-05-13 16:00:00+00:00,19827.9,20112.4,19764.4,20080.4,17468
2022-05-16 04:00:00+00:00,20117.9,20181.9,19752.3,19813.8,19550
2022-05-16 08:00:00+00:00,19844.3,20023.3,19808.3,20021.3,20418
2022-05-16 12:00:00+00:00,20030.8,20094.3,19990.8,20058.3,7487
2022-05-16 16:00:00+00:00,20058.8,20166.3,19995.8,20096.3,20595
2022-05-17 04:00:00+00:00,20160.4,20448.3,20160.4,20409.8,17933
2022-05-17 08:00:00+00:00,20432.3,20674.8,20386.3,20660.3,17414
2022-05-17 12:00:00+00:00,20672.3,20758.3,20623.3,20712.3,9054
2022-05-17 16:00:00+00:00,20717.3,20778.3,20501.8,20573.3,17037
2022-05-18 04:00:00+00:00,20613.8,20616.3,20391.3,20450.3,17309
2022-05-18 08:00:00+00:00,20464.3,20712.3,20452.8,20583.8,18193
2022-05-18 12:00:00+00:00,20549.3,20617.3,20489.3,20491.3,7274
2022-05-18 16:00:00+00:00,20492.3,20556.8,20260.8,20338.3,18101
2022-05-19 04:00:00+00:00,20070.7,20293.7,19900.7,20175.2,19293
2022-05-19 08:00:00+00:00,20197.7,20219.7,20038.2,20105.7,19393
2022-05-19 12:00:00+00:00,20045.7,20230.2,20022.2,20163.2,10797
2022-05-19 16:00:00+00:00,20165.2,20489.2,20164.2,20440.7,22393
2022-05-20 04:00:00+00:00,20489.0,20612.5,20398.5,20500.5,17652
2022-05-20 08:00:00+00:00,20540.5,20820.5,20508.0,20685.0,18498
2022-05-20 12:00:00+00:00,20737.5,20771.5,20657.0,20669.0,7403
2022-05-20 16:00:00+00:00,20669.5,20777.0,20328.5,20377.5,22761
2022-05-20 20:00:00+00:00,20378.5,20378.5,20378.5,20378.5,1
2022-05-23 04:00:00+00:00,20649.7,20663.2,20291.7,20324.7,16715
2022-05-23 08:00:00+00:00,20303.7,20543.7,20295.7,20478.7,18431
2022-05-23 12:00:00+00:00,20497.2,20613.2,20479.2,20554.2,10198
2022-05-23 16:00:00+00:00,20554.7,20613.7,20424.2,20557.7,21563
2022-05-23 20:00:00+00:00,20556.7,20593.2,20500.7,20559.2,7513
2022-05-24 04:00:00+00:00,20346.1,20522.6,20141.7,20192.2,17324
2022-05-24 08:00:00+00:00,20164.7,20184.2,19988.7,20137.2,18413
2022-05-24 12:00:00+00:00,20112.7,20199.7,20091.7,20186.2,8857
2022-05-24 16:00:00+00:00,20187.2,20209.7,19940.7,20056.7,22965
2022-05-24 20:00:00+00:00,20057.7,20107.7,19985.7,19999.7,9890
2022-05-25 04:00:00+00:00,20103.8,20300.8,20070.3,20242.3,16520
2022-05-25 08:00:00+00:00,20253.3,20390.8,20086.8,20124.8,17409
2022-05-25 12:00:00+00:00,20067.8,20168.8,20035.8,20109.8,10446
2022-05-25 16:00:00+00:00,20108.3,20203.3,20055.8,20096.3,20238
2022-05-25 20:00:00+00:00,20095.8,20195.3,20052.3,20182.8,10149
2022-05-26 04:00:00+00:00,20295.4,20306.4,19879.4,20145.4,18220
2022-05-26 08:00:00+00:00,20106.9,20131.9,19943.9,20055.9,17086
2022-05-26 12:00:00+00:00,20057.9,20224.9,20044.4,20197.4,8985
2022-05-26 16:00:00+00:00,20198.4,20657.9,20177.9,20623.9,18621
2022-05-26 20:00:00+00:00,20624.9,20682.9,20622.4,20664.4,6254
2022-05-27 04:00:00+00:00,20592.7,20816.5,20576.7,20691.4,14425
2022-05-27 08:00:00+00:00,20681.9,20775.9,20507.9,20757.4,15013
2022-05-27 12:00:00+00:00,20767.9,20858.9,20730.4,20839.9,7088
2022-05-27 16:00:00+00:00,20838.4,20881.4,20695.9,20839.4,12784
2022-05-27 20:00:00+00:00,20837.4,20887.4,20817.9,20878.9,2888
2022-05-30 04:00:00+00:00,20960.2,21194.2,20892.7,21122.7,18070
2022-05-30 08:00:00+00:00,21105.2,21208.7,21065.2,21186.2,16373
2022-05-30 12:00:00+00:00,21181.2,21275.2,21164.7,21176.2,6359
2022-05-30 16:00:00+00:00,21175.7,21198.7,21123.2,21138.2,7240
2022-05-30 20:00:00+00:00,21137.7,21150.7,21121.7,21128.2,528
2022-05-31 04:00:00+00:00,21081.2,21286.7,21043.2,21244.7,18749
2022-05-31 08:00:00+00:00,21281.7,21605.2,21253.7,21593.7,20654
2022-05-31 12:00:00+00:00,21461.7,21598.2,21455.7,21474.7,10815
2022-05-31 16:00:00+00:00,21475.2,21542.2,21351.2,21425.7,20147
2022-05-31 20:00:00+00:00,21424.7,21431.2,21304.7,21326.7,7646
2022-06-01 04:00:00+00:00,21448.6,21448.6,21212.1,21276.1,16403
2022-06-01 08:00:00+00:00,21293.1,21383.1,21176.6,21266.1,16853
2022-06-01 12:00:00+00:00,21263.1,21371.6,21237.1,21335.1,7298
2022-06-01 16:00:00+00:00,21337.6,21402.6,20985.1,21032.6,20821
2022-06-01 20:00:00+00:00,21033.1,21173.1,21027.1,21131.1,8576
2022-06-02 04:00:00+00:00,21038.9,21097.9,20889.9,20973.9,16792
2022-06-02 08:00:00+00:00,21001.4,21142.4,20912.9,21111.9,16840
2022-06-02 12:00:00+00:00,21108.4,21227.4,21101.4,21161.4,8086
2022-06-02 16:00:00+00:00,21161.9,21459.9,21106.9,21436.9,20412
2022-06-02 20:00:00+00:00,21437.9,21459.4,21397.9,21419.9,5785
2022-06-06 04:00:00+00:00,21414.1,21415.6,21026.6,21335.1,18647
2022-06-06 08:00:00+00:00,21360.1,21777.1,21334.1,21759.1,19387
2022-06-06 12:00:00+00:00,21754.6,21760.6,21688.1,21739.1,5745
2022-06-06 16:00:00+00:00,21739.6,21894.1,21574.6,21652.1,19522
2022-06-06 20:00:00+00:00,21651.1,21705.1,21596.1,21627.6,7010
2022-06-07 04:00:00+00:00,21497.7,21758.7,21427.7,21641.2,18967
2022-06-07 08:00:00+00:00,21635.2,21643.7,21406.7,21518.7,18967
2022-06-07 12:00:00+00:00,21491.7,21564.7,21421.2,21505.2,8402
2022-06-07 16:00:00+00:00,21503.7,21750.7,21480.2,21689.7,18082
2022-06-07 20:00:00+00:00,21690.7,21767.7,21677.2,21767.7,5012
2022-06-08 04:00:00+00:00,21827.7,22020.7,21726.2,21913.7,19378
2022-06-08 08:00:00+00:00,21856.2,22070.2,21846.7,21996.7,19277
2022-06-08 12:00:00+00:00,21977.2,21996.7,21912.2,21946.7,7096
2022-06-08 16:00:00+00:00,21948.7,22136.7,21908.7,22049.7,18422
2022-06-08 20:00:00+00:00,22048.7,22156.7,21991.7,22120.7,7637
2022-06-09 04:00:00+00:00,22061.3,22137.3,21856.3,21957.8,19138
2022-06-09 08:00:00+00:00,21939.8,22016.8,21759.3,21895.8,19793
2022-06-09 12:00:00+00:00,22172.8,22292.3,21872.8,21913.8,13579
2022-06-09 16:00:00+00:00,21912.3,21934.3,21580.8,21684.3,20314
2022-06-09 20:00:00+00:00,21685.8,21736.3,21639.3,21645.3,5725
2022-06-10 04:00:00+00:00,21497.5,21914.5,21468.5,21828.5,20265
2022-06-10 08:00:00+00:00,21805.0,21940.0,21741.5,21809.0,21037
2022-06-10 12:00:00+00:00,21793.5,21870.0,21620.0,21621.0,11222
2022-06-10 16:00:00+00:00,21625.5,21687.5,21270.5,21369.5,21566
2022-06-10 20:00:00+00:00,21368.5,21445.0,21334.5,21435.0,7203
2022-06-13 04:00:00+00:00,21145.3,21307.3,21061.8,21184.3,20120
2022-06-13 08:00:00+00:00,21152.3,21186.8,20980.3,20994.3,22522
2022-06-13 12:00:00+00:00,20981.3,21079.3,20940.3,21035.3,11212
2022-06-13 16:00:00+00:00,21035.8,21061.3,20580.8,20734.8,23743
2022-06-13 20:00:00+00:00,20734.3,20801.3,20690.3,20704.8,8506
2022-06-14 04:00:00+00:00,20713.4,20957.4,20713.4,20872.9,20558
2022-06-14 08:00:00+00:00,20899.4,21163.4,20885.4,21012.0,22210
2022-06-14 12:00:00+00:00,20959.0,21047.0,20883.5,20949.0,13656
2022-06-14 16:00:00+00:00,20949.5,21120.0,20872.5,21053.5,23470
2022-06-14 20:00:00+00:00,21054.0,21147.0,20998.5,20999.0,8135
2022-06-15 04:00:00+00:00,21082.5,21381.5,21042.0,21351.0,20048
2022-06-15 08:00:00+00:00,21344.5,21424.5,21235.0,21320.0,21632
2022-06-15 12:00:00+00:00,21279.0,21313.0,21226.0,21290.0,11356
2022-06-15 16:00:00+00:00,21289.0,21341.5,21202.0,21260.0,18471
2022-06-15 20:00:00+00:00,21260.5,21483.0,21120.5,21361.0,10343
2022-06-16 04:00:00+00:00,21544.4,21571.9,21136.4,21216.9,20111
2022-06-16 08:00:00+00:00,21166.9,21168.4,20670.9,20838.9,25032
2022-06-16 12:00:00+00:00,20756.9,20838.9,20722.9,20792.4,12504
2022-06-16 16:00:00+00:00,20797.9,20836.4,20594.9,20811.4,18437
2022-06-16 20:00:00+00:00,20813.4,20838.4,20613.9,20629.4,6951
2022-06-17 04:00:00+00:00,20706.5,21099.0,20706.5,20997.5,21054
2022-06-17 08:00:00+00:00,21045.0,21147.0,20993.0,21083.5,22377
2022-06-17 12:00:00+00:00,21137.0,21408.5,21039.5,21313.0,12244
2022-06-17 16:00:00+00:00,21310.5,21358.0,20849.5,21002.5,23715
2022-06-17 20:00:00+00:00,21003.0,21088.5,20978.0,20994.0,8427
2022-06-20 04:00:00+00:00,20883.7,21185.7,20840.2,21116.7,20802
2022-06-20 08:00:00+00:00,21079.7,21217.7,21008.7,21190.7,19620
2022-06-20 12:00:00+00:00,21184.2,21243.2,21164.2,21228.7,6529
2022-06-20 16:00:00+00:00,21227.7,21304.7,21204.7,21264.2,7469
2022-06-20 20:00:00+00:00,21262.2,21283.2,21250.7,21257.7,354
2022-06-21 04:00:00+00:00,21252.6,21517.1,21163.1,21475.6,19066
2022-06-21 08:00:00+00:00,21511.1,21624.1,21370.6,21549.1,19602
2022-06-21 12:00:00+00:00,21557.1,21573.1,21476.6,21492.6,7150
2022-06-21 16:00:00+00:00,21491.6,21590.6,21435.1,21537.6,18182
2022-06-21 20:00:00+00:00,21537.1,21538.6,21486.1,21537.6,7044
2022-06-22 04:00:00+00:00,21405.0,21496.5,21264.5,21301.5,19012
2022-06-22 08:00:00+00:00,21295.0,21352.0,20973.0,21052.0,20801
2022-06-22 12:00:00+00:00,21079.5,21178.5,21066.5,21101.5,9619
2022-06-22 16:00:00+00:00,21102.0,21295.0,21091.5,21218.0,22395
2022-06-22 20:00:00+00:00,21219.5,21293.0,21196.0,21249.5,6622
2022-06-23 04:00:00+00:00,21176.4,21288.9,21008.4,21214.0,19952
2022-06-23 08:00:00+00:00,21243.0,21458.0,21232.0,21300.5,21028
2022-06-23 12:00:00+00:00,21339.0,21398.0,21299.5,21330.0,8800
2022-06-23 16:00:00+00:00,21329.5,21501.5,21192.5,21205.0,22879
2022-06-23 20:00:00+00:00,21203.5,21261.5,21159.5,21256.5,8126
2022-06-24 04:00:00+00:00,21429.0,21661.0,21422.5,21590.5,18676
2022-06-24 08:00:00+00:00,21609.5,21765.5,21609.5,21666.0,18855
2022-06-24 12:00:00+00:00,21708.5,21721.5,21646.5,21668.5,6976
2022-06-24 16:00:00+00:00,21671.0,21870.5,21648.0,21790.5,17738
2022-06-24 20:00:00+00:00,21791.0,21854.0,21768.0,21854.0,4152
2022-06-27 04:00:00+00:00,21910.5,22433.0,21900.0,22431.5,19060
2022-06-27 08:00:00+00:00,22373.0,22376.0,22136.0,22262.0,21470
2022-06-27 12:00:00+00:00,22233.5,22273.0,22193.0,22205.5,7050
2022-06-27 16:00:00+00:00,22207.0,22272.0,22057.0,22090.5,18405
2022-06-27 20:00:00+00:00,22090.0,22092.0,22038.0,22085.0,6574
2022-06-28 04:00:00+00:00,22120.7,22226.7,21979.2,22055.7,16556
2022-06-28 08:00:00+00:00,22060.2,22505.7,22040.2,22453.7,18426
2022-06-28 12:00:00+00:00,22486.7,22576.7,22431.2,22464.2,6090
2022-06-28 16:00:00+00:00,22465.2,22593.7,22246.7,22275.7,16563
2022-06-28 20:00:00+00:00,22274.7,22278.7,22173.2,22232.2,5278
2022-06-29 04:00:00+00:00,22159.5,22284.5,21997.5,22063.0,19362
2022-06-29 08:00:00+00:00,22070.5,22099.5,21836.0,21952.5,21124
2022-06-29 12:00:00+00:00,21975.0,22030.5,21889.0,22004.5,8782
2022-06-29 16:00:00+00:00,22005.0,22056.0,21934.5,22013.5,20152
2022-06-29 20:00:00+00:00,22014.5,22085.0,21993.0,22025.0,5815
2022-06-30 04:00:00+00:00,21917.5,22118.0,21870.5,21998.0,18668
2022-06-30 08:00:00+00:00,22031.0,22086.5,21702.0,21840.5,22865
2022-06-30 12:00:00+00:00,21788.0,21844.5,21737.0,21755.5,9384
2022-06-30 16:00:00+00:00,21755.0,21962.0,21637.0,21938.0,21319
2022-06-30 20:00:00+00:00,21939.0,21958.5,21871.0,21887.0,7612
2022-07-04 04:00:00+00:00,21791.4,21799.4,21446.4,21746.6,19267
2022-07-04 08:00:00+00:00,21761.1,21894.1,21751.1,21859.6,16112
2022-07-04 12:00:00+00:00,21861.6,22011.6,21847.6,21985.6,2930
2022-07-04 16:00:00+00:00,21982.6,22018.6,21921.6,22009.1,2782
2022-07-04 20:00:00+00:00,22008.6,22014.1,21986.1,21987.6,554
2022-07-05 04:00:00+00:00,22102.6,22215.1,21814.9,21963.9,20032
2022-07-05 08:00:00+00:00,21993.9,22009.9,21737.9,21749.4,18035
2022-07-05 12:00:00+00:00,21733.4,21787.4,21539.9,21548.4,8958
2022-07-05 16:00:00+00:00,21548.9,21563.9,21395.4,21511.9,22119
2022-07-05 20:00:00+00:00,21512.4,21692.4,21510.4,21682.4,5965
2022-07-06 04:00:00+00:00,21750.0,21827.5,21471.0,21550.0,18956
2022-07-06 08:00:00+00:00,21527.0,21632.5,21277.0,21546.0,20864
2022-07-06 12:00:00+00:00,21532.5,21589.5,21516.5,21562.5,7318
2022-07-06 16:00:00+00:00,21562.0,21589.0,21359.5,21467.0,18790
2022-07-06 20:00:00+00:00,21466.5,21553.0,21419.0,21524.5,7270
2022-07-07 04:00:00+00:00,21360.4,21550.3,21203.9,21493.3,18466
2022-07-07 08:00:00+00:00,21517.3,21710.3,21513.8,21692.3,17256
2022-07-07 12:00:00+00:00,21749.3,21814.3,21730.8,21776.3,6841
2022-07-07 16:00:00+00:00,21776.8,21999.3,21771.3,21974.3,13817
2022-07-07 20:00:00+00:00,21973.8,21986.3,21938.3,21962.3,3746
2022-07-08 04:00:00+00:00,22028.8,22031.3,21651.7,21660.7,19003
2022-07-08 08:00:00+00:00,21662.2,21758.2,21619.7,21716.2,17305
2022-07-08 12:00:00+00:00,21704.2,21791.7,21573.7,21646.2,8578
2022-07-08 16:00:00+00:00,21647.2,21847.2,21627.7,21663.2,17335
2022-07-08 20:00:00+00:00,21663.7,21748.7,21632.2,21730.2,5061
2022-07-11 04:00:00+00:00,21481.0,21514.5,21079.7,21125.2,18677
2022-07-11 08:00:00+00:00,21125.2,21167.2,20990.2,21153.7,19338
2022-07-11 12:00:00+00:00,21175.7,21185.2,21114.2,21130.2,5871
2022-07-11 16:00:00+00:00,21129.7,21142.2,20912.2,21031.2,16474
2022-07-11 20:00:00+00:00,21031.7,21077.7,20998.7,21007.7,4826
2022-07-12 04:00:00+00:00,20956.1,21086.6,20786.8,20858.8,19122
2022-07-12 08:00:00+00:00,20853.8,20940.8,20803.8,20823.3,19321
2022-07-12 12:00:00+00:00,20863.8,20957.8,20796.8,20880.3,8278
2022-07-12 16:00:00+00:00,20878.3,20975.8,20787.3,20952.8,17550
2022-07-12 20:00:00+00:00,20951.8,20967.8,20885.3,20890.3,5287
2022-07-13 04:00:00+00:00,20906.2,21050.3,20846.2,20981.8,17837
2022-07-13 08:00:00+00:00,20947.8,21012.3,20734.8,20816.3,18474
2022-07-13 12:00:00+00:00,20848.8,20934.3,20558.3,20591.8,8384
2022-07-13 16:00:00+00:00,20588.3,20899.3,20544.3,20811.3,22201
2022-07-13 20:00:00+00:00,20812.3,20865.3,20748.8,20865.3,7445
2022-07-14 04:00:00+00:00,20722.7,20892.3,20709.7,20839.8,17110
2022-07-14 08:00:00+00:00,20849.8,20867.5,20530.5,20693.5,19723
2022-07-14 12:00:00+00:00,20644.5,20713.0,20592.5,20607.0,10372
2022-07-14 16:00:00+00:00,20606.5,20618.5,20404.0,20452.5,19636
2022-07-14 20:00:00+00:00,20453.0,20528.5,20415.5,20511.0,6236
2022-07-15 04:00:00+00:00,20483.9,20660.9,20392.0,20512.0,18316
2022-07-15 08:00:00+00:00,20477.0,20497.0,20198.0,20278.0,20533
2022-07-15 12:00:00+00:00,20295.0,20336.5,20211.0,20308.5,8129
2022-07-15 16:00:00+00:00,20308.0,20340.5,20064.0,20314.5,17489
2022-07-15 20:00:00+00:00,20315.0,20334.5,20295.0,20319.0,3367
2022-07-18 04:00:00+00:00,20406.3,20866.3,20283.8,20839.3,19576
2022-07-18 08:00:00+00:00,20863.3,20888.3,20753.3,20832.3,16755
2022-07-18 12:00:00+00:00,20847.3,20848.8,20767.3,20816.3,4423
2022-07-18 16:00:00+00:00,20815.8,20967.3,20801.8,20851.8,11862
2022-07-18 20:00:00+00:00,20851.3,20871.3,20740.8,20748.3,4294
2022-07-19 04:00:00+00:00,20748.2,20748.2,20553.5,20604.0,16124
2022-07-19 08:00:00+00:00,20577.0,20768.5,20539.0,20658.0,16870
2022-07-19 12:00:00+00:00,20678.0,20796.0,20663.0,20782.5,5782
2022-07-19 16:00:00+00:00,20783.0,20903.0,20747.5,20882.0,12198
2022-07-19 20:00:00+00:00,20882.5,20929.5,20857.0,20901.5,2870
2022-07-20 04:00:00+00:00,20980.0,21125.5,20932.5,21024.5,13474
2022-07-20 08:00:00+00:00,21022.5,21034.5,20857.5,20892.0,15605
2022-07-20 12:00:00+00:00,20899.5,20906.0,20754.5,20789.0,7253
2022-07-20 16:00:00+00:00,20787.0,20865.5,20707.5,20750.5,12969
2022-07-20 20:00:00+00:00,20750.0,20766.0,20678.5,20739.0,5456
2022-07-21 04:00:00+00:00,20761.6,20837.1,20588.4,20599.9,15390
2022-07-21 08:00:00+00:00,20628.9,20789.4,20495.9,20569.4,17820
2022-07-21 12:00:00+00:00,20571.9,20695.9,20537.9,20667.9,6209
2022-07-21 16:00:00+00:00,20669.4,20748.9,20579.9,20709.9,15512
2022-07-21 20:00:00+00:00,20710.4,20715.4,20665.4,20709.4,4112
2022-07-22 04:00:00+00:00,20726.9,20799.9,20577.8,20604.8,15549
2022-07-22 08:00:00+00:00,20589.3,20648.3,20508.3,20606.3,16716
2022-07-22 12:00:00+00:00,20626.3,20651.3,20592.8,20627.3,4340
2022-07-22 16:00:00+00:00,20628.3,20686.8,20480.3,20481.8,14177
2022-07-22 20:00:00+00:00,20482.3,20482.3,20388.8,20422.3,4631
2022-07-25 04:00:00+00:00,20408.5,20580.5,20401.5,20456.8,16582
2022-07-25 08:00:00+00:00,20450.3,20607.3,20338.8,20554.3,16631
2022-07-25 12:00:00+00:00,20603.3,20670.3,20594.8,20635.3,4458
2022-07-25 16:00:00+00:00,20636.3,20670.8,20537.3,20662.8,13378
2022-07-25 20:00:00+00:00,20663.3,20674.8,20640.8,20643.8,3048
2022-07-26 04:00:00+00:00,20649.4,20910.8,20616.9,20875.3,16278
2022-07-26 08:00:00+00:00,20856.8,20971.3,20842.3,20868.8,15284
2022-07-26 12:00:00+00:00,20866.8,20879.8,20784.3,20813.3,4870
2022-07-26 16:00:00+00:00,20812.8,20868.3,20612.8,20646.8,12668
2022-07-26 20:00:00+00:00,20646.3,20658.3,20596.3,20604.8,3311
2022-07-27 04:00:00+00:00,20667.0,20780.0,20573.5,20597.5,13629
2022-07-27 08:00:00+00:00,20621.5,20711.0,20596.0,20674.5,13567
2022-07-27 12:00:00+00:00,20694.5,20746.5,20663.0,20721.5,4429
2022-07-27 16:00:00+00:00,20722.0,20724.5,20568.0,20647.0,9163
2022-07-27 20:00:00+00:00,20647.5,20795.5,20596.5,20751.0,4274
2022-07-28 04:00:00+00:00,20735.7,20791.2,20525.7,20560.7,15928
2022-07-28 08:00:00+00:00,20611.7,20676.7,20569.2,20638.2,14695
2022-07-28 12:00:00+00:00,20599.7,20662.2,20556.7,20627.7,5971
2022-07-28 16:00:00+00:00,20627.2,20688.7,20341.7,20473.7,15264
2022-07-28 20:00:00+00:00,20475.2,20597.7,20460.2,20595.7,3732
2022-07-29 04:00:00+00:00,20689.0,20689.0,20126.0,20154.5,17459
2022-07-29 08:00:00+00:00,20164.5,20222.5,20051.0,20141.0,18811
2022-07-29 12:00:00+00:00,20128.0,20155.0,20068.0,20084.0,4921
2022-07-29 16:00:00+00:00,20085.0,20128.0,19952.0,20065.0,13256
2022-07-29 20:00:00+00:00,20064.0,20072.0,20028.0,20059.5,2549
2022-08-01 04:00:00+00:00,20018.9,20151.4,19886.9,20107.9,18112
2022-08-01 08:00:00+00:00,20179.9,20266.4,20079.9,20166.4,15806
2022-08-01 12:00:00+00:00,20168.9,20199.9,20058.9,20061.4,4218
2022-08-01 16:00:00+00:00,20060.9,20103.9,19852.9,19983.9,15016
2022-08-01 20:00:00+00:00,19983.4,19983.4,19911.9,19927.9,4619
2022-08-02 04:00:00+00:00,19883.1,19931.6,19513.9,19613.5,18274
2022-08-02 08:00:00+00:00,19644.5,19779.0,19601.5,19638.0,18452
2022-08-02 12:00:00+00:00,19638.5,19643.0,19496.5,19552.5,5878
2022-08-02 16:00:00+00:00,19553.5,20007.5,19548.5,19949.0,17648
2022-08-02 20:00:00+00:00,19947.0,19952.0,19818.0,19845.0,5123
2022-08-03 04:00:00+00:00,19930.7,19935.2,19685.6,19813.1,17233
2022-08-03 08:00:00+00:00,19815.6,19892.6,19669.6,19777.6,17150
2022-08-03 12:00:00+00:00,19792.1,19831.1,19780.1,19819.1,4244
2022-08-03 16:00:00+00:00,19818.6,19981.6,19698.1,19962.1,13039
2022-08-03 20:00:00+00:00,19961.1,19977.6,19934.1,19960.1,3217
2022-08-04 04:00:00+00:00,19988.8,20229.3,19964.8,20056.3,16009
2022-08-04 08:00:00+00:00,20049.8,20200.3,20002.3,20178.3,16691
2022-08-04 12:00:00+00:00,20161.8,20370.3,20152.3,20316.8,6726
2022-08-04 16:00:00+00:00,20315.8,20388.8,20162.8,20211.3,14951
2022-08-04 20:00:00+00:00,20211.8,20259.3,20206.8,20235.8,3638
2022-08-05 04:00:00+00:00,20304.1,20339.6,20085.8,20196.8,15079
2022-08-05 08:00:00+00:00,20221.8,20287.3,20113.3,20147.8,14975
2022-08-05 12:00:00+00:00,20154.3,20172.8,19987.8,20012.8,5768
2022-08-05 16:00:00+00:00,20011.3,20118.8,19943.3,20054.8,14754
2022-08-05 20:00:00+00:00,20055.3,20081.8,20023.3,20044.3,3840
2022-08-08 04:00:00+00:00,20070.7,20201.7,19975.2,20059.2,15760
2022-08-08 08:00:00+00:00,20078.7,20124.2,19946.7,20038.7,14928
2022-08-08 12:00:00+00:00,20028.7,20098.2,19995.7,20096.7,4303
2022-08-08 16:00:00+00:00,20096.2,20132.7,19990.7,20021.2,14527
2022-08-08 20:00:00+00:00,20020.7,20048.2,19987.2,19994.7,5673
2022-08-09 04:00:00+00:00,20048.0,20277.8,19855.5,20255.3,17573
2022-08-09 08:00:00+00:00,20227.8,20231.8,19978.2,20040.7,14479
2022-08-09 12:00:00+00:00,20052.7,20068.7,19971.7,19988.7,5278
2022-08-09 16:00:00+00:00,19987.2,20067.2,19919.7,19933.2,14235
2022-08-09 20:00:00+00:00,19933.7,19943.2,19898.7,19931.7,3963
2022-08-10 04:00:00+00:00,19920.0,19957.0,19555.7,19583.2,15588
2022-08-10 08:00:00+00:00,19588.7,19609.7,19464.2,19606.2,14919
2022-08-10 12:00:00+00:00,19639.2,19830.7,19610.2,19754.7,6683
2022-08-10 16:00:00+00:00,19756.7,19864.7,19674.7,19840.2,14375
2022-08-10 20:00:00+00:00,19841.2,19870.7,19812.2,19818.7,3340
2022-08-11 04:00:00+00:00,19880.2,20019.2,19798.7,19974.7,15730
2022-08-11 08:00:00+00:00,19973.7,20111.7,19912.2,20058.2,16123
2022-08-11 12:00:00+00:00,20061.7,20123.2,20017.2,20096.2,5783
2022-08-11 16:00:00+00:00,20096.7,20368.2,20068.7,20159.7,16279
2022-08-11 20:00:00+00:00,20160.2,20186.2,20060.7,20069.7,4953
2022-08-12 04:00:00+00:00,20092.8,20186.8,20013.8,20139.8,14816
2022-08-12 08:00:00+00:00,20133.8,20218.3,20111.9,20141.4,14203
2022-08-12 12:00:00+00:00,20063.4,20068.9,19891.4,19949.4,7607
2022-08-12 16:00:00+00:00,19949.9,20132.9,19925.9,20120.9,13820
2022-08-12 20:00:00+00:00,20120.4,20179.9,20114.9,20149.9,2653
2022-08-15 04:00:00+00:00,20042.7,20275.7,19971.1,20128.1,15518
2022-08-15 08:00:00+00:00,20123.1,20190.6,20010.7,20057.2,13694
2022-08-15 12:00:00+00:00,20025.7,20046.2,19954.2,19965.7,4407
2022-08-15 16:00:00+00:00,19963.7,20111.7,19961.2,20106.2,10476
2022-08-15 20:00:00+00:00,20107.2,20114.7,20058.7,20081.2,3060
2022-08-16 04:00:00+00:00,20130.7,20187.2,20014.7,20062.2,14242
2022-08-16 08:00:00+00:00,20061.7,20066.2,19670.7,19838.2,19287
2022-08-16 12:00:00+00:00,19894.7,19917.7,19838.2,19842.2,5608
2022-08-16 16:00:00+00:00,19841.7,19983.2,19839.7,19956.2,11540
2022-08-16 20:00:00+00:00,19956.7,20001.2,19920.7,19945.7,3216
2022-08-17 04:00:00+00:00,19988.2,20040.7,19798.7,20001.7,15778
2022-08-17 08:00:00+00:00,20043.7,20085.7,19873.7,19925.2,15384
2022-08-17 12:00:00+00:00,19937.2,19941.2,19784.7,19865.2,6556
2022-08-17 16:00:00+00:00,19864.7,19951.7,19840.7,19940.7,13177
2022-08-17 20:00:00+00:00,19941.7,20012.2,19928.7,19972.7,4913
2022-08-18 04:00:00+00:00,19952.8,19988.8,19744.8,19784.8,14442
2022-08-18 08:00:00+00:00,19764.3,19872.3,19657.3,19734.8,15152
2022-08-18 12:00:00+00:00,19779.3,19800.8,19728.8,19759.3,5200
2022-08-18 16:00:00+00:00,19759.8,19779.8,19628.3,19638.8,12510
2022-08-18 20:00:00+00:00,19639.8,19706.8,19634.3,19706.8,3683
2022-08-19 04:00:00+00:00,19681.8,19896.8,19603.8,19843.3,14606
2022-08-19 08:00:00+00:00,19837.3,19860.8,19678.3,19720.3,14749
2022-08-19 12:00:00+00:00,19716.8,19726.3,19626.3,19639.8,5713
2022-08-19 16:00:00+00:00,19640.8,19698.8,19535.3,19582.8,11794
2022-08-19 20:00:00+00:00,19583.3,19587.8,19540.8,19544.8,3306
2022-08-22 04:00:00+00:00,19539.8,19820.3,19496.3,19805.3,14564
2022-08-22 08:00:00+00:00,19787.3,19788.3,19578.3,19596.3,14666
2022-08-22 12:00:00+00:00,19580.3,19658.3,19554.8,19588.8,5323
2022-08-22 16:00:00+00:00,19589.3,19680.3,19570.3,19648.8,12036
2022-08-22 20:00:00+00:00,19649.3,19656.8,19580.8,19594.3,2964
2022-08-23 04:00:00+00:00,19617.2,19679.2,19436.2,19539.7,14118
2022-08-23 08:00:00+00:00,19548.2,19587.2,19346.7,19473.2,16416
2022-08-23 12:00:00+00:00,19491.7,19532.7,19458.2,19470.7,6385
2022-08-23 16:00:00+00:00,19471.7,19544.7,19351.7,19521.7,15175
2022-08-23 20:00:00+00:00,19522.2,19529.2,19476.2,19488.7,4225
2022-08-24 04:00:00+00:00,19520.3,19529.3,19166.8,19215.8,14756
2022-08-24 08:00:00+00:00,19267.3,19306.8,19198.3,19249.3,15606
2022-08-24 12:00:00+00:00,19260.8,19275.8,19203.8,19263.8,3664
2022-08-25 08:00:00+00:00,19506.7,19975.7,19472.7,19915.7,20461
2022-08-25 12:00:00+00:00,19923.2,19970.7,19870.2,19927.2,6771
2022-08-25 16:00:00+00:00,19927.7,20187.2,19866.2,20121.2,16762
2022-08-25 20:00:00+00:00,20119.2,20167.2,20110.2,20144.2,3887
2022-08-26 04:00:00+00:00,20222.7,20223.7,20045.7,20104.7,14969
2022-08-26 08:00:00+00:00,20062.2,20163.7,20043.7,20117.2,15195
2022-08-26 12:00:00+00:00,20194.2,20580.7,20148.2,20555.2,9284
2022-08-26 16:00:00+00:00,20556.2,20673.7,20170.7,20273.7,21016
2022-08-26 20:00:00+00:00,20272.2,20272.7,20132.7,20151.2,4990
2022-08-29 04:00:00+00:00,19926.5,20064.0,19866.5,20038.8,14899
2022-08-29 08:00:00+00:00,20025.3,20094.3,19977.8,20040.8,14925
2022-08-29 12:00:00+00:00,20038.3,20099.8,19998.8,20074.8,5676
2022-08-29 16:00:00+00:00,20074.3,20227.8,20026.3,20099.8,13817
2022-08-29 20:00:00+00:00,20099.3,20120.8,20057.3,20068.3,3769
2022-08-30 04:00:00+00:00,20034.8,20110.3,19616.8,19826.8,16084
2022-08-30 08:00:00+00:00,19864.8,19962.3,19796.3,19959.8,15701
2022-08-30 12:00:00+00:00,19930.8,19974.3,19844.8,19850.3,6365
2022-08-30 16:00:00+00:00,19849.8,19863.8,19523.8,19538.8,19043
2022-08-30 20:00:00+00:00,19538.3,19569.3,19502.3,19506.3,5495
2022-08-31 04:00:00+00:00,19577.2,19896.9,19512.7,19858.9,16441
2022-08-31 08:00:00+00:00,19874.4,20164.9,19839.4,19918.9,18007
2022-08-31 12:00:00+00:00,19872.4,19946.9,19837.4,19944.9,8996
2022-08-31 16:00:00+00:00,19944.4,20056.9,19858.4,19873.4,19365
2022-08-31 20:00:00+00:00,19872.4,19882.4,19816.9,19830.9,5462
2022-09-01 04:00:00+00:00,19695.7,19820.2,19580.7,19634.7,15720
2022-09-01 08:00:00+00:00,19627.2,19699.7,19519.2,19577.2,17106
2022-09-01 12:00:00+00:00,19600.7,19634.2,19546.7,19559.2,8174
2022-09-01 16:00:00+00:00,19559.7,19626.2,19429.7,19452.2,18423
2022-09-01 20:00:00+00:00,19451.2,19569.7,19448.2,19545.7,6510
2022-09-02 04:00:00+00:00,19598.5,19620.0,19385.0,19457.4,14078
2022-09-02 08:00:00+00:00,19466.4,19490.4,19320.4,19476.9,15769
2022-09-02 12:00:00+00:00,19456.4,19520.4,19394.9,19469.9,7788
2022-09-02 16:00:00+00:00,19470.9,19531.4,19345.9,19397.9,17869
2022-09-02 20:00:00+00:00,19397.4,19397.4,19308.4,19334.9,8147
2022-09-05 04:00:00+00:00,19327.7,19333.7,19038.2,19180.2,16228
2022-09-05 08:00:00+00:00,19184.7,19296.7,19118.7,19211.7,14687
2022-09-05 12:00:00+00:00,19210.2,19374.2,19197.7,19256.2,6025
2022-09-05 16:00:00+00:00,19256.7,19302.7,19253.2,19277.2,5256
2022-09-05 20:00:00+00:00,19277.7,19283.7,19273.2,19280.7,330
2022-09-06 04:00:00+00:00,19264.0,19342.0,19083.5,19131.5,14575
2022-09-06 08:00:00+00:00,19122.5,19280.0,19097.0,19155.0,14075
2022-09-06 12:00:00+00:00,19130.5,19187.5,19128.5,19136.0,5691
2022-09-06 16:00:00+00:00,19138.5,19143.0,18916.0,18991.5,18536
2022-09-06 20:00:00+00:00,18990.0,18999.0,18944.5,18958.0,6382
2022-09-07 04:00:00+00:00,18861.6,18984.5,18812.1,18859.0,14895
2022-09-07 08:00:00+00:00,18855.5,19075.5,18796.0,19025.5,14691
2022-09-07 12:00:00+00:00,19018.5,19019.5,18913.0,18933.5,6764
2022-09-07 16:00:00+00:00,18933.0,19016.5,18866.5,18992.5,14686
2022-09-07 20:00:00+00:00,18992.0,19124.0,18991.0,19105.0,4805
2022-09-08 04:00:00+00:00,19078.3,19079.3,18893.9,18946.4,12810
2022-09-08 08:00:00+00:00,18961.9,18984.4,18783.9,18853.4,13716
2022-09-08 12:00:00+00:00,18870.4,18916.4,18834.4,18838.9,7105
2022-09-08 16:00:00+00:00,18838.4,18931.4,18734.9,18876.4,17579
2022-09-08 20:00:00+00:00,18876.9,18916.9,18833.9,18869.4,6376
2022-09-09 04:00:00+00:00,18894.9,19339.8,18863.4,19338.3,14195
2022-09-09 08:00:00+00:00,19346.8,19407.2,19293.3,19349.2,13061
2022-09-09 12:00:00+00:00,19337.7,19342.2,19255.7,19286.2,5935
2022-09-09 16:00:00+00:00,19285.7,19343.7,19218.7,19267.7,13273
2022-09-09 20:00:00+00:00,19268.7,19283.7,19255.2,19266.7,3137
2022-09-13 04:00:00+00:00,19400.9,19490.3,19283.4,19429.3,13358
2022-09-13 08:00:00+00:00,19450.3,19464.8,19281.3,19316.8,12566
2022-09-13 12:00:00+00:00,19309.8,19401.8,19064.8,19071.8,7316
2022-09-13 16:00:00+00:00,19072.3,19154.3,19029.3,19038.3,13275
2022-09-13 20:00:00+00:00,19037.3,19049.8,18837.3,18858.3,4136
2022-09-14 04:00:00+00:00,18862.8,18970.8,18780.3,18794.3,14412
2022-09-14 08:00:00+00:00,18806.3,18894.3,18759.3,18803.3,14363
2022-09-14 12:00:00+00:00,18822.8,18845.3,18766.3,18815.8,7902
2022-09-14 16:00:00+00:00,18816.3,18857.8,18740.8,18843.8,16667
2022-09-14 20:00:00+00:00,18844.3,18858.3,18788.8,18795.8,5558
2022-09-15 04:00:00+00:00,18812.6,18984.6,18791.6,18903.6,12991
2022-09-15 08:00:00+00:00,18903.1,18951.9,18819.9,18858.4,12145
2022-09-15 12:00:00+00:00,18859.4,18872.4,18781.9,18841.4,6483
2022-09-15 16:00:00+00:00,18840.4,18942.4,18767.4,18844.4,15284
2022-09-15 20:00:00+00:00,18844.9,18898.4,18802.9,18811.4,5418
2022-09-16 04:00:00+00:00,18734.5,18901.4,18635.0,18832.4,15569
2022-09-16 08:00:00+00:00,18831.9,18845.4,18658.8,18706.8,14326
2022-09-16 12:00:00+00:00,18703.3,18782.3,18693.8,18706.8,5944
2022-09-16 16:00:00+00:00,18707.3,18759.8,18635.8,18657.3,16958
2022-09-16 20:00:00+00:00,18657.8,18671.8,18615.3,18666.8,4958
2022-09-19 04:00:00+00:00,18707.9,18713.4,18498.9,18567.4,13991
2022-09-19 08:00:00+00:00,18561.9,18598.4,18484.4,18583.9,12443
2022-09-19 12:00:00+00:00,18554.9,18620.4,18514.4,18584.4,6822
2022-09-19 16:00:00+00:00,18585.9,18684.4,18556.4,18678.4,13100
2022-09-19 20:00:00+00:00,18678.9,18693.9,18650.4,18689.4,3977
2022-09-20 04:00:00+00:00,18716.8,18858.7,18659.3,18804.7,13393
2022-09-20 08:00:00+00:00,18801.2,18827.2,18716.7,18741.7,12240
2022-09-20 12:00:00+00:00,18725.2,18728.2,18661.2,18677.2,6468
2022-09-20 16:00:00+00:00,18674.2,18721.7,18645.7,18653.7,13140
2022-09-20 20:00:00+00:00,18654.2,18658.2,18547.2,18595.7,5296
2022-09-21 04:00:00+00:00,18584.1,18607.6,18421.6,18474.6,12947
2022-09-21 08:00:00+00:00,18455.6,18615.6,18408.6,18439.6,15489
2022-09-21 12:00:00+00:00,18446.1,18481.6,18423.1,18445.6,5260
2022-09-21 16:00:00+00:00,18447.1,18465.1,18327.6,18330.6,11308
2022-09-21 20:00:00+00:00,18331.1,18472.6,18223.6,18421.1,8406
2022-09-22 04:00:00+00:00,18043.4,18168.9,17942.9,18071.9,15397
2022-09-22 08:00:00+00:00,18089.9,18159.9,18035.4,18153.4,14969
2022-09-22 12:00:00+00:00,18155.9,18192.9,18109.4,18178.4,8798
2022-09-22 16:00:00+00:00,18176.9,18209.9,18056.9,18080.4,16732
2022-09-22 20:00:00+00:00,18079.9,18103.4,18044.4,18086.9,5669
2022-09-23 04:00:00+00:00,18047.7,18144.2,17929.2,17970.7,13613
2022-09-23 08:00:00+00:00,17952.2,18090.2,17856.7,17889.2,15267
2022-09-23 12:00:00+00:00,17855.2,17902.7,17790.2,17800.7,9596
2022-09-23 16:00:00+00:00,17801.2,17855.2,17713.7,17782.7,16783
2022-09-23 20:00:00+00:00,17781.7,17797.2,17688.7,17696.2,6136
2022-09-26 04:00:00+00:00,17755.5,18075.5,17722.5,17967.2,16289
2022-09-26 08:00:00+00:00,17918.7,17944.7,17721.2,17866.2,17672
2022-09-26 12:00:00+00:00,17850.7,17877.7,17763.7,17863.2,10092
2022-09-26 16:00:00+00:00,17862.2,17967.2,17800.2,17840.2,20324
2022-09-26 20:00:00+00:00,17839.7,17844.7,17772.7,17840.7,8009
2022-09-27 04:00:00+00:00,17864.4,17904.9,17647.5,17657.5,15143
2022-09-27 08:00:00+00:00,17655.0,17885.0,17652.0,17823.5,16998
2022-09-27 12:00:00+00:00,17766.5,17816.0,17756.0,17779.0,8842
2022-09-27 16:00:00+00:00,17775.0,17880.0,17530.5,17572.0,19863
2022-09-27 20:00:00+00:00,17570.5,17609.5,17515.0,17605.0,8411
2022-09-28 04:00:00+00:00,17576.5,17653.5,17325.5,17401.5,16483
2022-09-28 08:00:00+00:00,17393.5,17432.5,17137.0,17212.5,19089
2022-09-28 12:00:00+00:00,17168.0,17315.5,17140.0,17291.5,12332
2022-09-28 16:00:00+00:00,17291.0,17563.0,17279.0,17530.5,16033
2022-09-28 20:00:00+00:00,17531.5,17622.5,17525.0,17622.0,4428
2022-09-29 04:00:00+00:00,17542.8,17603.3,17364.3,17419.3,15399
2022-09-29 08:00:00+00:00,17421.8,17458.8,16988.8,17134.8,20321
2022-09-29 12:00:00+00:00,17167.8,17255.8,17144.3,17156.8,11070
2022-09-29 16:00:00+00:00,17157.3,17213.8,17020.3,17129.3,19914
2022-09-29 20:00:00+00:00,17129.8,17157.8,17054.8,17101.3,6865
2022-09-30 04:00:00+00:00,17180.0,17322.0,17006.5,17139.8,18132
2022-09-30 08:00:00+00:00,17127.8,17305.8,17091.3,17173.8,17204
2022-09-30 12:00:00+00:00,17187.8,17224.3,17071.8,17162.8,4164
2022-09-30 16:00:00+00:00,17164.3,17289.3,17103.8,17213.8,7379
2022-09-30 20:00:00+00:00,17215.3,17215.3,17153.3,17156.3,1968
2022-10-03 04:00:00+00:00,16958.0,17243.0,16946.0,17008.2,13164
2022-10-03 08:00:00+00:00,16990.7,17149.7,16895.2,17046.7,15493
2022-10-03 12:00:00+00:00,17033.2,17182.7,17033.2,17159.2,9222
2022-10-03 16:00:00+00:00,17159.7,17284.2,17083.7,17257.7,16721
2022-10-03 20:00:00+00:00,17258.2,17315.7,17255.2,17312.7,5047
2022-10-05 04:00:00+00:00,17733.6,18009.6,17643.1,17993.6,15019
2022-10-05 08:00:00+00:00,18014.6,18173.6,17959.6,18053.1,15960
2022-10-05 12:00:00+00:00,18056.6,18072.6,17975.1,17982.6,8071
2022-10-05 16:00:00+00:00,17982.1,18039.6,17835.1,17957.1,15878
2022-10-05 20:00:00+00:00,17956.6,18010.1,17941.6,18009.1,6128
2022-10-06 04:00:00+00:00,18035.8,18101.8,17953.3,18002.9,13136
2022-10-06 08:00:00+00:00,18031.9,18134.4,17945.4,17963.4,14175
2022-10-06 12:00:00+00:00,17945.9,17965.4,17883.4,17947.9,7539
2022-10-06 16:00:00+00:00,17944.9,17981.4,17840.4,17896.4,18943
2022-10-06 20:00:00+00:00,17896.9,17915.9,17841.9,17867.9,6778
2022-10-07 04:00:00+00:00,17825.1,17876.7,17769.6,17803.7,11872
2022-10-07 08:00:00+00:00,17768.7,17802.2,17687.7,17714.2,12566
2022-10-07 12:00:00+00:00,17738.7,17768.2,17577.7,17640.7,8994
2022-10-07 16:00:00+00:00,17640.2,17732.7,17545.7,17558.7,17755
2022-10-07 20:00:00+00:00,17557.7,17582.7,17525.7,17525.7,5209
2022-10-10 04:00:00+00:00,17398.7,17434.7,17233.2,17291.7,15680
2022-10-10 08:00:00+00:00,17302.2,17310.2,17165.7,17200.2,14755
2022-10-10 12:00:00+00:00,17228.7,17299.7,17225.2,17297.2,6707
2022-10-10 16:00:00+00:00,17297.7,17300.7,17068.2,17074.2,16424
2022-10-10 20:00:00+00:00,17073.7,17160.2,17051.7,17100.2,6530
2022-10-11 04:00:00+00:00,17169.9,17229.4,16871.4,16936.6,17246
2022-10-11 08:00:00+00:00,16932.1,16979.6,16772.1,16826.1,17622
2022-10-11 12:00:00+00:00,16804.1,16911.6,16751.1,16851.1,9620
2022-10-11 16:00:00+00:00,16852.6,16878.6,16620.1,16843.1,19650
2022-10-11 20:00:00+00:00,16843.6,16847.6,16674.6,16677.1,8464
2022-10-12 04:00:00+00:00,16716.7,16773.7,16434.7,16486.7,16674
2022-10-12 08:00:00+00:00,16501.7,17038.7,16425.7,16702.2,23257
2022-10-12 12:00:00+00:00,16697.7,16756.2,16602.2,16638.7,10019
2022-10-12 16:00:00+00:00,16639.2,16710.7,16530.7,16600.7,18908
2022-10-12 20:00:00+00:00,16600.2,16659.7,16584.2,16621.2,8725
2022-10-13 04:00:00+00:00,16658.8,16716.8,16443.3,16510.3,16087
2022-10-13 08:00:00+00:00,16481.3,16641.3,16366.3,16388.8,16587
2022-10-13 12:00:00+00:00,16447.8,16551.8,16116.3,16187.3,10610
2022-10-13 16:00:00+00:00,16186.8,16660.3,16137.8,16565.8,26876
2022-10-13 20:00:00+00:00,16566.3,16692.3,16562.3,16661.3,8467
2022-10-14 04:00:00+00:00,16621.9,16961.6,16563.4,16934.6,16511
2022-10-14 08:00:00+00:00,16920.6,17019.1,16503.6,16581.1,20230
2022-10-14 12:00:00+00:00,16553.1,16746.1,16506.6,16707.1,12203
2022-10-14 16:00:00+00:00,16707.6,16733.1,16383.1,16407.1,23017
2022-10-14 20:00:00+00:00,16408.1,16442.1,16365.6,16378.1,7128
2022-10-17 04:00:00+00:00,16430.0,16596.5,16307.1,16402.6,16622
2022-10-17 08:00:00+00:00,16406.1,16744.1,16380.1,16556.6,18776
2022-10-17 12:00:00+00:00,16569.1,16687.1,16559.6,16674.6,8227
2022-10-17 16:00:00+00:00,16675.6,16898.1,16669.1,16860.1,16452
2022-10-17 20:00:00+00:00,16859.1,16885.1,16833.6,16854.6,5452
2022-10-18 04:00:00+00:00,16874.8,16897.8,16534.8,16767.3,16648
2022-10-18 08:00:00+00:00,16829.3,16935.3,16716.3,16876.8,17242
2022-10-18 12:00:00+00:00,16832.8,16948.8,16815.8,16946.3,9411
2022-10-18 16:00:00+00:00,16945.8,16965.3,16599.8,16685.3,18849
2022-10-18 20:00:00+00:00,16683.3,16737.3,16636.8,16676.3,8417
2022-10-19 04:00:00+00:00,16843.6,16925.1,16676.7,16704.7,15742
2022-10-19 08:00:00+00:00,16708.2,16721.7,16472.7,16500.2,18285
2022-10-19 12:00:00+00:00,16515.2,16545.7,16417.2,16447.2,10633
2022-10-19 16:00:00+00:00,16447.7,16481.2,16315.7,16321.2,17902
2022-10-19 20:00:00+00:00,16320.2,16327.2,16208.2,16208.2,7168
2022-10-20 04:00:00+00:00,16197.9,16234.9,16002.9,16103.0,17811
2022-10-20 08:00:00+00:00,16301.5,16461.0,16167.5,16231.5,20447
2022-10-20 12:00:00+00:00,16272.5,16418.0,16248.5,16300.0,10611
2022-10-20 16:00:00+00:00,16298.5,16592.5,16295.0,16377.5,18959
2022-10-20 20:00:00+00:00,16378.5,16381.5,16287.0,16326.0,7485
2022-10-21 04:00:00+00:00,16326.3,16363.3,16165.3,16253.3,16820
2022-10-21 08:00:00+00:00,16231.8,16303.8,16129.3,16180.8,16283
2022-10-21 12:00:00+00:00,16148.8,16170.8,16072.8,16146.3,10817
2022-10-21 16:00:00+00:00,16146.8,16353.3,16118.8,16340.8,26988
2022-10-21 20:00:00+00:00,16342.8,16379.8,16325.8,16361.3,5920
2022-10-24 04:00:00+00:00,15872.6,16004.1,15396.5,15412.5,22378
2022-10-24 08:00:00+00:00,15434.0,15464.5,15085.5,15122.5,24992
2022-10-24 12:00:00+00:00,15144.5,15262.5,15129.0,15255.0,12327
2022-10-24 16:00:00+00:00,15254.5,15254.5,14789.0,15052.5,23934
2022-10-24 20:00:00+00:00,15054.0,15105.5,15014.0,15096.0,5592
2022-10-25 04:00:00+00:00,15123.8,15440.3,14950.8,15311.3,25450
2022-10-25 08:00:00+00:00,15277.8,15309.8,15084.8,15175.3,21806
2022-10-25 12:00:00+00:00,15136.3,15250.3,15057.8,15120.3,7910
2022-10-25 16:00:00+00:00,15119.8,15287.3,15118.8,15165.3,15054
2022-10-25 20:00:00+00:00,15165.8,15205.8,15142.8,15178.8,5399
2022-10-26 04:00:00+00:00,15092.6,15588.4,15045.6,15506.4,19170
2022-10-26 08:00:00+00:00,15483.9,15524.9,15216.9,15332.4,18280
2022-10-26 12:00:00+00:00,15307.9,15307.9,15211.9,15245.4,8642
2022-10-26 16:00:00+00:00,15246.4,15734.4,15234.4,15614.9,19690
2022-10-26 20:00:00+00:00,15615.4,15688.9,15584.9,15647.4,7375
2022-10-27 04:00:00+00:00,15669.4,15836.9,15576.3,15596.3,19393
2022-10-27 08:00:00+00:00,15586.3,15664.8,15410.3,15469.8,19443
2022-10-27 12:00:00+00:00,15438.3,15491.8,15372.8,15479.3,8241
2022-10-27 16:00:00+00:00,15479.8,15593.3,15377.8,15495.8,19378
2022-10-27 20:00:00+00:00,15495.3,15526.3,15431.3,15433.8,3913
2022-10-28 04:00:00+00:00,15387.6,15454.1,15074.1,15093.1,19036
2022-10-28 08:00:00+00:00,15056.1,15077.1,14781.1,14865.1,20419
2022-10-28 12:00:00+00:00,14863.6,14956.1,14847.6,14899.1,10758
2022-10-28 16:00:00+00:00,14898.6,14940.1,14832.6,14930.6,17975
2022-10-28 20:00:00+00:00,14931.6,14993.6,14922.6,14993.6,4474
2022-10-31 04:00:00+00:00,14795.3,15038.8,14605.3,15013.8,20412
2022-10-31 08:00:00+00:00,15003.8,15124.8,14596.8,14624.3,19787
2022-10-31 12:00:00+00:00,14617.8,14666.3,14602.3,14645.3,8047
2022-10-31 16:00:00+00:00,14643.8,14822.3,14641.3,14752.3,18793
2022-10-31 20:00:00+00:00,14753.3,14791.8,14738.8,14761.8,6012
2022-11-01 04:00:00+00:00,14827.1,15302.2,14798.6,15040.7,19324
2022-11-01 08:00:00+00:00,15005.7,15626.2,15003.2,15439.2,24930
2022-11-01 12:00:00+00:00,15404.2,15495.2,15395.7,15493.7,7509
2022-11-01 16:00:00+00:00,15494.2,15536.2,15308.2,15385.2,20442
2022-11-01 20:00:00+00:00,15385.7,15413.7,15360.7,15389.2,5186
2022-11-02 04:00:00+00:00,15296.5,15815.0,15268.0,15716.0,20314
2022-11-02 08:00:00+00:00,15737.5,15870.0,15716.0,15814.5,6480
2022-11-03 04:00:00+00:00,15463.5,15616.0,15282.4,15367.4,17254
2022-11-03 08:00:00+00:00,15342.4,15459.4,15288.9,15298.9,16472
2022-11-03 12:00:00+00:00,15314.9,15339.9,15200.9,15215.4,7252
2022-11-03 16:00:00+00:00,15214.9,15565.9,15204.4,15518.9,18404
2022-11-03 20:00:00+00:00,15517.9,15550.9,15503.9,15528.9,4523
2022-11-04 04:00:00+00:00,15471.2,16278.0,15399.7,16197.0,20275
2022-11-04 08:00:00+00:00,16371.0,16520.0,16098.5,16167.5,23654
2022-11-04 12:00:00+00:00,16207.0,16425.5,16164.0,16379.5,7411
2022-11-04 16:00:00+00:00,16378.0,16529.5,16202.5,16352.5,14900
2022-11-04 20:00:00+00:00,16352.0,16464.0,16333.5,16456.5,3158
2022-11-07 00:00:00+00:00,15976.8,16549.8,15912.8,16476.3,7087
2022-11-07 04:00:00+00:00,16474.3,16824.7,16265.8,16567.2,22650
2022-11-07 08:00:00+00:00,16565.2,16706.2,16530.7,16631.2,14001
2022-11-07 12:00:00+00:00,16631.7,16758.2,16619.7,16706.7,7496
2022-11-07 16:00:00+00:00,16707.2,16746.7,16501.2,16547.2,14474
2022-11-07 20:00:00+00:00,16548.2,16565.7,16536.7,16563.7,1779
2022-11-08 00:00:00+00:00,16538.6,16720.6,16469.6,16575.6,6551
2022-11-08 04:00:00+00:00,16573.6,16637.3,16424.4,16463.9,17206
2022-11-08 08:00:00+00:00,16462.9,16604.9,16430.4,16599.9,11623
2022-11-08 12:00:00+00:00,16599.4,16603.9,16538.4,16565.4,7008
2022-11-08 16:00:00+00:00,16564.9,16685.9,16435.4,16674.9,13953
2022-11-08 20:00:00+00:00,16675.9,16689.9,16574.9,16584.9,3044
2022-11-09 00:00:00+00:00,16479.3,16741.8,16473.3,16505.3,6020
2022-11-09 04:00:00+00:00,16504.8,16601.8,16245.0,16316.0,18285
2022-11-09 08:00:00+00:00,16317.0,16403.5,16211.5,16299.5,12797
2022-11-09 12:00:00+00:00,16300.0,16321.5,16231.0,16245.5,8915
2022-11-09 16:00:00+00:00,16246.0,16292.0,16146.0,16167.0,15397
2022-11-09 20:00:00+00:00,16166.0,16178.0,16085.5,16107.5,2868
2022-11-10 00:00:00+00:00,16108.3,16154.8,15941.8,16040.8,5960
2022-11-10 04:00:00+00:00,16040.3,16105.8,15926.8,16010.3,17301
2022-11-10 08:00:00+00:00,16011.3,16114.3,15984.3,16093.3,12346
2022-11-10 12:00:00+00:00,16094.3,16559.3,16022.3,16527.3,10551
2022-11-10 16:00:00+00:00,16529.3,16860.8,16505.8,16768.8,13122
2022-11-10 20:00:00+00:00,16767.8,16823.8,16759.8,16814.3,1644
2022-11-11 00:00:00+00:00,17014.1,17190.6,16835.6,16838.1,7305
2022-11-11 04:00:00+00:00,16838.6,17320.4,16838.6,17279.4,19926
2022-11-11 08:00:00+00:00,17275.4,17474.9,17169.9,17458.9,17556
2022-11-11 12:00:00+00:00,17460.9,17510.9,17360.4,17487.4,7349
2022-11-11 16:00:00+00:00,17485.9,17604.9,17401.4,17555.4,15758
2022-11-11 20:00:00+00:00,17554.9,17586.9,17533.4,17533.4,2011
2022-11-14 00:00:00+00:00,17903.7,18183.7,17694.2,17741.7,6803
2022-11-14 04:00:00+00:00,17742.2,17934.9,17571.4,17573.9,20732
2022-11-14 08:00:00+00:00,17579.4,17679.9,17530.9,17599.4,14184
2022-11-14 12:00:00+00:00,17599.9,17798.9,17547.4,17752.9,6650
2022-11-14 16:00:00+00:00,17750.9,17800.4,17612.4,17721.9,13251
2022-11-14 20:00:00+00:00,17720.9,17774.4,17717.9,17771.4,1606
2022-11-15 00:00:00+00:00,17690.9,17990.4,17565.4,17931.4,6862
2022-11-15 04:00:00+00:00,17936.4,18367.6,17869.4,18178.6,24672
2022-11-15 08:00:00+00:00,18175.6,18368.1,18142.6,18239.1,15175
2022-11-15 12:00:00+00:00,18243.1,18431.6,18239.6,18392.6,9614
2022-11-15 16:00:00+00:00,18396.1,18479.1,18264.6,18410.6,20199
2022-11-15 20:00:00+00:00,18411.6,18428.6,18204.1,18251.6,5420
2022-11-16 00:00:00+00:00,18139.7,18367.2,18096.2,18199.2,7027
2022-11-16 04:00:00+00:00,18205.2,18424.2,18037.6,18153.1,21943
2022-11-16 08:00:00+00:00,18152.1,18298.6,18095.6,18264.6,14583
2022-11-16 12:00:00+00:00,18266.1,18305.6,18191.6,18217.1,9362
2022-11-16 16:00:00+00:00,18222.6,18229.1,18000.1,18090.6,16188
2022-11-16 20:00:00+00:00,18091.1,18103.6,18046.1,18052.6,2510
2022-11-17 00:00:00+00:00,18001.2,18132.7,17899.2,17911.2,6294
2022-11-17 04:00:00+00:00,17909.2,17996.5,17712.0,17854.5,19518
2022-11-17 08:00:00+00:00,17853.5,18223.0,17827.5,17942.5,16663
2022-11-17 12:00:00+00:00,17943.0,17976.5,17733.0,17733.0,11360
2022-11-17 16:00:00+00:00,17731.0,18350.5,17725.5,18347.5,18740
2022-11-17 20:00:00+00:00,18345.5,18388.0,18339.0,18364.5,2693
2022-11-18 00:00:00+00:00,18371.7,18388.7,18158.7,18260.2,6346
2022-11-18 04:00:00+00:00,18260.7,18378.7,18035.1,18085.1,20123
2022-11-18 08:00:00+00:00,18086.6,18113.6,17901.6,18008.6,14468
2022-11-18 12:00:00+00:00,18006.1,18084.6,17968.6,18047.6,8225
2022-11-18 16:00:00+00:00,18046.6,18052.6,17874.1,17917.1,15904
2022-11-18 20:00:00+00:00,17916.6,17962.1,17913.1,17917.6,2512
2022-11-21 00:00:00+00:00,17662.9,17684.4,17382.9,17446.9,6621
2022-11-21 04:00:00+00:00,17446.4,17756.9,17406.9,17755.4,18271
2022-11-21 08:00:00+00:00,17756.4,17757.4,17594.9,17637.9,13493
2022-11-21 12:00:00+00:00,17638.9,17683.9,17625.4,17657.9,6352
2022-11-21 16:00:00+00:00,17657.4,17751.4,17570.9,17602.4,16298
2022-11-21 20:00:00+00:00,17601.9,17655.9,17589.4,17590.4,2549
2022-11-22 00:00:00+00:00,17587.6,17771.6,17542.6,17622.1,6058
2022-11-22 04:00:00+00:00,17619.6,17702.0,17401.0,17415.0,19586
2022-11-22 08:00:00+00:00,17414.0,17575.0,17297.0,17558.5,14807
2022-11-22 12:00:00+00:00,17558.0,17560.5,17458.6,17464.1,6606
2022-11-22 16:00:00+00:00,17466.1,17571.6,17371.6,17515.1,13631
2022-11-22 20:00:00+00:00,17515.6,17535.6,17506.6,17512.6,1541
2022-11-23 00:00:00+00:00,17505.9,17550.9,17378.4,17462.4,6215
2022-11-23 04:00:00+00:00,17461.4,17652.0,17379.0,17572.0,19912
2022-11-23 08:00:00+00:00,17570.0,17630.0,17506.0,17576.0,11246
2022-11-23 12:00:00+00:00,17575.0,17679.5,17542.0,17622.0,6542
2022-11-23 16:00:00+00:00,17622.5,17721.5,17591.0,17606.0,13364
2022-11-23 20:00:00+00:00,17605.5,17651.0,17595.5,17633.0,1990
2022-11-24 00:00:00+00:00,17716.9,17766.9,17614.4,17641.4,5774
2022-11-24 04:00:00+00:00,17639.4,17689.9,17515.1,17636.1,16469
2022-11-24 08:00:00+00:00,17634.6,17699.6,17598.1,17670.1,10346
2022-11-24 12:00:00+00:00,17669.1,17694.6,17638.6,17690.6,3718
2022-11-24 16:00:00+00:00,17692.6,17722.6,17677.1,17715.1,3565
2022-11-24 20:00:00+00:00,17714.1,17733.1,17708.6,17710.6,217
2022-11-25 00:00:00+00:00,17679.5,17701.5,17421.0,17443.0,5596
2022-11-25 04:00:00+00:00,17443.5,17581.4,17402.5,17516.5,15550
2022-11-25 08:00:00+00:00,17517.0,17640.0,17490.0,17575.5,10977
2022-11-25 12:00:00+00:00,17576.0,17610.5,17520.5,17534.0,4478
2022-11-25 16:00:00+00:00,17535.5,17537.5,17453.5,17463.5,9934
2022-11-25 20:00:00+00:00,17464.0,17497.5,17449.0,17462.5,687
2022-11-28 00:00:00+00:00,16940.2,17017.7,16831.7,16979.7,6779
2022-11-28 04:00:00+00:00,16981.7,17291.1,16896.7,17181.8,18664
2022-11-28 08:00:00+00:00,17182.3,17357.8,17176.8,17314.8,13236
2022-11-28 12:00:00+00:00,17313.3,17391.3,17304.8,17370.3,5758
2022-11-28 16:00:00+00:00,17369.8,17677.3,17319.8,17551.8,12601
2022-11-28 20:00:00+00:00,17551.3,17569.8,17537.8,17538.8,1330
2022-11-29 00:00:00+00:00,17517.2,17709.2,17513.7,17694.2,6509
2022-11-29 04:00:00+00:00,17695.2,18078.5,17676.7,18046.0,19768
2022-11-29 08:00:00+00:00,18046.5,18270.5,17909.0,18232.5,16189
2022-11-29 12:00:00+00:00,18232.0,18293.5,18198.5,18221.0,7567
2022-11-29 16:00:00+00:00,18218.5,18328.5,18187.0,18234.5,14606
2022-11-29 20:00:00+00:00,18235.0,18237.0,18177.5,18215.0,2093
2022-11-30 00:00:00+00:00,18161.2,18394.2,18060.7,18228.2,6415
2022-11-30 04:00:00+00:00,18226.2,18424.2,18121.2,18229.2,17753
2022-11-30 08:00:00+00:00,18235.7,18705.7,18196.7,18698.7,17084
2022-11-30 12:00:00+00:00,18698.2,18753.2,18660.2,18674.7,7092
2022-11-30 16:00:00+00:00,18673.7,18891.2,18666.7,18801.7,14717
2022-11-30 20:00:00+00:00,18801.2,18973.2,18800.2,18968.2,3825
2022-12-01 00:00:00+00:00,19055.1,19227.1,18895.6,18896.6,7073
2022-12-01 04:00:00+00:00,18898.6,18984.6,18777.6,18837.6,20862
2022-12-01 08:00:00+00:00,18837.1,18922.6,18670.6,18730.1,14371
2022-12-01 12:00:00+00:00,18730.6,18819.1,18684.1,18794.1,6671
2022-12-01 16:00:00+00:00,18792.6,18931.6,18715.1,18814.1,17092
2022-12-01 20:00:00+00:00,18812.6,18843.6,18788.1,18790.6,2826
2022-12-02 00:00:00+00:00,18702.9,18823.4,18654.9,18729.4,5950
2022-12-02 04:00:00+00:00,18733.9,18834.9,18536.6,18696.6,18215
2022-12-02 08:00:00+00:00,18697.1,18759.1,18657.6,18714.9,12159
2022-12-02 12:00:00+00:00,18712.9,18766.9,18457.4,18580.4,7521
2022-12-02 16:00:00+00:00,18579.4,19183.9,18543.9,19107.9,17991
2022-12-02 20:00:00+00:00,19108.9,19135.9,19067.9,19110.4,2078
2022-12-05 00:00:00+00:00,19307.7,19327.7,19026.2,19228.7,6766
2022-12-05 04:00:00+00:00,19230.7,19391.9,19212.2,19359.9,19854
2022-12-05 08:00:00+00:00,19357.9,19541.9,19290.9,19470.9,15217
2022-12-05 12:00:00+00:00,19470.4,19476.9,19330.4,19334.4,6278
2022-12-05 16:00:00+00:00,19335.4,19351.4,19079.4,19096.4,15331
2022-12-05 20:00:00+00:00,19096.9,19111.9,19053.9,19053.9,2136
2022-12-06 00:00:00+00:00,19153.0,19492.5,19142.0,19367.5,6408
2022-12-06 04:00:00+00:00,19370.5,19578.5,19248.7,19346.7,20676
2022-12-06 08:00:00+00:00,19347.2,19524.2,19223.2,19476.7,13816
2022-12-06 12:00:00+00:00,19474.2,19507.7,19420.7,19449.7,6026
2022-12-06 16:00:00+00:00,19451.7,19504.2,19280.7,19392.7,15377
2022-12-06 20:00:00+00:00,19392.2,19400.7,19340.2,19359.7,2736
2022-12-07 00:00:00+00:00,19381.5,19566.5,19331.5,19503.5,5929
2022-12-07 04:00:00+00:00,19502.5,19745.3,19384.3,19405.3,21874
2022-12-07 08:00:00+00:00,19408.3,19417.8,18688.3,18734.8,20578
2022-12-07 12:00:00+00:00,18733.3,18892.3,18726.8,18886.8,7893
2022-12-07 16:00:00+00:00,18888.8,19088.3,18847.8,19060.3,17544
2022-12-07 20:00:00+00:00,19060.8,19070.3,19013.8,19013.8,2564
2022-12-08 00:00:00+00:00,18960.8,19158.8,18909.8,19158.8,6638
2022-12-08 04:00:00+00:00,19156.8,19406.6,19069.8,19364.1,20622
2022-12-08 08:00:00+00:00,19365.6,19512.6,19281.6,19458.0,13823
2022-12-08 12:00:00+00:00,19460.5,19477.5,19372.0,19441.5,5879
2022-12-08 16:00:00+00:00,19442.0,19588.5,19359.0,19494.5,15413
2022-12-08 20:00:00+00:00,19495.0,19558.5,19481.5,19539.5,2305
2022-12-09 00:00:00+00:00,19439.1,19719.6,19421.1,19545.1,6424
2022-12-09 04:00:00+00:00,19545.6,19877.0,19390.6,19836.5,21197
2022-12-09 08:00:00+00:00,19839.5,19937.0,19760.0,19846.1,14624
2022-12-09 12:00:00+00:00,19846.6,19859.1,19709.6,19747.1,6943
2022-12-09 16:00:00+00:00,19746.6,19768.1,19644.1,19654.1,16621
2022-12-09 20:00:00+00:00,19653.6,19653.6,19588.6,19631.6,2623
2022-12-12 00:00:00+00:00,19574.0,19735.5,19566.5,19694.0,6463
2022-12-12 04:00:00+00:00,19692.5,19693.5,19445.5,19511.6,18583
2022-12-12 08:00:00+00:00,19508.6,19536.1,19362.1,19472.6,13651
2022-12-12 12:00:00+00:00,19474.1,19517.6,19470.1,19491.6,3834
2022-12-12 16:00:00+00:00,19434.5,19463.6,19224.1,19346.1,13569
2022-12-12 20:00:00+00:00,19345.1,19356.1,19307.6,19316.1,2442
2022-12-13 00:00:00+00:00,19417.2,19565.7,19365.2,19524.7,6138
2022-12-13 04:00:00+00:00,19527.2,19713.5,19474.5,19620.5,19351
2022-12-13 08:00:00+00:00,19619.5,19671.9,19384.9,19481.4,13648
2022-12-13 12:00:00+00:00,19480.9,19869.4,19423.4,19841.4,9306
2022-12-13 16:00:00+00:00,19841.9,20118.9,19618.4,19685.9,17879
2022-12-13 20:00:00+00:00,19683.9,19735.9,19600.4,19621.9,2477
2022-12-14 00:00:00+00:00,19753.0,19887.5,19679.5,19766.5,6172
2022-12-14 04:00:00+00:00,19770.0,19851.5,19533.0,19697.5,19614
2022-12-14 08:00:00+00:00,19696.0,19773.5,19649.4,19671.9,13007
2022-12-14 12:00:00+00:00,19672.9,19688.9,19606.4,19630.4,5815
2022-12-14 16:00:00+00:00,19629.9,19754.4,19556.9,19678.9,13277
2022-12-14 20:00:00+00:00,19679.4,19747.4,19676.4,19710.9,2187
2022-12-15 00:00:00+00:00,19642.0,19681.5,19231.5,19307.5,6136
2022-12-15 04:00:00+00:00,19309.5,19499.6,19256.6,19433.2,17684
2022-12-15 08:00:00+00:00,19434.2,19525.7,19288.7,19350.2,13141
2022-12-15 12:00:00+00:00,19349.7,19656.7,19273.7,19648.2,9595
2022-12-15 16:00:00+00:00,19645.7,19801.7,19242.2,19248.2,16843
2022-12-15 20:00:00+00:00,19248.7,19261.2,19218.7,19251.2,1973
2022-12-16 00:00:00+00:00,19274.7,19363.7,19122.7,19136.7,6213
2022-12-16 04:00:00+00:00,19136.2,19640.8,19128.2,19469.8,20706
2022-12-16 08:00:00+00:00,19470.8,19538.8,19242.8,19305.8,14305
2022-12-16 12:00:00+00:00,19304.8,19440.8,19273.3,19435.3,8505
2022-12-16 16:00:00+00:00,19435.8,19490.3,19297.8,19360.3,16662
2022-12-16 20:00:00+00:00,19359.8,19399.3,19325.8,19335.3,2207
2022-12-19 00:00:00+00:00,19565.8,19800.8,19441.8,19527.8,6454
2022-12-19 04:00:00+00:00,19528.8,19592.3,19285.0,19335.5,18993
2022-12-19 08:00:00+00:00,19334.5,19463.0,19265.0,19396.5,12685
2022-12-19 12:00:00+00:00,19397.0,19441.5,19390.5,19392.5,4933
2022-12-19 16:00:00+00:00,19390.5,19412.0,19198.0,19264.5,13159
2022-12-19 20:00:00+00:00,19265.0,19286.5,19226.0,19239.0,2074
2022-12-20 00:00:00+00:00,19230.9,19232.4,19011.4,19167.9,6082
2022-12-20 04:00:00+00:00,19170.9,19300.1,18892.1,19003.6,21112
2022-12-20 08:00:00+00:00,19001.6,19183.6,18992.6,19159.1,14494
2022-12-20 12:00:00+00:00,19159.6,19160.6,19053.1,19083.1,6149
2022-12-20 16:00:00+00:00,19083.6,19257.1,19052.6,19103.1,15537
2022-12-20 20:00:00+00:00,19104.1,19144.6,19101.6,19121.6,2596
2022-12-21 00:00:00+00:00,19190.0,19267.5,19129.5,19167.5,5677
2022-12-21 04:00:00+00:00,19168.0,19241.1,19061.6,19128.1,15670
2022-12-21 08:00:00+00:00,19127.1,19196.6,19057.6,19191.6,9841
2022-12-21 12:00:00+00:00,19193.1,19209.6,19145.6,19179.6,4493
2022-12-21 16:00:00+00:00,19178.6,19362.6,19135.1,19358.6,11592
2022-12-21 20:00:00+00:00,19359.1,19403.6,19349.6,19391.6,1863
2022-12-22 00:00:00+00:00,19481.0,19641.5,19446.5,19608.5,6319
2022-12-22 04:00:00+00:00,19607.5,19752.3,19605.3,19628.3,16530
2022-12-22 08:00:00+00:00,19628.8,19793.8,19559.8,19698.8,12014
2022-12-22 12:00:00+00:00,19699.3,19699.3,19564.8,19581.8,5508
2022-12-22 16:00:00+00:00,19581.3,19590.8,19291.8,19328.8,12756
2022-12-22 20:00:00+00:00,19328.3,19328.3,19237.3,19243.8,2090
2022-12-23 00:00:00+00:00,19332.2,19667.2,19292.2,19624.2,5943
2022-12-23 04:00:00+00:00,19624.7,19678.7,19492.3,19558.3,15944
2022-12-23 08:00:00+00:00,19559.3,19683.8,19505.3,19525.3,11223
2022-12-23 12:00:00+00:00,19525.8,19654.3,19522.8,19583.3,5613
2022-12-23 16:00:00+00:00,19583.8,19588.3,19367.3,19415.8,14649
2022-12-23 20:00:00+00:00,19416.3,19426.8,19392.3,19393.3,2122
2022-12-28 00:00:00+00:00,19780.8,20042.9,19766.3,20007.4,5927
2022-12-28 04:00:00+00:00,20009.9,20135.9,19827.4,19870.9,16424
2022-12-28 08:00:00+00:00,19870.4,20045.4,19836.9,19972.4,11858
2022-12-28 12:00:00+00:00,19972.9,20053.4,19971.9,20001.4,3542
2022-12-28 16:00:00+00:00,20001.9,20010.9,19628.4,19728.4,11803
2022-12-28 20:00:00+00:00,19727.4,19744.9,19668.4,19679.9,1852
2022-12-29 00:00:00+00:00,19612.3,19776.3,19539.3,19609.3,5563
2022-12-29 04:00:00+00:00,19607.8,19755.5,19573.8,19674.5,14527
2022-12-29 08:00:00+00:00,19676.5,19812.0,19669.0,19790.5,8535
2022-12-29 12:00:00+00:00,19792.0,19842.0,19776.5,19834.0,3428
2022-12-29 16:00:00+00:00,19835.0,20048.0,19793.5,19989.5,11680
2022-12-29 20:00:00+00:00,19988.0,19996.5,19973.5,19973.5,1623
2022-12-30 00:00:00+00:00,19952.3,20103.8,19935.8,19963.8,6044
2022-12-30 04:00:00+00:00,19966.8,19971.3,19805.8,19871.8,16464
2022-12-30 08:00:00+00:00,19873.8,19884.3,19769.8,19824.8,10146
2022-12-30 12:00:00+00:00,19826.3,19827.8,19706.8,19739.8,4990
2022-12-30 16:00:00+00:00,19738.3,19867.3,19637.3,19678.8,13241
2022-12-30 20:00:00+00:00,19680.8,19680.8,19620.3,19636.8,2325
2023-01-03 00:00:00+00:00,19654.1,19664.1,19272.1,19539.6,6700
2023-01-03 04:00:00+00:00,19541.1,20165.7,19523.6,20137.7,20234
2023-01-03 08:00:00+00:00,20138.7,20239.7,20085.7,20230.2,13331
2023-01-03 12:00:00+00:00,20231.7,20246.7,20096.2,20161.2,6773
2023-01-03 16:00:00+00:00,20160.7,20401.2,20134.2,20194.7,14421
2023-01-03 20:00:00+00:00,20194.2,20266.7,20180.7,20265.2,2010
2023-01-04 00:00:00+00:00,20304.4,20419.4,20243.9,20397.9,6152
2023-01-04 04:00:00+00:00,20399.9,20649.1,20376.4,20592.1,17683
2023-01-04 08:00:00+00:00,20591.6,20894.6,20586.1,20814.1,13239
2023-01-04 12:00:00+00:00,20815.6,20892.6,20793.6,20892.6,5653
2023-01-04 16:00:00+00:00,20893.1,21344.6,20838.6,21288.6,15683
2023-01-04 20:00:00+00:00,21289.6,21317.1,21230.1,21231.1,2241
2023-01-05 00:00:00+00:00,21247.3,21411.8,21178.3,21238.8,6760
2023-01-05 04:00:00+00:00,21242.3,21248.8,20968.3,21081.8,20154
2023-01-05 08:00:00+00:00,21080.8,21193.3,21007.8,21171.3,12700
2023-01-05 12:00:00+00:00,21171.8,21238.3,21080.3,21110.3,6947
2023-01-05 16:00:00+00:00,21109.8,21309.3,21064.8,21276.3,17358
2023-01-05 20:00:00+00:00,21277.3,21345.8,21268.8,21320.3,3216
2023-01-06 00:00:00+00:00,21238.8,21314.8,21064.3,21097.3,6279
2023-01-06 04:00:00+00:00,21097.8,21309.3,20879.8,20906.8,18966
2023-01-06 08:00:00+00:00,20910.3,21114.3,20906.8,21006.8,13323
2023-01-06 12:00:00+00:00,21009.3,21216.8,20959.3,21159.8,6733
2023-01-06 16:00:00+00:00,21157.8,21398.3,21006.8,21315.3,17961
2023-01-06 20:00:00+00:00,21316.8,21352.3,21312.8,21342.8,2180
2023-01-09 00:00:00+00:00,21415.3,21415.3,21224.3,21394.8,6721
2023-01-09 04:00:00+00:00,21392.3,21506.8,21273.8,21342.3,17834
2023-01-09 08:00:00+00:00,21341.8,21511.3,21332.8,21479.8,12257
2023-01-09 12:00:00+00:00,21481.3,21510.3,21419.3,21486.8,6122
2023-01-09 16:00:00+00:00,21487.3,21540.3,21348.8,21449.8,14904
2023-01-09 20:00:00+00:00,21450.3,21454.8,21348.3,21397.3,2362
2023-01-10 00:00:00+00:00,21376.8,21462.8,21244.8,21316.8,6147
2023-01-10 04:00:00+00:00,21322.8,21419.8,21199.8,21342.8,17436
2023-01-10 08:00:00+00:00,21345.3,21429.8,21263.3,21401.8,11051
2023-01-10 12:00:00+00:00,21400.8,21420.8,21336.8,21415.8,6153
2023-01-10 16:00:00+00:00,21415.3,21489.8,21299.8,21448.3,15941
2023-01-10 20:00:00+00:00,21447.8,21528.8,21445.3,21528.8,1950
2023-01-11 00:00:00+00:00,21487.3,21689.8,21407.8,21656.3,6182
2023-01-11 04:00:00+00:00,21658.3,21705.8,21527.8,21597.8,16879
2023-01-11 08:00:00+00:00,21600.8,21635.8,21349.8,21497.8,13516
2023-01-11 12:00:00+00:00,21498.3,21559.3,21480.8,21533.8,5378
2023-01-11 16:00:00+00:00,21534.8,21678.8,21506.8,21676.8,13919
2023-01-11 20:00:00+00:00,21676.3,21716.3,21670.8,21708.3,2613
2023-01-12 00:00:00+00:00,21633.3,21692.8,21540.8,21688.8,5836
2023-01-12 04:00:00+00:00,21686.8,21710.8,21244.8,21460.8,20324
2023-01-12 08:00:00+00:00,21459.8,21590.3,21316.8,21550.3,12559
2023-01-12 12:00:00+00:00,21549.8,21728.3,21432.8,21715.3,7895
2023-01-12 16:00:00+00:00,21715.8,21718.3,21452.8,21673.3,15472
2023-01-12 20:00:00+00:00,21672.8,21696.8,21614.3,21684.3,2420
2023-01-13 00:00:00+00:00,21659.6,21671.6,21500.1,21574.1,6387
2023-01-13 04:00:00+00:00,21573.6,21621.1,21474.6,21581.6,16601
2023-01-13 08:00:00+00:00,21582.1,21790.6,21577.1,21739.1,12746
2023-01-13 12:00:00+00:00,21738.1,21775.1,21637.1,21681.1,7265
2023-01-13 16:00:00+00:00,21681.6,21857.1,21657.6,21815.1,15022
2023-01-13 20:00:00+00:00,21816.1,21847.6,21799.1,21820.6,1917
2023-01-16 00:00:00+00:00,21839.7,21889.2,21733.2,21848.7,5941
2023-01-16 04:00:00+00:00,21850.7,21956.7,21659.2,21683.2,18848
2023-01-16 08:00:00+00:00,21688.2,21756.7,21595.2,21638.2,13458
2023-01-16 12:00:00+00:00,21638.7,21680.7,21629.2,21643.7,4165
2023-01-16 16:00:00+00:00,21644.2,21650.2,21599.7,21625.7,3842
2023-01-16 20:00:00+00:00,21625.2,21625.2,21601.2,21622.7,325
2023-01-17 00:00:00+00:00,21662.6,21803.1,21529.6,21540.1,5900
2023-01-17 04:00:00+00:00,21536.1,21705.1,21421.1,21467.1,16700
2023-01-17 08:00:00+00:00,21466.1,21623.1,21458.6,21614.6,10345
2023-01-17 12:00:00+00:00,21614.1,21652.6,21567.6,21590.1,5656
2023-01-17 16:00:00+00:00,21592.1,21667.6,21514.6,21558.6,13356
2023-01-17 20:00:00+00:00,21559.1,21588.6,21555.1,21581.6,1625
2023-01-18 00:00:00+00:00,21513.5,21588.0,21424.5,21558.0,5477
2023-01-18 04:00:00+00:00,21556.5,21713.6,21490.6,21626.6,16796
2023-01-18 08:00:00+00:00,21627.1,21750.6,21563.1,21678.6,10689
2023-01-18 12:00:00+00:00,21679.6,21735.6,21649.6,21731.1,5903
2023-01-18 16:00:00+00:00,21730.6,21805.1,21471.1,21485.1,14907
2023-01-18 20:00:00+00:00,21484.6,21517.1,21455.1,21506.6,2234
2023-01-19 00:00:00+00:00,21497.9,21607.9,21369.4,21421.9,5665
2023-01-19 04:00:00+00:00,21422.9,21753.7,21409.9,21677.2,15965
2023-01-19 08:00:00+00:00,21678.2,21680.2,21556.2,21594.2,10081
2023-01-19 12:00:00+00:00,21596.2,21616.2,21523.7,21611.7,6033
2023-01-19 16:00:00+00:00,21608.7,21774.2,21590.2,21748.2,14987
2023-01-19 20:00:00+00:00,21748.7,21823.2,21747.7,21802.2,2847
2023-01-20 00:00:00+00:00,21834.5,21904.5,21753.0,21811.5,5629
2023-01-20 04:00:00+00:00,21818.0,21998.6,21739.5,21972.6,14965
2023-01-20 08:00:00+00:00,21973.1,22063.1,21899.6,21963.6,10960
2023-01-20 12:00:00+00:00,21959.6,22001.1,21942.6,21965.6,5302
2023-01-20 16:00:00+00:00,21965.1,22136.1,21946.1,22102.6,11812
2023-01-20 20:00:00+00:00,22120.6,22198.1,22097.6,22188.1,2245
2023-01-26 00:00:00+00:00,22399.7,22490.2,22352.7,22379.2,5495
2023-01-26 04:00:00+00:00,22379.7,22498.9,22349.9,22480.4,12892
2023-01-26 08:00:00+00:00,22481.4,22582.4,22455.9,22507.9,9854
2023-01-26 12:00:00+00:00,22509.4,22590.9,22502.9,22578.9,5520
2023-01-26 16:00:00+00:00,22579.9,22667.9,22522.9,22601.9,16306
2023-01-26 20:00:00+00:00,22600.9,22636.4,22579.9,22631.9,2456
2023-01-27 00:00:00+00:00,22612.1,22671.1,22481.1,22493.6,4492
2023-01-27 04:00:00+00:00,22496.6,22617.6,22478.6,22600.1,10269
2023-01-27 08:00:00+00:00,22602.1,22677.6,22582.6,22642.1,7297
2023-01-27 12:00:00+00:00,22642.6,22693.6,22638.1,22664.6,3863
2023-01-27 16:00:00+00:00,22666.1,22704.1,22546.7,22654.7,8880
2023-01-27 20:00:00+00:00,22655.2,22675.2,22641.2,22660.2,1066
2023-01-30 00:00:00+00:00,22545.7,22660.7,22479.2,22538.5,6234
2023-01-30 04:00:00+00:00,22539.5,22600.0,22192.5,22222.5,18499
2023-01-30 08:00:00+00:00,22221.5,22248.0,22012.0,22142.0,15526
2023-01-30 12:00:00+00:00,22141.5,22179.5,22131.5,22154.0,5847
2023-01-30 16:00:00+00:00,22153.5,22220.0,22031.5,22140.0,14542
2023-01-30 20:00:00+00:00,22138.0,22179.5,22128.0,22131.0,2434
2023-01-31 00:00:00+00:00,22130.1,22298.1,22080.1,22087.1,6288
2023-01-31 04:00:00+00:00,22084.1,22188.1,21716.6,21722.1,18865
2023-01-31 08:00:00+00:00,21721.1,21894.1,21643.6,21825.6,12549
2023-01-31 12:00:00+00:00,21827.6,21873.6,21781.6,21864.6,6561
2023-01-31 16:00:00+00:00,21865.1,21940.1,21736.1,21873.1,13513
2023-01-31 20:00:00+00:00,21872.6,21876.6,21846.1,21866.1,1509
2023-02-01 00:00:00+00:00,21972.2,21972.2,21816.7,21917.2,5934
2023-02-01 04:00:00+00:00,21918.2,21984.2,21711.7,21981.7,18047
2023-02-01 08:00:00+00:00,21981.2,22077.2,21967.2,21988.2,11741
2023-02-01 12:00:00+00:00,21994.7,22067.7,21982.2,22038.7,5365
2023-02-01 16:00:00+00:00,22039.2,22154.7,21948.2,21964.2,12639
2023-02-01 20:00:00+00:00,21964.7,22002.2,21956.2,21984.7,1838
2023-02-02 00:00:00+00:00,22202.8,22311.3,22080.8,22225.3,5997
2023-02-02 04:00:00+00:00,22225.8,22250.3,21984.3,22008.3,16449
2023-02-02 08:00:00+00:00,22007.3,22098.3,21925.8,21984.3,11169
2023-02-02 12:00:00+00:00,21984.8,21991.8,21917.8,21972.3,6792
2023-02-02 16:00:00+00:00,21975.8,22018.8,21759.3,21809.3,14995
2023-02-02 20:00:00+00:00,21811.3,21875.8,21804.8,21872.3,2085
2023-02-03 00:00:00+00:00,21760.8,21836.3,21547.8,21592.8,6142
2023-02-03 04:00:00+00:00,21595.8,21650.4,21462.9,21589.4,16871
2023-02-03 08:00:00+00:00,21592.9,21711.4,21586.4,21695.9,11571
2023-02-03 12:00:00+00:00,21694.9,21756.9,21587.9,21609.9,7514
2023-02-03 16:00:00+00:00,21609.4,21715.9,21465.4,21508.9,15562
2023-02-03 20:00:00+00:00,21507.9,21513.9,21443.9,21499.9,2894
2023-02-06 00:00:00+00:00,21361.1,21384.6,21128.6,21318.6,6640
2023-02-06 04:00:00+00:00,21314.6,21346.6,21084.6,21277.1,17643
2023-02-06 08:00:00+00:00,21276.6,21282.6,21144.6,21174.1,11924
2023-02-06 12:00:00+00:00,21175.1,21178.1,21111.6,21123.6,6043
2023-02-06 16:00:00+00:00,21123.1,21240.6,21026.1,21186.6,14574
2023-02-06 20:00:00+00:00,21186.1,21233.1,21167.6,21222.1,2347
2023-02-07 00:00:00+00:00,21286.1,21445.1,21272.1,21426.6,5752
2023-02-07 04:00:00+00:00,21429.1,21517.8,21276.8,21316.3,15589
2023-02-07 08:00:00+00:00,21316.8,21354.3,21256.8,21330.3,9969
2023-02-07 12:00:00+00:00,21329.3,21338.8,21246.3,21254.8,4776
2023-02-07 16:00:00+00:00,21254.3,21330.8,21144.3,21298.8,14212
2023-02-07 20:00:00+00:00,21299.3,21322.3,21080.3,21125.3,5909
2023-02-08 00:00:00+00:00,21307.7,21463.2,21202.7,21295.7,6145
2023-02-08 04:00:00+00:00,21296.7,21412.2,21184.2,21332.2,16927
2023-02-08 08:00:00+00:00,21333.2,21346.2,21196.7,21222.7,10287
2023-02-08 12:00:00+00:00,21223.2,21249.7,21199.2,21229.2,6530
2023-02-08 16:00:00+00:00,21228.7,21262.7,21055.2,21120.7,16362
2023-02-08 20:00:00+00:00,21121.7,21158.7,21115.7,21130.7,3197
2023-02-09 00:00:00+00:00,21117.1,21418.6,21108.6,21366.1,5754
2023-02-09 04:00:00+00:00,21363.1,21552.4,21318.9,21521.4,15636
2023-02-09 08:00:00+00:00,21523.4,21705.4,21520.4,21699.9,12966
2023-02-09 12:00:00+00:00,21700.4,21707.9,21626.4,21673.4,6165
2023-02-09 16:00:00+00:00,21674.4,21716.9,21518.4,21570.4,16027
2023-02-09 20:00:00+00:00,21569.4,21583.4,21536.9,21575.4,3183
2023-02-10 00:00:00+00:00,21544.8,21589.8,21440.8,21470.8,5780
2023-02-10 04:00:00+00:00,21472.3,21492.3,21146.7,21256.7,16831
2023-02-10 08:00:00+00:00,21259.2,21261.2,21103.2,21110.7,12342
2023-02-10 12:00:00+00:00,21112.2,21162.7,21056.2,21141.7,8752
2023-02-10 16:00:00+00:00,21142.2,21187.2,21000.7,21075.2,16551
2023-02-10 20:00:00+00:00,21074.7,21102.2,21034.2,21034.2,2556
2023-02-13 00:00:00+00:00,20910.5,21050.0,20791.5,20983.0,6527
2023-02-13 04:00:00+00:00,20983.5,21181.7,20916.5,21107.7,17085
2023-02-13 08:00:00+00:00,21104.7,21230.7,21059.2,21179.2,10721
2023-02-13 12:00:00+00:00,21179.7,21240.7,21173.7,21202.7,5092
2023-02-13 16:00:00+00:00,21203.2,21310.7,21150.7,21288.2,13064
2023-02-13 20:00:00+00:00,21288.7,21325.2,21275.2,21317.7,1743
2023-02-14 00:00:00+00:00,21279.9,21279.9,21080.9,21108.4,5452
2023-02-14 04:00:00+00:00,21107.9,21242.0,21058.0,21147.0,13970
2023-02-14 08:00:00+00:00,21146.5,21156.7,21073.2,21113.2,9257
2023-02-14 12:00:00+00:00,21112.7,21270.7,21074.7,21139.2,7945
2023-02-14 16:00:00+00:00,21139.7,21204.2,20952.2,21081.2,20687
2023-02-14 20:00:00+00:00,21082.2,21145.7,21074.7,21092.7,3579
2023-02-15 00:00:00+00:00,21117.5,21137.5,20767.5,20777.0,5981
2023-02-15 04:00:00+00:00,20775.0,20907.7,20717.2,20788.2,15186
2023-02-15 08:00:00+00:00,20786.2,20853.2,20741.2,20831.7,10229
2023-02-15 12:00:00+00:00,20830.2,20842.7,20737.7,20757.7,5933
2023-02-15 16:00:00+00:00,20757.2,20861.7,20738.2,20801.7,14762
2023-02-15 20:00:00+00:00,20802.2,20845.7,20793.7,20836.7,1811
2023-02-16 00:00:00+00:00,20924.4,21106.4,20888.4,21039.9,5568
2023-02-16 04:00:00+00:00,21039.4,21317.5,20998.9,21202.0,15026
2023-02-16 08:00:00+00:00,21202.5,21203.5,20919.0,20943.0,13705
2023-02-16 12:00:00+00:00,20943.5,20956.0,20803.5,20842.0,6726
2023-02-16 16:00:00+00:00,20841.0,21037.0,20782.5,20990.5,15930
2023-02-16 20:00:00+00:00,20992.0,21035.5,20985.5,21024.0,2805
2023-02-17 00:00:00+00:00,20932.2,21069.7,20849.2,20935.7,5848
2023-02-17 04:00:00+00:00,20937.2,20959.2,20803.1,20837.1,15373
2023-02-17 08:00:00+00:00,20837.6,20863.1,20619.6,20649.1,11615
2023-02-17 12:00:00+00:00,20648.6,20651.1,20577.6,20628.1,6399
2023-02-17 16:00:00+00:00,20627.6,20646.6,20502.1,20507.1,14104
2023-02-17 20:00:00+00:00,20506.6,20519.1,20486.1,20516.1,1838
2023-02-20 00:00:00+00:00,20615.6,20784.1,20589.1,20677.1,5970
2023-02-20 04:00:00+00:00,20673.1,20904.3,20646.6,20878.3,16240
2023-02-20 08:00:00+00:00,20877.8,20979.8,20836.5,20851.0,10964
2023-02-20 12:00:00+00:00,20850.5,20907.0,20834.5,20894.5,3488
2023-02-20 16:00:00+00:00,20895.0,20901.0,20854.0,20876.0,3700
2023-02-20 20:00:00+00:00,20875.0,20894.0,20875.0,20894.0,104
2023-02-21 00:00:00+00:00,20833.9,20953.9,20736.9,20815.9,5812
2023-02-21 04:00:00+00:00,20812.9,20868.2,20520.7,20554.2,17913
2023-02-21 08:00:00+00:00,20552.7,20640.7,20482.2,20553.2,12191
2023-02-21 12:00:00+00:00,20554.7,20558.7,20509.7,20533.2,6578
2023-02-21 16:00:00+00:00,20532.2,20647.2,20480.2,20523.7,14308
2023-02-21 20:00:00+00:00,20521.7,20524.2,20471.2,20476.7,1923
2023-02-22 00:00:00+00:00,20464.8,20575.8,20381.8,20426.8,6097
2023-02-22 04:00:00+00:00,20427.8,20624.5,20342.8,20474.5,16142
2023-02-22 08:00:00+00:00,20477.0,20487.5,20328.0,20424.0,10252
2023-02-22 12:00:00+00:00,20425.5,20488.0,20413.0,20424.5,6417
2023-02-22 16:00:00+00:00,20424.0,20456.0,20278.0,20300.5,13527
2023-02-22 20:00:00+00:00,20300.0,20310.5,20274.0,20290.5,1736
2023-02-23 00:00:00+00:00,20365.6,20520.6,20319.1,20440.1,5782
2023-02-23 04:00:00+00:00,20439.6,20589.8,20304.3,20347.3,15552
2023-02-23 08:00:00+00:00,20348.3,20381.3,20290.3,20313.3,10630
2023-02-23 12:00:00+00:00,20313.8,20436.3,20297.8,20390.8,7024
2023-02-23 16:00:00+00:00,20391.3,20445.3,20041.8,20102.3,15746
2023-02-23 20:00:00+00:00,20101.8,20115.8,20058.8,20087.8,2352
2023-02-24 00:00:00+00:00,20141.8,20231.8,20069.8,20130.3,5401
2023-02-24 04:00:00+00:00,20127.8,20132.3,19996.6,20062.1,13882
2023-02-24 08:00:00+00:00,20059.1,20112.6,19931.1,19979.6,10283
2023-02-24 12:00:00+00:00,19979.1,19988.6,19803.1,19830.6,5042
2023-02-24 16:00:00+00:00,19831.1,19860.6,19666.1,19670.1,12936
2023-02-24 20:00:00+00:00,19669.6,19730.6,19666.1,19724.6,1432
2023-02-27 00:00:00+00:00,19787.8,20050.3,19750.3,19980.3,6315
2023-02-27 04:00:00+00:00,19979.3,20094.6,19846.6,19856.6,17471
2023-02-27 08:00:00+00:00,19858.6,20004.6,19846.6,19951.6,12083
2023-02-27 12:00:00+00:00,19952.1,20036.1,19949.1,20021.1,5060
2023-02-27 16:00:00+00:00,20020.6,20030.1,19925.6,19984.6,12203
2023-02-27 20:00:00+00:00,19985.1,19993.1,19967.6,19978.1,1424
2023-02-28 00:00:00+00:00,20033.2,20204.2,20024.2,20092.7,5755
2023-02-28 04:00:00+00:00,20091.7,20167.1,19808.1,19853.1,16360
2023-02-28 08:00:00+00:00,19856.1,19973.1,19741.1,19800.6,12624
2023-02-28 12:00:00+00:00,19804.1,19851.1,19801.1,19845.6,4966
2023-02-28 16:00:00+00:00,19846.1,19950.6,19800.1,19893.6,13483
2023-02-28 20:00:00+00:00,19893.1,19895.6,19867.1,19886.1,1751
2023-03-01 00:00:00+00:00,19869.8,20209.8,19826.8,20209.8,6032
2023-03-01 04:00:00+00:00,20209.3,20505.4,20165.8,20462.9,17313
2023-03-01 08:00:00+00:00,20464.4,20676.9,20464.4,20606.9,13219
2023-03-01 12:00:00+00:00,20606.4,20630.9,20565.4,20573.4,6776
2023-03-01 16:00:00+00:00,20572.9,20599.4,20441.9,20454.9,15658
2023-03-01 20:00:00+00:00,20455.4,20458.9,20433.4,20447.4,1947
2023-03-02 00:00:00+00:00,20362.6,20461.1,20305.6,20402.6,6344
2023-03-02 04:00:00+00:00,20404.1,20541.4,20390.1,20457.4,16229
2023-03-02 08:00:00+00:00,20459.4,20482.4,20394.4,20458.4,10309
2023-03-02 12:00:00+00:00,20457.9,20470.4,20381.4,20388.9,7430
2023-03-02 16:00:00+00:00,20389.4,20624.4,20376.4,20602.4,14207
2023-03-02 20:00:00+00:00,20603.4,20643.9,20598.4,20623.4,2015
2023-03-03 00:00:00+00:00,20718.6,20768.6,20553.6,20598.1,5679
2023-03-03 04:00:00+00:00,20598.6,20641.6,20487.1,20608.1,14370
2023-03-03 08:00:00+00:00,20607.6,20704.1,20525.1,20552.1,10351
2023-03-03 12:00:00+00:00,20552.6,20592.1,20529.1,20581.1,4082
2023-03-03 16:00:00+00:00,20581.6,20638.1,20552.1,20609.6,11585
2023-03-03 20:00:00+00:00,20611.1,20644.1,20605.1,20640.6,1021
2023-03-06 00:00:00+00:00,20473.7,20624.2,20330.7,20478.7,6584
2023-03-06 04:00:00+00:00,20477.2,20684.4,20401.2,20674.9,16379
2023-03-06 08:00:00+00:00,20674.4,20710.4,20551.4,20572.9,9755
2023-03-06 12:00:00+00:00,20572.4,20623.4,20565.4,20605.9,4901
2023-03-06 16:00:00+00:00,20605.4,20721.9,20544.9,20681.4,10363
2023-03-06 20:00:00+00:00,20682.9,20682.9,20616.4,20621.4,1819
2023-03-07 00:00:00+00:00,20582.1,20701.1,20527.1,20602.1,5568
2023-03-07 04:00:00+00:00,20602.6,21027.1,20543.6,20574.6,19075
2023-03-07 08:00:00+00:00,20574.1,20599.1,20346.1,20531.6,14522
2023-03-07 12:00:00+00:00,20531.1,20536.1,20494.1,20516.6,4490
2023-03-07 16:00:00+00:00,20517.6,20523.6,20279.6,20343.6,17720
2023-03-07 20:00:00+00:00,20342.1,20348.6,20274.1,20279.1,2025
2023-03-08 00:00:00+00:00,20216.3,20271.3,20013.3,20020.3,6108
2023-03-08 04:00:00+00:00,20017.8,20119.3,19952.5,19960.5,15791
2023-03-08 08:00:00+00:00,19962.0,20091.0,19946.5,20029.0,11502
2023-03-08 12:00:00+00:00,20030.5,20051.5,20007.0,20034.5,5370
2023-03-08 16:00:00+00:00,20033.5,20097.5,19992.5,20041.0,14491
2023-03-08 20:00:00+00:00,20041.5,20047.5,20004.0,20004.5,2073
2023-03-09 00:00:00+00:00,20019.8,20085.3,19934.3,20070.3,5847
2023-03-09 04:00:00+00:00,20071.8,20145.3,19967.3,20118.3,16113
2023-03-09 08:00:00+00:00,20119.3,20146.8,19856.8,19861.3,11440
2023-03-09 12:00:00+00:00,19860.8,19900.8,19819.3,19874.8,6534
2023-03-09 16:00:00+00:00,19876.8,19896.3,19660.8,19665.8,13621
2023-03-09 20:00:00+00:00,19666.3,19674.3,19611.3,19623.8,2445
2023-03-10 00:00:00+00:00,19524.6,19651.1,19409.6,19434.1,6566
2023-03-10 04:00:00+00:00,19430.1,19550.9,19365.0,19440.0,17909
2023-03-10 08:00:00+00:00,19441.0,19453.0,19232.5,19335.0,13483
2023-03-10 12:00:00+00:00,19335.5,19360.5,19255.0,19330.5,8143
2023-03-10 16:00:00+00:00,19331.0,19464.5,19239.5,19367.0,21631
2023-03-10 20:00:00+00:00,19367.5,19381.5,19266.5,19273.0,2884
2023-03-13 04:00:00+00:00,19424.9,19793.5,19330.4,19744.5,21557
2023-03-13 08:00:00+00:00,19696.5,19751.5,19594.5,19599.5,17895
2023-03-13 12:00:00+00:00,19514.0,19529.5,19296.0,19360.0,17513
2023-03-13 16:00:00+00:00,19359.0,19547.5,19312.0,19437.5,26265
2023-03-13 20:00:00+00:00,19438.0,19551.5,19419.0,19528.0,8725
2023-03-14 04:00:00+00:00,19471.3,19638.3,19180.1,19335.6,20258
2023-03-14 08:00:00+00:00,19334.6,19403.1,19104.1,19230.6,18825
2023-03-14 12:00:00+00:00,19213.1,19389.6,19158.6,19373.1,10034
2023-03-14 16:00:00+00:00,19371.6,19577.1,19356.1,19515.1,16003
2023-03-14 20:00:00+00:00,19516.6,19524.6,19461.1,19514.6,6719
2023-03-15 04:00:00+00:00,19543.8,19748.3,19453.0,19482.5,18255
2023-03-15 08:00:00+00:00,19476.0,19591.5,19413.0,19576.5,16753
2023-03-15 12:00:00+00:00,19545.5,19545.5,19084.5,19122.0,15729
2023-03-15 16:00:00+00:00,19120.5,19181.5,18993.5,19037.5,21881
2023-03-15 20:00:00+00:00,19037.0,19180.0,19029.5,19176.5,9146
2023-03-16 04:00:00+00:00,19301.1,19380.4,19083.1,19230.4,19102
2023-03-16 08:00:00+00:00,19258.4,19305.4,19102.4,19121.9,16850
2023-03-16 12:00:00+00:00,19101.9,19125.9,19044.4,19066.9,9427
2023-03-16 16:00:00+00:00,19067.9,19323.4,19026.4,19322.9,20351
2023-03-16 20:00:00+00:00,19323.4,19348.9,19258.4,19323.9,6273
2023-03-17 04:00:00+00:00,19393.9,19603.6,19300.9,19543.6,18202
2023-03-17 08:00:00+00:00,19573.6,19582.6,19399.6,19562.6,16946
2023-03-17 12:00:00+00:00,19568.6,19611.6,19365.6,19382.6,8910
2023-03-17 16:00:00+00:00,19383.6,19436.6,19157.1,19224.1,18050
2023-03-17 20:00:00+00:00,19224.6,19267.6,19197.6,19201.6,5672
2023-03-20 04:00:00+00:00,19395.8,19407.3,18976.9,19015.9,16757
2023-03-20 08:00:00+00:00,19009.4,19047.9,18827.4,18903.9,18752
2023-03-20 12:00:00+00:00,19014.4,19069.4,18948.9,19047.9,9753
2023-03-20 16:00:00+00:00,19047.4,19255.9,19002.4,19172.9,15867
2023-03-20 20:00:00+00:00,19173.9,19196.9,19138.4,19161.4,4364
2023-03-21 04:00:00+00:00,19169.0,19216.5,19020.1,19061.6,16284
2023-03-21 08:00:00+00:00,19031.1,19288.6,19012.6,19262.1,16509
2023-03-21 12:00:00+00:00,19248.1,19371.9,19243.1,19365.4,5004
2023-03-21 16:00:00+00:00,19364.9,19472.4,19285.9,19317.9,13245
2023-03-21 20:00:00+00:00,19318.4,19384.9,19312.9,19380.9,3036
2023-03-22 04:00:00+00:00,19426.2,19775.7,19413.7,19640.6,15832
2023-03-22 08:00:00+00:00,19648.6,19667.1,19541.6,19589.1,13547
2023-03-22 12:00:00+00:00,19611.6,19674.6,19590.1,19674.1,4554
2023-03-22 16:00:00+00:00,19673.6,19734.1,19614.6,19657.1,10183
2023-03-22 20:00:00+00:00,19657.6,19835.1,19633.1,19817.6,7028
2023-03-23 04:00:00+00:00,19554.4,19791.0,19504.4,19743.5,16902
2023-03-23 08:00:00+00:00,19746.5,20063.5,19735.5,20024.5,17763
2023-03-23 12:00:00+00:00,20004.0,20036.0,19939.0,20013.5,6004
2023-03-23 16:00:00+00:00,20014.0,20210.5,20004.5,20051.5,12283
2023-03-23 20:00:00+00:00,20053.5,20058.5,19831.5,19835.0,5801
2023-03-24 04:00:00+00:00,19855.3,20117.8,19831.8,20000.7,16981
2023-03-24 08:00:00+00:00,19981.7,20007.2,19846.7,19894.2,15240
2023-03-24 12:00:00+00:00,19868.7,19868.7,19645.2,19737.7,10411
2023-03-24 16:00:00+00:00,19739.7,19863.7,19699.2,19821.2,17868
2023-03-24 20:00:00+00:00,19820.7,19875.7,19810.7,19846.2,5355
2023-03-27 04:00:00+00:00,19863.5,19941.3,19492.8,19826.3,20091
2023-03-27 08:00:00+00:00,19791.3,19833.3,19524.3,19596.8,17820
2023-03-27 12:00:00+00:00,19596.3,19666.3,19569.8,19633.8,5047
2023-03-27 16:00:00+00:00,19634.8,19674.8,19522.8,19577.3,11897
2023-03-27 20:00:00+00:00,19576.8,19639.3,19566.8,19635.3,3548
2023-03-28 04:00:00+00:00,19666.5,19797.0,19547.5,19696.5,16167
2023-03-28 08:00:00+00:00,19667.0,19886.0,19656.5,19775.5,15741
2023-03-28 12:00:00+00:00,19890.0,20032.5,19809.5,19971.0,6912
2023-03-28 16:00:00+00:00,19970.5,20146.5,19969.0,20131.0,14288
2023-03-28 20:00:00+00:00,20132.5,20162.5,20089.0,20141.5,4153
2023-03-29 04:00:00+00:00,20263.7,20552.7,20134.7,20167.7,16737
2023-03-29 08:00:00+00:00,20182.2,20260.7,20127.7,20244.2,15247
2023-03-29 12:00:00+00:00,20245.2,20277.7,20185.7,20208.7,3896
2023-03-29 16:00:00+00:00,20208.2,20342.2,20134.2,20299.7,9217
2023-03-29 20:00:00+00:00,20300.2,20324.7,20285.7,20311.2,2890
2023-03-30 04:00:00+00:00,20249.4,20309.9,20009.9,20066.9,16194
2023-03-30 08:00:00+00:00,20078.4,20346.4,20077.9,20307.9,16776
2023-03-30 12:00:00+00:00,20321.9,20464.4,20272.9,20442.9,5940
2023-03-30 16:00:00+00:00,20442.4,20596.9,20419.4,20566.4,15066
2023-03-30 20:00:00+00:00,20566.9,20566.9,20480.9,20526.9,3897
2023-03-31 04:00:00+00:00,20592.6,20741.4,20444.4,20491.4,17644
2023-03-31 08:00:00+00:00,20473.9,20517.9,20357.4,20441.4,14198
2023-03-31 12:00:00+00:00,20454.9,20511.9,20398.4,20420.9,5215
2023-03-31 16:00:00+00:00,20421.9,20497.9,20366.4,20403.4,10370
2023-03-31 20:00:00+00:00,20402.9,20410.4,20308.4,20314.4,2399
2023-04-03 04:00:00+00:00,20267.1,20481.1,20241.6,20286.2,17148
2023-04-03 08:00:00+00:00,20297.7,20447.2,20217.7,20414.2,15097
2023-04-03 12:00:00+00:00,20429.7,20472.2,20421.2,20449.2,3891
2023-04-03 16:00:00+00:00,20451.2,20518.7,20387.2,20418.7,11946
2023-04-03 20:00:00+00:00,20417.7,20436.2,20388.2,20421.7,3096
2023-04-04 04:00:00+00:00,20414.7,20426.2,20115.7,20286.1,16247
2023-04-04 08:00:00+00:00,20264.6,20361.1,20180.6,20261.6,14201
2023-04-04 12:00:00+00:00,20267.1,20312.1,20266.6,20289.1,4188
2023-04-04 16:00:00+00:00,20288.6,20375.6,20262.1,20299.1,13872
2023-04-04 20:00:00+00:00,20299.6,20413.1,20293.6,20383.1,3234
2023-04-06 04:00:00+00:00,20188.9,20351.5,20027.9,20252.0,16596
2023-04-06 08:00:00+00:00,20240.5,20338.0,20143.5,20271.0,13789
2023-04-06 12:00:00+00:00,20284.0,20328.0,20267.0,20280.0,4145
2023-04-06 16:00:00+00:00,20279.0,20522.0,20233.0,20492.5,11052
2023-04-06 20:00:00+00:00,20493.0,20551.0,20471.5,20538.0,2819
2023-04-11 04:00:00+00:00,20575.5,20777.5,20334.5,20353.0,18639
2023-04-11 08:00:00+00:00,20356.5,20534.5,20299.5,20518.0,14782
2023-04-11 12:00:00+00:00,20545.0,20567.0,20503.0,20534.0,3914
2023-04-11 16:00:00+00:00,20534.5,20590.5,20481.5,20506.5,11323
2023-04-11 20:00:00+00:00,20506.0,20522.0,20481.0,20493.5,2272
2023-04-12 04:00:00+00:00,20516.1,20542.1,20295.2,20364.7,15995
2023-04-12 08:00:00+00:00,20362.2,20388.7,20247.2,20333.7,14407
2023-04-12 12:00:00+00:00,20339.7,20419.7,20298.7,20362.2,4967
2023-04-12 16:00:00+00:00,20363.2,20400.2,20084.7,20148.7,14387
2023-04-12 20:00:00+00:00,20149.7,20175.7,20032.2,20041.7,4697
2023-04-13 04:00:00+00:00,19945.2,20277.2,19867.7,20216.2,16830
2023-04-13 08:00:00+00:00,20216.2,20363.3,20138.7,20345.3,14517
2023-04-13 12:00:00+00:00,20343.3,20398.8,20306.8,20395.3,5244
2023-04-13 16:00:00+00:00,20396.3,20447.8,20350.3,20421.3,12140
2023-04-13 20:00:00+00:00,20421.8,20461.3,20418.3,20444.8,2407
2023-04-14 04:00:00+00:00,20512.4,20512.4,20294.3,20348.8,15889
2023-04-14 08:00:00+00:00,20330.3,20473.8,20302.3,20417.8,12809
2023-04-14 12:00:00+00:00,20398.8,20462.3,20357.3,20376.8,5476
2023-04-14 16:00:00+00:00,20376.3,20423.8,20222.8,20236.8,13673
2023-04-14 20:00:00+00:00,20235.8,20291.8,20235.3,20286.8,3873
2023-04-17 04:00:00+00:00,20285.0,20575.5,20267.5,20564.0,15609
2023-04-17 08:00:00+00:00,20545.0,20880.0,20514.5,20758.0,17326
2023-04-17 12:00:00+00:00,20768.5,20788.0,20671.0,20671.0,4778
2023-04-17 16:00:00+00:00,20670.5,20679.5,20556.5,20614.5,11372
2023-04-17 20:00:00+00:00,20616.0,20654.5,20606.0,20650.0,2275
2023-04-18 04:00:00+00:00,20628.6,20753.6,20583.8,20626.3,15812
2023-04-18 08:00:00+00:00,20627.8,20669.3,20549.3,20636.8,12384
2023-04-18 12:00:00+00:00,20716.3,20757.8,20689.8,20730.8,3937
2023-04-18 16:00:00+00:00,20732.3,20734.8,20555.3,20578.8,10865
2023-04-18 20:00:00+00:00,20577.8,20593.8,20543.8,20546.3,2859
2023-04-19 04:00:00+00:00,20575.9,20615.9,20381.4,20543.8,14164
2023-04-19 08:00:00+00:00,20535.8,20544.3,20291.8,20304.8,14099
2023-04-19 12:00:00+00:00,20285.8,20350.3,20274.3,20325.3,5135
2023-04-19 16:00:00+00:00,20327.3,20388.5,20284.8,20385.5,9347
2023-04-19 20:00:00+00:00,20384.5,20398.5,20361.5,20380.5,2450
2023-04-20 04:00:00+00:00,20344.6,20469.4,20287.9,20406.9,15860
2023-04-20 08:00:00+00:00,20376.9,20467.9,20316.4,20375.9,13436
2023-04-20 12:00:00+00:00,20345.9,20398.9,20302.9,20389.4,4643
2023-04-20 16:00:00+00:00,20387.9,20466.4,20294.4,20310.4,9517
2023-04-20 20:00:00+00:00,20311.9,20320.4,20237.9,20240.4,2801
2023-04-21 04:00:00+00:00,20286.1,20376.6,20188.1,20254.8,15771
2023-04-21 08:00:00+00:00,20234.8,20234.8,19964.8,20021.8,16452
2023-04-21 12:00:00+00:00,20015.3,20052.8,19983.8,20038.8,5111
2023-04-21 16:00:00+00:00,20039.3,20055.3,19902.8,19999.3,11446
2023-04-21 20:00:00+00:00,19999.8,20039.3,19990.3,20002.8,2612
2023-04-24 04:00:00+00:00,19990.7,20144.7,19897.5,19962.0,16869
2023-04-24 08:00:00+00:00,19943.0,19971.5,19736.5,19914.0,17101
2023-04-24 12:00:00+00:00,19918.5,19961.5,19886.5,19909.5,4070
2023-04-24 16:00:00+00:00,19910.0,19919.0,19788.0,19819.5,10376
2023-04-24 20:00:00+00:00,19819.0,19840.5,19807.5,19828.0,2223
2023-04-25 04:00:00+00:00,19864.7,19928.7,19604.7,19623.2,16741
2023-04-25 08:00:00+00:00,19623.7,19645.7,19529.7,19571.2,17481
2023-04-25 12:00:00+00:00,19586.2,19621.7,19557.7,19568.7,4620
2023-04-25 16:00:00+00:00,19566.2,19570.2,19431.2,19436.2,10532
2023-04-25 20:00:00+00:00,19436.7,19451.7,19364.2,19378.2,3554
2023-04-26 04:00:00+00:00,19519.7,19780.7,19496.2,19730.7,16508
2023-04-26 08:00:00+00:00,19727.7,19913.2,19691.2,19736.2,15272
2023-04-26 12:00:00+00:00,19731.7,19845.7,19667.2,19825.2,7175
2023-04-26 16:00:00+00:00,19826.2,19878.7,19708.7,19756.7,11675
2023-04-26 20:00:00+00:00,19756.2,19766.7,19693.1,19699.6,3303
2023-04-27 04:00:00+00:00,19732.9,19804.1,19643.5,19739.6,15043
2023-04-27 08:00:00+00:00,19756.6,19884.4,19692.9,19796.4,15021
2023-04-27 12:00:00+00:00,19797.9,19827.4,19765.4,19799.9,4880
2023-04-27 16:00:00+00:00,19801.4,19933.4,19752.9,19914.9,9419
2023-04-27 20:00:00+00:00,19915.4,20005.9,19907.9,19991.4,2336
2023-04-28 04:00:00+00:00,19964.1,20176.1,19890.6,20001.2,14995
2023-04-28 08:00:00+00:00,19981.7,20038.7,19840.2,19841.2,15019
2023-04-28 12:00:00+00:00,19834.2,19932.2,19828.7,19927.7,5716
2023-04-28 16:00:00+00:00,19928.2,20054.2,19898.2,20049.7,10956
2023-04-28 20:00:00+00:00,20049.2,20060.2,20030.2,20036.7,3221
2023-05-02 04:00:00+00:00,20002.7,20303.7,19752.7,19908.9,15942
2023-05-02 08:00:00+00:00,19944.9,20036.9,19854.4,19890.9,12206
2023-05-02 12:00:00+00:00,19884.9,19912.9,19867.4,19867.4,3780
2023-05-02 16:00:00+00:00,19868.9,19881.9,19603.4,19675.9,12326
2023-05-02 20:00:00+00:00,19676.4,19701.4,19641.4,19676.4,3133
2023-05-03 04:00:00+00:00,19698.9,19722.4,19521.2,19575.2,13646
2023-05-03 08:00:00+00:00,19589.2,19687.0,19543.7,19646.0,10459
2023-05-03 12:00:00+00:00,19649.0,19668.5,19603.0,19612.0,4040
2023-05-03 16:00:00+00:00,19612.5,19693.0,19593.5,19684.5,9049
2023-05-03 20:00:00+00:00,19685.0,19730.5,19649.0,19690.0,5714
2023-05-04 04:00:00+00:00,19662.4,19982.9,19653.9,19902.6,16422
2023-05-04 08:00:00+00:00,19896.6,19989.6,19829.1,19966.1,14462
2023-05-04 12:00:00+00:00,19948.6,19995.1,19872.6,19876.1,6145
2023-05-04 16:00:00+00:00,19875.1,20011.6,19872.6,19926.6,14607
2023-05-04 20:00:00+00:00,19928.1,19975.6,19920.1,19932.6,4317
2023-05-05 04:00:00+00:00,20082.0,20216.3,19965.0,20082.5,16058
2023-05-05 08:00:00+00:00,20070.0,20127.0,19991.5,20026.5,12481
2023-05-05 12:00:00+00:00,20042.0,20042.5,19946.5,19958.5,4918
2023-05-05 16:00:00+00:00,19960.0,20119.5,19953.5,20117.5,9417
2023-05-05 20:00:00+00:00,20118.0,20173.0,20101.0,20172.0,2163
2023-05-08 04:00:00+00:00,20142.9,20281.1,20071.4,20205.1,17284
2023-05-08 08:00:00+00:00,20200.6,20335.1,20180.1,20308.6,13149
2023-05-08 12:00:00+00:00,20290.6,20317.6,20282.1,20297.6,2526
2023-05-08 16:00:00+00:00,20297.1,20338.6,20227.6,20259.6,7852
2023-05-08 20:00:00+00:00,20260.6,20270.6,20231.6,20269.6,2178
2023-05-09 04:00:00+00:00,20250.7,20313.7,20168.7,20204.9,15033
2023-05-09 08:00:00+00:00,20200.9,20244.4,19809.9,19838.9,17766
2023-05-09 12:00:00+00:00,19835.4,19861.9,19773.4,19774.9,3512
2023-05-09 16:00:00+00:00,19779.9,19895.9,19759.4,19877.6,8622
2023-05-09 20:00:00+00:00,19878.1,19923.6,19871.6,19906.6,1749
2023-05-10 04:00:00+00:00,19896.6,19925.1,19688.3,19729.3,15810
2023-05-10 08:00:00+00:00,19740.8,19827.3,19716.8,19761.3,14054
2023-05-10 12:00:00+00:00,19753.8,19853.8,19730.3,19838.3,5169
2023-05-10 16:00:00+00:00,19839.3,19868.3,19731.3,19738.3,11404
2023-05-10 20:00:00+00:00,19737.8,19777.3,19677.3,19771.3,3481
2023-05-11 04:00:00+00:00,19802.9,19899.2,19695.9,19718.4,15578
2023-05-11 08:00:00+00:00,19706.9,19757.4,19553.9,19738.9,15231
2023-05-11 12:00:00+00:00,19736.4,19817.4,19722.4,19725.9,5616
2023-05-11 16:00:00+00:00,19726.4,19806.4,19666.4,19800.9,10922
2023-05-11 20:00:00+00:00,19801.9,19875.9,19798.4,19860.4,3381
2023-05-12 04:00:00+00:00,19859.8,19886.5,19610.6,19712.6,16073
2023-05-12 08:00:00+00:00,19717.1,19717.1,19584.5,19630.0,13092
2023-05-12 12:00:00+00:00,19654.5,19661.5,19602.5,19615.0,3339
2023-05-12 16:00:00+00:00,19617.0,19629.0,19447.1,19452.1,9430
2023-05-12 20:00:00+00:00,19451.6,19488.6,19431.6,19452.6,2938
2023-05-15 04:00:00+00:00,19500.5,19727.0,19456.0,19659.4,15868
2023-05-15 08:00:00+00:00,19648.4,20079.9,19631.9,19992.5,17506
2023-05-15 12:00:00+00:00,19971.0,20004.5,19971.0,19979.0,3004
2023-05-15 16:00:00+00:00,19978.0,20179.5,19914.5,20179.0,8651
2023-05-15 20:00:00+00:00,20179.5,20229.5,20175.0,20220.5,2616
2023-05-16 04:00:00+00:00,20180.8,20226.8,20019.1,20052.2,12952
2023-05-16 08:00:00+00:00,20038.2,20038.2,19880.2,19947.2,11620
2023-05-16 12:00:00+00:00,19964.7,19971.7,19872.2,19872.7,3375
2023-05-16 16:00:00+00:00,19872.2,19980.7,19848.7,19918.7,10257
2023-05-16 20:00:00+00:00,19918.2,19928.7,19884.2,19926.2,2284
2023-05-17 04:00:00+00:00,19954.7,19989.8,19796.1,19858.3,13750
2023-05-17 08:00:00+00:00,19851.8,19867.8,19494.9,19523.4,16026
2023-05-17 12:00:00+00:00,19513.4,19566.4,19487.9,19563.4,3809
2023-05-17 16:00:00+00:00,19563.9,19695.4,19556.9,19668.9,8310
2023-05-17 20:00:00+00:00,19670.4,19733.9,19670.4,19723.4,2182
2023-05-18 04:00:00+00:00,19685.7,19888.2,19616.2,19769.2,16116
2023-05-18 08:00:00+00:00,19750.2,19781.2,19609.8,19706.3,13760
2023-05-18 12:00:00+00:00,19692.3,19760.3,19680.3,19682.8,4300
2023-05-18 16:00:00+00:00,19683.8,19698.3,19484.3,19515.3,12048
2023-05-18 20:00:00+00:00,19515.8,19528.7,19440.7,19486.2,3257
2023-05-19 04:00:00+00:00,19557.0,19602.8,19332.5,19524.3,15710
2023-05-19 08:00:00+00:00,19504.8,19520.6,19398.1,19418.6,12999
2023-05-19 12:00:00+00:00,19444.6,19485.6,19427.1,19469.1,4163
2023-05-19 16:00:00+00:00,19468.6,19492.1,19399.6,19441.6,10563
2023-05-19 20:00:00+00:00,19441.1,19450.6,19409.1,19423.1,2443
2023-05-22 04:00:00+00:00,19469.3,19799.6,19409.3,19703.6,16350
2023-05-22 08:00:00+00:00,19684.1,19811.1,19635.1,19711.6,14399
2023-05-22 12:00:00+00:00,19720.1,19779.6,19692.1,19725.6,3871
2023-05-22 16:00:00+00:00,19726.1,19847.1,19704.1,19757.3,8960
2023-05-22 20:00:00+00:00,19757.8,19772.8,19735.3,19769.8,2052
2023-05-23 04:00:00+00:00,19704.3,19762.8,19536.4,19556.9,14793
2023-05-23 08:00:00+00:00,19546.9,19580.9,19344.9,19425.9,14084
2023-05-23 12:00:00+00:00,19402.9,19413.4,19363.4,19370.4,3682
2023-05-23 16:00:00+00:00,19369.9,19429.4,19326.4,19330.9,8962
2023-05-23 20:00:00+00:00,19331.4,19348.9,19250.4,19272.4,3072
2023-05-24 04:00:00+00:00,19287.1,19291.6,19127.1,19213.6,14679
2023-05-24 08:00:00+00:00,19212.6,19268.6,19014.1,19062.6,15251
2023-05-24 12:00:00+00:00,19081.6,19081.6,18979.6,18984.1,4879
2023-05-24 16:00:00+00:00,18983.6,19009.6,18832.1,18856.6,9093
2023-05-24 20:00:00+00:00,18857.1,18869.1,18823.6,18864.1,2816
2023-05-25 04:00:00+00:00,18919.3,18938.3,18686.8,18693.3,15475
2023-05-25 08:00:00+00:00,18680.8,18746.3,18598.8,18689.8,16270
2023-05-25 12:00:00+00:00,18740.3,18767.3,18696.8,18740.8,4846
2023-05-25 16:00:00+00:00,18739.3,18747.8,18504.3,18528.3,10738
2023-05-25 20:00:00+00:00,18528.8,18583.8,18515.8,18531.3,3116
2023-05-29 04:00:00+00:00,18790.0,18872.6,18640.4,18697.6,14386
2023-05-29 08:00:00+00:00,18693.1,18730.1,18500.1,18524.6,14896
2023-05-30 04:00:00+00:00,18624.7,18679.2,18389.3,18404.3,16242
2023-05-30 08:00:00+00:00,18409.8,18633.5,18394.5,18567.5,14827
2023-05-30 12:00:00+00:00,18576.0,18610.5,18527.0,18530.0,4087
2023-05-30 16:00:00+00:00,18531.5,18540.0,18295.0,18310.5,10668
2023-05-30 20:00:00+00:00,18310.0,18312.5,18262.0,18305.0,2712
2023-05-31 04:00:00+00:00,18325.7,18404.7,18129.7,18171.2,15595
2023-05-31 08:00:00+00:00,18164.2,18302.2,18041.2,18266.2,16065
2023-05-31 12:00:00+00:00,18261.7,18322.7,18239.2,18246.2,4795
2023-05-31 16:00:00+00:00,18245.7,18258.7,18022.2,18103.7,10585
2023-05-31 20:00:00+00:00,18104.2,18245.7,18104.2,18214.7,3315
2023-06-01 04:00:00+00:00,18228.9,18471.2,18157.9,18373.7,17818
2023-06-01 08:00:00+00:00,18367.2,18442.2,18178.2,18214.2,15441
2023-06-01 12:00:00+00:00,18231.7,18251.2,18151.2,18181.7,4217
2023-06-01 16:00:00+00:00,18180.7,18601.7,18173.2,18600.2,10924
2023-06-01 20:00:00+00:00,18599.7,18612.7,18542.2,18553.7,2369
2023-06-02 04:00:00+00:00,18577.8,18887.4,18517.8,18873.4,14855
2023-06-02 08:00:00+00:00,18852.4,19017.9,18831.4,18939.9,15508
2023-06-02 12:00:00+00:00,18993.4,19077.4,18992.4,19021.9,5823
2023-06-02 16:00:00+00:00,19021.4,19201.9,19018.9,19194.9,11899
2023-06-02 20:00:00+00:00,19194.4,19218.4,19145.4,19146.9,2438
2023-06-05 04:00:00+00:00,19091.9,19100.6,18888.9,19053.1,16151
2023-06-05 08:00:00+00:00,19015.6,19125.6,18918.1,19092.1,13410
2023-06-05 12:00:00+00:00,19076.1,19120.6,19041.6,19082.6,3136
2023-06-05 16:00:00+00:00,19083.1,19112.6,18992.1,19106.1,9660
2023-06-05 20:00:00+00:00,19105.6,19115.6,19073.6,19108.6,3174
2023-06-06 04:00:00+00:00,19129.3,19386.3,19039.8,19207.6,17348
2023-06-06 08:00:00+00:00,19209.1,19271.1,19029.6,19071.6,16309
2023-06-06 12:00:00+00:00,19055.1,19100.6,19042.1,19091.6,2936
2023-06-06 16:00:00+00:00,19091.1,19433.1,19077.1,19383.6,10231
2023-06-06 20:00:00+00:00,19383.1,19455.1,19354.1,19434.6,2495
2023-06-07 04:00:00+00:00,19365.7,19404.7,19211.7,19299.8,15760
2023-06-07 08:00:00+00:00,19265.8,19383.3,19190.8,19266.3,14289
2023-06-07 12:00:00+00:00,19282.3,19326.3,19270.3,19302.8,3492
2023-06-07 16:00:00+00:00,19301.3,19429.8,19238.3,19241.3,11273
2023-06-07 20:00:00+00:00,19240.8,19247.3,19205.8,19232.8,3078
2023-06-08 04:00:00+00:00,19235.9,19292.4,19085.4,19164.6,15979
2023-06-08 08:00:00+00:00,19136.6,19350.6,19135.6,19283.0,15126
2023-06-08 12:00:00+00:00,19272.0,19304.0,19224.0,19284.0,4818
2023-06-08 16:00:00+00:00,19284.5,19425.5,19274.0,19422.0,9880
2023-06-08 20:00:00+00:00,19422.5,19446.0,19397.5,19424.5,2673
2023-06-09 04:00:00+00:00,19357.9,19396.9,19214.1,19344.6,14816
2023-06-09 08:00:00+00:00,19339.1,19472.1,19306.6,19379.6,14596
2023-06-09 12:00:00+00:00,19381.1,19408.6,19327.6,19403.6,4702
2023-06-09 16:00:00+00:00,19404.6,19463.6,19348.6,19385.6,11603
2023-06-09 20:00:00+00:00,19386.1,19421.6,19360.1,19364.6,3003
2023-06-12 04:00:00+00:00,19338.0,19432.5,19246.5,19274.0,14513
2023-06-12 08:00:00+00:00,19246.0,19446.0,19239.5,19411.0,15112
2023-06-12 12:00:00+00:00,19436.5,19465.5,19376.0,19394.5,4162
2023-06-12 16:00:00+00:00,19394.0,19397.5,19340.0,19360.0,9560
2023-06-12 20:00:00+00:00,19359.5,19388.5,19344.5,19354.5,2219
2023-06-13 04:00:00+00:00,19357.7,19522.7,19255.7,19492.2,15874
2023-06-13 08:00:00+00:00,19468.2,19582.7,19424.7,19524.2,14410
2023-06-13 12:00:00+00:00,19516.2,19597.2,19489.7,19580.2,5515
2023-06-13 16:00:00+00:00,19581.2,19660.2,19530.2,19583.7,11633
2023-06-13 20:00:00+00:00,19582.7,19586.7,19533.7,19548.7,2817
2023-06-14 04:00:00+00:00,19547.4,19642.9,19456.0,19504.5,14085
2023-06-14 08:00:00+00:00,19506.5,19515.5,19351.5,19419.0,12982
2023-06-14 12:00:00+00:00,19416.5,19471.0,19389.5,19467.5,4409
2023-06-14 16:00:00+00:00,19468.5,19703.5,19468.5,19684.5,10245
2023-06-14 20:00:00+00:00,19683.5,19724.0,19562.5,19699.5,6195
2023-06-15 04:00:00+00:00,19624.1,19688.9,19501.6,19574.6,14593
2023-06-15 08:00:00+00:00,19578.1,19842.6,19552.6,19810.1,15862
2023-06-15 12:00:00+00:00,19791.6,19854.6,19779.6,19854.1,5786
2023-06-15 16:00:00+00:00,19853.1,19960.6,19837.6,19951.6,11876
2023-06-15 20:00:00+00:00,19951.1,19967.6,19926.6,19962.1,2718
2023-06-16 04:00:00+00:00,19940.2,19997.0,19869.2,19976.5,13959
2023-06-16 08:00:00+00:00,19965.0,20174.2,19956.5,20107.2,15864
2023-06-16 12:00:00+00:00,20138.7,20194.2,20131.7,20180.7,4757
2023-06-16 16:00:00+00:00,20180.2,20182.7,19924.7,20013.2,13953
2023-06-16 20:00:00+00:00,20013.7,20015.7,19974.2,19988.2,3087
2023-06-19 04:00:00+00:00,19991.7,20026.2,19720.2,19729.2,13248
2023-06-19 08:00:00+00:00,19726.2,19973.2,19724.2,19898.2,13333
2023-06-19 12:00:00+00:00,19925.7,19974.2,19898.7,19913.2,3136
2023-06-19 16:00:00+00:00,19912.7,19934.7,19881.7,19911.7,3861
2023-06-19 20:00:00+00:00,19911.2,19925.7,19911.2,19912.7,374
2023-06-20 04:00:00+00:00,19866.6,19869.1,19589.3,19613.3,12600
2023-06-20 08:00:00+00:00,19606.8,19666.8,19503.8,19579.3,13087
2023-06-20 12:00:00+00:00,19572.3,19574.3,19529.8,19561.3,3755
2023-06-20 16:00:00+00:00,19560.8,19581.3,19289.3,19343.3,11925
2023-06-20 20:00:00+00:00,19343.8,19365.3,19316.3,19330.3,2971
2023-06-21 04:00:00+00:00,19301.9,19373.4,19188.9,19228.9,14481
2023-06-21 08:00:00+00:00,19213.4,19255.9,19164.9,19243.4,12930
2023-06-21 12:00:00+00:00,19237.4,19252.4,19172.4,19187.9,3907
2023-06-21 16:00:00+00:00,19187.4,19286.4,19136.9,19202.4,12308
2023-06-21 20:00:00+00:00,19201.4,19249.9,19189.9,19235.4,3055
2023-06-23 04:00:00+00:00,19126.9,19201.9,18806.6,18816.1,12254
2023-06-23 08:00:00+00:00,18801.6,18982.6,18778.1,18861.6,11016
2023-06-23 12:00:00+00:00,18866.6,18885.1,18814.6,18815.6,3532
2023-06-23 16:00:00+00:00,18815.1,18824.1,18659.6,18746.1,9471
2023-06-23 20:00:00+00:00,18746.6,18774.6,18722.1,18737.1,2506
2023-06-26 04:00:00+00:00,18778.5,19009.0,18758.4,18866.9,15228
2023-06-26 08:00:00+00:00,18848.9,18858.9,18756.9,18780.9,13125
2023-06-26 12:00:00+00:00,18783.9,18833.9,18770.4,18824.9,3533
2023-06-26 16:00:00+00:00,18823.9,18921.4,18784.9,18864.9,9522
2023-06-26 20:00:00+00:00,18865.9,18878.9,18849.4,18870.9,2777
2023-06-27 04:00:00+00:00,18838.4,19105.9,18806.1,19079.9,13761
2023-06-27 08:00:00+00:00,19085.9,19217.4,19032.9,19136.4,13028
2023-06-27 12:00:00+00:00,19102.4,19130.9,19081.4,19116.4,3970
2023-06-27 16:00:00+00:00,19116.9,19184.4,19092.9,19150.4,10675
2023-06-27 20:00:00+00:00,19150.9,19189.9,19144.9,19189.4,2527
2023-06-28 04:00:00+00:00,19121.6,19244.1,19034.1,19139.6,14209
2023-06-28 08:00:00+00:00,19122.1,19227.6,19092.6,19169.1,12989
2023-06-28 12:00:00+00:00,19158.6,19179.1,19084.6,19101.6,2549
2023-06-28 16:00:00+00:00,19102.1,19124.1,19024.1,19091.6,7697
2023-06-28 20:00:00+00:00,19091.1,19129.1,19086.6,19115.1,2277
2023-06-29 04:00:00+00:00,19156.6,19222.1,18877.8,18901.1,13238
2023-06-29 08:00:00+00:00,18909.1,19003.6,18859.1,18924.1,12311
2023-06-29 12:00:00+00:00,18920.1,18934.6,18833.1,18838.6,4180
2023-06-29 16:00:00+00:00,18839.1,18907.1,18820.6,18870.6,10327
2023-06-29 20:00:00+00:00,18870.1,18880.6,18851.1,18869.6,2336
2023-06-30 04:00:00+00:00,18860.7,19103.2,18840.7,18963.2,13943
2023-06-30 08:00:00+00:00,18977.7,19058.7,18887.7,18912.7,11870
2023-06-30 12:00:00+00:00,18934.7,19023.7,18928.2,19010.2,3701
2023-06-30 16:00:00+00:00,19009.2,19110.2,18990.2,19086.7,8330
2023-06-30 20:00:00+00:00,19088.2,19093.2,19043.2,19051.7,1870
2023-07-03 04:00:00+00:00,19068.7,19321.5,19023.7,19278.0,14049
2023-07-03 08:00:00+00:00,19260.5,19409.0,19241.0,19342.0,12805
2023-07-03 12:00:00+00:00,19336.5,19348.0,19310.5,19336.5,3202
2023-07-03 16:00:00+00:00,19336.0,19412.5,19261.0,19294.5,7642
2023-07-03 20:00:00+00:00,19294.0,19294.5,19277.5,19290.0,667
2023-07-04 04:00:00+00:00,19333.0,19488.0,19267.5,19436.5,12126
2023-07-04 08:00:00+00:00,19418.0,19472.5,19286.5,19454.0,11266
2023-07-04 12:00:00+00:00,19438.5,19448.5,19397.5,19411.5,2332
2023-07-04 16:00:00+00:00,19411.0,19418.5,19370.0,19386.0,3037
2023-07-04 20:00:00+00:00,19386.5,19389.0,19371.5,19371.5,393
2023-07-05 04:00:00+00:00,19331.4,19402.7,19110.7,19149.7,12715
2023-07-05 08:00:00+00:00,19122.7,19200.2,19071.2,19107.7,11681
2023-07-05 12:00:00+00:00,19095.2,19097.2,19043.2,19068.7,3213
2023-07-05 16:00:00+00:00,19068.2,19105.2,19018.2,19029.7,7594
2023-07-05 20:00:00+00:00,19030.2,19057.7,19015.7,19046.2,2188
2023-07-06 04:00:00+00:00,18874.7,18965.9,18467.5,18493.0,16787
2023-07-06 08:00:00+00:00,18525.0,18561.1,18450.6,18490.0,13268
2023-07-06 12:00:00+00:00,18494.5,18546.5,18374.0,18392.5,4699
2023-07-06 16:00:00+00:00,18391.0,18461.0,18299.5,18356.5,9631
2023-07-06 20:00:00+00:00,18358.0,18379.0,18352.5,18373.5,2316
2023-07-07 04:00:00+00:00,18394.8,18422.3,18241.3,18297.3,14795
2023-07-07 08:00:00+00:00,18332.3,18509.3,18307.3,18315.8,14992
2023-07-07 12:00:00+00:00,18344.8,18467.8,18321.8,18390.3,5026
2023-07-07 16:00:00+00:00,18389.8,18712.8,18378.3,18701.8,10942
2023-07-07 20:00:00+00:00,18700.8,18741.8,18692.3,18709.8,2441
2023-07-10 04:00:00+00:00,18691.3,18773.8,18452.3,18491.3,15328
2023-07-10 08:00:00+00:00,18497.3,18506.3,18389.1,18498.1,12185
2023-07-10 12:00:00+00:00,18509.1,18516.1,18467.6,18477.1,3553
2023-07-10 16:00:00+00:00,18477.6,18674.6,18461.6,18632.1,10344
2023-07-10 20:00:00+00:00,18631.6,18650.6,18628.6,18631.6,2320
2023-07-11 04:00:00+00:00,18672.1,18804.7,18556.1,18762.7,13998
2023-07-11 08:00:00+00:00,18770.2,18797.2,18591.7,18609.2,12066
2023-07-11 12:00:00+00:00,18607.7,18675.7,18607.7,18665.7,3741
2023-07-11 16:00:00+00:00,18666.2,18730.7,18535.7,18680.2,9684
2023-07-11 20:00:00+00:00,18680.7,18714.2,18673.7,18705.2,2384
2023-07-12 04:00:00+00:00,18749.0,18935.2,18712.0,18865.7,14050
2023-07-12 08:00:00+00:00,18849.2,18902.2,18744.7,18812.7,11399
2023-07-12 12:00:00+00:00,18816.2,19062.7,18808.7,19028.2,5736
2023-07-12 16:00:00+00:00,19027.7,19169.2,18998.2,19163.2,11653
2023-07-12 20:00:00+00:00,19162.7,19196.2,19142.2,19181.2,2746
2023-07-13 04:00:00+00:00,19160.8,19375.7,19118.4,19338.7,14371
2023-07-13 08:00:00+00:00,19289.2,19373.2,19278.2,19351.2,11645
2023-07-13 12:00:00+00:00,19345.7,19397.2,19320.7,19352.7,4303
2023-07-13 16:00:00+00:00,19352.2,19512.7,19341.2,19509.7,9955
2023-07-13 20:00:00+00:00,19510.7,19550.2,19488.2,19537.2,2513
2023-07-14 04:00:00+00:00,19496.8,19529.3,19369.8,19400.0,13495
2023-07-14 08:00:00+00:00,19392.5,19455.0,19372.5,19407.5,10435
2023-07-14 12:00:00+00:00,19401.0,19403.0,19351.0,19374.0,3399
2023-07-14 16:00:00+00:00,19373.5,19379.0,19240.5,19284.0,10587
2023-07-14 20:00:00+00:00,19283.5,19290.5,19257.5,19289.5,2604
2023-07-18 04:00:00+00:00,19214.8,19352.8,18963.3,18982.6,14472
2023-07-18 08:00:00+00:00,18976.1,19072.1,18976.1,19004.6,10125
2023-07-18 12:00:00+00:00,19004.6,19019.6,18930.1,18961.6,3665
2023-07-18 16:00:00+00:00,18962.1,19017.1,18838.6,18840.1,9899
2023-07-18 20:00:00+00:00,18839.6,18877.1,18784.1,18864.6,2485
2023-07-19 04:00:00+00:00,18874.1,18877.6,18682.5,18757.0,14007
2023-07-19 08:00:00+00:00,18764.5,18999.0,18748.0,18874.5,13944
2023-07-19 12:00:00+00:00,18891.0,19032.0,18886.0,19015.5,4393
2023-07-19 16:00:00+00:00,19017.5,19121.0,18917.5,18944.5,11600
2023-07-19 20:00:00+00:00,18944.0,18951.5,18914.0,18943.0,2902
2023-07-20 04:00:00+00:00,18995.1,19222.6,18892.9,18986.9,14948
2023-07-20 08:00:00+00:00,18974.9,19039.4,18875.4,18925.9,12422
2023-07-20 12:00:00+00:00,18912.9,18966.4,18854.9,18876.4,3923
2023-07-20 16:00:00+00:00,18876.9,18949.9,18826.9,18914.4,9583
2023-07-20 20:00:00+00:00,18914.9,18947.4,18891.4,18909.9,2698
2023-07-21 04:00:00+00:00,18911.1,19180.3,18873.3,19062.0,14105
2023-07-21 08:00:00+00:00,19049.5,19085.5,18923.0,19039.5,11027
2023-07-21 12:00:00+00:00,19028.5,19089.0,19027.0,19052.0,4158
2023-07-21 16:00:00+00:00,19051.5,19078.5,18953.0,18980.0,9531
2023-07-21 20:00:00+00:00,18978.5,18981.0,18930.5,18931.0,1969
2023-07-24 04:00:00+00:00,18830.0,18948.5,18650.5,18784.2,15015
2023-07-24 08:00:00+00:00,18796.7,18816.2,18531.9,18658.4,13682
2023-07-24 12:00:00+00:00,18672.4,18752.9,18669.4,18741.9,4294
2023-07-24 16:00:00+00:00,18742.9,19297.4,18688.9,19216.9,13855
2023-07-24 20:00:00+00:00,19217.4,19218.9,19163.9,19168.4,2270
2023-07-25 04:00:00+00:00,19202.0,19344.0,19122.0,19283.0,16407
2023-07-25 08:00:00+00:00,19267.0,19493.5,19264.0,19482.5,14596
2023-07-25 12:00:00+00:00,19475.5,19532.0,19466.5,19519.5,3903
2023-07-25 16:00:00+00:00,19519.0,19594.0,19324.5,19347.0,10516
2023-07-25 20:00:00+00:00,19346.5,19397.0,19337.0,19370.0,1963
2023-07-26 04:00:00+00:00,19352.1,19420.6,19254.3,19301.3,13489
2023-07-26 08:00:00+00:00,19308.8,19413.8,19273.3,19368.8,12241
2023-07-26 12:00:00+00:00,19339.8,19358.8,19283.3,19292.8,4466
2023-07-26 16:00:00+00:00,19294.3,19545.8,19265.8,19543.8,11742
2023-07-26 20:00:00+00:00,19543.3,19576.8,19472.3,19540.3,5128
2023-07-27 04:00:00+00:00,19544.1,19708.3,19495.8,19653.3,15116
2023-07-27 08:00:00+00:00,19664.3,19703.2,19548.3,19665.2,12128
2023-07-27 12:00:00+00:00,19665.2,19683.2,19604.7,19614.2,3649
2023-07-27 16:00:00+00:00,19613.7,19620.7,19395.2,19518.2,8787
2023-07-27 20:00:00+00:00,19517.7,19536.2,19307.2,19315.7,3745
2023-07-28 04:00:00+00:00,19378.5,19843.6,19364.5,19800.1,17874
2023-07-28 08:00:00+00:00,19829.6,19945.2,19808.1,19894.2,15102
2023-07-28 12:00:00+00:00,19930.7,20022.2,19928.2,20003.2,6321
2023-07-28 16:00:00+00:00,20003.7,20144.7,19978.2,20059.7,12197
2023-07-28 20:00:00+00:00,20058.7,20116.2,20044.7,20113.2,3222
2023-07-31 04:00:00+00:00,20141.2,20368.1,20124.7,20217.9,18623
2023-07-31 08:00:00+00:00,20197.9,20257.4,20042.4,20140.9,16516
2023-07-31 12:00:00+00:00,20151.4,20226.4,20140.9,20201.4,4683
2023-07-31 16:00:00+00:00,20200.9,20260.4,20073.9,20215.9,12182
2023-07-31 20:00:00+00:00,20215.4,20301.4,20201.9,20301.4,2897
2023-08-01 04:00:00+00:00,20209.2,20354.2,20074.2,20103.2,17147
2023-08-01 08:00:00+00:00,20100.2,20132.2,19916.2,19980.1,15358
2023-08-01 12:00:00+00:00,19958.6,20039.6,19907.6,19939.1,5302
2023-08-01 16:00:00+00:00,19940.1,19985.6,19804.1,19853.6,12562
2023-08-01 20:00:00+00:00,19854.1,19863.1,19824.1,19843.6,2288
2023-08-02 04:00:00+00:00,19847.9,19984.1,19558.3,19603.8,16849
2023-08-02 08:00:00+00:00,19578.8,19629.0,19438.5,19473.5,14909
2023-08-02 12:00:00+00:00,19502.0,19601.0,19486.0,19520.0,5545
2023-08-02 16:00:00+00:00,19522.5,19540.5,19302.5,19358.0,12523
2023-08-02 20:00:00+00:00,19360.0,19385.0,19330.0,19339.0,3491
2023-08-03 04:00:00+00:00,19401.8,19555.8,19345.6,19493.1,16313
2023-08-03 08:00:00+00:00,19470.6,19645.6,19349.1,19398.1,16505
2023-08-03 12:00:00+00:00,19403.1,19583.6,19394.6,19559.1,6530
2023-08-03 16:00:00+00:00,19560.1,19734.6,19545.1,19720.6,13419
2023-08-03 20:00:00+00:00,19719.6,19724.6,19649.6,19654.6,3168
2023-08-04 04:00:00+00:00,19677.4,19857.9,19496.9,19606.4,17886
2023-08-04 08:00:00+00:00,19603.9,19686.4,19449.9,19488.9,14355
2023-08-04 12:00:00+00:00,19477.9,19519.4,19398.4,19506.4,5941
2023-08-04 16:00:00+00:00,19504.9,19633.9,19399.9,19572.9,14447
2023-08-04 20:00:00+00:00,19573.4,19578.4,19420.4,19437.9,4092
2023-08-07 04:00:00+00:00,19470.1,19564.6,19334.6,19522.5,14831
2023-08-07 08:00:00+00:00,19522.0,19542.5,19440.5,19494.0,11764
2023-08-07 12:00:00+00:00,19482.0,19536.0,19450.5,19536.0,4552
2023-08-07 16:00:00+00:00,19537.0,19543.0,19271.0,19364.0,12193
2023-08-07 20:00:00+00:00,19363.0,19389.5,19341.0,19369.5,2789
2023-08-08 00:00:00+00:00,19383.75,19401.84,19373.75,19398.84,733
2023-08-08 04:00:00+00:00,19397.84,19398.84,19111.5,19247.75,18612
2023-08-08 08:00:00+00:00,19252.75,19260.0,19076.5,19110.75,14823
2023-08-08 12:00:00+00:00,19111.75,19116.75,18950.38,18973.5,3967
2023-08-08 16:00:00+00:00,18973.5,19009.75,18860.76,18985.5,9405
2023-08-08 20:00:00+00:00,18985.5,19037.5,18981.76,19036.5,2276
2023-08-09 00:00:00+00:00,19004.38,19042.75,18997.38,19036.75,793
2023-08-09 04:00:00+00:00,19037.75,19253.5,18987.5,19148.75,17058
2023-08-09 08:00:00+00:00,19147.75,19257.0,19088.5,19203.75,12769
2023-08-09 12:00:00+00:00,19202.75,19259.0,19186.75,19194.5,3409
2023-08-09 16:00:00+00:00,19194.5,19224.5,18999.5,19051.5,10104
2023-08-09 20:00:00+00:00,19049.5,19159.5,19046.5,19134.5,2334
2023-08-10 00:00:00+00:00,19071.75,19101.75,19062.75,19100.75,713
2023-08-10 04:00:00+00:00,19101.75,19180.5,18993.5,19031.75,16001
2023-08-10 08:00:00+00:00,19031.75,19301.5,19005.75,19199.75,15133
2023-08-10 12:00:00+00:00,19198.75,19343.5,19182.75,19295.5,6186
2023-08-10 16:00:00+00:00,19295.5,19476.5,19234.5,19272.5,14119
2023-08-10 20:00:00+00:00,19273.5,19287.5,19174.5,19231.5,4462
2023-08-11 00:00:00+00:00,19250.75,19280.75,19248.75,19280.75,511
2023-08-11 04:00:00+00:00,19282.75,19319.5,19027.75,19093.75,17117
2023-08-11 08:00:00+00:00,19093.75,19167.5,18998.75,19032.75,14603
2023-08-11 12:00:00+00:00,19025.75,19033.75,18866.5,18870.5,6244
2023-08-11 16:00:00+00:00,18870.0,18904.5,18709.5,18737.5,11143
2023-08-11 20:00:00+00:00,18737.5,18793.5,18730.5,18792.5,2404
2023-08-14 00:00:00+00:00,18837.75,18842.75,18754.47,18762.54,884
2023-08-14 04:00:00+00:00,18761.54,18762.94,18522.5,18568.75,19010
2023-08-14 08:00:00+00:00,18581.75,18800.75,18561.5,18713.75,17077
2023-08-14 12:00:00+00:00,18714.75,18716.75,18569.5,18599.5,4584
2023-08-14 16:00:00+00:00,18599.5,18723.0,18474.5,18631.5,11112
2023-08-14 20:00:00+00:00,18630.5,18651.5,18577.5,18637.5,2509
2023-08-15 00:00:00+00:00,18660.75,18670.75,18652.75,18660.75,629
2023-08-15 04:00:00+00:00,18661.75,18718.0,18518.0,18579.75,16993
2023-08-15 08:00:00+00:00,18579.75,18652.5,18481.0,18515.58,16731
2023-08-15 12:00:00+00:00,18517.58,18569.5,18430.58,18493.5,5807
2023-08-15 16:00:00+00:00,18494.5,18547.5,18288.5,18306.0,11927
2023-08-15 20:00:00+00:00,18306.5,18319.5,18291.5,18316.5,2118
2023-08-16 00:00:00+00:00,18289.75,18293.75,18175.73,18272.7,880
2023-08-16 04:00:00+00:00,18273.7,18435.25,18269.74,18303.75,17010
2023-08-16 08:00:00+00:00,18324.75,18351.5,18243.96,18244.96,14980
2023-08-16 12:00:00+00:00,18240.96,18246.96,18071.5,18073.0,5719
2023-08-16 16:00:00+00:00,18071.5,18141.5,18023.5,18038.5,9893
2023-08-16 20:00:00+00:00,18038.5,18073.5,18007.5,18032.5,3248
2023-08-17 00:00:00+00:00,17984.75,17987.75,17926.75,17943.75,1008
2023-08-17 04:00:00+00:00,17944.75,18291.5,17866.5,18256.75,19980
2023-08-17 08:00:00+00:00,18275.75,18373.5,18056.0,18238.28,18651
2023-08-17 12:00:00+00:00,18236.28,18388.0,18216.5,18332.5,5587
2023-08-17 16:00:00+00:00,18332.5,18345.5,18152.5,18228.5,11003
2023-08-17 20:00:00+00:00,18230.5,18232.5,18116.5,18126.5,2578
2023-08-18 00:00:00+00:00,18068.75,18092.36,18054.75,18090.36,905
2023-08-18 04:00:00+00:00,18091.36,18308.0,18077.75,18093.75,17110
2023-08-18 08:00:00+00:00,18084.75,18092.5,17859.75,17890.75,16878
2023-08-18 12:00:00+00:00,17888.75,17897.75,17728.5,17749.5,5744
2023-08-18 16:00:00+00:00,17748.5,17827.5,17667.75,17759.5,11691
2023-08-18 20:00:00+00:00,17760.5,17803.5,17733.0,17770.5,2831
2023-08-21 00:00:00+00:00,17820.75,17859.75,17814.75,17847.75,727
2023-08-21 04:00:00+00:00,17846.75,17847.75,17597.25,17669.75,18744
2023-08-21 08:00:00+00:00,17669.75,17766.5,17571.5,17604.75,16384
2023-08-21 12:00:00+00:00,17603.75,17679.5,17603.75,17619.5,4246
2023-08-21 16:00:00+00:00,17619.5,17676.5,17534.5,17625.5,10072
2023-08-21 20:00:00+00:00,17625.5,17666.5,17613.5,17662.5,2161
2023-08-22 00:00:00+00:00,17642.75,17654.75,17627.75,17630.75,750
2023-08-22 04:00:00+00:00,17631.75,17768.5,17569.5,17613.75,17673
2023-08-22 08:00:00+00:00,17613.75,17944.5,17544.5,17724.75,20808
2023-08-22 12:00:00+00:00,17723.75,17829.0,17723.75,17752.0,4290
2023-08-22 16:00:00+00:00,17752.0,17779.5,17588.5,17592.5,9762
2023-08-22 20:00:00+00:00,17592.5,17638.0,17579.0,17621.5,2621
2023-08-23 00:00:00+00:00,17641.75,17686.75,17639.75,17684.75,500
2023-08-23 04:00:00+00:00,17685.75,17846.0,17655.84,17817.75,17311
2023-08-23 08:00:00+00:00,17816.75,17973.5,17754.5,17838.75,16702
2023-08-23 12:00:00+00:00,17834.75,17863.5,17777.5,17783.5,3996
2023-08-23 16:00:00+00:00,17783.5,18000.5,17782.5,17977.5,9160
2023-08-23 20:00:00+00:00,17977.5,18003.0,17953.5,17961.5,1972
2023-08-24 00:00:00+00:00,17974.54,18005.54,17965.54,17994.54,758
2023-08-24 04:00:00+00:00,17993.54,18167.5,17905.0,18139.75,18697
2023-08-24 08:00:00+00:00,18139.75,18244.0,18139.75,18170.75,16609
2023-08-24 12:00:00+00:00,18175.75,18185.5,18109.5,18120.5,4253
2023-08-24 16:00:00+00:00,18119.5,18142.5,17961.5,18013.5,10339
2023-08-24 20:00:00+00:00,18013.5,18070.5,18010.5,18036.5,2560
2023-08-25 00:00:00+00:00,18000.75,18060.75,17998.75,18056.75,693
2023-08-25 04:00:00+00:00,18057.75,18078.5,17956.5,17990.75,16703
2023-08-25 08:00:00+00:00,18002.75,18141.25,17928.75,17945.75,16457
2023-08-25 12:00:00+00:00,17942.75,18037.0,17927.0,18005.5,3577
2023-08-25 16:00:00+00:00,18005.5,18008.5,17793.5,17918.5,13674
2023-08-25 20:00:00+00:00,17919.5,17962.5,17876.5,17960.5,3074
2023-08-28 00:00:00+00:00,18209.74,18210.74,18154.95,18208.94,823
2023-08-28 04:00:00+00:00,18207.94,18525.5,18207.94,18256.75,20113
2023-08-28 08:00:00+00:00,18256.75,18266.75,18107.5,18137.75,17074
2023-08-28 12:00:00+00:00,18145.75,18209.5,18122.75,18209.5,3327
2023-08-28 16:00:00+00:00,18209.5,18346.5,18166.5,18339.5,9077
2023-08-28 20:00:00+00:00,18340.5,18341.5,18289.5,18300.5,2237
2023-08-29 00:00:00+00:00,18286.75,18292.75,18272.75,18282.23,523
2023-08-29 04:00:00+00:00,18283.23,18547.5,18242.25,18488.62,16969
2023-08-29 08:00:00+00:00,18488.62,18596.0,18420.75,18421.75,14875
2023-08-29 12:00:00+00:00,18432.75,18629.5,18424.75,18540.5,4390
2023-08-29 16:00:00+00:00,18539.5,18710.5,18464.0,18657.5,7621
2023-08-29 20:00:00+00:00,18655.5,18684.5,18648.0,18677.0,1651
2023-08-30 00:00:00+00:00,18687.75,18721.75,18679.75,18689.75,514
2023-08-30 04:00:00+00:00,18690.75,18749.5,18534.0,18557.75,16605
2023-08-30 08:00:00+00:00,18558.75,18593.0,18402.75,18405.75,15077
2023-08-30 12:00:00+00:00,18409.75,18535.5,18405.75,18531.5,5192
2023-08-30 16:00:00+00:00,18529.5,18623.0,18484.5,18593.5,11192
2023-08-30 20:00:00+00:00,18592.5,18597.5,18548.5,18579.5,2101
2023-08-31 00:00:00+00:00,18574.75,18607.75,18574.75,18599.75,367
2023-08-31 04:00:00+00:00,18598.75,18653.5,18374.5,18422.75,15985
2023-08-31 08:00:00+00:00,18423.75,18453.5,18308.5,18329.75,14659
2023-08-31 12:00:00+00:00,18330.75,18479.5,18266.5,18473.5,5814
2023-08-31 16:00:00+00:00,18475.0,18482.5,18321.5,18373.5,9457
2023-08-31 20:00:00+00:00,18374.5,18443.0,18369.5,18392.5,1625
2023-09-04 04:00:00+00:00,18580.75,18913.75,18527.5,18848.23,17488
2023-09-04 08:00:00+00:00,18848.23,18875.0,18793.0,18810.75,13964
2023-09-04 12:00:00+00:00,18806.75,18836.0,18769.5,18784.5,3281
2023-09-04 16:00:00+00:00,18784.0,18789.5,18717.5,18719.5,4039
2023-09-04 20:00:00+00:00,18720.5,18731.5,18718.5,18729.0,360
2023-09-05 00:00:00+00:00,18750.75,18757.75,18734.75,18734.75,619
2023-09-05 04:00:00+00:00,18735.75,18737.75,18520.0,18550.75,14387
2023-09-05 08:00:00+00:00,18547.75,18615.0,18390.0,18448.75,16133
2023-09-05 12:00:00+00:00,18449.75,18535.5,18447.75,18528.5,3898
2023-09-05 16:00:00+00:00,18528.5,18542.5,18394.5,18435.5,9471
2023-09-05 20:00:00+00:00,18437.0,18464.0,18425.0,18450.5,1719
2023-09-06 00:00:00+00:00,18435.75,18453.8,18434.75,18453.8,441
2023-09-06 04:00:00+00:00,18454.8,18457.8,18222.25,18290.75,13404
2023-09-06 08:00:00+00:00,18290.75,18481.5,18278.5,18433.75,14395
2023-09-06 12:00:00+00:00,18435.75,18486.5,18427.75,18442.5,3763
2023-09-06 16:00:00+00:00,18442.5,18583.5,18402.5,18416.5,9025
2023-09-06 20:00:00+00:00,18416.5,18462.5,18408.5,18453.5,2080
2023-09-07 00:00:00+00:00,18449.75,18460.75,18442.75,18444.75,483
2023-09-07 04:00:00+00:00,18443.75,18453.75,18193.75,18210.75,13497
2023-09-07 08:00:00+00:00,18224.75,18248.5,18118.75,18155.31,14871
2023-09-07 12:00:00+00:00,18153.31,18166.15,18053.5,18080.0,4036
2023-09-07 16:00:00+00:00,18078.5,18082.5,17904.5,17970.5,8489
2023-09-07 20:00:00+00:00,17970.5,17986.5,17939.5,17952.5,1957
2023-09-11 04:00:00+00:00,17883.75,17993.75,17819.5,17914.75,15208
2023-09-11 08:00:00+00:00,17914.75,18160.25,17914.75,18040.14,15713
2023-09-11 12:00:00+00:00,18036.14,18091.5,18028.5,18071.5,3642
2023-09-11 16:00:00+00:00,18070.5,18127.5,17990.5,18036.5,7120
2023-09-11 20:00:00+00:00,18036.5,18053.0,18016.5,18024.5,1427
2023-09-12 00:00:00+00:00,18037.75,18044.75,18001.75,18019.21,673
2023-09-12 04:00:00+00:00,18020.21,18130.0,17854.0,18075.75,14256
2023-09-12 08:00:00+00:00,18075.75,18095.5,17988.0,18027.25,11087
2023-09-12 12:00:00+00:00,18026.25,18055.5,17998.0,18014.5,3175
2023-09-12 16:00:00+00:00,18014.5,18127.5,17978.0,18110.5,6693
2023-09-12 20:00:00+00:00,18111.5,18149.5,18106.5,18119.5,1894
2023-09-13 00:00:00+00:00,18101.75,18106.51,18090.75,18101.75,657
2023-09-13 04:00:00+00:00,18102.75,18188.25,17917.5,17973.9,14229
2023-09-13 08:00:00+00:00,17974.9,18036.5,17947.5,17993.25,13462
2023-09-13 12:00:00+00:00,17994.25,18086.0,17969.5,18057.5,5339
2023-09-13 16:00:00+00:00,18057.5,18089.5,17994.5,18042.5,7805
2023-09-13 20:00:00+00:00,18042.5,18049.5,18006.5,18006.5,1620
2023-09-14 00:00:00+00:00,18030.84,18057.35,18025.84,18055.87,658
2023-09-14 04:00:00+00:00,18056.87,18163.75,17906.25,17943.73,13929
2023-09-14 08:00:00+00:00,17943.73,18130.25,17937.0,18035.65,14190
2023-09-14 12:00:00+00:00,18036.65,18151.5,18030.5,18101.5,5542
2023-09-14 16:00:00+00:00,18101.5,18191.5,18045.5,18166.5,8585
2023-09-14 20:00:00+00:00,18167.5,18168.5,18132.5,18132.5,1444
2023-09-15 00:00:00+00:00,18150.75,18179.71,18149.75,18179.71,608
2023-09-15 04:00:00+00:00,18178.71,18370.0,18015.0,18336.75,15887
2023-09-15 08:00:00+00:00,18335.75,18373.5,18119.75,18146.75,13894
2023-09-15 12:00:00+00:00,18143.75,18156.78,18088.0,18091.5,2964
2023-09-15 16:00:00+00:00,18091.5,18139.5,18023.25,18053.5,6526
2023-09-15 20:00:00+00:00,18052.5,18052.5,18015.5,18024.5,1504
2023-09-18 00:00:00+00:00,18033.74,18034.75,17995.75,18009.76,410
2023-09-18 04:00:00+00:00,18008.76,18088.25,17846.25,17967.75,15554
2023-09-18 08:00:00+00:00,17967.75,18021.0,17868.5,17890.76,13390
2023-09-18 12:00:00+00:00,17896.76,17920.5,17868.5,17885.5,3404
2023-09-18 16:00:00+00:00,17885.5,17934.0,17818.25,17918.5,7794
2023-09-18 20:00:00+00:00,17918.5,17938.5,17913.5,17922.5,1575
2023-09-19 00:00:00+00:00,17925.76,17932.76,17913.64,17914.64,687
2023-09-19 04:00:00+00:00,17915.64,17970.0,17803.5,17903.23,13611
2023-09-19 08:00:00+00:00,17903.23,17999.0,17856.5,17961.72,12208
2023-09-19 12:00:00+00:00,17962.72,18018.5,17959.72,17964.5,3490
2023-09-19 16:00:00+00:00,17963.5,17998.5,17897.0,17914.5,7570
2023-09-19 20:00:00+00:00,17913.5,17963.5,17908.5,17944.5,1821
2023-09-20 00:00:00+00:00,17939.75,17941.75,17916.75,17920.75,593
2023-09-20 04:00:00+00:00,17919.75,17986.75,17829.71,17840.75,13610
2023-09-20 08:00:00+00:00,17840.75,17976.25,17808.25,17899.19,12567
2023-09-20 12:00:00+00:00,17902.19,17940.5,17890.19,17934.5,2910
2023-09-20 16:00:00+00:00,17935.0,18036.0,17932.25,18011.5,6692
2023-09-20 20:00:00+00:00,18011.5,18013.5,17935.5,17949.5,4178
2023-09-21 00:00:00+00:00,17868.4,17886.4,17842.36,17849.75,921
2023-09-21 04:00:00+00:00,17848.75,17848.75,17601.5,17609.75,14109
2023-09-21 08:00:00+00:00,17609.75,17668.5,17590.0,17607.39,12023
2023-09-21 12:00:00+00:00,17602.39,17616.75,17513.5,17545.5,4884
2023-09-21 16:00:00+00:00,17545.5,17603.0,17516.5,17526.5,8599
2023-09-21 20:00:00+00:00,17526.5,17562.0,17525.5,17535.0,1967
2023-09-22 00:00:00+00:00,17499.73,17511.73,17478.75,17493.75,1020
2023-09-22 04:00:00+00:00,17492.75,17864.0,17438.94,17829.75,16616
2023-09-22 08:00:00+00:00,17829.75,18084.75,17780.25,18055.77,18184
2023-09-22 12:00:00+00:00,18059.77,18135.5,18046.27,18129.5,5009
2023-09-22 16:00:00+00:00,18129.5,18137.5,17983.5,18007.5,8597
2023-09-22 20:00:00+00:00,18006.5,18018.0,17979.5,17998.5,2109
2023-09-25 00:00:00+00:00,18009.75,18026.77,17979.75,18021.77,747
2023-09-25 04:00:00+00:00,18022.77,18056.0,17751.0,17814.75,13536
2023-09-25 08:00:00+00:00,17814.75,17836.0,17593.15,17628.97,13783
2023-09-25 12:00:00+00:00,17627.97,17687.0,17618.5,17628.5,4158
2023-09-25 16:00:00+00:00,17626.5,17729.5,17592.5,17711.5,7928
2023-09-25 20:00:00+00:00,17711.5,17720.5,17692.5,17709.5,1996
2023-09-26 00:00:00+00:00,17720.75,17720.75,17665.75,17671.75,850
2023-09-26 04:00:00+00:00,17672.75,17690.25,17548.5,17567.74,13345
2023-09-26 08:00:00+00:00,17567.74,17587.5,17354.25,17474.75,13729
2023-09-26 12:00:00+00:00,17471.75,17524.5,17457.0,17497.5,4715
2023-09-26 16:00:00+00:00,17497.5,17580.75,17475.5,17485.5,7918
2023-09-26 20:00:00+00:00,17485.5,17490.5,17430.5,17449.5,2145
2023-09-27 00:00:00+00:00,17452.75,17495.75,17446.75,17469.75,787
2023-09-27 04:00:00+00:00,17468.75,17656.25,17431.75,17587.75,13758
2023-09-27 08:00:00+00:00,17587.75,17595.5,17529.5,17561.71,12489
2023-09-27 12:00:00+00:00,17562.71,17588.5,17551.5,17575.5,3260
2023-09-27 16:00:00+00:00,17572.5,17605.0,17465.0,17485.5,7346
2023-09-27 20:00:00+00:00,17485.0,17531.0,17435.5,17517.5,2536
2023-09-28 00:00:00+00:00,17551.75,17560.75,17537.75,17549.75,813
2023-09-28 04:00:00+00:00,17548.75,17581.0,17326.5,17350.26,14270
2023-09-28 08:00:00+00:00,17350.26,17423.0,17297.0,17322.69,12972
2023-09-28 12:00:00+00:00,17323.69,17409.5,17284.61,17350.5,6056
2023-09-28 16:00:00+00:00,17349.5,17490.5,17321.5,17464.5,9777
2023-09-28 20:00:00+00:00,17464.5,17474.5,17444.5,17451.0,2891
2023-09-29 04:00:00+00:00,17427.75,17838.88,17405.75,17780.79,13026
2023-09-29 08:00:00+00:00,17780.79,17899.5,17754.5,17772.4,11542
2023-09-29 12:00:00+00:00,17771.4,17833.5,17765.5,17810.5,4758
2023-09-29 16:00:00+00:00,17809.5,17820.5,17610.5,17650.5,10584
2023-09-29 20:00:00+00:00,17650.5,17650.5,17613.5,17638.5,3231
2023-10-03 04:00:00+00:00,17591.75,17604.5,17164.25,17181.75,13715
2023-10-03 08:00:00+00:00,17181.75,17306.0,17151.0,17252.93,11392
2023-10-03 12:00:00+00:00,17258.93,17282.0,17178.0,17179.5,5619
2023-10-03 16:00:00+00:00,17180.5,17270.5,17173.5,17253.5,11832
2023-10-03 20:00:00+00:00,17251.5,17262.0,17191.5,17235.5,2585
2023-10-04 00:00:00+00:00,17230.75,17256.81,17194.61,17204.61,1214
2023-10-04 04:00:00+00:00,17205.61,17271.5,16980.82,17095.65,12759
2023-10-04 08:00:00+00:00,17095.65,17171.35,17047.0,17151.39,10863
2023-10-04 12:00:00+00:00,17154.39,17282.75,17153.39,17241.5,6177
2023-10-04 16:00:00+00:00,17241.0,17243.5,17108.5,17179.5,9912
2023-10-04 20:00:00+00:00,17180.5,17182.5,17112.5,17128.5,2422
2023-10-05 00:00:00+00:00,17161.75,17162.75,17127.75,17149.75,1122
2023-10-05 04:00:00+00:00,17150.75,17284.0,17141.5,17253.75,11061
2023-10-05 08:00:00+00:00,17253.75,17278.75,17118.28,17118.28,9341
2023-10-05 12:00:00+00:00,17117.28,17179.5,17089.75,17162.5,5171
2023-10-05 16:00:00+00:00,17162.5,17221.5,17142.5,17214.5,9886
2023-10-05 20:00:00+00:00,17214.5,17273.5,17205.5,17255.5,2521
2023-10-06 00:00:00+00:00,17224.75,17242.75,17207.75,17241.75,1006
2023-10-06 04:00:00+00:00,17240.75,17563.0,17239.75,17460.82,12920
2023-10-06 08:00:00+00:00,17460.82,17489.5,17391.5,17432.75,9548
2023-10-06 12:00:00+00:00,17428.75,17483.5,17318.0,17334.5,5814
2023-10-06 16:00:00+00:00,17334.5,17657.5,17322.5,17598.5,12419
2023-10-06 20:00:00+00:00,17598.5,17666.0,17597.5,17650.5,2430
2023-10-09 08:00:00+00:00,17470.75,17597.5,17398.5,17528.64,12615
2023-10-09 12:00:00+00:00,17532.63,17554.0,17449.5,17460.5,3828
2023-10-09 16:00:00+00:00,17459.5,17499.5,17421.5,17465.5,7443
2023-10-09 20:00:00+00:00,17465.5,17584.0,17465.5,17577.5,2208
2023-10-10 00:00:00+00:00,17593.75,17646.38,17585.75,17641.34,862
2023-10-10 04:00:00+00:00,17646.34,17894.25,17616.35,17698.75,16410
2023-10-10 08:00:00+00:00,17706.75,17808.5,17601.0,17783.75,13883
2023-10-10 12:00:00+00:00,17780.75,17811.5,17730.5,17780.0,4853
2023-10-10 16:00:00+00:00,17780.5,17932.0,17751.5,17905.5,7830
2023-10-10 20:00:00+00:00,17905.5,17937.5,17872.0,17927.5,2577
2023-10-11 00:00:00+00:00,17922.63,17942.75,17919.63,17921.75,815
2023-10-11 04:00:00+00:00,17920.75,18007.0,17878.5,17904.75,14528
2023-10-11 08:00:00+00:00,17904.75,18015.0,17856.5,17904.67,12822
2023-10-11 12:00:00+00:00,17903.67,18105.5,17857.5,18076.5,5095
2023-10-11 16:00:00+00:00,18076.5,18174.0,18033.5,18041.0,9389
2023-10-11 20:00:00+00:00,18041.0,18082.5,18024.0,18078.5,2542
2023-10-12 00:00:00+00:00,18148.11,18166.11,18130.75,18142.75,761
2023-10-12 04:00:00+00:00,18141.75,18340.5,18123.7,18223.75,15014
2023-10-12 08:00:00+00:00,18223.75,18293.0,18200.75,18239.35,11630
2023-10-12 12:00:00+00:00,18242.96,18258.5,18142.0,18167.5,4239
2023-10-12 16:00:00+00:00,18167.5,18167.5,17935.5,17940.5,8395
2023-10-12 20:00:00+00:00,17940.5,17942.5,17839.0,17868.5,3175
2023-10-13 00:00:00+00:00,17919.85,17939.44,17900.32,17910.12,1090
2023-10-13 04:00:00+00:00,17909.12,17987.0,17820.75,17827.75,13834
2023-10-13 08:00:00+00:00,17840.75,17852.5,17740.5,17750.75,12552
2023-10-13 12:00:00+00:00,17749.75,17752.75,17628.5,17744.5,5525
2023-10-13 16:00:00+00:00,17744.5,17809.5,17632.75,17696.5,9439
2023-10-13 20:00:00+00:00,17696.5,17700.5,17656.5,17681.5,3155
2023-10-16 00:00:00+00:00,17742.75,17757.75,17714.75,17723.75,1418
2023-10-16 04:00:00+00:00,17724.75,17838.0,17688.0,17711.75,14699
2023-10-16 08:00:00+00:00,17711.75,17729.0,17585.0,17638.56,14013
2023-10-16 12:00:00+00:00,17632.56,17686.0,17631.5,17683.5,3716
2023-10-16 16:00:00+00:00,17684.0,17855.0,17599.5,17854.5,8291
2023-10-16 20:00:00+00:00,17854.5,17874.0,17813.0,17843.5,2422
2023-10-17 00:00:00+00:00,17851.75,17866.54,17836.75,17845.75,1015
2023-10-17 04:00:00+00:00,17843.75,17849.75,17661.25,17748.75,14309
2023-10-17 08:00:00+00:00,17754.75,17784.5,17700.71,17711.78,11780
2023-10-17 12:00:00+00:00,17706.78,17764.5,17658.5,17660.0,4894
2023-10-17 16:00:00+00:00,17661.5,17831.5,17637.0,17786.5,9047
2023-10-17 20:00:00+00:00,17786.5,17793.5,17728.5,17747.5,2708
2023-10-18 00:00:00+00:00,17726.75,17738.75,17714.75,17717.75,825
2023-10-18 04:00:00+00:00,17716.75,17817.5,17604.0,17743.75,15906
2023-10-18 08:00:00+00:00,17741.75,17786.5,17690.5,17724.28,13464
2023-10-18 12:00:00+00:00,17720.28,17723.0,17620.5,17625.5,4793
2023-10-18 16:00:00+00:00,17625.5,17662.0,17517.0,17534.5,9128
2023-10-18 20:00:00+00:00,17534.5,17571.5,17523.5,17528.5,3414
2023-10-19 00:00:00+00:00,17498.75,17568.32,17489.75,17566.3,921
2023-10-19 04:00:00+00:00,17564.3,17572.48,17327.0,17355.66,15540
2023-10-19 08:00:00+00:00,17355.66,17367.0,17215.0,17243.84,14957
2023-10-19 12:00:00+00:00,17247.84,17296.5,17216.5,17294.5,5167
2023-10-19 16:00:00+00:00,17294.5,17399.0,17273.0,17355.5,12321
2023-10-19 20:00:00+00:00,17355.5,17395.5,17256.0,17258.5,4745
2023-10-20 00:00:00+00:00,17194.54,17195.54,17156.7,17170.31,1155
2023-10-20 04:00:00+00:00,17168.31,17292.0,17015.75,17209.75,16432
2023-10-20 08:00:00+00:00,17209.75,17228.5,17099.0,17128.75,13908
2023-10-20 12:00:00+00:00,17125.75,17145.75,17037.25,17050.5,4271
2023-10-20 16:00:00+00:00,17050.5,17124.5,16998.0,17036.5,9304
2023-10-20 20:00:00+00:00,17036.0,17050.5,16987.0,17003.5,3023
2023-10-24 04:00:00+00:00,17013.75,17126.5,16856.0,17051.75,17799
2023-10-24 08:00:00+00:00,17051.75,17096.5,16895.75,16958.22,14114
2023-10-24 12:00:00+00:00,16957.22,17147.5,16941.4,17142.5,5149
2023-10-24 16:00:00+00:00,17143.5,17440.5,17093.5,17405.5,11907
2023-10-24 20:00:00+00:00,17405.5,17479.75,17405.5,17452.5,2107
2023-10-25 00:00:00+00:00,17445.75,17460.75,17413.6,17433.26,1040
2023-10-25 04:00:00+00:00,17433.26,17524.5,17183.75,17245.85,12855
2023-10-25 08:00:00+00:00,17245.85,17300.75,16984.75,17098.59,11102
2023-10-25 12:00:00+00:00,17097.59,17153.0,17062.0,17093.5,4340
2023-10-25 16:00:00+00:00,17093.5,17216.0,17030.5,17125.0,10690
2023-10-25 20:00:00+00:00,17124.0,17141.5,17084.0,17115.5,3006
2023-10-26 00:00:00+00:00,17048.75,17079.75,17028.95,17033.92,1047
2023-10-26 04:00:00+00:00,17039.92,17157.5,16912.5,16953.09,12533
2023-10-26 08:00:00+00:00,16953.09,17078.5,16907.5,17028.49,11402
2023-10-26 12:00:00+00:00,17029.49,17075.5,16968.5,17046.5,5638
2023-10-26 16:00:00+00:00,17045.5,17161.0,17012.0,17027.5,11701
2023-10-26 20:00:00+00:00,17027.5,17129.0,17020.5,17127.5,3517
2023-10-27 00:00:00+00:00,17156.95,17156.95,17110.75,17133.95,1054
2023-10-27 04:00:00+00:00,17132.95,17336.5,17075.5,17208.79,12374
2023-10-27 08:00:00+00:00,17208.79,17487.75,17193.5,17405.75,10900
2023-10-27 12:00:00+00:00,17406.75,17422.5,17322.0,17375.5,4288
2023-10-27 16:00:00+00:00,17376.5,17400.5,17206.0,17225.5,8951
2023-10-27 20:00:00+00:00,17224.5,17231.5,17176.5,17196.5,3504
2023-10-30 00:00:00+00:00,17220.75,17238.75,17207.75,17233.94,1141
2023-10-30 04:00:00+00:00,17232.94,17405.5,17209.75,17350.76,14480
2023-10-30 08:00:00+00:00,17349.76,17478.5,17312.5,17418.48,11282
2023-10-30 12:00:00+00:00,17417.48,17564.0,17416.48,17511.5,4983
2023-10-30 16:00:00+00:00,17511.5,17524.5,17312.5,17323.0,10155
2023-10-30 20:00:00+00:00,17323.5,17382.5,17310.5,17373.5,2706
2023-10-31 00:00:00+00:00,17366.75,17374.74,17334.75,17373.74,913
2023-10-31 04:00:00+00:00,17374.74,17377.74,17053.25,17080.91,14404
2023-10-31 08:00:00+00:00,17079.91,17154.74,17031.75,17153.74,9882
2023-10-31 12:00:00+00:00,17157.76,17219.5,17105.5,17110.5,5167
2023-10-31 16:00:00+00:00,17108.5,17155.75,16950.0,16997.5,11278
2023-10-31 20:00:00+00:00,16996.5,17063.5,16990.5,17061.5,2505
2023-11-01 00:00:00+00:00,17108.79,17122.49,17089.71,17115.7,960
2023-11-01 04:00:00+00:00,17114.7,17189.5,16980.75,17088.75,13370
2023-11-01 08:00:00+00:00,17088.75,17131.5,17029.49,17035.5,9197
2023-11-01 12:00:00+00:00,17038.5,17099.5,17021.0,17075.5,4601
2023-11-01 16:00:00+00:00,17076.0,17164.5,17039.5,17107.5,9061
2023-11-01 20:00:00+00:00,17108.0,17133.5,17041.5,17090.5,4505
2023-11-02 00:00:00+00:00,17242.05,17242.05,17211.28,17217.28,904
2023-11-02 04:00:00+00:00,17216.28,17436.75,17202.28,17265.76,12290
2023-11-02 08:00:00+00:00,17265.76,17293.5,17163.75,17254.23,9046
2023-11-02 12:00:00+00:00,17257.23,17393.5,17253.22,17379.5,4295
2023-11-02 16:00:00+00:00,17380.0,17438.25,17318.5,17360.5,8075
2023-11-02 20:00:00+00:00,17360.5,17401.5,17352.5,17398.5,1595
2023-11-03 00:00:00+00:00,17391.75,17414.75,17391.75,17412.75,299
2023-11-03 04:00:00+00:00,17411.75,17646.5,17370.75,17553.75,13035
2023-11-03 08:00:00+00:00,17562.75,17718.5,17555.75,17623.6,9331
2023-11-03 12:00:00+00:00,17630.6,17721.5,17593.0,17703.5,4515
2023-11-03 16:00:00+00:00,17703.5,17853.5,17687.5,17827.5,9325
2023-11-03 20:00:00+00:00,17828.0,17846.0,17796.0,17837.5,2099
2023-11-06 00:00:00+00:00,17836.15,17971.5,17820.75,17953.5,5880
2023-11-06 04:00:00+00:00,17953.5,18031.5,17887.25,17919.5,10967
2023-11-06 08:00:00+00:00,17919.5,18004.0,17914.5,17991.0,6350
2023-11-06 12:00:00+00:00,17992.5,18001.5,17921.0,17936.5,3546
2023-11-06 16:00:00+00:00,17936.5,17954.5,17815.5,17859.5,6921
2023-11-06 20:00:00+00:00,17859.5,17859.5,17815.0,17821.5,924
2023-11-07 00:00:00+00:00,17798.75,17870.25,17762.75,17791.5,5354
2023-11-07 04:00:00+00:00,17790.5,17791.5,17640.5,17694.5,9121
2023-11-07 08:00:00+00:00,17695.5,17746.75,17642.5,17663.5,6954
2023-11-07 12:00:00+00:00,17664.5,17700.5,17651.0,17694.5,3973
2023-11-07 16:00:00+00:00,17694.5,17761.0,17565.5,17686.5,8261
2023-11-07 20:00:00+00:00,17686.5,17705.0,17682.5,17701.5,943
2023-11-08 00:00:00+00:00,17698.75,17732.5,17586.5,17710.5,4822
2023-11-08 04:00:00+00:00,17710.5,17760.5,17560.5,17591.5,10350
2023-11-08 08:00:00+00:00,17591.5,17616.5,17539.5,17565.5,7512
2023-11-08 12:00:00+00:00,17564.5,17606.5,17545.0,17584.5,3329
2023-11-08 16:00:00+00:00,17584.5,17706.5,17574.5,17608.5,8464
2023-11-08 20:00:00+00:00,17609.5,17631.0,17599.5,17621.5,1072
2023-11-09 00:00:00+00:00,17573.75,17619.25,17493.5,17528.5,4774
2023-11-09 04:00:00+00:00,17529.5,17562.5,17442.75,17516.5,9133
2023-11-09 08:00:00+00:00,17517.5,17553.5,17452.75,17481.5,6183
2023-11-09 12:00:00+00:00,17482.5,17523.0,17472.5,17511.5,3051
2023-11-09 16:00:00+00:00,17513.0,17588.5,17470.5,17492.5,7338
2023-11-09 20:00:00+00:00,17491.5,17495.5,17395.5,17411.5,2187
2023-11-10 00:00:00+00:00,17386.75,17417.62,17192.5,17222.5,5332
2023-11-10 04:00:00+00:00,17222.5,17285.75,17188.5,17231.5,8266
2023-11-10 08:00:00+00:00,17230.5,17267.5,17141.75,17183.5,6343
2023-11-10 12:00:00+00:00,17183.5,17229.0,17157.0,17227.5,3680
2023-11-10 16:00:00+00:00,17227.5,17258.0,17157.5,17254.0,7521
2023-11-10 20:00:00+00:00,17254.5,17292.5,17246.5,17291.5,882
2023-11-13 00:00:00+00:00,17323.75,17340.5,17222.75,17277.5,4992
2023-11-13 04:00:00+00:00,17280.5,17280.5,17112.5,17234.5,9201
2023-11-13 08:00:00+00:00,17234.5,17512.0,17205.5,17499.5,7716
2023-11-13 12:00:00+00:00,17499.5,17499.5,17429.5,17462.5,3497
2023-11-13 16:00:00+00:00,17461.5,17628.5,17416.0,17560.5,7227
2023-11-13 20:00:00+00:00,17560.5,17580.0,17547.5,17566.5,1001
2023-11-14 00:00:00+00:00,17531.75,17577.5,17465.5,17492.5,5149
2023-11-14 04:00:00+00:00,17492.5,17506.5,17366.5,17417.5,9605
2023-11-14 08:00:00+00:00,17417.5,17541.0,17361.5,17486.5,6965
2023-11-14 12:00:00+00:00,17486.5,17702.5,17440.5,17692.5,5249
2023-11-14 16:00:00+00:00,17688.5,17866.5,17663.5,17828.5,9302
2023-11-14 20:00:00+00:00,17828.5,17862.5,17825.0,17849.0,985
2023-11-15 00:00:00+00:00,17845.75,17912.75,17789.5,17811.75,5524
2023-11-15 04:00:00+00:00,17822.75,17978.5,17788.5,17950.5,11318
2023-11-15 08:00:00+00:00,17952.5,18173.5,17943.5,18106.5,9657
2023-11-15 12:00:00+00:00,18105.5,18265.5,18091.0,18173.5,6318
2023-11-15 16:00:00+00:00,18175.5,18408.5,18154.0,18314.5,12627
2023-11-15 20:00:00+00:00,18314.0,18319.5,18256.5,18271.5,1416
2023-11-16 00:00:00+00:00,18279.75,18304.75,17822.5,17842.5,6290
2023-11-16 04:00:00+00:00,17842.5,17915.5,17724.5,17902.5,11702
2023-11-16 08:00:00+00:00,17901.5,17926.5,17790.5,17795.5,8376
2023-11-16 12:00:00+00:00,17795.5,17822.0,17546.0,17696.5,7814
2023-11-16 16:00:00+00:00,17695.5,17788.5,17524.0,17585.5,12409
2023-11-16 20:00:00+00:00,17585.5,17591.5,17552.0,17577.5,1352
2023-11-17 00:00:00+00:00,17609.75,17631.5,17515.5,17532.5,5396
2023-11-17 04:00:00+00:00,17531.5,17553.5,17407.5,17454.5,9770
2023-11-17 08:00:00+00:00,17453.5,17524.5,17427.75,17510.5,6945
2023-11-17 12:00:00+00:00,17510.5,17624.5,17508.5,17599.5,6857
2023-11-17 16:00:00+00:00,17599.5,17692.5,17539.0,17631.5,9289
2023-11-17 20:00:00+00:00,17632.5,17640.5,17619.5,17627.5,734
2023-11-20 00:00:00+00:00,17588.75,17703.75,17536.75,17576.5,5852
2023-11-20 04:00:00+00:00,17575.5,17795.5,17555.5,17754.5,12107
2023-11-20 08:00:00+00:00,17753.5,17822.0,17677.5,17821.5,8052
2023-11-20 12:00:00+00:00,17821.5,17826.5,17781.5,17821.5,3434
2023-11-20 16:00:00+00:00,17821.5,17978.0,17794.5,17915.5,7399
2023-11-20 20:00:00+00:00,17916.5,17958.5,17916.5,17929.5,1100
2023-11-21 00:00:00+00:00,17938.43,18080.5,17923.43,18042.25,5662
2023-11-21 04:00:00+00:00,18042.25,18077.5,17887.25,17900.5,10617
2023-11-21 08:00:00+00:00,17899.5,17913.25,17659.5,17678.5,8857
2023-11-21 12:00:00+00:00,17680.5,17749.5,17677.0,17679.5,3937
2023-11-21 16:00:00+00:00,17680.0,17794.5,17616.5,17699.5,8047
2023-11-21 20:00:00+00:00,17699.5,17699.5,17646.0,17680.5,1059
2023-11-22 00:00:00+00:00,17669.75,17790.5,17633.75,17757.5,5418
2023-11-22 04:00:00+00:00,17757.5,17810.5,17693.5,17724.5,9501
2023-11-22 08:00:00+00:00,17724.5,17780.75,17662.5,17739.5,7582
2023-11-22 12:00:00+00:00,17741.5,17794.0,17735.0,17761.5,4287
2023-11-22 16:00:00+00:00,17764.5,17771.5,17607.25,17688.5,8510
2023-11-22 20:00:00+00:00,17687.5,17705.5,17677.5,17689.5,787
2023-11-23 00:00:00+00:00,17663.75,17721.5,17587.5,17652.5,4892
2023-11-23 04:00:00+00:00,17652.5,17740.25,17644.5,17738.5,10439
2023-11-23 08:00:00+00:00,17739.5,17965.5,17735.75,17945.5,9815
2023-11-23 12:00:00+00:00,17945.5,17953.5,17850.5,17858.0,2950
2023-11-23 16:00:00+00:00,17857.5,17897.5,17836.0,17856.5,3304
2023-11-23 20:00:00+00:00,17855.0,17858.0,17849.5,17851.5,152
2023-11-24 00:00:00+00:00,17853.75,17858.75,17683.5,17709.5,5084
2023-11-24 04:00:00+00:00,17708.5,17708.5,17606.75,17648.5,8857
2023-11-24 08:00:00+00:00,17648.5,17649.25,17545.5,17581.5,6853
2023-11-24 12:00:00+00:00,17581.5,17607.0,17577.0,17590.5,3284
2023-11-24 16:00:00+00:00,17590.5,17707.0,17568.0,17699.5,6807
2023-11-24 20:00:00+00:00,17698.5,17698.5,17671.5,17673.0,334
2023-11-27 00:00:00+00:00,17666.75,17708.25,17486.5,17501.5,4964
2023-11-27 04:00:00+00:00,17501.5,17522.5,17368.5,17475.5,9947
2023-11-27 08:00:00+00:00,17476.5,17587.5,17472.5,17523.5,7106
2023-11-27 12:00:00+00:00,17524.5,17565.5,17521.0,17525.5,3371
2023-11-27 16:00:00+00:00,17525.5,17530.5,17466.5,17511.5,7039
2023-11-27 20:00:00+00:00,17513.0,17534.5,17506.5,17529.5,815
2023-11-28 00:00:00+00:00,17497.75,17577.5,17432.5,17512.5,5272
2023-11-28 04:00:00+00:00,17513.5,17537.5,17328.5,17351.5,9839
2023-11-28 08:00:00+00:00,17351.5,17434.5,17336.5,17393.5,7322
2023-11-28 12:00:00+00:00,17394.5,17421.5,17374.5,17406.5,3518
2023-11-28 16:00:00+00:00,17406.5,17415.0,17311.5,17341.5,7554
2023-11-28 20:00:00+00:00,17341.5,17342.0,17314.0,17333.5,1091
2023-11-29 00:00:00+00:00,17354.75,17422.5,17182.5,17220.5,5628
2023-11-29 04:00:00+00:00,17220.5,17243.5,16954.5,16983.5,11642
2023-11-29 08:00:00+00:00,16983.5,17040.5,16899.5,17036.0,8392
2023-11-29 12:00:00+00:00,17036.0,17047.5,16977.5,16982.0,4452
2023-11-29 16:00:00+00:00,16982.0,17106.0,16962.5,17029.5,8428
2023-11-29 20:00:00+00:00,17030.0,17041.0,17017.5,17036.5,903
2023-11-30 00:00:00+00:00,17008.75,17088.5,16884.5,16944.5,5736
2023-11-30 04:00:00+00:00,16943.5,17087.5,16925.5,16979.5,11871
2023-11-30 08:00:00+00:00,16979.5,17085.5,16966.75,16989.5,8136
2023-11-30 12:00:00+00:00,16989.5,17042.5,16970.0,17012.5,4148
2023-11-30 16:00:00+00:00,17011.5,17080.5,16898.5,17000.5,8752
2023-11-30 20:00:00+00:00,17000.5,17012.5,16994.5,16994.5,871
2023-12-01 00:00:00+00:00,17039.75,17064.94,16927.75,16977.5,5263
2023-12-01 04:00:00+00:00,16977.5,17054.5,16870.5,17027.5,14276
2023-12-01 08:00:00+00:00,17027.5,17030.5,16813.5,16871.0,10096
2023-12-01 12:00:00+00:00,16870.5,16876.5,16783.5,16804.0,3606
2023-12-01 16:00:00+00:00,16803.5,16888.0,16692.5,16882.5,10350
2023-12-01 20:00:00+00:00,16882.5,16897.0,16863.5,16890.5,1224
2023-12-04 00:00:00+00:00,16883.75,17053.5,16842.75,16938.5,6724
2023-12-04 04:00:00+00:00,16938.5,16938.5,16726.5,16769.5,12794
2023-12-04 08:00:00+00:00,16768.5,16801.25,16640.25,16707.5,8835
2023-12-04 12:00:00+00:00,16707.0,16710.5,16677.5,16678.5,3466
2023-12-04 16:00:00+00:00,16678.5,16746.5,16631.5,16687.5,8701
2023-12-04 20:00:00+00:00,16688.0,16691.0,16636.0,16646.0,985
2023-12-05 00:00:00+00:00,16624.75,16690.5,16440.5,16499.5,6171
2023-12-05 04:00:00+00:00,16499.5,16518.5,16343.5,16385.5,13334
2023-12-05 08:00:00+00:00,16385.5,16391.5,16228.5,16324.5,10773
2023-12-05 12:00:00+00:00,16324.0,16332.0,16282.5,16319.0,3801
2023-12-05 16:00:00+00:00,16318.5,16367.5,16280.5,16351.5,9860
2023-12-05 20:00:00+00:00,16351.5,16368.5,16341.5,16366.5,1152
2023-12-06 00:00:00+00:00,16418.75,16447.75,16244.5,16383.5,6109
2023-12-06 04:00:00+00:00,16382.5,16607.5,16366.5,16514.5,13286
2023-12-06 08:00:00+00:00,16513.5,16533.5,16417.5,16456.5,9387
2023-12-06 12:00:00+00:00,16456.5,16464.5,16429.5,16458.5,3453
2023-12-06 16:00:00+00:00,16457.5,16538.5,16431.5,16433.5,7977
2023-12-06 20:00:00+00:00,16433.5,16442.0,16420.0,16441.0,998
2023-12-07 00:00:00+00:00,16367.75,16414.75,16177.25,16223.25,5790
2023-12-07 04:00:00+00:00,16223.25,16330.5,16166.5,16287.5,12365
2023-12-07 08:00:00+00:00,16288.5,16370.5,16263.5,16358.5,8789
2023-12-07 12:00:00+00:00,16359.0,16409.5,16316.5,16389.5,3953
2023-12-07 16:00:00+00:00,16390.0,16421.0,16323.5,16409.5,8188
2023-12-07 20:00:00+00:00,16408.5,16424.5,16405.5,16414.5,892
2023-12-08 00:00:00+00:00,16407.75,16470.5,16284.5,16284.5,5657
2023-12-08 04:00:00+00:00,16284.5,16432.5,16239.5,16376.5,12412
2023-12-08 08:00:00+00:00,16375.5,16384.5,16298.5,16354.5,8107
2023-12-08 12:00:00+00:00,16353.5,16390.0,16293.5,16316.5,4506
2023-12-08 16:00:00+00:00,16318.5,16351.5,16232.5,16256.5,8223
2023-12-08 20:00:00+00:00,16255.5,16291.5,16253.5,16291.5,876
2023-12-11 00:00:00+00:00,16280.75,16295.75,15955.75,16126.5,6511
2023-12-11 04:00:00+00:00,16127.5,16142.5,15968.5,16071.5,11180
2023-12-11 08:00:00+00:00,16070.5,16285.5,16061.5,16181.5,10448
2023-12-11 12:00:00+00:00,16181.5,16243.5,16163.25,16233.5,2809
2023-12-11 16:00:00+00:00,16234.5,16343.0,16186.5,16313.5,6117
2023-12-11 20:00:00+00:00,16313.5,16342.0,16307.5,16333.5,737
2023-12-12 00:00:00+00:00,16303.75,16337.5,16167.5,16282.5,5148
2023-12-12 04:00:00+00:00,16283.5,16378.5,16255.5,16321.5,10298
2023-12-12 08:00:00+00:00,16321.5,16436.5,16321.5,16412.5,7747
2023-12-12 12:00:00+00:00,16412.0,16433.5,16286.5,16295.5,4471
2023-12-12 16:00:00+00:00,16297.5,16327.5,16227.5,16283.5,6374
2023-12-12 20:00:00+00:00,16283.5,16380.0,16282.5,16378.0,1202
2023-12-13 00:00:00+00:00,16345.75,16363.75,16254.5,16285.5,4848
2023-12-13 04:00:00+00:00,16285.5,16305.5,16177.5,16226.5,9834
2023-12-13 08:00:00+00:00,16226.5,16280.5,16147.25,16270.0,6945
2023-12-13 12:00:00+00:00,16269.5,16290.0,16247.5,16286.5,2744
2023-12-13 16:00:00+00:00,16287.0,16298.5,16122.0,16129.5,6162
2023-12-13 20:00:00+00:00,16131.0,16137.0,16111.5,16133.5,868
2023-12-14 00:00:00+00:00,16414.75,16579.75,16304.15,16486.5,6633
2023-12-14 04:00:00+00:00,16486.5,16491.5,16352.5,16397.5,12161
2023-12-14 08:00:00+00:00,16397.5,16456.0,16326.5,16453.5,9487
2023-12-14 12:00:00+00:00,16453.5,16515.0,16430.5,16509.0,4743
2023-12-14 16:00:00+00:00,16507.5,16713.0,16480.5,16686.5,9472
2023-12-14 20:00:00+00:00,16686.5,16686.5,16624.5,16625.5,1251
2023-12-15 00:00:00+00:00,16654.75,16755.5,16631.5,16727.5,5552
2023-12-15 04:00:00+00:00,16727.5,16990.5,16722.5,16772.5,14428
2023-12-15 08:00:00+00:00,16774.5,16839.5,16726.5,16804.5,8202
2023-12-15 12:00:00+00:00,16804.0,16833.0,16718.5,16767.5,4441
2023-12-15 16:00:00+00:00,16767.5,16855.5,16707.5,16745.5,8128
2023-12-15 20:00:00+00:00,16745.5,16751.5,16707.5,16711.5,1213
2023-12-18 00:00:00+00:00,16730.75,16748.75,16601.75,16649.5,5653
2023-12-18 04:00:00+00:00,16649.5,16730.5,16624.5,16629.5,11653
2023-12-18 08:00:00+00:00,16629.5,16700.5,16582.5,16666.5,7603
2023-12-18 12:00:00+00:00,16666.5,16670.5,16608.5,16634.5,3168
2023-12-18 16:00:00+00:00,16634.5,16640.5,16486.0,16558.5,6505
2023-12-18 20:00:00+00:00,16559.0,16560.5,16528.5,16556.5,684
2023-12-19 00:00:00+00:00,16562.75,16575.5,16419.5,16472.5,4936
2023-12-19 04:00:00+00:00,16472.5,16598.5,16456.5,16502.5,11603
2023-12-19 08:00:00+00:00,16503.5,16573.5,16456.5,16548.5,7309
2023-12-19 12:00:00+00:00,16548.5,16611.5,16537.0,16611.5,2979
2023-12-19 16:00:00+00:00,16611.5,16759.0,16601.5,16742.5,6725
2023-12-19 20:00:00+00:00,16742.5,16753.0,16716.5,16721.5,741
2023-12-20 00:00:00+00:00,16720.75,16761.5,16631.75,16732.5,5062
2023-12-20 04:00:00+00:00,16732.5,16737.5,16642.5,16675.5,10444
2023-12-20 08:00:00+00:00,16675.5,16699.5,16563.5,16576.5,8294
2023-12-20 12:00:00+00:00,16576.5,16582.5,16541.5,16563.0,3033
2023-12-20 16:00:00+00:00,16563.5,16594.0,16515.5,16541.5,5835
2023-12-20 20:00:00+00:00,16541.5,16548.0,16508.0,16510.5,795
2023-12-21 00:00:00+00:00,16395.75,16529.5,16353.75,16486.5,5516
2023-12-21 04:00:00+00:00,16485.5,16654.5,16447.5,16610.5,11823
2023-12-21 08:00:00+00:00,16611.5,16649.5,16561.76,16576.0,6382
2023-12-21 12:00:00+00:00,16576.0,16671.0,16559.0,16656.5,4242
2023-12-21 16:00:00+00:00,16656.5,16710.5,16588.5,16652.5,9388
2023-12-21 20:00:00+00:00,16652.5,16676.5,16640.5,16668.5,1456
2023-12-22 00:00:00+00:00,16724.75,16779.5,16652.5,16675.5,4671
2023-12-22 04:00:00+00:00,16674.5,16865.5,16357.5,16431.5,17374
2023-12-22 08:00:00+00:00,16431.5,16456.5,16268.5,16353.5,10755
2023-12-22 12:00:00+00:00,16352.5,16426.0,16348.5,16426.0,4169
2023-12-22 16:00:00+00:00,16426.0,16583.5,16403.5,16576.0,8275
2023-12-22 20:00:00+00:00,16576.0,16576.0,16531.5,16536.5,760
2023-12-27 00:00:00+00:00,16596.75,16622.5,16460.25,16474.25,3802
2023-12-27 04:00:00+00:00,16477.25,16657.5,16461.25,16611.5,9411
2023-12-27 08:00:00+00:00,16611.5,16696.5,16590.5,16651.5,5062
2023-12-27 12:00:00+00:00,16651.5,16688.5,16649.5,16655.0,1926
2023-12-27 16:00:00+00:00,16654.0,16731.0,16633.5,16642.5,2180
2023-12-27 20:00:00+00:00,16642.5,16674.0,16638.5,16648.5,632
2023-12-28 00:00:00+00:00,16655.75,16805.5,16648.5,16764.5,5258
2023-12-28 04:00:00+00:00,16764.5,17096.5,16763.5,17068.5,12426
2023-12-28 08:00:00+00:00,17068.5,17102.5,17025.5,17070.5,7704
2023-12-28 12:00:00+00:00,17071.0,17080.5,16977.5,16978.5,3754
2023-12-28 16:00:00+00:00,16979.0,17084.5,16963.0,17023.5,6054
2023-12-28 20:00:00+00:00,17023.5,17027.5,16983.5,16985.5,855
2023-12-29 00:00:00+00:00,17028.75,17121.75,16979.25,17030.75,5128
2023-12-29 04:00:00+00:00,17029.75,17065.75,16948.0,17031.5,9468
2023-12-29 08:00:00+00:00,17031.5,17049.5,16981.5,16983.5,5703
2023-12-29 12:00:00+00:00,16982.0,17024.0,16981.0,16989.5,2985
2023-12-29 16:00:00+00:00,16990.0,17095.0,16968.0,17049.5,6606
2023-12-29 20:00:00+00:00,17049.5,17064.0,17037.5,17062.0,875
2024-01-02 00:00:00+00:00,17091.75,17168.5,16832.25,16835.25,5077
2024-01-02 04:00:00+00:00,16835.25,16889.25,16731.5,16740.5,10201
2024-01-02 08:00:00+00:00,16740.5,16795.5,16707.5,16761.5,7193
2024-01-02 12:00:00+00:00,16761.5,16763.0,16596.0,16636.5,5360
2024-01-02 16:00:00+00:00,16637.0,16661.5,16546.5,16618.5,9688
2024-01-02 20:00:00+00:00,16619.0,16620.0,16598.5,16605.5,1233
2024-01-03 00:00:00+00:00,16561.75,16626.5,16507.75,16556.5,5377
2024-01-03 04:00:00+00:00,16556.5,16632.25,16543.25,16567.5,9664
2024-01-03 08:00:00+00:00,16566.5,16639.75,16537.5,16537.5,7264
2024-01-03 12:00:00+00:00,16537.5,16544.5,16476.5,16504.0,4228
2024-01-03 16:00:00+00:00,16504.0,16665.5,16488.5,16662.5,9215
2024-01-03 20:00:00+00:00,16661.5,16688.5,16660.5,16670.0,1093
2024-01-04 00:00:00+00:00,16657.83,16665.5,16570.5,16585.5,4978
2024-01-04 04:00:00+00:00,16587.5,16587.5,16482.5,16526.5,9566
2024-01-04 08:00:00+00:00,16526.5,16658.5,16509.75,16627.0,7485
2024-01-04 12:00:00+00:00,16627.5,16634.5,16556.5,16556.5,3957
2024-01-04 16:00:00+00:00,16556.5,16599.5,16514.0,16524.5,7331
2024-01-04 20:00:00+00:00,16524.0,16529.0,16511.0,16514.5,860
2024-01-05 00:00:00+00:00,16554.75,16620.5,16420.5,16613.5,5434
2024-01-05 04:00:00+00:00,16611.5,16729.5,16515.5,16520.5,10621
2024-01-05 08:00:00+00:00,16519.5,16551.5,16447.5,16471.5,7957
2024-01-05 12:00:00+00:00,16472.0,16520.0,16426.5,16489.5,5623
2024-01-05 16:00:00+00:00,16489.5,16618.5,16479.5,16491.5,10204
2024-01-05 20:00:00+00:00,16491.5,16512.5,16468.0,16506.5,1108
2024-01-08 00:00:00+00:00,16521.4,16561.5,16297.5,16297.5,5388
2024-01-08 04:00:00+00:00,16297.5,16314.5,16107.5,16113.5,11333
2024-01-08 08:00:00+00:00,16113.5,16201.5,16093.5,16162.5,8405
2024-01-08 12:00:00+00:00,16161.5,16187.5,16126.0,16146.5,4514
2024-01-08 16:00:00+00:00,16146.0,16306.5,16140.5,16294.5,7834
2024-01-08 20:00:00+00:00,16294.5,16307.5,16274.0,16305.5,767
2024-01-09 00:00:00+00:00,16302.75,16339.5,16200.75,16291.5,5303
2024-01-09 04:00:00+00:00,16290.5,16401.5,16207.5,16223.5,11372
2024-01-09 08:00:00+00:00,16223.5,16278.5,16105.75,16156.5,8191
2024-01-09 12:00:00+00:00,16156.0,16156.0,16069.5,16074.5,3785
2024-01-09 16:00:00+00:00,16074.5,16110.5,16053.5,16068.5,6237
2024-01-09 20:00:00+00:00,16068.5,16092.5,16060.5,16084.0,1213
2024-01-10 00:00:00+00:00,16067.75,16201.5,16018.5,16200.5,5383
2024-01-10 04:00:00+00:00,16199.5,16233.5,16048.5,16085.5,10100
2024-01-10 08:00:00+00:00,16086.5,16132.5,16008.5,16103.5,7097
2024-01-10 12:00:00+00:00,16104.5,16113.0,16058.5,16070.5,3195
2024-01-10 16:00:00+00:00,16069.5,16120.5,16037.0,16061.5,5985
2024-01-10 20:00:00+00:00,16061.5,16092.0,16052.5,16087.5,1096
2024-01-11 00:00:00+00:00,16062.75,16196.5,16042.75,16169.5,5066
2024-01-11 04:00:00+00:00,16169.5,16435.5,16164.5,16392.5,11670
2024-01-11 08:00:00+00:00,16392.5,16398.5,16244.0,16250.5,7716
2024-01-11 12:00:00+00:00,16250.5,16303.5,16160.0,16167.5,4923
2024-01-11 16:00:00+00:00,16167.5,16247.5,16080.5,16139.5,10809
2024-01-11 20:00:00+00:00,16139.5,16160.0,16135.0,16154.5,1285
2024-01-12 00:00:00+00:00,16160.75,16323.5,16129.5,16285.5,5689
2024-01-12 04:00:00+00:00,16285.5,16368.5,16221.5,16239.5,10156
2024-01-12 08:00:00+00:00,16239.5,16265.5,16160.5,16189.5,6707
2024-01-12 12:00:00+00:00,16188.0,16255.5,16162.0,16255.5,4671
2024-01-12 16:00:00+00:00,16255.5,16357.5,16244.5,16254.5,8967
2024-01-12 20:00:00+00:00,16255.0,16262.0,16228.0,16236.0,944
2024-01-15 00:00:00+00:00,16200.75,16283.5,16072.5,16156.5,6110
2024-01-15 04:00:00+00:00,16156.5,16321.5,16149.5,16173.5,10841
2024-01-15 08:00:00+00:00,16175.5,16207.5,16140.5,16152.5,6662
2024-01-15 12:00:00+00:00,16152.5,16158.5,16074.5,16078.5,3270
2024-01-15 16:00:00+00:00,16078.5,16125.0,16051.5,16121.5,2898
2024-01-15 20:00:00+00:00,16121.5,16121.5,16103.0,16114.5,178
2024-01-16 00:00:00+00:00,16082.75,16172.5,15906.5,16154.5,6345
2024-01-16 04:00:00+00:00,16154.5,16177.5,15800.5,15813.5,13182
2024-01-16 08:00:00+00:00,15813.5,15891.5,15779.5,15822.5,10240
2024-01-16 12:00:00+00:00,15822.5,15894.5,15809.5,15845.5,5015
2024-01-16 16:00:00+00:00,15845.5,15865.5,15712.0,15731.0,9521
2024-01-16 20:00:00+00:00,15731.5,15750.5,15729.0,15735.5,1120
2024-01-17 00:00:00+00:00,15720.75,15740.5,15467.5,15511.5,5798
2024-01-17 04:00:00+00:00,15511.5,15525.5,15328.25,15331.25,11737
2024-01-17 08:00:00+00:00,15330.25,15332.25,15156.5,15240.5,11366
2024-01-17 12:00:00+00:00,15240.0,15273.0,15170.0,15174.5,4227
2024-01-17 16:00:00+00:00,15174.5,15270.0,15133.5,15198.5,8590
2024-01-17 20:00:00+00:00,15197.5,15261.0,15193.5,15258.75,1211
2024-01-18 00:00:00+00:00,15223.75,15368.5,15154.5,15368.5,6555
2024-01-18 04:00:00+00:00,15369.5,15373.5,15195.5,15305.5,15920
2024-01-18 08:00:00+00:00,15305.5,15426.75,15302.5,15363.0,10532
2024-01-18 12:00:00+00:00,15362.5,15405.5,15334.5,15351.0,4070
2024-01-18 16:00:00+00:00,15351.5,15421.5,15317.5,15345.0,7253
2024-01-18 20:00:00+00:00,15345.0,15352.5,15324.5,15348.5,1110
2024-01-19 00:00:00+00:00,15429.75,15506.5,15315.75,15504.5,6428
2024-01-19 04:00:00+00:00,15504.5,15505.5,15251.95,15255.95,13492
2024-01-19 08:00:00+00:00,15254.95,15309.95,15184.95,15295.95,8265
2024-01-19 12:00:00+00:00,15296.95,15353.95,15247.95,15260.95,3560
2024-01-19 16:00:00+00:00,15261.95,15476.95,15190.95,15442.95,9505
2024-01-19 20:00:00+00:00,15442.95,15443.95,15395.95,15410.95,1344
2024-01-22 00:00:00+00:00,15450.38,15457.38,15144.38,15158.38,5894
2024-01-22 04:00:00+00:00,15158.38,15167.38,14913.38,14937.38,14943
2024-01-22 08:00:00+00:00,14937.38,14994.38,14772.38,14973.38,10567
2024-01-22 12:00:00+00:00,14972.38,15020.38,14933.38,15004.38,3283
2024-01-22 16:00:00+00:00,15004.38,15146.38,14968.38,15131.38,6812
2024-01-22 20:00:00+00:00,15132.38,15134.38,15101.38,15125.38,915
2024-01-23 00:00:00+00:00,15087.45,15243.45,14978.45,15241.45,6309
2024-01-23 04:00:00+00:00,15240.45,15475.45,15160.45,15444.45,18916
2024-01-23 08:00:00+00:00,15445.45,15516.45,15287.45,15302.45,9235
2024-01-23 12:00:00+00:00,15300.45,15532.45,15272.45,15520.45,4648
2024-01-23 16:00:00+00:00,15519.45,15670.45,15500.45,15598.45,10250
2024-01-23 20:00:00+00:00,15598.45,15626.45,15586.45,15613.45,851
2024-01-24 00:00:00+00:00,15629.51,15716.51,15554.51,15574.51,5747
2024-01-24 04:00:00+00:00,15575.51,15616.51,15398.51,15559.51,16006
2024-01-24 08:00:00+00:00,15560.51,16116.51,15527.51,16066.51,15209
2024-01-24 12:00:00+00:00,16066.51,16222.51,16060.51,16206.51,4911
2024-01-24 16:00:00+00:00,16205.51,16234.51,16052.51,16114.51,9152
2024-01-24 20:00:00+00:00,16114.51,16121.51,16044.51,16063.51,1136
2024-01-25 00:00:00+00:00,16009.61,16009.61,15814.61,15966.61,5911
2024-01-25 04:00:00+00:00,15964.61,16222.61,15923.61,16166.61,16830
2024-01-25 08:00:00+00:00,16166.61,16243.61,16163.61,16207.61,8479
2024-01-25 12:00:00+00:00,16206.61,16237.61,16179.61,16204.61,4000
2024-01-25 16:00:00+00:00,16205.61,16296.61,16045.61,16073.61,10228
2024-01-25 20:00:00+00:00,16074.61,16094.61,16063.61,16071.61,1296
2024-01-26 00:00:00+00:00,16054.69,16221.69,16054.69,16143.69,5411
2024-01-26 04:00:00+00:00,16141.69,16239.69,16025.69,16137.69,13919
2024-01-26 08:00:00+00:00,16138.69,16139.69,15880.69,15984.69,13027
2024-01-26 12:00:00+00:00,15983.69,16039.69,15975.69,16026.69,3682
2024-01-26 16:00:00+00:00,16026.69,16118.69,15983.69,16081.69,6857
2024-01-26 20:00:00+00:00,16081.69,16090.69,16063.69,16069.69,771
2024-01-29 00:00:00+00:00,16052.7,16254.7,16045.7,16219.7,5814
2024-01-29 04:00:00+00:00,16219.7,16286.7,16033.7,16080.7,15731
2024-01-29 08:00:00+00:00,16081.7,16137.7,16049.7,16050.7,8632
2024-01-29 12:00:00+00:00,16050.7,16104.7,16042.7,16069.7,2245
2024-01-29 16:00:00+00:00,16069.7,16075.7,15832.7,15834.7,6235
2024-01-29 20:00:00+00:00,15835.7,15842.7,15783.7,15841.7,814
2024-01-30 00:00:00+00:00,15922.91,15950.91,15797.91,15830.91,5746
2024-01-30 04:00:00+00:00,15829.91,15871.91,15685.91,15780.91,15386
2024-01-30 08:00:00+00:00,15779.91,15813.91,15618.91,15631.91,10122
2024-01-30 12:00:00+00:00,15632.91,15670.91,15623.91,15652.91,3000
2024-01-30 16:00:00+00:00,15652.91,15725.91,15578.91,15668.91,6580
2024-01-30 20:00:00+00:00,15668.91,15672.91,15653.91,15661.91,577
2024-01-31 00:00:00+00:00,15698.13,15766.13,15594.13,15606.13,5829
2024-01-31 04:00:00+00:00,15606.13,15656.13,15482.13,15520.13,17331
2024-01-31 08:00:00+00:00,15519.13,15560.13,15432.13,15462.13,10684
2024-01-31 12:00:00+00:00,15462.13,15520.13,15427.13,15515.13,2752
2024-01-31 16:00:00+00:00,15515.13,15715.13,15497.13,15616.13,8912
2024-01-31 20:00:00+00:00,15616.13,15623.13,15572.13,15597.13,1139
2024-02-01 00:00:00+00:00,15603.37,15611.37,15437.37,15478.37,6355
2024-02-01 04:00:00+00:00,15478.37,15826.37,15475.37,15594.37,19027
2024-02-01 08:00:00+00:00,15594.37,15649.37,15529.37,15601.37,9793
2024-02-01 12:00:00+00:00,15601.37,15630.37,15595.37,15616.37,3156
2024-02-01 16:00:00+00:00,15616.37,15686.37,15537.37,15648.37,9259
2024-02-01 20:00:00+00:00,15647.37,15658.37,15624.37,15648.37,1305
2024-02-02 00:00:00+00:00,15693.61,15926.61,15693.61,15888.61,5921
2024-02-02 04:00:00+00:00,15886.61,15933.61,15538.61,15539.61,17582
2024-02-02 08:00:00+00:00,15538.61,15657.61,15443.61,15500.61,13461
2024-02-02 12:00:00+00:00,15500.61,15517.61,15377.61,15386.61,4228
2024-02-02 16:00:00+00:00,15386.61,15422.61,15305.61,15356.61,9461
2024-02-02 20:00:00+00:00,15357.61,15395.61,15356.61,15385.61,1262
2024-02-05 00:00:00+00:00,15373.15,15513.15,15269.15,15468.15,6935
2024-02-05 04:00:00+00:00,15468.15,15697.15,15371.15,15653.15,23950
2024-02-05 08:00:00+00:00,15653.15,15678.15,15490.15,15504.15,11571
2024-02-05 12:00:00+00:00,15505.15,15551.15,15458.15,15469.15,2822
2024-02-05 16:00:00+00:00,15469.15,15629.15,15436.15,15606.15,8097
2024-02-05 20:00:00+00:00,15607.15,15642.15,15595.15,15625.15,1000
2024-02-06 00:00:00+00:00,15578.41,15775.41,15541.41,15736.41,6495
2024-02-06 04:00:00+00:00,15737.41,16125.41,15713.41,16100.41,21109
2024-02-06 08:00:00+00:00,16100.41,16183.41,16077.41,16120.41,11055
2024-02-06 12:00:00+00:00,16120.41,16132.41,16080.41,16095.41,3043
2024-02-06 16:00:00+00:00,16095.41,16283.41,16032.41,16256.41,9628
2024-02-06 20:00:00+00:00,16256.41,16268.41,16221.41,16251.41,1143
2024-02-07 00:00:00+00:00,16309.66,16427.66,16244.66,16422.66,6678
2024-02-07 04:00:00+00:00,16423.66,16428.66,16070.66,16114.66,19343
2024-02-07 08:00:00+00:00,16114.66,16141.66,16047.66,16106.66,9124
2024-02-07 12:00:00+00:00,16106.66,16260.66,16023.66,16031.66,5409
2024-02-07 16:00:00+00:00,16031.66,16139.66,15963.66,15983.66,11144
2024-02-07 20:00:00+00:00,15983.66,16021.66,15978.66,16005.66,1494
2024-02-08 00:00:00+00:00,15997.89,16080.89,15933.89,16067.89,5852
2024-02-08 04:00:00+00:00,16065.89,16099.89,15859.89,15900.89,17072
2024-02-08 08:00:00+00:00,15899.89,15928.89,15816.89,15877.89,7665
2024-02-08 12:00:00+00:00,15877.89,15891.89,15793.89,15808.89,3029
2024-02-08 16:00:00+00:00,15807.89,15853.89,15713.89,15715.89,6384
2024-02-08 20:00:00+00:00,15715.89,15756.89,15714.89,15731.89,900
2024-02-09 00:00:00+00:00,15684.14,15701.14,15530.14,15554.14,4588
2024-02-09 04:00:00+00:00,15553.14,15763.14,15526.14,15733.14,7743
2024-02-14 00:00:00+00:00,15662.17,15662.17,15441.17,15582.17,5541
2024-02-14 04:00:00+00:00,15582.17,15845.17,15538.17,15830.17,10498
2024-02-14 08:00:00+00:00,15831.17,15998.17,15831.17,15956.17,6695
2024-02-14 12:00:00+00:00,15955.17,15966.17,15914.17,15914.17,3432
2024-02-14 16:00:00+00:00,15914.17,15947.17,15848.17,15918.17,7693
2024-02-14 20:00:00+00:00,15918.17,15952.17,15911.17,15929.17,931
2024-02-15 00:00:00+00:00,15880.45,15936.45,15743.45,15783.45,4535
2024-02-15 04:00:00+00:00,15783.45,16043.45,15731.45,15936.45,9777
2024-02-15 08:00:00+00:00,15936.45,15994.45,15906.45,15963.45,4945
2024-02-15 12:00:00+00:00,15963.45,16007.45,15952.45,15975.45,2702
2024-02-15 16:00:00+00:00,15972.45,16064.45,15960.45,16015.45,7488
2024-02-15 20:00:00+00:00,16015.45,16031.45,15999.45,16004.45,827
2024-02-16 00:00:00+00:00,16031.71,16089.71,15931.71,16076.71,4424
2024-02-16 04:00:00+00:00,16077.71,16395.71,16008.71,16363.71,10698
2024-02-16 08:00:00+00:00,16363.71,16412.71,16299.71,16340.71,7155
2024-02-16 12:00:00+00:00,16340.71,16392.71,16276.71,16309.71,3827
2024-02-16 16:00:00+00:00,16309.71,16398.71,16291.71,16360.71,8768
2024-02-16 20:00:00+00:00,16360.71,16361.71,16332.71,16347.71,1108
2024-02-19 00:00:00+00:00,16372.06,16400.06,16152.06,16176.06,5729
2024-02-19 04:00:00+00:00,16175.06,16252.06,16138.06,16174.06,13126
2024-02-19 08:00:00+00:00,16175.06,16235.06,16138.06,16164.06,6161
2024-02-19 12:00:00+00:00,16165.06,16195.06,16144.06,16194.06,1460
2024-02-19 16:00:00+00:00,16194.06,16210.06,16180.06,16195.06,1725
2024-02-19 20:00:00+00:00,16195.06,16203.06,16192.06,16201.06,132
2024-02-20 00:00:00+00:00,16140.41,16347.41,16055.41,16138.41,5807
2024-02-20 04:00:00+00:00,16137.41,16210.41,16066.41,16160.41,11516
2024-02-20 08:00:00+00:00,16160.41,16305.41,16151.41,16294.41,7013
2024-02-20 12:00:00+00:00,16294.41,16324.41,16268.41,16306.41,2553
2024-02-20 16:00:00+00:00,16307.41,16355.41,16134.41,16185.41,7032
2024-02-20 20:00:00+00:00,16185.41,16187.41,16169.41,16177.41,788
2024-02-21 00:00:00+00:00,16143.77,16496.77,16139.77,16490.77,5690
2024-02-21 04:00:00+00:00,16491.77,16769.77,16452.77,16640.77,16401
2024-02-21 08:00:00+00:00,16640.77,16664.77,16432.77,16436.77,9411
2024-02-21 12:00:00+00:00,16436.77,16525.77,16436.77,16450.77,3603
2024-02-21 16:00:00+00:00,16451.77,16557.77,16435.77,16457.77,6459
2024-02-21 20:00:00+00:00,16458.77,16467.77,16427.77,16440.77,1158
2024-02-22 00:00:00+00:00,16452.6,16557.6,16448.6,16524.6,5162
2024-02-22 04:00:00+00:00,16524.6,16679.6,16413.6,16623.6,12798
2024-02-22 08:00:00+00:00,16622.6,16794.6,16573.6,16741.6,8594
2024-02-22 12:00:00+00:00,16741.6,16747.6,16669.6,16674.6,2699
2024-02-22 16:00:00+00:00,16672.6,16686.6,16553.6,16662.6,7604
2024-02-22 20:00:00+00:00,16662.6,16673.6,16644.6,16657.6,689
2024-02-23 00:00:00+00:00,16637.44,16895.44,16604.44,16817.44,5406
2024-02-23 04:00:00+00:00,16816.44,16819.44,16669.44,16713.44,11257
2024-02-23 08:00:00+00:00,16713.44,16774.44,16686.44,16711.44,6306
2024-02-23 12:00:00+00:00,16711.44,16808.44,16708.44,16786.44,2669
2024-02-23 16:00:00+00:00,16785.44,16815.44,16655.44,16746.44,6253
2024-02-23 20:00:00+00:00,16746.44,16753.44,16727.44,16727.44,717
2024-02-26 00:00:00+00:00,16634.69,16767.69,16615.69,16645.69,5279
2024-02-26 04:00:00+00:00,16646.69,16693.69,16576.69,16656.69,11133
2024-02-26 08:00:00+00:00,16656.69,16656.69,16591.69,16649.69,6135
2024-02-26 12:00:00+00:00,16648.69,16702.69,16646.69,16675.69,1944
2024-02-26 16:00:00+00:00,16676.69,16745.69,16644.69,16674.69,5578
2024-02-26 20:00:00+00:00,16674.69,16678.69,16644.69,16644.69,822
2024-02-27 00:00:00+00:00,16683.25,16683.25,16537.25,16583.25,4535
2024-02-27 04:00:00+00:00,16583.25,16670.25,16433.25,16566.25,10746
2024-02-27 08:00:00+00:00,16566.25,16860.25,16538.25,16839.25,8134
2024-02-27 12:00:00+00:00,16838.25,16853.25,16795.25,16812.25,1952
2024-02-27 16:00:00+00:00,16810.25,16854.25,16790.25,16835.25,4123
2024-02-27 20:00:00+00:00,16835.25,16851.25,16826.25,16840.25,445
2024-02-28 00:00:00+00:00,16793.08,16875.08,16728.08,16782.08,4794
2024-02-28 04:00:00+00:00,16782.08,16839.08,16610.08,16639.08,15111
2024-02-28 08:00:00+00:00,16639.08,16648.08,16408.08,16419.08,10090
2024-02-28 12:00:00+00:00,16419.08,16503.08,16418.08,16495.08,3093
2024-02-28 16:00:00+00:00,16495.08,16513.08,16375.08,16408.08,5477
2024-02-28 20:00:00+00:00,16407.08,16415.08,16390.08,16414.08,704
2024-02-29 00:00:00+00:00,16447.91,16606.91,16392.91,16540.91,5194
2024-02-29 04:00:00+00:00,16542.91,16691.91,16471.91,16537.91,14611
2024-02-29 08:00:00+00:00,16536.91,16633.91,16409.91,16441.91,8903
2024-02-29 12:00:00+00:00,16441.91,16500.91,16406.91,16474.91,2995
2024-02-29 16:00:00+00:00,16474.91,16508.91,16344.91,16377.91,6767
2024-02-29 20:00:00+00:00,16377.91,16403.91,16367.91,16391.91,585
2024-03-01 00:00:00+00:00,16367.72,16458.72,16131.72,16456.72,6185
2024-03-01 04:00:00+00:00,16457.72,16629.72,16422.72,16523.72,15695
2024-03-01 08:00:00+00:00,16525.72,16616.72,16520.72,16543.72,7861
2024-03-01 12:00:00+00:00,16543.72,16579.72,16501.72,16532.72,2864
2024-03-01 16:00:00+00:00,16532.72,16594.72,16475.72,16580.72,6410
2024-03-01 20:00:00+00:00,16580.72,16598.72,16573.72,16591.72,561
2024-03-04 00:00:00+00:00,16590.42,16646.42,16479.42,16512.42,5736
2024-03-04 04:00:00+00:00,16513.42,16650.42,16452.42,16539.42,14536
2024-03-04 08:00:00+00:00,16539.42,16582.42,16477.42,16557.42,7123
2024-03-04 12:00:00+00:00,16557.42,16560.42,16525.42,16543.42,1957
2024-03-04 16:00:00+00:00,16543.42,16545.42,16359.42,16362.42,5729
2024-03-04 20:00:00+00:00,16362.42,16378.42,16345.42,16373.42,743
2024-03-05 00:00:00+00:00,16336.3,16438.3,16254.3,16412.3,5946
2024-03-05 04:00:00+00:00,16412.3,16423.3,16076.3,16091.3,14899
2024-03-05 08:00:00+00:00,16090.3,16186.3,16059.3,16124.3,9090
2024-03-05 12:00:00+00:00,16124.3,16199.3,16115.3,16199.3,2592
2024-03-05 16:00:00+00:00,16200.3,16244.3,16120.3,16155.3,6414
2024-03-05 20:00:00+00:00,16155.3,16164.3,16144.3,16151.3,698
2024-03-06 00:00:00+00:00,16121.02,16222.02,16121.02,16200.02,5126
2024-03-06 04:00:00+00:00,16202.02,16540.02,16173.02,16465.02,15267
2024-03-06 08:00:00+00:00,16466.02,16494.02,16343.02,16462.02,8521
2024-03-06 12:00:00+00:00,16462.02,16504.02,16437.02,16502.02,3030
2024-03-06 16:00:00+00:00,16502.02,16546.02,16457.02,16508.02,8347
2024-03-06 20:00:00+00:00,16508.02,16523.02,16455.02,16462.02,1413
2024-03-07 00:00:00+00:00,16373.14,16511.14,16344.14,16391.14,5439
2024-03-07 04:00:00+00:00,16391.14,16469.14,16252.14,16266.14,14333
2024-03-07 08:00:00+00:00,16266.14,16283.14,16106.14,16221.14,9096
2024-03-07 12:00:00+00:00,16221.14,16248.14,16191.14,16231.14,2741
2024-03-07 16:00:00+00:00,16230.14,16274.14,16177.14,16266.14,6337
2024-03-07 20:00:00+00:00,16266.14,16284.14,16264.14,16283.14,689
2024-03-08 00:00:00+00:00,16294.03,16487.03,16243.03,16418.03,5339
2024-03-08 04:00:00+00:00,16419.03,16467.03,16277.03,16461.03,13634
2024-03-08 08:00:00+00:00,16459.03,16465.03,16300.03,16311.03,8214
2024-03-08 12:00:00+00:00,16310.03,16393.03,16273.03,16344.03,4294
2024-03-08 16:00:00+00:00,16343.03,16394.03,16276.03,16316.03,9228
2024-03-08 20:00:00+00:00,16316.03,16352.03,16308.03,16338.03,1414
2024-03-11 04:00:00+00:00,16364.5,16623.5,16363.5,16556.5,17547
2024-03-11 08:00:00+00:00,16555.5,16591.5,16525.5,16580.5,11283
2024-03-11 12:00:00+00:00,16580.5,16607.5,16558.5,16593.5,3371
2024-03-11 16:00:00+00:00,16594.5,16733.5,16572.5,16685.5,8798
2024-03-11 20:00:00+00:00,16685.5,16708.5,16671.5,16681.5,2106
2024-03-12 04:00:00+00:00,16684.21,16882.21,16607.21,16871.21,17259
2024-03-12 08:00:00+00:00,16873.21,17172.21,16859.21,17091.21,16396
2024-03-12 12:00:00+00:00,17091.21,17163.21,17005.21,17048.21,5749
2024-03-12 16:00:00+00:00,16994.21,17077.21,16962.21,17037.21,10493
2024-03-12 20:00:00+00:00,17037.21,17064.21,17027.21,17044.21,2667
2024-03-13 04:00:00+00:00,17023.37,17176.37,17012.37,17140.37,16922
2024-03-13 08:00:00+00:00,17135.37,17217.37,17061.37,17084.37,12508
2024-03-13 12:00:00+00:00,17094.37,17117.37,17072.37,17115.37,2879
2024-03-13 16:00:00+00:00,17115.37,17214.37,17101.37,17129.37,7947
2024-03-13 20:00:00+00:00,17129.37,17146.37,17117.37,17127.37,2174
2024-03-14 04:00:00+00:00,17082.03,17203.03,16944.03,16978.03,15865
2024-03-14 08:00:00+00:00,16975.03,16990.03,16865.03,16939.03,11600
2024-03-14 12:00:00+00:00,16933.03,16961.03,16884.03,16886.03,3502
2024-03-14 16:00:00+00:00,16886.03,16909.03,16743.03,16777.03,8243
2024-03-14 20:00:00+00:00,16777.03,16783.03,16753.03,16756.03,2059
2024-03-15 04:00:00+00:00,16736.69,16812.69,16568.69,16590.69,14248
2024-03-15 08:00:00+00:00,16585.69,16716.69,16528.69,16690.69,11452
2024-03-15 12:00:00+00:00,16703.69,16746.69,16679.69,16724.69,3152
2024-03-15 16:00:00+00:00,16724.69,16783.69,16696.69,16704.69,7599
2024-03-15 20:00:00+00:00,16703.69,16727.69,16689.69,16720.69,2107
2024-03-18 04:00:00+00:00,16669.13,16801.13,16626.13,16709.13,16671
2024-03-18 08:00:00+00:00,16712.13,16793.13,16697.13,16733.13,10466
2024-03-18 12:00:00+00:00,16752.13,16752.13,16691.13,16702.13,2568
2024-03-18 16:00:00+00:00,16702.13,16726.13,16624.13,16633.13,5936
2024-03-18 20:00:00+00:00,16633.13,16666.13,16630.13,16660.13,1207
2024-03-19 04:00:00+00:00,16628.75,16680.75,16464.75,16529.75,14702
2024-03-19 08:00:00+00:00,16533.75,16575.75,16502.75,16531.75,9793
2024-03-19 12:00:00+00:00,16531.75,16557.75,16510.75,16555.75,2469
2024-03-19 16:00:00+00:00,16556.75,16629.75,16489.75,16623.75,5690
2024-03-19 20:00:00+00:00,16624.75,16643.75,16595.75,16606.75,1381
2024-03-20 04:00:00+00:00,16624.99,16652.99,16412.99,16550.99,14934
2024-03-20 08:00:00+00:00,16546.99,16611.99,16510.99,16560.99,8954
2024-03-20 12:00:00+00:00,16524.99,16584.99,16524.99,16575.99,2263
2024-03-20 16:00:00+00:00,16575.99,16639.99,16548.99,16591.99,5371
2024-03-20 20:00:00+00:00,16592.99,16698.99,16575.99,16692.99,4417
2024-03-21 04:00:00+00:00,16712.61,16991.61,16705.61,16842.61,16101
2024-03-21 08:00:00+00:00,16850.61,16956.61,16819.61,16837.61,10481
2024-03-21 12:00:00+00:00,16798.61,16817.61,16765.61,16787.61,3042
2024-03-21 16:00:00+00:00,16787.61,16794.61,16713.61,16745.61,5863
2024-03-21 20:00:00+00:00,16745.61,16754.61,16715.61,16728.61,1397
2024-03-22 04:00:00+00:00,16735.38,16768.38,16326.38,16347.38,15932
2024-03-22 08:00:00+00:00,16363.38,16560.38,16332.38,16495.38,14513
2024-03-22 12:00:00+00:00,16543.38,16543.38,16425.38,16501.38,4719
2024-03-22 16:00:00+00:00,16501.38,16535.38,16432.38,16508.38,5856
2024-03-22 20:00:00+00:00,16508.38,16515.38,16473.38,16488.38,1453
2024-03-25 04:00:00+00:00,16517.61,16634.61,16474.61,16582.61,16838
2024-03-25 08:00:00+00:00,16583.61,16605.61,16454.61,16488.61,11950
2024-03-25 12:00:00+00:00,16471.61,16489.61,16412.61,16453.61,2585
2024-03-25 16:00:00+00:00,16453.61,16526.61,16451.61,16486.61,4759
2024-03-25 20:00:00+00:00,16486.61,16509.61,16472.61,16506.61,947
2024-03-26 04:00:00+00:00,16541.79,16686.79,16476.79,16487.79,14793
2024-03-26 08:00:00+00:00,16476.79,16764.79,16476.79,16660.79,13607
2024-03-26 12:00:00+00:00,16665.79,16681.79,16598.79,16623.79,2422
2024-03-26 16:00:00+00:00,16623.79,16623.79,16537.79,16560.79,5140
2024-03-26 20:00:00+00:00,16560.79,16577.79,16552.79,16559.79,637
2024-03-27 04:00:00+00:00,16590.92,16620.92,16388.92,16500.92,16018
2024-03-27 08:00:00+00:00,16509.92,16531.92,16342.92,16369.92,12649
2024-03-27 12:00:00+00:00,16368.92,16415.92,16350.92,16371.92,2611
2024-03-27 16:00:00+00:00,16371.92,16463.92,16346.92,16435.92,5353
2024-03-27 20:00:00+00:00,16435.92,16460.92,16430.92,16450.92,1072
2024-03-28 04:00:00+00:00,16411.08,16706.08,16351.08,16680.08,16940
2024-03-28 08:00:00+00:00,16676.08,16743.08,16488.08,16538.08,13339
2024-03-28 12:00:00+00:00,16538.08,16589.08,16514.08,16586.08,2816
2024-03-28 16:00:00+00:00,16587.08,16679.08,16542.08,16622.08,5759
2024-03-28 20:00:00+00:00,16622.08,16626.08,16603.08,16613.08,1260
2024-04-02 04:00:00+00:00,16749.6,17041.6,16749.6,16969.6,15361
2024-04-02 08:00:00+00:00,16958.6,16990.6,16877.6,16943.6,10236
2024-04-02 12:00:00+00:00,16939.6,16983.6,16925.6,16958.6,2916
2024-04-02 16:00:00+00:00,16958.6,17047.6,16908.6,16992.6,7116
2024-04-02 20:00:00+00:00,16992.6,16994.6,16937.6,16947.6,1250
2024-04-03 04:00:00+00:00,16910.69,16949.69,16729.69,16813.69,14409
2024-04-03 08:00:00+00:00,16819.69,16822.69,16686.69,16712.69,10156
2024-04-03 12:00:00+00:00,16721.69,16756.69,16717.69,16731.69,2570
2024-04-03 16:00:00+00:00,16731.69,16829.69,16722.69,16815.69,6906
2024-04-03 20:00:00+00:00,16815.69,16853.69,16812.69,16839.69,1431
2024-04-05 04:00:00+00:00,16770.46,16846.46,16473.46,16602.46,14554
2024-04-05 08:00:00+00:00,16616.46,16797.46,16605.46,16703.46,10323
2024-04-05 12:00:00+00:00,16704.46,16749.46,16670.46,16689.46,3499
2024-04-05 16:00:00+00:00,16690.46,16778.46,16668.46,16777.46,6634
2024-04-05 20:00:00+00:00,16777.46,16780.46,16741.46,16746.46,1827
2024-04-08 04:00:00+00:00,16680.77,16915.77,16571.77,16707.77,18283
2024-04-08 08:00:00+00:00,16712.77,16812.77,16687.77,16744.77,11723
2024-04-08 12:00:00+00:00,16747.77,16805.77,16737.77,16805.77,3402
2024-04-08 16:00:00+00:00,16806.77,16883.77,16806.77,16822.77,6726
2024-04-08 20:00:00+00:00,16822.77,16824.77,16800.77,16802.77,1472
2024-04-09 04:00:00+00:00,16818.95,17035.95,16804.95,16845.95,15777
2024-04-09 08:00:00+00:00,16845.95,16907.95,16815.95,16827.95,9613
2024-04-09 12:00:00+00:00,16833.95,16894.95,16833.95,16880.95,3188
2024-04-09 16:00:00+00:00,16881.95,16961.95,16870.95,16903.95,8392
2024-04-09 20:00:00+00:00,16904.95,16915.95,16889.95,16912.95,1847
2024-04-10 04:00:00+00:00,16960.14,17212.14,16915.14,17165.14,15782
2024-04-10 08:00:00+00:00,17156.14,17215.14,17062.14,17153.14,13283
2024-04-10 12:00:00+00:00,17156.14,17164.14,16927.14,16935.14,5645
2024-04-10 16:00:00+00:00,16935.14,16959.14,16854.14,16882.14,10473
2024-04-10 20:00:00+00:00,16882.14,16894.14,16846.14,16866.14,4299
2024-04-11 04:00:00+00:00,16893.34,17010.34,16773.34,17002.34,15668
2024-04-11 08:00:00+00:00,17013.34,17152.34,17004.34,17090.34,12293
2024-04-11 12:00:00+00:00,17067.34,17087.34,17001.34,17050.34,5675
2024-04-11 16:00:00+00:00,17050.34,17080.34,16898.34,16921.34,9376
2024-04-11 20:00:00+00:00,16921.34,16997.34,16910.34,16982.34,2379
2024-04-12 04:00:00+00:00,16970.56,17022.56,16761.56,16776.56,14889
2024-04-12 08:00:00+00:00,16806.56,16847.56,16700.56,16738.56,11399
2024-04-12 12:00:00+00:00,16719.56,16728.56,16644.56,16651.56,4545
2024-04-12 16:00:00+00:00,16651.56,16653.56,16475.56,16488.56,11548
2024-04-12 20:00:00+00:00,16488.56,16493.56,16448.56,16456.56,3225
2024-04-15 04:00:00+00:00,16457.83,16632.83,16346.83,16591.83,17270
2024-04-15 08:00:00+00:00,16597.83,16648.83,16566.83,16578.83,11384
2024-04-15 12:00:00+00:00,16574.83,16616.83,16551.83,16610.83,4601
2024-04-15 16:00:00+00:00,16611.83,16635.83,16468.83,16477.83,10174
2024-04-15 20:00:00+00:00,16477.83,16482.83,16393.83,16401.83,4168
2024-04-16 04:00:00+00:00,16359.05,16440.05,16251.05,16271.05,16320
2024-04-16 08:00:00+00:00,16272.05,16346.05,16196.05,16263.05,13550
2024-04-16 12:00:00+00:00,16265.05,16304.05,16246.05,16252.05,5220
2024-04-16 16:00:00+00:00,16251.05,16255.05,16143.05,16230.05,11017
2024-04-16 20:00:00+00:00,16231.05,16278.05,16185.05,16244.05,6729
2024-04-17 04:00:00+00:00,16223.27,16303.27,16153.27,16223.27,15935
2024-04-17 08:00:00+00:00,16223.27,16282.27,16144.27,16278.27,12601
2024-04-17 12:00:00+00:00,16258.27,16279.27,16220.27,16238.27,4613
2024-04-17 16:00:00+00:00,16238.27,16280.27,16150.27,16168.27,10766
2024-04-17 20:00:00+00:00,16168.27,16239.27,16165.27,16213.27,4231
2024-04-18 04:00:00+00:00,16183.5,16502.5,16183.5,16455.5,17496
2024-04-18 08:00:00+00:00,16454.5,16461.5,16354.5,16357.5,12345
2024-04-18 12:00:00+00:00,16351.5,16363.5,16305.5,16329.5,4655
2024-04-18 16:00:00+00:00,16329.5,16434.5,16316.5,16360.5,10586
2024-04-18 20:00:00+00:00,16360.5,16366.5,16329.5,16345.5,3539
2024-04-19 04:00:00+00:00,16203.75,16246.75,16021.75,16168.75,22673
2024-04-19 08:00:00+00:00,16163.75,16241.75,16098.75,16228.75,14079
2024-04-19 12:00:00+00:00,16228.75,16312.75,16213.75,16309.75,5378
2024-04-19 16:00:00+00:00,16308.75,16365.75,16273.75,16314.75,11830
2024-04-19 20:00:00+00:00,16314.75,16351.75,16301.75,16310.75,4938
2024-04-22 04:00:00+00:00,16342.03,16645.03,16342.03,16506.03,17266
2024-04-22 08:00:00+00:00,16514.03,16579.03,16497.03,16511.03,11496
2024-04-22 12:00:00+00:00,16522.03,16538.03,16508.03,16522.03,4738
2024-04-22 16:00:00+00:00,16522.03,16614.03,16453.03,16614.03,8340
2024-04-22 20:00:00+00:00,16614.03,16679.03,16610.03,16662.03,2752
2024-04-23 04:00:00+00:00,16672.38,16804.38,16601.38,16797.38,17179
2024-04-23 08:00:00+00:00,16789.38,16869.38,16753.38,16866.38,11721
2024-04-23 12:00:00+00:00,16847.38,16854.38,16811.38,16820.38,3909
2024-04-23 16:00:00+00:00,16820.38,16917.38,16786.38,16909.38,9783
2024-04-23 20:00:00+00:00,16909.38,16923.38,16902.38,16914.38,2402
2024-04-24 04:00:00+00:00,16956.74,17160.74,16936.74,17123.74,14400
2024-04-24 08:00:00+00:00,17114.74,17246.74,17107.74,17242.74,11302
2024-04-24 12:00:00+00:00,17235.74,17241.74,17170.74,17174.74,3652
2024-04-24 16:00:00+00:00,17174.74,17205.74,17111.74,17130.74,9321
2024-04-24 20:00:00+00:00,17130.74,17183.74,17127.74,17172.74,2832
2024-04-25 04:00:00+00:00,17127.08,17464.08,17091.08,17316.08,17169
2024-04-25 08:00:00+00:00,17316.08,17334.08,17209.08,17334.08,11975
2024-04-25 12:00:00+00:00,17345.08,17364.08,17168.08,17200.08,5178
2024-04-25 16:00:00+00:00,17200.08,17295.08,17139.08,17288.08,12268
2024-04-25 20:00:00+00:00,17288.08,17336.08,17286.08,17313.08,3975
2024-04-26 04:00:00+00:00,17342.14,17655.14,17329.14,17642.14,13801
2024-04-26 08:00:00+00:00,17642.14,17779.14,17612.14,17678.14,11418
2024-04-26 12:00:00+00:00,17666.14,17712.14,17629.14,17657.14,4466
2024-04-26 16:00:00+00:00,17657.14,17702.14,17570.14,17590.14,6986
2024-04-26 20:00:00+00:00,17590.14,17624.14,17587.14,17615.14,1100
2024-04-29 04:00:00+00:00,17684.75,18060.75,17675.75,17893.75,21984
2024-04-29 08:00:00+00:00,17896.75,17917.75,17728.75,17748.75,14770
2024-04-29 12:00:00+00:00,17749.75,17777.75,17686.75,17702.75,3488
2024-04-29 16:00:00+00:00,17703.75,17779.75,17661.75,17762.75,8290
2024-04-29 20:00:00+00:00,17762.75,17778.75,17748.75,17770.75,1782
2024-04-30 04:00:00+00:00,17798.94,17916.94,17764.94,17802.94,16963
2024-04-30 08:00:00+00:00,17792.94,17828.94,17704.94,17789.94,13126
2024-04-30 12:00:00+00:00,17766.94,17799.94,17656.94,17664.94,4750
2024-04-30 16:00:00+00:00,17664.94,17731.94,17590.94,17592.94,9852
2024-04-30 20:00:00+00:00,17592.94,17624.94,17590.94,17598.94,2454
2024-05-02 04:00:00+00:00,17738.17,18226.17,17738.17,18176.17,18404
2024-05-02 08:00:00+00:00,18186.17,18292.17,18151.17,18238.17,12278
2024-05-02 12:00:00+00:00,18222.17,18261.17,18206.17,18233.17,4427
2024-05-02 16:00:00+00:00,18233.17,18481.17,18189.17,18474.17,14002
2024-05-02 20:00:00+00:00,18474.17,18653.17,18474.17,18596.17,4654
2024-05-03 04:00:00+00:00,18585.24,18657.24,18379.24,18432.24,17983
2024-05-03 08:00:00+00:00,18420.24,18553.24,18406.24,18488.24,10700
2024-05-03 12:00:00+00:00,18482.24,18767.24,18482.24,18674.24,6963
2024-05-03 16:00:00+00:00,18674.24,18685.24,18490.24,18525.24,13680
2024-05-03 20:00:00+00:00,18525.24,18604.24,18517.24,18600.24,2265
2024-05-06 04:00:00+00:00,18573.42,18619.42,18417.42,18493.42,16945
2024-05-06 08:00:00+00:00,18476.42,18629.42,18456.42,18607.42,11929
2024-05-06 12:00:00+00:00,18606.42,18720.42,18603.42,18695.42,4044
2024-05-06 16:00:00+00:00,18695.42,18715.42,18573.42,18636.42,8879
2024-05-06 20:00:00+00:00,18636.42,18656.42,18609.42,18621.42,1899
2024-05-07 04:00:00+00:00,18609.55,18665.55,18439.55,18448.55,15140
2024-05-07 08:00:00+00:00,18446.55,18540.55,18436.55,18489.55,9708
2024-05-07 12:00:00+00:00,18496.55,18513.55,18453.55,18509.55,3463
2024-05-07 16:00:00+00:00,18510.55,18548.55,18473.55,18513.55,7762
2024-05-07 20:00:00+00:00,18513.55,18534.55,18479.55,18494.55,1869
2024-05-08 04:00:00+00:00,18498.02,18637.02,18417.02,18442.02,17035
2024-05-08 08:00:00+00:00,18440.02,18470.02,18311.02,18316.02,11573
2024-05-08 12:00:00+00:00,18307.02,18332.02,18236.02,18268.02,3706
2024-05-08 16:00:00+00:00,18267.02,18380.02,18246.02,18351.02,7348
2024-05-08 20:00:00+00:00,18351.02,18375.02,18336.02,18370.02,1730
2024-05-09 04:00:00+00:00,18352.55,18577.55,18295.55,18561.55,16129
2024-05-09 08:00:00+00:00,18560.55,18589.55,18503.55,18552.55,11285
2024-05-09 12:00:00+00:00,18535.55,18708.55,18528.55,18668.55,5482
2024-05-09 16:00:00+00:00,18668.55,18707.55,18593.55,18671.55,7444
2024-05-09 20:00:00+00:00,18671.55,18692.55,18664.55,18692.55,1797
2024-05-10 04:00:00+00:00,18730.65,18900.65,18640.65,18878.65,17283
2024-05-10 08:00:00+00:00,18879.65,19022.65,18870.65,18985.65,12157
2024-05-10 12:00:00+00:00,19013.65,19101.65,18998.65,19046.65,4866
2024-05-10 16:00:00+00:00,19046.65,19091.65,18939.65,18962.65,8074
2024-05-10 20:00:00+00:00,18963.65,18964.65,18933.65,18956.65,1574
2024-05-13 04:00:00+00:00,18914.4,19117.4,18828.4,19063.4,17487
2024-05-13 08:00:00+00:00,19063.4,19147.4,19049.4,19129.4,12844
2024-05-13 12:00:00+00:00,19156.4,19167.4,19099.4,19143.4,2998
2024-05-13 16:00:00+00:00,19143.4,19318.4,19136.4,19262.4,8584
2024-05-13 20:00:00+00:00,19262.4,19263.4,19234.4,19251.4,1464
2024-05-14 04:00:00+00:00,19223.81,19327.81,19097.81,19121.81,15894
2024-05-14 08:00:00+00:00,19117.81,19157.81,19060.81,19113.81,9159
2024-05-14 12:00:00+00:00,19155.81,19210.81,18977.81,19078.81,6363
2024-05-14 16:00:00+00:00,19078.81,19158.81,19057.81,19122.81,8589
2024-05-14 20:00:00+00:00,19122.81,19127.81,19093.81,19107.81,1742
2024-05-16 04:00:00+00:00,19340.62,19419.62,19131.62,19405.62,19673
2024-05-16 08:00:00+00:00,19396.62,19470.62,19324.62,19369.62,13424
2024-05-16 12:00:00+00:00,19422.62,19509.62,19406.62,19452.62,4666
2024-05-16 16:00:00+00:00,19452.62,19621.62,19369.62,19572.62,12818
2024-05-16 20:00:00+00:00,19572.62,19608.62,19566.62,19599.62,2106
2024-05-17 04:00:00+00:00,19547.68,19608.68,19362.68,19436.68,16024
2024-05-17 08:00:00+00:00,19437.68,19631.68,19405.68,19565.68,13530
2024-05-17 12:00:00+00:00,19560.68,19606.68,19528.68,19595.68,3221
2024-05-17 16:00:00+00:00,19595.68,19794.68,19551.68,19757.68,10413
2024-05-17 20:00:00+00:00,19756.68,19773.68,19704.68,19726.68,1728
2024-05-20 04:00:00+00:00,19703.89,19721.89,19599.89,19686.89,17935
2024-05-20 08:00:00+00:00,19690.89,19738.89,19610.89,19665.89,10915
2024-05-20 12:00:00+00:00,19655.89,19660.89,19501.89,19521.89,4062
2024-05-20 16:00:00+00:00,19521.89,19622.89,19512.89,19532.89,8750
2024-05-20 20:00:00+00:00,19533.89,19548.89,19507.89,19526.89,1766
2024-05-21 04:00:00+00:00,19498.31,19539.31,19215.31,19261.31,15109
2024-05-21 08:00:00+00:00,19257.31,19331.31,19198.31,19230.31,11079
2024-05-21 12:00:00+00:00,19219.31,19263.31,19198.31,19229.31,3536
2024-05-21 16:00:00+00:00,19228.31,19306.31,19159.31,19192.31,9510
2024-05-21 20:00:00+00:00,19191.31,19251.31,19171.31,19245.31,1963
2024-05-22 04:00:00+00:00,19251.04,19379.04,19171.04,19281.04,15684
2024-05-22 08:00:00+00:00,19280.04,19325.04,19188.04,19198.04,9874
2024-05-22 12:00:00+00:00,19198.04,19228.04,19154.04,19154.04,3336
2024-05-22 16:00:00+00:00,19154.04,19202.04,19068.04,19082.04,8977
2024-05-22 20:00:00+00:00,19083.04,19103.04,19038.04,19056.04,3034
2024-05-23 04:00:00+00:00,19103.61,19121.61,18792.61,18949.61,16364
2024-05-23 08:00:00+00:00,18950.61,18950.61,18839.61,18908.61,12084
2024-05-23 12:00:00+00:00,18907.61,18972.61,18902.61,18929.61,3627
2024-05-23 16:00:00+00:00,18930.61,18979.61,18730.61,18744.61,11398
2024-05-23 20:00:00+00:00,18744.61,18749.61,18644.61,18647.61,3944
2024-05-24 04:00:00+00:00,18682.17,18871.17,18574.17,18638.17,16477
2024-05-24 08:00:00+00:00,18641.17,18674.17,18534.17,18605.17,11244
2024-05-24 12:00:00+00:00,18629.17,18676.17,18609.17,18641.17,3641
2024-05-24 16:00:00+00:00,18641.17,18741.17,18596.17,18702.17,10522
2024-05-24 20:00:00+00:00,18701.17,18729.17,18691.17,18696.17,2175
2024-05-27 04:00:00+00:00,18648.98,18734.98,18514.98,18673.98,16585
2024-05-27 08:00:00+00:00,18671.98,18869.98,18671.98,18827.98,12780
2024-05-28 04:00:00+00:00,18816.85,18991.85,18748.85,18927.85,15313
2024-05-28 08:00:00+00:00,18921.85,18923.85,18762.85,18804.85,11298
2024-05-28 12:00:00+00:00,18806.85,18819.85,18713.85,18797.85,3933
2024-05-28 16:00:00+00:00,18797.85,18827.85,18680.85,18737.85,8149
2024-05-28 20:00:00+00:00,18737.85,18740.85,18686.85,18698.85,2307
2024-05-29 04:00:00+00:00,18611.88,18677.88,18491.88,18524.88,14713
2024-05-29 08:00:00+00:00,18524.88,18559.88,18425.88,18470.88,11720
2024-05-29 12:00:00+00:00,18466.88,18484.88,18397.88,18424.88,3322
2024-05-29 16:00:00+00:00,18424.88,18463.88,18372.88,18457.88,7992
2024-05-29 20:00:00+00:00,18457.88,18469.88,18401.88,18410.88,1536
2024-05-30 04:00:00+00:00,18343.52,18515.52,18236.52,18249.52,15581
2024-05-30 08:00:00+00:00,18228.52,18244.52,18152.52,18181.52,12134
2024-05-30 12:00:00+00:00,18204.52,18298.52,18196.52,18284.52,3875
2024-05-30 16:00:00+00:00,18284.52,18435.52,18252.52,18419.52,9002
2024-05-30 20:00:00+00:00,18420.52,18469.52,18418.52,18433.52,1996
2024-05-31 04:00:00+00:00,18414.47,18525.47,18356.22,18376.47,19565
2024-05-31 08:00:00+00:00,18372.47,18398.22,18020.47,18065.47,20998
2024-05-31 12:00:00+00:00,18012.47,18193.22,18012.47,18161.47,7084
2024-05-31 16:00:00+00:00,18161.47,18181.47,18051.47,18122.47,11518
2024-05-31 20:00:00+00:00,18123.47,18166.22,18121.47,18138.47,2220
2024-06-03 04:00:00+00:00,18294.58,18558.33,18253.58,18489.58,21360
2024-06-03 08:00:00+00:00,18482.33,18531.33,18352.58,18413.58,17290
2024-06-03 12:00:00+00:00,18404.58,18414.58,18380.58,18382.58,4231
2024-06-03 16:00:00+00:00,18382.58,18438.58,18199.58,18217.58,13258
2024-06-03 20:00:00+00:00,18216.58,18273.58,18191.58,18263.33,3900
2024-06-04 04:00:00+00:00,18275.07,18511.82,18244.82,18409.07,21832
2024-06-04 08:00:00+00:00,18407.07,18508.07,18372.82,18387.07,16769
2024-06-04 12:00:00+00:00,18311.07,18467.07,18300.07,18449.07,7079
2024-06-04 16:00:00+00:00,18449.07,18493.07,18323.07,18375.07,13305
2024-06-04 20:00:00+00:00,18375.07,18435.82,18358.07,18431.82,3500
2024-06-05 04:00:00+00:00,18432.5,18701.25,18419.25,18466.5,21724
2024-06-05 08:00:00+00:00,18469.5,18498.25,18339.25,18374.5,15470
2024-06-05 12:00:00+00:00,18380.5,18451.5,18376.5,18433.5,4449
2024-06-05 16:00:00+00:00,18434.5,18473.5,18364.5,18446.25,11368
2024-06-05 20:00:00+00:00,18446.25,18480.5,18422.5,18468.5,2202
2024-06-06 04:00:00+00:00,18469.16,18670.16,18443.16,18493.16,22462
2024-06-06 08:00:00+00:00,18486.16,18514.16,18346.91,18461.16,16850
2024-06-06 12:00:00+00:00,18516.16,18529.16,18465.91,18489.16,5368
2024-06-06 16:00:00+00:00,18489.16,18549.16,18418.16,18511.16,10809
2024-06-06 20:00:00+00:00,18511.16,18539.91,18491.16,18529.16,2546
2024-06-07 04:00:00+00:00,18562.05,18589.05,18305.05,18345.05,22176
2024-06-07 08:00:00+00:00,18345.05,18383.05,18248.05,18300.05,17147
2024-06-07 12:00:00+00:00,18294.05,18348.05,18155.05,18184.05,7819
2024-06-07 16:00:00+00:00,18184.05,18263.05,18126.8,18138.8,11770
2024-06-07 20:00:00+00:00,18138.8,18150.05,18093.05,18123.05,3544
2024-06-11 04:00:00+00:00,18107.83,18169.58,17954.58,18022.83,23223
2024-06-11 08:00:00+00:00,18021.83,18248.83,18013.58,18147.83,18981
2024-06-11 12:00:00+00:00,18116.83,18141.83,18064.58,18137.58,6139
2024-06-11 16:00:00+00:00,18137.58,18153.58,17975.83,18005.83,11001
2024-06-11 20:00:00+00:00,18005.83,18062.83,17998.83,18045.83,2771
2024-06-12 04:00:00+00:00,18004.67,18021.42,17807.67,17885.42,21749
2024-06-12 08:00:00+00:00,17876.67,17965.42,17865.67,17916.67,16294
2024-06-12 12:00:00+00:00,17922.67,18092.42,17880.67,18082.67,6840
2024-06-12 16:00:00+00:00,18083.67,18127.42,18020.67,18117.67,12488
2024-06-12 20:00:00+00:00,18117.67,18136.42,18011.67,18012.67,6823
2024-06-13 04:00:00+00:00,18050.92,18152.92,17933.67,17991.92,20957
2024-06-13 08:00:00+00:00,17989.92,18103.67,17952.92,18076.92,15373
2024-06-13 12:00:00+00:00,18075.92,18158.92,18025.67,18057.92,6097
2024-06-13 16:00:00+00:00,18058.67,18115.67,17893.67,17913.92,13312
2024-06-13 20:00:00+00:00,17913.92,17945.92,17909.67,17945.92,2864
2024-06-14 04:00:00+00:00,17975.08,18080.08,17887.08,17957.83,21264
2024-06-14 08:00:00+00:00,17954.08,18019.83,17858.08,17903.08,19708
2024-06-14 12:00:00+00:00,17878.08,17900.83,17783.08,17817.08,8727
2024-06-14 16:00:00+00:00,17817.08,17835.83,17741.08,17783.08,12438
2024-06-14 20:00:00+00:00,17783.08,17790.08,17753.08,17781.08,2915
2024-06-17 04:00:00+00:00,17790.98,18117.98,17691.98,17962.98,24518
2024-06-17 08:00:00+00:00,17952.98,18004.73,17911.73,17945.98,15057
2024-06-17 12:00:00+00:00,17926.98,17946.73,17889.98,17910.98,4073
2024-06-17 16:00:00+00:00,17910.73,17944.73,17872.98,17942.98,8578
2024-06-17 20:00:00+00:00,17942.98,18028.98,17941.98,18014.98,3137
2024-06-18 04:00:00+00:00,17964.29,18034.04,17840.29,17878.04,21673
2024-06-18 08:00:00+00:00,17882.29,17947.29,17834.29,17889.29,15252
2024-06-18 12:00:00+00:00,17914.29,17969.29,17888.04,17958.29,5149
2024-06-18 16:00:00+00:00,17958.29,18067.29,17922.29,18059.29,11146
2024-06-18 20:00:00+00:00,18060.29,18064.29,18018.04,18024.29,2489
2024-06-19 04:00:00+00:00,18067.77,18324.52,18028.77,18262.77,22085
2024-06-19 08:00:00+00:00,18247.77,18454.77,18237.52,18423.77,18434
2024-06-19 12:00:00+00:00,18415.77,18430.77,18400.77,18421.77,3609
2024-06-19 16:00:00+00:00,18421.77,18424.52,18392.77,18407.77,4016
2024-06-19 20:00:00+00:00,18407.77,18408.52,18391.52,18396.77,479
2024-06-20 04:00:00+00:00,18417.94,18511.94,18321.69,18336.94,21276
2024-06-20 08:00:00+00:00,18342.94,18365.94,18261.69,18293.94,16665
2024-06-20 12:00:00+00:00,18303.94,18319.69,18255.94,18260.94,4376
2024-06-20 16:00:00+00:00,18260.94,18271.69,18144.94,18174.94,12797
2024-06-20 20:00:00+00:00,18174.69,18199.69,18143.69,18198.69,4396
2024-06-21 04:00:00+00:00,18149.1,18208.85,17958.85,18004.1,21811
2024-06-21 08:00:00+00:00,18005.1,18094.85,17975.85,18021.1,18802
2024-06-21 12:00:00+00:00,18011.1,18054.85,17980.85,18032.1,4465
2024-06-21 16:00:00+00:00,18032.85,18059.1,17956.1,17982.1,9663
2024-06-21 20:00:00+00:00,17982.1,17987.85,17954.85,17976.85,2309
2024-06-24 04:00:00+00:00,17936.62,17946.62,17792.37,17856.62,24293
2024-06-24 08:00:00+00:00,17853.62,18081.37,17843.62,18076.62,22297
2024-06-24 12:00:00+00:00,18063.62,18092.62,18030.37,18085.62,4867
2024-06-24 16:00:00+00:00,18086.37,18278.62,18086.37,18159.62,10339
2024-06-24 20:00:00+00:00,18159.62,18174.62,18127.62,18165.62,3223
2024-06-25 04:00:00+00:00,18164.11,18249.86,18066.11,18125.11,25067
2024-06-25 08:00:00+00:00,18122.11,18177.11,17965.86,18084.11,22881
2024-06-25 12:00:00+00:00,18097.11,18106.11,18010.86,18017.11,4326
2024-06-25 16:00:00+00:00,18017.11,18035.11,17925.11,17947.11,8773
2024-06-25 20:00:00+00:00,17947.11,17973.86,17938.86,17965.11,2282
2024-06-26 04:00:00+00:00,17936.33,18129.33,17906.08,18079.33,19729
2024-06-26 08:00:00+00:00,18077.33,18169.33,18046.33,18079.33,17582
2024-06-26 12:00:00+00:00,18077.33,18086.33,17978.08,17980.33,4209
2024-06-26 16:00:00+00:00,17980.33,17990.33,17924.33,17960.33,7971
2024-06-26 20:00:00+00:00,17960.33,17963.33,17944.08,17957.33,903
2024-06-27 04:00:00+00:00,17915.75,17940.75,17700.75,17719.75,20033
2024-06-27 08:00:00+00:00,17721.75,17753.75,17667.5,17718.75,17695
2024-06-27 12:00:00+00:00,17747.75,17770.75,17705.75,17751.75,5024
2024-06-27 16:00:00+00:00,17751.75,17764.5,17629.75,17642.75,9797
2024-06-27 20:00:00+00:00,17642.75,17651.75,17594.5,17618.75,2820
2024-06-28 04:00:00+00:00,17581.17,17873.17,17535.17,17820.92,22803
2024-06-28 08:00:00+00:00,17819.17,17840.92,17695.17,17740.17,17677
2024-06-28 12:00:00+00:00,17770.17,17809.92,17741.17,17746.17,4485
2024-06-28 16:00:00+00:00,17745.92,17785.17,17651.17,17675.92,10605
2024-06-28 20:00:00+00:00,17675.92,17686.17,17656.17,17677.17,2334
2024-07-02 04:00:00+00:00,17686.07,18002.07,17594.07,17828.07,22831
2024-07-02 08:00:00+00:00,17820.07,17847.07,17726.82,17791.07,16597
2024-07-02 12:00:00+00:00,17804.07,17826.07,17777.82,17805.07,4821
2024-07-02 16:00:00+00:00,17804.82,17875.07,17776.07,17835.82,10893
2024-07-02 20:00:00+00:00,17835.82,17887.07,17834.07,17882.07,2464
2024-07-03 04:00:00+00:00,17833.64,18035.64,17802.39,17989.64,23577
2024-07-03 08:00:00+00:00,17990.64,18016.64,17916.39,17956.64,14748
2024-07-03 12:00:00+00:00,17959.64,18025.64,17959.64,18018.64,3567
2024-07-03 16:00:00+00:00,18018.64,18157.64,18002.64,18134.64,11442
2024-07-03 20:00:00+00:00,18134.64,18137.64,18097.64,18102.64,1124
2024-07-04 04:00:00+00:00,18039.13,18134.13,17958.13,17981.13,20660
2024-07-04 08:00:00+00:00,17976.13,18045.88,17928.13,18045.13,15715
2024-07-04 12:00:00+00:00,18049.13,18067.88,18023.13,18044.13,3023
2024-07-04 16:00:00+00:00,18044.13,18056.13,17983.13,18023.13,4440
2024-07-04 20:00:00+00:00,18022.13,18028.13,18013.13,18016.13,343
2024-07-05 04:00:00+00:00,18010.54,18094.54,17795.54,17818.54,21437
2024-07-05 08:00:00+00:00,17818.54,17885.29,17755.54,17773.54,16842
2024-07-05 12:00:00+00:00,17778.54,17787.54,17702.54,17735.54,5701
2024-07-05 16:00:00+00:00,17735.54,17749.54,17584.29,17673.54,11401
2024-07-05 20:00:00+00:00,17674.54,17711.29,17664.29,17710.54,2308
2024-07-08 04:00:00+00:00,17554.74,17713.49,17504.74,17541.74,19884
2024-07-08 08:00:00+00:00,17545.74,17545.74,17443.49,17530.74,15743
2024-07-08 12:00:00+00:00,17529.74,17532.74,17483.74,17499.74,3919
2024-07-08 16:00:00+00:00,17499.74,17507.49,17423.74,17464.74,8426
2024-07-08 20:00:00+00:00,17465.49,17487.74,17458.74,17473.74,1761
2024-07-09 04:00:00+00:00,17499.14,17516.89,17355.89,17430.14,21799
2024-07-09 08:00:00+00:00,17431.14,17613.89,17431.14,17482.14,17937
2024-07-09 12:00:00+00:00,17485.14,17504.14,17401.14,17424.14,3868
2024-07-09 16:00:00+00:00,17424.14,17586.89,17412.89,17584.89,10938
2024-07-09 20:00:00+00:00,17584.89,17616.89,17579.14,17597.14,3277
2024-07-10 04:00:00+00:00,17634.53,17763.28,17536.28,17551.53,20683
2024-07-10 08:00:00+00:00,17555.53,17555.53,17432.53,17459.53,14565
2024-07-10 12:00:00+00:00,17471.53,17552.53,17460.53,17545.53,3819
2024-07-10 16:00:00+00:00,17546.28,17589.28,17507.28,17557.28,10291
2024-07-10 20:00:00+00:00,17557.28,17579.53,17541.53,17575.53,2333
2024-07-11 04:00:00+00:00,17581.95,17793.7,17574.95,17730.95,20250
2024-07-11 08:00:00+00:00,17718.95,17860.7,17714.95,17813.95,15711
2024-07-11 12:00:00+00:00,17808.95,17931.95,17794.95,17894.95,5710
2024-07-11 16:00:00+00:00,17893.95,17999.7,17872.95,17928.95,15787
2024-07-11 20:00:00+00:00,17928.95,17967.95,17920.95,17935.95,3865
2024-07-12 04:00:00+00:00,17968.43,18224.43,17958.43,18187.18,21100
2024-07-12 08:00:00+00:00,18175.43,18336.43,18168.18,18324.43,16714
2024-07-12 12:00:00+00:00,18328.43,18346.18,18250.43,18300.43,6635
2024-07-12 16:00:00+00:00,18302.43,18382.43,18220.43,18234.43,13367
2024-07-12 20:00:00+00:00,18235.43,18239.18,18217.18,18221.43,2599
2024-07-15 04:00:00+00:00,18184.34,18232.09,18003.34,18030.09,18250
2024-07-15 08:00:00+00:00,18029.34,18070.09,17929.34,18020.34,13548
2024-07-15 12:00:00+00:00,18025.34,18028.34,17946.34,17963.34,4759
2024-07-15 16:00:00+00:00,17964.09,17977.09,17837.34,17843.34,13123
2024-07-15 20:00:00+00:00,17843.34,17846.09,17805.09,17834.34,4955
2024-07-16 04:00:00+00:00,17848.76,17881.76,17708.76,17750.76,20405
2024-07-16 08:00:00+00:00,17746.51,17798.51,17697.51,17708.76,15820
2024-07-16 12:00:00+00:00,17737.76,17737.76,17668.76,17688.51,6779
2024-07-16 16:00:00+00:00,17688.76,17769.76,17631.76,17765.76,13394
2024-07-16 20:00:00+00:00,17764.76,17815.76,17751.76,17809.51,3233
2024-07-17 04:00:00+00:00,17745.18,17796.18,17644.18,17727.18,21594
2024-07-17 08:00:00+00:00,17718.18,17814.18,17676.93,17709.18,17970
2024-07-17 12:00:00+00:00,17744.18,17785.18,17701.18,17702.18,7474
2024-07-17 16:00:00+00:00,17702.18,17766.18,17626.18,17658.18,14383
2024-07-17 20:00:00+00:00,17658.18,17665.93,17629.93,17655.18,4207
2024-07-18 04:00:00+00:00,17657.59,17807.59,17605.59,17778.59,22106
2024-07-18 08:00:00+00:00,17769.59,17862.59,17748.34,17776.59,17584
2024-07-18 12:00:00+00:00,17791.59,17791.59,17690.59,17706.59,6777
2024-07-18 16:00:00+00:00,17708.34,17761.59,17551.59,17596.59,15950
2024-07-18 20:00:00+00:00,17596.59,17610.59,17547.59,17552.34,5101
2024-07-19 04:00:00+00:00,17557.02,17612.77,17350.77,17375.02,21038
2024-07-19 08:00:00+00:00,17371.02,17445.77,17360.77,17410.02,17354
2024-07-19 12:00:00+00:00,17416.02,17440.77,17370.02,17435.02,7257
2024-07-19 16:00:00+00:00,17435.02,17473.77,17397.02,17443.02,13653
2024-07-19 20:00:00+00:00,17443.02,17443.02,17402.77,17420.02,4003
2024-07-22 04:00:00+00:00,17455.57,17576.32,17298.57,17553.32,22954
2024-07-22 08:00:00+00:00,17563.57,17695.57,17506.57,17641.57,17189
2024-07-22 12:00:00+00:00,17639.57,17718.32,17629.57,17697.57,4747
2024-07-22 16:00:00+00:00,17696.57,17749.57,17630.57,17710.57,12852
2024-07-22 20:00:00+00:00,17709.57,17728.32,17707.57,17725.32,3349
2024-07-23 04:00:00+00:00,17692.0,17723.75,17540.0,17614.75,19311
2024-07-23 08:00:00+00:00,17611.75,17619.0,17439.75,17479.0,17517
2024-07-23 12:00:00+00:00,17505.0,17511.75,17448.0,17449.0,4527
2024-07-23 16:00:00+00:00,17448.75,17485.75,17392.0,17459.0,10489
2024-07-23 20:00:00+00:00,17458.0,17475.0,17452.75,17462.75,3001
2024-07-24 04:00:00+00:00,17420.43,17516.43,17315.18,17353.43,24510
2024-07-24 08:00:00+00:00,17338.43,17379.43,17252.43,17330.43,19823
2024-07-24 12:00:00+00:00,17330.43,17372.43,17314.43,17353.43,5040
2024-07-24 16:00:00+00:00,17353.43,17415.43,17306.18,17308.18,11666
2024-07-24 20:00:00+00:00,17308.43,17322.18,17219.43,17221.43,3547
2024-07-25 04:00:00+00:00,17235.88,17294.63,17007.88,17064.63,23728
2024-07-25 08:00:00+00:00,17064.88,17070.88,16963.63,17017.63,23945
2024-07-25 12:00:00+00:00,17027.88,17074.88,17015.63,17066.88,7928
2024-07-25 16:00:00+00:00,17066.88,17149.88,17039.63,17127.88,15480
2024-07-25 20:00:00+00:00,17127.88,17153.88,17076.88,17077.88,5117
2024-07-26 04:00:00+00:00,17038.34,17222.09,16920.09,17015.34,26518
2024-07-26 08:00:00+00:00,17024.34,17070.34,16990.09,17012.34,22564
2024-07-26 12:00:00+00:00,17010.34,17026.34,16976.34,17010.34,4959
2024-07-26 16:00:00+00:00,17010.34,17156.34,16974.34,17156.34,12049
2024-07-26 20:00:00+00:00,17156.34,17162.09,17113.34,17128.34,3828
2024-07-29 04:00:00+00:00,17191.85,17358.6,17159.85,17345.85,25106
2024-07-29 08:00:00+00:00,17343.85,17379.6,17230.85,17252.85,20594
2024-07-29 12:00:00+00:00,17240.85,17271.6,17212.85,17213.85,4289
2024-07-29 16:00:00+00:00,17214.85,17217.6,17147.6,17180.85,12271
2024-07-29 20:00:00+00:00,17180.85,17194.85,17170.85,17186.85,2184
2024-07-30 04:00:00+00:00,17163.56,17198.31,16989.31,17029.56,22049
2024-07-30 08:00:00+00:00,17041.56,17066.31,16972.31,17012.56,20142
2024-07-30 12:00:00+00:00,17021.56,17057.56,17014.56,17047.56,4722
2024-07-30 16:00:00+00:00,17047.56,17072.56,17012.56,17026.31,15224
2024-07-30 20:00:00+00:00,17026.56,17050.56,17017.31,17031.56,5261
2024-07-31 04:00:00+00:00,17080.43,17383.18,17016.43,17343.43,27261
2024-07-31 08:00:00+00:00,17363.18,17419.13,17315.13,17335.13,14986
2024-07-31 12:00:00+00:00,17344.13,17423.13,17342.13,17390.13,5026
2024-07-31 16:00:00+00:00,17390.13,17434.13,17303.13,17330.13,11964
2024-07-31 20:00:00+00:00,17330.13,17361.13,17273.13,17348.13,6026
2024-08-01 04:00:00+00:00,17350.89,17409.89,17240.89,17314.89,16897
2024-08-01 08:00:00+00:00,17302.89,17417.89,17281.89,17299.89,12663
2024-08-01 12:00:00+00:00,17307.89,17335.89,17292.89,17305.89,5386
2024-08-01 16:00:00+00:00,17305.89,17317.89,17064.89,17077.89,14988
2024-08-01 20:00:00+00:00,17078.89,17082.89,17028.89,17031.89,4865
2024-08-02 04:00:00+00:00,16981.72,17067.72,16888.72,16953.72,16804
2024-08-02 08:00:00+00:00,16942.72,16968.72,16867.72,16952.72,15033
2024-08-02 12:00:00+00:00,16940.72,17002.72,16902.72,16930.72,9067
2024-08-02 16:00:00+00:00,16930.72,16965.72,16812.72,16888.72,19682
2024-08-02 20:00:00+00:00,16889.72,16910.72,16861.72,16890.72,6373
2024-08-05 04:00:00+00:00,16685.22,16951.22,16581.22,16917.22,23060
2024-08-05 08:00:00+00:00,16896.22,16900.22,16433.22,16736.22,29642
2024-08-05 12:00:00+00:00,16694.22,16714.22,16504.22,16551.22,18948
2024-08-05 16:00:00+00:00,16551.22,16839.22,16533.22,16793.22,29340
2024-08-05 20:00:00+00:00,16793.22,16824.22,16777.22,16788.22,8617
2024-08-06 04:00:00+00:00,16849.04,16925.04,16688.04,16787.04,19466
2024-08-06 08:00:00+00:00,16764.04,16773.04,16589.04,16609.04,18383
2024-08-06 12:00:00+00:00,16548.04,16624.04,16498.04,16499.04,12323
2024-08-06 16:00:00+00:00,16499.04,16703.04,16499.04,16692.04,19602
2024-08-06 20:00:00+00:00,16692.04,16725.04,16676.04,16720.04,4597
2024-08-07 04:00:00+00:00,16643.74,16908.74,16633.74,16862.74,19422
2024-08-07 08:00:00+00:00,16866.74,17000.74,16794.74,16892.74,15147
2024-08-07 12:00:00+00:00,16927.74,16993.74,16916.74,16982.74,7616
2024-08-07 16:00:00+00:00,16982.74,16988.74,16821.74,16828.74,15233
2024-08-07 20:00:00+00:00,16828.74,16830.74,16708.74,16711.74,6929
2024-08-08 04:00:00+00:00,16744.47,17033.47,16649.47,17002.47,22272
2024-08-08 08:00:00+00:00,16982.47,17026.47,16838.47,16888.47,17114
2024-08-08 12:00:00+00:00,16917.47,16968.47,16874.47,16928.47,8505
2024-08-08 16:00:00+00:00,16927.47,17131.47,16926.47,17097.47,13529
2024-08-08 20:00:00+00:00,17098.47,17155.47,17084.47,17148.47,4193
2024-08-09 04:00:00+00:00,17130.18,17265.18,17086.18,17213.18,18313
2024-08-09 08:00:00+00:00,17174.18,17175.18,17073.18,17079.18,13014
2024-08-09 12:00:00+00:00,17103.18,17118.18,17012.18,17036.18,6439
2024-08-09 16:00:00+00:00,17036.18,17057.18,16976.18,17032.18,12893
2024-08-09 20:00:00+00:00,17032.18,17090.18,17031.18,17059.18,4326
2024-08-12 04:00:00+00:00,17108.22,17174.22,17002.22,17102.22,17706
2024-08-12 08:00:00+00:00,17102.22,17150.22,17063.22,17085.22,10879
2024-08-12 12:00:00+00:00,17074.22,17123.22,17059.22,17106.22,3056
2024-08-12 16:00:00+00:00,17106.22,17186.22,17077.22,17158.22,11044
2024-08-12 20:00:00+00:00,17159.22,17191.22,17146.22,17158.22,3368
2024-08-13 04:00:00+00:00,17147.58,17263.58,17070.58,17130.58,16693
2024-08-13 08:00:00+00:00,17139.58,17205.58,17101.58,17168.58,10218
2024-08-13 12:00:00+00:00,17153.58,17231.58,17121.58,17204.58,5137
2024-08-13 16:00:00+00:00,17204.58,17267.58,17185.58,17264.58,8476
2024-08-13 20:00:00+00:00,17264.58,17295.58,17248.58,17288.58,2862
2024-08-14 04:00:00+00:00,17272.97,17288.97,17090.97,17126.97,13944
2024-08-14 08:00:00+00:00,17125.97,17139.97,17062.97,17133.97,9158
2024-08-14 12:00:00+00:00,17184.97,17200.97,17145.97,17169.97,5087
2024-08-14 16:00:00+00:00,17169.97,17193.97,16951.97,16979.97,11559
2024-08-14 20:00:00+00:00,16979.97,17008.97,16962.97,17006.97,3719
2024-08-15 04:00:00+00:00,17025.79,17309.79,16912.79,17185.79,19094
2024-08-15 08:00:00+00:00,17185.79,17201.79,17038.79,17117.79,10952
2024-08-15 12:00:00+00:00,17120.79,17200.79,17095.79,17187.79,5949
2024-08-15 16:00:00+00:00,17187.79,17330.79,17165.79,17293.79,11848
2024-08-15 20:00:00+00:00,17293.79,17306.79,17278.79,17298.79,1746
2024-08-16 04:00:00+00:00,17272.39,17453.39,17258.39,17426.39,15611
2024-08-16 08:00:00+00:00,17412.39,17494.39,17392.39,17417.39,10470
2024-08-16 12:00:00+00:00,17434.39,17441.39,17348.39,17389.39,3813
2024-08-16 16:00:00+00:00,17389.39,17568.39,17384.39,17559.39,9624
2024-08-16 20:00:00+00:00,17560.39,17590.39,17553.39,17572.39,2316
2024-08-19 04:00:00+00:00,17555.2,17716.2,17545.2,17634.2,16576
2024-08-19 08:00:00+00:00,17613.2,17635.2,17567.2,17605.2,9550
2024-08-19 12:00:00+00:00,17596.2,17648.2,17581.2,17635.2,2843
2024-08-19 16:00:00+00:00,17635.2,17773.2,17631.2,17741.2,8763
2024-08-19 20:00:00+00:00,17741.2,17748.2,17721.2,17745.2,1920
2024-08-20 04:00:00+00:00,17711.89,17740.89,17491.89,17511.89,13130
2024-08-20 08:00:00+00:00,17504.89,17544.89,17463.89,17532.89,9889
2024-08-20 12:00:00+00:00,17531.89,17532.89,17444.89,17512.89,3249
2024-08-20 16:00:00+00:00,17512.89,17527.89,17329.89,17331.89,9264
2024-08-20 20:00:00+00:00,17331.89,17380.89,17322.89,17363.89,2192
2024-08-21 04:00:00+00:00,17326.58,17436.58,17253.58,17361.58,15616
2024-08-21 08:00:00+00:00,17344.58,17412.58,17330.58,17372.58,8364
2024-08-21 12:00:00+00:00,17376.58,17427.58,17373.58,17418.58,2876
2024-08-21 16:00:00+00:00,17419.58,17524.58,17396.58,17502.58,9924
2024-08-21 20:00:00+00:00,17502.58,17529.58,17490.58,17522.58,3049
2024-08-22 04:00:00+00:00,17513.02,17557.02,17400.02,17474.02,15135
2024-08-22 08:00:00+00:00,17474.02,17685.02,17460.02,17660.02,11282
2024-08-22 12:00:00+00:00,17661.02,17661.02,17602.02,17626.02,3655
2024-08-22 16:00:00+00:00,17626.02,17635.02,17448.02,17474.02,10747
2024-08-22 20:00:00+00:00,17474.02,17496.02,17458.02,17491.02,3500
2024-08-23 04:00:00+00:00,17496.76,17626.76,17481.76,17602.76,15498
2024-08-23 08:00:00+00:00,17595.76,17657.76,17568.76,17634.76,9250
2024-08-23 12:00:00+00:00,17634.76,17676.76,17628.76,17634.76,2726
2024-08-23 16:00:00+00:00,17634.76,17793.76,17590.76,17748.76,14515
2024-08-23 20:00:00+00:00,17748.76,17763.76,17733.76,17745.76,2837
2024-08-26 04:00:00+00:00,17764.2,17842.2,17713.2,17777.2,13549
2024-08-26 08:00:00+00:00,17776.2,17848.2,17737.2,17806.2,7916
2024-08-26 12:00:00+00:00,17804.2,17822.2,17685.2,17695.2,3924
2024-08-26 16:00:00+00:00,17695.2,17750.2,17635.2,17698.2,11297
2024-08-26 20:00:00+00:00,17698.2,17710.2,17660.2,17687.2,2894
2024-08-27 04:00:00+00:00,17646.45,17811.45,17634.45,17772.45,13170
2024-08-27 08:00:00+00:00,17774.45,17922.45,17762.45,17911.45,8901
2024-08-27 12:00:00+00:00,17905.45,17934.45,17881.45,17881.45,3717
2024-08-27 16:00:00+00:00,17881.45,17919.45,17832.45,17843.45,8873
2024-08-27 20:00:00+00:00,17843.45,17883.45,17839.45,17873.45,1900
2024-08-28 04:00:00+00:00,17840.47,17904.47,17710.47,17716.47,13871
2024-08-28 08:00:00+00:00,17712.47,17729.47,17662.47,17710.47,10224
2024-08-28 12:00:00+00:00,17787.47,17806.47,17674.47,17706.47,3014
2024-08-28 16:00:00+00:00,17706.47,17755.47,17599.47,17617.47,9077
2024-08-28 20:00:00+00:00,17617.47,17625.47,17578.47,17625.47,1123
2024-08-29 04:00:00+00:00,17630.91,17663.91,17503.91,17598.91,15463
2024-08-29 08:00:00+00:00,17599.91,17805.91,17594.91,17778.91,12846
2024-08-29 12:00:00+00:00,17827.91,17853.91,17762.91,17791.91,4689
2024-08-29 16:00:00+00:00,17792.91,17814.91,17747.91,17796.91,8600
2024-08-29 20:00:00+00:00,17796.91,17832.91,17776.91,17784.91,2815
2024-08-30 04:00:00+00:00,17790.15,18174.15,17775.15,18125.15,16521
2024-08-30 08:00:00+00:00,18125.15,18218.15,17974.15,18009.15,13959
2024-08-30 12:00:00+00:00,18022.15,18026.15,17944.15,17975.15,4101
2024-08-30 16:00:00+00:00,17975.15,17976.15,17768.15,17792.15,10140
2024-08-30 20:00:00+00:00,17792.15,17848.15,17786.15,17848.15,2102
2024-09-02 04:00:00+00:00,17829.17,17842.17,17636.17,17663.17,14664
2024-09-02 08:00:00+00:00,17653.17,17715.17,17625.17,17686.17,9756
2024-09-02 12:00:00+00:00,17686.17,17697.17,17646.17,17676.17,2543
2024-09-02 16:00:00+00:00,17676.17,17701.17,17652.17,17701.17,2857
2024-09-02 20:00:00+00:00,17701.17,17719.17,17699.17,17718.17,409
2024-09-03 04:00:00+00:00,17652.01,17721.01,17566.01,17608.01,16572
2024-09-03 08:00:00+00:00,17606.01,17657.01,17578.01,17622.01,8044
2024-09-03 12:00:00+00:00,17567.01,17578.01,17508.01,17523.01,4119
2024-09-03 16:00:00+00:00,17523.01,17584.01,17484.01,17575.01,10235
2024-09-03 20:00:00+00:00,17575.01,17583.01,17501.01,17522.01,3105
2024-09-04 04:00:00+00:00,17447.61,17536.61,17313.61,17447.61,16882
2024-09-04 08:00:00+00:00,17440.61,17468.61,17378.61,17451.61,11012
2024-09-04 12:00:00+00:00,17483.61,17512.61,17466.61,17511.61,4141
2024-09-04 16:00:00+00:00,17511.61,17561.61,17469.61,17527.61,9909
2024-09-04 20:00:00+00:00,17526.61,17528.61,17481.61,17481.61,2873
2024-09-05 04:00:00+00:00,17460.79,17553.79,17344.79,17354.79,15883
2024-09-05 08:00:00+00:00,17349.79,17452.79,17319.79,17452.79,9033
2024-09-05 12:00:00+00:00,17438.79,17449.79,17410.79,17440.79,1673
2024-09-09 04:00:00+00:00,17246.16,17314.16,17086.16,17097.16,14473
2024-09-09 08:00:00+00:00,17111.16,17171.16,17063.16,17155.16,11407
2024-09-09 12:00:00+00:00,17177.16,17179.16,17096.16,17161.16,3266
2024-09-09 16:00:00+00:00,17162.16,17251.16,17136.16,17248.16,8581
2024-09-09 20:00:00+00:00,17249.16,17275.16,17223.16,17231.16,2552
2024-09-10 04:00:00+00:00,17200.47,17259.47,17121.47,17232.47,15372
2024-09-10 08:00:00+00:00,17211.47,17294.47,17189.47,17193.47,10282
2024-09-10 12:00:00+00:00,17149.47,17197.47,17149.47,17182.47,3426
2024-09-10 16:00:00+00:00,17181.47,17192.47,17017.47,17026.47,9782
2024-09-10 20:00:00+00:00,17026.47,17076.47,17022.47,17074.47,2337
2024-09-11 04:00:00+00:00,17012.82,17066.82,16944.82,16969.82,16202
2024-09-11 08:00:00+00:00,16965.82,17117.82,16960.82,17081.82,10577
2024-09-11 12:00:00+00:00,17071.82,17139.82,17049.82,17107.82,4825
2024-09-11 16:00:00+00:00,17106.82,17179.82,17014.82,17173.82,12478
2024-09-11 20:00:00+00:00,17171.82,17219.82,17170.82,17201.82,3130
2024-09-12 04:00:00+00:00,17150.07,17299.07,17111.07,17270.07,14886
2024-09-12 08:00:00+00:00,17276.07,17331.07,17208.07,17227.07,8103
2024-09-12 12:00:00+00:00,17258.07,17274.07,17223.07,17226.07,4435
2024-09-12 16:00:00+00:00,17225.07,17260.07,17141.07,17257.07,9634
2024-09-12 20:00:00+00:00,17257.07,17291.07,17249.07,17250.07,2858
2024-09-13 04:00:00+00:00,17264.16,17546.16,17264.16,17418.16,13087
2024-09-13 08:00:00+00:00,17407.16,17436.16,17347.16,17348.16,8403
2024-09-13 12:00:00+00:00,17353.16,17391.16,17287.16,17356.16,4042
2024-09-13 16:00:00+00:00,17356.16,17397.16,17298.16,17314.16,8987
2024-09-13 20:00:00+00:00,17313.16,17337.16,17301.16,17327.16,2539
2024-09-16 04:00:00+00:00,17261.59,17350.59,17167.59,17321.59,11636
2024-09-16 08:00:00+00:00,17323.59,17429.59,17320.59,17429.59,6214
2024-09-16 12:00:00+00:00,17423.59,17446.59,17389.59,17409.59,2882
2024-09-16 16:00:00+00:00,17409.59,17452.59,17387.59,17411.59,8544
2024-09-16 20:00:00+00:00,17411.59,17420.59,17394.59,17397.59,1408
2024-09-17 04:00:00+00:00,17416.87,17702.87,17374.87,17682.87,10055
2024-09-17 08:00:00+00:00,17687.87,17723.87,17619.87,17655.87,6428
2024-09-17 12:00:00+00:00,17681.87,17694.87,17639.87,17652.87,3910
2024-09-17 16:00:00+00:00,17653.87,17717.87,17620.87,17629.87,10040
2024-09-17 20:00:00+00:00,17629.87,17655.87,17617.87,17637.87,3840
2024-09-19 04:00:00+00:00,17685.43,17993.43,17587.43,17992.43,18592
2024-09-19 08:00:00+00:00,17992.43,18083.43,17969.43,18045.43,10957
2024-09-19 12:00:00+00:00,18066.43,18128.43,18027.43,18029.43,5049
2024-09-19 16:00:00+00:00,18029.43,18111.43,17941.43,18108.43,12137
2024-09-19 20:00:00+00:00,18108.43,18184.43,18100.43,18140.43,3416
2024-09-20 04:00:00+00:00,18074.35,18364.35,18036.35,18281.35,17256
2024-09-20 08:00:00+00:00,18278.35,18291.35,18168.35,18269.35,11248
2024-09-20 12:00:00+00:00,18281.35,18302.35,18243.35,18282.35,3165
2024-09-20 16:00:00+00:00,18282.35,18297.35,18153.35,18208.35,9441
2024-09-20 20:00:00+00:00,18208.35,18209.35,18156.35,18183.35,2345
2024-09-23 04:00:00+00:00,18254.39,18440.39,18218.39,18372.39,16728
2024-09-23 08:00:00+00:00,18371.39,18373.39,18216.39,18260.39,10883
2024-09-23 12:00:00+00:00,18259.39,18335.39,18246.39,18333.39,3533
2024-09-23 16:00:00+00:00,18333.39,18532.39,18311.39,18431.39,10912
2024-09-23 20:00:00+00:00,18431.39,18466.39,18422.39,18451.39,2063
2024-09-24 04:00:00+00:00,18581.62,18883.62,18519.62,18866.62,20929
2024-09-24 08:00:00+00:00,18903.62,19085.62,18873.62,19077.62,15965
2024-09-24 12:00:00+00:00,19095.62,19288.62,19061.62,19282.62,8236
2024-09-24 16:00:00+00:00,19282.62,19645.62,19280.62,19613.62,19711
2024-09-24 20:00:00+00:00,19614.62,19738.62,19608.62,19736.62,4342
2024-09-25 04:00:00+00:00,19705.51,19705.51,19303.51,19401.51,23138
2024-09-25 08:00:00+00:00,19396.51,19400.51,19084.51,19196.51,18035
2024-09-25 12:00:00+00:00,19211.51,19378.51,19139.51,19261.51,7063
2024-09-25 16:00:00+00:00,19261.51,19500.51,19238.51,19373.51,15326
2024-09-25 20:00:00+00:00,19374.51,19415.51,19331.51,19336.51,3465
2024-09-26 04:00:00+00:00,19311.9,19586.9,19179.9,19582.9,20010
2024-09-26 08:00:00+00:00,19574.9,20021.9,19533.9,20017.9,23174
2024-09-26 12:00:00+00:00,20022.9,20684.9,20022.9,20567.9,12690
2024-09-26 16:00:00+00:00,20567.9,20697.9,20244.9,20429.9,18766
2024-09-26 20:00:00+00:00,20429.9,20620.9,20414.9,20584.9,1253
2024-09-27 04:00:00+00:00,20402.98,20694.98,20257.98,20619.98,33774
2024-09-27 08:00:00+00:00,20646.98,20890.98,20287.98,20817.98,38066
2024-09-27 12:00:00+00:00,20838.98,20882.98,20512.98,20583.98,16197
2024-09-27 16:00:00+00:00,20583.98,20962.98,20531.98,20840.98,26901
2024-09-27 20:00:00+00:00,20840.98,20859.98,20741.98,20805.98,6490
2024-09-30 04:00:00+00:00,20938.23,21365.23,20819.23,21346.23,39069
2024-09-30 08:00:00+00:00,21337.23,21497.23,21024.23,21181.23,40695
2024-09-30 12:00:00+00:00,21173.23,21254.23,21012.23,21089.23,12568
2024-09-30 16:00:00+00:00,21089.23,21142.23,20614.23,20747.23,26570
2024-09-30 20:00:00+00:00,20747.23,20765.23,20622.23,20680.23,8870
2024-10-02 04:00:00+00:00,21146.33,22672.33,21122.33,22396.33,39228
2024-10-02 08:00:00+00:00,22365.33,22691.33,21961.33,22366.33,40167
2024-10-02 12:00:00+00:00,22346.33,22771.33,22324.33,22397.33,18531
2024-10-02 16:00:00+00:00,22400.33,22413.33,22024.33,22243.33,22882
2024-10-02 20:00:00+00:00,22243.33,22314.33,22142.33,22295.33,4705
2024-10-03 04:00:00+00:00,22520.41,22614.41,21443.41,21737.41,33866
2024-10-03 08:00:00+00:00,21754.41,22442.41,21729.41,22067.41,34255
2024-10-03 12:00:00+00:00,22035.41,22261.41,21682.41,21685.41,13091
2024-10-03 16:00:00+00:00,21685.41,22169.41,21573.41,22003.41,24365
2024-10-03 20:00:00+00:00,22004.41,22062.41,21975.41,22034.41,5884
2024-10-04 04:00:00+00:00,21901.41,22655.41,21795.41,22482.41,34250
2024-10-04 08:00:00+00:00,22534.41,22802.41,22408.41,22793.41,26482
2024-10-04 12:00:00+00:00,22722.41,22789.41,22600.41,22693.41,13048
2024-10-04 16:00:00+00:00,22693.41,22715.41,22437.41,22508.41,21413
2024-10-04 20:00:00+00:00,22508.41,22570.41,22485.41,22543.41,4794
2024-10-07 04:00:00+00:00,22908.72,23257.72,22712.72,23000.72,30834
2024-10-07 08:00:00+00:00,22997.72,23145.72,22944.72,23121.72,22861
2024-10-07 12:00:00+00:00,23087.72,23204.72,23046.72,23056.72,9994
2024-10-07 16:00:00+00:00,23056.72,23203.72,22842.72,23135.72,22451
2024-10-07 20:00:00+00:00,23135.72,23259.72,23111.72,23115.72,6611
2024-10-08 04:00:00+00:00,23002.81,23007.81,20732.81,21803.81,40512
2024-10-08 08:00:00+00:00,21795.81,21982.81,20580.81,20709.81,45931
2024-10-08 12:00:00+00:00,20764.81,21358.81,20757.81,21175.81,16844
2024-10-08 16:00:00+00:00,21175.81,21438.81,21080.81,21136.81,21204
2024-10-08 20:00:00+00:00,21136.81,21136.81,20855.81,20939.81,6051
2024-10-09 04:00:00+00:00,21153.92,21405.92,20174.92,20595.92,40213
2024-10-09 08:00:00+00:00,20671.92,21318.92,20466.92,20553.92,41334
2024-10-09 12:00:00+00:00,20639.92,20830.92,20612.92,20685.92,9922
2024-10-09 16:00:00+00:00,20685.92,21142.92,20608.92,21028.92,20155
2024-10-09 20:00:00+00:00,21028.92,21110.92,20934.92,21017.92,5548
2024-10-10 04:00:00+00:00,21090.2,21491.2,20964.2,21474.2,33253
2024-10-10 08:00:00+00:00,21470.2,21586.2,21119.2,21207.2,34103
2024-10-10 12:00:00+00:00,21232.2,21307.2,21143.2,21300.2,7717
2024-10-10 16:00:00+00:00,21300.2,21384.2,20934.2,21241.2,17474
2024-10-10 20:00:00+00:00,21242.2,21379.2,21212.2,21235.2,4319
2024-10-14 04:00:00+00:00,21125.17,21302.17,20673.17,21159.17,33094
2024-10-14 08:00:00+00:00,21140.17,21347.17,21018.17,21034.17,28692
2024-10-14 12:00:00+00:00,21061.17,21082.17,20885.17,20979.17,4341
2024-10-14 16:00:00+00:00,20979.17,21373.17,20843.17,21131.17,15454
2024-10-14 20:00:00+00:00,21131.17,21139.17,21030.17,21089.17,3274
2024-10-15 04:00:00+00:00,21011.37,21093.37,20724.37,20799.37,28869
2024-10-15 08:00:00+00:00,20767.37,20809.37,20137.37,20311.37,32390
2024-10-15 12:00:00+00:00,20320.37,20419.37,20238.37,20377.37,7633
2024-10-15 16:00:00+00:00,20376.37,20474.37,20116.37,20188.37,17433
2024-10-15 20:00:00+00:00,20189.37,20194.37,20053.37,20075.37,4298
2024-10-16 04:00:00+00:00,20109.53,20516.53,20107.53,20489.53,30181
2024-10-16 08:00:00+00:00,20482.53,20548.53,20201.53,20239.53,25628
2024-10-16 12:00:00+00:00,20264.53,20340.53,20217.53,20273.53,5440
2024-10-16 16:00:00+00:00,20271.53,20495.53,20251.53,20409.53,13251
2024-10-16 20:00:00+00:00,20410.53,20463.53,20397.53,20425.53,2664
2024-10-17 04:00:00+00:00,20444.75,20762.75,20321.75,20425.75,27845
2024-10-17 08:00:00+00:00,20411.75,20458.75,19959.75,19992.75,25162
2024-10-17 12:00:00+00:00,20003.75,20057.75,19915.75,20040.75,6385
2024-10-17 16:00:00+00:00,20041.75,20043.75,19821.75,19970.75,16144
2024-10-17 20:00:00+00:00,19970.75,20011.75,19913.75,19943.75,3226
2024-10-18 04:00:00+00:00,19997.96,20424.96,19983.96,20228.96,30087
2024-10-18 08:00:00+00:00,20255.96,20936.96,20251.96,20818.96,39060
2024-10-18 12:00:00+00:00,20826.96,20894.96,20744.96,20837.96,7657
2024-10-18 16:00:00+00:00,20837.96,20856.96,20630.96,20702.96,13873
2024-10-18 20:00:00+00:00,20703.96,20744.96,20687.96,20731.96,2886
2024-10-21 04:00:00+00:00,20814.09,20834.09,20558.09,20672.09,31559
2024-10-21 08:00:00+00:00,20633.09,20738.09,20407.09,20430.09,24234
2024-10-21 12:00:00+00:00,20446.09,20461.09,20294.09,20372.09,5287
2024-10-21 16:00:00+00:00,20372.09,20500.09,20251.09,20368.09,11712
2024-10-21 20:00:00+00:00,20368.09,20398.09,20298.09,20382.09,2646
2024-10-22 04:00:00+00:00,20311.73,20618.73,20282.73,20564.73,26693
2024-10-22 08:00:00+00:00,20596.73,20610.73,20358.73,20457.73,18885
2024-10-22 12:00:00+00:00,20438.73,20442.73,20359.73,20431.73,5035
2024-10-22 16:00:00+00:00,20431.73,20716.73,20414.73,20628.73,13057
2024-10-22 20:00:00+00:00,20627.73,20653.73,20594.73,20605.73,2442
2024-10-23 04:00:00+00:00,20554.89,20849.89,20429.89,20820.89,25164
2024-10-23 08:00:00+00:00,20842.89,20927.89,20662.89,20706.89,19579
2024-10-23 12:00:00+00:00,20686.89,20733.89,20622.89,20651.89,4427
2024-10-23 16:00:00+00:00,20651.89,20730.89,20500.89,20524.89,11319
2024-10-23 20:00:00+00:00,20523.89,20532.89,20447.89,20488.89,3317
2024-10-24 04:00:00+00:00,20555.06,20672.06,20440.06,20529.06,21257
2024-10-24 08:00:00+00:00,20535.06,20547.06,20429.06,20480.06,15709
2024-10-24 12:00:00+00:00,20475.06,20475.06,20374.06,20400.06,3797
2024-10-24 16:00:00+00:00,20400.06,20505.06,20263.06,20348.06,10330
2024-10-24 20:00:00+00:00,20348.06,20404.06,20345.06,20386.06,2264
2024-10-25 04:00:00+00:00,20454.22,20734.22,20445.22,20694.22,22943
2024-10-25 08:00:00+00:00,20725.22,20770.22,20544.22,20590.22,19088
2024-10-25 12:00:00+00:00,20603.22,20656.22,20530.22,20607.22,3590
2024-10-25 16:00:00+00:00,20608.22,20675.22,20487.22,20506.22,9955
2024-10-25 20:00:00+00:00,20506.22,20511.22,20455.22,20502.22,3412
2024-10-28 04:00:00+00:00,20600.48,20653.48,20409.48,20534.48,21580
2024-10-28 08:00:00+00:00,20557.48,20663.48,20517.48,20595.48,14155
2024-10-28 12:00:00+00:00,20587.48,20603.48,20527.48,20569.48,3719
2024-10-28 16:00:00+00:00,20569.48,20805.48,20536.48,20721.48,10548
2024-10-28 20:00:00+00:00,20721.48,20764.48,20711.48,20736.48,2377
2024-10-29 04:00:00+00:00,20677.8,20894.8,20551.8,20574.8,19640
2024-10-29 08:00:00+00:00,20592.8,20793.8,20558.8,20791.8,16015
2024-10-29 12:00:00+00:00,20899.8,21119.8,20876.8,20893.8,9238
2024-10-29 16:00:00+00:00,20893.8,20907.8,20689.8,20714.8,8135
2024-10-29 20:00:00+00:00,20714.8,20749.8,20681.8,20745.8,627
2024-10-30 04:00:00+00:00,20712.77,20731.77,20309.77,20328.77,22626
2024-10-30 08:00:00+00:00,20330.77,20421.77,20269.77,20379.77,18532
2024-10-30 12:00:00+00:00,20368.77,20369.77,20249.77,20258.77,4772
2024-10-30 16:00:00+00:00,20258.77,20467.77,20237.77,20418.77,12078
2024-10-30 20:00:00+00:00,20418.77,20465.77,20402.77,20457.77,2448
2024-10-31 04:00:00+00:00,20442.64,20548.64,20389.64,20465.64,23701
2024-10-31 08:00:00+00:00,20448.64,20459.64,20282.64,20288.64,18971
2024-10-31 12:00:00+00:00,20286.64,20367.64,20268.64,20351.64,4768
2024-10-31 16:00:00+00:00,20351.64,20383.64,20178.64,20341.64,13382
2024-10-31 20:00:00+00:00,20343.64,20396.64,20339.64,20380.64,3229
2024-11-01 04:00:00+00:00,20402.8,20635.8,20331.8,20618.8,25624
2024-11-01 08:00:00+00:00,20650.8,20658.8,20428.8,20474.8,16918
2024-11-01 12:00:00+00:00,20490.8,20610.8,20423.8,20559.8,5407
2024-11-01 16:00:00+00:00,20559.8,20606.8,20463.8,20501.8,11644
2024-11-01 20:00:00+00:00,20501.8,20513.8,20407.8,20433.8,3022
2024-11-04 00:00:00+00:00,20504.93,20618.93,20414.93,20521.93,8341
2024-11-04 04:00:00+00:00,20521.93,20590.93,20446.93,20533.93,18600
2024-11-04 08:00:00+00:00,20533.93,20601.93,20498.93,20594.93,8969
2024-11-04 12:00:00+00:00,20596.93,20616.93,20546.93,20552.93,3989
2024-11-04 16:00:00+00:00,20552.93,20714.93,20501.93,20550.93,10958
2024-11-04 20:00:00+00:00,20550.93,20554.93,20507.93,20535.93,1223
2024-11-05 00:00:00+00:00,20474.33,20630.33,20336.33,20570.33,8236
2024-11-05 04:00:00+00:00,20570.33,20874.33,20559.33,20816.33,24657
2024-11-05 08:00:00+00:00,20815.33,21021.33,20770.33,20971.33,13796
2024-11-05 12:00:00+00:00,20971.33,20978.33,20880.33,20910.33,4335
2024-11-05 16:00:00+00:00,20909.33,20985.33,20832.33,20922.33,10493
2024-11-05 20:00:00+00:00,20922.33,20937.33,20888.33,20913.33,1255
2024-11-06 00:00:00+00:00,20811.32,20839.32,20680.32,20753.32,7932
2024-11-06 04:00:00+00:00,20755.32,20836.32,20315.32,20564.32,29240
2024-11-06 08:00:00+00:00,20564.32,20601.32,20371.32,20512.32,16597
2024-11-06 12:00:00+00:00,20512.32,20521.32,20305.32,20336.32,7733
2024-11-06 16:00:00+00:00,20336.32,20519.32,20183.32,20458.32,15695
2024-11-06 20:00:00+00:00,20458.32,20534.32,20457.32,20476.32,1665
2024-11-07 00:00:00+00:00,20397.17,20502.17,20300.17,20499.17,8355
2024-11-07 04:00:00+00:00,20499.17,20855.17,20499.17,20845.17,23847
2024-11-07 08:00:00+00:00,20845.17,21045.17,20776.17,21035.17,16658
2024-11-07 12:00:00+00:00,21035.17,21152.17,20940.17,21123.17,6567
2024-11-07 16:00:00+00:00,21123.17,21297.17,21087.17,21288.17,13799
2024-11-07 20:00:00+00:00,21288.17,21288.17,21232.17,21248.17,1843
2024-11-08 00:00:00+00:00,21200.15,21331.15,21082.15,21133.15,9290
2024-11-08 04:00:00+00:00,21133.15,21139.15,20671.15,20802.15,26938
2024-11-08 08:00:00+00:00,20802.15,20835.15,20346.15,20475.15,19667
2024-11-08 12:00:00+00:00,20475.15,20505.15,20343.15,20407.15,7102
2024-11-08 16:00:00+00:00,20406.15,20562.15,20137.15,20177.15,13325
2024-11-08 20:00:00+00:00,20177.15,20212.15,20147.15,20186.15,1715
2024-11-11 00:00:00+00:00,20255.27,20362.27,20171.27,20201.27,9418
2024-11-11 04:00:00+00:00,20201.27,20386.27,20118.27,20303.27,24455
2024-11-11 08:00:00+00:00,20303.27,20475.27,20273.27,20379.27,14190
2024-11-11 12:00:00+00:00,20381.27,20442.27,20304.27,20348.27,4027
2024-11-11 16:00:00+00:00,20349.27,20352.27,20226.27,20250.27,9926
2024-11-11 20:00:00+00:00,20250.27,20271.27,20220.27,20271.27,1239
2024-11-12 00:00:00+00:00,20276.24,20507.24,20245.24,20359.24,8418
2024-11-12 04:00:00+00:00,20360.24,20360.24,19794.24,19844.24,25195
2024-11-12 08:00:00+00:00,19844.24,19873.24,19736.24,19820.24,16050
2024-11-12 12:00:00+00:00,19820.24,19839.24,19692.24,19768.24,6980
2024-11-12 16:00:00+00:00,19768.24,19810.24,19529.24,19576.24,12556
2024-11-12 20:00:00+00:00,19576.24,19613.24,19572.24,19594.24,1707
2024-11-13 00:00:00+00:00,19598.24,19705.24,19569.24,19645.24,8464
2024-11-13 04:00:00+00:00,19646.24,19745.24,19587.24,19683.24,22889
2024-11-13 08:00:00+00:00,19683.24,19938.24,19662.24,19870.24,14496
2024-11-13 12:00:00+00:00,19871.24,19872.24,19716.24,19776.24,6419
2024-11-13 16:00:00+00:00,19776.24,19778.24,19555.24,19584.24,11455
2024-11-13 20:00:00+00:00,19584.24,19590.24,19548.24,19564.24,1227
2024-11-14 00:00:00+00:00,19585.5,19821.5,19548.5,19752.5,8143
2024-11-14 04:00:00+00:00,19752.5,19754.5,19476.5,19503.5,20029
2024-11-14 08:00:00+00:00,19503.5,19504.5,19353.5,19400.5,14055
2024-11-14 12:00:00+00:00,19400.5,19497.5,19372.5,19462.5,6274
2024-11-14 16:00:00+00:00,19462.5,19518.5,19322.5,19422.5,13521
2024-11-14 20:00:00+00:00,19422.5,19449.5,19416.5,19443.5,1294
2024-11-15 00:00:00+00:00,19490.5,19560.5,19306.5,19419.5,7855
2024-11-15 04:00:00+00:00,19420.5,19592.5,19409.5,19520.5,21092
2024-11-15 08:00:00+00:00,19520.5,19547.5,19372.5,19443.5,12672
2024-11-15 12:00:00+00:00,19442.5,19589.5,19423.5,19475.5,6540
2024-11-15 16:00:00+00:00,19475.5,19487.5,19370.5,19415.5,11505
2024-11-15 20:00:00+00:00,19414.5,19450.5,19408.5,19412.5,1550
2024-11-18 00:00:00+00:00,19551.4,19664.4,19456.4,19558.4,8256
2024-11-18 04:00:00+00:00,19558.4,19769.4,19505.4,19555.4,22583
2024-11-18 08:00:00+00:00,19555.4,19622.4,19488.4,19613.4,12785
2024-11-18 12:00:00+00:00,19613.4,19632.4,19561.4,19624.4,3901
2024-11-18 16:00:00+00:00,19623.4,19738.4,19598.4,19732.4,8504
2024-11-18 20:00:00+00:00,19732.4,19750.4,19715.4,19732.4,1160
2024-11-19 00:00:00+00:00,19713.38,19765.38,19642.38,19684.38,7252
2024-11-19 04:00:00+00:00,19684.38,19715.38,19504.38,19603.38,17183
2024-11-19 08:00:00+00:00,19603.38,19697.38,19387.38,19467.38,13907
2024-11-19 12:00:00+00:00,19467.38,19563.38,19459.38,19519.38,5380
2024-11-19 16:00:00+00:00,19519.38,19590.38,19496.38,19542.38,10139
2024-11-19 20:00:00+00:00,19543.38,19581.38,19533.38,19580.38,1089
2024-11-20 00:00:00+00:00,19571.34,19730.34,19558.34,19602.34,5210
2024-11-20 04:00:00+00:00,19604.34,19755.34,19581.34,19629.34,15712
2024-11-20 08:00:00+00:00,19630.34,19714.34,19602.34,19638.34,8094
2024-11-20 12:00:00+00:00,19638.34,19671.34,19606.34,19649.34,4057
2024-11-20 16:00:00+00:00,19649.34,19655.34,19563.34,19615.34,8661
2024-11-20 20:00:00+00:00,19616.34,19622.34,19584.34,19595.34,1027
2024-11-21 00:00:00+00:00,19594.31,19725.31,19577.31,19645.31,6390
2024-11-21 04:00:00+00:00,19645.31,19765.31,19617.31,19618.31,13848
2024-11-21 08:00:00+00:00,19617.31,19660.31,19474.31,19521.31,9751
2024-11-21 12:00:00+00:00,19521.31,19597.31,19494.31,19595.31,5466
2024-11-21 16:00:00+00:00,19595.31,19612.31,19527.31,19589.31,10161
2024-11-21 20:00:00+00:00,19589.31,19625.31,19585.31,19586.31,1008
2024-11-22 00:00:00+00:00,19613.29,19707.29,19573.29,19582.29,5489
2024-11-22 04:00:00+00:00,19583.29,19669.29,19244.29,19259.29,20026
2024-11-22 08:00:00+00:00,19259.29,19283.29,19024.29,19068.29,13469
2024-11-22 12:00:00+00:00,19068.29,19196.29,19048.29,19171.29,7352
2024-11-22 16:00:00+00:00,19171.29,19200.29,19126.29,19168.29,10910
2024-11-22 20:00:00+00:00,19168.29,19199.29,19165.29,19178.29,1372
2024-11-25 00:00:00+00:00,19335.96,19374.96,19230.96,19247.96,6435
2024-11-25 04:00:00+00:00,19247.96,19338.96,19116.96,19161.96,17478
2024-11-25 08:00:00+00:00,19163.96,19224.96,19103.96,19146.96,11063
2024-11-25 12:00:00+00:00,19146.96,19174.96,19108.96,19169.96,4381
2024-11-25 16:00:00+00:00,19169.96,19226.96,19126.96,19178.96,9529
2024-11-25 20:00:00+00:00,19178.96,19233.96,19173.96,19228.96,1181
2024-11-26 00:00:00+00:00,19040.16,19205.16,18960.16,19156.16,7708
2024-11-26 04:00:00+00:00,19156.16,19308.16,19145.16,19164.16,16431
2024-11-26 08:00:00+00:00,19164.16,19242.16,19133.16,19223.16,9080
2024-11-26 12:00:00+00:00,19223.16,19302.16,19223.16,19252.16,4280
2024-11-26 16:00:00+00:00,19252.16,19266.16,19072.16,19178.16,7198
2024-11-26 20:00:00+00:00,19178.16,19178.16,19141.16,19162.16,692
2024-11-27 00:00:00+00:00,19179.26,19248.26,19155.26,19178.26,5723
2024-11-27 04:00:00+00:00,19178.26,19310.26,19080.26,19282.26,15457
2024-11-27 08:00:00+00:00,19284.26,19700.26,19281.26,19602.26,14327
2024-11-27 12:00:00+00:00,19602.26,19636.26,19534.26,19630.26,3822
2024-11-27 16:00:00+00:00,19630.26,19658.26,19545.26,19608.26,5882
2024-11-27 20:00:00+00:00,19608.26,19644.26,19592.26,19644.26,283
2024-11-28 00:00:00+00:00,19584.72,19616.72,19439.72,19474.72,6461
2024-11-28 04:00:00+00:00,19473.72,19478.72,19319.72,19388.72,16395
2024-11-28 08:00:00+00:00,19388.72,19404.72,19342.72,19380.72,8765
2024-11-28 12:00:00+00:00,19380.72,19396.72,19359.72,19388.72,2680
2024-11-28 16:00:00+00:00,19388.72,19432.72,19385.72,19409.72,2767
2024-11-28 20:00:00+00:00,19411.72,19418.72,19397.72,19398.72,345
2024-11-29 00:00:00+00:00,19351.9,19497.9,19336.9,19385.9,6207
2024-11-29 04:00:00+00:00,19385.9,19681.9,19323.9,19463.9,21202
2024-11-29 08:00:00+00:00,19463.9,19530.9,19335.9,19463.9,11945
2024-11-29 12:00:00+00:00,19463.9,19524.9,19442.9,19497.9,4054
2024-11-29 16:00:00+00:00,19497.9,19629.9,19411.9,19616.9,9763
2024-11-29 20:00:00+00:00,19616.9,19628.9,19601.9,19604.9,806
2024-12-02 00:00:00+00:00,19559.29,19713.29,19408.29,19695.29,7631
2024-12-02 04:00:00+00:00,19696.29,19710.29,19415.29,19510.29,18678
2024-12-02 08:00:00+00:00,19509.29,19629.29,19455.29,19605.29,10617
2024-12-02 12:00:00+00:00,19606.29,19668.29,19576.29,19614.29,5266
2024-12-02 16:00:00+00:00,19615.29,19619.29,19467.29,19569.29,8186
2024-12-02 20:00:00+00:00,19570.29,19583.29,19547.29,19570.29,994
2024-12-03 00:00:00+00:00,19560.52,19623.52,19516.52,19530.52,6505
2024-12-03 04:00:00+00:00,19529.52,19666.52,19391.52,19627.52,17279
2024-12-03 08:00:00+00:00,19627.52,19794.52,19627.52,19757.52,12584
2024-12-03 12:00:00+00:00,19757.52,19798.52,19693.52,19721.52,4154
2024-12-03 16:00:00+00:00,19721.52,19778.52,19643.52,19763.52,10150
2024-12-03 20:00:00+00:00,19762.52,19771.52,19742.52,19749.52,998
2024-12-04 00:00:00+00:00,19701.76,19749.76,19622.76,19649.76,5925
2024-12-04 04:00:00+00:00,19649.76,19849.76,19646.76,19826.76,16279
2024-12-04 08:00:00+00:00,19827.76,19833.76,19697.76,19742.76,10898
2024-12-04 12:00:00+00:00,19743.76,19760.76,19704.76,19733.76,4061
2024-12-04 16:00:00+00:00,19733.76,19734.76,19547.76,19627.76,8996
2024-12-04 20:00:00+00:00,19627.76,19629.76,19578.76,19594.76,875
2024-12-05 00:00:00+00:00,19596.0,19648.0,19505.0,19536.0,5383
2024-12-05 04:00:00+00:00,19537.0,19599.0,19461.0,19546.0,13252
2024-12-05 08:00:00+00:00,19546.0,19638.0,19505.0,19597.0,8054
2024-12-05 12:00:00+00:00,19597.0,19615.0,19560.0,19604.0,3783
2024-12-05 16:00:00+00:00,19603.0,19673.0,19589.0,19620.0,6611
2024-12-05 20:00:00+00:00,19620.0,19623.0,19585.0,19609.0,846
2024-12-06 00:00:00+00:00,19598.27,19715.27,19584.27,19627.27,5512
2024-12-06 04:00:00+00:00,19628.27,19953.27,19584.27,19911.27,19150
2024-12-06 08:00:00+00:00,19911.27,19969.27,19844.27,19913.27,8807
2024-12-06 12:00:00+00:00,19913.27,19974.27,19882.27,19935.27,4663
2024-12-06 16:00:00+00:00,19935.27,19936.27,19783.27,19790.27,8008
2024-12-06 20:00:00+00:00,19790.27,19804.27,19774.27,19782.27,654
2024-12-09 00:00:00+00:00,19759.83,19813.83,19701.83,19792.83,5829
2024-12-09 04:00:00+00:00,19792.83,19960.83,19707.83,19748.83,16542
2024-12-09 08:00:00+00:00,19748.83,20852.83,19736.83,20795.83,22329
2024-12-09 12:00:00+00:00,20795.83,21057.83,20764.83,20990.83,7102
2024-12-09 16:00:00+00:00,20991.83,21353.83,20921.83,21323.83,14753
2024-12-09 20:00:00+00:00,21323.83,21323.83,21252.83,21309.83,1461
2024-12-10 00:00:00+00:00,21120.43,21205.43,20622.43,20631.43,10829
2024-12-10 04:00:00+00:00,20628.43,20839.43,20545.43,20581.43,24579
2024-12-10 08:00:00+00:00,20581.43,20585.43,20221.43,20309.43,15898
2024-12-10 12:00:00+00:00,20305.43,20462.43,20282.43,20407.43,6048
2024-12-10 16:00:00+00:00,20408.43,20485.43,20338.43,20383.43,12151
2024-12-10 20:00:00+00:00,20383.43,20439.43,20378.43,20424.43,1396
2024-12-11 00:00:00+00:00,20369.67,20532.67,20369.67,20454.67,7219
2024-12-11 04:00:00+00:00,20454.67,20529.67,20217.67,20252.67,18420
2024-12-11 08:00:00+00:00,20253.67,20254.67,20097.67,20162.67,13253
2024-12-11 12:00:00+00:00,20163.67,20288.67,20120.67,20253.67,6180
2024-12-11 16:00:00+00:00,20253.67,20257.67,20105.67,20173.67,10781
2024-12-11 20:00:00+00:00,20173.67,20198.67,20170.67,20180.67,1047
2024-12-12 00:00:00+00:00,20254.91,20276.91,20139.91,20198.91,6819
2024-12-12 04:00:00+00:00,20196.91,20567.91,20185.91,20470.91,23411
2024-12-12 08:00:00+00:00,20469.91,20575.91,20383.91,20490.91,12012
2024-12-12 12:00:00+00:00,20490.91,20524.91,20051.91,20198.91,9780
2024-12-12 16:00:00+00:00,20198.91,20308.91,20103.91,20190.91,8832
2024-12-12 20:00:00+00:00,20190.91,20206.91,20173.91,20181.91,792
2024-12-13 00:00:00+00:00,20136.17,20252.17,20067.17,20078.17,7333
2024-12-13 04:00:00+00:00,20078.17,20142.17,20003.17,20099.17,18798
2024-12-13 08:00:00+00:00,20099.17,20134.17,19917.17,20032.17,11857
2024-12-13 12:00:00+00:00,20032.17,20059.17,19990.17,20028.17,4600
2024-12-13 16:00:00+00:00,20028.17,20028.17,19858.17,19914.17,9703
2024-12-13 20:00:00+00:00,19914.17,19956.17,19912.17,19938.17,1689
2024-12-16 00:00:00+00:00,19958.54,20070.54,19939.54,20004.54,6321
2024-12-16 04:00:00+00:00,20005.54,20005.54,19801.54,19833.54,15679
2024-12-16 08:00:00+00:00,19833.54,19836.54,19735.54,19753.54,9899
2024-12-16 12:00:00+00:00,19753.54,19768.54,19711.54,19721.54,4330
2024-12-16 16:00:00+00:00,19720.54,19799.54,19680.54,19722.54,10571
2024-12-16 20:00:00+00:00,19723.54,19725.54,19690.54,19709.54,1089
2024-12-17 00:00:00+00:00,19696.87,19773.87,19618.87,19764.87,6743
2024-12-17 04:00:00+00:00,19763.87,19952.87,19641.87,19771.87,19049
2024-12-17 08:00:00+00:00,19770.87,19805.87,19693.87,19711.87,9816
2024-12-17 12:00:00+00:00,19711.87,19776.87,19701.87,19742.87,3113
2024-12-17 16:00:00+00:00,19743.87,19925.87,19699.87,19925.87,8104
2024-12-17 20:00:00+00:00,19925.87,19925.87,19874.87,19877.87,1249
2024-12-18 00:00:00+00:00,19884.2,19946.2,19857.2,19896.2,5800
2024-12-18 04:00:00+00:00,19898.2,19980.2,19810.2,19871.2,15230
2024-12-18 08:00:00+00:00,19868.2,19936.2,19759.2,19813.2,9014
2024-12-18 12:00:00+00:00,19813.2,19856.2,19794.2,19814.2,2896
2024-12-18 16:00:00+00:00,19814.2,19884.2,19786.2,19811.2,6605
2024-12-18 20:00:00+00:00,19811.2,19838.2,19805.2,19834.2,921
2024-12-19 00:00:00+00:00,19547.53,19714.53,19532.53,19673.53,7237
2024-12-19 04:00:00+00:00,19673.53,19752.53,19603.53,19703.53,16333
2024-12-19 08:00:00+00:00,19704.53,19852.53,19694.53,19759.53,11741
2024-12-19 12:00:00+00:00,19759.53,19770.53,19719.53,19729.53,3916
2024-12-19 16:00:00+00:00,19729.53,19790.53,19673.53,19682.53,10448
2024-12-19 20:00:00+00:00,19682.53,19725.53,19662.53,19707.53,1514
2024-12-20 00:00:00+00:00,19660.84,19831.84,19633.84,19750.84,6309
2024-12-20 04:00:00+00:00,19749.84,19873.84,19683.84,19748.84,15446
2024-12-20 08:00:00+00:00,19747.84,19804.84,19618.84,19676.84,8970
2024-12-20 12:00:00+00:00,19676.84,19732.84,19643.84,19673.84,5648
2024-12-20 16:00:00+00:00,19673.84,19905.84,19649.84,19890.84,11143
2024-12-20 20:00:00+00:00,19890.84,19891.84,19861.84,19869.84,1424
2024-12-23 00:00:00+00:00,19839.96,19919.96,19786.96,19796.96,6117
2024-12-23 04:00:00+00:00,19796.96,19949.96,19745.96,19857.96,15466
2024-12-23 08:00:00+00:00,19857.96,19947.96,19819.96,19911.96,9178
2024-12-23 12:00:00+00:00,19910.96,19921.96,19819.96,19824.96,3743
2024-12-23 16:00:00+00:00,19824.96,19889.96,19801.96,19884.96,8026
2024-12-23 20:00:00+00:00,19884.96,19920.96,19882.96,19908.96,970
2024-12-24 00:00:00+00:00,19915.46,20031.46,19880.46,20021.46,4969
2024-12-24 04:00:00+00:00,20021.46,20152.46,20018.46,20119.46,10334
2024-12-27 00:00:00+00:00,20188.65,20197.65,20024.65,20026.65,6258
2024-12-27 04:00:00+00:00,20027.65,20171.65,19994.65,20097.65,12019
2024-12-27 08:00:00+00:00,20096.65,20106.65,20038.65,20059.65,6924
2024-12-27 12:00:00+00:00,20059.65,20103.65,20041.65,20062.65,2041
2024-12-27 16:00:00+00:00,20062.65,20108.65,19999.65,20087.65,6614
2024-12-27 20:00:00+00:00,20087.65,20103.65,20079.65,20099.65,349
2024-12-30 00:00:00+00:00,20038.91,20197.91,20033.91,20098.91,6262
2024-12-30 04:00:00+00:00,20099.91,20107.91,19949.91,20061.91,14294
2024-12-30 08:00:00+00:00,20062.91,20121.91,19989.91,20004.91,7773
2024-12-30 12:00:00+00:00,20004.91,20063.91,19976.91,19979.91,3550
2024-12-30 16:00:00+00:00,19978.91,20020.91,19865.91,19940.91,8530
2024-12-30 20:00:00+00:00,19941.91,19945.91,19920.91,19944.91,1473
2024-12-31 00:00:00+00:00,19940.97,20115.97,19940.97,20074.97,5283
2024-12-31 04:00:00+00:00,20073.97,20170.97,20026.97,20078.97,9391
2025-01-02 00:00:00+00:00,19984.45,20007.45,19649.45,19666.45,7808
2025-01-02 04:00:00+00:00,19667.45,19816.45,19496.45,19649.45,19526
2025-01-02 08:00:00+00:00,19649.45,19651.45,19525.45,19573.45,12385
2025-01-02 12:00:00+00:00,19574.45,19586.45,19489.45,19584.45,4459
2025-01-02 16:00:00+00:00,19584.45,19654.45,19540.45,19568.45,12570
2025-01-02 20:00:00+00:00,19568.45,19581.45,19524.45,19525.45,2319
2025-01-03 00:00:00+00:00,19644.74,19691.74,19593.74,19624.74,6176
2025-01-03 04:00:00+00:00,19624.74,19876.74,19616.74,19687.74,18934
2025-01-03 08:00:00+00:00,19687.74,19738.74,19604.74,19684.74,11687
2025-01-03 12:00:00+00:00,19684.74,19730.74,19659.74,19725.74,3564
2025-01-03 16:00:00+00:00,19725.74,19770.74,19687.74,19758.74,9049
2025-01-03 20:00:00+00:00,19758.74,19773.74,19749.74,19749.74,886
2025-01-06 00:00:00+00:00,19776.28,19869.28,19635.28,19653.28,7047
2025-01-06 04:00:00+00:00,19653.28,19811.28,19605.28,19630.28,16175
2025-01-06 08:00:00+00:00,19630.28,19721.28,19617.28,19709.28,7886
2025-01-06 12:00:00+00:00,19709.28,20128.28,19656.28,20094.28,9941
2025-01-06 16:00:00+00:00,20094.28,20127.28,19597.28,19607.28,12903
2025-01-06 20:00:00+00:00,19607.28,19636.28,19572.28,19622.28,1624
2025-01-07 00:00:00+00:00,19577.36,19624.36,19471.36,19574.36,7317
2025-01-07 04:00:00+00:00,19573.36,19650.36,19224.36,19300.36,19413
2025-01-07 08:00:00+00:00,19300.36,19483.36,19282.36,19452.36,10488
2025-01-07 12:00:00+00:00,19452.36,19510.36,19430.36,19491.36,4052
2025-01-07 16:00:00+00:00,19491.36,19528.36,19405.36,19416.36,11567
2025-01-07 20:00:00+00:00,19417.36,19430.36,19392.36,19398.36,1074
2025-01-08 00:00:00+00:00,19401.42,19472.42,19315.42,19315.42,6233
2025-01-08 04:00:00+00:00,19315.42,19364.42,19093.42,19260.42,18240
2025-01-08 08:00:00+00:00,19260.42,19328.42,19213.42,19298.42,11060
2025-01-08 12:00:00+00:00,19298.42,19304.42,19069.42,19154.42,7594
2025-01-08 16:00:00+00:00,19154.42,19251.42,19109.42,19216.42,10242
2025-01-08 20:00:00+00:00,19216.42,19240.42,19207.42,19210.42,1316
2025-01-09 00:00:00+00:00,19241.5,19344.5,19211.5,19308.5,6007
2025-01-09 04:00:00+00:00,19309.5,19390.5,19237.5,19237.5,13355
2025-01-09 08:00:00+00:00,19237.5,19292.5,19203.5,19279.5,7835
2025-01-09 12:00:00+00:00,19279.5,19356.5,19275.5,19317.5,3755
2025-01-09 16:00:00+00:00,19316.5,19327.5,19261.5,19270.5,2551
2025-01-09 20:00:00+00:00,19270.5,19275.5,19265.5,19270.5,217
2025-01-10 00:00:00+00:00,19254.59,19356.59,19160.59,19181.59,6096
2025-01-10 04:00:00+00:00,19180.59,19290.59,19081.59,19092.59,15234
2025-01-10 08:00:00+00:00,19092.59,19092.59,19017.59,19067.59,9154
2025-01-10 12:00:00+00:00,19067.59,19097.59,18952.59,18995.59,5675
2025-01-10 16:00:00+00:00,18996.59,19024.59,18863.59,18889.59,13855
2025-01-10 20:00:00+00:00,18889.59,18928.59,18879.59,18918.59,1368
2025-01-13 00:00:00+00:00,18847.41,18929.41,18648.41,18734.41,7611
2025-01-13 04:00:00+00:00,18735.41,18862.41,18663.41,18854.41,16432
2025-01-13 08:00:00+00:00,18853.41,18911.41,18784.41,18797.41,8855
2025-01-13 12:00:00+00:00,18797.41,18844.41,18794.41,18815.41,4579
2025-01-13 16:00:00+00:00,18815.41,18897.41,18769.41,18812.41,9097
2025-01-13 20:00:00+00:00,18812.41,18864.41,18802.41,18854.41,1406
2025-01-14 00:00:00+00:00,18915.49,19043.49,18885.49,19007.49,6346
2025-01-14 04:00:00+00:00,19007.49,19260.49,18955.49,19260.49,18242
2025-01-14 08:00:00+00:00,19261.49,19323.49,19181.49,19194.49,11001
2025-01-14 12:00:00+00:00,19194.49,19265.49,19167.49,19203.49,5377
2025-01-14 16:00:00+00:00,19203.49,19246.49,19130.49,19174.49,11238
2025-01-14 20:00:00+00:00,19174.49,19188.49,19160.49,19179.49,1043
2025-01-15 00:00:00+00:00,19160.58,19238.58,19135.58,19193.58,5815
2025-01-15 04:00:00+00:00,19193.58,19310.58,19143.58,19215.58,14418
2025-01-15 08:00:00+00:00,19215.58,19281.58,19202.58,19277.58,6815
2025-01-15 12:00:00+00:00,19278.58,19455.58,19247.58,19448.58,6267
2025-01-15 16:00:00+00:00,19448.58,19456.58,19323.58,19367.58,9905
2025-01-15 20:00:00+00:00,19368.58,19392.58,19367.58,19389.58,766
2025-01-16 00:00:00+00:00,19405.67,19673.67,19398.67,19556.67,6903
2025-01-16 04:00:00+00:00,19555.67,19621.67,19332.67,19436.67,16047
2025-01-16 08:00:00+00:00,19436.67,19541.67,19432.67,19485.67,8525
2025-01-16 12:00:00+00:00,19486.67,19489.67,19426.67,19450.67,4709
2025-01-16 16:00:00+00:00,19450.67,19488.67,19410.67,19464.67,10610
2025-01-16 20:00:00+00:00,19462.67,19470.67,19442.67,19447.67,1105
2025-01-17 00:00:00+00:00,19454.74,19506.74,19404.74,19460.74,5363
2025-01-17 04:00:00+00:00,19460.74,19645.74,19460.74,19580.74,16897
2025-01-17 08:00:00+00:00,19579.74,19610.74,19543.74,19553.74,7114
2025-01-17 12:00:00+00:00,19553.74,19624.74,19509.74,19568.74,5208
2025-01-17 16:00:00+00:00,19568.74,19974.74,19523.74,19801.74,16096
2025-01-17 20:00:00+00:00,19801.74,19819.74,19778.74,19800.74,1384
2025-01-20 00:00:00+00:00,19870.8,19998.8,19795.8,19911.8,7413
2025-01-20 04:00:00+00:00,19911.8,20124.8,19879.8,20048.8,16386
2025-01-20 08:00:00+00:00,20048.8,20058.8,19902.8,19914.8,9203
2025-01-20 12:00:00+00:00,19914.8,20190.8,19867.8,20175.8,7408
2025-01-20 16:00:00+00:00,20175.8,20385.8,20119.8,20255.8,13407
2025-01-20 20:00:00+00:00,20255.8,20264.8,20248.8,20256.8,509
2025-01-21 00:00:00+00:00,20182.73,20214.73,19933.73,19992.73,7401
2025-01-21 04:00:00+00:00,19992.73,20241.73,19992.73,20102.73,18047
2025-01-21 08:00:00+00:00,20102.73,20165.73,20042.73,20059.73,9618
2025-01-21 12:00:00+00:00,20059.73,20095.73,19987.73,20035.73,5027
2025-01-21 16:00:00+00:00,20036.73,20072.73,19881.73,20003.73,12328
2025-01-21 20:00:00+00:00,20002.73,20021.73,19997.73,20016.73,1185
2025-01-22 00:00:00+00:00,19987.67,20057.67,19815.67,19837.67,6280
2025-01-22 04:00:00+00:00,19837.67,19923.67,19757.67,19806.67,14516
2025-01-22 08:00:00+00:00,19806.67,20008.67,19749.67,19960.67,10249
2025-01-22 12:00:00+00:00,19960.67,19981.67,19880.67,19889.67,4536
2025-01-22 16:00:00+00:00,19889.67,19908.67,19782.67,19892.67,9502
2025-01-22 20:00:00+00:00,19892.67,19926.67,19876.67,19909.67,1031
2025-01-23 00:00:00+00:00,19948.63,20069.63,19882.63,19922.63,7041
2025-01-23 04:00:00+00:00,19922.63,19930.63,19696.63,19705.63,17021
2025-01-23 08:00:00+00:00,19705.63,19734.63,19651.63,19707.63,9221
2025-01-23 12:00:00+00:00,19707.63,19745.63,19696.63,19731.63,2854
2025-01-23 16:00:00+00:00,19731.63,19808.63,19683.63,19787.63,9415
2025-01-23 20:00:00+00:00,19787.63,19804.63,19769.63,19784.63,930
2025-01-24 00:00:00+00:00,19791.11,19938.11,19770.11,19927.11,6364
2025-01-24 04:00:00+00:00,19930.11,20163.11,19876.11,20104.11,18780
2025-01-24 08:00:00+00:00,20104.11,20146.11,20020.11,20074.11,8748
2025-01-24 12:00:00+00:00,20074.11,20081.11,20018.11,20065.11,3561
2025-01-24 16:00:00+00:00,20063.11,20186.11,19979.11,20157.11,9433
2025-01-24 20:00:00+00:00,20157.11,20171.11,20129.11,20141.11,810
2025-01-27 00:00:00+00:00,20071.25,20315.25,20043.25,20210.25,7671
2025-01-27 04:00:00+00:00,20211.25,20328.25,20154.25,20257.25,14804
2025-01-27 08:00:00+00:00,20257.25,20309.25,20167.25,20308.25,9943
2025-01-27 12:00:00+00:00,20308.25,20484.25,20305.25,20423.25,9887
2025-01-27 16:00:00+00:00,20423.25,20423.25,20245.25,20349.25,15476
2025-01-27 20:00:00+00:00,20348.25,20398.25,20342.25,20379.25,1723
2025-01-28 00:00:00+00:00,20347.67,20407.67,20197.67,20219.67,6314
2025-01-28 04:00:00+00:00,20218.67,20297.67,20181.67,20256.67,8560
2025-02-03 00:00:00+00:00,19958.16,20145.16,19786.16,19924.16,9441
2025-02-03 04:00:00+00:00,19924.16,20198.16,19748.16,20117.16,18708
2025-02-03 08:00:00+00:00,20117.16,20299.16,20096.16,20230.16,10195
2025-02-03 12:00:00+00:00,20230.16,20304.16,20227.16,20244.16,5574
2025-02-03 16:00:00+00:00,20241.16,20647.16,20188.16,20480.16,23865
2025-02-03 20:00:00+00:00,20480.16,20512.16,20434.16,20470.16,3192
2025-02-04 00:00:00+00:00,20459.67,20687.67,20431.67,20662.67,6959
2025-02-04 04:00:00+00:00,20661.67,20923.67,20297.67,20573.67,24281
2025-02-04 08:00:00+00:00,20573.67,20833.67,20573.67,20756.67,13234
2025-02-04 12:00:00+00:00,20756.67,20795.67,20726.67,20786.67,5011
2025-02-04 16:00:00+00:00,20786.67,21038.67,20753.67,20965.67,17327
2025-02-04 20:00:00+00:00,20965.67,20983.67,20944.67,20949.67,1763
2025-02-05 00:00:00+00:00,20875.14,20922.14,20499.14,20503.14,8820
2025-02-05 04:00:00+00:00,20503.14,20739.14,20432.14,20564.14,21002
2025-02-05 08:00:00+00:00,20564.14,20637.14,20482.14,20519.14,10014
2025-02-05 12:00:00+00:00,20519.14,20694.14,20512.14,20594.14,5401
2025-02-05 16:00:00+00:00,20594.14,20688.14,20573.14,20635.14,11856
2025-02-05 20:00:00+00:00,20635.14,20671.14,20630.14,20655.14,946
2025-02-06 00:00:00+00:00,20609.61,20740.61,20573.61,20590.61,6950
2025-02-06 04:00:00+00:00,20591.61,20815.61,20543.61,20777.61,20484
2025-02-06 08:00:00+00:00,20777.61,20963.61,20735.61,20946.61,10893
2025-02-06 12:00:00+00:00,20946.61,20964.61,20842.61,20881.61,5274
2025-02-06 16:00:00+00:00,20878.61,20964.61,20852.61,20897.61,10007
2025-02-06 20:00:00+00:00,20897.61,20908.61,20867.61,20894.61,1468
2025-02-07 00:00:00+00:00,20868.01,21018.01,20817.01,20980.01,7033
2025-02-07 04:00:00+00:00,20981.01,21242.01,20978.01,21079.01,24759
2025-02-07 08:00:00+00:00,21079.01,21208.01,20941.01,21196.01,13066
2025-02-07 12:00:00+00:00,21196.01,21305.01,21150.01,21233.01,7872
2025-02-07 16:00:00+00:00,21233.01,21403.01,21085.01,21176.01,22346
2025-02-07 20:00:00+00:00,21178.01,21195.01,21120.01,21122.01,1942
2025-02-10 00:00:00+00:00,21177.1,21501.1,21157.1,21497.1,8706
2025-02-10 04:00:00+00:00,21497.1,21551.1,21375.1,21500.1,21748
2025-02-10 08:00:00+00:00,21500.1,21568.1,21469.1,21534.1,11570
2025-02-10 12:00:00+00:00,21534.1,21638.1,21526.1,21583.1,5015
2025-02-10 16:00:00+00:00,21584.1,21638.1,21456.1,21523.1,13818
2025-02-10 20:00:00+00:00,21523.1,21552.1,21508.1,21545.1,1376
2025-02-11 00:00:00+00:00,21581.59,21699.59,21471.59,21532.59,8087
2025-02-11 04:00:00+00:00,21533.59,21596.59,21312.59,21472.59,20505
2025-02-11 08:00:00+00:00,21472.59,21499.59,21290.59,21326.59,11470
2025-02-11 12:00:00+00:00,21328.59,21392.59,21284.59,21292.59,5013
2025-02-11 16:00:00+00:00,21292.59,21617.59,21289.59,21531.59,15041
2025-02-11 20:00:00+00:00,21530.59,21557.59,21524.59,21525.59,1486
2025-02-12 00:00:00+00:00,21510.08,21643.08,21434.08,21643.08,7744
2025-02-12 04:00:00+00:00,21643.08,21803.08,21592.08,21714.08,24619
2025-02-12 08:00:00+00:00,21714.08,21923.08,21696.08,21915.08,15473
2025-02-12 12:00:00+00:00,21915.08,21945.08,21744.08,21793.08,7814
2025-02-12 16:00:00+00:00,21793.08,22134.08,21730.08,22115.08,15027
2025-02-12 20:00:00+00:00,22116.08,22132.08,22043.08,22069.08,2037
2025-02-13 00:00:00+00:00,22042.64,22144.64,21932.64,22099.64,8699
2025-02-13 04:00:00+00:00,22100.64,22432.64,22051.64,22409.64,25574
2025-02-13 08:00:00+00:00,22409.64,22544.64,21712.64,21781.64,28425
2025-02-13 12:00:00+00:00,21781.64,21819.2,21686.7,21715.7,11201
2025-02-13 16:00:00+00:00,21715.2,21975.2,21627.7,21901.7,27050
2025-02-13 20:00:00+00:00,21897.2,21914.7,21818.2,21862.7,4972
2025-02-14 00:00:00+00:00,22007.4,22278.4,21974.9,22141.9,16526
2025-02-14 04:00:00+00:00,22142.4,22414.9,22100.4,22229.9,56732
2025-02-14 08:00:00+00:00,22227.9,22669.4,22226.9,22601.4,47666
2025-02-14 12:00:00+00:00,22598.9,22650.4,22482.4,22563.4,10913
2025-02-14 16:00:00+00:00,22564.9,22623.4,22399.4,22525.4,25697
2025-02-14 20:00:00+00:00,22525.9,22548.4,22505.4,22509.4,2978
2025-02-17 00:00:00+00:00,22595.1,22975.1,22594.1,22738.6,18681
2025-02-17 04:00:00+00:00,22739.1,22822.8,22333.8,22467.8,68241
2025-02-17 08:00:00+00:00,22466.3,22747.3,22454.3,22643.3,37634
2025-02-17 12:00:00+00:00,22641.8,22647.8,22582.3,22637.3,6195
2025-02-17 16:00:00+00:00,22637.8,22725.8,22626.8,22701.8,8048
2025-02-17 20:00:00+00:00,22701.3,22701.8,22687.3,22692.3,633
2025-02-18 00:00:00+00:00,22621.7,22845.7,22614.7,22812.7,16225
2025-02-18 04:00:00+00:00,22811.2,23151.2,22761.2,22825.2,61630
2025-02-18 08:00:00+00:00,22824.2,22982.2,22704.2,22901.7,38603
2025-02-18 12:00:00+00:00,22902.2,22902.7,22848.7,22865.7,8512
2025-02-18 16:00:00+00:00,22866.2,22886.2,22657.2,22717.2,25670
2025-02-18 20:00:00+00:00,22717.7,22762.7,22707.2,22759.7,3065
2025-02-19 00:00:00+00:00,22806.6,22858.1,22634.1,22827.6,15550
2025-02-19 04:00:00+00:00,22827.1,22972.3,22770.3,22839.3,50841
2025-02-19 08:00:00+00:00,22837.8,22949.3,22819.3,22906.3,24953
2025-02-19 12:00:00+00:00,22907.3,22916.3,22750.3,22796.8,10957
2025-02-19 16:00:00+00:00,22796.3,22867.3,22668.8,22727.8,25614
2025-02-19 20:00:00+00:00,22728.8,22736.8,22706.8,22724.3,2435
2025-02-20 00:00:00+00:00,22699.8,22843.8,22567.8,22577.8,15576
2025-02-20 04:00:00+00:00,22576.8,22775.6,22439.1,22712.1,52311
2025-02-20 08:00:00+00:00,22712.6,22731.6,22551.1,22585.6,25972
2025-02-20 12:00:00+00:00,22586.1,23039.1,22581.1,22994.1,21592
2025-02-20 16:00:00+00:00,22993.6,23307.6,22849.6,22993.6,46487
2025-02-20 20:00:00+00:00,22993.1,23042.6,22974.1,23027.6,4375
2025-02-21 00:00:00+00:00,23073.6,23103.6,22909.6,22950.1,16188
2025-02-21 04:00:00+00:00,22950.6,23349.7,22898.6,23226.7,57945
2025-02-21 08:00:00+00:00,23226.2,23481.2,23224.2,23420.7,36038
2025-02-21 12:00:00+00:00,23420.2,23515.7,23412.7,23465.2,12059
2025-02-21 16:00:00+00:00,23465.7,23701.2,23425.7,23496.7,37912
2025-02-21 20:00:00+00:00,23497.7,23501.7,23391.2,23399.2,7027
2025-02-24 00:00:00+00:00,23403.6,23672.6,23221.1,23533.6,18800
2025-02-24 04:00:00+00:00,23532.6,23611.1,23236.8,23338.3,57836
2025-02-24 08:00:00+00:00,23337.8,23539.3,23255.8,23320.8,33794
2025-02-24 12:00:00+00:00,23320.3,23324.3,23224.8,23243.3,11327
2025-02-24 16:00:00+00:00,23243.8,23246.8,22767.3,22832.8,41614
2025-02-24 20:00:00+00:00,22832.3,22867.3,22826.3,22850.8,3421
2025-02-25 00:00:00+00:00,22798.3,22995.3,22736.8,22959.8,16714
2025-02-25 04:00:00+00:00,22958.8,23238.5,22866.8,23111.0,55676
2025-02-25 08:00:00+00:00,23110.5,23154.0,22884.5,23075.0,36418
2025-02-25 12:00:00+00:00,23075.5,23201.0,23071.0,23143.5,12059
2025-02-25 16:00:00+00:00,23144.0,23172.0,22953.5,23132.5,33668
2025-02-25 20:00:00+00:00,23133.0,23165.5,23109.0,23134.5,3778
2025-02-26 00:00:00+00:00,23244.8,23551.8,23215.8,23551.8,15733
2025-02-26 04:00:00+00:00,23552.3,23809.9,23458.4,23773.9,53985
2025-02-26 08:00:00+00:00,23773.4,23996.9,23671.9,23721.4,38249
2025-02-26 12:00:00+00:00,23719.9,23806.4,23719.9,23731.4,10506
2025-02-26 16:00:00+00:00,23730.9,23885.9,23652.9,23751.9,26684
2025-02-26 20:00:00+00:00,23750.9,23774.9,23654.9,23662.4,2888
2025-02-27 00:00:00+00:00,23740.0,24060.0,23718.0,23834.5,16917
2025-02-27 04:00:00+00:00,23833.0,23889.5,23456.2,23728.2,66976
2025-02-27 08:00:00+00:00,23727.2,23900.2,23627.2,23772.2,45418
2025-02-27 12:00:00+00:00,23770.2,23917.2,23577.2,23583.2,18478
2025-02-27 16:00:00+00:00,23582.2,23699.2,23411.2,23681.2,41036
2025-02-27 20:00:00+00:00,23680.7,23738.7,23669.2,23716.7,3563
2025-02-28 00:00:00+00:00,23529.2,23631.2,23178.2,23178.2,17881
2025-02-28 04:00:00+00:00,23178.7,23414.2,23015.4,23114.9,56472
2025-02-28 08:00:00+00:00,23114.4,23114.4,22792.9,22941.4,45478
2025-02-28 12:00:00+00:00,22940.9,23056.4,22940.4,23023.4,13125
2025-02-28 16:00:00+00:00,23023.9,23099.4,22910.9,22968.4,35812
2025-02-28 20:00:00+00:00,22969.4,22992.4,22890.4,22983.4,7670
2025-03-03 00:00:00+00:00,23091.2,23331.7,23020.7,23286.2,17938
2025-03-03 04:00:00+00:00,23286.7,23397.2,22992.9,23050.9,54874
2025-03-03 08:00:00+00:00,23049.4,23064.4,22856.9,22988.0,38634
2025-03-03 12:00:00+00:00,22987.0,23117.5,22972.0,23098.0,14581
2025-03-03 16:00:00+00:00,23098.5,23145.0,22959.5,23038.5,28736
2025-03-03 20:00:00+00:00,23038.0,23039.0,22888.5,22918.0,5723
2025-03-04 00:00:00+00:00,22768.1,22791.1,22549.6,22616.1,17266
2025-03-04 04:00:00+00:00,22617.1,23037.0,22587.6,22983.5,55108
2025-03-04 08:00:00+00:00,22984.0,23022.0,22854.0,22902.0,28089
2025-03-04 12:00:00+00:00,22900.5,22965.5,22800.5,22809.5,15643
2025-03-04 16:00:00+00:00,22809.0,23027.0,22670.5,22918.0,42666
2025-03-04 20:00:00+00:00,22917.5,23027.5,22912.0,23027.0,6544
2025-03-05 00:00:00+00:00,23197.3,23523.3,23149.8,23358.3,16727
2025-03-05 04:00:00+00:00,23357.8,23471.9,23077.9,23470.9,48712
2025-03-05 08:00:00+00:00,23471.4,23660.4,23431.9,23635.4,31495
2025-03-05 12:00:00+00:00,23634.4,23650.9,23484.9,23523.9,18453
2025-03-05 16:00:00+00:00,23524.4,23942.9,23501.4,23908.9,46521
2025-03-05 20:00:00+00:00,23910.4,23962.9,23852.9,23953.9,8400
2025-03-06 00:00:00+00:00,23953.2,24134.7,23940.7,24128.7,17405
2025-03-06 04:00:00+00:00,24128.2,24292.0,24022.0,24248.5,48184
2025-03-06 08:00:00+00:00,24249.0,24460.0,24202.0,24343.5,34726
2025-03-06 12:00:00+00:00,24344.0,24383.5,24218.5,24264.0,18169
2025-03-06 16:00:00+00:00,24263.0,24347.5,24006.0,24068.5,50034
2025-03-06 20:00:00+00:00,24068.0,24146.5,24036.0,24086.0,6426
2025-03-07 00:00:00+00:00,24139.5,24247.5,24060.5,24118.0,15920
2025-03-07 04:00:00+00:00,24117.0,24655.8,24098.0,24422.8,58468
2025-03-07 08:00:00+00:00,24423.8,24432.3,24134.8,24183.8,39460
2025-03-07 12:00:00+00:00,24184.3,24211.3,24066.8,24067.3,16906
2025-03-07 16:00:00+00:00,24066.8,24289.8,23937.8,24010.3,49687
2025-03-07 20:00:00+00:00,24009.8,24075.8,24003.8,24073.8,8414
2025-03-10 04:00:00+00:00,24073.8,24292.8,23692.4,23706.9,52346
2025-03-10 08:00:00+00:00,23698.9,23890.9,23622.9,23720.4,46822
2025-03-10 12:00:00+00:00,23621.4,23730.4,23517.4,23576.9,17257
2025-03-10 16:00:00+00:00,23578.4,23679.9,23352.9,23468.4,50036
2025-03-10 20:00:00+00:00,23467.9,23470.9,23277.9,23313.9,17947
2025-03-11 04:00:00+00:00,23256.3,23717.8,23212.3,23555.2,56344
2025-03-11 08:00:00+00:00,23578.2,23857.7,23487.7,23771.2,53952
2025-03-11 12:00:00+00:00,23785.7,23915.2,23778.2,23843.2,19973
2025-03-11 16:00:00+00:00,23843.7,23929.7,23532.7,23591.7,59900
2025-03-11 20:00:00+00:00,23592.2,23756.2,23535.2,23752.7,22241
2025-03-12 04:00:00+00:00,23837.6,23935.1,23583.2,23598.2,51466
2025-03-12 08:00:00+00:00,23609.2,23782.2,23345.2,23596.2,52699
2025-03-12 12:00:00+00:00,23626.2,23788.2,23601.2,23676.2,16626
2025-03-12 16:00:00+00:00,23675.7,23685.2,23409.2,23558.2,50700
2025-03-12 20:00:00+00:00,23558.7,23606.2,23495.2,23580.2,16019
2025-03-13 04:00:00+00:00,23639.2,23706.7,23392.2,23394.2,50603
2025-03-13 08:00:00+00:00,23374.2,23491.7,23173.2,23447.2,49446
2025-03-13 12:00:00+00:00,23459.2,23534.2,23364.7,23376.2,17355
2025-03-13 16:00:00+00:00,23376.7,23714.7,23368.7,23684.2,46616
2025-03-13 20:00:00+00:00,23684.7,23767.2,23628.7,23746.2,13620
2025-03-14 04:00:00+00:00,23768.0,24100.0,23463.5,24055.0,54986
2025-03-14 08:00:00+00:00,24077.0,24107.0,23894.0,24024.0,48322
2025-03-14 12:00:00+00:00,24013.0,24220.0,24008.5,24184.0,17731
2025-03-14 16:00:00+00:00,24183.5,24245.0,24093.0,24161.5,36966
2025-03-14 20:00:00+00:00,24161.0,24199.0,24155.5,24176.0,10556
2025-03-17 04:00:00+00:00,24192.7,24353.0,24073.2,24266.0,48071
2025-03-17 08:00:00+00:00,24248.0,24306.5,24063.0,24160.5,35153
2025-03-17 12:00:00+00:00,24145.0,24249.5,24106.0,24193.0,11244
2025-03-17 16:00:00+00:00,24192.5,24640.5,24179.0,24629.5,39117
2025-03-17 20:00:00+00:00,24628.5,24697.5,24618.0,24659.0,9168
2025-03-18 04:00:00+00:00,24662.5,24740.0,24488.5,24591.2,44598
2025-03-18 08:00:00+00:00,24600.2,24769.7,24538.7,24763.7,38867
2025-03-18 12:00:00+00:00,24773.7,24840.2,24667.2,24678.2,15793
2025-03-18 16:00:00+00:00,24677.7,24774.7,24580.2,24690.7,38897
2025-03-18 20:00:00+00:00,24691.2,24724.7,24646.2,24706.7,11718
2025-03-19 04:00:00+00:00,24734.2,24813.9,24602.7,24780.4,43498
2025-03-19 08:00:00+00:00,24758.9,24884.9,24689.9,24699.9,38296
2025-03-19 12:00:00+00:00,24759.9,24900.9,24759.9,24819.9,13368
2025-03-19 16:00:00+00:00,24821.4,24832.4,24565.9,24631.4,27186
2025-03-19 20:00:00+00:00,24630.9,24685.9,24571.4,24678.4,13288
2025-03-20 04:00:00+00:00,24715.4,24757.9,24349.4,24477.5,46220
2025-03-20 08:00:00+00:00,24488.0,24501.0,24169.5,24170.5,39013
2025-03-20 12:00:00+00:00,24144.0,24152.5,24019.5,24055.0,20328
2025-03-20 16:00:00+00:00,24054.5,24134.5,23959.5,24020.0,34005
2025-03-20 20:00:00+00:00,24019.5,24057.5,23982.5,24054.5,8937
2025-03-21 04:00:00+00:00,24078.0,24231.0,23670.7,23747.7,49963
2025-03-21 08:00:00+00:00,23722.2,23819.2,23582.2,23584.2,43764
2025-03-21 12:00:00+00:00,23543.2,23671.7,23530.2,23597.7,14366
2025-03-21 16:00:00+00:00,23596.2,23662.7,23503.2,23658.7,32925
2025-03-21 20:00:00+00:00,23657.7,23679.7,23603.7,23631.7,7240
2025-03-24 04:00:00+00:00,23712.6,23769.6,23536.6,23666.2,44508
2025-03-24 08:00:00+00:00,23665.2,23963.7,23592.7,23947.7,43488
2025-03-24 12:00:00+00:00,23862.2,23882.7,23712.7,23730.2,12733
2025-03-24 16:00:00+00:00,23730.7,23755.2,23593.2,23598.2,23417
2025-03-24 20:00:00+00:00,23597.7,23624.7,23571.2,23597.7,6554
2025-03-25 04:00:00+00:00,23608.2,23746.7,23316.8,23378.3,41645
2025-03-25 08:00:00+00:00,23376.8,23505.3,23311.8,23324.3,34131
2025-03-25 12:00:00+00:00,23325.3,23528.8,23325.3,23521.8,10259
2025-03-25 16:00:00+00:00,23521.3,23651.8,23474.8,23533.8,23156
2025-03-25 20:00:00+00:00,23534.8,23543.8,23450.3,23456.8,4780
2025-03-26 04:00:00+00:00,23486.2,23600.2,23355.7,23413.2,39592
2025-03-26 08:00:00+00:00,23416.7,23535.2,23358.2,23448.2,29523
2025-03-26 12:00:00+00:00,23453.2,23478.7,23403.2,23465.7,8273
2025-03-26 16:00:00+00:00,23465.2,23603.7,23363.7,23453.2,26566
2025-03-26 20:00:00+00:00,23452.2,23498.2,23400.7,23414.2,8240
2025-03-27 04:00:00+00:00,23463.4,23878.3,23380.9,23732.3,46843
2025-03-27 08:00:00+00:00,23732.3,23773.8,23538.8,23599.3,34122
2025-03-27 12:00:00+00:00,23604.8,23665.8,23586.3,23594.8,8937
2025-03-27 16:00:00+00:00,23595.8,23810.8,23544.3,23750.8,23899
2025-03-27 20:00:00+00:00,23751.3,23774.3,23705.3,23764.3,4547
2025-03-28 04:00:00+00:00,23702.7,23760.7,23298.9,23330.4,46862
2025-03-28 08:00:00+00:00,23331.4,23463.9,23232.4,23371.7,39954
2025-03-28 12:00:00+00:00,23402.2,23406.2,23292.7,23321.2,11527
2025-03-28 16:00:00+00:00,23321.7,23408.2,23168.7,23220.7,34563
2025-03-28 20:00:00+00:00,23219.7,23252.7,23192.2,23221.2,8176
2025-03-31 04:00:00+00:00,23144.7,23385.2,22999.2,23008.2,52128
2025-03-31 08:00:00+00:00,23018.7,23235.7,22982.7,23112.7,46717
2025-03-31 12:00:00+00:00,23090.7,23110.2,22967.7,23023.7,13581
2025-03-31 16:00:00+00:00,23023.2,23174.2,22937.7,23137.7,30257
2025-03-31 20:00:00+00:00,23137.2,23218.7,23126.7,23211.2,7395
2025-04-01 04:00:00+00:00,23218.1,23450.4,23177.1,23359.4,48709
2025-04-01 08:00:00+00:00,23280.9,23325.9,23109.4,23219.4,43320
2025-04-01 12:00:00+00:00,23241.9,23264.9,23072.9,23142.4,14183
2025-04-01 16:00:00+00:00,23142.9,23269.4,23027.9,23177.9,32017
2025-04-01 20:00:00+00:00,23177.4,23189.9,23084.4,23093.4,7906
2025-04-02 04:00:00+00:00,23140.2,23363.2,22935.2,23198.2,47444
2025-04-02 08:00:00+00:00,23187.2,23226.2,23079.2,23193.2,33136
2025-04-02 12:00:00+00:00,23169.7,23222.7,23034.7,23143.2,13874
2025-04-02 16:00:00+00:00,23142.2,23184.2,23041.7,23127.2,29639
2025-04-02 20:00:00+00:00,23127.7,23151.2,23017.7,23058.7,9688
2025-04-03 04:00:00+00:00,22562.7,22939.7,22504.7,22778.7,54099
2025-04-03 08:00:00+00:00,22769.2,22827.7,22624.7,22778.2,44920
2025-04-03 12:00:00+00:00,22720.7,22768.7,22556.2,22621.2,25321
2025-04-03 16:00:00+00:00,22620.7,22784.7,22580.2,22737.7,46887
2025-04-03 20:00:00+00:00,22737.2,22772.7,22699.2,22753.2,11158
2025-04-07 04:00:00+00:00,21020.4,21037.4,20369.9,20372.4,73683
2025-04-07 08:00:00+00:00,20361.9,20617.4,19386.4,19736.9,97733
2025-04-07 12:00:00+00:00,19799.4,20236.4,19597.4,20139.4,57094
2025-04-07 16:00:00+00:00,20136.9,20638.4,19270.4,19293.4,97893
2025-04-07 20:00:00+00:00,19294.9,19792.4,19292.4,19672.9,35131
2025-04-08 04:00:00+00:00,20043.2,20395.2,19791.2,20079.7,70699
2025-04-08 08:00:00+00:00,20102.7,20178.2,19672.2,19874.7,78323
2025-04-08 12:00:00+00:00,19903.7,20064.2,19751.2,20018.2,36398
2025-04-08 16:00:00+00:00,20015.7,20251.7,19506.2,19509.2,68122
2025-04-08 20:00:00+00:00,19509.7,19552.7,19279.7,19311.7,32952
2025-04-09 04:00:00+00:00,19087.2,19934.7,19046.7,19740.7,71590
2025-04-09 08:00:00+00:00,19650.2,20393.7,19572.7,20144.7,82873
2025-04-09 12:00:00+00:00,20143.2,20143.2,19444.2,19573.7,52809
2025-04-09 16:00:00+00:00,19572.7,19984.2,19527.2,19863.2,73663
2025-04-09 20:00:00+00:00,19863.7,20436.7,19668.2,20246.2,39692
2025-04-10 04:00:00+00:00,20536.1,21175.1,20466.6,20576.1,66898
2025-04-10 08:00:00+00:00,20605.6,20894.6,20534.6,20663.6,69574
2025-04-10 12:00:00+00:00,20561.1,20746.6,20483.6,20560.6,32282
2025-04-10 16:00:00+00:00,20561.6,20635.1,20139.1,20375.1,71120
2025-04-10 20:00:00+00:00,20373.6,20643.1,20249.1,20574.6,32611
2025-04-11 04:00:00+00:00,20498.5,20793.4,20401.0,20785.4,60494
2025-04-11 08:00:00+00:00,20804.9,21119.4,20703.9,20827.4,70290
2025-04-11 12:00:00+00:00,20827.4,21092.4,20754.4,20883.4,33116
2025-04-11 16:00:00+00:00,20883.9,20955.9,20659.9,20945.4,62625
2025-04-11 20:00:00+00:00,20945.9,21071.9,20910.9,21052.9,21576
2025-04-14 04:00:00+00:00,21363.3,21513.4,21204.3,21405.9,48883
2025-04-14 08:00:00+00:00,21434.9,21444.9,21262.9,21397.9,36251
2025-04-14 12:00:00+00:00,21386.9,21458.9,21345.9,21444.4,13953
2025-04-14 16:00:00+00:00,21444.9,21663.9,21369.4,21435.9,53195
2025-04-14 20:00:00+00:00,21436.9,21583.9,21432.4,21554.4,16355
2025-04-15 04:00:00+00:00,21538.5,21603.5,21336.4,21443.4,41335
2025-04-15 08:00:00+00:00,21444.9,21490.4,21280.9,21459.9,33227
2025-04-15 12:00:00+00:00,21468.9,21554.4,21452.9,21471.4,13816
2025-04-15 16:00:00+00:00,21471.9,21517.9,21371.4,21433.9,35336
2025-04-15 20:00:00+00:00,21433.4,21460.9,21417.4,21441.4,11072
2025-04-16 04:00:00+00:00,21303.5,21356.0,20872.7,20904.2,40052
2025-04-16 08:00:00+00:00,20883.2,21256.7,20842.7,21203.7,41923
2025-04-16 12:00:00+00:00,21221.2,21347.7,21212.7,21231.7,16904
2025-04-16 16:00:00+00:00,21232.2,21284.7,21107.2,21214.7,34045
2025-04-16 20:00:00+00:00,21214.2,21225.7,20998.2,21005.2,17551
2025-04-17 04:00:00+00:00,21117.3,21411.3,21023.8,21398.8,41230
2025-04-17 08:00:00+00:00,21377.8,21441.3,21259.8,21411.3,29980
2025-04-17 12:00:00+00:00,21373.3,21478.8,21330.8,21406.8,14660
2025-04-17 16:00:00+00:00,21405.8,21406.3,21183.8,21235.8,43192
2025-04-17 20:00:00+00:00,21236.3,21322.3,21193.3,21291.8,12814
2025-04-22 04:00:00+00:00,21246.1,21452.6,21178.6,21381.6,43784
2025-04-22 08:00:00+00:00,21376.1,21584.1,21363.6,21560.1,32361
2025-04-22 12:00:00+00:00,21562.1,21612.1,21516.6,21602.6,12111
2025-04-22 16:00:00+00:00,21601.6,21856.6,21544.1,21779.1,31275
2025-04-22 20:00:00+00:00,21778.6,21811.1,21630.6,21738.6,14984
2025-04-23 04:00:00+00:00,22098.7,22174.2,21860.7,22080.2,40618
2025-04-23 08:00:00+00:00,22072.2,22153.7,21996.2,22148.7,30075
2025-04-23 12:00:00+00:00,22173.2,22177.2,22101.2,22154.7,10524
2025-04-23 16:00:00+00:00,22154.2,22384.7,22054.7,22098.7,45237
2025-04-23 20:00:00+00:00,22099.2,22103.7,22048.2,22050.2,10090
2025-04-24 04:00:00+00:00,22047.9,22078.9,21708.5,21788.0,39772
2025-04-24 08:00:00+00:00,21792.5,21906.5,21766.0,21887.0,25044
2025-04-24 12:00:00+00:00,21893.5,21998.5,21871.5,21984.0,12175
2025-04-24 16:00:00+00:00,21985.0,22171.5,21945.0,22145.0,26803
2025-04-24 20:00:00+00:00,22145.5,22173.5,22113.5,22156.0,6538
2025-04-25 04:00:00+00:00,22138.8,22274.0,22002.8,22213.0,38671
2025-04-25 08:00:00+00:00,22200.5,22234.5,21913.0,21999.5,32142
2025-04-25 12:00:00+00:00,21987.0,22048.5,21916.5,21978.0,14356
2025-04-25 16:00:00+00:00,21977.5,22085.5,21951.0,22048.0,24525
2025-04-25 20:00:00+00:00,22046.5,22093.5,21982.0,22037.5,8905
2025-04-28 04:00:00+00:00,22092.9,22126.9,21807.9,21997.9,30013
2025-04-28 08:00:00+00:00,22001.4,22058.9,21951.9,21967.9,22820
2025-04-28 12:00:00+00:00,21993.4,22040.4,21973.9,22003.9,7146
2025-04-28 16:00:00+00:00,22002.9,22085.4,21947.4,21973.9,19296
2025-04-28 20:00:00+00:00,21973.4,22041.9,21962.4,22014.9,3885
2025-04-29 04:00:00+00:00,22072.7,22212.2,21920.2,22009.2,32159
2025-04-29 08:00:00+00:00,22008.7,22051.7,21917.7,22000.2,22471
2025-04-29 12:00:00+00:00,21978.2,22022.7,21917.2,22019.7,9337
2025-04-29 16:00:00+00:00,22020.2,22062.7,21983.7,21993.7,21910
2025-04-29 20:00:00+00:00,21994.7,22061.7,21990.7,22022.2,5520
2025-04-30 04:00:00+00:00,21974.8,22075.4,21809.3,22055.4,34502
2025-04-30 08:00:00+00:00,22061.9,22155.9,22003.4,22140.4,23305
2025-04-30 12:00:00+00:00,22154.4,22157.4,22040.9,22045.4,11402
2025-04-30 16:00:00+00:00,22043.9,22044.9,21853.9,21905.9,26790
2025-04-30 20:00:00+00:00,21905.4,22052.9,21883.9,21990.9,9998
2025-05-02 04:00:00+00:00,22240.1,22523.5,22047.6,22504.0,36564
2025-05-02 08:00:00+00:00,22495.5,22544.0,22401.5,22477.0,21561
2025-05-02 12:00:00+00:00,22482.5,22645.0,22482.5,22637.0,12825
2025-05-02 16:00:00+00:00,22637.5,22697.0,22492.0,22639.0,26479
2025-05-02 20:00:00+00:00,22638.5,22683.0,22629.5,22642.0,5938
2025-05-06 04:00:00+00:00,22642.1,22704.6,22428.1,22655.6,41875
2025-05-06 08:00:00+00:00,22639.1,22749.6,22598.6,22610.6,24854
2025-05-06 12:00:00+00:00,22565.6,22870.6,22459.1,22865.1,18168
2025-05-06 16:00:00+00:00,22867.1,23013.6,22822.1,22910.6,22782
2025-05-06 20:00:00+00:00,22911.1,22950.1,22880.6,22904.6,6928
2025-05-07 04:00:00+00:00,23196.6,23253.1,22733.9,22770.4,46246
2025-05-07 08:00:00+00:00,22777.4,22868.4,22636.9,22675.4,28611
2025-05-07 12:00:00+00:00,22677.4,22697.9,22609.4,22662.4,9185
2025-05-07 16:00:00+00:00,22661.9,22664.4,22525.4,22601.9,21983
2025-05-07 20:00:00+00:00,22601.4,22612.9,22512.9,22546.4,10815
2025-05-08 04:00:00+00:00,22630.3,22981.3,22575.3,22946.8,41025
2025-05-08 08:00:00+00:00,22921.3,22928.8,22716.3,22814.3,24274
2025-05-08 12:00:00+00:00,22818.8,22833.8,22757.8,22784.3,8759
2025-05-08 16:00:00+00:00,22783.8,22870.8,22662.8,22866.8,25243
2025-05-08 20:00:00+00:00,22868.3,22868.3,22787.3,22808.3,5769
2025-05-09 04:00:00+00:00,22838.6,22891.6,22682.3,22767.3,34998
2025-05-09 08:00:00+00:00,22774.3,22887.3,22750.3,22875.3,20026
2025-05-09 12:00:00+00:00,22875.3,22978.8,22864.8,22974.3,9921
2025-05-09 16:00:00+00:00,22974.8,22985.3,22824.3,22824.8,19880
2025-05-09 20:00:00+00:00,22824.3,22858.3,22800.3,22843.8,5735
2025-05-12 04:00:00+00:00,23250.6,23284.1,22981.6,23083.1,40230
2025-05-12 08:00:00+00:00,23086.6,23714.6,23076.1,23479.6,47761
2025-05-12 12:00:00+00:00,23533.6,23592.1,23439.1,23490.6,15752
2025-05-12 16:00:00+00:00,23491.1,23583.6,23367.1,23501.6,30805
2025-05-12 20:00:00+00:00,23502.6,23506.1,23467.6,23489.1,5040
2025-05-13 04:00:00+00:00,23454.3,23491.3,23130.2,23147.2,34841
2025-05-13 08:00:00+00:00,23130.7,23238.7,23076.7,23117.7,21751
2025-05-13 12:00:00+00:00,23099.2,23256.7,23048.7,23198.2,12674
2025-05-13 16:00:00+00:00,23196.7,23407.7,23168.2,23400.2,23979
2025-05-13 20:00:00+00:00,23401.2,23410.2,23346.2,23363.2,5473
2025-05-14 04:00:00+00:00,23320.3,23469.3,23278.8,23444.8,36953
2025-05-14 08:00:00+00:00,23453.8,23638.3,23436.8,23584.4,34655
2025-05-14 12:00:00+00:00,23601.4,23685.4,23547.9,23637.4,11144
2025-05-14 16:00:00+00:00,23636.9,23701.4,23555.9,23612.4,24346
2025-05-14 20:00:00+00:00,23613.4,23625.9,23583.9,23622.9,6616
2025-05-15 04:00:00+00:00,23622.6,23717.1,23486.6,23585.1,33831
2025-05-15 08:00:00+00:00,23561.6,23577.1,23379.1,23444.1,24841
2025-05-15 12:00:00+00:00,23449.6,23491.6,23337.1,23415.6,13114
2025-05-15 16:00:00+00:00,23415.1,23426.1,23196.1,23285.6,26418
2025-05-15 20:00:00+00:00,23285.1,23302.6,23268.1,23298.6,5740
2025-05-16 04:00:00+00:00,23265.7,23336.2,23183.7,23280.8,32900
2025-05-16 08:00:00+00:00,23273.8,23384.3,23270.8,23318.8,20865
2025-05-16 12:00:00+00:00,23312.3,23352.8,23286.8,23293.8,6449
2025-05-16 16:00:00+00:00,23293.3,23323.3,23240.8,23283.3,18455
2025-05-16 20:00:00+00:00,23283.8,23322.8,23278.8,23312.8,4551
2025-05-19 04:00:00+00:00,23195.7,23283.2,23047.2,23227.7,34647
2025-05-19 08:00:00+00:00,23225.2,23408.7,23223.2,23307.2,20611
2025-05-19 12:00:00+00:00,23315.7,23329.2,23268.2,23286.7,7095
2025-05-19 16:00:00+00:00,23285.2,23437.7,23245.2,23422.2,16892
2025-05-19 20:00:00+00:00,23423.7,23442.7,23397.7,23428.2,3582
2025-05-20 04:00:00+00:00,23425.4,23671.5,23341.4,23635.5,29648
2025-05-20 08:00:00+00:00,23641.0,23715.5,23608.0,23658.5,19499
2025-05-20 12:00:00+00:00,23657.5,23729.0,23638.0,23706.5,6750
2025-05-20 16:00:00+00:00,23707.0,23734.0,23652.0,23727.0,16537
2025-05-20 20:00:00+00:00,23727.5,23770.0,23697.5,23697.5,5048
2025-05-21 04:00:00+00:00,23711.7,23891.2,23682.2,23806.0,32061
2025-05-21 08:00:00+00:00,23803.0,23930.0,23746.0,23820.0,22072
2025-05-21 12:00:00+00:00,23803.0,23888.0,23779.5,23887.0,8527
2025-05-21 16:00:00+00:00,23887.5,23914.5,23769.0,23828.5,19656
2025-05-21 20:00:00+00:00,23829.5,23845.0,23685.5,23689.0,12078
2025-05-22 04:00:00+00:00,23748.2,23778.2,23598.8,23688.8,32205
2025-05-22 08:00:00+00:00,23673.8,23676.8,23464.3,23546.8,23751
2025-05-22 12:00:00+00:00,23511.8,23524.8,23461.8,23515.8,8272
2025-05-22 16:00:00+00:00,23515.3,23553.8,23446.3,23501.8,19303
2025-05-22 20:00:00+00:00,23501.3,23553.8,23496.8,23538.8,4925
2025-05-23 04:00:00+00:00,23545.2,23747.6,23491.7,23693.1,31744
2025-05-23 08:00:00+00:00,23685.6,23752.1,23483.1,23585.1,28580
2025-05-23 12:00:00+00:00,23577.6,23610.1,23304.6,23407.6,20049
2025-05-23 16:00:00+00:00,23407.1,23539.1,23339.1,23491.1,24146
2025-05-23 20:00:00+00:00,23490.6,23546.1,23488.6,23508.1,4877
2025-05-26 04:00:00+00:00,23583.1,23606.6,23303.4,23356.4,37445
2025-05-26 08:00:00+00:00,23356.9,23371.9,23218.9,23233.4,26993
2025-05-27 04:00:00+00:00,23231.3,23356.3,23143.3,23214.8,34877
2025-05-27 08:00:00+00:00,23223.3,23391.8,23198.3,23303.3,29387
2025-05-27 12:00:00+00:00,23319.3,23391.8,23300.8,23355.3,9674
2025-05-27 16:00:00+00:00,23355.8,23383.3,23308.3,23332.8,17026
2025-05-27 20:00:00+00:00,23333.3,23353.3,23311.3,23346.3,3771
2025-05-28 04:00:00+00:00,23360.6,23468.6,23221.1,23245.6,29440
2025-05-28 08:00:00+00:00,23220.6,23289.1,23162.6,23253.1,23664
2025-05-28 12:00:00+00:00,23231.6,23263.6,23190.1,23190.1,7232
2025-05-28 16:00:00+00:00,23189.6,23202.6,23089.6,23104.1,15783
2025-05-28 20:00:00+00:00,23104.6,23149.6,23104.6,23128.6,3362
2025-05-29 04:00:00+00:00,23298.3,23466.8,23195.3,23428.8,42412
2025-05-29 08:00:00+00:00,23417.8,23619.8,23414.8,23497.3,33765
2025-05-29 12:00:00+00:00,23499.3,23529.3,23402.8,23446.8,10108
2025-05-29 16:00:00+00:00,23447.3,23485.3,23293.8,23358.8,24019
2025-05-29 20:00:00+00:00,23357.8,23380.8,23346.8,23352.3,6717
2025-05-30 04:00:00+00:00,23342.9,23364.4,23154.7,23221.2,30900
2025-05-30 08:00:00+00:00,23219.7,23332.2,23160.7,23322.7,23249
2025-05-30 12:00:00+00:00,23301.7,23356.2,23136.7,23159.2,12115
2025-05-30 16:00:00+00:00,23159.7,23168.2,22946.7,23004.2,24232
2025-05-30 20:00:00+00:00,23003.7,23055.2,22986.2,23046.7,8994
2025-06-02 04:00:00+00:00,23049.7,23073.7,22653.8,22757.8,30701
2025-06-02 08:00:00+00:00,22785.3,23189.3,22772.3,23167.3,28375
2025-06-02 12:00:00+00:00,23155.3,23215.3,23135.8,23202.3,9423
2025-06-02 16:00:00+00:00,23203.3,23263.8,23109.3,23226.8,19720
2025-06-02 20:00:00+00:00,23227.8,23282.3,23223.8,23273.3,4199
2025-06-03 04:00:00+00:00,23258.5,23537.0,23226.0,23417.0,37241
2025-06-03 08:00:00+00:00,23414.0,23548.0,23373.5,23493.5,25278
2025-06-03 12:00:00+00:00,23507.0,23533.5,23469.5,23522.5,8688
2025-06-03 16:00:00+00:00,23521.5,23543.5,23401.0,23505.0,18137
2025-06-03 20:00:00+00:00,23505.5,23539.5,23502.0,23526.0,4059
2025-06-04 04:00:00+00:00,23537.7,23719.4,23477.2,23691.4,34557
2025-06-04 08:00:00+00:00,23679.9,23728.4,23603.9,23668.4,23874
2025-06-04 12:00:00+00:00,23655.9,23684.9,23644.9,23684.9,8253
2025-06-04 16:00:00+00:00,23684.4,23825.4,23638.4,23779.9,21168
2025-06-04 20:00:00+00:00,23778.4,23806.9,23777.9,23786.4,3786
2025-06-05 04:00:00+00:00,23831.2,23932.7,23752.7,23758.2,38480
2025-06-05 08:00:00+00:00,23758.2,23923.7,23733.7,23920.2,25695
2025-06-05 12:00:00+00:00,23915.2,24049.7,23866.2,23990.7,11022
2025-06-05 16:00:00+00:00,23990.2,24086.2,23843.2,23939.7,30347
2025-06-05 20:00:00+00:00,23939.2,23984.7,23917.2,23958.2,6714
2025-06-06 04:00:00+00:00,23950.4,23959.4,23780.4,23855.9,31978
2025-06-06 08:00:00+00:00,23856.9,23892.4,23768.9,23805.4,23604
2025-06-06 12:00:00+00:00,23809.9,23828.4,23769.4,23811.9,10647
2025-06-06 16:00:00+00:00,23810.4,23841.9,23751.9,23796.4,19026
2025-06-06 20:00:00+00:00,23795.9,23926.9,23794.9,23911.9,4492
2025-06-09 04:00:00+00:00,23946.1,24186.1,23934.6,24037.6,39768
2025-06-09 08:00:00+00:00,24039.1,24200.1,23993.1,24131.6,26254
2025-06-09 12:00:00+00:00,24148.1,24179.1,24114.1,24114.1,6451
2025-06-09 16:00:00+00:00,24115.1,24203.6,24072.1,24180.1,16379
2025-06-09 20:00:00+00:00,24180.6,24223.1,24177.1,24211.1,3418
2025-06-10 04:00:00+00:00,24222.8,24306.9,24154.3,24269.4,33616
2025-06-10 08:00:00+00:00,24265.4,24292.9,24013.4,24133.0,48398
2025-06-10 12:00:00+00:00,24129.0,24207.8,24107.0,24178.6,12468
2025-06-10 16:00:00+00:00,24177.8,24233.2,24070.0,24117.6,28837
2025-06-10 20:00:00+00:00,24117.6,24150.2,24110.6,24143.8,8985
2025-06-11 00:00:00+00:00,24169.0,24193.0,24145.0,24145.0,106
2025-06-11 04:00:00+00:00,24145.0,24416.2,24141.0,24373.0,43086
2025-06-11 08:00:00+00:00,24373.0,24440.4,24330.2,24369.0,38602
2025-06-11 12:00:00+00:00,24365.0,24432.8,24294.0,24361.2,18607
2025-06-11 16:00:00+00:00,24361.2,24394.6,24275.8,24324.4,32412
2025-06-11 20:00:00+00:00,24324.2,24348.4,24277.4,24294.8,12653
2025-06-12 00:00:00+00:00,24237.0,24245.0,24205.0,24237.0,104
2025-06-12 04:00:00+00:00,24237.0,24267.0,24131.2,24221.0,39040
2025-06-12 08:00:00+00:00,24222.2,24227.2,23983.0,24069.0,40841
2025-06-12 12:00:00+00:00,24065.0,24169.6,24037.8,24150.6,16866
2025-06-12 16:00:00+00:00,24150.6,24187.4,24106.0,24181.0,26702
2025-06-12 20:00:00+00:00,24180.4,24201.0,24171.0,24182.2,7373
2025-06-13 00:00:00+00:00,24113.0,24117.0,23953.0,24001.0,611
2025-06-13 04:00:00+00:00,23985.0,24095.6,23785.0,23841.0,46936
2025-06-13 08:00:00+00:00,23841.0,23903.6,23771.0,23845.0,45644
2025-06-13 12:00:00+00:00,23845.0,23881.4,23797.0,23831.0,16890
2025-06-13 16:00:00+00:00,23830.4,23903.4,23782.0,23871.4,30683
2025-06-13 20:00:00+00:00,23871.2,23873.8,23741.8,23761.4,13782
2025-06-16 04:00:00+00:00,23836.4,23920.9,23701.9,23864.6,34567
2025-06-16 08:00:00+00:00,23855.6,24121.1,23854.1,24079.1,28126
2025-06-16 12:00:00+00:00,24062.6,24120.1,24053.1,24112.1,6405
2025-06-16 16:00:00+00:00,24112.6,24269.6,24102.1,24177.6,17584
2025-06-16 20:00:00+00:00,24177.1,24201.1,24131.6,24133.6,4040
2025-06-17 04:00:00+00:00,24079.4,24120.9,23941.8,24018.8,33676
2025-06-17 08:00:00+00:00,24007.8,24030.3,23864.3,23981.8,25153
2025-06-17 12:00:00+00:00,23971.3,23999.3,23931.8,23953.8,8150
2025-06-17 16:00:00+00:00,23955.3,23980.3,23850.8,23855.8,16077
2025-06-17 20:00:00+00:00,23856.3,23861.8,23792.8,23810.3,7400
2025-06-18 04:00:00+00:00,23896.1,23899.6,23629.2,23682.2,29432
2025-06-18 08:00:00+00:00,23687.2,23711.2,23613.7,23654.2,21910
2025-06-18 12:00:00+00:00,23664.7,23687.2,23570.2,23611.2,8492
2025-06-18 16:00:00+00:00,23610.2,23657.2,23554.2,23596.7,16316
2025-06-18 20:00:00+00:00,23596.2,23648.2,23574.2,23579.2,9268
2025-06-19 04:00:00+00:00,23525.1,23635.1,23209.5,23221.5,32903
2025-06-19 08:00:00+00:00,23212.0,23298.0,23167.0,23244.0,28836
2025-06-19 12:00:00+00:00,23229.5,23246.0,23140.0,23145.5,7264
2025-06-19 16:00:00+00:00,23146.0,23193.0,23112.0,23121.0,9052
2025-06-19 20:00:00+00:00,23121.5,23189.5,23121.0,23187.0,1320
2025-06-20 04:00:00+00:00,23255.3,23505.9,23252.8,23491.9,27129
2025-06-20 08:00:00+00:00,23507.4,23561.4,23372.4,23521.4,21269
2025-06-20 12:00:00+00:00,23507.9,23624.4,23498.4,23574.9,9595
2025-06-20 16:00:00+00:00,23575.4,23590.9,23385.4,23437.4,19365
2025-06-20 20:00:00+00:00,23437.9,23449.4,23386.9,23430.4,4796
2025-06-23 04:00:00+00:00,23302.9,23592.9,23242.9,23489.9,33639
2025-06-23 08:00:00+00:00,23488.4,23707.4,23481.4,23659.9,30047
2025-06-23 12:00:00+00:00,23641.9,23656.9,23528.4,23605.4,10266
2025-06-23 16:00:00+00:00,23605.9,23674.4,23534.9,23589.4,21232
2025-06-23 20:00:00+00:00,23588.9,23738.4,23583.9,23731.4,8067
2025-06-24 04:00:00+00:00,23840.4,24191.9,23820.4,24147.9,33326
2025-06-24 08:00:00+00:00,24140.9,24228.4,24069.9,24168.9,26084
2025-06-24 12:00:00+00:00,24168.9,24210.9,24117.9,24154.9,8734
2025-06-24 16:00:00+00:00,24154.4,24344.9,24096.4,24342.4,16544
2025-06-24 20:00:00+00:00,24343.4,24364.4,24334.4,24356.9,3677
2025-06-25 04:00:00+00:00,24333.1,24425.6,24262.1,24348.0,33256
2025-06-25 08:00:00+00:00,24352.5,24529.0,24311.5,24475.0,30798
2025-06-25 12:00:00+00:00,24470.5,24484.5,24387.5,24443.5,7415
2025-06-25 16:00:00+00:00,24442.5,24466.0,24326.0,24377.0,16300
2025-06-25 20:00:00+00:00,24377.5,24383.0,24328.0,24335.5,4935
2025-06-26 04:00:00+00:00,24330.1,24386.7,24229.2,24334.7,31477
2025-06-26 08:00:00+00:00,24332.2,24369.8,24212.2,24369.8,24945
2025-06-26 12:00:00+00:00,24356.3,24391.8,24297.8,24300.8,7295
2025-06-26 16:00:00+00:00,24300.3,24451.8,24277.3,24413.3,17169
2025-06-26 20:00:00+00:00,24413.8,24426.8,24372.8,24378.3,3036
2025-06-27 04:00:00+00:00,24372.4,24463.9,24293.9,24312.9,38460
2025-06-27 08:00:00+00:00,24302.4,24322.9,24174.9,24255.4,26896
2025-06-27 12:00:00+00:00,24248.9,24282.9,24222.9,24248.9,6712
2025-06-27 16:00:00+00:00,24248.4,24302.9,24188.4,24257.4,15032
2025-06-27 20:00:00+00:00,24256.9,24258.4,24161.4,24174.9,6214
2025-06-30 04:00:00+00:00,24281.3,24289.8,24060.8,24181.0,34627
2025-06-30 08:00:00+00:00,24181.5,24256.5,24044.0,24105.5,27201
2025-06-30 12:00:00+00:00,24111.0,24133.0,24063.5,24081.0,6147
2025-06-30 16:00:00+00:00,24081.5,24171.5,24016.5,24166.5,13300
2025-07-02 04:00:00+00:00,24256.2,24398.7,24119.2,24230.2,35641
2025-07-02 08:00:00+00:00,24216.2,24300.7,24164.2,24193.2,25868
2025-07-02 12:00:00+00:00,24210.7,24257.2,24128.2,24158.7,8692
2025-07-02 16:00:00+00:00,24158.2,24183.2,24088.2,24163.7,16373
2025-07-02 20:00:00+00:00,24164.2,24203.7,24163.2,24200.2,3271
2025-07-03 04:00:00+00:00,24202.0,24268.0,23916.0,23989.6,34794
2025-07-03 08:00:00+00:00,23993.6,24085.1,23945.6,24037.1,22292
2025-07-03 12:00:00+00:00,24016.6,24026.1,23932.1,23982.1,8796
2025-07-03 16:00:00+00:00,23981.6,24091.6,23974.1,24023.6,16519
2025-07-03 20:00:00+00:00,24023.1,24029.6,23975.6,23981.1,1075
2025-07-04 04:00:00+00:00,23849.1,23928.5,23684.6,23913.0,33615
2025-07-04 08:00:00+00:00,23900.5,24077.5,23836.5,23911.5,32428
2025-07-04 12:00:00+00:00,23881.0,23912.5,23850.0,23871.5,5733
2025-07-04 16:00:00+00:00,23872.0,23922.0,23872.0,23895.0,5304
2025-07-04 20:00:00+00:00,23895.5,23898.0,23869.5,23887.0,671
2025-07-07 04:00:00+00:00,23829.7,23858.2,23702.2,23806.6,34417
2025-07-07 08:00:00+00:00,23792.1,23903.1,23765.1,23855.1,23961
2025-07-07 12:00:00+00:00,23851.6,23898.6,23845.1,23847.6,5706
2025-07-07 16:00:00+00:00,23846.6,24009.1,23841.6,23853.1,20378
2025-07-07 20:00:00+00:00,23852.6,23931.6,23813.1,23855.6,8411
2025-07-08 04:00:00+00:00,23925.8,24135.8,23884.8,24064.8,36718
2025-07-08 08:00:00+00:00,24050.3,24150.8,23997.8,24093.8,25423
2025-07-08 12:00:00+00:00,24089.8,24104.3,24048.3,24058.8,6088
2025-07-08 16:00:00+00:00,24059.3,24119.3,23983.3,24114.8,18143
2025-07-08 20:00:00+00:00,24114.3,24121.8,24082.3,24094.3,4652
2025-07-09 04:00:00+00:00,24052.0,24069.0,23826.5,23944.0,30703
2025-07-09 08:00:00+00:00,23948.0,23990.0,23800.5,23863.5,24713
2025-07-09 12:00:00+00:00,23888.0,23930.5,23880.5,23922.0,6273
2025-07-09 16:00:00+00:00,23921.5,23936.5,23791.5,23842.0,18440
2025-07-09 20:00:00+00:00,23842.5,23856.0,23827.5,23842.0,4175
2025-07-10 04:00:00+00:00,23845.7,23951.6,23788.7,23894.1,34281
2025-07-10 08:00:00+00:00,23902.1,24066.6,23889.6,24003.1,28074
2025-07-10 12:00:00+00:00,24004.1,24028.1,23945.1,23969.1,6349
2025-07-10 16:00:00+00:00,23968.6,24005.1,23866.1,24002.1,15219
2025-07-10 20:00:00+00:00,24001.6,24040.6,24001.6,24009.1,2570
2025-07-11 04:00:00+00:00,24009.8,24490.9,23993.3,24479.4,39342
2025-07-11 08:00:00+00:00,24475.9,24514.4,24103.9,24147.9,38393
2025-07-11 12:00:00+00:00,24147.9,24162.4,24087.9,24114.4,7257
2025-07-11 16:00:00+00:00,24113.4,24153.9,24047.9,24085.4,14821
2025-07-11 20:00:00+00:00,24085.9,24093.4,24064.9,24073.4,3266
2025-07-14 04:00:00+00:00,24071.1,24190.1,24034.6,24146.1,32386
2025-07-14 08:00:00+00:00,24165.6,24255.1,24153.1,24168.6,22107
2025-07-14 12:00:00+00:00,24178.6,24225.6,24168.6,24173.1,4547
2025-07-14 16:00:00+00:00,24173.6,24268.6,24135.1,24243.6,13563
2025-07-14 20:00:00+00:00,24242.6,24271.1,24225.1,24256.6,1834
2025-07-15 04:00:00+00:00,24265.8,24554.8,24111.0,24225.0,42682
2025-07-15 08:00:00+00:00,24236.5,24584.5,24208.0,24520.5,36436
2025-07-15 12:00:00+00:00,24515.0,24559.5,24495.5,24536.0,7103
2025-07-15 16:00:00+00:00,24535.5,24579.5,24400.0,24544.5,24525
2025-07-15 20:00:00+00:00,24545.0,24630.0,24544.0,24622.5,5288
2025-07-16 04:00:00+00:00,24621.8,24864.3,24596.8,24648.3,42131
2025-07-16 08:00:00+00:00,24650.8,24686.3,24483.3,24527.3,30431
2025-07-16 12:00:00+00:00,24523.8,24534.8,24477.3,24490.8,5909
2025-07-16 16:00:00+00:00,24491.3,24538.8,24393.8,24514.3,27454
2025-07-16 20:00:00+00:00,24514.8,24572.3,24514.8,24571.3,3537
2025-07-17 04:00:00+00:00,24573.1,24652.6,24429.3,24526.3,34798
2025-07-17 08:00:00+00:00,24521.8,24579.8,24425.3,24433.3,26920
2025-07-17 12:00:00+00:00,24441.8,24474.8,24397.3,24408.3,5289
2025-07-17 16:00:00+00:00,24407.3,24656.3,24407.3,24649.3,15906
2025-07-17 20:00:00+00:00,24649.8,24673.8,24626.3,24664.3,3098
2025-07-18 04:00:00+00:00,24708.1,24822.1,24620.5,24658.5,38387
2025-07-18 08:00:00+00:00,24650.5,24852.0,24606.5,24837.0,24845
2025-07-18 12:00:00+00:00,24844.5,24974.5,24843.5,24962.0,8042
2025-07-18 16:00:00+00:00,24962.5,25069.0,24904.5,24945.0,21292
2025-07-18 20:00:00+00:00,24946.0,24954.5,24870.0,24872.0,4262
2025-07-21 04:00:00+00:00,24990.1,25012.6,24873.9,24894.4,36823
2025-07-21 08:00:00+00:00,24891.4,25012.9,24836.9,24971.4,21886
2025-07-21 12:00:00+00:00,24979.9,25036.9,24971.4,24995.4,4056
2025-07-21 16:00:00+00:00,24994.4,25125.9,24919.9,25046.9,15533
2025-07-21 20:00:00+00:00,25047.4,25068.4,25029.9,25033.9,2396
2025-07-22 04:00:00+00:00,25044.0,25123.5,24907.5,25063.5,31844
2025-07-22 08:00:00+00:00,25062.0,25159.0,24996.5,25129.5,30272
2025-07-22 12:00:00+00:00,25127.5,25188.5,25120.0,25182.5,5930
2025-07-22 16:00:00+00:00,25180.5,25351.0,25098.5,25326.5,17089
2025-07-22 20:00:00+00:00,25325.0,25337.5,25284.5,25312.5,3345
2025-07-23 04:00:00+00:00,25402.7,25431.0,25224.7,25414.0,39119
2025-07-23 08:00:00+00:00,25436.0,25572.0,25351.5,25557.0,41231
2025-07-23 12:00:00+00:00,25571.5,25573.5,25472.5,25486.5,6139
2025-07-23 16:00:00+00:00,25486.0,25533.0,25440.5,25497.5,17277
2025-07-23 20:00:00+00:00,25497.0,25549.5,25489.0,25529.0,3652
2025-07-24 04:00:00+00:00,25499.2,25736.6,25470.7,25687.1,40049
2025-07-24 08:00:00+00:00,25701.6,25734.1,25591.6,25678.1,30202
2025-07-24 12:00:00+00:00,25683.1,25684.6,25583.6,25594.6,5570
2025-07-24 16:00:00+00:00,25595.1,25636.6,25475.1,25484.1,15385
2025-07-24 20:00:00+00:00,25483.1,25544.1,25482.1,25514.1,2930
2025-07-25 04:00:00+00:00,25536.7,25574.2,25360.9,25377.4,33504
2025-07-25 08:00:00+00:00,25359.4,25465.9,25326.4,25357.9,28106
2025-07-25 12:00:00+00:00,25363.9,25379.4,25275.4,25294.4,6233
2025-07-25 16:00:00+00:00,25294.9,25352.4,25245.9,25338.4,14924
2025-07-25 20:00:00+00:00,25337.9,25396.4,25337.4,25387.4,2022
2025-07-28 04:00:00+00:00,25421.8,25643.3,25373.3,25460.8,39660
2025-07-28 08:00:00+00:00,25474.3,25569.8,25461.3,25506.3,26786
2025-07-28 12:00:00+00:00,25492.8,25517.3,25447.8,25492.3,6488
2025-07-28 16:00:00+00:00,25492.8,25495.3,25381.8,25411.3,15942
2025-07-28 20:00:00+00:00,25410.8,25413.3,25354.3,25370.3,3486
2025-07-29 04:00:00+00:00,25404.3,25447.3,25232.8,25299.3,34103
2025-07-29 08:00:00+00:00,25287.8,25533.5,25263.8,25494.0,28725
2025-07-29 12:00:00+00:00,25486.0,25548.5,25467.5,25534.5,6223
2025-07-29 16:00:00+00:00,25534.0,25545.0,25368.0,25386.0,18329
2025-07-29 20:00:00+00:00,25385.5,25412.0,25359.5,25368.0,1843
2025-07-30 04:00:00+00:00,25337.8,25491.4,25205.3,25434.4,39366
2025-07-30 08:00:00+00:00,25399.9,25465.4,25085.4,25181.9,42274
2025-07-30 12:00:00+00:00,25212.4,25216.9,25087.9,25095.9,8711
2025-07-30 16:00:00+00:00,25095.4,25142.4,25009.9,25033.9,16087
2025-07-30 20:00:00+00:00,25034.4,25044.4,24960.9,24968.4,2778
2025-07-31 04:00:00+00:00,24967.7,24978.7,24773.7,24889.4,38766
2025-07-31 08:00:00+00:00,24910.9,24950.4,24734.9,24759.9,36016
2025-07-31 12:00:00+00:00,24765.4,24773.4,24695.9,24696.4,7963
2025-07-31 16:00:00+00:00,24695.9,24814.9,24655.4,24784.4,19254
2025-07-31 20:00:00+00:00,24783.4,24788.4,24677.9,24723.4,6821
2025-08-01 04:00:00+00:00,24752.1,24831.6,24667.1,24702.1,38504
2025-08-01 08:00:00+00:00,24692.6,24708.1,24439.1,24451.6,38010
2025-08-01 12:00:00+00:00,24427.6,24480.1,24375.1,24460.6,14033
2025-08-01 16:00:00+00:00,24459.6,24475.1,24254.6,24306.6,33508
2025-08-01 20:00:00+00:00,24306.1,24320.1,24243.6,24284.6,7243
2025-08-04 04:00:00+00:00,24435.6,24618.6,24352.1,24604.1,35530
2025-08-04 08:00:00+00:00,24612.1,24723.6,24571.1,24716.6,29769
2025-08-04 12:00:00+00:00,24720.1,24752.6,24677.1,24743.1,6766
2025-08-04 16:00:00+00:00,24743.6,24762.1,24617.1,24705.1,17669
2025-08-04 20:00:00+00:00,24705.6,24741.6,24703.1,24712.1,3597
2025-08-05 04:00:00+00:00,24703.2,24826.2,24642.2,24763.7,29976
2025-08-05 08:00:00+00:00,24780.2,24885.2,24771.7,24851.7,26970
2025-08-05 12:00:00+00:00,24848.2,24867.2,24824.2,24851.2,6163
2025-08-05 16:00:00+00:00,24851.7,24911.2,24781.2,24823.7,19946
2025-08-05 20:00:00+00:00,24823.2,24856.2,24803.2,24804.2,3616
2025-08-06 04:00:00+00:00,24838.3,24958.8,24759.8,24902.3,31517
2025-08-06 08:00:00+00:00,24917.3,24930.8,24824.3,24843.3,21415
2025-08-06 12:00:00+00:00,24830.8,24863.8,24809.8,24848.8,5693
2025-08-06 16:00:00+00:00,24848.3,24879.8,24741.3,24845.3,17332
2025-08-06 20:00:00+00:00,24845.8,24916.8,24843.8,24912.3,4021
2025-08-07 04:00:00+00:00,24956.4,25044.4,24793.4,25018.4,33777
2025-08-07 08:00:00+00:00,25011.9,25088.4,24991.4,25031.4,23674
2025-08-07 12:00:00+00:00,25048.4,25058.4,25007.9,25015.9,8219
2025-08-07 16:00:00+00:00,25016.4,25047.9,24859.9,24882.4,19326
2025-08-07 20:00:00+00:00,24881.9,24891.4,24834.9,24867.4,6288
2025-08-08 04:00:00+00:00,24941.6,24965.1,24826.6,24879.1,28495
2025-08-08 08:00:00+00:00,24869.6,24885.1,24785.6,24832.1,20776
2025-08-08 12:00:00+00:00,24816.6,24845.6,24794.1,24822.1,4654
2025-08-08 16:00:00+00:00,24822.6,24915.6,24808.6,24891.1,13514
2025-08-08 20:00:00+00:00,24890.6,24933.6,24881.1,24932.1,2762
2025-08-11 04:00:00+00:00,24921.5,24949.5,24748.0,24896.7,35844
2025-08-11 08:00:00+00:00,24879.2,24920.2,24834.2,24902.7,20867
2025-08-11 12:00:00+00:00,24897.7,24917.7,24862.2,24874.2,4767
2025-08-11 16:00:00+00:00,24873.7,24945.2,24749.2,24749.7,15286
2025-08-11 20:00:00+00:00,24749.2,24805.7,24726.7,24769.7,5541
2025-08-12 04:00:00+00:00,24810.3,24921.8,24765.3,24911.8,30967
2025-08-12 08:00:00+00:00,24936.3,24998.3,24838.3,24922.8,26541
2025-08-12 12:00:00+00:00,24916.8,24996.3,24882.3,24980.8,7206
2025-08-12 16:00:00+00:00,24980.3,25164.3,24917.8,25148.8,18798
2025-08-12 20:00:00+00:00,25148.3,25192.8,25143.8,25167.8,2899
2025-08-13 04:00:00+00:00,25151.5,25453.1,25123.0,25443.6,34864
2025-08-13 08:00:00+00:00,25440.1,25648.6,25419.6,25635.6,29460
2025-08-13 12:00:00+00:00,25672.6,25777.6,25672.1,25742.6,7711
2025-08-13 16:00:00+00:00,25742.1,25856.1,25715.6,25780.1,20047
2025-08-13 20:00:00+00:00,25780.6,25802.6,25735.6,25747.1,4026
2025-08-14 04:00:00+00:00,25763.1,25782.6,25559.5,25608.0,39123
2025-08-14 08:00:00+00:00,25598.0,25612.5,25456.5,25552.0,31234
2025-08-14 12:00:00+00:00,25524.5,25575.5,25383.0,25402.0,8629
2025-08-14 16:00:00+00:00,25400.5,25401.0,25240.5,25261.0,23204
2025-08-14 20:00:00+00:00,25261.5,25337.5,25254.5,25317.0,4049
2025-08-15 04:00:00+00:00,25268.2,25336.7,25137.7,25188.7,34577
2025-08-15 08:00:00+00:00,25205.2,25278.7,25171.7,25226.7,30286
2025-08-15 12:00:00+00:00,25227.2,25263.7,25202.2,25228.7,5541
2025-08-15 16:00:00+00:00,25229.2,25294.2,25161.7,25188.7,16604
2025-08-15 20:00:00+00:00,25189.2,25213.2,25177.2,25212.7,3166
2025-08-18 04:00:00+00:00,25268.2,25417.9,25216.4,25415.4,41419
2025-08-18 08:00:00+00:00,25428.9,25456.9,25145.9,25189.4,35868
2025-08-18 12:00:00+00:00,25196.4,25230.9,25172.4,25218.4,5168
2025-08-18 16:00:00+00:00,25217.4,25280.4,25175.4,25207.9,15066
2025-08-18 20:00:00+00:00,25207.4,25244.4,25202.4,25210.9,2982
2025-08-19 04:00:00+00:00,25224.7,25242.2,25057.7,25206.7,34594
2025-08-19 08:00:00+00:00,25212.7,25247.2,25068.2,25108.7,30913
2025-08-19 12:00:00+00:00,25114.7,25185.2,25111.2,25162.7,5250
2025-08-19 16:00:00+00:00,25163.2,25189.2,24985.7,24986.2,18373
2025-08-19 20:00:00+00:00,24985.7,25010.7,24958.2,24965.7,4686
2025-08-20 04:00:00+00:00,24927.0,25075.0,24856.0,24970.0,37535
2025-08-20 08:00:00+00:00,24971.5,25206.5,24946.5,25126.5,33978
2025-08-20 12:00:00+00:00,25134.5,25170.0,25109.0,25168.0,5422
2025-08-20 16:00:00+00:00,25167.0,25215.5,25055.5,25143.0,24381
2025-08-20 20:00:00+00:00,25142.5,25192.5,25140.0,25173.0,6280
2025-08-21 04:00:00+00:00,25196.9,25209.9,25072.4,25117.4,34745
2025-08-21 08:00:00+00:00,25118.9,25138.4,24988.9,25105.9,27791
2025-08-21 12:00:00+00:00,25102.4,25117.4,25068.4,25090.4,5737
2025-08-21 16:00:00+00:00,25089.9,25204.4,25086.4,25166.4,20710
2025-08-21 20:00:00+00:00,25166.9,25208.4,25152.9,25184.4,4280
2025-08-22 04:00:00+00:00,25207.3,25281.8,25141.8,25173.1,39060
2025-08-22 08:00:00+00:00,25160.1,25356.1,25142.6,25342.1,32645
2025-08-22 12:00:00+00:00,25348.6,25406.1,25322.6,25380.6,5413
2025-08-22 16:00:00+00:00,25380.1,25721.6,25361.6,25684.1,30841
2025-08-22 20:00:00+00:00,25683.6,25746.6,25682.6,25723.6,4949
2025-08-25 04:00:00+00:00,25681.8,25945.8,25604.8,25893.8,43653
2025-08-25 08:00:00+00:00,25875.8,25937.3,25764.8,25858.3,36903
2025-08-25 12:00:00+00:00,25831.3,25840.3,25740.8,25741.3,6791
2025-08-25 16:00:00+00:00,25741.8,25862.8,25717.8,25740.3,23584
2025-08-25 20:00:00+00:00,25739.8,25749.3,25703.8,25711.3,4778
2025-08-26 04:00:00+00:00,25705.5,25834.5,25687.5,25788.0,37201
2025-08-26 08:00:00+00:00,25800.0,25834.5,25481.0,25568.0,37016
2025-08-26 12:00:00+00:00,25577.5,25698.5,25569.5,25684.5,7421
2025-08-26 16:00:00+00:00,25685.0,25714.5,25602.0,25605.5,19027
2025-08-26 20:00:00+00:00,25604.0,25620.0,25576.5,25606.0,4107
2025-08-27 04:00:00+00:00,25644.6,25668.6,25476.4,25547.9,34153
2025-08-27 08:00:00+00:00,25530.9,25557.9,25136.9,25163.9,41624
2025-08-27 12:00:00+00:00,25113.4,25133.4,24996.4,25038.9,5185
2025-08-27 16:00:00+00:00,25037.9,25042.4,24900.4,24959.4,11176
2025-08-27 20:00:00+00:00,24958.9,25003.4,24943.9,25000.9,1853
2025-08-28 04:00:00+00:00,25048.7,25082.5,24906.7,25005.5,44603
2025-08-28 08:00:00+00:00,24989.5,25066.5,24799.0,24971.5,42957
2025-08-28 12:00:00+00:00,24959.5,25003.0,24933.5,24985.0,6889
2025-08-28 16:00:00+00:00,24985.5,25185.5,24962.0,25164.0,19522
2025-08-28 20:00:00+00:00,25164.5,25176.0,25146.0,25159.0,3505
2025-08-29 04:00:00+00:00,25122.9,25281.8,25040.9,25168.8,43587
2025-08-29 08:00:00+00:00,25166.8,25292.3,25086.3,25118.3,40478
2025-08-29 12:00:00+00:00,25135.3,25263.5,24956.3,25263.5,12337
2025-08-29 16:00:00+00:00,25264.5,25423.0,25222.5,25418.0,36572
2025-08-29 20:00:00+00:00,25416.5,25431.0,25386.0,25394.0,7969
2025-09-01 04:00:00+00:00,25449.7,25636.7,25435.7,25509.2,44975
2025-09-01 08:00:00+00:00,25511.7,25635.2,25497.2,25576.7,29885
2025-09-01 12:00:00+00:00,25562.2,25591.7,25521.2,25543.7,5354
2025-09-01 16:00:00+00:00,25544.2,25544.2,25455.2,25485.7,5109
2025-09-01 20:00:00+00:00,25485.2,25495.2,25478.7,25492.2,286
2025-09-02 04:00:00+00:00,25520.7,25712.1,25437.6,25449.6,45853
2025-09-02 08:00:00+00:00,25443.1,25571.0,25397.6,25432.5,42175
2025-09-02 12:00:00+00:00,25441.5,25444.5,25233.5,25243.5,11715
2025-09-02 16:00:00+00:00,25244.0,25530.5,25228.5,25476.0,33931
2025-09-02 20:00:00+00:00,25476.5,25482.0,25435.0,25469.5,5685
2025-09-03 04:00:00+00:00,25643.2,25794.7,25339.7,25378.7,46602
2025-09-03 08:00:00+00:00,25379.7,25414.7,25252.2,25346.7,38599
2025-09-03 12:00:00+00:00,25352.2,25405.2,25321.2,25333.2,6558
2025-09-03 16:00:00+00:00,25333.7,25398.7,25274.2,25389.7,23559
2025-09-03 20:00:00+00:00,25390.2,25406.7,25359.2,25364.7,5510
2025-09-04 04:00:00+00:00,25442.3,25508.8,24992.7,25014.2,48186
2025-09-04 08:00:00+00:00,25019.7,25105.7,24986.2,24988.2,42006
2025-09-04 12:00:00+00:00,25010.7,25054.2,24971.7,25032.2,7144
2025-09-04 16:00:00+00:00,25033.7,25060.7,24904.2,25012.2,22106
2025-09-04 20:00:00+00:00,25012.7,25048.2,25011.7,25041.2,3329
2025-09-05 04:00:00+00:00,25091.4,25224.1,25062.4,25199.6,36341
2025-09-05 08:00:00+00:00,25210.6,25459.6,25187.6,25423.6,34603
2025-09-05 12:00:00+00:00,25412.1,25508.1,25388.1,25487.1,9997
2025-09-05 16:00:00+00:00,25488.6,25493.1,25273.1,25367.6,34366
2025-09-05 20:00:00+00:00,25367.1,25386.6,25341.1,25364.1,6456
2025-09-08 04:00:00+00:00,25410.3,25549.3,25387.3,25500.4,40982
2025-09-08 08:00:00+00:00,25505.4,25668.4,25486.9,25626.9,28698
2025-09-08 12:00:00+00:00,25599.4,25636.4,25581.9,25635.9,4758
2025-09-08 16:00:00+00:00,25635.4,25665.4,25553.4,25637.9,20084
2025-09-08 20:00:00+00:00,25637.4,25673.9,25615.4,25672.4,3342
2025-09-09 04:00:00+00:00,25671.8,26035.2,25668.8,25835.2,36248
2025-09-09 08:00:00+00:00,25830.2,25933.7,25737.7,25907.7,37137
2025-09-09 12:00:00+00:00,25925.7,25958.2,25882.2,25886.7,6065
2025-09-09 16:00:00+00:00,25887.2,26017.2,25868.7,25911.2,28617
2025-09-09 20:00:00+00:00,25910.2,25961.2,25907.2,25951.7,4674
2025-09-10 04:00:00+00:00,26010.1,26262.8,25991.6,26257.3,42379
2025-09-10 08:00:00+00:00,26257.8,26298.8,26161.8,26172.3,33263
2025-09-10 12:00:00+00:00,26135.3,26174.3,26061.8,26098.3,10403
2025-09-10 16:00:00+00:00,26098.8,26126.8,25968.8,25983.8,23193
2025-09-10 20:00:00+00:00,25984.3,25998.3,25958.8,25973.8,4092
2025-09-11 04:00:00+00:00,25982.9,26131.8,25865.4,26119.3,40112
2025-09-11 08:00:00+00:00,26123.3,26245.8,26044.8,26077.3,34643
2025-09-11 12:00:00+00:00,26072.3,26163.8,26055.8,26163.3,9338
2025-09-11 16:00:00+00:00,26162.3,26459.8,26138.3,26446.3,30527
2025-09-11 20:00:00+00:00,26445.8,26473.8,26415.3,26441.3,6577
2025-09-12 04:00:00+00:00,26469.5,26584.0,26352.1,26483.6,41755
2025-09-12 08:00:00+00:00,26493.6,26504.1,26331.6,26359.6,34279
2025-09-12 12:00:00+00:00,26336.6,26432.1,26304.6,26386.1,8506
2025-09-12 16:00:00+00:00,26385.6,26403.6,26262.1,26323.1,20962
2025-09-12 20:00:00+00:00,26323.6,26370.1,26314.1,26359.1,3850
2025-09-15 04:00:00+00:00,26318.7,26539.2,26288.7,26477.2,40498
2025-09-15 08:00:00+00:00,26470.7,26485.7,26279.2,26439.2,33140
2025-09-15 12:00:00+00:00,26422.2,26644.7,26406.7,26640.2,9220
2025-09-15 16:00:00+00:00,26640.7,26643.2,26438.2,26504.7,24227
2025-09-15 20:00:00+00:00,26505.2,26531.2,26464.2,26479.2,4657
2025-09-16 04:00:00+00:00,26542.5,26600.0,26322.3,26465.8,41366
2025-09-16 08:00:00+00:00,26465.8,26521.3,26397.8,26429.8,31260
2025-09-16 12:00:00+00:00,26426.8,26448.3,26375.3,26381.8,7534
2025-09-16 16:00:00+00:00,26382.8,26543.8,26332.8,26531.8,27532
2025-09-16 20:00:00+00:00,26531.3,26592.8,26518.3,26588.8,6302
2025-09-17 04:00:00+00:00,26570.6,26853.6,26526.6,26809.1,42259
2025-09-17 08:00:00+00:00,26813.6,26942.1,26786.1,26879.6,35921
2025-09-17 12:00:00+00:00,26878.1,26921.6,26838.1,26878.1,7617
2025-09-17 16:00:00+00:00,26878.6,26953.6,26813.6,26829.6,27731
2025-09-17 20:00:00+00:00,26830.6,26955.1,26707.6,26708.6,21996
2025-09-18 04:00:00+00:00,26845.9,27048.4,26793.1,26865.6,50580
2025-09-18 08:00:00+00:00,26871.6,26872.6,26327.1,26521.6,57435
2025-09-18 12:00:00+00:00,26525.1,26644.6,26520.1,26529.6,11759
2025-09-18 16:00:00+00:00,26530.6,26614.1,26432.6,26532.6,33994
2025-09-18 20:00:00+00:00,26531.6,26581.6,26528.1,26580.6,4858
2025-09-19 04:00:00+00:00,26557.1,26626.0,26401.5,26566.5,47271
2025-09-19 08:00:00+00:00,26574.5,26616.0,26406.5,26557.5,40243
2025-09-19 12:00:00+00:00,26532.0,26572.5,26492.0,26539.0,8375
2025-09-19 16:00:00+00:00,26539.5,26672.0,26476.0,26523.0,30082
2025-09-19 20:00:00+00:00,26523.5,26578.0,26502.0,26506.5,4779
2025-09-22 04:00:00+00:00,26483.4,26486.4,26227.4,26265.4,46182
2025-09-22 08:00:00+00:00,26267.9,26396.8,26201.3,26382.8,38183
2025-09-22 12:00:00+00:00,26372.3,26430.3,26361.3,26419.3,7399
2025-09-22 16:00:00+00:00,26419.8,26447.8,26315.3,26367.8,22044
2025-09-22 20:00:00+00:00,26368.8,26381.8,26346.8,26372.3,4292
2025-09-23 04:00:00+00:00,26378.4,26429.4,26067.2,26106.7,48069
2025-09-23 08:00:00+00:00,26080.2,26183.7,26016.7,26182.2,38165
2025-09-23 12:00:00+00:00,26191.7,26238.7,26147.7,26238.7,6538
2025-09-23 16:00:00+00:00,26239.2,26303.7,26192.2,26216.2,22326
2025-09-23 20:00:00+00:00,26215.7,26221.7,26131.7,26167.2,8809
2025-09-24 04:00:00+00:00,26154.5,26405.2,26051.0,26397.7,46019
2025-09-24 08:00:00+00:00,26413.2,26564.2,26348.2,26466.2,39471
2025-09-24 12:00:00+00:00,26476.7,26480.2,26378.7,26389.7,7671
2025-09-24 16:00:00+00:00,26390.2,26494.7,26350.2,26382.7,34266
2025-09-24 20:00:00+00:00,26383.2,26407.7,26353.2,26355.7,6120
2025-09-25 04:00:00+00:00,26408.5,26638.4,26405.0,26628.4,42919
2025-09-25 08:00:00+00:00,26622.4,26628.4,26406.9,26518.4,39395
2025-09-25 12:00:00+00:00,26518.9,26530.9,26327.9,26348.4,11633
2025-09-25 16:00:00+00:00,26347.9,26442.4,26295.4,26387.4,33019
2025-09-25 20:00:00+00:00,26386.4,26389.4,26290.4,26344.4,9428
2025-09-26 04:00:00+00:00,26294.8,26368.3,26169.3,26310.3,34079
2025-09-26 08:00:00+00:00,26301.3,26404.3,26069.3,26108.8,36467
2025-09-26 12:00:00+00:00,26105.8,26177.3,26067.8,26162.8,6591
2025-09-26 16:00:00+00:00,26163.3,26265.8,26099.3,26249.3,19426
2025-09-26 20:00:00+00:00,26248.8,26280.8,26246.3,26270.8,2570
2025-09-29 04:00:00+00:00,26331.3,26549.4,26330.8,26467.9,46357
2025-09-29 08:00:00+00:00,26483.9,26680.4,26453.4,26642.4,43074
2025-09-29 12:00:00+00:00,26647.9,26684.4,26570.9,26682.9,8013
2025-09-29 16:00:00+00:00,26682.4,26747.4,26612.4,26677.9,22734
2025-09-29 20:00:00+00:00,26677.4,26703.4,26636.9,26694.9,4127
2025-09-30 04:00:00+00:00,26669.5,26826.5,26551.8,26583.4,45704
2025-09-30 08:00:00+00:00,26580.4,26890.4,26561.9,26859.9,37355
2025-09-30 12:00:00+00:00,26857.4,26922.4,26841.9,26909.9,7083
2025-09-30 16:00:00+00:00,26908.9,26926.9,26758.4,26783.9,26300
2025-09-30 20:00:00+00:00,26784.4,26795.9,26768.9,26789.4,5202
2025-10-02 04:00:00+00:00,26862.1,27323.6,26848.6,27237.4,39225
2025-10-02 08:00:00+00:00,27241.4,27376.4,27241.4,27329.4,30997
2025-10-02 12:00:00+00:00,27311.4,27340.4,27265.4,27268.4,9535
2025-10-02 16:00:00+00:00,27268.9,27338.4,27167.9,27215.4,32036
2025-10-02 20:00:00+00:00,27214.9,27244.9,27198.4,27213.4,6204
2025-10-03 04:00:00+00:00,27227.0,27238.0,27022.5,27050.5,28160
2025-10-03 08:00:00+00:00,27053.0,27163.0,26963.0,27143.0,22568
2025-10-03 12:00:00+00:00,27154.0,27181.5,27104.0,27135.0,6833
2025-10-03 16:00:00+00:00,27135.5,27205.5,27092.0,27193.5,22126
2025-10-03 20:00:00+00:00,27193.0,27193.5,27037.0,27113.5,12323
2025-10-06 04:00:00+00:00,27086.3,27157.8,26883.8,26971.8,35122
2025-10-06 08:00:00+00:00,26981.3,27011.8,26870.8,26951.3,22809
2025-10-06 12:00:00+00:00,26956.8,26982.8,26942.8,26973.3,8041
2025-10-06 16:00:00+00:00,26973.8,27147.8,26968.3,27094.3,21155
2025-10-06 20:00:00+00:00,27094.8,27136.3,27088.8,27129.8,4411
2025-10-08 04:00:00+00:00,26871.5,26930.0,26502.5,26663.0,41225
2025-10-08 08:00:00+00:00,26634.0,26842.5,26623.0,26815.5,25648
2025-10-08 12:00:00+00:00,26806.5,26852.0,26784.5,26836.5,7825
2025-10-08 16:00:00+00:00,26836.0,26854.5,26709.5,26827.5,20502
2025-10-08 20:00:00+00:00,26828.0,26847.0,26812.5,26827.5,5805
2025-10-09 04:00:00+00:00,26906.0,26920.0,26471.0,26835.5,54853
2025-10-09 08:00:00+00:00,26856.0,26982.5,26698.5,26742.0,51123
2025-10-09 12:00:00+00:00,26728.5,26793.0,26725.5,26785.5,6857
2025-10-09 16:00:00+00:00,26785.0,26799.0,26377.5,26382.5,34441
2025-10-09 20:00:00+00:00,26382.0,26399.0,26311.0,26314.5,9519
2025-10-10 04:00:00+00:00,26399.1,26552.1,26347.6,26446.6,49528
2025-10-10 08:00:00+00:00,26434.6,26467.1,26251.6,26255.6,43405
2025-10-10 12:00:00+00:00,26205.6,26312.1,26157.1,26278.6,9953
2025-10-10 16:00:00+00:00,26279.6,26409.1,25174.1,25200.1,67696
2025-10-10 20:00:00+00:00,25200.6,25223.6,25033.1,25035.6,26279
2025-10-13 04:00:00+00:00,25519.5,25874.0,25322.0,25372.0,65906
2025-10-13 08:00:00+00:00,25373.0,25895.0,25363.0,25803.0,63428
2025-10-13 12:00:00+00:00,25781.5,25882.5,25684.0,25825.5,20360
2025-10-13 16:00:00+00:00,25826.5,25901.0,25693.0,25862.5,43703
2025-10-13 20:00:00+00:00,25863.0,25870.5,25754.5,25754.5,7301
2025-10-14 04:00:00+00:00,25873.4,26069.4,25702.9,25806.4,60146
2025-10-14 08:00:00+00:00,25689.9,25707.9,25311.4,25499.9,69000
2025-10-14 12:00:00+00:00,25512.9,25541.9,25306.9,25352.9,23755
2025-10-14 16:00:00+00:00,25353.9,25820.9,25351.9,25761.4,46645
2025-10-14 20:00:00+00:00,25761.9,25797.4,25738.4,25745.9,11315
2025-10-15 04:00:00+00:00,25741.3,25882.8,25596.3,25744.9,53946
2025-10-15 08:00:00+00:00,25773.9,25976.8,25725.9,25882.8,45867
2025-10-15 12:00:00+00:00,25944.8,25958.3,25847.8,25860.3,11230
2025-10-15 16:00:00+00:00,25859.8,25955.8,25791.3,25861.8,38237
2025-10-15 20:00:00+00:00,25862.3,25862.3,25650.8,25831.3,18621
2025-10-16 04:00:00+00:00,25821.2,26053.7,25737.2,25781.2,51992
2025-10-16 08:00:00+00:00,25758.2,25908.7,25684.7,25893.7,45201
2025-10-16 12:00:00+00:00,25891.2,25931.7,25877.2,25901.2,7588
2025-10-16 16:00:00+00:00,25901.7,25998.2,25801.2,25898.2,43569
2025-10-16 20:00:00+00:00,25897.7,25931.2,25779.2,25835.2,20448
2025-10-17 04:00:00+00:00,25805.3,25857.8,25445.3,25449.3,50386
2025-10-17 08:00:00+00:00,25450.8,25462.8,25125.3,25209.3,52741
2025-10-17 12:00:00+00:00,25222.8,25546.3,25180.3,25469.8,30287
2025-10-17 16:00:00+00:00,25469.3,25837.3,25466.8,25728.8,52352
2025-10-17 20:00:00+00:00,25728.3,25881.3,25704.3,25847.8,12926
2025-10-20 04:00:00+00:00,25879.4,25967.4,25728.4,25852.0,48889
2025-10-20 08:00:00+00:00,25857.5,25896.0,25741.5,25834.5,37106
2025-10-20 12:00:00+00:00,25829.0,25831.0,25762.5,25825.5,10874
2025-10-20 16:00:00+00:00,25826.0,26144.0,25812.5,26124.5,29003
2025-10-20 20:00:00+00:00,26123.5,26199.0,26122.0,26188.0,4855
2025-10-21 04:00:00+00:00,26207.4,26375.4,26101.4,26291.7,43260
2025-10-21 08:00:00+00:00,26270.2,26287.7,25959.2,25979.2,36991
2025-10-21 12:00:00+00:00,25992.2,26065.2,25970.2,25985.7,8413
2025-10-21 16:00:00+00:00,25984.7,25987.7,25836.7,25864.7,27308
2025-10-21 20:00:00+00:00,25864.2,25901.7,25850.7,25884.2,7280
2025-10-22 04:00:00+00:00,25848.7,25935.7,25636.2,25683.7,46672
2025-10-22 08:00:00+00:00,25702.2,25837.7,25697.2,25732.7,35968
2025-10-22 12:00:00+00:00,25699.2,25752.2,25655.7,25719.7,10534
2025-10-22 16:00:00+00:00,25720.2,25875.2,25511.2,25687.2,43469
2025-10-22 20:00:00+00:00,25685.2,25701.2,25541.2,25608.2,21904
2025-10-23 04:00:00+00:00,25697.1,25860.6,25588.6,25732.3,47208
2025-10-23 08:00:00+00:00,25736.3,26075.8,25666.8,25934.8,48699
2025-10-23 12:00:00+00:00,25931.8,25954.3,25881.3,25945.8,10632
2025-10-23 16:00:00+00:00,25945.3,26107.3,25930.8,26059.3,29191
2025-10-23 20:00:00+00:00,26058.3,26172.3,25999.8,26130.3,9402
2025-10-24 04:00:00+00:00,26182.8,26242.8,26051.6,26123.7,43547
2025-10-24 08:00:00+00:00,26132.2,26194.7,26053.2,26149.7,33258
2025-10-24 12:00:00+00:00,26150.7,26263.2,26113.2,26236.7,9090
2025-10-24 16:00:00+00:00,26237.7,26307.7,26212.2,26244.7,24926
2025-10-24 20:00:00+00:00,26245.2,26264.2,26235.2,26237.7,3085
2025-10-27 04:00:00+00:00,26448.0,26566.5,26339.5,26445.5,45566
2025-10-27 08:00:00+00:00,26447.5,26466.5,26383.0,26432.0,31505
2025-10-27 12:00:00+00:00,26457.5,26533.0,26448.5,26518.5,8245
2025-10-27 16:00:00+00:00,26518.0,26576.0,26462.0,26570.0,20495
2025-10-27 20:00:00+00:00,26569.5,26573.5,26520.5,26534.0,3571
2025-10-28 04:00:00+00:00,26550.9,26567.9,26309.3,26441.8,32540
2025-10-28 08:00:00+00:00,26449.3,26483.8,26240.3,26332.8,32310
2025-10-28 12:00:00+00:00,26389.8,26412.3,26350.8,26402.8,5223
2025-10-28 16:00:00+00:00,26403.8,26561.8,26378.8,26509.8,17068
2025-10-28 20:00:00+00:00,26508.8,26615.8,26504.8,26613.3,3745
2025-10-30 04:00:00+00:00,26634.7,26671.7,26419.7,26492.0,52386
2025-10-30 08:00:00+00:00,26418.5,26444.0,26115.0,26284.0,63596
2025-10-30 12:00:00+00:00,26289.0,26292.5,26072.5,26079.5,17296
2025-10-30 16:00:00+00:00,26080.0,26251.0,26063.5,26244.5,45397
2025-10-30 20:00:00+00:00,26244.0,26282.0,26203.5,26234.5,10609
2025-10-31 04:00:00+00:00,26274.1,26283.1,26035.2,26054.7,45817
2025-10-31 08:00:00+00:00,26035.2,26106.2,25850.2,25894.7,38455
2025-10-31 12:00:00+00:00,25885.7,25910.2,25806.7,25875.2,11884
2025-10-31 16:00:00+00:00,25874.7,26010.2,25763.2,25908.7,38636
2025-10-31 20:00:00+00:00,25908.2,25945.7,25874.7,25937.7,10375
2025-11-03 00:00:00+00:00,26011.9,26072.4,25937.4,25976.9,16387
2025-11-03 04:00:00+00:00,25977.4,26177.3,25905.3,26166.8,42828
2025-11-03 08:00:00+00:00,26167.8,26208.3,26108.6,26165.1,22103
2025-11-03 12:00:00+00:00,26165.6,26184.6,26097.6,26114.6,7905
2025-11-03 16:00:00+00:00,26114.1,26130.1,25974.6,26116.1,29552
2025-11-03 20:00:00+00:00,26115.6,26134.1,26098.1,26115.1,2069
2025-11-04 00:00:00+00:00,26050.5,26281.5,26050.5,26208.5,14631
2025-11-04 04:00:00+00:00,26208.0,26266.5,26005.5,26033.5,41457
2025-11-04 08:00:00+00:00,26037.5,26039.5,25729.5,25750.5,31770
2025-11-04 12:00:00+00:00,25750.0,25862.0,25738.5,25843.0,14423
2025-11-04 16:00:00+00:00,25843.5,26012.5,25779.5,25918.0,31772
2025-11-04 20:00:00+00:00,25917.5,25922.0,25871.5,25898.5,4358
2025-11-05 00:00:00+00:00,25656.4,25697.4,25472.9,25652.9,17989
2025-11-05 04:00:00+00:00,25652.4,25933.4,25582.4,25848.4,53128
2025-11-05 08:00:00+00:00,25848.9,25966.4,25818.9,25930.9,26902
2025-11-05 12:00:00+00:00,25930.4,25955.9,25853.9,25949.4,12812
2025-11-05 16:00:00+00:00,25948.9,26117.9,25920.4,26108.4,34029
2025-11-05 20:00:00+00:00,26107.9,26141.4,26096.9,26130.4,1890
2025-11-06 00:00:00+00:00,26089.2,26172.2,26029.2,26126.2,14668
2025-11-06 04:00:00+00:00,26126.2,26379.2,26108.7,26352.7,37756
2025-11-06 08:00:00+00:00,26353.2,26526.2,26343.2,26504.7,23024
2025-11-06 12:00:00+00:00,26505.2,26556.7,26481.2,26511.2,10130
2025-11-06 16:00:00+00:00,26510.7,26552.7,26262.2,26328.7,54988
2025-11-06 20:00:00+00:00,26328.2,26409.7,26273.7,26402.2,8078
2025-11-07 00:00:00+00:00,26399.9,26403.4,26266.9,26321.9,14804
2025-11-07 04:00:00+00:00,26322.4,26329.9,26151.4,26189.9,37700
2025-11-07 08:00:00+00:00,26190.4,26239.9,26111.9,26129.4,21410
2025-11-07 12:00:00+00:00,26128.4,26148.9,25996.4,26033.4,20903
2025-11-07 16:00:00+00:00,26032.4,26087.4,25938.4,26049.4,53962
2025-11-07 20:00:00+00:00,26049.9,26100.9,26049.4,26067.4,7561
2025-11-10 00:00:00+00:00,26367.0,26435.0,26277.0,26330.5,16222
2025-11-10 04:00:00+00:00,26329.5,26618.0,26299.0,26605.0,39036
2025-11-10 08:00:00+00:00,26605.5,26669.5,26571.0,26652.0,20715
2025-11-10 12:00:00+00:00,26652.5,26669.0,26596.5,26612.0,8792
2025-11-10 16:00:00+00:00,26611.5,26653.5,26495.5,26650.5,31059
2025-11-10 20:00:00+00:00,26651.0,26662.0,26638.5,26640.5,2362
2025-11-11 00:00:00+00:00,26668.2,26787.2,26654.2,26706.2,14749
2025-11-11 04:00:00+00:00,26706.7,26722.2,26500.5,26535.0,35417
2025-11-11 08:00:00+00:00,26535.5,26743.0,26521.5,26703.5,23092
2025-11-11 12:00:00+00:00,26703.0,26782.0,26694.5,26765.0,9423
2025-11-11 16:00:00+00:00,26765.5,26836.5,26710.0,26779.5,29941
2025-11-11 20:00:00+00:00,26779.0,26828.0,26779.0,26823.5,3402
2025-11-12 00:00:00+00:00,26810.0,26906.5,26742.5,26901.5,12961
2025-11-12 04:00:00+00:00,26902.5,27021.0,26763.0,26848.0,38740
2025-11-12 08:00:00+00:00,26846.5,26941.5,26824.0,26907.5,20013
2025-11-12 12:00:00+00:00,26906.5,26965.0,26860.0,26917.5,7851
2025-11-12 16:00:00+00:00,26916.5,26920.0,26758.0,26846.0,31677
2025-11-12 20:00:00+00:00,26846.5,26873.0,26831.5,26862.5,3420
2025-11-13 00:00:00+00:00,26799.8,26887.3,26737.3,26878.3,14022
2025-11-13 04:00:00+00:00,26879.3,26905.8,26722.0,26842.5,38426
2025-11-13 08:00:00+00:00,26843.0,27167.0,26825.0,27069.0,35546
2025-11-13 12:00:00+00:00,27070.0,27094.0,27015.5,27034.0,16093
2025-11-13 16:00:00+00:00,27034.5,27041.5,26713.5,26717.0,56995
2025-11-13 20:00:00+00:00,26717.5,26729.0,26604.0,26648.5,9660
2025-11-14 00:00:00+00:00,26605.8,26770.8,26583.8,26761.8,14983
2025-11-14 04:00:00+00:00,26761.3,26854.3,26601.3,26679.8,35619
2025-11-14 08:00:00+00:00,26680.3,26703.3,26518.3,26539.8,28938
2025-11-14 12:00:00+00:00,26539.3,26563.8,26370.3,26419.8,25203
2025-11-14 16:00:00+00:00,26418.8,26681.8,26371.3,26659.8,54055
2025-11-14 20:00:00+00:00,26659.3,26659.3,26353.8,26469.8,19175
2025-11-17 00:00:00+00:00,26500.8,26525.8,26338.3,26339.8,15053
2025-11-17 04:00:00+00:00,26338.8,26496.3,26259.6,26260.6,38289
2025-11-17 08:00:00+00:00,26260.6,26377.1,26235.1,26286.1,24578
2025-11-17 12:00:00+00:00,26284.6,26301.6,26183.1,26219.6,16061
2025-11-17 16:00:00+00:00,26218.1,26330.6,26166.1,26230.6,47429
2025-11-17 20:00:00+00:00,26231.1,26238.1,26191.6,26208.1,6999
2025-11-18 00:00:00+00:00,26134.8,26150.8,25978.3,25988.8,14669
2025-11-18 04:00:00+00:00,25987.8,26156.3,25905.8,25914.3,41059
2025-11-18 08:00:00+00:00,25914.8,25996.3,25800.3,25974.3,29164
2025-11-18 12:00:00+00:00,25973.3,25979.8,25850.8,25882.3,20574
2025-11-18 16:00:00+00:00,25882.8,26029.3,25834.8,26014.8,65736
2025-11-18 20:00:00+00:00,26015.3,26070.3,26015.3,26050.3,9049
2025-11-19 00:00:00+00:00,25980.3,25992.3,25858.8,25923.3,14609
2025-11-19 04:00:00+00:00,25920.8,26019.3,25720.3,25817.3,40313
2025-11-19 08:00:00+00:00,25816.8,25869.3,25746.3,25826.8,26298
2025-11-19 12:00:00+00:00,25826.3,25885.3,25814.8,25835.3,12003
2025-11-19 16:00:00+00:00,25834.8,25858.8,25657.8,25723.8,48427
2025-11-19 20:00:00+00:00,25724.3,25798.3,25719.8,25772.8,9047
2025-11-20 00:00:00+00:00,25984.4,26034.4,25885.9,25912.9,14230
2025-11-20 04:00:00+00:00,25913.4,25986.8,25738.3,25768.8,46462
2025-11-20 08:00:00+00:00,25769.3,25852.8,25665.8,25814.3,25956
2025-11-20 12:00:00+00:00,25814.8,25917.8,25778.3,25909.3,15860
2025-11-20 16:00:00+00:00,25908.8,25949.3,25421.3,25474.3,68411
2025-11-20 20:00:00+00:00,25473.8,25590.8,25438.3,25445.8,17619
2025-11-21 00:00:00+00:00,25531.0,25536.5,25269.0,25407.0,17771
2025-11-21 04:00:00+00:00,25406.5,25461.5,25171.6,25391.6,51988
2025-11-21 08:00:00+00:00,25392.6,25453.6,25140.1,25143.1,37360
2025-11-21 12:00:00+00:00,25142.6,25277.1,25023.6,25263.6,41111
2025-11-21 16:00:00+00:00,25263.1,25486.1,25137.6,25469.6,73191
2025-11-21 20:00:00+00:00,25470.1,25565.1,25410.1,25562.1,12773
2025-11-24 00:00:00+00:00,25523.7,25523.7,25413.7,25440.7,15406
2025-11-24 04:00:00+00:00,25439.7,25747.3,25360.7,25702.3,47372
2025-11-24 08:00:00+00:00,25701.3,25755.3,25585.3,25627.3,28244
2025-11-24 12:00:00+00:00,25628.3,25788.8,25608.3,25739.8,17127
2025-11-24 16:00:00+00:00,25739.3,25836.8,25709.8,25825.8,38713
2025-11-24 20:00:00+00:00,25825.3,25868.8,25822.8,25857.3,2804
2025-11-25 00:00:00+00:00,25863.1,25980.6,25861.6,25919.6,13645
2025-11-25 04:00:00+00:00,25920.1,26047.6,25818.6,25873.1,37203
2025-11-25 08:00:00+00:00,25872.1,25923.6,25743.6,25877.1,23148
2025-11-25 12:00:00+00:00,25876.6,26108.1,25796.6,26085.6,23939
2025-11-25 16:00:00+00:00,26085.1,26091.6,25867.6,25984.6,46397
2025-11-25 20:00:00+00:00,25985.6,26011.1,25972.6,25975.6,3930
2025-11-26 00:00:00+00:00,26080.0,26157.5,26039.5,26130.5,11619
2025-11-26 04:00:00+00:00,26129.5,26135.5,25945.5,25981.5,22210
2025-11-26 08:00:00+00:00,25981.0,26043.5,25858.5,25885.0,15579
2025-11-26 12:00:00+00:00,25885.5,25980.5,25845.0,25955.5,10278
2025-11-26 16:00:00+00:00,25955.0,26019.5,25880.0,25991.5,19745
2025-11-26 20:00:00+00:00,25992.0,26004.0,25741.0,25917.0,5310
2025-11-27 00:00:00+00:00,25864.6,26019.1,25824.6,26015.1,13452
2025-11-27 04:00:00+00:00,26015.6,26119.6,25863.6,26062.6,36982
2025-11-27 08:00:00+00:00,26063.1,26078.6,25887.1,25891.6,22451
2025-11-27 12:00:00+00:00,25892.6,25968.6,25888.1,25964.1,6208
2025-11-27 16:00:00+00:00,25965.6,25976.6,25923.6,25943.6,3647
2025-11-27 20:00:00+00:00,25944.1,25949.1,25938.1,25942.1,300
2025-11-28 00:00:00+00:00,25963.9,26016.9,25827.4,25830.9,12166
2025-11-28 04:00:00+00:00,25830.4,25971.5,25815.9,25880.0,26795
2025-11-28 08:00:00+00:00,25879.5,25915.0,25841.5,25913.5,11561
2025-11-28 12:00:00+00:00,25914.0,25968.0,25896.0,25963.0,3962
2025-11-28 16:00:00+00:00,25962.5,26078.0,25960.0,26050.0,17301
2025-11-28 20:00:00+00:00,26050.5,26060.0,26041.5,26042.0,1155
2025-12-01 00:00:00+00:00,25931.2,26197.7,25852.2,26174.7,14850
2025-12-01 04:00:00+00:00,26175.2,26187.2,25909.2,26025.2,39444
2025-12-01 08:00:00+00:00,26025.7,26102.7,25965.2,26010.7,20358
2025-12-01 12:00:00+00:00,26011.7,26115.7,26006.7,26088.2,11737
2025-12-01 16:00:00+00:00,26088.7,26188.2,26068.2,26178.7,25473
2025-12-01 20:00:00+00:00,26179.2,26240.2,26178.2,26238.2,2001
2025-12-02 00:00:00+00:00,26188.1,26251.1,26148.6,26219.1,12398
2025-12-02 04:00:00+00:00,26220.1,26269.9,25979.9,26021.9,32004
2025-12-02 08:00:00+00:00,26020.9,26124.9,26000.9,26075.4,15862
2025-12-02 12:00:00+00:00,26076.4,26096.9,26030.9,26060.9,6440
2025-12-02 16:00:00+00:00,26061.4,26077.9,25906.4,25934.4,26682
2025-12-02 20:00:00+00:00,25933.9,25972.4,25929.9,25957.9,3540
2025-12-03 00:00:00+00:00,25970.1,25988.1,25842.1,25857.1,12254
2025-12-03 04:00:00+00:00,25856.1,25943.1,25739.3,25740.8,30348
2025-12-03 08:00:00+00:00,25739.8,25786.3,25701.3,25720.8,17414
2025-12-03 12:00:00+00:00,25721.3,25778.3,25697.3,25762.3,6161
2025-12-03 16:00:00+00:00,25761.8,25831.3,25648.3,25773.3,29915
2025-12-03 20:00:00+00:00,25774.3,25807.3,25771.8,25805.3,1723
2025-12-04 00:00:00+00:00,25812.2,25820.7,25665.2,25670.2,11852
2025-12-04 04:00:00+00:00,25670.7,25874.5,25640.7,25763.0,34906
2025-12-04 08:00:00+00:00,25762.5,25988.0,25762.0,25891.5,24610
2025-12-04 12:00:00+00:00,25890.5,25916.0,25857.5,25879.5,7074
2025-12-04 16:00:00+00:00,25880.0,25921.0,25811.0,25853.0,22708
2025-12-04 20:00:00+00:00,25852.0,25872.5,25832.5,25866.0,1843
2025-12-05 00:00:00+00:00,25879.1,25893.1,25759.6,25819.1,12022
2025-12-05 04:00:00+00:00,25820.1,26019.8,25777.1,26018.3,36711
2025-12-05 08:00:00+00:00,26017.8,26133.3,25990.8,26081.8,22022
2025-12-05 12:00:00+00:00,26082.8,26091.8,26049.3,26067.8,6109
2025-12-05 16:00:00+00:00,26067.3,26145.3,26012.3,26070.3,24653
2025-12-05 20:00:00+00:00,26069.8,26097.8,26059.8,26081.8,2881
2025-12-08 00:00:00+00:00,26049.8,26158.3,25944.8,25958.3,12532
2025-12-08 04:00:00+00:00,25957.8,25978.8,25779.8,25785.8,33852
2025-12-08 08:00:00+00:00,25785.3,25842.3,25726.1,25758.1,17179
2025-12-08 12:00:00+00:00,25758.6,25787.1,25744.1,25782.1,5706
2025-12-08 16:00:00+00:00,25782.1,25805.1,25641.6,25749.1,21650
2025-12-08 20:00:00+00:00,25750.1,25758.1,25694.1,25720.6,4132
2025-12-09 00:00:00+00:00,25776.8,25807.3,25638.8,25663.3,11222
2025-12-09 04:00:00+00:00,25664.3,25671.8,25414.2,25420.7,30233
2025-12-09 08:00:00+00:00,25420.2,25466.2,25364.2,25383.7,19201
2025-12-09 12:00:00+00:00,25384.2,25392.2,25314.2,25338.2,10286
2025-12-09 16:00:00+00:00,25337.7,25410.7,25304.7,25339.7,23765
2025-12-09 20:00:00+00:00,25339.2,25361.7,25332.2,25350.7,2358
2025-12-10 00:00:00+00:00,25378.9,25417.4,25234.9,25331.9,12793
2025-12-10 04:00:00+00:00,25332.4,25397.4,25247.4,25340.9,35748
2025-12-10 08:00:00+00:00,25340.4,25511.9,25332.9,25465.4,24741
2025-12-10 12:00:00+00:00,25464.9,25530.4,25440.9,25523.9,8983
2025-12-10 16:00:00+00:00,25523.4,25616.9,25516.9,25588.9,23697
2025-12-10 20:00:00+00:00,25587.9,25595.9,25569.4,25584.9,2703
2025-12-11 00:00:00+00:00,25664.0,25791.5,25640.5,25689.0,13677
2025-12-11 04:00:00+00:00,25690.0,25703.0,25450.2,25484.7,36309
2025-12-11 08:00:00+00:00,25485.2,25598.1,25477.7,25597.1,21371
2025-12-11 12:00:00+00:00,25597.6,25635.6,25568.1,25614.6,9202
2025-12-11 16:00:00+00:00,25615.6,25753.6,25550.6,25743.6,29070
2025-12-11 20:00:00+00:00,25743.6,25781.1,25740.6,25779.1,2420
2025-12-12 00:00:00+00:00,25784.8,25849.8,25708.3,25804.8,13274
2025-12-12 04:00:00+00:00,25805.8,25970.4,25738.8,25956.9,37200
2025-12-12 08:00:00+00:00,25957.9,25999.4,25884.4,25909.9,21145
2025-12-12 12:00:00+00:00,25908.9,25941.4,25887.9,25912.9,7578
2025-12-12 16:00:00+00:00,25913.9,25965.4,25563.9,25667.9,43718
2025-12-12 20:00:00+00:00,25668.4,25731.9,25664.9,25708.9,5140
2025-12-15 00:00:00+00:00,25711.6,25765.1,25672.6,25749.1,12310
2025-12-15 04:00:00+00:00,25748.6,25803.1,25651.9,25684.9,30641
2025-12-15 08:00:00+00:00,25685.4,25695.9,25588.4,25662.9,17112
2025-12-15 12:00:00+00:00,25661.4,25693.9,25647.4,25681.9,5902
2025-12-15 16:00:00+00:00,25680.9,25705.9,25526.4,25534.9,34616
2025-12-15 20:00:00+00:00,25535.4,25556.4,25494.9,25526.9,4567
2025-12-16 00:00:00+00:00,25544.5,25553.5,25277.5,25286.5,11932
2025-12-16 04:00:00+00:00,25287.0,25287.5,25078.6,25104.1,34297
2025-12-16 08:00:00+00:00,25103.1,25248.6,25089.1,25204.1,21214
2025-12-16 12:00:00+00:00,25203.6,25300.1,25196.1,25253.1,10363
2025-12-16 16:00:00+00:00,25253.6,25314.1,25147.6,25179.1,36703
2025-12-16 20:00:00+00:00,25178.6,25239.6,25142.1,25238.1,5216
2025-12-17 00:00:00+00:00,25271.7,25283.2,25156.7,25230.2,12618
2025-12-17 04:00:00+00:00,25229.2,25405.7,25202.2,25404.2,34230
2025-12-17 08:00:00+00:00,25403.2,25501.2,25366.7,25478.2,24505
2025-12-17 12:00:00+00:00,25477.7,25557.2,25464.7,25539.7,7605
2025-12-17 16:00:00+00:00,25540.2,25567.2,25316.7,25333.2,39412
2025-12-17 20:00:00+00:00,25333.7,25363.2,25275.2,25284.7,5554
2025-12-18 00:00:00+00:00,25304.4,25409.4,25237.9,25390.4,11681
2025-12-18 04:00:00+00:00,25391.4,25502.4,25311.2,25338.8,31215
2025-12-18 08:00:00+00:00,25338.3,25524.8,25324.3,25514.8,20318
2025-12-18 12:00:00+00:00,25515.8,25628.8,25481.3,25580.8,10519
2025-12-18 16:00:00+00:00,25580.3,25702.8,25546.8,25632.8,33229
2025-12-18 20:00:00+00:00,25633.3,25684.8,25620.3,25653.8,3471
2025-12-19 00:00:00+00:00,25643.9,25670.4,25544.4,25578.9,11903
2025-12-19 04:00:00+00:00,25577.9,25738.8,25569.9,25668.3,34560
2025-12-19 08:00:00+00:00,25667.3,25761.3,25634.3,25714.3,20211
2025-12-19 12:00:00+00:00,25713.3,25713.8,25672.8,25698.3,7467
2025-12-19 16:00:00+00:00,25698.8,25880.8,25694.8,25873.3,19025
2025-12-19 20:00:00+00:00,25872.8,25886.3,25836.3,25849.8,1618
2025-12-22 00:00:00+00:00,25871.8,25882.8,25776.3,25779.8,11947
2025-12-22 04:00:00+00:00,25780.8,25807.3,25705.8,25720.3,26475
2025-12-22 08:00:00+00:00,25719.8,25810.8,25677.8,25789.8,15076
2025-12-22 12:00:00+00:00,25788.8,25840.8,25782.8,25829.3,4819
2025-12-22 16:00:00+00:00,25828.8,25917.3,25783.3,25916.8,16276
2025-12-22 20:00:00+00:00,25916.3,25916.8,25890.8,25902.8,1556
2025-12-23 00:00:00+00:00,25913.5,25925.0,25836.0,25854.0,10432
2025-12-23 04:00:00+00:00,25855.0,25944.5,25765.0,25774.0,26250
2025-12-23 08:00:00+00:00,25773.5,25795.0,25736.0,25782.0,15330
2025-12-23 12:00:00+00:00,25783.0,25791.0,25699.0,25700.0,4744
2025-12-23 16:00:00+00:00,25700.5,25772.0,25651.5,25754.0,14146
2025-12-23 20:00:00+00:00,25753.0,25798.5,25748.0,25796.5,1268
2025-12-24 00:00:00+00:00,25783.2,25871.2,25774.2,25834.2,8244
2025-12-24 04:00:00+00:00,25836.2,25896.7,25779.2,25808.2,17425
2025-12-29 00:00:00+00:00,26010.5,26105.5,25930.5,26023.5,11586
2025-12-29 04:00:00+00:00,26024.0,26063.0,25733.4,25733.4,24905
2025-12-29 08:00:00+00:00,25733.4,25743.0,25586.6,25595.6,15888
2025-12-29 12:00:00+00:00,25595.1,25632.6,25536.6,25561.1,4711
2025-12-29 16:00:00+00:00,25561.6,25636.6,25520.6,25589.6,14010
2025-12-29 20:00:00+00:00,25588.1,25613.1,25581.1,25606.6,999
2025-12-30 00:00:00+00:00,25666.5,25702.5,25603.0,25699.0,11555
2025-12-30 04:00:00+00:00,25700.5,25899.5,25662.5,25884.5,34284
2025-12-30 08:00:00+00:00,25888.0,25926.5,25778.5,25898.5,18650
2025-12-30 12:00:00+00:00,25899.0,25920.0,25864.5,25878.5,6161
2025-12-30 16:00:00+00:00,25878.0,25900.5,25806.5,25842.5,13915
2025-12-30 20:00:00+00:00,25843.0,25856.5,25829.0,25831.5,1158
2025-12-31 00:00:00+00:00,25813.2,25825.7,25621.2,25624.2,10653
2025-12-31 04:00:00+00:00,25624.7,25695.2,25541.7,25577.2,20219
2026-01-02 00:00:00+00:00,25724.0,26017.5,25691.0,26013.0,12157
2026-01-02 04:00:00+00:00,26012.5,26308.9,26012.0,26304.9,25501
2026-01-02 08:00:00+00:00,26305.4,26405.4,26245.9,26352.9,18300
2026-01-02 12:00:00+00:00,26353.4,26370.1,26305.9,26345.1,7635
2026-01-02 16:00:00+00:00,26345.6,26493.1,26297.6,26446.1,41036
2026-01-02 20:00:00+00:00,26445.6,26446.6,26378.1,26383.1,4622
2026-01-05 00:00:00+00:00,26515.2,26527.2,26242.2,26412.2,17046
2026-01-05 04:00:00+00:00,26411.7,26436.7,26275.0,26353.5,42749
2026-01-05 08:00:00+00:00,26352.5,26394.0,26293.0,26298.0,21343
2026-01-05 12:00:00+00:00,26297.5,26301.5,26204.5,26247.5,8913
2026-01-05 16:00:00+00:00,26248.5,26527.0,26213.0,26519.0,28240
2026-01-05 20:00:00+00:00,26518.5,26519.5,26483.5,26512.5,2518
2026-01-06 00:00:00+00:00,26522.9,26674.9,26472.4,26658.4,13812
2026-01-06 04:00:00+00:00,26657.9,26881.9,26622.4,26779.4,40089
2026-01-06 08:00:00+00:00,26778.9,26806.4,26606.4,26622.4,23251
2026-01-06 12:00:00+00:00,26621.9,26702.4,26593.4,26694.9,7278
2026-01-06 16:00:00+00:00,26693.9,26797.4,26655.9,26684.9,24050
2026-01-06 20:00:00+00:00,26685.4,26703.9,26642.4,26648.9,1899
2026-01-07 00:00:00+00:00,26639.6,26659.1,26511.1,26514.6,13119
2026-01-07 04:00:00+00:00,26515.1,26529.1,26316.7,26331.7,35736
2026-01-07 08:00:00+00:00,26331.2,26452.2,26331.2,26406.2,20081
2026-01-07 12:00:00+00:00,26404.7,26419.7,26326.7,26349.2,6914
2026-01-07 16:00:00+00:00,26348.2,26360.2,26227.7,26281.2,20543
2026-01-07 20:00:00+00:00,26279.7,26297.7,26261.7,26290.2,1903
2026-01-08 00:00:00+00:00,26297.8,26308.3,26137.3,26191.3,13354
2026-01-08 04:00:00+00:00,26190.8,26198.3,26041.6,26063.6,34063
2026-01-08 08:00:00+00:00,26063.1,26214.1,25967.1,26107.1,25290
2026-01-08 12:00:00+00:00,26106.1,26136.1,26090.1,26099.1,8104
2026-01-08 16:00:00+00:00,26098.6,26326.1,26053.1,26324.1,31398
2026-01-08 20:00:00+00:00,26323.6,26327.6,26297.1,26305.6,2478
2026-01-09 00:00:00+00:00,26291.7,26306.2,26160.2,26266.2,12996
2026-01-09 04:00:00+00:00,26265.2,26296.7,26105.7,26183.2,38494
2026-01-09 08:00:00+00:00,26182.7,26248.7,26169.2,26208.7,19682
2026-01-09 12:00:00+00:00,26209.2,26348.2,26184.7,26297.7,9295
2026-01-09 16:00:00+00:00,26298.7,26384.7,26181.2,26355.7,31389
2026-01-09 20:00:00+00:00,26356.2,26404.2,26341.7,26390.7,2452
2026-01-12 00:00:00+00:00,26330.3,26431.8,26185.3,26296.3,15355
2026-01-12 04:00:00+00:00,26295.8,26538.5,26228.3,26537.0,44572
2026-01-12 08:00:00+00:00,26538.0,26610.5,26520.0,26572.0,21934
2026-01-12 12:00:00+00:00,26572.5,26634.5,26537.5,26595.5,7484
2026-01-12 16:00:00+00:00,26595.0,26947.0,26557.5,26925.5,28896
2026-01-12 20:00:00+00:00,26925.0,26967.5,26918.5,26964.0,2200
2026-01-13 00:00:00+00:00,26956.5,27101.5,26922.5,27022.5,15864
2026-01-13 04:00:00+00:00,27022.0,27152.5,26786.0,26878.5,49215
2026-01-13 08:00:00+00:00,26878.0,26880.5,26721.0,26809.0,25343
2026-01-13 12:00:00+00:00,26808.0,26982.0,26783.0,26904.0,10969
2026-01-13 16:00:00+00:00,26903.5,26997.0,26731.5,26873.0,37721
2026-01-13 20:00:00+00:00,26872.5,26914.5,26860.0,26902.0,5030
2026-01-14 00:00:00+00:00,26875.8,26985.3,26846.3,26892.3,14362
2026-01-14 04:00:00+00:00,26893.3,27105.0,26826.5,26828.5,51239
2026-01-14 08:00:00+00:00,26829.0,27008.0,26779.0,26971.5,30550
2026-01-14 12:00:00+00:00,26971.0,26973.0,26779.0,26788.5,14093
2026-01-14 16:00:00+00:00,26789.0,26932.5,26781.5,26802.5,35134
2026-01-14 20:00:00+00:00,26802.0,26858.5,26787.0,26831.5,4956
2026-01-15 00:00:00+00:00,26921.0,27221.0,26882.5,27185.0,17447
2026-01-15 04:00:00+00:00,27186.0,27193.5,26816.5,26877.5,52552
2026-01-15 08:00:00+00:00,26878.5,27032.0,26829.5,27020.5,31800
2026-01-15 12:00:00+00:00,27021.0,27059.5,26924.0,26946.5,12551
2026-01-15 16:00:00+00:00,26947.0,27132.5,26826.0,27111.0,32834
2026-01-15 20:00:00+00:00,27110.0,27163.5,27106.0,27123.0,3726
2026-01-16 00:00:00+00:00,27115.6,27233.6,26977.6,26994.6,15019
2026-01-16 04:00:00+00:00,26993.6,27001.1,26788.6,26808.6,45224
2026-01-16 08:00:00+00:00,26807.6,26841.6,26732.1,26764.6,22416
2026-01-16 12:00:00+00:00,26765.1,26845.6,26757.6,26763.6,8260
2026-01-16 16:00:00+00:00,26764.1,26781.6,26505.1,26572.1,28437
2026-01-16 20:00:00+00:00,26572.6,26621.6,26569.6,26604.1,2251
2026-01-19 00:00:00+00:00,26551.3,26647.8,26495.8,26609.8,15570
2026-01-19 04:00:00+00:00,26612.8,26704.8,26534.5,26550.0,41396
2026-01-19 08:00:00+00:00,26550.5,26591.0,26500.5,26537.0,22001
2026-01-19 12:00:00+00:00,26536.0,26659.0,26533.5,26626.0,10092
2026-01-19 16:00:00+00:00,26625.5,26664.0,26575.0,26640.5,12682
2026-01-19 20:00:00+00:00,26641.0,26650.0,26609.5,26614.0,306
2026-01-20 00:00:00+00:00,26592.5,26631.0,26514.0,26534.5,14221
2026-01-20 04:00:00+00:00,26534.0,26627.7,26357.0,26577.7,42785
2026-01-20 08:00:00+00:00,26577.2,26584.7,26293.7,26295.7,28487
2026-01-20 12:00:00+00:00,26296.2,26424.7,26278.7,26356.7,19254
2026-01-20 16:00:00+00:00,26357.2,26536.7,26339.7,26416.7,40619
2026-01-20 20:00:00+00:00,26416.2,26425.2,26324.2,26324.7,5004
2026-01-21 00:00:00+00:00,26396.1,26514.1,26377.6,26440.6,13009
2026-01-21 04:00:00+00:00,26439.6,26562.1,26402.2,26494.7,38017
2026-01-21 08:00:00+00:00,26493.7,26699.7,26417.2,26519.2,25994
2026-01-21 12:00:00+00:00,26518.7,26561.2,26465.7,26532.7,13635
2026-01-21 16:00:00+00:00,26532.2,26721.7,26476.7,26531.2,45669
2026-01-21 20:00:00+00:00,26530.7,26625.7,26478.7,26615.2,8724
2026-01-22 00:00:00+00:00,26716.1,26777.6,26585.1,26620.1,12774
2026-01-22 04:00:00+00:00,26620.6,26650.6,26486.3,26572.3,33197
2026-01-22 08:00:00+00:00,26573.3,26815.8,26514.8,26768.8,19662
2026-01-22 12:00:00+00:00,26769.3,26778.8,26685.3,26776.8,10081
2026-01-22 16:00:00+00:00,26776.3,26916.3,26766.8,26905.3,29193
2026-01-22 20:00:00+00:00,26904.8,26910.8,26878.8,26893.8,2616
2026-01-23 00:00:00+00:00,26906.3,26935.3,26796.3,26843.8,13817
2026-01-23 04:00:00+00:00,26843.3,26851.3,26681.8,26717.3,32897
2026-01-23 08:00:00+00:00,26716.8,26752.8,26681.8,26703.3,20268
2026-01-23 12:00:00+00:00,26701.8,26739.3,26635.8,26654.8,10040
2026-01-23 16:00:00+00:00,26654.3,26769.3,26615.3,26694.3,23522
2026-01-23 20:00:00+00:00,26693.8,26762.8,26692.3,26744.3,4458
2026-01-26 00:00:00+00:00,26832.4,26862.4,26615.4,26678.9,14446
2026-01-26 04:00:00+00:00,26678.4,26919.4,26653.9,26689.9,41304
2026-01-26 08:00:00+00:00,26689.4,26772.9,26663.9,26692.4,21546
2026-01-26 12:00:00+00:00,26693.4,26770.4,26676.4,26702.4,9189
2026-01-26 16:00:00+00:00,26702.9,26905.4,26696.9,26878.4,22939
2026-01-26 20:00:00+00:00,26877.9,26887.9,26853.4,26874.4,2442
2026-01-27 00:00:00+00:00,26861.9,27018.9,26819.4,26883.4,13299
2026-01-27 04:00:00+00:00,26882.9,27186.4,26843.4,27104.9,38204
2026-01-27 08:00:00+00:00,27105.4,27158.4,27047.4,27150.4,20923
2026-01-27 12:00:00+00:00,27149.9,27237.9,27133.9,27209.9,8338
2026-01-27 16:00:00+00:00,27210.4,27267.9,27164.9,27169.4,23361
2026-01-27 20:00:00+00:00,27169.9,27205.4,27146.9,27191.4,2983
2026-01-28 00:00:00+00:00,27280.9,27459.9,27260.9,27455.9,12960
2026-01-28 04:00:00+00:00,27455.4,27828.5,27386.4,27744.0,39905
2026-01-28 08:00:00+00:00,27745.0,27826.0,27709.5,27722.0,24220
2026-01-28 12:00:00+00:00,27722.5,27756.5,27660.0,27669.5,9907
2026-01-28 16:00:00+00:00,27670.0,27691.0,27484.5,27558.0,22967
2026-01-28 20:00:00+00:00,27559.0,27601.0,27534.0,27537.5,1946
2026-01-29 00:00:00+00:00,27519.5,27758.5,27514.0,27735.5,15746
2026-01-29 04:00:00+00:00,27735.0,28063.5,27702.5,27949.0,50076
2026-01-29 08:00:00+00:00,27949.5,28005.5,27865.0,27885.5,32970
2026-01-29 12:00:00+00:00,27884.5,28012.5,27838.5,27987.0,12816
2026-01-29 16:00:00+00:00,27988.5,28097.0,27478.5,27713.5,52949
2026-01-29 20:00:00+00:00,27713.0,27792.5,27698.0,27763.0,7712
2026-01-30 00:00:00+00:00,27741.0,27871.5,27624.5,27633.0,15980
2026-01-30 04:00:00+00:00,27634.0,27650.0,27437.3,27457.8,45576
2026-01-30 08:00:00+00:00,27458.3,27482.3,27269.3,27296.8,28199
2026-01-30 12:00:00+00:00,27295.8,27556.3,27295.8,27392.8,20652
2026-01-30 16:00:00+00:00,27393.3,27526.8,27186.8,27188.8,49398
2026-01-30 20:00:00+00:00,27187.8,27207.8,27023.3,27187.8,11308
2026-02-02 00:00:00+00:00,27064.1,27161.1,26883.1,26947.6,18947
2026-02-02 04:00:00+00:00,26948.1,27073.1,26494.3,26542.8,54092
2026-02-02 08:00:00+00:00,26542.3,26880.8,26497.8,26851.8,37950
2026-02-02 12:00:00+00:00,26849.8,26906.3,26804.8,26870.8,18256
2026-02-02 16:00:00+00:00,26868.8,27020.8,26848.3,26986.8,37433
2026-02-02 20:00:00+00:00,26987.3,26989.3,26892.3,26903.8,3384
2026-02-03 00:00:00+00:00,27004.7,27110.2,26921.2,27052.7,15550
2026-02-03 04:00:00+00:00,27051.7,27054.7,26414.4,26824.4,63242
2026-02-03 08:00:00+00:00,26824.9,26870.4,26670.4,26709.9,31858
2026-02-03 12:00:00+00:00,26710.4,26767.9,26656.9,26710.4,15633
2026-02-03 16:00:00+00:00,26710.9,26835.9,26605.9,26625.4,51928
2026-02-03 20:00:00+00:00,26625.9,26646.4,26529.9,26548.9,8093
2026-02-04 00:00:00+00:00,26716.7,26865.2,26698.2,26780.7,16441
2026-02-04 04:00:00+00:00,26781.2,26883.2,26581.3,26822.3,48596
2026-02-04 08:00:00+00:00,26821.3,26990.3,26697.3,26776.8,30565
2026-02-04 12:00:00+00:00,26776.3,26894.3,26748.3,26850.3,17371
2026-02-04 16:00:00+00:00,26848.8,26851.3,26434.3,26494.3,65802
2026-02-04 20:00:00+00:00,26493.8,26534.3,26438.3,26491.8,11985
2026-02-05 00:00:00+00:00,26571.6,26689.1,26475.6,26490.1,16462
2026-02-05 04:00:00+00:00,26489.1,26667.1,26369.6,26622.1,57583
2026-02-05 08:00:00+00:00,26622.6,26894.1,26585.1,26786.6,40209
2026-02-05 12:00:00+00:00,26787.6,26865.1,26651.6,26687.1,31173
2026-02-05 16:00:00+00:00,26687.6,26791.1,26461.1,26577.6,76916
2026-02-05 20:00:00+00:00,26578.1,26608.6,26483.6,26485.1,9807
2026-02-06 00:00:00+00:00,26383.5,26427.0,26249.0,26375.0,17287
2026-02-06 04:00:00+00:00,26373.0,26640.5,26348.0,26639.5,51867
2026-02-06 08:00:00+00:00,26639.0,26681.0,26472.5,26656.0,29601
2026-02-06 12:00:00+00:00,26656.5,26784.0,26630.0,26771.5,16139
2026-02-06 16:00:00+00:00,26772.0,27016.0,26768.0,27004.0,40896
2026-02-06 20:00:00+00:00,27004.5,27037.5,26996.0,27029.0,3340
2026-02-09 00:00:00+00:00,27010.6,27041.1,26874.6,26944.6,13815
2026-02-09 04:00:00+00:00,26945.6,27089.8,26881.6,27016.3,38751
2026-02-09 08:00:00+00:00,27017.3,27110.8,26905.3,26994.3,25252
2026-02-09 12:00:00+00:00,26995.8,27053.8,26885.3,27013.8,13006
2026-02-09 16:00:00+00:00,27014.3,27253.8,26984.3,27194.3,27635
2026-02-09 20:00:00+00:00,27195.3,27216.3,27138.8,27191.3,4667
2026-02-10 00:00:00+00:00,27183.2,27368.7,27130.2,27365.2,14253
2026-02-10 04:00:00+00:00,27365.7,27390.7,27134.3,27178.3,37842
2026-02-10 08:00:00+00:00,27179.3,27210.8,27087.8,27144.3,19980
2026-02-10 12:00:00+00:00,27144.8,27217.8,27124.8,27172.3,14253
2026-02-10 16:00:00+00:00,27172.8,27322.3,27103.3,27305.3,35986
2026-02-10 20:00:00+00:00,27304.8,27304.8,27224.3,27230.3,5803
2026-02-11 00:00:00+00:00,27279.2,27289.7,27117.7,27177.7,13053
2026-02-11 04:00:00+00:00,27177.2,27312.8,27162.2,27287.8,30903
2026-02-11 08:00:00+00:00,27288.8,27327.3,27124.3,27142.3,17612
2026-02-11 12:00:00+00:00,27141.8,27184.8,27013.8,27118.8,17692
2026-02-11 16:00:00+00:00,27117.8,27204.8,26979.8,27167.8,51986
2026-02-11 20:00:00+00:00,27167.3,27207.8,27141.3,27204.8,6172
2026-02-12 00:00:00+00:00,27199.6,27222.1,26997.1,27100.6,13715
2026-02-12 04:00:00+00:00,27099.6,27106.6,26912.0,27052.0,32487
2026-02-12 08:00:00+00:00,27051.0,27058.0,26956.0,27028.5,18836
2026-02-12 12:00:00+00:00,27029.0,27068.5,26990.5,27063.0,9165
2026-02-12 16:00:00+00:00,27064.5,27090.0,26593.0,26598.5,59638
2026-02-12 20:00:00+00:00,26598.0,26688.5,26577.5,26685.0,10255
2026-02-13 00:00:00+00:00,26656.3,26750.8,26562.8,26639.8,13606
2026-02-13 04:00:00+00:00,26639.3,26653.3,26421.8,26447.3,33406
2026-02-13 08:00:00+00:00,26446.8,26591.3,26439.8,26487.3,26143
2026-02-13 12:00:00+00:00,26486.8,26514.8,26217.3,26366.8,32773
2026-02-13 16:00:00+00:00,26368.3,26561.3,26318.8,26536.3,51431
2026-02-13 20:00:00+00:00,26537.3,26570.8,26514.8,26530.3,5265
2026-02-16 00:00:00+00:00,26510.3,26555.8,26370.8,26529.3,12202
2026-02-16 04:00:00+00:00,26530.3,26720.4,26438.8,26717.4,23406
2026-02-20 00:00:00+00:00,26828.5,26871.0,26333.5,26435.5,15509
2026-02-20 04:00:00+00:00,26436.5,26638.4,26375.0,26541.4,34294
2026-02-20 08:00:00+00:00,26541.9,26550.9,26341.4,26435.9,18297
2026-02-20 12:00:00+00:00,26436.4,26455.4,26354.4,26403.4,14506
2026-02-20 16:00:00+00:00,26402.9,26803.9,26370.4,26741.4,58997
2026-02-20 20:00:00+00:00,26740.4,26846.4,26716.4,26820.4,10969
2026-02-23 00:00:00+00:00,26783.3,27059.8,26767.8,27021.3,15567
2026-02-23 04:00:00+00:00,27022.3,27166.6,26929.1,27010.1,33116
2026-02-23 08:00:00+00:00,27011.1,27130.6,27000.1,27106.1,19185
2026-02-23 12:00:00+00:00,27105.1,27115.1,26982.1,27038.6,11174
2026-02-23 16:00:00+00:00,27039.1,27134.6,26827.6,26867.6,40026
2026-02-23 20:00:00+00:00,26866.6,26914.1,26865.1,26867.1,4257
2026-02-24 00:00:00+00:00,26881.8,26919.3,26546.3,26560.8,15300
2026-02-24 04:00:00+00:00,26559.8,26643.3,26451.8,26491.3,32577
2026-02-24 08:00:00+00:00,26492.3,26598.8,26477.8,26597.3,20172
2026-02-24 12:00:00+00:00,26596.8,26602.8,26517.3,26585.8,10920
2026-02-24 16:00:00+00:00,26586.3,26794.8,26563.8,26777.8,24412
2026-02-24 20:00:00+00:00,26777.3,26787.8,26758.8,26772.8,3164
2026-02-25 00:00:00+00:00,26772.1,26785.1,26631.1,26672.1,11411
2026-02-25 04:00:00+00:00,26675.1,26842.1,26622.6,26699.1,33952
2026-02-25 08:00:00+00:00,26695.1,26771.1,26656.6,26735.1,17010
2026-02-25 12:00:00+00:00,26734.6,26873.6,26711.1,26835.6,6797
2026-02-25 16:00:00+00:00,26835.1,26921.1,26731.1,26915.1,20598
2026-02-25 20:00:00+00:00,26915.6,26935.1,26904.6,26935.1,1273
2026-02-26 00:00:00+00:00,26947.8,27091.8,26699.8,26712.8,15077
2026-02-26 04:00:00+00:00,26711.8,26724.3,26540.6,26566.1,35060
2026-02-26 08:00:00+00:00,26566.6,26576.1,26354.6,26447.6,23959
2026-02-26 12:00:00+00:00,26447.1,26491.1,26411.6,26440.6,10840
2026-02-26 16:00:00+00:00,26439.1,26523.6,26250.6,26298.6,51306
2026-02-26 20:00:00+00:00,26298.1,26444.1,26284.6,26426.1,6329
2026-02-27 00:00:00+00:00,26399.8,26569.3,26361.3,26494.3,14724
2026-02-27 04:00:00+00:00,26493.8,26672.3,26413.3,26615.3,37521
2026-02-27 08:00:00+00:00,26614.3,26709.3,26603.3,26606.3,22081
2026-02-27 12:00:00+00:00,26605.8,26660.8,26486.3,26527.3,18895
2026-02-27 16:00:00+00:00,26527.8,26617.3,26453.3,26529.8,44165
2026-02-27 20:00:00+00:00,26529.3,26538.8,26484.3,26522.3,5353
2026-03-02 00:00:00+00:00,26316.0,26406.5,26053.0,26073.5,17448
2026-03-02 04:00:00+00:00,26073.0,26273.4,25875.0,26140.4,50517
2026-03-02 08:00:00+00:00,26140.9,26166.9,25930.9,26009.4,36036
2026-03-02 12:00:00+00:00,26009.9,26088.9,25863.4,25875.9,27455
2026-03-02 16:00:00+00:00,25876.4,26190.4,25846.9,26188.9,52593
2026-03-02 20:00:00+00:00,26189.4,26191.9,26146.9,26169.9,5596
2026-03-03 00:00:00+00:00,26161.0,26218.5,25941.5,25941.5,15132
2026-03-03 04:00:00+00:00,25941.5,26174.1,25796.1,25817.6,59079
2026-03-03 08:00:00+00:00,25816.6,25851.1,25447.6,25452.6,45244
2026-03-03 12:00:00+00:00,25454.1,25506.1,25292.6,25301.1,50838
2026-03-03 16:00:00+00:00,25301.6,25383.6,24977.6,25334.1,82478
2026-03-03 20:00:00+00:00,25333.6,25524.1,25333.1,25507.1,11299
2026-03-04 00:00:00+00:00,25418.2,25466.7,25155.2,25350.7,19941
2026-03-04 04:00:00+00:00,25351.2,25382.2,24932.2,25057.2,70329
2026-03-04 08:00:00+00:00,25057.7,25335.2,24980.7,25317.2,42824
2026-03-04 12:00:00+00:00,25316.7,25542.7,25294.7,25483.7,38241
2026-03-04 16:00:00+00:00,25482.7,25563.2,25318.7,25553.7,51695
2026-03-04 20:00:00+00:00,25554.2,25580.2,25514.7,25569.2,5114
2026-03-05 00:00:00+00:00,25626.8,25656.3,25466.8,25473.8,17557
2026-03-05 04:00:00+00:00,25472.8,25721.3,25328.8,25332.8,52168
2026-03-05 08:00:00+00:00,25333.3,25475.8,25210.8,25386.8,43981
2026-03-05 12:00:00+00:00,25387.3,25464.8,25231.8,25241.8,28746
2026-03-05 16:00:00+00:00,25240.8,25407.8,25059.3,25120.8,71693
2026-03-05 20:00:00+00:00,25120.3,25163.8,25044.8,25078.3,14427
2026-03-06 00:00:00+00:00,25227.4,25491.4,25227.4,25470.4,17671
2026-03-06 04:00:00+00:00,25471.4,25794.9,25425.4,25754.4,50765
2026-03-06 08:00:00+00:00,25757.4,25780.9,25440.9,25467.4,36296
2026-03-06 12:00:00+00:00,25466.9,25516.9,25123.9,25142.9,40905
2026-03-06 16:00:00+00:00,25141.9,25406.4,25084.9,25269.9,81513
2026-03-06 20:00:00+00:00,25269.4,25417.4,25265.9,25358.9,14531
2026-03-09 04:00:00+00:00,24843.5,25167.0,24820.5,25072.5,65057
2026-03-09 08:00:00+00:00,24999.5,25410.5,24965.5,25316.0,71199
2026-03-09 12:00:00+00:00,25318.0,25522.0,25242.0,25270.5,45688
2026-03-09 16:00:00+00:00,25272.0,25563.5,25183.5,25535.0,70014
2026-03-09 20:00:00+00:00,25535.5,25537.0,25371.0,25459.5,19167
2026-03-10 04:00:00+00:00,25770.9,25857.9,25589.4,25776.4,55111
2026-03-10 08:00:00+00:00,25801.9,25985.4,25776.4,25970.9,42662
2026-03-10 12:00:00+00:00,26001.4,26069.4,25784.4,25861.4,34320
2026-03-10 16:00:00+00:00,25861.9,26159.9,25759.4,26135.9,59200
2026-03-10 20:00:00+00:00,26136.4,26238.4,25963.9,25999.9,32128
2026-03-11 04:00:00+00:00,26054.2,26136.2,25925.2,25970.2,45151
2026-03-11 08:00:00+00:00,25967.2,26003.2,25818.2,25861.2,38488
2026-03-11 12:00:00+00:00,25802.2,25912.7,25724.2,25753.2,29048
2026-03-11 16:00:00+00:00,25753.7,25898.7,25708.7,25811.7,59563
2026-03-11 20:00:00+00:00,25812.2,25817.7,25686.2,25790.2,18828
2026-03-12 04:00:00+00:00,25627.7,25906.7,25494.2,25540.2,44119
2026-03-12 08:00:00+00:00,25535.2,25733.7,25489.2,25680.7,35647
2026-03-12 12:00:00+00:00,25649.7,25766.2,25622.7,25649.7,21180
2026-03-12 16:00:00+00:00,25651.2,25681.7,25386.2,25495.2,66435
2026-03-12 20:00:00+00:00,25494.2,25545.2,25447.7,25471.2,19241
2026-03-13 04:00:00+00:00,25541.5,25666.0,25445.0,25573.0,43449
2026-03-13 08:00:00+00:00,25533.0,25616.0,25340.0,25342.5,38142
2026-03-13 12:00:00+00:00,25425.5,25707.5,25401.0,25660.5,26606
2026-03-13 16:00:00+00:00,25659.5,25751.5,25405.5,25453.5,65975
2026-03-13 20:00:00+00:00,25454.5,25507.5,25396.5,25465.5,20557
2026-03-16 04:00:00+00:00,25518.0,25745.5,25294.0,25734.5,50228
2026-03-16 08:00:00+00:00,25726.5,25839.0,25700.0,25738.0,36358
2026-03-16 12:00:00+00:00,25730.0,25883.5,25660.5,25837.0,23612
2026-03-16 16:00:00+00:00,25837.5,25960.0,25797.5,25828.5,46645
2026-03-16 20:00:00+00:00,25829.0,25900.0,25807.5,25886.0,14144
2026-03-17 04:00:00+00:00,25888.4,26235.4,25879.4,26074.9,41746
2026-03-17 08:00:00+00:00,26079.9,26103.4,25840.9,25878.9,41102
2026-03-17 12:00:00+00:00,25881.4,26011.9,25881.4,25987.4,17559
2026-03-17 16:00:00+00:00,25988.4,26043.4,25814.9,25858.4,43552
2026-03-17 20:00:00+00:00,25857.9,25930.4,25854.4,25884.9,10601
2026-03-18 04:00:00+00:00,25974.4,25994.4,25780.0,25813.0,35671
2026-03-18 08:00:00+00:00,25846.0,26099.5,25817.5,25956.5,38792
2026-03-18 12:00:00+00:00,25956.0,26040.0,25683.0,25690.0,24733
2026-03-18 16:00:00+00:00,25690.5,25750.0,25528.5,25576.5,50629
2026-03-18 20:00:00+00:00,25577.0,25583.5,25458.5,25459.0,18294
2026-03-19 04:00:00+00:00,25394.4,25694.4,25382.9,25551.9,42988
2026-03-19 08:00:00+00:00,25522.9,25548.9,25394.4,25444.9,38309
2026-03-19 12:00:00+00:00,25424.4,25523.9,25185.4,25190.4,37508
2026-03-19 16:00:00+00:00,25191.9,25327.4,25077.4,25211.4,72231
2026-03-19 20:00:00+00:00,25210.9,25294.4,25156.9,25236.9,16845
2026-03-20 04:00:00+00:00,25342.4,25514.9,25273.9,25314.4,44651
2026-03-20 08:00:00+00:00,25319.9,25343.4,25098.4,25226.4,35555
2026-03-20 12:00:00+00:00,25189.4,25219.4,25025.9,25146.4,37304
2026-03-20 16:00:00+00:00,25145.9,25149.4,24782.9,24826.4,63328
2026-03-20 20:00:00+00:00,24827.4,24851.9,24690.4,24696.9,21626
2026-03-23 04:00:00+00:00,24732.5,24754.5,24365.0,24382.0,51500
2026-03-23 08:00:00+00:00,24379.5,24462.5,24162.0,24341.5,58352
2026-03-23 12:00:00+00:00,24323.0,25127.5,24207.5,25047.5,72626
2026-03-23 16:00:00+00:00,25048.5,25212.0,24812.5,24878.0,77645
2026-03-23 20:00:00+00:00,24879.5,25070.5,24817.5,25012.0,23551
2026-03-24 04:00:00+00:00,24822.3,24828.8,24518.8,24806.8,57865
2026-03-24 08:00:00+00:00,24784.3,25059.3,24641.3,24947.8,52165
2026-03-24 12:00:00+00:00,24866.8,24989.8,24801.8,24808.3,37413
2026-03-24 16:00:00+00:00,24807.3,25025.3,24756.8,24988.3,67566
2026-03-24 20:00:00+00:00,24988.8,25020.8,24856.8,24974.3,26606
2026-03-25 04:00:00+00:00,25209.6,25378.1,25052.3,25060.3,47390
2026-03-25 08:00:00+00:00,25048.3,25389.3,25002.8,25366.3,53592
2026-03-25 12:00:00+00:00,25346.3,25374.8,25182.8,25265.3,32164
2026-03-25 16:00:00+00:00,25266.8,25342.8,25118.3,25290.3,58211
2026-03-25 20:00:00+00:00,25291.3,25339.3,25251.3,25259.3,14585
2026-03-26 04:00:00+00:00,25182.3,25234.8,24890.7,24962.2,42079
2026-03-26 08:00:00+00:00,24946.7,24988.2,24759.7,24770.7,37139
2026-03-26 12:00:00+00:00,24753.7,24825.2,24648.2,24723.2,22478
2026-03-26 16:00:00+00:00,24722.2,24941.2,24719.2,24761.2,38875
2026-03-26 20:00:00+00:00,24761.7,24786.7,24685.7,24751.7,11931
2026-03-27 04:00:00+00:00,24755.5,24995.7,24708.0,24992.2,27868
2026-03-27 08:00:00+00:00,25008.2,25093.7,24826.2,24831.7,26964
2026-03-27 12:00:00+00:00,24782.2,24857.2,24651.2,24720.2,20079
2026-03-27 16:00:00+00:00,24721.2,24832.2,24661.7,24710.2,29641
2026-03-27 20:00:00+00:00,24711.2,24769.7,24628.2,24648.2,5682
2026-03-30 04:00:00+00:00,24427.6,24727.6,24322.6,24706.6,30162
2026-03-30 08:00:00+00:00,24707.6,24823.6,24604.6,24759.6,29409
2026-03-30 12:00:00+00:00,24753.6,24895.1,24710.1,24835.1,19230
2026-03-30 16:00:00+00:00,24834.6,24893.1,24692.6,24782.1,34804
2026-03-30 20:00:00+00:00,24783.1,24799.6,24699.6,24717.6,12205
2026-03-31 04:00:00+00:00,24745.7,25010.2,24596.1,24606.1,31204
2026-03-31 08:00:00+00:00,24599.1,24802.7,24545.7,24760.7,31526
2026-03-31 12:00:00+00:00,24764.7,24894.7,24667.7,24843.2,26480
2026-03-31 16:00:00+00:00,24844.7,25220.7,24807.2,25130.2,40007
2026-03-31 20:00:00+00:00,25130.7,25219.2,25109.2,25203.2,18388
2026-04-01 04:00:00+00:00,25300.2,25413.7,25194.8,25274.7,26708
2026-04-01 08:00:00+00:00,25282.2,25429.2,25221.2,25288.7,29410
2026-04-01 12:00:00+00:00,25248.7,25406.7,25204.7,25261.7,20589
2026-04-01 16:00:00+00:00,25262.2,25459.2,25234.7,25448.2,33665
2026-04-01 20:00:00+00:00,25447.7,25471.7,25267.2,25303.7,11752
2026-04-02 04:00:00+00:00,25254.2,25258.7,24980.7,24996.7,28959
2026-04-02 08:00:00+00:00,24976.2,25107.2,24888.7,25075.7,26131
2026-04-02 12:00:00+00:00,25055.2,25087.2,24919.2,24968.2,17968
2026-04-02 16:00:00+00:00,24968.7,25310.2,24916.2,25160.2,39798
2026-04-02 20:00:00+00:00,25159.2,25241.7,25146.2,25239.7,11720
2026-04-08 04:00:00+00:00,26012.4,26094.9,25681.9,25838.3,31602
2026-04-08 08:00:00+00:00,25839.3,25952.8,25809.8,25942.8,32022
2026-04-08 12:00:00+00:00,25942.8,26059.8,25888.8,26004.3,23474
2026-04-08 16:00:00+00:00,26005.8,26064.8,25793.8,25966.8,34688
2026-04-08 20:00:00+00:00,25966.3,25978.8,25854.3,25869.3,12437
2026-04-09 04:00:00+00:00,25752.8,25845.0,25647.3,25796.0,24745
2026-04-09 08:00:00+00:00,25795.5,25857.0,25685.5,25705.5,25665
2026-04-09 12:00:00+00:00,25718.0,25747.0,25654.0,25720.0,17067
2026-04-09 16:00:00+00:00,25721.0,25916.0,25630.0,25900.5,34269
2026-04-09 20:00:00+00:00,25901.0,25944.5,25847.0,25879.5,11799
2026-04-10 04:00:00+00:00,25910.4,26079.4,25848.9,25910.8,24261
2026-04-10 08:00:00+00:00,25912.8,25988.8,25848.3,25907.8,23818
2026-04-10 12:00:00+00:00,25885.8,26024.3,25884.3,25984.8,15591
2026-04-10 16:00:00+00:00,25984.3,26054.8,25874.8,25932.3,28363
2026-04-10 20:00:00+00:00,25932.8,25955.8,25902.3,25946.3,7802
2026-04-13 04:00:00+00:00,25728.0,25735.5,25512.5,25587.0,22995
2026-04-13 08:00:00+00:00,25612.5,25681.0,25560.5,25648.0,20370
2026-04-13 12:00:00+00:00,25634.5,25675.0,25560.5,25621.5,12861
2026-04-13 16:00:00+00:00,25622.5,25870.0,25612.0,25865.0,28421
2026-04-13 20:00:00+00:00,25864.5,25919.5,25854.5,25918.0,5981
2026-04-14 04:00:00+00:00,25981.5,26013.0,25757.5,25774.5,22569
2026-04-14 08:00:00+00:00,25788.5,25958.5,25676.5,25904.5,24035
2026-04-14 12:00:00+00:00,25917.0,25996.0,25875.0,25962.0,12554
2026-04-14 16:00:00+00:00,25961.0,26188.5,25955.0,26139.0,22609
2026-04-14 20:00:00+00:00,26138.0,26171.5,26115.0,26141.5,6862
2026-04-15 04:00:00+00:00,26203.6,26230.6,26052.6,26089.6,22672
2026-04-15 08:00:00+00:00,26100.6,26101.6,25937.1,25975.6,21618
2026-04-15 12:00:00+00:00,25943.1,25987.1,25877.1,25969.1,16039
2026-04-15 16:00:00+00:00,25969.6,26129.1,25958.6,26064.1,24126
2026-04-15 20:00:00+00:00,26064.6,26119.1,26053.6,26118.6,6477
2026-04-16 04:00:00+00:00,26147.8,26322.7,26117.8,26309.7,23234
2026-04-16 08:00:00+00:00,26301.2,26412.7,26233.7,26341.7,21851
2026-04-16 12:00:00+00:00,26310.7,26337.2,26269.7,26298.7,11452
2026-04-16 16:00:00+00:00,26299.2,26341.7,26154.7,26243.2,30116
2026-04-16 20:00:00+00:00,26243.7,26244.2,26177.7,26228.2,10278
2026-04-17 04:00:00+00:00,26217.3,26285.8,26023.9,26047.4,19471
2026-04-17 08:00:00+00:00,26054.9,26181.9,26029.4,26177.4,16986
2026-04-17 12:00:00+00:00,26195.9,26442.4,26188.9,26438.9,11972
2026-04-17 16:00:00+00:00,26440.4,26643.4,26402.4,26570.9,29744
2026-04-17 20:00:00+00:00,26569.9,26572.9,26451.9,26498.9,9988
2026-04-20 04:00:00+00:00,26319.3,26425.5,26102.8,26383.5,25429
2026-04-20 08:00:00+00:00,26367.5,26426.5,26255.0,26384.0,24951
2026-04-20 12:00:00+00:00,26390.5,26435.5,26375.0,26404.5,13376
2026-04-20 16:00:00+00:00,26405.0,26509.5,26344.5,26438.5,28609
2026-04-20 20:00:00+00:00,26439.0,26489.0,26437.0,26487.5,6301
2026-04-21 04:00:00+00:00,26482.7,26504.7,26338.6,26390.6,20188
2026-04-21 08:00:00+00:00,26409.6,26526.1,26387.1,26479.1,18835
2026-04-21 12:00:00+00:00,26452.1,26492.1,26374.1,26396.6,13322
2026-04-21 16:00:00+00:00,26397.1,26440.1,26205.1,26205.6,33270
2026-04-21 20:00:00+00:00,26206.6,26256.6,26129.6,26177.6,14456
2026-04-22 04:00:00+00:00,26255.3,26273.8,26075.4,26122.9,19257
2026-04-22 08:00:00+00:00,26108.4,26201.9,26069.4,26144.9,19303
2026-04-22 12:00:00+00:00,26157.9,26205.4,26098.9,26125.9,15808
2026-04-22 16:00:00+00:00,26126.4,26250.4,26118.4,26149.4,28532
2026-04-22 20:00:00+00:00,26148.9,26206.4,26137.4,26170.4,6829
2026-04-23 04:00:00+00:00,26127.2,26135.2,25825.6,25868.6,25135
2026-04-23 08:00:00+00:00,25885.6,25976.6,25857.6,25906.1,21088
2026-04-23 12:00:00+00:00,25857.1,25981.1,25827.6,25952.1,20571
2026-04-23 16:00:00+00:00,25952.6,25999.1,25873.1,25915.6,28245
2026-04-23 20:00:00+00:00,25916.1,25922.6,25649.6,25814.1,19922
2026-04-24 04:00:00+00:00,25796.3,25847.8,25617.8,25836.8,25571
2026-04-24 08:00:00+00:00,25872.8,25987.8,25828.8,25955.3,21935
2026-04-24 12:00:00+00:00,25933.8,26081.3,25818.3,25949.8,22985
2026-04-24 16:00:00+00:00,25950.8,26062.3,25877.8,26025.3,34211
2026-04-24 20:00:00+00:00,26025.8,26063.3,26001.8,26024.8,9925
2026-04-27 04:00:00+00:00,26017.6,26080.1,25828.1,26030.0,25141
2026-04-27 08:00:00+00:00,26015.5,26027.0,25892.5,25920.0,23314
2026-04-27 12:00:00+00:00,25939.5,25970.5,25859.0,25866.0,12438
2026-04-27 16:00:00+00:00,25868.0,25944.5,25845.0,25855.0,27756
2026-04-27 20:00:00+00:00,25856.0,25885.0,25844.0,25862.5,6486
2026-04-28 04:00:00+00:00,25812.4,25880.4,25698.4,25754.7,21144
2026-04-28 08:00:00+00:00,25739.2,25745.7,25594.7,25667.7,18380
2026-04-28 12:00:00+00:00,25674.7,25692.2,25556.2,25654.7,14784
2026-04-28 16:00:00+00:00,25653.2,25796.2,25645.2,25764.2,21834
2026-04-28 20:00:00+00:00,25763.7,25783.7,25726.2,25779.7,2378
2026-04-29 04:00:00+00:00,25773.4,26050.9,25768.4,25978.9,25663
2026-04-29 08:00:00+00:00,25998.4,26127.9,25988.9,26057.9,23569
2026-04-29 12:00:00+00:00,26018.9,26069.4,25969.9,25976.4,14406
2026-04-29 16:00:00+00:00,25976.9,26000.4,25794.4,25857.4,27165
2026-04-29 20:00:00+00:00,25857.9,25885.9,25786.4,25829.4,11871
2026-04-30 04:00:00+00:00,25863.2,26033.2,25700.2,25776.7,26459
2026-04-30 08:00:00+00:00,25715.2,25846.2,25708.7,25746.7,24939
2026-04-30 12:00:00+00:00,25761.2,25959.2,25736.7,25921.2,22774
2026-04-30 16:00:00+00:00,25923.7,26090.7,25872.7,26080.2,25796
2026-05-04 04:00:00+00:00,26159.1,26339.1,26092.6,26217.6,26544
2026-05-04 08:00:00+00:00,26183.1,26214.1,26064.6,26108.6,19968
2026-05-04 12:00:00+00:00,26097.6,26108.1,25859.6,26039.6,23970
2026-05-04 16:00:00+00:00,26039.1,26135.1,25918.1,25948.1,35607
2026-05-04 20:00:00+00:00,25950.1,26035.1,25947.1,25961.1,10609
2026-05-05 04:00:00+00:00,25987.8,26005.8,25670.8,25768.3,19907
2026-05-05 08:00:00+00:00,25729.8,25921.3,25712.3,25913.8,18792
2026-05-05 12:00:00+00:00,25911.3,25986.3,25893.8,25944.3,14936
2026-05-05 16:00:00+00:00,25943.8,25976.3,25859.3,25907.3,22062
2026-05-05 20:00:00+00:00,25905.8,25959.8,25883.3,25950.8,4596
2026-05-06 04:00:00+00:00,26035.4,26221.4,25873.9,26100.9,27667
2026-05-06 08:00:00+00:00,26136.9,26237.4,26081.9,26234.4,24300
2026-05-06 12:00:00+00:00,26287.9,26493.4,26287.9,26358.4,25149
2026-05-06 16:00:00+00:00,26357.9,26542.4,26288.4,26481.9,30541
2026-05-06 20:00:00+00:00,26482.4,26533.4,26473.4,26528.4,6221
2026-05-07 04:00:00+00:00,26507.2,26662.2,26494.7,26644.7,27068
2026-05-07 08:00:00+00:00,26652.7,26688.2,26558.7,26615.2,23897
2026-05-07 12:00:00+00:00,26595.7,26597.7,26514.2,26580.7,14409
2026-05-07 16:00:00+00:00,26580.2,26677.2,26376.7,26428.2,31033
2026-05-07 20:00:00+00:00,26428.7,26444.7,26322.2,26353.2,14738
2026-05-08 04:00:00+00:00,26392.5,26435.0,26260.5,26323.5,23798
2026-05-08 08:00:00+00:00,26346.5,26464.0,26306.5,26369.5,23368
2026-05-08 12:00:00+00:00,26395.5,26452.0,26351.0,26420.5,14525
2026-05-08 16:00:00+00:00,26420.0,26527.5,26291.5,26315.0,27330
2026-05-08 20:00:00+00:00,26314.0,26377.5,26311.0,26356.5,6651
2026-05-11 04:00:00+00:00,26319.6,26361.1,26216.6,26325.6,24008
2026-05-11 08:00:00+00:00,26334.6,26428.1,26297.1,26427.1,21306
2026-05-11 12:00:00+00:00,26407.6,26456.1,26385.1,26456.1,11442
2026-05-11 16:00:00+00:00,26457.6,26599.6,26453.1,26528.6,21543
2026-05-11 20:00:00+00:00,26530.1,26554.6,26512.1,26528.6,5441
2026-05-12 04:00:00+00:00,26460.6,26604.1,26417.1,26490.1,25341
2026-05-12 08:00:00+00:00,26464.1,26476.1,26314.1,26354.1,22702
2026-05-12 12:00:00+00:00,26336.1,26450.6,26334.1,26438.1,15762
2026-05-12 16:00:00+00:00,26437.1,26448.1,26211.1,26245.6,32492
2026-05-12 20:00:00+00:00,26246.1,26373.1,26243.1,26372.6,8861
2026-05-13 04:00:00+00:00,26380.0,26442.0,26221.5,26430.5,25219
2026-05-13 08:00:00+00:00,26441.0,26476.0,26294.5,26377.7,24267
2026-05-13 12:00:00+00:00,26365.2,26366.2,26133.2,26168.7,17762
2026-05-13 16:00:00+00:00,26169.2,26889.2,26168.2,26865.7,32739
2026-05-13 20:00:00+00:00,26866.2,26911.2,26835.2,26888.7,8848
2026-05-14 04:00:00+00:00,26906.1,26930.6,26399.9,26459.9,28188
2026-05-14 08:00:00+00:00,26479.9,26530.9,26312.4,26378.9,28012
2026-05-14 12:00:00+00:00,26354.9,26410.4,26275.9,26349.9,16453
2026-05-14 16:00:00+00:00,26350.9,26415.4,26191.4,26379.4,28568
2026-05-14 20:00:00+00:00,26378.9,26401.4,26346.9,26376.9,9584
2026-05-15 04:00:00+00:00,26235.3,26313.8,26042.9,26146.4,26190
2026-05-15 08:00:00+00:00,26095.9,26106.9,25839.4,25857.9,29187
2026-05-15 12:00:00+00:00,25849.4,25972.9,25808.9,25849.4,24014
2026-05-15 16:00:00+00:00,25849.9,25905.9,25697.9,25724.9,33839
2026-05-15 20:00:00+00:00,25725.4,25801.9,25716.9,25784.4,9329
2026-05-18 04:00:00+00:00,25633.5,25804.0,25492.0,25609.0,29552
2026-05-18 08:00:00+00:00,25623.5,25687.5,25540.0,25665.5,28755
2026-05-18 12:00:00+00:00,25669.5,25824.5,25579.0,25797.0,22086
2026-05-18 16:00:00+00:00,25796.0,25797.0,25633.0,25688.0,37513
2026-05-18 20:00:00+00:00,25688.5,25719.5,25610.5,25628.5,12982
2026-05-19 04:00:00+00:00,25677.8,25842.8,25636.8,25761.3,28281
2026-05-19 08:00:00+00:00,25726.8,25830.8,25671.8,25760.3,26977
2026-05-19 12:00:00+00:00,25725.8,25751.3,25648.8,25684.3,20046
2026-05-19 16:00:00+00:00,25685.3,25731.8,25587.3,25690.8,35575
2026-05-19 20:00:00+00:00,25691.8,25726.3,25667.8,25674.3,9742
2026-05-20 04:00:00+00:00,25618.8,25697.8,25526.8,25641.8,27634
2026-05-20 08:00:00+00:00,25634.8,25697.8,25565.3,25625.3,26244
2026-05-20 12:00:00+00:00,25630.3,25726.8,25623.3,25690.8,13454
2026-05-20 16:00:00+00:00,25690.3,25826.8,25539.8,25780.8,33651
2026-05-20 20:00:00+00:00,25781.3,25821.8,25759.3,25813.3,7974
2026-05-21 04:00:00+00:00,25865.4,25870.4,25617.9,25650.4,25377
2026-05-21 08:00:00+00:00,25681.9,25694.9,25345.4,25436.4,30352
2026-05-21 12:00:00+00:00,25451.4,25493.9,25301.4,25418.4,22446
2026-05-21 16:00:00+00:00,25417.4,25539.9,25364.4,25525.4,32070
2026-05-21 20:00:00+00:00,25525.9,25709.4,25521.9,25623.9,13479
2026-05-22 04:00:00+00:00,25651.4,25709.0,25461.9,25702.0,26492
2026-05-22 08:00:00+00:00,25725.5,25731.5,25557.0,25575.0,27658
2026-05-22 12:00:00+00:00,25177.0,25466.5,25155.0,25239.5,21938
2026-05-22 16:00:00+00:00,25238.5,25458.0,25217.5,25454.0,26285
2026-05-22 20:00:00+00:00,25454.5,25530.0,25440.5,25465.0,7933
2026-05-26 04:00:00+00:00,25607.3,25766.8,25416.8,25727.3,28304
2026-05-26 08:00:00+00:00,25675.3,25720.3,25546.3,25549.8,26791
2026-05-26 12:00:00+00:00,25515.8,25577.8,25491.8,25528.8,12089
2026-05-26 16:00:00+00:00,25528.3,25587.3,25474.3,25514.8,22940
2026-05-26 20:00:00+00:00,25514.3,25535.3,25499.8,25533.8,5183
2026-05-27 04:00:00+00:00,25636.1,25671.6,25363.1,25368.6,24224
2026-05-27 08:00:00+00:00,25371.1,25399.1,25267.1,25304.1,25577
2026-05-27 12:00:00+00:00,25310.1,25331.6,25170.6,25218.6,11528
2026-05-27 16:00:00+00:00,25218.1,25395.6,25203.1,25311.1,21723
2026-05-27 20:00:00+00:00,25310.1,25328.1,25269.1,25317.1,3245
2026-05-28 04:00:00+00:00,25228.9,25231.9,24721.9,24747.4,28317
2026-05-28 08:00:00+00:00,24736.9,25016.9,24717.9,24963.4,30262
2026-05-28 12:00:00+00:00,24970.9,24988.9,24864.4,24960.9,12536
2026-05-28 16:00:00+00:00,24961.4,25112.4,24878.9,25112.4,22808
2026-05-28 20:00:00+00:00,25112.9,25134.9,25087.9,25112.9,4605
2026-05-29 04:00:00+00:00,25113.5,25295.0,25047.0,25266.5,30146
2026-05-29 08:00:00+00:00,25284.0,25303.0,25082.5,25106.5,30145
2026-05-29 12:00:00+00:00,25055.0,25158.0,25053.5,25153.0,13094
2026-05-29 16:00:00+00:00,25152.5,25322.5,25082.0,25245.0,24950
2026-05-29 20:00:00+00:00,25244.5,25266.0,25205.0,25219.0,6072
2026-06-01 04:00:00+00:00,25215.3,25471.9,25097.3,25389.8,29688
2026-06-01 08:00:00+00:00,25414.3,25447.3,25327.3,25361.3,25175
2026-06-01 12:00:00+00:00,25369.8,25395.3,25329.3,25335.8,9589
2026-06-01 16:00:00+00:00,25336.3,25340.3,25154.3,25285.3,27377
2026-06-01 20:00:00+00:00,25284.8,25400.3,25264.3,25326.3,6651
2026-06-02 04:00:00+00:00,25226.8,25788.3,25215.3,25740.8,29595
2026-06-02 08:00:00+00:00,25788.3,26059.8,25772.8,26037.3,26499
2026-06-02 12:00:00+00:00,26015.8,26028.8,25932.3,25940.8,9028
2026-06-02 16:00:00+00:00,25941.3,26074.8,25859.3,25968.8,20646
2026-06-02 20:00:00+00:00,25968.3,25969.8,25900.8,25940.8,4883
2026-06-03 04:00:00+00:00,25913.9,25943.9,25558.4,25585.4,24531
2026-06-03 08:00:00+00:00,25570.4,25646.9,25550.4,25580.9,26544
2026-06-03 12:00:00+00:00,25583.9,25634.9,25484.4,25516.4,11062
2026-06-03 16:00:00+00:00,25516.9,25541.9,25378.9,25411.9,23837
2026-06-03 20:00:00+00:00,25412.9,25439.9,25391.9,25411.4,4924
2026-06-04 04:00:00+00:00,25368.9,25475.4,25206.9,25236.9,25307
2026-06-04 08:00:00+00:00,25240.9,25288.4,25160.4,25173.4,24593
2026-06-04 12:00:00+00:00,25070.9,25179.4,25068.4,25171.9,2159
