time,open,high,low,close,volume
2011-10-25 00:00:00+00:00,0.01,0.01,0.01,0.01,5
2011-10-26 00:00:00+00:00,0.01,0.01,0.01,0.01,5
2011-10-27 00:00:00+00:00,0.01,0.05,0.01,0.01,80
2011-10-28 00:00:00+00:00,0.01,0.05,0.01,0.02,18
2011-10-29 00:00:00+00:00,0.01,0.05,0.0,0.02,40
2011-10-30 00:00:00+00:00,0.02,0.03,0.01,0.02,14
2011-10-31 00:00:00+00:00,0.02,0.03,0.02,0.02,35
2011-11-01 00:00:00+00:00,0.02,0.04,0.02,0.03,24
2011-11-02 00:00:00+00:00,0.03,0.03,0.03,0.03,29
2011-11-03 00:00:00+00:00,0.03,0.03,0.03,0.03,20
2011-11-04 00:00:00+00:00,0.03,0.04,0.01,0.02,53
2011-11-05 00:00:00+00:00,0.02,0.03,0.02,0.02,52
2011-11-06 00:00:00+00:00,0.02,0.02,0.01,0.02,28
2011-11-07 00:00:00+00:00,0.02,0.02,0.02,0.02,38
2011-11-08 00:00:00+00:00,0.02,0.02,0.02,0.02,49
2011-11-09 00:00:00+00:00,0.02,0.02,0.01,0.02,31
2011-11-10 00:00:00+00:00,0.02,0.02,0.01,0.01,17
2011-11-11 00:00:00+00:00,0.01,0.01,0.01,0.01,27
2011-11-12 00:00:00+00:00,0.02,0.02,0.02,0.02,25
2011-11-13 00:00:00+00:00,0.01,0.01,0.01,0.01,23
2011-11-14 00:00:00+00:00,0.02,0.02,0.01,0.01,66
2011-11-15 00:00:00+00:00,0.01,0.02,0.01,0.01,31
2011-11-16 00:00:00+00:00,0.01,0.02,0.01,0.02,49
2011-11-17 00:00:00+00:00,0.02,0.02,0.01,0.01,8
2011-11-18 00:00:00+00:00,0.01,0.01,0.01,0.01,23
2011-11-19 00:00:00+00:00,0.01,0.01,0.01,0.01,31
2011-11-20 00:00:00+00:00,0.01,0.01,0.01,0.01,9
2011-11-21 00:00:00+00:00,0.01,0.01,0.01,0.01,20
2011-11-22 00:00:00+00:00,0.01,0.01,0.01,0.01,17
2011-11-23 00:00:00+00:00,0.01,0.01,0.01,0.01,21
2011-11-24 00:00:00+00:00,0.01,0.01,0.01,0.01,14
2011-11-25 00:00:00+00:00,0.01,0.01,0.01,0.01,4
2011-11-26 00:00:00+00:00,0.01,0.01,0.01,0.01,5
2011-11-27 00:00:00+00:00,0.01,0.01,0.01,0.01,7
2011-11-28 00:00:00+00:00,0.01,0.01,0.01,0.01,23
2011-11-29 00:00:00+00:00,0.01,0.01,0.01,0.01,28
2011-11-30 00:00:00+00:00,0.02,0.02,0.02,0.02,25
2011-12-01 00:00:00+00:00,0.02,0.02,0.01,0.01,28
2011-12-02 00:00:00+00:00,0.01,0.01,0.01,0.01,22
2011-12-03 00:00:00+00:00,0.02,0.02,0.02,0.02,32
2011-12-04 00:00:00+00:00,0.02,0.02,0.02,0.02,33
2011-12-05 00:00:00+00:00,0.02,0.02,0.02,0.02,11
2011-12-06 00:00:00+00:00,0.01,0.01,0.01,0.01,18
2011-12-07 00:00:00+00:00,0.01,0.01,0.01,0.01,76
2011-12-08 00:00:00+00:00,0.01,0.01,0.01,0.01,46
2011-12-09 00:00:00+00:00,0.01,0.01,0.01,0.01,104
2011-12-10 00:00:00+00:00,0.01,0.01,0.01,0.01,32
2011-12-11 00:00:00+00:00,0.01,0.01,0.01,0.01,34
2011-12-12 00:00:00+00:00,0.01,0.01,0.01,0.01,46
2011-12-13 00:00:00+00:00,0.01,0.01,0.01,0.01,39
2011-12-14 00:00:00+00:00,0.01,0.02,0.01,0.01,101
2011-12-15 00:00:00+00:00,0.01,0.01,0.01,0.01,34
2011-12-16 00:00:00+00:00,0.01,0.01,0.01,0.01,13
2011-12-17 00:00:00+00:00,0.01,0.01,0.01,0.01,1
2011-12-18 00:00:00+00:00,0.01,0.01,0.01,0.01,19
2011-12-19 00:00:00+00:00,0.01,0.01,0.01,0.01,14
2011-12-20 00:00:00+00:00,0.01,0.02,0.01,0.01,48
2011-12-21 00:00:00+00:00,0.01,0.01,0.01,0.01,35
2011-12-22 00:00:00+00:00,0.01,0.01,0.01,0.01,7
2011-12-23 00:00:00+00:00,0.01,0.01,0.01,0.01,59
2011-12-24 00:00:00+00:00,0.01,0.01,0.01,0.01,32
2011-12-25 00:00:00+00:00,0.01,0.01,0.01,0.01,11
2011-12-26 00:00:00+00:00,0.01,0.01,0.01,0.01,20
2011-12-27 00:00:00+00:00,0.01,0.01,0.01,0.01,15
2011-12-28 00:00:00+00:00,0.01,0.01,0.01,0.01,21
2011-12-29 00:00:00+00:00,0.01,0.01,0.01,0.01,59
2011-12-30 00:00:00+00:00,0.01,0.01,0.01,0.01,10
2011-12-31 00:00:00+00:00,0.01,0.01,0.01,0.01,20
2012-01-01 00:00:00+00:00,0.01,0.02,0.01,0.02,94
2012-01-02 00:00:00+00:00,0.01,0.02,0.01,0.01,38
2012-01-03 00:00:00+00:00,0.01,0.01,0.01,0.01,13
2012-01-04 00:00:00+00:00,0.01,0.02,0.01,0.01,57
2012-01-05 00:00:00+00:00,0.02,0.02,0.01,0.01,75
2012-01-06 00:00:00+00:00,0.01,0.01,0.0,0.01,57
2012-01-07 00:00:00+00:00,0.01,0.01,0.01,0.01,67
2012-01-08 00:00:00+00:00,0.01,0.01,0.01,0.01,35
2012-01-09 00:00:00+00:00,0.01,0.01,0.01,0.01,17
2012-01-10 00:00:00+00:00,0.01,0.01,0.01,0.01,22
2012-01-11 00:00:00+00:00,0.01,0.01,0.01,0.01,10
2012-01-12 00:00:00+00:00,0.01,0.01,0.01,0.01,81
2012-01-13 00:00:00+00:00,0.01,0.01,0.01,0.01,25
2012-01-14 00:00:00+00:00,0.01,0.01,0.01,0.01,14
2012-01-15 00:00:00+00:00,0.01,0.01,0.01,0.01,12
2012-01-16 00:00:00+00:00,0.01,0.01,0.01,0.01,37
2012-01-17 00:00:00+00:00,0.01,0.01,0.01,0.01,68
2012-01-18 00:00:00+00:00,0.01,0.01,0.01,0.01,42
2012-01-19 00:00:00+00:00,0.01,0.01,0.01,0.01,16
2012-01-21 00:00:00+00:00,0.01,0.01,0.01,0.01,38
2012-01-31 00:00:00+00:00,0.01,0.02,0.01,0.01,65
2012-02-01 00:00:00+00:00,0.01,0.02,0.01,0.02,149
2012-02-02 00:00:00+00:00,0.02,0.03,0.01,0.02,118
2012-02-03 00:00:00+00:00,0.02,0.03,0.02,0.02,116
2012-02-04 00:00:00+00:00,0.02,0.03,0.01,0.01,192
2012-02-05 00:00:00+00:00,0.02,0.02,0.01,0.01,47
2012-02-06 00:00:00+00:00,0.01,0.01,0.01,0.01,90
2012-02-07 00:00:00+00:00,0.01,0.02,0.01,0.01,30
2012-02-08 00:00:00+00:00,0.01,0.02,0.01,0.01,46
2012-02-09 00:00:00+00:00,0.01,0.01,0.01,0.01,17
2012-02-10 00:00:00+00:00,0.02,0.02,0.02,0.02,18
2012-02-11 00:00:00+00:00,0.02,0.02,0.02,0.02,42
2012-02-12 00:00:00+00:00,0.01,0.01,0.01,0.01,20
2012-02-13 00:00:00+00:00,0.01,0.01,0.01,0.01,26
2012-02-14 00:00:00+00:00,0.01,0.01,0.01,0.01,105
2012-02-15 00:00:00+00:00,0.01,0.01,0.01,0.01,1
2012-02-16 00:00:00+00:00,0.01,0.01,0.01,0.01,57
2012-02-17 00:00:00+00:00,0.01,0.01,0.01,0.01,40
2012-02-18 00:00:00+00:00,0.01,0.01,0.01,0.01,32
2012-02-19 00:00:00+00:00,0.01,0.01,0.01,0.01,92
2012-02-20 00:00:00+00:00,0.01,0.01,0.01,0.01,27
2012-02-21 00:00:00+00:00,0.01,0.01,0.01,0.01,29
2012-02-22 00:00:00+00:00,0.01,0.01,0.01,0.01,12
2012-02-23 00:00:00+00:00,0.01,0.01,0.01,0.01,26
2012-02-24 00:00:00+00:00,0.01,0.01,0.01,0.01,9
2012-02-25 00:00:00+00:00,0.01,0.01,0.0,0.01,31
2012-02-27 00:00:00+00:00,0.01,0.01,0.01,0.01,12
2012-02-28 00:00:00+00:00,0.01,0.01,0.01,0.01,17
2012-02-29 00:00:00+00:00,0.01,0.01,0.01,0.01,28
2012-03-01 00:00:00+00:00,0.01,0.01,0.01,0.01,27
2012-03-02 00:00:00+00:00,0.01,0.01,0.01,0.01,47
2012-03-04 00:00:00+00:00,0.01,0.01,0.01,0.01,20
2012-03-05 00:00:00+00:00,0.01,0.01,0.01,0.01,39
2012-03-06 00:00:00+00:00,0.01,0.01,0.01,0.01,12
2012-03-07 00:00:00+00:00,0.01,0.01,0.01,0.01,32
2012-03-08 00:00:00+00:00,0.01,0.01,0.01,0.01,31
2012-03-09 00:00:00+00:00,0.01,0.01,0.01,0.01,51
2012-03-11 00:00:00+00:00,0.01,0.01,0.01,0.01,31
2012-03-12 00:00:00+00:00,0.01,0.01,0.01,0.01,12
2012-03-13 00:00:00+00:00,0.01,0.01,0.01,0.01,63
2012-03-15 00:00:00+00:00,0.01,0.01,0.01,0.01,16
2012-03-16 00:00:00+00:00,0.01,0.01,0.01,0.01,26
2012-03-22 00:00:00+00:00,0.01,0.01,0.01,0.01,13
2012-03-23 00:00:00+00:00,0.01,0.01,0.01,0.01,12
2012-03-24 00:00:00+00:00,0.01,0.01,0.01,0.01,24
2012-03-25 00:00:00+00:00,0.01,0.01,0.01,0.01,30
2012-03-26 00:00:00+00:00,0.01,0.01,0.01,0.01,35
2012-03-27 00:00:00+00:00,0.01,0.01,0.01,0.01,25
2012-03-28 00:00:00+00:00,0.01,0.01,0.01,0.01,23
2012-03-29 00:00:00+00:00,0.01,0.01,0.01,0.01,6
2012-03-30 00:00:00+00:00,0.01,0.01,0.01,0.01,8
2012-03-31 00:00:00+00:00,0.01,0.01,0.01,0.01,12
2012-04-01 00:00:00+00:00,0.01,0.01,0.01,0.01,22
2012-04-02 00:00:00+00:00,0.01,0.01,0.01,0.01,39
2012-04-03 00:00:00+00:00,0.01,0.01,0.01,0.01,16
2012-04-04 00:00:00+00:00,0.01,0.01,0.01,0.01,36
2012-04-05 00:00:00+00:00,0.01,0.01,0.01,0.01,19
2012-04-06 00:00:00+00:00,0.01,0.01,0.01,0.01,16
2012-04-07 00:00:00+00:00,0.01,0.01,0.01,0.01,15
2012-04-10 00:00:00+00:00,0.01,0.01,0.01,0.01,43
2012-04-17 00:00:00+00:00,0.01,0.01,0.01,0.01,6
2012-06-23 00:00:00+00:00,0.01,0.01,0.01,0.01,27
2012-06-24 00:00:00+00:00,0.01,0.01,0.01,0.01,26
2012-06-25 00:00:00+00:00,0.01,0.01,0.01,0.01,30
2012-06-26 00:00:00+00:00,0.01,0.01,0.01,0.01,38
2012-06-27 00:00:00+00:00,0.01,0.01,0.01,0.01,37
2012-06-28 00:00:00+00:00,0.01,0.01,0.01,0.01,17
2012-06-29 00:00:00+00:00,0.01,0.01,0.01,0.01,27
2012-06-30 00:00:00+00:00,0.01,0.02,0.01,0.01,71
2012-07-01 00:00:00+00:00,0.01,0.01,0.01,0.01,65
2012-07-02 00:00:00+00:00,0.01,0.01,0.01,0.01,40
2012-07-03 00:00:00+00:00,0.01,0.01,0.01,0.01,54
2012-07-04 00:00:00+00:00,0.01,0.02,0.01,0.01,66
2012-07-05 00:00:00+00:00,0.02,0.05,0.01,0.02,97
2012-07-06 00:00:00+00:00,0.02,0.03,0.02,0.02,95
2012-07-07 00:00:00+00:00,0.02,0.06,0.02,0.04,111
2012-07-08 00:00:00+00:00,0.04,0.08,0.02,0.04,168
2012-07-09 00:00:00+00:00,0.05,0.07,0.03,0.04,106
2012-07-10 00:00:00+00:00,0.03,0.04,0.02,0.03,68
2012-07-11 00:00:00+00:00,0.03,0.03,0.02,0.03,27
2012-07-12 00:00:00+00:00,0.03,0.04,0.02,0.04,60
2012-07-13 00:00:00+00:00,0.04,0.04,0.03,0.04,60
2012-07-14 00:00:00+00:00,0.04,0.05,0.04,0.04,58
2012-07-15 00:00:00+00:00,0.04,0.05,0.04,0.04,63
2012-07-16 00:00:00+00:00,0.04,0.05,0.04,0.05,121
2012-07-17 00:00:00+00:00,0.05,0.06,0.04,0.05,188
2012-07-18 00:00:00+00:00,0.05,0.05,0.04,0.04,93
2012-07-19 00:00:00+00:00,0.05,0.06,0.05,0.05,111
2012-07-20 00:00:00+00:00,0.05,0.06,0.04,0.05,116
2012-07-21 00:00:00+00:00,0.05,0.05,0.05,0.05,44
2012-07-22 00:00:00+00:00,0.05,0.05,0.05,0.05,52
2012-07-23 00:00:00+00:00,0.05,0.06,0.05,0.06,75
2012-07-24 00:00:00+00:00,0.05,0.05,0.05,0.05,77
2012-07-25 00:00:00+00:00,0.05,0.05,0.04,0.04,132
2012-07-26 00:00:00+00:00,0.04,0.08,0.04,0.07,170
2012-07-27 00:00:00+00:00,0.06,0.07,0.04,0.06,106
2012-07-28 00:00:00+00:00,0.05,0.06,0.05,0.05,108
2012-07-29 00:00:00+00:00,0.05,0.06,0.05,0.06,107
2012-07-30 00:00:00+00:00,0.06,0.07,0.06,0.06,142
2012-07-31 00:00:00+00:00,0.06,0.06,0.06,0.06,104
2012-08-01 00:00:00+00:00,0.06,0.07,0.06,0.06,122
2012-08-02 00:00:00+00:00,0.06,0.06,0.05,0.06,254
2012-08-03 00:00:00+00:00,0.06,0.06,0.05,0.05,190
2012-08-04 00:00:00+00:00,0.05,0.05,0.03,0.05,192
2012-08-05 00:00:00+00:00,0.05,0.06,0.05,0.05,121
2012-08-06 00:00:00+00:00,0.05,0.05,0.05,0.05,126
2012-08-07 00:00:00+00:00,0.05,0.06,0.05,0.06,196
2012-08-08 00:00:00+00:00,0.05,0.06,0.05,0.05,199
2012-08-09 00:00:00+00:00,0.05,0.06,0.05,0.05,282
2012-08-10 00:00:00+00:00,0.05,0.05,0.05,0.05,29
2012-08-11 00:00:00+00:00,0.05,0.05,0.05,0.05,42
2012-08-12 00:00:00+00:00,0.05,0.06,0.05,0.05,169
2012-08-13 00:00:00+00:00,0.05,0.05,0.04,0.05,261
2012-08-14 00:00:00+00:00,0.05,0.05,0.05,0.05,114
2012-08-15 00:00:00+00:00,0.05,0.05,0.02,0.04,222
2012-08-16 00:00:00+00:00,0.04,0.05,0.03,0.05,242
2012-08-17 00:00:00+00:00,0.04,0.05,0.04,0.04,284
2012-08-18 00:00:00+00:00,0.05,0.05,0.04,0.04,166
2012-08-19 00:00:00+00:00,0.04,0.05,0.03,0.04,326
2012-08-20 00:00:00+00:00,0.04,0.05,0.04,0.04,236
2012-08-21 00:00:00+00:00,0.04,0.04,0.04,0.04,138
2012-08-22 00:00:00+00:00,0.04,0.04,0.04,0.04,44
2012-08-23 00:00:00+00:00,0.04,0.04,0.04,0.04,29
2012-08-24 00:00:00+00:00,0.04,0.04,0.04,0.04,93
2012-08-25 00:00:00+00:00,0.04,0.04,0.04,0.04,40
2012-08-26 00:00:00+00:00,0.04,0.04,0.04,0.04,52
2012-08-27 00:00:00+00:00,0.04,0.04,0.04,0.04,243
2012-08-28 00:00:00+00:00,0.04,0.05,0.04,0.04,309
2012-08-29 00:00:00+00:00,0.04,0.04,0.04,0.04,173
2012-08-30 00:00:00+00:00,0.04,0.04,0.04,0.04,109
2012-08-31 00:00:00+00:00,0.04,0.04,0.04,0.04,161
2012-09-01 00:00:00+00:00,0.04,0.04,0.04,0.04,114
2012-09-02 00:00:00+00:00,0.04,0.04,0.04,0.04,37
2012-09-03 00:00:00+00:00,0.04,0.04,0.04,0.04,84
2012-09-04 00:00:00+00:00,0.04,0.04,0.04,0.04,29
2012-09-05 00:00:00+00:00,0.04,0.04,0.04,0.04,179
2012-09-06 00:00:00+00:00,0.04,0.04,0.04,0.04,58
2012-09-07 00:00:00+00:00,0.04,0.04,0.04,0.04,50
2012-09-08 00:00:00+00:00,0.04,0.04,0.04,0.04,34
2012-09-09 00:00:00+00:00,0.04,0.04,0.04,0.04,168
2012-09-10 00:00:00+00:00,0.04,0.04,0.04,0.04,77
2012-09-11 00:00:00+00:00,0.04,0.04,0.04,0.04,84
2012-09-12 00:00:00+00:00,0.04,0.04,0.04,0.04,95
2012-09-13 00:00:00+00:00,0.04,0.04,0.03,0.03,277
2012-09-14 00:00:00+00:00,0.03,0.03,0.03,0.03,82
2012-09-15 00:00:00+00:00,0.03,0.03,0.03,0.03,77
2012-09-16 00:00:00+00:00,0.04,0.04,0.04,0.04,110
2012-09-17 00:00:00+00:00,0.04,0.04,0.04,0.04,88
2012-09-18 00:00:00+00:00,0.04,0.04,0.04,0.04,112
2012-09-19 00:00:00+00:00,0.04,0.04,0.04,0.04,139
2012-09-20 00:00:00+00:00,0.04,0.04,0.04,0.04,164
2012-09-21 00:00:00+00:00,0.04,0.04,0.04,0.04,75
2012-09-22 00:00:00+00:00,0.04,0.04,0.04,0.04,86
2012-09-23 00:00:00+00:00,0.04,0.04,0.04,0.04,223
2012-09-24 00:00:00+00:00,0.04,0.04,0.04,0.04,223
2012-09-25 00:00:00+00:00,0.04,0.04,0.04,0.04,152
2012-09-26 00:00:00+00:00,0.04,0.04,0.04,0.04,246
2012-09-27 00:00:00+00:00,0.04,0.04,0.04,0.04,125
2012-09-28 00:00:00+00:00,0.04,0.04,0.04,0.04,1
2012-09-29 00:00:00+00:00,0.04,0.04,0.04,0.04,117
2012-09-30 00:00:00+00:00,0.05,0.05,0.05,0.05,136
2012-10-01 00:00:00+00:00,0.05,0.05,0.05,0.05,213
2012-10-02 00:00:00+00:00,0.05,0.06,0.05,0.06,259
2012-10-03 00:00:00+00:00,0.05,0.06,0.05,0.06,276
2012-10-04 00:00:00+00:00,0.06,0.06,0.06,0.06,379
2012-10-05 00:00:00+00:00,0.06,0.06,0.06,0.06,156
2012-10-06 00:00:00+00:00,0.05,0.05,0.05,0.05,131
2012-10-07 00:00:00+00:00,0.05,0.05,0.05,0.05,120
2012-10-08 00:00:00+00:00,0.06,0.07,0.06,0.06,405
2012-10-09 00:00:00+00:00,0.06,0.1,0.06,0.08,539
2012-10-10 00:00:00+00:00,0.08,0.09,0.08,0.08,368
2012-10-11 00:00:00+00:00,0.08,0.09,0.08,0.09,353
2012-10-12 00:00:00+00:00,0.09,0.1,0.08,0.09,986
2012-10-13 00:00:00+00:00,0.09,0.09,0.07,0.08,640
2012-10-14 00:00:00+00:00,0.08,0.1,0.08,0.09,481
2012-10-15 00:00:00+00:00,0.09,0.1,0.08,0.09,348
2012-10-16 00:00:00+00:00,0.09,0.09,0.09,0.09,352
2012-10-17 00:00:00+00:00,0.09,0.09,0.09,0.09,179
2012-10-18 00:00:00+00:00,0.09,0.09,0.09,0.09,199
2012-10-19 00:00:00+00:00,0.09,0.09,0.06,0.08,739
2012-10-20 00:00:00+00:00,0.08,0.09,0.08,0.09,550
2012-10-21 00:00:00+00:00,0.08,0.08,0.07,0.08,186
2012-10-22 00:00:00+00:00,0.08,0.08,0.08,0.08,178
2012-10-23 00:00:00+00:00,0.08,0.08,0.08,0.08,282
2012-10-24 00:00:00+00:00,0.09,0.09,0.09,0.09,159
2012-10-25 00:00:00+00:00,0.08,0.08,0.07,0.07,280
2012-10-26 00:00:00+00:00,0.08,0.16,0.01,0.08,1249
2012-10-27 00:00:00+00:00,0.08,0.09,0.08,0.08,230
2012-10-28 00:00:00+00:00,0.08,0.08,0.08,0.08,148
2012-10-29 00:00:00+00:00,0.08,0.08,0.08,0.08,91
2012-10-30 00:00:00+00:00,0.08,0.08,0.08,0.08,117
2012-10-31 00:00:00+00:00,0.08,0.08,0.08,0.08,272
2012-11-01 00:00:00+00:00,0.08,0.08,0.08,0.08,380
2012-11-02 00:00:00+00:00,0.08,0.08,0.08,0.08,333
2012-11-03 00:00:00+00:00,0.08,0.08,0.08,0.08,127
2012-11-04 00:00:00+00:00,0.08,0.08,0.08,0.08,122
2012-11-05 00:00:00+00:00,0.07,0.07,0.07,0.07,112
2012-11-06 00:00:00+00:00,0.07,0.07,0.07,0.07,97
2012-11-07 00:00:00+00:00,0.07,0.07,0.07,0.07,88
2012-11-08 00:00:00+00:00,0.07,0.07,0.07,0.07,173
2012-11-09 00:00:00+00:00,0.07,0.07,0.07,0.07,65
2012-11-10 00:00:00+00:00,0.07,0.07,0.07,0.07,195
2012-11-11 00:00:00+00:00,0.07,0.07,0.07,0.07,97
2012-11-12 00:00:00+00:00,0.07,0.07,0.05,0.07,352
2012-11-13 00:00:00+00:00,0.07,0.07,0.06,0.07,287
2012-11-14 00:00:00+00:00,0.07,0.07,0.07,0.07,140
2012-11-15 00:00:00+00:00,0.07,0.07,0.06,0.07,209
2012-11-16 00:00:00+00:00,0.06,0.06,0.05,0.06,664
2012-11-17 00:00:00+00:00,0.06,0.06,0.05,0.06,402
2012-11-18 00:00:00+00:00,0.06,0.06,0.06,0.06,1
2012-11-19 00:00:00+00:00,0.06,0.06,0.06,0.06,189
2012-11-20 00:00:00+00:00,0.06,0.06,0.06,0.06,76
2012-11-21 00:00:00+00:00,0.06,0.07,0.06,0.06,366
2012-11-22 00:00:00+00:00,0.06,0.06,0.06,0.06,148
2012-11-23 00:00:00+00:00,0.06,0.06,0.06,0.06,115
2012-11-24 00:00:00+00:00,0.06,0.06,0.06,0.06,224
2012-11-25 00:00:00+00:00,0.06,0.06,0.06,0.06,137
2012-11-26 00:00:00+00:00,0.06,0.06,0.06,0.06,93
2012-11-27 00:00:00+00:00,0.06,0.06,0.06,0.06,258
2012-11-28 00:00:00+00:00,0.06,0.07,0.06,0.07,622
2012-11-29 00:00:00+00:00,0.07,0.09,0.07,0.08,829
2012-11-30 00:00:00+00:00,0.08,0.09,0.08,0.08,398
2012-12-01 00:00:00+00:00,0.08,0.08,0.08,0.08,226
2012-12-02 00:00:00+00:00,0.08,0.08,0.07,0.08,263
2012-12-03 00:00:00+00:00,0.08,0.08,0.07,0.08,236
2012-12-04 00:00:00+00:00,0.07,0.07,0.07,0.07,197
2012-12-05 00:00:00+00:00,0.08,0.08,0.08,0.08,441
2012-12-06 00:00:00+00:00,0.07,0.08,0.07,0.08,293
2012-12-07 00:00:00+00:00,0.08,0.08,0.08,0.08,155
2012-12-08 00:00:00+00:00,0.08,0.08,0.08,0.08,101
2012-12-09 00:00:00+00:00,0.08,0.08,0.08,0.08,159
2012-12-10 00:00:00+00:00,0.08,0.08,0.08,0.08,98
2012-12-11 00:00:00+00:00,0.08,0.08,0.08,0.08,95
2012-12-12 00:00:00+00:00,0.08,0.08,0.08,0.08,183
2012-12-13 00:00:00+00:00,0.08,0.08,0.08,0.08,199
2012-12-14 00:00:00+00:00,0.08,0.08,0.08,0.08,184
2012-12-15 00:00:00+00:00,0.08,0.08,0.08,0.08,36
2012-12-16 00:00:00+00:00,0.08,0.08,0.08,0.08,194
2012-12-17 00:00:00+00:00,0.08,0.08,0.08,0.08,228
2012-12-18 00:00:00+00:00,0.08,0.08,0.08,0.08,57
2012-12-19 00:00:00+00:00,0.08,0.08,0.08,0.08,40
2012-12-20 00:00:00+00:00,0.08,0.08,0.08,0.08,36
2012-12-21 00:00:00+00:00,0.08,0.08,0.08,0.08,83
2012-12-22 00:00:00+00:00,0.08,0.08,0.08,0.08,65
2012-12-23 00:00:00+00:00,0.08,0.08,0.08,0.08,41
2012-12-24 00:00:00+00:00,0.08,0.08,0.08,0.08,63
2012-12-25 00:00:00+00:00,0.08,0.08,0.08,0.08,36
2012-12-26 00:00:00+00:00,0.08,0.08,0.08,0.08,103
2012-12-27 00:00:00+00:00,0.08,0.08,0.08,0.08,101
2012-12-28 00:00:00+00:00,0.07,0.07,0.07,0.07,107
2012-12-29 00:00:00+00:00,0.07,0.07,0.07,0.07,35
2012-12-30 00:00:00+00:00,0.07,0.07,0.07,0.07,149
2012-12-31 00:00:00+00:00,0.07,0.07,0.07,0.07,129
2013-01-01 00:00:00+00:00,0.07,0.07,0.07,0.07,79
2013-01-02 00:00:00+00:00,0.07,0.07,0.06,0.07,163
2013-01-03 00:00:00+00:00,0.07,0.07,0.06,0.07,419
2013-01-04 00:00:00+00:00,0.07,0.07,0.07,0.07,85
2013-01-05 00:00:00+00:00,0.07,0.08,0.07,0.07,265
2013-01-06 00:00:00+00:00,0.07,0.07,0.07,0.07,200
2013-01-07 00:00:00+00:00,0.07,0.08,0.07,0.07,261
2013-01-08 00:00:00+00:00,0.07,0.07,0.07,0.07,160
2013-01-09 00:00:00+00:00,0.07,0.07,0.07,0.07,261
2013-01-10 00:00:00+00:00,0.07,0.07,0.07,0.07,181
2013-01-11 00:00:00+00:00,0.07,0.07,0.07,0.07,282
2013-01-12 00:00:00+00:00,0.07,0.07,0.07,0.07,356
2013-01-13 00:00:00+00:00,0.07,0.07,0.07,0.07,321
2013-01-14 00:00:00+00:00,0.06,0.06,0.05,0.06,1148
2013-01-15 00:00:00+00:00,0.06,0.06,0.06,0.06,253
2013-01-16 00:00:00+00:00,0.06,0.06,0.06,0.06,301
2013-01-17 00:00:00+00:00,0.06,0.06,0.06,0.06,286
2013-01-18 00:00:00+00:00,0.06,0.06,0.06,0.06,366
2013-01-19 00:00:00+00:00,0.06,0.06,0.06,0.06,390
2013-01-20 00:00:00+00:00,0.06,0.06,0.06,0.06,281
2013-01-21 00:00:00+00:00,0.06,0.06,0.06,0.06,664
2013-01-22 00:00:00+00:00,0.06,0.06,0.06,0.06,305
2013-01-23 00:00:00+00:00,0.05,0.07,0.05,0.06,1214
2013-01-24 00:00:00+00:00,0.06,0.06,0.06,0.06,701
2013-01-25 00:00:00+00:00,0.06,0.06,0.06,0.06,326
2013-01-26 00:00:00+00:00,0.06,0.06,0.06,0.06,156
2013-01-27 00:00:00+00:00,0.06,0.06,0.06,0.06,137
2013-01-28 00:00:00+00:00,0.06,0.06,0.06,0.06,171
2013-01-29 00:00:00+00:00,0.06,0.06,0.06,0.06,303
2013-01-30 00:00:00+00:00,0.06,0.06,0.06,0.06,215
2013-01-31 00:00:00+00:00,0.06,0.07,0.06,0.07,1054
2013-02-01 00:00:00+00:00,0.07,0.07,0.07,0.07,158
2013-02-02 00:00:00+00:00,0.07,0.07,0.06,0.07,877
2013-02-03 00:00:00+00:00,0.07,0.07,0.07,0.07,198
2013-02-04 00:00:00+00:00,0.07,0.07,0.07,0.07,175
2013-02-05 00:00:00+00:00,0.07,0.07,0.07,0.07,188
2013-02-06 00:00:00+00:00,0.07,0.07,0.07,0.07,191
2013-02-07 00:00:00+00:00,0.07,0.07,0.07,0.07,274
2013-02-08 00:00:00+00:00,0.07,0.07,0.07,0.07,508
2013-02-09 00:00:00+00:00,0.08,0.08,0.08,0.08,477
2013-02-10 00:00:00+00:00,0.08,0.08,0.08,0.08,444
2013-02-11 00:00:00+00:00,0.08,0.08,0.08,0.08,700
2013-02-12 00:00:00+00:00,0.08,0.08,0.07,0.07,893
2013-02-13 00:00:00+00:00,0.07,0.08,0.07,0.07,604
2013-02-14 00:00:00+00:00,0.07,0.07,0.07,0.07,581
2013-02-15 00:00:00+00:00,0.07,0.07,0.07,0.07,986
2013-02-16 00:00:00+00:00,0.08,0.08,0.08,0.08,847
2013-02-17 00:00:00+00:00,0.07,0.07,0.07,0.07,353
2013-02-18 00:00:00+00:00,0.07,0.07,0.07,0.07,271
2013-02-19 00:00:00+00:00,0.07,0.07,0.07,0.07,603
2013-02-20 00:00:00+00:00,0.07,0.07,0.06,0.06,955
2013-02-21 00:00:00+00:00,0.07,0.08,0.07,0.07,446
2013-02-22 00:00:00+00:00,0.07,0.07,0.07,0.07,430
2013-02-23 00:00:00+00:00,0.07,0.08,0.07,0.07,729
2013-02-24 00:00:00+00:00,0.07,0.07,0.07,0.07,1408
2013-02-25 00:00:00+00:00,0.07,0.07,0.07,0.07,781
2013-02-26 00:00:00+00:00,0.07,0.07,0.07,0.07,748
2013-02-27 00:00:00+00:00,0.07,0.07,0.07,0.07,1384
2013-02-28 00:00:00+00:00,0.07,0.08,0.07,0.07,907
2013-03-01 00:00:00+00:00,0.07,0.08,0.07,0.07,1261
2013-03-02 00:00:00+00:00,0.08,0.08,0.08,0.08,648
2013-03-03 00:00:00+00:00,0.08,0.11,0.08,0.11,1171
2013-03-04 00:00:00+00:00,0.11,0.65,0.09,0.13,1417
2013-03-05 00:00:00+00:00,0.13,0.21,0.12,0.18,1656
2013-03-06 00:00:00+00:00,0.18,0.22,0.15,0.18,1332
2013-03-07 00:00:00+00:00,0.19,0.22,0.14,0.21,1764
2013-03-08 00:00:00+00:00,0.21,0.22,0.2,0.21,749
2013-03-09 00:00:00+00:00,0.21,0.23,0.21,0.23,712
2013-03-10 00:00:00+00:00,0.22,0.35,0.22,0.33,2080
2013-03-11 00:00:00+00:00,0.34,0.45,0.34,0.44,2952
2013-03-12 00:00:00+00:00,0.43,0.65,0.31,0.65,3865
2013-03-13 00:00:00+00:00,0.65,0.75,0.41,0.66,4918
2013-03-14 00:00:00+00:00,0.66,0.7,0.55,0.63,3140
2013-03-15 00:00:00+00:00,0.62,0.66,0.62,0.64,974
2013-03-16 00:00:00+00:00,0.65,0.65,0.58,0.59,1476
2013-03-17 00:00:00+00:00,0.59,0.6,0.4,0.56,4894
2013-03-18 00:00:00+00:00,0.57,0.61,0.52,0.53,1991
2013-03-19 00:00:00+00:00,0.52,0.55,0.44,0.5,3405
2013-03-20 00:00:00+00:00,0.5,0.55,0.47,0.53,2739
2013-03-21 00:00:00+00:00,0.54,0.54,0.38,0.43,2970
2013-03-22 00:00:00+00:00,0.44,0.51,0.35,0.49,3847
2013-03-23 00:00:00+00:00,0.49,0.54,0.46,0.5,3109
2013-03-24 00:00:00+00:00,0.5,0.6,0.5,0.59,2569
2013-03-25 00:00:00+00:00,0.59,0.6,0.51,0.54,2405
2013-03-26 00:00:00+00:00,0.54,0.59,0.54,0.56,2077
2013-03-27 00:00:00+00:00,0.56,0.56,0.54,0.55,1379
2013-03-28 00:00:00+00:00,0.55,0.72,0.55,0.68,6059
2013-03-29 00:00:00+00:00,0.67,0.69,0.61,0.69,2314
2013-03-30 00:00:00+00:00,0.69,0.83,0.68,0.79,4663
2013-03-31 00:00:00+00:00,0.8,0.85,0.78,0.83,1880
2013-04-01 00:00:00+00:00,0.83,1.8599999999999999,0.82,1.81,11880
2013-04-02 00:00:00+00:00,1.81,4.75,1.52,3.14,20378
2013-04-03 00:00:00+00:00,3.14,5.9,2.67,4.38,21750
2013-04-04 00:00:00+00:00,4.38,5.0,3.65,4.0,11993
2013-04-05 00:00:00+00:00,4.0,4.29,2.7800000000000002,3.56,14141
2013-04-06 00:00:00+00:00,3.51,3.54,1.5,3.0,18549
2013-04-07 00:00:00+00:00,3.0,3.95,2.7,3.79,15823
2013-04-08 00:00:00+00:00,3.79,4.5,3.73,4.28,14677
2013-04-09 00:00:00+00:00,4.28,5.0,4.18,4.84,14058
2013-04-10 00:00:00+00:00,4.84,5.0,2.25,3.23,25934
2013-04-11 00:00:00+00:00,3.23,3.81,1.01,1.6,27305
2013-04-12 00:00:00+00:00,1.6,2.49,1.11,2.4,32912
2013-04-13 00:00:00+00:00,2.4,2.8,1.92,2.16,21551
2013-04-14 00:00:00+00:00,2.16,2.5300000000000002,2.15,2.25,9702
2013-04-15 00:00:00+00:00,2.24,2.7,2.08,2.37,17737
2013-04-16 00:00:00+00:00,2.37,2.38,1.3,1.88,27573
2013-04-17 00:00:00+00:00,1.88,2.2,1.78,2.11,17083
2013-04-18 00:00:00+00:00,2.11,2.46,2.01,2.33,12146
2013-04-19 00:00:00+00:00,2.33,2.77,2.24,2.55,21422
2013-04-20 00:00:00+00:00,2.55,2.65,2.39,2.58,7236
2013-04-21 00:00:00+00:00,2.58,2.64,2.2,2.5,14473
2013-04-22 00:00:00+00:00,2.5,2.6,2.49,2.59,5634
2013-04-23 00:00:00+00:00,2.59,2.85,2.57,2.82,8222
2013-04-24 00:00:00+00:00,2.8,3.21,2.79,3.14,15324
2013-04-25 00:00:00+00:00,3.14,4.5,3.11,3.79,23723
2013-04-26 00:00:00+00:00,3.8,4.1,3.3,3.88,10850
2013-04-27 00:00:00+00:00,3.91,4.33,3.81,4.05,13577
2013-04-28 00:00:00+00:00,4.05,4.19,3.99,4.1,6363
2013-04-29 00:00:00+00:00,4.1,4.2,3.86,4.09,13683
2013-04-30 00:00:00+00:00,4.1,4.2,4.04,4.12,7976
2013-05-01 00:00:00+00:00,4.11,4.19,3.2,3.77,15446
2013-05-02 00:00:00+00:00,3.77,3.98,3.07,3.41,17603
2013-05-03 00:00:00+00:00,3.41,3.43,2.43,3.04,17781
2013-05-04 00:00:00+00:00,3.04,3.64,2.94,3.44,12399
2013-05-05 00:00:00+00:00,3.44,3.7,3.38,3.56,7590
2013-05-06 00:00:00+00:00,3.55,3.65,3.0,3.34,9889
2013-05-07 00:00:00+00:00,3.31,3.33,2.94,3.27,7582
2013-05-08 00:00:00+00:00,3.2800000000000002,3.46,3.21,3.29,4994
2013-05-09 00:00:00+00:00,3.29,3.34,3.2,3.27,5760
2013-05-10 00:00:00+00:00,3.27,3.43,3.25,3.31,5546
2013-05-11 00:00:00+00:00,3.33,3.34,3.21,3.26,3934
2013-05-12 00:00:00+00:00,3.27,3.27,3.12,3.19,4746
2013-05-13 00:00:00+00:00,3.19,3.23,3.11,3.14,3991
2013-05-14 00:00:00+00:00,3.15,3.16,2.52,2.63,15557
2013-05-15 00:00:00+00:00,2.63,2.91,2.5,2.71,13005
2013-05-16 00:00:00+00:00,2.71,2.75,2.5300000000000002,2.67,6201
2013-05-17 00:00:00+00:00,2.66,3.19,2.63,2.88,10558
2013-05-18 00:00:00+00:00,2.88,3.09,2.87,3.06,6597
2013-05-19 00:00:00+00:00,3.06,3.17,2.95,3.05,5842
2013-05-20 00:00:00+00:00,3.05,3.06,2.94,2.96,3707
2013-05-21 00:00:00+00:00,2.98,2.98,2.85,2.94,4239
2013-05-22 00:00:00+00:00,2.92,2.96,2.9,2.94,3027
2013-05-23 00:00:00+00:00,2.94,3.03,2.93,3.01,4269
2013-05-24 00:00:00+00:00,3.01,3.06,2.98,3.04,7907
2013-05-25 00:00:00+00:00,3.04,3.05,3.0,3.01,3731
2013-05-26 00:00:00+00:00,3.01,3.18,3.0,3.14,8628
2013-05-27 00:00:00+00:00,3.14,3.16,2.95,3.03,7952
2013-05-28 00:00:00+00:00,3.02,3.07,2.96,3.01,6970
2013-05-29 00:00:00+00:00,3.01,3.02,2.9699999999999998,2.99,4313
2013-05-30 00:00:00+00:00,2.98,3.0,2.85,2.92,4951
2013-05-31 00:00:00+00:00,2.94,2.94,2.63,2.87,9288
2013-06-01 00:00:00+00:00,2.89,2.89,2.77,2.8,3090
2013-06-02 00:00:00+00:00,2.79,2.83,2.61,2.68,7805
2013-06-03 00:00:00+00:00,2.7,2.79,2.63,2.69,5836
2013-06-04 00:00:00+00:00,2.69,2.9,2.69,2.8,8021
2013-06-05 00:00:00+00:00,2.8,2.91,2.8,2.83,4090
2013-06-06 00:00:00+00:00,2.83,2.84,2.76,2.77,2353
2013-06-07 00:00:00+00:00,2.79,2.8,2.61,2.63,5993
2013-06-08 00:00:00+00:00,2.63,2.67,2.55,2.6,3499
2013-06-09 00:00:00+00:00,2.6,2.61,2.06,2.44,10003
2013-06-10 00:00:00+00:00,2.44,2.54,2.26,2.44,3285
2013-06-11 00:00:00+00:00,2.45,2.46,2.22,2.4,4509
2013-06-12 00:00:00+00:00,2.4,2.4,2.2800000000000002,2.39,2467
2013-06-13 00:00:00+00:00,2.37,2.48,2.25,2.31,4851
2013-06-14 00:00:00+00:00,2.31,2.32,2.1,2.13,4000
2013-06-15 00:00:00+00:00,2.14,2.18,2.02,2.1,3298
2013-06-16 00:00:00+00:00,2.1,2.23,2.05,2.15,3225
2013-06-17 00:00:00+00:00,2.16,2.27,2.11,2.25,3940
2013-06-18 00:00:00+00:00,2.26,2.33,2.17,2.24,5640
2013-06-19 00:00:00+00:00,2.24,2.27,2.19,2.25,3998
2013-06-20 00:00:00+00:00,2.24,2.29,2.19,2.21,2413
2013-06-21 00:00:00+00:00,2.21,2.83,2.15,2.7800000000000002,15877
2013-06-22 00:00:00+00:00,2.79,3.35,2.64,2.7199999999999998,25254
2013-06-23 00:00:00+00:00,2.7199999999999998,3.21,2.7199999999999998,2.92,12936
2013-06-24 00:00:00+00:00,2.92,2.95,2.4,2.68,14567
2013-06-25 00:00:00+00:00,2.68,2.75,2.6,2.64,11253
2013-06-26 00:00:00+00:00,2.66,2.74,2.64,2.7199999999999998,3486
2013-06-27 00:00:00+00:00,2.7199999999999998,2.84,2.67,2.83,8088
2013-06-28 00:00:00+00:00,2.83,2.83,2.49,2.57,20274
2013-06-29 00:00:00+00:00,2.56,2.68,2.52,2.62,15653
2013-06-30 00:00:00+00:00,2.62,2.7800000000000002,2.6,2.76,8710
2013-07-01 00:00:00+00:00,2.76,2.99,2.5300000000000002,2.71,24675
2013-07-02 00:00:00+00:00,2.73,2.79,2.63,2.68,12834
2013-07-03 00:00:00+00:00,2.69,2.86,2.62,2.64,16609
2013-07-04 00:00:00+00:00,2.64,2.73,2.55,2.7,26108
2013-07-05 00:00:00+00:00,2.69,2.7,2.24,2.38,11301
2013-07-06 00:00:00+00:00,2.38,2.55,2.27,2.38,5609
2013-07-07 00:00:00+00:00,2.37,2.59,2.31,2.58,4899
2013-07-08 00:00:00+00:00,2.58,2.59,2.39,2.49,8172
2013-07-09 00:00:00+00:00,2.49,2.52,2.36,2.4699999999999998,5741
2013-07-10 00:00:00+00:00,2.46,2.61,2.44,2.58,5042
2013-07-11 00:00:00+00:00,2.58,2.64,2.51,2.54,6072
2013-07-12 00:00:00+00:00,2.55,2.67,2.5300000000000002,2.6,6392
2013-07-13 00:00:00+00:00,2.6,2.64,2.51,2.63,3582
2013-07-14 00:00:00+00:00,2.63,2.73,2.6,2.67,3348
2013-07-15 00:00:00+00:00,2.68,2.7800000000000002,2.67,2.76,4046
2013-07-16 00:00:00+00:00,2.75,2.88,2.74,2.81,6446
2013-07-17 00:00:00+00:00,2.81,2.85,2.76,2.82,3879
2013-07-18 00:00:00+00:00,2.82,2.83,2.6,2.67,5045
2013-07-19 00:00:00+00:00,2.68,2.7199999999999998,2.62,2.68,1484
2013-07-20 00:00:00+00:00,2.7,2.73,2.68,2.69,1102
2013-07-21 00:00:00+00:00,2.69,2.7199999999999998,2.66,2.7,1155
2013-07-22 00:00:00+00:00,2.7,2.73,2.66,2.68,1631
2013-07-23 00:00:00+00:00,2.68,2.71,2.66,2.7,1790
2013-07-24 00:00:00+00:00,2.7,2.71,2.68,2.7,925
2013-07-25 00:00:00+00:00,2.7,2.73,2.68,2.71,2216
2013-07-26 00:00:00+00:00,2.71,2.71,2.59,2.69,2325
2013-07-27 00:00:00+00:00,2.69,2.69,2.63,2.67,967
2013-07-28 00:00:00+00:00,2.67,2.71,2.65,2.66,1075
2013-07-29 00:00:00+00:00,2.67,2.71,2.64,2.68,1556
2013-07-30 00:00:00+00:00,2.68,2.69,2.61,2.63,2154
2013-07-31 00:00:00+00:00,2.63,2.66,2.59,2.62,2191
2013-08-01 00:00:00+00:00,2.63,2.69,2.63,2.65,1653
2013-08-02 00:00:00+00:00,2.65,2.66,2.62,2.63,1444
2013-08-03 00:00:00+00:00,2.63,2.79,2.62,2.71,3299
2013-08-04 00:00:00+00:00,2.7,2.7199999999999998,2.67,2.68,1687
2013-08-05 00:00:00+00:00,2.68,2.69,2.57,2.59,3002
2013-08-06 00:00:00+00:00,2.59,2.62,2.58,2.58,1312
2013-08-07 00:00:00+00:00,2.58,2.6,2.48,2.54,2979
2013-08-08 00:00:00+00:00,2.54,2.55,2.4699999999999998,2.48,1870
2013-08-09 00:00:00+00:00,2.48,2.5,2.46,2.46,827
2013-08-10 00:00:00+00:00,2.46,2.48,2.25,2.3,3856
2013-08-11 00:00:00+00:00,2.3,2.4699999999999998,2.27,2.41,4138
2013-08-12 00:00:00+00:00,2.41,2.42,2.31,2.34,1474
2013-08-13 00:00:00+00:00,2.34,2.45,2.32,2.4,1496
2013-08-14 00:00:00+00:00,2.38,2.4,2.35,2.36,1425
2013-08-15 00:00:00+00:00,2.36,2.44,2.35,2.39,2554
2013-08-16 00:00:00+00:00,2.39,2.42,2.37,2.41,1032
2013-08-17 00:00:00+00:00,2.41,2.42,2.38,2.4,646
2013-08-18 00:00:00+00:00,2.4,2.42,2.39,2.4,424
2013-08-19 00:00:00+00:00,2.4,2.41,2.33,2.35,2372
2013-08-20 00:00:00+00:00,2.35,2.36,2.32,2.32,972
2013-08-21 00:00:00+00:00,2.35,2.41,2.31,2.35,2009
2013-08-22 00:00:00+00:00,2.34,2.43,2.3,2.42,3107
2013-08-23 00:00:00+00:00,2.41,2.49,2.37,2.42,3279
2013-08-24 00:00:00+00:00,2.42,2.43,2.38,2.39,1424
2013-08-25 00:00:00+00:00,2.39,2.41,2.26,2.34,2827
2013-08-26 00:00:00+00:00,2.32,2.36,2.31,2.31,1086
2013-08-27 00:00:00+00:00,2.31,2.36,2.2800000000000002,2.36,1883
2013-08-28 00:00:00+00:00,2.36,2.4,2.33,2.4,2113
2013-08-29 00:00:00+00:00,2.39,2.41,2.37,2.39,1338
2013-08-30 00:00:00+00:00,2.41,2.41,2.37,2.4,2642
2013-08-31 00:00:00+00:00,2.41,2.43,2.35,2.36,3552
2013-09-01 00:00:00+00:00,2.36,2.4,2.35,2.36,1106
2013-09-02 00:00:00+00:00,2.36,2.39,2.35,2.36,922
2013-09-03 00:00:00+00:00,2.36,2.37,2.31,2.37,966
2013-09-04 00:00:00+00:00,2.37,2.88,2.36,2.57,12729
2013-09-05 00:00:00+00:00,2.56,2.64,2.51,2.55,3036
2013-09-06 00:00:00+00:00,2.56,2.65,2.5300000000000002,2.55,3346
2013-09-07 00:00:00+00:00,2.56,2.58,2.5300000000000002,2.55,913
2013-09-08 00:00:00+00:00,2.55,2.59,2.55,2.58,1114
2013-09-09 00:00:00+00:00,2.58,2.58,2.5300000000000002,2.55,1314
2013-09-10 00:00:00+00:00,2.55,2.56,2.49,2.52,1391
2013-09-11 00:00:00+00:00,2.51,2.55,2.5,2.51,1784
2013-09-12 00:00:00+00:00,2.51,2.52,2.49,2.5,1254
2013-09-13 00:00:00+00:00,2.5,2.52,2.4,2.4699999999999998,2128
2013-09-14 00:00:00+00:00,2.4699999999999998,2.51,2.41,2.44,2207
2013-09-15 00:00:00+00:00,2.45,2.55,2.43,2.49,2717
2013-09-16 00:00:00+00:00,2.5,2.5300000000000002,2.4699999999999998,2.48,1350
2013-09-17 00:00:00+00:00,2.48,2.49,2.46,2.46,651
2013-09-18 00:00:00+00:00,2.4699999999999998,2.4699999999999998,2.42,2.45,2552
2013-09-19 00:00:00+00:00,2.45,2.5,2.44,2.45,1488
2013-09-20 00:00:00+00:00,2.45,2.46,2.27,2.34,6614
2013-09-21 00:00:00+00:00,2.34,2.43,2.34,2.4,2555
2013-09-22 00:00:00+00:00,2.4,2.43,2.36,2.39,2023
2013-09-23 00:00:00+00:00,2.39,2.41,2.36,2.37,1151
2013-09-24 00:00:00+00:00,2.37,2.38,2.33,2.35,794
2013-09-25 00:00:00+00:00,2.36,2.38,2.2800000000000002,2.2800000000000002,1356
2013-09-26 00:00:00+00:00,2.2800000000000002,2.32,2.2800000000000002,2.3,1232
2013-09-27 00:00:00+00:00,2.3,2.3,2.16,2.2,1983
2013-09-28 00:00:00+00:00,2.2,2.21,2.03,2.04,3302
2013-09-29 00:00:00+00:00,2.05,2.15,2.04,2.08,2502
2013-09-30 00:00:00+00:00,2.08,2.2800000000000002,2.08,2.16,2819
2013-10-01 00:00:00+00:00,2.16,2.33,2.13,2.2800000000000002,3730
2013-10-02 00:00:00+00:00,2.2800000000000002,2.32,1.11,1.78,17071
2013-10-03 00:00:00+00:00,1.78,2.1,1.72,2.04,6611
2013-10-04 00:00:00+00:00,2.04,2.14,2.01,2.05,3414
2013-10-05 00:00:00+00:00,2.04,2.06,1.96,2.01,2784
2013-10-06 00:00:00+00:00,2.01,2.04,1.99,2.02,1353
2013-10-07 00:00:00+00:00,2.02,2.04,1.99,2.0,1281
2013-10-08 00:00:00+00:00,2.0,2.02,1.8,1.94,2089
2013-10-09 00:00:00+00:00,1.9300000000000002,1.94,1.72,1.77,3712
2013-10-10 00:00:00+00:00,1.77,2.25,1.75,2.07,4930
2013-10-11 00:00:00+00:00,2.08,2.09,1.77,1.99,4442
2013-10-12 00:00:00+00:00,1.98,1.99,1.9100000000000001,1.96,1134
2013-10-13 00:00:00+00:00,1.96,2.04,1.96,2.0,1431
2013-10-14 00:00:00+00:00,2.0,2.01,1.8900000000000001,1.9100000000000001,2262
2013-10-15 00:00:00+00:00,1.9100000000000001,1.95,1.8399999999999999,1.8399999999999999,1867
2013-10-16 00:00:00+00:00,1.8399999999999999,1.9100000000000001,1.77,1.8399999999999999,2866
2013-10-17 00:00:00+00:00,1.8399999999999999,1.8399999999999999,1.8,1.8199999999999998,1182
2013-10-18 00:00:00+00:00,1.83,1.85,1.8,1.8,754
2013-10-19 00:00:00+00:00,1.81,1.83,1.65,1.74,2781
2013-10-20 00:00:00+00:00,1.74,1.78,1.7,1.77,1472
2013-10-21 00:00:00+00:00,1.76,1.77,1.6400000000000001,1.69,2108
2013-10-22 00:00:00+00:00,1.7,1.72,1.5699999999999998,1.62,3059
2013-10-23 00:00:00+00:00,1.62,2.2,1.6099999999999999,1.98,4009
2013-10-24 00:00:00+00:00,1.98,2.2,1.8,2.09,4733
2013-10-25 00:00:00+00:00,2.09,2.45,2.03,2.14,6238
2013-10-26 00:00:00+00:00,2.14,2.19,2.05,2.13,2437
2013-10-27 00:00:00+00:00,2.13,2.17,2.02,2.04,2533
2013-10-28 00:00:00+00:00,2.04,2.11,2.02,2.08,2306
2013-10-29 00:00:00+00:00,2.07,2.1,2.04,2.06,1716
2013-10-30 00:00:00+00:00,2.06,2.2,2.04,2.16,2889
2013-10-31 00:00:00+00:00,2.16,2.31,2.12,2.2800000000000002,2529
2013-11-01 00:00:00+00:00,2.2800000000000002,2.38,2.24,2.36,3201
2013-11-02 00:00:00+00:00,2.35,2.55,2.33,2.49,2314
2013-11-03 00:00:00+00:00,2.49,3.26,2.45,2.79,8974
2013-11-04 00:00:00+00:00,2.7800000000000002,3.06,2.7,2.98,4682
2013-11-05 00:00:00+00:00,2.98,3.0,2.86,2.94,3828
2013-11-06 00:00:00+00:00,2.94,3.37,2.92,3.24,4186
2013-11-07 00:00:00+00:00,3.23,4.3,3.15,4.17,8610
2013-11-08 00:00:00+00:00,4.16,4.45,4.09,4.25,5755
2013-11-09 00:00:00+00:00,4.26,4.3,3.8,4.16,6869
2013-11-10 00:00:00+00:00,4.16,4.18,2.95,3.64,9987
2013-11-11 00:00:00+00:00,3.64,3.89,3.39,3.7199999999999998,6430
2013-11-12 00:00:00+00:00,3.7199999999999998,3.85,3.68,3.75,5863
2013-11-13 00:00:00+00:00,3.74,4.08,3.73,3.99,7075
2013-11-14 00:00:00+00:00,3.99,4.19,3.9,4.12,6828
2013-11-15 00:00:00+00:00,4.12,4.27,4.05,4.05,4451
2013-11-16 00:00:00+00:00,4.04,4.19,3.93,4.11,3311
2013-11-17 00:00:00+00:00,4.1,4.2,4.09,4.14,3849
2013-11-18 00:00:00+00:00,4.14,9.43,4.01,8.36,15358
2013-11-19 00:00:00+00:00,8.33,9.99,5.66,7.78,16131
2013-11-20 00:00:00+00:00,7.78,7.85,5.3,6.75,14245
2013-11-21 00:00:00+00:00,6.76,8.61,6.7,8.29,10105
2013-11-22 00:00:00+00:00,8.29,9.43,8.2,9.2,7502
2013-11-23 00:00:00+00:00,9.2,9.99,8.99,9.66,6799
2013-11-24 00:00:00+00:00,9.6,9.8,8.5,9.4,6894
2013-11-25 00:00:00+00:00,9.4,11.49,9.13,10.74,5837
2013-11-26 00:00:00+00:00,10.74,18.49,10.7,18.45,11299
2013-11-27 00:00:00+00:00,18.4,31.91,17.18,30.32,16050
2013-11-28 00:00:00+00:00,30.32,48.4,29.81,41.14,15531
2013-11-29 00:00:00+00:00,41.03,43.9,25.56,31.3,16875
2013-11-30 00:00:00+00:00,31.15,39.85,31.0,37.39,15120
2013-12-01 00:00:00+00:00,37.2,38.83,23.51,30.5,15614
2013-12-02 00:00:00+00:00,30.5,33.61,25.0,30.11,15096
2013-12-03 00:00:00+00:00,30.1,36.02,28.64,33.8,13801
2013-12-04 00:00:00+00:00,33.77,42.79,33.6,42.75,16140
2013-12-05 00:00:00+00:00,42.74,42.95,27.98,36.2,20076
2013-12-06 00:00:00+00:00,36.2,36.52,28.5,33.0,14797
2013-12-07 00:00:00+00:00,32.86,32.99,16.6,23.95,24071
2013-12-08 00:00:00+00:00,23.9,27.0,20.66,25.63,13705
2013-12-09 00:00:00+00:00,25.63,32.7,25.63,30.4,15346
2013-12-10 00:00:00+00:00,30.4,35.8,30.37,35.25,11738
2013-12-11 00:00:00+00:00,35.25,36.1,27.56,30.17,15950
2013-12-12 00:00:00+00:00,30.09,31.93,28.6,30.81,9348
2013-12-13 00:00:00+00:00,30.8,31.9,28.88,29.95,9268
2013-12-14 00:00:00+00:00,29.95,30.48,29.1,29.54,5645
2013-12-15 00:00:00+00:00,29.54,31.11,27.19,30.4,8246
2013-12-16 00:00:00+00:00,30.35,31.25,23.0,24.95,14550
2013-12-17 00:00:00+00:00,24.95,26.25,18.3,21.3,20800
2013-12-18 00:00:00+00:00,21.3,21.75,9.12,14.46,28214
2013-12-19 00:00:00+00:00,13.73,19.14,12.69,18.36,22084
2013-12-20 00:00:00+00:00,18.38,21.51,16.8,17.76,23298
2013-12-21 00:00:00+00:00,17.75,18.77,15.4,16.58,16219
2013-12-22 00:00:00+00:00,16.58,17.9,15.78,16.65,12326
2013-12-23 00:00:00+00:00,16.65,17.58,16.3,17.04,8809
2013-12-24 00:00:00+00:00,17.05,17.65,16.75,17.2,7482
2013-12-25 00:00:00+00:00,17.0,20.46,16.96,20.16,13135
2013-12-26 00:00:00+00:00,20.16,24.89,20.11,24.0,20474
2013-12-27 00:00:00+00:00,23.97,24.82,21.12,21.65,14171
2013-12-28 00:00:00+00:00,21.61,22.85,21.54,22.12,8907
2013-12-29 00:00:00+00:00,22.14,23.5,21.7,23.27,6839
2013-12-30 00:00:00+00:00,23.27,23.97,22.85,23.5,8125
2013-12-31 00:00:00+00:00,23.5,23.78,23.0,23.41,4842
2014-01-01 00:00:00+00:00,23.41,23.93,23.32,23.59,4331
2014-01-02 00:00:00+00:00,23.59,25.84,23.52,25.51,6609
2014-01-03 00:00:00+00:00,25.51,25.58,23.0,23.61,10688
2014-01-04 00:00:00+00:00,23.61,24.8,23.29,24.05,7097
2014-01-05 00:00:00+00:00,24.06,26.89,23.81,26.35,9759
2014-01-06 00:00:00+00:00,26.35,31.5,25.58,29.01,18611
2014-01-07 00:00:00+00:00,29.02,29.75,22.61,23.0,15437
2014-01-08 00:00:00+00:00,23.0,25.2,20.11,23.31,17157
2014-01-09 00:00:00+00:00,23.35,24.58,22.25,23.94,10571
2014-01-10 00:00:00+00:00,23.91,24.25,22.84,24.11,6913
2014-01-11 00:00:00+00:00,24.11,26.39,23.87,25.78,12854
2014-01-12 00:00:00+00:00,25.78,26.55,23.51,24.76,12906
2014-01-13 00:00:00+00:00,24.76,24.76,22.78,23.71,9617
2014-01-14 00:00:00+00:00,23.62,24.34,23.19,23.92,8342
2014-01-15 00:00:00+00:00,23.91,24.96,23.5,24.55,10918
2014-01-16 00:00:00+00:00,24.55,24.98,23.82,24.19,8543
2014-01-17 00:00:00+00:00,24.19,24.22,22.7,22.8,9968
2014-01-18 00:00:00+00:00,22.81,23.79,22.81,23.5,8074
2014-01-19 00:00:00+00:00,23.5,24.45,23.5,24.13,8132
2014-01-20 00:00:00+00:00,24.13,24.5,23.7,24.18,7107
2014-01-21 00:00:00+00:00,24.18,24.27,23.7,23.76,8180
2014-01-22 00:00:00+00:00,23.76,24.0,22.6,23.26,8596
2014-01-23 00:00:00+00:00,23.26,23.34,21.49,22.16,6238
2014-01-24 00:00:00+00:00,22.16,22.2,18.54,19.88,13152
2014-01-25 00:00:00+00:00,19.86,22.41,19.75,22.4,8918
2014-01-26 00:00:00+00:00,22.4,23.4,21.15,22.54,11082
2014-01-27 00:00:00+00:00,22.54,22.71,19.84,19.9,9915
2014-01-28 00:00:00+00:00,19.9,21.9,18.8,20.85,12002
2014-01-29 00:00:00+00:00,20.85,21.37,20.32,20.8,6571
2014-01-30 00:00:00+00:00,20.74,21.43,20.0,21.12,8454
2014-01-31 00:00:00+00:00,21.12,21.44,20.86,21.2,4042
2014-02-01 00:00:00+00:00,21.2,22.5,21.15,21.89,4943
2014-02-02 00:00:00+00:00,21.89,22.39,21.5,21.6,4279
2014-02-03 00:00:00+00:00,21.6,21.88,21.15,21.41,4785
2014-02-04 00:00:00+00:00,21.41,21.5,20.81,21.11,5346
2014-02-05 00:00:00+00:00,21.11,21.31,20.35,20.71,6760
2014-02-06 00:00:00+00:00,20.71,20.85,19.76,19.81,7006
2014-02-07 00:00:00+00:00,19.81,20.0,17.7,18.96,10929
2014-02-08 00:00:00+00:00,18.96,19.16,18.05,18.29,6920
2014-02-09 00:00:00+00:00,18.29,18.89,17.62,18.5,6861
2014-02-10 00:00:00+00:00,18.48,18.77,13.45,17.09,10802
2014-02-11 00:00:00+00:00,17.09,18.71,16.6,16.8,9988
2014-02-12 00:00:00+00:00,16.8,17.48,16.65,17.01,5164
2014-02-13 00:00:00+00:00,17.01,17.02,15.1,15.17,5741
2014-02-14 00:00:00+00:00,15.17,17.22,12.69,15.75,14265
2014-02-15 00:00:00+00:00,15.75,16.45,15.65,15.92,5973
2014-02-16 00:00:00+00:00,15.92,16.29,14.32,14.5,6590
2014-02-17 00:00:00+00:00,14.48,16.18,14.48,15.3,7769
2014-02-18 00:00:00+00:00,15.29,15.9,15.21,15.3,4720
2014-02-19 00:00:00+00:00,15.3,15.63,15.26,15.51,1999
2014-02-20 00:00:00+00:00,15.51,15.63,14.01,14.16,6155
2014-02-21 00:00:00+00:00,14.16,14.31,13.04,13.61,8156
2014-02-22 00:00:00+00:00,13.61,15.44,13.5,14.62,6237
2014-02-23 00:00:00+00:00,14.62,16.19,14.45,15.32,7381
2014-02-24 00:00:00+00:00,15.32,15.47,14.37,14.41,6881
2014-02-25 00:00:00+00:00,14.41,14.72,10.7,13.2,14721
2014-02-26 00:00:00+00:00,13.2,14.88,13.17,13.98,8930
2014-02-27 00:00:00+00:00,13.98,14.4,13.65,14.0,4415
2014-02-28 00:00:00+00:00,14.0,14.25,12.82,13.35,5463
2014-03-01 00:00:00+00:00,13.35,13.81,12.8,13.64,4308
2014-03-02 00:00:00+00:00,13.69,13.7,12.63,12.8,4022
2014-03-03 00:00:00+00:00,12.79,15.0,12.22,13.9,11068
2014-03-04 00:00:00+00:00,13.91,18.76,13.78,16.55,15398
2014-03-05 00:00:00+00:00,16.54,17.49,15.55,16.18,9192
2014-03-06 00:00:00+00:00,16.18,16.88,15.9,16.23,6172
2014-03-07 00:00:00+00:00,16.25,16.5,15.47,15.82,4982
2014-03-08 00:00:00+00:00,15.82,16.07,15.11,15.28,4500
2014-03-09 00:00:00+00:00,15.27,16.44,15.16,16.09,4544
2014-03-10 00:00:00+00:00,16.09,16.67,15.75,15.81,4442
2014-03-11 00:00:00+00:00,15.8,16.3,15.77,16.03,2618
2014-03-12 00:00:00+00:00,15.99,17.38,15.99,17.15,6696
2014-03-13 00:00:00+00:00,17.13,17.25,16.8,16.94,3966
2014-03-14 00:00:00+00:00,16.87,17.02,16.39,16.56,3205
2014-03-15 00:00:00+00:00,16.56,16.97,16.51,16.9,2569
2014-03-16 00:00:00+00:00,16.9,17.45,16.83,17.18,3748
2014-03-17 00:00:00+00:00,17.18,17.54,16.97,17.25,3657
2014-03-18 00:00:00+00:00,17.22,20.2,17.05,19.77,13690
2014-03-19 00:00:00+00:00,19.71,21.1,17.4,17.61,14227
2014-03-20 00:00:00+00:00,17.59,17.69,15.67,16.49,9754
2014-03-21 00:00:00+00:00,16.49,17.3,15.15,15.9,10073
2014-03-22 00:00:00+00:00,15.9,16.0,15.2,15.6,3850
2014-03-23 00:00:00+00:00,15.6,16.0,15.51,15.62,3199
2014-03-24 00:00:00+00:00,15.62,16.16,15.06,16.12,5391
2014-03-25 00:00:00+00:00,16.12,16.45,15.81,16.31,5860
2014-03-26 00:00:00+00:00,16.3,16.95,16.16,16.45,4766
2014-03-27 00:00:00+00:00,16.45,16.57,13.65,13.93,11564
2014-03-28 00:00:00+00:00,13.9,14.86,12.39,13.61,12551
2014-03-29 00:00:00+00:00,13.61,14.18,13.61,13.82,3604
2014-03-30 00:00:00+00:00,13.82,13.86,12.67,13.07,9195
2014-03-31 00:00:00+00:00,13.07,13.71,12.69,12.83,7104
2014-04-01 00:00:00+00:00,12.82,13.87,12.69,13.24,7393
2014-04-02 00:00:00+00:00,13.24,13.46,10.83,11.1,10769
2014-04-03 00:00:00+00:00,11.1,11.36,10.22,11.18,10833
2014-04-04 00:00:00+00:00,11.18,11.47,10.65,11.08,5862
2014-04-05 00:00:00+00:00,11.07,11.34,10.81,11.08,3344
2014-04-06 00:00:00+00:00,11.08,12.1,11.04,11.58,4943
2014-04-07 00:00:00+00:00,11.58,11.97,11.3,11.41,3856
2014-04-08 00:00:00+00:00,11.41,11.62,11.07,11.17,3700
2014-04-09 00:00:00+00:00,11.16,11.48,11.06,11.15,2389
2014-04-10 00:00:00+00:00,11.16,11.21,8.78,9.02,10663
2014-04-11 00:00:00+00:00,9.0,11.37,7.91,10.69,18449
2014-04-12 00:00:00+00:00,10.69,11.68,10.42,10.71,8701
2014-04-13 00:00:00+00:00,10.72,10.95,9.48,10.03,6171
2014-04-14 00:00:00+00:00,10.03,11.61,9.86,11.38,10357
2014-04-15 00:00:00+00:00,11.38,13.12,11.21,12.77,10022
2014-04-16 00:00:00+00:00,12.75,14.23,12.45,12.96,10833
2014-04-17 00:00:00+00:00,12.96,13.82,12.01,12.37,9394
2014-04-18 00:00:00+00:00,12.37,12.75,11.54,12.03,8236
2014-04-19 00:00:00+00:00,12.03,12.79,11.41,12.49,7107
2014-04-20 00:00:00+00:00,12.5,12.99,12.21,12.3,5150
2014-04-21 00:00:00+00:00,12.3,12.86,12.02,12.31,4282
2014-04-22 00:00:00+00:00,12.27,12.44,11.96,12.07,3569
2014-04-23 00:00:00+00:00,12.06,12.1,11.7,12.02,3507
2014-04-24 00:00:00+00:00,12.03,12.54,11.65,12.32,4601
2014-04-25 00:00:00+00:00,12.32,12.57,10.38,10.91,10039
2014-04-26 00:00:00+00:00,10.91,10.96,10.31,10.59,4700
2014-04-27 00:00:00+00:00,10.59,10.65,9.75,9.9,4364
2014-04-28 00:00:00+00:00,9.9,10.29,9.6,10.14,6506
2014-04-29 00:00:00+00:00,10.15,10.43,9.89,10.23,5348
2014-04-30 00:00:00+00:00,10.23,11.09,10.23,10.86,7845
2014-05-01 00:00:00+00:00,10.85,11.4,10.76,10.95,5516
2014-05-02 00:00:00+00:00,10.95,11.1,10.36,10.46,5042
2014-05-03 00:00:00+00:00,10.47,10.47,10.03,10.21,3843
2014-05-04 00:00:00+00:00,10.25,10.35,10.15,10.25,2744
2014-05-05 00:00:00+00:00,10.25,10.4,10.1,10.15,2747
2014-05-06 00:00:00+00:00,10.15,10.58,9.77,10.22,4729
2014-05-07 00:00:00+00:00,10.22,10.8,10.11,10.5,4651
2014-05-08 00:00:00+00:00,10.46,10.7,10.32,10.35,3684
2014-05-09 00:00:00+00:00,10.35,10.74,10.26,10.56,3491
2014-05-10 00:00:00+00:00,10.56,10.79,10.54,10.6,2415
2014-05-11 00:00:00+00:00,10.61,10.73,10.23,10.26,3804
2014-05-12 00:00:00+00:00,10.24,10.44,10.24,10.34,3010
2014-05-13 00:00:00+00:00,10.34,10.45,10.28,10.3,1787
2014-05-14 00:00:00+00:00,10.35,10.44,10.3,10.38,1959
2014-05-15 00:00:00+00:00,10.38,10.51,10.36,10.38,2368
2014-05-16 00:00:00+00:00,10.38,10.43,10.29,10.33,1418
2014-05-17 00:00:00+00:00,10.32,10.33,10.19,10.27,1174
2014-05-18 00:00:00+00:00,10.27,10.35,10.25,10.3,1779
2014-05-19 00:00:00+00:00,10.3,10.35,10.18,10.23,1138
2014-05-20 00:00:00+00:00,10.23,10.76,10.21,10.6,4214
2014-05-21 00:00:00+00:00,10.59,10.66,10.39,10.46,2850
2014-05-22 00:00:00+00:00,10.47,10.74,10.35,10.57,3614
2014-05-23 00:00:00+00:00,10.57,11.76,10.57,11.11,6937
2014-05-24 00:00:00+00:00,11.11,11.16,10.82,11.0,3555
2014-05-25 00:00:00+00:00,11.01,11.89,10.58,11.41,6624
2014-05-26 00:00:00+00:00,11.41,11.76,11.35,11.4,4221
2014-05-27 00:00:00+00:00,11.4,11.54,10.85,11.02,4298
2014-05-28 00:00:00+00:00,11.02,11.11,10.72,10.79,3301
2014-05-29 00:00:00+00:00,10.79,10.88,10.61,10.66,2364
2014-05-30 00:00:00+00:00,10.66,11.25,10.51,11.1,5149
2014-05-31 00:00:00+00:00,11.1,11.29,10.6,10.71,4141
2014-06-01 00:00:00+00:00,10.7,11.5,10.7,11.16,6326
2014-06-02 00:00:00+00:00,11.16,11.6,10.96,11.3,5362
2014-06-03 00:00:00+00:00,11.3,11.45,11.15,11.36,4310
2014-06-04 00:00:00+00:00,11.35,11.4,10.7,10.93,4015
2014-06-05 00:00:00+00:00,10.93,11.24,10.81,11.1,3553
2014-06-06 00:00:00+00:00,11.1,11.19,10.95,10.99,2619
2014-06-07 00:00:00+00:00,10.98,11.07,10.72,10.96,2020
2014-06-08 00:00:00+00:00,10.96,11.2,10.96,11.09,2668
2014-06-09 00:00:00+00:00,11.1,11.19,10.98,11.06,2281
2014-06-10 00:00:00+00:00,11.06,11.1,10.94,11.0,1708
2014-06-11 00:00:00+00:00,11.0,11.07,10.83,10.97,3327
2014-06-12 00:00:00+00:00,10.97,10.97,10.11,10.15,4172
2014-06-13 00:00:00+00:00,10.15,10.42,9.67,10.05,5331
2014-06-14 00:00:00+00:00,10.05,10.2,9.5,9.7,5347
2014-06-15 00:00:00+00:00,9.7,9.9,9.45,9.65,5229
2014-06-16 00:00:00+00:00,9.65,10.03,9.6,9.62,4050
2014-06-17 00:00:00+00:00,9.61,9.68,9.3,9.45,2187
2014-06-18 00:00:00+00:00,9.45,9.63,9.45,9.54,1858
2014-06-19 00:00:00+00:00,9.54,10.08,9.45,9.94,2953
2014-06-20 00:00:00+00:00,9.94,10.02,9.65,9.67,2489
2014-06-21 00:00:00+00:00,9.67,9.75,9.56,9.7,1792
2014-06-22 00:00:00+00:00,9.72,9.82,9.62,9.67,2621
2014-06-23 00:00:00+00:00,9.66,9.68,9.5,9.58,5619
2014-06-24 00:00:00+00:00,9.59,9.65,9.51,9.54,1587
2014-06-25 00:00:00+00:00,9.54,9.57,9.02,9.17,4558
2014-06-26 00:00:00+00:00,9.17,9.18,8.86,8.94,3041
2014-06-27 00:00:00+00:00,8.94,9.25,8.87,9.05,2521
2014-06-28 00:00:00+00:00,9.06,9.22,9.06,9.13,1766
2014-06-29 00:00:00+00:00,9.12,9.2,8.81,8.86,1864
2014-06-30 00:00:00+00:00,8.86,9.04,8.66,8.87,4698
2014-07-01 00:00:00+00:00,8.87,8.95,8.53,8.53,2853
2014-07-02 00:00:00+00:00,8.53,8.55,3.05,8.08,8947
2014-07-03 00:00:00+00:00,8.09,8.17,7.75,7.96,5070
2014-07-04 00:00:00+00:00,7.96,7.99,7.47,7.47,6103
2014-07-05 00:00:00+00:00,7.51,7.5600000000000005,6.66,7.28,9433
2014-07-06 00:00:00+00:00,7.28,7.38,6.8100000000000005,7.08,6721
2014-07-07 00:00:00+00:00,7.06,7.73,6.9,7.46,6883
2014-07-08 00:00:00+00:00,7.46,7.77,7.45,7.6,5973
2014-07-09 00:00:00+00:00,7.59,7.9399999999999995,7.55,7.71,4346
2014-07-10 00:00:00+00:00,7.71,7.78,7.53,7.68,3037
2014-07-11 00:00:00+00:00,7.6899999999999995,7.96,7.67,7.75,2528
2014-07-12 00:00:00+00:00,7.75,8.85,7.73,8.62,4560
2014-07-13 00:00:00+00:00,8.62,9.1,8.5,8.91,4372
2014-07-14 00:00:00+00:00,8.91,8.96,8.45,8.67,4037
2014-07-15 00:00:00+00:00,8.68,8.86,8.59,8.63,3038
2014-07-16 00:00:00+00:00,8.63,8.68,8.27,8.38,2668
2014-07-17 00:00:00+00:00,8.38,8.74,8.27,8.58,2891
2014-07-18 00:00:00+00:00,8.57,8.84,8.52,8.75,2374
2014-07-19 00:00:00+00:00,8.75,8.78,8.61,8.7,3044
2014-07-20 00:00:00+00:00,8.7,8.8,8.45,8.5,4882
2014-07-21 00:00:00+00:00,8.52,8.6,8.34,8.5,4900
2014-07-22 00:00:00+00:00,8.5,8.63,8.5,8.53,4974
2014-07-23 00:00:00+00:00,8.52,8.55,8.35,8.39,5942
2014-07-24 00:00:00+00:00,8.37,8.46,7.85,7.92,6083
2014-07-25 00:00:00+00:00,7.74,7.97,7.38,7.48,8103
2014-07-26 00:00:00+00:00,7.48,7.68,7.41,7.51,3446
2014-07-27 00:00:00+00:00,7.51,7.75,7.43,7.65,3630
2014-07-28 00:00:00+00:00,7.68,7.75,7.35,7.54,3663
2014-07-29 00:00:00+00:00,7.54,7.64,7.47,7.58,8989
2014-07-30 00:00:00+00:00,7.59,7.62,7.2,7.2,7050
2014-07-31 00:00:00+00:00,7.2,7.57,6.98,7.42,4340
2014-08-01 00:00:00+00:00,7.42,7.8,7.38,7.66,4088
2014-08-02 00:00:00+00:00,7.64,7.6899999999999995,7.5,7.54,2625
2014-08-03 00:00:00+00:00,7.55,7.58,7.41,7.44,1132
2014-08-04 00:00:00+00:00,7.44,7.5,7.32,7.36,1675
2014-08-05 00:00:00+00:00,7.37,7.37,7.12,7.18,2305
2014-08-06 00:00:00+00:00,7.18,7.23,7.05,7.12,1856
2014-08-07 00:00:00+00:00,7.12,7.23,6.8,7.1,3486
2014-08-08 00:00:00+00:00,7.1,7.3,7.0,7.03,2726
2014-08-09 00:00:00+00:00,7.03,7.04,6.8,6.86,2507
2014-08-10 00:00:00+00:00,6.86,6.99,6.8,6.9,1535
2014-08-11 00:00:00+00:00,6.9,6.92,6.05,6.12,3007
2014-08-12 00:00:00+00:00,6.12,6.15,4.85,5.61,9314
2014-08-13 00:00:00+00:00,5.61,5.74,4.68,4.98,8559
2014-08-14 00:00:00+00:00,4.98,5.28,4.75,4.97,7777
2014-08-15 00:00:00+00:00,4.97,5.19,4.91,4.98,5130
2014-08-16 00:00:00+00:00,4.98,5.06,4.86,4.97,5664
2014-08-17 00:00:00+00:00,4.97,5.04,4.27,4.27,5420
2014-08-18 00:00:00+00:00,4.28,4.47,3.4,3.49,10223
2014-08-19 00:00:00+00:00,3.49,4.8100000000000005,3.4,4.4,11258
2014-08-20 00:00:00+00:00,4.4,5.73,4.33,5.4,12351
2014-08-21 00:00:00+00:00,5.41,6.18,5.27,5.63,11197
2014-08-22 00:00:00+00:00,5.63,5.78,4.92,5.27,9073
2014-08-23 00:00:00+00:00,5.25,5.37,4.66,4.72,5785
2014-08-24 00:00:00+00:00,4.72,5.64,4.71,5.39,8746
2014-08-25 00:00:00+00:00,5.39,5.51,5.08,5.23,5893
2014-08-26 00:00:00+00:00,5.23,5.6,5.12,5.45,4505
2014-08-27 00:00:00+00:00,5.45,5.89,5.26,5.39,5569
2014-08-28 00:00:00+00:00,5.39,5.48,5.05,5.18,4812
2014-08-29 00:00:00+00:00,5.17,5.43,5.11,5.31,3260
2014-08-30 00:00:00+00:00,5.31,5.41,5.1,5.1,2692
2014-08-31 00:00:00+00:00,5.12,5.2,4.75,4.85,11402
2014-09-01 00:00:00+00:00,4.84,4.97,4.77,4.88,4344
2014-09-02 00:00:00+00:00,4.88,4.92,4.61,4.8,5048
2014-09-03 00:00:00+00:00,4.8100000000000005,4.91,4.72,4.82,2797
2014-09-04 00:00:00+00:00,4.82,5.27,4.8,5.21,4037
2014-09-05 00:00:00+00:00,5.21,5.3,4.9,4.96,3399
2014-09-06 00:00:00+00:00,4.96,5.04,4.85,4.96,2490
2014-09-07 00:00:00+00:00,4.96,5.21,4.92,5.11,2770
2014-09-08 00:00:00+00:00,5.11,5.15,4.88,4.97,3177
2014-09-09 00:00:00+00:00,4.97,5.08,4.93,5.02,2023
2014-09-10 00:00:00+00:00,5.03,5.47,4.96,5.25,4011
2014-09-11 00:00:00+00:00,5.28,5.5600000000000005,5.24,5.29,4137
2014-09-12 00:00:00+00:00,5.28,5.45,5.23,5.29,2610
2014-09-13 00:00:00+00:00,5.29,5.46,5.27,5.4,2323
2014-09-14 00:00:00+00:00,5.4,5.45,5.28,5.33,1663
2014-09-15 00:00:00+00:00,5.33,5.37,5.03,5.13,2716
2014-09-16 00:00:00+00:00,5.13,5.15,4.96,4.97,2488
2014-09-17 00:00:00+00:00,4.96,5.13,4.8,4.83,2888
2014-09-18 00:00:00+00:00,4.83,5.03,4.39,4.47,4866
2014-09-19 00:00:00+00:00,4.47,4.77,4.07,4.22,6638
2014-09-20 00:00:00+00:00,4.23,4.5600000000000005,4.05,4.16,5260
2014-09-21 00:00:00+00:00,4.16,4.32,3.94,4.06,6932
2014-09-22 00:00:00+00:00,4.06,4.35,3.99,4.1,5329
2014-09-23 00:00:00+00:00,4.1,4.83,4.07,4.83,5237
2014-09-24 00:00:00+00:00,4.83,4.89,4.52,4.5600000000000005,4005
2014-09-25 00:00:00+00:00,4.5600000000000005,4.57,4.33,4.41,2991
2014-09-26 00:00:00+00:00,4.41,4.5,4.29,4.37,3473
2014-09-27 00:00:00+00:00,4.37,4.43,4.3,4.31,1767
2014-09-28 00:00:00+00:00,4.31,4.39,4.1,4.17,3184
2014-09-29 00:00:00+00:00,4.17,4.29,4.1,4.19,4915
2014-09-30 00:00:00+00:00,4.19,4.54,4.17,4.41,3914
2014-10-01 00:00:00+00:00,4.41,4.47,4.29,4.32,4381
2014-10-02 00:00:00+00:00,4.32,4.4,4.2,4.2,3589
2014-10-03 00:00:00+00:00,4.2,4.27,4.02,4.02,4713
2014-10-04 00:00:00+00:00,4.02,4.19,3.7,3.7199999999999998,6513
2014-10-05 00:00:00+00:00,3.7199999999999998,3.95,3.39,3.56,6946
2014-10-06 00:00:00+00:00,3.56,3.91,3.5,3.76,7163
2014-10-07 00:00:00+00:00,3.75,3.88,3.57,3.7199999999999998,6038
2014-10-08 00:00:00+00:00,3.7199999999999998,3.92,3.68,3.9,5830
2014-10-09 00:00:00+00:00,3.91,4.06,3.8,3.84,5436
2014-10-10 00:00:00+00:00,3.84,3.88,3.68,3.7199999999999998,4586
2014-10-11 00:00:00+00:00,3.7199999999999998,3.7800000000000002,3.62,3.71,2554
2014-10-12 00:00:00+00:00,3.7,3.89,3.67,3.81,2654
2014-10-13 00:00:00+00:00,3.81,3.89,3.73,3.81,3992
2014-10-14 00:00:00+00:00,3.81,4.22,3.8,4.08,5461
2014-10-15 00:00:00+00:00,4.08,4.13,3.91,3.96,3269
2014-10-16 00:00:00+00:00,3.96,4.07,3.85,3.92,2596
2014-10-17 00:00:00+00:00,3.9,3.98,3.88,3.95,2238
2014-10-18 00:00:00+00:00,3.95,4.06,3.92,4.0,2134
2014-10-19 00:00:00+00:00,4.0,4.01,3.91,3.94,1517
2014-10-20 00:00:00+00:00,3.94,3.9699999999999998,3.86,3.88,3021
2014-10-21 00:00:00+00:00,3.89,3.94,3.87,3.9,1828
2014-10-22 00:00:00+00:00,3.9,3.92,3.8,3.82,1774
2014-10-23 00:00:00+00:00,3.82,3.83,3.65,3.69,3236
2014-10-24 00:00:00+00:00,3.69,3.75,3.67,3.73,2255
2014-10-25 00:00:00+00:00,3.7199999999999998,3.7199999999999998,3.57,3.67,2905
2014-10-26 00:00:00+00:00,3.67,3.77,3.64,3.7,2380
2014-10-27 00:00:00+00:00,3.71,3.85,3.68,3.7800000000000002,2883
2014-10-28 00:00:00+00:00,3.77,3.85,3.76,3.81,1876
2014-10-29 00:00:00+00:00,3.81,3.82,3.7,3.7199999999999998,2072
2014-10-30 00:00:00+00:00,3.71,3.83,3.67,3.79,3497
2014-10-31 00:00:00+00:00,3.79,3.83,3.7,3.73,2291
2014-11-01 00:00:00+00:00,3.74,3.75,3.52,3.55,4061
2014-11-02 00:00:00+00:00,3.54,3.61,3.51,3.59,2681
2014-11-03 00:00:00+00:00,3.59,3.69,3.52,3.55,2686
2014-11-04 00:00:00+00:00,3.55,3.61,3.52,3.57,3125
2014-11-05 00:00:00+00:00,3.57,3.65,3.57,3.61,2501
2014-11-06 00:00:00+00:00,3.61,3.69,3.58,3.62,1688
2014-11-07 00:00:00+00:00,3.63,3.65,3.54,3.56,2745
2014-11-08 00:00:00+00:00,3.56,3.57,3.52,3.52,2976
2014-11-09 00:00:00+00:00,3.5300000000000002,3.64,3.5300000000000002,3.63,2694
2014-11-10 00:00:00+00:00,3.62,3.75,3.6,3.68,3818
2014-11-11 00:00:00+00:00,3.68,3.73,3.62,3.65,2368
2014-11-12 00:00:00+00:00,3.64,4.11,3.62,4.0,5230
2014-11-13 00:00:00+00:00,4.0,4.17,3.87,4.01,7998
2014-11-14 00:00:00+00:00,4.01,4.07,3.82,3.93,4415
2014-11-15 00:00:00+00:00,3.93,4.0,3.75,3.82,4070
2014-11-16 00:00:00+00:00,3.82,3.88,3.79,3.84,2070
2014-11-17 00:00:00+00:00,3.84,3.95,3.77,3.82,3572
2014-11-18 00:00:00+00:00,3.81,3.86,3.7199999999999998,3.73,2995
2014-11-19 00:00:00+00:00,3.73,3.8,3.71,3.7199999999999998,2169
2014-11-20 00:00:00+00:00,3.7199999999999998,3.7800000000000002,3.52,3.57,2599
2014-11-21 00:00:00+00:00,3.57,3.6,3.42,3.4699999999999998,3610
2014-11-22 00:00:00+00:00,3.4699999999999998,3.6,3.43,3.5,3254
2014-11-23 00:00:00+00:00,3.5,3.6,3.46,3.58,3100
2014-11-24 00:00:00+00:00,3.59,3.67,3.55,3.6,3126
2014-11-25 00:00:00+00:00,3.6,3.64,3.51,3.5300000000000002,3320
2014-11-26 00:00:00+00:00,3.5300000000000002,3.56,3.48,3.51,2999
2014-11-27 00:00:00+00:00,3.51,3.55,3.5,3.52,2715
2014-11-28 00:00:00+00:00,3.52,3.57,3.46,3.55,3308
2014-11-29 00:00:00+00:00,3.55,3.6,3.5300000000000002,3.5300000000000002,6875
2014-11-30 00:00:00+00:00,3.5300000000000002,3.57,3.52,3.52,3366
2014-12-01 00:00:00+00:00,3.5300000000000002,3.58,3.52,3.54,3329
2014-12-02 00:00:00+00:00,3.54,3.63,3.54,3.55,2907
2014-12-03 00:00:00+00:00,3.55,3.6,3.5300000000000002,3.54,6339
2014-12-04 00:00:00+00:00,3.54,3.58,3.51,3.51,6443
2014-12-05 00:00:00+00:00,3.51,3.54,3.49,3.5300000000000002,7969
2014-12-06 00:00:00+00:00,3.5300000000000002,3.58,3.51,3.55,4242
2014-12-07 00:00:00+00:00,3.55,3.7,3.55,3.65,3802
2014-12-08 00:00:00+00:00,3.65,3.71,3.59,3.62,3530
2014-12-09 00:00:00+00:00,3.63,3.63,3.42,3.45,6348
2014-12-10 00:00:00+00:00,3.45,3.48,3.43,3.44,3233
2014-12-11 00:00:00+00:00,3.44,3.49,3.35,3.38,7076
2014-12-12 00:00:00+00:00,3.38,3.44,3.37,3.41,2405
2014-12-13 00:00:00+00:00,3.42,3.44,3.4,3.4,1741
2014-12-14 00:00:00+00:00,3.4,3.44,3.39,3.41,1468
2014-12-15 00:00:00+00:00,3.41,3.42,3.34,3.36,2438
2014-12-16 00:00:00+00:00,3.36,3.39,2.87,2.95,4613
2014-12-17 00:00:00+00:00,2.95,3.04,2.87,2.93,5084
2014-12-18 00:00:00+00:00,2.93,3.0,2.73,2.8,5381
2014-12-19 00:00:00+00:00,2.79,2.89,2.71,2.85,2467
2014-12-20 00:00:00+00:00,2.85,2.9699999999999998,2.84,2.9,2602
2014-12-21 00:00:00+00:00,2.89,2.94,2.8,2.82,1569
2014-12-22 00:00:00+00:00,2.82,2.9,2.8,2.85,2983
2014-12-23 00:00:00+00:00,2.85,2.88,2.84,2.85,2419
2014-12-24 00:00:00+00:00,2.85,2.85,2.68,2.68,1576
2014-12-25 00:00:00+00:00,2.68,2.7199999999999998,2.64,2.68,2257
2014-12-26 00:00:00+00:00,2.68,2.79,2.66,2.76,1582
2014-12-27 00:00:00+00:00,2.76,2.76,2.67,2.68,1878
2014-12-28 00:00:00+00:00,2.69,2.74,2.64,2.69,2821
2014-12-29 00:00:00+00:00,2.69,2.71,2.67,2.69,2287
2014-12-30 00:00:00+00:00,2.68,2.75,2.65,2.7,3841
2014-12-31 00:00:00+00:00,2.7,2.7199999999999998,2.68,2.7,2228
2015-01-01 00:00:00+00:00,2.7,2.7199999999999998,2.68,2.69,1560
2015-01-02 00:00:00+00:00,2.69,2.7,2.66,2.66,1791
2015-01-03 00:00:00+00:00,2.66,2.67,2.16,2.2,5009
2015-01-04 00:00:00+00:00,2.19,2.22,1.9,1.97,6918
2015-01-05 00:00:00+00:00,1.96,2.16,1.94,2.04,5077
2015-01-06 00:00:00+00:00,2.04,2.14,2.03,2.12,3707
2015-01-07 00:00:00+00:00,2.12,2.19,2.09,2.14,3246
2015-01-08 00:00:00+00:00,2.13,2.15,2.01,2.03,2769
2015-01-09 00:00:00+00:00,2.03,2.04,1.95,1.96,3030
2015-01-10 00:00:00+00:00,1.96,1.99,1.62,1.6400000000000001,5416
2015-01-11 00:00:00+00:00,1.6400000000000001,1.87,1.6400000000000001,1.74,5591
2015-01-12 00:00:00+00:00,1.74,1.79,1.6600000000000001,1.7,6336
2015-01-13 00:00:00+00:00,1.7,1.71,1.48,1.56,8242
2015-01-14 00:00:00+00:00,1.56,1.6,1.12,1.1400000000000001,11499
2015-01-15 00:00:00+00:00,1.1400000000000001,1.38,1.05,1.25,10372
2015-01-16 00:00:00+00:00,1.25,1.48,1.24,1.37,7267
2015-01-17 00:00:00+00:00,1.3599999999999999,1.4,1.24,1.3,5849
2015-01-18 00:00:00+00:00,1.3,1.37,1.24,1.3,5557
2015-01-19 00:00:00+00:00,1.3,1.3599999999999999,1.29,1.34,3220
2015-01-20 00:00:00+00:00,1.34,1.34,1.29,1.31,3400
2015-01-21 00:00:00+00:00,1.31,1.37,1.3,1.3599999999999999,3910
2015-01-22 00:00:00+00:00,1.3599999999999999,1.44,1.34,1.38,5087
2015-01-23 00:00:00+00:00,1.3900000000000001,1.42,1.37,1.41,4137
2015-01-24 00:00:00+00:00,1.41,1.8900000000000001,1.4,1.73,6641
2015-01-25 00:00:00+00:00,1.74,2.43,1.74,2.26,10835
2015-01-26 00:00:00+00:00,2.25,2.41,1.88,2.05,10907
2015-01-27 00:00:00+00:00,2.05,2.11,1.79,2.0,7878
2015-01-28 00:00:00+00:00,2.0,2.07,1.74,1.77,5726
2015-01-29 00:00:00+00:00,1.76,1.94,1.6800000000000002,1.87,7016
2015-01-30 00:00:00+00:00,1.87,1.94,1.83,1.85,4041
2015-01-31 00:00:00+00:00,1.85,1.9,1.83,1.8900000000000001,2981
2015-02-01 00:00:00+00:00,1.88,1.8900000000000001,1.67,1.81,5595
2015-02-02 00:00:00+00:00,1.8,1.8199999999999998,1.71,1.75,4195
2015-02-03 00:00:00+00:00,1.75,1.9,1.74,1.8,5467
2015-02-04 00:00:00+00:00,1.8,1.83,1.74,1.78,3898
2015-02-05 00:00:00+00:00,1.78,1.79,1.71,1.73,3095
2015-02-06 00:00:00+00:00,1.73,1.8,1.71,1.77,3632
2015-02-07 00:00:00+00:00,1.77,1.8199999999999998,1.73,1.78,3789
2015-02-08 00:00:00+00:00,1.78,1.8,1.75,1.77,1257
2015-02-09 00:00:00+00:00,1.76,1.77,1.7,1.73,2432
2015-02-10 00:00:00+00:00,1.73,1.78,1.6600000000000001,1.75,4589
2015-02-11 00:00:00+00:00,1.75,1.77,1.7,1.72,2566
2015-02-12 00:00:00+00:00,1.71,1.74,1.69,1.73,1934
2015-02-13 00:00:00+00:00,1.73,1.8399999999999999,1.71,1.8,3763
2015-02-14 00:00:00+00:00,1.8,1.8900000000000001,1.79,1.87,4357
2015-02-15 00:00:00+00:00,1.87,2.02,1.76,1.8,6723
2015-02-16 00:00:00+00:00,1.79,1.83,1.77,1.79,3847
2015-02-17 00:00:00+00:00,1.79,1.8599999999999999,1.77,1.8199999999999998,3161
2015-02-18 00:00:00+00:00,1.8199999999999998,1.8399999999999999,1.76,1.78,2214
2015-02-19 00:00:00+00:00,1.78,1.8199999999999998,1.78,1.81,1940
2015-02-20 00:00:00+00:00,1.81,1.8199999999999998,1.79,1.79,2068
2015-02-21 00:00:00+00:00,1.8,1.81,1.8,1.8,1741
2015-02-22 00:00:00+00:00,1.79,1.81,1.73,1.74,3633
2015-02-23 00:00:00+00:00,1.75,1.77,1.73,1.77,2266
2015-02-24 00:00:00+00:00,1.76,1.78,1.73,1.76,2023
2015-02-25 00:00:00+00:00,1.77,1.78,1.76,1.76,1442
2015-02-26 00:00:00+00:00,1.76,1.77,1.74,1.75,1135
2015-02-27 00:00:00+00:00,1.75,1.8399999999999999,1.75,1.81,3042
2015-02-28 00:00:00+00:00,1.8199999999999998,1.8199999999999998,1.79,1.8,2073
2015-03-01 00:00:00+00:00,1.8,1.85,1.76,1.8399999999999999,1689
2015-03-02 00:00:00+00:00,1.8399999999999999,1.92,1.81,1.9,3689
2015-03-03 00:00:00+00:00,1.9,1.96,1.87,1.94,3697
2015-03-04 00:00:00+00:00,1.94,1.96,1.88,1.88,1922
2015-03-05 00:00:00+00:00,1.88,1.9100000000000001,1.8599999999999999,1.8900000000000001,1887
2015-03-06 00:00:00+00:00,1.8900000000000001,1.9,1.88,1.8900000000000001,1131
2015-03-07 00:00:00+00:00,1.8900000000000001,1.9,1.87,1.9,925
2015-03-08 00:00:00+00:00,1.9,1.92,1.8900000000000001,1.8900000000000001,885
2015-03-09 00:00:00+00:00,1.8900000000000001,1.95,1.8900000000000001,1.92,1535
2015-03-10 00:00:00+00:00,1.92,2.05,1.9100000000000001,1.98,2838
2015-03-11 00:00:00+00:00,1.99,2.02,1.97,2.0,1663
2015-03-12 00:00:00+00:00,1.99,2.05,1.97,2.03,1449
2015-03-13 00:00:00+00:00,2.03,2.04,1.98,2.0,1914
2015-03-14 00:00:00+00:00,1.99,2.0,1.9300000000000002,1.96,1753
2015-03-15 00:00:00+00:00,1.95,1.99,1.9300000000000002,1.97,1341
2015-03-16 00:00:00+00:00,1.97,2.03,1.97,2.0,1584
2015-03-17 00:00:00+00:00,2.01,2.02,1.95,1.97,1882
2015-03-18 00:00:00+00:00,1.98,1.99,1.76,1.78,3443
2015-03-19 00:00:00+00:00,1.78,1.79,1.6600000000000001,1.72,5042
2015-03-20 00:00:00+00:00,1.72,1.78,1.72,1.75,1991
2015-03-21 00:00:00+00:00,1.75,1.76,1.72,1.74,1629
2015-03-22 00:00:00+00:00,1.74,1.79,1.73,1.77,1171
2015-03-23 00:00:00+00:00,1.77,1.8,1.74,1.76,3677
2015-03-24 00:00:00+00:00,1.76,1.77,1.67,1.69,2927
2015-03-25 00:00:00+00:00,1.69,1.77,1.6,1.6600000000000001,3508
2015-03-26 00:00:00+00:00,1.67,1.73,1.6600000000000001,1.67,2274
2015-03-27 00:00:00+00:00,1.67,1.69,1.65,1.6800000000000002,1957
2015-03-28 00:00:00+00:00,1.6800000000000002,1.7,1.67,1.6800000000000002,1143
2015-03-29 00:00:00+00:00,1.6800000000000002,1.69,1.63,1.63,1795
2015-03-30 00:00:00+00:00,1.63,1.67,1.6099999999999999,1.6600000000000001,1950
2015-03-31 00:00:00+00:00,1.6600000000000001,1.67,1.62,1.63,1244
2015-04-01 00:00:00+00:00,1.63,1.65,1.62,1.6400000000000001,1127
2015-04-02 00:00:00+00:00,1.63,1.6800000000000002,1.62,1.6600000000000001,1603
2015-04-03 00:00:00+00:00,1.6600000000000001,1.6800000000000002,1.6400000000000001,1.6600000000000001,1568
2015-04-04 00:00:00+00:00,1.67,1.6800000000000002,1.6400000000000001,1.6600000000000001,1203
2015-04-05 00:00:00+00:00,1.65,1.6800000000000002,1.6400000000000001,1.67,1085
2015-04-06 00:00:00+00:00,1.67,1.6800000000000002,1.6400000000000001,1.6400000000000001,1014
2015-04-07 00:00:00+00:00,1.65,1.65,1.63,1.6400000000000001,2491
2015-04-08 00:00:00+00:00,1.6400000000000001,1.65,1.5899999999999999,1.6099999999999999,1582
2015-04-09 00:00:00+00:00,1.6099999999999999,1.62,1.53,1.5699999999999998,2253
2015-04-10 00:00:00+00:00,1.56,1.5699999999999998,1.49,1.49,1976
2015-04-11 00:00:00+00:00,1.49,1.52,1.46,1.48,2357
2015-04-12 00:00:00+00:00,1.48,1.48,1.43,1.44,3138
2015-04-13 00:00:00+00:00,1.44,1.46,1.41,1.41,3015
2015-04-14 00:00:00+00:00,1.41,1.41,1.31,1.33,3937
2015-04-15 00:00:00+00:00,1.32,1.41,1.32,1.35,3651
2015-04-16 00:00:00+00:00,1.3599999999999999,1.44,1.35,1.4,2779
2015-04-17 00:00:00+00:00,1.4,1.42,1.38,1.4,2956
2015-04-18 00:00:00+00:00,1.3900000000000001,1.4,1.37,1.3900000000000001,1727
2015-04-19 00:00:00+00:00,1.4,1.42,1.3900000000000001,1.3900000000000001,1252
2015-04-20 00:00:00+00:00,1.38,1.4,1.3599999999999999,1.38,1469
2015-04-21 00:00:00+00:00,1.3900000000000001,1.43,1.38,1.42,2135
2015-04-22 00:00:00+00:00,1.41,1.45,1.4,1.42,2832
2015-04-23 00:00:00+00:00,1.43,1.45,1.42,1.43,1608
2015-04-24 00:00:00+00:00,1.43,1.44,1.4,1.41,1843
2015-04-25 00:00:00+00:00,1.41,1.42,1.37,1.4,2016
2015-04-26 00:00:00+00:00,1.3900000000000001,1.4,1.29,1.31,3045
2015-04-27 00:00:00+00:00,1.31,1.42,1.3,1.3599999999999999,3144
2015-04-28 00:00:00+00:00,1.37,1.47,1.3599999999999999,1.38,3784
2015-04-29 00:00:00+00:00,1.38,1.41,1.35,1.38,3466
2015-04-30 00:00:00+00:00,1.38,1.48,1.38,1.46,3059
2015-05-01 00:00:00+00:00,1.46,1.47,1.4,1.42,3586
2015-05-02 00:00:00+00:00,1.41,1.43,1.4,1.42,2804
2015-05-03 00:00:00+00:00,1.43,1.49,1.4,1.45,3565
2015-05-04 00:00:00+00:00,1.44,1.48,1.4,1.41,2509
2015-05-05 00:00:00+00:00,1.41,1.42,1.4,1.42,2918
2015-05-06 00:00:00+00:00,1.42,1.43,1.4,1.4,1838
2015-05-07 00:00:00+00:00,1.41,1.48,1.3900000000000001,1.46,3571
2015-05-08 00:00:00+00:00,1.46,1.48,1.44,1.47,2480
2015-05-09 00:00:00+00:00,1.47,1.48,1.44,1.45,3243
2015-05-10 00:00:00+00:00,1.45,1.46,1.42,1.44,1908
2015-05-11 00:00:00+00:00,1.44,1.46,1.44,1.44,3076
2015-05-12 00:00:00+00:00,1.44,1.45,1.43,1.44,2648
2015-05-13 00:00:00+00:00,1.44,1.6,1.43,1.47,3728
2015-05-14 00:00:00+00:00,1.46,1.48,1.44,1.44,4679
2015-05-15 00:00:00+00:00,1.44,1.46,1.43,1.45,2870
2015-05-16 00:00:00+00:00,1.45,1.47,1.45,1.45,2557
2015-05-17 00:00:00+00:00,1.45,1.46,1.45,1.45,1927
2015-05-18 00:00:00+00:00,1.45,1.46,1.43,1.44,879
2015-05-19 00:00:00+00:00,1.44,1.45,1.44,1.44,1796
2015-05-20 00:00:00+00:00,1.45,1.47,1.45,1.46,1900
2015-05-21 00:00:00+00:00,1.46,1.48,1.44,1.48,1813
2015-05-22 00:00:00+00:00,1.47,1.9300000000000002,1.47,1.79,5670
2015-05-23 00:00:00+00:00,1.8,1.92,1.76,1.77,5349
2015-05-24 00:00:00+00:00,1.76,1.8399999999999999,1.75,1.81,3449
2015-05-25 00:00:00+00:00,1.81,1.87,1.77,1.79,2552
2015-05-26 00:00:00+00:00,1.79,1.8199999999999998,1.79,1.8,1330
2015-05-27 00:00:00+00:00,1.8,1.9,1.8,1.8399999999999999,2892
2015-05-28 00:00:00+00:00,1.8399999999999999,1.8599999999999999,1.81,1.85,1698
2015-05-29 00:00:00+00:00,1.85,1.85,1.81,1.83,1190
2015-05-30 00:00:00+00:00,1.83,1.8399999999999999,1.79,1.81,1547
2015-05-31 00:00:00+00:00,1.81,1.81,1.63,1.63,2993
2015-06-01 00:00:00+00:00,1.6400000000000001,1.69,1.58,1.6,3739
2015-06-02 00:00:00+00:00,1.6,1.69,1.58,1.6800000000000002,2668
2015-06-03 00:00:00+00:00,1.67,1.71,1.6600000000000001,1.7,1932
2015-06-04 00:00:00+00:00,1.7,1.71,1.67,1.67,2883
2015-06-05 00:00:00+00:00,1.67,1.74,1.67,1.72,1566
2015-06-06 00:00:00+00:00,1.73,1.8,1.73,1.77,1264
2015-06-07 00:00:00+00:00,1.76,1.78,1.71,1.74,1782
2015-06-08 00:00:00+00:00,1.75,1.8,1.74,1.79,1525
2015-06-09 00:00:00+00:00,1.79,1.8399999999999999,1.78,1.8199999999999998,1750
2015-06-10 00:00:00+00:00,1.81,1.8199999999999998,1.74,1.75,1881
2015-06-11 00:00:00+00:00,1.76,1.8199999999999998,1.75,1.8,1174
2015-06-12 00:00:00+00:00,1.79,1.8199999999999998,1.78,1.81,882
2015-06-13 00:00:00+00:00,1.81,1.88,1.8,1.8599999999999999,1433
2015-06-14 00:00:00+00:00,1.8599999999999999,2.09,1.8399999999999999,2.0,3869
2015-06-15 00:00:00+00:00,2.01,2.03,1.98,2.0,2341
2015-06-16 00:00:00+00:00,2.0,2.61,1.99,2.49,5814
2015-06-17 00:00:00+00:00,2.49,3.18,2.49,2.91,10300
2015-06-18 00:00:00+00:00,2.91,3.12,2.7800000000000002,3.08,5465
2015-06-19 00:00:00+00:00,3.08,3.11,2.63,2.74,5291
2015-06-20 00:00:00+00:00,2.73,3.09,2.73,3.0,5755
2015-06-21 00:00:00+00:00,3.0,3.07,2.88,2.95,3808
2015-06-22 00:00:00+00:00,2.95,3.09,2.93,3.01,3058
2015-06-23 00:00:00+00:00,3.01,3.04,2.94,2.98,1749
2015-06-24 00:00:00+00:00,2.98,3.0,2.7800000000000002,2.85,3301
2015-06-25 00:00:00+00:00,2.85,2.92,2.66,2.86,2850
2015-06-26 00:00:00+00:00,2.84,2.93,2.81,2.84,1871
2015-06-27 00:00:00+00:00,2.84,3.07,2.84,3.01,2698
2015-06-28 00:00:00+00:00,3.02,3.14,2.98,3.0,2954
2015-06-29 00:00:00+00:00,3.02,3.73,3.0,3.7,4712
2015-06-30 00:00:00+00:00,3.71,4.42,3.66,3.93,7659
2015-07-01 00:00:00+00:00,3.94,4.15,3.83,3.9699999999999998,5660
2015-07-02 00:00:00+00:00,3.96,4.19,3.87,4.05,3526
2015-07-03 00:00:00+00:00,4.03,4.13,4.0,4.08,2702
2015-07-04 00:00:00+00:00,4.08,4.1,4.0,4.07,1801
2015-07-05 00:00:00+00:00,4.07,4.61,4.02,4.49,3744
2015-07-06 00:00:00+00:00,4.5,5.63,4.42,5.6,9061
2015-07-07 00:00:00+00:00,5.57,5.61,4.72,5.26,6162
2015-07-08 00:00:00+00:00,5.26,6.09,5.01,5.95,7851
2015-07-09 00:00:00+00:00,5.96,7.95,5.8,7.85,10957
2015-07-10 00:00:00+00:00,7.86,8.65,4.13,4.33,17277
2015-07-11 00:00:00+00:00,4.33,5.22,3.62,4.3,13911
2015-07-12 00:00:00+00:00,4.3,5.3,4.19,5.1,9670
2015-07-13 00:00:00+00:00,5.1,5.25,4.08,4.57,9611
2015-07-14 00:00:00+00:00,4.58,4.85,4.41,4.64,5540
2015-07-15 00:00:00+00:00,4.63,4.66,4.05,4.17,4623
2015-07-16 00:00:00+00:00,4.17,4.19,3.18,3.61,9553
2015-07-17 00:00:00+00:00,3.6,3.93,3.4699999999999998,3.7800000000000002,7561
2015-07-18 00:00:00+00:00,3.77,4.13,3.63,3.81,6141
2015-07-19 00:00:00+00:00,3.81,3.94,3.63,3.7,4443
2015-07-20 00:00:00+00:00,3.69,3.77,3.43,3.73,3189
2015-07-21 00:00:00+00:00,3.77,3.94,3.71,3.76,3936
2015-07-22 00:00:00+00:00,3.77,3.8,3.64,3.77,4158
2015-07-23 00:00:00+00:00,3.76,3.81,3.7,3.74,3465
2015-07-24 00:00:00+00:00,3.74,4.75,3.71,4.52,7573
2015-07-25 00:00:00+00:00,4.53,4.86,4.36,4.57,9479
2015-07-26 00:00:00+00:00,4.57,4.7,4.36,4.55,5422
2015-07-27 00:00:00+00:00,4.55,4.66,4.47,4.57,4460
2015-07-28 00:00:00+00:00,4.57,5.06,4.55,4.95,5996
2015-07-29 00:00:00+00:00,4.95,5.01,4.63,4.73,4984
2015-07-30 00:00:00+00:00,4.73,4.75,4.4,4.51,5129
2015-07-31 00:00:00+00:00,4.51,4.7,4.44,4.53,4787
2015-08-01 00:00:00+00:00,4.53,4.6,4.05,4.13,6263
2015-08-02 00:00:00+00:00,4.12,4.21,3.85,4.07,6214
2015-08-03 00:00:00+00:00,4.09,4.35,4.01,4.28,5698
2015-08-04 00:00:00+00:00,4.27,4.42,4.09,4.31,5088
2015-08-05 00:00:00+00:00,4.32,4.37,4.23,4.28,3917
2015-08-06 00:00:00+00:00,4.27,4.3,3.94,3.99,4207
2015-08-07 00:00:00+00:00,3.9699999999999998,4.18,3.91,4.08,4644
2015-08-08 00:00:00+00:00,4.08,4.15,3.92,3.94,5224
2015-08-09 00:00:00+00:00,3.94,3.96,3.7199999999999998,3.8,4935
2015-08-10 00:00:00+00:00,3.8,3.94,3.7800000000000002,3.87,3750
2015-08-11 00:00:00+00:00,3.87,3.98,3.86,3.96,2968
2015-08-12 00:00:00+00:00,3.95,4.18,3.91,3.9699999999999998,4038
2015-08-13 00:00:00+00:00,3.9699999999999998,4.0,3.77,3.8,3799
2015-08-14 00:00:00+00:00,3.8,4.06,3.7800000000000002,4.0,3380
2015-08-15 00:00:00+00:00,4.01,4.01,3.88,3.88,3725
2015-08-16 00:00:00+00:00,3.88,3.98,3.82,3.9,4082
2015-08-17 00:00:00+00:00,3.9,4.0,3.89,3.95,3496
2015-08-18 00:00:00+00:00,3.96,3.96,3.75,3.7800000000000002,3346
2015-08-19 00:00:00+00:00,3.77,3.8,3.32,3.32,6939
2015-08-20 00:00:00+00:00,3.32,3.61,3.17,3.55,5276
2015-08-21 00:00:00+00:00,3.55,3.62,3.44,3.48,3657
2015-08-22 00:00:00+00:00,3.48,3.5300000000000002,3.37,3.45,3726
2015-08-23 00:00:00+00:00,3.44,3.48,3.26,3.32,3442
2015-08-24 00:00:00+00:00,3.32,3.34,2.86,2.99,6687
2015-08-25 00:00:00+00:00,2.99,2.99,2.5,2.95,10545
2015-08-26 00:00:00+00:00,2.96,3.06,2.83,2.91,5797
2015-08-27 00:00:00+00:00,2.9,2.95,2.88,2.91,3070
2015-08-28 00:00:00+00:00,2.91,2.92,2.63,2.87,6022
2015-08-29 00:00:00+00:00,2.86,2.91,2.7800000000000002,2.82,3550
2015-08-30 00:00:00+00:00,2.82,2.87,2.71,2.7800000000000002,2793
2015-08-31 00:00:00+00:00,2.7800000000000002,2.84,2.74,2.8,4160
2015-09-01 00:00:00+00:00,2.8,2.84,2.76,2.77,3317
2015-09-02 00:00:00+00:00,2.7800000000000002,2.82,2.67,2.7800000000000002,3484
2015-09-03 00:00:00+00:00,2.79,2.79,2.5300000000000002,2.59,4009
2015-09-04 00:00:00+00:00,2.59,2.71,2.57,2.66,2969
2015-09-05 00:00:00+00:00,2.67,2.87,2.61,2.86,3573
2015-09-06 00:00:00+00:00,2.85,3.06,2.84,3.0,5395
2015-09-07 00:00:00+00:00,3.01,3.09,2.93,3.01,3400
2015-09-08 00:00:00+00:00,3.01,3.13,2.98,3.03,3969
2015-09-09 00:00:00+00:00,3.04,3.04,2.86,2.91,3607
2015-09-10 00:00:00+00:00,2.91,2.95,2.85,2.92,3420
2015-09-11 00:00:00+00:00,2.91,2.96,2.9,2.91,2778
2015-09-12 00:00:00+00:00,2.92,2.96,2.7800000000000002,2.82,2605
2015-09-13 00:00:00+00:00,2.82,2.83,2.73,2.74,3521
2015-09-14 00:00:00+00:00,2.74,2.86,2.74,2.81,2907
2015-09-15 00:00:00+00:00,2.81,2.83,2.77,2.7800000000000002,2412
2015-09-16 00:00:00+00:00,2.7800000000000002,2.81,2.7,2.76,2292
2015-09-17 00:00:00+00:00,2.76,2.94,2.75,2.93,2738
2015-09-18 00:00:00+00:00,2.93,3.02,2.88,2.93,2896
2015-09-19 00:00:00+00:00,2.93,2.94,2.83,2.85,2439
2015-09-20 00:00:00+00:00,2.85,2.87,2.8,2.83,2555
2015-09-21 00:00:00+00:00,2.83,2.84,2.77,2.7800000000000002,1899
2015-09-22 00:00:00+00:00,2.7800000000000002,2.87,2.76,2.81,3148
2015-09-23 00:00:00+00:00,2.81,2.88,2.8,2.83,2166
2015-09-24 00:00:00+00:00,2.82,2.91,2.82,2.89,2426
2015-09-25 00:00:00+00:00,2.9,2.93,2.85,2.85,1983
2015-09-26 00:00:00+00:00,2.85,2.86,2.82,2.86,1964
2015-09-27 00:00:00+00:00,2.86,2.87,2.84,2.84,1202
2015-09-28 00:00:00+00:00,2.84,3.0,2.83,2.9699999999999998,2510
2015-09-29 00:00:00+00:00,2.9699999999999998,3.12,2.9699999999999998,3.03,4642
2015-09-30 00:00:00+00:00,3.03,3.05,2.92,3.01,3280
2015-10-01 00:00:00+00:00,3.01,3.02,2.92,2.98,2049
2015-10-02 00:00:00+00:00,2.98,2.99,2.94,2.95,2535
2015-10-03 00:00:00+00:00,2.94,3.01,2.94,2.99,3376
2015-10-04 00:00:00+00:00,2.99,3.02,2.96,2.9699999999999998,1364
2015-10-05 00:00:00+00:00,2.9699999999999998,3.01,2.94,3.0,2387
2015-10-06 00:00:00+00:00,2.99,3.08,2.9699999999999998,3.05,2506
2015-10-07 00:00:00+00:00,3.06,3.12,3.05,3.07,2480
2015-10-08 00:00:00+00:00,3.06,3.06,2.99,3.03,2472
2015-10-09 00:00:00+00:00,3.03,3.07,3.02,3.07,1684
2015-10-10 00:00:00+00:00,3.07,3.09,3.04,3.07,983
2015-10-11 00:00:00+00:00,3.08,3.12,3.04,3.11,1636
2015-10-12 00:00:00+00:00,3.1,3.14,3.08,3.09,2058
2015-10-13 00:00:00+00:00,3.09,3.14,3.06,3.11,3263
2015-10-14 00:00:00+00:00,3.11,3.15,3.06,3.1,2968
2015-10-15 00:00:00+00:00,3.11,3.12,3.07,3.08,3358
2015-10-16 00:00:00+00:00,3.08,3.11,3.06,3.08,2644
2015-10-17 00:00:00+00:00,3.08,3.1,2.95,3.0,3443
2015-10-18 00:00:00+00:00,3.0,3.02,2.95,2.9699999999999998,3730
2015-10-19 00:00:00+00:00,2.96,3.02,2.91,3.01,3915
2015-10-20 00:00:00+00:00,3.01,3.06,3.0,3.05,3902
2015-10-21 00:00:00+00:00,3.05,3.08,3.0,3.04,2752
2015-10-22 00:00:00+00:00,3.04,3.08,3.01,3.04,3117
2015-10-23 00:00:00+00:00,3.04,3.06,3.02,3.05,2587
2015-10-24 00:00:00+00:00,3.04,3.05,3.01,3.01,1779
2015-10-25 00:00:00+00:00,3.02,3.07,3.01,3.02,2980
2015-10-26 00:00:00+00:00,3.02,3.06,2.96,3.05,3023
2015-10-27 00:00:00+00:00,3.05,3.07,3.03,3.04,2750
2015-10-28 00:00:00+00:00,3.03,3.05,3.01,3.03,3921
2015-10-29 00:00:00+00:00,3.04,3.8,2.98,3.59,7256
2015-10-30 00:00:00+00:00,3.58,3.94,3.56,3.66,11697
2015-10-31 00:00:00+00:00,3.67,3.84,3.48,3.49,5766
2015-11-01 00:00:00+00:00,3.49,3.68,3.45,3.63,4770
2015-11-02 00:00:00+00:00,3.63,3.89,3.58,3.8,5625
2015-11-03 00:00:00+00:00,3.8,4.53,3.74,4.15,8814
2015-11-04 00:00:00+00:00,4.15,4.86,4.14,4.2,9934
2015-11-05 00:00:00+00:00,4.19,4.31,3.56,3.87,8713
2015-11-06 00:00:00+00:00,3.84,3.84,3.29,3.4,7243
2015-11-07 00:00:00+00:00,3.39,3.54,3.36,3.41,3606
2015-11-08 00:00:00+00:00,3.42,3.4699999999999998,3.29,3.3,2650
2015-11-09 00:00:00+00:00,3.3,3.39,3.14,3.3,5140
2015-11-10 00:00:00+00:00,3.3,3.37,3.0,3.01,4469
2015-11-11 00:00:00+00:00,3.02,3.13,2.92,2.95,3561
2015-11-12 00:00:00+00:00,2.95,3.23,2.88,3.16,4503
2015-11-13 00:00:00+00:00,3.16,3.26,3.11,3.18,3340
2015-11-14 00:00:00+00:00,3.17,3.22,3.14,3.14,3053
2015-11-15 00:00:00+00:00,3.15,3.19,3.0,3.05,3311
2015-11-16 00:00:00+00:00,3.04,3.16,3.0,3.16,2813
2015-11-17 00:00:00+00:00,3.16,3.19,3.12,3.17,3140
2015-11-18 00:00:00+00:00,3.17,3.18,3.12,3.15,1730
2015-11-19 00:00:00+00:00,3.15,3.19,3.08,3.11,2431
2015-11-20 00:00:00+00:00,3.1,3.11,3.0,3.09,2881
2015-11-21 00:00:00+00:00,3.09,3.14,3.07,3.11,1846
2015-11-22 00:00:00+00:00,3.11,3.14,3.06,3.09,3317
2015-11-23 00:00:00+00:00,3.09,3.11,3.07,3.07,2499
2015-11-24 00:00:00+00:00,3.09,3.1,3.06,3.08,3153
2015-11-25 00:00:00+00:00,3.08,3.35,3.05,3.2800000000000002,3696
2015-11-26 00:00:00+00:00,3.29,3.7199999999999998,3.2800000000000002,3.5,6822
2015-11-27 00:00:00+00:00,3.49,3.58,3.43,3.51,3354
2015-11-28 00:00:00+00:00,3.52,3.54,3.41,3.4699999999999998,2537
2015-11-29 00:00:00+00:00,3.46,3.62,3.42,3.57,3357
2015-11-30 00:00:00+00:00,3.57,3.74,3.49,3.57,5039
2015-12-01 00:00:00+00:00,3.58,3.61,3.36,3.39,5241
2015-12-02 00:00:00+00:00,3.38,3.4,3.26,3.32,6192
2015-12-03 00:00:00+00:00,3.32,3.4,3.27,3.34,3075
2015-12-04 00:00:00+00:00,3.34,3.36,3.29,3.3,2764
2015-12-05 00:00:00+00:00,3.3,3.49,3.3,3.43,4439
2015-12-06 00:00:00+00:00,3.42,3.55,3.36,3.43,5305
2015-12-07 00:00:00+00:00,3.44,3.6,3.36,3.55,4259
2015-12-08 00:00:00+00:00,3.54,3.56,3.46,3.52,3269
2015-12-09 00:00:00+00:00,3.52,3.69,3.52,3.61,4670
2015-12-10 00:00:00+00:00,3.61,3.63,3.5300000000000002,3.6,2620
2015-12-11 00:00:00+00:00,3.6,3.79,3.6,3.74,5623
2015-12-12 00:00:00+00:00,3.73,3.82,3.45,3.51,5239
2015-12-13 00:00:00+00:00,3.51,3.58,3.46,3.55,2749
2015-12-14 00:00:00+00:00,3.55,3.58,3.5,3.54,2251
2015-12-15 00:00:00+00:00,3.5300000000000002,3.75,3.52,3.7199999999999998,3468
2015-12-16 00:00:00+00:00,3.74,3.76,3.5300000000000002,3.6,3024
2015-12-17 00:00:00+00:00,3.6,3.68,3.57,3.67,2225
2015-12-18 00:00:00+00:00,3.67,3.74,3.64,3.69,2035
2015-12-19 00:00:00+00:00,3.69,3.71,3.62,3.64,1674
2015-12-20 00:00:00+00:00,3.65,3.67,3.43,3.48,2208
2015-12-21 00:00:00+00:00,3.46,3.5,3.37,3.39,2784
2015-12-22 00:00:00+00:00,3.39,3.45,3.37,3.4,2668
2015-12-23 00:00:00+00:00,3.4,3.57,3.38,3.56,4774
2015-12-24 00:00:00+00:00,3.55,3.64,3.5300000000000002,3.58,4474
2015-12-26 00:00:00+00:00,3.56,3.57,3.35,3.38,3839
2015-12-27 00:00:00+00:00,3.39,3.5,3.38,3.49,2335
2015-12-28 00:00:00+00:00,3.48,3.52,3.43,3.46,2501
2015-12-29 00:00:00+00:00,3.44,3.52,3.43,3.49,2560
2015-12-30 00:00:00+00:00,3.5,3.51,3.44,3.46,3250
2015-12-31 00:00:00+00:00,3.46,3.48,3.4,3.4699999999999998,1548
2016-01-02 00:00:00+00:00,3.4699999999999998,3.48,3.45,3.4699999999999998,858
2016-01-03 00:00:00+00:00,3.4699999999999998,3.48,3.43,3.45,1441
2016-01-04 00:00:00+00:00,3.45,3.48,3.45,3.48,1708
2016-01-05 00:00:00+00:00,3.4699999999999998,3.48,3.44,3.45,2719
2016-01-06 00:00:00+00:00,3.46,3.4699999999999998,3.44,3.45,2462
2016-01-07 00:00:00+00:00,3.45,3.58,3.45,3.56,5990
2016-01-08 00:00:00+00:00,3.55,3.58,3.5,3.51,2936
2016-01-09 00:00:00+00:00,3.51,3.56,3.51,3.5300000000000002,3520
2016-01-10 00:00:00+00:00,3.5300000000000002,3.54,3.49,3.51,2433
2016-01-11 00:00:00+00:00,3.51,3.65,3.51,3.55,4107
2016-01-12 00:00:00+00:00,3.54,3.57,3.5,3.51,1481
2016-01-13 00:00:00+00:00,3.51,3.5300000000000002,3.45,3.4699999999999998,3204
2016-01-14 00:00:00+00:00,3.4699999999999998,3.49,3.45,3.4699999999999998,1776
2016-01-15 00:00:00+00:00,3.4699999999999998,3.49,3.11,3.16,4310
2016-01-16 00:00:00+00:00,3.16,3.17,2.89,3.05,5906
2016-01-17 00:00:00+00:00,3.05,3.15,3.01,3.03,2927
2016-01-18 00:00:00+00:00,3.04,3.05,2.95,3.03,4096
2016-01-19 00:00:00+00:00,3.03,3.06,2.9699999999999998,3.01,3504
2016-01-20 00:00:00+00:00,3.01,3.3,2.98,3.26,5190
2016-01-21 00:00:00+00:00,3.25,3.43,3.15,3.2,3010
2016-01-22 00:00:00+00:00,3.2,3.27,3.05,3.06,5582
2016-01-23 00:00:00+00:00,3.06,3.15,3.06,3.11,4506
2016-01-24 00:00:00+00:00,3.11,3.22,3.08,3.16,2977
2016-01-25 00:00:00+00:00,3.16,3.17,3.11,3.12,1875
2016-01-26 00:00:00+00:00,3.12,3.16,3.12,3.14,2600
2016-01-27 00:00:00+00:00,3.14,3.33,3.11,3.26,5025
2016-01-28 00:00:00+00:00,3.26,3.2800000000000002,3.11,3.14,2831
2016-01-29 00:00:00+00:00,3.14,3.15,3.01,3.09,3519
2016-01-30 00:00:00+00:00,3.09,3.12,3.08,3.08,2641
2016-01-31 00:00:00+00:00,3.09,3.11,3.07,3.1,1864
2016-02-01 00:00:00+00:00,3.1,3.11,3.04,3.07,4597
2016-02-02 00:00:00+00:00,3.07,3.1,3.07,3.08,3380
2016-02-03 00:00:00+00:00,3.09,3.1,3.02,3.04,2091
2016-02-04 00:00:00+00:00,3.04,3.18,3.02,3.15,3699
2016-02-05 00:00:00+00:00,3.14,3.16,3.11,3.13,4606
2016-02-06 00:00:00+00:00,3.13,3.13,3.08,3.11,1828
2016-02-07 00:00:00+00:00,3.11,3.15,3.08,3.09,2497
2016-02-08 00:00:00+00:00,3.09,3.12,3.06,3.07,2135
2016-02-09 00:00:00+00:00,3.08,3.1,3.06,3.07,2251
2016-02-10 00:00:00+00:00,3.07,3.13,3.07,3.11,934
2016-02-11 00:00:00+00:00,3.11,3.12,3.07,3.07,1850
2016-02-12 00:00:00+00:00,3.07,3.13,3.07,3.1,3218
2016-02-13 00:00:00+00:00,3.1,3.13,3.1,3.11,424
2016-02-14 00:00:00+00:00,3.11,3.18,3.11,3.15,2238
2016-02-15 00:00:00+00:00,3.15,3.21,3.12,3.12,1918
2016-02-16 00:00:00+00:00,3.12,3.2,3.12,3.17,2229
2016-02-17 00:00:00+00:00,3.17,3.25,3.16,3.22,3204
2016-02-18 00:00:00+00:00,3.22,3.25,3.19,3.22,5349
2016-02-19 00:00:00+00:00,3.21,3.24,3.17,3.2,2375
2016-02-20 00:00:00+00:00,3.21,3.49,3.2,3.39,3384
2016-02-21 00:00:00+00:00,3.38,3.4699999999999998,3.34,3.39,1951
2016-02-22 00:00:00+00:00,3.39,3.49,3.36,3.44,3285
2016-02-23 00:00:00+00:00,3.44,3.48,3.33,3.38,2813
2016-02-24 00:00:00+00:00,3.38,3.4,3.3,3.35,2171
2016-02-25 00:00:00+00:00,3.35,3.38,3.31,3.33,3715
2016-02-26 00:00:00+00:00,3.33,3.38,3.31,3.37,2755
2016-02-27 00:00:00+00:00,3.37,3.42,3.35,3.36,2796
2016-02-28 00:00:00+00:00,3.36,3.45,3.33,3.4,2895
2016-02-29 00:00:00+00:00,3.41,3.45,3.37,3.38,3043
2016-03-01 00:00:00+00:00,3.38,3.42,3.37,3.4,1581
2016-03-02 00:00:00+00:00,3.41,3.41,3.38,3.38,1576
2016-03-03 00:00:00+00:00,3.38,3.39,3.2800000000000002,3.32,2871
2016-03-04 00:00:00+00:00,3.31,3.33,3.24,3.25,2779
2016-03-05 00:00:00+00:00,3.25,3.26,3.13,3.19,4422
2016-03-06 00:00:00+00:00,3.19,3.25,3.16,3.21,3843
2016-03-07 00:00:00+00:00,3.21,3.26,3.18,3.24,4898
2016-03-08 00:00:00+00:00,3.24,3.25,3.18,3.21,1710
2016-03-09 00:00:00+00:00,3.21,3.34,3.2,3.26,2454
2016-03-10 00:00:00+00:00,3.26,3.2800000000000002,3.23,3.26,3584
2016-03-11 00:00:00+00:00,3.26,3.37,3.26,3.32,3110
2016-03-12 00:00:00+00:00,3.32,3.35,3.26,3.27,3697
2016-03-13 00:00:00+00:00,3.26,3.29,3.26,3.27,695
2016-03-14 00:00:00+00:00,3.27,3.31,3.26,3.27,1884
2016-03-15 00:00:00+00:00,3.27,3.3,3.26,3.27,1496
2016-03-16 00:00:00+00:00,3.27,3.29,3.26,3.2800000000000002,1667
2016-03-17 00:00:00+00:00,3.2800000000000002,3.3,3.27,3.27,1439
2016-03-18 00:00:00+00:00,3.27,3.2800000000000002,3.14,3.14,1399
2016-03-19 00:00:00+00:00,3.14,3.21,3.13,3.16,2034
2016-03-20 00:00:00+00:00,3.16,3.21,3.16,3.2,2060
2016-03-21 00:00:00+00:00,3.2,3.21,3.16,3.19,2882
2016-03-22 00:00:00+00:00,3.19,3.22,3.18,3.21,1487
2016-03-23 00:00:00+00:00,3.21,3.24,3.19,3.21,1719
2016-03-24 00:00:00+00:00,3.21,3.24,3.2,3.2,1288
2016-03-25 00:00:00+00:00,3.2,3.23,3.19,3.2,1392
2016-03-26 00:00:00+00:00,3.2,3.22,3.18,3.19,1839
2016-03-27 00:00:00+00:00,3.19,3.31,3.18,3.29,1504
2016-03-28 00:00:00+00:00,3.29,3.3,3.24,3.24,1306
2016-03-29 00:00:00+00:00,3.24,3.25,3.17,3.18,1140
2016-03-30 00:00:00+00:00,3.19,3.22,3.18,3.2,1019
2016-03-31 00:00:00+00:00,3.2,3.24,3.2,3.22,2365
2016-04-01 00:00:00+00:00,3.22,3.24,3.2,3.22,1757
2016-04-02 00:00:00+00:00,3.22,3.24,3.21,3.22,1288
2016-04-03 00:00:00+00:00,3.22,3.24,3.19,3.21,1231
2016-04-04 00:00:00+00:00,3.21,3.22,3.19,3.21,1134
2016-04-05 00:00:00+00:00,3.21,3.23,3.2,3.21,1182
2016-04-06 00:00:00+00:00,3.21,3.23,3.21,3.21,1270
2016-04-07 00:00:00+00:00,3.21,3.22,3.2,3.2,518
2016-04-08 00:00:00+00:00,3.2,3.22,3.16,3.21,410
2016-04-09 00:00:00+00:00,3.21,3.21,3.17,3.19,1092
2016-04-10 00:00:00+00:00,3.19,3.24,3.17,3.21,1365
2016-04-11 00:00:00+00:00,3.21,3.21,3.19,3.2,1531
2016-04-12 00:00:00+00:00,3.2,3.24,3.19,3.21,1371
2016-04-13 00:00:00+00:00,3.21,3.22,3.2,3.21,301
2016-04-14 00:00:00+00:00,3.22,3.22,3.2,3.2,359
2016-04-15 00:00:00+00:00,3.2,3.26,3.2,3.24,778
2016-04-16 00:00:00+00:00,3.24,3.26,3.23,3.24,1964
2016-04-17 00:00:00+00:00,3.25,3.26,3.22,3.23,353
2016-04-18 00:00:00+00:00,3.23,3.24,3.2,3.21,932
2016-04-19 00:00:00+00:00,3.21,3.24,3.2,3.22,922
2016-04-20 00:00:00+00:00,3.22,3.25,3.2,3.23,1209
2016-04-21 00:00:00+00:00,3.24,3.32,3.24,3.3,1122
2016-04-22 00:00:00+00:00,3.3,3.33,3.25,3.27,1032
2016-04-23 00:00:00+00:00,3.25,3.29,3.25,3.27,1225
2016-04-24 00:00:00+00:00,3.27,3.52,3.27,3.49,2682
2016-04-25 00:00:00+00:00,3.49,3.81,3.46,3.7800000000000002,4854
2016-04-26 00:00:00+00:00,3.79,4.09,3.71,3.9699999999999998,5568
2016-04-27 00:00:00+00:00,3.95,4.2,3.74,3.9,7511
2016-04-28 00:00:00+00:00,3.9,3.96,3.69,3.71,5168
2016-04-29 00:00:00+00:00,3.71,3.82,3.7,3.8,2180
2016-04-30 00:00:00+00:00,3.8,3.82,3.65,3.69,1524
2016-05-01 00:00:00+00:00,3.68,3.7199999999999998,3.64,3.66,1645
2016-05-02 00:00:00+00:00,3.66,3.74,3.61,3.64,2363
2016-05-03 00:00:00+00:00,3.65,3.77,3.63,3.74,2644
2016-05-04 00:00:00+00:00,3.73,3.75,3.69,3.71,2046
2016-05-05 00:00:00+00:00,3.71,3.74,3.66,3.68,2259
2016-05-06 00:00:00+00:00,3.68,3.74,3.67,3.7199999999999998,972
2016-05-07 00:00:00+00:00,3.7199999999999998,3.98,3.7199999999999998,3.92,3272
2016-05-08 00:00:00+00:00,3.92,3.95,3.84,3.88,2387
2016-05-09 00:00:00+00:00,3.88,4.04,3.86,3.95,2294
2016-05-10 00:00:00+00:00,3.95,4.07,3.83,3.85,3917
2016-05-11 00:00:00+00:00,3.84,3.91,3.7800000000000002,3.82,2103
2016-05-12 00:00:00+00:00,3.83,3.9,3.7800000000000002,3.8,1883
2016-05-13 00:00:00+00:00,3.8,3.94,3.79,3.9,1918
2016-05-14 00:00:00+00:00,3.9,4.04,3.89,4.0,3077
2016-05-15 00:00:00+00:00,4.0,4.07,3.95,4.05,2512
2016-05-16 00:00:00+00:00,4.05,4.15,3.93,3.98,2312
2016-05-17 00:00:00+00:00,3.98,4.04,3.93,3.96,3197
2016-05-18 00:00:00+00:00,3.96,4.06,3.95,4.02,3860
2016-05-19 00:00:00+00:00,4.01,4.04,3.86,3.86,2205
2016-05-20 00:00:00+00:00,3.86,3.92,3.7800000000000002,3.83,3004
2016-05-21 00:00:00+00:00,3.84,3.99,3.84,3.93,2066
2016-05-22 00:00:00+00:00,3.93,3.9699999999999998,3.87,3.9,4271
2016-05-23 00:00:00+00:00,3.9,3.9699999999999998,3.9,3.94,1569
2016-05-24 00:00:00+00:00,3.95,3.99,3.95,3.96,811
2016-05-25 00:00:00+00:00,3.95,4.1,3.94,4.01,1764
2016-05-26 00:00:00+00:00,4.01,4.1,4.0,4.07,1959
2016-05-27 00:00:00+00:00,4.07,4.49,4.05,4.45,3704
2016-05-28 00:00:00+00:00,4.46,4.63,4.28,4.32,6039
2016-05-29 00:00:00+00:00,4.32,4.63,4.29,4.43,4356
2016-05-30 00:00:00+00:00,4.43,4.57,4.3,4.48,3623
2016-05-31 00:00:00+00:00,4.49,4.62,4.4,4.46,2666
2016-06-01 00:00:00+00:00,4.46,4.6899999999999995,4.44,4.62,2664
2016-06-02 00:00:00+00:00,4.62,4.66,4.57,4.6,1534
2016-06-03 00:00:00+00:00,4.6,4.74,4.6,4.6899999999999995,1283
2016-06-04 00:00:00+00:00,4.6899999999999995,4.8,4.67,4.7,2024
2016-06-05 00:00:00+00:00,4.6899999999999995,4.75,4.66,4.6899999999999995,1499
2016-06-06 00:00:00+00:00,4.7,4.92,4.6899999999999995,4.85,1514
2016-06-07 00:00:00+00:00,4.85,4.92,4.61,4.67,2418
2016-06-08 00:00:00+00:00,4.67,4.74,4.6,4.63,1795
2016-06-09 00:00:00+00:00,4.64,4.6899999999999995,4.59,4.6,2864
2016-06-10 00:00:00+00:00,4.6,4.75,4.6,4.74,2018
2016-06-11 00:00:00+00:00,4.74,4.82,4.71,4.77,1421
2016-06-12 00:00:00+00:00,4.78,5.17,4.76,5.08,3446
2016-06-13 00:00:00+00:00,5.08,5.34,4.92,5.03,4762
2016-06-14 00:00:00+00:00,5.03,5.18,4.83,5.04,3201
2016-06-15 00:00:00+00:00,5.04,5.11,4.95,5.04,3424
2016-06-16 00:00:00+00:00,5.05,5.24,5.04,5.16,2823
2016-06-17 00:00:00+00:00,5.15,5.64,5.0,5.37,4897
2016-06-18 00:00:00+00:00,5.38,5.49,5.24,5.31,3588
2016-06-19 00:00:00+00:00,5.31,5.38,5.26,5.3,2961
2016-06-20 00:00:00+00:00,5.3,5.36,5.08,5.16,3148
2016-06-21 00:00:00+00:00,5.16,5.19,4.4,4.6,5751
2016-06-22 00:00:00+00:00,4.6,4.84,3.83,3.83,4666
2016-06-23 00:00:00+00:00,3.85,3.96,3.32,3.65,7842
2016-06-24 00:00:00+00:00,3.65,4.3,3.63,4.03,5277
2016-06-25 00:00:00+00:00,4.03,4.24,3.85,3.98,4021
2016-06-26 00:00:00+00:00,3.98,4.11,3.86,3.93,3637
2016-06-27 00:00:00+00:00,3.93,4.01,3.9,4.0,3071
2016-06-28 00:00:00+00:00,4.0,4.08,3.9699999999999998,3.98,3151
2016-06-29 00:00:00+00:00,3.98,4.02,3.9,3.96,2696
2016-06-30 00:00:00+00:00,3.96,4.18,3.93,4.04,2111
2016-07-01 00:00:00+00:00,4.04,4.25,4.04,4.13,3312
2016-07-02 00:00:00+00:00,4.13,4.52,4.13,4.46,3609
2016-07-03 00:00:00+00:00,4.49,4.52,4.15,4.16,3188
2016-07-04 00:00:00+00:00,4.16,4.37,4.16,4.34,2666
2016-07-05 00:00:00+00:00,4.34,4.44,4.18,4.33,3375
2016-07-06 00:00:00+00:00,4.33,4.4,4.31,4.38,2481
2016-07-07 00:00:00+00:00,4.37,4.39,3.88,3.91,3111
2016-07-08 00:00:00+00:00,3.91,4.13,3.81,4.12,3365
2016-07-09 00:00:00+00:00,4.12,4.14,3.89,4.0,2458
2016-07-10 00:00:00+00:00,4.0,4.07,3.9699999999999998,4.01,1951
2016-07-11 00:00:00+00:00,4.01,4.15,3.9699999999999998,4.03,1748
2016-07-12 00:00:00+00:00,4.03,4.15,4.02,4.12,1337
2016-07-13 00:00:00+00:00,4.12,4.15,4.07,4.1,2367
2016-07-14 00:00:00+00:00,4.1,4.12,4.06,4.08,940
2016-07-15 00:00:00+00:00,4.08,4.12,4.06,4.08,816
2016-07-16 00:00:00+00:00,4.08,4.11,4.05,4.05,1092
2016-07-17 00:00:00+00:00,4.05,4.15,4.04,4.1,1592
2016-07-18 00:00:00+00:00,4.1,4.12,4.04,4.05,2894
2016-07-19 00:00:00+00:00,4.05,4.1,4.05,4.07,1404
2016-07-20 00:00:00+00:00,4.07,4.13,4.06,4.06,1285
2016-07-21 00:00:00+00:00,4.06,4.11,4.04,4.08,1469
2016-07-22 00:00:00+00:00,4.08,4.09,3.98,4.01,1085
2016-07-23 00:00:00+00:00,4.03,4.04,3.9699999999999998,4.0,2547
2016-07-24 00:00:00+00:00,4.0,4.05,3.98,4.01,2075
2016-07-25 00:00:00+00:00,4.0,4.03,3.99,3.99,1679
2016-07-26 00:00:00+00:00,3.99,4.01,3.84,3.94,4415
2016-07-27 00:00:00+00:00,3.94,3.9699999999999998,3.9,3.93,4990
2016-07-28 00:00:00+00:00,3.93,3.95,3.9,3.93,3599
2016-07-29 00:00:00+00:00,3.93,4.08,3.9,4.04,2018
2016-07-30 00:00:00+00:00,4.03,4.03,3.99,4.01,1854
2016-07-31 00:00:00+00:00,4.01,4.03,3.93,3.93,2602
2016-08-01 00:00:00+00:00,3.93,3.94,3.87,3.87,2595
2016-08-02 00:00:00+00:00,3.87,3.87,3.57,3.57,4117
2016-08-03 00:00:00+00:00,3.57,3.76,3.22,3.73,7146
2016-08-04 00:00:00+00:00,3.7199999999999998,3.77,3.65,3.71,5725
2016-08-05 00:00:00+00:00,3.7199999999999998,3.76,3.69,3.7199999999999998,2264
2016-08-06 00:00:00+00:00,3.71,3.79,3.7,3.74,2361
2016-08-07 00:00:00+00:00,3.74,3.79,3.71,3.76,3013
2016-08-08 00:00:00+00:00,3.76,3.7800000000000002,3.74,3.74,4826
2016-08-09 00:00:00+00:00,3.74,3.76,3.71,3.71,7816
2016-08-10 00:00:00+00:00,3.71,3.77,3.7,3.74,5720
2016-08-11 00:00:00+00:00,3.74,3.75,3.7,3.7199999999999998,7893
2016-08-12 00:00:00+00:00,3.7199999999999998,3.73,3.68,3.7,7017
2016-08-13 00:00:00+00:00,3.7,3.73,3.67,3.69,4701
2016-08-14 00:00:00+00:00,3.69,3.7,3.56,3.6,9413
2016-08-15 00:00:00+00:00,3.6,3.65,3.5300000000000002,3.55,7571
2016-08-16 00:00:00+00:00,3.55,3.64,3.54,3.62,6523
2016-08-17 00:00:00+00:00,3.62,3.65,3.57,3.57,6781
2016-08-18 00:00:00+00:00,3.57,3.62,3.57,3.59,6837
2016-08-19 00:00:00+00:00,3.59,3.61,3.56,3.59,7301
2016-08-20 00:00:00+00:00,3.6,3.61,3.58,3.59,6615
2016-08-21 00:00:00+00:00,3.59,3.61,3.57,3.59,3832
2016-08-22 00:00:00+00:00,3.58,3.67,3.54,3.65,4389
2016-08-23 00:00:00+00:00,3.65,4.01,3.64,3.91,8566
2016-08-24 00:00:00+00:00,3.91,3.99,3.87,3.87,7630
2016-08-25 00:00:00+00:00,3.87,3.88,3.75,3.76,7371
2016-08-26 00:00:00+00:00,3.76,3.86,3.76,3.82,6427
2016-08-27 00:00:00+00:00,3.82,3.83,3.73,3.74,6730
2016-08-28 00:00:00+00:00,3.75,3.76,3.7199999999999998,3.74,5535
2016-08-29 00:00:00+00:00,3.73,3.79,3.71,3.76,7624
2016-08-30 00:00:00+00:00,3.76,3.83,3.75,3.81,6898
2016-08-31 00:00:00+00:00,3.82,3.83,3.79,3.8,2534
2016-09-01 00:00:00+00:00,3.79,3.87,3.79,3.83,7527
2016-09-02 00:00:00+00:00,3.83,3.84,3.8,3.82,6072
2016-09-03 00:00:00+00:00,3.81,3.9,3.8,3.87,2407
2016-09-04 00:00:00+00:00,3.88,4.02,3.86,3.95,1973
2016-09-05 00:00:00+00:00,3.95,3.99,3.92,3.93,4007
2016-09-06 00:00:00+00:00,3.93,3.96,3.9,3.92,1383
2016-09-07 00:00:00+00:00,3.92,3.95,3.9,3.93,2026
2016-09-08 00:00:00+00:00,3.93,4.01,3.91,3.9699999999999998,1760
2016-09-09 00:00:00+00:00,3.9699999999999998,3.99,3.7800000000000002,3.94,1879
2016-09-10 00:00:00+00:00,3.95,3.98,3.94,3.96,1404
2016-09-11 00:00:00+00:00,3.95,3.9699999999999998,3.82,3.83,1332
2016-09-12 00:00:00+00:00,3.83,3.86,3.77,3.81,1894
2016-09-13 00:00:00+00:00,3.82,3.85,3.8,3.83,1595
2016-09-14 00:00:00+00:00,3.84,3.84,3.79,3.82,1293
2016-09-15 00:00:00+00:00,3.82,3.87,3.8,3.82,783
2016-09-16 00:00:00+00:00,3.82,3.85,3.8,3.82,2261
2016-09-17 00:00:00+00:00,3.82,3.83,3.8,3.8,510
2016-09-18 00:00:00+00:00,3.8,3.84,3.79,3.81,816
2016-09-19 00:00:00+00:00,3.82,3.85,3.7800000000000002,3.83,1650
2016-09-20 00:00:00+00:00,3.83,3.85,3.7800000000000002,3.83,533
2016-09-21 00:00:00+00:00,3.83,3.83,3.7199999999999998,3.77,1935
2016-09-22 00:00:00+00:00,3.77,3.79,3.69,3.75,1365
2016-09-23 00:00:00+00:00,3.75,3.83,3.73,3.8,2567
2016-09-24 00:00:00+00:00,3.8,3.84,3.79,3.8,707
2016-09-25 00:00:00+00:00,3.8,3.82,3.79,3.8,2000
2016-09-26 00:00:00+00:00,3.8,3.89,3.8,3.86,1284
2016-09-27 00:00:00+00:00,3.87,3.91,3.84,3.84,1057
2016-09-28 00:00:00+00:00,3.84,3.86,3.83,3.83,1374
2016-09-29 00:00:00+00:00,3.83,3.85,3.8,3.82,4614
2016-09-30 00:00:00+00:00,3.82,3.82,3.7800000000000002,3.7800000000000002,3053
2016-10-01 00:00:00+00:00,3.79,3.83,3.79,3.81,5963
2016-10-02 00:00:00+00:00,3.8,3.83,3.8,3.81,2331
2016-10-03 00:00:00+00:00,3.82,3.84,3.79,3.81,1467
2016-10-04 00:00:00+00:00,3.81,3.83,3.8,3.81,1424
2016-10-05 00:00:00+00:00,3.81,3.84,3.8,3.81,1022
2016-10-06 00:00:00+00:00,3.81,3.81,3.7800000000000002,3.8,3357
2016-10-07 00:00:00+00:00,3.8,3.85,3.8,3.84,2759
2016-10-08 00:00:00+00:00,3.84,3.85,3.82,3.82,630
2016-10-09 00:00:00+00:00,3.82,3.82,3.8,3.8,1591
2016-10-10 00:00:00+00:00,3.8,3.81,3.7800000000000002,3.7800000000000002,2385
2016-10-11 00:00:00+00:00,3.7800000000000002,3.85,3.76,3.81,2084
2016-10-12 00:00:00+00:00,3.82,3.82,3.77,3.77,3146
2016-10-13 00:00:00+00:00,3.77,3.93,3.76,3.87,4287
2016-10-14 00:00:00+00:00,3.87,3.89,3.85,3.86,4461
2016-10-15 00:00:00+00:00,3.86,3.88,3.85,3.88,2583
2016-10-16 00:00:00+00:00,3.88,3.88,3.84,3.85,2591
2016-10-17 00:00:00+00:00,3.85,3.87,3.83,3.84,2091
2016-10-18 00:00:00+00:00,3.84,3.85,3.79,3.83,3258
2016-10-19 00:00:00+00:00,3.82,3.82,3.75,3.7800000000000002,2741
2016-10-20 00:00:00+00:00,3.79,3.81,3.76,3.77,3509
2016-10-21 00:00:00+00:00,3.77,3.83,3.75,3.81,3819
2016-10-22 00:00:00+00:00,3.81,3.88,3.8,3.83,6319
2016-10-23 00:00:00+00:00,3.83,3.9,3.81,3.88,4459
2016-10-24 00:00:00+00:00,3.87,3.89,3.84,3.87,3880
2016-10-25 00:00:00+00:00,3.87,3.9,3.83,3.88,8999
2016-10-26 00:00:00+00:00,3.88,3.98,3.87,3.93,11401
2016-10-27 00:00:00+00:00,3.92,4.03,3.91,3.95,10141
2016-10-28 00:00:00+00:00,3.96,3.96,3.89,3.91,3545
2016-10-29 00:00:00+00:00,3.9,4.06,3.89,4.01,5705
2016-10-30 00:00:00+00:00,4.02,4.05,3.92,3.9699999999999998,5902
2016-10-31 00:00:00+00:00,3.96,3.9699999999999998,3.9,3.93,5399
2016-11-01 00:00:00+00:00,3.93,4.06,3.92,4.02,6169
2016-11-02 00:00:00+00:00,4.02,4.04,3.9699999999999998,4.01,5649
2016-11-03 00:00:00+00:00,4.01,4.08,3.8,3.86,6280
2016-11-04 00:00:00+00:00,3.86,3.88,3.8,3.83,5966
2016-11-05 00:00:00+00:00,3.84,3.87,3.84,3.85,2243
2016-11-06 00:00:00+00:00,3.87,3.87,3.81,3.84,4690
2016-11-07 00:00:00+00:00,3.84,3.84,3.7800000000000002,3.8,4032
2016-11-08 00:00:00+00:00,3.79,3.82,3.76,3.77,4581
2016-11-09 00:00:00+00:00,3.77,3.88,3.73,3.79,6665
2016-11-10 00:00:00+00:00,3.79,3.81,3.73,3.77,3238
2016-11-11 00:00:00+00:00,3.7800000000000002,3.8,3.76,3.77,2046
2016-11-12 00:00:00+00:00,3.77,3.7800000000000002,3.7,3.7199999999999998,4533
2016-11-13 00:00:00+00:00,3.7199999999999998,3.93,3.64,3.85,5126
2016-11-14 00:00:00+00:00,3.85,3.86,3.81,3.83,1697
2016-11-15 00:00:00+00:00,3.84,3.94,3.8,3.88,3620
2016-11-16 00:00:00+00:00,3.88,3.95,3.8,3.83,3901
2016-11-17 00:00:00+00:00,3.83,3.9,3.8,3.82,4636
2016-11-18 00:00:00+00:00,3.82,3.88,3.82,3.85,3282
2016-11-19 00:00:00+00:00,3.86,3.88,3.84,3.87,4336
2016-11-20 00:00:00+00:00,3.86,3.89,3.82,3.88,2556
2016-11-21 00:00:00+00:00,3.89,3.94,3.87,3.93,3542
2016-11-22 00:00:00+00:00,3.93,3.93,3.87,3.87,4494
2016-11-23 00:00:00+00:00,3.87,3.92,3.86,3.89,4032
2016-11-24 00:00:00+00:00,3.89,3.91,3.87,3.88,2207
2016-11-25 00:00:00+00:00,3.88,3.9,3.87,3.88,6044
2016-11-26 00:00:00+00:00,3.88,3.9,3.85,3.86,2523
2016-11-27 00:00:00+00:00,3.86,3.88,3.85,3.86,2817
2016-11-28 00:00:00+00:00,3.86,3.87,3.83,3.85,3632
2016-11-29 00:00:00+00:00,3.85,3.88,3.82,3.83,4172
2016-11-30 00:00:00+00:00,3.83,3.85,3.83,3.83,3524
2016-12-01 00:00:00+00:00,3.83,3.86,3.82,3.84,2505
2016-12-02 00:00:00+00:00,3.84,3.9,3.83,3.87,3827
2016-12-03 00:00:00+00:00,3.87,3.9,3.83,3.87,2540
2016-12-04 00:00:00+00:00,3.87,3.89,3.8,3.86,2648
2016-12-05 00:00:00+00:00,3.85,3.87,3.36,3.51,8084
2016-12-06 00:00:00+00:00,3.5,3.52,3.44,3.48,6006
2016-12-07 00:00:00+00:00,3.48,3.61,3.4699999999999998,3.59,4093
2016-12-08 00:00:00+00:00,3.59,3.68,3.58,3.65,4475
2016-12-09 00:00:00+00:00,3.65,3.67,3.62,3.64,3601
2016-12-10 00:00:00+00:00,3.64,3.65,3.6,3.62,3213
2016-12-11 00:00:00+00:00,3.62,3.63,3.57,3.58,4179
2016-12-12 00:00:00+00:00,3.59,3.64,3.57,3.61,3650
2016-12-13 00:00:00+00:00,3.6,3.63,3.56,3.61,2612
2016-12-14 00:00:00+00:00,3.61,3.62,3.54,3.58,3065
2016-12-15 00:00:00+00:00,3.59,3.63,3.55,3.6,3537
2016-12-16 00:00:00+00:00,3.6,3.63,3.58,3.59,2248
2016-12-17 00:00:00+00:00,3.59,3.64,3.56,3.62,3279
2016-12-18 00:00:00+00:00,3.62,3.66,3.62,3.62,3149
2016-12-19 00:00:00+00:00,3.62,3.63,3.58,3.6,2621
2016-12-20 00:00:00+00:00,3.6,3.61,3.58,3.58,2041
2016-12-21 00:00:00+00:00,3.59,3.67,3.58,3.59,3446
2016-12-22 00:00:00+00:00,3.59,3.66,3.57,3.62,4489
2016-12-23 00:00:00+00:00,3.62,4.2,3.59,4.12,5425
2016-12-24 00:00:00+00:00,4.12,4.6,4.1,4.39,6647
2016-12-26 00:00:00+00:00,4.13,4.23,4.03,4.13,3099
2016-12-27 00:00:00+00:00,4.13,4.39,4.02,4.22,4213
2016-12-28 00:00:00+00:00,4.21,4.45,4.21,4.31,4052
2016-12-29 00:00:00+00:00,4.32,4.4,4.27,4.35,5353
2016-12-30 00:00:00+00:00,4.35,4.39,4.09,4.21,6711
2016-12-31 00:00:00+00:00,4.21,4.25,4.1,4.16,6207
2017-01-02 00:00:00+00:00,4.31,4.59,4.26,4.4,8157
2017-01-03 00:00:00+00:00,4.4,4.51,4.31,4.35,5796
2017-01-04 00:00:00+00:00,4.35,4.6,4.32,4.38,5366
2017-01-05 00:00:00+00:00,4.37,4.48,4.01,4.11,4338
2017-01-06 00:00:00+00:00,4.11,4.2,3.63,3.65,5841
2017-01-07 00:00:00+00:00,3.65,3.84,3.4,3.71,7519
2017-01-08 00:00:00+00:00,3.71,3.82,3.68,3.79,6636
2017-01-09 00:00:00+00:00,3.79,4.17,3.73,4.13,4035
2017-01-10 00:00:00+00:00,4.13,4.52,4.06,4.43,4274
2017-01-11 00:00:00+00:00,4.43,4.45,3.77,3.87,7155
2017-01-12 00:00:00+00:00,3.87,4.07,3.76,4.03,6078
2017-01-13 00:00:00+00:00,4.03,4.03,3.8,3.87,3878
2017-01-14 00:00:00+00:00,3.87,3.9,3.82,3.86,2855
2017-01-15 00:00:00+00:00,3.86,3.92,3.84,3.86,5396
2017-01-16 00:00:00+00:00,3.86,3.87,3.8,3.8,4333
2017-01-17 00:00:00+00:00,3.82,3.92,3.7800000000000002,3.86,2613
2017-01-18 00:00:00+00:00,3.86,3.89,3.74,3.7800000000000002,2645
2017-01-19 00:00:00+00:00,3.7800000000000002,3.87,3.75,3.81,4338
2017-01-20 00:00:00+00:00,3.82,3.9,3.77,3.84,3163
2017-01-21 00:00:00+00:00,3.84,3.88,3.83,3.85,1871
2017-01-22 00:00:00+00:00,3.85,3.85,3.76,3.8,3221
2017-01-23 00:00:00+00:00,3.8,3.81,3.76,3.79,1966
2017-01-24 00:00:00+00:00,3.79,3.8,3.75,3.77,1937
2017-01-25 00:00:00+00:00,3.77,3.7800000000000002,3.64,3.65,2730
2017-01-26 00:00:00+00:00,3.65,3.83,3.63,3.79,3823
2017-01-27 00:00:00+00:00,3.7800000000000002,3.8,3.7199999999999998,3.79,1980
2017-01-28 00:00:00+00:00,3.79,3.84,3.77,3.82,1774
2017-01-29 00:00:00+00:00,3.83,3.83,3.7800000000000002,3.8,895
2017-01-30 00:00:00+00:00,3.8,3.95,3.8,3.95,1878
2017-01-31 00:00:00+00:00,3.96,4.12,3.93,4.0,2928
2017-02-01 00:00:00+00:00,4.0,4.01,3.94,3.98,3035
2017-02-02 00:00:00+00:00,3.98,4.0,3.92,3.99,2896
2017-02-03 00:00:00+00:00,3.99,4.01,3.88,3.95,3776
2017-02-04 00:00:00+00:00,3.94,3.96,3.86,3.89,2782
2017-02-05 00:00:00+00:00,3.89,3.91,3.84,3.87,1741
2017-02-06 00:00:00+00:00,3.87,3.9,3.85,3.9,2275
2017-02-07 00:00:00+00:00,3.9,3.93,3.86,3.89,2485
2017-02-08 00:00:00+00:00,3.9,3.93,3.85,3.87,3574
2017-02-09 00:00:00+00:00,3.86,3.9,3.52,3.61,4995
2017-02-10 00:00:00+00:00,3.6,3.7800000000000002,3.56,3.76,4845
2017-02-11 00:00:00+00:00,3.75,3.7800000000000002,3.56,3.75,2242
2017-02-12 00:00:00+00:00,3.75,3.75,3.6,3.7199999999999998,2480
2017-02-13 00:00:00+00:00,3.7199999999999998,3.74,3.67,3.71,2524
2017-02-14 00:00:00+00:00,3.71,3.74,3.63,3.7199999999999998,1847
2017-02-15 00:00:00+00:00,3.7199999999999998,3.83,3.63,3.81,1984
2017-02-16 00:00:00+00:00,3.8,3.87,3.7800000000000002,3.81,2354
2017-02-17 00:00:00+00:00,3.82,3.83,3.77,3.81,2444
2017-02-18 00:00:00+00:00,3.81,3.82,3.74,3.76,2076
2017-02-19 00:00:00+00:00,3.76,3.77,3.7,3.7,1977
2017-02-20 00:00:00+00:00,3.7,3.76,3.67,3.71,2135
2017-02-21 00:00:00+00:00,3.71,3.77,3.7,3.73,3603
2017-02-22 00:00:00+00:00,3.73,3.81,3.71,3.77,2498
2017-02-23 00:00:00+00:00,3.77,3.85,3.75,3.7800000000000002,1874
2017-02-24 00:00:00+00:00,3.7800000000000002,3.87,3.77,3.8,3483
2017-02-25 00:00:00+00:00,3.8,3.85,3.7800000000000002,3.81,1924
2017-02-26 00:00:00+00:00,3.81,3.84,3.79,3.79,2892
2017-02-27 00:00:00+00:00,3.79,3.83,3.73,3.81,1965
2017-02-28 00:00:00+00:00,3.8,3.82,3.75,3.77,1122
2017-03-01 00:00:00+00:00,3.77,3.82,3.74,3.8,2091
2017-03-02 00:00:00+00:00,3.79,4.32,3.77,3.95,5064
2017-03-03 00:00:00+00:00,3.96,4.05,3.91,4.0,6334
2017-03-04 00:00:00+00:00,3.99,4.0,3.9,3.96,1873
2017-03-05 00:00:00+00:00,3.96,3.96,3.89,3.91,1845
2017-03-06 00:00:00+00:00,3.9,4.03,3.9,4.02,1493
2017-03-07 00:00:00+00:00,4.01,4.05,3.9,3.92,2415
2017-03-08 00:00:00+00:00,3.94,3.96,3.76,3.77,1510
2017-03-09 00:00:00+00:00,3.76,3.91,3.75,3.84,2608
2017-03-10 00:00:00+00:00,3.84,3.91,3.67,3.71,2579
2017-03-11 00:00:00+00:00,3.71,3.86,3.68,3.77,2394
2017-03-12 00:00:00+00:00,3.77,3.88,3.76,3.85,3036
2017-03-13 00:00:00+00:00,3.85,4.49,3.81,4.22,5234
2017-03-14 00:00:00+00:00,4.21,4.34,4.05,4.07,3432
2017-03-15 00:00:00+00:00,4.08,4.37,4.07,4.24,3509
2017-03-16 00:00:00+00:00,4.23,4.57,4.15,4.39,5451
2017-03-17 00:00:00+00:00,4.39,4.42,4.12,4.22,8217
2017-03-18 00:00:00+00:00,4.22,4.36,3.88,3.91,6543
2017-03-19 00:00:00+00:00,3.91,4.2,3.9,3.99,5297
2017-03-20 00:00:00+00:00,3.99,4.13,3.92,4.1,3440
2017-03-21 00:00:00+00:00,4.12,4.19,4.06,4.12,3653
2017-03-22 00:00:00+00:00,4.12,4.18,4.02,4.03,4189
2017-03-23 00:00:00+00:00,4.03,4.13,4.02,4.08,3586
2017-03-24 00:00:00+00:00,4.07,4.32,4.05,4.2,4824
2017-03-25 00:00:00+00:00,4.2,4.3,4.05,4.13,5985
2017-03-26 00:00:00+00:00,4.13,4.16,4.1,4.11,3025
2017-03-27 00:00:00+00:00,4.11,4.22,4.08,4.14,4895
2017-03-28 00:00:00+00:00,4.14,4.24,4.1,4.17,4060
2017-03-29 00:00:00+00:00,4.17,4.33,4.14,4.29,4473
2017-03-30 00:00:00+00:00,4.29,7.95,3.8,6.8,16534
2017-03-31 00:00:00+00:00,6.8100000000000005,7.82,5.89,7.28,13038
2017-04-01 00:00:00+00:00,7.28,7.55,6.51,7.19,9198
2017-04-02 00:00:00+00:00,7.19,8.51,7.01,7.93,9401
2017-04-03 00:00:00+00:00,7.93,9.17,7.48,8.81,11834
2017-04-04 00:00:00+00:00,8.8,9.4,8.2,8.94,9351
2017-04-05 00:00:00+00:00,8.94,11.78,8.8,11.55,9194
2017-04-06 00:00:00+00:00,11.55,12.56,10.07,10.4,12359
2017-04-07 00:00:00+00:00,10.4,11.2,9.4,10.07,9828
2017-04-08 00:00:00+00:00,10.07,11.14,9.73,10.68,6445
2017-04-09 00:00:00+00:00,10.67,10.94,8.75,9.2,8445
2017-04-10 00:00:00+00:00,9.2,10.09,8.81,9.95,6922
2017-04-11 00:00:00+00:00,9.95,10.23,8.94,9.47,5663
2017-04-12 00:00:00+00:00,9.47,12.07,9.42,11.48,9473
2017-04-13 00:00:00+00:00,11.48,11.79,10.71,10.97,5960
2017-04-14 00:00:00+00:00,10.97,11.92,10.94,11.75,4560
2017-04-15 00:00:00+00:00,11.75,12.15,11.16,11.77,4064
2017-04-16 00:00:00+00:00,11.75,11.82,11.47,11.71,2622
2017-04-17 00:00:00+00:00,11.68,12.84,11.65,12.0,6044
2017-04-18 00:00:00+00:00,12.0,12.15,10.6,11.2,7454
2017-04-19 00:00:00+00:00,11.2,11.25,10.13,10.58,5165
2017-04-20 00:00:00+00:00,10.54,11.42,9.98,10.8,6088
2017-04-21 00:00:00+00:00,10.8,12.4,10.8,11.85,6502
2017-04-22 00:00:00+00:00,11.85,13.99,11.72,13.89,8902
2017-04-23 00:00:00+00:00,13.89,15.87,13.66,15.42,9659
2017-04-24 00:00:00+00:00,15.42,15.59,14.16,14.85,5541
2017-04-25 00:00:00+00:00,14.86,15.01,14.21,14.5,4710
2017-04-26 00:00:00+00:00,14.5,15.76,14.5,14.9,6376
2017-04-27 00:00:00+00:00,14.9,15.0,13.33,14.25,6926
2017-04-28 00:00:00+00:00,14.21,14.63,13.89,14.53,5173
2017-04-29 00:00:00+00:00,14.49,15.25,14.11,15.01,4980
2017-04-30 00:00:00+00:00,15.01,15.8,15.0,15.22,5094
2017-05-01 00:00:00+00:00,15.2,15.73,14.72,14.93,5887
2017-05-02 00:00:00+00:00,14.93,15.58,14.8,15.39,4953
2017-05-03 00:00:00+00:00,15.39,19.92,15.15,19.9,10930
2017-05-04 00:00:00+00:00,19.91,24.11,19.08,20.48,11908
2017-05-05 00:00:00+00:00,20.48,25.91,19.59,23.71,11639
2017-05-06 00:00:00+00:00,23.71,25.78,23.71,25.7,5792
2017-05-07 00:00:00+00:00,25.7,29.1,25.7,28.31,7296
2017-05-08 00:00:00+00:00,28.31,29.75,26.49,27.7,8339
2017-05-09 00:00:00+00:00,27.79,28.99,23.49,28.8,11452
2017-05-10 00:00:00+00:00,28.8,36.25,28.53,31.45,14289
2017-05-11 00:00:00+00:00,31.4,32.79,26.6,29.12,10024
2017-05-12 00:00:00+00:00,29.12,30.59,25.68,26.75,6558
2017-05-13 00:00:00+00:00,26.75,27.9,24.44,26.55,6558
2017-05-14 00:00:00+00:00,26.51,29.3,26.1,27.11,5452
2017-05-15 00:00:00+00:00,27.11,27.5,23.99,24.25,6492
2017-05-16 00:00:00+00:00,24.25,25.34,20.88,22.78,8892
2017-05-17 00:00:00+00:00,22.78,25.25,20.44,23.29,9711
2017-05-18 00:00:00+00:00,23.29,26.96,23.03,26.82,6971
2017-05-19 00:00:00+00:00,26.82,28.0,25.76,26.32,6845
2017-05-20 00:00:00+00:00,26.32,27.65,25.9,26.57,4873
2017-05-21 00:00:00+00:00,26.57,28.2,24.83,25.82,6794
2017-05-22 00:00:00+00:00,25.82,26.62,22.55,24.38,10212
2017-05-23 00:00:00+00:00,24.38,30.29,23.3,29.36,10693
2017-05-24 00:00:00+00:00,29.36,34.3,28.7,33.25,10478
2017-05-25 00:00:00+00:00,33.25,34.49,26.77,28.98,11268
2017-05-26 00:00:00+00:00,28.99,30.27,23.6,25.02,10677
2017-05-27 00:00:00+00:00,25.02,25.99,15.0,21.05,13115
2017-05-28 00:00:00+00:00,21.06,25.56,19.94,21.33,9504
2017-05-29 00:00:00+00:00,21.33,25.13,21.33,25.12,7274
2017-05-30 00:00:00+00:00,25.01,26.2,23.96,24.53,6596
2017-05-31 00:00:00+00:00,24.51,25.32,23.2,24.63,6410
2017-06-01 00:00:00+00:00,24.63,28.67,24.4,26.7,8088
2017-06-02 00:00:00+00:00,26.7,27.6,25.7,26.65,5209
2017-06-03 00:00:00+00:00,26.77,27.46,26.07,26.69,5253
2017-06-04 00:00:00+00:00,26.65,27.66,25.83,27.14,4915
2017-06-05 00:00:00+00:00,27.14,30.59,27.0,29.75,6896
2017-06-06 00:00:00+00:00,29.85,30.28,27.5,28.89,7320
2017-06-07 00:00:00+00:00,28.9,29.4,28.0,28.55,4739
2017-06-08 00:00:00+00:00,28.55,29.71,27.3,29.05,5434
2017-06-09 00:00:00+00:00,29.05,29.69,28.54,28.8,4676
2017-06-10 00:00:00+00:00,28.8,29.48,28.5,28.77,5693
2017-06-11 00:00:00+00:00,28.75,31.89,28.44,31.59,8438
2017-06-12 00:00:00+00:00,31.59,32.79,26.1,28.01,10467
2017-06-13 00:00:00+00:00,28.22,30.1,28.01,29.19,6149
2017-06-14 00:00:00+00:00,29.19,30.85,28.11,29.19,7198
2017-06-15 00:00:00+00:00,29.2,30.07,26.66,29.57,10461
2017-06-16 00:00:00+00:00,29.58,33.85,28.75,32.9,8605
2017-06-17 00:00:00+00:00,32.86,45.87,32.26,44.5,14390
2017-06-18 00:00:00+00:00,44.43,45.6,38.53,39.61,11019
2017-06-19 00:00:00+00:00,39.61,49.47,39.61,45.83,11616
2017-06-20 00:00:00+00:00,45.87,47.17,43.0,43.3,7410
2017-06-21 00:00:00+00:00,43.27,46.55,42.22,44.0,7246
2017-06-22 00:00:00+00:00,44.02,47.21,42.9,46.0,6134
2017-06-23 00:00:00+00:00,46.0,46.18,44.6,44.81,4539
2017-06-24 00:00:00+00:00,44.81,45.2,40.15,42.27,4724
2017-06-25 00:00:00+00:00,42.27,43.63,40.94,41.15,4853
2017-06-26 00:00:00+00:00,41.15,41.75,34.36,35.15,9087
2017-06-27 00:00:00+00:00,35.15,38.94,34.6,38.11,8162
2017-06-28 00:00:00+00:00,38.11,41.83,37.2,41.53,6575
2017-06-29 00:00:00+00:00,41.56,41.9,38.38,39.85,4428
2017-06-30 00:00:00+00:00,39.85,40.52,38.64,39.17,2662
2017-07-01 00:00:00+00:00,39.17,39.2,36.67,36.72,3472
2017-07-02 00:00:00+00:00,36.72,40.25,36.23,39.77,3353
2017-07-03 00:00:00+00:00,39.77,46.7,39.33,45.39,7160
2017-07-04 00:00:00+00:00,45.39,51.99,44.1,49.89,7732
2017-07-05 00:00:00+00:00,50.0,53.85,48.16,49.74,8826
2017-07-06 00:00:00+00:00,49.76,51.41,48.53,49.5,4978
2017-07-07 00:00:00+00:00,49.5,50.45,44.0,45.52,6759
2017-07-08 00:00:00+00:00,45.52,49.6,44.29,48.43,5874
2017-07-09 00:00:00+00:00,48.45,51.28,48.43,49.19,5636
2017-07-10 00:00:00+00:00,49.19,49.82,44.95,45.45,7065
2017-07-11 00:00:00+00:00,45.46,46.0,41.15,42.9,10940
2017-07-12 00:00:00+00:00,42.8,47.39,42.3,45.64,8031
2017-07-13 00:00:00+00:00,45.6,46.7,43.24,43.83,7232
2017-07-14 00:00:00+00:00,43.83,44.7,39.44,40.18,9216
2017-07-15 00:00:00+00:00,40.04,41.78,37.61,38.69,10589
2017-07-16 00:00:00+00:00,38.69,40.5,35.45,38.3,11078
2017-07-17 00:00:00+00:00,38.3,42.87,37.78,41.55,11374
2017-07-18 00:00:00+00:00,41.53,43.9,40.32,42.46,10082
2017-07-19 00:00:00+00:00,42.17,43.44,39.47,40.03,8182
2017-07-20 00:00:00+00:00,40.03,44.6,39.6,42.79,10544
2017-07-21 00:00:00+00:00,43.0,45.17,41.8,43.36,10000
2017-07-22 00:00:00+00:00,43.36,44.37,43.24,44.04,5413
2017-07-23 00:00:00+00:00,44.1,44.96,41.6,42.8,5539
2017-07-24 00:00:00+00:00,42.8,44.0,42.3,43.77,4171
2017-07-25 00:00:00+00:00,43.77,44.11,41.0,41.28,3616
2017-07-26 00:00:00+00:00,41.25,41.29,41.21,41.27,302
2017-07-27 00:00:00+00:00,41.99,42.17,40.6,41.45,32368
2017-07-28 00:00:00+00:00,41.44,42.15,39.5,40.54,64365
2017-07-29 00:00:00+00:00,40.54,41.36,38.37,41.21,44669
2017-07-30 00:00:00+00:00,41.21,41.95,39.56,40.54,35842
2017-07-31 00:00:00+00:00,40.55,43.45,38.1,42.65,29570
2017-08-01 00:00:00+00:00,42.65,43.62,40.19,43.5,42614
2017-08-02 00:00:00+00:00,43.5,44.37,40.0,41.86,33943
2017-08-03 00:00:00+00:00,41.86,42.99,41.44,42.41,35621
2017-08-04 00:00:00+00:00,42.41,43.61,40.67,42.87,33617
2017-08-05 00:00:00+00:00,42.86,47.14,42.75,45.79,39950
2017-08-06 00:00:00+00:00,45.79,46.89,45.0,45.0,36806
2017-08-07 00:00:00+00:00,45.0,46.79,44.95,45.72,27663
2017-08-08 00:00:00+00:00,45.72,46.71,45.63,46.68,29981
2017-08-09 00:00:00+00:00,46.68,50.14,46.49,48.02,31377
2017-08-10 00:00:00+00:00,48.02,48.59,47.08,47.33,28810
2017-08-11 00:00:00+00:00,47.33,47.91,45.98,46.86,26710
2017-08-12 00:00:00+00:00,46.86,47.62,46.22,46.73,33869
2017-08-13 00:00:00+00:00,46.73,47.74,43.86,45.19,30798
2017-08-14 00:00:00+00:00,45.23,46.1,44.85,45.14,29053
2017-08-15 00:00:00+00:00,45.14,45.57,41.31,43.09,39014
2017-08-16 00:00:00+00:00,43.1,44.85,41.96,44.79,36928
2017-08-17 00:00:00+00:00,44.77,44.77,42.91,43.71,27866
2017-08-18 00:00:00+00:00,43.71,47.84,43.01,43.99,32235
2017-08-19 00:00:00+00:00,43.98,47.0,42.69,44.7,38165
2017-08-20 00:00:00+00:00,44.7,47.31,43.83,46.63,22976
2017-08-21 00:00:00+00:00,46.63,47.1,45.04,47.0,37391
2017-08-22 00:00:00+00:00,46.99,48.86,44.5,46.05,43703
2017-08-23 00:00:00+00:00,46.06,54.54,45.76,54.2,34992
2017-08-24 00:00:00+00:00,54.2,54.86,50.13,51.72,47168
2017-08-25 00:00:00+00:00,51.7,52.27,49.25,51.03,32393
2017-08-26 00:00:00+00:00,51.05,52.11,49.5,51.47,31701
2017-08-27 00:00:00+00:00,51.47,64.17,51.21,63.02,36108
2017-08-28 00:00:00+00:00,63.03,64.85,58.53,62.75,44011
2017-08-29 00:00:00+00:00,62.75,63.89,60.51,63.53,34449
2017-08-30 00:00:00+00:00,63.44,63.44,61.34,62.99,21133
2017-08-31 00:00:00+00:00,63.0,72.81,62.9,72.05,34174
2017-09-01 00:00:00+00:00,72.05,89.81,71.14,87.66,45162
2017-09-02 00:00:00+00:00,87.66,93.6,72.24,74.09,53048
2017-09-03 00:00:00+00:00,74.09,83.52,71.92,78.33,39137
2017-09-04 00:00:00+00:00,78.31,80.4,61.4,69.63,46477
2017-09-05 00:00:00+00:00,69.63,73.51,60.55,72.6,48807
2017-09-06 00:00:00+00:00,72.6,81.71,71.11,79.71,35569
2017-09-07 00:00:00+00:00,79.71,82.91,76.86,79.42,29578
2017-09-08 00:00:00+00:00,79.42,82.2,68.01,70.18,31472
2017-09-09 00:00:00+00:00,70.3,74.05,67.9,70.27,38519
2017-09-10 00:00:00+00:00,70.27,72.37,62.4,68.02,40785
2017-09-11 00:00:00+00:00,68.02,71.42,65.28,67.5,40988
2017-09-12 00:00:00+00:00,67.52,71.91,63.87,67.04,30888
2017-09-13 00:00:00+00:00,67.01,67.41,57.15,61.7,31121
2017-09-14 00:00:00+00:00,61.67,62.78,46.37,49.79,34858
2017-09-15 00:00:00+00:00,49.8,54.89,32.35,52.35,46738
2017-09-16 00:00:00+00:00,52.35,56.66,49.4,51.63,40752
2017-09-17 00:00:00+00:00,51.63,52.65,47.44,51.65,31532
2017-09-18 00:00:00+00:00,51.65,57.29,50.4,54.9,34128
2017-09-19 00:00:00+00:00,54.85,56.91,50.85,52.65,32307
2017-09-20 00:00:00+00:00,52.65,54.74,50.85,52.85,23350
2017-09-21 00:00:00+00:00,52.84,52.86,45.0,46.91,22274
2017-09-22 00:00:00+00:00,46.92,48.6,44.48,47.7,29733
2017-09-23 00:00:00+00:00,47.57,49.78,44.0,49.1,28361
2017-09-24 00:00:00+00:00,49.1,49.2,46.9,47.4,16357
2017-09-25 00:00:00+00:00,47.4,53.09,47.12,52.34,12970
2017-09-26 00:00:00+00:00,52.3,53.66,51.19,52.52,11721
2017-09-27 00:00:00+00:00,52.52,56.65,52.34,56.03,12839
2017-09-28 00:00:00+00:00,56.03,57.32,53.89,54.46,17080
2017-09-29 00:00:00+00:00,54.45,55.25,50.42,53.32,18739
2017-10-02 00:00:00+00:00,54.1,55.1,53.0,53.33,13972
2017-10-03 00:00:00+00:00,53.35,53.45,51.01,51.74,12396
2017-10-04 00:00:00+00:00,51.75,52.87,50.4,50.47,9485
2017-10-05 00:00:00+00:00,50.47,51.7,50.02,51.52,7413
2017-10-06 00:00:00+00:00,51.5,52.68,51.25,51.84,9626
2017-10-09 00:00:00+00:00,53.87,53.99,47.85,49.81,12803
2017-10-10 00:00:00+00:00,49.84,51.68,49.45,50.95,12374
2017-10-11 00:00:00+00:00,50.97,51.2,50.03,50.65,8564
2017-10-12 00:00:00+00:00,50.65,59.59,50.53,56.45,14423
2017-10-13 00:00:00+00:00,56.45,60.69,54.68,58.29,23901
2017-10-16 00:00:00+00:00,63.35,66.98,61.98,64.61,18805
2017-10-17 00:00:00+00:00,64.62,65.41,59.08,59.5,15820
2017-10-18 00:00:00+00:00,59.5,60.15,53.74,59.39,19386
2017-10-19 00:00:00+00:00,59.39,61.84,58.16,59.45,17582
2017-10-20 00:00:00+00:00,59.45,61.9,58.01,60.38,16665
2017-10-23 00:00:00+00:00,55.3,56.56,51.11,54.57,14458
2017-10-24 00:00:00+00:00,54.66,58.84,52.0,56.81,15377
2017-10-25 00:00:00+00:00,56.81,56.81,53.23,55.2,11359
2017-10-26 00:00:00+00:00,55.17,56.78,54.86,54.95,9559
2017-10-27 00:00:00+00:00,54.96,55.9,54.53,54.81,9914
2017-10-30 00:00:00+00:00,57.38,58.7,55.6,56.09,11738
2017-10-31 00:00:00+00:00,56.09,56.67,55.53,55.74,9894
2017-11-01 00:00:00+00:00,55.74,55.85,54.01,54.35,9167
2017-11-02 00:00:00+00:00,54.35,54.9,49.01,53.6,18857
2017-11-03 00:00:00+00:00,53.56,55.74,52.92,55.09,18090
2017-11-06 00:00:00+00:00,54.53,55.75,53.25,54.73,12431
2017-11-07 00:00:00+00:00,54.74,63.3,54.21,61.88,18605
2017-11-08 00:00:00+00:00,61.95,63.45,59.9,62.25,16433
2017-11-09 00:00:00+00:00,62.26,66.67,61.2,64.48,16004
2017-11-10 00:00:00+00:00,64.46,65.55,56.16,59.37,15477
2017-11-13 00:00:00+00:00,58.01,61.49,56.0,59.68,27310
2017-11-14 00:00:00+00:00,59.68,63.2,59.2,62.63,20013
2017-11-15 00:00:00+00:00,62.64,64.77,61.47,62.52,18589
2017-11-16 00:00:00+00:00,62.52,64.7,62.4,64.65,18588
2017-11-17 00:00:00+00:00,64.65,72.67,64.65,68.0,25963
2017-11-20 00:00:00+00:00,70.9,73.14,70.32,72.61,16113
2017-11-21 00:00:00+00:00,72.6,73.29,67.24,70.2,17170
2017-11-22 00:00:00+00:00,70.2,71.52,68.92,71.17,14600
2017-11-23 00:00:00+00:00,71.27,76.14,70.26,75.19,17827
2017-11-24 00:00:00+00:00,75.11,76.55,71.71,75.5,19666
2017-11-27 00:00:00+00:00,86.6,92.8,85.06,89.59,21285
2017-11-28 00:00:00+00:00,89.57,94.54,88.61,92.95,18209
2017-11-29 00:00:00+00:00,92.94,102.66,73.04,88.79,27642
2017-11-30 00:00:00+00:00,88.83,91.0,73.9,83.18,30265
2017-12-01 00:00:00+00:00,83.18,98.84,80.79,98.12,25994
2017-12-04 00:00:00+00:00,97.17,101.16,92.65,100.74,20278
2017-12-05 00:00:00+00:00,100.7,102.53,98.0,100.59,23154
2017-12-06 00:00:00+00:00,100.42,101.24,95.0,95.45,19222
2017-12-07 00:00:00+00:00,95.46,96.96,83.4,93.02,22426
2017-12-08 00:00:00+00:00,93.02,127.5,87.93,119.4,32947
2017-12-11 00:00:00+00:00,139.83,195.55,139.83,191.6,43732
2017-12-12 00:00:00+00:00,191.6,313.38,191.5,309.45,46003
2017-12-13 00:00:00+00:00,309.33,347.5,268.07,303.02,53519
2017-12-14 00:00:00+00:00,303.35,308.15,251.19,268.46,49936
2017-12-15 00:00:00+00:00,268.46,314.3,245.0,302.03,49080
2017-12-18 00:00:00+00:00,316.1,341.8,291.01,334.11,43137
2017-12-19 00:00:00+00:00,334.95,370.0,321.0,324.14,46589
2017-12-20 00:00:00+00:00,324.13,340.88,294.99,301.0,46759
2017-12-21 00:00:00+00:00,300.93,326.74,280.0,299.11,46848
2017-12-22 00:00:00+00:00,299.12,306.94,173.78,256.47,46423
2017-12-26 00:00:00+00:00,260.98,280.87,256.53,275.89,42478
2017-12-27 00:00:00+00:00,275.99,282.96,249.88,261.24,37825
2017-12-28 00:00:00+00:00,261.26,264.59,220.87,234.8,41499
2017-12-29 00:00:00+00:00,234.81,255.88,233.48,236.83,32871
2017-12-30 00:00:00+00:00,236.83,241.96,193.63,212.18,42299
2017-12-31 00:00:00+00:00,212.18,231.49,202.36,226.75,43230
2018-01-02 00:00:00+00:00,224.43,257.23,221.49,249.35,42278
2018-01-03 00:00:00+00:00,249.36,253.68,237.72,243.78,35492
2018-01-04 00:00:00+00:00,243.78,244.48,221.11,230.09,40613
2018-01-05 00:00:00+00:00,230.35,249.94,229.48,245.63,40788
2018-01-06 00:00:00+00:00,245.59,305.3,239.58,279.72,42091
2018-01-07 00:00:00+00:00,279.73,287.02,262.49,271.38,37585
2018-01-08 00:00:00+00:00,271.39,276.25,228.66,253.49,40154
2018-01-09 00:00:00+00:00,253.49,256.8,234.91,245.91,42146
2018-01-10 00:00:00+00:00,245.91,246.81,226.48,244.58,37862
2018-01-11 00:00:00+00:00,244.58,251.35,212.39,228.1,42897
2018-01-12 00:00:00+00:00,228.11,240.06,216.14,232.46,78016
2018-01-13 00:00:00+00:00,232.46,249.48,230.48,246.74,32746
2018-01-14 00:00:00+00:00,246.74,268.19,224.48,234.09,29641
2018-01-15 00:00:00+00:00,234.11,242.66,230.95,235.49,32278
2018-01-16 00:00:00+00:00,234.84,235.17,156.23,166.12,42971
2018-01-17 00:00:00+00:00,166.14,192.5,136.62,192.49,43596
2018-01-18 00:00:00+00:00,192.51,202.02,170.86,192.49,42824
2018-01-19 00:00:00+00:00,192.46,200.29,179.17,187.95,37563
2018-01-20 00:00:00+00:00,187.95,212.76,185.48,210.19,29322
2018-01-21 00:00:00+00:00,210.22,211.17,182.59,185.79,29915
2018-01-22 00:00:00+00:00,185.8,193.48,164.48,169.09,33394
2018-01-23 00:00:00+00:00,169.19,184.98,162.49,178.29,38400
2018-01-24 00:00:00+00:00,178.28,185.04,170.21,179.5,33371
2018-01-25 00:00:00+00:00,179.5,183.47,174.98,177.94,28089
2018-01-26 00:00:00+00:00,177.97,181.08,164.48,172.09,28111
2018-01-27 00:00:00+00:00,172.03,182.89,170.82,180.78,28638
2018-01-28 00:00:00+00:00,180.78,195.39,178.69,193.95,23929
2018-01-29 00:00:00+00:00,193.96,195.71,178.28,180.75,27869
2018-01-30 00:00:00+00:00,180.75,180.78,159.13,166.68,29648
2018-01-31 00:00:00+00:00,166.69,171.69,155.57,159.66,28659
2018-02-01 00:00:00+00:00,159.62,165.37,132.29,145.49,30637
2018-02-02 00:00:00+00:00,145.49,145.53,105.56,126.69,40329
2018-02-03 00:00:00+00:00,126.46,164.59,118.79,152.91,35230
2018-02-04 00:00:00+00:00,153.02,172.75,134.6,139.9,40483
2018-02-05 00:00:00+00:00,139.9,152.64,115.86,127.65,44035
2018-02-06 00:00:00+00:00,127.67,144.79,105.03,141.93,45643
2018-02-07 00:00:00+00:00,141.97,155.67,128.98,146.9,38935
2018-02-08 00:00:00+00:00,146.9,150.01,135.48,145.48,33575
2018-02-09 00:00:00+00:00,145.48,160.47,140.27,156.48,31479
2018-02-10 00:00:00+00:00,156.2,167.61,147.65,148.52,41332
2018-02-11 00:00:00+00:00,148.52,154.74,139.83,152.31,38792
2018-02-12 00:00:00+00:00,152.32,162.04,146.26,158.95,34612
2018-02-13 00:00:00+00:00,158.94,162.16,150.58,157.97,33197
2018-02-14 00:00:00+00:00,157.97,214.98,157.97,205.71,36535
2018-02-15 00:00:00+00:00,205.71,234.71,204.7,206.42,41801
2018-02-16 00:00:00+00:00,206.42,233.08,206.42,225.43,35086
2018-02-17 00:00:00+00:00,225.44,231.14,221.51,227.17,24740
2018-02-18 00:00:00+00:00,227.17,229.61,209.77,216.2,15795
2018-02-19 00:00:00+00:00,216.2,225.16,211.15,221.29,30794
2018-02-20 00:00:00+00:00,221.29,251.32,218.95,242.36,37132
2018-02-21 00:00:00+00:00,242.37,247.27,202.2,203.46,40710
2018-02-22 00:00:00+00:00,203.46,219.47,186.84,191.47,36663
2018-02-23 00:00:00+00:00,191.3,214.01,180.33,198.47,31840
2018-02-24 00:00:00+00:00,198.0,216.76,192.45,196.48,32991
2018-02-25 00:00:00+00:00,196.48,220.65,195.64,220.05,34671
2018-02-26 00:00:00+00:00,220.05,230.79,212.82,218.64,34504
2018-02-27 00:00:00+00:00,218.64,222.12,209.84,217.68,28747
2018-02-28 00:00:00+00:00,217.65,221.89,203.78,205.62,24580
2018-03-01 00:00:00+00:00,205.62,213.98,198.78,211.13,20498
2018-03-02 00:00:00+00:00,211.09,211.94,199.99,205.48,14940
2018-03-03 00:00:00+00:00,205.48,217.05,205.48,208.33,17625
2018-03-04 00:00:00+00:00,208.33,210.21,203.24,207.48,9221
2018-03-05 00:00:00+00:00,210.03,215.27,207.22,209.99,16744
2018-03-06 00:00:00+00:00,209.99,210.52,190.34,197.36,17908
2018-03-07 00:00:00+00:00,197.36,197.81,171.84,184.04,25011
2018-03-08 00:00:00+00:00,184.04,187.48,171.72,176.76,21003
2018-03-09 00:00:00+00:00,176.76,188.32,157.27,181.46,30112
2018-03-10 00:00:00+00:00,181.47,193.18,174.09,174.58,22308
2018-03-11 00:00:00+00:00,185.9,191.85,185.13,187.77,5140
2018-03-12 00:00:00+00:00,187.77,191.81,172.54,177.2,26566
2018-03-13 00:00:00+00:00,177.21,180.61,168.97,172.47,25650
2018-03-14 00:00:00+00:00,172.47,176.43,158.8,161.58,28983
2018-03-15 00:00:00+00:00,161.58,165.86,148.37,161.49,23583
2018-03-16 00:00:00+00:00,161.49,170.35,156.69,167.68,24262
2018-03-17 00:00:00+00:00,167.68,168.31,149.48,150.41,16365
2018-03-18 00:00:00+00:00,150.4,155.37,135.79,144.84,25344
2018-03-19 00:00:00+00:00,144.84,162.08,144.54,155.08,26388
2018-03-20 00:00:00+00:00,155.18,171.99,154.28,168.09,23521
2018-03-21 00:00:00+00:00,168.1,173.7,163.93,167.58,17767
2018-03-22 00:00:00+00:00,167.58,170.73,159.48,159.65,20669
2018-03-23 00:00:00+00:00,159.65,163.58,154.73,161.28,19820
2018-03-24 00:00:00+00:00,161.28,168.48,159.58,163.31,17159
2018-03-25 00:00:00+00:00,163.31,163.31,155.47,159.58,15855
2018-03-26 00:00:00+00:00,159.58,161.31,140.63,141.55,18550
2018-03-27 00:00:00+00:00,141.55,150.19,135.68,137.51,23956
2018-03-28 00:00:00+00:00,137.58,139.29,128.78,130.39,16942
2018-03-29 00:00:00+00:00,130.4,131.85,112.26,112.26,23641
2018-03-30 00:00:00+00:00,112.26,124.47,108.6,115.47,35830
2018-03-31 00:00:00+00:00,115.45,122.77,114.89,115.39,21397
2018-04-01 00:00:00+00:00,115.39,117.14,105.48,113.78,18133
2018-04-02 00:00:00+00:00,113.78,119.97,112.29,115.72,13280
2018-04-03 00:00:00+00:00,115.91,135.0,114.78,131.78,14966
2018-04-04 00:00:00+00:00,131.69,133.01,113.87,116.07,15447
2018-04-05 00:00:00+00:00,116.07,120.78,112.06,117.1,16145
2018-04-06 00:00:00+00:00,117.05,118.67,110.48,112.36,10338
2018-04-07 00:00:00+00:00,112.36,118.11,110.28,116.09,7350
2018-04-08 00:00:00+00:00,115.56,116.99,113.93,115.56,6536
2018-04-09 00:00:00+00:00,115.69,121.52,111.19,112.03,9476
2018-04-10 00:00:00+00:00,112.03,114.44,109.87,112.49,6772
2018-04-11 00:00:00+00:00,112.52,114.62,111.02,112.67,3790
2018-04-12 00:00:00+00:00,112.6,126.6,111.63,123.68,11303
2018-04-13 00:00:00+00:00,123.68,132.35,122.55,125.48,18527
2018-04-14 00:00:00+00:00,125.48,128.22,122.98,127.25,10967
2018-04-15 00:00:00+00:00,127.24,132.17,125.19,129.91,14698
2018-04-16 00:00:00+00:00,129.91,132.64,124.28,127.05,15195
2018-04-17 00:00:00+00:00,127.06,139.6,126.47,133.4,17750
2018-04-18 00:00:00+00:00,133.4,139.28,131.48,138.48,14952
2018-04-19 00:00:00+00:00,138.55,146.77,137.92,144.45,15492
2018-04-20 00:00:00+00:00,144.45,152.98,142.66,151.75,15971
2018-04-21 00:00:00+00:00,151.75,156.28,140.17,145.13,20327
2018-04-22 00:00:00+00:00,145.19,152.35,143.56,148.78,16010
2018-04-23 00:00:00+00:00,148.66,152.85,144.99,151.02,15089
2018-04-24 00:00:00+00:00,151.03,165.25,150.66,163.46,18592
2018-04-25 00:00:00+00:00,163.47,165.45,141.78,148.29,25713
2018-04-26 00:00:00+00:00,148.3,150.18,141.27,150.17,24295
2018-04-27 00:00:00+00:00,150.18,153.85,144.38,145.99,19283
2018-04-28 00:00:00+00:00,145.99,152.88,144.28,151.68,19515
2018-04-29 00:00:00+00:00,151.68,154.65,147.05,150.47,23041
2018-04-30 00:00:00+00:00,150.48,153.92,147.89,148.98,16596
2018-05-01 00:00:00+00:00,148.98,149.01,142.19,145.34,16648
2018-05-02 00:00:00+00:00,145.34,150.51,145.34,150.45,14694
2018-05-03 00:00:00+00:00,150.45,164.27,149.61,161.27,21061
2018-05-04 00:00:00+00:00,161.26,165.91,156.79,165.91,22844
2018-05-05 00:00:00+00:00,165.91,183.24,165.71,175.95,26201
2018-05-06 00:00:00+00:00,175.95,183.95,164.61,168.8,26238
2018-05-07 00:00:00+00:00,168.87,172.22,156.83,165.7,25295
2018-05-08 00:00:00+00:00,165.7,167.52,156.62,156.67,18885
2018-05-09 00:00:00+00:00,156.68,159.35,149.94,156.49,19977
2018-05-10 00:00:00+00:00,156.49,160.1,150.48,150.52,17198
2018-05-11 00:00:00+00:00,150.5,151.8,133.46,134.33,22760
2018-05-12 00:00:00+00:00,134.28,143.61,130.18,140.2,24619
2018-05-13 00:00:00+00:00,140.2,145.45,135.57,144.76,25329
2018-05-14 00:00:00+00:00,144.77,152.28,133.4,150.1,22740
2018-05-15 00:00:00+00:00,150.1,150.66,137.98,139.57,19815
2018-05-16 00:00:00+00:00,139.57,140.37,133.29,137.28,26253
2018-05-17 00:00:00+00:00,137.28,140.68,132.75,133.88,19614
2018-05-18 00:00:00+00:00,133.83,137.05,128.05,136.25,25663
2018-05-19 00:00:00+00:00,136.26,137.09,132.58,134.01,20175
2018-05-20 00:00:00+00:00,134.01,140.1,131.9,139.22,19264
2018-05-21 00:00:00+00:00,139.22,139.87,132.99,134.26,20747
2018-05-22 00:00:00+00:00,134.27,135.27,128.81,128.84,20883
2018-05-23 00:00:00+00:00,128.83,129.41,115.28,119.82,24781
2018-05-24 00:00:00+00:00,119.82,124.5,113.66,123.0,15285
2018-05-25 00:00:00+00:00,123.0,124.0,117.0,118.0,2320
2018-05-28 00:00:00+00:00,116.5,118.5,111.5,113.0,2049
2018-05-29 00:00:00+00:00,113.0,122.0,109.5,120.0,3198
2018-05-30 00:00:00+00:00,120.0,122.25,114.5,116.75,2614
2018-05-31 00:00:00+00:00,116.5,120.5,116.0,118.75,2692
2018-06-01 00:00:00+00:00,118.5,120.0,116.5,118.0,2078
2018-06-04 00:00:00+00:00,124.5,126.0,118.0,119.5,2265
2018-06-05 00:00:00+00:00,119.5,122.0,116.0,120.5,2490
2018-06-06 00:00:00+00:00,120.5,122.5,118.0,120.0,2345
2018-06-07 00:00:00+00:00,119.5,123.0,119.5,120.0,1463
2018-06-08 00:00:00+00:00,119.5,121.5,118.0,119.5,1213
2018-06-11 00:00:00+00:00,105.0,108.0,102.5,104.5,2661
2018-06-12 00:00:00+00:00,104.5,107.5,97.5,99.0,3163
2018-06-13 00:00:00+00:00,98.0,100.0,89.0,91.5,3573
2018-06-14 00:00:00+00:00,92.0,102.5,91.0,101.5,3116
2018-06-15 00:00:00+00:00,102.0,102.0,96.0,97.0,1887
2018-06-18 00:00:00+00:00,95.0,99.0,93.0,98.5,1870
2018-06-19 00:00:00+00:00,98.5,101.0,96.5,97.5,1237
2018-06-20 00:00:00+00:00,98.0,98.5,95.5,97.5,1068
2018-06-21 00:00:00+00:00,97.0,99.0,96.0,96.0,1034
2018-06-22 00:00:00+00:00,96.0,96.5,82.5,83.5,1849
2018-06-25 00:00:00+00:00,83.0,84.0,78.5,81.5,1778
2018-06-26 00:00:00+00:00,81.5,82.0,78.0,78.5,1143
2018-06-27 00:00:00+00:00,78.5,80.5,74.5,79.5,1508
2018-06-28 00:00:00+00:00,79.5,81.5,77.5,78.0,860
2018-06-29 00:00:00+00:00,77.5,77.5,72.5,73.5,1547
2018-07-02 00:00:00+00:00,79.0,86.0,78.0,85.0,1364
2018-07-03 00:00:00+00:00,85.5,89.5,84.5,87.0,1302
2018-07-04 00:00:00+00:00,87.0,88.5,83.0,86.5,1115
2018-07-05 00:00:00+00:00,86.0,86.5,82.0,82.5,2363
2018-07-06 00:00:00+00:00,82.0,83.5,80.5,82.5,1221
2018-07-09 00:00:00+00:00,83.0,83.0,80.5,80.5,1168
2018-07-10 00:00:00+00:00,80.5,82.5,74.0,77.5,2048
2018-07-11 00:00:00+00:00,77.5,80.5,74.5,76.5,1731
2018-07-12 00:00:00+00:00,76.5,78.0,74.0,75.5,1257
2018-07-13 00:00:00+00:00,75.0,78.0,74.0,75.5,1461
2018-07-16 00:00:00+00:00,79.0,83.5,77.5,82.5,1654
2018-07-17 00:00:00+00:00,82.0,89.5,81.0,88.5,1875
2018-07-18 00:00:00+00:00,88.5,94.0,86.0,87.92,2384
2018-07-19 00:00:00+00:00,87.0,88.5,84.5,86.0,1621
2018-07-20 00:00:00+00:00,86.0,87.5,81.0,82.0,1593
2018-07-23 00:00:00+00:00,83.0,85.5,81.5,81.5,1283
2018-07-24 00:00:00+00:00,81.5,89.0,80.5,87.0,1737
2018-07-25 00:00:00+00:00,87.0,90.5,84.5,87.0,1182
2018-07-26 00:00:00+00:00,87.0,87.5,85.5,85.5,665
2018-07-27 00:00:00+00:00,84.5,85.0,81.0,84.0,1089
2018-07-30 00:00:00+00:00,83.0,84.0,78.25,80.75,1542
2018-07-31 00:00:00+00:00,81.0,81.0,74.7,76.25,1561
2018-08-01 00:00:00+00:00,76.0,77.75,74.7,74.75,1543
2018-08-02 00:00:00+00:00,75.0,77.0,74.2,74.75,1488
2018-08-03 00:00:00+00:00,74.5,75.75,73.5,75.5,1498
2018-08-06 00:00:00+00:00,73.0,75.25,71.5,72.0,1286
2018-08-07 00:00:00+00:00,72.25,73.5,67.75,67.75,996
2018-08-08 00:00:00+00:00,66.25,67.75,59.5,61.25,1727
2018-08-09 00:00:00+00:00,61.0,62.75,58.75,62.25,1151
2018-08-10 00:00:00+00:00,62.5,63.5,58.5,58.75,1434
2018-08-13 00:00:00+00:00,58.0,59.25,54.25,54.75,1201
2018-08-14 00:00:00+00:00,54.5,55.25,47.75,50.75,1790
2018-08-15 00:00:00+00:00,50.5,57.75,50.25,54.5,1840
2018-08-16 00:00:00+00:00,54.25,56.25,52.5,53.75,1555
2018-08-17 00:00:00+00:00,53.7,58.25,53.25,57.25,1446
2018-08-20 00:00:00+00:00,56.75,57.0,53.25,54.25,1492
2018-08-21 00:00:00+00:00,54.5,55.0,51.75,54.25,993
2018-08-22 00:00:00+00:00,54.45,57.75,52.75,53.25,1180
2018-08-23 00:00:00+00:00,53.0,55.2,52.75,54.25,770
2018-08-24 00:00:00+00:00,55.0,56.75,54.25,56.25,724
2018-08-27 00:00:00+00:00,55.25,56.75,55.25,56.5,724
2018-08-28 00:00:00+00:00,56.25,62.25,56.25,61.25,823
2018-08-29 00:00:00+00:00,61.5,62.0,58.75,60.25,526
2018-08-30 00:00:00+00:00,60.5,60.75,57.2,58.5,652
2018-08-31 00:00:00+00:00,58.75,61.25,58.25,60.5,649
2018-09-03 00:00:00+00:00,64.0,64.75,62.75,64.0,548
2018-09-04 00:00:00+00:00,64.25,67.85,63.75,66.5,694
2018-09-05 00:00:00+00:00,66.75,67.25,57.75,58.75,926
2018-09-06 00:00:00+00:00,59.0,59.25,52.5,54.75,988
2018-09-07 00:00:00+00:00,54.5,56.75,53.75,55.0,774
2018-09-10 00:00:00+00:00,54.75,54.75,51.7,52.25,870
2018-09-11 00:00:00+00:00,52.5,53.25,48.75,49.25,685
2018-09-12 00:00:00+00:00,49.5,50.4,45.5,50.25,1032
2018-09-13 00:00:00+00:00,50.0,53.75,49.65,52.5,1081
2018-09-14 00:00:00+00:00,52.5,57.25,51.5,56.5,834
2018-09-17 00:00:00+00:00,55.75,56.25,50.0,50.25,694
2018-09-18 00:00:00+00:00,50.5,53.75,49.25,52.75,890
2018-09-19 00:00:00+00:00,52.5,53.65,50.25,53.0,866
2018-09-20 00:00:00+00:00,52.5,53.6,51.8,52.5,2242
2018-09-21 00:00:00+00:00,52.25,60.75,52.25,59.25,5392
2018-09-24 00:00:00+00:00,59.21,60.21,55.46,56.76,2732
2018-09-25 00:00:00+00:00,56.85,57.1,52.58,56.19,4564
2018-09-26 00:00:00+00:00,56.17,58.11,54.91,57.1,4127
2018-09-27 00:00:00+00:00,57.6,63.95,54.96,62.46,7824
2018-09-28 00:00:00+00:00,62.35,63.6,58.63,59.96,7825
2018-10-01 00:00:00+00:00,55.46,60.3,55.46,58.43,12066
2018-10-02 00:00:00+00:00,58.68,59.93,57.09,57.94,14469
2018-10-03 00:00:00+00:00,58.19,58.69,54.84,55.15,2853
2018-10-04 00:00:00+00:00,54.15,57.4,54.15,56.61,808
2018-10-05 00:00:00+00:00,56.11,57.11,54.61,56.11,1037
2018-10-08 00:00:00+00:00,55.61,58.03,55.36,57.78,655
2018-10-09 00:00:00+00:00,57.53,57.78,56.25,56.5,1836
2018-10-10 00:00:00+00:00,56.25,57.5,55.0,55.74,624
2018-10-11 00:00:00+00:00,55.49,55.99,48.48,50.24,2578
2018-10-12 00:00:00+00:00,50.49,51.51,47.99,51.26,1769
2018-10-15 00:00:00+00:00,49.51,54.96,48.51,51.46,6240
2018-10-16 00:00:00+00:00,51.46,52.46,50.47,50.96,2935
2018-10-17 00:00:00+00:00,50.72,51.72,50.46,50.72,1497
2018-10-18 00:00:00+00:00,49.22,51.46,48.98,49.48,1321
2018-10-19 00:00:00+00:00,49.49,51.38,49.24,51.13,845
2018-10-22 00:00:00+00:00,50.63,51.38,49.63,50.38,436
2018-10-23 00:00:00+00:00,50.13,50.88,49.63,50.13,851
2018-10-24 00:00:00+00:00,50.08,51.13,50.08,50.38,5775
2018-10-25 00:00:00+00:00,50.13,51.88,49.88,50.13,3105
2018-10-26 00:00:00+00:00,50.88,50.88,49.63,50.13,379
2018-10-29 00:00:00+00:00,49.63,49.88,45.62,46.88,879
2018-10-30 00:00:00+00:00,45.63,47.63,45.63,46.88,1373
2018-10-31 00:00:00+00:00,46.88,48.64,46.07,48.13,1741
2018-11-01 00:00:00+00:00,47.88,48.53,47.72,48.49,2284
2018-11-02 00:00:00+00:00,48.58,50.08,46.97,49.6,1978
2018-11-05 00:00:00+00:00,52.38,53.13,51.13,51.58,4822
2018-11-06 00:00:00+00:00,51.63,53.48,51.23,53.28,9231
2018-11-07 00:00:00+00:00,53.33,54.83,51.68,52.39,9516
2018-11-08 00:00:00+00:00,52.13,52.87,51.03,51.37,5570
2018-11-09 00:00:00+00:00,51.44,51.53,49.53,49.63,5583
2018-11-12 00:00:00+00:00,48.83,49.83,48.43,49.19,3969
2018-11-13 00:00:00+00:00,49.09,49.49,47.34,47.99,4547
2018-11-14 00:00:00+00:00,47.99,49.09,38.33,40.09,14961
2018-11-15 00:00:00+00:00,39.44,41.69,37.49,40.74,14314
2018-11-16 00:00:00+00:00,40.79,41.81,40.29,40.61,8706
2018-11-19 00:00:00+00:00,40.31,41.01,33.67,34.68,12775
2018-11-20 00:00:00+00:00,34.82,36.26,29.04,31.11,17709
2018-11-21 00:00:00+00:00,31.18,32.68,29.38,31.63,13943
2018-11-22 00:00:00+00:00,31.63,33.08,31.08,31.68,8525
2018-11-23 00:00:00+00:00,31.63,31.73,28.83,29.83,9348
2018-11-26 00:00:00+00:00,29.43,30.28,25.98,27.43,9501
2018-11-27 00:00:00+00:00,26.98,29.13,26.68,29.09,7558
2018-11-28 00:00:00+00:00,28.83,34.46,28.43,32.94,8522
2018-11-29 00:00:00+00:00,32.48,33.93,31.26,31.62,6640
2018-11-30 00:00:00+00:00,31.08,32.58,29.23,29.81,6132
2018-12-03 00:00:00+00:00,32.03,32.33,27.98,29.43,4088
2018-12-04 00:00:00+00:00,29.03,30.33,28.02,29.23,5679
2018-12-05 00:00:00+00:00,29.43,29.53,27.08,27.58,3185
2018-12-06 00:00:00+00:00,27.47,28.63,25.58,26.43,3776
2018-12-07 00:00:00+00:00,26.33,26.38,20.68,23.19,7657
2018-12-10 00:00:00+00:00,22.43,24.13,22.08,22.61,3407
2018-12-11 00:00:00+00:00,22.69,22.98,21.16,21.88,5028
2018-12-12 00:00:00+00:00,21.73,23.54,21.42,22.9,2838
2018-12-13 00:00:00+00:00,22.95,23.33,21.03,21.35,1725
2018-12-14 00:00:00+00:00,21.43,22.08,20.43,21.03,1342
2018-12-17 00:00:00+00:00,22.69,28.99,22.69,27.4,4083
2018-12-18 00:00:00+00:00,27.38,27.98,26.13,27.02,4803
2018-12-19 00:00:00+00:00,26.91,30.28,26.9,27.13,4048
2018-12-20 00:00:00+00:00,27.12,31.63,27.06,30.43,6960
2018-12-21 00:00:00+00:00,30.08,31.38,28.04,28.68,8529
2018-12-24 00:00:00+00:00,30.61,35.08,30.61,32.78,3543
2018-12-26 00:00:00+00:00,29.26,30.28,27.55,28.28,3604
2018-12-27 00:00:00+00:00,28.41,29.38,25.95,26.32,5626
2018-12-28 00:00:00+00:00,26.25,32.13,25.53,30.58,5050
2018-12-31 00:00:00+00:00,28.58,30.13,28.58,28.88,2771
2019-01-02 00:00:00+00:00,29.49,31.53,28.98,31.43,3638
2019-01-03 00:00:00+00:00,31.43,32.03,29.38,29.89,3589
2019-01-04 00:00:00+00:00,29.84,31.13,29.21,30.71,6399
2019-01-07 00:00:00+00:00,37.14,37.93,35.14,36.38,4345
2019-01-08 00:00:00+00:00,36.28,39.58,35.71,37.56,6594
2019-01-09 00:00:00+00:00,37.38,38.44,36.86,37.6,5720
2019-01-10 00:00:00+00:00,37.65,37.7,30.33,31.85,6973
2019-01-11 00:00:00+00:00,31.39,32.08,30.38,31.18,5279
2019-01-14 00:00:00+00:00,28.12,31.33,28.08,30.38,1713
2019-01-15 00:00:00+00:00,30.08,30.88,28.63,28.98,5330
2019-01-16 00:00:00+00:00,28.98,30.63,28.98,29.68,5047
2019-01-17 00:00:00+00:00,29.51,29.99,26.88,29.83,2189
2019-01-18 00:00:00+00:00,29.63,30.28,28.98,29.44,4004
2019-01-21 00:00:00+00:00,29.12,29.8,28.36,29.24,2287
2019-01-22 00:00:00+00:00,29.1,30.54,27.84,29.89,2676
2019-01-23 00:00:00+00:00,29.81,30.69,29.69,30.09,2645
2019-01-24 00:00:00+00:00,29.59,31.69,28.99,31.02,4126
2019-01-25 00:00:00+00:00,30.99,31.44,29.84,30.69,6651
2019-01-28 00:00:00+00:00,30.89,31.09,28.29,28.79,5126
2019-01-29 00:00:00+00:00,28.79,29.74,28.34,29.29,4446
2019-01-30 00:00:00+00:00,28.91,30.24,28.79,29.69,4916
2019-01-31 00:00:00+00:00,29.79,30.55,28.44,29.64,2399
2019-02-01 00:00:00+00:00,28.84,31.69,28.84,31.59,2421
2019-02-04 00:00:00+00:00,31.09,32.52,31.09,32.37,12575
2019-02-05 00:00:00+00:00,32.21,32.53,31.77,32.36,35788
2019-02-06 00:00:00+00:00,32.37,32.6,30.32,30.91,31556
2019-02-07 00:00:00+00:00,30.9,31.66,30.65,31.24,12793
2019-02-08 00:00:00+00:00,31.23,43.1,30.67,39.64,66514
2019-02-11 00:00:00+00:00,44.44,45.19,39.83,40.69,105508
2019-02-12 00:00:00+00:00,40.74,42.41,39.9,41.37,78036
2019-02-13 00:00:00+00:00,41.17,42.65,38.76,39.78,88659
2019-02-14 00:00:00+00:00,39.35,40.54,38.35,39.84,72813
2019-02-15 00:00:00+00:00,39.75,42.59,38.11,40.35,72882
2019-02-18 00:00:00+00:00,41.12,47.21,41.12,45.48,113095
2019-02-19 00:00:00+00:00,45.17,47.32,44.92,45.71,138123
2019-02-20 00:00:00+00:00,45.85,50.36,44.62,48.86,88278
2019-02-21 00:00:00+00:00,48.96,49.76,45.98,46.95,113007
2019-02-22 00:00:00+00:00,46.71,47.88,46.21,47.25,39881
2019-02-25 00:00:00+00:00,43.23,45.2,41.07,43.63,83467
2019-02-26 00:00:00+00:00,43.66,44.4,42.55,42.86,114675
2019-02-27 00:00:00+00:00,42.89,43.83,40.92,42.4,80901
2019-02-28 00:00:00+00:00,42.39,45.06,42.2,44.29,69671
2019-03-01 00:00:00+00:00,44.34,47.2,43.79,46.51,42772
2019-03-04 00:00:00+00:00,46.02,46.44,43.16,43.98,75941
2019-03-05 00:00:00+00:00,43.93,52.51,43.73,50.23,76723
2019-03-06 00:00:00+00:00,50.19,54.98,49.64,53.44,75719
2019-03-07 00:00:00+00:00,53.47,57.3,52.29,55.21,64332
2019-03-08 00:00:00+00:00,54.69,55.79,53.54,54.41,63423
2019-03-11 00:00:00+00:00,55.03,55.48,52.16,52.73,51674
2019-03-12 00:00:00+00:00,52.32,55.12,50.57,54.57,26589
2019-03-13 00:00:00+00:00,54.61,55.04,52.6,53.44,23745
2019-03-14 00:00:00+00:00,53.36,56.25,51.55,53.96,22222
2019-03-15 00:00:00+00:00,53.97,57.1,53.74,56.69,22309
2019-03-18 00:00:00+00:00,58.97,60.69,56.44,57.62,31465
2019-03-19 00:00:00+00:00,57.58,58.17,56.59,57.38,32627
2019-03-20 00:00:00+00:00,57.24,58.68,55.37,58.32,14533
2019-03-21 00:00:00+00:00,58.09,59.07,55.72,56.76,14880
2019-03-22 00:00:00+00:00,56.81,57.93,56.38,57.37,10661
2019-03-25 00:00:00+00:00,57.53,58.78,56.27,56.74,12989
2019-03-26 00:00:00+00:00,56.55,57.46,55.59,56.42,14531
2019-03-27 00:00:00+00:00,56.39,59.69,56.29,59.4,13079
2019-03-28 00:00:00+00:00,59.48,60.05,58.46,58.75,8460
2019-03-29 00:00:00+00:00,58.77,59.92,58.33,59.47,9946
2019-04-01 00:00:00+00:00,58.88,59.28,58.36,58.63,7887
2019-04-02 00:00:00+00:00,58.58,72.17,58.58,71.5,42607
2019-04-03 00:00:00+00:00,71.52,97.86,71.26,95.03,67748
2019-04-04 00:00:00+00:00,95.47,95.8,73.74,80.95,96700
2019-04-05 00:00:00+00:00,81.01,88.75,80.69,86.49,73507
2019-04-08 00:00:00+00:00,89.76,93.1,85.03,87.01,87905
2019-04-09 00:00:00+00:00,86.09,88.29,82.48,86.06,65435
2019-04-10 00:00:00+00:00,85.51,90.36,84.75,86.94,23454
2019-04-11 00:00:00+00:00,86.0,87.27,73.84,77.31,44109
2019-04-12 00:00:00+00:00,77.16,79.5,74.02,77.02,41691
2019-04-15 00:00:00+00:00,77.39,83.16,73.53,75.9,46393
2019-04-16 00:00:00+00:00,75.74,80.36,75.63,79.23,38943
2019-04-17 00:00:00+00:00,79.16,80.63,77.05,78.06,41969
2019-04-18 00:00:00+00:00,78.09,82.39,77.12,81.74,33835
2019-04-19 00:00:00+00:00,81.6,82.25,78.53,80.47,39030
2019-04-22 00:00:00+00:00,74.52,76.79,73.97,75.63,32354
2019-04-23 00:00:00+00:00,75.5,78.25,74.65,75.53,44342
2019-04-24 00:00:00+00:00,75.59,75.59,68.97,71.06,60368
2019-04-25 00:00:00+00:00,71.17,73.19,70.58,72.54,39711
2019-04-26 00:00:00+00:00,72.47,72.6,67.4,69.09,64220
2019-04-29 00:00:00+00:00,65.55,66.9,63.24,64.6,32047
2019-04-30 00:00:00+00:00,64.01,71.15,63.94,70.79,28040
2019-05-01 00:00:00+00:00,70.66,73.41,69.61,70.35,22461
2019-05-02 00:00:00+00:00,70.59,71.88,69.95,70.49,21496
2019-05-03 00:00:00+00:00,70.98,78.12,70.37,76.47,47191
2019-05-06 00:00:00+00:00,74.61,74.87,69.51,73.27,45225
2019-05-07 00:00:00+00:00,73.29,76.37,71.32,72.82,56200
2019-05-08 00:00:00+00:00,71.84,74.0,69.99,72.14,43102
2019-05-09 00:00:00+00:00,71.99,73.81,70.68,71.45,42633
2019-05-10 00:00:00+00:00,71.57,77.64,70.88,75.23,51622
2019-05-13 00:00:00+00:00,85.34,91.93,82.39,88.14,85207
2019-05-14 00:00:00+00:00,86.48,93.02,84.74,86.58,107756
2019-05-15 00:00:00+00:00,86.41,102.76,85.79,99.22,93867
2019-05-16 00:00:00+00:00,99.09,106.09,89.33,91.64,133012
2019-05-17 00:00:00+00:00,92.51,96.1,78.58,85.16,127659
2019-05-20 00:00:00+00:00,93.24,95.79,85.77,91.07,81105
2019-05-21 00:00:00+00:00,91.63,91.99,87.85,91.24,78672
2019-05-22 00:00:00+00:00,91.41,91.41,82.91,87.83,57326
2019-05-23 00:00:00+00:00,87.45,87.6,83.16,86.91,62370
2019-05-24 00:00:00+00:00,86.97,102.54,86.28,101.47,79449
2019-05-27 00:00:00+00:00,105.99,120.58,105.99,112.95,104226
2019-05-28 00:00:00+00:00,111.6,118.11,110.03,113.45,80571
2019-05-29 00:00:00+00:00,112.31,116.83,107.03,114.62,63132
2019-05-30 00:00:00+00:00,113.5,119.15,106.3,109.08,74199
2019-05-31 00:00:00+00:00,109.17,110.24,99.37,109.48,93250
2019-06-03 00:00:00+00:00,110.91,114.69,107.23,110.26,59839
2019-06-04 00:00:00+00:00,108.95,110.2,95.21,99.43,81527
2019-06-05 00:00:00+00:00,98.55,103.7,96.48,101.05,66662
2019-06-06 00:00:00+00:00,100.78,104.06,98.42,103.35,53381
2019-06-07 00:00:00+00:00,102.71,119.78,102.71,113.45,67417
2019-06-10 00:00:00+00:00,112.22,127.79,110.1,124.14,70366
2019-06-11 00:00:00+00:00,122.85,137.52,122.74,136.62,84453
2019-06-12 00:00:00+00:00,135.77,142.73,128.99,132.65,111337
2019-06-13 00:00:00+00:00,132.48,135.42,125.47,129.98,82187
2019-06-14 00:00:00+00:00,129.19,131.72,123.5,128.0,85961
2019-06-17 00:00:00+00:00,134.44,136.1,129.93,132.38,88443
2019-06-18 00:00:00+00:00,131.44,135.35,126.71,132.78,91691
2019-06-19 00:00:00+00:00,131.55,138.07,129.09,137.32,69561
2019-06-20 00:00:00+00:00,136.25,137.91,130.81,134.25,66490
2019-06-21 00:00:00+00:00,133.78,140.07,132.34,136.26,84222
2019-06-24 00:00:00+00:00,136.04,138.42,130.49,131.3,62511
2019-06-25 00:00:00+00:00,130.69,135.36,127.17,130.51,42988
2019-06-26 00:00:00+00:00,129.69,136.8,122.6,127.71,114281
2019-06-27 00:00:00+00:00,128.86,130.42,107.07,110.54,171936
2019-06-28 00:00:00+00:00,109.13,120.13,109.05,117.9,123775
2019-07-01 00:00:00+00:00,126.97,128.72,111.01,117.16,76493
2019-07-02 00:00:00+00:00,117.05,122.43,109.44,115.52,92806
2019-07-03 00:00:00+00:00,113.84,121.4,113.41,116.46,80346
2019-07-04 00:00:00+00:00,115.55,125.61,115.4,121.61,70317
2019-07-05 00:00:00+00:00,120.24,122.23,112.51,117.02,56441
2019-07-08 00:00:00+00:00,116.93,120.0,116.52,119.6,20897
2019-07-09 00:00:00+00:00,118.69,123.91,116.28,116.62,25085
2019-07-10 00:00:00+00:00,115.67,118.81,99.28,105.21,46715
2019-07-11 00:00:00+00:00,103.18,106.72,93.43,100.15,62294
2019-07-12 00:00:00+00:00,99.0,105.46,98.6,103.62,29541
2019-07-15 00:00:00+00:00,88.11,91.8,83.06,89.35,54510
2019-07-16 00:00:00+00:00,88.3,90.62,74.58,78.2,46720
2019-07-17 00:00:00+00:00,76.93,93.15,75.12,89.27,53954
2019-07-18 00:00:00+00:00,87.81,103.25,85.5,98.74,60763
2019-07-19 00:00:00+00:00,97.59,101.55,92.35,95.85,45962
2019-07-22 00:00:00+00:00,96.01,99.18,89.25,93.31,25644
2019-07-23 00:00:00+00:00,92.54,93.84,86.88,91.86,28737
2019-07-24 00:00:00+00:00,91.43,95.55,85.25,91.99,33773
2019-07-25 00:00:00+00:00,91.37,95.21,87.27,91.05,21776
2019-07-26 00:00:00+00:00,90.43,92.96,88.53,92.48,15849
2019-07-29 00:00:00+00:00,86.52,90.73,80.42,89.1,33548
2019-07-30 00:00:00+00:00,88.24,91.13,86.76,88.43,26744
2019-07-31 00:00:00+00:00,88.32,97.86,87.41,96.7,24346
2019-08-01 00:00:00+00:00,95.71,99.07,92.33,97.05,36974
2019-08-02 00:00:00+00:00,96.22,97.84,89.01,92.18,32136
2019-08-05 00:00:00+00:00,90.08,105.43,89.99,95.73,52735
2019-08-06 00:00:00+00:00,94.72,97.62,87.68,90.86,46143
2019-08-07 00:00:00+00:00,89.76,92.76,83.43,87.79,45061
2019-08-08 00:00:00+00:00,86.9,90.98,85.26,86.94,42824
2019-08-09 00:00:00+00:00,86.17,88.82,80.83,82.86,36321
2019-08-12 00:00:00+00:00,87.53,88.94,83.0,84.17,21160
2019-08-13 00:00:00+00:00,83.27,84.88,81.36,82.31,23852
2019-08-14 00:00:00+00:00,81.21,84.26,72.62,75.27,39617
2019-08-15 00:00:00+00:00,74.58,76.01,68.55,74.62,52014
2019-08-16 00:00:00+00:00,74.88,75.49,70.61,73.56,38661
2019-08-19 00:00:00+00:00,74.86,77.32,73.93,74.05,22500
2019-08-20 00:00:00+00:00,73.12,75.72,71.65,73.28,19061
2019-08-21 00:00:00+00:00,72.39,74.58,68.3,71.99,26334
2019-08-22 00:00:00+00:00,71.12,72.96,68.39,72.06,26570
2019-08-23 00:00:00+00:00,71.0,74.43,70.54,73.25,15674
2019-08-26 00:00:00+00:00,68.68,73.93,68.17,71.44,22577
2019-08-27 00:00:00+00:00,70.39,72.22,68.24,70.73,13437
2019-08-28 00:00:00+00:00,69.75,71.37,62.14,64.52,20536
2019-08-29 00:00:00+00:00,63.51,65.4,60.12,62.42,23778
2019-08-30 00:00:00+00:00,61.45,63.87,60.52,63.52,14165
2019-09-02 00:00:00+00:00,63.8,66.52,63.31,66.05,17455
2019-09-03 00:00:00+00:00,65.01,68.43,64.69,67.75,18618
2019-09-04 00:00:00+00:00,66.69,69.36,64.82,65.98,21584
2019-09-05 00:00:00+00:00,65.98,66.29,60.53,62.95,13762
2019-09-06 00:00:00+00:00,62.07,66.51,62.07,63.45,19252
2019-09-09 00:00:00+00:00,66.93,69.9,64.95,67.59,18259
2019-09-10 00:00:00+00:00,66.69,71.49,66.17,69.13,18533
2019-09-11 00:00:00+00:00,68.08,70.08,65.28,67.06,18271
2019-09-12 00:00:00+00:00,66.02,68.35,66.01,67.18,13257
2019-09-13 00:00:00+00:00,66.26,68.06,65.43,66.48,13175
2019-09-16 00:00:00+00:00,67.54,70.35,67.48,69.79,11754
2019-09-17 00:00:00+00:00,68.84,75.88,68.84,75.16,17764
2019-09-18 00:00:00+00:00,73.98,78.6,72.0,76.6,24853
2019-09-19 00:00:00+00:00,75.57,77.43,69.04,74.54,31786
2019-09-20 00:00:00+00:00,73.67,75.75,70.04,72.6,21696
2019-09-23 00:00:00+00:00,69.39,72.47,69.2,69.41,18054
2019-09-24 00:00:00+00:00,64.99,67.49,52.78,55.74,55728
2019-09-25 00:00:00+00:00,54.17,57.18,50.56,55.68,58559
2019-09-26 00:00:00+00:00,54.34,56.79,48.55,52.23,38227
2019-09-27 00:00:00+00:00,51.0,54.21,50.83,53.59,28010
2019-09-30 00:00:00+00:00,50.76,54.74,50.22,53.62,26917
2019-10-01 00:00:00+00:00,52.55,56.0,52.45,54.34,21338
2019-10-02 00:00:00+00:00,53.27,55.07,52.77,53.88,14314
2019-10-03 00:00:00+00:00,52.66,54.94,51.93,54.3,12219
2019-10-04 00:00:00+00:00,53.06,55.79,53.05,55.21,13673
2019-10-07 00:00:00+00:00,51.48,57.05,50.56,55.77,18199
2019-10-08 00:00:00+00:00,54.92,56.84,54.16,54.96,9317
2019-10-09 00:00:00+00:00,53.85,58.49,53.84,57.49,13943
2019-10-10 00:00:00+00:00,56.44,57.95,55.8,56.14,9575
2019-10-11 00:00:00+00:00,55.07,56.99,53.76,54.09,14621
2019-10-14 00:00:00+00:00,53.32,55.8,53.29,55.02,7482
2019-10-15 00:00:00+00:00,53.98,55.76,50.76,52.74,11636
2019-10-16 00:00:00+00:00,51.52,53.68,48.85,50.91,13805
2019-10-17 00:00:00+00:00,49.73,53.65,49.73,52.82,10698
2019-10-18 00:00:00+00:00,51.8,53.41,50.52,51.47,16956
2019-10-21 00:00:00+00:00,52.27,54.25,51.97,53.08,10662
2019-10-22 00:00:00+00:00,53.21,53.69,52.07,52.49,11551
2019-10-23 00:00:00+00:00,51.35,52.49,45.47,47.83,26268
2019-10-24 00:00:00+00:00,46.74,48.83,46.54,48.2,14586
2019-10-25 00:00:00+00:00,47.15,57.21,47.05,55.38,30745
2019-10-28 00:00:00+00:00,57.92,61.03,56.0,57.03,41192
2019-10-29 00:00:00+00:00,56.18,59.29,56.07,58.42,38638
2019-10-30 00:00:00+00:00,57.29,59.57,55.31,56.49,32097
2019-10-31 00:00:00+00:00,55.37,58.16,55.13,56.83,31346
2019-11-01 00:00:00+00:00,55.47,57.37,52.9,56.58,29860
2019-11-04 00:00:00+00:00,55.69,61.19,55.69,60.09,24834
2019-11-05 00:00:00+00:00,58.93,62.54,58.72,61.6,31238
2019-11-06 00:00:00+00:00,60.52,62.36,60.41,61.87,21282
2019-11-07 00:00:00+00:00,60.85,62.69,57.51,59.92,20848
2019-11-08 00:00:00+00:00,59.16,60.86,57.1,59.07,33827
2019-11-11 00:00:00+00:00,61.28,62.78,58.66,60.83,26503
2019-11-12 00:00:00+00:00,59.87,60.98,57.98,59.64,27790
2019-11-13 00:00:00+00:00,58.71,60.41,56.82,59.08,15684
2019-11-14 00:00:00+00:00,58.08,59.47,56.68,57.45,18749
2019-11-15 00:00:00+00:00,56.47,59.09,54.45,55.79,25148
2019-11-18 00:00:00+00:00,57.08,58.15,52.2,54.61,21072
2019-11-19 00:00:00+00:00,53.5,54.68,52.45,53.15,20809
2019-11-20 00:00:00+00:00,52.16,54.55,52.14,53.44,17276
2019-11-21 00:00:00+00:00,52.41,53.64,46.4,48.93,37643
2019-11-22 00:00:00+00:00,47.7,50.01,41.18,46.72,48892
2019-11-25 00:00:00+00:00,42.31,45.93,40.56,44.75,47985
2019-11-26 00:00:00+00:00,43.55,45.99,43.41,45.26,32069
2019-11-27 00:00:00+00:00,44.0,47.23,43.02,46.28,36706
2019-11-28 00:00:00+00:00,44.98,46.52,44.7,45.69,22822
2019-11-29 00:00:00+00:00,44.51,47.83,44.21,46.88,32309
2019-12-02 00:00:00+00:00,45.05,46.45,42.1,43.96,29655
2019-12-03 00:00:00+00:00,42.84,44.73,42.53,43.54,23155
2019-12-04 00:00:00+00:00,42.33,45.51,41.66,42.9,30852
2019-12-05 00:00:00+00:00,41.86,43.67,41.86,42.97,31254
2019-12-06 00:00:00+00:00,41.86,44.03,41.84,43.47,23847
2019-12-09 00:00:00+00:00,43.1,44.38,41.31,42.86,22150
2019-12-10 00:00:00+00:00,41.61,43.12,41.61,42.23,10115
2019-12-11 00:00:00+00:00,41.08,42.85,41.08,41.83,16181
2019-12-12 00:00:00+00:00,40.72,42.54,40.72,42.02,18514
2019-12-13 00:00:00+00:00,40.9,42.97,40.82,42.61,12536
2019-12-16 00:00:00+00:00,40.81,42.03,36.92,38.46,21092
2019-12-17 00:00:00+00:00,37.38,38.56,34.8,35.37,24783
2019-12-18 00:00:00+00:00,35.2,39.93,33.98,39.15,57368
2019-12-19 00:00:00+00:00,38.19,40.03,37.49,38.09,29932
2019-12-20 00:00:00+00:00,36.88,38.76,36.75,38.68,13832
2019-12-23 00:00:00+00:00,39.29,41.06,39.06,39.37,24210
2019-12-24 00:00:00+00:00,39.37,39.49,37.76,38.27,21402
2019-12-26 00:00:00+00:00,37.34,40.09,37.33,38.57,24399
2019-12-27 00:00:00+00:00,37.29,39.7,37.07,39.16,27513
2019-12-30 00:00:00+00:00,40.11,42.44,39.56,40.6,19527
2019-12-31 00:00:00+00:00,39.62,41.34,39.23,39.42,13408
2020-01-02 00:00:00+00:00,39.84,39.98,36.79,37.92,20766
2020-01-03 00:00:00+00:00,36.8,40.77,36.68,39.82,31586
2020-01-06 00:00:00+00:00,40.53,43.86,40.33,43.4,17441
2020-01-07 00:00:00+00:00,42.29,45.23,40.75,44.51,28075
2020-01-08 00:00:00+00:00,43.44,47.01,40.47,43.37,39301
2020-01-09 00:00:00+00:00,42.15,44.21,42.14,42.66,20841
2020-01-10 00:00:00+00:00,41.39,48.12,41.39,47.28,33649
2020-01-13 00:00:00+00:00,47.64,50.04,47.0,48.28,17190
2020-01-14 00:00:00+00:00,47.42,59.21,46.97,55.77,30535
2020-01-15 00:00:00+00:00,55.13,58.7,53.63,56.64,47461
2020-01-16 00:00:00+00:00,55.7,57.58,53.13,56.08,28164
2020-01-17 00:00:00+00:00,55.23,61.54,54.94,59.57,29559
2020-01-20 00:00:00+00:00,54.53,56.62,53.99,55.77,23898
2020-01-21 00:00:00+00:00,55.14,56.44,53.04,55.76,15363
2020-01-22 00:00:00+00:00,54.74,57.63,54.48,56.47,14355
2020-01-23 00:00:00+00:00,55.51,56.66,50.64,52.58,28013
2020-01-24 00:00:00+00:00,51.82,53.74,48.89,53.02,23312
2020-01-27 00:00:00+00:00,53.49,57.98,53.06,57.36,26542
2020-01-28 00:00:00+00:00,56.4,59.87,55.28,57.68,29170
2020-01-29 00:00:00+00:00,56.6,60.82,56.57,58.62,27123
2020-01-30 00:00:00+00:00,57.76,68.56,56.45,67.17,39250
2020-01-31 00:00:00+00:00,66.26,68.23,61.99,66.37,38610
2020-02-03 00:00:00+00:00,69.04,71.46,66.31,67.89,31178
2020-02-04 00:00:00+00:00,67.11,68.81,64.18,65.91,52568
2020-02-05 00:00:00+00:00,65.0,71.85,64.71,71.43,107957
2020-02-06 00:00:00+00:00,70.75,73.46,66.99,71.54,159844
2020-02-07 00:00:00+00:00,70.66,73.86,70.27,71.8,219523
2020-02-10 00:00:00+00:00,73.66,75.97,68.81,72.14,280846
2020-02-11 00:00:00+00:00,71.3,76.02,69.19,75.04,133972
2020-02-12 00:00:00+00:00,74.24,81.37,74.24,79.73,139164
2020-02-13 00:00:00+00:00,78.8,82.92,73.73,78.46,170785
2020-02-14 00:00:00+00:00,77.47,81.49,76.79,81.41,136764
2020-02-17 00:00:00+00:00,68.9,74.42,67.0,70.91,206306
2020-02-18 00:00:00+00:00,70.21,77.71,68.54,75.61,179676
2020-02-19 00:00:00+00:00,74.55,78.06,63.74,69.0,121703
2020-02-20 00:00:00+00:00,67.53,71.86,64.49,67.58,115583
2020-02-21 00:00:00+00:00,67.22,73.87,67.06,71.41,138960
2020-02-24 00:00:00+00:00,76.17,78.67,69.83,72.31,153869
2020-02-25 00:00:00+00:00,71.29,74.58,67.3,69.85,170546
2020-02-26 00:00:00+00:00,68.69,70.68,54.91,59.09,163656
2020-02-27 00:00:00+00:00,57.72,63.62,55.51,58.93,135629
2020-02-28 00:00:00+00:00,58.35,61.87,54.9,58.39,167616
2020-02-28 08:00:00+00:00,59.96,59.96,56.31,56.76,26100
2020-02-28 12:00:00+00:00,56.75,58.53,54.9,57.93,36012
2020-02-28 16:00:00+00:00,57.93,58.96,56.48,57.29,26079
2020-02-28 20:00:00+00:00,57.29,58.5,56.3,58.39,29074
2020-03-02 00:00:00+00:00,54.32,56.97,54.32,56.25,23435
2020-03-02 04:00:00+00:00,56.26,57.03,54.13,56.93,12823
2020-03-02 08:00:00+00:00,56.93,58.12,56.44,57.93,14295
2020-03-02 12:00:00+00:00,57.95,59.26,57.59,58.8,16132
2020-03-02 16:00:00+00:00,58.82,60.74,58.51,60.29,20126
2020-03-02 20:00:00+00:00,60.25,60.86,59.71,60.49,16986
2020-03-03 00:00:00+00:00,59.22,60.35,58.58,58.78,21886
2020-03-03 04:00:00+00:00,58.72,60.03,58.55,59.74,11321
2020-03-03 08:00:00+00:00,59.73,59.79,58.52,59.78,14079
2020-03-03 12:00:00+00:00,59.76,60.93,59.04,59.6,15890
2020-03-03 16:00:00+00:00,59.61,60.12,57.49,58.77,21867
2020-03-03 20:00:00+00:00,58.76,59.68,58.63,59.14,15906
2020-03-04 00:00:00+00:00,58.23,59.96,58.22,59.68,23376
2020-03-04 04:00:00+00:00,59.68,60.29,59.38,59.77,12312
2020-03-04 08:00:00+00:00,59.79,59.87,58.35,58.64,7989
2020-03-04 12:00:00+00:00,58.61,59.12,58.22,59.0,11725
2020-03-04 16:00:00+00:00,59.0,59.23,57.2,58.16,17616
2020-03-04 20:00:00+00:00,58.11,58.66,57.6,58.46,13440
2020-03-05 00:00:00+00:00,57.57,59.72,57.56,59.51,21652
2020-03-05 04:00:00+00:00,59.51,60.15,58.98,60.07,12513
2020-03-05 08:00:00+00:00,60.04,60.73,59.5,60.7,13300
2020-03-05 12:00:00+00:00,60.71,61.75,60.37,61.04,15432
2020-03-05 16:00:00+00:00,60.99,61.65,60.25,61.47,14436
2020-03-05 20:00:00+00:00,61.49,61.66,60.47,60.7,13867
2020-03-06 00:00:00+00:00,59.63,60.94,59.39,60.12,24293
2020-03-06 04:00:00+00:00,60.12,61.25,59.66,61.14,10172
2020-03-06 08:00:00+00:00,61.16,61.45,60.6,61.2,12388
2020-03-06 12:00:00+00:00,61.18,62.36,60.73,61.01,15719
2020-03-06 16:00:00+00:00,61.01,61.33,60.23,60.99,11595
2020-03-06 20:00:00+00:00,60.99,61.48,60.51,61.41,12042
2020-03-09 00:00:00+00:00,50.52,51.79,48.91,49.97,19535
2020-03-09 04:00:00+00:00,49.98,50.77,47.59,48.62,17629
2020-03-09 08:00:00+00:00,48.58,49.53,45.65,49.32,16755
2020-03-09 12:00:00+00:00,49.29,49.37,47.4,48.63,10290
2020-03-09 16:00:00+00:00,48.65,48.7,44.8,47.65,28776
2020-03-09 20:00:00+00:00,47.6,47.75,46.09,47.41,27781
2020-03-10 00:00:00+00:00,46.42,49.21,46.4,48.88,24269
2020-03-10 04:00:00+00:00,48.88,49.33,48.05,48.83,7996
2020-03-10 08:00:00+00:00,48.78,48.96,47.5,48.06,12134
2020-03-10 12:00:00+00:00,48.04,49.9,47.73,49.73,16388
2020-03-10 16:00:00+00:00,49.73,49.9,47.31,48.15,22200
2020-03-10 20:00:00+00:00,48.15,49.38,47.82,49.05,19974
2020-03-11 00:00:00+00:00,48.11,49.26,48.02,48.98,14261
2020-03-11 04:00:00+00:00,48.98,49.23,48.23,48.63,6945
2020-03-11 08:00:00+00:00,48.64,48.69,47.44,47.65,15444
2020-03-11 12:00:00+00:00,47.61,47.8,46.2,46.69,17651
2020-03-11 16:00:00+00:00,46.69,47.38,45.24,46.21,20571
2020-03-11 20:00:00+00:00,46.21,46.87,43.9,46.78,31366
2020-03-12 00:00:00+00:00,45.82,47.41,45.81,46.67,34608
2020-03-12 04:00:00+00:00,46.66,46.78,43.27,43.79,27009
2020-03-12 08:00:00+00:00,43.76,44.06,40.27,40.9,29618
2020-03-12 12:00:00+00:00,40.92,41.25,26.89,31.5,37247
2020-03-12 16:00:00+00:00,31.52,34.59,27.89,33.33,20994
2020-03-12 20:00:00+00:00,33.32,34.94,30.22,31.6,19489
2020-03-13 00:00:00+00:00,30.43,32.59,24.11,27.1,37679
2020-03-13 04:00:00+00:00,27.11,33.85,22.26,28.03,24628
2020-03-13 08:00:00+00:00,28.03,34.49,26.75,32.48,25889
2020-03-13 12:00:00+00:00,32.42,36.08,32.01,35.39,26908
2020-03-13 16:00:00+00:00,35.39,39.31,31.09,33.41,32250
2020-03-13 20:00:00+00:00,33.41,35.74,30.95,34.63,40655
2020-03-16 00:00:00+00:00,32.96,37.3,32.92,33.89,37394
2020-03-16 04:00:00+00:00,33.89,34.72,33.59,33.65,14639
2020-03-16 08:00:00+00:00,33.66,33.93,29.9,30.7,31247
2020-03-16 12:00:00+00:00,30.7,31.05,27.69,29.5,38771
2020-03-16 16:00:00+00:00,29.48,32.29,27.99,31.39,42120
2020-03-16 20:00:00+00:00,31.39,32.02,30.0,30.36,24747
2020-03-17 00:00:00+00:00,29.36,32.07,29.35,31.84,35441
2020-03-17 04:00:00+00:00,31.83,34.14,31.75,33.19,32812
2020-03-17 08:00:00+00:00,33.17,34.5,32.95,33.19,21653
2020-03-17 12:00:00+00:00,33.19,33.56,32.32,32.59,19786
2020-03-17 16:00:00+00:00,32.6,34.17,31.5,33.29,29694
2020-03-17 20:00:00+00:00,33.28,33.74,32.99,33.46,20529
2020-03-18 00:00:00+00:00,32.65,33.93,32.44,32.79,29302
2020-03-18 04:00:00+00:00,32.78,33.35,32.51,33.33,11470
2020-03-18 08:00:00+00:00,33.32,33.37,30.9,31.71,18192
2020-03-18 12:00:00+00:00,31.69,32.27,31.15,31.64,16013
2020-03-18 16:00:00+00:00,31.62,33.1,30.76,31.88,22927
2020-03-18 20:00:00+00:00,31.88,33.01,31.49,32.62,20485
2020-03-19 00:00:00+00:00,31.82,33.95,31.77,33.13,17865
2020-03-19 04:00:00+00:00,33.13,33.55,32.5,32.68,6479
2020-03-19 08:00:00+00:00,32.7,33.84,32.63,33.43,6919
2020-03-19 12:00:00+00:00,33.44,35.54,33.4,35.52,13980
2020-03-19 16:00:00+00:00,35.52,39.22,34.19,37.66,20520
2020-03-19 20:00:00+00:00,37.66,39.23,36.84,38.17,21125
2020-03-20 00:00:00+00:00,37.19,39.34,37.11,37.93,28038
2020-03-20 04:00:00+00:00,37.93,38.04,36.52,37.44,7569
2020-03-20 08:00:00+00:00,37.44,40.87,37.38,40.21,4283
2020-03-20 12:00:00+00:00,40.16,42.27,39.35,39.8,21841
2020-03-20 16:00:00+00:00,39.81,40.75,38.17,38.77,24065
2020-03-20 20:00:00+00:00,38.77,39.11,31.75,34.59,28595
2020-03-23 00:00:00+00:00,33.36,35.78,32.93,34.51,8522
2020-03-23 04:00:00+00:00,34.51,35.93,33.94,35.0,3388
2020-03-23 08:00:00+00:00,35.01,35.4,33.83,34.14,2956
2020-03-23 12:00:00+00:00,34.15,38.04,33.9,37.65,8666
2020-03-23 16:00:00+00:00,37.67,38.6,35.77,37.31,16976
2020-03-23 20:00:00+00:00,37.24,37.59,36.19,37.33,8197
2020-03-24 00:00:00+00:00,37.16,38.31,35.92,37.47,26468
2020-03-24 04:00:00+00:00,37.46,37.89,36.77,37.07,3285
2020-03-24 08:00:00+00:00,37.07,39.32,36.88,38.64,8318
2020-03-24 12:00:00+00:00,38.63,39.11,37.67,38.26,13798
2020-03-24 16:00:00+00:00,38.25,38.66,37.21,37.99,17123
2020-03-24 20:00:00+00:00,37.99,39.02,37.88,38.69,14083
2020-03-25 00:00:00+00:00,37.74,39.5,37.15,38.94,32967
2020-03-25 04:00:00+00:00,38.95,39.09,37.45,38.19,20757
2020-03-25 08:00:00+00:00,38.19,38.97,38.18,38.9,31496
2020-03-25 12:00:00+00:00,38.83,39.59,36.6,37.48,23201
2020-03-25 16:00:00+00:00,37.47,38.3,36.9,37.98,11684
2020-03-25 20:00:00+00:00,38.0,38.01,37.24,37.32,9017
2020-03-26 00:00:00+00:00,36.28,38.49,35.91,38.22,13158
2020-03-26 04:00:00+00:00,38.23,38.38,37.63,38.11,4944
2020-03-26 08:00:00+00:00,38.1,38.15,36.92,37.68,7554
2020-03-26 12:00:00+00:00,37.68,38.25,37.25,37.74,7080
2020-03-26 16:00:00+00:00,37.74,37.98,37.0,37.55,9106
2020-03-26 20:00:00+00:00,37.55,37.95,37.22,37.85,5389
2020-03-27 00:00:00+00:00,36.99,39.87,36.98,39.22,27405
2020-03-27 04:00:00+00:00,39.21,39.49,38.41,38.84,5508
2020-03-27 08:00:00+00:00,38.85,39.08,38.15,38.62,7165
2020-03-27 12:00:00+00:00,38.62,38.88,37.7,38.12,6731
2020-03-27 16:00:00+00:00,38.05,38.26,37.58,37.95,4894
2020-03-27 20:00:00+00:00,37.97,38.61,37.84,38.52,3643
2020-03-30 00:00:00+00:00,34.7,36.01,34.44,35.87,21113
2020-03-30 04:00:00+00:00,35.87,36.38,35.49,36.23,5276
2020-03-30 08:00:00+00:00,36.25,37.43,36.15,37.09,8873
2020-03-30 12:00:00+00:00,37.09,37.99,36.83,37.28,5095
2020-03-30 16:00:00+00:00,37.28,37.99,36.9,37.65,6117
2020-03-30 20:00:00+00:00,37.68,38.02,37.23,37.65,9428
2020-03-31 00:00:00+00:00,36.76,38.23,36.75,37.53,22416
2020-03-31 04:00:00+00:00,37.53,37.83,36.58,37.14,5176
2020-03-31 08:00:00+00:00,37.1,37.74,36.9,37.7,4303
2020-03-31 12:00:00+00:00,37.65,37.78,36.96,37.44,5585
2020-03-31 16:00:00+00:00,37.44,37.69,37.17,37.39,5972
2020-03-31 20:00:00+00:00,37.41,37.81,37.07,37.64,8416
2020-04-01 00:00:00+00:00,36.67,37.85,36.48,37.19,20321
2020-04-01 04:00:00+00:00,37.19,37.42,36.96,37.2,2473
2020-04-01 08:00:00+00:00,37.2,37.24,36.85,37.08,3021
2020-04-01 12:00:00+00:00,37.08,37.26,35.95,36.34,4365
2020-04-01 16:00:00+00:00,36.34,36.59,35.37,36.02,5992
2020-04-01 20:00:00+00:00,35.98,36.7,35.8,36.51,9475
2020-04-02 00:00:00+00:00,36.72,38.39,35.68,37.73,26691
2020-04-02 04:00:00+00:00,37.72,38.27,37.5,38.03,4579
2020-04-02 08:00:00+00:00,38.02,38.34,37.76,38.17,7356
2020-04-02 12:00:00+00:00,38.15,38.5,37.78,37.88,2352
2020-04-02 16:00:00+00:00,37.87,39.75,37.62,39.69,7226
2020-04-02 20:00:00+00:00,39.68,41.45,37.5,38.34,14946
2020-04-03 00:00:00+00:00,37.05,38.76,37.05,38.23,19397
2020-04-03 04:00:00+00:00,38.23,38.97,38.12,38.66,5136
2020-04-03 08:00:00+00:00,38.65,39.56,38.31,39.28,8963
2020-04-03 12:00:00+00:00,39.27,39.77,38.9,39.36,11075
2020-04-03 16:00:00+00:00,39.35,39.45,38.05,38.82,10651
2020-04-03 20:00:00+00:00,38.85,39.23,38.5,38.71,11489
2020-04-06 00:00:00+00:00,37.69,39.32,37.62,39.2,21098
2020-04-06 04:00:00+00:00,39.23,40.28,38.9,40.05,4697
2020-04-06 08:00:00+00:00,40.07,40.69,39.75,40.38,10603
2020-04-06 12:00:00+00:00,40.36,41.41,40.29,41.32,7416
2020-04-06 16:00:00+00:00,41.29,43.04,40.74,42.9,9172
2020-04-06 20:00:00+00:00,42.9,43.43,42.47,42.48,10260
2020-04-07 00:00:00+00:00,41.7,44.56,41.68,43.97,21457
2020-04-07 04:00:00+00:00,43.99,44.76,43.29,43.66,8223
2020-04-07 08:00:00+00:00,43.6,44.99,43.54,44.74,8619
2020-04-07 12:00:00+00:00,44.72,46.16,44.33,44.52,10015
2020-04-07 16:00:00+00:00,44.51,45.68,43.8,45.26,11044
2020-04-07 20:00:00+00:00,45.25,45.29,42.1,42.61,16863
2020-04-08 00:00:00+00:00,41.52,43.79,41.15,42.78,21351
2020-04-08 04:00:00+00:00,42.79,45.52,42.78,45.27,11014
2020-04-08 08:00:00+00:00,45.28,45.68,44.08,44.76,7668
2020-04-08 12:00:00+00:00,44.72,44.95,43.43,44.39,9689
2020-04-08 16:00:00+00:00,44.38,44.82,43.57,44.54,6869
2020-04-08 20:00:00+00:00,44.56,45.03,44.15,44.67,11376
2020-04-09 00:00:00+00:00,43.84,45.35,43.81,44.96,29684
2020-04-09 04:00:00+00:00,44.93,45.0,43.77,44.27,18228
2020-04-09 08:00:00+00:00,44.27,45.13,44.14,44.86,20871
2020-04-09 12:00:00+00:00,44.86,44.9,41.94,44.6,30615
2020-04-09 16:00:00+00:00,44.61,44.99,44.07,44.55,34260
2020-04-09 20:00:00+00:00,44.55,44.76,44.19,44.52,31038
2020-04-10 00:00:00+00:00,43.51,45.33,43.32,44.87,30011
2020-04-10 04:00:00+00:00,44.85,44.9,42.63,43.21,26255
2020-04-10 08:00:00+00:00,43.22,43.22,40.16,41.14,25937
2020-04-10 12:00:00+00:00,41.14,41.57,40.31,41.24,28386
2020-04-10 16:00:00+00:00,41.24,41.26,39.11,40.47,27239
2020-04-10 20:00:00+00:00,40.49,41.22,40.25,40.87,21884
2020-04-13 00:00:00+00:00,40.73,42.0,37.84,39.18,19197
2020-04-13 04:00:00+00:00,39.11,39.14,38.09,38.69,8053
2020-04-13 08:00:00+00:00,38.69,39.05,38.48,38.65,8482
2020-04-13 12:00:00+00:00,38.67,39.55,38.22,38.88,10852
2020-04-13 16:00:00+00:00,38.89,39.25,38.33,38.97,25760
2020-04-13 20:00:00+00:00,38.97,39.69,38.68,39.63,18908
2020-04-14 00:00:00+00:00,38.87,40.07,38.57,39.72,30752
2020-04-14 04:00:00+00:00,39.64,40.31,39.52,39.97,8521
2020-04-14 08:00:00+00:00,39.97,40.11,38.94,39.33,16007
2020-04-14 12:00:00+00:00,39.35,39.76,39.11,39.57,11247
2020-04-14 16:00:00+00:00,39.57,40.43,39.57,40.29,11197
2020-04-14 20:00:00+00:00,40.28,40.41,39.53,39.64,20236
2020-04-15 00:00:00+00:00,38.55,39.99,38.53,39.32,25151
2020-04-15 04:00:00+00:00,39.31,40.27,39.22,39.83,15591
2020-04-15 08:00:00+00:00,39.81,40.17,39.51,39.65,10137
2020-04-15 12:00:00+00:00,39.56,39.83,38.65,38.83,17710
2020-04-15 16:00:00+00:00,38.82,39.14,38.54,38.93,15535
2020-04-15 20:00:00+00:00,38.92,39.3,38.75,38.91,10995
2020-04-16 00:00:00+00:00,37.97,39.04,36.29,37.27,24803
2020-04-16 04:00:00+00:00,37.29,37.62,36.84,37.41,8375
2020-04-16 08:00:00+00:00,37.4,42.11,37.35,41.22,18079
2020-04-16 12:00:00+00:00,41.2,41.75,38.66,41.26,25064
2020-04-16 16:00:00+00:00,41.25,41.42,40.5,40.74,22194
2020-04-16 20:00:00+00:00,40.75,41.29,40.51,40.94,25981
2020-04-17 00:00:00+00:00,39.91,41.6,39.91,40.74,32734
2020-04-17 04:00:00+00:00,40.73,41.13,40.07,40.46,12470
2020-04-17 08:00:00+00:00,40.43,40.8,40.04,40.76,16117
2020-04-17 12:00:00+00:00,40.75,41.05,40.33,40.79,11585
2020-04-17 16:00:00+00:00,40.77,40.89,40.15,40.67,21525
2020-04-17 20:00:00+00:00,40.68,41.04,40.43,40.76,25539
2020-04-20 00:00:00+00:00,40.13,41.54,40.12,41.26,26985
2020-04-20 04:00:00+00:00,41.27,41.76,41.03,41.42,15871
2020-04-20 08:00:00+00:00,41.42,41.48,40.91,41.13,17460
2020-04-20 12:00:00+00:00,41.11,41.23,39.27,40.43,24315
2020-04-20 16:00:00+00:00,40.43,40.57,39.92,40.1,17212
2020-04-20 20:00:00+00:00,40.1,40.11,37.93,38.94,31518
2020-04-21 00:00:00+00:00,38.02,39.35,37.97,39.19,27951
2020-04-21 04:00:00+00:00,39.19,39.38,38.58,38.87,14622
2020-04-21 08:00:00+00:00,38.88,39.57,38.76,39.04,8359
2020-04-21 12:00:00+00:00,39.04,39.15,38.52,38.85,17342
2020-04-21 16:00:00+00:00,38.82,39.54,38.59,39.2,16520
2020-04-21 20:00:00+00:00,39.21,39.86,38.97,39.14,14155
2020-04-22 00:00:00+00:00,38.19,39.48,38.13,38.97,20204
2020-04-22 04:00:00+00:00,38.97,39.4,38.75,39.07,11746
2020-04-22 08:00:00+00:00,39.08,39.64,39.03,39.55,23389
2020-04-22 12:00:00+00:00,39.55,39.69,39.38,39.61,5181
2020-04-22 16:00:00+00:00,39.6,40.83,39.55,40.43,18587
2020-04-22 20:00:00+00:00,40.42,40.52,40.16,40.32,10076
2020-04-23 00:00:00+00:00,39.34,40.51,39.32,40.15,24647
2020-04-23 04:00:00+00:00,40.16,40.78,39.75,40.1,17455
2020-04-23 08:00:00+00:00,40.11,40.16,39.42,39.9,8742
2020-04-23 12:00:00+00:00,39.85,40.65,39.62,40.5,13771
2020-04-23 16:00:00+00:00,40.45,42.21,40.27,41.36,25149
2020-04-23 20:00:00+00:00,41.38,42.04,41.36,41.73,18521
2020-04-24 00:00:00+00:00,40.77,42.33,40.73,41.61,27504
2020-04-24 04:00:00+00:00,41.6,42.25,41.51,42.1,20223
2020-04-24 08:00:00+00:00,42.1,43.44,41.64,43.36,17834
2020-04-24 12:00:00+00:00,43.36,43.42,42.06,42.59,14105
2020-04-24 16:00:00+00:00,42.55,42.9,41.7,42.86,17086
2020-04-24 20:00:00+00:00,42.86,43.44,42.64,43.07,20582
2020-04-27 00:00:00+00:00,42.04,43.42,41.82,43.38,23162
2020-04-27 04:00:00+00:00,43.38,43.73,43.07,43.36,18433
2020-04-27 08:00:00+00:00,43.37,43.44,42.53,42.95,23855
2020-04-27 12:00:00+00:00,42.92,43.09,42.51,42.76,6695
2020-04-27 16:00:00+00:00,42.75,42.83,41.66,42.08,12101
2020-04-27 20:00:00+00:00,42.07,42.44,41.92,42.36,26979
2020-04-28 00:00:00+00:00,41.39,43.06,41.36,42.79,19843
2020-04-28 04:00:00+00:00,42.79,42.84,41.9,42.39,17579
2020-04-28 08:00:00+00:00,42.4,42.88,42.14,42.41,9864
2020-04-28 12:00:00+00:00,42.42,43.43,42.4,43.3,8050
2020-04-28 16:00:00+00:00,43.31,43.42,42.47,43.11,9917
2020-04-28 20:00:00+00:00,43.11,43.43,42.84,43.33,10316
2020-04-29 00:00:00+00:00,42.24,44.68,42.22,44.22,16312
2020-04-29 04:00:00+00:00,44.21,44.91,44.11,44.55,21783
2020-04-29 08:00:00+00:00,44.54,45.15,44.25,44.47,10876
2020-04-29 12:00:00+00:00,44.48,46.06,44.38,46.01,13033
2020-04-29 16:00:00+00:00,46.01,48.52,45.29,47.1,19922
2020-04-29 20:00:00+00:00,47.1,48.2,45.95,47.33,26698
2020-04-30 00:00:00+00:00,46.24,47.97,46.02,47.81,22374
2020-04-30 04:00:00+00:00,47.83,49.27,47.52,48.43,24988
2020-04-30 08:00:00+00:00,48.44,49.39,46.71,46.92,21927
2020-04-30 12:00:00+00:00,46.92,46.97,44.16,45.14,22856
2020-04-30 16:00:00+00:00,45.15,46.27,44.89,45.41,16212
2020-04-30 20:00:00+00:00,45.41,45.85,44.21,45.51,30743
2020-05-01 00:00:00+00:00,44.54,45.69,44.23,45.24,26393
2020-05-01 04:00:00+00:00,45.24,46.03,44.99,45.92,19417
2020-05-01 08:00:00+00:00,45.83,46.4,45.73,46.32,8720
2020-05-01 12:00:00+00:00,46.32,46.82,45.52,46.09,24869
2020-05-01 16:00:00+00:00,46.1,46.27,45.06,45.29,27208
2020-05-01 20:00:00+00:00,45.29,45.69,44.89,45.42,14447
2020-05-04 00:00:00+00:00,44.88,46.8,44.87,45.85,23013
2020-05-04 04:00:00+00:00,45.85,46.13,44.19,44.69,14201
2020-05-04 08:00:00+00:00,44.68,44.96,43.63,44.82,13278
2020-05-04 12:00:00+00:00,44.82,45.16,44.04,44.74,12691
2020-05-04 16:00:00+00:00,44.73,45.85,44.73,45.41,14922
2020-05-04 20:00:00+00:00,45.42,45.68,45.01,45.47,16451
2020-05-05 00:00:00+00:00,44.57,45.9,44.56,45.9,14047
2020-05-05 04:00:00+00:00,45.91,46.3,45.16,46.12,4546
2020-05-05 08:00:00+00:00,46.13,46.32,45.39,45.95,19149
2020-05-05 12:00:00+00:00,45.94,46.06,44.14,44.91,15617
2020-05-05 16:00:00+00:00,44.86,45.41,44.57,45.14,12955
2020-05-05 20:00:00+00:00,45.15,45.33,44.7,45.06,29825
2020-05-06 00:00:00+00:00,44.09,45.25,44.08,44.64,25021
2020-05-06 04:00:00+00:00,44.65,45.5,44.61,45.17,27303
2020-05-06 08:00:00+00:00,45.15,45.8,45.09,45.37,15631
2020-05-06 12:00:00+00:00,45.38,46.12,45.2,45.62,15756
2020-05-06 16:00:00+00:00,45.62,45.82,45.19,45.49,12718
2020-05-06 20:00:00+00:00,45.5,45.55,44.6,44.77,14836
2020-05-07 00:00:00+00:00,43.8,45.25,40.41,43.95,30012
2020-05-07 04:00:00+00:00,43.96,44.94,43.59,44.36,29389
2020-05-07 08:00:00+00:00,44.37,44.7,43.96,44.61,25194
2020-05-07 12:00:00+00:00,44.61,44.88,43.83,44.66,8378
2020-05-07 16:00:00+00:00,44.66,44.9,43.95,44.26,28851
2020-05-07 20:00:00+00:00,44.27,46.7,43.98,45.82,32937
2020-05-08 00:00:00+00:00,44.88,46.75,44.87,46.75,25071
2020-05-08 04:00:00+00:00,46.76,46.88,45.57,45.8,20118
2020-05-08 08:00:00+00:00,45.8,45.83,44.79,45.45,14265
2020-05-08 12:00:00+00:00,45.44,45.71,45.17,45.25,12165
2020-05-08 16:00:00+00:00,45.24,46.87,45.15,46.74,15638
2020-05-08 20:00:00+00:00,46.75,46.88,45.98,46.41,13322
2020-05-11 00:00:00+00:00,39.61,41.36,39.59,40.97,17856
2020-05-11 04:00:00+00:00,40.97,41.0,39.93,40.05,6641
2020-05-11 08:00:00+00:00,40.04,40.38,39.44,39.85,9705
2020-05-11 12:00:00+00:00,39.86,41.4,39.37,40.36,12851
2020-05-11 16:00:00+00:00,40.35,40.67,38.22,39.12,11038
2020-05-11 20:00:00+00:00,39.12,40.39,37.8,39.89,24556
2020-05-12 00:00:00+00:00,39.19,40.48,38.47,40.05,22446
2020-05-12 04:00:00+00:00,40.05,40.56,39.76,40.44,8236
2020-05-12 08:00:00+00:00,40.44,40.95,39.99,40.77,3663
2020-05-12 12:00:00+00:00,40.78,41.19,40.52,40.99,6916
2020-05-12 16:00:00+00:00,40.98,41.36,40.31,40.86,7856
2020-05-12 20:00:00+00:00,40.87,41.08,40.45,40.84,7312
2020-05-13 00:00:00+00:00,39.81,40.97,39.24,40.81,13797
2020-05-13 04:00:00+00:00,40.82,41.19,40.63,40.83,3554
2020-05-13 08:00:00+00:00,40.82,40.9,40.38,40.76,3751
2020-05-13 12:00:00+00:00,40.68,41.42,40.61,41.24,4434
2020-05-13 16:00:00+00:00,41.25,42.08,41.11,41.47,4943
2020-05-13 20:00:00+00:00,41.48,41.9,41.16,41.73,12677
2020-05-14 00:00:00+00:00,40.88,42.24,40.88,41.42,14564
2020-05-14 04:00:00+00:00,41.43,41.63,41.21,41.33,5165
2020-05-14 08:00:00+00:00,41.32,41.85,40.37,41.78,9127
2020-05-14 12:00:00+00:00,41.79,42.89,41.78,42.18,11345
2020-05-14 16:00:00+00:00,42.14,42.57,41.72,41.98,8302
2020-05-14 20:00:00+00:00,41.98,42.79,41.46,42.24,10002
2020-05-15 00:00:00+00:00,41.4,42.68,41.4,42.43,19883
2020-05-15 04:00:00+00:00,42.43,42.47,40.85,41.32,13082
2020-05-15 08:00:00+00:00,41.33,42.02,41.26,41.73,8465
2020-05-15 12:00:00+00:00,41.73,42.32,41.39,41.82,13137
2020-05-15 16:00:00+00:00,41.82,42.11,41.32,41.5,11611
2020-05-15 20:00:00+00:00,41.49,41.82,40.23,40.68,13105
2020-05-18 00:00:00+00:00,41.37,42.56,41.37,42.52,18912
2020-05-18 04:00:00+00:00,42.53,45.09,42.45,44.42,15781
2020-05-18 08:00:00+00:00,44.42,44.62,42.88,43.17,10003
2020-05-18 12:00:00+00:00,43.14,43.76,43.02,43.62,6812
2020-05-18 16:00:00+00:00,43.61,44.06,43.05,43.52,10701
2020-05-18 20:00:00+00:00,43.5,43.74,43.17,43.53,12324
2020-05-19 00:00:00+00:00,42.53,43.85,42.53,43.18,17939
2020-05-19 04:00:00+00:00,43.13,43.33,42.48,43.03,8923
2020-05-19 08:00:00+00:00,43.02,43.98,42.89,43.88,5420
2020-05-19 12:00:00+00:00,43.89,44.13,42.92,43.14,13212
2020-05-19 16:00:00+00:00,43.14,43.82,43.01,43.69,12272
2020-05-19 20:00:00+00:00,43.69,43.88,43.31,43.62,10543
2020-05-20 00:00:00+00:00,42.71,44.61,42.71,44.24,26793
2020-05-20 04:00:00+00:00,44.25,44.39,43.73,44.18,10332
2020-05-20 08:00:00+00:00,44.18,44.36,43.57,44.05,10126
2020-05-20 12:00:00+00:00,44.06,44.21,43.76,44.12,4257
2020-05-20 16:00:00+00:00,44.11,44.34,41.44,42.34,10439
2020-05-20 20:00:00+00:00,42.34,42.87,42.18,42.77,8407
2020-05-21 00:00:00+00:00,41.78,43.06,41.7,43.03,8376
2020-05-21 04:00:00+00:00,43.03,43.05,42.18,42.45,4997
2020-05-21 08:00:00+00:00,42.45,42.64,41.64,42.07,8955
2020-05-21 12:00:00+00:00,42.07,42.46,41.67,42.26,7172
2020-05-21 16:00:00+00:00,42.26,42.45,39.97,41.06,14090
2020-05-21 20:00:00+00:00,41.06,41.19,40.07,41.1,14757
2020-05-22 00:00:00+00:00,40.13,41.5,40.12,41.12,23189
2020-05-22 04:00:00+00:00,41.1,41.43,40.73,41.02,10363
2020-05-22 08:00:00+00:00,41.02,42.06,40.97,41.92,7934
2020-05-22 12:00:00+00:00,41.91,42.44,41.12,42.27,6876
2020-05-22 16:00:00+00:00,42.28,42.7,41.72,42.68,10418
2020-05-22 20:00:00+00:00,42.68,43.09,42.3,43.02,12194
2020-05-25 00:00:00+00:00,40.7,41.87,40.16,41.01,17647
2020-05-25 04:00:00+00:00,41.0,41.35,40.74,41.26,4887
2020-05-25 08:00:00+00:00,41.27,41.49,40.88,41.25,3644
2020-05-25 12:00:00+00:00,41.26,41.74,41.0,41.29,7055
2020-05-25 16:00:00+00:00,41.3,41.49,40.97,41.29,5169
2020-05-25 20:00:00+00:00,41.29,41.7,41.23,41.51,5279
2020-05-26 00:00:00+00:00,40.58,41.55,40.54,41.15,14277
2020-05-26 04:00:00+00:00,41.16,41.46,41.03,41.24,2730
2020-05-26 08:00:00+00:00,41.2,41.4,40.83,41.31,4222
2020-05-26 12:00:00+00:00,41.27,41.29,40.37,40.78,3225
2020-05-26 16:00:00+00:00,40.78,40.97,40.18,40.68,5186
2020-05-26 20:00:00+00:00,40.66,41.05,40.44,40.91,4667
2020-05-27 00:00:00+00:00,39.97,41.02,39.97,40.93,10082
2020-05-27 04:00:00+00:00,40.93,41.08,40.72,40.89,2559
2020-05-27 08:00:00+00:00,40.89,41.39,40.79,41.29,2168
2020-05-27 12:00:00+00:00,41.28,42.17,41.15,42.04,5053
2020-05-27 16:00:00+00:00,42.0,42.5,41.9,42.18,3318
2020-05-27 20:00:00+00:00,42.19,42.36,41.87,42.05,2509
2020-05-28 00:00:00+00:00,41.02,42.55,41.02,42.5,10516
2020-05-28 04:00:00+00:00,42.48,42.53,41.89,41.99,2009
2020-05-28 08:00:00+00:00,42.0,42.07,41.58,42.0,3593
2020-05-28 12:00:00+00:00,42.0,42.66,41.89,42.63,6047
2020-05-28 16:00:00+00:00,42.64,43.1,42.41,42.79,4624
2020-05-28 20:00:00+00:00,42.81,42.9,42.6,42.72,3478
2020-05-29 00:00:00+00:00,41.79,43.76,41.79,43.39,13838
2020-05-29 04:00:00+00:00,43.4,43.65,43.09,43.25,4606
2020-05-29 08:00:00+00:00,43.25,43.45,42.72,42.97,3914
2020-05-29 12:00:00+00:00,42.97,43.13,42.63,42.92,4310
2020-05-29 16:00:00+00:00,42.93,43.31,42.74,43.28,3402
2020-05-29 20:00:00+00:00,43.28,43.36,42.86,42.87,4011
2020-06-01 00:00:00+00:00,43.88,44.87,43.47,44.31,18544
2020-06-01 04:00:00+00:00,44.31,45.08,44.06,44.66,8210
2020-06-01 08:00:00+00:00,44.66,44.82,44.27,44.39,5850
2020-06-01 12:00:00+00:00,44.39,44.93,44.03,44.74,6744
2020-06-01 16:00:00+00:00,44.75,45.67,44.63,45.3,7047
2020-06-01 20:00:00+00:00,45.31,46.0,45.09,45.84,5481
2020-06-02 00:00:00+00:00,44.74,47.34,44.73,46.68,25542
2020-06-02 04:00:00+00:00,46.68,47.23,46.53,47.07,4923
2020-06-02 08:00:00+00:00,47.06,47.64,46.92,47.34,5779
2020-06-02 12:00:00+00:00,47.33,48.39,47.24,47.9,7331
2020-06-02 16:00:00+00:00,47.9,48.12,42.45,44.04,19191
2020-06-02 20:00:00+00:00,44.03,44.3,43.82,44.06,6635
2020-06-03 00:00:00+00:00,43.17,44.73,43.17,44.54,11376
2020-06-03 04:00:00+00:00,44.56,44.6,44.0,44.29,5002
2020-06-03 08:00:00+00:00,44.29,44.67,43.71,44.45,4326
2020-06-03 12:00:00+00:00,44.45,45.31,44.4,45.09,6448
2020-06-03 16:00:00+00:00,45.09,45.94,44.62,45.68,6489
2020-06-03 20:00:00+00:00,45.67,45.88,45.1,45.4,5671
2020-06-04 00:00:00+00:00,44.45,45.79,44.45,45.65,10573
2020-06-04 04:00:00+00:00,45.64,46.55,45.57,46.23,7001
2020-06-04 08:00:00+00:00,46.23,46.4,45.89,46.19,4114
2020-06-04 12:00:00+00:00,46.16,46.3,44.35,45.93,9028
2020-06-04 16:00:00+00:00,45.93,46.42,45.85,46.03,9310
2020-06-04 20:00:00+00:00,46.03,46.22,45.27,45.63,8447
2020-06-05 00:00:00+00:00,44.7,46.17,44.65,46.01,18603
2020-06-05 04:00:00+00:00,46.02,46.44,45.69,45.85,7685
2020-06-05 08:00:00+00:00,45.86,46.43,45.4,46.31,8430
2020-06-05 12:00:00+00:00,46.32,46.36,45.27,45.51,8709
2020-06-05 16:00:00+00:00,45.47,45.88,44.58,45.73,6467
2020-06-05 20:00:00+00:00,45.73,45.96,45.12,45.45,6326
2020-06-08 00:00:00+00:00,44.05,45.4,44.05,45.1,14078
2020-06-08 04:00:00+00:00,45.11,45.22,44.92,45.06,3809
2020-06-08 08:00:00+00:00,45.06,45.26,44.64,44.89,3287
2020-06-08 12:00:00+00:00,44.9,45.16,44.67,44.69,2576
2020-06-08 16:00:00+00:00,44.68,44.86,44.42,44.72,2744
2020-06-08 20:00:00+00:00,44.71,44.83,44.48,44.5,1388
2020-06-09 00:00:00+00:00,43.58,45.36,41.38,44.56,12031
2020-06-09 04:00:00+00:00,44.56,44.68,44.33,44.49,2431
2020-06-09 08:00:00+00:00,44.5,44.73,44.4,44.65,1170
2020-06-09 12:00:00+00:00,44.63,45.04,44.36,44.82,1828
2020-06-09 16:00:00+00:00,44.83,44.95,44.5,44.56,1528
2020-06-09 20:00:00+00:00,44.57,44.62,43.75,44.26,1796
2020-06-10 00:00:00+00:00,43.3,44.53,43.3,44.47,10965
2020-06-10 04:00:00+00:00,44.48,44.68,44.2,44.36,2559
2020-06-10 08:00:00+00:00,44.36,44.8,44.24,44.36,2920
2020-06-10 12:00:00+00:00,44.35,44.43,44.06,44.4,1898
2020-06-10 16:00:00+00:00,44.4,45.13,44.35,44.65,1533
2020-06-10 20:00:00+00:00,44.6,45.68,44.36,45.09,6354
2020-06-11 00:00:00+00:00,44.13,45.32,43.84,45.26,13173
2020-06-11 04:00:00+00:00,45.27,45.47,44.89,45.22,4892
2020-06-11 08:00:00+00:00,45.22,45.22,44.5,44.72,3340
2020-06-11 12:00:00+00:00,44.7,44.86,44.15,44.3,3020
2020-06-11 16:00:00+00:00,44.29,44.35,40.3,40.41,9164
2020-06-11 20:00:00+00:00,40.41,42.47,40.22,42.08,8777
2020-06-12 00:00:00+00:00,41.18,42.25,41.09,41.77,10409
2020-06-12 04:00:00+00:00,41.76,42.19,41.72,41.97,1997
2020-06-12 08:00:00+00:00,41.98,42.87,41.92,42.65,3308
2020-06-12 12:00:00+00:00,42.65,43.13,42.51,43.04,1976
2020-06-12 16:00:00+00:00,43.05,43.8,42.9,43.28,4407
2020-06-12 20:00:00+00:00,43.28,43.47,42.78,43.2,4541
2020-06-15 00:00:00+00:00,41.71,42.72,41.71,42.39,16263
2020-06-15 04:00:00+00:00,42.4,42.41,41.19,41.53,7610
2020-06-15 08:00:00+00:00,41.53,41.55,40.14,41.03,8493
2020-06-15 12:00:00+00:00,41.05,41.29,40.83,41.05,2187
2020-06-15 16:00:00+00:00,41.06,42.28,40.73,41.91,6010
2020-06-15 20:00:00+00:00,41.91,42.57,41.82,42.47,4390
2020-06-16 00:00:00+00:00,41.5,42.49,41.49,42.13,11950
2020-06-16 04:00:00+00:00,42.14,42.7,41.87,42.44,3862
2020-06-16 08:00:00+00:00,42.44,42.5,42.07,42.22,2227
2020-06-16 12:00:00+00:00,42.23,42.53,41.77,42.46,3679
2020-06-16 16:00:00+00:00,42.46,42.48,41.79,42.11,5177
2020-06-16 20:00:00+00:00,42.12,42.32,41.96,42.23,3207
2020-06-17 00:00:00+00:00,41.26,42.38,41.26,42.16,10374
2020-06-17 04:00:00+00:00,42.14,42.33,41.86,42.15,1466
2020-06-17 08:00:00+00:00,42.15,43.34,42.01,43.07,4468
2020-06-17 12:00:00+00:00,43.06,43.16,42.73,42.99,1255
2020-06-17 16:00:00+00:00,42.99,43.48,42.11,42.36,6989
2020-06-17 20:00:00+00:00,42.36,42.6,41.38,42.14,3210
2020-06-18 00:00:00+00:00,41.11,42.55,41.11,42.51,11795
2020-06-18 04:00:00+00:00,42.49,42.66,42.17,42.18,1243
2020-06-18 08:00:00+00:00,42.17,42.42,42.11,42.34,903
2020-06-18 12:00:00+00:00,42.34,42.56,42.15,42.42,1439
2020-06-18 16:00:00+00:00,42.44,42.44,41.87,42.0,2961
2020-06-18 20:00:00+00:00,41.98,42.19,41.32,41.58,2352
2020-06-19 00:00:00+00:00,40.55,42.04,40.53,41.73,14352
2020-06-19 04:00:00+00:00,41.7,41.76,41.19,41.54,5312
2020-06-19 08:00:00+00:00,41.54,41.73,41.29,41.64,3297
2020-06-19 12:00:00+00:00,41.64,42.14,41.64,41.89,4341
2020-06-19 16:00:00+00:00,41.86,41.99,41.62,41.82,2881
2020-06-19 20:00:00+00:00,41.83,41.9,41.29,41.6,3817
2020-06-22 00:00:00+00:00,40.44,41.61,40.44,41.54,6986
2020-06-22 04:00:00+00:00,41.54,42.15,41.54,42.1,1488
2020-06-22 08:00:00+00:00,42.11,42.38,41.95,42.13,1597
2020-06-22 12:00:00+00:00,42.12,42.43,41.92,42.39,1489
2020-06-22 16:00:00+00:00,42.41,42.97,42.06,42.73,3696
2020-06-22 20:00:00+00:00,42.72,42.94,42.66,42.79,4173
2020-06-23 00:00:00+00:00,41.97,43.12,41.97,42.66,13628
2020-06-23 04:00:00+00:00,42.65,42.7,42.42,42.43,2524
2020-06-23 08:00:00+00:00,42.41,42.69,42.33,42.46,2428
2020-06-23 12:00:00+00:00,42.45,42.67,42.34,42.52,1785
2020-06-23 16:00:00+00:00,42.51,42.95,42.35,42.65,2496
2020-06-23 20:00:00+00:00,42.66,42.82,42.5,42.55,3037
2020-06-24 00:00:00+00:00,41.54,42.73,41.54,42.64,17126
2020-06-24 04:00:00+00:00,42.57,42.93,42.57,42.89,2430
2020-06-24 08:00:00+00:00,42.89,43.12,41.55,41.91,4965
2020-06-24 12:00:00+00:00,41.9,42.0,40.97,41.57,5522
2020-06-24 16:00:00+00:00,41.56,41.63,40.5,41.03,7404
2020-06-24 20:00:00+00:00,41.02,41.18,40.81,41.05,2727
2020-06-25 00:00:00+00:00,40.99,41.17,40.28,40.95,9915
2020-06-25 04:00:00+00:00,40.96,41.27,40.0,40.51,5321
2020-06-25 08:00:00+00:00,40.51,41.42,40.4,41.29,2869
2020-06-25 12:00:00+00:00,41.3,41.36,40.65,40.8,2207
2020-06-25 16:00:00+00:00,40.8,41.2,40.72,41.13,2096
2020-06-25 20:00:00+00:00,41.14,41.16,40.7,40.84,1674
2020-06-26 00:00:00+00:00,39.87,41.02,39.87,41.0,11358
2020-06-26 04:00:00+00:00,40.99,41.04,40.65,40.85,3091
2020-06-26 08:00:00+00:00,40.85,40.9,39.74,40.16,5168
2020-06-26 12:00:00+00:00,40.16,41.98,39.98,41.66,5119
2020-06-26 16:00:00+00:00,41.66,41.92,40.7,41.65,7090
2020-06-26 20:00:00+00:00,41.66,41.8,41.33,41.71,2334
2020-06-29 00:00:00+00:00,38.85,39.92,38.75,39.77,15808
2020-06-29 04:00:00+00:00,39.76,39.98,39.42,39.61,4587
2020-06-29 08:00:00+00:00,39.6,39.79,38.99,39.33,7266
2020-06-29 12:00:00+00:00,39.31,40.33,39.23,40.01,2463
2020-06-29 16:00:00+00:00,40.0,40.07,39.37,39.92,4821
2020-06-29 20:00:00+00:00,39.92,40.2,39.77,40.16,2233
2020-06-30 00:00:00+00:00,39.28,40.72,39.28,40.36,20360
2020-06-30 04:00:00+00:00,40.35,40.52,39.86,39.89,1760
2020-06-30 08:00:00+00:00,39.91,40.01,39.53,39.66,3660
2020-06-30 12:00:00+00:00,39.67,39.91,39.32,39.49,2089
2020-06-30 16:00:00+00:00,39.47,40.02,39.15,39.74,3142
2020-06-30 20:00:00+00:00,39.74,39.74,39.34,39.62,2937
2020-07-01 00:00:00+00:00,38.63,39.78,38.63,39.57,19002
2020-07-01 04:00:00+00:00,39.57,39.97,39.46,39.81,4666
2020-07-01 08:00:00+00:00,39.82,40.19,39.59,40.04,2550
2020-07-01 12:00:00+00:00,40.05,40.14,39.74,39.91,1635
2020-07-01 16:00:00+00:00,39.9,40.51,39.85,40.41,3322
2020-07-01 20:00:00+00:00,40.42,40.43,40.0,40.1,1659
2020-07-02 00:00:00+00:00,39.19,40.47,39.19,40.18,13618
2020-07-02 04:00:00+00:00,40.17,40.31,40.03,40.09,897
2020-07-02 08:00:00+00:00,40.08,40.24,39.78,40.05,1434
2020-07-02 12:00:00+00:00,40.04,40.28,39.75,40.19,1480
2020-07-02 16:00:00+00:00,40.17,40.33,38.73,39.29,7238
2020-07-02 20:00:00+00:00,39.29,39.49,39.04,39.38,3707
2020-07-03 00:00:00+00:00,38.42,39.8,38.41,39.52,8225
2020-07-03 04:00:00+00:00,39.52,39.88,39.45,39.68,1736
2020-07-03 08:00:00+00:00,39.68,40.16,39.49,39.88,3799
2020-07-03 12:00:00+00:00,39.89,40.04,39.55,39.83,1975
2020-07-03 16:00:00+00:00,39.83,40.1,39.72,39.88,2080
2020-07-03 20:00:00+00:00,39.87,39.97,39.65,39.86,1023
2020-07-06 00:00:00+00:00,38.84,40.22,38.84,40.02,17710
2020-07-06 04:00:00+00:00,40.02,40.4,40.02,40.21,1855
2020-07-06 08:00:00+00:00,40.21,41.1,40.09,40.89,3834
2020-07-06 12:00:00+00:00,40.89,41.74,40.76,41.66,3745
2020-07-06 16:00:00+00:00,41.66,42.58,41.4,42.18,5833
2020-07-06 20:00:00+00:00,42.18,42.21,41.78,41.96,2503
2020-07-07 00:00:00+00:00,41.05,42.96,41.02,42.56,14018
2020-07-07 04:00:00+00:00,42.56,42.57,41.99,42.24,3289
2020-07-07 08:00:00+00:00,42.22,42.41,41.71,42.1,3117
2020-07-07 12:00:00+00:00,42.09,42.23,41.77,41.95,2607
2020-07-07 16:00:00+00:00,41.95,42.25,41.81,41.94,3205
2020-07-07 20:00:00+00:00,41.93,42.32,41.47,41.72,4531
2020-07-08 00:00:00+00:00,40.77,41.9,40.74,41.74,11778
2020-07-08 04:00:00+00:00,41.74,43.44,41.65,42.69,7766
2020-07-08 08:00:00+00:00,42.7,43.37,42.56,43.14,3240
2020-07-08 12:00:00+00:00,43.15,43.87,43.08,43.26,5841
2020-07-08 16:00:00+00:00,43.26,44.06,43.19,43.75,6048
2020-07-08 20:00:00+00:00,43.74,43.94,43.56,43.62,6017
2020-07-09 00:00:00+00:00,42.88,44.04,42.88,43.48,17439
2020-07-09 04:00:00+00:00,43.48,43.52,42.95,43.35,4207
2020-07-09 08:00:00+00:00,43.33,44.31,43.29,44.07,4167
2020-07-09 12:00:00+00:00,44.06,44.31,43.45,44.28,3044
2020-07-09 16:00:00+00:00,44.27,44.29,42.3,42.53,11200
2020-07-09 20:00:00+00:00,42.49,42.67,41.8,42.55,3505
2020-07-10 00:00:00+00:00,41.65,42.87,41.62,42.5,11605
2020-07-10 04:00:00+00:00,42.5,42.78,41.79,42.13,3262
2020-07-10 08:00:00+00:00,42.1,43.04,41.72,42.82,4619
2020-07-10 12:00:00+00:00,42.81,42.85,42.3,42.59,3889
2020-07-10 16:00:00+00:00,42.59,42.95,42.25,42.67,3404
2020-07-10 20:00:00+00:00,42.67,42.72,42.41,42.57,2209
2020-07-13 00:00:00+00:00,41.81,43.29,41.81,43.08,14367
2020-07-13 04:00:00+00:00,43.09,43.23,42.93,43.06,2842
2020-07-13 08:00:00+00:00,43.06,43.75,43.06,43.65,2772
2020-07-13 12:00:00+00:00,43.66,44.03,43.42,43.8,4672
2020-07-13 16:00:00+00:00,43.8,43.95,43.01,43.32,3975
2020-07-13 20:00:00+00:00,43.32,43.37,40.9,42.21,7620
2020-07-14 00:00:00+00:00,41.17,42.49,41.17,42.1,16955
2020-07-14 04:00:00+00:00,42.09,42.32,41.38,41.61,4243
2020-07-14 08:00:00+00:00,41.61,41.98,41.28,41.84,2299
2020-07-14 12:00:00+00:00,41.85,42.41,41.58,42.09,4006
2020-07-14 16:00:00+00:00,42.09,42.3,41.72,42.21,3055
2020-07-14 20:00:00+00:00,42.21,42.35,42.05,42.15,2739
2020-07-15 00:00:00+00:00,41.21,42.51,41.11,42.27,15473
2020-07-15 04:00:00+00:00,42.28,42.38,41.83,42.09,1443
2020-07-15 08:00:00+00:00,42.07,42.1,41.62,41.83,2045
2020-07-15 12:00:00+00:00,41.82,42.06,41.6,42.04,2348
2020-07-15 16:00:00+00:00,42.02,42.04,41.25,41.64,2790
2020-07-15 20:00:00+00:00,41.64,41.79,41.37,41.74,2578
2020-07-16 00:00:00+00:00,40.74,41.83,40.72,41.79,5317
2020-07-16 04:00:00+00:00,41.77,41.9,41.53,41.6,1243
2020-07-16 08:00:00+00:00,41.6,41.71,39.27,40.25,8021
2020-07-16 12:00:00+00:00,40.24,40.37,39.61,40.21,4259
2020-07-16 16:00:00+00:00,40.22,40.58,40.13,40.28,2421
2020-07-16 20:00:00+00:00,40.28,40.67,40.06,40.35,2447
2020-07-17 00:00:00+00:00,39.37,40.63,39.37,40.33,8440
2020-07-17 04:00:00+00:00,40.33,40.63,40.25,40.33,1903
2020-07-17 08:00:00+00:00,40.34,40.57,40.13,40.23,2575
2020-07-17 12:00:00+00:00,40.24,40.9,40.15,40.56,2740
2020-07-17 16:00:00+00:00,40.56,40.66,40.32,40.47,2209
2020-07-17 20:00:00+00:00,40.47,40.5,40.21,40.32,1534
2020-07-20 00:00:00+00:00,39.94,41.36,39.94,41.06,8678
2020-07-20 04:00:00+00:00,41.06,41.19,40.94,41.06,1600
2020-07-20 08:00:00+00:00,41.06,41.16,40.9,40.97,767
2020-07-20 12:00:00+00:00,40.97,41.07,40.57,40.78,1477
2020-07-20 16:00:00+00:00,40.78,40.82,40.5,40.8,1283
2020-07-20 20:00:00+00:00,40.8,40.92,39.85,40.31,2887
2020-07-21 00:00:00+00:00,39.39,40.71,39.39,40.67,6172
2020-07-21 04:00:00+00:00,40.67,40.88,40.56,40.68,1144
2020-07-21 08:00:00+00:00,40.68,42.06,40.68,41.9,4478
2020-07-21 12:00:00+00:00,41.9,42.58,41.9,42.39,4252
2020-07-21 16:00:00+00:00,42.39,42.56,42.06,42.17,3554
2020-07-21 20:00:00+00:00,42.14,42.2,41.92,42.08,2879
2020-07-22 00:00:00+00:00,41.11,42.3,41.1,42.1,11242
2020-07-22 04:00:00+00:00,42.09,42.47,42.05,42.2,1712
2020-07-22 08:00:00+00:00,42.18,42.31,41.65,41.79,2312
2020-07-22 12:00:00+00:00,41.74,42.21,41.72,41.95,1813
2020-07-22 16:00:00+00:00,41.94,42.37,41.76,42.08,2312
2020-07-22 20:00:00+00:00,42.08,42.3,42.07,42.22,2075
2020-07-23 00:00:00+00:00,41.26,44.18,41.26,43.46,14367
2020-07-23 04:00:00+00:00,43.46,43.82,43.39,43.52,3279
2020-07-23 08:00:00+00:00,43.51,43.71,43.14,43.62,1491
2020-07-23 12:00:00+00:00,43.61,43.61,43.32,43.38,1218
2020-07-23 16:00:00+00:00,43.36,44.08,42.97,44.05,7404
2020-07-23 20:00:00+00:00,44.05,44.16,43.22,43.29,5953
2020-07-24 00:00:00+00:00,42.37,43.65,42.32,43.38,8548
2020-07-24 04:00:00+00:00,43.38,43.47,42.92,42.98,2220
2020-07-24 08:00:00+00:00,43.02,43.18,42.43,42.78,2867
2020-07-24 12:00:00+00:00,42.77,43.1,42.62,42.88,1722
2020-07-24 16:00:00+00:00,42.87,43.16,42.63,43.07,2297
2020-07-24 20:00:00+00:00,43.06,43.42,42.83,42.97,3407
2020-07-27 00:00:00+00:00,45.43,47.15,45.42,46.92,13136
2020-07-27 04:00:00+00:00,46.88,47.93,46.88,47.17,12005
2020-07-27 08:00:00+00:00,47.19,47.78,46.39,47.07,7390
2020-07-27 12:00:00+00:00,46.99,48.17,46.95,47.86,9946
2020-07-27 16:00:00+00:00,47.87,47.98,45.31,47.03,9152
2020-07-27 20:00:00+00:00,47.03,53.35,47.03,53.05,15510
2020-07-28 00:00:00+00:00,51.57,54.36,50.64,52.12,20956
2020-07-28 04:00:00+00:00,52.13,52.98,51.79,52.13,8382
2020-07-28 08:00:00+00:00,52.04,52.59,51.07,51.44,8303
2020-07-28 12:00:00+00:00,51.44,52.68,50.01,52.01,8799
2020-07-28 16:00:00+00:00,52.01,56.27,51.48,54.9,14792
2020-07-28 20:00:00+00:00,54.91,55.96,54.28,55.23,11043
2020-07-29 00:00:00+00:00,54.57,55.58,53.09,53.8,12470
2020-07-29 04:00:00+00:00,53.81,55.06,53.69,54.36,6826
2020-07-29 08:00:00+00:00,54.36,55.48,54.13,54.67,8032
2020-07-29 12:00:00+00:00,54.68,55.01,53.84,54.22,7533
2020-07-29 16:00:00+00:00,54.22,54.78,53.0,54.27,8237
2020-07-29 20:00:00+00:00,54.27,54.65,53.38,54.41,6717
2020-07-30 00:00:00+00:00,53.09,54.75,52.63,53.91,10918
2020-07-30 04:00:00+00:00,53.91,53.97,52.89,53.46,4620
2020-07-30 08:00:00+00:00,53.4,53.52,52.36,53.47,4848
2020-07-30 12:00:00+00:00,53.43,53.83,52.85,53.35,3242
2020-07-30 16:00:00+00:00,53.27,57.1,52.4,55.44,11449
2020-07-30 20:00:00+00:00,55.44,56.3,54.89,56.02,4777
2020-07-31 00:00:00+00:00,55.39,56.6,54.88,55.29,11742
2020-07-31 04:00:00+00:00,55.31,55.43,54.22,55.02,6449
2020-07-31 08:00:00+00:00,55.04,55.94,54.65,55.3,5876
2020-07-31 12:00:00+00:00,55.3,57.0,54.96,56.96,6317
2020-07-31 16:00:00+00:00,56.98,57.61,55.7,57.61,19010
2020-07-31 20:00:00+00:00,57.57,57.72,56.2,56.87,10687
2020-08-03 00:00:00+00:00,54.96,56.28,54.05,55.75,19155
2020-08-03 04:00:00+00:00,55.78,56.16,55.51,55.82,16258
2020-08-03 08:00:00+00:00,55.82,56.78,55.7,55.95,8895
2020-08-03 12:00:00+00:00,55.96,56.75,55.23,56.6,6869
2020-08-03 16:00:00+00:00,56.6,58.55,56.55,57.17,17706
2020-08-03 20:00:00+00:00,57.17,58.33,57.06,57.3,21771
2020-08-04 00:00:00+00:00,56.45,58.14,56.11,57.95,15240
2020-08-04 04:00:00+00:00,57.95,57.96,56.31,57.01,6695
2020-08-04 08:00:00+00:00,57.03,57.11,55.93,56.62,4072
2020-08-04 12:00:00+00:00,56.62,56.98,55.14,56.0,8279
2020-08-04 16:00:00+00:00,56.0,56.6,54.76,55.81,6752
2020-08-04 20:00:00+00:00,55.82,56.31,55.64,55.95,4640
2020-08-05 00:00:00+00:00,54.86,56.45,54.86,55.84,3151
2020-08-05 04:00:00+00:00,55.84,56.09,55.14,55.98,2925
2020-08-05 08:00:00+00:00,55.98,56.92,55.74,56.41,2533
2020-08-05 12:00:00+00:00,56.41,57.89,56.35,57.84,4777
2020-08-05 16:00:00+00:00,57.84,58.11,56.72,57.36,11651
2020-08-05 20:00:00+00:00,57.35,58.01,57.07,57.88,2249
2020-08-06 00:00:00+00:00,56.92,58.35,55.2,57.42,11198
2020-08-06 04:00:00+00:00,57.38,57.4,56.23,56.49,3907
2020-08-06 08:00:00+00:00,56.47,57.21,56.18,57.11,3227
2020-08-06 12:00:00+00:00,57.11,57.7,56.3,57.57,3069
2020-08-06 16:00:00+00:00,57.55,59.16,57.34,58.66,8470
2020-08-06 20:00:00+00:00,58.66,58.84,57.7,58.1,5154
2020-08-07 00:00:00+00:00,57.77,58.38,56.3,57.84,12469
2020-08-07 04:00:00+00:00,57.82,58.92,57.6,58.08,4263
2020-08-07 08:00:00+00:00,58.08,58.68,57.4,58.58,3579
2020-08-07 12:00:00+00:00,58.57,59.51,57.73,58.39,5520
2020-08-07 16:00:00+00:00,58.38,58.53,56.02,56.77,5580
2020-08-07 20:00:00+00:00,56.72,56.83,53.04,55.72,15585
2020-08-10 00:00:00+00:00,54.72,55.95,54.36,55.82,6225
2020-08-10 04:00:00+00:00,55.82,57.03,55.66,56.52,4237
2020-08-10 08:00:00+00:00,56.54,57.1,56.37,56.73,1469
2020-08-10 12:00:00+00:00,56.73,56.89,54.88,56.35,4093
2020-08-10 16:00:00+00:00,56.35,57.95,55.99,57.07,5179
2020-08-10 20:00:00+00:00,57.07,57.17,56.19,56.71,2401
2020-08-11 00:00:00+00:00,55.64,57.15,55.61,57.15,7192
2020-08-11 04:00:00+00:00,57.17,58.14,56.45,56.78,4086
2020-08-11 08:00:00+00:00,56.79,56.89,55.68,55.88,6390
2020-08-11 12:00:00+00:00,55.87,56.42,54.97,55.32,8317
2020-08-11 16:00:00+00:00,55.34,55.36,52.01,53.83,12696
2020-08-11 20:00:00+00:00,53.79,54.3,50.83,51.52,10928
2020-08-12 00:00:00+00:00,50.58,52.88,50.11,52.26,16030
2020-08-12 04:00:00+00:00,52.25,52.73,51.41,51.64,6231
2020-08-12 08:00:00+00:00,51.65,53.28,49.94,52.72,9203
2020-08-12 12:00:00+00:00,52.72,53.52,52.65,53.21,5206
2020-08-12 16:00:00+00:00,53.21,53.58,52.69,52.99,4020
2020-08-12 20:00:00+00:00,52.99,53.41,52.4,53.21,4781
2020-08-13 00:00:00+00:00,52.17,53.68,51.83,53.58,3934
2020-08-13 04:00:00+00:00,53.58,53.7,52.77,52.96,4359
2020-08-13 08:00:00+00:00,52.96,52.97,51.58,51.61,4218
2020-08-13 12:00:00+00:00,51.6,53.21,50.26,52.47,8043
2020-08-13 16:00:00+00:00,52.47,53.03,51.78,52.66,4899
2020-08-13 20:00:00+00:00,52.66,53.58,52.28,53.51,4676
2020-08-14 00:00:00+00:00,53.4,55.9,52.87,55.27,10529
2020-08-14 04:00:00+00:00,55.27,55.58,54.35,54.96,6103
2020-08-14 08:00:00+00:00,54.96,55.15,54.37,54.73,5390
2020-08-14 12:00:00+00:00,54.73,55.74,54.51,55.45,3333
2020-08-14 16:00:00+00:00,55.45,56.24,54.3,56.04,8111
2020-08-14 20:00:00+00:00,56.04,56.41,55.25,55.39,7300
2020-08-17 00:00:00+00:00,58.99,62.98,58.99,61.2,10940
2020-08-17 04:00:00+00:00,61.19,62.7,59.83,61.37,8094
2020-08-17 08:00:00+00:00,61.37,63.14,60.73,62.57,9241
2020-08-17 12:00:00+00:00,62.57,63.53,62.44,62.86,10606
2020-08-17 16:00:00+00:00,62.85,65.09,59.76,64.8,19092
2020-08-17 20:00:00+00:00,64.81,66.76,64.54,65.99,13602
2020-08-18 00:00:00+00:00,66.74,67.35,64.92,66.81,14412
2020-08-18 04:00:00+00:00,66.8,66.8,64.63,65.09,8870
2020-08-18 08:00:00+00:00,65.08,65.77,63.77,65.38,5591
2020-08-18 12:00:00+00:00,65.37,65.83,62.9,64.61,9211
2020-08-18 16:00:00+00:00,64.63,66.1,61.8,65.35,27356
2020-08-18 20:00:00+00:00,65.37,65.92,64.59,65.4,12195
2020-08-19 00:00:00+00:00,65.51,66.02,63.6,64.69,25251
2020-08-19 04:00:00+00:00,64.69,65.66,59.6,61.31,11644
2020-08-19 08:00:00+00:00,61.25,61.98,59.75,61.62,9442
2020-08-19 12:00:00+00:00,61.64,62.44,60.49,61.69,5775
2020-08-19 16:00:00+00:00,61.69,62.3,57.15,59.5,9380
2020-08-19 20:00:00+00:00,59.52,59.93,57.2,59.23,11724
2020-08-20 00:00:00+00:00,59.69,61.72,58.94,61.18,13498
2020-08-20 04:00:00+00:00,61.2,61.91,60.2,60.79,4678
2020-08-20 08:00:00+00:00,60.76,61.44,59.39,60.43,3486
2020-08-20 12:00:00+00:00,60.4,61.44,59.85,61.01,5565
2020-08-20 16:00:00+00:00,61.01,62.16,60.6,61.55,6963
2020-08-20 20:00:00+00:00,61.53,61.79,60.73,61.05,5369
2020-08-21 00:00:00+00:00,60.72,61.63,60.65,60.83,5573
2020-08-21 04:00:00+00:00,60.79,62.34,59.83,61.46,4017
2020-08-21 08:00:00+00:00,61.46,61.79,60.48,61.41,3871
2020-08-21 12:00:00+00:00,61.4,61.76,58.47,60.09,6654
2020-08-21 16:00:00+00:00,60.09,60.24,58.26,58.44,5748
2020-08-21 20:00:00+00:00,58.44,59.89,57.84,58.61,10736
2020-08-24 00:00:00+00:00,58.38,59.52,58.36,58.86,4851
2020-08-24 04:00:00+00:00,58.78,60.3,58.63,59.76,3921
2020-08-24 08:00:00+00:00,59.77,60.82,59.11,60.61,4552
2020-08-24 12:00:00+00:00,60.61,61.31,60.3,60.48,3305
2020-08-24 16:00:00+00:00,60.48,61.42,60.01,61.29,3912
2020-08-24 20:00:00+00:00,61.29,61.32,60.06,60.44,3540
2020-08-25 00:00:00+00:00,59.4,61.08,59.4,60.24,3894
2020-08-25 04:00:00+00:00,60.2,60.48,59.15,59.75,2506
2020-08-25 08:00:00+00:00,59.75,59.99,58.25,58.99,3916
2020-08-25 12:00:00+00:00,59.01,59.78,58.01,58.42,8249
2020-08-25 16:00:00+00:00,58.36,58.75,55.18,55.96,8987
2020-08-25 20:00:00+00:00,55.96,56.81,54.93,56.08,10797
2020-08-26 00:00:00+00:00,56.3,57.25,55.97,56.28,12774
2020-08-26 04:00:00+00:00,56.28,57.11,56.16,56.22,4346
2020-08-26 08:00:00+00:00,56.22,56.56,55.41,56.0,4279
2020-08-26 12:00:00+00:00,56.01,56.74,55.44,55.8,4238
2020-08-26 16:00:00+00:00,55.78,57.62,55.51,56.88,5687
2020-08-26 20:00:00+00:00,56.83,57.18,56.79,56.96,2610
2020-08-27 00:00:00+00:00,56.49,57.22,56.48,56.95,7065
2020-08-27 04:00:00+00:00,56.97,56.98,55.97,56.11,2211
2020-08-27 08:00:00+00:00,56.05,56.85,55.53,56.47,2150
2020-08-27 12:00:00+00:00,56.47,57.0,55.58,56.22,2818
2020-08-27 16:00:00+00:00,56.22,57.73,53.52,53.74,9307
2020-08-27 20:00:00+00:00,53.72,54.13,52.34,53.74,10897
2020-08-28 00:00:00+00:00,52.88,54.65,52.88,54.42,3398
2020-08-28 04:00:00+00:00,54.42,55.17,54.15,55.15,2230
2020-08-28 08:00:00+00:00,55.15,55.43,54.77,55.21,2926
2020-08-28 12:00:00+00:00,55.21,56.29,55.21,55.79,3991
2020-08-28 16:00:00+00:00,55.79,56.7,55.69,56.34,5666
2020-08-28 20:00:00+00:00,56.34,56.43,55.13,55.42,4955
2020-08-31 00:00:00+00:00,60.36,62.1,59.19,61.26,14491
2020-08-31 04:00:00+00:00,61.26,61.7,60.35,60.45,8154
2020-08-31 08:00:00+00:00,60.34,60.72,59.22,59.76,7067
2020-08-31 12:00:00+00:00,59.74,61.42,59.61,61.0,6351
2020-08-31 16:00:00+00:00,61.0,61.31,59.28,59.99,5315
2020-08-31 20:00:00+00:00,59.99,60.11,58.96,59.36,5346
2020-09-01 00:00:00+00:00,59.32,59.65,58.17,59.01,8002
2020-09-01 04:00:00+00:00,58.9,60.27,58.71,60.27,2657
2020-09-01 08:00:00+00:00,60.27,61.86,60.26,61.15,3319
2020-09-01 12:00:00+00:00,61.15,61.82,60.21,61.11,2504
2020-09-01 16:00:00+00:00,61.11,62.78,59.9,62.27,5547
2020-09-01 20:00:00+00:00,62.27,62.52,61.6,62.16,2559
2020-09-02 00:00:00+00:00,61.34,62.79,60.7,61.12,7346
2020-09-02 04:00:00+00:00,61.11,61.47,60.55,61.38,2529
2020-09-02 08:00:00+00:00,61.38,61.63,59.84,60.65,3100
2020-09-02 12:00:00+00:00,60.65,60.83,54.88,57.12,11012
2020-09-02 16:00:00+00:00,57.11,57.39,55.29,56.36,9620
2020-09-02 20:00:00+00:00,56.38,56.72,55.98,56.54,3545
2020-09-03 00:00:00+00:00,55.55,57.0,55.55,56.67,8003
2020-09-03 04:00:00+00:00,56.69,57.17,55.41,55.48,3770
2020-09-03 08:00:00+00:00,55.5,56.51,54.67,56.15,5628
2020-09-03 12:00:00+00:00,56.16,56.22,50.78,52.32,10879
2020-09-03 16:00:00+00:00,52.32,52.98,50.22,50.95,12316
2020-09-03 20:00:00+00:00,50.95,52.22,50.9,52.03,6746
2020-09-04 00:00:00+00:00,51.26,52.04,43.57,46.82,19391
2020-09-04 04:00:00+00:00,46.82,47.24,46.09,46.97,9227
2020-09-04 08:00:00+00:00,46.99,48.33,45.62,48.21,9585
2020-09-04 12:00:00+00:00,48.21,50.86,47.85,49.49,9641
2020-09-04 16:00:00+00:00,49.49,50.08,44.66,48.52,14941
2020-09-04 20:00:00+00:00,48.52,49.77,47.72,49.62,6771
2020-09-07 00:00:00+00:00,45.63,47.28,45.63,46.84,11686
2020-09-07 04:00:00+00:00,46.84,47.19,45.73,46.07,4214
2020-09-07 08:00:00+00:00,46.07,46.26,45.32,45.76,4416
2020-09-07 12:00:00+00:00,45.78,46.08,43.68,44.21,8360
2020-09-07 16:00:00+00:00,44.21,47.12,43.95,46.43,8785
2020-09-07 20:00:00+00:00,46.43,46.59,45.84,46.28,1595
2020-09-08 00:00:00+00:00,45.9,47.63,45.9,46.77,5506
2020-09-08 04:00:00+00:00,46.77,47.86,46.58,46.92,2657
2020-09-08 08:00:00+00:00,46.93,47.64,46.35,46.74,4717
2020-09-08 12:00:00+00:00,46.73,46.88,45.24,45.95,5705
2020-09-08 16:00:00+00:00,45.94,46.46,45.18,46.43,7538
2020-09-08 20:00:00+00:00,46.44,46.45,44.73,45.42,5417
2020-09-09 00:00:00+00:00,44.71,46.28,44.38,45.89,20205
2020-09-09 04:00:00+00:00,45.89,46.21,44.95,45.83,4342
2020-09-09 08:00:00+00:00,45.83,46.33,45.56,45.95,3592
2020-09-09 12:00:00+00:00,45.92,46.57,45.81,46.13,3635
2020-09-09 16:00:00+00:00,46.13,46.98,46.11,46.92,3898
2020-09-09 20:00:00+00:00,46.92,47.3,46.56,46.65,3295
2020-09-10 00:00:00+00:00,45.67,47.59,45.67,47.17,13887
2020-09-10 04:00:00+00:00,47.16,47.94,46.96,47.65,4473
2020-09-10 08:00:00+00:00,47.65,47.75,46.63,46.84,3546
2020-09-10 12:00:00+00:00,46.84,47.57,46.6,47.44,3698
2020-09-10 16:00:00+00:00,47.44,47.79,46.73,46.96,5161
2020-09-10 20:00:00+00:00,46.98,47.23,46.63,46.89,3554
2020-09-11 00:00:00+00:00,45.87,47.36,45.87,47.08,10710
2020-09-11 04:00:00+00:00,47.08,47.14,45.43,46.24,2668
2020-09-11 08:00:00+00:00,46.24,47.12,46.21,46.84,2816
2020-09-11 12:00:00+00:00,46.86,47.39,46.57,46.99,3372
2020-09-11 16:00:00+00:00,47.0,47.37,46.77,46.95,2549
2020-09-11 20:00:00+00:00,46.97,47.69,46.67,47.41,3188
2020-09-14 00:00:00+00:00,45.31,46.73,45.31,46.04,10837
2020-09-14 04:00:00+00:00,46.06,46.77,45.87,46.14,3678
2020-09-14 08:00:00+00:00,46.14,46.82,45.74,46.14,4117
2020-09-14 12:00:00+00:00,46.16,46.91,46.01,46.88,3266
2020-09-14 16:00:00+00:00,46.88,48.16,46.85,47.8,5139
2020-09-14 20:00:00+00:00,47.8,47.89,46.97,47.31,2046
2020-09-15 00:00:00+00:00,47.5,47.66,46.84,47.48,16274
2020-09-15 04:00:00+00:00,47.46,48.77,46.85,48.07,3812
2020-09-15 08:00:00+00:00,48.06,48.35,47.15,47.47,2024
2020-09-15 12:00:00+00:00,47.47,48.65,47.34,48.28,3127
2020-09-15 16:00:00+00:00,48.29,48.35,46.95,47.57,4199
2020-09-15 20:00:00+00:00,47.57,47.69,47.06,47.19,1854
2020-09-16 00:00:00+00:00,46.19,47.49,45.36,46.02,5022
2020-09-16 04:00:00+00:00,46.02,46.68,45.86,46.62,2401
2020-09-16 08:00:00+00:00,46.61,46.97,46.36,46.73,2462
2020-09-16 12:00:00+00:00,46.73,46.8,45.93,46.58,3543
2020-09-16 16:00:00+00:00,46.58,47.23,46.1,46.99,3516
2020-09-16 20:00:00+00:00,46.99,47.2,46.36,46.5,2465
2020-09-17 00:00:00+00:00,45.54,48.08,45.54,47.64,10274
2020-09-17 04:00:00+00:00,47.65,47.93,46.62,46.86,3086
2020-09-17 08:00:00+00:00,46.86,47.01,46.5,46.68,3642
2020-09-17 12:00:00+00:00,46.67,47.17,46.27,46.41,1927
2020-09-17 16:00:00+00:00,46.39,47.11,46.3,46.83,2718
2020-09-17 20:00:00+00:00,46.84,47.8,46.76,47.49,2611
2020-09-18 00:00:00+00:00,46.67,47.8,46.67,47.03,11025
2020-09-18 04:00:00+00:00,47.05,47.24,46.64,46.86,1387
2020-09-18 08:00:00+00:00,46.86,47.16,46.79,47.14,1033
2020-09-18 12:00:00+00:00,47.16,47.5,46.93,47.26,1951
2020-09-18 16:00:00+00:00,47.26,47.33,46.41,46.72,2303
2020-09-18 20:00:00+00:00,46.72,46.78,45.9,46.48,2055
2020-09-21 00:00:00+00:00,44.21,45.76,44.21,45.64,12500
2020-09-21 04:00:00+00:00,45.64,45.85,45.42,45.61,2094
2020-09-21 08:00:00+00:00,45.61,46.13,45.09,45.26,2377
2020-09-21 12:00:00+00:00,45.25,45.33,42.07,42.75,8796
2020-09-21 16:00:00+00:00,42.77,43.11,39.96,41.51,6945
2020-09-21 20:00:00+00:00,41.51,42.46,41.39,42.23,2787
2020-09-22 00:00:00+00:00,41.7,42.34,41.21,41.92,9327
2020-09-22 04:00:00+00:00,41.92,42.26,41.52,42.09,1523
2020-09-22 08:00:00+00:00,42.09,42.39,41.4,42.03,2261
2020-09-22 12:00:00+00:00,42.03,42.43,41.89,42.37,2022
2020-09-22 16:00:00+00:00,42.37,42.81,42.19,42.49,2296
2020-09-22 20:00:00+00:00,42.49,42.61,42.0,42.56,1378
2020-09-23 00:00:00+00:00,41.99,43.25,41.99,42.98,10130
2020-09-23 04:00:00+00:00,42.97,43.13,42.56,42.73,1741
2020-09-23 08:00:00+00:00,42.69,43.17,42.14,43.11,2112
2020-09-23 12:00:00+00:00,43.08,43.6,43.02,43.41,2319
2020-09-23 16:00:00+00:00,43.42,43.49,42.78,42.99,2420
2020-09-23 20:00:00+00:00,42.96,43.07,40.7,41.29,5645
2020-09-24 00:00:00+00:00,41.36,42.07,40.95,42.03,13532
2020-09-24 04:00:00+00:00,42.03,42.19,41.8,41.81,2532
2020-09-24 08:00:00+00:00,41.82,42.44,41.81,41.97,2175
2020-09-24 12:00:00+00:00,41.98,42.89,41.82,42.4,3834
2020-09-24 16:00:00+00:00,42.4,43.6,42.16,43.44,3497
2020-09-24 20:00:00+00:00,43.44,43.63,43.07,43.54,2511
2020-09-25 00:00:00+00:00,43.4,43.54,42.95,43.18,3833
2020-09-25 04:00:00+00:00,43.17,43.25,42.86,42.98,1370
2020-09-25 08:00:00+00:00,42.99,43.21,42.44,42.6,2514
2020-09-25 12:00:00+00:00,42.57,44.98,42.48,44.24,7218
2020-09-25 16:00:00+00:00,44.24,44.76,43.98,44.37,7823
2020-09-25 20:00:00+00:00,44.37,44.95,44.29,44.55,2607
2020-09-28 00:00:00+00:00,43.81,45.15,43.74,44.82,11366
2020-09-28 04:00:00+00:00,44.82,45.57,44.7,45.06,2407
2020-09-28 08:00:00+00:00,45.07,45.15,44.47,44.65,2068
2020-09-28 12:00:00+00:00,44.62,45.61,44.58,45.24,4147
2020-09-28 16:00:00+00:00,45.24,45.35,44.76,45.05,2839
2020-09-28 20:00:00+00:00,45.04,45.12,44.54,44.71,1961
2020-09-29 00:00:00+00:00,44.6,44.8,43.21,44.09,7903
2020-09-29 04:00:00+00:00,44.07,44.17,43.8,43.89,1678
2020-09-29 08:00:00+00:00,43.89,44.27,43.75,43.99,1985
2020-09-29 12:00:00+00:00,43.98,44.14,43.83,43.96,2369
2020-09-29 16:00:00+00:00,43.95,44.17,43.41,43.68,2565
2020-09-29 20:00:00+00:00,43.7,43.93,43.4,43.89,1987
2020-09-30 00:00:00+00:00,43.91,44.2,43.76,43.97,9468
2020-09-30 04:00:00+00:00,43.96,44.83,43.86,44.58,2684
2020-09-30 08:00:00+00:00,44.57,44.63,44.2,44.48,2072
2020-09-30 12:00:00+00:00,44.45,44.54,43.95,44.4,1890
2020-09-30 16:00:00+00:00,44.4,45.18,44.34,44.82,2431
2020-09-30 20:00:00+00:00,44.82,44.89,44.21,44.38,2028
2020-10-01 00:00:00+00:00,44.28,44.92,43.84,44.77,12606
2020-10-01 04:00:00+00:00,44.78,45.2,44.73,44.96,2316
2020-10-01 08:00:00+00:00,44.97,46.08,44.79,46.08,2674
2020-10-01 12:00:00+00:00,46.08,46.68,45.93,46.39,2911
2020-10-01 16:00:00+00:00,46.39,46.96,43.62,44.18,8219
2020-10-01 20:00:00+00:00,44.19,45.13,43.94,44.68,3956
2020-10-02 00:00:00+00:00,44.17,44.74,43.95,44.54,12102
2020-10-02 04:00:00+00:00,44.54,45.42,44.54,44.97,5072
2020-10-02 08:00:00+00:00,44.94,44.96,43.08,43.42,6795
2020-10-02 12:00:00+00:00,43.43,43.68,41.66,43.15,5083
2020-10-02 16:00:00+00:00,43.15,43.65,42.58,43.6,4195
2020-10-02 20:00:00+00:00,43.6,43.64,43.15,43.41,2123
2020-10-05 00:00:00+00:00,44.63,45.54,44.63,45.34,8113
2020-10-05 04:00:00+00:00,45.32,45.41,44.55,44.65,2059
2020-10-05 08:00:00+00:00,44.66,44.9,44.43,44.68,4153
2020-10-05 12:00:00+00:00,44.65,44.94,44.53,44.92,1898
2020-10-05 16:00:00+00:00,44.93,45.05,44.73,44.96,2453
2020-10-05 20:00:00+00:00,44.96,44.96,44.0,44.41,3112
2020-10-06 00:00:00+00:00,43.47,44.94,43.47,44.68,9845
2020-10-06 04:00:00+00:00,44.64,45.22,44.51,45.07,2618
2020-10-06 08:00:00+00:00,45.09,45.09,44.59,44.85,1992
2020-10-06 12:00:00+00:00,44.84,45.3,44.14,44.33,2034
2020-10-06 16:00:00+00:00,44.3,46.7,44.0,45.94,5169
2020-10-06 20:00:00+00:00,45.93,45.99,44.09,44.3,6567
2020-10-07 00:00:00+00:00,43.69,44.5,43.69,44.2,11427
2020-10-07 04:00:00+00:00,44.2,44.31,43.48,44.23,2410
2020-10-07 08:00:00+00:00,44.24,44.69,44.1,44.4,2850
2020-10-07 12:00:00+00:00,44.39,44.76,43.76,44.63,2745
2020-10-07 16:00:00+00:00,44.63,45.16,44.21,44.65,2896
2020-10-07 20:00:00+00:00,44.65,45.4,44.58,45.16,2587
2020-10-08 00:00:00+00:00,45.1,45.2,44.2,44.78,7203
2020-10-08 04:00:00+00:00,44.78,45.08,44.6,44.91,1544
2020-10-08 08:00:00+00:00,44.91,44.97,43.89,44.31,2269
2020-10-08 12:00:00+00:00,44.29,44.8,44.14,44.8,1824
2020-10-08 16:00:00+00:00,44.8,45.95,44.61,45.7,5207
2020-10-08 20:00:00+00:00,45.72,45.98,45.42,45.77,2127
2020-10-09 00:00:00+00:00,45.25,45.81,45.13,45.31,2363
2020-10-09 04:00:00+00:00,45.31,45.62,45.18,45.33,1954
2020-10-09 08:00:00+00:00,45.33,45.61,45.06,45.55,1013
2020-10-09 12:00:00+00:00,45.52,46.32,45.27,46.14,2315
2020-10-09 16:00:00+00:00,46.14,46.71,45.93,46.2,2003
2020-10-09 20:00:00+00:00,46.2,46.34,46.03,46.09,1562
2020-10-12 00:00:00+00:00,47.5,49.28,47.5,48.75,6358
2020-10-12 04:00:00+00:00,48.68,48.85,48.17,48.54,2327
2020-10-12 08:00:00+00:00,48.55,49.24,48.2,48.83,2648
2020-10-12 12:00:00+00:00,48.81,48.86,47.68,48.64,4340
2020-10-12 16:00:00+00:00,48.62,49.82,46.89,49.61,5282
2020-10-12 20:00:00+00:00,49.61,49.83,49.36,49.58,1626
2020-10-13 00:00:00+00:00,48.59,49.98,48.48,48.82,13664
2020-10-13 04:00:00+00:00,48.82,48.98,48.33,48.66,4560
2020-10-13 08:00:00+00:00,48.66,48.91,48.19,48.74,2123
2020-10-13 12:00:00+00:00,48.74,48.96,48.0,48.53,3067
2020-10-13 16:00:00+00:00,48.53,48.53,47.28,48.39,5128
2020-10-13 20:00:00+00:00,48.39,48.42,47.93,48.26,2470
2020-10-14 00:00:00+00:00,47.78,48.76,47.78,48.66,8506
2020-10-14 04:00:00+00:00,48.66,48.72,48.12,48.36,1973
2020-10-14 08:00:00+00:00,48.38,49.33,48.19,49.25,2956
2020-10-14 12:00:00+00:00,49.21,49.32,48.49,48.99,2594
2020-10-14 16:00:00+00:00,48.99,49.53,47.77,48.25,5609
2020-10-14 20:00:00+00:00,48.24,48.25,47.78,48.05,2018
2020-10-15 00:00:00+00:00,47.96,48.41,47.93,48.09,12035
2020-10-15 04:00:00+00:00,48.09,48.31,47.9,48.1,1770
2020-10-15 08:00:00+00:00,48.11,48.74,47.88,48.2,2365
2020-10-15 12:00:00+00:00,48.18,48.35,47.31,48.14,3375
2020-10-15 16:00:00+00:00,48.14,48.46,47.79,47.88,2462
2020-10-15 20:00:00+00:00,47.88,48.45,47.88,48.09,2490
2020-10-16 00:00:00+00:00,47.36,48.06,47.31,47.96,9488
2020-10-16 04:00:00+00:00,47.98,48.37,43.97,45.45,7066
2020-10-16 08:00:00+00:00,45.39,45.97,45.25,45.61,2430
2020-10-16 12:00:00+00:00,45.57,46.01,44.48,45.77,4578
2020-10-16 16:00:00+00:00,45.77,45.89,45.35,45.64,2168
2020-10-16 20:00:00+00:00,45.64,46.29,45.51,45.77,2141
2020-10-19 00:00:00+00:00,44.87,46.13,44.87,45.77,9932
2020-10-19 04:00:00+00:00,45.75,45.92,45.26,45.51,1822
2020-10-19 08:00:00+00:00,45.52,45.75,45.39,45.75,1846
2020-10-19 12:00:00+00:00,45.74,46.19,45.63,46.02,2224
2020-10-19 16:00:00+00:00,46.02,46.95,46.02,46.84,3798
2020-10-19 20:00:00+00:00,46.85,46.89,46.44,46.59,1294
2020-10-20 00:00:00+00:00,46.44,46.7,46.29,46.44,2573
2020-10-20 04:00:00+00:00,46.43,46.93,46.34,46.43,1303
2020-10-20 08:00:00+00:00,46.43,46.77,45.7,46.2,2011
2020-10-20 12:00:00+00:00,46.17,46.31,45.26,45.65,2642
2020-10-20 16:00:00+00:00,45.65,45.97,45.33,45.83,2545
2020-10-20 20:00:00+00:00,45.84,45.85,44.78,45.43,3312
2020-10-21 00:00:00+00:00,44.47,45.84,44.46,45.78,3164
2020-10-21 04:00:00+00:00,45.8,48.0,45.73,47.75,4447
2020-10-21 08:00:00+00:00,47.77,47.81,47.01,47.11,2266
2020-10-21 12:00:00+00:00,47.06,49.54,47.04,48.96,4264
2020-10-21 16:00:00+00:00,48.96,51.87,48.66,51.06,12910
2020-10-21 20:00:00+00:00,51.06,51.94,50.67,51.5,4867
2020-10-22 00:00:00+00:00,50.73,53.57,50.73,53.07,11465
2020-10-22 04:00:00+00:00,53.05,54.26,52.46,53.41,6595
2020-10-22 08:00:00+00:00,53.4,54.76,52.83,53.77,5672
2020-10-22 12:00:00+00:00,53.77,54.5,52.83,53.59,6903
2020-10-22 16:00:00+00:00,53.59,54.0,52.99,53.67,4350
2020-10-22 20:00:00+00:00,53.67,53.78,53.07,53.19,3967
2020-10-23 00:00:00+00:00,53.2,53.96,51.54,52.21,6328
2020-10-23 04:00:00+00:00,52.18,53.4,52.12,53.2,2186
2020-10-23 08:00:00+00:00,53.19,55.45,53.12,54.21,5058
2020-10-23 12:00:00+00:00,54.21,55.16,53.64,53.96,4157
2020-10-23 16:00:00+00:00,53.96,54.29,52.0,53.12,6206
2020-10-23 20:00:00+00:00,53.12,54.53,52.99,54.24,2769
2020-10-26 00:00:00+00:00,57.46,57.68,56.02,57.6,3667
2020-10-26 04:00:00+00:00,57.6,57.84,56.59,56.73,2554
2020-10-26 08:00:00+00:00,56.73,56.95,55.49,56.51,2952
2020-10-26 12:00:00+00:00,56.55,57.23,55.68,56.0,3955
2020-10-26 16:00:00+00:00,55.97,56.6,53.01,54.04,8498
2020-10-26 20:00:00+00:00,54.03,55.3,53.09,55.06,5163
2020-10-27 00:00:00+00:00,54.93,56.21,54.85,55.84,2994
2020-10-27 04:00:00+00:00,55.83,56.24,54.91,55.54,3341
2020-10-27 08:00:00+00:00,55.56,56.78,55.02,56.18,2006
2020-10-27 12:00:00+00:00,56.16,56.86,55.49,56.47,4670
2020-10-27 16:00:00+00:00,56.49,57.53,55.8,57.29,4562
2020-10-27 20:00:00+00:00,57.29,57.3,55.77,56.18,3256
2020-10-28 00:00:00+00:00,56.3,57.39,55.87,57.21,3483
2020-10-28 04:00:00+00:00,57.15,59.0,57.07,58.18,4697
2020-10-28 08:00:00+00:00,58.18,58.31,55.53,57.02,4345
2020-10-28 12:00:00+00:00,57.0,57.56,55.3,55.93,6650
2020-10-28 16:00:00+00:00,55.95,56.32,53.67,54.55,5288
2020-10-28 20:00:00+00:00,54.52,54.52,53.24,54.16,2525
2020-10-29 00:00:00+00:00,53.61,54.87,53.18,54.39,6831
2020-10-29 04:00:00+00:00,54.39,54.82,54.01,54.54,2450
2020-10-29 08:00:00+00:00,54.54,55.04,53.99,54.12,1940
2020-10-29 12:00:00+00:00,54.12,54.47,51.82,52.67,3800
2020-10-29 16:00:00+00:00,52.67,54.65,52.39,54.31,4002
2020-10-29 20:00:00+00:00,54.31,54.31,53.29,53.52,3436
2020-10-30 00:00:00+00:00,52.56,54.29,52.56,54.13,2928
2020-10-30 04:00:00+00:00,54.13,54.21,52.53,52.66,2468
2020-10-30 08:00:00+00:00,52.54,53.04,51.19,51.94,5009
2020-10-30 12:00:00+00:00,51.94,52.39,50.68,52.22,4278
2020-10-30 16:00:00+00:00,52.22,52.54,51.42,52.16,3643
2020-10-30 20:00:00+00:00,52.17,52.82,52.17,52.58,1469
2020-11-02 00:00:00+00:00,53.84,55.3,53.76,54.88,3093
2020-11-02 04:00:00+00:00,54.88,54.98,53.79,54.07,1536
2020-11-02 08:00:00+00:00,54.07,54.75,52.43,53.13,2934
2020-11-02 12:00:00+00:00,53.13,53.13,51.52,52.47,4617
2020-11-02 16:00:00+00:00,52.45,52.72,51.97,52.53,1471
2020-11-02 20:00:00+00:00,52.53,53.08,52.27,52.55,1144
2020-11-03 00:00:00+00:00,52.04,52.85,51.97,52.83,2511
2020-11-03 04:00:00+00:00,52.83,52.91,49.62,50.54,5210
2020-11-03 08:00:00+00:00,50.56,51.49,50.26,51.37,3948
2020-11-03 12:00:00+00:00,51.37,52.14,50.61,51.84,3279
2020-11-03 16:00:00+00:00,51.84,52.02,51.06,51.45,2264
2020-11-03 20:00:00+00:00,51.46,52.36,51.46,52.09,1481
2020-11-04 00:00:00+00:00,51.52,53.02,51.48,51.95,3083
2020-11-04 04:00:00+00:00,51.96,52.65,51.42,52.02,2216
2020-11-04 08:00:00+00:00,51.98,52.3,50.72,51.4,3385
2020-11-04 12:00:00+00:00,51.4,51.94,51.25,51.42,2522
2020-11-04 16:00:00+00:00,51.43,53.41,50.16,52.77,6149
2020-11-04 20:00:00+00:00,52.77,53.39,52.45,52.93,3086
2020-11-05 00:00:00+00:00,52.46,53.71,52.46,53.47,2674
2020-11-05 04:00:00+00:00,53.4,54.47,53.4,54.26,3109
2020-11-05 08:00:00+00:00,54.23,54.47,53.34,53.63,3174
2020-11-05 12:00:00+00:00,53.63,55.34,53.5,54.69,5366
2020-11-05 16:00:00+00:00,54.69,58.15,54.6,56.88,8852
2020-11-05 20:00:00+00:00,56.88,57.54,56.34,57.07,3003
2020-11-06 00:00:00+00:00,56.18,60.32,56.18,59.89,10196
2020-11-06 04:00:00+00:00,59.89,60.82,58.94,59.67,6692
2020-11-06 08:00:00+00:00,59.68,60.52,58.58,59.4,4700
2020-11-06 12:00:00+00:00,59.39,61.71,59.36,61.29,8559
2020-11-06 16:00:00+00:00,61.31,61.31,58.99,59.94,7278
2020-11-06 20:00:00+00:00,59.96,60.5,58.23,59.98,4937
2020-11-09 00:00:00+00:00,58.58,60.17,58.58,59.74,2788
2020-11-09 04:00:00+00:00,59.67,59.67,58.26,58.94,2283
2020-11-09 08:00:00+00:00,58.92,59.28,57.66,59.13,3238
2020-11-09 12:00:00+00:00,59.13,60.25,56.98,57.73,7870
2020-11-09 16:00:00+00:00,57.68,58.2,55.88,57.5,8318
2020-11-09 20:00:00+00:00,57.48,58.1,57.16,57.8,2781
2020-11-10 00:00:00+00:00,57.26,58.08,56.68,57.72,3241
2020-11-10 04:00:00+00:00,57.74,57.92,57.12,57.31,1382
2020-11-10 08:00:00+00:00,57.31,57.8,56.31,57.73,2186
2020-11-10 12:00:00+00:00,57.71,57.81,56.23,56.86,3532
2020-11-10 16:00:00+00:00,56.79,56.94,55.58,56.62,2958
2020-11-10 20:00:00+00:00,56.62,56.8,56.05,56.72,1221
2020-11-11 00:00:00+00:00,56.4,58.7,56.17,58.31,3363
2020-11-11 04:00:00+00:00,58.31,58.64,57.34,57.71,2587
2020-11-11 08:00:00+00:00,57.71,58.14,57.24,57.63,2228
2020-11-11 12:00:00+00:00,57.63,58.46,57.44,57.54,2724
2020-11-11 16:00:00+00:00,57.54,59.14,57.39,58.27,3767
2020-11-11 20:00:00+00:00,58.3,58.89,57.6,58.07,2447
2020-11-12 00:00:00+00:00,57.16,58.14,56.1,56.9,2654
2020-11-12 04:00:00+00:00,56.9,57.44,56.75,57.06,1568
2020-11-12 08:00:00+00:00,57.06,58.28,56.99,57.95,2817
2020-11-12 12:00:00+00:00,57.97,58.96,56.31,57.33,4502
2020-11-12 16:00:00+00:00,57.33,58.33,56.6,56.88,5230
2020-11-12 20:00:00+00:00,56.83,57.64,56.58,57.44,1859
2020-11-13 00:00:00+00:00,57.63,60.43,57.13,60.16,5550
2020-11-13 04:00:00+00:00,60.16,61.11,59.67,59.9,3770
2020-11-13 08:00:00+00:00,59.88,63.02,59.77,62.55,5483
2020-11-13 12:00:00+00:00,62.57,65.17,60.99,64.16,6847
2020-11-13 16:00:00+00:00,64.16,64.95,62.82,64.14,6495
2020-11-13 20:00:00+00:00,64.14,64.26,63.29,64.11,2975
2020-11-16 00:00:00+00:00,59.41,63.82,59.41,63.18,4281
2020-11-16 04:00:00+00:00,63.18,65.49,63.18,64.9,4447
2020-11-16 08:00:00+00:00,64.9,66.97,64.9,65.81,4972
2020-11-16 12:00:00+00:00,65.8,69.1,65.35,68.6,6211
2020-11-16 16:00:00+00:00,68.61,71.03,68.61,70.07,9410
2020-11-16 20:00:00+00:00,70.07,71.11,68.72,69.27,6893
2020-11-17 00:00:00+00:00,68.79,74.26,68.78,72.39,9739
2020-11-17 04:00:00+00:00,72.39,73.38,71.46,72.38,6752
2020-11-17 08:00:00+00:00,72.39,73.49,69.92,70.88,6253
2020-11-17 12:00:00+00:00,70.89,72.95,70.33,70.38,8917
2020-11-17 16:00:00+00:00,70.38,74.39,69.89,72.31,15887
2020-11-17 20:00:00+00:00,72.31,74.32,71.96,73.08,6630
2020-11-18 00:00:00+00:00,72.49,75.65,72.21,73.74,10138
2020-11-18 04:00:00+00:00,73.72,74.39,66.7,69.47,12449
2020-11-18 08:00:00+00:00,69.49,72.36,69.28,70.79,12764
2020-11-18 12:00:00+00:00,70.79,72.13,69.68,70.13,6594
2020-11-18 16:00:00+00:00,70.11,73.11,67.65,72.47,11121
2020-11-18 20:00:00+00:00,72.47,73.18,70.45,71.78,6362
2020-11-19 00:00:00+00:00,71.18,73.76,71.18,73.13,6182
2020-11-19 04:00:00+00:00,73.16,73.56,71.45,72.48,3000
2020-11-19 08:00:00+00:00,72.51,72.79,69.96,70.78,6227
2020-11-19 12:00:00+00:00,70.73,78.56,70.45,78.18,11926
2020-11-19 16:00:00+00:00,78.12,80.35,77.22,79.26,9044
2020-11-19 20:00:00+00:00,79.26,81.86,78.89,79.43,10806
2020-11-20 00:00:00+00:00,79.21,82.37,78.63,80.05,12596
2020-11-20 04:00:00+00:00,80.08,81.08,79.2,79.34,7784
2020-11-20 08:00:00+00:00,79.34,80.52,78.56,78.98,13929
2020-11-20 12:00:00+00:00,78.98,81.31,78.79,80.47,7947
2020-11-20 16:00:00+00:00,80.49,84.06,79.59,83.08,14324
2020-11-20 20:00:00+00:00,83.08,83.32,80.67,82.21,10267
2020-11-23 00:00:00+00:00,83.26,84.32,79.39,80.85,17652
2020-11-23 04:00:00+00:00,80.85,87.94,80.63,86.45,9691
2020-11-23 08:00:00+00:00,86.49,87.47,84.41,87.1,11538
2020-11-23 12:00:00+00:00,87.1,87.88,82.63,85.92,15392
2020-11-23 16:00:00+00:00,85.92,88.88,83.23,86.09,20098
2020-11-23 20:00:00+00:00,86.09,86.95,84.21,86.4,7783
2020-11-24 00:00:00+00:00,85.19,90.75,85.19,90.04,14201
2020-11-24 04:00:00+00:00,89.97,90.74,87.29,89.23,13287
2020-11-24 08:00:00+00:00,89.16,92.41,84.37,88.63,21996
2020-11-24 12:00:00+00:00,88.63,88.86,84.99,87.8,19719
2020-11-24 16:00:00+00:00,87.81,89.77,87.21,88.44,11748
2020-11-24 20:00:00+00:00,88.44,89.03,86.18,86.87,7360
2020-11-25 00:00:00+00:00,86.34,89.25,86.21,88.01,6844
2020-11-25 04:00:00+00:00,88.01,88.01,83.33,85.64,11928
2020-11-25 08:00:00+00:00,85.64,87.12,85.56,86.53,4057
2020-11-25 12:00:00+00:00,86.46,88.52,85.34,86.0,5844
2020-11-25 16:00:00+00:00,85.99,86.92,84.14,85.38,9002
2020-11-25 20:00:00+00:00,85.34,85.91,80.44,82.0,7927
2020-11-26 00:00:00+00:00,81.4,82.15,76.38,80.08,12561
2020-11-26 04:00:00+00:00,80.1,80.1,69.28,76.06,25196
2020-11-26 08:00:00+00:00,76.07,76.84,69.69,73.37,24579
2020-11-26 12:00:00+00:00,73.37,74.5,71.06,71.12,14305
2020-11-26 16:00:00+00:00,71.16,71.87,63.06,65.66,21551
2020-11-26 20:00:00+00:00,65.64,68.64,62.76,67.87,13096
2020-11-27 00:00:00+00:00,67.16,72.01,67.1,70.59,11718
2020-11-27 04:00:00+00:00,70.59,71.13,68.07,70.64,9913
2020-11-27 08:00:00+00:00,70.63,70.78,64.94,65.74,15520
2020-11-27 12:00:00+00:00,65.68,68.52,65.18,67.18,14281
2020-11-27 16:00:00+00:00,67.2,67.21,63.65,66.43,11212
2020-11-27 20:00:00+00:00,66.41,67.68,66.15,67.37,4198
2020-11-30 00:00:00+00:00,77.69,78.79,76.84,77.88,6005
2020-11-30 04:00:00+00:00,77.88,78.6,77.39,77.64,1872
2020-11-30 08:00:00+00:00,77.64,78.28,75.11,76.49,2613
2020-11-30 12:00:00+00:00,76.5,80.36,76.26,80.03,4402
2020-11-30 16:00:00+00:00,80.03,86.82,79.82,84.5,14504
2020-11-30 20:00:00+00:00,84.5,85.83,83.29,85.04,4329
2020-12-01 00:00:00+00:00,84.88,88.52,83.78,88.08,5806
2020-12-01 04:00:00+00:00,88.08,88.97,86.57,87.56,4531
2020-12-01 08:00:00+00:00,87.47,88.53,85.59,87.93,4192
2020-12-01 12:00:00+00:00,87.93,90.01,77.99,83.76,16529
2020-12-01 16:00:00+00:00,83.76,91.24,82.69,87.56,15372
2020-12-01 20:00:00+00:00,87.56,87.81,84.68,86.23,5347
2020-12-02 00:00:00+00:00,86.6,87.87,81.0,85.04,6493
2020-12-02 04:00:00+00:00,85.04,85.07,81.54,83.97,5079
2020-12-02 08:00:00+00:00,83.97,89.01,83.85,85.97,6091
2020-12-02 12:00:00+00:00,85.97,88.09,85.04,86.02,4732
2020-12-02 16:00:00+00:00,86.02,86.85,82.98,84.64,4967
2020-12-02 20:00:00+00:00,84.64,86.15,84.35,85.44,2810
2020-12-03 00:00:00+00:00,85.81,88.41,85.03,85.87,4074
2020-12-03 04:00:00+00:00,85.87,87.01,84.05,84.43,2493
2020-12-03 08:00:00+00:00,84.43,88.25,83.94,86.95,4230
2020-12-03 12:00:00+00:00,86.95,89.36,86.39,87.07,4514
2020-12-03 16:00:00+00:00,87.08,89.72,85.91,86.97,4364
2020-12-03 20:00:00+00:00,86.97,87.6,86.11,87.39,1489
2020-12-04 00:00:00+00:00,86.5,88.31,86.14,86.87,1785
2020-12-04 04:00:00+00:00,86.87,87.11,84.72,85.18,2175
2020-12-04 08:00:00+00:00,85.18,87.13,85.06,86.31,2657
2020-12-04 12:00:00+00:00,86.31,86.31,81.43,83.33,5777
2020-12-04 16:00:00+00:00,83.33,84.36,80.14,82.06,3780
2020-12-04 20:00:00+00:00,82.07,82.89,79.3,80.03,2414
2020-12-07 00:00:00+00:00,80.53,82.48,79.41,81.33,2309
2020-12-07 04:00:00+00:00,81.35,82.35,80.85,81.98,1289
2020-12-07 08:00:00+00:00,81.98,83.27,81.03,81.55,1897
2020-12-07 12:00:00+00:00,81.55,85.29,80.64,83.77,2949
2020-12-07 16:00:00+00:00,83.77,83.77,81.42,82.04,2448
2020-12-07 20:00:00+00:00,82.04,82.08,80.18,81.68,1576
2020-12-08 00:00:00+00:00,80.72,83.22,80.72,82.12,1394
2020-12-08 04:00:00+00:00,82.12,82.52,81.43,82.04,873
2020-12-08 08:00:00+00:00,82.04,82.08,78.2,79.04,2703
2020-12-08 12:00:00+00:00,79.04,79.67,77.41,79.55,2739
2020-12-08 16:00:00+00:00,79.57,79.67,76.21,78.31,2494
2020-12-08 20:00:00+00:00,78.31,78.31,75.18,76.28,2910
2020-12-09 00:00:00+00:00,75.78,76.79,73.54,74.44,4411
2020-12-09 04:00:00+00:00,74.46,75.15,73.47,74.36,2228
2020-12-09 08:00:00+00:00,74.36,74.88,70.51,73.8,4082
2020-12-09 12:00:00+00:00,73.8,75.97,73.31,75.97,2979
2020-12-09 16:00:00+00:00,75.97,76.22,73.65,74.41,2666
2020-12-09 20:00:00+00:00,74.41,76.11,73.64,76.03,1926
2020-12-10 00:00:00+00:00,75.25,76.59,74.68,75.24,2445
2020-12-10 04:00:00+00:00,75.24,75.61,73.88,74.26,1994
2020-12-10 08:00:00+00:00,74.26,74.98,73.31,73.4,2261
2020-12-10 12:00:00+00:00,73.37,73.97,72.54,73.94,1557
2020-12-10 16:00:00+00:00,73.94,74.09,71.56,72.88,1715
2020-12-10 20:00:00+00:00,72.88,73.97,72.67,73.55,1000
2020-12-11 00:00:00+00:00,72.81,73.88,69.25,70.24,3728
2020-12-11 04:00:00+00:00,70.24,70.88,69.07,70.13,2728
2020-12-11 08:00:00+00:00,70.14,70.49,68.59,69.14,3199
2020-12-11 12:00:00+00:00,69.14,70.98,68.19,70.85,3158
2020-12-11 16:00:00+00:00,70.85,72.02,69.53,69.93,2479
2020-12-11 20:00:00+00:00,69.93,71.52,69.34,71.52,1289
2020-12-14 00:00:00+00:00,79.79,81.02,77.57,79.7,1709
2020-12-14 04:00:00+00:00,79.7,81.36,78.79,79.44,1967
2020-12-14 08:00:00+00:00,79.44,80.47,79.34,79.92,1465
2020-12-14 12:00:00+00:00,79.92,80.22,77.52,78.81,2112
2020-12-14 16:00:00+00:00,78.81,81.17,77.89,79.01,3284
2020-12-14 20:00:00+00:00,79.01,80.61,78.87,79.76,1634
2020-12-15 00:00:00+00:00,78.84,81.97,78.73,81.85,2685
2020-12-15 04:00:00+00:00,81.85,83.35,78.76,80.02,5194
2020-12-15 08:00:00+00:00,80.02,80.48,78.92,79.66,2651
2020-12-15 12:00:00+00:00,79.66,81.24,79.05,80.08,3100
2020-12-15 16:00:00+00:00,80.08,80.77,79.44,79.98,2006
2020-12-15 20:00:00+00:00,79.98,81.67,79.97,80.43,2653
2020-12-16 00:00:00+00:00,79.2,80.6,76.75,78.05,3643
2020-12-16 04:00:00+00:00,78.05,79.16,77.8,78.53,1760
2020-12-16 08:00:00+00:00,78.53,79.47,78.37,79.24,2060
2020-12-16 12:00:00+00:00,79.24,84.34,78.99,84.08,5763
2020-12-16 16:00:00+00:00,84.09,89.14,83.53,87.49,8371
2020-12-16 20:00:00+00:00,87.49,90.32,86.89,89.89,3305
2020-12-17 00:00:00+00:00,89.34,92.71,89.25,91.14,6193
2020-12-17 04:00:00+00:00,91.15,92.0,88.81,91.95,5089
2020-12-17 08:00:00+00:00,91.95,93.9,90.08,92.58,8640
2020-12-17 12:00:00+00:00,92.58,101.65,92.58,98.96,11271
2020-12-17 16:00:00+00:00,99.0,108.26,98.28,99.71,11576
2020-12-17 20:00:00+00:00,99.71,104.31,95.45,100.06,11210
2020-12-18 00:00:00+00:00,99.97,107.94,97.69,106.49,9631
2020-12-18 04:00:00+00:00,106.49,111.19,103.44,107.04,8911
2020-12-18 08:00:00+00:00,107.04,110.02,105.61,110.02,7886
2020-12-18 12:00:00+00:00,110.06,110.29,103.63,103.78,10195
2020-12-18 16:00:00+00:00,103.78,107.35,100.91,106.27,10026
2020-12-18 20:00:00+00:00,106.41,108.11,103.19,106.38,6039
2020-12-21 00:00:00+00:00,109.99,115.39,109.31,114.03,12154
2020-12-21 04:00:00+00:00,114.03,117.01,111.5,114.93,8348
2020-12-21 08:00:00+00:00,114.93,115.8,106.51,108.12,8528
2020-12-21 12:00:00+00:00,108.04,108.54,98.92,105.98,16632
2020-12-21 16:00:00+00:00,106.0,108.71,100.59,102.71,12663
2020-12-21 20:00:00+00:00,102.71,105.65,101.33,105.48,10316
2020-12-22 00:00:00+00:00,103.98,106.23,101.12,102.05,13036
2020-12-22 04:00:00+00:00,102.05,104.78,100.39,101.22,12256
2020-12-22 08:00:00+00:00,101.22,102.57,96.71,102.45,12744
2020-12-22 12:00:00+00:00,102.45,108.98,100.57,108.51,14353
2020-12-22 16:00:00+00:00,108.51,111.97,106.77,108.37,12000
2020-12-22 20:00:00+00:00,108.37,110.06,106.3,107.15,9392
2020-12-23 00:00:00+00:00,106.55,115.65,106.04,112.07,13127
2020-12-23 04:00:00+00:00,111.91,113.98,106.54,108.76,11846
2020-12-23 08:00:00+00:00,108.77,110.25,106.37,108.43,9989
2020-12-23 12:00:00+00:00,108.43,112.32,98.86,106.51,21649
2020-12-23 16:00:00+00:00,106.51,108.28,101.82,104.55,17673
2020-12-23 20:00:00+00:00,104.54,105.64,99.78,101.21,12813
2020-12-24 00:00:00+00:00,100.6,104.94,92.81,102.05,22450
2020-12-24 04:00:00+00:00,102.05,103.89,97.98,102.37,13632
2020-12-24 08:00:00+00:00,102.37,103.78,99.53,103.73,11709
2020-12-24 12:00:00+00:00,103.75,108.02,100.4,107.05,10108
2020-12-24 16:00:00+00:00,107.05,107.69,103.68,106.22,8708
2020-12-24 20:00:00+00:00,106.22,106.7,105.09,105.54,1110
2020-12-28 00:00:00+00:00,125.82,130.81,124.56,128.23,13368
2020-12-28 04:00:00+00:00,128.25,128.65,125.59,128.09,9897
2020-12-28 08:00:00+00:00,128.09,130.72,126.32,128.19,9032
2020-12-28 12:00:00+00:00,128.19,135.18,127.41,133.56,14751
2020-12-28 16:00:00+00:00,133.56,133.95,127.72,130.83,12966
2020-12-28 20:00:00+00:00,130.83,132.51,126.69,127.72,9620
2020-12-29 00:00:00+00:00,127.96,129.65,123.54,126.49,9634
2020-12-29 04:00:00+00:00,126.49,128.15,120.8,124.7,12988
2020-12-29 08:00:00+00:00,124.7,127.49,123.3,126.7,8941
2020-12-29 12:00:00+00:00,126.71,128.52,123.98,126.17,6870
2020-12-29 16:00:00+00:00,126.17,126.63,118.01,122.44,15170
2020-12-29 20:00:00+00:00,122.44,125.8,121.55,124.66,7179
2020-12-30 00:00:00+00:00,123.64,131.19,123.64,129.61,8416
2020-12-30 04:00:00+00:00,129.61,130.87,125.62,127.02,2889
2020-12-30 08:00:00+00:00,127.02,129.89,120.92,124.28,10959
2020-12-30 12:00:00+00:00,124.28,126.21,122.04,122.55,10997
2020-12-30 16:00:00+00:00,122.55,125.56,122.31,124.13,9714
2020-12-30 20:00:00+00:00,124.13,127.56,124.13,125.87,7943
2020-12-31 00:00:00+00:00,125.86,128.65,122.19,125.09,10561
2020-12-31 04:00:00+00:00,125.09,126.1,123.73,124.58,10320
2020-12-31 08:00:00+00:00,124.4,127.74,123.63,124.94,11438
2020-12-31 12:00:00+00:00,124.96,126.91,120.11,122.98,13182
2020-12-31 16:00:00+00:00,122.98,123.71,121.21,122.37,8274
2020-12-31 20:00:00+00:00,122.37,122.91,121.67,122.84,2141
2021-01-04 00:00:00+00:00,154.09,163.06,153.3,157.93,18388
2021-01-04 04:00:00+00:00,157.93,165.68,156.37,163.31,15792
2021-01-04 08:00:00+00:00,163.31,172.49,140.72,149.81,29237
2021-01-04 12:00:00+00:00,149.81,155.47,137.11,153.17,25856
2021-01-04 16:00:00+00:00,153.18,156.45,144.5,147.96,20919
2021-01-04 20:00:00+00:00,147.96,152.89,147.32,148.78,12771
2021-01-05 00:00:00+00:00,147.62,158.51,147.58,155.88,15312
2021-01-05 04:00:00+00:00,155.88,156.01,144.99,146.26,17032
2021-01-05 08:00:00+00:00,146.26,155.07,144.99,152.65,13821
2021-01-05 12:00:00+00:00,152.65,154.12,149.89,150.07,11356
2021-01-05 16:00:00+00:00,150.07,155.67,148.49,154.49,13068
2021-01-05 20:00:00+00:00,154.49,158.42,152.8,156.52,12945
2021-01-06 00:00:00+00:00,157.16,161.5,153.61,155.09,13161
2021-01-06 04:00:00+00:00,155.11,163.6,154.24,160.24,17039
2021-01-06 08:00:00+00:00,159.86,162.31,156.51,157.95,14718
2021-01-06 12:00:00+00:00,157.95,165.23,157.61,164.56,16783
2021-01-06 16:00:00+00:00,164.56,168.43,160.57,165.9,17419
2021-01-06 20:00:00+00:00,165.9,167.13,157.69,164.09,20351
2021-01-07 00:00:00+00:00,163.71,171.54,163.71,168.57,13211
2021-01-07 04:00:00+00:00,168.63,170.66,164.72,169.41,11824
2021-01-07 08:00:00+00:00,169.41,169.88,160.45,166.14,12449
2021-01-07 12:00:00+00:00,166.24,171.0,161.51,167.32,12619
2021-01-07 16:00:00+00:00,167.32,179.63,165.17,176.23,17542
2021-01-07 20:00:00+00:00,176.23,179.31,159.97,170.94,18908
2021-01-08 00:00:00+00:00,170.15,171.77,160.11,164.22,13645
2021-01-08 04:00:00+00:00,164.24,164.9,148.1,155.65,20217
2021-01-08 08:00:00+00:00,155.67,165.03,153.91,164.79,13315
2021-01-08 12:00:00+00:00,164.8,176.01,163.59,172.88,21127
2021-01-08 16:00:00+00:00,172.88,180.3,166.49,171.4,25717
2021-01-08 20:00:00+00:00,171.42,172.57,161.62,167.55,22306
2021-01-11 00:00:00+00:00,166.43,170.93,161.64,164.17,12934
2021-01-11 04:00:00+00:00,164.1,164.54,121.15,140.95,21368
2021-01-11 08:00:00+00:00,140.95,145.64,131.74,144.96,24833
2021-01-11 12:00:00+00:00,144.96,147.34,125.2,128.1,21359
2021-01-11 16:00:00+00:00,128.11,132.89,110.21,125.49,29719
2021-01-11 20:00:00+00:00,125.49,130.93,118.23,129.65,27067
2021-01-12 00:00:00+00:00,127.55,139.32,127.55,132.02,29306
2021-01-12 04:00:00+00:00,132.02,143.08,130.98,143.08,23046
2021-01-12 08:00:00+00:00,142.87,145.25,138.33,140.92,17716
2021-01-12 12:00:00+00:00,140.92,142.01,127.53,127.98,21982
2021-01-12 16:00:00+00:00,127.98,139.49,126.15,137.26,22296
2021-01-12 20:00:00+00:00,137.15,138.89,131.28,135.61,15925
2021-01-13 00:00:00+00:00,135.09,135.76,123.93,129.12,21445
2021-01-13 04:00:00+00:00,129.13,135.19,127.23,131.26,18093
2021-01-13 08:00:00+00:00,131.25,138.08,130.84,134.94,12501
2021-01-13 12:00:00+00:00,134.98,138.79,133.99,136.45,12746
2021-01-13 16:00:00+00:00,136.46,138.23,134.18,137.28,9105
2021-01-13 20:00:00+00:00,137.28,144.0,136.92,143.59,12514
2021-01-14 00:00:00+00:00,143.55,148.22,142.17,143.55,11089
2021-01-14 04:00:00+00:00,143.55,145.8,141.8,144.55,10690
2021-01-14 08:00:00+00:00,144.55,149.11,143.44,144.24,15466
2021-01-14 12:00:00+00:00,144.24,150.99,143.24,150.47,11528
2021-01-14 16:00:00+00:00,150.49,155.27,149.3,151.56,18636
2021-01-14 20:00:00+00:00,151.56,153.11,143.82,148.32,12412
2021-01-15 00:00:00+00:00,146.65,153.82,145.85,150.52,8042
2021-01-15 04:00:00+00:00,150.32,152.03,144.47,144.49,11438
2021-01-15 08:00:00+00:00,144.49,149.82,144.27,149.32,9379
2021-01-15 12:00:00+00:00,149.32,149.35,143.83,148.02,9219
2021-01-15 16:00:00+00:00,148.02,148.97,128.09,138.54,16461
2021-01-15 20:00:00+00:00,138.49,139.65,134.65,138.74,10273
2021-01-16 00:00:00+00:00,140.28,144.27,139.71,141.79,6661
2021-01-16 04:00:00+00:00,141.79,142.71,137.16,138.94,9723
2021-01-16 08:00:00+00:00,138.94,145.14,138.76,143.95,8755
2021-01-16 12:00:00+00:00,143.95,149.72,143.36,145.41,9861
2021-01-16 16:00:00+00:00,145.41,146.34,143.4,145.53,2241
2021-01-17 00:00:00+00:00,141.92,144.78,138.89,144.78,8917
2021-01-17 04:00:00+00:00,144.78,144.8,138.96,139.35,8226
2021-01-17 08:00:00+00:00,139.35,140.72,134.34,135.42,9425
2021-01-17 12:00:00+00:00,135.44,140.57,134.13,137.93,8334
2021-01-17 16:00:00+00:00,137.95,142.32,137.29,141.34,9277
2021-01-17 20:00:00+00:00,141.37,143.54,139.18,143.27,8331
2021-01-18 00:00:00+00:00,143.27,143.45,139.86,142.14,7840
2021-01-18 04:00:00+00:00,142.14,142.5,136.28,138.37,8131
2021-01-18 08:00:00+00:00,138.37,141.85,137.17,140.33,7537
2021-01-18 12:00:00+00:00,140.33,152.72,137.96,149.18,9393
2021-01-18 16:00:00+00:00,149.18,150.77,143.34,145.01,9940
2021-01-18 20:00:00+00:00,145.01,147.25,144.78,146.77,7170
2021-01-19 00:00:00+00:00,146.73,155.68,146.43,153.43,9040
2021-01-19 04:00:00+00:00,153.43,158.77,152.55,155.49,11588
2021-01-19 08:00:00+00:00,155.49,163.82,155.1,159.13,9809
2021-01-19 12:00:00+00:00,159.15,162.62,155.22,160.01,13117
2021-01-19 16:00:00+00:00,160.02,162.41,155.84,158.23,9826
2021-01-19 20:00:00+00:00,158.22,158.22,153.32,156.35,10981
2021-01-20 00:00:00+00:00,156.36,157.67,148.87,150.81,9448
2021-01-20 04:00:00+00:00,150.81,152.4,145.21,148.89,10919
2021-01-20 08:00:00+00:00,148.89,151.49,143.27,144.63,10388
2021-01-20 12:00:00+00:00,144.63,145.68,138.01,144.24,11949
2021-01-20 16:00:00+00:00,144.24,145.17,136.34,144.26,10649
2021-01-20 20:00:00+00:00,144.26,146.78,142.75,144.49,8021
2021-01-21 00:00:00+00:00,144.5,148.05,142.5,144.08,7379
2021-01-21 04:00:00+00:00,144.08,144.31,138.38,140.31,7614
2021-01-21 08:00:00+00:00,140.31,142.59,131.76,134.12,7825
2021-01-21 12:00:00+00:00,134.12,135.4,127.88,131.95,7551
2021-01-21 16:00:00+00:00,131.95,133.95,127.88,131.6,11357
2021-01-21 20:00:00+00:00,131.63,133.25,129.69,129.72,9066
2021-01-22 00:00:00+00:00,129.72,131.31,120.68,127.35,15314
2021-01-22 04:00:00+00:00,127.35,135.91,126.75,134.97,16880
2021-01-22 08:00:00+00:00,135.0,137.83,131.44,136.83,13261
2021-01-22 12:00:00+00:00,136.83,140.37,136.01,138.72,17657
2021-01-22 16:00:00+00:00,138.65,140.06,135.27,136.86,21552
2021-01-22 20:00:00+00:00,136.92,139.28,135.95,136.65,19486
2021-01-23 00:00:00+00:00,135.29,137.38,133.37,135.81,15906
2021-01-23 04:00:00+00:00,135.81,140.55,134.23,139.77,18983
2021-01-23 08:00:00+00:00,139.78,141.93,138.12,139.09,19729
2021-01-23 12:00:00+00:00,139.19,139.24,133.64,136.29,22519
2021-01-23 16:00:00+00:00,136.35,136.83,135.27,136.09,5072
2021-01-24 00:00:00+00:00,136.66,137.66,134.73,135.43,14067
2021-01-24 04:00:00+00:00,135.43,141.14,135.03,140.51,18359
2021-01-24 08:00:00+00:00,140.51,140.9,138.26,140.22,18904
2021-01-24 12:00:00+00:00,140.22,140.84,136.25,137.11,18626
2021-01-24 16:00:00+00:00,137.1,137.65,134.99,137.03,19862
2021-01-24 20:00:00+00:00,136.97,137.21,132.17,136.01,19392
2021-01-25 00:00:00+00:00,136.0,145.85,135.65,143.68,17134
2021-01-25 04:00:00+00:00,143.68,146.11,142.48,144.11,18423
2021-01-25 08:00:00+00:00,144.11,144.91,138.53,139.09,20160
2021-01-25 12:00:00+00:00,139.13,145.28,138.19,143.88,18059
2021-01-25 16:00:00+00:00,143.86,144.82,139.65,141.06,21290
2021-01-25 20:00:00+00:00,141.01,141.46,135.08,137.14,22072
2021-01-26 00:00:00+00:00,137.15,138.24,134.59,137.49,13503
2021-01-26 04:00:00+00:00,137.47,137.58,132.1,135.13,22308
2021-01-26 08:00:00+00:00,135.13,135.22,130.78,132.77,22390
2021-01-26 12:00:00+00:00,132.78,135.8,129.9,131.72,25639
2021-01-26 16:00:00+00:00,131.72,133.72,126.57,133.46,23495
2021-01-26 20:00:00+00:00,133.51,133.95,131.34,131.81,21124
2021-01-27 00:00:00+00:00,131.81,134.69,130.83,131.11,15451
2021-01-27 04:00:00+00:00,131.11,131.84,126.97,127.93,18361
2021-01-27 08:00:00+00:00,127.93,129.8,123.57,125.58,12490
2021-01-27 12:00:00+00:00,125.5,126.7,120.93,121.01,21966
2021-01-27 16:00:00+00:00,121.04,125.29,116.34,121.59,23447
2021-01-27 20:00:00+00:00,121.49,126.1,118.36,122.14,20871
2021-01-28 00:00:00+00:00,122.18,124.62,119.29,123.89,17803
2021-01-28 04:00:00+00:00,123.91,128.56,122.92,128.52,20712
2021-01-28 08:00:00+00:00,128.51,130.57,125.73,129.16,20428
2021-01-28 12:00:00+00:00,129.16,130.01,126.55,129.86,19858
2021-01-28 16:00:00+00:00,129.8,130.92,127.41,128.67,18843
2021-01-28 20:00:00+00:00,128.75,131.58,127.63,131.11,17669
2021-01-29 00:00:00+00:00,131.11,137.05,129.87,134.94,16848
2021-01-29 04:00:00+00:00,134.94,136.69,130.77,133.41,21963
2021-01-29 08:00:00+00:00,133.41,141.33,130.0,139.83,22653
2021-01-29 12:00:00+00:00,139.83,143.92,136.23,143.09,19320
2021-01-29 16:00:00+00:00,143.1,144.29,134.51,134.95,15792
2021-01-29 20:00:00+00:00,134.96,135.84,130.96,134.36,24557
2021-01-30 00:00:00+00:00,133.6,134.82,131.17,131.62,17735
2021-01-30 04:00:00+00:00,131.62,133.28,126.28,128.33,22729
2021-01-30 08:00:00+00:00,128.33,130.42,127.4,129.29,22474
2021-01-30 12:00:00+00:00,129.29,130.39,127.64,130.09,9567
2021-01-30 16:00:00+00:00,130.18,134.15,129.2,133.24,5629
2021-01-31 00:00:00+00:00,132.39,133.61,129.88,133.01,14743
2021-01-31 04:00:00+00:00,132.85,133.21,128.6,129.06,20860
2021-01-31 08:00:00+00:00,129.15,130.43,128.64,128.79,19627
2021-01-31 12:00:00+00:00,128.8,132.21,128.49,129.49,19645
2021-01-31 16:00:00+00:00,129.49,129.87,124.08,124.84,21231
2021-01-31 20:00:00+00:00,124.89,127.23,124.15,126.08,20616
2021-02-01 00:00:00+00:00,125.96,128.9,124.42,128.64,17577
2021-02-01 04:00:00+00:00,128.64,130.12,127.61,129.83,23143
2021-02-01 08:00:00+00:00,129.83,132.96,127.98,132.05,24061
2021-02-01 12:00:00+00:00,132.05,135.02,128.68,129.2,25518
2021-02-01 16:00:00+00:00,129.2,129.2,125.61,128.98,21021
2021-02-01 20:00:00+00:00,128.96,130.47,127.6,130.36,17228
2021-02-02 00:00:00+00:00,130.38,134.52,130.09,132.87,14382
2021-02-02 04:00:00+00:00,132.86,134.3,131.25,133.25,18229
2021-02-02 08:00:00+00:00,133.26,142.05,132.83,140.04,22091
2021-02-02 12:00:00+00:00,140.04,143.32,136.51,141.72,20454
2021-02-02 16:00:00+00:00,141.72,144.31,139.55,141.79,21865
2021-02-02 20:00:00+00:00,141.79,144.39,140.45,140.45,21830
2021-02-03 00:00:00+00:00,140.4,148.5,138.99,146.5,16050
2021-02-03 04:00:00+00:00,146.47,153.43,146.1,150.83,21584
2021-02-03 08:00:00+00:00,150.84,153.24,146.75,149.51,22583
2021-02-03 12:00:00+00:00,149.51,151.86,147.36,149.13,22881
2021-02-03 16:00:00+00:00,149.13,154.82,147.83,154.46,22950
2021-02-03 20:00:00+00:00,154.39,154.65,150.81,153.36,21201
2021-02-04 00:00:00+00:00,153.23,157.36,151.42,155.78,17962
2021-02-04 04:00:00+00:00,155.8,156.0,147.5,149.75,22513
2021-02-04 08:00:00+00:00,149.65,154.01,142.07,147.08,24035
2021-02-04 12:00:00+00:00,147.08,148.54,144.18,148.07,25626
2021-02-04 16:00:00+00:00,148.07,148.82,139.36,144.2,24512
2021-02-04 20:00:00+00:00,144.05,147.14,143.57,146.87,22445
2021-02-05 00:00:00+00:00,146.69,147.18,141.96,144.09,18774
2021-02-05 04:00:00+00:00,144.1,148.0,143.77,146.69,21769
2021-02-05 08:00:00+00:00,146.69,152.61,146.58,151.39,20366
2021-02-05 12:00:00+00:00,151.52,155.45,151.12,153.59,21636
2021-02-05 16:00:00+00:00,153.74,155.15,147.38,151.35,20617
2021-02-05 20:00:00+00:00,151.36,151.73,148.25,151.54,16596
2021-02-06 00:00:00+00:00,150.86,156.39,148.49,150.54,13828
2021-02-06 04:00:00+00:00,150.58,162.44,149.7,157.14,25199
2021-02-06 08:00:00+00:00,157.18,160.17,156.46,160.16,19759
2021-02-06 12:00:00+00:00,160.18,162.48,156.62,158.3,24797
2021-02-06 16:00:00+00:00,158.27,160.12,158.08,159.02,6181
2021-02-07 00:00:00+00:00,156.62,157.69,150.76,151.26,16062
2021-02-07 04:00:00+00:00,151.26,152.27,147.53,149.73,21218
2021-02-07 08:00:00+00:00,149.74,152.94,148.14,152.32,20740
2021-02-07 12:00:00+00:00,152.33,153.74,148.48,149.97,21153
2021-02-07 16:00:00+00:00,150.01,150.76,143.64,146.74,20588
2021-02-07 20:00:00+00:00,146.74,149.96,146.67,149.07,18599
2021-02-08 00:00:00+00:00,148.98,151.29,146.82,148.39,6244
2021-02-08 04:00:00+00:00,148.39,149.46,146.23,148.39,8432
2021-02-08 08:00:00+00:00,148.39,151.37,148.1,149.05,4801
2021-02-08 12:00:00+00:00,149.05,161.02,148.61,156.67,11440
2021-02-08 16:00:00+00:00,156.67,166.48,156.67,160.84,12155
2021-02-08 20:00:00+00:00,160.85,163.13,159.08,162.71,7379
2021-02-09 00:00:00+00:00,162.78,168.13,160.89,164.63,8192
2021-02-09 04:00:00+00:00,164.63,171.29,162.95,169.08,7268
2021-02-09 08:00:00+00:00,169.09,172.75,166.11,168.02,8233
2021-02-09 12:00:00+00:00,168.02,168.21,163.07,165.6,9303
2021-02-09 16:00:00+00:00,165.62,173.66,164.66,172.6,11013
2021-02-09 20:00:00+00:00,172.61,176.8,171.17,175.36,8294
2021-02-10 00:00:00+00:00,175.57,188.27,170.91,186.78,8521
2021-02-10 04:00:00+00:00,186.78,192.74,181.51,187.57,12404
2021-02-10 08:00:00+00:00,187.57,193.68,186.69,187.57,13429
2021-02-10 12:00:00+00:00,187.57,190.78,168.11,181.32,17590
2021-02-10 16:00:00+00:00,181.32,182.69,169.55,178.21,22580
2021-02-10 20:00:00+00:00,178.21,180.35,172.85,178.56,8372
2021-02-11 00:00:00+00:00,178.58,182.16,174.23,175.86,7942
2021-02-11 04:00:00+00:00,175.86,181.23,175.86,177.58,9862
2021-02-11 08:00:00+00:00,177.58,187.02,177.19,186.91,7126
2021-02-11 12:00:00+00:00,186.91,191.82,183.56,189.41,10272
2021-02-11 16:00:00+00:00,189.41,191.1,183.42,185.52,8523
2021-02-11 20:00:00+00:00,185.53,190.53,180.49,182.23,11520
2021-02-12 00:00:00+00:00,182.22,187.88,181.51,186.57,8998
2021-02-12 04:00:00+00:00,186.57,186.75,175.96,181.75,11004
2021-02-12 08:00:00+00:00,181.76,184.45,179.14,184.33,8664
2021-02-12 12:00:00+00:00,184.35,189.02,183.86,188.48,7908
2021-02-12 16:00:00+00:00,188.48,191.68,178.57,189.65,11814
2021-02-12 20:00:00+00:00,189.66,197.59,186.3,194.5,8230
2021-02-13 00:00:00+00:00,194.56,206.03,194.56,204.53,9720
2021-02-13 04:00:00+00:00,204.54,208.89,201.48,206.23,11846
2021-02-13 08:00:00+00:00,206.24,206.94,197.19,202.43,14691
2021-02-13 12:00:00+00:00,202.43,202.43,190.99,195.72,10358
2021-02-14 00:00:00+00:00,221.13,228.48,219.72,222.12,20466
2021-02-14 04:00:00+00:00,222.16,223.82,213.51,217.06,16156
2021-02-14 08:00:00+00:00,217.06,229.85,216.15,224.05,14905
2021-02-14 12:00:00+00:00,224.05,225.8,214.79,216.17,11505
2021-02-14 16:00:00+00:00,216.17,219.85,206.81,212.46,17440
2021-02-14 20:00:00+00:00,212.47,218.11,211.01,217.55,11774
2021-02-15 00:00:00+00:00,217.66,219.49,201.5,204.74,17132
2021-02-15 04:00:00+00:00,204.75,207.23,184.99,196.29,27061
2021-02-15 08:00:00+00:00,196.3,205.85,196.1,202.79,15016
2021-02-15 12:00:00+00:00,202.79,212.11,201.27,210.13,16558
2021-02-15 16:00:00+00:00,210.13,218.35,205.45,216.38,19380
2021-02-15 20:00:00+00:00,216.44,219.42,209.67,210.37,13016
2021-02-16 00:00:00+00:00,210.47,214.99,200.3,214.37,18040
2021-02-16 04:00:00+00:00,214.38,218.08,212.28,213.4,18874
2021-02-16 08:00:00+00:00,213.4,216.91,209.23,215.81,16226
2021-02-16 12:00:00+00:00,215.82,220.96,210.13,210.77,20180
2021-02-16 16:00:00+00:00,210.77,213.43,202.13,206.04,19955
2021-02-16 20:00:00+00:00,206.05,208.36,199.48,205.61,16079
2021-02-17 00:00:00+00:00,205.6,212.13,204.15,207.34,14405
2021-02-17 04:00:00+00:00,207.36,213.78,202.62,207.84,13899
2021-02-17 08:00:00+00:00,207.88,223.52,207.52,221.42,14667
2021-02-17 12:00:00+00:00,221.42,226.78,219.08,225.23,15200
2021-02-17 16:00:00+00:00,225.23,231.49,223.64,226.67,15415
2021-02-17 20:00:00+00:00,226.67,236.54,225.17,235.47,10543
2021-02-18 00:00:00+00:00,235.29,238.25,230.72,236.19,7835
2021-02-18 04:00:00+00:00,236.18,236.61,227.5,233.47,10106
2021-02-18 08:00:00+00:00,233.47,233.47,225.74,232.21,13887
2021-02-18 12:00:00+00:00,232.24,233.37,220.15,227.71,17652
2021-02-18 16:00:00+00:00,227.71,230.84,222.51,224.06,16698
2021-02-18 20:00:00+00:00,224.07,229.17,222.31,228.37,10065
2021-02-19 00:00:00+00:00,228.3,229.79,221.89,223.55,11327
2021-02-19 04:00:00+00:00,223.55,226.96,219.48,225.13,14455
2021-02-19 08:00:00+00:00,224.9,234.58,224.9,233.14,13912
2021-02-19 12:00:00+00:00,233.14,233.75,227.06,228.94,10937
2021-02-19 16:00:00+00:00,228.94,236.66,225.76,236.66,8356
2021-02-19 20:00:00+00:00,236.67,241.25,234.11,237.08,10126
2021-02-20 00:00:00+00:00,238.45,238.45,229.98,236.87,10614
2021-02-20 04:00:00+00:00,236.87,246.37,234.86,241.89,17633
2021-02-20 08:00:00+00:00,241.89,244.16,236.39,238.03,13927
2021-02-20 12:00:00+00:00,238.03,243.53,237.49,242.36,8005
2021-02-20 16:00:00+00:00,242.38,243.54,232.46,233.38,3703
2021-02-21 00:00:00+00:00,231.15,231.4,213.34,228.47,27324
2021-02-21 04:00:00+00:00,228.52,233.08,223.98,224.68,22295
2021-02-21 08:00:00+00:00,224.7,227.57,219.29,227.35,19825
2021-02-21 12:00:00+00:00,227.35,231.31,224.71,225.75,12227
2021-02-21 16:00:00+00:00,225.75,231.16,222.67,229.45,12350
2021-02-21 20:00:00+00:00,229.45,232.27,224.63,225.81,10033
2021-02-22 00:00:00+00:00,225.39,227.52,221.37,224.08,12227
2021-02-22 04:00:00+00:00,224.04,226.12,212.6,218.12,16421
2021-02-22 08:00:00+00:00,218.13,223.24,210.72,211.99,16066
2021-02-22 12:00:00+00:00,211.99,213.86,199.85,200.09,18121
2021-02-22 16:00:00+00:00,200.11,208.02,174.97,195.48,20808
2021-02-22 20:00:00+00:00,195.48,209.25,192.86,209.03,17770
2021-02-23 00:00:00+00:00,208.83,209.29,196.98,198.04,19028
2021-02-23 04:00:00+00:00,198.04,201.19,180.43,187.84,33181
2021-02-23 08:00:00+00:00,187.84,194.21,156.42,175.05,31095
2021-02-23 12:00:00+00:00,175.05,180.75,157.95,176.78,30807
2021-02-23 16:00:00+00:00,176.78,180.06,163.91,167.52,30512
2021-02-23 20:00:00+00:00,167.52,174.3,159.48,172.67,29863
2021-02-24 00:00:00+00:00,172.63,182.66,168.17,182.51,22249
2021-02-24 04:00:00+00:00,182.51,184.73,178.24,180.55,19172
2021-02-24 08:00:00+00:00,180.59,188.81,176.25,186.05,22347
2021-02-24 12:00:00+00:00,186.05,188.91,180.28,181.85,16472
2021-02-24 16:00:00+00:00,181.86,183.92,176.62,183.27,15720
2021-02-24 20:00:00+00:00,183.29,183.3,172.26,176.0,14301
2021-02-25 00:00:00+00:00,175.95,184.89,170.92,182.51,10743
2021-02-25 04:00:00+00:00,182.52,184.05,176.95,181.83,17356
2021-02-25 08:00:00+00:00,181.83,183.15,174.37,176.81,13487
2021-02-25 12:00:00+00:00,176.8,204.37,176.78,201.89,21549
2021-02-25 16:00:00+00:00,201.91,203.58,189.92,192.0,22899
2021-02-25 20:00:00+00:00,192.0,194.17,185.23,185.32,24453
2021-02-26 00:00:00+00:00,185.45,189.1,168.69,172.97,31060
2021-02-26 04:00:00+00:00,172.97,178.34,164.49,164.62,27496
2021-02-26 08:00:00+00:00,164.64,173.39,161.94,172.79,30995
2021-02-26 12:00:00+00:00,172.8,174.14,167.09,168.89,22390
2021-02-26 16:00:00+00:00,168.89,180.32,168.56,176.85,22281
2021-02-26 20:00:00+00:00,176.86,178.97,168.12,168.37,26459
2021-02-27 00:00:00+00:00,164.14,179.92,163.98,178.11,13509
2021-02-27 04:00:00+00:00,178.11,178.19,173.91,176.19,18556
2021-02-27 08:00:00+00:00,176.19,179.15,169.76,171.19,19391
2021-02-27 12:00:00+00:00,171.13,176.95,170.72,174.84,16274
2021-02-27 16:00:00+00:00,174.84,175.96,172.67,173.98,2919
2021-02-28 00:00:00+00:00,173.49,173.49,166.56,170.68,12817
2021-02-28 04:00:00+00:00,170.7,170.84,155.13,158.25,19400
2021-02-28 08:00:00+00:00,158.25,162.17,153.47,160.42,17818
2021-02-28 12:00:00+00:00,160.42,164.86,157.75,158.01,14455
2021-02-28 16:00:00+00:00,158.02,160.36,152.28,155.4,23913
2021-02-28 20:00:00+00:00,155.41,165.97,155.16,165.12,14078
2021-03-01 00:00:00+00:00,164.99,168.38,161.82,167.11,11840
2021-03-01 04:00:00+00:00,167.13,168.96,163.64,164.75,11724
2021-03-01 08:00:00+00:00,164.76,169.74,162.75,169.12,14484
2021-03-01 12:00:00+00:00,169.13,173.58,167.58,170.81,14966
2021-03-01 16:00:00+00:00,170.81,175.99,170.03,170.56,17358
2021-03-01 20:00:00+00:00,170.56,172.08,169.19,171.93,15990
2021-03-02 00:00:00+00:00,171.64,179.19,170.01,174.96,11899
2021-03-02 04:00:00+00:00,174.96,176.31,171.32,172.34,15664
2021-03-02 08:00:00+00:00,172.34,183.25,170.49,181.99,15014
2021-03-02 12:00:00+00:00,181.99,183.94,178.49,181.67,16193
2021-03-02 16:00:00+00:00,181.67,184.73,172.02,173.39,18891
2021-03-02 20:00:00+00:00,173.39,174.35,169.18,172.19,9806
2021-03-03 00:00:00+00:00,172.55,183.34,170.84,182.52,5527
2021-03-03 04:00:00+00:00,182.48,191.25,180.71,189.69,10925
2021-03-03 08:00:00+00:00,189.7,195.77,189.53,193.88,13396
2021-03-03 12:00:00+00:00,193.88,195.85,187.3,189.14,13848
2021-03-03 16:00:00+00:00,189.14,195.12,185.64,191.65,10536
2021-03-03 20:00:00+00:00,192.18,193.25,186.52,188.76,12316
2021-03-04 00:00:00+00:00,188.57,193.65,185.77,192.58,8267
2021-03-04 04:00:00+00:00,192.58,193.78,182.72,187.74,10103
2021-03-04 08:00:00+00:00,187.74,189.64,181.38,184.34,8521
2021-03-04 12:00:00+00:00,184.34,186.3,181.57,185.09,10703
2021-03-04 16:00:00+00:00,185.09,188.67,181.99,182.59,17051
2021-03-04 20:00:00+00:00,182.59,183.07,176.34,178.49,12492
2021-03-05 00:00:00+00:00,179.92,181.01,168.45,169.83,12801
2021-03-05 04:00:00+00:00,169.83,179.13,167.76,171.04,9521
2021-03-05 08:00:00+00:00,171.04,174.05,168.85,172.42,12147
2021-03-05 12:00:00+00:00,172.35,175.78,171.17,174.63,9333
2021-03-05 16:00:00+00:00,174.63,178.38,170.01,177.26,13299
2021-03-05 20:00:00+00:00,177.28,181.33,176.71,180.23,5717
2021-03-06 00:00:00+00:00,180.68,184.0,178.23,180.03,5096
2021-03-06 04:00:00+00:00,180.03,181.95,177.37,181.32,9085
2021-03-06 08:00:00+00:00,181.32,183.83,179.31,179.34,4653
2021-03-06 12:00:00+00:00,179.34,182.04,173.95,175.42,7669
2021-03-06 16:00:00+00:00,175.42,177.64,175.07,177.41,936
2021-03-07 00:00:00+00:00,180.42,185.17,180.13,182.99,5134
2021-03-07 04:00:00+00:00,182.99,186.14,181.6,182.77,8895
2021-03-07 08:00:00+00:00,182.67,188.33,181.57,188.22,4591
2021-03-07 12:00:00+00:00,188.22,188.99,185.71,187.26,3927
2021-03-07 16:00:00+00:00,187.27,189.05,183.38,188.4,7357
2021-03-07 20:00:00+00:00,188.4,188.44,183.66,186.43,5777
2021-03-08 00:00:00+00:00,186.5,194.65,184.67,192.53,8477
2021-03-08 04:00:00+00:00,192.54,192.67,186.34,190.79,12060
2021-03-08 08:00:00+00:00,190.84,191.18,178.93,181.9,13740
2021-03-08 12:00:00+00:00,181.9,184.88,180.18,184.75,10377
2021-03-08 16:00:00+00:00,184.75,186.88,182.42,184.96,10380
2021-03-08 20:00:00+00:00,184.96,188.25,184.57,188.11,9804
2021-03-09 00:00:00+00:00,187.84,194.43,186.86,194.05,7019
2021-03-09 04:00:00+00:00,194.07,200.61,192.64,200.44,9524
2021-03-09 08:00:00+00:00,200.45,202.95,194.57,198.1,11289
2021-03-09 12:00:00+00:00,198.1,200.45,195.18,200.0,11519
2021-03-09 16:00:00+00:00,200.0,201.16,196.7,196.93,9031
2021-03-09 20:00:00+00:00,196.93,199.69,195.88,198.51,9239
2021-03-10 00:00:00+00:00,198.83,207.11,197.11,201.0,7341
2021-03-10 04:00:00+00:00,200.99,200.99,190.68,195.17,13858
2021-03-10 08:00:00+00:00,195.2,201.01,194.53,199.54,9582
2021-03-10 12:00:00+00:00,199.55,203.38,195.3,202.99,11773
2021-03-10 16:00:00+00:00,202.97,206.98,199.79,204.5,12724
2021-03-10 20:00:00+00:00,204.5,207.32,195.28,202.28,14154
2021-03-11 00:00:00+00:00,202.81,204.49,195.34,198.2,14238
2021-03-11 04:00:00+00:00,198.01,200.95,195.68,196.53,8475
2021-03-11 08:00:00+00:00,196.53,198.59,187.85,190.91,12777
2021-03-11 12:00:00+00:00,190.91,201.21,190.71,200.89,10480
2021-03-11 16:00:00+00:00,200.9,202.14,194.65,197.28,8104
2021-03-11 20:00:00+00:00,197.18,201.56,196.88,200.04,7922
2021-03-12 00:00:00+00:00,200.25,209.6,197.78,207.09,11902
2021-03-12 04:00:00+00:00,207.09,210.68,204.54,209.21,14957
2021-03-12 08:00:00+00:00,209.29,214.43,205.97,211.27,13886
2021-03-12 12:00:00+00:00,211.27,211.28,200.26,203.92,14920
2021-03-12 16:00:00+00:00,203.94,214.33,201.74,210.02,11831
2021-03-12 20:00:00+00:00,210.02,222.61,208.56,220.37,11928
2021-03-13 00:00:00+00:00,218.48,221.74,211.95,214.46,11935
2021-03-13 04:00:00+00:00,214.46,218.31,212.96,215.79,6696
2021-03-13 08:00:00+00:00,215.79,221.13,215.05,219.52,6735
2021-03-13 12:00:00+00:00,219.52,227.36,218.05,224.17,10283
2021-03-13 16:00:00+00:00,224.18,226.33,222.91,224.26,1809
2021-03-14 00:00:00+00:00,223.88,227.87,221.83,224.19,9339
2021-03-14 04:00:00+00:00,224.19,225.18,219.98,221.58,17135
2021-03-14 08:00:00+00:00,221.59,221.59,217.31,220.61,10181
2021-03-14 12:00:00+00:00,220.61,223.3,213.95,219.78,11442
2021-03-14 16:00:00+00:00,219.78,219.98,214.2,215.71,9421
2021-03-14 20:00:00+00:00,215.71,219.28,215.29,218.22,6499
2021-03-15 00:00:00+00:00,216.67,220.04,211.62,215.29,10165
2021-03-15 04:00:00+00:00,215.46,221.82,214.73,217.47,10558
2021-03-15 08:00:00+00:00,217.47,217.7,204.49,207.32,14009
2021-03-15 12:00:00+00:00,207.33,208.32,199.45,205.81,15748
2021-03-15 16:00:00+00:00,205.82,207.03,197.35,199.01,14074
2021-03-15 20:00:00+00:00,199.01,203.8,196.88,202.13,8549
2021-03-16 00:00:00+00:00,201.86,203.96,191.92,192.52,16532
2021-03-16 04:00:00+00:00,192.52,197.68,190.45,196.56,12644
2021-03-16 08:00:00+00:00,196.56,204.55,192.47,203.12,9331
2021-03-16 12:00:00+00:00,203.13,204.46,197.69,199.13,13795
2021-03-16 16:00:00+00:00,199.13,203.75,197.83,200.27,7580
2021-03-16 20:00:00+00:00,200.27,201.27,194.82,199.33,8517
2021-03-17 00:00:00+00:00,197.7,202.06,196.91,199.23,8115
2021-03-17 04:00:00+00:00,199.24,200.5,196.18,197.54,5432
2021-03-17 08:00:00+00:00,197.55,206.13,196.35,200.49,6831
2021-03-17 12:00:00+00:00,200.43,200.8,193.56,196.79,10762
2021-03-17 16:00:00+00:00,196.71,199.61,195.44,198.06,8400
2021-03-17 20:00:00+00:00,198.07,203.72,197.29,202.21,6531
2021-03-18 00:00:00+00:00,200.63,207.05,200.63,205.49,7729
2021-03-18 04:00:00+00:00,205.49,207.42,203.58,204.58,10083
2021-03-18 08:00:00+00:00,204.59,207.58,202.08,202.15,9805
2021-03-18 12:00:00+00:00,202.17,204.68,201.11,202.5,5233
2021-03-18 16:00:00+00:00,202.51,207.42,200.18,204.01,6825
2021-03-18 20:00:00+00:00,204.01,205.33,198.26,199.03,6416
2021-03-19 00:00:00+00:00,198.6,201.16,195.08,197.92,7029
2021-03-19 04:00:00+00:00,197.92,201.9,197.19,200.51,6947
2021-03-19 08:00:00+00:00,200.51,202.83,199.74,202.78,5170
2021-03-19 12:00:00+00:00,202.78,204.27,201.48,202.77,6278
2021-03-19 16:00:00+00:00,202.77,203.3,200.0,201.47,10633
2021-03-19 20:00:00+00:00,201.47,202.36,199.69,200.26,4987
2021-03-20 00:00:00+00:00,199.81,201.12,198.17,201.12,4601
2021-03-20 04:00:00+00:00,201.12,202.47,200.3,200.73,4454
2021-03-20 08:00:00+00:00,200.69,202.7,200.31,202.23,4357
2021-03-20 12:00:00+00:00,202.24,204.38,201.59,203.46,4002
2021-03-20 16:00:00+00:00,203.49,205.49,202.42,202.69,239
2021-03-21 00:00:00+00:00,200.07,202.98,197.8,199.09,4633
2021-03-21 04:00:00+00:00,199.09,200.29,193.9,194.55,7163
2021-03-21 08:00:00+00:00,194.55,196.45,193.76,195.88,6911
2021-03-21 12:00:00+00:00,195.83,196.68,191.51,193.22,5805
2021-03-21 16:00:00+00:00,193.22,196.47,193.22,195.31,2981
2021-03-21 20:00:00+00:00,195.31,197.67,194.55,197.67,2170
2021-03-22 00:00:00+00:00,195.66,197.57,191.01,191.68,3786
2021-03-22 04:00:00+00:00,191.68,194.87,189.22,194.39,7698
2021-03-22 08:00:00+00:00,194.39,195.71,192.55,192.68,5852
2021-03-22 12:00:00+00:00,192.68,196.56,191.66,194.72,8637
2021-03-22 16:00:00+00:00,194.72,198.15,192.61,194.68,8855
2021-03-22 20:00:00+00:00,194.68,196.34,185.03,185.96,10310
2021-03-23 00:00:00+00:00,184.95,187.99,183.99,186.98,8990
2021-03-23 04:00:00+00:00,186.99,188.78,185.72,187.26,4787
2021-03-23 08:00:00+00:00,187.26,187.45,182.01,185.05,12783
2021-03-23 12:00:00+00:00,185.05,186.71,183.06,185.71,7877
2021-03-23 16:00:00+00:00,185.71,187.73,185.04,187.19,6824
2021-03-23 20:00:00+00:00,187.19,188.43,182.47,182.64,9319
2021-03-24 00:00:00+00:00,182.18,187.38,180.41,182.04,10471
2021-03-24 04:00:00+00:00,182.04,192.87,181.77,190.38,8682
2021-03-24 08:00:00+00:00,190.38,195.56,188.59,194.82,6207
2021-03-24 12:00:00+00:00,194.83,196.4,193.12,195.9,7433
2021-03-24 16:00:00+00:00,195.9,196.23,191.36,191.63,9930
2021-03-24 20:00:00+00:00,191.63,192.9,183.14,187.45,6560
2021-03-25 00:00:00+00:00,186.18,187.34,171.28,176.91,16657
2021-03-25 04:00:00+00:00,176.91,177.24,170.39,174.18,17031
2021-03-25 08:00:00+00:00,174.18,177.48,172.12,174.14,10666
2021-03-25 12:00:00+00:00,174.16,176.42,167.13,169.66,13161
2021-03-25 16:00:00+00:00,169.66,173.5,168.18,171.01,14367
2021-03-25 20:00:00+00:00,171.03,174.74,170.39,173.78,5324
2021-03-26 00:00:00+00:00,173.7,176.54,170.5,175.97,7578
2021-03-26 04:00:00+00:00,175.97,176.59,172.03,174.89,9859
2021-03-26 08:00:00+00:00,174.92,177.11,173.51,175.77,7162
2021-03-26 12:00:00+00:00,175.77,181.08,174.38,180.09,7894
2021-03-26 16:00:00+00:00,180.1,181.32,177.86,181.09,6115
2021-03-26 20:00:00+00:00,181.09,182.63,179.26,182.48,6677
2021-03-27 00:00:00+00:00,181.36,184.17,181.3,181.51,3883
2021-03-27 04:00:00+00:00,181.51,182.78,180.58,181.73,5393
2021-03-27 08:00:00+00:00,181.75,183.12,180.95,181.78,6087
2021-03-27 12:00:00+00:00,181.78,182.97,177.05,178.43,10335
2021-03-27 16:00:00+00:00,178.63,180.58,178.05,180.07,2886
2021-03-28 00:00:00+00:00,181.11,185.31,181.11,183.96,7755
2021-03-28 04:00:00+00:00,183.96,186.74,183.17,185.61,4833
2021-03-28 08:00:00+00:00,185.61,185.84,183.8,185.05,5023
2021-03-28 12:00:00+00:00,185.05,185.98,181.14,182.48,12417
2021-03-28 16:00:00+00:00,182.49,185.34,181.96,183.77,6996
2021-03-28 20:00:00+00:00,183.77,184.86,179.4,180.24,4398
2021-03-29 00:00:00+00:00,178.92,184.09,178.92,182.57,4315
2021-03-29 04:00:00+00:00,182.57,193.27,181.75,192.77,8848
2021-03-29 08:00:00+00:00,192.78,195.27,189.73,194.44,10563
2021-03-29 12:00:00+00:00,194.44,195.97,193.47,195.08,10582
2021-03-29 16:00:00+00:00,195.08,195.57,191.42,194.77,7923
2021-03-29 20:00:00+00:00,194.78,197.0,193.12,193.23,8304
2021-03-30 00:00:00+00:00,192.05,195.22,192.05,193.98,3888
2021-03-30 04:00:00+00:00,193.92,193.95,189.57,190.97,8273
2021-03-30 08:00:00+00:00,190.97,192.85,189.7,192.41,7740
2021-03-30 12:00:00+00:00,192.33,199.52,191.63,197.3,7388
2021-03-30 16:00:00+00:00,197.33,198.17,194.82,196.05,5718
2021-03-30 20:00:00+00:00,196.06,197.08,192.72,193.82,3277
2021-03-31 00:00:00+00:00,191.99,197.13,191.99,197.09,2512
2021-03-31 04:00:00+00:00,197.09,197.09,190.96,192.81,5466
2021-03-31 08:00:00+00:00,192.81,198.54,186.24,190.22,9891
2021-03-31 12:00:00+00:00,190.23,191.08,187.12,190.65,12899
2021-03-31 16:00:00+00:00,190.65,194.08,190.47,191.37,8793
2021-03-31 20:00:00+00:00,191.37,195.86,190.81,195.24,10771
2021-04-01 00:00:00+00:00,194.19,200.28,193.42,198.9,6292
2021-04-01 04:00:00+00:00,198.91,199.47,194.33,195.74,7892
2021-04-01 08:00:00+00:00,195.74,198.89,193.35,197.04,8472
2021-04-01 12:00:00+00:00,197.04,198.64,193.56,195.25,11362
2021-04-01 16:00:00+00:00,195.25,204.4,194.53,201.97,9497
2021-04-01 20:00:00+00:00,201.97,202.43,195.26,200.47,11010
2021-04-02 00:00:00+00:00,199.69,204.76,198.93,200.85,7990
2021-04-02 04:00:00+00:00,200.87,208.03,200.67,204.74,12184
2021-04-02 08:00:00+00:00,204.74,206.08,202.42,204.85,6468
2021-04-02 12:00:00+00:00,204.85,206.38,202.46,204.29,8539
2021-04-02 16:00:00+00:00,204.29,211.11,200.62,208.07,14972
2021-04-02 20:00:00+00:00,208.07,208.17,202.8,205.76,8777
2021-04-03 00:00:00+00:00,205.7,214.06,203.67,212.82,7096
2021-04-03 04:00:00+00:00,212.82,212.84,208.94,211.76,5903
2021-04-03 08:00:00+00:00,211.76,217.18,210.79,212.47,7133
2021-04-03 12:00:00+00:00,212.47,215.54,209.15,213.5,12344
2021-04-03 16:00:00+00:00,213.5,214.77,212.41,213.96,2099
2021-04-04 00:00:00+00:00,200.78,203.84,191.75,194.74,12167
2021-04-04 04:00:00+00:00,194.75,199.93,194.03,197.94,11183
2021-04-04 08:00:00+00:00,197.95,200.75,196.18,199.88,9072
2021-04-04 12:00:00+00:00,199.9,202.8,197.71,202.19,9857
2021-04-04 16:00:00+00:00,202.19,203.88,199.73,201.98,8792
2021-04-04 20:00:00+00:00,201.98,204.13,199.2,200.68,5984
2021-04-05 00:00:00+00:00,200.77,203.29,198.96,199.96,7745
2021-04-05 04:00:00+00:00,199.96,206.88,197.87,201.31,10272
2021-04-05 08:00:00+00:00,201.31,201.88,197.38,199.41,11432
2021-04-05 12:00:00+00:00,199.39,207.32,198.6,205.09,7836
2021-04-05 16:00:00+00:00,205.09,212.36,203.43,210.76,12036
2021-04-05 20:00:00+00:00,210.76,220.1,210.47,216.95,12541
2021-04-06 00:00:00+00:00,216.96,226.55,216.3,225.42,9183
2021-04-06 04:00:00+00:00,225.42,225.48,217.03,221.95,8317
2021-04-06 08:00:00+00:00,221.96,223.68,217.71,219.77,9440
2021-04-06 12:00:00+00:00,219.77,238.63,219.2,231.9,14076
2021-04-06 16:00:00+00:00,231.71,243.48,211.76,240.75,21287
2021-04-06 20:00:00+00:00,240.74,243.67,234.54,242.31,14032
2021-04-07 00:00:00+00:00,239.47,242.19,230.54,232.26,20216
2021-04-07 04:00:00+00:00,232.35,241.76,230.08,239.88,19998
2021-04-07 08:00:00+00:00,239.91,242.34,225.77,228.63,23482
2021-04-07 12:00:00+00:00,228.63,229.86,209.89,221.11,30615
2021-04-07 16:00:00+00:00,221.11,225.41,214.65,223.11,27393
2021-04-07 20:00:00+00:00,223.13,223.43,212.49,219.01,28485
2021-04-08 00:00:00+00:00,217.49,224.97,216.9,222.8,23413
2021-04-08 04:00:00+00:00,222.8,224.64,218.14,223.42,17109
2021-04-08 08:00:00+00:00,223.42,227.07,220.98,222.33,15699
2021-04-08 12:00:00+00:00,222.25,224.12,216.25,223.29,20964
2021-04-08 16:00:00+00:00,223.34,226.59,221.97,224.76,18076
2021-04-08 20:00:00+00:00,224.76,225.12,221.51,223.19,11653
2021-04-09 00:00:00+00:00,220.1,228.21,219.84,227.6,10821
2021-04-09 04:00:00+00:00,227.6,228.35,223.39,224.49,10908
2021-04-09 08:00:00+00:00,224.49,225.57,221.9,222.43,9640
2021-04-09 12:00:00+00:00,222.44,228.18,222.34,224.78,15295
2021-04-09 16:00:00+00:00,224.84,226.98,220.95,223.21,15296
2021-04-09 20:00:00+00:00,223.21,224.89,222.28,222.61,10876
2021-04-10 00:00:00+00:00,222.51,222.54,218.0,219.94,6802
2021-04-10 04:00:00+00:00,219.94,233.11,219.03,232.08,13178
2021-04-10 08:00:00+00:00,232.01,233.41,229.83,230.45,13278
2021-04-10 12:00:00+00:00,230.52,234.66,226.93,228.49,13871
2021-04-10 16:00:00+00:00,228.55,231.36,227.3,230.67,5038
2021-04-11 00:00:00+00:00,236.42,257.52,236.42,253.1,20178
2021-04-11 04:00:00+00:00,253.1,256.51,247.67,251.18,19198
2021-04-11 08:00:00+00:00,251.18,262.43,250.54,257.7,19516
2021-04-11 12:00:00+00:00,257.7,258.97,249.9,252.74,19704
2021-04-11 16:00:00+00:00,252.74,253.29,244.8,245.47,17889
2021-04-11 20:00:00+00:00,245.47,252.16,243.88,250.28,12053
2021-04-12 00:00:00+00:00,246.37,254.43,245.32,248.0,14117
2021-04-12 04:00:00+00:00,248.11,255.24,248.1,251.45,14002
2021-04-12 08:00:00+00:00,251.45,258.07,250.57,254.84,15316
2021-04-12 12:00:00+00:00,254.84,255.23,243.85,251.11,22270
2021-04-12 16:00:00+00:00,251.12,254.11,239.58,244.72,18835
2021-04-12 20:00:00+00:00,244.75,245.53,240.26,243.84,14474
2021-04-13 00:00:00+00:00,241.94,251.71,241.94,251.34,15324
2021-04-13 04:00:00+00:00,251.24,252.31,247.23,248.1,18730
2021-04-13 08:00:00+00:00,248.09,263.61,247.04,261.68,26522
2021-04-13 12:00:00+00:00,261.68,269.23,260.27,268.41,25368
2021-04-13 16:00:00+00:00,268.41,272.22,262.88,268.95,22015
2021-04-13 20:00:00+00:00,268.96,272.78,262.93,265.79,21798
2021-04-14 00:00:00+00:00,262.49,272.27,260.39,272.19,21143
2021-04-14 04:00:00+00:00,272.16,282.48,267.45,280.19,23229
2021-04-14 08:00:00+00:00,280.2,282.14,267.4,269.7,23883
2021-04-14 12:00:00+00:00,269.72,275.13,261.15,265.44,25416
2021-04-14 16:00:00+00:00,265.25,271.49,254.48,269.81,29584
2021-04-14 20:00:00+00:00,269.81,271.92,258.76,266.01,27177
2021-04-15 00:00:00+00:00,264.57,282.07,264.57,272.36,20239
2021-04-15 04:00:00+00:00,272.36,279.06,270.21,273.44,22814
2021-04-15 08:00:00+00:00,273.44,276.89,270.48,271.06,22651
2021-04-15 12:00:00+00:00,271.23,273.02,265.32,270.36,16848
2021-04-15 16:00:00+00:00,270.36,284.13,270.36,277.82,22009
2021-04-15 20:00:00+00:00,277.83,288.14,274.82,287.33,21354
2021-04-16 00:00:00+00:00,284.05,290.64,281.33,286.42,22441
2021-04-16 04:00:00+00:00,286.39,296.4,278.36,281.05,27516
2021-04-16 08:00:00+00:00,281.07,290.06,279.54,283.52,27366
2021-04-16 12:00:00+00:00,283.49,284.33,267.79,275.39,27227
2021-04-16 16:00:00+00:00,275.46,314.5,265.29,310.21,34406
2021-04-16 20:00:00+00:00,310.25,316.47,300.9,309.99,30307
2021-04-17 00:00:00+00:00,307.75,329.69,304.11,322.38,19227
2021-04-17 04:00:00+00:00,322.33,333.57,318.17,321.64,25887
2021-04-17 08:00:00+00:00,321.64,332.28,319.01,330.53,26632
2021-04-17 12:00:00+00:00,330.53,334.84,304.24,318.98,36600
2021-04-17 16:00:00+00:00,318.98,328.98,313.47,324.07,9266
2021-04-18 00:00:00+00:00,311.14,321.53,284.22,284.55,23992
2021-04-18 04:00:00+00:00,284.55,292.46,229.01,251.35,27417
2021-04-18 08:00:00+00:00,251.35,270.39,250.33,256.04,22276
2021-04-18 12:00:00+00:00,256.06,262.6,245.83,260.34,35276
2021-04-18 16:00:00+00:00,260.34,271.44,257.17,265.72,30241
2021-04-18 20:00:00+00:00,265.78,274.71,260.19,273.04,25318
2021-04-19 00:00:00+00:00,270.27,278.83,264.06,278.2,27755
2021-04-19 04:00:00+00:00,278.2,281.82,273.69,276.15,29063
2021-04-19 08:00:00+00:00,276.11,277.93,267.19,268.13,21259
2021-04-19 12:00:00+00:00,268.2,275.16,260.44,267.63,19639
2021-04-19 16:00:00+00:00,267.52,270.66,249.85,254.83,22228
2021-04-19 20:00:00+00:00,254.84,273.04,251.62,269.35,18257
2021-04-20 00:00:00+00:00,267.78,271.39,241.33,246.08,22232
2021-04-20 04:00:00+00:00,245.99,254.58,236.95,253.94,20519
2021-04-20 08:00:00+00:00,253.96,254.26,233.86,250.55,22497
2021-04-20 12:00:00+00:00,250.55,259.78,247.01,254.05,20572
2021-04-20 16:00:00+00:00,254.05,264.27,245.75,264.24,24500
2021-04-20 20:00:00+00:00,264.4,272.41,261.03,266.24,18752
2021-04-21 00:00:00+00:00,265.56,269.52,257.03,257.03,17409
2021-04-21 04:00:00+00:00,257.04,267.15,255.6,260.35,17010
2021-04-21 08:00:00+00:00,260.35,265.39,255.39,261.25,22051
2021-04-21 12:00:00+00:00,261.25,265.7,250.31,264.2,23431
2021-04-21 16:00:00+00:00,264.2,276.3,260.26,270.15,20335
2021-04-21 20:00:00+00:00,270.14,275.78,262.46,264.67,17687
2021-04-22 00:00:00+00:00,264.22,266.35,251.82,258.98,20192
2021-04-22 04:00:00+00:00,258.98,263.6,250.45,261.99,19616
2021-04-22 08:00:00+00:00,261.99,268.28,257.3,261.91,19466
2021-04-22 12:00:00+00:00,261.93,285.42,259.94,279.66,23606
2021-04-22 16:00:00+00:00,279.66,289.0,274.43,285.23,20471
2021-04-22 20:00:00+00:00,285.25,285.9,255.03,256.87,26562
2021-04-23 00:00:00+00:00,248.93,258.3,238.18,251.51,25438
2021-04-23 04:00:00+00:00,251.51,254.72,202.9,225.38,30922
2021-04-23 08:00:00+00:00,225.25,230.92,215.94,229.86,29921
2021-04-23 12:00:00+00:00,229.88,238.86,222.72,230.0,23755
2021-04-23 16:00:00+00:00,230.0,236.62,225.14,234.25,25586
2021-04-23 20:00:00+00:00,234.25,241.91,231.65,236.08,19850
2021-04-24 00:00:00+00:00,232.94,241.31,231.34,231.85,15405
2021-04-24 04:00:00+00:00,231.85,236.57,227.57,233.73,19904
2021-04-24 08:00:00+00:00,233.62,236.3,229.27,230.97,17779
2021-04-24 12:00:00+00:00,230.86,233.02,219.99,227.0,22396
2021-04-24 16:00:00+00:00,227.08,228.88,225.54,227.43,4956
2021-04-25 00:00:00+00:00,230.14,231.59,222.3,224.89,18307
2021-04-25 04:00:00+00:00,225.06,231.12,222.77,224.76,15273
2021-04-25 08:00:00+00:00,224.76,227.45,220.21,225.59,9582
2021-04-25 12:00:00+00:00,225.44,230.31,221.05,229.53,17241
2021-04-25 16:00:00+00:00,229.53,235.32,227.64,232.79,15639
2021-04-25 20:00:00+00:00,232.79,233.07,216.5,217.38,15534
2021-04-26 00:00:00+00:00,217.35,233.86,210.38,231.96,20200
2021-04-26 04:00:00+00:00,231.94,239.91,229.9,237.68,20306
2021-04-26 08:00:00+00:00,237.68,243.68,235.47,238.59,15192
2021-04-26 12:00:00+00:00,238.6,245.74,236.27,240.37,19435
2021-04-26 16:00:00+00:00,240.37,244.98,238.35,243.83,17887
2021-04-26 20:00:00+00:00,243.85,247.86,239.65,239.78,18316
2021-04-27 00:00:00+00:00,237.49,248.97,235.86,244.38,16270
2021-04-27 04:00:00+00:00,244.43,251.53,244.04,247.54,14785
2021-04-27 08:00:00+00:00,247.54,254.72,247.15,250.54,14114
2021-04-27 12:00:00+00:00,250.52,258.74,250.15,253.85,13026
2021-04-27 16:00:00+00:00,253.85,262.66,247.9,256.1,21834
2021-04-27 20:00:00+00:00,256.1,260.74,254.3,260.17,18422
2021-04-28 00:00:00+00:00,258.24,264.27,256.16,263.48,14982
2021-04-28 04:00:00+00:00,263.31,266.36,253.35,254.24,17244
2021-04-28 08:00:00+00:00,254.24,255.89,247.61,250.71,19262
2021-04-28 12:00:00+00:00,250.71,258.49,248.48,256.87,17699
2021-04-28 16:00:00+00:00,256.78,257.3,249.5,253.86,16755
2021-04-28 20:00:00+00:00,253.9,259.91,250.92,252.11,15705
2021-04-29 00:00:00+00:00,251.38,259.31,251.13,255.07,11609
2021-04-29 04:00:00+00:00,255.07,257.11,249.8,250.92,13887
2021-04-29 08:00:00+00:00,250.93,257.67,250.59,253.68,14436
2021-04-29 12:00:00+00:00,253.63,262.33,252.91,260.94,14349
2021-04-29 16:00:00+00:00,261.0,261.66,250.7,250.76,17018
2021-04-29 20:00:00+00:00,250.79,253.28,247.78,250.11,17726
2021-04-30 00:00:00+00:00,250.16,255.55,245.58,252.94,14077
2021-04-30 04:00:00+00:00,252.94,261.77,252.15,261.0,16143
2021-04-30 08:00:00+00:00,261.0,267.18,260.02,264.6,14893
2021-04-30 12:00:00+00:00,264.54,266.43,259.32,265.17,14224
2021-04-30 16:00:00+00:00,265.18,270.42,263.05,267.43,15145
2021-04-30 20:00:00+00:00,267.43,268.12,263.8,265.13,10533
2021-05-01 00:00:00+00:00,264.45,273.16,264.45,270.42,10158
2021-05-01 04:00:00+00:00,270.38,274.61,267.9,272.04,13431
2021-05-01 08:00:00+00:00,272.04,274.16,267.62,267.74,10826
2021-05-01 12:00:00+00:00,267.82,272.63,265.24,270.66,16702
2021-05-01 16:00:00+00:00,270.66,272.46,269.01,269.73,2613
2021-05-02 00:00:00+00:00,271.89,278.24,267.19,273.33,12286
2021-05-02 04:00:00+00:00,273.37,276.38,264.5,270.64,18754
2021-05-02 08:00:00+00:00,270.57,272.98,265.14,266.92,16060
2021-05-02 12:00:00+00:00,266.93,272.22,264.25,270.58,18129
2021-05-02 16:00:00+00:00,270.58,271.15,266.51,268.46,13342
2021-05-02 20:00:00+00:00,268.46,271.78,267.93,270.5,11216
2021-05-03 00:00:00+00:00,270.35,272.89,265.78,272.09,10098
2021-05-03 04:00:00+00:00,272.11,274.23,271.22,272.19,14300
2021-05-03 08:00:00+00:00,272.19,281.56,271.74,279.27,18054
2021-05-03 12:00:00+00:00,279.31,282.39,275.56,278.84,16099
2021-05-03 16:00:00+00:00,278.85,294.06,272.39,290.7,22642
2021-05-03 20:00:00+00:00,290.69,299.13,285.93,289.57,22717
2021-05-04 00:00:00+00:00,289.87,297.42,269.75,276.54,19860
2021-05-04 04:00:00+00:00,276.54,284.24,274.0,283.46,25724
2021-05-04 08:00:00+00:00,283.48,288.63,279.1,287.14,22395
2021-05-04 12:00:00+00:00,287.21,322.78,287.14,322.12,29492
2021-05-04 16:00:00+00:00,322.01,326.9,291.56,298.54,30886
2021-05-04 20:00:00+00:00,298.54,315.84,298.23,315.55,25838
2021-05-05 00:00:00+00:00,312.39,326.84,299.87,324.43,21365
2021-05-05 04:00:00+00:00,324.75,340.58,323.81,325.76,21548
2021-05-05 08:00:00+00:00,325.76,335.1,321.3,327.41,22164
2021-05-05 12:00:00+00:00,327.37,347.91,323.92,342.96,24527
2021-05-05 16:00:00+00:00,343.09,357.95,338.56,354.6,27337
2021-05-05 20:00:00+00:00,354.6,359.37,345.11,346.57,23231
2021-05-06 00:00:00+00:00,345.31,364.46,340.57,347.35,21756
2021-05-06 04:00:00+00:00,347.31,348.09,335.22,338.62,21810
2021-05-06 08:00:00+00:00,338.62,340.79,325.15,334.22,23909
2021-05-06 12:00:00+00:00,334.11,354.53,332.56,348.47,23993
2021-05-06 16:00:00+00:00,348.46,358.31,337.74,343.93,24944
2021-05-06 20:00:00+00:00,343.86,350.0,316.22,328.81,26630
2021-05-07 00:00:00+00:00,330.27,358.47,325.67,346.42,20731
2021-05-07 04:00:00+00:00,346.42,371.66,339.47,348.5,30996
2021-05-07 08:00:00+00:00,348.59,371.98,346.69,366.47,27648
2021-05-07 12:00:00+00:00,366.47,368.91,351.42,361.75,25977
2021-05-07 16:00:00+00:00,361.8,363.35,347.27,355.82,24731
2021-05-07 20:00:00+00:00,355.65,356.53,340.17,346.12,21138
2021-05-08 00:00:00+00:00,341.9,351.81,333.1,345.61,16168
2021-05-08 04:00:00+00:00,345.61,356.49,345.19,349.1,20549
2021-05-08 08:00:00+00:00,349.02,351.64,339.77,347.24,22108
2021-05-08 12:00:00+00:00,347.3,349.05,336.5,340.64,20755
2021-05-08 16:00:00+00:00,340.57,345.02,337.41,342.59,6024
2021-05-09 00:00:00+00:00,343.34,352.49,338.68,343.73,16643
2021-05-09 04:00:00+00:00,343.74,351.29,333.15,340.09,22340
2021-05-09 08:00:00+00:00,340.11,351.37,338.02,347.21,20284
2021-05-09 12:00:00+00:00,347.21,367.51,341.47,343.99,26218
2021-05-09 16:00:00+00:00,343.99,369.0,343.07,363.94,23569
2021-05-09 20:00:00+00:00,364.19,365.32,355.31,360.6,19960
2021-05-10 00:00:00+00:00,358.55,397.16,354.38,394.77,20965
2021-05-10 04:00:00+00:00,394.61,412.72,392.96,402.02,23518
2021-05-10 08:00:00+00:00,401.86,406.65,391.54,400.52,22608
2021-05-10 12:00:00+00:00,400.84,403.59,376.19,391.09,29165
2021-05-10 16:00:00+00:00,391.09,401.8,375.56,392.22,29790
2021-05-10 20:00:00+00:00,391.85,394.98,330.98,359.48,27475
2021-05-11 00:00:00+00:00,364.45,375.39,350.07,350.34,27828
2021-05-11 04:00:00+00:00,350.34,359.89,344.31,354.87,29434
2021-05-11 08:00:00+00:00,354.87,362.63,346.96,354.54,25089
2021-05-11 12:00:00+00:00,354.72,364.94,347.78,357.73,24893
2021-05-11 16:00:00+00:00,357.73,374.32,352.45,364.8,28260
2021-05-11 20:00:00+00:00,364.82,374.04,362.9,373.4,23533
2021-05-12 00:00:00+00:00,372.86,389.7,364.97,385.36,18758
2021-05-12 04:00:00+00:00,385.38,393.63,381.38,385.76,19518
2021-05-12 08:00:00+00:00,385.76,388.4,375.17,381.54,18716
2021-05-12 12:00:00+00:00,381.59,386.39,368.9,372.78,21518
2021-05-12 16:00:00+00:00,372.78,374.95,341.58,353.13,26767
2021-05-12 20:00:00+00:00,353.35,358.75,337.1,357.08,28045
2021-05-13 00:00:00+00:00,355.25,359.55,290.6,317.97,28077
2021-05-13 04:00:00+00:00,317.99,331.97,316.85,323.77,26263
2021-05-13 08:00:00+00:00,323.77,332.31,317.2,317.73,22119
2021-05-13 12:00:00+00:00,317.77,322.02,302.95,320.02,28223
2021-05-13 16:00:00+00:00,320.02,326.1,303.78,304.84,27346
2021-05-13 20:00:00+00:00,304.83,308.15,290.04,304.98,28298
2021-05-14 00:00:00+00:00,303.01,319.57,297.58,319.17,17131
2021-05-14 04:00:00+00:00,319.17,320.58,307.48,312.59,21181
2021-05-14 08:00:00+00:00,312.5,327.94,310.52,326.94,22609
2021-05-14 12:00:00+00:00,326.99,332.91,322.06,328.47,21860
2021-05-14 16:00:00+00:00,328.47,338.94,323.56,330.79,21118
2021-05-14 20:00:00+00:00,330.79,332.41,317.95,319.41,21496
2021-05-15 00:00:00+00:00,319.52,329.74,317.88,324.31,9622
2021-05-15 04:00:00+00:00,324.31,331.48,320.42,321.67,15137
2021-05-15 08:00:00+00:00,321.67,324.38,309.61,313.57,22487
2021-05-15 12:00:00+00:00,313.57,317.1,303.59,313.87,24499
2021-05-15 16:00:00+00:00,313.89,315.29,309.16,311.61,5181
2021-05-16 00:00:00+00:00,309.19,311.81,297.13,304.26,19156
2021-05-16 04:00:00+00:00,304.26,313.54,304.21,308.95,16761
2021-05-16 08:00:00+00:00,309.04,318.15,307.7,314.11,16758
2021-05-16 12:00:00+00:00,314.12,323.53,310.85,311.73,20070
2021-05-16 16:00:00+00:00,311.74,314.58,297.55,301.32,23322
2021-05-16 20:00:00+00:00,301.47,305.17,280.29,282.46,24766
2021-05-17 00:00:00+00:00,284.79,296.31,278.63,288.33,21047
2021-05-17 04:00:00+00:00,288.22,288.98,262.4,277.86,26488
2021-05-17 08:00:00+00:00,277.77,290.38,268.73,288.18,23025
2021-05-17 12:00:00+00:00,288.18,292.6,282.31,288.95,21619
2021-05-17 16:00:00+00:00,289.0,289.75,266.64,267.11,23919
2021-05-17 20:00:00+00:00,267.15,293.03,260.34,290.9,21739
2021-05-18 00:00:00+00:00,281.38,296.6,272.76,295.9,20383
2021-05-18 04:00:00+00:00,295.91,307.56,293.5,304.72,23172
2021-05-18 08:00:00+00:00,304.72,309.47,300.45,303.75,21462
2021-05-18 12:00:00+00:00,303.76,317.88,300.54,304.86,22125
2021-05-18 16:00:00+00:00,304.86,312.14,286.88,309.62,27480
2021-05-18 20:00:00+00:00,309.62,309.62,289.25,293.95,21690
2021-05-19 00:00:00+00:00,295.63,299.87,286.57,289.44,20327
2021-05-19 04:00:00+00:00,289.44,289.76,256.81,263.03,27685
2021-05-19 08:00:00+00:00,263.04,271.42,257.56,269.52,25287
2021-05-19 12:00:00+00:00,269.58,271.34,139.85,158.43,27424
2021-05-19 16:00:00+00:00,158.43,225.44,140.1,219.18,22695
2021-05-19 20:00:00+00:00,219.18,225.34,194.87,198.25,23008
2021-05-20 00:00:00+00:00,200.68,207.86,165.55,173.22,22130
2021-05-20 04:00:00+00:00,172.87,203.64,171.56,198.24,20329
2021-05-20 08:00:00+00:00,198.24,216.78,194.58,209.55,20407
2021-05-20 12:00:00+00:00,209.55,222.01,201.01,218.88,24457
2021-05-20 16:00:00+00:00,218.97,224.7,197.1,205.94,25634
2021-05-20 20:00:00+00:00,205.94,213.3,201.82,206.87,21993
2021-05-21 00:00:00+00:00,206.52,218.91,202.16,217.32,22740
2021-05-21 04:00:00+00:00,217.38,218.02,201.08,204.25,21573
2021-05-21 08:00:00+00:00,204.24,206.81,197.43,202.56,23349
2021-05-21 12:00:00+00:00,202.56,208.76,200.99,201.95,21551
2021-05-21 16:00:00+00:00,201.95,208.2,170.18,181.31,24104
2021-05-21 20:00:00+00:00,181.18,184.5,167.33,167.56,25914
2021-05-22 00:00:00+00:00,173.37,182.57,171.97,180.78,19943
2021-05-22 04:00:00+00:00,180.84,184.12,164.99,168.69,27355
2021-05-22 08:00:00+00:00,168.69,174.88,161.13,172.36,28360
2021-05-22 12:00:00+00:00,172.36,182.03,169.58,177.77,29201
2021-05-22 16:00:00+00:00,177.77,183.8,177.22,181.45,6699
2021-05-23 00:00:00+00:00,173.63,175.36,165.24,174.34,18219
2021-05-23 04:00:00+00:00,174.44,175.9,167.76,169.55,23318
2021-05-23 08:00:00+00:00,169.47,170.43,144.21,148.01,27701
2021-05-23 12:00:00+00:00,148.03,152.89,130.29,136.11,29030
2021-05-23 16:00:00+00:00,136.15,143.69,117.32,127.11,30317
2021-05-23 20:00:00+00:00,127.09,139.4,124.64,137.28,28629
2021-05-24 00:00:00+00:00,138.52,147.65,134.52,143.78,26729
2021-05-24 04:00:00+00:00,143.72,154.35,139.09,148.39,22249
2021-05-24 08:00:00+00:00,148.4,163.13,148.19,159.89,24053
2021-05-24 12:00:00+00:00,159.89,168.66,155.04,165.23,24473
2021-05-24 16:00:00+00:00,165.26,169.53,160.61,165.79,24348
2021-05-24 20:00:00+00:00,165.72,182.61,164.37,177.2,23049
2021-05-25 00:00:00+00:00,178.47,194.34,174.6,189.87,23031
2021-05-25 04:00:00+00:00,189.8,191.44,174.62,179.4,27722
2021-05-25 08:00:00+00:00,179.36,189.48,176.39,181.24,27594
2021-05-25 12:00:00+00:00,181.4,182.72,166.62,171.92,28137
2021-05-25 16:00:00+00:00,171.92,178.87,166.51,173.19,27619
2021-05-25 20:00:00+00:00,173.12,177.64,168.45,172.91,24028
2021-05-26 00:00:00+00:00,173.3,184.55,171.67,182.56,24248
2021-05-26 04:00:00+00:00,182.58,193.44,182.17,192.38,24001
2021-05-26 08:00:00+00:00,192.41,203.88,191.25,198.82,25573
2021-05-26 12:00:00+00:00,198.87,202.82,195.85,201.45,22804
2021-05-26 16:00:00+00:00,201.46,201.46,188.91,192.0,23978
2021-05-26 20:00:00+00:00,192.0,196.39,188.69,193.92,16848
2021-05-27 00:00:00+00:00,194.55,202.66,191.07,193.88,14470
2021-05-27 04:00:00+00:00,193.88,194.88,179.91,185.58,21953
2021-05-27 08:00:00+00:00,185.58,194.11,182.62,192.14,17414
2021-05-27 12:00:00+00:00,192.13,201.43,191.84,197.29,18689
2021-05-27 16:00:00+00:00,197.29,208.13,195.7,196.99,19030
2021-05-27 20:00:00+00:00,196.99,199.97,191.35,191.49,15500
2021-05-28 00:00:00+00:00,190.38,198.35,185.74,189.81,17079
2021-05-28 04:00:00+00:00,189.83,194.21,186.08,186.87,18021
2021-05-28 08:00:00+00:00,186.89,189.09,170.64,174.71,22670
2021-05-28 12:00:00+00:00,174.78,177.31,164.73,176.17,24286
2021-05-28 16:00:00+00:00,176.17,180.77,171.89,171.89,22873
2021-05-28 20:00:00+00:00,171.83,183.73,171.4,176.31,22329
2021-05-29 00:00:00+00:00,169.62,184.12,167.37,182.72,18569
2021-05-29 04:00:00+00:00,182.8,188.1,179.24,180.1,18156
2021-05-29 08:00:00+00:00,180.1,186.83,173.99,175.19,19572
2021-05-29 12:00:00+00:00,175.26,176.06,167.73,169.17,23243
2021-05-29 16:00:00+00:00,169.17,170.01,165.25,169.33,6458
2021-05-30 00:00:00+00:00,160.89,165.61,154.53,158.26,14832
2021-05-30 04:00:00+00:00,158.26,168.24,155.66,167.66,20734
2021-05-30 08:00:00+00:00,167.6,177.22,167.6,174.54,21619
2021-05-30 12:00:00+00:00,174.54,180.5,171.48,174.25,17629
2021-05-30 16:00:00+00:00,174.3,176.3,171.06,173.72,18411
2021-05-30 20:00:00+00:00,173.72,176.49,172.37,173.77,12775
2021-05-31 00:00:00+00:00,172.56,173.51,167.03,167.71,10728
2021-05-31 04:00:00+00:00,167.74,168.76,163.03,164.62,19039
2021-05-31 08:00:00+00:00,164.62,175.71,163.34,175.0,18763
2021-05-31 12:00:00+00:00,174.85,185.39,174.42,181.37,16798
2021-05-31 16:00:00+00:00,181.36,186.36,176.39,184.59,19321
2021-05-31 20:00:00+00:00,184.6,184.9,180.47,181.45,12397
2021-06-01 00:00:00+00:00,182.41,192.66,177.58,191.79,13342
2021-06-01 04:00:00+00:00,191.8,191.88,180.37,182.74,16540
2021-06-01 08:00:00+00:00,182.74,187.11,176.23,178.55,15805
2021-06-01 12:00:00+00:00,178.5,181.84,176.51,178.01,17193
2021-06-01 16:00:00+00:00,178.02,184.94,175.16,177.54,19606
2021-06-01 20:00:00+00:00,177.43,180.41,176.07,180.37,13885
2021-06-02 00:00:00+00:00,179.96,183.64,175.18,179.64,15333
2021-06-02 04:00:00+00:00,179.68,183.24,177.6,182.19,13366
2021-06-02 08:00:00+00:00,182.22,186.03,180.29,185.76,12474
2021-06-02 12:00:00+00:00,185.82,186.11,179.29,183.82,13742
2021-06-02 16:00:00+00:00,183.88,190.59,181.98,188.57,17774
2021-06-02 20:00:00+00:00,188.57,188.96,184.6,185.61,13746
2021-06-03 00:00:00+00:00,185.94,188.18,183.18,184.82,13445
2021-06-03 04:00:00+00:00,184.81,188.77,181.36,188.34,16561
2021-06-03 08:00:00+00:00,188.37,194.11,188.24,192.74,14668
2021-06-03 12:00:00+00:00,192.78,197.08,189.5,193.06,15680
2021-06-03 16:00:00+00:00,193.0,193.94,186.75,191.45,13706
2021-06-03 20:00:00+00:00,191.47,192.07,188.28,189.93,11673
2021-06-04 00:00:00+00:00,190.64,193.35,188.33,189.33,13953
2021-06-04 04:00:00+00:00,189.43,189.44,178.81,181.21,19881
2021-06-04 08:00:00+00:00,181.21,182.33,170.28,173.38,21287
2021-06-04 12:00:00+00:00,173.39,176.75,168.43,175.53,20612
2021-06-04 16:00:00+00:00,175.6,177.66,172.88,175.96,14411
2021-06-04 20:00:00+00:00,175.95,179.53,175.34,178.44,12461
2021-06-05 00:00:00+00:00,180.13,183.49,175.98,183.19,13411
2021-06-05 04:00:00+00:00,183.21,184.36,181.41,182.58,15323
2021-06-05 08:00:00+00:00,182.59,184.99,180.78,182.72,15026
2021-06-05 12:00:00+00:00,182.72,182.87,169.43,173.36,19465
2021-06-05 16:00:00+00:00,173.28,173.83,171.65,171.67,3622
2021-06-06 00:00:00+00:00,172.23,173.53,166.55,172.78,15986
2021-06-06 04:00:00+00:00,172.78,177.42,172.78,176.94,12464
2021-06-06 08:00:00+00:00,176.94,179.49,175.75,179.23,13204
2021-06-06 12:00:00+00:00,179.28,179.56,175.15,175.66,12468
2021-06-06 16:00:00+00:00,175.66,178.2,173.42,178.12,12830
2021-06-06 20:00:00+00:00,178.03,178.1,172.7,174.64,9567
2021-06-07 00:00:00+00:00,174.14,178.78,169.17,178.23,13032
2021-06-07 04:00:00+00:00,178.23,181.83,177.65,179.2,14873
2021-06-07 08:00:00+00:00,179.2,179.92,176.04,176.72,13302
2021-06-07 12:00:00+00:00,176.74,181.52,175.91,180.86,13895
2021-06-07 16:00:00+00:00,180.9,181.36,174.68,174.82,14386
2021-06-07 20:00:00+00:00,174.79,174.91,165.23,167.87,12230
2021-06-08 00:00:00+00:00,168.42,168.42,159.33,161.65,17535
2021-06-08 04:00:00+00:00,161.54,163.55,151.81,157.42,17161
2021-06-08 08:00:00+00:00,157.42,160.11,151.98,157.94,17570
2021-06-08 12:00:00+00:00,157.94,159.36,155.69,156.83,15999
2021-06-08 16:00:00+00:00,156.83,157.33,144.49,154.15,21358
2021-06-08 20:00:00+00:00,154.16,162.06,152.3,161.17,16770
2021-06-09 00:00:00+00:00,160.37,162.54,155.48,156.76,11642
2021-06-09 04:00:00+00:00,156.76,157.75,151.87,155.24,16084
2021-06-09 08:00:00+00:00,155.16,161.37,154.72,158.01,16309
2021-06-09 12:00:00+00:00,158.06,164.11,156.67,160.5,15727
2021-06-09 16:00:00+00:00,160.5,172.6,158.55,170.08,16382
2021-06-09 20:00:00+00:00,170.08,172.61,167.54,169.04,12754
2021-06-10 00:00:00+00:00,169.32,173.77,164.39,170.46,12328
2021-06-10 04:00:00+00:00,170.46,174.17,168.08,169.18,13446
2021-06-10 08:00:00+00:00,169.18,169.71,165.12,165.59,14037
2021-06-10 12:00:00+00:00,165.59,172.83,164.97,168.98,17093
2021-06-10 16:00:00+00:00,168.98,169.49,163.64,164.82,16506
2021-06-10 20:00:00+00:00,164.82,166.57,161.49,166.08,15134
2021-06-11 00:00:00+00:00,166.16,169.59,164.06,164.76,11344
2021-06-11 04:00:00+00:00,164.8,172.2,163.96,170.8,15074
2021-06-11 08:00:00+00:00,170.83,173.27,168.75,169.64,14183
2021-06-11 12:00:00+00:00,169.64,172.41,167.84,168.82,13884
2021-06-11 16:00:00+00:00,168.86,171.28,163.77,164.69,14526
2021-06-11 20:00:00+00:00,164.69,165.61,162.51,163.33,10847
2021-06-12 00:00:00+00:00,161.32,163.51,159.48,160.64,10127
2021-06-12 04:00:00+00:00,160.52,161.56,153.58,154.37,18088
2021-06-12 08:00:00+00:00,154.37,158.09,153.94,155.68,12826
2021-06-12 12:00:00+00:00,155.67,162.57,154.11,161.4,16639
2021-06-12 16:00:00+00:00,161.42,162.22,160.8,161.7,3129
2021-06-13 00:00:00+00:00,159.92,163.71,156.6,162.0,9696
2021-06-13 04:00:00+00:00,161.89,163.0,156.41,157.83,11068
2021-06-13 08:00:00+00:00,157.83,160.51,155.8,159.91,13072
2021-06-13 12:00:00+00:00,159.87,161.78,159.12,160.32,10526
2021-06-13 16:00:00+00:00,160.32,163.4,158.19,163.0,11535
2021-06-13 20:00:00+00:00,163.0,170.5,162.39,170.5,13969
2021-06-14 00:00:00+00:00,168.4,171.98,165.28,169.88,9977
2021-06-14 04:00:00+00:00,169.88,171.44,166.65,168.34,12214
2021-06-14 08:00:00+00:00,168.36,169.55,166.56,167.26,9835
2021-06-14 12:00:00+00:00,167.26,167.96,165.75,167.74,10912
2021-06-14 16:00:00+00:00,167.76,177.33,167.45,174.97,17220
2021-06-14 20:00:00+00:00,174.97,175.74,172.73,172.99,11710
2021-06-15 00:00:00+00:00,169.6,180.57,169.6,178.78,12899
2021-06-15 04:00:00+00:00,178.85,180.16,176.87,179.6,13301
2021-06-15 08:00:00+00:00,179.6,180.43,175.72,175.97,13431
2021-06-15 12:00:00+00:00,175.95,177.44,174.15,175.79,15472
2021-06-15 16:00:00+00:00,175.79,175.96,171.54,173.65,13902
2021-06-15 20:00:00+00:00,173.65,177.19,171.34,172.64,14713
2021-06-16 00:00:00+00:00,172.72,175.5,172.46,173.54,8146
2021-06-16 04:00:00+00:00,173.56,173.62,169.62,173.11,9138
2021-06-16 08:00:00+00:00,173.12,176.72,172.9,174.25,6077
2021-06-16 12:00:00+00:00,174.25,174.69,167.67,168.31,10409
2021-06-16 16:00:00+00:00,168.31,169.6,163.96,165.03,10601
2021-06-16 20:00:00+00:00,165.03,169.28,163.65,167.32,9680
2021-06-17 00:00:00+00:00,167.1,168.35,164.52,167.89,6745
2021-06-17 04:00:00+00:00,167.89,171.4,167.74,170.49,5818
2021-06-17 08:00:00+00:00,170.5,172.71,169.67,172.44,6463
2021-06-17 12:00:00+00:00,172.45,172.79,168.82,169.39,5688
2021-06-17 16:00:00+00:00,169.29,169.66,165.08,165.49,8172
2021-06-17 20:00:00+00:00,165.49,165.64,162.31,163.81,10189
2021-06-18 00:00:00+00:00,163.73,167.06,163.06,164.36,5559
2021-06-18 04:00:00+00:00,164.36,166.0,162.11,165.61,6085
2021-06-18 08:00:00+00:00,165.61,166.76,163.42,166.28,6415
2021-06-18 12:00:00+00:00,166.28,166.6,160.76,161.81,8072
2021-06-18 16:00:00+00:00,161.81,162.83,155.09,158.38,12488
2021-06-18 20:00:00+00:00,158.38,158.63,150.77,153.33,10109
2021-06-19 00:00:00+00:00,154.34,156.9,153.88,156.62,4801
2021-06-19 04:00:00+00:00,156.63,157.8,152.5,154.89,5475
2021-06-19 08:00:00+00:00,154.89,158.71,154.89,158.0,6357
2021-06-19 12:00:00+00:00,158.0,160.25,157.07,157.65,6091
2021-06-19 16:00:00+00:00,157.54,157.89,156.48,156.83,1149
2021-06-20 00:00:00+00:00,153.64,156.03,149.82,151.66,7956
2021-06-20 04:00:00+00:00,151.66,154.19,150.73,154.02,7679
2021-06-20 08:00:00+00:00,153.93,154.25,150.94,151.01,4609
2021-06-20 12:00:00+00:00,151.01,151.68,143.22,146.01,12125
2021-06-20 16:00:00+00:00,146.02,149.46,145.09,148.63,9232
2021-06-20 20:00:00+00:00,148.63,155.51,148.22,155.22,9639
2021-06-21 00:00:00+00:00,149.89,155.39,149.89,153.65,6702
2021-06-21 04:00:00+00:00,153.69,153.86,144.29,147.23,9571
2021-06-21 08:00:00+00:00,147.23,148.82,136.34,138.34,14977
2021-06-21 12:00:00+00:00,138.34,140.84,126.94,131.21,19061
2021-06-21 16:00:00+00:00,131.21,137.3,129.85,130.8,15208
2021-06-21 20:00:00+00:00,130.8,135.08,130.55,133.5,15787
2021-06-22 00:00:00+00:00,127.18,132.27,119.08,124.2,14170
2021-06-22 04:00:00+00:00,124.19,132.46,124.19,129.62,15773
2021-06-22 08:00:00+00:00,129.62,130.78,120.8,121.28,15375
2021-06-22 12:00:00+00:00,121.28,121.95,107.27,111.17,20377
2021-06-22 16:00:00+00:00,111.22,121.34,103.88,119.36,23654
2021-06-22 20:00:00+00:00,119.36,122.66,117.56,121.67,15653
2021-06-23 00:00:00+00:00,116.76,123.53,114.85,123.11,17104
2021-06-23 04:00:00+00:00,123.11,131.16,122.65,127.59,16327
2021-06-23 08:00:00+00:00,127.63,131.08,126.78,127.31,12148
2021-06-23 12:00:00+00:00,127.3,130.63,127.05,130.15,10138
2021-06-23 16:00:00+00:00,130.16,133.16,125.8,127.9,17449
2021-06-23 20:00:00+00:00,127.8,127.98,123.01,124.65,11158
2021-06-24 00:00:00+00:00,121.34,129.57,121.34,127.12,10406
2021-06-24 04:00:00+00:00,127.12,128.14,123.12,126.86,13228
2021-06-24 08:00:00+00:00,126.86,132.55,126.46,132.23,13401
2021-06-24 12:00:00+00:00,132.24,135.14,130.49,134.41,12192
2021-06-24 16:00:00+00:00,134.41,135.4,131.94,135.01,12268
2021-06-24 20:00:00+00:00,135.03,136.75,133.27,135.61,8467
2021-06-25 00:00:00+00:00,130.34,137.09,128.97,134.0,8106
2021-06-25 04:00:00+00:00,134.0,137.85,131.64,133.76,11728
2021-06-25 08:00:00+00:00,133.77,134.43,130.01,131.75,13347
2021-06-25 12:00:00+00:00,131.71,132.22,127.92,129.39,15543
2021-06-25 16:00:00+00:00,129.39,131.4,124.39,126.14,15567
2021-06-25 20:00:00+00:00,126.13,128.75,124.69,128.18,11762
2021-06-26 00:00:00+00:00,127.03,127.92,123.32,127.7,7671
2021-06-26 04:00:00+00:00,127.7,127.83,123.64,127.62,11132
2021-06-26 08:00:00+00:00,127.62,128.84,118.1,119.43,10476
2021-06-26 12:00:00+00:00,119.43,125.21,118.54,123.2,11200
2021-06-26 16:00:00+00:00,123.2,124.93,120.35,120.45,2603
2021-06-27 00:00:00+00:00,118.93,127.33,118.34,126.81,10696
2021-06-27 04:00:00+00:00,126.8,129.38,126.4,128.69,8865
2021-06-27 08:00:00+00:00,128.69,129.4,127.18,127.34,4491
2021-06-27 12:00:00+00:00,127.34,128.12,125.03,127.11,11127
2021-06-27 16:00:00+00:00,127.11,127.61,125.34,126.19,6623
2021-06-27 20:00:00+00:00,126.19,126.26,124.01,124.76,6047
2021-06-28 00:00:00+00:00,121.34,132.66,120.19,131.01,8737
2021-06-28 04:00:00+00:00,131.01,131.67,129.7,130.12,5494
2021-06-28 08:00:00+00:00,130.12,134.34,130.12,133.58,7793
2021-06-28 12:00:00+00:00,133.53,134.07,129.34,130.7,7851
2021-06-28 16:00:00+00:00,130.72,138.37,129.47,138.01,10732
2021-06-28 20:00:00+00:00,138.01,138.15,134.52,136.68,7158
2021-06-29 00:00:00+00:00,132.38,141.61,132.38,140.35,7603
2021-06-29 04:00:00+00:00,140.35,140.88,136.64,139.06,8354
2021-06-29 08:00:00+00:00,139.07,143.67,137.75,142.69,10134
2021-06-29 12:00:00+00:00,142.68,145.93,141.27,144.14,11653
2021-06-29 16:00:00+00:00,144.16,148.61,143.52,148.07,10165
2021-06-29 20:00:00+00:00,148.07,148.41,144.17,144.17,6656
2021-06-30 00:00:00+00:00,138.86,146.28,138.86,144.57,9475
2021-06-30 04:00:00+00:00,144.58,145.1,139.54,139.85,12596
2021-06-30 08:00:00+00:00,139.85,142.84,139.17,139.53,12300
2021-06-30 12:00:00+00:00,139.49,141.52,138.17,139.54,10783
2021-06-30 16:00:00+00:00,139.52,140.27,135.45,136.55,12747
2021-06-30 20:00:00+00:00,136.55,142.46,136.49,141.76,13459
2021-07-01 00:00:00+00:00,141.57,144.06,137.03,142.06,9125
2021-07-01 04:00:00+00:00,142.07,143.4,138.31,139.7,8264
2021-07-01 08:00:00+00:00,139.7,140.36,134.4,135.93,11649
2021-07-01 12:00:00+00:00,135.92,137.26,133.83,136.24,9579
2021-07-01 16:00:00+00:00,136.24,137.03,133.95,134.66,11161
2021-07-01 20:00:00+00:00,134.68,137.06,133.62,135.5,8549
2021-07-02 00:00:00+00:00,133.92,138.38,133.92,138.31,8019
2021-07-02 04:00:00+00:00,138.31,138.41,130.86,131.99,9005
2021-07-02 08:00:00+00:00,132.01,133.92,129.8,133.23,8050
2021-07-02 12:00:00+00:00,133.25,133.25,130.07,132.58,10665
2021-07-02 16:00:00+00:00,132.58,134.67,132.04,134.37,9463
2021-07-02 20:00:00+00:00,134.39,135.24,132.14,132.43,5275
2021-07-03 00:00:00+00:00,134.18,136.72,133.94,135.45,3811
2021-07-03 04:00:00+00:00,135.44,136.28,133.97,135.04,7231
2021-07-03 08:00:00+00:00,135.04,139.06,134.52,138.53,6098
2021-07-03 12:00:00+00:00,138.55,140.21,138.29,138.48,6181
2021-07-03 16:00:00+00:00,138.49,139.36,138.07,139.36,1639
2021-07-04 00:00:00+00:00,137.22,140.17,134.0,138.33,6595
2021-07-04 04:00:00+00:00,138.33,138.97,136.29,138.65,4046
2021-07-04 08:00:00+00:00,138.65,144.11,138.36,143.41,7832
2021-07-04 12:00:00+00:00,143.41,144.02,142.06,142.33,3369
2021-07-04 16:00:00+00:00,142.31,146.12,142.26,145.23,6046
2021-07-04 20:00:00+00:00,145.25,146.47,144.56,145.48,3642
2021-07-05 00:00:00+00:00,140.6,147.4,140.6,142.76,6626
2021-07-05 04:00:00+00:00,142.76,143.31,139.2,139.51,9146
2021-07-05 08:00:00+00:00,139.51,140.74,138.57,139.66,8216
2021-07-05 12:00:00+00:00,139.62,140.93,133.28,135.39,11996
2021-07-05 16:00:00+00:00,135.31,137.56,135.16,137.03,7623
2021-07-05 20:00:00+00:00,137.04,139.36,134.38,138.28,10136
2021-07-06 00:00:00+00:00,133.6,140.2,133.59,139.44,5351
2021-07-06 04:00:00+00:00,139.44,142.12,136.61,141.72,6315
2021-07-06 08:00:00+00:00,141.72,142.1,140.71,141.7,6480
2021-07-06 12:00:00+00:00,141.7,142.01,135.03,138.6,12366
2021-07-06 16:00:00+00:00,138.6,138.77,136.12,137.63,9093
2021-07-06 20:00:00+00:00,137.64,138.09,135.48,136.75,6226
2021-07-07 00:00:00+00:00,131.2,139.18,131.2,138.08,5034
2021-07-07 04:00:00+00:00,138.08,141.12,136.38,140.71,5420
2021-07-07 08:00:00+00:00,140.71,142.36,140.19,140.88,4886
2021-07-07 12:00:00+00:00,140.88,142.41,139.78,141.37,8323
2021-07-07 16:00:00+00:00,141.39,141.62,138.74,140.0,5227
2021-07-07 20:00:00+00:00,140.0,140.38,138.78,139.08,4953
2021-07-08 00:00:00+00:00,133.7,139.19,132.58,133.36,7293
2021-07-08 04:00:00+00:00,133.25,135.17,132.98,134.02,10374
2021-07-08 08:00:00+00:00,133.99,134.6,128.14,130.18,10537
2021-07-08 12:00:00+00:00,130.18,131.16,127.25,129.52,9325
2021-07-08 16:00:00+00:00,129.54,131.48,125.57,131.38,6697
2021-07-08 20:00:00+00:00,131.39,132.72,130.67,130.94,5749
2021-07-09 00:00:00+00:00,131.27,133.69,126.58,126.8,8162
2021-07-09 04:00:00+00:00,126.8,131.27,125.37,130.94,11297
2021-07-09 08:00:00+00:00,130.96,132.14,128.7,129.07,8276
2021-07-09 12:00:00+00:00,129.07,130.78,127.17,130.59,6921
2021-07-09 16:00:00+00:00,130.59,134.9,130.36,133.62,9416
2021-07-09 20:00:00+00:00,133.64,134.1,132.28,133.15,4470
2021-07-10 00:00:00+00:00,134.2,136.25,133.71,135.3,4424
2021-07-10 04:00:00+00:00,135.34,135.46,131.64,131.66,3641
2021-07-10 08:00:00+00:00,131.66,133.15,130.99,132.62,4465
2021-07-10 12:00:00+00:00,132.59,133.14,130.82,132.43,4569
2021-07-10 16:00:00+00:00,132.44,132.56,131.05,131.42,914
2021-07-11 00:00:00+00:00,130.29,134.93,126.29,134.05,2607
2021-07-11 04:00:00+00:00,134.05,134.58,131.54,132.55,2962
2021-07-11 08:00:00+00:00,132.55,134.8,132.21,134.16,4644
2021-07-11 12:00:00+00:00,134.16,134.63,133.33,133.71,4671
2021-07-11 16:00:00+00:00,133.73,135.42,133.29,134.72,4002
2021-07-11 20:00:00+00:00,134.74,134.88,133.12,133.18,3327
2021-07-12 00:00:00+00:00,127.9,135.9,127.9,133.42,5969
2021-07-12 04:00:00+00:00,133.44,135.88,133.09,135.48,3561
2021-07-12 08:00:00+00:00,135.48,138.7,134.57,137.93,3565
2021-07-12 12:00:00+00:00,137.93,138.31,135.03,136.1,5864
2021-07-12 16:00:00+00:00,136.09,139.16,135.17,135.79,5858
2021-07-12 20:00:00+00:00,135.73,136.3,131.25,131.96,8086
2021-07-13 00:00:00+00:00,127.1,134.08,127.1,133.5,5228
2021-07-13 04:00:00+00:00,133.36,133.58,131.82,132.87,3731
2021-07-13 08:00:00+00:00,132.87,132.99,129.27,132.56,6572
2021-07-13 12:00:00+00:00,132.55,133.44,128.79,129.26,6143
2021-07-13 16:00:00+00:00,129.28,134.04,128.84,133.74,6848
2021-07-13 20:00:00+00:00,133.74,133.84,129.22,130.62,8528
2021-07-14 00:00:00+00:00,125.79,131.23,125.79,127.37,4052
2021-07-14 04:00:00+00:00,127.37,128.37,123.03,125.47,8669
2021-07-14 08:00:00+00:00,125.43,125.94,123.63,123.92,8042
2021-07-14 12:00:00+00:00,123.92,128.7,123.26,127.24,8238
2021-07-14 16:00:00+00:00,127.24,131.48,127.24,130.15,6325
2021-07-14 20:00:00+00:00,130.17,131.33,129.42,130.72,6389
2021-07-15 00:00:00+00:00,125.69,131.83,125.69,130.86,5349
2021-07-15 04:00:00+00:00,130.86,132.56,127.79,128.27,7173
2021-07-15 08:00:00+00:00,128.27,128.71,126.97,127.69,5175
2021-07-15 12:00:00+00:00,127.66,128.79,123.51,124.07,9263
2021-07-15 16:00:00+00:00,124.08,125.67,123.19,124.12,8143
2021-07-15 20:00:00+00:00,124.13,124.97,121.34,124.73,7746
2021-07-16 00:00:00+00:00,119.7,126.06,119.7,125.09,4018
2021-07-16 04:00:00+00:00,125.09,127.25,125.09,126.34,4742
2021-07-16 08:00:00+00:00,126.35,126.76,121.58,122.37,5388
2021-07-16 12:00:00+00:00,122.36,122.89,119.8,122.33,8297
2021-07-16 16:00:00+00:00,122.25,124.91,122.11,124.35,4963
2021-07-16 20:00:00+00:00,124.35,124.75,122.85,122.95,3153
2021-07-17 00:00:00+00:00,123.27,123.79,119.46,122.24,3896
2021-07-17 04:00:00+00:00,122.26,122.36,117.85,119.85,3607
2021-07-17 08:00:00+00:00,119.87,122.27,114.5,121.1,4436
2021-07-17 12:00:00+00:00,121.1,121.37,113.36,118.84,5180
2021-07-17 16:00:00+00:00,118.85,119.86,117.68,119.36,1718
2021-07-18 00:00:00+00:00,118.7,122.65,118.66,122.2,3622
2021-07-18 04:00:00+00:00,122.2,123.54,121.97,122.14,2657
2021-07-18 08:00:00+00:00,122.14,122.31,120.54,121.04,3051
2021-07-18 12:00:00+00:00,121.01,121.24,119.76,120.53,4789
2021-07-18 16:00:00+00:00,120.53,120.72,115.55,117.86,6038
2021-07-18 20:00:00+00:00,117.86,119.18,117.57,118.61,2023
2021-07-19 00:00:00+00:00,113.2,121.35,113.2,116.96,5508
2021-07-19 04:00:00+00:00,116.98,119.07,116.5,119.01,4114
2021-07-19 08:00:00+00:00,119.02,120.13,116.8,117.12,4040
2021-07-19 12:00:00+00:00,117.06,117.62,111.67,112.52,7031
2021-07-19 16:00:00+00:00,112.53,113.43,111.21,112.69,6255
2021-07-19 20:00:00+00:00,112.69,113.93,112.42,113.26,3230
2021-07-20 00:00:00+00:00,113.5,115.78,112.06,112.44,3713
2021-07-20 04:00:00+00:00,112.5,112.66,105.16,105.78,7281
2021-07-20 08:00:00+00:00,105.78,106.57,104.96,105.03,3832
2021-07-20 12:00:00+00:00,105.05,106.57,103.12,106.16,4276
2021-07-20 16:00:00+00:00,106.16,109.03,104.28,107.31,5158
2021-07-20 20:00:00+00:00,107.31,109.13,107.2,108.48,3408
2021-07-21 00:00:00+00:00,103.6,108.72,101.99,105.0,4004
2021-07-21 04:00:00+00:00,105.0,111.66,104.46,111.26,5141
2021-07-21 08:00:00+00:00,111.24,111.99,110.62,111.65,3749
2021-07-21 12:00:00+00:00,111.65,114.31,111.24,113.18,4635
2021-07-21 16:00:00+00:00,113.18,118.45,113.12,116.12,5422
2021-07-21 20:00:00+00:00,116.12,118.6,114.75,116.01,8765
2021-07-22 00:00:00+00:00,113.9,118.6,110.5,116.83,4550
2021-07-22 04:00:00+00:00,116.77,117.7,115.08,116.97,3737
2021-07-22 08:00:00+00:00,116.97,118.52,115.51,117.56,4766
2021-07-22 12:00:00+00:00,117.56,118.15,115.01,117.98,6685
2021-07-22 16:00:00+00:00,117.97,121.43,117.58,120.71,5195
2021-07-22 20:00:00+00:00,120.72,121.22,119.35,119.66,2605
2021-07-23 00:00:00+00:00,114.7,120.51,114.7,119.79,4150
2021-07-23 04:00:00+00:00,119.79,121.6,119.57,120.69,2833
2021-07-23 08:00:00+00:00,120.71,121.69,118.43,118.8,2789
2021-07-23 12:00:00+00:00,118.8,119.69,118.26,119.36,3491
2021-07-23 16:00:00+00:00,119.37,120.25,116.48,117.19,3982
2021-07-23 20:00:00+00:00,117.18,119.48,116.73,119.38,3689
2021-07-24 00:00:00+00:00,120.01,125.31,119.84,124.8,5170
2021-07-24 04:00:00+00:00,124.82,126.78,123.76,125.81,2908
2021-07-24 08:00:00+00:00,125.81,126.99,124.9,125.09,2002
2021-07-24 12:00:00+00:00,125.0,126.09,124.66,125.26,2364
2021-07-24 16:00:00+00:00,125.19,125.43,124.89,125.09,706
2021-07-25 00:00:00+00:00,121.49,126.05,121.49,124.09,3876
2021-07-25 04:00:00+00:00,124.05,125.76,123.23,125.09,4603
2021-07-25 08:00:00+00:00,125.09,126.63,124.28,125.63,2814
2021-07-25 12:00:00+00:00,125.65,127.52,124.41,124.6,3319
2021-07-25 16:00:00+00:00,124.6,125.05,123.21,124.02,4484
2021-07-25 20:00:00+00:00,124.04,125.54,123.66,124.35,2708
2021-07-26 00:00:00+00:00,118.9,132.03,118.9,131.51,7275
2021-07-26 04:00:00+00:00,131.51,138.14,131.3,136.1,10632
2021-07-26 08:00:00+00:00,136.12,139.59,134.24,136.57,8457
2021-07-26 12:00:00+00:00,136.57,138.4,136.09,137.26,5704
2021-07-26 16:00:00+00:00,137.26,138.79,135.43,137.4,7567
2021-07-26 20:00:00+00:00,137.31,139.83,130.94,132.23,11077
2021-07-27 00:00:00+00:00,126.07,132.35,126.07,130.57,10850
2021-07-27 04:00:00+00:00,130.58,130.77,126.78,128.37,11027
2021-07-27 08:00:00+00:00,128.33,129.34,127.58,128.74,7451
2021-07-27 12:00:00+00:00,128.74,133.27,128.03,133.21,9010
2021-07-27 16:00:00+00:00,133.12,134.05,130.64,131.1,9116
2021-07-27 20:00:00+00:00,131.08,133.5,130.96,132.44,6425
2021-07-28 00:00:00+00:00,127.5,134.6,127.5,133.0,9055
2021-07-28 04:00:00+00:00,133.0,136.56,132.52,133.99,8874
2021-07-28 08:00:00+00:00,134.01,139.02,131.71,135.61,8633
2021-07-28 12:00:00+00:00,135.62,139.91,135.33,136.21,11196
2021-07-28 16:00:00+00:00,136.22,138.25,135.63,138.24,9705
2021-07-28 20:00:00+00:00,138.25,138.83,133.53,137.95,10547
2021-07-29 00:00:00+00:00,135.89,141.49,135.89,136.94,6559
2021-07-29 04:00:00+00:00,137.13,140.2,135.89,139.36,7062
2021-07-29 08:00:00+00:00,139.36,139.7,138.21,138.7,4305
2021-07-29 12:00:00+00:00,138.72,140.34,136.51,137.81,4726
2021-07-29 16:00:00+00:00,137.76,140.3,137.49,140.17,5494
2021-07-29 20:00:00+00:00,140.13,140.86,139.16,140.22,3983
2021-07-30 00:00:00+00:00,135.18,142.58,135.18,140.21,6269
2021-07-30 04:00:00+00:00,140.22,143.29,139.93,141.87,5608
2021-07-30 08:00:00+00:00,141.85,142.1,135.59,136.87,5788
2021-07-30 12:00:00+00:00,136.88,137.35,135.41,135.97,7587
2021-07-30 16:00:00+00:00,135.97,137.68,135.62,137.21,5243
2021-07-30 20:00:00+00:00,137.2,143.16,137.17,142.24,5580
2021-07-31 00:00:00+00:00,143.42,145.95,142.49,145.62,9351
2021-07-31 04:00:00+00:00,145.61,146.16,143.15,144.34,7766
2021-07-31 08:00:00+00:00,144.35,144.45,142.05,143.88,6996
2021-07-31 12:00:00+00:00,143.87,144.62,142.3,143.43,6776
2021-07-31 16:00:00+00:00,143.43,143.45,142.2,142.5,2151
2021-08-01 00:00:00+00:00,141.74,147.49,138.48,147.37,5715
2021-08-01 04:00:00+00:00,147.42,149.32,146.13,148.23,6611
2021-08-01 08:00:00+00:00,148.23,148.9,146.49,147.9,5383
2021-08-01 12:00:00+00:00,147.9,148.55,145.53,146.3,5020
2021-08-01 16:00:00+00:00,146.29,146.59,142.65,145.45,6583
2021-08-01 20:00:00+00:00,145.46,147.0,142.47,145.94,6809
2021-08-02 00:00:00+00:00,143.92,146.24,137.33,138.79,9589
2021-08-02 04:00:00+00:00,138.79,141.33,138.2,140.56,5273
2021-08-02 08:00:00+00:00,140.54,145.44,140.54,143.21,6135
2021-08-02 12:00:00+00:00,143.19,144.59,140.55,142.65,6550
2021-08-02 16:00:00+00:00,142.65,144.19,142.03,143.35,5767
2021-08-02 20:00:00+00:00,143.35,143.49,138.89,139.32,5949
2021-08-03 00:00:00+00:00,134.68,142.76,134.68,141.56,5581
2021-08-03 04:00:00+00:00,141.54,141.54,137.18,137.37,6783
2021-08-03 08:00:00+00:00,137.34,138.55,135.68,137.01,6593
2021-08-03 12:00:00+00:00,136.99,138.7,135.06,138.53,6100
2021-08-03 16:00:00+00:00,138.54,140.01,137.25,138.61,5714
2021-08-03 20:00:00+00:00,138.56,139.29,136.3,138.81,6450
2021-08-04 00:00:00+00:00,133.77,139.9,133.57,138.27,4980
2021-08-04 04:00:00+00:00,138.28,138.99,135.86,136.69,3930
2021-08-04 08:00:00+00:00,136.69,137.95,134.98,135.95,5406
2021-08-04 12:00:00+00:00,135.94,139.61,135.64,139.5,4598
2021-08-04 16:00:00+00:00,139.5,143.27,138.69,142.57,6587
2021-08-04 20:00:00+00:00,142.58,143.6,141.58,143.06,4415
2021-08-05 00:00:00+00:00,138.28,143.97,138.28,141.21,5889
2021-08-05 04:00:00+00:00,141.21,141.39,139.73,139.91,7274
2021-08-05 08:00:00+00:00,139.91,140.67,137.43,137.7,7011
2021-08-05 12:00:00+00:00,137.7,138.76,135.51,137.35,10249
2021-08-05 16:00:00+00:00,137.35,141.36,136.61,141.08,13368
2021-08-05 20:00:00+00:00,141.07,144.46,140.45,143.83,12341
2021-08-06 00:00:00+00:00,143.96,144.69,141.23,141.68,5459
2021-08-06 04:00:00+00:00,141.69,146.97,141.69,145.06,5490
2021-08-06 08:00:00+00:00,145.06,146.95,143.91,145.08,6049
2021-08-06 12:00:00+00:00,145.08,145.33,142.81,144.53,6930
2021-08-06 16:00:00+00:00,144.52,150.37,143.86,148.26,8449
2021-08-06 20:00:00+00:00,148.31,149.73,147.17,148.04,7105
2021-08-07 00:00:00+00:00,147.88,150.27,146.28,150.23,3294
2021-08-07 04:00:00+00:00,150.22,153.89,149.25,151.75,5741
2021-08-07 08:00:00+00:00,151.76,152.41,150.43,152.31,4045
2021-08-07 12:00:00+00:00,152.33,155.72,146.49,150.42,7612
2021-08-07 16:00:00+00:00,150.44,151.66,146.49,149.77,2915
2021-08-08 00:00:00+00:00,154.49,157.21,152.25,156.04,9665
2021-08-08 04:00:00+00:00,156.04,156.18,150.9,153.27,6432
2021-08-08 08:00:00+00:00,153.27,157.06,152.33,153.34,7731
2021-08-08 12:00:00+00:00,153.26,155.38,152.01,154.66,7131
2021-08-08 16:00:00+00:00,154.68,155.1,148.23,148.25,8323
2021-08-08 20:00:00+00:00,148.25,149.86,146.55,148.12,8763
2021-08-09 00:00:00+00:00,148.51,151.49,145.8,146.17,7830
2021-08-09 04:00:00+00:00,146.19,147.85,144.73,147.81,6308
2021-08-09 08:00:00+00:00,147.8,150.33,146.56,150.22,6398
2021-08-09 12:00:00+00:00,150.23,155.92,149.81,155.46,9331
2021-08-09 16:00:00+00:00,155.46,167.46,154.99,166.71,10773
2021-08-09 20:00:00+00:00,166.71,170.79,163.97,164.17,8859
2021-08-10 00:00:00+00:00,164.53,168.57,161.88,163.23,10282
2021-08-10 04:00:00+00:00,163.24,165.32,161.01,161.01,6188
2021-08-10 08:00:00+00:00,161.02,167.3,160.76,165.18,6837
2021-08-10 12:00:00+00:00,165.18,167.43,161.7,167.4,7707
2021-08-10 16:00:00+00:00,167.38,168.44,158.17,159.53,10963
2021-08-10 20:00:00+00:00,159.53,167.42,159.53,166.78,6822
2021-08-11 00:00:00+00:00,167.26,167.95,164.19,167.02,7545
2021-08-11 04:00:00+00:00,167.02,167.26,164.25,166.43,5457
2021-08-11 08:00:00+00:00,166.47,174.31,166.05,171.55,8601
2021-08-11 12:00:00+00:00,171.55,172.2,168.6,170.92,6388
2021-08-11 16:00:00+00:00,170.92,174.85,169.98,173.32,7849
2021-08-11 20:00:00+00:00,173.32,176.1,172.22,174.29,6389
2021-08-12 00:00:00+00:00,172.54,176.22,168.5,176.02,10317
2021-08-12 04:00:00+00:00,176.04,179.78,172.17,172.73,8717
2021-08-12 08:00:00+00:00,172.73,172.96,160.82,169.67,11079
2021-08-12 12:00:00+00:00,169.67,172.27,164.49,166.65,8058
2021-08-12 16:00:00+00:00,166.64,167.93,160.7,163.49,10956
2021-08-12 20:00:00+00:00,163.49,166.68,162.57,164.88,5796
2021-08-13 00:00:00+00:00,158.84,168.22,158.84,167.37,8740
2021-08-13 04:00:00+00:00,167.37,170.02,167.17,169.71,5469
2021-08-13 08:00:00+00:00,169.73,182.71,168.98,181.05,8176
2021-08-13 12:00:00+00:00,181.05,182.84,178.61,181.56,8004
2021-08-13 16:00:00+00:00,181.55,181.84,173.75,177.85,7883
2021-08-13 20:00:00+00:00,177.87,182.56,174.63,181.24,6593
2021-08-14 00:00:00+00:00,181.61,185.01,180.46,182.6,8072
2021-08-14 04:00:00+00:00,182.63,185.01,177.04,178.79,8899
2021-08-14 08:00:00+00:00,178.79,183.84,178.72,182.53,7652
2021-08-14 12:00:00+00:00,182.53,184.99,170.48,177.24,15552
2021-08-14 16:00:00+00:00,177.24,179.3,176.24,179.26,2720
2021-08-15 00:00:00+00:00,177.19,186.56,173.47,186.53,8868
2021-08-15 04:00:00+00:00,186.54,186.65,179.23,181.79,10881
2021-08-15 08:00:00+00:00,181.76,182.98,175.79,178.1,11873
2021-08-15 12:00:00+00:00,178.08,180.54,176.31,177.53,13414
2021-08-15 16:00:00+00:00,177.53,181.85,175.14,179.15,12556
2021-08-15 20:00:00+00:00,179.15,183.77,177.22,183.45,9667
2021-08-16 00:00:00+00:00,178.17,187.55,178.17,186.35,10254
2021-08-16 04:00:00+00:00,186.29,187.68,183.28,185.43,8081
2021-08-16 08:00:00+00:00,185.43,187.58,183.43,185.27,8852
2021-08-16 12:00:00+00:00,185.28,189.08,184.4,186.18,9039
2021-08-16 16:00:00+00:00,186.19,186.52,179.82,184.37,13795
2021-08-16 20:00:00+00:00,184.39,185.22,177.52,179.36,12076
2021-08-17 00:00:00+00:00,180.22,182.02,173.05,176.0,16597
2021-08-17 04:00:00+00:00,175.97,183.04,175.8,182.04,12706
2021-08-17 08:00:00+00:00,182.06,182.53,177.43,180.24,15073
2021-08-17 12:00:00+00:00,180.23,184.56,180.19,181.32,15144
2021-08-17 16:00:00+00:00,181.35,182.47,175.39,175.93,14665
2021-08-17 20:00:00+00:00,175.93,178.8,165.71,173.15,16062
2021-08-18 00:00:00+00:00,167.05,172.47,164.23,167.58,15809
2021-08-18 04:00:00+00:00,167.42,169.18,162.71,168.18,13755
2021-08-18 08:00:00+00:00,168.2,171.39,167.81,169.87,8493
2021-08-18 12:00:00+00:00,169.88,171.34,165.61,169.23,14441
2021-08-18 16:00:00+00:00,169.25,174.51,168.98,173.95,13958
2021-08-18 20:00:00+00:00,173.95,174.37,164.99,165.2,14436
2021-08-19 00:00:00+00:00,165.69,169.59,164.39,169.19,14116
2021-08-19 04:00:00+00:00,169.19,169.52,164.32,165.89,13626
2021-08-19 08:00:00+00:00,165.89,168.01,163.91,167.25,12965
2021-08-19 12:00:00+00:00,167.25,167.79,162.57,165.49,11635
2021-08-19 16:00:00+00:00,165.51,171.45,164.53,169.43,14955
2021-08-19 20:00:00+00:00,169.45,175.11,168.66,174.01,12737
2021-08-20 00:00:00+00:00,168.27,178.06,168.27,176.48,9840
2021-08-20 04:00:00+00:00,176.48,177.47,174.88,175.93,10982
2021-08-20 08:00:00+00:00,175.93,177.13,174.05,175.33,9606
2021-08-20 12:00:00+00:00,175.26,178.71,175.22,178.53,11501
2021-08-20 16:00:00+00:00,178.56,184.15,178.31,181.76,15362
2021-08-20 20:00:00+00:00,181.74,182.88,179.58,180.9,9807
2021-08-21 00:00:00+00:00,181.9,184.14,176.81,180.54,8891
2021-08-21 04:00:00+00:00,180.56,183.22,179.9,181.49,9307
2021-08-21 08:00:00+00:00,181.49,183.44,181.03,182.48,7694
2021-08-21 12:00:00+00:00,182.49,184.5,176.97,182.2,8403
2021-08-21 16:00:00+00:00,182.2,182.97,180.79,182.01,1499
2021-08-22 00:00:00+00:00,176.06,184.37,171.36,183.21,8042
2021-08-22 04:00:00+00:00,183.18,188.28,181.26,188.01,9311
2021-08-22 08:00:00+00:00,188.02,189.69,183.08,187.86,10522
2021-08-22 12:00:00+00:00,187.88,189.25,185.21,185.8,9897
2021-08-22 16:00:00+00:00,185.79,186.82,178.67,182.1,15144
2021-08-22 20:00:00+00:00,182.1,183.01,178.61,179.76,10945
2021-08-23 00:00:00+00:00,172.47,186.85,172.35,186.51,11791
2021-08-23 04:00:00+00:00,186.44,190.68,186.29,189.38,14278
2021-08-23 08:00:00+00:00,189.38,189.92,186.49,189.2,10911
2021-08-23 12:00:00+00:00,189.21,191.72,187.69,189.88,11358
2021-08-23 16:00:00+00:00,189.88,190.46,185.24,188.5,13923
2021-08-23 20:00:00+00:00,188.46,188.61,183.51,186.22,11199
2021-08-24 00:00:00+00:00,179.76,188.34,179.76,185.19,9681
2021-08-24 04:00:00+00:00,185.22,186.39,182.56,186.19,11094
2021-08-24 08:00:00+00:00,186.18,188.19,185.85,186.83,9567
2021-08-24 12:00:00+00:00,186.84,188.67,183.41,184.84,12350
2021-08-24 16:00:00+00:00,184.83,185.11,172.0,173.81,17974
2021-08-24 20:00:00+00:00,173.8,177.12,173.4,176.8,14531
2021-08-25 00:00:00+00:00,170.08,177.75,170.08,176.02,9240
2021-08-25 04:00:00+00:00,175.98,178.01,173.07,173.77,9777
2021-08-25 08:00:00+00:00,173.78,178.48,170.52,170.66,10973
2021-08-25 12:00:00+00:00,170.67,174.47,169.04,174.16,13886
2021-08-25 16:00:00+00:00,174.14,178.23,171.33,177.52,11591
2021-08-25 20:00:00+00:00,177.52,178.97,176.33,176.93,7927
2021-08-26 00:00:00+00:00,170.67,180.22,170.57,179.5,8670
2021-08-26 04:00:00+00:00,179.52,179.74,170.25,171.9,10918
2021-08-26 08:00:00+00:00,171.86,172.66,167.92,170.58,14592
2021-08-26 12:00:00+00:00,170.58,171.89,167.26,169.79,12244
2021-08-26 16:00:00+00:00,169.79,172.35,164.98,168.02,13169
2021-08-26 20:00:00+00:00,168.02,170.0,166.37,169.84,8371
2021-08-27 00:00:00+00:00,163.97,171.15,163.97,169.0,9234
2021-08-27 04:00:00+00:00,169.01,171.24,165.11,166.88,11762
2021-08-27 08:00:00+00:00,166.9,170.19,163.24,168.81,10613
2021-08-27 12:00:00+00:00,168.8,171.56,167.78,169.92,9618
2021-08-27 16:00:00+00:00,169.92,175.55,168.06,173.84,10997
2021-08-27 20:00:00+00:00,173.83,175.5,172.28,174.88,7714
2021-08-28 00:00:00+00:00,175.46,177.11,174.09,175.72,4383
2021-08-28 04:00:00+00:00,175.71,175.86,173.68,174.09,4986
2021-08-28 08:00:00+00:00,174.09,175.62,172.56,174.41,4856
2021-08-28 12:00:00+00:00,174.41,174.88,168.32,174.68,6291
2021-08-28 16:00:00+00:00,174.56,174.72,173.11,173.51,1648
2021-08-29 00:00:00+00:00,170.89,180.48,170.88,180.32,4550
2021-08-29 04:00:00+00:00,180.32,182.46,174.94,177.04,8096
2021-08-29 08:00:00+00:00,177.03,179.92,176.45,178.65,4579
2021-08-29 12:00:00+00:00,178.66,179.14,175.65,176.98,6071
2021-08-29 16:00:00+00:00,176.91,177.65,169.82,175.11,5597
2021-08-29 20:00:00+00:00,175.1,176.05,174.06,175.59,2741
2021-08-30 00:00:00+00:00,169.18,178.01,169.18,172.75,6126
2021-08-30 04:00:00+00:00,172.74,174.46,171.61,172.06,6879
2021-08-30 08:00:00+00:00,172.04,173.9,170.78,173.56,6858
2021-08-30 12:00:00+00:00,173.56,173.6,168.26,168.76,6559
2021-08-30 16:00:00+00:00,168.76,172.29,167.68,172.28,9579
2021-08-30 20:00:00+00:00,172.28,176.55,171.98,174.87,6052
2021-08-31 00:00:00+00:00,168.08,174.67,165.66,166.87,8160
2021-08-31 04:00:00+00:00,166.81,169.58,166.13,168.7,5628
2021-08-31 08:00:00+00:00,168.7,173.81,167.31,172.68,7952
2021-08-31 12:00:00+00:00,172.68,175.34,169.97,173.57,9895
2021-08-31 16:00:00+00:00,173.58,175.35,169.36,172.38,10755
2021-08-31 20:00:00+00:00,172.39,174.5,170.01,171.62,7629
2021-09-01 00:00:00+00:00,164.97,172.76,164.97,169.31,7558
2021-09-01 04:00:00+00:00,169.31,173.42,168.69,172.55,7445
2021-09-01 08:00:00+00:00,172.56,174.47,171.93,173.94,7380
2021-09-01 12:00:00+00:00,173.94,175.8,173.93,174.36,8429
2021-09-01 16:00:00+00:00,174.36,179.67,173.13,179.47,9453
2021-09-01 20:00:00+00:00,179.47,180.86,178.3,180.0,7654
2021-09-02 00:00:00+00:00,180.48,182.7,179.37,180.26,7194
2021-09-02 04:00:00+00:00,180.22,184.98,179.69,182.49,7824
2021-09-02 08:00:00+00:00,182.49,185.04,181.76,183.43,9087
2021-09-02 12:00:00+00:00,183.43,187.57,181.77,185.58,8175
2021-09-02 16:00:00+00:00,185.54,186.12,180.29,184.33,9831
2021-09-02 20:00:00+00:00,184.35,187.56,182.89,187.52,7655
2021-09-03 00:00:00+00:00,187.42,187.83,180.03,181.35,7232
2021-09-03 04:00:00+00:00,181.34,187.59,179.76,187.35,9309
2021-09-03 08:00:00+00:00,187.34,188.12,183.62,187.97,8829
2021-09-03 12:00:00+00:00,187.98,197.87,187.33,197.43,13548
2021-09-03 16:00:00+00:00,197.43,209.18,197.37,207.33,13948
2021-09-03 20:00:00+00:00,207.33,217.78,207.1,211.96,10688
2021-09-04 00:00:00+00:00,212.15,217.09,206.62,213.88,8398
2021-09-04 04:00:00+00:00,213.89,216.36,208.46,211.07,9559
2021-09-04 08:00:00+00:00,211.07,224.32,210.17,223.04,9669
2021-09-04 12:00:00+00:00,223.06,224.9,213.86,219.57,13301
2021-09-04 16:00:00+00:00,219.57,220.51,218.02,219.52,2325
2021-09-05 00:00:00+00:00,212.22,218.0,207.46,216.78,8340
2021-09-05 04:00:00+00:00,216.83,218.4,212.39,214.36,11580
2021-09-05 08:00:00+00:00,214.36,218.54,210.92,218.13,10496
2021-09-05 12:00:00+00:00,218.14,222.15,214.97,221.24,9985
2021-09-05 16:00:00+00:00,221.29,229.4,220.55,226.51,13467
2021-09-05 20:00:00+00:00,226.54,227.17,222.52,225.17,10320
2021-09-06 00:00:00+00:00,225.16,232.11,224.04,228.32,10523
2021-09-06 04:00:00+00:00,228.31,228.31,224.06,226.06,10601
2021-09-06 08:00:00+00:00,226.06,230.48,224.86,228.44,10134
2021-09-06 12:00:00+00:00,228.44,231.7,214.84,221.59,14008
2021-09-06 16:00:00+00:00,221.6,223.91,219.13,221.8,11532
2021-09-06 20:00:00+00:00,221.8,223.69,219.2,222.18,10233
2021-09-07 00:00:00+00:00,223.12,223.72,214.39,215.36,8742
2021-09-07 04:00:00+00:00,215.36,221.63,215.11,218.38,9607
2021-09-07 08:00:00+00:00,218.27,220.72,207.95,209.28,13032
2021-09-07 12:00:00+00:00,209.22,211.7,201.22,206.84,14937
2021-09-07 16:00:00+00:00,206.84,208.68,161.51,185.1,16577
2021-09-07 20:00:00+00:00,185.12,185.94,174.82,176.58,14084
2021-09-08 00:00:00+00:00,170.13,179.32,170.13,178.69,14931
2021-09-08 04:00:00+00:00,178.69,188.15,175.99,181.69,15921
2021-09-08 08:00:00+00:00,181.69,182.62,168.59,177.25,17989
2021-09-08 12:00:00+00:00,177.25,184.93,175.31,182.07,13812
2021-09-08 16:00:00+00:00,182.07,184.57,177.37,182.53,14220
2021-09-08 20:00:00+00:00,182.43,183.28,178.66,179.64,10687
2021-09-09 00:00:00+00:00,180.01,182.73,176.57,181.56,9324
2021-09-09 04:00:00+00:00,181.58,181.59,175.87,180.34,10209
2021-09-09 08:00:00+00:00,180.34,185.59,179.7,183.79,10626
2021-09-09 12:00:00+00:00,183.68,184.44,177.62,183.15,12008
2021-09-09 16:00:00+00:00,183.16,188.13,183.15,186.35,12327
2021-09-09 20:00:00+00:00,186.35,186.69,179.46,179.96,11142
2021-09-10 00:00:00+00:00,177.97,183.37,177.93,182.57,6931
2021-09-10 04:00:00+00:00,182.57,186.76,182.11,182.35,8557
2021-09-10 08:00:00+00:00,182.35,183.58,176.08,178.71,10266
2021-09-10 12:00:00+00:00,178.71,182.23,177.8,180.6,9723
2021-09-10 16:00:00+00:00,180.4,181.01,170.18,174.69,13086
2021-09-10 20:00:00+00:00,174.7,177.22,173.23,173.43,7797
2021-09-11 00:00:00+00:00,171.91,175.25,170.69,174.99,7423
2021-09-11 04:00:00+00:00,174.99,177.16,172.85,175.92,8710
2021-09-11 08:00:00+00:00,175.91,177.39,172.97,175.94,9137
2021-09-11 12:00:00+00:00,175.94,185.5,174.79,183.88,9553
2021-09-11 16:00:00+00:00,183.9,184.9,182.77,184.31,2254
2021-09-12 00:00:00+00:00,180.27,182.01,174.74,176.18,8277
2021-09-12 04:00:00+00:00,176.2,178.5,174.64,178.24,10822
2021-09-12 08:00:00+00:00,178.24,182.45,175.7,182.07,7059
2021-09-12 12:00:00+00:00,182.09,183.79,180.7,182.38,5695
2021-09-12 16:00:00+00:00,182.38,185.21,180.83,183.18,7132
2021-09-12 20:00:00+00:00,183.14,185.55,175.98,176.29,7527
2021-09-13 00:00:00+00:00,170.63,184.26,170.53,182.2,6419
2021-09-13 04:00:00+00:00,182.2,182.58,174.7,176.75,10469
2021-09-13 08:00:00+00:00,176.77,177.53,170.29,171.67,10322
2021-09-13 12:00:00+00:00,171.67,175.35,170.87,173.42,8080
2021-09-13 16:00:00+00:00,173.44,230.33,171.78,178.16,13920
2021-09-13 20:00:00+00:00,178.16,182.56,175.75,182.39,8841
2021-09-14 00:00:00+00:00,174.85,182.87,174.85,180.16,6330
2021-09-14 04:00:00+00:00,180.11,180.49,175.53,176.2,6682
2021-09-14 08:00:00+00:00,176.2,180.71,176.2,179.88,8177
2021-09-14 12:00:00+00:00,179.89,180.95,176.29,179.35,7362
2021-09-14 16:00:00+00:00,179.36,188.06,178.08,183.26,9435
2021-09-14 20:00:00+00:00,183.22,183.64,178.85,180.93,5899
2021-09-15 00:00:00+00:00,178.91,183.62,178.83,181.3,5112
2021-09-15 04:00:00+00:00,181.31,182.26,179.54,179.63,5841
2021-09-15 08:00:00+00:00,179.64,182.02,179.23,180.29,7229
2021-09-15 12:00:00+00:00,180.29,182.8,179.85,180.81,7368
2021-09-15 16:00:00+00:00,180.81,184.4,180.51,182.87,7908
2021-09-15 20:00:00+00:00,182.86,185.5,182.49,183.69,5355
2021-09-16 00:00:00+00:00,177.07,191.07,177.06,186.95,7947
2021-09-16 04:00:00+00:00,186.95,192.03,185.7,191.29,8214
2021-09-16 08:00:00+00:00,191.29,194.55,188.93,189.79,7394
2021-09-16 12:00:00+00:00,189.79,193.86,188.4,191.17,8112
2021-09-16 16:00:00+00:00,191.18,192.51,183.97,187.72,9424
2021-09-16 20:00:00+00:00,187.74,188.44,177.89,181.39,6776
2021-09-17 00:00:00+00:00,175.64,186.45,175.64,183.85,4834
2021-09-17 04:00:00+00:00,183.85,186.45,183.6,186.11,5010
2021-09-17 08:00:00+00:00,186.11,189.7,183.81,187.6,7401
2021-09-17 12:00:00+00:00,187.61,188.05,177.08,180.63,10406
2021-09-17 16:00:00+00:00,180.63,182.13,178.36,181.36,6409
2021-09-17 20:00:00+00:00,181.36,181.56,178.13,179.21,5339
2021-09-18 00:00:00+00:00,180.09,182.46,177.33,180.97,5877
2021-09-18 04:00:00+00:00,180.97,183.23,179.33,183.0,4597
2021-09-18 08:00:00+00:00,183.0,185.26,182.64,183.56,4672
2021-09-18 12:00:00+00:00,183.56,183.92,180.11,180.74,5252
2021-09-18 16:00:00+00:00,180.74,184.63,180.74,183.07,1572
2021-09-19 00:00:00+00:00,177.12,181.29,177.12,178.66,4488
2021-09-19 04:00:00+00:00,178.64,180.67,177.78,179.44,4995
2021-09-19 08:00:00+00:00,179.44,181.19,179.11,180.68,3602
2021-09-19 12:00:00+00:00,180.68,180.87,175.28,176.59,6750
2021-09-19 16:00:00+00:00,176.59,178.1,176.15,176.24,4439
2021-09-19 20:00:00+00:00,176.22,177.48,173.84,176.45,4924
2021-09-20 00:00:00+00:00,169.48,176.64,169.48,172.11,7160
2021-09-20 04:00:00+00:00,172.13,173.47,162.66,167.12,11257
2021-09-20 08:00:00+00:00,167.12,167.74,156.98,165.29,9227
2021-09-20 12:00:00+00:00,165.29,166.23,152.87,157.59,16002
2021-09-20 16:00:00+00:00,157.6,161.61,156.01,160.14,9163
2021-09-20 20:00:00+00:00,160.14,162.18,156.22,157.33,9011
2021-09-21 00:00:00+00:00,150.56,160.72,149.21,153.67,11101
2021-09-21 04:00:00+00:00,153.66,161.34,153.06,156.37,10911
2021-09-21 08:00:00+00:00,156.37,161.02,155.51,160.14,9183
2021-09-21 12:00:00+00:00,160.14,161.73,158.66,158.77,8612
2021-09-21 16:00:00+00:00,158.73,160.17,155.44,155.78,8746
2021-09-21 20:00:00+00:00,155.79,157.08,149.89,150.27,11818
2021-09-22 00:00:00+00:00,142.45,153.1,142.35,146.98,13586
2021-09-22 04:00:00+00:00,146.99,153.76,146.1,149.83,9032
2021-09-22 08:00:00+00:00,149.83,154.52,149.83,152.73,8753
2021-09-22 12:00:00+00:00,152.78,155.19,152.32,154.62,7583
2021-09-22 16:00:00+00:00,154.63,159.33,153.85,158.89,8811
2021-09-22 20:00:00+00:00,158.89,161.28,157.02,159.57,7003
2021-09-23 00:00:00+00:00,159.33,161.33,157.96,158.31,6877
2021-09-23 04:00:00+00:00,158.33,161.75,157.89,160.14,7548
2021-09-23 08:00:00+00:00,160.14,161.46,158.84,159.78,6691
2021-09-23 12:00:00+00:00,159.78,160.41,156.72,158.19,8266
2021-09-23 16:00:00+00:00,158.19,161.22,158.02,159.27,7257
2021-09-23 20:00:00+00:00,159.34,164.4,159.34,162.95,6389
2021-09-24 00:00:00+00:00,161.2,166.04,160.73,163.26,5795
2021-09-24 04:00:00+00:00,163.26,163.53,160.3,161.18,6318
2021-09-24 08:00:00+00:00,161.12,162.3,158.78,159.3,7738
2021-09-24 12:00:00+00:00,159.31,159.37,141.06,144.84,14610
2021-09-24 16:00:00+00:00,144.84,149.6,142.62,148.54,9889
2021-09-24 20:00:00+00:00,148.54,151.55,146.41,150.74,6829
2021-09-25 00:00:00+00:00,151.47,154.49,150.28,153.49,5225
2021-09-25 04:00:00+00:00,153.5,155.36,150.02,153.49,6051
2021-09-25 08:00:00+00:00,153.49,154.33,148.31,152.58,10084
2021-09-25 12:00:00+00:00,152.58,154.96,150.23,150.85,10357
2021-09-25 16:00:00+00:00,150.85,152.54,149.75,150.79,2569
2021-09-26 00:00:00+00:00,148.59,151.68,144.49,148.63,6028
2021-09-26 04:00:00+00:00,148.63,149.1,146.04,148.03,8101
2021-09-26 08:00:00+00:00,148.03,149.01,141.42,142.95,10648
2021-09-26 12:00:00+00:00,142.95,152.17,142.57,150.8,12531
2021-09-26 16:00:00+00:00,150.81,152.92,150.13,150.7,7566
2021-09-26 20:00:00+00:00,150.68,152.74,150.52,152.13,5174
2021-09-27 00:00:00+00:00,149.47,152.73,148.07,152.36,10004
2021-09-27 04:00:00+00:00,152.4,154.41,151.53,151.98,6436
2021-09-27 08:00:00+00:00,151.95,153.64,151.56,151.81,6774
2021-09-27 12:00:00+00:00,151.8,153.18,150.33,151.32,8021
2021-09-27 16:00:00+00:00,151.34,152.78,147.28,148.28,9362
2021-09-27 20:00:00+00:00,148.28,149.38,146.09,146.53,7018
2021-09-28 00:00:00+00:00,147.26,149.43,143.65,145.19,8205
2021-09-28 04:00:00+00:00,145.19,147.59,143.9,147.17,5152
2021-09-28 08:00:00+00:00,147.17,147.63,143.53,145.75,8993
2021-09-28 12:00:00+00:00,145.76,147.77,144.23,145.42,7487
2021-09-28 16:00:00+00:00,145.25,148.35,142.64,142.98,11558
2021-09-28 20:00:00+00:00,143.0,144.31,141.61,143.54,7512
2021-09-29 00:00:00+00:00,139.49,144.24,138.49,141.82,6657
2021-09-29 04:00:00+00:00,141.82,145.07,141.06,144.53,6014
2021-09-29 08:00:00+00:00,144.53,145.79,143.55,145.13,3939
2021-09-29 12:00:00+00:00,145.13,149.74,144.05,147.28,6636
2021-09-29 16:00:00+00:00,147.24,149.26,145.66,146.32,8623
2021-09-29 20:00:00+00:00,146.32,146.53,142.0,142.82,6513
2021-09-30 00:00:00+00:00,143.09,146.61,142.42,146.5,4766
2021-09-30 04:00:00+00:00,146.5,151.53,146.03,150.96,6495
2021-09-30 08:00:00+00:00,150.95,151.79,148.73,149.49,6243
2021-09-30 12:00:00+00:00,149.52,152.74,149.07,151.39,5058
2021-09-30 16:00:00+00:00,151.4,153.86,150.62,151.33,5755
2021-09-30 20:00:00+00:00,151.33,153.46,150.12,150.72,5163
2021-10-01 00:00:00+00:00,143.78,154.46,143.78,153.01,5777
2021-10-01 04:00:00+00:00,153.01,154.01,138.49,152.96,4587
2021-10-01 08:00:00+00:00,152.96,159.26,152.73,159.17,5411
2021-10-01 12:00:00+00:00,159.15,164.5,157.7,162.89,8631
2021-10-01 16:00:00+00:00,162.89,166.25,162.17,165.56,6813
2021-10-01 20:00:00+00:00,165.57,166.65,164.68,165.4,4618
2021-10-02 00:00:00+00:00,166.16,167.32,164.05,166.85,2368
2021-10-02 04:00:00+00:00,166.85,168.08,164.83,165.33,2523
2021-10-02 08:00:00+00:00,165.33,166.75,165.03,166.29,2889
2021-10-02 12:00:00+00:00,166.3,169.08,164.99,167.93,2783
2021-10-02 16:00:00+00:00,167.93,171.36,167.82,169.53,1255
2021-10-03 00:00:00+00:00,168.82,172.23,163.36,166.61,7078
2021-10-03 04:00:00+00:00,166.61,168.33,166.21,167.37,8238
2021-10-03 08:00:00+00:00,167.36,168.69,166.87,167.29,7894
2021-10-03 12:00:00+00:00,167.25,170.84,165.26,169.03,9320
2021-10-03 16:00:00+00:00,169.03,172.11,167.96,169.95,6279
2021-10-03 20:00:00+00:00,169.98,174.51,169.46,170.73,7903
2021-10-04 00:00:00+00:00,169.78,171.19,168.35,168.54,6160
2021-10-04 04:00:00+00:00,168.53,169.62,163.8,166.0,7736
2021-10-04 08:00:00+00:00,165.92,167.59,165.03,166.24,7119
2021-10-04 12:00:00+00:00,166.23,166.54,162.92,165.8,5468
2021-10-04 16:00:00+00:00,165.8,168.76,160.75,165.0,9716
2021-10-04 20:00:00+00:00,165.0,169.27,163.82,167.45,5997
2021-10-05 00:00:00+00:00,160.58,169.69,160.56,168.88,5202
2021-10-05 04:00:00+00:00,168.89,169.91,166.25,166.37,7479
2021-10-05 08:00:00+00:00,166.37,168.5,166.28,168.27,6329
2021-10-05 12:00:00+00:00,168.27,173.53,167.21,170.79,8038
2021-10-05 16:00:00+00:00,170.79,171.98,167.09,168.45,8483
2021-10-05 20:00:00+00:00,168.45,174.93,167.9,173.87,9099
2021-10-06 00:00:00+00:00,166.48,174.66,166.45,172.08,6846
2021-10-06 04:00:00+00:00,172.12,172.13,169.65,171.06,7335
2021-10-06 08:00:00+00:00,171.06,175.23,163.86,165.8,9392
2021-10-06 12:00:00+00:00,165.78,177.06,163.34,176.6,10296
2021-10-06 16:00:00+00:00,176.6,182.41,175.51,181.37,10527
2021-10-06 20:00:00+00:00,181.37,182.42,179.81,180.38,6390
2021-10-07 00:00:00+00:00,173.17,181.47,173.17,175.88,6055
2021-10-07 04:00:00+00:00,175.88,178.12,172.9,177.78,6342
2021-10-07 08:00:00+00:00,177.78,186.41,175.92,184.75,8502
2021-10-07 12:00:00+00:00,184.75,186.01,178.91,179.39,8797
2021-10-07 16:00:00+00:00,179.4,182.6,175.79,179.37,9474
2021-10-07 20:00:00+00:00,179.38,181.24,177.57,179.59,6246
2021-10-08 00:00:00+00:00,171.96,180.49,171.96,179.89,6123
2021-10-08 04:00:00+00:00,179.89,180.42,174.47,176.31,5609
2021-10-08 08:00:00+00:00,176.3,182.75,175.28,182.19,7512
2021-10-08 12:00:00+00:00,182.19,182.49,178.38,180.39,8899
2021-10-08 16:00:00+00:00,180.29,181.91,178.4,180.09,8439
2021-10-08 20:00:00+00:00,180.09,180.15,174.87,175.29,5377
2021-10-09 00:00:00+00:00,175.75,177.43,173.88,176.55,5384
2021-10-09 04:00:00+00:00,176.55,177.84,174.2,176.77,5501
2021-10-09 08:00:00+00:00,176.77,177.78,175.49,175.74,3665
2021-10-09 12:00:00+00:00,175.74,180.73,175.67,179.43,6285
2021-10-09 16:00:00+00:00,179.43,180.56,178.89,180.35,1395
2021-10-10 00:00:00+00:00,178.57,180.48,173.15,177.76,5265
2021-10-10 04:00:00+00:00,177.76,183.13,175.76,182.92,8783
2021-10-10 08:00:00+00:00,182.92,183.36,181.51,182.54,4980
2021-10-10 12:00:00+00:00,182.54,182.57,177.91,179.12,8764
2021-10-10 16:00:00+00:00,179.13,180.9,177.59,179.46,6364
2021-10-10 20:00:00+00:00,179.35,180.77,176.91,177.75,7174
2021-10-11 00:00:00+00:00,177.13,177.64,171.72,175.52,7428
2021-10-11 04:00:00+00:00,175.52,181.78,175.06,180.87,8039
2021-10-11 08:00:00+00:00,180.87,184.79,179.66,183.11,9032
2021-10-11 12:00:00+00:00,183.12,184.14,176.47,179.59,7895
2021-10-11 16:00:00+00:00,179.59,183.07,179.11,180.95,7368
2021-10-11 20:00:00+00:00,180.95,181.59,174.54,175.38,7539
2021-10-12 00:00:00+00:00,174.66,179.05,174.33,175.28,5929
2021-10-12 04:00:00+00:00,175.29,176.67,171.45,174.13,7373
2021-10-12 08:00:00+00:00,174.13,175.34,170.6,173.73,8665
2021-10-12 12:00:00+00:00,173.73,173.89,165.72,167.85,11013
2021-10-12 16:00:00+00:00,167.85,172.97,167.81,171.63,10407
2021-10-12 20:00:00+00:00,171.63,172.59,168.06,171.49,5886
2021-10-13 00:00:00+00:00,163.57,174.28,163.57,173.93,4641
2021-10-13 04:00:00+00:00,173.95,174.31,172.59,173.33,4955
2021-10-13 08:00:00+00:00,173.26,174.26,167.19,167.81,10443
2021-10-13 12:00:00+00:00,167.81,178.2,167.05,177.21,8822
2021-10-13 16:00:00+00:00,177.21,178.3,170.03,173.93,8725
2021-10-13 20:00:00+00:00,173.93,176.33,173.93,175.7,7683
2021-10-14 00:00:00+00:00,168.36,179.14,168.36,176.77,7949
2021-10-14 04:00:00+00:00,176.77,180.65,176.39,179.38,6506
2021-10-14 08:00:00+00:00,179.37,180.21,177.6,179.28,6011
2021-10-14 12:00:00+00:00,179.28,182.87,177.95,180.41,6422
2021-10-14 16:00:00+00:00,180.41,185.55,178.92,180.41,8759
2021-10-14 20:00:00+00:00,180.42,185.25,177.81,179.26,7810
2021-10-15 00:00:00+00:00,179.4,181.36,176.58,177.98,5758
2021-10-15 04:00:00+00:00,177.98,185.54,175.92,184.61,9057
2021-10-15 08:00:00+00:00,184.61,185.15,178.27,178.67,7945
2021-10-15 12:00:00+00:00,178.67,180.71,177.18,178.81,6850
2021-10-15 16:00:00+00:00,178.81,191.0,178.57,190.36,8876
2021-10-15 20:00:00+00:00,190.36,192.16,188.35,191.02,7116
2021-10-16 00:00:00+00:00,188.8,191.14,188.1,190.08,4689
2021-10-16 04:00:00+00:00,190.08,192.03,188.11,188.55,5065
2021-10-16 08:00:00+00:00,188.55,190.38,186.42,190.23,7675
2021-10-16 12:00:00+00:00,190.25,191.63,185.6,186.5,4075
2021-10-16 16:00:00+00:00,186.5,187.9,185.9,187.54,2083
2021-10-17 00:00:00+00:00,184.16,186.86,178.77,185.02,3770
2021-10-17 04:00:00+00:00,185.02,187.39,184.87,186.3,5078
2021-10-17 08:00:00+00:00,186.38,187.62,184.68,185.36,3866
2021-10-17 12:00:00+00:00,185.36,186.3,183.26,184.44,4413
2021-10-17 16:00:00+00:00,184.46,185.75,182.54,183.55,6106
2021-10-17 20:00:00+00:00,183.55,184.8,175.72,178.44,6836
2021-10-18 00:00:00+00:00,171.17,185.74,171.17,185.41,9556
2021-10-18 04:00:00+00:00,185.41,186.99,183.92,186.41,4550
2021-10-18 08:00:00+00:00,186.41,186.72,183.46,183.88,6432
2021-10-18 12:00:00+00:00,183.89,184.62,178.73,180.21,9941
2021-10-18 16:00:00+00:00,180.21,185.42,177.89,182.08,9668
2021-10-18 20:00:00+00:00,182.08,186.49,181.17,184.28,6973
2021-10-19 00:00:00+00:00,176.76,185.89,176.76,184.33,6044
2021-10-19 04:00:00+00:00,184.31,191.08,184.21,189.42,6220
2021-10-19 08:00:00+00:00,189.45,189.82,186.63,189.17,6647
2021-10-19 12:00:00+00:00,189.06,189.14,186.73,187.38,6417
2021-10-19 16:00:00+00:00,187.4,189.35,182.58,185.14,8503
2021-10-19 20:00:00+00:00,185.14,186.87,184.72,185.49,4685
2021-10-20 00:00:00+00:00,178.98,188.48,178.97,186.85,5485
2021-10-20 04:00:00+00:00,186.85,187.86,185.15,186.12,4402
2021-10-20 08:00:00+00:00,186.12,187.67,185.4,187.31,5546
2021-10-20 12:00:00+00:00,187.37,191.95,186.5,190.58,6274
2021-10-20 16:00:00+00:00,190.6,206.08,190.6,206.0,9857
2021-10-20 20:00:00+00:00,206.0,208.66,203.18,206.37,5536
2021-10-21 00:00:00+00:00,198.82,213.84,198.82,209.91,6126
2021-10-21 04:00:00+00:00,209.91,210.65,203.86,207.8,9119
2021-10-21 08:00:00+00:00,207.8,211.16,203.76,207.99,7719
2021-10-21 12:00:00+00:00,207.99,210.87,201.35,204.95,10420
2021-10-21 16:00:00+00:00,204.96,207.17,194.4,197.23,10878
2021-10-21 20:00:00+00:00,197.0,200.15,195.58,198.09,8017
2021-10-22 00:00:00+00:00,190.97,200.46,190.96,199.73,9020
2021-10-22 04:00:00+00:00,199.74,200.96,197.67,198.83,6023
2021-10-22 08:00:00+00:00,198.84,199.94,196.13,199.25,4191
2021-10-22 12:00:00+00:00,199.27,199.5,196.73,198.82,3635
2021-10-22 16:00:00+00:00,198.82,199.21,189.63,193.48,7494
2021-10-22 20:00:00+00:00,193.49,194.48,191.13,191.97,5422
2021-10-23 00:00:00+00:00,188.98,192.11,187.43,192.11,3532
2021-10-23 04:00:00+00:00,192.11,194.32,191.71,193.4,4248
2021-10-23 08:00:00+00:00,193.4,193.62,191.37,192.64,3465
2021-10-23 12:00:00+00:00,192.65,194.64,188.25,194.2,6437
2021-10-23 16:00:00+00:00,194.09,197.23,193.59,196.26,1225
2021-10-24 00:00:00+00:00,192.64,197.18,189.6,195.48,3242
2021-10-24 04:00:00+00:00,195.48,199.3,194.18,197.02,3821
2021-10-24 08:00:00+00:00,197.02,197.32,193.39,193.95,3931
2021-10-24 12:00:00+00:00,193.95,196.66,190.27,192.55,7296
2021-10-24 16:00:00+00:00,192.55,193.44,185.06,188.28,7829
2021-10-24 20:00:00+00:00,188.28,189.27,184.79,189.03,4958
2021-10-25 00:00:00+00:00,188.88,192.1,188.63,192.06,3746
2021-10-25 04:00:00+00:00,192.06,194.27,191.56,193.72,4197
2021-10-25 08:00:00+00:00,193.72,194.54,192.33,193.58,4198
2021-10-25 12:00:00+00:00,193.58,196.12,193.14,194.53,3986
2021-10-25 16:00:00+00:00,194.5,196.2,193.69,196.02,5403
2021-10-25 20:00:00+00:00,196.02,196.86,193.35,193.68,4428
2021-10-26 00:00:00+00:00,191.89,196.16,191.89,195.24,4565
2021-10-26 04:00:00+00:00,195.25,196.99,194.4,195.4,5104
2021-10-26 08:00:00+00:00,195.39,196.26,193.97,195.71,5314
2021-10-26 12:00:00+00:00,195.71,195.8,193.31,194.31,3154
2021-10-26 16:00:00+00:00,194.3,194.59,189.59,191.35,6343
2021-10-26 20:00:00+00:00,191.35,195.6,191.03,195.6,3260
2021-10-27 00:00:00+00:00,188.34,201.29,188.34,201.29,7023
2021-10-27 04:00:00+00:00,201.11,204.28,198.34,202.4,6266
2021-10-27 08:00:00+00:00,202.4,202.61,169.95,183.82,10408
2021-10-27 12:00:00+00:00,183.83,187.44,179.4,185.38,11966
2021-10-27 16:00:00+00:00,185.38,186.21,180.97,183.07,8189
2021-10-27 20:00:00+00:00,183.07,185.02,181.4,183.32,10431
2021-10-28 00:00:00+00:00,176.26,183.89,176.26,177.98,7896
2021-10-28 04:00:00+00:00,177.9,183.14,177.11,180.97,6424
2021-10-28 08:00:00+00:00,180.97,187.78,180.26,187.73,8846
2021-10-28 12:00:00+00:00,187.76,189.32,185.23,187.24,6705
2021-10-28 16:00:00+00:00,187.25,188.97,186.54,187.06,5183
2021-10-28 20:00:00+00:00,187.0,194.14,183.98,191.64,9298
2021-10-29 00:00:00+00:00,183.04,192.67,183.04,192.45,5931
2021-10-29 04:00:00+00:00,192.45,193.89,191.49,192.15,6205
2021-10-29 08:00:00+00:00,192.15,192.62,188.47,191.97,6785
2021-10-29 12:00:00+00:00,191.98,193.89,188.63,190.37,9823
2021-10-29 16:00:00+00:00,190.36,196.15,189.64,194.93,8359
2021-10-29 20:00:00+00:00,194.93,195.37,192.86,194.23,4707
2021-10-30 00:00:00+00:00,193.52,198.13,193.22,193.73,3490
2021-10-30 04:00:00+00:00,193.73,194.34,191.12,191.56,4647
2021-10-30 08:00:00+00:00,191.57,193.58,190.52,191.16,5522
2021-10-30 12:00:00+00:00,191.17,193.52,190.83,192.64,5518
2021-10-30 16:00:00+00:00,192.64,193.5,190.5,191.9,2042
2021-10-31 00:00:00+00:00,190.59,192.0,186.01,191.25,6335
2021-10-31 04:00:00+00:00,191.29,194.57,189.52,192.18,5409
2021-10-31 08:00:00+00:00,192.19,192.4,188.4,189.51,7645
2021-10-31 12:00:00+00:00,189.49,190.74,186.95,187.91,9288
2021-10-31 16:00:00+00:00,187.91,190.45,186.24,190.28,9494
2021-10-31 20:00:00+00:00,190.28,191.25,189.44,190.89,3889
2021-11-01 00:00:00+00:00,190.77,193.1,190.41,193.1,3556
2021-11-01 04:00:00+00:00,193.1,193.29,187.24,190.96,6414
2021-11-01 08:00:00+00:00,190.96,194.49,189.98,192.78,8304
2021-11-01 12:00:00+00:00,192.78,194.57,190.68,191.07,7044
2021-11-01 16:00:00+00:00,191.09,200.07,190.62,193.73,6265
2021-11-01 20:00:00+00:00,193.73,194.62,190.9,192.58,7469
2021-11-02 00:00:00+00:00,192.04,198.23,191.83,195.69,4696
2021-11-02 04:00:00+00:00,195.7,197.94,194.73,196.44,6617
2021-11-02 08:00:00+00:00,196.44,197.04,195.0,196.42,5477
2021-11-02 12:00:00+00:00,196.42,203.71,196.24,199.74,6623
2021-11-02 16:00:00+00:00,199.76,203.03,199.36,201.85,7689
2021-11-02 20:00:00+00:00,201.86,204.52,200.04,200.06,4862
2021-11-03 00:00:00+00:00,199.13,201.07,197.78,199.85,5423
2021-11-03 04:00:00+00:00,199.85,204.16,198.69,199.75,5100
2021-11-03 08:00:00+00:00,199.75,208.81,199.64,205.4,9218
2021-11-03 12:00:00+00:00,205.4,206.98,197.77,199.86,8161
2021-11-03 16:00:00+00:00,199.86,201.69,196.82,199.99,8216
2021-11-03 20:00:00+00:00,199.99,208.6,199.21,207.74,6547
2021-11-04 00:00:00+00:00,207.99,208.29,203.69,205.04,4780
2021-11-04 04:00:00+00:00,205.05,205.05,201.75,203.55,4598
2021-11-04 08:00:00+00:00,203.55,203.7,199.59,200.57,5801
2021-11-04 12:00:00+00:00,200.57,202.95,199.85,202.95,8918
2021-11-04 16:00:00+00:00,202.95,205.07,195.7,199.74,8905
2021-11-04 20:00:00+00:00,199.74,201.38,197.74,201.01,6332
2021-11-05 00:00:00+00:00,200.61,203.61,198.97,199.34,5484
2021-11-05 04:00:00+00:00,199.36,202.32,199.06,199.67,8114
2021-11-05 08:00:00+00:00,199.68,201.72,199.27,200.7,6043
2021-11-05 12:00:00+00:00,200.7,202.8,198.44,199.52,6570
2021-11-05 16:00:00+00:00,199.53,201.43,196.98,198.06,6952
2021-11-05 20:00:00+00:00,198.06,199.1,196.34,196.65,5381
2021-11-06 00:00:00+00:00,198.24,200.65,197.44,200.01,4785
2021-11-06 04:00:00+00:00,200.0,200.81,198.14,199.24,2894
2021-11-06 08:00:00+00:00,199.24,199.84,195.51,196.97,4463
2021-11-06 12:00:00+00:00,196.98,197.54,190.55,192.39,6693
2021-11-06 16:00:00+00:00,192.39,193.88,191.83,193.21,1496
2021-11-07 00:00:00+00:00,196.78,199.38,196.53,199.18,2424
2021-11-07 04:00:00+00:00,199.18,199.84,197.98,198.63,2846
2021-11-07 08:00:00+00:00,198.63,199.84,196.85,198.57,6429
2021-11-07 12:00:00+00:00,198.57,199.45,197.44,198.52,4041
2021-11-07 16:00:00+00:00,198.36,199.98,198.36,198.67,4649
2021-11-07 20:00:00+00:00,198.67,201.3,194.62,201.08,4103
2021-11-08 00:00:00+00:00,201.23,207.48,200.07,205.44,4294
2021-11-08 04:00:00+00:00,205.45,206.93,204.36,205.86,3803
2021-11-08 08:00:00+00:00,205.85,209.47,205.72,208.57,5809
2021-11-08 12:00:00+00:00,208.59,211.56,207.85,208.71,6381
2021-11-08 16:00:00+00:00,208.71,228.66,208.35,226.76,9266
2021-11-08 20:00:00+00:00,226.76,228.84,221.67,224.7,7653
2021-11-09 00:00:00+00:00,224.48,246.16,216.69,241.3,8909
2021-11-09 04:00:00+00:00,241.3,246.9,239.97,243.27,8042
2021-11-09 08:00:00+00:00,243.27,252.64,241.82,252.64,11030
2021-11-09 12:00:00+00:00,252.64,259.37,245.64,257.11,13724
2021-11-09 16:00:00+00:00,257.18,273.06,255.67,271.85,15841
2021-11-09 20:00:00+00:00,271.85,273.89,262.36,268.98,9207
2021-11-10 00:00:00+00:00,270.5,270.62,256.2,258.7,9072
2021-11-10 04:00:00+00:00,258.7,268.04,253.57,261.12,8209
2021-11-10 08:00:00+00:00,261.22,272.91,261.14,266.76,9729
2021-11-10 12:00:00+00:00,266.66,293.39,265.02,284.43,16977
2021-11-10 16:00:00+00:00,284.43,294.62,280.13,286.94,12447
2021-11-10 20:00:00+00:00,286.97,289.04,255.36,257.53,18564
2021-11-11 00:00:00+00:00,259.86,264.58,250.3,258.42,15067
2021-11-11 04:00:00+00:00,258.43,258.74,249.9,257.5,15553
2021-11-11 08:00:00+00:00,257.5,273.72,254.06,269.36,15947
2021-11-11 12:00:00+00:00,269.36,272.81,260.65,263.42,14614
2021-11-11 16:00:00+00:00,263.42,269.74,259.41,260.6,11283
2021-11-11 20:00:00+00:00,260.6,266.14,257.16,264.64,7694
2021-11-12 00:00:00+00:00,263.9,275.89,260.62,273.82,13410
2021-11-12 04:00:00+00:00,273.82,281.85,270.25,270.82,19184
2021-11-12 08:00:00+00:00,270.82,278.54,263.48,265.01,13128
2021-11-12 12:00:00+00:00,265.02,268.82,255.43,264.71,14345
2021-11-12 16:00:00+00:00,264.81,266.06,242.77,249.0,12992
2021-11-12 20:00:00+00:00,249.18,257.34,247.83,251.43,8257
2021-11-13 00:00:00+00:00,249.88,255.06,246.17,247.41,9851
2021-11-13 04:00:00+00:00,247.3,249.43,244.06,246.2,12413
2021-11-13 08:00:00+00:00,246.2,251.72,245.55,246.35,12631
2021-11-13 12:00:00+00:00,246.28,249.35,244.63,246.27,13046
2021-11-13 16:00:00+00:00,246.23,261.67,246.06,259.67,4471
2021-11-14 00:00:00+00:00,256.05,262.24,254.76,256.25,11195
2021-11-14 04:00:00+00:00,256.25,257.94,254.33,256.29,14331
2021-11-14 08:00:00+00:00,256.26,258.08,247.89,250.22,16139
2021-11-14 12:00:00+00:00,250.23,261.23,249.95,260.9,16429
2021-11-14 16:00:00+00:00,260.74,270.62,250.75,269.63,11872
2021-11-14 20:00:00+00:00,269.63,273.4,261.71,270.34,8184
2021-11-15 00:00:00+00:00,271.62,279.1,270.94,276.11,8731
2021-11-15 04:00:00+00:00,276.12,280.8,272.71,273.49,8544
2021-11-15 08:00:00+00:00,273.49,276.24,268.03,272.47,13350
2021-11-15 12:00:00+00:00,272.5,274.84,266.62,268.07,11993
2021-11-15 16:00:00+00:00,268.06,269.96,263.91,264.62,9743
2021-11-15 20:00:00+00:00,264.63,264.78,258.57,262.86,10334
2021-11-16 00:00:00+00:00,261.92,265.03,238.7,250.6,11754
2021-11-16 04:00:00+00:00,250.45,251.04,239.38,244.77,13301
2021-11-16 08:00:00+00:00,244.78,248.52,237.99,238.96,12224
2021-11-16 12:00:00+00:00,238.76,239.34,222.34,234.89,15692
2021-11-16 16:00:00+00:00,234.91,240.56,233.08,233.89,9696
2021-11-16 20:00:00+00:00,233.88,236.27,224.56,233.14,12367
2021-11-17 00:00:00+00:00,233.89,234.59,226.81,227.18,12074
2021-11-17 04:00:00+00:00,227.19,230.87,217.36,225.85,12917
2021-11-17 08:00:00+00:00,225.85,232.15,222.41,223.37,12383
2021-11-17 12:00:00+00:00,223.38,234.59,220.71,230.92,13119
2021-11-17 16:00:00+00:00,230.92,232.1,224.88,228.84,11557
2021-11-17 20:00:00+00:00,228.98,231.26,224.67,226.12,7266
2021-11-18 00:00:00+00:00,226.14,231.85,223.88,228.91,6071
2021-11-18 04:00:00+00:00,228.76,229.52,217.48,220.41,6214
2021-11-18 08:00:00+00:00,220.14,221.62,212.94,215.47,11301
2021-11-18 12:00:00+00:00,215.47,225.2,213.64,215.66,17971
2021-11-18 16:00:00+00:00,215.67,217.7,198.21,205.32,15172
2021-11-18 20:00:00+00:00,205.34,210.48,203.78,204.41,8533
2021-11-19 00:00:00+00:00,203.82,208.95,200.76,203.61,10389
2021-11-19 04:00:00+00:00,203.61,208.18,199.0,207.78,9690
2021-11-19 08:00:00+00:00,207.79,214.36,203.07,212.15,9874
2021-11-19 12:00:00+00:00,211.98,215.85,206.62,215.57,11159
2021-11-19 16:00:00+00:00,215.57,221.0,214.87,217.04,9337
2021-11-19 20:00:00+00:00,217.06,219.8,215.11,216.75,7546
2021-11-20 00:00:00+00:00,217.88,224.63,216.19,223.05,6190
2021-11-20 04:00:00+00:00,223.13,223.65,218.36,219.99,6514
2021-11-20 08:00:00+00:00,220.01,223.94,219.17,221.55,4694
2021-11-20 12:00:00+00:00,221.55,224.76,218.67,219.51,4050
2021-11-20 16:00:00+00:00,219.51,222.08,218.55,219.59,1404
2021-11-21 00:00:00+00:00,225.14,227.06,221.88,222.51,5625
2021-11-21 04:00:00+00:00,222.52,226.68,219.13,225.4,8355
2021-11-21 08:00:00+00:00,225.4,227.33,222.7,223.7,7487
2021-11-21 12:00:00+00:00,223.71,224.51,220.4,220.78,10889
2021-11-21 16:00:00+00:00,220.61,230.25,219.68,226.98,8418
2021-11-21 20:00:00+00:00,227.04,227.29,224.48,226.59,6199
2021-11-22 00:00:00+00:00,225.9,227.25,213.89,216.83,9224
2021-11-22 04:00:00+00:00,216.83,220.1,209.78,214.14,9003
2021-11-22 08:00:00+00:00,214.15,217.41,212.71,214.22,8201
2021-11-22 12:00:00+00:00,214.22,219.33,210.05,217.11,16451
2021-11-22 16:00:00+00:00,217.1,217.92,212.16,213.47,11999
2021-11-22 20:00:00+00:00,213.49,213.63,204.58,208.14,12734
2021-11-23 00:00:00+00:00,208.69,211.47,206.28,209.16,7910
2021-11-23 04:00:00+00:00,209.17,211.9,207.7,208.49,7064
2021-11-23 08:00:00+00:00,208.49,212.91,204.61,209.07,10207
2021-11-23 12:00:00+00:00,209.07,214.65,206.79,211.16,12632
2021-11-23 16:00:00+00:00,211.17,214.5,210.36,211.95,10056
2021-11-23 20:00:00+00:00,211.95,214.53,209.97,213.86,7260
2021-11-24 00:00:00+00:00,214.01,218.26,212.62,212.74,5703
2021-11-24 04:00:00+00:00,212.78,213.26,208.71,211.97,8957
2021-11-24 08:00:00+00:00,211.79,215.59,209.37,211.06,9232
2021-11-24 12:00:00+00:00,211.06,212.08,207.79,207.85,7802
2021-11-24 16:00:00+00:00,207.86,209.87,205.37,206.52,8232
2021-11-24 20:00:00+00:00,206.52,211.32,205.9,210.39,5467
2021-11-25 00:00:00+00:00,210.71,218.62,209.68,218.16,7225
2021-11-25 04:00:00+00:00,218.13,222.51,214.9,215.96,4449
2021-11-25 08:00:00+00:00,215.96,217.65,213.69,216.28,4218
2021-11-25 12:00:00+00:00,216.3,229.35,215.81,227.41,9833
2021-11-25 16:00:00+00:00,227.42,228.51,224.01,225.94,6764
2021-11-25 20:00:00+00:00,225.94,225.99,220.99,221.2,6528
2021-11-26 00:00:00+00:00,221.3,225.2,220.22,220.81,4623
2021-11-26 04:00:00+00:00,220.83,221.04,214.24,216.79,7317
2021-11-26 08:00:00+00:00,216.77,217.32,189.7,195.01,15387
2021-11-26 12:00:00+00:00,195.01,197.99,189.5,197.48,11932
2021-11-26 16:00:00+00:00,197.48,199.6,194.21,196.75,8623
2021-11-26 20:00:00+00:00,196.75,199.49,194.71,197.58,6221
2021-11-27 00:00:00+00:00,196.9,200.73,194.15,198.11,6304
2021-11-27 04:00:00+00:00,198.12,199.81,195.12,195.28,5386
2021-11-27 08:00:00+00:00,195.29,200.06,195.19,195.59,9327
2021-11-27 12:00:00+00:00,195.64,198.02,194.13,196.31,6723
2021-11-27 16:00:00+00:00,196.31,197.25,195.39,195.56,2170
2021-11-28 00:00:00+00:00,194.1,195.36,190.54,191.56,4880
2021-11-28 04:00:00+00:00,191.56,192.65,182.85,189.57,7931
2021-11-28 08:00:00+00:00,189.57,190.84,187.24,189.43,4859
2021-11-28 12:00:00+00:00,189.35,192.59,187.9,189.37,5673
2021-11-28 16:00:00+00:00,189.37,190.39,186.03,186.83,5536
2021-11-28 20:00:00+00:00,186.83,197.46,181.52,197.06,8759
2021-11-29 00:00:00+00:00,198.14,202.42,193.24,200.71,9262
2021-11-29 04:00:00+00:00,200.73,201.14,197.93,199.22,6332
2021-11-29 08:00:00+00:00,199.16,200.09,194.86,195.78,7548
2021-11-29 12:00:00+00:00,195.78,204.16,195.25,201.45,9953
2021-11-29 16:00:00+00:00,201.45,208.99,198.12,207.5,10563
2021-11-29 20:00:00+00:00,207.52,208.52,204.85,206.14,9456
2021-11-30 00:00:00+00:00,206.37,209.6,202.08,203.69,7406
2021-11-30 04:00:00+00:00,203.65,205.45,199.24,199.46,7307
2021-11-30 08:00:00+00:00,199.46,203.87,196.94,201.55,11611
2021-11-30 12:00:00+00:00,201.4,215.41,200.68,214.53,11328
2021-11-30 16:00:00+00:00,214.54,219.57,205.0,209.72,12461
2021-11-30 20:00:00+00:00,209.74,212.8,207.39,208.74,7542
2021-12-01 00:00:00+00:00,208.78,210.6,206.15,208.69,5796
2021-12-01 04:00:00+00:00,208.69,214.19,207.41,209.49,7468
2021-12-01 08:00:00+00:00,209.5,216.07,209.09,213.61,11290
2021-12-01 12:00:00+00:00,213.56,214.04,209.64,212.9,8875
2021-12-01 16:00:00+00:00,212.9,217.32,211.42,211.65,10275
2021-12-01 20:00:00+00:00,211.51,212.35,204.6,206.91,10090
2021-12-02 00:00:00+00:00,207.22,209.74,205.33,208.6,7023
2021-12-02 04:00:00+00:00,208.65,208.71,199.42,203.67,8450
2021-12-02 08:00:00+00:00,203.68,204.53,201.99,204.02,4553
2021-12-02 16:00:00+00:00,203.93,206.57,201.64,205.34,8328
2021-12-02 20:00:00+00:00,205.34,206.9,203.9,205.71,8088
2021-12-03 00:00:00+00:00,204.98,205.21,201.86,202.35,6613
2021-12-03 04:00:00+00:00,202.33,203.14,197.83,202.37,8704
2021-12-03 08:00:00+00:00,202.37,205.09,202.08,205.09,8177
2021-12-03 12:00:00+00:00,205.11,207.75,204.2,204.89,9616
2021-12-03 16:00:00+00:00,204.89,205.08,190.48,193.84,10872
2021-12-03 20:00:00+00:00,193.83,195.19,179.0,189.38,11875
2021-12-04 00:00:00+00:00,187.75,189.98,181.5,183.67,8612
2021-12-04 04:00:00+00:00,183.69,184.33,128.57,153.41,13924
2021-12-04 08:00:00+00:00,153.45,157.29,148.09,153.07,24822
2021-12-04 12:00:00+00:00,153.07,153.92,145.84,153.79,4473
2021-12-04 16:00:00+00:00,153.79,157.14,152.63,157.14,1767
2021-12-05 00:00:00+00:00,162.43,166.24,157.11,161.25,9243
2021-12-05 04:00:00+00:00,161.25,162.47,158.33,160.53,7366
2021-12-05 08:00:00+00:00,160.55,162.2,155.8,156.91,5644
2021-12-05 12:00:00+00:00,156.91,159.89,156.02,157.04,7037
2021-12-05 16:00:00+00:00,156.9,157.17,147.67,154.94,13665
2021-12-05 20:00:00+00:00,154.61,155.3,150.19,155.06,10706
2021-12-06 00:00:00+00:00,153.63,156.92,149.93,153.02,10511
2021-12-06 04:00:00+00:00,153.02,155.42,151.11,151.14,7453
2021-12-06 08:00:00+00:00,151.13,152.3,141.33,142.66,16572
2021-12-06 12:00:00+00:00,142.67,149.54,140.92,146.51,16659
2021-12-06 16:00:00+00:00,146.51,152.87,145.07,151.11,12975
2021-12-06 20:00:00+00:00,151.1,160.13,149.82,158.22,9890
2021-12-07 00:00:00+00:00,159.29,164.11,158.94,159.67,8781
2021-12-07 04:00:00+00:00,159.65,160.82,158.45,158.76,9851
2021-12-07 08:00:00+00:00,158.76,162.06,157.86,159.77,8952
2021-12-07 12:00:00+00:00,159.78,165.38,158.68,160.47,8319
2021-12-07 16:00:00+00:00,160.47,163.71,159.85,162.88,8391
2021-12-07 20:00:00+00:00,162.88,163.99,158.93,160.59,9742
2021-12-08 00:00:00+00:00,159.75,163.77,158.58,161.59,9538
2021-12-08 04:00:00+00:00,161.62,163.71,159.04,159.79,9011
2021-12-08 08:00:00+00:00,159.79,169.7,159.79,162.71,10648
2021-12-08 12:00:00+00:00,162.72,165.4,155.24,159.54,12298
2021-12-08 16:00:00+00:00,159.53,169.31,158.8,162.92,10805
2021-12-08 20:00:00+00:00,162.94,165.5,162.09,163.86,6101
2021-12-09 00:00:00+00:00,163.93,166.65,161.58,162.24,5971
2021-12-09 04:00:00+00:00,162.24,162.8,158.44,161.05,5945
2021-12-09 08:00:00+00:00,160.99,162.54,157.02,159.07,8250
2021-12-09 12:00:00+00:00,159.06,160.23,157.38,159.28,6624
2021-12-09 16:00:00+00:00,159.28,159.59,152.19,154.25,9695
2021-12-09 20:00:00+00:00,154.25,155.41,151.76,153.94,8730
2021-12-10 00:00:00+00:00,154.96,155.47,150.39,154.22,7899
2021-12-10 04:00:00+00:00,154.17,155.44,151.03,152.31,8349
2021-12-10 08:00:00+00:00,152.35,153.64,148.75,153.25,9158
2021-12-10 12:00:00+00:00,153.24,159.25,151.84,157.37,7955
2021-12-10 16:00:00+00:00,157.41,157.95,148.05,150.22,9824
2021-12-10 20:00:00+00:00,150.24,154.51,149.99,152.43,7007
2021-12-11 00:00:00+00:00,151.01,152.04,145.1,149.71,7163
2021-12-11 04:00:00+00:00,149.71,154.12,149.43,153.15,6041
2021-12-11 08:00:00+00:00,153.06,155.54,151.13,154.2,7277
2021-12-11 12:00:00+00:00,154.21,157.37,153.51,155.89,6381
2021-12-11 16:00:00+00:00,155.89,158.26,154.66,157.23,986
2021-12-12 00:00:00+00:00,155.86,158.54,155.3,155.43,4611
2021-12-12 04:00:00+00:00,155.43,156.35,153.59,154.07,6123
2021-12-12 08:00:00+00:00,154.07,155.86,153.39,153.54,4549
2021-12-12 12:00:00+00:00,153.52,157.68,152.76,157.4,4755
2021-12-12 16:00:00+00:00,157.45,159.8,156.2,158.94,5287
2021-12-12 20:00:00+00:00,158.94,162.41,158.94,159.31,5676
2021-12-13 00:00:00+00:00,159.26,160.2,153.59,153.88,5990
2021-12-13 04:00:00+00:00,153.88,155.51,152.39,155.37,5463
2021-12-13 08:00:00+00:00,155.37,156.04,151.88,155.53,6928
2021-12-13 12:00:00+00:00,155.5,155.98,151.98,153.33,6373
2021-12-13 16:00:00+00:00,153.33,153.33,145.38,148.15,11874
2021-12-13 20:00:00+00:00,148.13,148.68,142.12,145.41,8904
2021-12-14 00:00:00+00:00,144.95,146.46,142.35,145.39,4882
2021-12-14 04:00:00+00:00,145.39,146.41,143.61,143.66,3736
2021-12-14 08:00:00+00:00,143.69,148.36,142.66,145.53,8541
2021-12-14 12:00:00+00:00,145.57,151.46,145.48,148.25,12297
2021-12-14 16:00:00+00:00,148.25,150.25,145.61,146.81,11637
2021-12-14 20:00:00+00:00,146.8,151.18,144.95,149.86,7658
2021-12-15 00:00:00+00:00,149.7,151.07,148.64,149.02,4779
2021-12-15 04:00:00+00:00,149.02,151.76,148.1,150.78,3066
2021-12-15 08:00:00+00:00,150.84,152.14,149.52,150.58,3589
2021-12-15 12:00:00+00:00,150.58,150.86,146.27,147.22,6169
2021-12-15 16:00:00+00:00,147.19,147.81,141.25,143.72,9089
2021-12-15 20:00:00+00:00,143.71,154.62,143.26,154.15,12471
2021-12-16 00:00:00+00:00,153.62,154.41,152.27,153.21,4001
2021-12-16 04:00:00+00:00,153.21,153.71,151.31,151.49,2607
2021-12-16 08:00:00+00:00,151.53,154.17,151.41,153.99,4158
2021-12-16 12:00:00+00:00,153.97,156.19,152.46,155.29,7261
2021-12-16 16:00:00+00:00,155.3,155.33,152.17,152.17,9422
2021-12-16 20:00:00+00:00,152.19,153.2,149.09,151.09,9403
2021-12-17 00:00:00+00:00,150.0,150.28,147.62,149.55,4605
2021-12-17 04:00:00+00:00,149.54,149.81,147.68,148.22,2969
2021-12-17 08:00:00+00:00,148.25,149.32,145.49,148.06,4263
2021-12-17 12:00:00+00:00,148.0,148.12,144.63,145.03,5433
2021-12-17 16:00:00+00:00,145.04,148.57,140.59,145.38,9701
2021-12-17 20:00:00+00:00,145.38,146.82,143.27,146.08,7791
2021-12-18 00:00:00+00:00,144.72,144.92,142.35,142.88,5131
2021-12-18 04:00:00+00:00,142.88,148.04,142.44,147.06,4062
2021-12-18 08:00:00+00:00,147.08,148.49,146.16,148.49,3442
2021-12-18 12:00:00+00:00,148.52,149.82,147.57,147.76,3322
2021-12-18 16:00:00+00:00,147.76,148.99,147.64,148.84,1134
2021-12-19 00:00:00+00:00,148.18,149.07,147.09,147.66,3201
2021-12-19 04:00:00+00:00,147.68,155.6,147.54,153.18,3722
2021-12-19 08:00:00+00:00,153.18,153.52,151.37,151.83,2966
2021-12-19 12:00:00+00:00,151.83,154.59,150.41,154.17,6684
2021-12-19 16:00:00+00:00,154.17,159.97,151.82,156.99,5326
2021-12-19 20:00:00+00:00,157.01,158.24,151.67,153.54,5042
2021-12-20 00:00:00+00:00,154.14,155.53,150.7,153.58,4492
2021-12-20 04:00:00+00:00,153.58,156.94,148.51,149.81,6142
2021-12-20 08:00:00+00:00,149.8,151.23,145.67,145.84,8892
2021-12-20 12:00:00+00:00,145.85,147.7,144.77,145.83,8493
2021-12-20 16:00:00+00:00,145.83,150.11,145.44,148.62,7788
2021-12-20 20:00:00+00:00,148.62,154.44,148.36,152.48,6150
2021-12-21 00:00:00+00:00,152.94,153.02,148.57,150.31,4384
2021-12-21 04:00:00+00:00,150.32,154.79,149.45,152.52,6341
2021-12-21 08:00:00+00:00,152.52,153.95,151.8,152.78,6558
2021-12-21 12:00:00+00:00,152.79,155.01,152.34,153.53,6498
2021-12-21 16:00:00+00:00,153.53,154.11,151.29,153.66,5396
2021-12-21 20:00:00+00:00,153.66,155.86,153.29,155.08,4029
2021-12-22 00:00:00+00:00,155.42,155.78,152.42,153.97,2381
2021-12-22 04:00:00+00:00,153.97,156.45,153.58,154.95,2623
2021-12-22 08:00:00+00:00,154.96,157.57,154.37,155.01,4042
2021-12-22 12:00:00+00:00,154.93,156.78,152.76,154.38,5497
2021-12-22 16:00:00+00:00,154.38,159.71,153.95,156.5,5741
2021-12-22 20:00:00+00:00,156.45,158.93,155.77,156.4,4629
2021-12-23 00:00:00+00:00,156.19,157.41,152.43,156.11,3678
2021-12-23 04:00:00+00:00,156.1,157.39,154.8,155.11,4701
2021-12-23 08:00:00+00:00,155.05,156.32,153.16,154.93,5503
2021-12-23 12:00:00+00:00,154.92,157.91,153.88,155.81,7213
2021-12-23 16:00:00+00:00,155.82,161.5,155.3,161.44,8870
2021-12-23 20:00:00+00:00,161.47,164.62,161.47,162.73,9563
2021-12-24 00:00:00+00:00,162.83,166.25,162.1,166.04,4488
2021-12-24 04:00:00+00:00,166.06,166.2,163.04,163.73,4009
2021-12-24 08:00:00+00:00,163.73,164.48,162.49,163.96,5492
2021-12-24 12:00:00+00:00,163.95,164.25,160.88,161.83,5858
2021-12-24 16:00:00+00:00,161.75,163.22,159.95,162.33,6441
2021-12-24 20:00:00+00:00,162.33,164.36,160.7,161.61,5670
2021-12-25 00:00:00+00:00,160.66,162.66,159.67,161.29,2781
2021-12-25 04:00:00+00:00,161.29,162.29,160.39,161.51,2179
2021-12-25 08:00:00+00:00,161.4,162.66,160.65,161.82,2480
2021-12-25 12:00:00+00:00,161.82,163.01,160.24,162.85,3612
2021-12-25 16:00:00+00:00,162.85,162.95,162.09,162.37,236
2021-12-26 00:00:00+00:00,161.39,161.67,155.57,156.94,5289
2021-12-26 04:00:00+00:00,156.94,157.9,152.56,154.1,4247
2021-12-26 08:00:00+00:00,153.99,156.25,153.99,155.71,1536
2021-12-26 12:00:00+00:00,155.74,155.91,152.66,154.52,3065
2021-12-26 16:00:00+00:00,154.52,156.02,152.81,155.74,1692
2021-12-26 20:00:00+00:00,155.74,156.81,153.8,156.18,1746
2021-12-27 00:00:00+00:00,156.11,157.16,153.9,155.38,3263
2021-12-27 04:00:00+00:00,155.4,156.54,155.13,155.59,2193
2021-12-27 08:00:00+00:00,155.51,156.12,154.38,155.09,2420
2021-12-27 12:00:00+00:00,155.09,159.03,155.09,158.13,3335
2021-12-27 16:00:00+00:00,158.14,160.02,158.06,159.74,3030
2021-12-27 20:00:00+00:00,159.74,160.75,158.25,158.45,2771
2021-12-28 00:00:00+00:00,158.93,159.35,150.19,151.62,6019
2021-12-28 04:00:00+00:00,151.62,152.23,145.61,149.24,5891
2021-12-28 08:00:00+00:00,149.23,151.36,148.83,150.19,5730
2021-12-28 12:00:00+00:00,150.19,152.92,149.87,151.67,4409
2021-12-28 16:00:00+00:00,151.75,151.89,146.4,148.23,7310
2021-12-28 20:00:00+00:00,148.11,148.24,143.98,145.57,7838
2021-12-29 00:00:00+00:00,145.92,146.79,144.31,146.01,4722
2021-12-29 04:00:00+00:00,145.99,148.34,145.86,147.14,2758
2021-12-29 08:00:00+00:00,147.14,149.94,146.55,149.2,3574
2021-12-29 12:00:00+00:00,149.17,149.48,144.67,148.32,6217
2021-12-29 16:00:00+00:00,148.32,150.38,146.94,148.37,3784
2021-12-29 20:00:00+00:00,148.28,149.83,146.68,148.09,4421
2021-12-30 00:00:00+00:00,147.58,149.11,142.1,145.68,6849
2021-12-30 04:00:00+00:00,145.68,145.92,144.14,145.48,2566
2021-12-30 08:00:00+00:00,145.39,147.06,145.02,145.62,2254
2021-12-30 12:00:00+00:00,145.63,148.93,145.39,147.17,2999
2021-12-30 16:00:00+00:00,147.14,149.42,146.72,148.99,4234
2021-12-30 20:00:00+00:00,148.98,149.33,146.32,147.14,4759
2021-12-31 00:00:00+00:00,147.36,148.87,145.71,147.53,4065
2021-12-31 04:00:00+00:00,147.52,148.68,146.66,147.71,2134
2021-12-31 08:00:00+00:00,147.62,152.19,146.12,150.95,4358
2021-12-31 12:00:00+00:00,150.94,151.49,149.8,149.97,3032
2021-12-31 16:00:00+00:00,149.96,150.63,146.11,147.13,7325
2021-12-31 20:00:00+00:00,147.09,147.2,143.06,145.68,8834
2022-01-01 00:00:00+00:00,146.19,149.15,145.48,147.69,2470
2022-01-01 04:00:00+00:00,147.72,148.7,146.17,147.59,2644
2022-01-01 08:00:00+00:00,147.6,148.11,146.22,147.52,2263
2022-01-01 12:00:00+00:00,147.49,148.15,146.09,147.35,2379
2022-01-01 16:00:00+00:00,147.35,148.36,146.98,147.8,472
2022-01-02 00:00:00+00:00,149.36,150.4,148.83,148.99,2102
2022-01-02 04:00:00+00:00,148.99,150.25,147.31,148.74,1973
2022-01-02 08:00:00+00:00,148.74,150.08,148.1,149.54,1558
2022-01-02 12:00:00+00:00,149.52,149.74,148.22,148.96,1375
2022-01-02 16:00:00+00:00,148.96,152.75,148.94,152.0,2399
2022-01-02 20:00:00+00:00,152.0,152.0,149.38,149.9,3082
2022-01-03 00:00:00+00:00,150.09,151.29,149.16,149.82,3126
2022-01-03 04:00:00+00:00,149.81,150.51,148.58,150.05,3108
2022-01-03 08:00:00+00:00,150.04,150.05,148.43,149.2,2168
2022-01-03 12:00:00+00:00,149.2,150.67,149.2,149.93,3317
2022-01-03 16:00:00+00:00,149.98,150.48,146.55,147.86,4939
2022-01-03 20:00:00+00:00,147.78,148.33,145.49,146.88,5854
2022-01-04 00:00:00+00:00,147.1,148.38,146.23,146.52,4025
2022-01-04 04:00:00+00:00,146.53,148.08,145.81,147.46,2968
2022-01-04 08:00:00+00:00,147.46,149.26,147.09,148.12,3341
2022-01-04 12:00:00+00:00,148.13,150.16,147.91,149.76,3200
2022-01-04 16:00:00+00:00,149.78,151.06,148.54,148.75,6042
2022-01-04 20:00:00+00:00,148.76,149.2,144.61,147.33,8609
2022-01-05 00:00:00+00:00,146.68,147.66,145.36,146.72,5790
2022-01-05 04:00:00+00:00,146.75,148.24,146.69,147.36,4976
2022-01-05 08:00:00+00:00,147.37,148.9,147.18,148.77,3859
2022-01-05 12:00:00+00:00,148.74,149.45,146.21,148.59,6128
2022-01-05 16:00:00+00:00,148.58,149.28,146.61,146.67,5247
2022-01-05 20:00:00+00:00,146.67,148.17,135.16,136.02,14441
2022-01-06 00:00:00+00:00,135.72,137.26,128.98,135.47,10541
2022-01-06 04:00:00+00:00,135.45,137.14,132.62,135.15,7292
2022-01-06 08:00:00+00:00,135.17,136.36,132.08,132.72,7611
2022-01-06 12:00:00+00:00,132.72,135.22,131.83,134.85,10117
2022-01-06 16:00:00+00:00,134.87,136.4,132.74,135.75,7052
2022-01-06 20:00:00+00:00,135.75,137.51,135.39,135.86,5490
2022-01-07 00:00:00+00:00,135.92,136.5,134.36,135.6,3372
2022-01-07 04:00:00+00:00,135.58,135.61,125.35,129.68,11727
2022-01-07 08:00:00+00:00,129.69,133.95,126.94,132.69,9671
2022-01-07 12:00:00+00:00,132.63,134.62,128.31,130.87,7712
2022-01-07 16:00:00+00:00,130.89,134.77,127.8,133.95,11143
2022-01-07 20:00:00+00:00,133.94,134.07,131.81,132.07,6851
2022-01-08 00:00:00+00:00,129.82,133.09,129.13,131.85,2740
2022-01-08 04:00:00+00:00,131.87,132.5,130.58,132.23,3312
2022-01-08 08:00:00+00:00,132.25,133.47,131.18,133.44,3008
2022-01-08 12:00:00+00:00,133.44,134.25,131.82,133.67,3568
2022-01-08 16:00:00+00:00,133.67,134.12,132.23,132.24,438
2022-01-09 00:00:00+00:00,129.56,131.09,128.08,129.48,3266
2022-01-09 04:00:00+00:00,129.49,131.11,129.15,129.46,1812
2022-01-09 08:00:00+00:00,129.5,130.52,128.48,128.65,2396
2022-01-09 12:00:00+00:00,128.64,130.48,127.77,127.81,2252
2022-01-09 16:00:00+00:00,127.82,130.92,127.12,130.32,2904
2022-01-09 20:00:00+00:00,130.31,132.01,129.86,131.42,2302
2022-01-10 00:00:00+00:00,131.58,131.93,129.2,130.03,2020
2022-01-10 04:00:00+00:00,130.03,130.53,128.87,130.28,1670
2022-01-10 08:00:00+00:00,130.29,130.48,129.08,129.48,2090
2022-01-10 12:00:00+00:00,129.48,130.36,126.22,126.32,4372
2022-01-10 16:00:00+00:00,126.32,127.67,120.21,123.84,12176
2022-01-10 20:00:00+00:00,123.84,126.28,123.58,126.19,7457
2022-01-11 00:00:00+00:00,126.44,127.0,125.17,126.65,3837
2022-01-11 04:00:00+00:00,126.67,129.23,126.45,128.2,2215
2022-01-11 08:00:00+00:00,128.2,129.85,127.37,127.91,2007
2022-01-11 12:00:00+00:00,127.9,128.77,126.93,127.85,4021
2022-01-11 16:00:00+00:00,127.79,132.96,126.18,130.81,6451
2022-01-11 20:00:00+00:00,130.83,131.83,130.23,130.6,4141
2022-01-12 00:00:00+00:00,130.72,131.92,130.44,130.96,2681
2022-01-12 04:00:00+00:00,130.96,131.39,130.38,131.3,1348
2022-01-12 08:00:00+00:00,131.31,132.73,130.61,132.45,2355
2022-01-12 12:00:00+00:00,132.45,136.54,131.71,136.23,5096
2022-01-12 16:00:00+00:00,136.22,138.52,135.34,138.33,7018
2022-01-12 20:00:00+00:00,138.34,141.7,137.7,140.18,8106
2022-01-13 00:00:00+00:00,140.44,141.91,138.69,139.11,4713
2022-01-13 04:00:00+00:00,139.11,139.79,138.23,139.56,3219
2022-01-13 08:00:00+00:00,139.58,140.65,138.81,139.95,2801
2022-01-13 12:00:00+00:00,139.96,140.52,136.23,138.29,3608
2022-01-13 16:00:00+00:00,138.28,140.59,133.98,135.52,8829
2022-01-13 20:00:00+00:00,135.5,136.35,134.26,136.04,6543
2022-01-14 00:00:00+00:00,136.19,139.37,135.34,138.98,2218
2022-01-14 04:00:00+00:00,138.97,139.4,137.17,139.28,4537
2022-01-14 08:00:00+00:00,139.29,139.57,136.03,137.04,3819
2022-01-14 12:00:00+00:00,137.04,143.8,135.58,142.4,5199
2022-01-14 16:00:00+00:00,142.33,145.98,142.2,143.4,9319
2022-01-14 20:00:00+00:00,143.39,145.05,142.75,144.33,6340
2022-01-15 00:00:00+00:00,144.03,148.0,143.31,146.42,2517
2022-01-15 04:00:00+00:00,146.42,149.28,145.57,148.23,1800
2022-01-15 08:00:00+00:00,148.12,150.13,146.93,148.1,3998
2022-01-15 12:00:00+00:00,148.11,148.89,144.19,145.85,6287
2022-01-15 16:00:00+00:00,145.77,147.52,145.63,147.14,1440
2022-01-16 00:00:00+00:00,147.2,148.05,146.41,147.52,1368
2022-01-16 04:00:00+00:00,147.52,148.46,144.75,144.9,2731
2022-01-16 08:00:00+00:00,144.78,146.49,144.19,145.08,1678
2022-01-16 12:00:00+00:00,145.09,146.13,142.66,144.8,1948
2022-01-16 16:00:00+00:00,144.8,147.06,144.43,146.48,1527
2022-01-16 20:00:00+00:00,146.49,146.94,144.69,146.1,1904
2022-01-17 00:00:00+00:00,146.21,146.64,144.88,146.45,1972
2022-01-17 04:00:00+00:00,146.35,150.41,145.65,148.3,5022
2022-01-17 08:00:00+00:00,148.3,152.3,146.56,151.69,4258
2022-01-17 12:00:00+00:00,151.69,152.42,148.92,151.54,11439
2022-01-17 16:00:00+00:00,151.55,153.36,144.73,145.75,13655
2022-01-17 20:00:00+00:00,145.62,150.97,143.64,147.05,9453
2022-01-18 00:00:00+00:00,146.88,152.9,145.84,149.94,6888
2022-01-18 04:00:00+00:00,149.97,150.4,144.54,145.44,8974
2022-01-18 08:00:00+00:00,145.46,147.95,139.79,142.22,10422
2022-01-18 12:00:00+00:00,142.22,143.17,138.02,140.02,11009
2022-01-18 16:00:00+00:00,140.02,141.38,138.16,139.16,11648
2022-01-18 20:00:00+00:00,139.16,142.62,138.77,141.99,7235
2022-01-19 00:00:00+00:00,141.27,143.13,140.85,141.55,3447
2022-01-19 04:00:00+00:00,141.54,141.63,134.75,135.58,5734
2022-01-19 08:00:00+00:00,135.6,135.96,132.64,135.1,7297
2022-01-19 12:00:00+00:00,135.09,136.79,133.26,136.05,7799
2022-01-19 16:00:00+00:00,136.06,137.79,134.55,137.43,7761
2022-01-19 20:00:00+00:00,137.43,137.98,135.94,136.6,5588
2022-01-20 00:00:00+00:00,136.21,137.71,135.61,137.28,2435
2022-01-20 04:00:00+00:00,137.28,138.82,137.02,137.56,2935
2022-01-20 08:00:00+00:00,137.55,138.44,136.31,137.35,2468
2022-01-20 12:00:00+00:00,137.34,139.0,136.63,138.76,2671
2022-01-20 16:00:00+00:00,138.8,142.4,138.7,140.84,3800
2022-01-20 20:00:00+00:00,140.84,141.62,133.49,133.59,4528
2022-01-21 00:00:00+00:00,133.84,134.0,123.15,123.78,8019
2022-01-21 04:00:00+00:00,123.82,126.88,121.29,124.23,12808
2022-01-21 08:00:00+00:00,124.25,125.62,123.54,124.42,10420
2022-01-21 12:00:00+00:00,124.41,125.1,116.53,121.29,10978
2022-01-21 16:00:00+00:00,121.29,124.2,120.44,121.67,16098
2022-01-21 20:00:00+00:00,121.66,122.76,108.28,112.63,13368
2022-01-22 00:00:00+00:00,113.99,116.47,110.88,115.06,7039
2022-01-22 04:00:00+00:00,115.04,115.5,106.57,108.12,10409
2022-01-22 08:00:00+00:00,108.02,109.74,100.25,101.81,15406
2022-01-22 12:00:00+00:00,101.7,109.52,95.57,108.43,17772
2022-01-22 16:00:00+00:00,108.44,109.09,105.58,105.58,2893
2022-01-23 00:00:00+00:00,108.85,110.03,106.26,108.4,6303
2022-01-23 04:00:00+00:00,108.4,109.4,105.07,108.65,7130
2022-01-23 08:00:00+00:00,108.65,111.33,107.32,110.13,8999
2022-01-23 12:00:00+00:00,110.15,110.56,108.58,110.16,7806
2022-01-23 16:00:00+00:00,110.19,110.59,105.14,107.1,7761
2022-01-23 20:00:00+00:00,107.1,109.65,105.34,107.5,9026
2022-01-24 00:00:00+00:00,107.2,112.16,106.91,108.39,5722
2022-01-24 04:00:00+00:00,108.39,108.86,106.31,107.52,4174
2022-01-24 08:00:00+00:00,107.49,108.13,102.52,102.93,9693
2022-01-24 12:00:00+00:00,102.98,103.26,96.97,98.54,18913
2022-01-24 16:00:00+00:00,98.52,105.97,97.42,105.09,18403
2022-01-24 20:00:00+00:00,105.09,111.37,104.22,109.37,13133
2022-01-25 00:00:00+00:00,109.64,109.64,106.26,107.02,5969
2022-01-25 04:00:00+00:00,107.01,108.09,105.65,106.61,4016
2022-01-25 08:00:00+00:00,106.61,108.36,105.42,107.96,7045
2022-01-25 12:00:00+00:00,108.0,109.28,105.37,106.6,6263
2022-01-25 16:00:00+00:00,106.56,109.25,104.63,108.66,10062
2022-01-25 20:00:00+00:00,108.66,109.44,106.0,106.39,8574
2022-01-26 00:00:00+00:00,106.83,108.07,105.97,107.55,3334
2022-01-26 04:00:00+00:00,107.55,109.88,106.95,109.21,2868
2022-01-26 08:00:00+00:00,109.21,109.93,107.48,108.81,2379
2022-01-26 12:00:00+00:00,108.81,112.22,108.35,111.89,5603
2022-01-26 16:00:00+00:00,111.79,113.48,110.28,111.12,7686
2022-01-26 20:00:00+00:00,111.13,116.14,104.04,104.58,15618
2022-01-27 00:00:00+00:00,104.24,107.38,103.57,104.01,4591
2022-01-27 04:00:00+00:00,103.98,105.25,102.71,104.88,6315
2022-01-27 08:00:00+00:00,104.87,108.29,104.37,107.85,5283
2022-01-27 12:00:00+00:00,107.85,108.38,106.59,108.33,5494
2022-01-27 16:00:00+00:00,108.24,109.53,106.3,107.02,7636
2022-01-27 20:00:00+00:00,106.68,107.42,102.03,104.53,11140
2022-01-28 00:00:00+00:00,103.91,107.57,103.8,105.8,5499
2022-01-28 04:00:00+00:00,105.74,107.92,104.79,107.29,3558
2022-01-28 08:00:00+00:00,107.21,108.04,105.04,105.78,4168
2022-01-28 12:00:00+00:00,105.78,108.13,104.76,107.87,4966
2022-01-28 16:00:00+00:00,107.88,108.47,105.69,106.22,6968
2022-01-28 20:00:00+00:00,106.21,109.55,105.88,108.5,6503
2022-01-29 00:00:00+00:00,108.31,110.02,108.14,108.69,1964
2022-01-29 04:00:00+00:00,108.7,109.39,108.11,108.48,1874
2022-01-29 08:00:00+00:00,108.5,109.88,108.33,109.42,2403
2022-01-29 12:00:00+00:00,109.41,111.23,108.51,111.02,1709
2022-01-29 16:00:00+00:00,111.03,111.18,108.2,108.66,972
2022-01-30 00:00:00+00:00,110.41,110.65,108.36,109.02,1819
2022-01-30 04:00:00+00:00,109.02,110.58,108.57,110.45,1432
2022-01-30 08:00:00+00:00,110.44,111.24,109.93,110.24,2273
2022-01-30 12:00:00+00:00,110.22,111.83,110.03,110.67,2171
2022-01-30 16:00:00+00:00,110.66,110.84,108.68,109.66,3725
2022-01-30 20:00:00+00:00,109.66,109.93,106.95,107.61,3585
2022-01-31 00:00:00+00:00,107.69,108.88,104.1,104.98,4842
2022-01-31 04:00:00+00:00,104.95,105.46,103.8,104.54,3100
2022-01-31 08:00:00+00:00,104.54,105.15,103.97,104.64,2786
2022-01-31 12:00:00+00:00,104.66,106.15,103.94,105.73,3712
2022-01-31 16:00:00+00:00,105.75,109.47,105.57,109.14,5740
2022-01-31 20:00:00+00:00,109.1,110.81,108.03,108.61,4230
2022-02-01 00:00:00+00:00,108.64,109.66,107.71,108.13,3652
2022-02-01 04:00:00+00:00,108.13,111.19,108.02,109.79,2453
2022-02-01 08:00:00+00:00,109.75,112.16,109.05,109.25,4108
2022-02-01 12:00:00+00:00,109.15,111.69,108.0,111.39,4110
2022-02-01 16:00:00+00:00,111.4,114.08,109.4,113.28,6467
2022-02-01 20:00:00+00:00,113.28,115.41,112.64,114.06,4359
2022-02-02 00:00:00+00:00,114.76,116.34,112.55,113.16,3259
2022-02-02 04:00:00+00:00,113.16,114.87,112.75,113.77,1883
2022-02-02 08:00:00+00:00,113.77,114.95,112.63,114.59,2624
2022-02-02 12:00:00+00:00,114.59,115.35,113.38,113.5,2096
2022-02-02 16:00:00+00:00,113.5,113.64,108.02,110.42,5969
2022-02-02 20:00:00+00:00,110.43,112.01,106.49,107.84,4699
2022-02-03 00:00:00+00:00,108.13,109.22,106.09,107.2,3178
2022-02-03 04:00:00+00:00,107.22,108.01,106.46,107.68,1714
2022-02-03 08:00:00+00:00,107.68,108.84,105.78,105.94,1074
2022-02-03 12:00:00+00:00,105.94,108.1,104.85,107.77,3389
2022-02-03 16:00:00+00:00,107.79,109.02,106.38,107.44,2826
2022-02-03 20:00:00+00:00,107.44,109.33,106.04,108.9,2886
2022-02-04 00:00:00+00:00,108.78,110.56,108.3,108.71,2417
2022-02-04 04:00:00+00:00,108.71,111.42,108.23,110.79,1633
2022-02-04 08:00:00+00:00,110.8,113.87,110.8,112.39,2259
2022-02-04 12:00:00+00:00,112.39,112.88,109.79,110.39,3436
2022-02-04 16:00:00+00:00,110.41,117.79,110.1,117.34,6786
2022-02-04 20:00:00+00:00,117.32,119.08,116.82,118.8,3293
2022-02-05 00:00:00+00:00,118.93,120.95,118.34,119.62,2711
2022-02-05 04:00:00+00:00,119.62,122.48,119.22,121.94,1783
2022-02-05 08:00:00+00:00,121.98,122.58,120.55,122.07,2314
2022-02-05 12:00:00+00:00,121.34,122.2,121.05,122.09,3128
2022-02-05 16:00:00+00:00,122.08,122.95,121.26,121.79,725
2022-02-06 00:00:00+00:00,121.95,122.91,121.05,122.75,1557
2022-02-06 04:00:00+00:00,122.76,123.05,120.93,122.16,1371
2022-02-06 08:00:00+00:00,122.1,127.38,121.45,126.11,2360
2022-02-06 12:00:00+00:00,126.14,126.44,123.27,123.84,1928
2022-02-06 16:00:00+00:00,123.86,125.21,120.07,123.11,3616
2022-02-06 20:00:00+00:00,123.15,124.65,122.1,124.26,1421
2022-02-07 00:00:00+00:00,124.3,127.54,123.44,125.67,2801
2022-02-07 04:00:00+00:00,125.67,127.35,125.45,127.09,2437
2022-02-07 08:00:00+00:00,127.09,128.57,125.94,127.03,2203
2022-02-07 12:00:00+00:00,127.03,128.74,126.69,128.71,1844
2022-02-07 16:00:00+00:00,128.71,136.8,128.55,136.68,6304
2022-02-07 20:00:00+00:00,136.69,139.29,135.06,136.03,3759
2022-02-08 00:00:00+00:00,136.43,139.15,134.68,137.8,2511
2022-02-08 04:00:00+00:00,137.73,142.09,136.97,140.93,2962
2022-02-08 08:00:00+00:00,140.93,142.27,133.36,135.51,4577
2022-02-08 12:00:00+00:00,135.51,135.98,131.72,134.1,3476
2022-02-08 16:00:00+00:00,134.1,134.15,130.01,131.16,4383
2022-02-08 20:00:00+00:00,131.16,134.14,130.12,132.75,3439
2022-02-09 00:00:00+00:00,132.9,134.85,132.1,133.72,1808
2022-02-09 04:00:00+00:00,133.71,137.45,131.53,135.92,2409
2022-02-09 08:00:00+00:00,135.84,138.94,135.72,137.26,3545
2022-02-09 12:00:00+00:00,137.26,138.78,136.96,137.22,3886
2022-02-09 16:00:00+00:00,137.23,139.53,136.33,138.05,2603
2022-02-09 20:00:00+00:00,138.05,140.52,137.4,139.16,3329
2022-02-10 00:00:00+00:00,139.25,140.46,137.85,138.21,1995
2022-02-10 04:00:00+00:00,138.21,138.4,135.71,137.63,1729
2022-02-10 08:00:00+00:00,137.62,139.4,137.18,138.99,1022
2022-02-10 12:00:00+00:00,139.01,143.25,134.72,135.77,4428
2022-02-10 16:00:00+00:00,135.77,142.24,133.46,139.15,6441
2022-02-10 20:00:00+00:00,139.15,139.6,134.65,135.75,3485
2022-02-11 00:00:00+00:00,135.76,136.74,129.32,131.38,4569
2022-02-11 04:00:00+00:00,131.38,132.67,130.24,131.04,2406
2022-02-11 08:00:00+00:00,130.93,134.28,130.81,132.45,2494
2022-02-11 12:00:00+00:00,132.45,133.65,131.54,133.52,2443
2022-02-11 16:00:00+00:00,133.52,133.73,131.74,132.42,3370
2022-02-11 20:00:00+00:00,132.44,133.04,125.07,125.93,5408
2022-02-12 00:00:00+00:00,125.07,126.38,123.0,124.48,1867
2022-02-12 04:00:00+00:00,124.48,124.82,123.22,123.69,1506
2022-02-12 08:00:00+00:00,123.71,124.6,120.37,124.35,2973
2022-02-12 12:00:00+00:00,124.39,124.4,124.3,124.4,10
2022-02-13 00:00:00+00:00,124.84,127.23,124.61,125.75,2382
2022-02-13 04:00:00+00:00,125.75,125.97,124.65,125.82,1568
2022-02-13 08:00:00+00:00,125.82,126.33,124.82,125.13,3006
2022-02-13 12:00:00+00:00,125.12,127.73,124.85,127.42,5765
2022-02-13 16:00:00+00:00,127.42,128.37,123.89,125.15,3439
2022-02-13 20:00:00+00:00,125.16,126.2,122.98,125.62,3531
2022-02-14 00:00:00+00:00,125.82,126.4,121.64,121.82,3028
2022-02-14 04:00:00+00:00,121.81,123.42,121.62,122.45,1654
2022-02-14 08:00:00+00:00,122.33,124.59,122.15,122.29,2022
2022-02-14 12:00:00+00:00,122.29,126.13,119.92,125.46,2157
2022-02-14 16:00:00+00:00,125.46,126.43,124.43,125.03,2544
2022-02-14 20:00:00+00:00,125.04,125.13,120.82,123.04,3232
2022-02-15 00:00:00+00:00,123.29,128.24,123.17,127.21,2748
2022-02-15 04:00:00+00:00,127.21,128.34,126.68,127.0,1667
2022-02-15 08:00:00+00:00,126.93,130.41,126.77,130.38,1648
2022-02-15 12:00:00+00:00,130.38,131.69,129.38,131.01,2629
2022-02-15 16:00:00+00:00,131.01,132.01,128.57,128.92,2610
2022-02-15 20:00:00+00:00,128.95,129.66,128.36,128.82,1302
2022-02-16 00:00:00+00:00,129.01,132.02,128.81,129.21,2560
2022-02-16 04:00:00+00:00,129.21,129.61,126.88,128.38,1065
2022-02-16 08:00:00+00:00,128.38,130.19,128.3,129.29,1327
2022-02-16 12:00:00+00:00,129.29,130.26,126.69,127.26,2383
2022-02-16 16:00:00+00:00,127.26,127.58,124.92,125.63,2928
2022-02-16 20:00:00+00:00,125.63,129.18,125.36,128.13,3069
2022-02-17 00:00:00+00:00,127.77,128.62,126.37,127.01,1386
2022-02-17 04:00:00+00:00,127.01,127.24,124.42,125.42,1695
2022-02-17 08:00:00+00:00,125.38,127.46,123.66,124.66,1738
2022-02-17 12:00:00+00:00,124.65,125.39,122.05,123.06,2553
2022-02-17 16:00:00+00:00,122.95,123.7,120.48,121.06,2882
2022-02-17 20:00:00+00:00,121.05,121.36,114.37,116.77,4556
2022-02-18 00:00:00+00:00,116.42,117.29,114.7,116.66,3091
2022-02-18 04:00:00+00:00,116.67,117.09,115.72,116.72,1645
2022-02-18 08:00:00+00:00,116.72,122.71,116.4,119.62,2341
2022-02-18 12:00:00+00:00,119.52,121.29,117.11,119.86,3123
2022-02-18 16:00:00+00:00,119.85,120.46,113.76,115.66,5767
2022-02-18 20:00:00+00:00,115.66,116.67,114.35,114.9,3590
2022-02-19 00:00:00+00:00,114.6,115.54,113.85,115.23,2157
2022-02-19 04:00:00+00:00,115.28,116.33,114.74,115.83,1002
2022-02-19 08:00:00+00:00,115.83,116.69,115.07,115.34,1059
2022-02-19 12:00:00+00:00,115.35,115.6,112.53,115.17,2583
2022-02-19 16:00:00+00:00,115.18,115.19,114.09,114.43,495
2022-02-20 00:00:00+00:00,114.39,115.31,113.57,114.48,1318
2022-02-20 04:00:00+00:00,114.48,114.56,111.04,111.22,2203
2022-02-20 08:00:00+00:00,111.23,111.64,107.98,108.97,4169
2022-02-20 12:00:00+00:00,108.97,110.88,108.85,109.54,2545
2022-02-20 16:00:00+00:00,109.52,110.59,108.51,109.29,2036
2022-02-20 20:00:00+00:00,109.29,110.27,108.79,109.49,1325
2022-02-21 00:00:00+00:00,109.9,114.01,109.63,113.12,4843
2022-02-21 04:00:00+00:00,113.14,114.09,112.29,113.13,1864
2022-02-21 08:00:00+00:00,113.12,113.23,111.79,111.93,1798
2022-02-21 12:00:00+00:00,111.92,112.47,106.51,107.63,4316
2022-02-21 16:00:00+00:00,107.51,112.96,107.13,109.49,5379
2022-02-21 20:00:00+00:00,109.5,110.03,104.96,105.39,4801
2022-02-22 00:00:00+00:00,104.67,106.56,101.46,103.08,7472
2022-02-22 04:00:00+00:00,103.08,103.08,99.67,101.12,4508
2022-02-22 08:00:00+00:00,101.13,102.83,100.58,102.21,3091
2022-02-22 12:00:00+00:00,102.23,105.32,102.0,104.94,3190
2022-02-22 16:00:00+00:00,104.83,107.11,103.64,105.48,4954
2022-02-22 20:00:00+00:00,105.48,106.72,104.84,105.48,2992
2022-02-23 00:00:00+00:00,105.73,107.38,104.77,106.04,1990
2022-02-23 04:00:00+00:00,106.0,107.88,105.1,107.38,2036
2022-02-23 08:00:00+00:00,107.39,110.06,107.19,109.87,2756
2022-02-23 12:00:00+00:00,109.87,110.96,109.58,109.96,2907
2022-02-23 16:00:00+00:00,109.97,110.33,107.68,108.08,3730
2022-02-23 20:00:00+00:00,108.03,108.8,106.24,106.67,3079
2022-02-24 00:00:00+00:00,106.68,106.99,103.29,104.82,3053
2022-02-24 04:00:00+00:00,104.82,105.95,92.63,94.16,8624
2022-02-24 08:00:00+00:00,94.16,95.77,91.86,93.31,6223
2022-02-24 12:00:00+00:00,93.31,94.73,91.02,94.09,6154
2022-02-24 16:00:00+00:00,94.1,98.88,93.26,97.37,7898
2022-02-24 20:00:00+00:00,97.33,107.04,97.25,104.47,6620
2022-02-25 00:00:00+00:00,104.12,105.65,101.84,104.19,3174
2022-02-25 04:00:00+00:00,104.22,104.89,102.61,102.92,2779
2022-02-25 08:00:00+00:00,102.92,103.67,101.04,103.31,2968
2022-02-25 12:00:00+00:00,103.33,106.6,102.12,105.74,3665
2022-02-25 16:00:00+00:00,105.65,106.73,103.47,105.41,3667
2022-02-25 20:00:00+00:00,105.35,107.97,104.12,107.82,3169
2022-02-26 00:00:00+00:00,109.88,114.15,108.4,111.89,2832
2022-02-26 04:00:00+00:00,111.88,112.32,109.03,109.84,2005
2022-02-26 08:00:00+00:00,109.84,111.92,109.0,109.56,3066
2022-02-26 12:00:00+00:00,109.57,110.61,108.88,109.66,1827
2022-02-26 16:00:00+00:00,109.49,110.13,109.36,109.95,255
2022-02-27 00:00:00+00:00,108.24,108.4,104.3,104.4,3949
2022-02-27 04:00:00+00:00,104.33,106.27,104.14,105.68,1865
2022-02-27 08:00:00+00:00,105.67,107.26,105.56,106.89,2090
2022-02-27 12:00:00+00:00,106.89,109.59,104.64,107.18,2765
2022-02-27 16:00:00+00:00,107.18,108.36,105.86,106.86,2766
2022-02-27 20:00:00+00:00,106.91,106.96,100.67,102.4,5802
2022-02-28 00:00:00+00:00,102.32,104.07,101.17,103.26,4829
2022-02-28 04:00:00+00:00,103.29,103.49,101.86,102.79,2739
2022-02-28 08:00:00+00:00,102.8,105.16,100.72,102.4,3541
2022-02-28 12:00:00+00:00,102.41,104.13,102.09,102.35,4296
2022-02-28 16:00:00+00:00,102.36,109.9,102.28,108.58,6363
2022-02-28 20:00:00+00:00,108.65,110.57,108.14,110.12,2626
2022-03-01 00:00:00+00:00,110.13,115.34,109.98,112.47,3998
2022-03-01 04:00:00+00:00,112.48,112.82,111.35,111.88,2437
2022-03-01 08:00:00+00:00,111.88,112.6,110.62,111.31,3001
2022-03-01 12:00:00+00:00,111.27,114.85,109.05,114.46,6515
2022-03-01 16:00:00+00:00,114.5,115.4,110.02,111.8,5391
2022-03-01 20:00:00+00:00,111.78,112.74,110.42,111.11,3687
2022-03-02 00:00:00+00:00,111.03,113.25,110.04,112.33,3889
2022-03-02 04:00:00+00:00,112.26,114.14,111.57,112.47,2083
2022-03-02 08:00:00+00:00,112.47,112.68,110.62,111.81,2564
2022-03-02 12:00:00+00:00,111.81,112.97,108.58,109.35,3049
2022-03-02 16:00:00+00:00,109.36,112.68,108.99,109.55,4778
2022-03-02 20:00:00+00:00,109.57,110.6,108.85,110.47,2062
2022-03-03 00:00:00+00:00,110.77,111.02,109.42,110.19,3053
2022-03-03 04:00:00+00:00,110.19,111.47,108.81,110.5,2076
2022-03-03 08:00:00+00:00,110.43,112.46,109.69,110.46,2283
2022-03-03 12:00:00+00:00,110.46,111.74,110.11,110.89,2327
2022-03-03 16:00:00+00:00,110.89,112.55,107.25,108.84,4205
2022-03-03 20:00:00+00:00,108.84,110.83,108.47,109.9,3569
2022-03-04 00:00:00+00:00,110.11,112.09,105.06,107.33,6210
2022-03-04 04:00:00+00:00,107.35,107.61,105.53,106.32,1811
2022-03-04 08:00:00+00:00,106.32,107.05,104.48,106.55,3290
2022-03-04 12:00:00+00:00,106.59,107.59,105.92,106.89,2500
2022-03-04 16:00:00+00:00,106.86,106.93,103.53,104.7,4670
2022-03-04 20:00:00+00:00,104.73,104.96,100.25,100.9,4555
2022-03-05 00:00:00+00:00,100.49,100.94,98.85,99.58,2571
2022-03-05 04:00:00+00:00,99.58,101.67,99.47,101.33,1683
2022-03-05 08:00:00+00:00,101.31,102.77,101.12,102.62,1631
2022-03-05 12:00:00+00:00,102.63,103.38,101.63,102.64,2056
2022-03-05 16:00:00+00:00,102.58,103.1,102.47,103.02,282
2022-03-06 00:00:00+00:00,103.95,105.39,103.93,104.71,1449
2022-03-06 04:00:00+00:00,104.71,104.95,101.88,103.06,1799
2022-03-06 08:00:00+00:00,103.03,103.5,101.87,101.87,1575
2022-03-06 12:00:00+00:00,101.87,103.07,100.78,102.79,2300
2022-03-06 16:00:00+00:00,102.79,103.29,101.5,103.04,2008
2022-03-06 20:00:00+00:00,103.04,103.84,102.16,103.53,1653
2022-03-07 00:00:00+00:00,103.84,104.11,98.91,99.86,3351
2022-03-07 04:00:00+00:00,99.86,100.0,97.61,99.0,3310
2022-03-07 08:00:00+00:00,98.95,99.76,97.94,99.15,2773
2022-03-07 12:00:00+00:00,99.15,102.66,98.8,102.5,4008
2022-03-07 16:00:00+00:00,102.49,103.36,100.88,100.95,3960
2022-03-07 20:00:00+00:00,100.92,100.92,95.65,97.63,5495
2022-03-08 00:00:00+00:00,97.89,99.99,97.19,99.26,2714
2022-03-08 04:00:00+00:00,99.27,100.57,98.75,99.3,2016
2022-03-08 08:00:00+00:00,99.32,101.19,98.11,100.56,2775
2022-03-08 12:00:00+00:00,100.58,101.97,99.62,101.22,3402
2022-03-08 16:00:00+00:00,101.22,101.69,98.41,100.39,4647
2022-03-08 20:00:00+00:00,100.4,101.38,98.66,98.98,4609
2022-03-09 00:00:00+00:00,98.98,102.45,98.81,102.33,2258
2022-03-09 04:00:00+00:00,102.33,106.04,102.11,105.65,3227
2022-03-09 08:00:00+00:00,105.64,107.75,105.38,106.37,2896
2022-03-09 12:00:00+00:00,106.37,108.31,105.93,107.53,2832
2022-03-09 16:00:00+00:00,107.53,108.77,107.35,107.93,2821
2022-03-09 20:00:00+00:00,107.85,107.87,105.11,106.32,3347
2022-03-10 00:00:00+00:00,106.23,106.69,103.85,104.18,3257
2022-03-10 04:00:00+00:00,104.19,104.64,100.0,100.74,3825
2022-03-10 08:00:00+00:00,100.76,101.21,99.65,100.9,2994
2022-03-10 12:00:00+00:00,100.86,102.87,98.89,100.61,4255
2022-03-10 16:00:00+00:00,100.53,102.92,100.38,101.85,3386
2022-03-10 20:00:00+00:00,101.85,102.55,101.54,102.06,1230
2022-03-11 00:00:00+00:00,101.84,102.55,100.22,100.68,2783
2022-03-11 04:00:00+00:00,100.68,101.38,99.14,101.37,2412
2022-03-11 08:00:00+00:00,101.37,103.61,101.23,102.79,2064
2022-03-11 12:00:00+00:00,102.79,106.46,101.79,104.45,3762
2022-03-11 16:00:00+00:00,104.43,104.97,101.63,102.54,3662
2022-03-11 20:00:00+00:00,102.55,104.3,101.85,103.95,2687
2022-03-12 00:00:00+00:00,104.19,106.91,104.0,106.63,1287
2022-03-12 04:00:00+00:00,106.64,107.42,105.61,106.58,1822
2022-03-12 08:00:00+00:00,106.58,106.85,105.0,105.5,1904
2022-03-12 12:00:00+00:00,105.5,105.92,104.48,105.0,1141
2022-03-12 16:00:00+00:00,105.0,105.18,104.11,104.63,429
2022-03-13 00:00:00+00:00,105.37,106.87,104.61,106.32,1827
2022-03-13 04:00:00+00:00,106.3,106.8,105.31,105.4,1323
2022-03-13 08:00:00+00:00,105.32,105.68,105.13,105.54,1269
2022-03-13 12:00:00+00:00,105.53,105.7,103.08,103.19,1514
2022-03-13 16:00:00+00:00,103.18,104.9,103.13,104.55,3376
2022-03-13 20:00:00+00:00,104.57,105.34,103.11,103.74,1619
2022-03-14 00:00:00+00:00,103.85,104.42,100.26,101.1,4586
2022-03-14 04:00:00+00:00,101.11,104.12,100.89,102.98,1867
2022-03-14 08:00:00+00:00,102.98,104.79,102.43,104.64,1610
2022-03-14 12:00:00+00:00,104.64,105.07,98.76,104.32,1951
2022-03-14 16:00:00+00:00,104.25,105.01,103.2,103.3,2938
2022-03-14 20:00:00+00:00,103.3,103.3,101.13,102.06,2894
2022-03-15 00:00:00+00:00,102.08,105.89,102.04,105.89,3405
2022-03-15 04:00:00+00:00,105.89,105.99,103.97,104.37,1675
2022-03-15 08:00:00+00:00,104.36,104.86,101.94,102.3,1658
2022-03-15 12:00:00+00:00,102.23,104.23,102.02,104.1,1484
2022-03-15 16:00:00+00:00,104.1,106.78,102.78,106.39,3120
2022-03-15 20:00:00+00:00,106.4,108.16,105.74,106.8,2794
2022-03-16 00:00:00+00:00,106.87,107.43,105.97,106.23,3078
2022-03-16 04:00:00+00:00,106.22,111.36,105.24,105.58,4558
2022-03-16 08:00:00+00:00,105.58,107.93,105.17,107.36,2631
2022-03-16 12:00:00+00:00,107.37,107.95,106.52,107.03,2409
2022-03-16 16:00:00+00:00,107.03,108.83,106.52,107.96,4062
2022-03-16 20:00:00+00:00,107.95,110.02,105.52,109.51,5126
2022-03-17 00:00:00+00:00,109.58,111.17,108.65,110.47,3251
2022-03-17 04:00:00+00:00,110.47,110.47,108.83,110.27,2297
2022-03-17 08:00:00+00:00,110.26,110.38,108.17,108.88,2182
2022-03-17 12:00:00+00:00,108.89,110.53,108.03,109.94,2574
2022-03-17 16:00:00+00:00,109.93,110.71,109.4,110.03,2773
2022-03-17 20:00:00+00:00,110.03,111.15,109.62,109.9,1783
2022-03-18 00:00:00+00:00,107.7,110.15,102.39,107.68,1401
2022-03-18 04:00:00+00:00,107.68,108.67,107.35,108.45,1594
2022-03-18 08:00:00+00:00,108.45,109.45,108.45,108.98,1367
2022-03-18 12:00:00+00:00,108.97,109.22,108.07,108.77,1407
2022-03-18 16:00:00+00:00,108.78,111.06,108.47,110.83,2797
2022-03-18 20:00:00+00:00,110.83,112.48,110.74,111.72,2067
2022-03-19 00:00:00+00:00,111.75,112.49,111.02,112.1,1460
2022-03-19 04:00:00+00:00,112.1,112.19,110.87,111.73,1076
2022-03-19 08:00:00+00:00,111.72,112.87,111.38,112.23,991
2022-03-19 12:00:00+00:00,112.23,112.7,111.36,112.59,1112
2022-03-19 16:00:00+00:00,112.57,112.72,111.45,111.99,519
2022-03-20 00:00:00+00:00,113.37,118.0,111.55,116.84,4271
2022-03-20 04:00:00+00:00,116.79,117.13,114.78,115.43,3257
2022-03-20 08:00:00+00:00,115.43,116.15,114.41,114.54,1983
2022-03-20 12:00:00+00:00,114.54,114.82,111.36,112.59,3690
2022-03-20 16:00:00+00:00,112.6,113.23,110.85,112.13,2830
2022-03-20 20:00:00+00:00,112.13,116.05,111.31,114.33,3118
2022-03-21 00:00:00+00:00,114.18,116.17,113.62,115.9,3790
2022-03-21 04:00:00+00:00,115.92,116.1,112.54,113.95,2177
2022-03-21 08:00:00+00:00,113.95,114.98,113.44,114.14,2753
2022-03-21 12:00:00+00:00,114.07,115.13,113.16,114.46,3592
2022-03-21 16:00:00+00:00,114.46,115.82,112.8,114.08,6266
2022-03-21 20:00:00+00:00,114.0,116.32,113.86,115.73,4114
2022-03-22 00:00:00+00:00,115.63,117.01,114.84,116.92,2983
2022-03-22 04:00:00+00:00,116.9,121.09,116.26,119.56,5040
2022-03-22 08:00:00+00:00,119.57,121.74,117.48,120.99,4334
2022-03-22 12:00:00+00:00,121.0,123.3,120.81,121.57,4723
2022-03-22 16:00:00+00:00,121.57,122.16,119.8,120.53,3226
2022-03-22 20:00:00+00:00,120.47,122.75,120.3,121.06,2033
2022-03-23 00:00:00+00:00,121.06,123.99,120.81,122.74,3876
2022-03-23 04:00:00+00:00,122.75,122.75,118.27,119.29,3475
2022-03-23 08:00:00+00:00,119.31,120.23,118.59,119.23,2598
2022-03-23 12:00:00+00:00,119.23,120.09,118.1,119.95,2517
2022-03-23 16:00:00+00:00,119.95,122.12,119.02,121.36,4053
2022-03-23 20:00:00+00:00,121.36,121.61,119.0,121.22,2681
2022-03-24 00:00:00+00:00,121.3,122.76,120.62,122.55,4399
2022-03-24 04:00:00+00:00,122.55,122.62,120.04,121.2,3120
2022-03-24 08:00:00+00:00,121.21,122.64,120.66,122.52,3610
2022-03-24 12:00:00+00:00,122.52,122.98,120.34,120.66,3589
2022-03-24 16:00:00+00:00,120.66,125.43,119.58,125.16,4775
2022-03-24 20:00:00+00:00,125.16,125.88,123.87,125.87,2112
2022-03-25 00:00:00+00:00,125.79,127.19,124.68,124.96,2878
2022-03-25 04:00:00+00:00,124.94,126.83,124.71,126.73,3095
2022-03-25 08:00:00+00:00,126.73,126.82,123.25,125.24,2808
2022-03-25 12:00:00+00:00,125.24,126.62,124.75,126.49,3443
2022-03-25 16:00:00+00:00,126.49,126.51,122.43,122.52,4245
2022-03-25 20:00:00+00:00,122.52,123.87,121.05,123.87,2336
2022-03-26 00:00:00+00:00,123.31,123.82,122.24,122.6,1367
2022-03-26 04:00:00+00:00,122.6,123.88,122.26,123.69,1509
2022-03-26 08:00:00+00:00,123.69,124.71,123.19,124.0,2338
2022-03-26 12:00:00+00:00,124.04,124.52,122.93,123.66,1262
2022-03-26 16:00:00+00:00,123.57,123.76,122.39,122.59,365
2022-03-27 00:00:00+00:00,123.99,124.86,122.76,124.81,1514
2022-03-27 04:00:00+00:00,124.81,126.18,124.21,125.82,2408
2022-03-27 08:00:00+00:00,125.82,125.84,124.71,124.99,1205
2022-03-27 12:00:00+00:00,125.0,125.75,122.78,122.94,1443
2022-03-27 16:00:00+00:00,122.94,125.58,122.76,125.52,3499
2022-03-27 20:00:00+00:00,125.52,127.1,123.55,126.47,2173
2022-03-28 00:00:00+00:00,126.37,130.25,126.37,129.11,4614
2022-03-28 04:00:00+00:00,129.11,130.25,128.67,129.88,1391
2022-03-28 08:00:00+00:00,129.88,131.83,129.65,130.85,2494
2022-03-28 12:00:00+00:00,130.85,131.38,130.23,131.01,3103
2022-03-28 16:00:00+00:00,131.02,132.14,129.67,130.58,4076
2022-03-28 20:00:00+00:00,130.58,131.5,129.8,130.8,2011
2022-03-29 00:00:00+00:00,130.95,131.13,126.06,128.38,5167
2022-03-29 04:00:00+00:00,128.37,130.15,128.06,129.41,2638
2022-03-29 08:00:00+00:00,129.42,129.97,128.86,129.59,2257
2022-03-29 12:00:00+00:00,129.52,131.48,129.15,130.67,2178
2022-03-29 16:00:00+00:00,130.67,131.33,126.5,128.72,4586
2022-03-29 20:00:00+00:00,128.72,129.67,126.88,128.4,2833
2022-03-30 00:00:00+00:00,128.43,129.95,127.32,128.64,4906
2022-03-30 04:00:00+00:00,128.49,128.68,125.15,127.71,2945
2022-03-30 08:00:00+00:00,127.71,130.22,127.61,130.01,3091
2022-03-30 12:00:00+00:00,130.03,132.6,129.36,132.07,3573
2022-03-30 16:00:00+00:00,132.07,132.74,129.47,131.94,3968
2022-03-30 20:00:00+00:00,131.94,133.61,130.56,131.42,2458
2022-03-31 00:00:00+00:00,131.04,132.02,129.78,131.65,2579
2022-03-31 04:00:00+00:00,131.65,132.37,128.02,128.85,2518
2022-03-31 08:00:00+00:00,128.87,130.24,127.45,129.27,1809
2022-03-31 12:00:00+00:00,129.27,130.51,128.83,129.85,1967
2022-03-31 16:00:00+00:00,129.86,130.42,120.24,121.59,9714
2022-03-31 20:00:00+00:00,121.59,124.8,121.41,124.31,5753
2022-04-01 00:00:00+00:00,124.26,124.75,121.54,124.01,3882
2022-04-01 04:00:00+00:00,124.03,124.03,118.48,121.04,6411
2022-04-01 08:00:00+00:00,121.05,122.77,120.82,121.87,3272
2022-04-01 12:00:00+00:00,121.88,122.72,120.54,122.56,4889
2022-04-01 16:00:00+00:00,122.56,125.2,122.37,123.45,5655
2022-04-01 20:00:00+00:00,123.44,125.92,123.15,124.8,3522
2022-04-02 00:00:00+00:00,125.17,126.52,123.69,126.38,2223
2022-04-02 04:00:00+00:00,126.37,126.64,125.39,125.97,2798
2022-04-02 08:00:00+00:00,126.02,126.69,125.76,126.22,6609
2022-04-02 12:00:00+00:00,126.22,127.58,124.62,126.91,7413
2022-04-02 16:00:00+00:00,126.91,127.85,126.69,127.0,1259
2022-04-03 00:00:00+00:00,124.66,125.46,123.95,125.26,3979
2022-04-03 04:00:00+00:00,125.2,125.2,123.15,125.12,5033
2022-04-03 08:00:00+00:00,125.12,126.14,124.76,125.3,3919
2022-04-03 12:00:00+00:00,125.35,126.68,124.92,126.45,7416
2022-04-03 16:00:00+00:00,126.5,127.75,125.95,126.55,5054
2022-04-03 20:00:00+00:00,126.57,126.76,125.61,126.36,5286
2022-04-04 00:00:00+00:00,126.93,129.03,125.73,125.84,8091
2022-04-04 04:00:00+00:00,125.84,126.29,125.06,125.63,4629
2022-04-04 08:00:00+00:00,125.62,126.16,124.89,125.45,4462
2022-04-04 12:00:00+00:00,125.44,125.61,123.58,124.19,4055
2022-04-04 16:00:00+00:00,124.2,125.05,122.29,123.29,8340
2022-04-04 20:00:00+00:00,123.29,123.71,120.69,123.46,6943
2022-04-05 00:00:00+00:00,123.69,124.93,123.04,124.33,2586
2022-04-05 04:00:00+00:00,124.32,125.24,124.3,124.97,1108
2022-04-05 08:00:00+00:00,124.97,126.01,124.87,125.64,1228
2022-04-05 12:00:00+00:00,125.64,126.86,125.34,125.49,2702
2022-04-05 16:00:00+00:00,125.5,125.81,122.62,124.26,4643
2022-04-05 20:00:00+00:00,124.28,125.0,122.63,123.56,3430
2022-04-06 00:00:00+00:00,123.6,124.47,116.63,118.92,4588
2022-04-06 04:00:00+00:00,118.84,120.41,118.6,119.58,2528
2022-04-06 08:00:00+00:00,119.58,120.7,119.36,120.42,1897
2022-04-06 12:00:00+00:00,120.42,120.61,117.51,117.73,3710
2022-04-06 16:00:00+00:00,117.7,118.49,113.17,114.54,8336
2022-04-06 20:00:00+00:00,114.54,116.04,111.93,113.97,6485
2022-04-07 00:00:00+00:00,113.93,114.24,109.55,110.39,4542
2022-04-07 04:00:00+00:00,110.41,112.0,110.23,111.84,3321
2022-04-07 08:00:00+00:00,111.84,113.22,111.48,112.9,1610
2022-04-07 12:00:00+00:00,112.87,114.53,111.87,113.1,3677
2022-04-07 16:00:00+00:00,113.14,114.26,111.48,113.12,5260
2022-04-07 20:00:00+00:00,113.12,114.07,112.64,113.48,3701
2022-04-08 00:00:00+00:00,113.28,114.0,112.52,113.07,2286
2022-04-08 04:00:00+00:00,113.08,114.3,112.99,113.78,2452
2022-04-08 08:00:00+00:00,113.77,114.83,113.29,114.01,2163
2022-04-08 12:00:00+00:00,114.0,114.12,110.8,110.87,3879
2022-04-08 16:00:00+00:00,110.88,114.52,110.41,113.73,7548
2022-04-08 20:00:00+00:00,113.73,113.88,111.09,112.62,5712
2022-04-09 00:00:00+00:00,112.1,112.12,109.06,110.81,3684
2022-04-09 04:00:00+00:00,110.81,111.08,109.47,110.34,2135
2022-04-09 08:00:00+00:00,110.34,111.03,109.9,110.61,1460
2022-04-09 12:00:00+00:00,110.63,111.66,110.08,111.37,1567
2022-04-09 16:00:00+00:00,111.37,111.45,110.58,110.69,350
2022-04-10 00:00:00+00:00,111.42,112.48,111.33,111.97,2379
2022-04-10 04:00:00+00:00,111.98,112.48,111.86,112.15,824
2022-04-10 08:00:00+00:00,112.15,112.41,111.04,111.11,1183
2022-04-10 12:00:00+00:00,111.11,112.61,110.64,111.63,1694
2022-04-10 16:00:00+00:00,111.63,112.65,111.13,112.61,1306
2022-04-10 20:00:00+00:00,112.65,113.97,112.48,113.72,1783
2022-04-11 00:00:00+00:00,113.34,113.92,108.54,109.44,5880
2022-04-11 04:00:00+00:00,109.33,109.72,106.74,108.84,3166
2022-04-11 08:00:00+00:00,108.82,109.25,107.95,108.3,1572
2022-04-11 12:00:00+00:00,108.29,108.4,103.53,104.29,6261
2022-04-11 16:00:00+00:00,104.28,104.54,102.47,104.09,6099
2022-04-11 20:00:00+00:00,104.11,104.9,102.56,103.5,5558
2022-04-12 00:00:00+00:00,103.31,103.69,101.13,102.38,6655
2022-04-12 04:00:00+00:00,102.39,102.92,101.16,102.85,3403
2022-04-12 08:00:00+00:00,102.86,104.35,102.67,103.89,4222
2022-04-12 12:00:00+00:00,103.86,105.24,103.34,105.2,3930
2022-04-12 16:00:00+00:00,105.2,105.27,103.12,104.06,3779
2022-04-12 20:00:00+00:00,104.06,104.24,102.09,102.98,3938
2022-04-13 00:00:00+00:00,103.03,104.72,102.76,104.0,3973
2022-04-13 04:00:00+00:00,104.0,105.19,103.5,104.85,2957
2022-04-13 08:00:00+00:00,104.87,105.58,103.44,105.39,2519
2022-04-13 12:00:00+00:00,105.42,107.36,105.1,106.24,3545
2022-04-13 16:00:00+00:00,106.27,110.0,105.84,109.12,7470
2022-04-13 20:00:00+00:00,109.11,110.0,108.62,109.66,2111
2022-04-14 00:00:00+00:00,109.57,110.43,109.23,109.56,2279
2022-04-14 04:00:00+00:00,109.56,111.81,109.48,110.82,2539
2022-04-14 08:00:00+00:00,110.84,111.03,109.58,110.07,1731
2022-04-14 12:00:00+00:00,110.07,110.13,108.1,108.7,3863
2022-04-14 16:00:00+00:00,108.67,109.21,105.49,106.21,5248
2022-04-14 20:00:00+00:00,106.2,106.82,105.53,106.37,2950
2022-04-15 00:00:00+00:00,106.6,107.55,106.44,106.82,2337
2022-04-15 04:00:00+00:00,106.83,110.25,106.76,109.54,1670
2022-04-15 08:00:00+00:00,109.54,110.26,108.51,109.38,2800
2022-04-15 12:00:00+00:00,109.38,110.43,109.15,109.78,1869
2022-04-15 16:00:00+00:00,109.79,112.35,108.93,111.84,3599
2022-04-15 20:00:00+00:00,111.84,112.32,110.37,110.67,1744
2022-04-16 00:00:00+00:00,110.72,111.71,110.13,111.44,1070
2022-04-16 04:00:00+00:00,111.47,111.93,110.86,111.39,1248
2022-04-16 08:00:00+00:00,111.34,111.56,110.86,111.19,707
2022-04-16 12:00:00+00:00,111.18,112.72,111.09,112.45,1175
2022-04-16 16:00:00+00:00,112.39,112.5,111.98,112.14,280
2022-04-17 00:00:00+00:00,110.33,114.65,110.18,114.01,2552
2022-04-17 04:00:00+00:00,114.01,114.39,113.06,113.38,1527
2022-04-17 08:00:00+00:00,113.38,113.56,112.26,112.75,1016
2022-04-17 12:00:00+00:00,112.75,113.78,112.75,113.17,1063
2022-04-17 16:00:00+00:00,113.2,113.64,111.77,112.06,1885
2022-04-17 20:00:00+00:00,112.04,112.24,110.44,110.61,1966
2022-04-18 00:00:00+00:00,110.55,111.4,107.7,108.73,4693
2022-04-18 04:00:00+00:00,108.68,109.52,104.71,105.38,3402
2022-04-18 08:00:00+00:00,105.37,106.37,104.19,104.22,3272
2022-04-18 12:00:00+00:00,104.21,106.85,104.21,106.6,2737
2022-04-18 16:00:00+00:00,106.56,107.39,105.35,106.36,4988
2022-04-18 20:00:00+00:00,106.37,110.3,106.29,109.65,5834
2022-04-19 00:00:00+00:00,109.71,111.74,109.62,111.08,3835
2022-04-19 04:00:00+00:00,111.09,111.81,110.62,111.62,2229
2022-04-19 08:00:00+00:00,111.62,111.67,110.13,110.29,1658
2022-04-19 12:00:00+00:00,110.28,111.46,110.09,110.89,2695
2022-04-19 16:00:00+00:00,110.91,113.15,110.22,112.51,4608
2022-04-19 20:00:00+00:00,112.51,113.24,111.95,112.8,2301
2022-04-20 00:00:00+00:00,112.87,113.64,111.76,112.16,2192
2022-04-20 04:00:00+00:00,112.18,112.54,111.56,112.0,2050
2022-04-20 08:00:00+00:00,112.0,112.7,111.78,112.03,1466
2022-04-20 12:00:00+00:00,112.06,113.69,111.97,113.23,2833
2022-04-20 16:00:00+00:00,113.23,113.33,110.23,112.18,4667
2022-04-20 20:00:00+00:00,112.09,112.35,110.59,112.04,2940
2022-04-21 00:00:00+00:00,111.91,112.26,111.16,111.64,2296
2022-04-21 04:00:00+00:00,111.63,112.16,111.27,111.44,1669
2022-04-21 08:00:00+00:00,111.44,111.87,109.98,110.76,2250
2022-04-21 12:00:00+00:00,110.76,113.3,109.6,112.96,3126
2022-04-21 16:00:00+00:00,112.96,113.98,111.35,111.42,3056
2022-04-21 20:00:00+00:00,111.42,111.97,106.65,106.96,5717
2022-04-22 00:00:00+00:00,107.11,107.55,104.85,106.65,4925
2022-04-22 04:00:00+00:00,106.62,107.39,106.1,107.09,2730
2022-04-22 08:00:00+00:00,107.1,108.15,106.41,107.05,3159
2022-04-22 12:00:00+00:00,107.05,107.79,106.63,107.37,2385
2022-04-22 16:00:00+00:00,107.39,107.79,105.68,106.46,5661
2022-04-22 20:00:00+00:00,106.42,106.93,105.01,105.56,3554
2022-04-23 00:00:00+00:00,104.93,105.39,104.6,104.75,1912
2022-04-23 04:00:00+00:00,104.75,106.29,104.45,106.17,2933
2022-04-23 08:00:00+00:00,106.14,106.7,105.95,106.41,1525
2022-04-23 12:00:00+00:00,106.45,106.6,105.85,106.17,1309
2022-04-23 16:00:00+00:00,106.17,106.36,100.9,105.79,1762
2022-04-23 20:00:00+00:00,105.78,105.9,100.31,105.82,1175
2022-04-24 00:00:00+00:00,105.79,106.09,103.87,104.81,1832
2022-04-24 04:00:00+00:00,104.8,104.98,104.12,104.7,1830
2022-04-24 08:00:00+00:00,104.7,105.1,104.52,104.85,878
2022-04-24 12:00:00+00:00,104.83,105.12,103.92,104.65,1355
2022-04-24 16:00:00+00:00,104.59,105.03,102.92,104.12,3493
2022-04-24 20:00:00+00:00,104.12,104.78,103.19,104.28,2150
2022-04-25 00:00:00+00:00,104.2,105.04,100.76,101.75,3604
2022-04-25 04:00:00+00:00,101.8,102.09,93.52,101.14,3060
2022-04-25 08:00:00+00:00,101.15,101.48,97.73,99.24,4909
2022-04-25 12:00:00+00:00,99.24,101.85,98.88,101.25,4305
2022-04-25 16:00:00+00:00,101.25,102.88,100.46,102.52,6481
2022-04-25 20:00:00+00:00,102.54,104.0,102.27,103.62,4023
2022-04-26 00:00:00+00:00,103.8,104.89,103.63,104.37,2048
2022-04-26 04:00:00+00:00,104.37,104.56,103.92,104.0,1353
2022-04-26 08:00:00+00:00,104.0,104.48,102.99,103.94,2028
2022-04-26 12:00:00+00:00,103.95,104.39,102.62,102.84,1786
2022-04-26 16:00:00+00:00,102.84,103.2,99.25,100.5,6093
2022-04-26 20:00:00+00:00,100.5,100.51,98.03,98.68,4989
2022-04-27 00:00:00+00:00,98.69,99.17,95.76,98.11,4111
2022-04-27 04:00:00+00:00,98.06,99.22,98.0,99.04,2044
2022-04-27 08:00:00+00:00,99.06,100.86,98.89,99.99,2688
2022-04-27 12:00:00+00:00,99.98,100.46,98.72,99.54,2837
2022-04-27 16:00:00+00:00,99.54,101.42,98.64,100.05,7384
2022-04-27 20:00:00+00:00,100.03,100.24,98.77,99.63,4185
2022-04-28 00:00:00+00:00,99.64,100.22,99.5,100.02,2379
2022-04-28 04:00:00+00:00,100.02,100.74,99.34,99.82,2164
2022-04-28 08:00:00+00:00,99.81,101.03,99.27,100.74,1987
2022-04-28 12:00:00+00:00,100.76,102.72,100.69,101.81,2688
2022-04-28 16:00:00+00:00,101.8,102.86,99.17,102.63,9044
2022-04-28 20:00:00+00:00,102.65,103.86,102.01,103.36,4888
2022-04-29 00:00:00+00:00,103.53,103.7,102.18,102.65,2890
2022-04-29 04:00:00+00:00,102.64,103.9,101.49,102.48,3927
2022-04-29 08:00:00+00:00,102.48,102.66,101.22,101.27,2357
2022-04-29 12:00:00+00:00,101.27,101.27,98.76,100.08,7176
2022-04-29 16:00:00+00:00,100.09,101.32,99.31,99.54,8946
2022-04-29 20:00:00+00:00,99.57,100.36,97.82,99.29,7878
2022-04-30 00:00:00+00:00,97.84,100.64,91.97,100.41,2241
2022-04-30 04:00:00+00:00,100.41,101.03,99.96,100.57,1387
2022-04-30 08:00:00+00:00,100.58,101.1,99.97,100.11,1801
2022-04-30 12:00:00+00:00,100.11,100.88,99.71,100.54,1288
2022-04-30 16:00:00+00:00,100.54,101.04,98.71,99.69,3635
2022-04-30 20:00:00+00:00,99.66,99.68,98.22,98.79,1775
2022-05-01 00:00:00+00:00,98.88,99.37,93.42,94.91,3459
2022-05-01 04:00:00+00:00,94.9,96.07,93.82,95.48,1400
2022-05-01 08:00:00+00:00,95.48,96.85,95.4,96.85,1257
2022-05-01 12:00:00+00:00,96.85,96.94,95.51,96.18,1206
2022-05-01 16:00:00+00:00,96.19,99.17,95.77,98.74,3561
2022-05-01 20:00:00+00:00,98.74,99.51,96.84,98.05,3569
2022-05-02 00:00:00+00:00,98.31,99.5,97.66,99.43,2374
2022-05-02 04:00:00+00:00,99.46,100.7,98.85,100.34,1109
2022-05-02 08:00:00+00:00,100.35,100.83,99.27,99.75,1244
2022-05-02 12:00:00+00:00,99.75,99.97,97.8,98.26,1543
2022-05-02 16:00:00+00:00,98.25,100.41,98.07,98.78,4594
2022-05-02 20:00:00+00:00,98.77,100.27,97.85,99.65,4350
2022-05-03 00:00:00+00:00,99.61,101.39,99.6,99.76,2348
2022-05-03 04:00:00+00:00,99.77,100.87,99.72,100.56,1479
2022-05-03 08:00:00+00:00,100.57,100.88,99.72,100.65,1412
2022-05-03 12:00:00+00:00,100.64,100.74,99.46,100.21,1703
2022-05-03 16:00:00+00:00,100.21,100.79,98.53,99.8,3724
2022-05-03 20:00:00+00:00,99.81,100.49,96.9,97.47,4154
2022-05-04 00:00:00+00:00,97.41,99.81,97.26,99.81,3102
2022-05-04 04:00:00+00:00,99.82,100.04,99.26,99.51,1424
2022-05-04 08:00:00+00:00,99.51,102.19,99.13,102.14,2440
2022-05-04 12:00:00+00:00,102.18,102.8,101.22,101.46,2623
2022-05-04 16:00:00+00:00,101.45,103.34,100.11,102.72,4069
2022-05-04 20:00:00+00:00,102.71,106.61,101.55,105.96,8202
2022-05-05 00:00:00+00:00,106.18,106.31,104.93,106.08,2051
2022-05-05 04:00:00+00:00,106.08,106.34,105.33,105.44,1017
2022-05-05 08:00:00+00:00,105.44,105.82,104.06,104.17,1356
2022-05-05 12:00:00+00:00,104.16,105.04,104.08,104.53,1400
2022-05-05 16:00:00+00:00,104.54,104.62,96.27,97.33,9737
2022-05-05 20:00:00+00:00,97.36,97.88,94.22,96.35,8217
2022-05-06 00:00:00+00:00,96.47,96.99,95.43,96.28,3936
2022-05-06 04:00:00+00:00,96.26,96.72,95.32,96.64,2500
2022-05-06 08:00:00+00:00,96.65,97.87,94.6,96.14,4099
2022-05-06 12:00:00+00:00,96.14,96.9,93.73,94.91,5819
2022-05-06 16:00:00+00:00,94.91,96.49,92.13,95.87,10981
2022-05-06 20:00:00+00:00,95.88,96.0,94.23,95.59,4311
2022-05-07 00:00:00+00:00,95.03,96.88,95.01,95.95,2060
2022-05-07 04:00:00+00:00,95.89,96.34,94.62,94.67,1896
2022-05-07 08:00:00+00:00,94.71,96.13,94.6,95.76,2164
2022-05-07 12:00:00+00:00,95.77,96.77,95.42,95.99,2042
2022-05-07 16:00:00+00:00,96.02,96.07,95.18,96.01,2011
2022-05-07 20:00:00+00:00,96.0,96.17,95.17,95.59,1735
2022-05-08 00:00:00+00:00,95.74,95.79,92.04,93.11,8549
2022-05-08 04:00:00+00:00,93.13,93.67,91.01,92.61,6775
2022-05-08 08:00:00+00:00,92.61,94.15,92.46,93.34,3108
2022-05-08 12:00:00+00:00,93.35,94.1,92.99,93.32,2995
2022-05-08 16:00:00+00:00,93.26,93.78,92.24,92.98,5078
2022-05-08 20:00:00+00:00,92.98,95.24,90.77,94.46,5113
2022-05-09 00:00:00+00:00,94.56,94.96,92.75,93.91,3654
2022-05-09 04:00:00+00:00,93.91,94.28,90.05,91.35,6427
2022-05-09 08:00:00+00:00,91.35,91.64,89.46,90.57,4885
2022-05-09 12:00:00+00:00,90.6,91.24,85.71,86.82,8172
2022-05-09 16:00:00+00:00,86.84,88.39,80.26,81.38,12385
2022-05-09 20:00:00+00:00,81.38,83.14,76.2,80.25,14055
2022-05-10 00:00:00+00:00,79.87,80.88,72.71,76.71,12116
2022-05-10 04:00:00+00:00,76.79,80.33,76.57,79.99,12096
2022-05-10 08:00:00+00:00,79.9,83.56,79.88,81.51,6641
2022-05-10 12:00:00+00:00,81.52,83.98,80.08,83.77,8643
2022-05-10 16:00:00+00:00,83.78,84.47,78.91,80.57,12517
2022-05-10 20:00:00+00:00,80.55,81.83,78.54,78.65,5074
2022-05-11 00:00:00+00:00,78.77,80.52,76.86,79.65,5511
2022-05-11 04:00:00+00:00,79.66,80.36,77.67,77.93,6091
2022-05-11 08:00:00+00:00,77.97,79.83,74.67,79.44,10563
2022-05-11 12:00:00+00:00,79.43,82.26,66.97,68.24,10976
2022-05-11 16:00:00+00:00,68.24,78.68,68.2,71.32,10454
2022-05-11 20:00:00+00:00,71.32,71.67,65.08,65.22,13306
2022-05-12 00:00:00+00:00,66.07,69.07,63.54,67.42,15575
2022-05-12 04:00:00+00:00,67.44,68.24,57.26,58.45,15957
2022-05-12 08:00:00+00:00,58.46,62.7,51.26,58.91,14527
2022-05-12 12:00:00+00:00,58.91,63.64,57.6,62.9,13077
2022-05-12 16:00:00+00:00,62.85,67.15,59.67,66.07,14088
2022-05-12 20:00:00+00:00,66.11,66.3,61.57,62.87,9686
2022-05-13 00:00:00+00:00,62.54,65.71,60.71,65.71,6491
2022-05-13 04:00:00+00:00,65.67,69.66,64.03,68.81,10441
2022-05-13 08:00:00+00:00,68.81,70.84,67.1,68.17,7893
2022-05-13 12:00:00+00:00,68.2,72.28,68.1,70.92,7285
2022-05-13 16:00:00+00:00,70.93,72.6,68.81,70.0,10554
2022-05-13 20:00:00+00:00,70.0,70.85,67.86,67.97,7609
2022-05-14 00:00:00+00:00,69.15,69.88,66.6,68.25,3605
2022-05-14 04:00:00+00:00,68.23,69.63,66.55,66.87,3705
2022-05-14 08:00:00+00:00,66.87,67.95,66.47,67.81,3509
2022-05-14 12:00:00+00:00,67.81,68.22,64.26,65.04,4846
2022-05-14 16:00:00+00:00,65.04,66.83,63.54,65.99,6112
2022-05-14 20:00:00+00:00,65.99,67.41,65.6,65.93,4622
2022-05-15 00:00:00+00:00,65.9,68.87,65.86,67.39,4363
2022-05-15 04:00:00+00:00,67.39,67.77,65.35,66.68,2600
2022-05-15 08:00:00+00:00,66.72,68.35,66.13,66.8,3166
2022-05-15 12:00:00+00:00,66.8,69.23,66.78,68.68,3393
2022-05-15 16:00:00+00:00,68.68,68.68,66.22,67.92,3253
2022-05-15 20:00:00+00:00,67.92,70.44,67.49,69.99,3046
2022-05-16 00:00:00+00:00,69.99,71.17,69.32,69.55,3110
2022-05-16 04:00:00+00:00,69.55,69.75,66.88,67.29,3092
2022-05-16 08:00:00+00:00,67.28,67.85,64.37,66.27,4201
2022-05-16 12:00:00+00:00,66.27,67.5,64.42,66.71,5129
2022-05-16 16:00:00+00:00,66.7,67.27,64.91,65.55,5828
2022-05-16 20:00:00+00:00,65.54,67.54,65.43,67.4,2713
2022-05-17 00:00:00+00:00,67.83,68.16,66.35,67.72,3323
2022-05-17 04:00:00+00:00,67.7,70.46,67.4,69.99,2952
2022-05-17 08:00:00+00:00,69.99,70.53,69.2,69.96,2685
2022-05-17 12:00:00+00:00,69.96,70.93,69.71,70.85,3006
2022-05-17 16:00:00+00:00,70.85,72.95,69.66,72.17,8513
2022-05-17 20:00:00+00:00,72.18,73.29,69.06,71.01,9174
2022-05-18 00:00:00+00:00,71.03,73.75,71.02,72.92,8120
2022-05-18 04:00:00+00:00,72.93,73.1,70.36,71.13,6202
2022-05-18 08:00:00+00:00,71.1,72.78,69.87,71.15,4847
2022-05-18 12:00:00+00:00,71.15,72.46,69.67,69.97,4140
2022-05-18 16:00:00+00:00,69.97,70.24,66.05,67.46,8138
2022-05-18 20:00:00+00:00,67.47,67.92,65.69,67.21,4970
2022-05-19 00:00:00+00:00,67.12,67.75,65.15,66.0,4388
2022-05-19 04:00:00+00:00,65.99,67.3,64.08,66.39,4178
2022-05-19 08:00:00+00:00,66.38,68.31,65.93,66.18,3681
2022-05-19 12:00:00+00:00,66.17,68.04,65.45,67.89,3862
2022-05-19 16:00:00+00:00,67.9,72.1,67.57,70.6,6456
2022-05-19 20:00:00+00:00,70.59,71.22,70.04,70.55,3191
2022-05-20 00:00:00+00:00,70.38,71.77,70.11,71.35,2894
2022-05-20 04:00:00+00:00,71.39,72.81,68.32,69.27,4525
2022-05-20 08:00:00+00:00,69.26,70.02,68.32,69.41,3487
2022-05-20 12:00:00+00:00,69.4,70.85,68.85,69.46,3376
2022-05-20 16:00:00+00:00,69.44,70.41,66.22,66.76,7217
2022-05-20 20:00:00+00:00,66.75,68.7,66.4,67.95,4266
2022-05-21 00:00:00+00:00,67.74,68.93,67.32,68.01,2016
2022-05-21 04:00:00+00:00,68.03,69.24,67.19,68.8,2198
2022-05-21 08:00:00+00:00,68.83,69.36,68.23,69.33,2400
2022-05-21 12:00:00+00:00,69.33,69.37,68.24,68.77,1761
2022-05-21 16:00:00+00:00,68.77,70.03,68.5,69.67,2350
2022-05-21 20:00:00+00:00,69.66,69.86,68.85,69.1,1588
2022-05-22 00:00:00+00:00,69.15,69.61,68.7,69.5,1309
2022-05-22 04:00:00+00:00,69.51,69.61,68.8,68.85,1194
2022-05-22 08:00:00+00:00,68.84,70.22,68.83,70.11,1638
2022-05-22 12:00:00+00:00,70.12,71.88,70.12,71.56,4077
2022-05-22 16:00:00+00:00,71.59,71.93,69.74,70.5,2652
2022-05-22 20:00:00+00:00,70.48,71.03,70.05,70.25,1608
2022-05-23 00:00:00+00:00,70.15,71.68,70.13,71.18,2901
2022-05-23 04:00:00+00:00,71.19,71.19,69.96,70.66,2095
2022-05-23 08:00:00+00:00,70.67,72.42,70.46,71.36,3543
2022-05-23 12:00:00+00:00,71.36,73.41,70.93,72.22,4806
2022-05-23 16:00:00+00:00,72.22,72.79,70.96,71.95,6616
2022-05-23 20:00:00+00:00,71.95,72.05,67.96,68.95,6230
2022-05-24 00:00:00+00:00,68.91,70.42,67.73,68.64,4737
2022-05-24 04:00:00+00:00,68.65,69.51,68.44,69.02,1958
2022-05-24 08:00:00+00:00,69.02,69.2,67.77,68.16,2001
2022-05-24 12:00:00+00:00,68.16,69.68,67.55,68.86,2992
2022-05-24 16:00:00+00:00,68.86,69.35,66.45,69.0,6970
2022-05-24 20:00:00+00:00,69.0,69.92,68.07,69.72,3501
2022-05-25 00:00:00+00:00,69.69,70.21,69.27,69.39,2469
2022-05-25 04:00:00+00:00,69.39,71.05,69.12,70.14,2781
2022-05-25 08:00:00+00:00,70.13,70.25,68.45,69.01,2907
2022-05-25 12:00:00+00:00,69.0,69.18,67.33,67.93,3376
2022-05-25 16:00:00+00:00,67.97,68.91,67.58,67.74,4980
2022-05-25 20:00:00+00:00,67.73,68.58,67.3,68.06,4050
2022-05-26 00:00:00+00:00,67.67,68.3,67.39,68.04,1969
2022-05-26 04:00:00+00:00,68.04,68.12,67.04,67.22,1710
2022-05-26 08:00:00+00:00,67.22,67.73,62.54,63.18,5013
2022-05-26 12:00:00+00:00,63.18,63.37,61.6,62.32,4516
2022-05-26 16:00:00+00:00,62.34,65.45,59.89,64.46,8733
2022-05-26 20:00:00+00:00,64.49,64.75,62.89,63.6,3356
2022-05-27 00:00:00+00:00,63.89,64.3,62.45,62.55,3569
2022-05-27 04:00:00+00:00,62.56,62.97,60.52,61.68,5723
2022-05-27 08:00:00+00:00,61.67,63.2,60.49,61.89,6700
2022-05-27 12:00:00+00:00,61.92,63.57,61.72,63.32,5173
2022-05-27 16:00:00+00:00,63.31,63.48,61.04,61.43,6611
2022-05-27 20:00:00+00:00,61.44,62.09,60.35,61.43,6057
2022-05-28 00:00:00+00:00,61.15,62.27,60.4,62.11,2656
2022-05-28 04:00:00+00:00,62.11,62.32,60.73,62.09,2978
2022-05-28 12:00:00+00:00,61.95,63.18,61.95,63.05,1412
2022-05-28 16:00:00+00:00,63.07,63.46,62.5,62.61,1948
2022-05-28 20:00:00+00:00,62.61,62.91,62.12,62.66,1802
2022-05-29 00:00:00+00:00,62.84,62.88,61.99,62.55,1444
2022-05-29 04:00:00+00:00,62.54,62.6,61.26,61.62,1753
2022-05-29 08:00:00+00:00,61.59,62.52,61.54,62.18,1406
2022-05-29 12:00:00+00:00,62.19,63.75,61.91,63.46,2252
2022-05-29 16:00:00+00:00,63.47,63.83,62.68,63.21,2020
2022-05-29 20:00:00+00:00,63.21,63.53,61.99,62.45,1313
2022-05-30 00:00:00+00:00,62.4,63.53,62.36,62.8,1920
2022-05-30 04:00:00+00:00,62.79,65.78,62.79,65.03,4227
2022-05-30 08:00:00+00:00,65.05,66.52,65.03,66.07,3135
2022-05-30 12:00:00+00:00,66.07,66.14,64.47,65.69,3342
2022-05-30 16:00:00+00:00,65.7,66.53,65.23,66.14,3258
2022-05-30 20:00:00+00:00,66.15,67.76,66.05,67.44,2947
2022-05-31 00:00:00+00:00,67.42,69.25,67.27,68.57,5748
2022-05-31 04:00:00+00:00,68.57,69.19,67.97,68.67,2298
2022-05-31 08:00:00+00:00,68.7,68.94,67.73,68.26,3112
2022-05-31 12:00:00+00:00,68.24,68.36,67.25,67.48,2890
2022-05-31 16:00:00+00:00,67.48,68.62,65.68,68.12,6907
2022-05-31 20:00:00+00:00,68.13,68.34,66.72,67.8,3408
2022-06-01 00:00:00+00:00,67.82,69.99,67.37,69.17,3088
2022-06-01 04:00:00+00:00,69.18,69.49,67.61,68.2,2894
2022-06-01 08:00:00+00:00,68.2,68.52,66.97,67.5,2503
2022-06-01 12:00:00+00:00,67.51,68.32,66.95,68.06,2361
2022-06-01 16:00:00+00:00,68.06,68.62,64.11,64.25,7581
2022-06-01 20:00:00+00:00,64.24,64.29,61.13,62.3,5973
2022-06-02 00:00:00+00:00,62.07,62.81,61.6,62.38,3660
2022-06-02 04:00:00+00:00,62.39,62.79,61.46,62.0,2502
2022-06-02 08:00:00+00:00,62.01,62.99,61.66,62.7,2218
2022-06-02 12:00:00+00:00,62.7,63.41,62.34,62.87,2414
2022-06-02 16:00:00+00:00,62.88,63.49,61.84,63.25,5676
2022-06-02 20:00:00+00:00,63.24,63.7,62.81,63.34,2336
2022-06-03 00:00:00+00:00,63.46,64.2,63.37,63.58,2645
2022-06-03 04:00:00+00:00,63.57,64.33,63.54,63.66,1665
2022-06-03 08:00:00+00:00,63.63,63.84,62.9,63.25,1790
2022-06-03 12:00:00+00:00,63.22,63.39,61.13,61.38,4975
2022-06-03 16:00:00+00:00,61.38,61.81,60.81,61.46,3786
2022-06-03 20:00:00+00:00,61.47,61.74,61.1,61.66,1537
2022-06-04 00:00:00+00:00,61.83,62.48,61.81,62.08,1396
2022-06-04 04:00:00+00:00,62.06,62.1,60.81,61.83,1822
2022-06-04 08:00:00+00:00,61.85,62.38,61.65,62.17,1200
2022-06-04 12:00:00+00:00,62.18,62.41,61.57,61.78,1064
2022-06-04 16:00:00+00:00,61.76,62.8,61.63,62.5,1999
2022-06-04 20:00:00+00:00,62.51,62.9,62.39,62.82,1215
2022-06-05 00:00:00+00:00,62.87,63.81,62.53,62.59,1857
2022-06-05 04:00:00+00:00,62.58,62.65,61.89,62.21,1345
2022-06-05 08:00:00+00:00,62.23,62.56,62.16,62.27,1232
2022-06-05 12:00:00+00:00,62.27,62.43,61.83,62.2,1586
2022-06-05 16:00:00+00:00,62.2,63.15,61.12,61.92,2667
2022-06-05 20:00:00+00:00,61.93,63.29,61.81,62.94,2133
2022-06-06 00:00:00+00:00,62.76,63.84,62.36,63.67,2747
2022-06-06 04:00:00+00:00,63.67,65.41,63.63,65.01,3519
2022-06-06 08:00:00+00:00,65.01,65.6,64.55,65.5,2800
2022-06-06 12:00:00+00:00,65.51,65.96,64.96,65.26,2418
2022-06-06 16:00:00+00:00,65.26,65.55,63.38,63.7,4753
2022-06-06 20:00:00+00:00,63.68,63.8,62.89,63.47,3249
2022-06-07 00:00:00+00:00,63.63,64.14,60.48,60.64,5859
2022-06-07 04:00:00+00:00,60.63,61.19,59.56,60.69,7131
2022-06-07 08:00:00+00:00,60.7,61.42,60.43,61.27,4247
2022-06-07 12:00:00+00:00,61.27,61.32,60.46,60.75,5034
2022-06-07 16:00:00+00:00,60.74,62.13,60.59,61.72,8300
2022-06-07 20:00:00+00:00,61.75,64.92,61.61,64.41,10540
2022-06-08 00:00:00+00:00,64.53,64.75,61.56,63.34,7723
2022-06-08 04:00:00+00:00,63.35,63.91,61.47,62.16,7752
2022-06-08 08:00:00+00:00,62.17,62.96,61.2,61.5,7407
2022-06-08 12:00:00+00:00,61.5,61.84,60.75,61.05,6380
2022-06-08 16:00:00+00:00,61.05,62.78,60.92,61.51,11020
2022-06-08 20:00:00+00:00,61.47,61.73,60.55,61.42,6151
2022-06-09 00:00:00+00:00,61.45,61.68,60.32,60.78,4181
2022-06-09 04:00:00+00:00,60.78,61.23,60.35,60.89,4211
2022-06-09 08:00:00+00:00,60.89,61.79,60.74,61.73,4587
2022-06-09 12:00:00+00:00,61.74,61.81,60.35,60.41,6668
2022-06-09 16:00:00+00:00,60.4,61.12,60.07,61.07,8490
2022-06-09 20:00:00+00:00,61.08,61.35,58.68,59.58,6374
2022-06-10 00:00:00+00:00,59.66,59.82,57.91,58.99,4144
2022-06-10 04:00:00+00:00,59.02,59.82,58.78,59.24,4772
2022-06-10 08:00:00+00:00,59.25,59.75,59.02,59.11,5073
2022-06-10 12:00:00+00:00,59.1,59.24,55.81,57.14,7352
2022-06-10 16:00:00+00:00,57.15,57.8,54.97,56.39,12912
2022-06-10 20:00:00+00:00,56.4,57.6,55.97,56.36,8814
2022-06-11 00:00:00+00:00,56.34,56.88,55.49,56.76,2019
2022-06-11 04:00:00+00:00,56.75,57.2,56.08,57.0,1622
2022-06-11 08:00:00+00:00,57.0,57.22,55.49,55.49,1745
2022-06-11 12:00:00+00:00,55.51,56.43,53.25,53.79,3973
2022-06-11 16:00:00+00:00,53.79,54.52,51.05,52.49,8066
2022-06-11 20:00:00+00:00,52.49,53.4,51.32,51.51,4623
2022-06-12 00:00:00+00:00,51.61,52.81,51.19,51.59,2577
2022-06-12 04:00:00+00:00,51.59,51.65,48.4,48.59,5962
2022-06-12 08:00:00+00:00,48.6,50.09,48.03,49.48,4803
2022-06-12 12:00:00+00:00,49.47,49.72,47.95,49.07,3058
2022-06-12 16:00:00+00:00,49.06,52.08,48.22,50.4,6229
2022-06-12 20:00:00+00:00,50.4,51.11,49.36,49.55,3082
2022-06-13 00:00:00+00:00,49.44,49.78,45.28,45.37,8140
2022-06-13 04:00:00+00:00,45.4,46.17,43.47,44.62,11949
2022-06-13 08:00:00+00:00,44.62,45.04,41.44,41.63,10769
2022-06-13 12:00:00+00:00,41.64,43.2,40.81,41.46,12321
2022-06-13 16:00:00+00:00,41.48,44.33,40.46,43.25,14093
2022-06-13 20:00:00+00:00,43.26,44.78,42.39,43.55,8115
2022-06-14 00:00:00+00:00,43.53,43.72,41.56,42.07,9565
2022-06-14 04:00:00+00:00,42.04,44.48,39.79,42.7,12230
2022-06-14 08:00:00+00:00,42.66,45.13,42.59,43.8,9360
2022-06-14 12:00:00+00:00,43.81,44.61,42.84,43.84,7687
2022-06-14 16:00:00+00:00,43.85,45.82,43.29,44.32,10928
2022-06-14 20:00:00+00:00,44.32,45.23,43.87,44.53,6952
2022-06-15 00:00:00+00:00,44.67,45.89,43.5,45.01,7652
2022-06-15 04:00:00+00:00,45.0,46.1,42.86,43.43,6810
2022-06-15 08:00:00+00:00,43.43,43.61,41.19,41.37,8705
2022-06-15 12:00:00+00:00,41.36,44.79,41.09,43.81,9009
2022-06-15 16:00:00+00:00,43.81,44.79,43.31,43.72,6408
2022-06-15 20:00:00+00:00,43.71,48.86,42.61,48.1,15145
2022-06-16 00:00:00+00:00,48.09,50.63,48.08,49.69,12544
2022-06-16 04:00:00+00:00,49.7,50.49,48.38,48.39,5590
2022-06-16 08:00:00+00:00,48.37,48.76,46.46,47.19,5764
2022-06-16 12:00:00+00:00,47.17,47.31,43.96,44.83,9405
2022-06-16 16:00:00+00:00,44.83,45.75,43.84,45.45,11034
2022-06-16 20:00:00+00:00,45.49,46.18,44.49,45.18,6878
2022-06-17 00:00:00+00:00,45.57,45.67,43.45,44.84,7598
2022-06-17 04:00:00+00:00,44.84,46.49,44.8,45.51,6125
2022-06-17 08:00:00+00:00,45.54,47.22,45.11,46.3,5467
2022-06-17 12:00:00+00:00,46.31,46.56,45.32,45.39,5079
2022-06-17 16:00:00+00:00,45.39,46.37,44.99,45.38,7687
2022-06-17 20:00:00+00:00,45.37,46.64,45.26,46.63,3288
2022-06-18 00:00:00+00:00,46.48,47.84,46.45,47.31,2582
2022-06-18 04:00:00+00:00,47.34,47.65,46.23,46.9,2628
2022-06-18 08:00:00+00:00,46.89,47.75,43.15,43.67,9326
2022-06-18 12:00:00+00:00,43.65,45.25,43.56,44.59,5306
2022-06-18 16:00:00+00:00,44.61,45.58,43.84,44.17,3767
2022-06-18 20:00:00+00:00,44.17,44.5,40.88,41.76,10441
2022-06-19 00:00:00+00:00,42.34,46.98,42.12,45.62,11292
2022-06-19 04:00:00+00:00,45.62,46.31,44.48,45.47,5924
2022-06-19 08:00:00+00:00,45.47,46.9,44.34,46.44,6754
2022-06-19 12:00:00+00:00,46.43,51.29,46.32,49.62,10555
2022-06-19 16:00:00+00:00,49.63,52.45,49.27,52.15,9682
2022-06-19 20:00:00+00:00,52.14,55.71,52.12,54.56,10545
2022-06-20 00:00:00+00:00,54.43,54.84,51.59,51.67,7143
2022-06-20 04:00:00+00:00,51.68,52.72,50.91,51.29,7368
2022-06-20 08:00:00+00:00,51.27,52.99,50.61,52.54,6519
2022-06-20 12:00:00+00:00,52.5,53.44,51.63,51.85,8118
2022-06-20 16:00:00+00:00,51.86,52.86,50.85,51.72,7423
2022-06-20 20:00:00+00:00,51.72,52.83,50.95,52.25,5815
2022-06-21 00:00:00+00:00,52.18,52.84,50.89,52.38,6247
2022-06-21 04:00:00+00:00,52.38,53.17,51.38,52.49,5686
2022-06-21 08:00:00+00:00,52.5,54.03,52.32,53.31,6746
2022-06-21 12:00:00+00:00,53.32,53.42,51.75,52.44,4080
2022-06-21 16:00:00+00:00,52.42,55.18,52.38,53.5,4468
2022-06-21 20:00:00+00:00,53.49,53.81,52.09,52.77,4060
2022-06-22 00:00:00+00:00,52.71,54.14,51.13,51.36,4854
2022-06-22 04:00:00+00:00,51.36,52.28,50.56,51.39,3609
2022-06-22 08:00:00+00:00,51.39,51.75,49.85,50.64,3597
2022-06-22 12:00:00+00:00,50.65,51.81,50.48,50.97,3696
2022-06-22 16:00:00+00:00,50.97,52.87,50.46,51.52,7851
2022-06-22 20:00:00+00:00,51.5,51.82,50.56,51.02,3808
2022-06-23 00:00:00+00:00,51.23,54.35,51.05,54.02,4587
2022-06-23 04:00:00+00:00,54.02,54.78,53.11,54.19,3060
2022-06-23 08:00:00+00:00,54.21,55.46,54.11,54.63,3363
2022-06-23 12:00:00+00:00,54.63,55.04,53.61,54.0,3763
2022-06-23 16:00:00+00:00,53.99,54.54,53.25,53.45,3936
2022-06-23 20:00:00+00:00,53.45,55.57,52.94,55.1,3716
2022-06-24 00:00:00+00:00,55.13,56.18,54.59,55.22,3292
2022-06-24 04:00:00+00:00,55.18,56.78,55.05,55.23,2647
2022-06-24 08:00:00+00:00,55.23,55.65,54.35,55.37,2697
2022-06-24 12:00:00+00:00,55.38,56.46,54.52,55.81,3935
2022-06-24 16:00:00+00:00,55.82,56.3,53.83,54.67,4044
2022-06-24 20:00:00+00:00,54.66,55.53,54.06,54.76,2855
2022-06-25 00:00:00+00:00,56.09,56.43,54.8,55.56,3027
2022-06-25 04:00:00+00:00,55.56,56.48,55.3,55.91,2549
2022-06-25 08:00:00+00:00,55.9,56.69,55.47,56.12,2347
2022-06-25 12:00:00+00:00,56.12,56.39,54.08,54.56,2754
2022-06-25 16:00:00+00:00,54.55,56.64,54.32,56.16,3452
2022-06-25 20:00:00+00:00,56.15,58.83,55.82,58.28,3847
2022-06-26 00:00:00+00:00,58.26,59.18,57.96,58.62,3216
2022-06-26 04:00:00+00:00,58.67,59.92,58.31,59.09,2246
2022-06-26 08:00:00+00:00,59.09,59.24,57.95,58.14,2459
2022-06-26 12:00:00+00:00,58.14,59.86,57.6,58.06,4162
2022-06-26 16:00:00+00:00,58.04,58.25,56.9,58.04,3714
2022-06-26 20:00:00+00:00,58.0,58.33,57.0,58.33,2239
2022-06-27 00:00:00+00:00,58.06,58.06,55.94,56.73,4303
2022-06-27 04:00:00+00:00,56.71,57.66,56.54,57.49,1985
2022-06-27 08:00:00+00:00,57.49,58.06,56.72,57.93,1986
2022-06-27 12:00:00+00:00,57.93,57.95,56.59,56.87,2387
2022-06-27 16:00:00+00:00,56.87,57.22,54.8,55.13,4769
2022-06-27 20:00:00+00:00,55.12,55.86,54.3,55.44,2607
2022-06-28 00:00:00+00:00,55.36,56.11,54.73,55.06,2422
2022-06-28 04:00:00+00:00,55.06,55.29,53.38,54.31,2817
2022-06-28 08:00:00+00:00,54.31,55.9,54.13,55.81,2171
2022-06-28 12:00:00+00:00,55.82,56.45,55.23,55.96,3013
2022-06-28 16:00:00+00:00,55.95,56.33,53.51,53.99,4175
2022-06-28 20:00:00+00:00,53.99,54.05,52.33,52.74,3199
2022-06-29 00:00:00+00:00,52.37,53.25,51.65,52.2,2883
2022-06-29 04:00:00+00:00,52.2,52.83,52.08,52.25,1876
2022-06-29 08:00:00+00:00,52.25,52.57,50.79,51.67,4102
2022-06-29 12:00:00+00:00,51.67,52.12,50.95,51.36,3649
2022-06-29 16:00:00+00:00,51.37,52.66,50.92,52.02,5087
2022-06-29 20:00:00+00:00,51.99,53.87,51.35,52.95,3430
2022-06-30 00:00:00+00:00,52.96,53.59,52.29,52.33,3348
2022-06-30 04:00:00+00:00,52.33,52.92,51.78,52.46,2907
2022-06-30 08:00:00+00:00,52.48,53.08,50.31,50.53,4746
2022-06-30 12:00:00+00:00,50.53,51.15,49.56,50.94,4024
2022-06-30 16:00:00+00:00,50.95,51.52,49.55,50.78,4428
2022-06-30 20:00:00+00:00,50.78,51.3,50.01,50.52,3594
2022-07-01 00:00:00+00:00,51.05,55.6,50.74,54.43,7590
2022-07-01 04:00:00+00:00,54.43,54.71,51.94,52.15,5050
2022-07-01 08:00:00+00:00,52.15,52.68,49.73,50.71,4382
2022-07-01 12:00:00+00:00,50.7,51.09,49.52,50.25,3903
2022-07-01 16:00:00+00:00,50.25,51.02,49.7,50.33,4611
2022-07-01 20:00:00+00:00,50.29,51.57,50.22,51.01,2684
2022-07-02 00:00:00+00:00,50.34,51.1,50.05,50.2,3041
2022-07-02 04:00:00+00:00,50.2,50.89,49.84,50.36,2289
2022-07-02 08:00:00+00:00,50.36,50.81,49.85,49.89,1065
2022-07-02 12:00:00+00:00,49.88,50.36,49.22,50.06,2327
2022-07-02 16:00:00+00:00,50.07,50.07,49.29,49.81,1832
2022-07-02 20:00:00+00:00,49.79,50.21,49.61,49.95,1488
2022-07-03 00:00:00+00:00,49.56,50.4,49.49,49.83,1219
2022-07-03 04:00:00+00:00,49.85,50.06,48.55,49.65,1619
2022-07-03 08:00:00+00:00,49.65,50.12,48.9,49.35,2723
2022-07-03 12:00:00+00:00,49.33,49.73,48.99,49.35,1207
2022-07-03 16:00:00+00:00,49.35,49.39,48.61,49.23,1534
2022-07-03 20:00:00+00:00,49.21,50.76,49.19,50.53,1691
2022-07-04 00:00:00+00:00,50.45,51.5,50.09,50.35,2112
2022-07-04 04:00:00+00:00,50.32,50.32,49.11,49.55,1664
2022-07-04 08:00:00+00:00,49.56,49.64,49.22,49.35,960
2022-07-04 12:00:00+00:00,49.35,51.21,49.32,50.73,2852
2022-07-04 16:00:00+00:00,50.72,51.59,50.12,50.71,2905
2022-07-04 20:00:00+00:00,50.73,51.29,50.56,50.68,1524
2022-07-05 00:00:00+00:00,50.81,51.9,50.63,51.67,3282
2022-07-05 04:00:00+00:00,51.67,51.76,50.73,51.36,1414
2022-07-05 08:00:00+00:00,51.35,51.89,49.83,50.1,2465
2022-07-05 12:00:00+00:00,50.08,50.21,47.53,47.89,3501
2022-07-05 16:00:00+00:00,47.88,48.16,47.42,47.87,4068
2022-07-05 20:00:00+00:00,47.87,50.76,47.76,50.15,3877
2022-07-06 00:00:00+00:00,50.15,50.17,48.81,49.37,2821
2022-07-06 04:00:00+00:00,49.37,50.61,48.39,49.5,3798
2022-07-06 08:00:00+00:00,49.49,49.84,49.06,49.54,2699
2022-07-06 12:00:00+00:00,49.53,50.01,49.12,49.49,2623
2022-07-06 16:00:00+00:00,49.49,49.88,49.03,49.49,2611
2022-07-06 20:00:00+00:00,49.49,49.93,49.04,49.82,2798
2022-07-07 00:00:00+00:00,49.73,50.2,49.39,49.78,2143
2022-07-07 04:00:00+00:00,49.79,49.86,49.22,49.39,1113
2022-07-07 08:00:00+00:00,49.38,49.83,49.23,49.79,1152
2022-07-07 12:00:00+00:00,49.79,49.98,49.33,49.49,1162
2022-07-07 16:00:00+00:00,49.5,51.4,49.44,51.16,3301
2022-07-07 20:00:00+00:00,51.14,51.59,50.65,51.29,2820
2022-07-08 00:00:00+00:00,51.14,52.12,50.87,51.94,2008
2022-07-08 04:00:00+00:00,51.96,53.45,51.82,52.87,3174
2022-07-08 08:00:00+00:00,52.86,52.99,51.44,51.46,2746
2022-07-08 12:00:00+00:00,51.45,51.64,50.43,50.6,3765
2022-07-08 16:00:00+00:00,50.59,51.95,50.24,51.01,6316
2022-07-08 20:00:00+00:00,51.0,51.83,50.87,51.48,3191
2022-07-09 00:00:00+00:00,51.23,51.61,50.59,50.99,2271
2022-07-09 04:00:00+00:00,50.98,51.53,50.97,51.37,1986
2022-07-09 08:00:00+00:00,51.37,51.96,51.2,51.84,1540
2022-07-09 12:00:00+00:00,51.84,51.94,51.05,51.42,1675
2022-07-09 16:00:00+00:00,51.43,51.99,51.26,51.93,1732
2022-07-09 20:00:00+00:00,51.93,53.29,51.84,52.87,2167
2022-07-10 00:00:00+00:00,52.81,54.28,52.56,53.46,2420
2022-07-10 04:00:00+00:00,53.45,54.51,52.89,54.19,3535
2022-07-10 08:00:00+00:00,54.19,54.45,53.69,53.94,2086
2022-07-10 12:00:00+00:00,53.94,54.16,53.23,53.87,2129
2022-07-10 16:00:00+00:00,53.85,53.86,50.96,51.58,3769
2022-07-10 20:00:00+00:00,51.58,51.7,50.12,51.07,2106
2022-07-11 00:00:00+00:00,51.18,52.63,50.9,51.39,3257
2022-07-11 04:00:00+00:00,51.39,51.4,50.41,50.65,2395
2022-07-11 08:00:00+00:00,50.64,50.78,50.0,50.44,2275
2022-07-11 12:00:00+00:00,50.44,50.77,50.01,50.62,1542
2022-07-11 16:00:00+00:00,50.63,50.82,49.53,49.99,3488
2022-07-11 20:00:00+00:00,50.0,50.52,49.87,49.89,1513
2022-07-12 00:00:00+00:00,49.86,49.98,47.7,48.2,4882
2022-07-12 04:00:00+00:00,48.19,48.46,47.99,48.39,1612
2022-07-12 08:00:00+00:00,48.39,48.61,47.54,47.94,2455
2022-07-12 12:00:00+00:00,47.94,48.04,46.96,47.86,2532
2022-07-12 16:00:00+00:00,47.87,48.43,47.42,48.26,3516
2022-07-12 20:00:00+00:00,48.26,48.3,46.75,47.26,2854
2022-07-13 00:00:00+00:00,47.23,47.59,46.18,46.94,2730
2022-07-13 04:00:00+00:00,46.95,47.71,46.89,47.38,1224
2022-07-13 08:00:00+00:00,47.39,48.53,47.31,48.39,2187
2022-07-13 12:00:00+00:00,48.4,48.99,45.83,46.27,4094
2022-07-13 16:00:00+00:00,46.26,47.68,45.97,47.6,6253
2022-07-13 20:00:00+00:00,47.6,48.29,47.56,47.81,3456
2022-07-14 00:00:00+00:00,47.83,49.26,47.79,48.91,3286
2022-07-14 04:00:00+00:00,48.92,49.28,48.42,48.48,1761
2022-07-14 08:00:00+00:00,48.48,48.89,47.67,47.74,2092
2022-07-14 12:00:00+00:00,47.73,48.13,47.4,47.92,2731
2022-07-14 16:00:00+00:00,47.91,49.66,47.51,49.05,4707
2022-07-14 20:00:00+00:00,49.04,51.22,48.94,50.59,3456
2022-07-15 00:00:00+00:00,50.73,50.95,50.13,50.25,1461
2022-07-15 04:00:00+00:00,50.25,51.38,50.22,50.57,2493
2022-07-15 08:00:00+00:00,50.58,50.92,50.11,50.56,2332
2022-07-15 12:00:00+00:00,50.56,51.17,50.23,50.9,2845
2022-07-15 16:00:00+00:00,50.91,52.28,50.63,50.88,3980
2022-07-15 20:00:00+00:00,50.87,52.21,50.77,51.59,3001
2022-07-16 00:00:00+00:00,51.01,51.57,50.65,50.73,1683
2022-07-16 04:00:00+00:00,50.72,51.31,50.57,51.2,1124
2022-07-16 08:00:00+00:00,51.21,51.34,50.54,50.87,1378
2022-07-16 12:00:00+00:00,50.87,51.7,50.76,51.59,887
2022-07-16 16:00:00+00:00,51.6,54.09,51.54,53.96,3856
2022-07-16 20:00:00+00:00,53.97,54.29,53.12,53.7,3141
2022-07-17 00:00:00+00:00,53.8,55.03,53.64,54.75,2755
2022-07-17 04:00:00+00:00,54.75,55.71,54.06,54.89,2190
2022-07-17 08:00:00+00:00,54.89,55.84,54.79,55.27,2355
2022-07-17 12:00:00+00:00,55.26,55.41,54.3,54.73,2789
2022-07-17 16:00:00+00:00,54.71,55.31,53.83,54.66,3713
2022-07-17 20:00:00+00:00,54.66,55.65,53.93,55.28,3574
2022-07-18 00:00:00+00:00,55.49,56.48,54.71,55.52,3564
2022-07-18 04:00:00+00:00,55.53,57.41,55.53,56.96,4137
2022-07-18 08:00:00+00:00,56.97,58.33,56.77,56.96,5242
2022-07-18 12:00:00+00:00,56.96,58.05,56.63,57.77,3831
2022-07-18 16:00:00+00:00,57.78,58.77,57.15,57.23,4811
2022-07-18 20:00:00+00:00,57.23,57.29,55.45,56.06,4552
2022-07-19 00:00:00+00:00,55.9,59.08,55.9,57.17,6566
2022-07-19 04:00:00+00:00,57.16,57.42,55.32,56.2,4734
2022-07-19 08:00:00+00:00,56.17,56.68,55.35,56.48,3621
2022-07-19 12:00:00+00:00,56.46,57.06,55.93,57.04,3370
2022-07-19 16:00:00+00:00,57.03,58.5,56.04,57.63,8175
2022-07-19 20:00:00+00:00,57.64,58.29,57.19,57.85,4234
2022-07-20 00:00:00+00:00,57.68,58.49,56.46,56.79,4278
2022-07-20 04:00:00+00:00,56.76,58.14,56.63,57.87,2825
2022-07-20 08:00:00+00:00,57.86,58.79,56.57,56.88,4175
2022-07-20 12:00:00+00:00,56.86,58.3,56.61,58.19,4977
2022-07-20 16:00:00+00:00,58.22,61.24,58.11,59.44,7931
2022-07-20 20:00:00+00:00,59.43,59.76,55.9,56.65,6961
2022-07-21 00:00:00+00:00,56.74,58.06,56.07,56.7,4440
2022-07-21 04:00:00+00:00,56.71,57.38,54.63,55.56,5515
2022-07-21 08:00:00+00:00,55.55,56.26,55.28,55.9,3107
2022-07-21 12:00:00+00:00,55.89,56.42,54.89,56.17,3780
2022-07-21 16:00:00+00:00,56.17,57.28,55.15,57.1,5405
2022-07-21 20:00:00+00:00,57.08,58.17,56.7,57.65,3873
2022-07-22 00:00:00+00:00,57.66,57.98,57.18,57.93,2753
2022-07-22 04:00:00+00:00,57.94,58.06,56.89,57.23,2705
2022-07-22 08:00:00+00:00,57.23,58.12,56.83,57.74,2627
2022-07-22 12:00:00+00:00,57.76,58.7,57.75,58.38,3398
2022-07-22 16:00:00+00:00,58.38,58.58,56.49,56.91,5356
2022-07-22 20:00:00+00:00,56.91,57.2,55.0,55.26,3839
2022-07-23 00:00:00+00:00,55.43,56.31,54.87,55.72,1976
2022-07-23 04:00:00+00:00,55.72,56.76,55.61,56.4,1517
2022-07-23 08:00:00+00:00,56.41,56.71,55.44,55.5,2274
2022-07-23 12:00:00+00:00,55.5,56.02,54.17,54.98,3454
2022-07-23 16:00:00+00:00,54.97,55.37,54.51,54.81,2355
2022-07-23 20:00:00+00:00,54.83,55.28,54.0,55.27,2971
2022-07-24 00:00:00+00:00,55.39,56.48,55.14,56.2,2239
2022-07-24 04:00:00+00:00,56.21,56.76,56.05,56.69,2186
2022-07-24 08:00:00+00:00,56.69,57.7,56.62,57.39,2778
2022-07-24 12:00:00+00:00,57.4,58.04,56.85,57.0,2919
2022-07-24 16:00:00+00:00,57.0,58.42,56.81,58.41,3335
2022-07-24 20:00:00+00:00,58.4,59.21,58.09,58.87,2446
2022-07-25 00:00:00+00:00,58.71,59.28,56.28,56.41,4933
2022-07-25 04:00:00+00:00,56.38,56.41,55.27,55.85,3581
2022-07-25 08:00:00+00:00,55.86,56.34,55.41,56.13,2582
2022-07-25 12:00:00+00:00,56.12,56.26,55.64,56.07,2034
2022-07-25 16:00:00+00:00,56.07,56.28,55.25,55.96,3948
2022-07-25 20:00:00+00:00,55.97,56.2,54.27,55.82,3667
2022-07-26 00:00:00+00:00,55.37,55.92,52.56,52.63,4885
2022-07-26 04:00:00+00:00,52.62,53.42,52.32,53.13,2536
2022-07-26 08:00:00+00:00,53.14,53.14,52.54,52.75,1653
2022-07-26 12:00:00+00:00,52.75,53.19,51.79,52.04,2144
2022-07-26 16:00:00+00:00,52.03,52.36,51.09,52.07,3559
2022-07-26 20:00:00+00:00,52.06,52.39,51.48,52.18,2502
2022-07-27 00:00:00+00:00,52.41,53.5,52.02,53.33,3054
2022-07-27 04:00:00+00:00,53.34,53.43,52.51,52.88,1565
2022-07-27 08:00:00+00:00,52.88,53.75,52.8,53.34,1866
2022-07-27 12:00:00+00:00,53.33,53.46,52.62,53.38,1868
2022-07-27 16:00:00+00:00,53.38,54.13,52.91,53.29,2346
2022-07-27 20:00:00+00:00,53.28,58.36,53.14,57.88,7336
2022-07-28 00:00:00+00:00,57.87,58.79,57.56,58.47,2970
2022-07-28 04:00:00+00:00,58.47,60.15,58.2,59.17,2628
2022-07-28 08:00:00+00:00,59.18,59.57,58.83,59.25,2279
2022-07-28 12:00:00+00:00,59.25,59.54,57.48,58.69,3955
2022-07-28 16:00:00+00:00,58.68,63.73,57.76,62.02,8946
2022-07-28 20:00:00+00:00,62.03,63.75,61.91,62.84,5134
2022-07-29 00:00:00+00:00,63.09,63.74,61.82,63.31,4111
2022-07-29 04:00:00+00:00,63.3,63.59,62.28,63.54,2880
2022-07-29 08:00:00+00:00,63.54,64.1,61.08,61.9,5392
2022-07-29 12:00:00+00:00,61.9,62.49,59.28,59.9,5745
2022-07-29 16:00:00+00:00,59.9,62.2,59.65,60.59,6895
2022-07-29 20:00:00+00:00,60.59,61.33,59.68,61.13,4147
2022-07-30 00:00:00+00:00,60.17,61.75,59.94,61.13,4303
2022-07-30 04:00:00+00:00,61.14,61.28,59.9,60.47,4517
2022-07-30 08:00:00+00:00,60.48,61.86,60.36,61.7,2106
2022-07-30 12:00:00+00:00,61.71,62.18,60.6,61.89,3455
2022-07-30 16:00:00+00:00,61.9,63.6,61.66,62.68,4823
2022-07-30 20:00:00+00:00,62.68,63.28,60.97,61.31,3933
2022-07-31 00:00:00+00:00,61.35,61.54,59.44,60.55,4295
2022-07-31 04:00:00+00:00,60.54,61.08,59.99,60.93,2293
2022-07-31 08:00:00+00:00,60.93,61.1,60.11,60.18,2162
2022-07-31 12:00:00+00:00,60.17,61.26,60.04,61.18,2430
2022-07-31 16:00:00+00:00,61.21,61.8,60.34,61.52,3835
2022-07-31 20:00:00+00:00,61.53,62.52,60.08,61.68,5722
2022-08-01 00:00:00+00:00,61.65,62.06,58.53,59.72,6276
2022-08-01 04:00:00+00:00,59.71,60.24,59.39,59.72,3286
2022-08-01 08:00:00+00:00,59.72,59.81,58.63,59.1,3820
2022-08-01 12:00:00+00:00,59.1,59.43,57.35,58.45,4514
2022-08-01 16:00:00+00:00,58.45,59.56,57.96,58.85,7075
2022-08-01 20:00:00+00:00,58.87,58.91,57.72,58.38,5418
2022-08-02 00:00:00+00:00,58.43,59.37,57.57,58.59,4192
2022-08-02 04:00:00+00:00,58.59,58.8,56.13,56.58,5327
2022-08-02 08:00:00+00:00,56.59,57.18,56.41,56.73,3799
2022-08-02 12:00:00+00:00,56.71,57.59,56.15,56.68,5275
2022-08-02 16:00:00+00:00,56.68,59.24,56.54,59.03,8197
2022-08-02 20:00:00+00:00,59.02,59.13,57.59,58.15,5812
2022-08-03 00:00:00+00:00,58.07,58.34,56.26,56.45,4808
2022-08-03 04:00:00+00:00,56.45,57.21,56.2,57.02,3816
2022-08-03 08:00:00+00:00,57.03,58.24,56.94,58.23,4039
2022-08-03 12:00:00+00:00,58.2,59.39,58.18,58.46,5338
2022-08-03 16:00:00+00:00,58.46,59.2,58.23,58.95,4724
2022-08-03 20:00:00+00:00,58.95,59.65,58.86,58.92,3532
2022-08-04 00:00:00+00:00,59.01,59.09,56.79,58.33,4314
2022-08-04 04:00:00+00:00,58.32,58.74,58.08,58.5,3408
2022-08-04 08:00:00+00:00,58.49,58.7,57.49,57.83,4320
2022-08-04 12:00:00+00:00,57.83,58.43,57.55,58.04,3826
2022-08-04 16:00:00+00:00,58.03,60.32,57.86,58.25,8215
2022-08-04 20:00:00+00:00,58.25,59.12,58.14,58.65,4845
2022-08-05 00:00:00+00:00,58.89,59.62,58.38,59.36,3077
2022-08-05 04:00:00+00:00,59.35,61.31,59.35,61.06,4687
2022-08-05 08:00:00+00:00,61.06,61.74,60.58,61.04,4152
2022-08-05 12:00:00+00:00,61.04,61.9,60.1,60.49,5601
2022-08-05 16:00:00+00:00,60.47,61.3,59.88,60.56,5967
2022-08-05 20:00:00+00:00,60.56,60.83,60.14,60.8,3875
2022-08-06 00:00:00+00:00,61.18,62.09,61.14,61.44,4061
2022-08-06 04:00:00+00:00,61.44,61.55,60.91,61.12,2692
2022-08-06 08:00:00+00:00,61.12,61.44,60.76,60.82,2245
2022-08-06 12:00:00+00:00,60.82,60.87,60.41,60.79,1189
2022-08-06 16:00:00+00:00,60.78,61.14,60.48,60.51,1076
2022-08-06 20:00:00+00:00,60.49,61.19,60.02,60.97,1916
2022-08-07 00:00:00+00:00,61.02,61.13,59.54,59.79,2038
2022-08-07 04:00:00+00:00,59.8,60.16,59.38,59.78,2245
2022-08-07 08:00:00+00:00,59.77,60.29,59.76,59.94,1734
2022-08-07 12:00:00+00:00,59.93,61.27,59.85,60.78,1996
2022-08-07 16:00:00+00:00,60.76,61.12,60.67,61.04,2319
2022-08-07 20:00:00+00:00,61.04,61.45,60.97,61.37,2135
2022-08-08 00:00:00+00:00,61.42,61.5,60.28,60.74,3055
2022-08-08 04:00:00+00:00,60.76,60.96,60.3,60.95,2492
2022-08-08 08:00:00+00:00,60.94,62.72,60.89,62.57,4436
2022-08-08 12:00:00+00:00,62.58,63.62,62.58,63.35,5112
2022-08-08 16:00:00+00:00,63.33,63.37,62.02,62.3,6359
2022-08-08 20:00:00+00:00,62.29,63.04,62.07,62.95,3996
2022-08-09 00:00:00+00:00,62.77,62.78,61.37,61.94,2934
2022-08-09 04:00:00+00:00,61.95,62.29,61.45,62.23,2693
2022-08-09 08:00:00+00:00,62.24,62.35,61.41,61.48,3373
2022-08-09 12:00:00+00:00,61.49,61.67,58.7,59.47,6337
2022-08-09 16:00:00+00:00,59.47,59.69,57.77,58.35,5334
2022-08-09 20:00:00+00:00,58.35,59.01,58.22,58.73,2792
2022-08-10 00:00:00+00:00,58.85,59.23,56.94,57.89,3087
2022-08-10 04:00:00+00:00,57.89,58.34,57.35,58.19,3802
2022-08-10 08:00:00+00:00,58.19,58.52,57.46,58.36,3089
2022-08-10 12:00:00+00:00,58.37,61.38,57.93,61.2,5682
2022-08-10 16:00:00+00:00,61.19,61.84,60.76,61.24,7068
2022-08-10 20:00:00+00:00,61.24,61.47,60.54,61.09,5694
2022-08-11 00:00:00+00:00,60.86,61.62,60.79,61.62,4114
2022-08-11 04:00:00+00:00,61.62,62.13,61.08,61.86,4858
2022-08-11 08:00:00+00:00,61.87,62.06,61.14,61.64,4770
2022-08-11 12:00:00+00:00,61.63,62.93,61.0,62.8,4948
2022-08-11 16:00:00+00:00,62.81,63.0,61.43,62.0,6508
2022-08-11 20:00:00+00:00,62.02,62.45,61.63,62.19,3812
2022-08-12 00:00:00+00:00,62.09,62.24,60.28,61.31,4286
2022-08-12 04:00:00+00:00,61.31,61.76,60.83,61.0,3961
2022-08-12 08:00:00+00:00,61.0,61.73,60.93,61.32,3476
2022-08-12 12:00:00+00:00,61.31,61.88,60.18,60.62,5864
2022-08-12 16:00:00+00:00,60.62,61.45,60.38,61.1,6007
2022-08-12 20:00:00+00:00,61.1,62.09,61.1,62.02,4690
2022-08-13 00:00:00+00:00,61.43,62.58,61.02,62.51,3029
2022-08-13 04:00:00+00:00,62.52,63.53,62.46,63.13,4077
2022-08-13 08:00:00+00:00,63.13,63.97,62.94,63.14,3140
2022-08-13 12:00:00+00:00,63.13,64.0,62.98,63.59,1795
2022-08-13 16:00:00+00:00,63.57,65.13,63.38,64.25,2496
2022-08-13 20:00:00+00:00,64.25,64.41,62.77,63.32,1666
2022-08-14 00:00:00+00:00,63.31,64.2,63.06,63.72,1670
2022-08-14 04:00:00+00:00,63.71,64.39,62.88,64.32,4071
2022-08-14 08:00:00+00:00,64.32,65.26,64.17,64.62,6023
2022-08-14 12:00:00+00:00,64.6,65.0,63.55,63.88,1934
2022-08-14 16:00:00+00:00,63.85,65.31,62.89,63.03,4357
2022-08-14 20:00:00+00:00,63.03,63.28,62.14,62.93,3012
2022-08-15 00:00:00+00:00,62.92,63.32,61.91,63.28,4700
2022-08-15 04:00:00+00:00,63.28,64.82,62.89,63.69,6629
2022-08-15 08:00:00+00:00,63.71,63.97,60.03,60.82,8024
2022-08-15 12:00:00+00:00,60.82,61.29,60.2,60.4,4473
2022-08-15 16:00:00+00:00,60.41,61.62,60.35,61.54,6783
2022-08-15 20:00:00+00:00,61.54,61.63,59.7,60.34,2898
2022-08-16 00:00:00+00:00,59.99,60.6,59.16,60.42,4851
2022-08-16 04:00:00+00:00,60.43,61.19,59.45,59.77,5951
2022-08-16 08:00:00+00:00,59.75,60.29,59.57,60.22,4433
2022-08-16 12:00:00+00:00,60.23,61.04,60.14,60.3,4775
2022-08-16 16:00:00+00:00,60.3,60.94,59.82,60.66,7175
2022-08-16 20:00:00+00:00,60.67,61.26,59.86,60.9,5473
2022-08-17 00:00:00+00:00,60.92,61.72,60.43,61.65,3365
2022-08-17 04:00:00+00:00,61.65,63.86,61.49,63.26,6145
2022-08-17 08:00:00+00:00,63.26,64.2,61.05,61.73,6294
2022-08-17 12:00:00+00:00,61.71,62.32,60.25,60.92,5558
2022-08-17 16:00:00+00:00,60.9,60.93,59.17,60.04,6593
2022-08-17 20:00:00+00:00,60.03,60.63,59.7,60.39,5033
2022-08-18 00:00:00+00:00,60.18,60.49,59.43,60.23,4363
2022-08-18 04:00:00+00:00,60.23,60.63,60.0,60.12,3574
2022-08-18 08:00:00+00:00,60.13,60.55,59.96,60.55,3137
2022-08-18 12:00:00+00:00,60.56,61.2,60.36,61.01,4188
2022-08-18 16:00:00+00:00,61.01,61.09,59.68,60.0,6038
2022-08-18 20:00:00+00:00,60.0,60.74,59.79,60.67,4352
2022-08-19 00:00:00+00:00,60.74,61.0,58.09,58.27,5648
2022-08-19 04:00:00+00:00,58.27,58.54,57.46,58.19,4575
2022-08-19 08:00:00+00:00,58.2,58.54,54.0,54.89,5801
2022-08-19 12:00:00+00:00,54.88,54.99,53.56,54.57,5472
2022-08-19 16:00:00+00:00,54.55,55.06,53.97,54.88,4879
2022-08-19 20:00:00+00:00,54.9,55.2,54.01,54.73,3746
2022-08-20 00:00:00+00:00,54.79,54.8,52.75,54.17,6133
2022-08-20 04:00:00+00:00,54.17,55.12,53.26,55.0,3196
2022-08-20 08:00:00+00:00,54.99,55.13,53.95,54.19,3029
2022-08-20 12:00:00+00:00,54.18,54.61,53.9,54.21,2006
2022-08-20 16:00:00+00:00,54.19,54.55,53.97,54.07,1827
2022-08-20 20:00:00+00:00,54.06,54.35,51.87,52.34,4059
2022-08-21 00:00:00+00:00,52.55,54.08,52.49,53.51,3171
2022-08-21 04:00:00+00:00,53.5,54.17,53.16,53.56,1921
2022-08-21 08:00:00+00:00,53.56,54.79,53.19,54.27,3493
2022-08-21 12:00:00+00:00,54.28,55.05,54.11,54.6,2683
2022-08-21 16:00:00+00:00,54.6,54.81,53.98,54.63,2496
2022-08-21 20:00:00+00:00,54.61,55.47,54.41,55.04,2594
2022-08-22 00:00:00+00:00,54.98,55.48,53.96,54.26,5262
2022-08-22 04:00:00+00:00,54.25,54.59,53.8,54.01,3324
2022-08-22 08:00:00+00:00,54.01,54.11,51.79,52.59,5733
2022-08-22 12:00:00+00:00,52.59,55.53,52.34,54.03,6619
2022-08-22 16:00:00+00:00,54.03,56.91,53.69,56.37,8848
2022-08-22 20:00:00+00:00,56.37,56.51,55.44,55.98,5140
2022-08-23 00:00:00+00:00,56.02,57.08,55.18,56.48,5094
2022-08-23 04:00:00+00:00,56.48,56.88,55.31,55.42,4140
2022-08-23 08:00:00+00:00,55.4,55.62,53.4,55.5,6409
2022-08-23 12:00:00+00:00,55.52,56.37,55.25,55.44,5189
2022-08-23 16:00:00+00:00,55.45,56.59,55.39,56.33,6361
2022-08-23 20:00:00+00:00,56.32,57.22,56.02,56.47,4670
2022-08-24 00:00:00+00:00,56.61,56.89,55.43,55.7,4345
2022-08-24 04:00:00+00:00,55.7,55.88,55.09,55.74,4680
2022-08-24 08:00:00+00:00,55.74,56.4,55.03,55.62,4778
2022-08-24 12:00:00+00:00,55.62,56.14,55.41,55.97,4023
2022-08-24 16:00:00+00:00,55.98,57.16,55.54,56.23,5691
2022-08-24 20:00:00+00:00,56.23,57.02,56.15,56.87,4193
2022-08-25 00:00:00+00:00,56.69,56.77,55.73,56.05,4003
2022-08-25 04:00:00+00:00,56.06,56.44,55.11,56.05,3700
2022-08-25 08:00:00+00:00,56.06,57.02,55.76,56.42,3726
2022-08-25 12:00:00+00:00,56.42,56.53,55.91,56.16,3258
2022-08-25 16:00:00+00:00,56.15,56.62,55.32,55.73,4105
2022-08-25 20:00:00+00:00,55.73,56.74,55.64,56.65,3332
2022-08-26 00:00:00+00:00,56.79,56.81,55.33,55.52,2948
2022-08-26 04:00:00+00:00,55.51,56.09,55.33,55.36,2934
2022-08-26 08:00:00+00:00,55.36,55.62,54.58,55.43,4389
2022-08-26 12:00:00+00:00,55.42,56.91,54.85,56.74,4754
2022-08-26 16:00:00+00:00,56.76,57.78,53.08,53.67,9746
2022-08-26 20:00:00+00:00,53.67,53.97,52.59,53.54,4301
2022-08-27 00:00:00+00:00,53.32,53.78,51.57,52.23,4876
2022-08-27 04:00:00+00:00,52.22,52.46,51.78,52.16,2983
2022-08-27 08:00:00+00:00,52.17,52.34,51.18,52.14,3354
2022-08-27 12:00:00+00:00,52.15,52.38,51.94,52.29,1045
2022-08-27 16:00:00+00:00,52.29,52.46,51.38,52.32,2795
2022-08-27 20:00:00+00:00,52.31,52.52,51.99,52.34,1482
2022-08-28 00:00:00+00:00,51.95,52.96,51.94,52.21,1867
2022-08-28 04:00:00+00:00,52.21,53.01,52.05,52.36,2229
2022-08-28 08:00:00+00:00,52.36,52.84,52.12,52.4,1689
2022-08-28 12:00:00+00:00,52.4,53.92,52.28,53.02,2384
2022-08-28 16:00:00+00:00,53.01,55.47,52.95,54.43,5556
2022-08-28 20:00:00+00:00,54.42,54.8,54.25,54.5,2638
2022-08-29 00:00:00+00:00,54.54,54.71,52.02,52.77,6153
2022-08-29 04:00:00+00:00,52.78,54.99,52.73,53.95,5993
2022-08-29 08:00:00+00:00,53.97,54.18,53.12,53.42,3805
2022-08-29 12:00:00+00:00,53.4,55.76,53.29,55.25,4172
2022-08-29 16:00:00+00:00,55.25,56.21,54.83,55.29,7116
2022-08-29 20:00:00+00:00,55.3,55.35,54.42,54.88,3073
2022-08-30 00:00:00+00:00,54.82,55.41,54.31,54.76,3032
2022-08-30 04:00:00+00:00,54.76,55.73,53.93,55.45,3174
2022-08-30 08:00:00+00:00,55.46,55.46,54.76,55.04,2968
2022-08-30 12:00:00+00:00,55.05,55.05,54.21,54.43,3004
2022-08-30 16:00:00+00:00,54.44,54.74,51.31,51.67,7408
2022-08-30 20:00:00+00:00,51.67,53.86,51.54,53.14,5713
2022-08-31 00:00:00+00:00,53.09,53.47,52.25,53.36,3540
2022-08-31 04:00:00+00:00,53.35,54.64,53.28,54.14,4375
2022-08-31 08:00:00+00:00,54.15,54.47,53.1,53.62,4144
2022-08-31 12:00:00+00:00,53.61,54.14,53.31,53.8,4643
2022-08-31 16:00:00+00:00,53.82,54.16,52.57,53.24,6010
2022-08-31 20:00:00+00:00,53.24,54.75,52.92,54.26,4436
2022-09-01 00:00:00+00:00,54.13,54.47,52.67,53.21,3361
2022-09-01 04:00:00+00:00,53.2,55.56,53.05,54.24,4813
2022-09-01 08:00:00+00:00,54.26,55.22,53.57,55.19,4582
2022-09-01 12:00:00+00:00,55.19,56.09,54.72,55.5,5045
2022-09-01 16:00:00+00:00,55.5,55.63,53.78,54.94,7358
2022-09-01 20:00:00+00:00,54.93,56.97,54.88,56.86,5941
2022-09-02 00:00:00+00:00,56.94,57.29,56.34,56.59,3355
2022-09-02 04:00:00+00:00,56.58,57.66,55.97,56.64,3782
2022-09-02 08:00:00+00:00,56.62,57.2,56.3,57.14,3063
2022-09-02 12:00:00+00:00,57.14,59.28,56.58,58.47,4349
2022-09-02 16:00:00+00:00,58.47,61.92,58.36,60.65,8787
2022-09-02 20:00:00+00:00,60.63,61.22,59.64,61.06,7844
2022-09-03 00:00:00+00:00,61.32,61.53,59.95,60.25,3623
2022-09-03 04:00:00+00:00,60.26,61.51,59.73,61.28,4558
2022-09-03 08:00:00+00:00,61.28,61.72,59.02,59.76,5992
2022-09-03 12:00:00+00:00,59.77,60.31,59.44,60.17,2401
2022-09-03 16:00:00+00:00,60.18,60.8,59.69,60.33,2484
2022-09-03 20:00:00+00:00,60.34,61.09,59.94,60.66,2721
2022-09-04 00:00:00+00:00,60.26,60.75,58.6,58.85,1732
2022-09-04 04:00:00+00:00,58.87,59.86,58.87,59.47,2325
2022-09-04 08:00:00+00:00,59.47,59.48,58.57,59.41,2464
2022-09-04 12:00:00+00:00,59.41,60.27,59.3,59.72,2107
2022-09-04 16:00:00+00:00,59.74,59.74,58.14,58.77,2759
2022-09-04 20:00:00+00:00,58.77,59.72,58.74,59.64,2305
2022-09-05 00:00:00+00:00,59.18,60.69,58.66,60.08,3870
2022-09-05 04:00:00+00:00,60.08,61.11,59.39,59.91,3618
2022-09-05 08:00:00+00:00,59.9,59.97,58.75,59.46,3819
2022-09-05 12:00:00+00:00,59.47,59.74,58.77,59.57,3568
2022-09-05 16:00:00+00:00,59.56,60.33,59.34,59.89,5011
2022-09-05 20:00:00+00:00,59.89,60.05,59.16,59.73,2395
2022-09-06 00:00:00+00:00,59.62,61.61,59.38,61.15,4392
2022-09-06 04:00:00+00:00,61.17,62.24,59.09,59.6,6626
2022-09-06 08:00:00+00:00,59.61,60.11,59.25,59.49,4233
2022-09-06 12:00:00+00:00,59.5,59.98,58.73,59.11,4587
2022-09-06 16:00:00+00:00,59.11,59.34,57.59,58.19,6996
2022-09-06 20:00:00+00:00,58.17,58.21,53.64,54.43,8871
2022-09-07 00:00:00+00:00,54.53,54.63,52.81,53.55,4149
2022-09-07 04:00:00+00:00,53.54,53.62,52.31,53.31,4849
2022-09-07 08:00:00+00:00,53.3,53.96,53.09,53.9,3327
2022-09-07 12:00:00+00:00,53.87,54.45,53.41,54.39,3028
2022-09-07 16:00:00+00:00,54.38,55.27,54.36,54.67,5653
2022-09-07 20:00:00+00:00,54.68,56.83,54.67,56.49,5701
2022-09-08 00:00:00+00:00,56.65,57.78,56.02,56.53,3830
2022-09-08 04:00:00+00:00,56.52,56.68,55.91,56.26,2804
2022-09-08 08:00:00+00:00,56.27,56.88,55.52,56.78,3609
2022-09-08 12:00:00+00:00,56.77,57.21,55.97,56.2,4514
2022-09-08 16:00:00+00:00,56.2,57.36,55.71,56.44,7224
2022-09-08 20:00:00+00:00,56.44,58.1,56.26,57.76,4474
2022-09-09 00:00:00+00:00,57.68,57.81,57.18,57.61,2874
2022-09-09 04:00:00+00:00,57.62,59.97,57.46,59.66,4635
2022-09-09 08:00:00+00:00,59.65,60.8,59.41,60.3,3712
2022-09-09 12:00:00+00:00,60.32,61.4,59.96,60.8,4949
2022-09-09 16:00:00+00:00,60.81,60.85,59.94,60.42,5931
2022-09-09 20:00:00+00:00,60.42,60.76,60.04,60.43,3467
2022-09-10 00:00:00+00:00,59.93,61.12,59.47,60.7,4143
2022-09-10 04:00:00+00:00,60.71,61.49,60.61,60.81,3514
2022-09-10 08:00:00+00:00,60.82,61.91,60.06,60.59,4029
2022-09-10 12:00:00+00:00,60.59,63.31,60.59,63.01,2979
2022-09-10 16:00:00+00:00,63.0,64.19,62.05,63.82,4401
2022-09-10 20:00:00+00:00,63.79,63.89,62.53,63.05,3306
2022-09-11 00:00:00+00:00,63.21,63.83,62.7,63.3,3673
2022-09-11 04:00:00+00:00,63.29,63.94,62.56,62.67,2868
2022-09-11 08:00:00+00:00,62.66,63.15,61.79,62.7,3428
2022-09-11 12:00:00+00:00,62.7,62.7,61.91,62.25,1865
2022-09-11 16:00:00+00:00,62.25,62.62,61.71,62.35,2392
2022-09-11 20:00:00+00:00,62.36,62.73,61.29,62.37,3428
2022-09-12 00:00:00+00:00,62.27,62.45,60.78,60.79,4406
2022-09-12 04:00:00+00:00,60.79,62.73,60.04,60.56,6217
2022-09-12 08:00:00+00:00,60.56,62.41,60.29,61.95,4637
2022-09-12 12:00:00+00:00,61.95,62.12,60.8,61.37,4780
2022-09-12 16:00:00+00:00,61.37,61.66,59.59,60.64,6489
2022-09-12 20:00:00+00:00,60.64,61.14,60.39,60.93,3899
2022-09-13 00:00:00+00:00,60.8,60.99,59.7,60.28,4346
2022-09-13 04:00:00+00:00,60.26,61.5,59.86,60.81,4453
2022-09-13 08:00:00+00:00,60.82,62.55,60.76,61.82,4896
2022-09-13 12:00:00+00:00,61.84,66.94,61.62,63.24,8220
2022-09-13 16:00:00+00:00,63.23,63.84,60.94,61.76,8171
2022-09-13 20:00:00+00:00,61.74,62.34,58.41,58.79,8531
2022-09-14 00:00:00+00:00,58.57,59.02,57.83,58.78,6400
2022-09-14 04:00:00+00:00,58.79,59.63,58.26,59.56,4935
2022-09-14 08:00:00+00:00,59.54,59.63,57.66,58.97,5057
2022-09-14 12:00:00+00:00,58.97,59.56,58.27,59.28,5250
2022-09-14 16:00:00+00:00,59.29,60.67,59.16,59.62,7207
2022-09-14 20:00:00+00:00,59.63,60.29,58.05,59.13,6069
2022-09-15 00:00:00+00:00,59.03,60.02,58.89,59.27,4620
2022-09-15 04:00:00+00:00,59.28,59.4,57.71,58.63,6541
2022-09-15 08:00:00+00:00,58.64,60.35,58.07,59.46,7406
2022-09-15 12:00:00+00:00,59.46,59.85,58.86,59.39,5262
2022-09-15 16:00:00+00:00,59.4,59.65,55.82,56.64,8832
2022-09-15 20:00:00+00:00,56.65,57.06,55.86,56.58,4562
2022-09-16 00:00:00+00:00,56.45,56.5,55.19,56.25,5174
2022-09-16 04:00:00+00:00,56.25,56.27,54.74,55.48,3732
2022-09-16 08:00:00+00:00,55.48,55.69,54.31,54.42,2854
2022-09-16 12:00:00+00:00,54.43,55.71,54.39,55.08,3300
2022-09-16 16:00:00+00:00,55.08,55.65,54.21,54.77,6893
2022-09-16 20:00:00+00:00,54.76,55.46,54.07,55.39,4817
2022-09-17 00:00:00+00:00,55.11,55.97,54.94,55.62,2371
2022-09-17 04:00:00+00:00,55.62,56.18,55.53,55.84,1863
2022-09-17 08:00:00+00:00,55.84,56.06,55.44,55.98,1743
2022-09-17 12:00:00+00:00,55.98,56.75,55.95,56.72,851
2022-09-17 16:00:00+00:00,56.71,57.49,56.38,57.49,2026
2022-09-17 20:00:00+00:00,57.49,57.92,57.31,57.75,1163
2022-09-18 00:00:00+00:00,57.75,57.75,56.44,56.54,1740
2022-09-18 04:00:00+00:00,56.55,57.09,56.5,56.78,1535
2022-09-18 08:00:00+00:00,56.78,56.98,56.22,56.68,1577
2022-09-18 12:00:00+00:00,56.68,56.9,55.56,56.47,2331
2022-09-18 16:00:00+00:00,56.47,56.53,55.14,55.57,3954
2022-09-18 20:00:00+00:00,55.57,56.07,55.05,55.68,3908
2022-09-19 00:00:00+00:00,55.36,55.41,51.72,53.09,6843
2022-09-19 04:00:00+00:00,53.09,53.16,49.38,50.86,5836
2022-09-19 08:00:00+00:00,50.87,51.07,49.66,49.84,4765
2022-09-19 12:00:00+00:00,49.86,51.18,49.8,51.01,3674
2022-09-19 16:00:00+00:00,51.01,52.3,50.47,51.63,6080
2022-09-19 20:00:00+00:00,51.64,52.28,50.76,51.72,4189
2022-09-20 00:00:00+00:00,51.36,52.73,51.36,51.97,3934
2022-09-20 04:00:00+00:00,51.96,52.2,50.75,51.48,2826
2022-09-20 08:00:00+00:00,51.47,52.13,51.15,51.38,3564
2022-09-20 12:00:00+00:00,51.39,51.51,50.88,51.05,3668
2022-09-20 16:00:00+00:00,51.05,53.33,50.35,52.25,7853
2022-09-20 20:00:00+00:00,52.24,52.36,50.85,51.81,4685
2022-09-21 00:00:00+00:00,51.78,52.32,51.35,52.21,4006
2022-09-21 04:00:00+00:00,52.18,52.27,51.56,51.77,2612
2022-09-21 08:00:00+00:00,51.78,52.08,50.43,51.19,3257
2022-09-21 12:00:00+00:00,51.18,53.79,51.1,53.52,3420
2022-09-21 16:00:00+00:00,53.5,53.83,52.26,52.59,4861
2022-09-21 20:00:00+00:00,52.58,55.0,50.49,52.37,10602
2022-09-22 00:00:00+00:00,51.83,51.85,49.74,50.23,6066
2022-09-22 04:00:00+00:00,50.22,51.66,50.17,51.38,2481
2022-09-22 08:00:00+00:00,51.39,53.08,51.23,52.75,3931
2022-09-22 12:00:00+00:00,52.73,53.25,52.24,53.08,3482
2022-09-22 16:00:00+00:00,53.06,53.09,51.63,52.36,5814
2022-09-22 20:00:00+00:00,52.36,53.58,52.05,52.69,4127
2022-09-23 00:00:00+00:00,52.31,53.47,52.31,52.53,2961
2022-09-23 04:00:00+00:00,52.54,54.09,52.35,53.74,4159
2022-09-23 08:00:00+00:00,53.72,54.24,51.9,52.08,4485
2022-09-23 12:00:00+00:00,52.07,52.47,51.55,52.18,4978
2022-09-23 16:00:00+00:00,52.16,52.78,50.88,51.94,7021
2022-09-23 20:00:00+00:00,51.95,53.91,51.85,53.65,6633
2022-09-24 00:00:00+00:00,53.89,54.81,53.85,54.46,2984
2022-09-24 04:00:00+00:00,54.46,55.07,54.01,54.41,2973
2022-09-24 08:00:00+00:00,54.41,55.4,53.91,54.77,2752
2022-09-24 12:00:00+00:00,54.77,54.88,54.15,54.48,1572
2022-09-24 16:00:00+00:00,54.47,54.75,54.2,54.43,1966
2022-09-24 20:00:00+00:00,54.42,54.8,54.14,54.58,1380
2022-09-25 00:00:00+00:00,54.15,54.56,52.67,53.08,2272
2022-09-25 04:00:00+00:00,53.07,53.9,52.92,53.57,1507
2022-09-25 08:00:00+00:00,53.57,53.86,53.33,53.63,1463
2022-09-25 12:00:00+00:00,53.63,53.79,53.11,53.45,1183
2022-09-25 16:00:00+00:00,53.44,53.8,52.75,53.13,2318
2022-09-25 20:00:00+00:00,53.13,53.55,52.56,52.98,2277
2022-09-26 00:00:00+00:00,52.86,53.03,51.72,51.89,4272
2022-09-26 04:00:00+00:00,51.87,52.68,51.7,52.17,2785
2022-09-26 08:00:00+00:00,52.17,53.19,51.36,53.07,4637
2022-09-26 12:00:00+00:00,53.08,53.24,51.63,52.82,4519
2022-09-26 16:00:00+00:00,52.81,53.11,52.06,52.42,4919
2022-09-26 20:00:00+00:00,52.42,52.89,52.16,52.56,3103
2022-09-27 00:00:00+00:00,52.15,53.45,52.15,53.41,2188
2022-09-27 04:00:00+00:00,53.4,54.88,53.37,54.31,4577
2022-09-27 08:00:00+00:00,54.32,54.83,53.98,54.04,2819
2022-09-27 12:00:00+00:00,54.03,54.74,53.87,54.26,3041
2022-09-27 16:00:00+00:00,54.25,55.07,51.71,52.3,7095
2022-09-27 20:00:00+00:00,52.31,52.31,51.28,51.96,5338
2022-09-28 00:00:00+00:00,51.43,52.46,51.43,52.0,2000
2022-09-28 04:00:00+00:00,52.0,52.25,50.47,51.5,3726
2022-09-28 08:00:00+00:00,51.49,51.87,50.73,51.44,2612
2022-09-28 12:00:00+00:00,51.44,52.71,50.94,52.42,4629
2022-09-28 16:00:00+00:00,52.41,53.26,52.28,52.79,4446
2022-09-28 20:00:00+00:00,52.79,53.32,52.34,53.05,2790
2022-09-29 00:00:00+00:00,53.04,53.14,52.52,52.67,2459
2022-09-29 04:00:00+00:00,52.66,53.64,52.53,53.21,2321
2022-09-29 08:00:00+00:00,53.23,53.29,52.38,52.77,2762
2022-09-29 12:00:00+00:00,52.78,53.51,52.44,52.67,3154
2022-09-29 16:00:00+00:00,52.68,53.38,51.74,52.93,5160
2022-09-29 20:00:00+00:00,52.93,53.4,52.42,53.31,3485
2022-09-30 00:00:00+00:00,53.39,53.69,52.93,53.59,2624
2022-09-30 04:00:00+00:00,53.58,53.6,52.87,53.2,2256
2022-09-30 08:00:00+00:00,53.18,53.71,53.14,53.6,2326
2022-09-30 12:00:00+00:00,53.59,53.59,52.56,52.8,2860
2022-09-30 16:00:00+00:00,52.78,54.59,52.58,53.92,5030
2022-09-30 20:00:00+00:00,53.94,54.06,52.81,52.9,3555
2022-10-01 00:00:00+00:00,52.73,53.16,52.34,52.81,1595
2022-10-01 04:00:00+00:00,52.8,53.12,52.73,52.88,1074
2022-10-01 08:00:00+00:00,52.89,53.14,52.56,52.99,911
2022-10-01 12:00:00+00:00,52.98,53.15,52.66,52.95,1040
2022-10-01 16:00:00+00:00,52.94,53.31,52.42,52.56,1321
2022-10-01 20:00:00+00:00,52.55,52.65,51.93,52.2,1270
2022-10-02 00:00:00+00:00,51.8,52.48,51.79,52.32,876
2022-10-02 04:00:00+00:00,52.31,52.84,52.24,52.84,786
2022-10-02 08:00:00+00:00,52.84,52.94,52.13,52.55,1139
2022-10-02 12:00:00+00:00,52.54,52.62,51.46,52.0,1391
2022-10-02 16:00:00+00:00,51.99,52.35,51.77,52.27,1224
2022-10-02 20:00:00+00:00,52.27,52.66,52.04,52.15,1342
2022-10-03 00:00:00+00:00,51.71,52.48,50.95,51.63,3135
2022-10-03 04:00:00+00:00,51.62,52.15,51.59,51.6,1528
2022-10-03 08:00:00+00:00,51.59,52.53,51.45,52.17,2280
2022-10-03 12:00:00+00:00,52.17,52.65,51.98,52.57,1654
2022-10-03 16:00:00+00:00,52.58,53.35,52.25,53.13,3775
2022-10-03 20:00:00+00:00,53.14,53.5,52.81,53.39,1848
2022-10-04 00:00:00+00:00,53.34,54.0,53.08,53.8,2226
2022-10-04 04:00:00+00:00,53.81,53.94,53.53,53.63,1531
2022-10-04 08:00:00+00:00,53.63,54.5,53.39,54.11,3260
2022-10-04 12:00:00+00:00,54.12,54.5,53.84,54.34,2664
2022-10-04 16:00:00+00:00,54.33,54.86,53.92,53.98,4764
2022-10-04 20:00:00+00:00,53.99,55.28,53.66,55.03,3518
2022-10-05 00:00:00+00:00,55.09,55.11,54.16,54.22,2018
2022-10-05 04:00:00+00:00,54.22,54.59,54.12,54.33,1695
2022-10-05 08:00:00+00:00,54.34,54.75,53.7,53.82,2851
2022-10-05 12:00:00+00:00,53.83,53.95,53.27,53.52,2571
2022-10-05 16:00:00+00:00,53.51,54.07,52.8,53.8,5559
2022-10-05 20:00:00+00:00,53.79,54.5,53.66,53.7,4282
2022-10-06 00:00:00+00:00,53.76,54.49,53.56,54.29,2768
2022-10-06 04:00:00+00:00,54.3,54.56,54.15,54.17,3331
2022-10-06 08:00:00+00:00,54.16,54.4,53.57,53.85,3797
2022-10-06 12:00:00+00:00,53.86,54.43,53.76,54.04,4140
2022-10-06 16:00:00+00:00,54.04,54.43,53.38,53.77,7908
2022-10-06 20:00:00+00:00,53.78,54.1,53.16,53.36,4249
2022-10-07 00:00:00+00:00,53.29,53.31,52.83,52.93,2141
2022-10-07 04:00:00+00:00,52.94,53.22,52.7,52.87,1719
2022-10-07 08:00:00+00:00,52.88,53.36,52.39,53.1,2440
2022-10-07 12:00:00+00:00,53.09,53.22,51.78,52.2,3501
2022-10-07 16:00:00+00:00,52.2,52.45,51.78,51.98,4980
2022-10-07 20:00:00+00:00,51.98,52.35,51.87,52.21,2358
2022-10-08 00:00:00+00:00,52.0,52.79,51.95,52.76,1088
2022-10-08 04:00:00+00:00,52.75,52.79,52.42,52.44,977
2022-10-08 08:00:00+00:00,52.45,53.06,52.44,52.66,1180
2022-10-08 12:00:00+00:00,52.66,53.02,52.66,52.93,1014
2022-10-08 16:00:00+00:00,52.93,52.94,52.57,52.81,965
2022-10-08 20:00:00+00:00,52.8,52.81,52.3,52.42,779
2022-10-09 00:00:00+00:00,51.98,52.48,51.88,52.21,1352
2022-10-09 04:00:00+00:00,52.2,52.6,52.2,52.6,771
2022-10-09 08:00:00+00:00,52.59,53.02,52.59,52.81,1064
2022-10-09 12:00:00+00:00,52.8,53.31,52.78,53.19,1422
2022-10-09 16:00:00+00:00,53.18,53.26,52.94,53.12,949
2022-10-09 20:00:00+00:00,53.11,53.18,52.82,53.14,1014
2022-10-10 00:00:00+00:00,52.73,53.69,52.66,53.69,2158
2022-10-10 04:00:00+00:00,53.7,53.96,53.41,53.86,1829
2022-10-10 08:00:00+00:00,53.84,53.84,52.13,52.45,3565
2022-10-10 12:00:00+00:00,52.44,53.09,52.41,53.05,2590
2022-10-10 16:00:00+00:00,53.05,53.15,52.23,52.52,4626
2022-10-10 20:00:00+00:00,52.51,53.05,52.39,52.71,2498
2022-10-11 00:00:00+00:00,52.82,52.83,50.75,51.39,3474
2022-10-11 04:00:00+00:00,51.36,51.38,50.87,51.19,2007
2022-10-11 08:00:00+00:00,51.18,51.63,51.06,51.39,2074
2022-10-11 12:00:00+00:00,51.4,51.85,51.11,51.42,2221
2022-10-11 16:00:00+00:00,51.41,52.08,50.84,51.98,4288
2022-10-11 20:00:00+00:00,51.97,51.98,50.98,51.43,2783
2022-10-12 00:00:00+00:00,50.97,51.91,50.97,51.82,1428
2022-10-12 04:00:00+00:00,51.83,51.98,51.44,51.84,1495
2022-10-12 08:00:00+00:00,51.84,52.34,51.6,52.13,2037
2022-10-12 12:00:00+00:00,52.12,52.45,51.12,51.53,2555
2022-10-12 16:00:00+00:00,51.53,51.84,51.3,51.55,2910
2022-10-12 20:00:00+00:00,51.56,51.91,51.31,51.71,2092
2022-10-13 00:00:00+00:00,51.78,51.89,51.56,51.87,815
2022-10-13 04:00:00+00:00,51.86,51.98,50.97,51.43,1778
2022-10-13 08:00:00+00:00,51.42,51.62,49.86,50.56,3908
2022-10-13 12:00:00+00:00,50.55,50.69,47.82,48.73,7109
2022-10-13 16:00:00+00:00,48.72,50.33,48.12,50.2,8655
2022-10-13 20:00:00+00:00,50.2,51.1,50.11,50.98,4227
2022-10-14 00:00:00+00:00,50.6,51.08,50.4,50.73,1295
2022-10-14 04:00:00+00:00,50.73,52.06,50.73,51.65,2238
2022-10-14 08:00:00+00:00,51.66,51.79,51.1,51.16,1579
2022-10-14 12:00:00+00:00,51.17,51.96,51.04,51.88,2117
2022-10-14 16:00:00+00:00,51.88,51.92,50.41,50.68,4609
2022-10-14 20:00:00+00:00,50.67,50.94,50.44,50.82,2442
2022-10-15 00:00:00+00:00,50.83,50.92,50.46,50.75,708
2022-10-15 04:00:00+00:00,50.73,50.95,50.63,50.84,490
2022-10-15 08:00:00+00:00,50.83,51.16,50.54,50.64,981
2022-10-15 12:00:00+00:00,50.63,51.15,50.6,51.01,398
2022-10-15 16:00:00+00:00,51.0,51.11,50.75,50.84,850
2022-10-15 20:00:00+00:00,50.83,50.83,50.05,50.29,811
2022-10-16 00:00:00+00:00,49.8,50.36,49.76,50.35,1230
2022-10-16 04:00:00+00:00,50.33,50.46,49.98,50.17,772
2022-10-16 08:00:00+00:00,50.17,50.42,50.06,50.32,733
2022-10-16 12:00:00+00:00,50.32,50.5,50.14,50.41,746
2022-10-16 16:00:00+00:00,50.42,50.58,50.26,50.47,740
2022-10-16 20:00:00+00:00,50.46,51.3,50.34,50.95,1577
2022-10-17 00:00:00+00:00,50.53,51.31,50.33,50.76,2306
2022-10-17 04:00:00+00:00,50.77,51.01,50.52,50.93,1300
2022-10-17 08:00:00+00:00,50.94,51.14,50.62,50.7,1871
2022-10-17 12:00:00+00:00,50.72,51.32,50.69,51.2,2122
2022-10-17 16:00:00+00:00,51.21,51.65,51.05,51.15,3357
2022-10-17 20:00:00+00:00,51.14,51.28,50.97,51.19,1418
2022-10-18 00:00:00+00:00,51.09,51.56,51.04,51.46,1141
2022-10-18 04:00:00+00:00,51.45,51.52,50.94,51.34,1341
2022-10-18 08:00:00+00:00,51.34,51.69,51.19,51.19,1661
2022-10-18 12:00:00+00:00,51.18,51.58,50.84,51.57,2080
2022-10-18 16:00:00+00:00,51.59,51.67,50.58,50.94,3601
2022-10-18 20:00:00+00:00,50.95,51.39,50.23,51.27,3203
2022-10-19 00:00:00+00:00,51.23,51.5,51.07,51.1,1556
2022-10-19 04:00:00+00:00,51.09,51.5,50.84,51.06,1417
2022-10-19 08:00:00+00:00,51.07,51.18,50.6,50.82,1817
2022-10-19 12:00:00+00:00,50.81,51.02,50.59,50.86,2051
2022-10-19 16:00:00+00:00,50.86,51.16,50.53,50.89,3071
2022-10-19 20:00:00+00:00,50.89,51.14,50.7,51.03,1813
2022-10-20 00:00:00+00:00,50.67,51.08,50.05,50.23,1408
2022-10-20 04:00:00+00:00,50.22,51.02,50.05,50.95,1244
2022-10-20 08:00:00+00:00,50.96,51.28,50.87,50.9,1218
2022-10-20 12:00:00+00:00,50.89,51.38,50.84,50.94,1577
2022-10-20 16:00:00+00:00,50.95,51.59,50.92,51.21,1916
2022-10-20 20:00:00+00:00,51.21,51.22,50.16,50.53,2062
2022-10-21 00:00:00+00:00,50.47,50.78,50.25,50.71,1051
2022-10-21 04:00:00+00:00,50.71,50.78,50.25,50.32,890
2022-10-21 08:00:00+00:00,50.3,50.77,49.78,49.87,1356
2022-10-21 12:00:00+00:00,49.87,50.18,49.01,49.93,2305
2022-10-21 16:00:00+00:00,49.94,51.21,49.92,50.91,3850
2022-10-21 20:00:00+00:00,50.91,51.3,50.82,51.05,1535
2022-10-22 00:00:00+00:00,50.59,51.24,50.56,51.17,529
2022-10-22 04:00:00+00:00,51.18,51.22,50.87,51.01,384
2022-10-22 08:00:00+00:00,51.02,51.37,50.99,51.37,409
2022-10-22 12:00:00+00:00,51.37,51.59,51.24,51.48,722
2022-10-22 16:00:00+00:00,51.49,51.97,51.48,51.64,1057
2022-10-22 20:00:00+00:00,51.64,51.97,51.52,51.97,404
2022-10-23 00:00:00+00:00,51.57,51.96,51.55,51.62,484
2022-10-23 04:00:00+00:00,51.63,51.82,51.34,51.69,557
2022-10-23 08:00:00+00:00,51.69,51.73,51.4,51.65,446
2022-10-23 12:00:00+00:00,51.66,51.79,51.32,51.67,552
2022-10-23 16:00:00+00:00,51.68,51.92,51.56,51.79,560
2022-10-23 20:00:00+00:00,51.79,52.98,51.77,52.62,1605
2022-10-24 00:00:00+00:00,52.64,53.7,52.61,53.42,2123
2022-10-24 04:00:00+00:00,53.43,53.45,52.63,52.99,1619
2022-10-24 08:00:00+00:00,52.98,53.01,52.2,52.65,1960
2022-10-24 12:00:00+00:00,52.64,52.91,52.37,52.61,1704
2022-10-24 16:00:00+00:00,52.6,52.66,51.75,51.89,3314
2022-10-24 20:00:00+00:00,51.88,52.36,51.6,52.11,1364
2022-10-25 00:00:00+00:00,51.71,52.36,51.71,52.17,931
2022-10-25 04:00:00+00:00,52.16,52.46,51.87,52.25,953
2022-10-25 08:00:00+00:00,52.26,52.58,51.85,51.9,1089
2022-10-25 12:00:00+00:00,51.89,52.18,51.77,52.1,1306
2022-10-25 16:00:00+00:00,52.09,53.49,52.09,53.44,3912
2022-10-25 20:00:00+00:00,53.45,56.32,53.45,55.54,6696
2022-10-26 00:00:00+00:00,55.38,55.87,54.99,55.44,2404
2022-10-26 04:00:00+00:00,55.45,56.17,55.28,55.74,2089
2022-10-26 08:00:00+00:00,55.74,56.81,55.46,56.59,3213
2022-10-26 12:00:00+00:00,56.59,57.11,56.03,56.17,3306
2022-10-26 16:00:00+00:00,56.16,57.16,55.63,55.81,5975
2022-10-26 20:00:00+00:00,55.8,56.01,55.25,55.57,3236
2022-10-27 00:00:00+00:00,55.54,56.19,55.42,55.85,2248
2022-10-27 04:00:00+00:00,55.85,56.0,55.12,55.83,2294
2022-10-27 08:00:00+00:00,55.83,56.18,55.45,55.65,2036
2022-10-27 12:00:00+00:00,55.65,55.89,54.95,55.86,3163
2022-10-27 16:00:00+00:00,55.85,55.97,54.66,54.98,4782
2022-10-27 20:00:00+00:00,54.99,55.37,54.0,54.55,2987
2022-10-28 00:00:00+00:00,54.46,54.7,53.56,54.17,2919
2022-10-28 04:00:00+00:00,54.18,54.43,53.74,54.07,2090
2022-10-28 08:00:00+00:00,54.06,54.19,52.98,53.59,2326
2022-10-28 12:00:00+00:00,53.59,53.94,53.07,53.7,1997
2022-10-28 16:00:00+00:00,53.7,55.01,53.68,54.84,5206
2022-10-28 20:00:00+00:00,54.85,55.08,54.26,54.73,2523
2022-10-29 00:00:00+00:00,54.09,54.6,53.94,54.48,841
2022-10-29 04:00:00+00:00,54.48,55.22,54.15,54.55,1428
2022-10-29 08:00:00+00:00,54.55,55.95,54.4,55.65,1740
2022-10-29 12:00:00+00:00,55.65,56.06,54.8,55.21,1938
2022-10-29 16:00:00+00:00,55.22,57.1,54.6,56.43,3260
2022-10-29 20:00:00+00:00,56.42,56.76,55.56,56.26,3108
2022-10-30 00:00:00+00:00,55.95,56.47,55.26,55.44,1855
2022-10-30 04:00:00+00:00,55.42,57.01,55.39,55.9,1810
2022-10-30 08:00:00+00:00,55.89,56.81,55.6,56.04,1859
2022-10-30 12:00:00+00:00,56.02,56.22,55.12,55.42,1934
2022-10-30 16:00:00+00:00,55.42,55.5,54.65,54.82,3115
2022-10-30 20:00:00+00:00,54.82,55.5,54.65,55.33,1204
2022-10-31 00:00:00+00:00,55.31,55.35,54.24,54.4,2505
2022-10-31 04:00:00+00:00,54.41,54.97,53.73,54.77,2475
2022-10-31 08:00:00+00:00,54.75,55.03,54.17,54.35,1869
2022-10-31 12:00:00+00:00,54.34,55.89,54.26,55.32,4055
2022-10-31 16:00:00+00:00,55.32,55.64,53.51,53.72,5419
2022-10-31 20:00:00+00:00,53.73,54.56,53.66,54.27,3078
2022-11-01 00:00:00+00:00,54.4,54.86,54.19,54.44,2012
2022-11-01 04:00:00+00:00,54.43,54.76,54.27,54.31,1215
2022-11-01 08:00:00+00:00,54.3,55.28,54.25,54.99,1993
2022-11-01 12:00:00+00:00,55.0,55.41,54.6,54.88,2483
2022-11-01 16:00:00+00:00,54.88,54.93,53.96,54.27,3911
2022-11-01 20:00:00+00:00,54.26,54.93,54.25,54.59,1089
2022-11-02 00:00:00+00:00,54.55,54.73,54.19,54.59,920
2022-11-02 04:00:00+00:00,54.6,55.21,54.33,54.66,1107
2022-11-02 08:00:00+00:00,54.66,60.9,54.15,60.79,3440
2022-11-02 12:00:00+00:00,60.83,61.99,57.26,59.38,9831
2022-11-02 16:00:00+00:00,59.38,62.35,59.08,60.53,10161
2022-11-02 20:00:00+00:00,60.54,61.36,57.95,58.58,9668
2022-11-03 00:00:00+00:00,58.64,63.35,58.45,63.01,5581
2022-11-03 04:00:00+00:00,62.99,64.22,61.67,62.09,7509
2022-11-03 08:00:00+00:00,62.1,62.46,60.73,60.87,3771
2022-11-03 12:00:00+00:00,60.86,61.65,59.61,60.01,4352
2022-11-03 16:00:00+00:00,60.01,61.47,59.89,61.29,4963
2022-11-03 20:00:00+00:00,61.28,63.15,61.06,61.47,3907
2022-11-04 00:00:00+00:00,61.78,62.03,61.03,61.63,3333
2022-11-04 04:00:00+00:00,61.64,62.97,61.14,62.89,3190
2022-11-04 08:00:00+00:00,62.89,67.05,62.67,65.84,7213
2022-11-04 12:00:00+00:00,65.86,66.01,64.16,65.79,5684
2022-11-04 16:00:00+00:00,65.8,69.9,65.45,67.53,10417
2022-11-04 20:00:00+00:00,67.52,68.69,66.79,67.41,5085
2022-11-05 00:00:00+00:00,66.87,67.63,66.58,67.25,2827
2022-11-05 04:00:00+00:00,67.24,69.21,66.82,67.38,4231
2022-11-05 08:00:00+00:00,67.38,68.96,67.33,67.76,4128
2022-11-05 12:00:00+00:00,67.76,70.46,67.25,69.6,7175
2022-11-05 16:00:00+00:00,69.6,71.37,68.3,70.18,6029
2022-11-05 20:00:00+00:00,70.17,70.43,68.97,69.71,2803
2022-11-06 00:00:00+00:00,69.81,70.11,67.08,68.51,3482
2022-11-06 04:00:00+00:00,68.5,68.75,67.64,68.46,2914
2022-11-06 08:00:00+00:00,68.47,70.14,68.07,68.6,2228
2022-11-06 12:00:00+00:00,68.61,69.03,68.23,68.49,1647
2022-11-06 16:00:00+00:00,68.46,69.98,68.04,69.18,3568
2022-11-06 20:00:00+00:00,69.19,70.29,68.75,68.77,3277
2022-11-07 00:00:00+00:00,68.9,72.72,67.05,71.91,8838
2022-11-07 04:00:00+00:00,71.86,72.13,70.51,70.71,5017
2022-11-07 08:00:00+00:00,70.7,71.1,68.28,69.68,7652
2022-11-07 12:00:00+00:00,69.67,70.83,67.96,68.28,5705
2022-11-07 16:00:00+00:00,68.29,69.24,67.74,68.18,6294
2022-11-07 20:00:00+00:00,68.18,69.01,67.33,68.09,3806
2022-11-08 00:00:00+00:00,68.09,68.22,65.1,67.22,5101
2022-11-08 04:00:00+00:00,67.23,67.72,61.39,62.85,11971
2022-11-08 08:00:00+00:00,62.84,64.52,62.41,64.23,7009
2022-11-08 12:00:00+00:00,64.22,64.33,63.22,63.43,5243
2022-11-08 16:00:00+00:00,63.42,68.35,62.41,64.08,14522
2022-11-08 20:00:00+00:00,64.1,64.76,53.09,56.69,11867
2022-11-09 00:00:00+00:00,56.55,58.14,55.5,57.66,8261
2022-11-09 04:00:00+00:00,57.66,59.29,56.93,57.8,8278
2022-11-09 08:00:00+00:00,57.8,58.37,54.34,54.96,9020
2022-11-09 12:00:00+00:00,54.96,57.24,53.59,56.07,12279
2022-11-09 16:00:00+00:00,56.06,56.75,51.78,53.14,12355
2022-11-09 20:00:00+00:00,53.14,53.89,46.94,48.81,14277
2022-11-10 00:00:00+00:00,48.79,53.16,47.99,51.23,18406
2022-11-10 04:00:00+00:00,51.22,54.21,50.99,53.71,14754
2022-11-10 08:00:00+00:00,53.64,54.11,51.98,53.12,13834
2022-11-10 12:00:00+00:00,53.11,59.07,51.78,58.51,17501
2022-11-10 16:00:00+00:00,58.52,60.09,56.54,57.56,10331
2022-11-10 20:00:00+00:00,57.5,59.33,57.14,58.96,10858
2022-11-11 00:00:00+00:00,58.94,63.11,56.86,60.23,13708
2022-11-11 04:00:00+00:00,60.23,61.81,58.6,61.31,14708
2022-11-11 08:00:00+00:00,61.33,63.57,60.63,62.3,7737
2022-11-11 12:00:00+00:00,62.31,63.08,60.69,60.95,11253
2022-11-11 16:00:00+00:00,60.96,61.57,57.81,60.63,17568
2022-11-11 20:00:00+00:00,60.62,61.35,59.04,59.54,11335
2022-11-12 00:00:00+00:00,60.21,61.02,59.09,60.1,5249
2022-11-12 04:00:00+00:00,60.1,61.04,57.48,57.99,8753
2022-11-12 08:00:00+00:00,57.98,59.62,57.78,58.58,6698
2022-11-12 12:00:00+00:00,58.6,60.12,58.3,59.5,5997
2022-11-12 16:00:00+00:00,59.5,60.29,58.94,59.51,4954
2022-11-12 20:00:00+00:00,59.51,60.37,59.22,59.79,2954
2022-11-13 00:00:00+00:00,59.46,59.85,57.13,59.06,2480
2022-11-13 04:00:00+00:00,59.06,59.66,58.63,58.8,2175
2022-11-13 08:00:00+00:00,58.79,58.79,56.5,56.56,6115
2022-11-13 12:00:00+00:00,56.56,57.83,56.2,57.55,5355
2022-11-13 16:00:00+00:00,57.55,57.92,56.54,57.09,4965
2022-11-13 20:00:00+00:00,57.09,57.17,55.63,56.4,5750
2022-11-14 00:00:00+00:00,56.21,57.17,54.98,55.81,7907
2022-11-14 04:00:00+00:00,55.8,56.06,52.86,53.44,8681
2022-11-14 08:00:00+00:00,53.45,58.02,53.43,57.62,10630
2022-11-14 12:00:00+00:00,57.62,58.63,56.49,57.17,8716
2022-11-14 16:00:00+00:00,57.16,57.42,55.04,56.17,10496
2022-11-14 20:00:00+00:00,56.17,56.38,54.24,54.89,7303
2022-11-15 00:00:00+00:00,54.83,57.17,54.79,57.03,7459
2022-11-15 04:00:00+00:00,57.03,57.95,56.82,56.98,4762
2022-11-15 08:00:00+00:00,56.97,58.3,56.65,57.76,5774
2022-11-15 12:00:00+00:00,57.75,58.63,57.48,58.41,6909
2022-11-15 16:00:00+00:00,58.42,58.97,57.59,58.77,6659
2022-11-15 20:00:00+00:00,58.76,58.78,56.12,57.23,5717
2022-11-16 00:00:00+00:00,57.24,57.88,54.44,57.88,2842
2022-11-16 04:00:00+00:00,57.9,59.39,57.74,59.36,2594
2022-11-16 08:00:00+00:00,59.38,59.6,56.84,57.38,4097
2022-11-16 12:00:00+00:00,57.38,57.92,56.73,57.31,6470
2022-11-16 16:00:00+00:00,57.31,57.61,56.16,57.19,6487
2022-11-16 20:00:00+00:00,57.19,57.32,56.5,56.53,2756
2022-11-17 00:00:00+00:00,56.67,57.88,56.35,57.48,2698
2022-11-17 04:00:00+00:00,57.47,57.76,56.44,57.24,3043
2022-11-17 08:00:00+00:00,57.25,59.6,56.83,58.54,5448
2022-11-17 12:00:00+00:00,58.52,59.0,58.01,58.34,5094
2022-11-17 16:00:00+00:00,58.33,60.4,57.91,60.25,7480
2022-11-17 20:00:00+00:00,60.26,62.73,59.84,61.75,6147
2022-11-18 00:00:00+00:00,61.52,63.22,59.89,61.92,7525
2022-11-18 04:00:00+00:00,61.93,62.84,61.66,62.05,4621
2022-11-18 08:00:00+00:00,62.07,62.11,61.08,62.03,4368
2022-11-18 12:00:00+00:00,62.01,63.29,61.94,62.57,4905
2022-11-18 16:00:00+00:00,62.58,62.72,61.02,61.14,5569
2022-11-18 20:00:00+00:00,61.13,62.68,60.96,62.25,2541
2022-11-19 00:00:00+00:00,61.69,62.32,59.31,61.55,2355
2022-11-19 04:00:00+00:00,61.55,61.88,60.72,61.55,2824
2022-11-19 08:00:00+00:00,61.56,63.99,61.41,62.73,3841
2022-11-19 12:00:00+00:00,62.73,63.05,62.19,62.93,2634
2022-11-19 16:00:00+00:00,62.9,63.26,61.98,62.13,3256
2022-11-19 20:00:00+00:00,62.11,63.09,62.07,62.95,1628
2022-11-20 00:00:00+00:00,62.5,64.24,60.13,63.42,4604
2022-11-20 04:00:00+00:00,63.44,63.45,62.75,62.96,1824
2022-11-20 08:00:00+00:00,62.93,63.09,61.3,62.03,3746
2022-11-20 12:00:00+00:00,62.04,62.24,60.31,61.28,5534
2022-11-20 16:00:00+00:00,61.28,61.76,60.65,60.7,2628
2022-11-20 20:00:00+00:00,60.68,61.87,60.12,60.31,3416
2022-11-21 00:00:00+00:00,60.45,62.88,60.38,62.48,9034
2022-11-21 04:00:00+00:00,62.47,62.8,58.52,60.2,9564
2022-11-21 08:00:00+00:00,60.22,60.82,59.09,60.08,5795
2022-11-21 12:00:00+00:00,60.09,60.6,58.97,60.43,5527
2022-11-21 16:00:00+00:00,60.43,61.71,60.18,60.89,8604
2022-11-21 20:00:00+00:00,60.88,61.26,58.84,59.62,8933
2022-11-22 00:00:00+00:00,59.7,61.52,57.49,60.95,6246
2022-11-22 04:00:00+00:00,60.93,62.32,60.57,61.33,4300
2022-11-22 08:00:00+00:00,61.33,61.84,60.72,60.83,5422
2022-11-22 12:00:00+00:00,60.83,68.55,60.16,68.21,8514
2022-11-22 16:00:00+00:00,68.17,70.63,67.8,68.19,10397
2022-11-22 20:00:00+00:00,68.19,68.99,67.83,68.58,5294
2022-11-23 00:00:00+00:00,68.75,70.5,68.63,69.42,8060
2022-11-23 04:00:00+00:00,69.42,82.67,69.18,78.6,13064
2022-11-23 08:00:00+00:00,78.61,80.08,76.5,78.14,10842
2022-11-23 12:00:00+00:00,78.16,79.3,76.6,77.47,10104
2022-11-23 16:00:00+00:00,77.49,80.66,75.0,76.42,11831
2022-11-23 20:00:00+00:00,76.38,79.12,76.22,77.78,9310
2022-11-24 00:00:00+00:00,76.31,79.22,75.74,77.29,10469
2022-11-24 04:00:00+00:00,77.3,77.47,74.34,75.73,9093
2022-11-24 08:00:00+00:00,75.73,78.87,75.73,77.57,9979
2022-11-24 12:00:00+00:00,77.56,78.35,76.1,76.42,9065
2022-11-24 16:00:00+00:00,76.43,78.51,75.84,77.07,9374
2022-11-24 20:00:00+00:00,77.06,78.88,76.75,77.06,6195
2022-11-25 00:00:00+00:00,75.95,79.2,75.95,76.35,7732
2022-11-25 04:00:00+00:00,76.35,77.46,74.61,75.13,7483
2022-11-25 08:00:00+00:00,75.14,75.46,73.78,74.33,8073
2022-11-25 12:00:00+00:00,74.32,76.31,73.02,75.51,7571
2022-11-25 16:00:00+00:00,75.52,76.4,73.3,74.24,6218
2022-11-25 20:00:00+00:00,74.25,75.04,73.68,74.05,4615
2022-11-26 00:00:00+00:00,73.25,75.31,72.57,74.95,5666
2022-11-26 04:00:00+00:00,74.97,77.91,74.22,76.62,6581
2022-11-26 08:00:00+00:00,76.61,78.33,76.03,77.05,6602
2022-11-26 12:00:00+00:00,77.05,77.96,76.76,77.43,5400
2022-11-26 16:00:00+00:00,77.42,79.05,75.16,75.39,7826
2022-11-26 20:00:00+00:00,75.38,76.69,75.02,76.12,3231
2022-11-27 00:00:00+00:00,74.93,77.47,74.13,77.15,5618
2022-11-27 04:00:00+00:00,77.14,77.73,75.5,75.74,5022
2022-11-27 08:00:00+00:00,75.75,77.44,75.61,76.82,4253
2022-11-27 12:00:00+00:00,76.79,78.63,76.16,76.42,4007
2022-11-27 16:00:00+00:00,76.42,76.87,75.49,75.92,5026
2022-11-27 20:00:00+00:00,75.91,76.12,73.75,75.31,3575
2022-11-28 00:00:00+00:00,75.52,75.73,70.86,71.75,8577
2022-11-28 04:00:00+00:00,71.75,72.1,70.33,70.46,6670
2022-11-28 08:00:00+00:00,70.47,71.85,70.14,71.36,5083
2022-11-28 12:00:00+00:00,71.35,72.27,70.85,71.29,5230
2022-11-28 16:00:00+00:00,71.29,74.38,69.99,73.53,10531
2022-11-28 20:00:00+00:00,73.54,73.78,72.46,72.62,6106
2022-11-29 00:00:00+00:00,71.28,75.71,71.28,74.49,7786
2022-11-29 04:00:00+00:00,74.48,77.06,74.45,76.02,6750
2022-11-29 08:00:00+00:00,75.99,76.54,75.36,76.12,5140
2022-11-29 12:00:00+00:00,76.14,77.32,74.71,75.38,6311
2022-11-29 16:00:00+00:00,75.38,75.73,74.1,75.46,6270
2022-11-29 20:00:00+00:00,75.47,77.16,75.37,76.17,4426
2022-11-30 00:00:00+00:00,74.73,80.14,74.73,78.76,9939
2022-11-30 04:00:00+00:00,78.74,78.96,77.69,77.79,9992
2022-11-30 08:00:00+00:00,77.8,78.15,76.37,77.71,7525
2022-11-30 12:00:00+00:00,77.72,78.18,77.13,77.38,8086
2022-11-30 16:00:00+00:00,77.4,77.71,75.57,76.69,9146
2022-11-30 20:00:00+00:00,76.66,78.68,76.59,77.96,13173
2022-12-01 00:00:00+00:00,76.55,80.12,76.42,77.47,10437
2022-12-01 04:00:00+00:00,77.48,77.6,75.81,76.51,7949
2022-12-01 08:00:00+00:00,76.51,76.92,76.25,76.73,6538
2022-12-01 12:00:00+00:00,76.74,77.39,75.81,76.65,9280
2022-12-01 16:00:00+00:00,76.64,78.64,75.77,76.89,13771
2022-12-01 20:00:00+00:00,76.86,77.44,76.64,77.35,6727
2022-12-02 00:00:00+00:00,75.95,77.94,75.84,76.29,5746
2022-12-02 04:00:00+00:00,76.28,76.35,74.85,75.99,6274
2022-12-02 08:00:00+00:00,76.0,76.39,75.67,76.14,5254
2022-12-02 12:00:00+00:00,76.15,76.59,74.72,75.72,7869
2022-12-02 16:00:00+00:00,75.71,76.5,75.35,75.94,7377
2022-12-02 20:00:00+00:00,75.93,76.81,75.88,76.81,4817
2022-12-03 00:00:00+00:00,76.5,77.59,76.32,76.77,3748
2022-12-03 04:00:00+00:00,76.78,76.99,76.26,76.56,2976
2022-12-03 08:00:00+00:00,76.57,76.82,75.41,76.12,4633
2022-12-03 12:00:00+00:00,76.13,76.6,75.79,76.29,2699
2022-12-03 16:00:00+00:00,76.29,76.33,75.49,75.9,2870
2022-12-03 20:00:00+00:00,75.9,75.93,75.1,75.64,3057
2022-12-04 00:00:00+00:00,75.51,76.73,74.81,76.42,6406
2022-12-04 04:00:00+00:00,76.41,76.84,75.87,76.4,4645
2022-12-04 08:00:00+00:00,76.4,76.4,75.49,75.67,3606
2022-12-04 12:00:00+00:00,75.66,75.89,75.33,75.55,4152
2022-12-04 16:00:00+00:00,75.56,76.11,75.28,75.82,4919
2022-12-04 20:00:00+00:00,75.83,76.65,75.78,76.26,4318
2022-12-05 00:00:00+00:00,76.14,78.11,76.14,77.47,6217
2022-12-05 04:00:00+00:00,77.48,83.38,77.0,82.85,10630
2022-12-05 08:00:00+00:00,82.84,84.32,82.06,82.26,8100
2022-12-05 12:00:00+00:00,82.26,84.2,82.15,82.84,4134
2022-12-05 16:00:00+00:00,82.83,83.4,80.08,80.7,10925
2022-12-05 20:00:00+00:00,80.69,81.33,78.83,79.56,8077
2022-12-06 00:00:00+00:00,79.53,80.98,79.25,80.16,6297
2022-12-06 04:00:00+00:00,80.15,81.26,79.65,79.75,6360
2022-12-06 08:00:00+00:00,79.74,80.23,78.12,78.67,7383
2022-12-06 12:00:00+00:00,78.65,79.22,78.26,78.66,7430
2022-12-06 16:00:00+00:00,78.67,79.37,77.74,78.46,8854
2022-12-06 20:00:00+00:00,78.45,78.54,77.15,78.3,6921
2022-12-07 00:00:00+00:00,77.37,79.71,77.37,79.17,7489
2022-12-07 04:00:00+00:00,79.13,79.86,78.09,79.53,6339
2022-12-07 08:00:00+00:00,79.54,79.74,75.22,76.43,9004
2022-12-07 12:00:00+00:00,76.44,76.47,74.99,76.3,7260
2022-12-07 16:00:00+00:00,76.3,76.71,75.69,76.17,7205
2022-12-07 20:00:00+00:00,76.16,76.82,76.02,76.37,5038
2022-12-08 00:00:00+00:00,76.39,76.8,75.57,75.81,5286
2022-12-08 04:00:00+00:00,75.82,76.41,74.05,74.55,7070
2022-12-08 08:00:00+00:00,74.54,75.37,73.97,74.29,6492
2022-12-08 12:00:00+00:00,74.3,75.6,74.08,75.4,7577
2022-12-08 16:00:00+00:00,75.41,76.03,74.69,74.88,7783
2022-12-08 20:00:00+00:00,74.87,77.32,74.81,77.04,8123
2022-12-09 00:00:00+00:00,77.17,78.29,77.11,77.6,6116
2022-12-09 04:00:00+00:00,77.6,77.86,77.15,77.39,4339
2022-12-09 08:00:00+00:00,77.39,78.13,77.06,77.93,5067
2022-12-09 12:00:00+00:00,77.92,78.19,75.8,76.38,8730
2022-12-09 16:00:00+00:00,76.37,76.52,75.84,76.13,6663
2022-12-09 20:00:00+00:00,76.12,76.29,75.31,75.72,4658
2022-12-10 00:00:00+00:00,75.98,76.28,75.41,76.06,2038
2022-12-10 04:00:00+00:00,76.06,76.16,75.65,75.77,1895
2022-12-10 08:00:00+00:00,75.75,76.3,75.17,75.57,2735
2022-12-10 12:00:00+00:00,75.56,76.02,75.5,75.92,2573
2022-12-10 16:00:00+00:00,75.91,76.93,75.79,76.08,3707
2022-12-10 20:00:00+00:00,76.06,76.32,75.75,75.83,2001
2022-12-11 00:00:00+00:00,75.78,77.37,75.65,76.68,3356
2022-12-11 04:00:00+00:00,76.68,77.05,76.52,77.04,2403
2022-12-11 08:00:00+00:00,77.04,77.27,76.59,76.64,2302
2022-12-11 12:00:00+00:00,76.64,77.2,76.58,76.81,2343
2022-12-11 16:00:00+00:00,76.81,77.1,76.59,77.1,2030
2022-12-11 20:00:00+00:00,77.11,77.89,76.66,76.84,4884
2022-12-12 00:00:00+00:00,76.72,77.05,75.29,76.13,4210
2022-12-12 04:00:00+00:00,76.13,76.13,73.02,73.89,5838
2022-12-12 08:00:00+00:00,73.88,74.17,73.04,74.04,4087
2022-12-12 12:00:00+00:00,74.05,74.45,73.69,74.15,4155
2022-12-12 16:00:00+00:00,74.15,74.73,74.08,74.44,4529
2022-12-12 20:00:00+00:00,74.46,75.89,74.22,75.82,3560
2022-12-13 00:00:00+00:00,75.11,76.05,74.82,75.36,3003
2022-12-13 04:00:00+00:00,75.34,76.76,75.29,76.19,3837
2022-12-13 08:00:00+00:00,76.2,76.27,73.77,75.67,6364
2022-12-13 12:00:00+00:00,75.66,79.13,75.61,78.55,9264
2022-12-13 16:00:00+00:00,78.56,79.27,76.17,76.36,8392
2022-12-13 20:00:00+00:00,76.35,77.2,76.26,77.13,4968
2022-12-14 00:00:00+00:00,77.15,77.59,75.69,77.16,3564
2022-12-14 04:00:00+00:00,77.15,78.25,77.09,77.73,3220
2022-12-14 08:00:00+00:00,77.73,78.19,77.4,77.67,3244
2022-12-14 12:00:00+00:00,77.69,78.28,77.43,77.8,4496
2022-12-14 16:00:00+00:00,77.79,78.58,76.19,76.4,7242
2022-12-14 20:00:00+00:00,76.39,77.05,73.69,75.05,11077
2022-12-15 00:00:00+00:00,74.91,75.16,73.56,74.02,4484
2022-12-15 04:00:00+00:00,74.02,74.87,73.09,74.5,4310
2022-12-15 08:00:00+00:00,74.5,74.64,74.06,74.38,3710
2022-12-15 12:00:00+00:00,74.37,74.37,73.34,73.63,4145
2022-12-15 16:00:00+00:00,73.66,73.69,72.53,72.6,5947
2022-12-15 20:00:00+00:00,72.6,72.68,71.53,72.06,4904
2022-12-16 00:00:00+00:00,71.93,72.82,71.08,72.16,3718
2022-12-16 04:00:00+00:00,72.16,72.93,72.15,72.65,2374
2022-12-16 08:00:00+00:00,72.64,73.06,67.45,68.61,5709
2022-12-16 12:00:00+00:00,68.59,68.92,67.52,67.58,3094
2022-12-16 16:00:00+00:00,67.58,68.77,66.2,67.23,5809
2022-12-16 20:00:00+00:00,67.22,67.96,67.02,67.14,2010
2022-12-17 00:00:00+00:00,64.59,67.23,64.41,66.01,7542
2022-12-17 04:00:00+00:00,65.98,66.5,64.85,64.96,5485
2022-12-17 08:00:00+00:00,64.95,65.08,61.85,63.53,6466
2022-12-17 12:00:00+00:00,63.54,64.28,62.52,63.04,6001
2022-12-17 16:00:00+00:00,63.05,64.06,62.61,62.97,5536
2022-12-17 20:00:00+00:00,62.96,63.58,62.89,63.38,2840
2022-12-18 00:00:00+00:00,62.4,64.68,62.2,63.76,1685
2022-12-18 04:00:00+00:00,63.77,65.4,63.74,64.52,3052
2022-12-18 08:00:00+00:00,64.52,64.56,62.24,62.87,3413
2022-12-18 12:00:00+00:00,62.88,63.98,62.69,63.31,2518
2022-12-18 16:00:00+00:00,63.31,63.82,63.04,63.61,2089
2022-12-18 20:00:00+00:00,63.6,64.43,63.59,63.9,3989
2022-12-19 00:00:00+00:00,63.88,64.71,63.45,64.13,2782
2022-12-19 04:00:00+00:00,64.12,64.16,61.07,62.15,4115
2022-12-19 08:00:00+00:00,62.14,63.21,62.02,63.01,3065
2022-12-19 12:00:00+00:00,63.02,63.45,62.75,62.85,2406
2022-12-19 16:00:00+00:00,62.85,63.29,61.09,61.86,5448
2022-12-19 20:00:00+00:00,61.85,63.12,61.15,62.5,2712
2022-12-20 00:00:00+00:00,62.11,64.54,60.52,63.99,5711
2022-12-20 04:00:00+00:00,63.98,65.37,63.82,64.62,5994
2022-12-20 08:00:00+00:00,64.62,64.9,64.18,64.49,2151
2022-12-20 12:00:00+00:00,64.48,64.97,64.16,64.22,2678
2022-12-20 16:00:00+00:00,64.21,65.73,63.72,64.63,6191
2022-12-20 20:00:00+00:00,64.62,65.2,64.31,64.92,2464
2022-12-21 00:00:00+00:00,64.81,65.95,64.72,65.65,2683
2022-12-21 04:00:00+00:00,65.64,66.3,64.12,64.71,3585
2022-12-21 08:00:00+00:00,64.71,65.06,64.15,64.8,2075
2022-12-21 12:00:00+00:00,64.81,65.36,64.66,65.05,1997
2022-12-21 16:00:00+00:00,65.04,65.49,64.61,65.21,3378
2022-12-21 20:00:00+00:00,65.21,65.36,64.93,65.1,1481
2022-12-22 00:00:00+00:00,65.05,65.1,64.38,64.83,1621
2022-12-22 04:00:00+00:00,64.84,65.55,64.68,65.46,1208
2022-12-22 08:00:00+00:00,65.46,66.16,65.22,65.66,2878
2022-12-22 12:00:00+00:00,65.64,66.04,65.36,65.42,2164
2022-12-22 16:00:00+00:00,65.41,65.49,63.73,63.92,4329
2022-12-22 20:00:00+00:00,63.92,65.72,63.85,65.12,2493
2022-12-23 00:00:00+00:00,64.38,66.12,64.38,65.71,1836
2022-12-23 04:00:00+00:00,65.74,66.2,65.45,65.57,1815
2022-12-23 08:00:00+00:00,65.56,65.63,64.81,65.27,1612
2022-12-23 12:00:00+00:00,65.28,65.7,64.46,65.11,2565
2022-12-23 16:00:00+00:00,65.1,65.31,64.73,65.07,2280
2022-12-23 20:00:00+00:00,65.05,65.33,64.91,65.23,1041
2022-12-24 00:00:00+00:00,64.96,65.3,64.87,64.88,630
2022-12-24 04:00:00+00:00,64.88,65.21,64.78,64.86,795
2022-12-24 08:00:00+00:00,64.85,65.07,64.57,64.89,1030
2022-12-24 12:00:00+00:00,64.9,65.29,64.89,65.11,669
2022-12-24 16:00:00+00:00,65.11,65.42,65.02,65.3,482
2022-12-24 20:00:00+00:00,65.31,65.5,65.18,65.22,466
2022-12-25 00:00:00+00:00,64.35,65.49,64.35,65.43,419
2022-12-25 04:00:00+00:00,65.4,65.45,64.97,65.13,602
2022-12-25 08:00:00+00:00,65.12,65.41,65.07,65.32,291
2022-12-25 12:00:00+00:00,65.32,65.54,65.2,65.34,631
2022-12-25 16:00:00+00:00,65.34,65.94,64.82,65.75,1866
2022-12-25 20:00:00+00:00,65.75,67.95,65.52,67.48,1639
2022-12-26 00:00:00+00:00,66.78,69.01,66.78,68.29,2814
2022-12-26 04:00:00+00:00,68.28,68.89,68.26,68.55,1716
2022-12-26 08:00:00+00:00,68.55,69.02,68.09,68.63,1619
2022-12-26 12:00:00+00:00,68.68,71.1,68.64,69.91,2904
2022-12-26 16:00:00+00:00,69.91,70.04,69.09,69.53,2489
2022-12-26 20:00:00+00:00,69.54,69.89,69.27,69.45,1030
2022-12-27 00:00:00+00:00,69.01,70.44,69.01,70.07,2089
2022-12-27 04:00:00+00:00,70.07,70.63,69.43,69.55,1601
2022-12-27 08:00:00+00:00,69.54,69.98,69.1,69.98,1718
2022-12-27 12:00:00+00:00,69.97,70.2,69.22,69.25,1833
2022-12-27 16:00:00+00:00,69.24,69.77,68.1,68.36,3350
2022-12-27 20:00:00+00:00,68.35,68.5,67.18,67.59,2252
2022-12-28 00:00:00+00:00,67.27,68.4,67.23,68.08,1762
2022-12-28 04:00:00+00:00,68.05,68.94,66.73,67.22,3235
2022-12-28 08:00:00+00:00,67.22,67.56,66.55,67.11,1814
2022-12-28 12:00:00+00:00,67.1,67.24,66.54,66.74,1487
2022-12-28 16:00:00+00:00,66.76,67.78,66.03,66.84,3513
2022-12-28 20:00:00+00:00,66.85,67.13,65.59,65.9,1913
2022-12-29 00:00:00+00:00,65.45,66.23,65.12,65.79,1676
2022-12-29 04:00:00+00:00,65.8,66.04,65.04,65.86,1511
2022-12-29 08:00:00+00:00,65.82,66.06,65.27,66.0,1409
2022-12-29 12:00:00+00:00,66.0,66.52,65.84,66.18,1736
2022-12-29 16:00:00+00:00,66.18,66.72,66.0,66.11,1570
2022-12-29 20:00:00+00:00,66.1,66.27,65.43,65.53,1787
2022-12-30 00:00:00+00:00,65.14,66.59,65.14,66.2,1789
2022-12-30 04:00:00+00:00,66.21,67.05,65.72,65.94,1531
2022-12-30 08:00:00+00:00,65.93,66.28,65.51,66.22,2017
2022-12-30 12:00:00+00:00,66.22,66.36,65.8,66.04,1453
2022-12-30 16:00:00+00:00,66.03,67.65,65.91,67.08,3287
2022-12-30 20:00:00+00:00,67.09,68.16,67.02,67.38,1452
2022-12-31 00:00:00+00:00,67.41,67.65,67.07,67.39,647
2022-12-31 04:00:00+00:00,67.41,67.78,67.22,67.33,925
2022-12-31 08:00:00+00:00,67.33,67.59,67.19,67.47,690
2022-12-31 12:00:00+00:00,67.47,70.55,67.47,70.21,2609
2022-12-31 16:00:00+00:00,70.2,70.48,69.29,69.53,2324
2022-12-31 20:00:00+00:00,69.54,69.96,69.32,69.65,560
2023-01-01 00:00:00+00:00,69.15,69.72,68.59,68.96,1045
2023-01-01 04:00:00+00:00,68.94,69.27,68.42,68.88,819
2023-01-01 08:00:00+00:00,68.86,69.98,68.59,69.94,959
2023-01-01 12:00:00+00:00,69.94,70.08,68.93,69.22,1183
2023-01-01 16:00:00+00:00,69.22,70.93,69.22,70.38,1896
2023-01-01 20:00:00+00:00,70.38,70.93,70.28,70.56,1760
2023-01-02 00:00:00+00:00,70.23,70.6,69.53,69.59,1929
2023-01-02 04:00:00+00:00,69.58,70.52,69.56,70.08,1875
2023-01-02 08:00:00+00:00,70.08,76.51,69.88,74.59,5252
2023-01-02 12:00:00+00:00,74.6,75.11,74.21,74.72,2572
2023-01-02 16:00:00+00:00,74.72,76.34,73.76,74.24,3023
2023-01-02 20:00:00+00:00,74.24,75.08,73.89,74.92,1038
2023-01-03 00:00:00+00:00,74.34,74.82,73.9,74.77,2118
2023-01-03 04:00:00+00:00,74.75,75.28,74.43,75.2,2148
2023-01-03 08:00:00+00:00,75.19,75.89,74.67,75.3,3240
2023-01-03 12:00:00+00:00,75.32,75.35,74.33,74.6,2100
2023-01-03 16:00:00+00:00,74.59,75.35,73.11,75.03,4614
2023-01-03 20:00:00+00:00,75.02,75.09,74.25,74.79,1647
2023-01-04 00:00:00+00:00,74.42,76.28,74.42,75.91,3215
2023-01-04 04:00:00+00:00,75.9,77.45,75.78,76.1,6094
2023-01-04 08:00:00+00:00,76.11,76.74,75.44,75.75,4522
2023-01-04 12:00:00+00:00,75.75,75.85,75.02,75.75,3634
2023-01-04 16:00:00+00:00,75.72,76.07,74.32,75.3,7059
2023-01-04 20:00:00+00:00,75.33,75.88,73.79,74.33,6666
2023-01-05 00:00:00+00:00,74.12,75.44,74.12,74.83,3073
2023-01-05 04:00:00+00:00,74.84,75.72,74.68,75.3,3228
2023-01-05 08:00:00+00:00,75.31,75.32,74.03,74.21,3797
2023-01-05 12:00:00+00:00,74.21,74.7,73.32,73.48,4043
2023-01-05 16:00:00+00:00,73.49,74.08,73.06,73.22,5317
2023-01-05 20:00:00+00:00,73.21,74.61,73.17,74.09,3358
2023-01-06 00:00:00+00:00,74.06,74.94,73.31,74.46,3107
2023-01-06 04:00:00+00:00,74.44,74.48,73.16,73.48,3285
2023-01-06 08:00:00+00:00,73.47,73.52,71.91,72.85,3784
2023-01-06 12:00:00+00:00,72.84,74.41,72.03,73.98,5768
2023-01-06 16:00:00+00:00,73.99,75.21,73.54,74.93,5944
2023-01-06 20:00:00+00:00,74.94,75.61,74.82,75.08,4538
2023-01-07 00:00:00+00:00,74.65,76.08,74.58,75.57,2876
2023-01-07 04:00:00+00:00,75.57,75.81,75.12,75.4,2093
2023-01-07 08:00:00+00:00,75.39,76.33,75.05,75.76,2286
2023-01-07 12:00:00+00:00,75.75,75.93,74.95,75.26,2008
2023-01-07 16:00:00+00:00,75.24,75.61,75.08,75.54,1663
2023-01-07 20:00:00+00:00,75.54,76.14,75.54,75.97,2014
2023-01-08 00:00:00+00:00,75.97,76.02,74.6,75.07,1975
2023-01-08 04:00:00+00:00,75.06,75.26,74.89,75.19,1346
2023-01-08 08:00:00+00:00,75.19,76.18,75.12,75.65,2428
2023-01-08 12:00:00+00:00,75.66,75.89,75.14,75.42,1737
2023-01-08 16:00:00+00:00,75.41,76.79,75.03,75.3,4208
2023-01-08 20:00:00+00:00,75.27,76.13,75.06,75.9,2860
2023-01-09 00:00:00+00:00,75.95,82.25,75.88,81.06,9028
2023-01-09 04:00:00+00:00,81.04,82.17,80.87,81.24,6600
2023-01-09 08:00:00+00:00,81.25,82.32,81.12,81.86,5002
2023-01-09 12:00:00+00:00,81.85,82.9,80.53,81.15,5575
2023-01-09 16:00:00+00:00,81.14,83.08,80.6,82.22,8745
2023-01-09 20:00:00+00:00,82.2,82.35,80.03,80.52,6786
2023-01-10 00:00:00+00:00,80.52,82.32,80.15,81.53,4279
2023-01-10 04:00:00+00:00,81.53,81.84,79.61,80.93,4822
2023-01-10 08:00:00+00:00,80.94,81.01,80.34,80.69,3633
2023-01-10 12:00:00+00:00,80.7,80.72,78.94,79.51,4988
2023-01-10 16:00:00+00:00,79.49,80.85,79.48,80.11,7872
2023-01-10 20:00:00+00:00,80.12,81.79,80.0,81.03,5161
2023-01-11 00:00:00+00:00,80.83,81.01,80.1,80.43,3454
2023-01-11 04:00:00+00:00,80.42,80.9,79.39,80.57,3781
2023-01-11 08:00:00+00:00,80.56,83.35,80.55,81.51,7352
2023-01-11 12:00:00+00:00,81.51,81.85,80.63,80.96,4549
2023-01-11 16:00:00+00:00,80.95,81.37,79.85,80.56,6767
2023-01-11 20:00:00+00:00,80.56,82.93,80.56,81.82,7405
2023-01-12 00:00:00+00:00,82.12,86.87,81.63,84.93,11675
2023-01-12 04:00:00+00:00,84.92,85.1,83.04,83.13,5985
2023-01-12 08:00:00+00:00,83.13,83.98,82.8,83.15,4489
2023-01-12 12:00:00+00:00,83.13,85.1,80.38,84.83,7488
2023-01-12 16:00:00+00:00,84.84,84.94,81.76,84.72,13842
2023-01-12 20:00:00+00:00,84.73,85.73,83.63,84.68,11590
2023-01-13 00:00:00+00:00,84.83,86.28,83.93,84.59,6623
2023-01-13 04:00:00+00:00,84.59,85.08,83.73,83.9,4606
2023-01-13 08:00:00+00:00,83.89,84.91,83.76,84.6,4512
2023-01-13 12:00:00+00:00,84.62,84.91,83.27,83.45,7290
2023-01-13 16:00:00+00:00,83.46,84.83,83.1,83.65,9870
2023-01-13 20:00:00+00:00,83.66,86.24,83.38,86.07,7952
2023-01-14 00:00:00+00:00,86.07,90.43,84.41,89.56,13205
2023-01-14 04:00:00+00:00,89.57,90.27,87.34,88.62,11091
2023-01-14 08:00:00+00:00,88.62,90.65,85.63,87.26,13956
2023-01-14 12:00:00+00:00,87.26,87.98,86.2,87.25,11010
2023-01-14 16:00:00+00:00,87.29,88.9,86.17,86.75,10970
2023-01-14 20:00:00+00:00,86.76,87.42,86.42,87.35,4645
2023-01-15 00:00:00+00:00,87.32,87.78,84.74,86.38,7987
2023-01-15 04:00:00+00:00,86.39,86.83,85.53,86.73,4853
2023-01-15 08:00:00+00:00,86.75,86.75,85.11,86.19,5223
2023-01-15 12:00:00+00:00,86.19,87.76,85.89,87.15,6270
2023-01-15 16:00:00+00:00,87.13,88.25,86.86,87.5,7827
2023-01-15 20:00:00+00:00,87.49,87.82,86.64,87.4,4881
2023-01-16 00:00:00+00:00,86.98,88.28,86.61,88.17,8119
2023-01-16 04:00:00+00:00,88.17,88.71,86.7,87.66,6636
2023-01-16 08:00:00+00:00,87.64,87.79,83.29,85.48,9245
2023-01-16 12:00:00+00:00,85.46,86.19,85.32,85.69,5427
2023-01-16 16:00:00+00:00,85.69,86.36,83.75,86.33,9239
2023-01-16 20:00:00+00:00,86.34,87.21,85.69,85.82,8846
2023-01-17 00:00:00+00:00,86.39,86.5,83.93,84.83,7886
2023-01-17 04:00:00+00:00,84.81,85.59,84.17,85.56,4790
2023-01-17 08:00:00+00:00,85.57,85.84,84.69,85.45,4685
2023-01-17 12:00:00+00:00,85.43,87.97,85.0,87.36,7392
2023-01-17 16:00:00+00:00,87.36,88.84,85.38,86.29,14123
2023-01-17 20:00:00+00:00,86.29,87.15,85.89,86.56,6442
2023-01-18 00:00:00+00:00,87.45,87.63,86.1,87.43,6970
2023-01-18 04:00:00+00:00,87.42,87.86,86.87,87.3,6619
2023-01-18 08:00:00+00:00,87.31,87.36,86.02,86.06,5984
2023-01-18 12:00:00+00:00,86.05,86.72,85.24,86.44,6506
2023-01-18 16:00:00+00:00,86.45,87.32,81.52,83.82,19151
2023-01-18 20:00:00+00:00,83.83,84.96,82.18,83.05,9776
2023-01-19 00:00:00+00:00,82.53,83.29,81.91,82.37,6615
2023-01-19 04:00:00+00:00,82.36,83.15,81.84,83.13,3860
2023-01-19 08:00:00+00:00,83.14,83.34,82.47,82.86,3296
2023-01-19 12:00:00+00:00,82.87,82.99,81.21,81.89,6002
2023-01-19 16:00:00+00:00,81.88,83.57,81.55,82.87,8838
2023-01-19 20:00:00+00:00,82.86,84.07,82.81,83.45,6108
2023-01-20 00:00:00+00:00,83.42,84.03,83.13,83.96,4006
2023-01-20 04:00:00+00:00,83.96,84.38,82.83,82.95,4369
2023-01-20 08:00:00+00:00,82.94,84.16,82.5,83.93,4347
2023-01-20 12:00:00+00:00,83.94,84.41,83.72,83.86,4500
2023-01-20 16:00:00+00:00,83.85,87.02,83.76,86.71,9176
2023-01-20 20:00:00+00:00,86.71,88.81,86.43,88.34,11637
2023-01-21 00:00:00+00:00,88.49,90.68,88.07,88.75,8411
2023-01-21 04:00:00+00:00,88.74,90.18,88.66,89.66,4714
2023-01-21 08:00:00+00:00,89.68,90.43,89.05,89.75,6101
2023-01-21 12:00:00+00:00,89.74,91.53,87.58,88.11,10319
2023-01-21 16:00:00+00:00,88.12,90.53,88.01,89.56,9069
2023-01-21 20:00:00+00:00,89.53,90.22,89.36,89.68,4829
2023-01-22 00:00:00+00:00,89.54,89.95,86.82,87.34,7891
2023-01-22 04:00:00+00:00,87.34,88.65,86.62,88.31,4361
2023-01-22 08:00:00+00:00,88.32,88.93,87.73,87.84,3195
2023-01-22 12:00:00+00:00,87.83,89.13,87.82,88.78,5417
2023-01-22 16:00:00+00:00,88.78,89.54,87.38,88.73,9761
2023-01-22 20:00:00+00:00,88.73,88.88,86.09,86.98,8957
2023-01-23 00:00:00+00:00,86.87,88.08,86.45,87.68,6308
2023-01-23 04:00:00+00:00,87.7,88.02,87.3,87.58,4806
2023-01-23 08:00:00+00:00,87.59,88.87,87.01,88.78,5872
2023-01-23 12:00:00+00:00,88.79,92.55,88.56,90.18,10976
2023-01-23 16:00:00+00:00,90.17,91.02,88.56,89.19,11218
2023-01-23 20:00:00+00:00,89.18,90.25,88.51,90.09,9148
2023-01-24 00:00:00+00:00,89.63,90.21,89.1,89.87,5964
2023-01-24 04:00:00+00:00,89.86,90.71,89.59,90.51,5214
2023-01-24 08:00:00+00:00,90.5,90.95,89.25,90.12,5981
2023-01-24 12:00:00+00:00,90.11,90.49,88.86,89.12,6118
2023-01-24 16:00:00+00:00,89.11,89.49,87.85,88.76,9365
2023-01-24 20:00:00+00:00,88.76,89.32,87.01,87.44,6709
2023-01-25 00:00:00+00:00,87.66,87.73,85.07,86.26,12524
2023-01-25 04:00:00+00:00,86.24,87.39,86.18,87.24,4914
2023-01-25 08:00:00+00:00,87.25,87.79,86.74,86.77,4786
2023-01-25 12:00:00+00:00,86.76,87.75,86.53,87.57,6372
2023-01-25 16:00:00+00:00,87.57,87.7,85.98,87.27,9903
2023-01-25 20:00:00+00:00,87.26,90.82,87.1,90.59,8764
2023-01-26 00:00:00+00:00,91.22,91.48,87.61,88.8,9452
2023-01-26 04:00:00+00:00,88.79,89.33,88.33,89.22,3933
2023-01-26 08:00:00+00:00,89.23,89.37,87.54,87.78,5731
2023-01-26 12:00:00+00:00,87.79,89.14,87.37,89.11,6640
2023-01-26 16:00:00+00:00,89.14,89.29,86.42,87.4,11753
2023-01-26 20:00:00+00:00,87.39,87.83,86.34,86.86,5819
2023-01-27 00:00:00+00:00,86.86,87.26,85.34,85.68,6528
2023-01-27 04:00:00+00:00,85.67,87.15,85.54,87.0,4095
2023-01-27 08:00:00+00:00,87.0,87.67,86.63,87.21,4154
2023-01-27 12:00:00+00:00,87.19,87.35,86.25,86.85,5010
2023-01-27 16:00:00+00:00,86.85,88.05,86.13,87.77,8819
2023-01-27 20:00:00+00:00,87.77,88.47,87.36,87.68,5943
2023-01-28 00:00:00+00:00,87.81,88.71,87.66,87.99,3152
2023-01-28 04:00:00+00:00,87.97,89.42,87.89,88.7,3766
2023-01-28 08:00:00+00:00,88.71,88.82,87.6,88.01,3321
2023-01-28 12:00:00+00:00,88.02,88.37,86.51,87.12,4726
2023-01-28 16:00:00+00:00,87.11,88.05,86.74,87.5,3814
2023-01-28 20:00:00+00:00,87.51,88.56,87.32,88.05,2567
2023-01-29 00:00:00+00:00,87.55,96.05,87.55,95.12,11070
2023-01-29 04:00:00+00:00,95.11,95.36,93.52,94.77,8068
2023-01-29 08:00:00+00:00,94.76,94.91,93.86,94.31,6554
2023-01-29 12:00:00+00:00,94.32,95.33,93.78,94.38,10808
2023-01-29 16:00:00+00:00,94.38,96.18,94.11,95.06,8781
2023-01-29 20:00:00+00:00,95.09,97.23,94.94,96.28,10323
2023-01-30 00:00:00+00:00,95.92,96.58,93.9,95.08,7081
2023-01-30 04:00:00+00:00,95.09,95.48,94.01,94.42,5112
2023-01-30 08:00:00+00:00,94.42,94.66,90.6,91.11,8945
2023-01-30 12:00:00+00:00,91.1,93.3,90.58,92.04,8783
2023-01-30 16:00:00+00:00,92.05,92.89,91.01,91.59,8543
2023-01-30 20:00:00+00:00,91.55,91.85,87.77,89.87,8576
2023-01-31 00:00:00+00:00,89.53,93.89,88.98,93.35,9814
2023-01-31 04:00:00+00:00,93.37,95.72,93.15,93.73,10378
2023-01-31 08:00:00+00:00,93.75,94.74,93.44,93.58,7314
2023-01-31 12:00:00+00:00,93.57,93.65,92.3,93.35,7621
2023-01-31 16:00:00+00:00,93.35,94.93,93.19,93.95,9612
2023-01-31 20:00:00+00:00,93.95,94.37,92.12,92.59,6441
2023-02-01 00:00:00+00:00,92.29,96.6,92.26,96.18,10622
2023-02-01 04:00:00+00:00,96.2,97.71,95.87,96.58,7922
2023-02-01 08:00:00+00:00,96.59,96.9,94.9,95.45,6557
2023-02-01 12:00:00+00:00,95.46,95.72,94.54,95.17,5510
2023-02-01 16:00:00+00:00,95.16,95.71,93.23,94.09,8601
2023-02-01 20:00:00+00:00,94.09,98.74,93.67,97.43,15502
2023-02-02 00:00:00+00:00,97.38,101.77,97.38,100.47,9930
2023-02-02 04:00:00+00:00,100.46,101.05,99.77,99.96,5729
2023-02-02 08:00:00+00:00,99.96,100.14,99.1,99.93,5879
2023-02-02 12:00:00+00:00,99.93,100.1,98.52,98.68,5973
2023-02-02 16:00:00+00:00,98.69,100.35,97.95,100.2,12159
2023-02-02 20:00:00+00:00,100.21,101.29,97.83,97.87,12291
2023-02-03 00:00:00+00:00,97.3,100.0,97.29,98.92,7140
2023-02-03 04:00:00+00:00,98.92,99.2,97.68,98.73,4321
2023-02-03 08:00:00+00:00,98.73,98.81,97.2,97.88,4701
2023-02-03 12:00:00+00:00,97.87,98.58,97.02,97.73,6522
2023-02-03 16:00:00+00:00,97.72,100.23,96.96,99.53,12385
2023-02-03 20:00:00+00:00,99.53,99.58,98.29,98.76,7975
2023-02-04 00:00:00+00:00,98.94,100.83,98.94,99.24,4694
2023-02-04 04:00:00+00:00,99.26,99.3,98.01,98.28,3480
2023-02-04 08:00:00+00:00,98.28,98.71,97.52,98.25,3165
2023-02-04 12:00:00+00:00,98.24,99.52,98.13,99.13,4077
2023-02-04 16:00:00+00:00,99.12,99.56,98.64,99.21,4068
2023-02-04 20:00:00+00:00,99.21,99.53,98.53,98.65,2779
2023-02-05 00:00:00+00:00,98.16,98.81,97.2,97.94,4026
2023-02-05 04:00:00+00:00,97.91,98.35,97.75,97.98,2728
2023-02-05 08:00:00+00:00,97.97,98.38,97.86,98.01,2692
2023-02-05 12:00:00+00:00,98.01,98.18,95.75,96.8,6004
2023-02-05 16:00:00+00:00,96.8,97.23,95.06,95.18,7741
2023-02-05 20:00:00+00:00,95.18,95.43,94.32,95.12,5326
2023-02-06 00:00:00+00:00,94.81,96.63,94.81,96.06,4548
2023-02-06 04:00:00+00:00,96.07,96.12,94.32,95.14,4849
2023-02-06 08:00:00+00:00,95.14,96.36,95.06,95.38,4862
2023-02-06 12:00:00+00:00,95.38,96.42,94.95,95.71,4953
2023-02-06 16:00:00+00:00,95.7,97.29,95.51,97.08,10977
2023-02-06 20:00:00+00:00,97.08,97.42,96.53,96.69,5826
2023-02-07 00:00:00+00:00,96.4,96.82,94.72,96.08,6558
2023-02-07 04:00:00+00:00,96.09,99.13,95.89,98.54,6677
2023-02-07 08:00:00+00:00,98.55,99.91,98.06,98.61,6141
2023-02-07 12:00:00+00:00,98.6,99.37,98.4,98.94,5575
2023-02-07 16:00:00+00:00,98.94,100.33,97.69,99.82,10806
2023-02-07 20:00:00+00:00,99.85,100.26,97.37,99.67,13871
2023-02-08 00:00:00+00:00,99.21,100.92,99.2,100.63,6562
2023-02-08 04:00:00+00:00,100.62,101.38,100.33,100.72,4191
2023-02-08 08:00:00+00:00,100.72,101.84,100.33,100.66,5717
2023-02-08 12:00:00+00:00,100.67,101.15,99.94,100.12,5762
2023-02-08 16:00:00+00:00,100.12,100.12,96.33,98.69,14128
2023-02-08 20:00:00+00:00,98.7,99.06,97.28,98.31,8119
2023-02-09 00:00:00+00:00,98.25,98.98,98.09,98.2,4324
2023-02-09 04:00:00+00:00,98.19,98.36,94.74,95.97,9951
2023-02-09 08:00:00+00:00,95.96,96.69,95.69,95.93,5717
2023-02-09 12:00:00+00:00,95.94,96.64,95.4,96.57,6247
2023-02-09 16:00:00+00:00,96.58,97.0,94.6,95.22,11747
2023-02-09 20:00:00+00:00,95.21,95.48,89.41,90.74,15533
2023-02-10 00:00:00+00:00,90.1,92.2,89.53,91.42,10201
2023-02-10 04:00:00+00:00,91.43,92.11,90.95,92.02,7012
2023-02-10 08:00:00+00:00,92.01,93.0,91.87,91.93,6649
2023-02-10 12:00:00+00:00,91.92,92.1,90.68,91.38,7569
2023-02-10 16:00:00+00:00,91.38,92.27,90.59,91.94,12844
2023-02-10 20:00:00+00:00,91.94,93.65,91.66,92.82,7680
2023-02-11 00:00:00+00:00,92.29,93.25,92.04,93.11,1238
2023-02-11 04:00:00+00:00,93.12,94.32,93.11,93.72,4027
2023-02-11 08:00:00+00:00,93.73,93.86,92.77,93.22,3375
2023-02-11 12:00:00+00:00,93.23,93.82,91.53,93.01,3385
2023-02-11 16:00:00+00:00,93.0,93.38,92.18,92.99,4997
2023-02-11 20:00:00+00:00,92.98,94.13,92.53,94.02,4505
2023-02-12 00:00:00+00:00,93.43,94.17,93.43,93.48,3386
2023-02-12 04:00:00+00:00,93.49,93.69,92.52,92.87,2875
2023-02-12 08:00:00+00:00,92.86,93.44,92.49,93.21,3888
2023-02-12 12:00:00+00:00,93.22,93.42,92.63,92.79,5015
2023-02-12 16:00:00+00:00,92.78,94.0,92.51,93.56,7026
2023-02-12 20:00:00+00:00,93.55,93.76,91.7,91.76,5443
2023-02-13 00:00:00+00:00,91.05,93.34,90.11,92.69,6019
2023-02-13 04:00:00+00:00,92.68,92.89,91.47,92.22,7339
2023-02-13 08:00:00+00:00,92.21,93.21,89.23,89.82,10951
2023-02-13 12:00:00+00:00,89.83,91.0,89.27,90.49,9951
2023-02-13 16:00:00+00:00,90.44,91.06,87.71,87.98,13452
2023-02-13 20:00:00+00:00,87.95,89.64,87.95,88.84,8180
2023-02-14 00:00:00+00:00,88.44,90.87,88.44,90.04,6521
2023-02-14 04:00:00+00:00,90.06,90.59,89.86,90.34,3395
2023-02-14 08:00:00+00:00,90.34,91.64,90.23,91.42,5486
2023-02-14 12:00:00+00:00,91.41,92.35,90.18,91.81,9183
2023-02-14 16:00:00+00:00,91.82,95.13,90.59,94.47,19142
2023-02-14 20:00:00+00:00,94.48,95.48,94.29,94.83,10649
2023-02-15 00:00:00+00:00,94.33,95.47,94.12,94.85,4790
2023-02-15 04:00:00+00:00,94.86,96.34,94.53,96.27,5542
2023-02-15 08:00:00+00:00,96.27,96.72,95.31,95.68,6003
2023-02-15 12:00:00+00:00,95.69,98.02,95.59,97.09,11034
2023-02-15 16:00:00+00:00,97.1,97.38,96.4,96.94,11164
2023-02-15 20:00:00+00:00,96.96,101.95,96.73,100.99,14046
2023-02-16 00:00:00+00:00,100.76,103.28,100.76,101.55,10861
2023-02-16 04:00:00+00:00,101.56,101.97,101.11,101.58,6038
2023-02-16 08:00:00+00:00,101.57,101.73,100.07,101.01,7425
2023-02-16 12:00:00+00:00,101.01,101.91,100.06,100.51,7593
2023-02-16 16:00:00+00:00,100.5,105.07,99.91,102.25,17208
2023-02-16 20:00:00+00:00,102.26,102.85,100.79,101.11,11026
2023-02-17 00:00:00+00:00,100.97,101.34,97.69,99.85,12368
2023-02-17 04:00:00+00:00,99.81,100.1,98.74,99.11,5628
2023-02-17 08:00:00+00:00,99.08,99.81,98.75,99.18,6381
2023-02-17 12:00:00+00:00,99.18,99.44,98.2,98.35,6349
2023-02-17 16:00:00+00:00,98.34,100.48,97.82,99.53,15801
2023-02-17 20:00:00+00:00,99.54,101.23,99.35,100.19,9501
2023-02-18 00:00:00+00:00,99.98,100.95,99.54,100.78,4181
2023-02-18 04:00:00+00:00,100.78,101.44,100.07,100.77,4289
2023-02-18 08:00:00+00:00,100.78,101.08,99.16,99.54,4983
2023-02-18 12:00:00+00:00,99.55,99.65,97.13,99.14,4275
2023-02-18 16:00:00+00:00,99.16,100.14,98.99,99.4,4234
2023-02-18 20:00:00+00:00,99.4,99.79,98.56,98.99,3922
2023-02-19 00:00:00+00:00,98.72,99.71,98.72,99.18,2877
2023-02-19 04:00:00+00:00,99.17,100.14,98.8,99.81,3601
2023-02-19 08:00:00+00:00,99.82,99.9,98.38,98.49,4077
2023-02-19 12:00:00+00:00,98.5,99.26,98.34,98.94,3958
2023-02-19 16:00:00+00:00,98.94,101.04,95.93,97.09,11814
2023-02-19 20:00:00+00:00,97.09,98.01,95.98,97.99,6318
2023-02-20 00:00:00+00:00,97.44,98.13,95.05,97.11,7305
2023-02-20 04:00:00+00:00,97.12,97.81,96.84,97.77,4657
2023-02-20 08:00:00+00:00,97.76,98.21,96.5,97.84,7441
2023-02-20 12:00:00+00:00,97.85,97.94,95.23,96.38,9638
2023-02-20 16:00:00+00:00,96.38,97.08,94.57,95.75,9482
2023-02-20 20:00:00+00:00,95.74,95.93,93.97,95.36,6028
2023-02-21 00:00:00+00:00,94.37,96.1,94.37,95.8,5195
2023-02-21 04:00:00+00:00,95.8,96.33,94.81,94.87,5253
2023-02-21 08:00:00+00:00,94.87,96.28,92.56,93.91,8744
2023-02-21 12:00:00+00:00,93.92,93.94,91.65,91.94,8930
2023-02-21 16:00:00+00:00,91.95,93.49,91.63,93.23,10861
2023-02-21 20:00:00+00:00,93.27,93.83,91.12,91.97,7473
2023-02-22 00:00:00+00:00,91.58,94.38,91.58,93.37,6761
2023-02-22 04:00:00+00:00,93.35,94.75,91.98,93.7,8777
2023-02-22 08:00:00+00:00,93.71,95.05,93.11,94.72,9353
2023-02-22 12:00:00+00:00,94.71,95.01,93.04,93.51,7462
2023-02-22 16:00:00+00:00,93.51,93.53,91.03,92.21,12675
2023-02-22 20:00:00+00:00,92.21,93.72,92.18,93.33,9185
2023-02-23 00:00:00+00:00,92.94,95.24,92.94,94.5,5996
2023-02-23 04:00:00+00:00,94.5,95.76,94.48,94.67,6924
2023-02-23 08:00:00+00:00,94.68,94.98,94.09,94.6,5259
2023-02-23 12:00:00+00:00,94.61,95.26,92.84,94.49,10843
2023-02-23 16:00:00+00:00,94.48,95.02,93.19,93.7,11200
2023-02-23 20:00:00+00:00,93.71,94.42,93.33,93.7,6106
2023-02-24 00:00:00+00:00,93.14,94.76,92.02,94.13,4322
2023-02-24 04:00:00+00:00,94.12,94.36,93.21,93.39,3304
2023-02-24 08:00:00+00:00,93.4,93.83,93.17,93.39,4112
2023-02-24 12:00:00+00:00,93.39,93.69,92.17,92.45,5935
2023-02-24 16:00:00+00:00,92.44,93.01,89.44,91.58,12163
2023-02-24 20:00:00+00:00,91.58,91.58,89.97,90.43,6767
2023-02-25 00:00:00+00:00,90.61,91.49,90.56,91.32,2334
2023-02-25 04:00:00+00:00,91.34,91.56,90.49,90.97,3673
2023-02-25 08:00:00+00:00,90.92,91.97,90.87,91.5,3270
2023-02-25 12:00:00+00:00,91.51,91.81,90.75,91.12,4539
2023-02-25 16:00:00+00:00,91.13,91.88,90.73,91.69,3299
2023-02-25 20:00:00+00:00,91.69,92.16,89.91,91.54,7611
2023-02-26 00:00:00+00:00,91.18,92.98,91.18,92.81,4690
2023-02-26 04:00:00+00:00,92.8,93.43,92.56,93.19,3423
2023-02-26 08:00:00+00:00,93.18,93.78,93.1,93.35,3248
2023-02-26 12:00:00+00:00,93.36,93.8,93.28,93.53,3611
2023-02-26 16:00:00+00:00,93.52,93.79,93.14,93.6,3759
2023-02-26 20:00:00+00:00,93.6,95.03,93.57,94.59,5124
2023-02-27 00:00:00+00:00,94.6,94.95,93.56,94.94,4759
2023-02-27 04:00:00+00:00,94.93,95.25,93.72,93.92,3657
2023-02-27 08:00:00+00:00,93.91,94.24,93.25,93.81,3829
2023-02-27 12:00:00+00:00,93.81,95.29,93.45,95.28,4519
2023-02-27 16:00:00+00:00,95.29,95.59,92.83,93.18,9173
2023-02-27 20:00:00+00:00,93.16,93.23,91.94,93.13,6586
2023-02-28 00:00:00+00:00,93.13,93.87,92.89,93.87,3698
2023-02-28 04:00:00+00:00,93.86,94.21,93.27,93.29,2862
2023-02-28 08:00:00+00:00,93.3,93.54,92.53,93.31,4311
2023-02-28 12:00:00+00:00,93.31,94.86,93.26,94.3,4976
2023-02-28 16:00:00+00:00,94.29,95.5,94.19,94.87,7582
2023-02-28 20:00:00+00:00,94.89,94.89,92.77,93.07,7204
2023-03-01 00:00:00+00:00,93.02,94.3,92.55,94.2,5890
2023-03-01 04:00:00+00:00,94.2,97.11,94.12,96.46,6522
2023-03-01 08:00:00+00:00,96.47,97.86,96.25,97.32,6464
2023-03-01 12:00:00+00:00,97.31,97.51,96.36,96.77,5126
2023-03-01 16:00:00+00:00,96.76,97.49,96.31,97.15,9746
2023-03-01 20:00:00+00:00,97.15,97.28,95.95,97.02,6170
2023-03-02 00:00:00+00:00,96.62,97.85,96.29,96.75,5613
2023-03-02 04:00:00+00:00,96.73,96.96,96.22,96.41,3475
2023-03-02 08:00:00+00:00,96.42,97.3,96.07,96.19,5425
2023-03-02 12:00:00+00:00,96.19,96.32,94.69,94.79,7262
2023-03-02 16:00:00+00:00,94.78,94.91,93.42,93.86,8667
2023-03-02 20:00:00+00:00,93.85,94.78,93.72,94.59,5825
2023-03-03 00:00:00+00:00,94.66,95.03,84.56,87.29,6830
2023-03-03 04:00:00+00:00,87.28,88.96,87.0,88.42,6685
2023-03-03 08:00:00+00:00,88.41,88.83,88.31,88.43,3420
2023-03-03 12:00:00+00:00,88.44,88.81,87.92,88.68,3547
2023-03-03 16:00:00+00:00,88.68,90.0,88.41,89.92,6595
2023-03-03 20:00:00+00:00,89.92,90.09,88.57,89.04,4926
2023-03-04 00:00:00+00:00,90.03,90.35,89.74,89.81,2384
2023-03-04 04:00:00+00:00,89.81,90.06,89.31,89.46,2092
2023-03-04 08:00:00+00:00,89.47,89.89,88.96,89.54,2228
2023-03-04 12:00:00+00:00,89.54,89.81,89.08,89.59,2269
2023-03-04 16:00:00+00:00,89.59,89.81,89.02,89.07,2383
2023-03-04 20:00:00+00:00,89.06,89.21,87.15,87.6,5598
2023-03-05 00:00:00+00:00,86.48,91.23,86.28,90.98,5585
2023-03-05 04:00:00+00:00,90.98,91.29,88.99,90.29,5091
2023-03-05 08:00:00+00:00,90.29,90.46,89.78,90.12,2677
2023-03-05 12:00:00+00:00,90.13,91.02,90.01,90.4,4127
2023-03-05 16:00:00+00:00,90.4,90.55,89.72,89.78,2742
2023-03-05 20:00:00+00:00,89.79,90.28,89.14,89.72,3091
2023-03-06 00:00:00+00:00,88.73,90.15,88.6,88.84,5352
2023-03-06 04:00:00+00:00,88.84,88.84,87.75,88.24,4794
2023-03-06 08:00:00+00:00,88.24,88.26,86.99,87.7,4284
2023-03-06 12:00:00+00:00,87.7,87.88,86.03,87.64,5235
2023-03-06 16:00:00+00:00,87.63,88.53,87.18,88.0,6079
2023-03-06 20:00:00+00:00,87.99,88.12,86.6,87.1,4512
2023-03-07 00:00:00+00:00,86.38,88.46,86.38,87.88,3734
2023-03-07 04:00:00+00:00,87.89,88.02,87.14,87.73,2968
2023-03-07 08:00:00+00:00,87.74,88.05,85.7,85.77,3953
2023-03-07 12:00:00+00:00,85.76,86.28,84.58,84.69,4987
2023-03-07 16:00:00+00:00,84.7,86.18,83.45,86.03,11326
2023-03-07 20:00:00+00:00,86.04,86.25,84.62,85.03,5860
2023-03-08 00:00:00+00:00,83.88,86.17,83.86,85.15,4136
2023-03-08 04:00:00+00:00,85.14,85.44,83.97,84.25,4214
2023-03-08 08:00:00+00:00,84.24,84.8,83.85,84.71,4084
2023-03-08 12:00:00+00:00,84.7,84.99,83.76,83.98,4842
2023-03-08 16:00:00+00:00,83.97,84.34,82.16,82.93,8681
2023-03-08 20:00:00+00:00,82.93,83.6,82.17,82.8,5247
2023-03-09 00:00:00+00:00,81.93,82.72,80.48,81.99,7117
2023-03-09 04:00:00+00:00,82.02,83.0,82.01,82.54,2951
2023-03-09 08:00:00+00:00,82.54,82.89,81.68,82.37,4309
2023-03-09 12:00:00+00:00,82.36,83.98,82.13,83.95,4892
2023-03-09 16:00:00+00:00,83.95,84.42,82.36,82.44,7608
2023-03-09 20:00:00+00:00,82.45,82.5,74.44,75.15,14646
2023-03-10 00:00:00+00:00,74.27,76.3,73.17,74.78,9385
2023-03-10 04:00:00+00:00,74.77,75.32,73.54,74.06,4988
2023-03-10 08:00:00+00:00,74.07,74.15,69.72,69.79,8475
2023-03-10 12:00:00+00:00,69.82,72.23,67.54,71.81,14329
2023-03-10 16:00:00+00:00,71.82,71.84,68.27,70.22,15931
2023-03-10 20:00:00+00:00,70.21,71.37,69.91,70.6,8053
2023-03-11 00:00:00+00:00,71.09,74.01,70.8,73.83,7199
2023-03-11 04:00:00+00:00,73.82,74.04,70.92,71.58,3444
2023-03-11 08:00:00+00:00,71.57,71.72,64.8,66.98,5818
2023-03-11 12:00:00+00:00,66.97,68.07,66.11,66.81,5138
2023-03-11 16:00:00+00:00,66.76,69.34,66.45,68.98,5228
2023-03-11 20:00:00+00:00,68.97,69.56,68.05,68.5,3858
2023-03-12 00:00:00+00:00,68.09,69.82,67.6,68.96,4695
2023-03-12 04:00:00+00:00,68.97,69.67,68.48,69.26,4429
2023-03-12 08:00:00+00:00,69.26,69.67,68.4,68.72,3071
2023-03-12 12:00:00+00:00,68.71,68.94,67.12,67.93,3833
2023-03-12 16:00:00+00:00,67.91,68.96,67.79,68.82,4981
2023-03-12 20:00:00+00:00,68.82,73.25,68.43,73.25,8156
2023-03-13 00:00:00+00:00,72.83,79.61,71.84,78.62,7983
2023-03-13 04:00:00+00:00,78.63,78.79,76.91,77.23,7857
2023-03-13 08:00:00+00:00,77.23,78.12,76.11,76.12,6890
2023-03-13 12:00:00+00:00,76.13,76.52,73.54,74.74,10919
2023-03-13 16:00:00+00:00,74.74,83.0,74.74,81.34,17025
2023-03-13 20:00:00+00:00,81.35,81.94,80.37,80.97,9911
2023-03-14 00:00:00+00:00,80.95,82.35,80.2,80.39,5950
2023-03-14 04:00:00+00:00,80.38,81.4,80.1,81.11,5906
2023-03-14 08:00:00+00:00,81.1,82.01,79.3,79.75,8650
2023-03-14 12:00:00+00:00,79.75,86.61,78.97,86.16,9516
2023-03-14 16:00:00+00:00,86.16,87.99,85.37,86.89,15419
2023-03-14 20:00:00+00:00,86.89,87.17,82.22,83.24,14530
2023-03-15 00:00:00+00:00,81.55,84.39,80.5,83.63,5587
2023-03-15 04:00:00+00:00,83.61,85.02,83.45,84.97,7925
2023-03-15 08:00:00+00:00,84.97,85.31,83.04,83.49,7757
2023-03-15 12:00:00+00:00,83.5,83.56,79.98,82.03,13010
2023-03-15 16:00:00+00:00,82.04,83.14,74.5,74.99,17008
2023-03-15 20:00:00+00:00,74.94,76.83,74.78,75.61,11993
2023-03-16 00:00:00+00:00,74.87,77.12,74.87,75.69,6782
2023-03-16 04:00:00+00:00,75.69,77.86,75.28,77.09,8363
2023-03-16 08:00:00+00:00,77.09,78.96,76.58,78.47,7885
2023-03-16 12:00:00+00:00,78.46,79.55,77.52,78.14,10807
2023-03-16 16:00:00+00:00,78.15,79.22,77.03,77.97,11164
2023-03-16 20:00:00+00:00,77.96,79.47,77.14,77.26,7530
2023-03-17 00:00:00+00:00,76.71,78.89,76.71,78.05,4842
2023-03-17 04:00:00+00:00,78.06,81.23,77.84,80.78,6892
2023-03-17 08:00:00+00:00,80.78,82.32,80.26,81.23,8694
2023-03-17 12:00:00+00:00,81.22,84.49,81.22,83.04,13475
2023-03-17 16:00:00+00:00,83.03,83.39,80.57,81.11,13754
2023-03-17 20:00:00+00:00,81.12,82.86,80.82,82.16,11053
2023-03-18 00:00:00+00:00,82.96,86.5,82.85,86.42,7661
2023-03-18 04:00:00+00:00,86.42,87.56,86.04,86.21,10292
2023-03-18 08:00:00+00:00,86.21,86.69,84.58,85.37,7095
2023-03-18 12:00:00+00:00,85.34,86.91,84.81,86.41,7521
2023-03-18 16:00:00+00:00,86.41,86.97,81.55,84.28,11994
2023-03-18 20:00:00+00:00,84.29,84.94,82.63,84.34,8702
2023-03-19 00:00:00+00:00,84.21,84.53,81.94,83.8,8497
2023-03-19 04:00:00+00:00,83.8,84.16,82.99,83.2,5351
2023-03-19 08:00:00+00:00,83.2,83.4,81.78,82.64,7088
2023-03-19 12:00:00+00:00,82.64,84.09,81.83,83.49,7410
2023-03-19 16:00:00+00:00,83.53,86.1,83.02,85.4,11593
2023-03-19 20:00:00+00:00,85.41,85.92,83.28,84.02,11306
2023-03-20 00:00:00+00:00,83.13,85.05,82.39,82.42,8302
2023-03-20 04:00:00+00:00,82.41,83.88,80.23,81.43,10466
2023-03-20 08:00:00+00:00,81.42,83.37,80.66,82.75,9026
2023-03-20 12:00:00+00:00,82.72,83.02,80.97,81.98,9796
2023-03-20 16:00:00+00:00,81.98,82.06,79.77,80.11,11402
2023-03-20 20:00:00+00:00,80.11,80.7,78.22,80.06,10091
2023-03-21 00:00:00+00:00,79.4,80.62,77.42,78.77,7530
2023-03-21 04:00:00+00:00,78.78,78.99,77.77,78.83,4636
2023-03-21 08:00:00+00:00,78.8,78.96,76.37,78.22,7104
2023-03-21 12:00:00+00:00,78.23,81.57,78.15,81.35,6355
2023-03-21 16:00:00+00:00,81.36,83.16,80.87,81.8,8455
2023-03-21 20:00:00+00:00,81.8,82.07,79.9,81.6,5866
2023-03-22 00:00:00+00:00,80.83,82.94,80.58,81.2,3338
2023-03-22 04:00:00+00:00,81.22,81.83,80.54,81.39,3904
2023-03-22 08:00:00+00:00,81.38,81.6,80.09,80.2,3453
2023-03-22 12:00:00+00:00,80.2,80.73,79.44,80.38,4334
2023-03-22 16:00:00+00:00,80.38,81.61,79.82,80.65,7269
2023-03-22 20:00:00+00:00,80.73,86.2,78.8,85.99,17779
2023-03-23 00:00:00+00:00,85.82,88.75,85.11,85.8,11126
2023-03-23 04:00:00+00:00,85.78,87.77,85.25,86.4,10609
2023-03-23 08:00:00+00:00,86.41,88.22,86.23,87.67,9923
2023-03-23 12:00:00+00:00,87.68,91.56,87.68,90.78,14751
2023-03-23 16:00:00+00:00,90.75,94.2,88.74,94.0,18688
2023-03-23 20:00:00+00:00,93.99,94.05,91.47,92.67,14496
2023-03-24 00:00:00+00:00,91.33,93.78,90.87,92.35,7072
2023-03-24 04:00:00+00:00,92.36,93.47,91.97,92.8,6897
2023-03-24 08:00:00+00:00,92.8,95.52,91.89,92.22,11731
2023-03-24 12:00:00+00:00,92.23,92.82,88.03,91.33,13921
2023-03-24 16:00:00+00:00,91.33,92.74,88.64,91.59,15841
2023-03-24 20:00:00+00:00,91.6,91.78,87.59,90.49,13473
2023-03-25 00:00:00+00:00,90.08,93.8,89.89,92.89,8263
2023-03-25 04:00:00+00:00,92.89,93.05,91.4,92.77,6193
2023-03-25 08:00:00+00:00,92.74,92.83,90.96,91.28,6211
2023-03-25 12:00:00+00:00,91.29,93.41,90.78,92.56,8077
2023-03-25 16:00:00+00:00,92.59,93.07,91.42,91.95,9486
2023-03-25 20:00:00+00:00,91.94,92.05,89.58,90.02,9740
2023-03-26 00:00:00+00:00,89.29,91.77,89.28,91.3,3877
2023-03-26 04:00:00+00:00,91.3,93.51,91.22,92.93,3959
2023-03-26 08:00:00+00:00,92.93,94.27,92.68,93.27,5506
2023-03-26 12:00:00+00:00,93.27,93.74,92.67,93.61,6005
2023-03-26 16:00:00+00:00,93.6,94.37,91.79,92.03,8770
2023-03-26 20:00:00+00:00,92.05,92.98,91.87,92.31,4398
2023-03-27 00:00:00+00:00,91.33,93.99,91.33,93.06,4430
2023-03-27 04:00:00+00:00,93.06,93.18,91.3,92.12,5466
2023-03-27 08:00:00+00:00,92.12,92.16,90.56,91.72,6274
2023-03-27 12:00:00+00:00,91.72,92.16,91.36,91.64,6134
2023-03-27 16:00:00+00:00,91.64,93.56,87.05,88.31,15980
2023-03-27 20:00:00+00:00,88.32,88.91,87.31,88.33,8245
2023-03-28 00:00:00+00:00,87.45,89.03,87.3,87.51,4083
2023-03-28 04:00:00+00:00,87.51,88.35,85.06,86.08,8044
2023-03-28 08:00:00+00:00,86.08,87.17,85.67,86.5,6908
2023-03-28 12:00:00+00:00,86.5,87.41,85.13,85.79,9832
2023-03-28 16:00:00+00:00,85.78,86.91,85.23,86.03,9026
2023-03-28 20:00:00+00:00,86.03,88.73,85.47,87.88,9181
2023-03-29 00:00:00+00:00,86.92,89.09,86.92,88.53,4982
2023-03-29 04:00:00+00:00,88.53,90.25,88.52,90.16,5943
2023-03-29 08:00:00+00:00,90.15,92.48,89.78,92.2,9745
2023-03-29 12:00:00+00:00,92.19,92.31,90.34,90.75,7154
2023-03-29 16:00:00+00:00,90.73,91.16,89.55,90.52,8703
2023-03-29 20:00:00+00:00,90.51,92.07,90.47,91.57,6122
2023-03-30 00:00:00+00:00,90.44,91.59,89.6,89.84,4309
2023-03-30 04:00:00+00:00,89.84,92.76,87.79,89.83,11227
2023-03-30 08:00:00+00:00,89.83,90.44,89.37,89.52,6500
2023-03-30 12:00:00+00:00,89.52,89.88,88.99,89.62,5526
2023-03-30 16:00:00+00:00,89.61,89.71,87.81,88.54,9471
2023-03-30 20:00:00+00:00,88.52,88.98,86.11,88.92,7418
2023-03-31 00:00:00+00:00,87.83,88.98,87.75,88.78,4365
2023-03-31 04:00:00+00:00,88.77,89.63,88.69,89.57,5138
2023-03-31 08:00:00+00:00,89.6,89.78,86.65,87.63,7240
2023-03-31 12:00:00+00:00,87.64,88.97,87.29,88.66,5593
2023-03-31 16:00:00+00:00,88.66,89.75,88.35,88.82,9452
2023-03-31 20:00:00+00:00,88.83,89.31,88.41,89.24,3215
2023-04-01 00:00:00+00:00,89.48,89.73,88.89,89.08,2157
2023-04-01 04:00:00+00:00,89.1,93.72,88.88,92.91,8520
2023-04-01 08:00:00+00:00,92.91,93.4,91.65,92.58,6661
2023-04-01 12:00:00+00:00,92.59,93.78,92.33,92.93,5808
2023-04-01 16:00:00+00:00,92.94,93.33,91.24,91.47,6440
2023-04-01 20:00:00+00:00,91.49,92.32,91.43,91.74,4084
2023-04-02 00:00:00+00:00,90.78,92.66,90.78,92.03,2802
2023-04-02 04:00:00+00:00,92.03,93.47,91.84,92.06,4712
2023-04-02 08:00:00+00:00,92.06,94.04,91.96,92.83,5466
2023-04-02 12:00:00+00:00,92.85,93.64,92.75,93.04,4998
2023-04-02 16:00:00+00:00,93.05,94.01,90.69,92.17,10462
2023-04-02 20:00:00+00:00,92.18,92.41,89.83,90.95,5149
2023-04-03 00:00:00+00:00,90.05,92.76,90.05,92.6,5508
2023-04-03 04:00:00+00:00,92.62,92.99,89.92,90.64,7200
2023-04-03 08:00:00+00:00,90.64,92.84,90.27,92.62,7297
2023-04-03 12:00:00+00:00,92.63,92.75,91.53,92.36,6156
2023-04-03 16:00:00+00:00,92.35,92.82,90.62,91.27,7963
2023-04-03 20:00:00+00:00,91.26,95.27,89.8,91.13,12682
2023-04-04 00:00:00+00:00,90.51,93.11,89.57,91.78,7294
2023-04-04 04:00:00+00:00,91.79,92.28,91.07,91.2,4383
2023-04-04 08:00:00+00:00,91.2,92.26,91.16,92.1,4890
2023-04-04 12:00:00+00:00,92.09,93.52,91.82,93.32,7068
2023-04-04 16:00:00+00:00,93.32,93.52,91.79,92.45,7797
2023-04-04 20:00:00+00:00,92.44,92.83,91.98,92.68,4699
2023-04-05 00:00:00+00:00,91.56,93.37,91.29,93.23,4141
2023-04-05 04:00:00+00:00,93.23,93.93,92.9,93.23,5616
2023-04-05 08:00:00+00:00,93.23,94.55,93.18,94.35,5342
2023-04-05 12:00:00+00:00,94.36,94.43,92.95,93.87,5635
2023-04-05 16:00:00+00:00,93.87,94.01,90.52,91.9,11129
2023-04-05 20:00:00+00:00,91.9,92.39,91.21,91.86,5279
2023-04-06 00:00:00+00:00,91.08,92.28,91.08,91.64,3232
2023-04-06 04:00:00+00:00,91.62,92.02,90.61,91.77,3797
2023-04-06 08:00:00+00:00,91.78,91.96,90.16,90.6,4956
2023-04-06 12:00:00+00:00,90.62,90.97,89.26,90.4,5659
2023-04-06 16:00:00+00:00,90.41,91.03,89.88,90.65,5695
2023-04-06 20:00:00+00:00,90.66,90.94,89.9,90.14,3284
2023-04-07 00:00:00+00:00,89.27,90.98,89.27,90.77,1915
2023-04-07 04:00:00+00:00,90.78,90.93,90.09,90.47,2529
2023-04-07 08:00:00+00:00,90.47,90.53,88.5,89.2,5046
2023-04-07 12:00:00+00:00,89.2,89.99,89.08,89.7,4104
2023-04-07 16:00:00+00:00,89.72,90.38,89.57,89.73,3212
2023-04-07 20:00:00+00:00,89.74,90.07,89.48,89.51,1536
2023-04-08 00:00:00+00:00,89.49,90.3,89.49,89.8,1646
2023-04-08 04:00:00+00:00,89.81,90.34,89.68,90.07,2104
2023-04-08 08:00:00+00:00,90.07,90.97,90.06,90.11,2496
2023-04-08 12:00:00+00:00,90.11,90.37,89.74,89.92,1899
2023-04-08 16:00:00+00:00,89.9,90.06,89.76,90.01,1622
2023-04-08 20:00:00+00:00,90.02,90.1,88.76,89.47,2677
2023-04-09 00:00:00+00:00,88.45,89.96,88.45,89.9,1846
2023-04-09 04:00:00+00:00,89.9,90.42,89.9,90.19,1722
2023-04-09 08:00:00+00:00,90.18,90.42,89.3,89.66,3180
2023-04-09 12:00:00+00:00,89.65,90.03,89.33,89.75,2377
2023-04-09 16:00:00+00:00,89.76,89.76,88.68,89.09,3196
2023-04-09 20:00:00+00:00,89.09,90.16,88.83,89.67,3023
2023-04-10 00:00:00+00:00,89.74,90.58,89.66,90.1,2792
2023-04-10 04:00:00+00:00,90.08,90.23,89.4,90.0,2553
2023-04-10 08:00:00+00:00,89.99,90.32,89.8,89.94,1988
2023-04-10 12:00:00+00:00,89.94,90.24,89.83,90.05,1665
2023-04-10 16:00:00+00:00,90.05,92.83,89.63,92.44,7724
2023-04-10 20:00:00+00:00,92.45,92.91,91.88,92.04,6619
2023-04-11 00:00:00+00:00,91.15,93.98,91.15,93.27,4507
2023-04-11 04:00:00+00:00,93.27,96.41,92.48,95.44,7195
2023-04-11 08:00:00+00:00,95.45,96.47,94.35,95.1,6131
2023-04-11 12:00:00+00:00,95.09,95.34,94.05,94.42,3800
2023-04-11 16:00:00+00:00,94.4,95.09,93.8,94.44,5384
2023-04-11 20:00:00+00:00,94.42,95.02,93.67,94.2,4911
2023-04-12 00:00:00+00:00,94.05,94.31,92.95,93.46,2697
2023-04-12 04:00:00+00:00,93.45,93.76,90.44,91.31,7072
2023-04-12 08:00:00+00:00,91.29,91.94,90.99,91.07,4096
2023-04-12 12:00:00+00:00,91.08,92.66,90.52,91.82,4565
2023-04-12 16:00:00+00:00,91.85,92.82,90.59,91.31,9308
2023-04-12 20:00:00+00:00,91.3,91.83,90.79,91.49,5495
2023-04-13 00:00:00+00:00,91.44,92.02,91.22,91.56,3374
2023-04-13 04:00:00+00:00,91.56,92.26,91.25,91.97,3533
2023-04-13 08:00:00+00:00,91.98,93.62,91.82,93.29,4626
2023-04-13 12:00:00+00:00,93.27,93.99,93.0,93.78,6457
2023-04-13 16:00:00+00:00,93.79,94.09,93.23,93.64,6084
2023-04-13 20:00:00+00:00,93.64,94.1,93.51,93.68,3439
2023-04-14 00:00:00+00:00,93.74,97.96,93.45,96.83,3412
2023-04-14 04:00:00+00:00,96.84,98.77,96.22,97.75,6799
2023-04-14 08:00:00+00:00,97.74,98.05,96.36,96.78,5613
2023-04-14 12:00:00+00:00,96.79,97.02,94.81,95.09,5331
2023-04-14 16:00:00+00:00,95.11,96.88,93.15,93.82,10666
2023-04-14 20:00:00+00:00,93.83,96.52,93.75,95.93,5922
2023-04-15 00:00:00+00:00,95.23,96.21,94.99,95.02,3196
2023-04-15 04:00:00+00:00,95.04,95.53,94.23,95.14,3026
2023-04-15 08:00:00+00:00,95.13,96.09,94.89,95.66,2417
2023-04-15 12:00:00+00:00,95.67,96.4,95.52,96.31,2466
2023-04-15 16:00:00+00:00,96.31,96.51,95.3,96.08,3461
2023-04-15 20:00:00+00:00,96.09,96.14,94.87,95.73,2966
2023-04-16 00:00:00+00:00,95.21,96.9,95.21,95.68,2473
2023-04-16 04:00:00+00:00,95.69,96.02,94.64,95.8,3135
2023-04-16 08:00:00+00:00,95.8,95.95,95.54,95.69,1548
2023-04-16 12:00:00+00:00,95.67,97.96,95.49,97.31,6347
2023-04-16 16:00:00+00:00,97.33,101.64,97.06,101.3,9608
2023-04-16 20:00:00+00:00,101.26,101.47,99.62,100.74,5343
2023-04-17 00:00:00+00:00,100.29,101.29,97.07,97.39,5525
2023-04-17 04:00:00+00:00,97.42,99.06,96.85,98.32,4817
2023-04-17 08:00:00+00:00,98.32,99.21,97.68,99.0,5617
2023-04-17 12:00:00+00:00,99.01,99.09,97.21,98.4,6352
2023-04-17 16:00:00+00:00,98.4,99.04,97.49,98.25,7800
2023-04-17 20:00:00+00:00,98.23,98.68,97.81,97.92,3739
2023-04-18 00:00:00+00:00,97.85,98.99,97.32,98.24,2601
2023-04-18 04:00:00+00:00,98.24,102.38,97.05,101.38,10069
2023-04-18 08:00:00+00:00,101.38,102.04,100.81,101.74,6563
2023-04-18 12:00:00+00:00,101.74,102.79,100.87,101.04,7247
2023-04-18 16:00:00+00:00,101.05,101.42,100.2,100.81,7765
2023-04-18 20:00:00+00:00,100.79,101.12,99.54,100.83,7272
2023-04-19 00:00:00+00:00,100.21,101.41,100.21,100.93,1868
2023-04-19 04:00:00+00:00,100.93,101.34,99.95,100.8,2212
2023-04-19 08:00:00+00:00,100.82,101.17,92.83,94.49,6364
2023-04-19 12:00:00+00:00,94.51,95.41,94.41,94.82,5670
2023-04-19 16:00:00+00:00,94.79,95.13,93.29,93.9,6607
2023-04-19 20:00:00+00:00,93.91,93.93,91.75,92.82,6556
2023-04-20 00:00:00+00:00,92.07,92.83,85.86,90.25,5952
2023-04-20 04:00:00+00:00,90.18,90.8,88.13,90.4,9370
2023-04-20 08:00:00+00:00,90.4,91.02,89.82,90.47,8191
2023-04-20 12:00:00+00:00,90.48,91.86,89.26,91.43,8995
2023-04-20 16:00:00+00:00,91.43,91.48,87.05,88.55,12749
2023-04-20 20:00:00+00:00,88.56,88.86,86.58,87.81,13666
2023-04-21 00:00:00+00:00,86.72,90.52,86.72,89.94,7239
2023-04-21 04:00:00+00:00,89.93,90.19,88.52,89.34,6782
2023-04-21 08:00:00+00:00,89.35,89.89,87.32,89.81,8669
2023-04-21 12:00:00+00:00,89.8,90.12,87.73,89.17,7434
2023-04-21 16:00:00+00:00,89.17,89.6,87.99,88.74,9153
2023-04-21 20:00:00+00:00,88.73,89.37,83.52,84.41,10007
2023-04-22 00:00:00+00:00,84.32,85.47,83.79,84.54,3628
2023-04-22 04:00:00+00:00,84.54,85.49,84.22,85.3,4325
2023-04-22 08:00:00+00:00,85.3,85.51,84.78,84.9,3421
2023-04-22 12:00:00+00:00,84.9,86.02,84.83,85.83,3618
2023-04-22 16:00:00+00:00,85.83,86.64,85.16,86.04,5633
2023-04-22 20:00:00+00:00,86.05,86.54,85.96,86.42,3062
2023-04-23 00:00:00+00:00,85.31,86.61,84.85,85.63,3528
2023-04-23 04:00:00+00:00,85.62,86.07,85.28,85.9,3059
2023-04-23 08:00:00+00:00,85.89,86.57,85.75,86.5,3208
2023-04-23 12:00:00+00:00,86.51,86.55,85.85,86.18,3694
2023-04-23 16:00:00+00:00,86.18,86.35,84.57,85.76,6315
2023-04-23 20:00:00+00:00,85.77,86.01,82.51,85.64,5909
2023-04-24 00:00:00+00:00,84.72,87.33,84.72,87.33,4042
2023-04-24 04:00:00+00:00,87.33,87.97,86.55,87.4,4935
2023-04-24 08:00:00+00:00,87.4,87.92,85.49,86.06,6808
2023-04-24 12:00:00+00:00,86.06,87.74,86.01,87.2,5363
2023-04-24 16:00:00+00:00,87.21,88.47,85.59,85.92,8766
2023-04-24 20:00:00+00:00,85.94,87.73,85.35,87.61,5885
2023-04-25 00:00:00+00:00,86.52,88.41,86.52,87.33,3567
2023-04-25 04:00:00+00:00,87.34,87.8,86.66,87.27,4223
2023-04-25 08:00:00+00:00,87.27,88.67,86.7,88.05,6221
2023-04-25 12:00:00+00:00,88.04,89.21,87.96,88.79,6887
2023-04-25 16:00:00+00:00,88.8,89.3,87.79,88.92,7357
2023-04-25 20:00:00+00:00,88.89,91.18,88.32,90.81,7796
2023-04-26 00:00:00+00:00,90.72,91.22,90.18,90.39,3705
2023-04-26 04:00:00+00:00,90.39,90.96,90.33,90.42,2509
2023-04-26 08:00:00+00:00,90.43,90.83,89.36,90.28,4280
2023-04-26 12:00:00+00:00,90.29,93.38,89.99,93.2,7933
2023-04-26 16:00:00+00:00,93.21,93.43,91.25,91.76,6162
2023-04-26 20:00:00+00:00,91.76,91.77,83.65,87.31,10063
2023-04-27 00:00:00+00:00,85.86,90.1,85.86,89.66,6529
2023-04-27 04:00:00+00:00,89.66,89.98,87.7,88.74,4895
2023-04-27 08:00:00+00:00,88.75,89.23,87.53,87.94,4777
2023-04-27 12:00:00+00:00,87.95,88.16,86.75,87.47,4749
2023-04-27 16:00:00+00:00,87.49,89.45,87.48,88.65,6343
2023-04-27 20:00:00+00:00,88.67,89.83,88.49,89.31,6218
2023-04-28 00:00:00+00:00,89.59,89.93,88.32,89.16,3028
2023-04-28 04:00:00+00:00,89.17,89.26,88.26,88.93,2859
2023-04-28 08:00:00+00:00,88.93,89.89,88.54,88.91,3601
2023-04-28 12:00:00+00:00,88.92,89.36,88.31,88.47,3926
2023-04-28 16:00:00+00:00,88.47,89.75,87.05,88.93,6478
2023-04-28 20:00:00+00:00,88.91,89.22,88.19,89.14,3938
2023-04-29 00:00:00+00:00,88.45,89.56,88.06,88.89,1881
2023-04-29 04:00:00+00:00,88.89,89.68,88.87,89.6,2228
2023-04-29 08:00:00+00:00,89.61,89.71,88.78,88.98,2736
2023-04-29 12:00:00+00:00,88.97,89.59,88.87,89.5,2041
2023-04-29 16:00:00+00:00,89.58,91.16,89.56,90.19,4806
2023-04-29 20:00:00+00:00,90.2,90.45,88.89,90.26,2899
2023-04-30 00:00:00+00:00,90.34,90.72,90.04,90.15,1897
2023-04-30 04:00:00+00:00,90.15,90.38,89.22,90.07,2256
2023-04-30 08:00:00+00:00,90.07,90.61,90.0,90.39,1948
2023-04-30 12:00:00+00:00,90.4,90.43,89.68,89.76,2002
2023-04-30 16:00:00+00:00,89.76,90.92,89.6,90.19,4353
2023-04-30 20:00:00+00:00,90.19,90.31,87.29,88.05,4880
2023-05-01 00:00:00+00:00,88.18,88.46,87.59,88.16,2809
2023-05-01 04:00:00+00:00,88.16,88.2,85.38,87.1,4539
2023-05-01 08:00:00+00:00,87.1,87.45,86.38,87.11,2919
2023-05-01 12:00:00+00:00,87.11,87.37,86.68,87.19,2137
2023-05-01 16:00:00+00:00,87.19,87.32,85.21,86.39,6363
2023-05-01 20:00:00+00:00,86.39,86.64,84.53,85.6,4010
2023-05-02 00:00:00+00:00,85.92,86.45,85.29,86.15,1742
2023-05-02 04:00:00+00:00,86.15,86.83,85.46,86.42,1985
2023-05-02 08:00:00+00:00,86.41,88.05,86.4,87.64,2748
2023-05-02 12:00:00+00:00,87.65,88.1,87.33,87.67,2507
2023-05-02 16:00:00+00:00,87.68,88.59,87.06,87.44,5311
2023-05-02 20:00:00+00:00,87.46,88.22,87.04,87.61,3267
2023-05-03 00:00:00+00:00,87.65,88.15,87.08,87.09,1828
2023-05-03 04:00:00+00:00,87.1,87.48,86.67,87.38,1846
2023-05-03 08:00:00+00:00,87.4,87.81,87.27,87.59,1979
2023-05-03 12:00:00+00:00,87.59,87.69,85.42,85.69,2769
2023-05-03 16:00:00+00:00,85.69,85.9,84.89,85.86,3608
2023-05-03 20:00:00+00:00,85.86,86.8,85.19,86.52,9056
2023-05-04 00:00:00+00:00,86.71,89.3,86.61,88.17,4126
2023-05-04 04:00:00+00:00,88.17,88.44,87.61,88.05,2570
2023-05-04 08:00:00+00:00,88.06,88.29,87.4,87.69,2842
2023-05-04 12:00:00+00:00,87.69,88.24,87.44,87.72,3667
2023-05-04 16:00:00+00:00,87.73,87.9,86.87,87.53,5289
2023-05-04 20:00:00+00:00,87.5,87.75,87.13,87.53,3987
2023-05-05 00:00:00+00:00,86.52,88.28,86.52,88.15,1848
2023-05-05 04:00:00+00:00,88.17,88.51,87.58,87.85,3016
2023-05-05 08:00:00+00:00,87.83,87.96,87.17,87.28,2319
2023-05-05 12:00:00+00:00,87.27,87.67,85.61,86.6,3146
2023-05-05 16:00:00+00:00,86.57,89.21,86.27,88.18,4183
2023-05-05 20:00:00+00:00,88.18,88.41,87.59,88.15,1599
2023-05-06 00:00:00+00:00,88.1,88.83,87.97,88.54,1547
2023-05-06 04:00:00+00:00,88.54,88.55,86.54,86.81,2940
2023-05-06 08:00:00+00:00,86.79,87.11,85.45,86.09,2802
2023-05-06 12:00:00+00:00,86.09,86.26,84.98,85.43,2500
2023-05-06 16:00:00+00:00,85.41,85.41,79.74,82.65,6602
2023-05-06 20:00:00+00:00,82.66,83.82,82.24,83.27,4048
2023-05-07 00:00:00+00:00,82.81,83.61,82.6,83.26,1774
2023-05-07 04:00:00+00:00,83.27,83.68,82.55,82.84,2772
2023-05-07 08:00:00+00:00,82.85,83.49,82.8,83.07,1875
2023-05-07 12:00:00+00:00,83.08,83.51,82.82,83.37,2280
2023-05-07 16:00:00+00:00,83.39,84.03,82.97,83.54,4097
2023-05-07 20:00:00+00:00,83.51,84.28,83.24,84.15,2777
2023-05-08 00:00:00+00:00,84.02,84.69,82.4,83.71,3816
2023-05-08 04:00:00+00:00,83.71,83.82,79.52,81.14,6203
2023-05-08 08:00:00+00:00,81.15,81.8,79.66,80.12,5442
2023-05-08 12:00:00+00:00,80.14,81.3,80.03,80.81,3738
2023-05-08 16:00:00+00:00,80.81,81.41,79.54,79.85,6273
2023-05-08 20:00:00+00:00,79.86,79.87,74.71,76.38,5771
2023-05-09 00:00:00+00:00,75.84,77.41,75.84,77.04,2131
2023-05-09 04:00:00+00:00,77.05,77.92,76.84,77.78,2432
2023-05-09 08:00:00+00:00,77.79,78.4,77.12,78.14,2816
2023-05-09 12:00:00+00:00,78.15,79.16,78.1,78.73,2978
2023-05-09 16:00:00+00:00,78.72,79.12,77.63,79.12,3796
2023-05-09 20:00:00+00:00,79.15,79.44,78.75,79.01,2659
2023-05-10 00:00:00+00:00,78.61,80.5,78.61,79.73,1716
2023-05-10 04:00:00+00:00,79.74,80.06,78.96,79.24,2416
2023-05-10 08:00:00+00:00,79.23,79.41,78.3,78.73,2289
2023-05-10 12:00:00+00:00,78.69,81.39,78.45,81.06,2987
2023-05-10 16:00:00+00:00,81.07,81.57,80.17,80.54,3674
2023-05-10 20:00:00+00:00,80.54,81.5,76.32,81.24,6995
2023-05-11 00:00:00+00:00,80.67,81.34,79.26,79.39,2628
2023-05-11 04:00:00+00:00,79.41,80.53,79.28,80.02,3143
2023-05-11 08:00:00+00:00,79.98,80.32,78.12,79.39,3005
2023-05-11 12:00:00+00:00,79.38,81.5,79.27,80.58,3308
2023-05-11 16:00:00+00:00,80.57,81.38,79.47,79.96,6797
2023-05-11 20:00:00+00:00,79.94,79.95,77.77,79.49,5154
2023-05-12 00:00:00+00:00,79.71,80.94,79.17,80.84,2434
2023-05-12 04:00:00+00:00,80.84,80.94,77.19,78.72,4235
2023-05-12 08:00:00+00:00,78.73,78.92,77.15,78.25,4606
2023-05-12 12:00:00+00:00,78.25,79.04,78.25,78.78,3806
2023-05-12 16:00:00+00:00,78.78,78.97,77.68,78.17,5579
2023-05-12 20:00:00+00:00,78.18,79.29,76.51,79.14,5057
2023-05-13 00:00:00+00:00,79.17,80.19,79.0,80.16,2121
2023-05-13 04:00:00+00:00,80.17,80.34,79.5,79.71,1655
2023-05-13 08:00:00+00:00,79.72,80.05,79.55,79.91,1342
2023-05-13 12:00:00+00:00,79.9,80.57,79.7,80.07,1823
2023-05-13 16:00:00+00:00,80.07,80.19,79.24,79.98,2891
2023-05-13 20:00:00+00:00,79.98,80.54,79.58,80.11,3039
2023-05-14 00:00:00+00:00,80.25,80.27,79.08,79.81,2456
2023-05-14 04:00:00+00:00,79.81,80.44,79.29,80.37,2687
2023-05-14 08:00:00+00:00,80.38,81.07,80.22,80.39,2542
2023-05-14 12:00:00+00:00,80.39,81.36,80.11,81.26,1340
2023-05-14 16:00:00+00:00,81.27,83.43,81.04,82.15,3763
2023-05-14 20:00:00+00:00,82.16,82.66,81.68,82.12,3109
2023-05-15 00:00:00+00:00,81.52,83.38,81.42,82.19,3410
2023-05-15 04:00:00+00:00,82.17,86.19,82.11,85.84,6644
2023-05-15 08:00:00+00:00,85.85,87.12,85.71,86.73,6111
2023-05-15 12:00:00+00:00,86.73,87.06,85.92,86.24,4215
2023-05-15 16:00:00+00:00,86.22,87.99,85.86,87.47,6869
2023-05-15 20:00:00+00:00,87.47,88.01,86.79,87.17,4493
2023-05-16 00:00:00+00:00,86.55,87.31,86.1,86.35,2381
2023-05-16 04:00:00+00:00,86.37,87.77,85.54,87.72,4296
2023-05-16 08:00:00+00:00,87.67,88.91,86.73,88.5,4319
2023-05-16 12:00:00+00:00,88.48,89.37,87.82,88.74,4826
2023-05-16 16:00:00+00:00,88.74,89.94,87.55,89.54,4875
2023-05-16 20:00:00+00:00,89.54,89.79,88.27,88.91,3680
2023-05-17 00:00:00+00:00,88.84,91.65,88.64,91.53,2806
2023-05-17 04:00:00+00:00,91.5,93.14,91.3,92.42,3519
2023-05-17 08:00:00+00:00,92.43,92.52,90.14,90.72,4260
2023-05-17 12:00:00+00:00,90.71,92.49,90.4,91.95,4011
2023-05-17 16:00:00+00:00,91.94,93.34,89.79,92.79,4451
2023-05-17 20:00:00+00:00,92.77,94.4,92.29,93.84,4421
2023-05-18 00:00:00+00:00,93.13,93.76,92.57,92.64,2701
2023-05-18 04:00:00+00:00,92.64,93.66,92.52,92.81,2782
2023-05-18 08:00:00+00:00,92.82,93.07,91.85,92.37,4043
2023-05-18 12:00:00+00:00,92.37,92.85,91.59,91.59,3597
2023-05-18 16:00:00+00:00,91.6,92.02,90.58,91.45,5027
2023-05-18 20:00:00+00:00,91.43,91.5,88.7,90.06,4291
2023-05-19 00:00:00+00:00,89.62,91.4,89.62,90.26,2631
2023-05-19 04:00:00+00:00,90.25,92.31,90.16,92.2,3649
2023-05-19 08:00:00+00:00,92.2,92.45,90.89,91.6,3375
2023-05-19 12:00:00+00:00,91.57,91.67,90.42,91.16,3369
2023-05-19 16:00:00+00:00,91.17,92.23,90.39,91.66,4493
2023-05-19 20:00:00+00:00,91.67,92.74,90.59,91.0,2777
2023-05-20 00:00:00+00:00,90.92,91.36,89.92,90.36,1107
2023-05-20 04:00:00+00:00,90.36,91.1,90.34,90.84,1094
2023-05-20 08:00:00+00:00,90.84,90.84,90.13,90.73,1334
2023-05-20 12:00:00+00:00,90.73,91.0,90.35,90.86,1013
2023-05-20 16:00:00+00:00,90.87,91.76,90.58,91.42,1753
2023-05-20 20:00:00+00:00,91.43,92.26,91.04,91.44,2404
2023-05-21 00:00:00+00:00,90.87,92.21,90.78,92.2,1399
2023-05-21 04:00:00+00:00,92.2,92.24,91.3,91.58,1411
2023-05-21 08:00:00+00:00,91.6,92.7,91.54,92.58,1625
2023-05-21 12:00:00+00:00,92.57,92.97,91.46,91.94,1006
2023-05-21 16:00:00+00:00,91.97,92.44,90.57,90.98,2412
2023-05-21 20:00:00+00:00,90.98,91.88,90.73,91.27,1589
2023-05-22 00:00:00+00:00,90.64,92.25,90.64,91.22,2844
2023-05-22 04:00:00+00:00,91.21,91.37,89.21,90.48,2865
2023-05-22 08:00:00+00:00,90.48,91.18,90.16,90.55,2046
2023-05-22 12:00:00+00:00,90.55,91.04,90.12,90.25,1938
2023-05-22 16:00:00+00:00,90.23,91.29,89.95,90.48,3303
2023-05-22 20:00:00+00:00,90.47,90.64,90.01,90.37,1913
2023-05-23 00:00:00+00:00,90.45,90.69,89.65,89.93,1345
2023-05-23 04:00:00+00:00,89.91,92.6,89.91,91.83,3457
2023-05-23 08:00:00+00:00,91.84,92.24,90.85,91.21,2521
2023-05-23 12:00:00+00:00,91.2,91.43,90.85,91.05,1638
2023-05-23 16:00:00+00:00,91.07,91.2,90.36,90.68,2480
2023-05-23 20:00:00+00:00,90.69,90.91,89.91,90.32,1844
2023-05-24 00:00:00+00:00,89.69,91.36,89.69,91.23,1431
2023-05-24 04:00:00+00:00,91.24,91.25,86.56,87.88,3076
2023-05-24 08:00:00+00:00,87.88,87.88,84.87,86.02,3475
2023-05-24 12:00:00+00:00,86.01,86.34,85.26,85.98,2489
2023-05-24 16:00:00+00:00,85.96,86.2,83.74,84.65,3560
2023-05-24 20:00:00+00:00,84.65,85.49,84.31,85.13,2807
2023-05-25 00:00:00+00:00,84.81,85.71,84.22,84.41,2031
2023-05-25 04:00:00+00:00,84.43,84.75,81.86,83.76,3159
2023-05-25 08:00:00+00:00,83.72,84.13,83.19,83.81,1744
2023-05-25 12:00:00+00:00,83.81,84.93,83.59,84.28,2058
2023-05-25 16:00:00+00:00,84.27,84.87,83.59,83.85,2806
2023-05-25 20:00:00+00:00,83.85,85.11,82.93,84.81,2314
2023-05-26 00:00:00+00:00,84.21,86.31,84.21,86.13,2531
2023-05-26 04:00:00+00:00,86.13,87.29,85.9,86.19,3851
2023-05-26 08:00:00+00:00,86.2,86.88,84.36,86.48,3601
2023-05-26 12:00:00+00:00,86.5,86.7,85.88,86.3,3422
2023-05-26 16:00:00+00:00,86.29,87.68,86.29,86.96,5136
2023-05-26 20:00:00+00:00,86.97,87.54,86.29,87.27,3887
2023-05-27 00:00:00+00:00,86.63,87.38,86.42,86.55,1282
2023-05-27 04:00:00+00:00,86.56,87.71,86.53,87.53,2343
2023-05-27 08:00:00+00:00,87.52,87.97,87.23,87.29,2660
2023-05-27 12:00:00+00:00,87.3,87.64,87.09,87.48,2113
2023-05-27 16:00:00+00:00,87.49,87.87,86.75,87.17,2116
2023-05-27 20:00:00+00:00,87.18,88.29,87.04,88.14,1709
2023-05-28 00:00:00+00:00,88.18,88.97,87.66,88.82,1643
2023-05-28 04:00:00+00:00,88.82,89.89,88.82,89.23,2553
2023-05-28 08:00:00+00:00,89.24,89.47,88.18,89.0,2096
2023-05-28 12:00:00+00:00,89.0,89.38,88.48,88.6,854
2023-05-28 16:00:00+00:00,88.6,88.96,88.45,88.89,1783
2023-05-28 20:00:00+00:00,88.89,90.07,88.73,89.83,3062
2023-05-29 00:00:00+00:00,89.85,91.8,89.73,90.74,3860
2023-05-29 04:00:00+00:00,90.72,91.16,89.87,90.41,3663
2023-05-29 08:00:00+00:00,90.4,91.08,90.36,90.74,3341
2023-05-29 12:00:00+00:00,90.74,91.46,90.52,90.9,3214
2023-05-29 16:00:00+00:00,90.9,91.18,89.7,90.05,3999
2023-05-29 20:00:00+00:00,90.06,90.98,89.6,90.93,2104
2023-05-30 00:00:00+00:00,90.92,90.92,89.89,90.48,2826
2023-05-30 04:00:00+00:00,90.49,91.02,90.27,90.61,2781
2023-05-30 08:00:00+00:00,90.63,91.36,90.2,91.06,3217
2023-05-30 12:00:00+00:00,91.07,92.79,91.0,92.14,4905
2023-05-30 16:00:00+00:00,92.14,92.4,90.54,91.59,6261
2023-05-30 20:00:00+00:00,91.6,92.02,91.19,91.53,4346
2023-05-31 00:00:00+00:00,90.97,92.16,90.7,92.06,2264
2023-05-31 04:00:00+00:00,92.07,92.19,88.58,88.77,4213
2023-05-31 08:00:00+00:00,88.74,89.11,87.79,88.82,5167
2023-05-31 12:00:00+00:00,88.8,89.04,88.15,88.54,3015
2023-05-31 16:00:00+00:00,88.53,88.89,87.02,88.47,5612
2023-05-31 20:00:00+00:00,88.48,89.36,88.42,89.12,3237
2023-06-01 00:00:00+00:00,88.48,90.77,88.48,90.24,2413
2023-06-01 04:00:00+00:00,90.25,91.18,88.57,90.8,3291
2023-06-01 08:00:00+00:00,90.81,92.48,90.64,92.3,2699
2023-06-01 12:00:00+00:00,92.26,92.62,91.37,92.0,2615
2023-06-01 16:00:00+00:00,92.0,95.4,91.74,94.91,4119
2023-06-01 20:00:00+00:00,94.92,95.21,93.37,94.17,3483
2023-06-02 00:00:00+00:00,93.78,94.39,91.97,94.05,2321
2023-06-02 04:00:00+00:00,94.05,95.13,93.38,94.66,2913
2023-06-02 08:00:00+00:00,94.65,95.0,93.79,94.53,2430
2023-06-02 12:00:00+00:00,94.53,94.81,93.62,94.01,2025
2023-06-02 16:00:00+00:00,94.0,94.29,92.59,93.56,3341
2023-06-02 20:00:00+00:00,93.56,94.98,93.42,94.63,2102
2023-06-03 00:00:00+00:00,94.74,95.13,93.98,94.04,1150
2023-06-03 04:00:00+00:00,94.06,94.33,93.64,94.23,1270
2023-06-03 08:00:00+00:00,94.24,94.74,93.71,94.46,1221
2023-06-03 12:00:00+00:00,94.46,96.93,94.34,96.56,2313
2023-06-03 16:00:00+00:00,96.54,96.77,95.65,96.28,2265
2023-06-03 20:00:00+00:00,96.28,96.28,95.1,95.23,2341
2023-06-04 00:00:00+00:00,94.81,95.8,94.04,94.45,1810
2023-06-04 04:00:00+00:00,94.4,94.97,94.1,94.56,1820
2023-06-04 08:00:00+00:00,94.56,95.34,94.3,95.27,1322
2023-06-04 12:00:00+00:00,95.27,95.95,95.24,95.69,955
2023-06-04 16:00:00+00:00,95.69,95.74,94.55,95.31,2359
2023-06-04 20:00:00+00:00,95.28,95.75,94.84,95.25,1578
2023-06-05 00:00:00+00:00,94.77,95.58,92.93,93.22,2868
2023-06-05 04:00:00+00:00,93.18,93.49,91.6,92.53,3139
2023-06-05 08:00:00+00:00,92.53,93.12,91.94,92.54,2059
2023-06-05 12:00:00+00:00,92.55,92.97,91.6,91.93,2449
2023-06-05 16:00:00+00:00,91.93,92.12,82.63,86.67,5617
2023-06-05 20:00:00+00:00,86.69,87.27,85.72,87.13,3884
2023-06-06 00:00:00+00:00,86.37,87.68,86.06,87.57,2555
2023-06-06 04:00:00+00:00,87.57,87.72,86.07,87.32,2544
2023-06-06 08:00:00+00:00,87.33,87.38,86.69,87.05,2091
2023-06-06 12:00:00+00:00,87.05,87.66,85.09,85.82,3253
2023-06-06 16:00:00+00:00,85.79,88.85,85.09,88.81,5720
2023-06-06 20:00:00+00:00,88.79,90.93,88.44,89.74,4660
2023-06-07 00:00:00+00:00,89.83,90.88,89.47,90.11,2535
2023-06-07 04:00:00+00:00,90.12,90.21,88.83,89.95,3005
2023-06-07 08:00:00+00:00,89.95,90.69,89.35,89.84,2773
2023-06-07 12:00:00+00:00,89.85,90.04,87.68,89.61,4393
2023-06-07 16:00:00+00:00,89.61,89.62,86.85,87.49,5433
2023-06-07 20:00:00+00:00,87.49,88.71,87.3,88.33,3188
2023-06-08 00:00:00+00:00,88.33,88.74,87.43,88.51,2721
2023-06-08 04:00:00+00:00,88.51,89.01,86.91,87.85,2962
2023-06-08 08:00:00+00:00,87.85,88.14,86.99,87.55,2438
2023-06-08 12:00:00+00:00,87.56,88.21,86.7,87.76,2845
2023-06-08 16:00:00+00:00,87.76,88.5,87.13,87.75,4178
2023-06-08 20:00:00+00:00,87.74,88.2,87.45,88.02,2138
2023-06-09 00:00:00+00:00,87.95,88.38,87.26,87.34,2170
2023-06-09 04:00:00+00:00,87.32,87.75,86.11,87.29,2994
2023-06-09 08:00:00+00:00,87.31,87.5,86.65,87.49,2535
2023-06-09 12:00:00+00:00,87.49,89.13,87.39,89.12,2814
2023-06-09 16:00:00+00:00,89.14,89.45,88.48,89.0,4045
2023-06-09 20:00:00+00:00,89.01,89.38,87.9,88.77,3745
2023-06-10 00:00:00+00:00,88.01,88.82,87.95,88.0,2633
2023-06-10 04:00:00+00:00,87.99,88.58,72.43,77.95,7275
2023-06-10 08:00:00+00:00,77.95,78.49,74.54,76.36,4073
2023-06-10 12:00:00+00:00,76.37,77.18,74.96,76.03,3358
2023-06-10 16:00:00+00:00,76.07,76.79,74.01,74.7,3047
2023-06-10 20:00:00+00:00,74.73,78.06,73.53,76.52,5511
2023-06-11 00:00:00+00:00,75.94,77.48,75.94,76.28,4318
2023-06-11 04:00:00+00:00,76.29,76.77,75.66,76.51,4126
2023-06-11 08:00:00+00:00,76.52,78.03,76.48,77.5,3026
2023-06-11 12:00:00+00:00,77.52,78.46,77.1,77.1,2160
2023-06-11 16:00:00+00:00,77.13,77.74,76.43,77.45,2966
2023-06-11 20:00:00+00:00,77.45,78.46,77.25,77.78,5332
2023-06-12 00:00:00+00:00,76.94,77.99,76.18,77.05,4521
2023-06-12 04:00:00+00:00,77.05,77.23,74.59,75.83,5020
2023-06-12 08:00:00+00:00,75.84,76.29,75.15,76.19,4954
2023-06-12 12:00:00+00:00,76.19,77.42,76.11,76.94,4831
2023-06-12 16:00:00+00:00,76.92,76.92,75.72,76.28,6017
2023-06-12 20:00:00+00:00,76.26,76.69,75.2,76.47,5854
2023-06-13 00:00:00+00:00,76.41,77.37,76.21,76.47,2283
2023-06-13 04:00:00+00:00,76.43,77.95,76.16,77.88,4314
2023-06-13 08:00:00+00:00,77.87,78.77,77.56,78.33,3202
2023-06-13 12:00:00+00:00,78.35,79.18,76.74,77.62,5608
2023-06-13 16:00:00+00:00,77.64,77.77,75.72,76.63,7175
2023-06-13 20:00:00+00:00,76.61,77.35,76.36,76.91,3761
2023-06-14 00:00:00+00:00,76.04,77.14,76.04,77.14,1764
2023-06-14 04:00:00+00:00,77.14,77.59,76.92,77.29,1477
2023-06-14 08:00:00+00:00,77.3,77.3,76.49,77.19,2147
2023-06-14 12:00:00+00:00,77.2,77.42,77.02,77.2,1688
2023-06-14 16:00:00+00:00,77.19,77.44,76.52,77.06,2348
2023-06-14 20:00:00+00:00,77.06,77.25,70.07,71.4,7844
2023-06-15 00:00:00+00:00,70.73,73.24,70.73,73.24,3366
2023-06-15 04:00:00+00:00,73.23,73.24,71.92,72.5,2035
2023-06-15 08:00:00+00:00,72.5,72.56,71.39,71.99,3270
2023-06-15 12:00:00+00:00,71.96,73.21,71.39,72.83,4428
2023-06-15 16:00:00+00:00,72.84,73.68,72.61,73.11,3245
2023-06-15 20:00:00+00:00,73.1,74.17,72.28,73.95,5209
2023-06-16 00:00:00+00:00,73.81,74.45,72.89,73.74,2667
2023-06-16 04:00:00+00:00,73.74,74.82,73.54,74.3,2302
2023-06-16 08:00:00+00:00,74.3,75.04,74.21,74.62,2256
2023-06-16 12:00:00+00:00,74.63,74.98,73.79,74.29,3521
2023-06-16 16:00:00+00:00,74.3,75.31,73.43,75.21,5806
2023-06-16 20:00:00+00:00,75.21,76.27,75.13,76.01,4568
2023-06-17 00:00:00+00:00,75.36,75.73,75.13,75.28,2822
2023-06-17 04:00:00+00:00,75.29,75.86,75.19,75.85,1372
2023-06-17 08:00:00+00:00,75.86,77.21,75.72,76.82,2562
2023-06-17 12:00:00+00:00,76.84,77.21,76.21,76.6,1913
2023-06-17 16:00:00+00:00,76.6,76.89,75.63,76.67,2839
2023-06-17 20:00:00+00:00,76.68,76.87,76.37,76.64,1452
2023-06-18 00:00:00+00:00,75.22,76.84,75.11,76.07,1932
2023-06-18 04:00:00+00:00,76.08,76.78,75.92,76.71,1154
2023-06-18 08:00:00+00:00,76.72,77.02,76.25,76.77,2005
2023-06-18 12:00:00+00:00,76.78,77.17,76.44,76.98,2966
2023-06-18 16:00:00+00:00,76.98,77.9,76.64,77.88,2118
2023-06-18 20:00:00+00:00,77.81,77.93,75.72,76.89,3146
2023-06-19 00:00:00+00:00,75.45,76.91,75.45,76.52,2988
2023-06-19 04:00:00+00:00,76.5,76.96,76.44,76.74,1414
2023-06-19 08:00:00+00:00,76.74,77.04,76.57,76.72,963
2023-06-19 12:00:00+00:00,76.73,76.93,76.46,76.79,1265
2023-06-19 16:00:00+00:00,76.8,76.85,74.11,76.08,2487
2023-06-19 20:00:00+00:00,76.08,77.15,75.61,76.83,4847
2023-06-20 00:00:00+00:00,76.76,77.57,76.63,77.42,1950
2023-06-20 04:00:00+00:00,77.41,77.78,76.7,76.8,2178
2023-06-20 08:00:00+00:00,76.8,77.05,76.09,76.41,2149
2023-06-20 12:00:00+00:00,76.4,76.74,76.33,76.48,1540
2023-06-20 16:00:00+00:00,76.47,76.71,75.11,76.61,3846
2023-06-20 20:00:00+00:00,76.62,80.39,76.56,79.79,6124
2023-06-21 00:00:00+00:00,79.57,80.88,78.77,80.88,5407
2023-06-21 04:00:00+00:00,80.89,82.1,80.89,81.38,3737
2023-06-21 08:00:00+00:00,81.38,84.45,81.34,83.34,5703
2023-06-21 12:00:00+00:00,83.34,84.19,81.8,83.26,4141
2023-06-21 16:00:00+00:00,83.26,86.82,83.21,84.7,7733
2023-06-21 20:00:00+00:00,84.7,85.46,83.61,84.37,5834
2023-06-22 00:00:00+00:00,84.15,86.34,83.85,86.26,4374
2023-06-22 04:00:00+00:00,86.25,88.3,85.95,87.35,5153
2023-06-22 08:00:00+00:00,87.35,87.46,85.49,86.12,3960
2023-06-22 12:00:00+00:00,86.13,86.93,83.68,85.45,5549
2023-06-22 16:00:00+00:00,85.44,85.99,83.73,84.92,6225
2023-06-22 20:00:00+00:00,84.92,85.9,84.68,85.53,3488
2023-06-23 00:00:00+00:00,85.68,86.47,84.66,86.22,3639
2023-06-23 04:00:00+00:00,86.2,86.45,84.98,85.84,2394
2023-06-23 08:00:00+00:00,85.85,86.37,85.54,86.32,2347
2023-06-23 12:00:00+00:00,86.32,87.39,84.81,85.39,5568
2023-06-23 16:00:00+00:00,85.36,90.53,84.45,89.25,9464
2023-06-23 20:00:00+00:00,89.25,92.5,88.88,91.2,5791
2023-06-24 00:00:00+00:00,89.88,91.04,88.36,89.19,5281
2023-06-24 04:00:00+00:00,89.18,93.18,89.11,91.63,5661
2023-06-24 08:00:00+00:00,91.61,92.12,90.13,90.44,5061
2023-06-24 12:00:00+00:00,90.42,90.95,89.81,90.71,3358
2023-06-24 16:00:00+00:00,90.55,90.77,85.81,87.77,9585
2023-06-24 20:00:00+00:00,87.79,89.06,87.55,88.23,4558
2023-06-25 00:00:00+00:00,86.67,89.56,86.67,88.73,3829
2023-06-25 04:00:00+00:00,88.73,89.81,88.29,89.3,4399
2023-06-25 08:00:00+00:00,89.3,89.93,87.91,88.57,4849
2023-06-25 12:00:00+00:00,88.58,88.62,87.52,88.19,5010
2023-06-25 16:00:00+00:00,88.2,88.34,86.48,87.72,5315
2023-06-25 20:00:00+00:00,87.5,87.8,85.92,86.66,3633
2023-06-26 00:00:00+00:00,84.84,88.31,84.84,86.97,2471
2023-06-26 04:00:00+00:00,86.97,87.11,85.78,86.7,3759
2023-06-26 08:00:00+00:00,86.7,88.01,85.9,87.22,3602
2023-06-26 12:00:00+00:00,87.24,88.23,86.36,88.08,2645
2023-06-26 16:00:00+00:00,88.08,89.79,85.14,86.28,6353
2023-06-26 20:00:00+00:00,86.29,87.03,85.76,86.44,4676
2023-06-27 00:00:00+00:00,85.98,87.0,85.46,86.84,2542
2023-06-27 04:00:00+00:00,86.85,88.03,86.62,87.5,3098
2023-06-27 08:00:00+00:00,87.52,88.02,86.73,87.74,2145
2023-06-27 12:00:00+00:00,87.72,88.79,87.51,88.75,3129
2023-06-27 16:00:00+00:00,88.76,88.87,86.45,87.87,6358
2023-06-27 20:00:00+00:00,87.89,87.96,87.23,87.67,3373
2023-06-28 00:00:00+00:00,86.03,87.81,86.03,86.9,2812
2023-06-28 04:00:00+00:00,86.9,87.14,86.0,86.73,2584
2023-06-28 08:00:00+00:00,86.71,86.71,83.9,85.0,3915
2023-06-28 12:00:00+00:00,85.0,85.6,84.01,84.3,2331
2023-06-28 16:00:00+00:00,84.28,85.44,83.96,84.65,3935
2023-06-28 20:00:00+00:00,84.65,84.77,80.93,82.32,4470
2023-06-29 00:00:00+00:00,80.88,82.97,80.88,82.64,1653
2023-06-29 04:00:00+00:00,82.64,83.26,82.52,83.22,2134
2023-06-29 08:00:00+00:00,83.22,83.59,82.83,83.39,2035
2023-06-29 12:00:00+00:00,83.4,85.22,83.29,84.59,3761
2023-06-29 16:00:00+00:00,84.58,85.08,83.57,83.78,3893
2023-06-29 20:00:00+00:00,83.78,84.4,83.3,83.87,2981
2023-06-30 00:00:00+00:00,83.92,84.76,83.71,84.21,4912
2023-06-30 04:00:00+00:00,84.22,96.45,83.54,94.79,11499
2023-06-30 08:00:00+00:00,94.83,98.08,92.87,96.76,8679
2023-06-30 12:00:00+00:00,96.76,102.04,95.98,101.52,10976
2023-06-30 16:00:00+00:00,101.52,108.91,88.43,107.44,15495
2023-06-30 20:00:00+00:00,107.37,110.59,101.84,106.56,9401
2023-07-01 00:00:00+00:00,106.9,108.84,105.19,107.73,5808
2023-07-01 04:00:00+00:00,107.79,109.2,101.92,105.56,14880
2023-07-01 08:00:00+00:00,105.54,111.74,105.23,109.77,17233
2023-07-01 12:00:00+00:00,109.77,110.74,104.47,105.24,11764
2023-07-01 16:00:00+00:00,105.24,106.05,103.03,104.21,8942
2023-07-01 20:00:00+00:00,104.21,105.24,103.64,105.04,4712
2023-07-02 00:00:00+00:00,105.06,108.02,104.01,106.18,6464
2023-07-02 04:00:00+00:00,106.12,110.41,104.47,110.07,9214
2023-07-02 08:00:00+00:00,110.07,112.06,108.48,109.52,7843
2023-07-02 12:00:00+00:00,109.51,113.11,108.49,111.03,9688
2023-07-02 16:00:00+00:00,111.04,112.51,106.94,110.99,9553
2023-07-02 20:00:00+00:00,110.85,111.89,108.93,111.44,5839
2023-07-03 00:00:00+00:00,111.08,113.41,110.4,112.17,6633
2023-07-03 04:00:00+00:00,112.14,114.28,111.36,111.79,5436
2023-07-03 08:00:00+00:00,111.79,112.16,109.79,110.07,4980
2023-07-03 12:00:00+00:00,110.08,110.51,107.91,108.81,6405
2023-07-03 16:00:00+00:00,108.82,109.92,104.97,105.76,7269
2023-07-03 20:00:00+00:00,105.76,107.27,105.16,106.0,6389
2023-07-04 00:00:00+00:00,104.64,106.84,104.64,105.79,3415
2023-07-04 04:00:00+00:00,105.81,109.01,104.37,107.7,6317
2023-07-04 08:00:00+00:00,107.7,107.73,106.01,106.2,5621
2023-07-04 12:00:00+00:00,106.22,107.29,105.6,106.31,4273
2023-07-04 16:00:00+00:00,106.31,108.07,105.67,106.33,6187
2023-07-04 20:00:00+00:00,106.34,107.29,102.53,105.84,6213
2023-07-05 00:00:00+00:00,105.73,106.19,103.51,103.97,4572
2023-07-05 04:00:00+00:00,103.84,105.47,103.84,104.42,3876
2023-07-05 08:00:00+00:00,104.43,105.53,102.62,105.32,4198
2023-07-05 12:00:00+00:00,105.29,106.05,100.53,101.38,8734
2023-07-05 16:00:00+00:00,101.41,103.07,97.95,99.83,8213
2023-07-05 20:00:00+00:00,99.85,101.38,99.5,101.19,6236
2023-07-06 00:00:00+00:00,99.65,102.46,99.65,101.26,3590
2023-07-06 04:00:00+00:00,101.28,103.5,101.04,102.3,4160
2023-07-06 08:00:00+00:00,102.34,104.95,101.68,104.6,8346
2023-07-06 12:00:00+00:00,104.6,105.4,98.8,100.36,8438
2023-07-06 16:00:00+00:00,100.37,100.84,95.36,96.91,12662
2023-07-06 20:00:00+00:00,96.89,98.24,96.84,97.68,5070
2023-07-07 00:00:00+00:00,96.62,97.5,93.56,95.84,7967
2023-07-07 04:00:00+00:00,95.82,96.97,95.65,96.15,4682
2023-07-07 08:00:00+00:00,96.16,97.06,94.95,95.51,6095
2023-07-07 12:00:00+00:00,95.51,96.71,94.46,95.84,6791
2023-07-07 16:00:00+00:00,95.86,97.7,95.32,97.4,8107
2023-07-07 20:00:00+00:00,97.38,97.85,95.96,96.67,5354
2023-07-08 00:00:00+00:00,96.86,98.08,95.79,97.66,18397
2023-07-08 04:00:00+00:00,97.64,97.94,96.49,96.73,3591
2023-07-08 08:00:00+00:00,96.73,97.44,96.0,97.32,3864
2023-07-08 12:00:00+00:00,97.32,97.74,96.23,96.36,4520
2023-07-08 16:00:00+00:00,96.36,97.76,96.33,97.43,4600
2023-07-08 20:00:00+00:00,97.44,97.55,96.11,96.93,3300
2023-07-09 00:00:00+00:00,95.66,97.65,95.57,97.42,1627
2023-07-09 04:00:00+00:00,97.44,97.86,96.41,96.76,6753
2023-07-09 08:00:00+00:00,96.77,96.98,95.54,96.48,4271
2023-07-09 12:00:00+00:00,96.48,96.49,95.52,96.27,3509
2023-07-09 16:00:00+00:00,96.27,96.76,94.74,96.43,5207
2023-07-09 20:00:00+00:00,96.42,96.44,95.3,95.83,2820
2023-07-10 00:00:00+00:00,94.61,95.89,90.92,92.75,5003
2023-07-10 04:00:00+00:00,92.71,93.89,92.48,93.12,4903
2023-07-10 08:00:00+00:00,93.13,93.32,91.61,92.83,3798
2023-07-10 12:00:00+00:00,92.84,94.75,92.45,93.82,4896
2023-07-10 16:00:00+00:00,93.82,95.17,93.75,94.76,4861
2023-07-10 20:00:00+00:00,94.76,97.29,94.19,96.53,5333
2023-07-11 00:00:00+00:00,96.38,97.37,95.22,95.98,5023
2023-07-11 04:00:00+00:00,95.96,97.17,95.75,96.29,3449
2023-07-11 08:00:00+00:00,96.31,97.76,96.31,97.08,4400
2023-07-11 12:00:00+00:00,97.1,97.56,96.56,97.32,3755
2023-07-11 16:00:00+00:00,97.32,97.38,95.28,96.12,6468
2023-07-11 20:00:00+00:00,96.11,96.14,95.01,95.36,4313
2023-07-12 00:00:00+00:00,94.24,96.75,94.23,96.53,2474
2023-07-12 04:00:00+00:00,96.54,97.04,95.99,96.39,2401
2023-07-12 08:00:00+00:00,96.37,97.32,95.87,96.6,4561
2023-07-12 12:00:00+00:00,96.61,97.12,95.73,96.13,4273
2023-07-12 16:00:00+00:00,96.11,96.9,93.5,95.02,8106
2023-07-12 20:00:00+00:00,95.03,95.47,93.83,95.23,4964
2023-07-13 00:00:00+00:00,94.38,96.03,94.38,95.53,1916
2023-07-13 04:00:00+00:00,95.54,96.39,95.06,96.15,3795
2023-07-13 08:00:00+00:00,96.16,100.34,95.77,100.23,7482
2023-07-13 12:00:00+00:00,100.24,100.91,98.83,99.42,5792
2023-07-13 16:00:00+00:00,99.42,102.95,98.39,101.16,9660
2023-07-13 20:00:00+00:00,101.16,103.87,100.38,100.7,10466
2023-07-14 00:00:00+00:00,99.27,103.07,98.22,102.75,6374
2023-07-14 04:00:00+00:00,102.73,102.82,100.37,101.32,6307
2023-07-14 08:00:00+00:00,101.31,101.48,99.9,100.66,5663
2023-07-14 12:00:00+00:00,100.68,100.72,99.02,99.56,5476
2023-07-14 16:00:00+00:00,99.55,101.52,98.64,99.86,8004
2023-07-14 20:00:00+00:00,99.8,99.81,90.8,93.31,10895
2023-07-15 00:00:00+00:00,93.89,94.72,93.65,94.41,2792
2023-07-15 04:00:00+00:00,94.39,95.28,93.78,94.29,3251
2023-07-15 08:00:00+00:00,94.29,95.0,93.78,94.62,5794
2023-07-15 12:00:00+00:00,94.61,95.08,93.85,94.23,2476
2023-07-15 16:00:00+00:00,94.24,94.44,93.03,93.77,4269
2023-07-15 20:00:00+00:00,93.77,94.55,93.58,93.78,5256
2023-07-16 00:00:00+00:00,93.43,94.37,92.49,94.17,5435
2023-07-16 04:00:00+00:00,94.16,94.66,92.32,94.09,9614
2023-07-16 08:00:00+00:00,94.06,94.51,93.81,94.1,4555
2023-07-16 12:00:00+00:00,94.02,94.53,93.52,93.75,5252
2023-07-16 16:00:00+00:00,93.77,94.74,93.68,94.42,4496
2023-07-16 20:00:00+00:00,94.42,94.69,92.74,93.37,4888
2023-07-17 00:00:00+00:00,92.18,93.93,91.07,92.17,4071
2023-07-17 04:00:00+00:00,92.16,93.09,91.96,92.48,2542
2023-07-17 08:00:00+00:00,92.48,92.91,92.11,92.57,2098
2023-07-17 12:00:00+00:00,92.56,92.75,88.62,90.88,7217
2023-07-17 16:00:00+00:00,90.88,91.84,90.16,90.71,6730
2023-07-17 20:00:00+00:00,90.71,91.26,89.36,90.88,7509
2023-07-18 00:00:00+00:00,89.71,92.16,89.71,91.83,2717
2023-07-18 04:00:00+00:00,91.84,92.44,91.37,91.85,3519
2023-07-18 08:00:00+00:00,91.85,91.88,89.84,90.7,4783
2023-07-18 12:00:00+00:00,90.7,91.54,89.74,90.62,4954
2023-07-18 16:00:00+00:00,90.62,91.17,88.71,89.7,4900
2023-07-18 20:00:00+00:00,89.72,90.8,89.37,90.26,3624
2023-07-19 00:00:00+00:00,90.25,92.37,90.02,92.34,2396
2023-07-19 04:00:00+00:00,92.36,93.71,91.9,92.98,3608
2023-07-19 08:00:00+00:00,92.97,93.46,91.74,91.88,3152
2023-07-19 12:00:00+00:00,91.88,92.79,91.55,92.37,4073
2023-07-19 16:00:00+00:00,92.36,93.0,91.02,91.55,5761
2023-07-19 20:00:00+00:00,91.54,92.7,91.47,91.89,3002
2023-07-20 00:00:00+00:00,91.51,92.06,91.11,91.88,2351
2023-07-20 04:00:00+00:00,91.89,92.17,91.29,91.61,2514
2023-07-20 08:00:00+00:00,91.62,94.28,91.55,94.25,4599
2023-07-20 12:00:00+00:00,94.24,94.44,92.97,93.14,5433
2023-07-20 16:00:00+00:00,93.14,93.6,90.82,91.19,6268
2023-07-20 20:00:00+00:00,91.19,91.93,90.93,91.3,3638
2023-07-21 00:00:00+00:00,90.13,92.23,90.13,91.6,2001
2023-07-21 04:00:00+00:00,91.6,92.54,91.41,91.98,3660
2023-07-21 08:00:00+00:00,91.93,92.16,91.29,91.74,3254
2023-07-21 12:00:00+00:00,91.75,92.13,91.39,91.88,2600
2023-07-21 16:00:00+00:00,91.88,92.91,91.52,92.84,2947
2023-07-21 20:00:00+00:00,92.83,94.2,92.52,93.41,5951
2023-07-22 00:00:00+00:00,92.96,94.92,92.25,94.86,1956
2023-07-22 04:00:00+00:00,94.87,95.91,93.53,93.74,2948
2023-07-22 08:00:00+00:00,93.75,94.09,93.48,93.9,1930
2023-07-22 12:00:00+00:00,93.91,94.05,92.14,92.96,1992
2023-07-22 16:00:00+00:00,92.95,93.53,92.7,93.26,1329
2023-07-22 20:00:00+00:00,93.28,93.3,92.45,92.91,1542
2023-07-23 00:00:00+00:00,91.6,92.91,90.57,91.31,2787
2023-07-23 04:00:00+00:00,91.31,92.41,91.14,92.38,3314
2023-07-23 08:00:00+00:00,92.38,92.49,91.82,92.36,1431
2023-07-23 12:00:00+00:00,92.38,92.39,91.85,92.06,4250
2023-07-23 16:00:00+00:00,92.08,92.12,91.44,92.02,3991
2023-07-23 20:00:00+00:00,92.02,93.09,91.91,92.83,2921
2023-07-24 00:00:00+00:00,92.75,92.91,91.62,92.33,2042
2023-07-24 04:00:00+00:00,92.32,92.37,90.73,91.79,3357
2023-07-24 08:00:00+00:00,91.79,92.38,91.61,91.66,2278
2023-07-24 12:00:00+00:00,91.66,91.89,86.41,88.54,5753
2023-07-24 16:00:00+00:00,88.56,88.82,86.72,88.45,5112
2023-07-24 20:00:00+00:00,88.45,88.79,87.87,88.09,2936
2023-07-25 00:00:00+00:00,86.89,88.85,86.85,88.42,1584
2023-07-25 04:00:00+00:00,88.42,89.32,88.13,88.37,1697
2023-07-25 08:00:00+00:00,88.38,89.06,88.22,89.01,1619
2023-07-25 12:00:00+00:00,89.01,89.21,88.54,88.77,1473
2023-07-25 16:00:00+00:00,88.77,89.61,88.01,88.31,2916
2023-07-25 20:00:00+00:00,88.31,89.12,87.97,88.62,2555
2023-07-26 00:00:00+00:00,88.16,89.44,87.4,89.09,1476
2023-07-26 04:00:00+00:00,89.1,89.54,88.5,88.98,2543
2023-07-26 08:00:00+00:00,88.99,89.27,88.81,88.95,1943
2023-07-26 12:00:00+00:00,88.94,89.06,88.53,88.8,2803
2023-07-26 16:00:00+00:00,88.8,89.23,88.37,88.5,3434
2023-07-26 20:00:00+00:00,88.49,90.07,87.88,89.99,9474
2023-07-27 00:00:00+00:00,89.08,90.6,88.92,90.26,3281
2023-07-27 04:00:00+00:00,90.25,91.39,90.13,90.67,2338
2023-07-27 08:00:00+00:00,90.68,90.97,90.01,90.77,2126
2023-07-27 12:00:00+00:00,90.79,91.18,90.35,90.61,2893
2023-07-27 16:00:00+00:00,90.62,90.75,89.63,90.19,2983
2023-07-27 20:00:00+00:00,90.19,90.32,89.06,89.42,2944
2023-07-28 00:00:00+00:00,89.51,90.66,89.22,90.39,1933
2023-07-28 04:00:00+00:00,90.38,90.89,89.96,90.57,1957
2023-07-28 08:00:00+00:00,90.59,90.88,89.95,90.5,3809
2023-07-28 12:00:00+00:00,90.51,90.91,90.33,90.77,1718
2023-07-28 16:00:00+00:00,90.77,91.47,90.32,91.26,3282
2023-07-28 20:00:00+00:00,91.27,91.28,90.18,90.85,2228
2023-07-29 00:00:00+00:00,90.85,91.16,90.73,91.07,961
2023-07-29 04:00:00+00:00,91.07,91.09,90.41,90.62,1532
2023-07-29 08:00:00+00:00,90.62,90.67,90.32,90.42,983
2023-07-29 12:00:00+00:00,90.41,90.64,90.32,90.43,717
2023-07-29 16:00:00+00:00,90.44,90.74,90.39,90.71,690
2023-07-29 20:00:00+00:00,90.71,91.98,90.5,91.58,1525
2023-07-30 00:00:00+00:00,91.08,95.2,91.08,95.07,3407
2023-07-30 04:00:00+00:00,95.07,95.91,93.12,94.25,3081
2023-07-30 08:00:00+00:00,94.25,94.35,93.48,94.29,1626
2023-07-30 12:00:00+00:00,94.28,94.54,93.48,94.01,5963
2023-07-30 16:00:00+00:00,94.01,95.26,93.4,94.8,2839
2023-07-30 20:00:00+00:00,94.82,95.49,90.15,93.05,4365
2023-07-31 00:00:00+00:00,92.85,94.49,92.43,94.34,3113
2023-07-31 04:00:00+00:00,94.33,94.48,91.62,92.54,2806
2023-07-31 08:00:00+00:00,92.53,93.41,92.53,93.35,2405
2023-07-31 12:00:00+00:00,93.36,93.43,92.97,93.37,1707
2023-07-31 16:00:00+00:00,93.38,93.39,90.89,91.31,3121
2023-07-31 20:00:00+00:00,91.29,92.7,90.49,91.43,2721
2023-08-01 00:00:00+00:00,90.51,92.22,90.38,92.02,1361
2023-08-01 04:00:00+00:00,92.03,92.15,87.18,89.22,5650
2023-08-01 08:00:00+00:00,89.22,90.2,89.17,90.09,3443
2023-08-01 12:00:00+00:00,90.06,90.93,89.3,90.18,2496
2023-08-01 16:00:00+00:00,90.15,93.44,90.07,92.52,6669
2023-08-01 20:00:00+00:00,92.52,93.23,92.21,92.36,4430
2023-08-02 00:00:00+00:00,90.58,94.02,90.58,92.71,4904
2023-08-02 04:00:00+00:00,92.74,93.33,91.48,91.72,4637
2023-08-02 08:00:00+00:00,91.73,91.87,89.47,90.41,4393
2023-08-02 12:00:00+00:00,90.42,90.94,90.0,90.34,3749
2023-08-02 16:00:00+00:00,90.34,90.52,84.97,86.31,8190
2023-08-02 20:00:00+00:00,86.29,87.54,86.06,86.83,4677
2023-08-03 00:00:00+00:00,86.15,87.36,86.15,87.04,2512
2023-08-03 04:00:00+00:00,87.05,87.8,85.79,86.4,3083
2023-08-03 08:00:00+00:00,86.41,86.49,84.95,85.37,4816
2023-08-03 12:00:00+00:00,85.38,86.05,85.12,85.45,2788
2023-08-03 16:00:00+00:00,85.45,86.33,85.33,85.93,3770
2023-08-03 20:00:00+00:00,85.91,86.4,85.27,85.42,2991
2023-08-04 00:00:00+00:00,84.53,85.48,79.02,82.57,4464
2023-08-04 04:00:00+00:00,82.57,82.68,81.85,82.45,2937
2023-08-04 08:00:00+00:00,82.46,82.59,82.06,82.23,2900
2023-08-04 12:00:00+00:00,82.24,82.94,82.16,82.77,2787
2023-08-04 16:00:00+00:00,82.78,83.31,82.6,82.98,4096
2023-08-04 20:00:00+00:00,82.98,83.02,80.03,81.32,4320
2023-08-05 00:00:00+00:00,81.02,81.92,79.97,81.64,2851
2023-08-05 04:00:00+00:00,81.65,81.83,80.65,81.4,2148
2023-08-05 08:00:00+00:00,81.39,81.87,81.17,81.7,1378
2023-08-05 12:00:00+00:00,81.71,82.07,81.58,81.59,1589
2023-08-05 16:00:00+00:00,81.59,82.56,81.59,81.79,2704
2023-08-05 20:00:00+00:00,81.8,82.57,81.77,82.1,1699
2023-08-06 00:00:00+00:00,80.7,82.81,80.7,82.64,1719
2023-08-06 04:00:00+00:00,82.65,82.87,82.17,82.8,1937
2023-08-06 08:00:00+00:00,82.81,82.87,82.45,82.72,1820
2023-08-06 12:00:00+00:00,82.72,82.79,82.31,82.45,1352
2023-08-06 16:00:00+00:00,82.43,82.55,80.71,81.97,3099
2023-08-06 20:00:00+00:00,81.98,82.42,81.84,82.31,1409
2023-08-07 00:00:00+00:00,81.16,82.69,81.16,81.68,1795
2023-08-07 04:00:00+00:00,81.64,82.79,81.64,82.47,1994
2023-08-07 08:00:00+00:00,82.47,82.54,81.58,81.86,2170
2023-08-07 12:00:00+00:00,81.85,82.55,81.8,82.11,2102
2023-08-07 16:00:00+00:00,82.09,82.19,78.29,80.03,5181
2023-08-07 20:00:00+00:00,80.02,81.45,79.84,81.44,3071
2023-08-08 00:00:00+00:00,80.09,82.05,80.09,82.0,1367
2023-08-08 04:00:00+00:00,82.0,82.42,81.11,82.18,1660
2023-08-08 08:00:00+00:00,82.18,82.36,81.51,81.81,1578
2023-08-08 12:00:00+00:00,81.81,83.2,81.5,83.13,2276
2023-08-08 16:00:00+00:00,83.12,84.63,82.19,84.37,5077
2023-08-08 20:00:00+00:00,84.37,84.84,83.46,83.62,4188
2023-08-09 00:00:00+00:00,83.72,84.25,83.06,83.46,1979
2023-08-09 04:00:00+00:00,83.45,83.85,83.0,83.49,2006
2023-08-09 08:00:00+00:00,83.49,83.66,83.03,83.58,1461
2023-08-09 12:00:00+00:00,83.58,84.03,83.21,83.9,1970
2023-08-09 16:00:00+00:00,83.9,84.0,82.55,82.78,4055
2023-08-09 20:00:00+00:00,82.79,83.41,82.63,83.25,1895
2023-08-10 00:00:00+00:00,83.09,83.73,82.53,83.55,1274
2023-08-10 04:00:00+00:00,83.55,83.81,83.42,83.63,1149
2023-08-10 08:00:00+00:00,83.63,83.66,83.11,83.3,1629
2023-08-10 12:00:00+00:00,83.29,83.41,82.8,83.18,1490
2023-08-10 16:00:00+00:00,83.18,83.56,82.44,82.52,3037
2023-08-10 20:00:00+00:00,82.5,82.56,82.04,82.32,1275
2023-08-11 00:00:00+00:00,80.97,82.71,80.8,82.65,656
2023-08-11 04:00:00+00:00,82.65,82.74,82.29,82.58,799
2023-08-11 08:00:00+00:00,82.58,82.71,82.21,82.23,674
2023-08-11 12:00:00+00:00,82.22,82.86,82.12,82.5,804
2023-08-11 16:00:00+00:00,82.5,83.02,81.98,82.47,1939
2023-08-11 20:00:00+00:00,82.46,82.56,82.18,82.44,1064
2023-08-12 00:00:00+00:00,82.59,83.39,82.59,83.34,342
2023-08-12 04:00:00+00:00,83.34,83.38,82.91,83.13,373
2023-08-12 08:00:00+00:00,83.14,83.18,82.78,82.87,357
2023-08-12 12:00:00+00:00,82.9,83.3,82.9,83.14,372
2023-08-12 16:00:00+00:00,83.14,83.21,82.92,83.2,475
2023-08-12 20:00:00+00:00,83.19,83.21,82.7,82.87,441
2023-08-13 00:00:00+00:00,81.45,83.09,81.45,83.02,376
2023-08-13 04:00:00+00:00,83.03,83.22,82.57,82.64,1158
2023-08-13 08:00:00+00:00,82.63,82.7,82.4,82.61,608
2023-08-13 12:00:00+00:00,82.63,82.64,82.19,82.51,1743
2023-08-13 16:00:00+00:00,82.49,82.57,82.21,82.37,607
2023-08-13 20:00:00+00:00,82.33,82.88,82.33,82.61,616
2023-08-14 00:00:00+00:00,81.17,82.54,80.41,81.47,1926
2023-08-14 04:00:00+00:00,81.46,81.72,80.85,81.7,2150
2023-08-14 08:00:00+00:00,81.72,81.91,81.48,81.64,2278
2023-08-14 12:00:00+00:00,81.64,81.78,81.28,81.36,595
2023-08-14 16:00:00+00:00,81.36,82.49,81.24,82.29,1954
2023-08-14 20:00:00+00:00,82.29,82.31,80.94,81.5,1856
2023-08-15 00:00:00+00:00,80.14,81.74,80.14,81.55,579
2023-08-15 04:00:00+00:00,81.56,81.66,80.89,81.06,659
2023-08-15 08:00:00+00:00,81.07,81.39,80.9,81.23,1144
2023-08-15 12:00:00+00:00,81.23,81.37,80.89,81.1,960
2023-08-15 16:00:00+00:00,81.11,81.4,80.43,80.64,2039
2023-08-15 20:00:00+00:00,80.66,80.94,75.84,78.93,3776
2023-08-16 00:00:00+00:00,77.77,79.25,77.77,78.7,1240
2023-08-16 04:00:00+00:00,78.72,78.98,78.12,78.23,1173
2023-08-16 08:00:00+00:00,78.22,78.5,77.67,78.34,2051
2023-08-16 12:00:00+00:00,78.33,78.45,77.11,77.75,2984
2023-08-16 16:00:00+00:00,77.72,77.83,75.97,76.4,3859
2023-08-16 20:00:00+00:00,76.4,77.27,72.4,74.21,4894
2023-08-17 00:00:00+00:00,73.39,74.03,72.09,73.96,4397
2023-08-17 04:00:00+00:00,73.96,74.92,73.88,74.64,2587
2023-08-17 08:00:00+00:00,74.63,75.23,74.59,74.63,1245
2023-08-17 12:00:00+00:00,74.64,74.91,74.2,74.7,2300
2023-08-17 16:00:00+00:00,74.7,75.14,72.07,73.06,6828
2023-08-17 20:00:00+00:00,73.07,74.16,72.84,73.25,3600
2023-08-18 00:00:00+00:00,71.85,73.23,53.87,65.21,9934
2023-08-18 04:00:00+00:00,65.21,65.4,62.73,63.39,5234
2023-08-18 08:00:00+00:00,63.4,65.1,63.24,64.91,5814
2023-08-18 12:00:00+00:00,64.9,65.04,64.16,64.3,4313
2023-08-18 16:00:00+00:00,64.3,64.68,63.26,63.75,6744
2023-08-18 20:00:00+00:00,63.76,64.8,62.44,63.83,6201
2023-08-19 00:00:00+00:00,63.57,64.06,61.72,63.98,1893
2023-08-19 04:00:00+00:00,63.97,63.98,63.11,63.84,2139
2023-08-19 08:00:00+00:00,63.84,63.84,63.04,63.6,1712
2023-08-19 12:00:00+00:00,63.61,63.84,63.16,63.18,1618
2023-08-19 16:00:00+00:00,63.19,64.44,63.18,64.36,3533
2023-08-19 20:00:00+00:00,64.35,64.36,62.96,63.21,3248
2023-08-20 00:00:00+00:00,62.82,63.88,61.15,63.85,1079
2023-08-20 04:00:00+00:00,63.85,63.93,63.44,63.8,1373
2023-08-20 08:00:00+00:00,63.79,63.92,63.49,63.85,1264
2023-08-20 12:00:00+00:00,63.84,64.64,63.76,64.34,1261
2023-08-20 16:00:00+00:00,64.34,64.42,63.61,63.76,2702
2023-08-20 20:00:00+00:00,63.76,65.17,63.69,65.15,1925
2023-08-21 00:00:00+00:00,62.97,66.45,62.95,65.42,2202
2023-08-21 04:00:00+00:00,65.41,66.36,65.05,65.43,3738
2023-08-21 08:00:00+00:00,65.43,66.4,64.84,65.37,3571
2023-08-21 12:00:00+00:00,65.38,65.83,64.14,65.15,4621
2023-08-21 16:00:00+00:00,65.17,66.24,63.67,64.73,6222
2023-08-21 20:00:00+00:00,64.74,66.4,64.62,66.33,3499
2023-08-22 00:00:00+00:00,64.19,66.82,64.17,66.14,1753
2023-08-22 04:00:00+00:00,66.16,66.44,65.6,65.65,1547
2023-08-22 08:00:00+00:00,65.66,66.03,65.44,65.63,1960
2023-08-22 12:00:00+00:00,65.62,65.91,65.5,65.57,1935
2023-08-22 16:00:00+00:00,65.58,65.72,64.5,65.39,5185
2023-08-22 20:00:00+00:00,65.38,65.46,63.35,63.91,4330
2023-08-23 00:00:00+00:00,61.77,64.55,61.25,64.23,3911
2023-08-23 04:00:00+00:00,64.24,64.71,64.08,64.39,1769
2023-08-23 08:00:00+00:00,64.39,64.89,64.08,64.38,2098
2023-08-23 12:00:00+00:00,64.38,64.47,63.62,63.68,1974
2023-08-23 16:00:00+00:00,63.67,65.81,63.48,65.57,5133
2023-08-23 20:00:00+00:00,65.59,66.2,65.15,65.49,4173
2023-08-24 00:00:00+00:00,64.84,65.43,63.13,65.02,1958
2023-08-24 04:00:00+00:00,65.03,65.28,64.75,65.24,1216
2023-08-24 08:00:00+00:00,65.25,65.36,64.91,65.05,1249
2023-08-24 12:00:00+00:00,65.04,65.27,64.6,64.79,1957
2023-08-24 16:00:00+00:00,64.79,64.85,63.64,64.34,4873
2023-08-24 20:00:00+00:00,64.34,64.39,63.3,63.56,2307
2023-08-25 00:00:00+00:00,61.58,64.43,61.57,63.82,1556
2023-08-25 04:00:00+00:00,63.83,64.38,63.0,63.28,2879
2023-08-25 08:00:00+00:00,63.29,64.25,63.15,64.1,1904
2023-08-25 12:00:00+00:00,64.1,64.41,63.97,64.19,1157
2023-08-25 16:00:00+00:00,64.19,64.84,63.46,63.71,6540
2023-08-25 20:00:00+00:00,63.71,64.76,63.68,64.6,2196
2023-08-26 00:00:00+00:00,64.54,64.72,64.38,64.43,613
2023-08-26 04:00:00+00:00,64.41,64.95,64.4,64.78,914
2023-08-26 08:00:00+00:00,64.77,64.95,64.57,64.75,1028
2023-08-26 12:00:00+00:00,64.74,65.01,64.61,64.8,781
2023-08-26 16:00:00+00:00,64.8,64.82,64.41,64.48,626
2023-08-26 20:00:00+00:00,64.47,64.59,64.32,64.51,716
2023-08-27 00:00:00+00:00,62.43,64.69,62.43,64.47,528
2023-08-27 04:00:00+00:00,64.46,64.58,64.27,64.55,682
2023-08-27 08:00:00+00:00,64.55,64.78,64.43,64.72,564
2023-08-27 12:00:00+00:00,64.72,64.84,64.58,64.78,336
2023-08-27 16:00:00+00:00,64.78,65.4,64.71,65.05,997
2023-08-27 20:00:00+00:00,65.05,65.05,64.48,64.65,1108
2023-08-28 00:00:00+00:00,62.55,64.9,62.53,64.23,1405
2023-08-28 04:00:00+00:00,64.22,64.43,63.79,64.24,1563
2023-08-28 08:00:00+00:00,64.22,64.27,63.42,63.84,1700
2023-08-28 12:00:00+00:00,63.85,64.8,63.34,64.43,1986
2023-08-28 16:00:00+00:00,64.44,64.92,64.23,64.72,1962
2023-08-28 20:00:00+00:00,64.72,64.82,64.08,64.63,1484
2023-08-29 00:00:00+00:00,62.5,65.18,62.49,64.92,1062
2023-08-29 04:00:00+00:00,64.94,65.18,64.68,64.72,1186
2023-08-29 08:00:00+00:00,64.73,64.92,64.28,64.45,1093
2023-08-29 12:00:00+00:00,64.44,64.51,64.04,64.38,1272
2023-08-29 16:00:00+00:00,64.39,70.04,64.29,68.59,9351
2023-08-29 20:00:00+00:00,68.6,69.45,67.83,68.25,5251
2023-08-30 00:00:00+00:00,66.19,68.93,66.18,67.59,1825
2023-08-30 04:00:00+00:00,67.59,67.59,66.98,67.28,1875
2023-08-30 08:00:00+00:00,67.28,67.41,67.04,67.32,1408
2023-08-30 12:00:00+00:00,67.31,67.31,66.76,66.95,2183
2023-08-30 16:00:00+00:00,66.94,67.25,65.83,66.71,3920
2023-08-30 20:00:00+00:00,66.71,67.22,66.61,67.15,933
2023-08-31 00:00:00+00:00,64.98,67.32,64.97,66.83,753
2023-08-31 04:00:00+00:00,66.83,67.03,66.66,66.99,555
2023-08-31 08:00:00+00:00,67.0,67.48,66.87,67.36,1140
2023-08-31 12:00:00+00:00,67.36,67.79,67.05,67.08,2639
2023-08-31 16:00:00+00:00,67.09,67.1,63.77,63.85,4846
2023-08-31 20:00:00+00:00,63.89,64.16,62.86,63.23,5011
2023-09-01 00:00:00+00:00,61.24,63.71,61.23,63.58,1544
2023-09-01 04:00:00+00:00,63.59,63.61,63.27,63.36,1239
2023-09-01 08:00:00+00:00,63.35,63.45,62.81,63.03,1373
2023-09-01 12:00:00+00:00,63.03,63.64,62.93,63.35,1629
2023-09-01 16:00:00+00:00,63.34,63.34,61.96,62.5,4719
2023-09-01 20:00:00+00:00,62.5,63.03,61.23,62.57,5703
2023-09-02 00:00:00+00:00,62.11,62.69,61.98,62.56,728
2023-09-02 04:00:00+00:00,62.55,62.99,62.5,62.91,802
2023-09-02 08:00:00+00:00,62.9,63.03,62.65,62.88,850
2023-09-02 12:00:00+00:00,62.88,64.18,62.83,63.26,1554
2023-09-02 16:00:00+00:00,63.25,64.0,63.04,63.68,1982
2023-09-02 20:00:00+00:00,63.68,63.97,63.11,63.82,1440
2023-09-03 00:00:00+00:00,61.68,64.18,61.67,64.13,492
2023-09-03 04:00:00+00:00,64.13,64.37,63.94,63.98,518
2023-09-03 08:00:00+00:00,63.99,64.14,63.57,63.75,934
2023-09-03 12:00:00+00:00,63.74,63.96,63.22,63.38,549
2023-09-03 16:00:00+00:00,63.38,63.6,63.02,63.24,1573
2023-09-03 20:00:00+00:00,63.24,63.9,63.11,63.69,1353
2023-09-04 00:00:00+00:00,61.51,63.77,61.39,63.69,968
2023-09-04 04:00:00+00:00,63.68,64.46,63.47,63.95,1527
2023-09-04 08:00:00+00:00,63.93,63.98,63.54,63.77,951
2023-09-04 12:00:00+00:00,63.78,63.79,63.21,63.28,1109
2023-09-04 16:00:00+00:00,63.27,63.63,62.43,63.09,3783
2023-09-04 20:00:00+00:00,63.11,63.5,62.94,63.01,1145
2023-09-05 00:00:00+00:00,62.44,63.26,60.87,62.92,1664
2023-09-05 04:00:00+00:00,62.91,63.14,62.37,62.79,1572
2023-09-05 08:00:00+00:00,62.78,62.82,62.02,62.27,1739
2023-09-05 12:00:00+00:00,62.27,62.63,62.04,62.56,1582
2023-09-05 16:00:00+00:00,62.58,62.92,62.01,62.47,3868
2023-09-05 20:00:00+00:00,62.43,62.81,62.34,62.43,1501
2023-09-06 00:00:00+00:00,60.34,62.75,60.26,62.59,851
2023-09-06 04:00:00+00:00,62.59,63.04,62.45,62.46,1291
2023-09-06 08:00:00+00:00,62.46,62.52,62.18,62.35,1172
2023-09-06 12:00:00+00:00,62.35,62.57,62.3,62.42,538
2023-09-06 16:00:00+00:00,62.41,62.66,62.08,62.3,2672
2023-09-06 20:00:00+00:00,62.29,63.24,60.81,61.95,4498
2023-09-07 00:00:00+00:00,59.9,62.38,59.9,62.35,914
2023-09-07 04:00:00+00:00,62.35,62.78,62.3,62.43,1062
2023-09-07 08:00:00+00:00,62.43,62.7,62.36,62.56,809
2023-09-07 12:00:00+00:00,62.56,62.64,62.21,62.33,775
2023-09-07 16:00:00+00:00,62.32,62.71,61.91,62.43,2461
2023-09-07 20:00:00+00:00,62.43,62.6,62.17,62.58,1132
2023-09-08 00:00:00+00:00,60.53,63.86,60.52,63.49,2193
2023-09-08 04:00:00+00:00,63.5,63.54,62.9,63.2,1213
2023-09-08 08:00:00+00:00,63.2,63.25,62.63,62.73,788
2023-09-08 12:00:00+00:00,62.74,62.83,60.86,62.16,2648
2023-09-08 16:00:00+00:00,62.16,62.4,61.73,61.92,1456
2023-09-08 20:00:00+00:00,61.92,62.08,61.8,61.94,1067
2023-09-09 00:00:00+00:00,61.87,62.07,61.8,61.99,303
2023-09-09 04:00:00+00:00,61.99,62.36,61.99,62.24,472
2023-09-09 08:00:00+00:00,62.25,62.3,62.09,62.11,388
2023-09-09 12:00:00+00:00,62.12,62.28,62.02,62.27,357
2023-09-09 16:00:00+00:00,62.27,62.76,62.14,62.6,793
2023-09-09 20:00:00+00:00,62.6,62.66,62.46,62.54,304
2023-09-10 00:00:00+00:00,60.41,62.71,60.4,62.36,461
2023-09-10 04:00:00+00:00,62.33,62.34,59.13,61.15,2244
2023-09-10 08:00:00+00:00,61.15,61.45,60.91,60.97,1581
2023-09-10 12:00:00+00:00,60.98,61.06,60.64,60.9,1747
2023-09-10 16:00:00+00:00,60.89,60.99,59.59,60.23,2868
2023-09-10 20:00:00+00:00,60.24,60.81,59.61,60.52,2904
2023-09-11 00:00:00+00:00,58.46,61.0,58.45,60.45,2016
2023-09-11 04:00:00+00:00,60.45,60.85,60.1,60.63,1489
2023-09-11 08:00:00+00:00,60.63,61.15,60.4,60.61,1319
2023-09-11 12:00:00+00:00,60.61,60.67,58.34,59.7,4004
2023-09-11 16:00:00+00:00,59.7,59.88,58.36,58.71,6373
2023-09-11 20:00:00+00:00,58.7,58.82,57.08,57.68,4223
2023-09-12 00:00:00+00:00,55.62,58.77,55.61,58.56,1540
2023-09-12 04:00:00+00:00,58.56,60.41,58.28,59.27,3833
2023-09-12 08:00:00+00:00,59.28,59.36,58.78,59.16,2828
2023-09-12 12:00:00+00:00,59.17,60.83,59.12,60.05,3940
2023-09-12 16:00:00+00:00,60.05,60.89,59.69,59.94,4451
2023-09-12 20:00:00+00:00,59.92,60.18,59.15,59.77,2547
2023-09-13 00:00:00+00:00,57.63,60.02,57.62,59.57,1152
2023-09-13 04:00:00+00:00,59.58,59.71,59.14,59.4,1408
2023-09-13 08:00:00+00:00,59.4,62.19,59.07,60.18,2855
2023-09-13 12:00:00+00:00,60.19,60.87,60.05,60.65,3799
2023-09-13 16:00:00+00:00,60.66,61.55,60.39,61.33,3641
2023-09-13 20:00:00+00:00,61.34,61.76,60.91,61.48,2792
2023-09-14 00:00:00+00:00,59.84,62.52,59.84,62.49,1864
2023-09-14 04:00:00+00:00,62.48,62.54,61.57,61.71,3185
2023-09-14 08:00:00+00:00,61.72,62.19,61.46,61.81,1208
2023-09-14 12:00:00+00:00,61.77,62.32,61.69,62.16,1697
2023-09-14 16:00:00+00:00,62.16,62.86,62.09,62.48,3774
2023-09-14 20:00:00+00:00,62.47,62.89,62.15,62.19,2104
2023-09-15 00:00:00+00:00,60.65,62.66,60.65,62.21,1293
2023-09-15 04:00:00+00:00,62.2,63.03,62.03,62.72,2608
2023-09-15 08:00:00+00:00,62.72,63.04,62.31,62.87,1501
2023-09-15 12:00:00+00:00,62.88,63.01,62.53,62.61,1971
2023-09-15 16:00:00+00:00,62.6,64.44,62.6,64.14,4167
2023-09-15 20:00:00+00:00,64.13,64.76,63.86,64.42,2351
2023-09-16 00:00:00+00:00,64.06,65.73,63.26,65.17,2200
2023-09-16 04:00:00+00:00,65.17,66.47,64.98,65.62,2974
2023-09-16 08:00:00+00:00,65.62,66.13,64.68,64.75,2369
2023-09-16 12:00:00+00:00,64.74,64.82,64.23,64.31,1719
2023-09-16 16:00:00+00:00,64.33,64.4,63.9,64.26,1719
2023-09-16 20:00:00+00:00,64.25,64.69,64.09,64.21,1235
2023-09-17 00:00:00+00:00,62.62,64.88,62.56,64.03,1330
2023-09-17 04:00:00+00:00,64.02,64.05,63.03,63.49,2091
2023-09-17 08:00:00+00:00,63.5,63.94,63.02,63.53,1801
2023-09-17 12:00:00+00:00,63.54,63.87,63.53,63.6,965
2023-09-17 16:00:00+00:00,63.6,63.87,63.15,63.39,1438
2023-09-17 20:00:00+00:00,63.37,63.59,62.2,62.5,1748
2023-09-18 00:00:00+00:00,61.05,63.22,61.05,62.67,1762
2023-09-18 04:00:00+00:00,62.67,64.43,62.59,64.17,2811
2023-09-18 08:00:00+00:00,64.17,64.72,64.17,64.49,1632
2023-09-18 12:00:00+00:00,64.5,67.13,64.5,66.74,4703
2023-09-18 16:00:00+00:00,66.74,67.01,65.91,66.7,3478
2023-09-18 20:00:00+00:00,66.7,66.83,65.24,65.72,4030
2023-09-19 00:00:00+00:00,63.99,65.92,63.98,65.46,1673
2023-09-19 04:00:00+00:00,65.45,66.63,65.38,66.49,2125
2023-09-19 08:00:00+00:00,66.49,66.96,66.27,66.81,1530
2023-09-19 12:00:00+00:00,66.83,67.87,66.52,66.76,4435
2023-09-19 16:00:00+00:00,66.77,67.77,66.33,67.22,4428
2023-09-19 20:00:00+00:00,67.23,67.24,66.56,66.79,2325
2023-09-20 00:00:00+00:00,65.15,66.97,65.15,66.47,1387
2023-09-20 04:00:00+00:00,66.47,67.3,66.1,66.16,2861
2023-09-20 08:00:00+00:00,66.15,66.23,65.62,65.98,2146
2023-09-20 12:00:00+00:00,66.0,66.03,63.97,64.27,3062
2023-09-20 16:00:00+00:00,64.25,64.45,63.68,64.26,4093
2023-09-20 20:00:00+00:00,64.26,65.04,62.68,63.88,4663
2023-09-21 00:00:00+00:00,62.23,64.49,62.23,64.23,1732
2023-09-21 04:00:00+00:00,64.23,64.44,63.85,64.2,2213
2023-09-21 08:00:00+00:00,64.21,64.21,63.37,63.43,1972
2023-09-21 12:00:00+00:00,63.41,63.59,62.37,63.24,4393
2023-09-21 16:00:00+00:00,63.23,64.34,62.65,64.04,3897
2023-09-21 20:00:00+00:00,64.05,64.32,63.78,64.2,1649
2023-09-22 00:00:00+00:00,62.63,64.43,62.62,64.36,1552
2023-09-22 04:00:00+00:00,64.33,65.3,64.11,64.39,2345
2023-09-22 08:00:00+00:00,64.39,64.9,63.96,64.58,1945
2023-09-22 12:00:00+00:00,64.59,64.88,64.13,64.17,1798
2023-09-22 16:00:00+00:00,64.17,64.45,63.57,63.74,2479
2023-09-22 20:00:00+00:00,63.75,64.25,63.58,63.76,1618
2023-09-23 00:00:00+00:00,63.93,64.24,63.59,64.18,875
2023-09-23 04:00:00+00:00,64.18,64.49,63.93,64.27,1899
2023-09-23 08:00:00+00:00,64.28,64.53,63.95,64.39,1057
2023-09-23 12:00:00+00:00,64.39,64.55,64.21,64.28,589
2023-09-23 16:00:00+00:00,64.28,64.44,64.08,64.42,1055
2023-09-23 20:00:00+00:00,64.43,64.75,64.34,64.49,749
2023-09-24 00:00:00+00:00,62.91,64.59,62.89,64.39,556
2023-09-24 04:00:00+00:00,64.39,64.46,64.04,64.18,617
2023-09-24 08:00:00+00:00,64.17,64.27,63.89,64.26,441
2023-09-24 12:00:00+00:00,64.27,64.32,64.09,64.15,289
2023-09-24 16:00:00+00:00,64.16,64.27,64.02,64.2,342
2023-09-24 20:00:00+00:00,64.2,64.52,63.41,63.77,1643
2023-09-25 00:00:00+00:00,62.19,63.8,61.98,63.19,1835
2023-09-25 04:00:00+00:00,63.19,64.05,63.13,63.84,1362
2023-09-25 08:00:00+00:00,63.84,64.18,63.57,63.84,1308
2023-09-25 12:00:00+00:00,63.85,63.94,63.3,63.66,1725
2023-09-25 16:00:00+00:00,63.66,64.52,63.52,64.06,1701
2023-09-25 20:00:00+00:00,64.06,64.21,63.68,63.69,1300
2023-09-26 00:00:00+00:00,62.15,63.87,62.09,63.75,723
2023-09-26 04:00:00+00:00,63.74,64.51,63.55,64.07,1851
2023-09-26 08:00:00+00:00,64.08,64.11,63.74,63.86,977
2023-09-26 12:00:00+00:00,63.81,64.01,63.64,63.69,1514
2023-09-26 16:00:00+00:00,63.68,63.75,63.2,63.55,2036
2023-09-26 20:00:00+00:00,63.55,63.65,63.1,63.11,1045
2023-09-27 00:00:00+00:00,61.53,63.47,61.52,63.38,848
2023-09-27 04:00:00+00:00,63.38,63.53,63.2,63.36,855
2023-09-27 08:00:00+00:00,63.36,63.39,63.12,63.28,768
2023-09-27 12:00:00+00:00,63.29,64.96,63.27,64.5,3797
2023-09-27 16:00:00+00:00,64.51,64.66,62.37,63.12,3231
2023-09-27 20:00:00+00:00,63.09,63.26,62.59,62.97,1779
2023-09-28 00:00:00+00:00,61.3,63.36,61.29,63.26,1020
2023-09-28 04:00:00+00:00,63.26,63.3,62.57,62.88,1393
2023-09-28 08:00:00+00:00,62.89,63.45,62.77,63.32,1308
2023-09-28 12:00:00+00:00,63.31,63.76,63.18,63.38,1442
2023-09-28 16:00:00+00:00,63.39,64.98,63.21,64.38,5319
2023-09-28 20:00:00+00:00,64.37,64.85,63.93,64.68,2404
2023-09-29 00:00:00+00:00,63.03,64.92,63.02,64.7,1094
2023-09-29 04:00:00+00:00,64.7,64.89,64.37,64.78,1398
2023-09-29 08:00:00+00:00,64.78,65.96,64.65,65.26,2328
2023-09-29 12:00:00+00:00,65.27,65.48,65.03,65.32,2337
2023-09-29 16:00:00+00:00,65.32,65.49,64.42,65.46,3486
2023-09-29 20:00:00+00:00,65.46,65.87,65.2,65.63,1734
2023-09-30 00:00:00+00:00,64.99,65.55,63.79,65.09,1094
2023-09-30 04:00:00+00:00,65.09,65.16,64.81,64.96,892
2023-09-30 08:00:00+00:00,64.96,65.31,64.94,65.22,647
2023-09-30 12:00:00+00:00,65.23,65.38,65.02,65.07,879
2023-09-30 16:00:00+00:00,65.08,65.95,65.03,65.84,2142
2023-09-30 20:00:00+00:00,65.79,66.07,65.57,65.87,1146
2023-10-01 00:00:00+00:00,64.29,65.92,64.28,65.6,884
2023-10-01 04:00:00+00:00,65.61,65.86,65.29,65.44,882
2023-10-01 08:00:00+00:00,65.44,65.85,65.41,65.81,761
2023-10-01 12:00:00+00:00,65.81,67.2,65.8,66.96,1058
2023-10-01 16:00:00+00:00,66.96,66.97,66.07,66.15,2032
2023-10-01 20:00:00+00:00,66.14,66.27,65.59,65.89,1541
2023-10-02 00:00:00+00:00,64.37,68.16,64.36,67.45,2228
2023-10-02 04:00:00+00:00,67.45,67.62,66.92,66.96,1914
2023-10-02 08:00:00+00:00,66.96,67.55,66.61,67.27,2880
2023-10-02 12:00:00+00:00,67.27,67.4,66.95,67.23,1801
2023-10-02 16:00:00+00:00,67.21,67.24,65.77,66.27,5422
2023-10-02 20:00:00+00:00,66.26,66.64,64.44,65.44,3521
2023-10-03 00:00:00+00:00,63.9,65.84,63.89,65.69,2419
2023-10-03 04:00:00+00:00,65.67,65.9,65.41,65.75,1284
2023-10-03 08:00:00+00:00,65.77,66.35,65.52,65.8,1636
2023-10-03 12:00:00+00:00,65.81,65.86,64.82,65.15,2421
2023-10-03 16:00:00+00:00,65.16,65.6,64.76,65.37,3167
2023-10-03 20:00:00+00:00,65.38,65.54,64.78,65.27,2206
2023-10-04 00:00:00+00:00,63.62,65.21,62.28,63.3,3468
2023-10-04 04:00:00+00:00,63.31,63.96,63.12,63.64,2557
2023-10-04 08:00:00+00:00,63.63,64.17,63.58,64.0,1297
2023-10-04 12:00:00+00:00,64.01,64.12,63.81,63.94,1741
2023-10-04 16:00:00+00:00,63.94,63.96,63.29,63.73,2776
2023-10-04 20:00:00+00:00,63.74,63.91,63.23,63.61,2513
2023-10-05 00:00:00+00:00,62.04,64.32,62.03,64.2,1190
2023-10-05 04:00:00+00:00,64.21,64.35,63.88,64.2,1008
2023-10-05 08:00:00+00:00,64.2,64.29,63.84,64.07,932
2023-10-05 12:00:00+00:00,64.08,64.34,63.91,63.91,740
2023-10-05 16:00:00+00:00,63.92,64.42,63.2,63.66,4752
2023-10-05 20:00:00+00:00,63.66,64.63,63.47,64.53,1509
2023-10-06 00:00:00+00:00,64.12,64.74,63.19,64.39,760
2023-10-06 04:00:00+00:00,64.4,64.88,64.39,64.65,1166
2023-10-06 08:00:00+00:00,64.65,65.0,64.51,64.69,1354
2023-10-06 12:00:00+00:00,64.7,64.79,63.85,63.95,2398
2023-10-06 16:00:00+00:00,63.94,65.36,63.82,65.09,4033
2023-10-06 20:00:00+00:00,65.09,65.31,64.98,65.06,1358
2023-10-07 00:00:00+00:00,65.28,65.36,64.79,65.16,857
2023-10-07 04:00:00+00:00,65.17,65.47,65.15,65.39,745
2023-10-07 08:00:00+00:00,65.4,65.76,65.35,65.56,1108
2023-10-07 12:00:00+00:00,65.57,65.59,65.17,65.22,737
2023-10-07 16:00:00+00:00,65.22,65.22,64.81,64.87,855
2023-10-07 20:00:00+00:00,64.84,64.86,64.47,64.73,700
2023-10-08 00:00:00+00:00,63.32,65.3,63.31,65.27,476
2023-10-08 04:00:00+00:00,65.28,65.49,65.07,65.26,1057
2023-10-08 08:00:00+00:00,65.27,65.28,64.93,65.09,1148
2023-10-08 12:00:00+00:00,65.09,65.17,64.44,64.71,1381
2023-10-08 16:00:00+00:00,64.7,65.02,64.58,64.91,1109
2023-10-08 20:00:00+00:00,64.9,65.01,64.66,64.89,461
2023-10-09 00:00:00+00:00,64.47,64.95,63.53,64.58,1186
2023-10-09 04:00:00+00:00,64.58,64.88,64.38,64.65,909
2023-10-09 08:00:00+00:00,64.66,64.67,63.43,63.76,1340
2023-10-09 12:00:00+00:00,63.76,63.92,62.23,62.62,3183
2023-10-09 16:00:00+00:00,62.63,62.99,60.94,61.8,3850
2023-10-09 20:00:00+00:00,61.79,62.64,61.6,62.48,2171
2023-10-10 00:00:00+00:00,61.16,62.65,61.16,62.51,1224
2023-10-10 04:00:00+00:00,62.52,63.15,62.44,62.8,1117
2023-10-10 08:00:00+00:00,62.79,62.99,62.7,62.75,854
2023-10-10 12:00:00+00:00,62.76,62.79,62.05,62.17,1335
2023-10-10 16:00:00+00:00,62.17,62.87,62.04,62.72,2753
2023-10-10 20:00:00+00:00,62.72,63.06,62.52,62.88,1467
2023-10-11 00:00:00+00:00,61.48,63.3,61.48,63.08,805
2023-10-11 04:00:00+00:00,63.07,63.09,61.69,62.23,2076
2023-10-11 08:00:00+00:00,62.22,62.46,62.01,62.46,1512
2023-10-11 12:00:00+00:00,62.47,62.48,61.31,61.5,2124
2023-10-11 16:00:00+00:00,61.49,61.79,60.45,60.78,2814
2023-10-11 20:00:00+00:00,60.77,61.12,60.52,60.96,1844
2023-10-12 00:00:00+00:00,59.58,61.0,59.58,60.61,1129
2023-10-12 04:00:00+00:00,60.6,60.82,60.01,60.64,1502
2023-10-12 08:00:00+00:00,60.63,60.83,60.53,60.68,927
2023-10-12 12:00:00+00:00,60.67,60.78,59.77,60.64,2457
2023-10-12 16:00:00+00:00,60.64,60.81,59.76,60.47,2317
2023-10-12 20:00:00+00:00,60.46,60.84,60.16,60.36,2119
2023-10-13 00:00:00+00:00,58.9,60.85,58.89,60.75,979
2023-10-13 04:00:00+00:00,60.75,61.17,60.51,60.76,1679
2023-10-13 08:00:00+00:00,60.77,61.04,60.73,60.85,999
2023-10-13 12:00:00+00:00,60.85,61.24,60.69,61.24,944
2023-10-13 16:00:00+00:00,61.23,61.26,60.72,60.97,1379
2023-10-13 20:00:00+00:00,60.96,61.27,60.7,61.04,1097
2023-10-14 00:00:00+00:00,60.81,61.44,59.86,61.2,1026
2023-10-14 04:00:00+00:00,61.17,61.24,61.03,61.09,579
2023-10-14 08:00:00+00:00,61.1,61.16,60.85,60.92,707
2023-10-14 12:00:00+00:00,60.91,61.13,60.9,61.0,472
2023-10-14 16:00:00+00:00,61.01,61.45,60.97,61.37,647
2023-10-14 20:00:00+00:00,61.32,61.47,61.23,61.34,415
2023-10-15 00:00:00+00:00,59.99,61.44,59.99,60.92,526
2023-10-15 04:00:00+00:00,60.91,61.32,60.88,61.09,663
2023-10-15 08:00:00+00:00,61.07,61.1,60.96,61.04,426
2023-10-15 12:00:00+00:00,61.05,61.14,60.9,60.9,718
2023-10-15 16:00:00+00:00,60.9,61.28,60.78,61.27,703
2023-10-15 20:00:00+00:00,61.27,61.65,61.18,61.55,645
2023-10-16 00:00:00+00:00,60.16,61.59,60.15,61.27,1049
2023-10-16 04:00:00+00:00,61.28,61.48,61.12,61.19,723
2023-10-16 08:00:00+00:00,61.2,62.77,61.2,62.44,2050
2023-10-16 12:00:00+00:00,62.45,63.46,62.22,63.36,1494
2023-10-16 16:00:00+00:00,63.37,65.7,62.54,63.13,4775
2023-10-16 20:00:00+00:00,63.12,63.82,62.99,63.29,2328
2023-10-17 00:00:00+00:00,61.87,63.12,61.87,62.33,1754
2023-10-17 04:00:00+00:00,62.33,62.79,62.25,62.59,1239
2023-10-17 08:00:00+00:00,62.59,62.82,62.44,62.56,1273
2023-10-17 12:00:00+00:00,62.56,62.74,61.82,61.88,1562
2023-10-17 16:00:00+00:00,61.88,62.14,61.0,61.75,2537
2023-10-17 20:00:00+00:00,61.75,61.76,60.86,61.44,1501
2023-10-18 00:00:00+00:00,60.0,61.65,59.99,61.55,794
2023-10-18 04:00:00+00:00,61.55,62.27,61.36,61.95,1421
2023-10-18 08:00:00+00:00,61.96,62.12,61.33,61.58,1789
2023-10-18 12:00:00+00:00,61.59,61.72,61.19,61.35,1168
2023-10-18 16:00:00+00:00,61.35,61.37,60.79,60.96,1889
2023-10-18 20:00:00+00:00,60.96,61.18,60.02,60.34,1393
2023-10-19 00:00:00+00:00,58.96,60.49,58.96,59.94,1381
2023-10-19 04:00:00+00:00,59.94,60.06,59.15,60.01,1605
2023-10-19 08:00:00+00:00,60.02,60.46,59.95,60.23,948
2023-10-19 12:00:00+00:00,60.24,60.76,60.13,60.66,1323
2023-10-19 16:00:00+00:00,60.66,61.42,60.52,60.89,2966
2023-10-19 20:00:00+00:00,60.9,61.18,60.45,61.04,1815
2023-10-20 00:00:00+00:00,59.73,61.39,59.72,61.2,1082
2023-10-20 04:00:00+00:00,61.21,62.31,61.07,62.06,2867
2023-10-20 08:00:00+00:00,62.07,63.41,61.69,63.12,2904
2023-10-20 12:00:00+00:00,63.13,63.78,62.61,62.96,3730
2023-10-20 16:00:00+00:00,62.96,63.37,62.73,62.76,2241
2023-10-20 20:00:00+00:00,62.76,63.1,62.54,63.0,1297
2023-10-21 00:00:00+00:00,62.93,63.11,62.81,62.9,982
2023-10-21 04:00:00+00:00,62.89,63.47,62.84,63.27,968
2023-10-21 08:00:00+00:00,63.27,63.7,63.07,63.53,907
2023-10-21 12:00:00+00:00,63.53,63.95,63.47,63.78,1121
2023-10-21 16:00:00+00:00,63.78,64.84,63.64,63.88,2339
2023-10-21 20:00:00+00:00,63.82,64.89,63.78,64.18,2588
2023-10-22 00:00:00+00:00,63.84,64.78,62.92,64.45,1436
2023-10-22 04:00:00+00:00,64.44,64.56,64.0,64.41,1457
2023-10-22 08:00:00+00:00,64.42,64.79,62.55,63.44,2867
2023-10-22 12:00:00+00:00,63.44,63.8,63.16,63.62,928
2023-10-22 16:00:00+00:00,63.62,65.77,63.09,64.7,2103
2023-10-22 20:00:00+00:00,64.7,65.27,63.95,64.09,1695
2023-10-23 00:00:00+00:00,62.62,64.94,62.61,64.82,2466
2023-10-23 04:00:00+00:00,64.8,66.06,64.63,65.77,4133
2023-10-23 08:00:00+00:00,65.78,66.32,65.44,66.23,2713
2023-10-23 12:00:00+00:00,66.22,66.27,65.18,65.82,2721
2023-10-23 16:00:00+00:00,65.83,66.64,65.0,66.5,3783
2023-10-23 20:00:00+00:00,66.5,67.26,65.67,66.76,4196
2023-10-24 00:00:00+00:00,65.4,69.42,65.38,68.75,4778
2023-10-24 04:00:00+00:00,68.76,72.22,68.56,69.67,7633
2023-10-24 08:00:00+00:00,69.66,69.88,67.66,69.05,5296
2023-10-24 12:00:00+00:00,69.04,70.89,68.86,70.28,4470
2023-10-24 16:00:00+00:00,70.3,70.42,66.19,67.89,8005
2023-10-24 20:00:00+00:00,67.9,68.29,66.91,67.68,4367
2023-10-25 00:00:00+00:00,66.18,69.27,66.17,69.23,3377
2023-10-25 04:00:00+00:00,69.23,69.89,68.57,69.26,3114
2023-10-25 08:00:00+00:00,69.27,69.32,67.09,68.03,2589
2023-10-25 12:00:00+00:00,68.04,68.59,67.89,68.52,2727
2023-10-25 16:00:00+00:00,68.5,69.79,68.02,68.06,5317
2023-10-25 20:00:00+00:00,68.06,68.52,67.64,67.87,3464
2023-10-26 00:00:00+00:00,67.4,68.64,67.33,68.33,3011
2023-10-26 04:00:00+00:00,68.33,69.55,68.24,69.11,3328
2023-10-26 08:00:00+00:00,69.09,70.11,67.89,69.83,4498
2023-10-26 12:00:00+00:00,69.84,70.08,68.16,69.28,7075
2023-10-26 16:00:00+00:00,69.27,69.45,65.43,66.88,5827
2023-10-26 20:00:00+00:00,66.89,67.76,66.88,67.67,1887
2023-10-27 00:00:00+00:00,66.2,68.49,66.19,67.89,1543
2023-10-27 04:00:00+00:00,67.9,67.93,66.61,67.62,2289
2023-10-27 08:00:00+00:00,67.62,67.72,66.73,67.37,2203
2023-10-27 12:00:00+00:00,67.38,68.06,66.96,67.81,1969
2023-10-27 16:00:00+00:00,67.81,68.31,66.1,66.46,4127
2023-10-27 20:00:00+00:00,66.46,66.55,64.89,66.05,2700
2023-10-28 00:00:00+00:00,66.18,67.11,65.89,67.1,1007
2023-10-28 04:00:00+00:00,67.1,67.84,65.08,67.73,1979
2023-10-28 08:00:00+00:00,67.73,67.78,67.29,67.46,1543
2023-10-28 12:00:00+00:00,67.46,67.86,67.12,67.18,1594
2023-10-28 16:00:00+00:00,67.2,67.77,66.76,67.76,1902
2023-10-28 20:00:00+00:00,67.74,67.76,67.07,67.29,1015
2023-10-29 00:00:00+00:00,65.87,67.55,65.85,67.22,1233
2023-10-29 04:00:00+00:00,67.24,67.44,66.44,66.87,1736
2023-10-29 08:00:00+00:00,66.86,67.49,66.71,67.49,641
2023-10-29 12:00:00+00:00,67.49,68.01,67.22,68.0,691
2023-10-29 16:00:00+00:00,68.02,68.48,67.54,68.11,1466
2023-10-29 20:00:00+00:00,68.1,68.78,68.01,68.45,2317
2023-10-30 00:00:00+00:00,67.05,68.73,67.05,68.34,1855
2023-10-30 04:00:00+00:00,68.33,68.92,67.52,67.86,2288
2023-10-30 08:00:00+00:00,67.88,68.34,67.03,68.19,2790
2023-10-30 12:00:00+00:00,68.19,69.0,68.1,68.34,2995
2023-10-30 16:00:00+00:00,68.34,69.29,68.13,68.74,3452
2023-10-30 20:00:00+00:00,68.74,68.74,67.51,68.53,2681
2023-10-31 00:00:00+00:00,67.07,69.39,67.06,69.03,1351
2023-10-31 04:00:00+00:00,69.05,69.15,68.17,68.38,1433
2023-10-31 08:00:00+00:00,68.39,69.08,67.32,69.03,2777
2023-10-31 12:00:00+00:00,69.04,70.01,68.48,68.92,4533
2023-10-31 16:00:00+00:00,68.93,69.64,66.91,68.39,5961
2023-10-31 20:00:00+00:00,68.39,68.53,67.7,68.29,2960
2023-11-01 00:00:00+00:00,66.85,68.74,66.83,68.27,2265
2023-11-01 04:00:00+00:00,68.27,68.5,67.49,67.68,2098
2023-11-01 08:00:00+00:00,67.69,67.93,66.58,67.51,2388
2023-11-01 12:00:00+00:00,67.52,68.11,67.02,67.87,1958
2023-11-01 16:00:00+00:00,67.88,68.27,65.9,66.58,4663
2023-11-01 20:00:00+00:00,66.59,69.42,66.51,69.17,5466
2023-11-02 00:00:00+00:00,68.03,69.91,68.02,69.55,3881
2023-11-02 04:00:00+00:00,69.56,70.25,69.22,69.49,4266
2023-11-02 08:00:00+00:00,69.5,70.12,68.66,69.28,3804
2023-11-02 12:00:00+00:00,69.28,70.07,69.13,69.79,3295
2023-11-02 16:00:00+00:00,69.81,69.98,66.83,67.84,7331
2023-11-02 20:00:00+00:00,67.81,69.09,67.4,68.75,5081
2023-11-03 00:00:00+00:00,67.21,69.09,67.19,68.08,3102
2023-11-03 04:00:00+00:00,68.08,68.41,66.94,68.14,3018
2023-11-03 08:00:00+00:00,68.14,68.96,67.94,68.43,2285
2023-11-03 12:00:00+00:00,68.44,68.54,67.47,68.28,3328
2023-11-03 16:00:00+00:00,68.3,68.91,68.08,68.61,2830
2023-11-03 20:00:00+00:00,68.61,69.0,68.01,68.98,2013
2023-11-04 00:00:00+00:00,68.81,69.05,68.63,68.77,1312
2023-11-04 04:00:00+00:00,68.75,69.19,68.67,68.81,1705
2023-11-04 08:00:00+00:00,68.82,69.3,68.69,69.16,2409
2023-11-04 12:00:00+00:00,69.17,69.48,68.98,69.19,2354
2023-11-04 16:00:00+00:00,69.19,69.26,68.37,68.7,2090
2023-11-04 20:00:00+00:00,68.66,68.71,68.26,68.55,1114
2023-11-05 00:00:00+00:00,68.11,70.31,68.11,69.72,2454
2023-11-05 04:00:00+00:00,69.72,71.24,69.41,70.79,3888
2023-11-05 08:00:00+00:00,70.79,71.13,70.36,70.68,2944
2023-11-05 12:00:00+00:00,70.71,71.42,69.77,70.04,1696
2023-11-05 16:00:00+00:00,70.04,71.4,69.7,71.09,3154
2023-11-05 20:00:00+00:00,71.08,71.84,69.99,71.14,3380
2023-11-06 00:00:00+00:00,70.31,72.17,70.31,71.2,4485
2023-11-06 04:00:00+00:00,71.22,71.47,70.29,70.68,2889
2023-11-06 08:00:00+00:00,70.68,72.11,70.52,71.96,2764
2023-11-06 12:00:00+00:00,71.97,72.4,71.55,72.03,3565
2023-11-06 16:00:00+00:00,72.03,73.77,71.98,73.08,5387
2023-11-06 20:00:00+00:00,73.08,74.1,72.75,74.05,3256
2023-11-07 00:00:00+00:00,72.79,74.41,72.77,73.09,3716
2023-11-07 04:00:00+00:00,73.1,73.25,71.96,72.94,3020
2023-11-07 08:00:00+00:00,72.95,73.98,71.97,72.4,5008
2023-11-07 12:00:00+00:00,72.38,72.85,71.66,72.25,6445
2023-11-07 16:00:00+00:00,72.26,72.44,70.45,72.12,5682
2023-11-07 20:00:00+00:00,72.1,73.8,72.1,73.35,5628
2023-11-08 00:00:00+00:00,73.12,73.21,72.47,72.7,3413
2023-11-08 04:00:00+00:00,72.71,72.85,72.1,72.16,2595
2023-11-08 08:00:00+00:00,72.16,73.42,71.97,73.39,3044
2023-11-08 12:00:00+00:00,73.38,73.84,72.6,73.14,3268
2023-11-08 16:00:00+00:00,73.16,73.27,72.3,72.98,3965
2023-11-08 20:00:00+00:00,72.98,73.49,72.55,72.93,3780
2023-11-09 00:00:00+00:00,72.19,73.43,72.14,73.39,3746
2023-11-09 04:00:00+00:00,73.4,74.23,73.22,73.61,5085
2023-11-09 08:00:00+00:00,73.61,74.64,73.57,74.61,4731
2023-11-09 12:00:00+00:00,74.61,74.77,73.53,74.31,4363
2023-11-09 16:00:00+00:00,74.31,75.77,66.82,71.07,8396
2023-11-09 20:00:00+00:00,71.07,71.17,69.62,70.77,7400
2023-11-10 00:00:00+00:00,69.45,74.9,69.34,73.72,5839
2023-11-10 04:00:00+00:00,73.7,74.15,72.98,73.53,4484
2023-11-10 08:00:00+00:00,73.53,73.56,71.18,72.38,5342
2023-11-10 12:00:00+00:00,72.37,73.03,70.76,71.09,6122
2023-11-10 16:00:00+00:00,71.09,71.97,70.2,71.88,5737
2023-11-10 20:00:00+00:00,71.86,72.83,71.86,72.72,4403
2023-11-11 00:00:00+00:00,72.1,73.13,71.43,71.92,3475
2023-11-11 04:00:00+00:00,71.93,72.27,70.35,71.99,6113
2023-11-11 08:00:00+00:00,71.99,73.25,71.64,73.13,4679
2023-11-11 12:00:00+00:00,73.13,74.93,72.67,74.93,4683
2023-11-11 16:00:00+00:00,74.92,74.93,73.64,74.29,6127
2023-11-11 20:00:00+00:00,74.29,75.41,74.05,74.31,5078
2023-11-12 00:00:00+00:00,73.79,74.88,71.54,73.37,6938
2023-11-12 04:00:00+00:00,73.37,74.42,72.74,74.27,4616
2023-11-12 08:00:00+00:00,74.26,75.71,73.95,75.01,4872
2023-11-12 12:00:00+00:00,75.02,76.26,73.49,74.83,4290
2023-11-12 16:00:00+00:00,74.84,75.0,73.95,74.3,3044
2023-11-12 20:00:00+00:00,74.31,74.62,73.77,74.53,4243
2023-11-13 00:00:00+00:00,73.05,75.56,73.05,75.17,5728
2023-11-13 04:00:00+00:00,75.16,75.22,72.61,73.13,6082
2023-11-13 08:00:00+00:00,73.13,73.81,72.38,73.43,4262
2023-11-13 12:00:00+00:00,73.43,73.52,72.09,72.57,5672
2023-11-13 16:00:00+00:00,72.56,73.4,70.96,71.93,8911
2023-11-13 20:00:00+00:00,71.93,72.83,69.8,71.06,7364
2023-11-14 00:00:00+00:00,69.63,71.4,69.49,71.11,5450
2023-11-14 04:00:00+00:00,71.11,71.69,71.11,71.67,2943
2023-11-14 08:00:00+00:00,71.66,72.08,71.03,71.03,2966
2023-11-14 12:00:00+00:00,71.04,71.91,69.79,71.41,6046
2023-11-14 16:00:00+00:00,71.41,71.79,69.97,70.45,4997
2023-11-14 20:00:00+00:00,70.45,70.56,67.26,69.81,6120
2023-11-15 00:00:00+00:00,69.82,70.69,69.49,70.08,2982
2023-11-15 04:00:00+00:00,70.05,71.16,70.0,71.0,3174
2023-11-15 08:00:00+00:00,70.98,71.53,70.77,70.98,2919
2023-11-15 12:00:00+00:00,70.99,71.87,70.91,71.6,5071
2023-11-15 16:00:00+00:00,71.59,71.81,71.19,71.55,4226
2023-11-15 20:00:00+00:00,71.55,73.18,71.41,73.05,8225
2023-11-16 00:00:00+00:00,71.66,73.84,71.66,73.58,3870
2023-11-16 04:00:00+00:00,73.54,73.71,72.87,73.22,3670
2023-11-16 08:00:00+00:00,73.23,73.51,71.9,72.65,5429
2023-11-16 12:00:00+00:00,72.64,73.5,70.76,71.74,8706
2023-11-16 16:00:00+00:00,71.75,72.16,70.33,70.92,7292
2023-11-16 20:00:00+00:00,70.92,71.15,69.23,70.19,7401
2023-11-17 00:00:00+00:00,68.93,71.11,68.93,71.1,2760
2023-11-17 04:00:00+00:00,71.11,71.15,69.02,69.67,2946
2023-11-17 08:00:00+00:00,69.67,70.65,69.5,70.65,3455
2023-11-17 12:00:00+00:00,70.63,71.07,69.21,69.47,6356
2023-11-17 16:00:00+00:00,69.47,69.67,67.46,69.32,7799
2023-11-17 20:00:00+00:00,69.32,69.44,68.88,69.02,3222
2023-11-18 00:00:00+00:00,69.55,69.83,69.13,69.26,1176
2023-11-18 04:00:00+00:00,69.27,69.4,68.01,68.11,2657
2023-11-18 08:00:00+00:00,68.12,68.72,66.77,68.63,3812
2023-11-18 12:00:00+00:00,68.64,68.94,68.01,68.32,2387
2023-11-18 16:00:00+00:00,68.33,69.43,68.28,69.21,3506
2023-11-18 20:00:00+00:00,69.22,69.61,69.03,69.29,2098
2023-11-19 00:00:00+00:00,67.98,69.38,67.97,68.5,2299
2023-11-19 04:00:00+00:00,68.49,69.37,68.2,69.0,2080
2023-11-19 08:00:00+00:00,69.01,69.58,68.96,69.36,2010
2023-11-19 12:00:00+00:00,69.37,69.37,68.18,68.54,1747
2023-11-19 16:00:00+00:00,68.5,69.47,68.24,69.21,2139
2023-11-19 20:00:00+00:00,69.22,69.98,69.2,69.63,1825
2023-11-20 00:00:00+00:00,69.57,70.2,69.35,69.92,2569
2023-11-20 04:00:00+00:00,69.93,70.08,69.53,69.65,2112
2023-11-20 08:00:00+00:00,69.67,70.32,69.52,70.32,2569
2023-11-20 12:00:00+00:00,70.35,70.51,69.62,69.68,3500
2023-11-20 16:00:00+00:00,69.67,70.34,68.71,70.12,6210
2023-11-20 20:00:00+00:00,70.13,70.28,68.05,68.93,5061
2023-11-21 00:00:00+00:00,67.74,69.91,67.74,69.82,2710
2023-11-21 04:00:00+00:00,69.83,69.85,68.52,69.22,2983
2023-11-21 08:00:00+00:00,69.23,69.76,68.73,69.23,2315
2023-11-21 12:00:00+00:00,69.23,71.3,69.14,70.32,3927
2023-11-21 16:00:00+00:00,70.33,70.34,67.01,67.73,8847
2023-11-21 20:00:00+00:00,67.73,68.34,66.18,67.54,5961
2023-11-22 00:00:00+00:00,66.05,67.44,64.47,66.55,4486
2023-11-22 04:00:00+00:00,66.56,67.37,66.41,67.03,2728
2023-11-22 08:00:00+00:00,67.04,67.46,66.97,67.33,2922
2023-11-22 12:00:00+00:00,67.34,67.42,66.87,67.35,2802
2023-11-22 16:00:00+00:00,67.37,67.46,66.54,67.33,3953
2023-11-22 20:00:00+00:00,67.31,68.6,67.2,68.16,4839
2023-11-23 00:00:00+00:00,68.24,68.81,67.7,68.61,2754
2023-11-23 04:00:00+00:00,68.61,68.86,68.41,68.47,1931
2023-11-23 08:00:00+00:00,68.48,70.19,68.3,69.53,3086
2023-11-23 12:00:00+00:00,69.54,69.54,68.33,68.62,2953
2023-11-23 16:00:00+00:00,68.62,68.89,67.87,68.64,2797
2023-11-23 20:00:00+00:00,68.65,69.1,68.56,68.94,1258
2023-11-24 00:00:00+00:00,67.63,69.33,67.63,69.22,970
2023-11-24 04:00:00+00:00,69.11,69.42,68.89,69.08,928
2023-11-24 08:00:00+00:00,69.09,69.42,68.89,69.36,1606
2023-11-24 12:00:00+00:00,69.36,70.04,69.24,69.76,3628
2023-11-24 16:00:00+00:00,69.73,71.25,69.47,70.44,5105
2023-11-24 20:00:00+00:00,70.44,70.52,69.92,70.2,3017
2023-11-25 00:00:00+00:00,69.66,71.66,68.7,71.28,1536
2023-11-25 04:00:00+00:00,71.29,71.42,70.67,70.85,753
2023-11-25 08:00:00+00:00,70.85,71.05,70.66,70.71,426
2023-11-25 12:00:00+00:00,70.71,70.75,70.23,70.59,1623
2023-11-25 16:00:00+00:00,70.58,71.34,70.4,71.08,1994
2023-11-25 20:00:00+00:00,71.04,71.25,70.7,71.16,1100
2023-11-26 00:00:00+00:00,71.15,71.38,70.72,70.79,1237
2023-11-26 04:00:00+00:00,70.79,71.19,70.63,70.85,1074
2023-11-26 08:00:00+00:00,70.85,70.88,70.18,70.4,603
2023-11-26 12:00:00+00:00,70.42,70.55,69.84,70.18,1413
2023-11-26 16:00:00+00:00,70.18,70.2,68.28,69.23,3983
2023-11-26 20:00:00+00:00,69.24,69.64,68.9,69.63,2702
2023-11-27 00:00:00+00:00,68.33,69.96,68.33,69.44,1366
2023-11-27 04:00:00+00:00,69.43,69.47,68.41,69.28,2760
2023-11-27 08:00:00+00:00,69.26,69.57,68.49,69.02,3116
2023-11-27 12:00:00+00:00,69.01,69.02,67.87,68.32,4546
2023-11-27 16:00:00+00:00,68.33,68.56,67.58,68.1,4534
2023-11-27 20:00:00+00:00,68.1,68.4,67.37,68.31,2661
2023-11-28 00:00:00+00:00,66.92,68.88,66.92,68.43,1204
2023-11-28 04:00:00+00:00,68.41,68.48,67.27,67.62,2148
2023-11-28 08:00:00+00:00,67.63,68.53,67.44,68.4,2663
2023-11-28 12:00:00+00:00,68.4,68.66,67.82,68.6,1849
2023-11-28 16:00:00+00:00,68.61,69.72,68.17,69.53,3744
2023-11-28 20:00:00+00:00,69.53,69.6,69.07,69.31,3078
2023-11-29 00:00:00+00:00,67.79,69.57,67.79,69.41,1727
2023-11-29 04:00:00+00:00,69.43,69.45,69.0,69.25,975
2023-11-29 08:00:00+00:00,69.26,69.96,69.23,69.73,1724
2023-11-29 12:00:00+00:00,69.73,69.77,68.95,69.29,2459
2023-11-29 16:00:00+00:00,69.29,69.48,68.62,69.3,3023
2023-11-29 20:00:00+00:00,69.3,69.42,68.9,69.33,1488
2023-11-30 00:00:00+00:00,67.84,69.63,67.84,69.16,1528
2023-11-30 04:00:00+00:00,69.15,69.58,69.02,69.19,1531
2023-11-30 08:00:00+00:00,69.2,69.42,68.63,68.98,2455
2023-11-30 12:00:00+00:00,68.98,69.18,68.71,68.91,2193
2023-11-30 16:00:00+00:00,68.9,69.01,68.55,69.0,2590
2023-11-30 20:00:00+00:00,69.0,69.06,68.75,68.91,922
2023-12-01 00:00:00+00:00,68.3,69.47,68.3,69.46,1042
2023-12-01 04:00:00+00:00,69.47,69.99,69.39,69.63,1261
2023-12-01 08:00:00+00:00,69.64,70.85,69.55,70.81,1719
2023-12-01 12:00:00+00:00,70.81,71.36,70.39,70.96,1977
2023-12-01 16:00:00+00:00,70.98,71.7,70.49,71.58,3379
2023-12-01 20:00:00+00:00,71.59,71.66,70.82,71.12,1601
2023-12-02 00:00:00+00:00,70.93,71.36,70.72,71.26,861
2023-12-02 04:00:00+00:00,71.26,71.59,71.05,71.48,1236
2023-12-02 08:00:00+00:00,71.48,71.64,71.18,71.43,1240
2023-12-02 12:00:00+00:00,71.44,71.51,70.94,71.2,1334
2023-12-02 16:00:00+00:00,71.19,71.51,70.67,71.2,2090
2023-12-02 20:00:00+00:00,71.2,72.23,71.13,72.03,3411
2023-12-03 00:00:00+00:00,71.48,72.22,71.48,72.08,1336
2023-12-03 04:00:00+00:00,72.06,72.14,71.13,71.29,1573
2023-12-03 08:00:00+00:00,71.28,71.53,71.22,71.41,1161
2023-12-03 12:00:00+00:00,71.42,71.98,70.67,71.23,1385
2023-12-03 16:00:00+00:00,71.17,71.38,70.81,71.02,1775
2023-12-03 20:00:00+00:00,71.02,71.41,70.95,71.37,1086
2023-12-04 00:00:00+00:00,71.49,73.77,71.23,73.27,3380
2023-12-04 04:00:00+00:00,73.28,74.09,73.12,73.47,3821
2023-12-04 08:00:00+00:00,73.47,74.56,72.95,73.63,2824
2023-12-04 12:00:00+00:00,73.64,74.46,71.27,72.25,6824
2023-12-04 16:00:00+00:00,72.26,72.74,71.48,72.28,4824
2023-12-04 20:00:00+00:00,72.29,72.47,71.28,71.71,2767
2023-12-05 00:00:00+00:00,70.83,73.04,70.83,72.17,4155
2023-12-05 04:00:00+00:00,72.17,72.22,71.01,72.12,3557
2023-12-05 08:00:00+00:00,72.13,72.21,70.58,71.49,4999
2023-12-05 12:00:00+00:00,71.5,71.8,71.0,71.09,3899
2023-12-05 16:00:00+00:00,71.07,73.01,70.97,72.84,6124
2023-12-05 20:00:00+00:00,72.85,73.39,72.03,72.72,4758
2023-12-06 00:00:00+00:00,71.97,74.06,71.97,73.14,3957
2023-12-06 04:00:00+00:00,73.13,73.2,71.63,72.41,3610
2023-12-06 08:00:00+00:00,72.42,74.3,71.66,73.38,4515
2023-12-06 12:00:00+00:00,73.36,73.92,72.04,72.9,5063
2023-12-06 16:00:00+00:00,72.9,73.44,72.23,73.21,3624
2023-12-06 20:00:00+00:00,73.2,73.38,72.17,72.61,2271
2023-12-07 00:00:00+00:00,72.11,72.73,71.62,72.04,2766
2023-12-07 04:00:00+00:00,72.05,73.88,71.86,73.72,2540
2023-12-07 08:00:00+00:00,73.72,73.75,71.28,72.31,4468
2023-12-07 12:00:00+00:00,72.32,72.86,71.96,72.32,4371
2023-12-07 16:00:00+00:00,72.33,74.02,72.17,73.91,5955
2023-12-07 20:00:00+00:00,73.92,73.99,72.84,73.72,3823
2023-12-08 00:00:00+00:00,73.16,73.79,72.78,73.27,2353
2023-12-08 04:00:00+00:00,73.26,74.47,73.18,74.21,2601
2023-12-08 08:00:00+00:00,74.21,75.02,73.36,73.78,3650
2023-12-08 12:00:00+00:00,73.76,75.67,73.73,75.27,4564
2023-12-08 16:00:00+00:00,75.28,78.31,75.0,76.47,7201
2023-12-08 20:00:00+00:00,76.47,77.77,76.36,77.1,3748
2023-12-09 00:00:00+00:00,76.53,78.26,76.29,77.46,2769
2023-12-09 04:00:00+00:00,77.47,78.86,77.22,78.17,3697
2023-12-09 08:00:00+00:00,78.07,79.01,76.15,76.95,5169
2023-12-09 12:00:00+00:00,76.96,77.93,76.61,77.49,3559
2023-12-09 16:00:00+00:00,77.5,77.65,75.77,75.98,5111
2023-12-09 20:00:00+00:00,75.99,76.66,75.88,76.63,2730
2023-12-10 00:00:00+00:00,76.16,76.98,74.9,76.87,3773
2023-12-10 04:00:00+00:00,76.88,77.45,76.37,77.17,2454
2023-12-10 08:00:00+00:00,77.19,78.37,76.45,76.46,5940
2023-12-10 12:00:00+00:00,76.46,78.05,76.43,77.84,2487
2023-12-10 16:00:00+00:00,77.83,78.04,76.83,76.9,3362
2023-12-10 20:00:00+00:00,76.91,77.76,76.43,76.62,3387
2023-12-11 00:00:00+00:00,76.74,77.04,75.63,76.29,4515
2023-12-11 04:00:00+00:00,76.27,76.27,68.87,73.13,6429
2023-12-11 08:00:00+00:00,73.11,73.14,72.05,72.95,5245
2023-12-11 12:00:00+00:00,72.94,73.12,71.99,72.27,4008
2023-12-11 16:00:00+00:00,72.28,73.58,71.33,73.07,7253
2023-12-11 20:00:00+00:00,73.04,73.23,70.86,71.38,6854
2023-12-12 00:00:00+00:00,71.19,72.8,71.18,72.71,2574
2023-12-12 04:00:00+00:00,72.72,73.16,72.11,72.15,3583
2023-12-12 08:00:00+00:00,72.16,72.84,71.57,72.35,4341
2023-12-12 12:00:00+00:00,72.34,72.53,71.61,72.33,4777
2023-12-12 16:00:00+00:00,72.33,72.43,70.41,70.45,7436
2023-12-12 20:00:00+00:00,70.46,71.75,70.45,70.86,5465
2023-12-13 00:00:00+00:00,71.07,72.31,70.86,70.94,3470
2023-12-13 04:00:00+00:00,70.95,71.31,69.74,70.85,6285
2023-12-13 08:00:00+00:00,70.86,71.25,69.56,71.16,4106
2023-12-13 12:00:00+00:00,71.16,71.54,70.54,71.39,4123
2023-12-13 16:00:00+00:00,71.4,72.44,71.13,71.72,5260
2023-12-13 20:00:00+00:00,71.73,73.33,71.42,72.92,4855
2023-12-14 00:00:00+00:00,73.02,73.6,72.19,72.51,3527
2023-12-14 04:00:00+00:00,72.5,72.63,72.14,72.57,2519
2023-12-14 08:00:00+00:00,72.56,73.07,72.41,72.93,2898
2023-12-14 12:00:00+00:00,72.91,73.54,70.53,72.23,4458
2023-12-14 16:00:00+00:00,72.23,72.48,71.22,72.19,4103
2023-12-14 20:00:00+00:00,72.2,72.57,71.73,72.32,1897
2023-12-15 00:00:00+00:00,72.22,72.72,71.63,71.98,1627
2023-12-15 04:00:00+00:00,71.99,72.15,71.33,71.37,1877
2023-12-15 08:00:00+00:00,71.37,71.82,71.15,71.51,2471
2023-12-15 12:00:00+00:00,71.51,71.79,70.74,71.24,3014
2023-12-15 16:00:00+00:00,71.24,71.33,70.25,70.92,5091
2023-12-15 20:00:00+00:00,70.91,71.58,70.87,71.37,2570
2023-12-16 00:00:00+00:00,71.03,71.14,69.88,70.77,2512
2023-12-16 04:00:00+00:00,70.99,71.5,70.99,71.43,899
2023-12-16 08:00:00+00:00,71.44,71.96,71.32,71.86,1178
2023-12-16 12:00:00+00:00,71.87,71.94,71.32,71.62,1691
2023-12-16 16:00:00+00:00,71.63,71.84,71.25,71.68,1659
2023-12-16 20:00:00+00:00,71.69,71.78,70.97,71.36,2604
2023-12-17 00:00:00+00:00,71.31,72.24,71.02,71.89,2172
2023-12-17 04:00:00+00:00,71.88,72.26,71.45,71.94,3342
2023-12-17 08:00:00+00:00,71.94,73.04,71.49,72.34,4883
2023-12-17 12:00:00+00:00,72.33,72.58,71.54,71.61,1697
2023-12-17 16:00:00+00:00,71.62,72.77,71.32,72.42,3402
2023-12-17 20:00:00+00:00,72.43,72.49,71.69,71.71,2903
2023-12-18 00:00:00+00:00,71.22,71.7,69.55,69.76,4778
2023-12-18 04:00:00+00:00,69.77,70.13,69.28,69.72,4119
2023-12-18 08:00:00+00:00,69.72,70.32,68.12,68.99,4525
2023-12-18 12:00:00+00:00,68.98,68.99,67.42,68.67,6260
2023-12-18 16:00:00+00:00,68.68,69.7,68.59,69.4,4397
2023-12-18 20:00:00+00:00,69.4,70.4,69.27,70.33,3648
2023-12-19 00:00:00+00:00,70.21,70.91,69.95,70.82,3679
2023-12-19 04:00:00+00:00,70.83,71.02,70.33,70.78,3163
2023-12-19 08:00:00+00:00,70.79,71.08,70.37,70.65,2731
2023-12-19 12:00:00+00:00,70.64,70.93,70.43,70.59,2987
2023-12-19 16:00:00+00:00,70.58,70.76,69.11,69.22,5934
2023-12-19 20:00:00+00:00,69.24,70.22,69.07,70.21,3460
2023-12-20 00:00:00+00:00,69.68,70.51,69.66,70.24,2669
2023-12-20 04:00:00+00:00,70.25,70.68,69.93,70.45,2748
2023-12-20 08:00:00+00:00,70.45,70.88,70.33,70.55,2457
2023-12-20 12:00:00+00:00,70.56,71.16,70.31,71.13,2688
2023-12-20 16:00:00+00:00,71.11,71.32,70.11,70.56,5457
2023-12-20 20:00:00+00:00,70.57,71.38,68.83,69.21,5435
2023-12-21 00:00:00+00:00,69.3,69.62,68.4,68.87,3087
2023-12-21 04:00:00+00:00,68.88,69.54,68.7,69.02,2439
2023-12-21 08:00:00+00:00,69.02,69.64,68.93,69.42,2395
2023-12-21 12:00:00+00:00,69.42,70.3,69.35,70.13,3727
2023-12-21 16:00:00+00:00,70.14,70.2,69.08,69.73,4948
2023-12-21 20:00:00+00:00,69.73,70.59,69.62,70.39,4285
2023-12-22 00:00:00+00:00,69.8,71.04,69.8,70.9,2987
2023-12-22 04:00:00+00:00,70.91,71.03,70.18,70.44,3756
2023-12-22 08:00:00+00:00,70.43,70.98,69.75,70.66,5978
2023-12-22 12:00:00+00:00,70.67,71.23,70.44,71.0,4586
2023-12-22 16:00:00+00:00,70.99,72.33,70.54,72.12,5172
2023-12-22 20:00:00+00:00,72.12,72.96,71.95,72.88,3076
2023-12-23 00:00:00+00:00,73.06,73.64,71.86,71.96,2852
2023-12-23 04:00:00+00:00,71.96,72.16,70.78,71.77,3303
2023-12-23 08:00:00+00:00,71.78,72.02,71.09,71.74,1988
2023-12-23 12:00:00+00:00,71.74,71.9,71.19,71.62,1641
2023-12-23 16:00:00+00:00,71.62,72.01,71.53,71.59,1459
2023-12-23 20:00:00+00:00,71.57,71.99,71.54,71.69,2168
2023-12-24 00:00:00+00:00,71.16,72.27,71.16,71.97,2314
2023-12-24 04:00:00+00:00,71.97,72.48,70.97,71.66,3660
2023-12-24 08:00:00+00:00,71.66,72.22,71.13,72.04,3955
2023-12-24 12:00:00+00:00,72.06,72.15,71.2,71.79,2191
2023-12-24 16:00:00+00:00,71.82,72.22,71.54,71.75,2465
2023-12-24 20:00:00+00:00,71.75,72.23,71.19,71.23,3606
2023-12-25 00:00:00+00:00,70.86,71.36,69.32,70.62,3022
2023-12-25 04:00:00+00:00,70.62,71.12,70.19,71.08,438
2023-12-25 08:00:00+00:00,71.09,71.66,71.05,71.56,1229
2023-12-25 12:00:00+00:00,71.57,72.27,71.41,72.1,1522
2023-12-25 16:00:00+00:00,72.11,72.23,71.35,71.77,2010
2023-12-25 20:00:00+00:00,71.79,71.93,71.0,71.65,2083
2023-12-26 00:00:00+00:00,71.22,71.89,71.21,71.73,1645
2023-12-26 04:00:00+00:00,71.74,72.33,70.54,70.89,3134
2023-12-26 08:00:00+00:00,70.89,71.77,70.48,71.34,4876
2023-12-26 12:00:00+00:00,71.35,73.88,71.23,73.27,4391
2023-12-26 16:00:00+00:00,73.27,73.55,70.26,71.8,7701
2023-12-26 20:00:00+00:00,71.81,72.16,70.82,71.84,4804
2023-12-27 00:00:00+00:00,71.97,73.53,71.83,72.54,3835
2023-12-27 04:00:00+00:00,72.55,73.18,71.5,73.12,4960
2023-12-27 08:00:00+00:00,73.1,75.06,72.79,74.89,5531
2023-12-27 12:00:00+00:00,74.9,76.67,74.04,75.38,6475
2023-12-27 16:00:00+00:00,75.39,75.79,73.25,74.92,7875
2023-12-27 20:00:00+00:00,74.93,75.36,74.13,74.61,3370
2023-12-28 00:00:00+00:00,74.21,76.15,74.21,75.14,5636
2023-12-28 04:00:00+00:00,75.15,76.07,74.79,75.78,5356
2023-12-28 08:00:00+00:00,75.78,76.63,75.13,76.03,8408
2023-12-28 12:00:00+00:00,76.05,77.09,74.86,75.67,6163
2023-12-28 16:00:00+00:00,75.68,75.74,73.85,75.08,7934
2023-12-28 20:00:00+00:00,75.08,76.45,74.6,75.4,5533
2023-12-29 00:00:00+00:00,74.81,76.87,74.42,75.2,5953
2023-12-29 04:00:00+00:00,75.21,77.26,75.13,76.32,4964
2023-12-29 08:00:00+00:00,76.34,76.48,74.78,75.76,4530
2023-12-29 12:00:00+00:00,75.76,76.09,75.34,75.89,3567
2023-12-29 16:00:00+00:00,75.89,76.48,73.08,73.64,8428
2023-12-29 20:00:00+00:00,73.65,74.45,73.55,73.63,3016
2023-12-30 00:00:00+00:00,72.68,73.26,72.34,72.57,2014
2023-12-30 04:00:00+00:00,72.58,73.44,71.81,73.44,3498
2023-12-30 08:00:00+00:00,73.45,73.52,72.0,72.45,4543
2023-12-30 12:00:00+00:00,72.46,73.02,72.1,72.67,3201
2023-12-30 16:00:00+00:00,72.68,73.28,72.43,72.59,3523
2023-12-30 20:00:00+00:00,72.58,73.01,72.3,72.78,2083
2023-12-31 00:00:00+00:00,72.35,72.97,71.97,72.31,2456
2023-12-31 04:00:00+00:00,72.31,72.54,71.6,72.27,2564
2023-12-31 08:00:00+00:00,72.27,73.33,72.11,73.21,1889
2023-12-31 12:00:00+00:00,73.21,73.69,73.09,73.24,1135
2023-12-31 16:00:00+00:00,73.24,73.68,73.15,73.67,1772
2023-12-31 20:00:00+00:00,73.68,73.69,72.9,73.24,2218
2024-01-01 00:00:00+00:00,72.7,73.23,70.74,72.76,3074
2024-01-01 04:00:00+00:00,72.77,72.87,71.5,71.65,3589
2024-01-01 08:00:00+00:00,71.65,72.92,71.58,72.77,1491
2024-01-01 12:00:00+00:00,72.78,73.16,72.55,73.08,1206
2024-01-01 16:00:00+00:00,73.09,73.26,72.58,73.15,2512
2024-01-01 20:00:00+00:00,73.15,73.99,73.09,73.69,2634
2024-01-02 00:00:00+00:00,73.72,75.39,73.45,74.59,4805
2024-01-02 04:00:00+00:00,74.61,74.84,74.13,74.19,2989
2024-01-02 08:00:00+00:00,74.17,74.98,73.93,74.81,3451
2024-01-02 12:00:00+00:00,74.82,74.91,73.75,74.17,4381
2024-01-02 16:00:00+00:00,74.17,74.19,72.31,72.56,5564
2024-01-02 20:00:00+00:00,72.57,72.93,71.91,72.31,3790
2024-01-03 00:00:00+00:00,72.48,72.96,72.16,72.96,2676
2024-01-03 04:00:00+00:00,72.96,73.1,72.51,72.73,1330
2024-01-03 08:00:00+00:00,72.74,73.09,72.31,72.86,2975
2024-01-03 12:00:00+00:00,72.87,72.98,55.01,64.38,7477
2024-01-03 16:00:00+00:00,64.33,65.61,62.82,64.69,11995
2024-01-03 20:00:00+00:00,64.69,65.32,63.79,65.25,4520
2024-01-04 00:00:00+00:00,63.49,65.26,63.49,64.46,3908
2024-01-04 04:00:00+00:00,64.46,65.38,64.37,65.02,2495
2024-01-04 08:00:00+00:00,65.02,65.38,63.98,64.65,2736
2024-01-04 12:00:00+00:00,64.65,65.18,64.19,65.04,3101
2024-01-04 16:00:00+00:00,65.02,66.19,64.96,65.74,5169
2024-01-04 20:00:00+00:00,65.75,66.59,65.54,66.12,3937
2024-01-05 00:00:00+00:00,66.18,66.35,62.67,64.84,4237
2024-01-05 04:00:00+00:00,64.76,65.32,64.22,64.96,2960
2024-01-05 08:00:00+00:00,64.96,65.55,64.94,65.52,3085
2024-01-05 12:00:00+00:00,65.54,65.56,64.08,64.76,3897
2024-01-05 16:00:00+00:00,64.76,65.1,63.66,64.66,6611
2024-01-05 20:00:00+00:00,64.67,65.95,64.52,65.18,3477
2024-01-06 00:00:00+00:00,64.24,65.6,63.27,65.08,2830
2024-01-06 04:00:00+00:00,65.07,65.25,63.22,63.83,3232
2024-01-06 08:00:00+00:00,63.84,64.41,62.69,64.25,5311
2024-01-06 12:00:00+00:00,64.25,65.08,64.07,64.97,2816
2024-01-06 16:00:00+00:00,64.98,65.26,64.64,65.21,2805
2024-01-06 20:00:00+00:00,65.2,65.39,64.79,64.93,2409
2024-01-07 00:00:00+00:00,63.18,65.38,63.18,65.08,2398
2024-01-07 04:00:00+00:00,65.07,65.51,64.77,65.43,2135
2024-01-07 08:00:00+00:00,65.44,65.85,64.8,64.84,3117
2024-01-07 12:00:00+00:00,64.83,65.29,64.48,65.05,1545
2024-01-07 16:00:00+00:00,65.06,65.13,63.7,64.53,3490
2024-01-07 20:00:00+00:00,64.54,64.88,64.49,64.68,1000
2024-01-08 00:00:00+00:00,62.91,64.58,62.8,63.0,6657
2024-01-08 04:00:00+00:00,63.02,63.23,60.49,62.79,6536
2024-01-08 08:00:00+00:00,62.79,64.47,62.65,63.54,4068
2024-01-08 12:00:00+00:00,63.56,65.21,63.33,64.89,5344
2024-01-08 16:00:00+00:00,64.89,65.5,64.68,65.46,4477
2024-01-08 20:00:00+00:00,65.46,67.28,65.33,66.98,6160
2024-01-09 00:00:00+00:00,66.95,67.89,65.94,66.52,4889
2024-01-09 04:00:00+00:00,66.53,66.95,66.18,66.43,2832
2024-01-09 08:00:00+00:00,66.42,66.58,65.26,65.54,3438
2024-01-09 12:00:00+00:00,65.51,66.04,63.52,64.9,4269
2024-01-09 16:00:00+00:00,64.91,65.21,64.1,65.19,5266
2024-01-09 20:00:00+00:00,65.14,66.52,64.08,64.92,4743
2024-01-10 00:00:00+00:00,64.93,66.91,64.67,66.69,4068
2024-01-10 04:00:00+00:00,66.69,67.33,66.44,66.67,2973
2024-01-10 08:00:00+00:00,66.68,67.29,65.88,67.05,3649
2024-01-10 12:00:00+00:00,67.04,67.26,64.37,65.58,5695
2024-01-10 16:00:00+00:00,65.57,67.28,65.42,67.22,5810
2024-01-10 20:00:00+00:00,67.23,69.06,65.91,69.06,8706
2024-01-11 00:00:00+00:00,68.42,70.7,67.15,69.54,9092
2024-01-11 04:00:00+00:00,69.54,71.17,69.44,70.19,4965
2024-01-11 08:00:00+00:00,70.21,70.85,69.28,70.24,3988
2024-01-11 12:00:00+00:00,70.21,73.29,70.21,72.35,6812
2024-01-11 16:00:00+00:00,72.33,74.13,69.76,71.05,10415
2024-01-11 20:00:00+00:00,71.06,71.96,70.56,70.72,4753
2024-01-12 00:00:00+00:00,70.7,71.6,69.99,70.85,4104
2024-01-12 04:00:00+00:00,70.85,73.08,70.85,73.07,5284
2024-01-12 08:00:00+00:00,73.04,74.67,71.92,74.48,5670
2024-01-12 12:00:00+00:00,74.48,76.02,73.64,75.82,7551
2024-01-12 16:00:00+00:00,75.82,76.55,71.26,73.1,15522
2024-01-12 20:00:00+00:00,73.07,73.9,71.11,72.01,7813
2024-01-13 00:00:00+00:00,71.83,73.0,70.52,70.73,5422
2024-01-13 04:00:00+00:00,70.73,72.21,70.56,71.64,4498
2024-01-13 08:00:00+00:00,71.64,72.21,70.86,70.93,3443
2024-01-13 12:00:00+00:00,70.93,71.3,70.32,71.21,3080
2024-01-13 16:00:00+00:00,71.23,71.9,70.56,70.95,3578
2024-01-13 20:00:00+00:00,70.93,71.72,70.78,71.48,2886
2024-01-14 00:00:00+00:00,71.51,71.73,71.0,71.01,2746
2024-01-14 04:00:00+00:00,71.01,71.17,70.48,71.04,2922
2024-01-14 08:00:00+00:00,71.05,71.66,70.95,71.65,1752
2024-01-14 12:00:00+00:00,71.65,71.77,70.56,70.9,1795
2024-01-14 16:00:00+00:00,70.91,71.24,70.53,71.12,2094
2024-01-14 20:00:00+00:00,71.12,71.16,69.17,70.09,5293
2024-01-15 00:00:00+00:00,70.29,70.56,68.84,70.31,6591
2024-01-15 04:00:00+00:00,70.32,71.07,70.09,70.8,2383
2024-01-15 08:00:00+00:00,70.8,70.82,69.97,70.69,2650
2024-01-15 12:00:00+00:00,70.69,70.72,69.65,70.16,3588
2024-01-15 16:00:00+00:00,70.15,70.18,68.64,69.65,4884
2024-01-15 20:00:00+00:00,69.66,70.18,68.91,68.97,3332
2024-01-16 00:00:00+00:00,67.32,69.13,67.32,68.97,3646
2024-01-16 04:00:00+00:00,68.96,69.6,68.77,69.13,2515
2024-01-16 08:00:00+00:00,69.13,69.61,68.69,69.19,2810
2024-01-16 12:00:00+00:00,69.2,69.49,68.69,68.77,3077
2024-01-16 16:00:00+00:00,68.78,69.78,67.75,68.95,6530
2024-01-16 20:00:00+00:00,68.95,69.96,68.3,69.34,3828
2024-01-17 00:00:00+00:00,69.23,69.95,68.68,68.87,3090
2024-01-17 04:00:00+00:00,68.87,69.42,68.72,69.24,2188
2024-01-17 08:00:00+00:00,69.24,69.24,68.36,68.81,3160
2024-01-17 12:00:00+00:00,68.8,68.98,68.3,68.5,3139
2024-01-17 16:00:00+00:00,68.5,68.82,67.73,68.58,5441
2024-01-17 20:00:00+00:00,68.58,69.09,68.28,68.8,2685
2024-01-18 00:00:00+00:00,68.8,68.98,68.2,68.71,2383
2024-01-18 04:00:00+00:00,68.72,69.3,68.53,68.8,2123
2024-01-18 08:00:00+00:00,68.81,69.73,68.8,69.02,2312
2024-01-18 12:00:00+00:00,69.03,69.27,67.45,68.12,3770
2024-01-18 16:00:00+00:00,68.1,69.21,67.63,69.13,5374
2024-01-18 20:00:00+00:00,69.13,69.39,65.44,66.79,6673
2024-01-19 00:00:00+00:00,65.4,68.06,65.4,67.42,2879
2024-01-19 04:00:00+00:00,67.43,67.99,66.32,67.75,2877
2024-01-19 08:00:00+00:00,67.75,68.34,67.66,68.2,1866
2024-01-19 12:00:00+00:00,68.2,70.01,68.12,69.95,2703
2024-01-19 16:00:00+00:00,69.94,70.19,66.68,69.37,10429
2024-01-19 20:00:00+00:00,69.36,70.4,69.06,70.09,4844
2024-01-20 00:00:00+00:00,70.69,71.15,69.96,71.13,1846
2024-01-20 04:00:00+00:00,71.13,71.64,70.67,71.62,2154
2024-01-20 08:00:00+00:00,71.62,72.19,70.39,70.55,3309
2024-01-20 12:00:00+00:00,70.55,70.84,70.3,70.34,1827
2024-01-20 16:00:00+00:00,70.36,70.87,69.99,70.3,2612
2024-01-20 20:00:00+00:00,70.31,70.68,69.85,70.42,1937
2024-01-21 00:00:00+00:00,68.84,70.94,68.82,70.75,1761
2024-01-21 04:00:00+00:00,70.77,71.05,70.61,70.67,1360
2024-01-21 08:00:00+00:00,70.66,70.88,70.37,70.66,1263
2024-01-21 12:00:00+00:00,70.65,70.85,70.36,70.65,1161
2024-01-21 16:00:00+00:00,70.66,70.8,69.98,70.16,1593
2024-01-21 20:00:00+00:00,70.17,71.14,69.92,71.06,1768
2024-01-22 00:00:00+00:00,69.63,72.09,69.63,71.21,4580
2024-01-22 04:00:00+00:00,71.21,71.87,70.11,71.08,5868
2024-01-22 08:00:00+00:00,71.06,72.07,69.03,69.32,5474
2024-01-22 12:00:00+00:00,69.3,69.47,67.53,68.53,5771
2024-01-22 16:00:00+00:00,68.54,68.68,67.24,67.8,6281
2024-01-22 20:00:00+00:00,67.78,67.89,65.95,66.9,7069
2024-01-23 00:00:00+00:00,65.25,67.41,65.25,67.15,4114
2024-01-23 04:00:00+00:00,67.13,67.8,66.91,67.66,1948
2024-01-23 08:00:00+00:00,67.67,67.82,63.4,64.43,7700
2024-01-23 12:00:00+00:00,64.45,64.79,63.61,63.64,6527
2024-01-23 16:00:00+00:00,63.6,64.75,62.55,64.47,6894
2024-01-23 20:00:00+00:00,64.48,64.89,63.64,63.99,3963
2024-01-24 00:00:00+00:00,64.02,65.34,63.84,64.42,3498
2024-01-24 04:00:00+00:00,64.43,64.9,64.23,64.74,2191
2024-01-24 08:00:00+00:00,64.75,65.25,64.36,65.14,2713
2024-01-24 12:00:00+00:00,65.14,65.68,64.43,64.55,3193
2024-01-24 16:00:00+00:00,64.56,65.48,64.25,65.39,3199
2024-01-24 20:00:00+00:00,65.37,65.38,64.53,65.14,2676
2024-01-25 00:00:00+00:00,63.53,65.8,63.53,65.02,2564
2024-01-25 04:00:00+00:00,65.03,65.35,64.65,64.81,2392
2024-01-25 08:00:00+00:00,64.82,65.32,64.81,65.0,2170
2024-01-25 12:00:00+00:00,64.99,65.28,64.32,64.72,3604
2024-01-25 16:00:00+00:00,64.72,64.85,63.97,64.64,4155
2024-01-25 20:00:00+00:00,64.65,65.36,64.6,65.34,2771
2024-01-26 00:00:00+00:00,65.21,65.29,64.62,65.13,1931
2024-01-26 04:00:00+00:00,65.13,65.42,64.97,65.03,1593
2024-01-26 08:00:00+00:00,65.04,65.41,64.74,65.09,1766
2024-01-26 12:00:00+00:00,65.07,66.48,65.05,65.9,3411
2024-01-26 16:00:00+00:00,65.9,66.96,65.9,66.78,2845
2024-01-26 20:00:00+00:00,66.78,67.02,66.25,66.41,2268
2024-01-27 00:00:00+00:00,66.61,66.95,66.35,66.78,1971
2024-01-27 04:00:00+00:00,66.79,66.94,66.04,66.16,1384
2024-01-27 08:00:00+00:00,66.16,66.28,65.74,66.26,1872
2024-01-27 12:00:00+00:00,66.27,66.64,66.13,66.36,1641
2024-01-27 16:00:00+00:00,66.36,67.22,66.33,67.1,1115
2024-01-27 20:00:00+00:00,67.1,67.81,66.95,67.7,1700
2024-01-28 00:00:00+00:00,66.06,67.85,66.06,67.55,1534
2024-01-28 04:00:00+00:00,67.55,67.96,67.39,67.77,1762
2024-01-28 08:00:00+00:00,67.78,67.83,67.01,67.46,1351
2024-01-28 12:00:00+00:00,67.46,67.64,66.68,67.14,2017
2024-01-28 16:00:00+00:00,67.15,67.69,66.71,67.66,1540
2024-01-28 20:00:00+00:00,67.6,67.79,66.73,67.54,3732
2024-01-29 00:00:00+00:00,67.47,68.01,67.22,67.73,2054
2024-01-29 04:00:00+00:00,67.73,67.85,67.12,67.18,1125
2024-01-29 08:00:00+00:00,67.2,67.34,66.76,67.23,1806
2024-01-29 12:00:00+00:00,67.24,67.29,66.28,66.39,1932
2024-01-29 16:00:00+00:00,66.39,67.96,66.23,67.63,4187
2024-01-29 20:00:00+00:00,67.63,68.26,67.47,67.86,2747
2024-01-30 00:00:00+00:00,67.84,68.23,67.41,67.9,2076
2024-01-30 04:00:00+00:00,67.91,68.23,67.42,67.53,1969
2024-01-30 08:00:00+00:00,67.56,67.71,67.24,67.53,1500
2024-01-30 12:00:00+00:00,67.54,67.99,66.88,67.26,2915
2024-01-30 16:00:00+00:00,67.26,68.15,67.02,67.92,2892
2024-01-30 20:00:00+00:00,67.95,68.04,67.64,67.83,1992
2024-01-31 00:00:00+00:00,67.82,67.82,66.45,67.15,3574
2024-01-31 04:00:00+00:00,67.15,67.53,66.86,67.31,1895
2024-01-31 08:00:00+00:00,67.31,69.39,67.21,68.68,3190
2024-01-31 12:00:00+00:00,68.7,68.89,66.94,67.44,4344
2024-01-31 16:00:00+00:00,67.36,67.91,66.48,67.8,5179
2024-01-31 20:00:00+00:00,67.8,67.83,65.52,66.02,5483
2024-02-01 00:00:00+00:00,65.86,66.37,65.03,65.22,4359
2024-02-01 04:00:00+00:00,65.2,66.12,65.17,66.07,2848
2024-02-01 08:00:00+00:00,66.08,66.19,65.72,65.9,1532
2024-02-01 12:00:00+00:00,65.9,65.99,65.35,65.81,2098
2024-02-01 16:00:00+00:00,65.81,66.76,65.73,66.73,3496
2024-02-01 20:00:00+00:00,66.75,67.57,66.53,67.17,2164
2024-02-02 00:00:00+00:00,67.03,67.32,66.71,67.29,1088
2024-02-02 04:00:00+00:00,67.3,67.46,67.06,67.22,823
2024-02-02 08:00:00+00:00,67.22,67.47,67.06,67.39,863
2024-02-02 12:00:00+00:00,67.4,67.47,66.95,67.13,1575
2024-02-02 16:00:00+00:00,67.13,67.86,67.04,67.22,2738
2024-02-02 20:00:00+00:00,67.23,67.47,66.99,67.3,1618
2024-02-03 00:00:00+00:00,67.4,67.76,67.36,67.63,714
2024-02-03 04:00:00+00:00,67.64,67.72,67.45,67.71,1047
2024-02-03 08:00:00+00:00,67.71,67.83,67.29,67.6,1156
2024-02-03 12:00:00+00:00,67.61,67.95,67.43,67.71,1221
2024-02-03 16:00:00+00:00,67.72,68.14,67.43,67.87,1468
2024-02-03 20:00:00+00:00,67.79,68.46,67.53,68.4,1221
2024-02-04 00:00:00+00:00,68.42,68.63,66.82,67.96,1987
2024-02-04 04:00:00+00:00,67.97,67.98,67.24,67.41,1474
2024-02-04 08:00:00+00:00,67.43,67.5,66.83,67.33,1957
2024-02-04 12:00:00+00:00,67.34,67.67,67.16,67.44,1635
2024-02-04 16:00:00+00:00,67.45,67.52,66.8,66.98,1401
2024-02-04 20:00:00+00:00,66.99,67.01,66.22,66.84,2624
2024-02-05 00:00:00+00:00,66.79,66.81,65.9,66.51,2417
2024-02-05 04:00:00+00:00,66.52,66.71,66.33,66.41,1371
2024-02-05 08:00:00+00:00,66.39,67.33,66.36,67.33,1838
2024-02-05 12:00:00+00:00,67.34,67.55,67.16,67.49,1972
2024-02-05 16:00:00+00:00,67.5,67.65,66.67,67.25,3562
2024-02-05 20:00:00+00:00,67.25,67.41,66.72,66.78,1896
2024-02-06 00:00:00+00:00,66.77,67.47,66.54,67.43,1344
2024-02-06 04:00:00+00:00,67.44,67.57,67.01,67.17,1219
2024-02-06 08:00:00+00:00,67.17,67.55,66.98,67.53,1693
2024-02-06 12:00:00+00:00,67.54,67.61,66.93,67.21,2915
2024-02-06 16:00:00+00:00,67.23,67.78,67.12,67.58,2720
2024-02-06 20:00:00+00:00,67.59,68.3,67.43,68.1,1829
2024-02-07 00:00:00+00:00,68.13,68.18,67.6,67.61,1584
2024-02-07 04:00:00+00:00,67.63,67.7,67.12,67.35,1569
2024-02-07 08:00:00+00:00,67.36,67.69,67.21,67.62,1202
2024-02-07 12:00:00+00:00,67.62,67.65,67.24,67.36,1188
2024-02-07 16:00:00+00:00,67.35,68.26,67.19,67.85,2418
2024-02-07 20:00:00+00:00,67.85,68.26,67.42,68.09,3325
2024-02-08 00:00:00+00:00,68.1,68.48,67.75,68.36,2196
2024-02-08 04:00:00+00:00,68.36,68.52,68.17,68.23,1120
2024-02-08 08:00:00+00:00,68.24,68.45,67.92,68.23,1116
2024-02-08 12:00:00+00:00,68.24,68.37,67.93,68.14,1484
2024-02-08 16:00:00+00:00,68.15,68.89,67.81,68.2,3565
2024-02-08 20:00:00+00:00,68.2,68.53,68.15,68.38,1556
2024-02-09 00:00:00+00:00,68.39,71.12,68.31,70.89,3312
2024-02-09 04:00:00+00:00,70.84,71.42,70.55,70.71,3186
2024-02-09 08:00:00+00:00,70.72,70.73,69.73,70.06,2738
2024-02-09 12:00:00+00:00,70.06,70.75,69.81,70.58,3485
2024-02-09 16:00:00+00:00,70.58,70.77,69.53,70.25,5901
2024-02-09 20:00:00+00:00,70.24,70.49,69.86,70.37,4458
2024-02-10 00:00:00+00:00,69.99,70.64,69.87,70.56,2165
2024-02-10 04:00:00+00:00,70.55,70.68,69.96,70.12,1508
2024-02-10 08:00:00+00:00,70.13,70.34,69.9,69.96,1961
2024-02-10 12:00:00+00:00,69.97,70.31,69.37,69.79,2240
2024-02-10 16:00:00+00:00,69.79,70.07,69.7,69.89,1158
2024-02-10 20:00:00+00:00,69.89,70.48,69.84,70.42,1425
2024-02-11 00:00:00+00:00,70.38,70.52,70.04,70.46,1798
2024-02-11 04:00:00+00:00,70.47,72.58,70.33,71.94,3708
2024-02-11 08:00:00+00:00,71.93,72.12,71.45,71.64,1867
2024-02-11 12:00:00+00:00,71.65,71.71,71.17,71.25,1415
2024-02-11 16:00:00+00:00,71.25,71.88,71.04,71.66,1859
2024-02-11 20:00:00+00:00,71.67,72.03,70.82,71.04,2287
2024-02-12 00:00:00+00:00,71.04,71.36,69.21,71.13,2553
2024-02-12 04:00:00+00:00,71.14,71.23,70.11,70.39,2010
2024-02-12 08:00:00+00:00,70.4,70.73,69.79,70.02,1927
2024-02-12 12:00:00+00:00,70.04,70.37,69.89,70.14,1940
2024-02-12 16:00:00+00:00,70.14,72.78,70.11,72.13,6235
2024-02-12 20:00:00+00:00,72.15,72.71,71.67,72.47,5944
2024-02-13 00:00:00+00:00,72.64,72.91,70.85,72.35,3330
2024-02-13 04:00:00+00:00,72.34,72.35,71.31,71.6,2774
2024-02-13 08:00:00+00:00,71.59,72.55,71.49,72.4,2350
2024-02-13 12:00:00+00:00,72.4,72.43,68.77,69.88,4339
2024-02-13 16:00:00+00:00,69.88,69.98,67.55,68.14,5968
2024-02-13 20:00:00+00:00,68.14,68.58,67.8,68.52,2341
2024-02-14 00:00:00+00:00,68.5,68.51,68.0,68.04,2247
2024-02-14 04:00:00+00:00,68.05,68.76,67.95,68.64,1614
2024-02-14 08:00:00+00:00,68.66,70.27,68.25,70.24,3524
2024-02-14 12:00:00+00:00,70.22,70.26,69.28,69.8,4004
2024-02-14 16:00:00+00:00,69.79,69.82,68.33,68.62,3414
2024-02-14 20:00:00+00:00,68.61,69.48,68.42,69.44,2877
2024-02-15 00:00:00+00:00,69.43,70.16,67.75,69.69,3438
2024-02-15 04:00:00+00:00,69.68,70.03,68.89,69.18,3062
2024-02-15 08:00:00+00:00,69.17,69.82,69.15,69.73,2462
2024-02-15 12:00:00+00:00,69.73,70.03,69.15,69.95,3920
2024-02-15 16:00:00+00:00,69.94,70.44,68.57,68.87,4687
2024-02-15 20:00:00+00:00,68.87,69.56,68.51,68.67,3137
2024-02-16 00:00:00+00:00,68.91,69.53,68.67,69.53,1961
2024-02-16 04:00:00+00:00,69.54,70.09,69.38,69.96,1283
2024-02-16 08:00:00+00:00,69.96,70.08,68.89,69.91,2427
2024-02-16 12:00:00+00:00,69.89,70.5,69.7,69.9,2963
2024-02-16 16:00:00+00:00,69.9,69.99,68.18,69.2,4433
2024-02-16 20:00:00+00:00,69.2,69.82,68.9,69.8,2118
2024-02-17 00:00:00+00:00,69.3,70.22,69.26,69.54,1255
2024-02-17 04:00:00+00:00,69.56,70.04,69.4,69.72,1486
2024-02-17 08:00:00+00:00,69.74,69.96,69.39,69.41,1702
2024-02-17 12:00:00+00:00,69.4,69.81,68.59,68.76,2705
2024-02-17 16:00:00+00:00,68.75,69.24,67.47,69.19,3606
2024-02-17 20:00:00+00:00,69.12,69.83,68.95,69.53,813
2024-02-18 00:00:00+00:00,67.65,69.68,67.27,69.44,586
2024-02-18 04:00:00+00:00,69.44,70.17,69.43,69.92,2037
2024-02-18 08:00:00+00:00,69.93,70.05,69.56,70.03,2081
2024-02-18 12:00:00+00:00,70.01,70.18,69.5,69.67,1072
2024-02-18 16:00:00+00:00,69.67,70.3,69.6,70.17,1633
2024-02-18 20:00:00+00:00,70.16,70.23,69.7,70.04,1710
2024-02-19 00:00:00+00:00,68.38,70.82,68.38,70.28,3676
2024-02-19 04:00:00+00:00,70.29,70.88,70.05,70.35,1906
2024-02-19 08:00:00+00:00,70.35,70.82,69.97,70.55,2525
2024-02-19 12:00:00+00:00,70.56,70.62,69.87,70.24,2740
2024-02-19 16:00:00+00:00,70.23,70.82,69.95,70.58,4144
2024-02-19 20:00:00+00:00,70.59,71.04,70.47,70.93,2519
2024-02-20 00:00:00+00:00,70.93,71.24,69.79,70.36,3037
2024-02-20 04:00:00+00:00,70.36,70.61,69.69,70.43,2374
2024-02-20 08:00:00+00:00,70.43,70.72,69.04,69.63,2498
2024-02-20 12:00:00+00:00,69.65,70.54,69.63,70.46,2985
2024-02-20 16:00:00+00:00,70.42,70.61,66.82,68.19,6142
2024-02-20 20:00:00+00:00,68.16,69.22,68.06,68.96,2755
2024-02-21 00:00:00+00:00,68.95,69.43,68.51,68.64,2263
2024-02-21 04:00:00+00:00,68.64,68.78,68.12,68.33,2182
2024-02-21 08:00:00+00:00,68.33,68.63,67.11,67.42,3764
2024-02-21 12:00:00+00:00,67.43,68.1,66.87,67.88,4337
2024-02-21 16:00:00+00:00,67.86,68.0,66.87,67.4,5625
2024-02-21 20:00:00+00:00,67.42,68.17,66.76,68.11,3256
2024-02-22 00:00:00+00:00,68.04,68.49,67.37,67.39,3569
2024-02-22 04:00:00+00:00,67.39,68.03,67.39,67.9,1860
2024-02-22 08:00:00+00:00,67.9,68.75,67.8,68.7,3210
2024-02-22 12:00:00+00:00,68.7,69.22,68.04,68.29,4475
2024-02-22 16:00:00+00:00,68.31,69.14,68.25,68.86,3229
2024-02-22 20:00:00+00:00,68.86,69.06,68.19,68.71,2493
2024-02-23 00:00:00+00:00,68.77,68.84,68.07,68.17,1766
2024-02-23 04:00:00+00:00,68.19,68.37,67.49,68.02,1992
2024-02-23 08:00:00+00:00,68.02,68.13,67.2,67.56,2106
2024-02-23 12:00:00+00:00,67.56,67.87,67.32,67.78,1980
2024-02-23 16:00:00+00:00,67.78,68.32,66.93,68.17,5654
2024-02-23 20:00:00+00:00,68.16,68.43,67.87,68.43,1788
2024-02-24 00:00:00+00:00,68.18,68.89,67.69,68.15,3238
2024-02-24 04:00:00+00:00,68.17,69.12,68.12,68.86,2575
2024-02-24 08:00:00+00:00,68.86,69.24,68.66,69.12,2145
2024-02-24 12:00:00+00:00,69.11,69.66,69.04,69.56,1623
2024-02-24 16:00:00+00:00,69.56,70.12,69.42,69.87,2833
2024-02-24 20:00:00+00:00,69.87,70.14,69.62,69.93,2298
2024-02-25 00:00:00+00:00,70.02,70.04,68.86,69.78,1999
2024-02-25 04:00:00+00:00,69.76,70.06,69.21,69.39,2521
2024-02-25 08:00:00+00:00,69.38,69.75,69.21,69.5,1636
2024-02-25 12:00:00+00:00,69.51,69.62,69.24,69.4,618
2024-02-25 16:00:00+00:00,69.41,69.9,69.35,69.75,2516
2024-02-25 20:00:00+00:00,69.76,70.08,69.41,69.57,1738
2024-02-26 00:00:00+00:00,69.53,69.84,69.34,69.53,1894
2024-02-26 04:00:00+00:00,69.55,69.6,69.09,69.5,1524
2024-02-26 08:00:00+00:00,69.51,69.9,68.56,68.81,3108
2024-02-26 12:00:00+00:00,68.82,69.51,68.73,69.34,2814
2024-02-26 16:00:00+00:00,69.34,71.03,69.34,70.32,6651
2024-02-26 20:00:00+00:00,70.32,72.52,70.06,72.21,4653
2024-02-27 00:00:00+00:00,72.07,73.18,71.32,73.13,2185
2024-02-27 04:00:00+00:00,73.12,75.72,72.92,74.79,6730
2024-02-27 08:00:00+00:00,74.78,75.87,74.66,75.18,5590
2024-02-27 12:00:00+00:00,75.2,75.24,73.95,75.0,6557
2024-02-27 16:00:00+00:00,75.01,75.1,72.1,73.35,6572
2024-02-27 20:00:00+00:00,73.36,74.04,73.27,73.8,5160
2024-02-28 00:00:00+00:00,73.82,74.41,73.18,74.14,3924
2024-02-28 04:00:00+00:00,74.14,74.26,73.3,73.44,3945
2024-02-28 08:00:00+00:00,73.45,75.0,73.2,74.86,6111
2024-02-28 12:00:00+00:00,74.86,75.82,73.44,75.19,7125
2024-02-28 16:00:00+00:00,75.21,77.39,69.42,73.69,10569
2024-02-28 20:00:00+00:00,73.61,73.91,70.91,73.4,5508
2024-02-29 00:00:00+00:00,72.76,75.8,72.76,75.44,3163
2024-02-29 04:00:00+00:00,75.41,83.95,75.31,82.35,7926
2024-02-29 08:00:00+00:00,82.31,82.83,80.68,81.26,9001
2024-02-29 12:00:00+00:00,81.23,82.83,80.3,82.71,7790
2024-02-29 16:00:00+00:00,82.73,84.41,80.79,81.6,11286
2024-02-29 20:00:00+00:00,81.61,82.6,78.97,80.02,9351
2024-03-01 00:00:00+00:00,79.53,83.47,77.22,82.95,5907
2024-03-01 04:00:00+00:00,82.95,85.32,82.54,85.0,7817
2024-03-01 08:00:00+00:00,85.0,85.63,83.25,84.37,6982
2024-03-01 12:00:00+00:00,84.34,84.53,83.41,83.52,4952
2024-03-01 16:00:00+00:00,83.52,83.83,81.99,83.24,7294
2024-03-01 20:00:00+00:00,83.26,84.48,82.98,84.17,5776
2024-03-02 00:00:00+00:00,83.97,87.96,83.59,86.33,5345
2024-03-02 04:00:00+00:00,86.34,91.39,85.77,89.75,9539
2024-03-02 08:00:00+00:00,89.75,90.57,88.05,88.66,8811
2024-03-02 12:00:00+00:00,88.68,91.85,88.23,91.18,7709
2024-03-02 16:00:00+00:00,91.18,92.5,89.99,90.63,9018
2024-03-02 20:00:00+00:00,90.55,92.33,90.45,91.72,6190
2024-03-03 00:00:00+00:00,91.43,94.26,90.73,92.94,7085
2024-03-03 04:00:00+00:00,92.97,93.22,90.47,92.1,6421
2024-03-03 08:00:00+00:00,92.11,92.2,82.78,89.55,11841
2024-03-03 12:00:00+00:00,89.54,91.93,89.19,91.2,7244
2024-03-03 16:00:00+00:00,91.2,91.52,89.82,90.15,4594
2024-03-03 20:00:00+00:00,90.16,90.78,89.65,90.06,4990
2024-03-04 00:00:00+00:00,89.99,91.62,88.24,89.33,9123
2024-03-04 04:00:00+00:00,89.34,90.48,88.47,89.91,7892
2024-03-04 08:00:00+00:00,89.92,92.21,89.54,91.28,10321
2024-03-04 12:00:00+00:00,91.29,91.3,88.79,89.01,8653
2024-03-04 16:00:00+00:00,89.03,90.37,87.71,87.92,10274
2024-03-04 20:00:00+00:00,87.89,89.45,86.95,88.03,10769
2024-03-05 00:00:00+00:00,87.42,90.75,87.29,90.52,9797
2024-03-05 04:00:00+00:00,90.52,91.48,84.6,90.16,13768
2024-03-05 08:00:00+00:00,90.14,90.14,87.34,89.41,11175
2024-03-05 12:00:00+00:00,89.41,90.86,88.69,90.0,7029
2024-03-05 16:00:00+00:00,89.99,90.81,83.4,86.18,17297
2024-03-05 20:00:00+00:00,86.16,86.17,70.19,80.28,13879
2024-03-06 00:00:00+00:00,79.95,82.02,79.12,79.91,5673
2024-03-06 04:00:00+00:00,79.91,84.74,79.29,84.54,11163
2024-03-06 08:00:00+00:00,84.53,86.87,83.73,83.83,11147
2024-03-06 12:00:00+00:00,83.84,85.24,81.32,83.16,11828
2024-03-06 16:00:00+00:00,83.17,83.9,81.21,83.9,10873
2024-03-06 20:00:00+00:00,83.88,84.9,83.29,84.87,7592
2024-03-07 00:00:00+00:00,84.71,86.38,84.0,86.21,8353
2024-03-07 04:00:00+00:00,86.2,86.25,82.87,83.18,11116
2024-03-07 08:00:00+00:00,83.18,85.34,82.96,85.15,7587
2024-03-07 12:00:00+00:00,85.12,86.22,84.28,85.44,7195
2024-03-07 16:00:00+00:00,85.45,87.0,84.54,86.47,11222
2024-03-07 20:00:00+00:00,86.49,89.13,86.25,88.77,9882
2024-03-08 00:00:00+00:00,88.96,89.34,87.04,87.65,5134
2024-03-08 04:00:00+00:00,87.62,88.89,87.13,87.73,6202
2024-03-08 08:00:00+00:00,87.74,88.04,86.07,87.47,6018
2024-03-08 12:00:00+00:00,87.44,88.01,86.8,87.59,6512
2024-03-08 16:00:00+00:00,87.59,89.08,83.15,86.95,14704
2024-03-08 20:00:00+00:00,86.96,88.03,85.92,86.58,7358
2024-03-09 00:00:00+00:00,87.87,90.0,87.19,88.55,4290
2024-03-09 04:00:00+00:00,88.54,88.91,87.88,87.96,4278
2024-03-09 08:00:00+00:00,87.95,88.68,87.59,87.93,4630
2024-03-09 12:00:00+00:00,87.95,88.17,86.35,87.95,5685
2024-03-09 16:00:00+00:00,87.97,90.39,87.65,88.95,6584
2024-03-09 20:00:00+00:00,88.93,89.35,88.09,89.19,5925
2024-03-10 00:00:00+00:00,89.18,90.67,89.01,89.76,6756
2024-03-10 04:00:00+00:00,89.73,89.87,88.2,88.36,6663
2024-03-10 08:00:00+00:00,88.36,89.04,88.05,88.7,4636
2024-03-10 12:00:00+00:00,88.69,88.69,86.9,87.66,7086
2024-03-10 16:00:00+00:00,87.67,88.38,85.72,87.88,4612
2024-03-10 20:00:00+00:00,87.89,88.5,87.32,87.64,3423
2024-03-11 00:00:00+00:00,87.66,87.69,82.62,85.06,9582
2024-03-11 04:00:00+00:00,85.07,86.6,84.21,86.34,8513
2024-03-11 08:00:00+00:00,86.34,93.18,85.66,92.57,11846
2024-03-11 12:00:00+00:00,92.55,95.53,92.45,95.33,12116
2024-03-11 16:00:00+00:00,95.33,104.37,93.82,103.44,18044
2024-03-11 20:00:00+00:00,103.44,104.99,102.98,104.64,12090
2024-03-12 00:00:00+00:00,104.81,105.15,101.14,101.26,9362
2024-03-12 04:00:00+00:00,101.29,101.93,97.92,98.78,11011
2024-03-12 08:00:00+00:00,98.79,100.24,95.42,97.07,11536
2024-03-12 12:00:00+00:00,97.06,98.37,95.52,98.11,9723
2024-03-12 16:00:00+00:00,98.12,98.16,93.88,95.5,17374
2024-03-12 20:00:00+00:00,95.49,97.83,90.98,96.48,12340
2024-03-13 00:00:00+00:00,95.82,97.52,95.82,96.85,2186
2024-03-13 04:00:00+00:00,96.86,98.31,96.64,96.97,6877
2024-03-13 08:00:00+00:00,96.97,98.41,95.91,98.07,7960
2024-03-13 12:00:00+00:00,98.05,98.45,96.06,96.64,8580
2024-03-13 16:00:00+00:00,96.65,96.91,93.48,95.81,13092
2024-03-13 20:00:00+00:00,95.81,96.28,95.01,95.41,5849
2024-03-14 00:00:00+00:00,95.55,96.93,95.25,95.71,5714
2024-03-14 04:00:00+00:00,95.71,96.36,94.12,94.64,8664
2024-03-14 08:00:00+00:00,94.63,97.0,94.38,95.5,9347
2024-03-14 12:00:00+00:00,95.51,97.7,94.64,95.26,11637
2024-03-14 16:00:00+00:00,95.28,95.67,91.82,94.28,21498
2024-03-14 20:00:00+00:00,94.27,94.7,88.91,93.36,16794
2024-03-15 00:00:00+00:00,92.86,94.82,92.67,94.02,7572
2024-03-15 04:00:00+00:00,94.03,94.1,85.42,86.99,20488
2024-03-15 08:00:00+00:00,87.0,89.46,84.92,84.99,13633
2024-03-15 12:00:00+00:00,84.99,87.64,82.64,87.34,14247
2024-03-15 16:00:00+00:00,87.32,88.67,86.69,87.74,12326
2024-03-15 20:00:00+00:00,87.74,90.75,86.31,86.83,10770
2024-03-16 00:00:00+00:00,88.1,89.88,87.7,89.2,2550
2024-03-16 04:00:00+00:00,89.19,89.53,88.45,88.94,6166
2024-03-16 08:00:00+00:00,88.94,89.19,87.65,88.96,3748
2024-03-16 12:00:00+00:00,88.96,89.22,87.48,87.51,3622
2024-03-16 16:00:00+00:00,87.52,88.26,85.68,87.63,14720
2024-03-16 20:00:00+00:00,87.62,87.77,82.55,84.38,24164
2024-03-17 00:00:00+00:00,83.67,84.91,81.62,82.67,13702
2024-03-17 04:00:00+00:00,82.67,85.74,82.67,85.22,8942
2024-03-17 08:00:00+00:00,85.22,85.34,80.0,84.27,13330
2024-03-17 12:00:00+00:00,84.27,86.0,83.91,84.27,7075
2024-03-17 16:00:00+00:00,84.27,85.94,84.27,85.36,8150
2024-03-17 20:00:00+00:00,85.37,86.13,85.15,85.35,8493
2024-03-18 00:00:00+00:00,85.38,86.19,83.05,83.11,9935
2024-03-18 04:00:00+00:00,83.09,85.26,82.4,85.0,11078
2024-03-18 08:00:00+00:00,85.0,85.85,83.43,84.44,9826
2024-03-18 12:00:00+00:00,84.45,84.71,82.91,84.35,10316
2024-03-18 16:00:00+00:00,84.35,84.45,81.01,81.41,16039
2024-03-18 20:00:00+00:00,81.42,82.68,80.18,82.63,12086
2024-03-19 00:00:00+00:00,82.86,87.49,82.39,84.3,13163
2024-03-19 04:00:00+00:00,84.3,85.1,80.64,80.83,20829
2024-03-19 08:00:00+00:00,80.82,81.57,77.3,77.67,21530
2024-03-19 12:00:00+00:00,77.65,80.36,77.24,79.82,19363
2024-03-19 16:00:00+00:00,79.84,81.14,77.78,80.88,16132
2024-03-19 20:00:00+00:00,80.88,81.94,79.25,79.73,8506
2024-03-20 00:00:00+00:00,78.73,79.81,76.56,79.49,14414
2024-03-20 04:00:00+00:00,79.49,80.18,77.33,78.36,14722
2024-03-20 08:00:00+00:00,78.35,81.03,76.4,80.29,13971
2024-03-20 12:00:00+00:00,80.29,81.65,80.1,81.48,10149
2024-03-20 16:00:00+00:00,81.45,81.66,77.36,79.73,15655
2024-03-20 20:00:00+00:00,79.73,84.6,79.39,84.23,18115
2024-03-21 00:00:00+00:00,84.12,84.79,83.5,84.35,9475
2024-03-21 04:00:00+00:00,84.35,85.67,83.9,84.61,10271
2024-03-21 08:00:00+00:00,84.59,85.36,82.98,85.12,9471
2024-03-21 12:00:00+00:00,85.13,85.61,84.03,84.53,7728
2024-03-21 16:00:00+00:00,84.53,86.26,84.47,85.75,11302
2024-03-21 20:00:00+00:00,85.76,86.45,83.22,85.72,13565
2024-03-22 00:00:00+00:00,85.54,86.18,84.26,84.69,7458
2024-03-22 04:00:00+00:00,84.7,85.68,83.68,85.33,8252
2024-03-22 08:00:00+00:00,85.33,85.59,83.9,84.03,7134
2024-03-22 12:00:00+00:00,84.03,84.33,81.63,82.4,9792
2024-03-22 16:00:00+00:00,82.41,82.64,80.01,81.85,16120
2024-03-22 20:00:00+00:00,81.86,82.97,81.77,82.21,7892
2024-03-23 00:00:00+00:00,81.58,83.44,81.39,83.21,4543
2024-03-23 04:00:00+00:00,83.21,84.67,82.4,83.59,4023
2024-03-23 08:00:00+00:00,83.53,84.16,83.17,83.88,7450
2024-03-23 12:00:00+00:00,83.9,86.16,83.5,85.7,7594
2024-03-23 16:00:00+00:00,85.68,86.95,85.3,85.91,6691
2024-03-23 20:00:00+00:00,85.93,86.99,85.64,86.32,7902
2024-03-24 00:00:00+00:00,86.32,86.51,84.59,86.06,7194
2024-03-24 04:00:00+00:00,86.06,86.94,85.47,86.3,7886
2024-03-24 08:00:00+00:00,86.3,87.99,85.82,86.56,7653
2024-03-24 12:00:00+00:00,86.56,87.45,86.24,86.95,2798
2024-03-24 16:00:00+00:00,86.95,90.06,86.42,89.6,9662
2024-03-24 20:00:00+00:00,89.6,89.97,88.13,89.11,9023
2024-03-25 00:00:00+00:00,89.43,89.97,88.22,88.31,8340
2024-03-25 04:00:00+00:00,88.32,90.14,87.97,89.83,7370
2024-03-25 08:00:00+00:00,89.83,90.23,88.59,88.98,7329
2024-03-25 12:00:00+00:00,88.96,90.28,88.0,88.77,7674
2024-03-25 16:00:00+00:00,88.77,91.19,88.5,90.95,12479
2024-03-25 20:00:00+00:00,90.95,91.53,89.75,90.7,9302
2024-03-26 00:00:00+00:00,90.66,90.69,89.16,90.0,8145
2024-03-26 04:00:00+00:00,89.99,90.77,89.89,90.66,6144
2024-03-26 08:00:00+00:00,90.66,91.82,90.05,90.85,7193
2024-03-26 12:00:00+00:00,90.85,91.28,90.22,90.6,5628
2024-03-26 16:00:00+00:00,90.61,90.65,86.99,87.61,12840
2024-03-26 20:00:00+00:00,87.6,96.43,87.33,95.28,16398
2024-03-27 00:00:00+00:00,95.18,95.9,94.19,95.82,8697
2024-03-27 04:00:00+00:00,95.8,98.19,95.12,96.39,11569
2024-03-27 08:00:00+00:00,96.41,96.72,94.07,94.59,9907
2024-03-27 12:00:00+00:00,94.63,97.37,93.55,96.17,11033
2024-03-27 16:00:00+00:00,96.17,96.63,91.69,94.11,17804
2024-03-27 20:00:00+00:00,94.09,94.44,92.71,93.41,9119
2024-03-28 00:00:00+00:00,93.39,94.18,92.61,94.01,7456
2024-03-28 04:00:00+00:00,94.01,95.44,93.37,94.92,10163
2024-03-28 08:00:00+00:00,94.92,96.05,94.49,95.62,8055
2024-03-28 12:00:00+00:00,95.62,95.82,93.91,94.78,7753
2024-03-28 16:00:00+00:00,94.78,95.93,93.22,94.86,10452
2024-03-28 20:00:00+00:00,94.86,95.25,92.84,93.37,6276
2024-03-29 00:00:00+00:00,93.34,94.06,92.2,93.77,5991
2024-03-29 04:00:00+00:00,93.78,94.98,92.84,93.73,7449
2024-03-29 08:00:00+00:00,93.71,95.63,92.24,95.28,8517
2024-03-29 12:00:00+00:00,95.28,103.16,94.91,102.72,14118
2024-03-29 16:00:00+00:00,102.78,105.6,101.8,104.45,16171
2024-03-29 20:00:00+00:00,104.46,105.92,103.89,105.15,9469
2024-03-30 00:00:00+00:00,104.31,109.85,103.95,106.53,9434
2024-03-30 04:00:00+00:00,106.53,107.02,103.81,103.96,9854
2024-03-30 08:00:00+00:00,103.98,104.53,102.74,104.0,8153
2024-03-30 12:00:00+00:00,104.0,104.15,102.25,102.43,2908
2024-03-30 16:00:00+00:00,102.43,102.54,100.82,101.5,3555
2024-03-30 20:00:00+00:00,101.51,102.26,100.88,100.88,6590
2024-03-31 00:00:00+00:00,101.06,103.41,100.59,103.35,8603
2024-03-31 04:00:00+00:00,103.37,104.36,101.68,102.43,7592
2024-03-31 08:00:00+00:00,102.43,102.87,101.4,101.55,8150
2024-03-31 12:00:00+00:00,101.55,101.98,100.79,101.29,5173
2024-03-31 16:00:00+00:00,101.3,103.33,100.96,102.48,4232
2024-03-31 20:00:00+00:00,102.48,106.14,102.27,105.35,8282
2024-04-01 00:00:00+00:00,104.62,106.69,103.8,106.28,7908
2024-04-01 04:00:00+00:00,106.32,112.02,106.04,110.05,11769
2024-04-01 08:00:00+00:00,110.02,111.1,102.87,105.14,15442
2024-04-01 12:00:00+00:00,105.16,105.49,103.25,104.66,9264
2024-04-01 16:00:00+00:00,104.66,104.76,97.06,98.32,15713
2024-04-01 20:00:00+00:00,98.32,99.04,96.63,98.96,8897
2024-04-02 00:00:00+00:00,98.44,99.5,96.92,97.14,8162
2024-04-02 04:00:00+00:00,97.15,98.79,92.59,96.63,14094
2024-04-02 08:00:00+00:00,96.63,100.9,95.48,97.55,12431
2024-04-02 12:00:00+00:00,97.33,102.76,96.6,102.17,16095
2024-04-02 16:00:00+00:00,102.15,108.08,98.51,105.3,20873
2024-04-02 20:00:00+00:00,105.3,107.63,103.86,106.75,12687
2024-04-03 00:00:00+00:00,105.74,109.19,101.57,105.14,14238
2024-04-03 04:00:00+00:00,105.18,105.97,100.6,102.48,16738
2024-04-03 08:00:00+00:00,102.47,103.02,99.87,101.1,9961
2024-04-03 12:00:00+00:00,101.1,101.43,99.11,100.24,11483
2024-04-03 16:00:00+00:00,100.21,100.87,97.52,98.8,13899
2024-04-03 20:00:00+00:00,98.81,99.27,96.63,97.42,10464
2024-04-04 00:00:00+00:00,95.81,99.88,95.69,99.05,7031
2024-04-04 04:00:00+00:00,99.02,100.92,96.52,99.15,13149
2024-04-04 08:00:00+00:00,99.15,103.69,98.1,102.93,9461
2024-04-04 12:00:00+00:00,102.93,103.44,99.05,99.95,9500
2024-04-04 16:00:00+00:00,99.95,101.17,98.36,99.35,11036
2024-04-04 20:00:00+00:00,99.33,100.66,96.52,97.64,11801
2024-04-05 00:00:00+00:00,97.66,98.48,95.66,97.14,8645
2024-04-05 04:00:00+00:00,97.14,99.13,96.15,98.07,10257
2024-04-05 08:00:00+00:00,98.07,99.72,95.97,98.96,10861
2024-04-05 12:00:00+00:00,98.97,99.44,94.51,96.36,13343
2024-04-05 16:00:00+00:00,96.37,98.43,95.42,96.83,12235
2024-04-05 20:00:00+00:00,96.83,99.39,96.17,98.77,7878
2024-04-06 00:00:00+00:00,98.44,98.52,96.67,98.11,5589
2024-04-06 04:00:00+00:00,98.1,98.49,97.01,97.93,7426
2024-04-06 08:00:00+00:00,97.95,100.08,97.85,99.87,7189
2024-04-06 12:00:00+00:00,99.89,101.95,99.02,101.11,8041
2024-04-06 16:00:00+00:00,101.11,101.47,99.47,99.88,7413
2024-04-06 20:00:00+00:00,99.91,100.39,99.15,100.08,6259
2024-04-07 00:00:00+00:00,100.03,101.46,99.33,100.84,8048
2024-04-07 04:00:00+00:00,100.85,105.34,100.77,103.25,10047
2024-04-07 08:00:00+00:00,103.27,103.73,102.25,103.37,7319
2024-04-07 12:00:00+00:00,103.34,103.68,101.97,102.49,4307
2024-04-07 16:00:00+00:00,102.49,103.36,101.52,102.27,7471
2024-04-07 20:00:00+00:00,102.25,102.29,100.11,100.52,7248
2024-04-08 00:00:00+00:00,100.33,101.04,99.5,100.6,6668
2024-04-08 04:00:00+00:00,100.58,101.2,98.96,100.88,7632
2024-04-08 08:00:00+00:00,100.88,104.12,99.88,103.8,9948
2024-04-08 12:00:00+00:00,103.83,105.45,102.77,102.88,13146
2024-04-08 16:00:00+00:00,102.88,104.04,101.79,102.89,10965
2024-04-08 20:00:00+00:00,102.89,103.59,102.47,103.51,8531
2024-04-09 00:00:00+00:00,103.56,103.84,101.33,101.69,6916
2024-04-09 04:00:00+00:00,101.68,102.37,100.87,101.66,9039
2024-04-09 08:00:00+00:00,101.67,101.85,97.68,99.17,11571
2024-04-09 12:00:00+00:00,99.16,100.04,98.75,99.28,9157
2024-04-09 16:00:00+00:00,99.29,99.64,95.91,97.07,18056
2024-04-09 20:00:00+00:00,97.07,98.01,96.34,97.78,9342
2024-04-10 00:00:00+00:00,97.82,97.82,96.48,97.25,7417
2024-04-10 04:00:00+00:00,97.24,97.71,95.2,96.9,12623
2024-04-10 08:00:00+00:00,96.9,97.69,95.93,96.53,8278
2024-04-10 12:00:00+00:00,96.51,96.75,92.93,94.56,12949
2024-04-10 16:00:00+00:00,94.56,96.23,93.82,96.19,12389
2024-04-10 20:00:00+00:00,96.19,96.54,94.49,95.28,10615
2024-04-11 00:00:00+00:00,95.27,97.01,95.2,96.06,9866
2024-04-11 04:00:00+00:00,96.07,96.81,95.83,96.53,8546
2024-04-11 08:00:00+00:00,96.55,97.8,96.37,97.49,7503
2024-04-11 12:00:00+00:00,97.49,97.49,95.0,96.21,10915
2024-04-11 16:00:00+00:00,96.21,96.41,94.35,95.31,12734
2024-04-11 20:00:00+00:00,95.3,99.48,95.15,98.8,8992
2024-04-12 00:00:00+00:00,99.07,99.17,97.65,98.62,6547
2024-04-12 04:00:00+00:00,98.64,99.02,97.31,97.93,6568
2024-04-12 08:00:00+00:00,97.92,98.43,97.09,97.15,5490
2024-04-12 12:00:00+00:00,97.16,97.48,95.87,96.17,8447
2024-04-12 16:00:00+00:00,96.18,96.18,93.86,94.18,12072
2024-04-12 20:00:00+00:00,94.14,94.16,79.52,84.93,25598
2024-04-13 00:00:00+00:00,85.39,85.93,83.55,85.05,6367
2024-04-13 04:00:00+00:00,85.05,85.89,82.41,85.73,12067
2024-04-13 08:00:00+00:00,85.72,86.04,84.35,84.59,6853
2024-04-13 12:00:00+00:00,84.6,86.11,84.38,85.43,7001
2024-04-13 16:00:00+00:00,85.43,85.88,83.1,83.58,11312
2024-04-13 20:00:00+00:00,83.57,83.64,70.68,72.29,32027
2024-04-14 00:00:00+00:00,73.76,78.29,70.15,75.77,23624
2024-04-14 04:00:00+00:00,75.77,76.91,73.19,76.69,16774
2024-04-14 08:00:00+00:00,76.69,79.78,76.53,78.92,10513
2024-04-14 12:00:00+00:00,78.92,79.46,76.96,78.15,10934
2024-04-14 16:00:00+00:00,78.15,79.03,76.42,78.0,16192
2024-04-14 20:00:00+00:00,77.99,78.62,74.96,76.36,18475
2024-04-15 00:00:00+00:00,75.2,79.94,75.18,78.27,11494
2024-04-15 04:00:00+00:00,78.26,79.16,77.55,78.03,10388
2024-04-15 08:00:00+00:00,78.03,82.37,78.03,81.45,10996
2024-04-15 12:00:00+00:00,81.45,81.83,79.93,80.68,7657
2024-04-15 16:00:00+00:00,80.68,80.97,76.86,78.24,20379
2024-04-15 20:00:00+00:00,78.23,79.07,75.08,77.19,20124
2024-04-16 00:00:00+00:00,76.25,78.07,76.12,77.07,9016
2024-04-16 04:00:00+00:00,77.07,78.06,74.89,75.74,12475
2024-04-16 08:00:00+00:00,75.74,79.42,75.51,78.35,9910
2024-04-16 12:00:00+00:00,78.35,78.88,75.66,77.89,16579
2024-04-16 16:00:00+00:00,77.89,78.55,76.57,78.22,20485
2024-04-16 20:00:00+00:00,78.22,79.24,77.81,78.77,14409
2024-04-17 00:00:00+00:00,77.77,79.93,77.76,79.58,5734
2024-04-17 04:00:00+00:00,79.58,80.05,78.57,79.28,8329
2024-04-17 08:00:00+00:00,79.27,79.49,77.71,78.05,8391
2024-04-17 12:00:00+00:00,78.05,78.38,76.32,76.98,7268
2024-04-17 16:00:00+00:00,76.98,77.96,75.81,76.76,19437
2024-04-17 20:00:00+00:00,76.75,79.9,76.69,78.75,11628
2024-04-18 00:00:00+00:00,77.89,80.31,77.89,79.41,9203
2024-04-18 04:00:00+00:00,79.41,80.53,79.24,79.63,12653
2024-04-18 08:00:00+00:00,79.63,80.26,78.09,80.1,13158
2024-04-18 12:00:00+00:00,80.09,82.01,79.54,80.12,12296
2024-04-18 16:00:00+00:00,80.13,81.7,79.95,80.8,10372
2024-04-18 20:00:00+00:00,80.79,80.85,79.18,80.52,7527
2024-04-19 00:00:00+00:00,79.54,80.9,79.53,79.64,5376
2024-04-19 04:00:00+00:00,79.65,79.76,75.24,79.23,20030
2024-04-19 08:00:00+00:00,79.23,81.7,78.04,80.66,13880
2024-04-19 12:00:00+00:00,80.67,81.25,80.07,80.78,9015
2024-04-19 16:00:00+00:00,80.78,81.39,79.73,81.1,11259
2024-04-19 20:00:00+00:00,81.09,81.64,80.35,80.56,8322
2024-04-20 00:00:00+00:00,80.93,81.25,79.17,80.09,8681
2024-04-20 04:00:00+00:00,80.08,82.03,79.78,81.57,7102
2024-04-20 08:00:00+00:00,81.56,82.47,81.44,82.3,4415
2024-04-20 12:00:00+00:00,82.3,82.61,81.71,82.1,5612
2024-04-20 16:00:00+00:00,82.1,84.03,81.85,83.6,6688
2024-04-20 20:00:00+00:00,83.61,85.49,83.6,84.74,8385
2024-04-21 00:00:00+00:00,84.83,85.1,83.46,83.77,5084
2024-04-21 04:00:00+00:00,83.77,84.9,83.75,84.47,7669
2024-04-21 08:00:00+00:00,84.47,85.2,84.46,84.84,4906
2024-04-21 12:00:00+00:00,84.83,85.01,83.96,84.05,4342
2024-04-21 16:00:00+00:00,84.04,84.34,82.24,82.98,8177
2024-04-21 20:00:00+00:00,82.98,83.92,82.67,83.86,5086
2024-04-22 00:00:00+00:00,83.26,84.45,83.26,83.83,4996
2024-04-22 04:00:00+00:00,83.83,85.39,83.46,84.77,9486
2024-04-22 08:00:00+00:00,84.77,85.62,84.23,84.53,6265
2024-04-22 12:00:00+00:00,84.53,84.96,83.99,84.49,6762
2024-04-22 16:00:00+00:00,84.49,84.8,83.58,84.44,7964
2024-04-22 20:00:00+00:00,84.44,85.99,84.41,85.75,4987
2024-04-23 00:00:00+00:00,84.66,85.71,84.66,85.11,4931
2024-04-23 04:00:00+00:00,85.11,85.13,83.58,83.86,5507
2024-04-23 08:00:00+00:00,83.86,84.48,83.69,84.24,4848
2024-04-23 12:00:00+00:00,84.24,84.31,83.5,83.93,4379
2024-04-23 16:00:00+00:00,83.93,84.72,83.54,84.61,7052
2024-04-23 20:00:00+00:00,84.6,85.89,84.05,84.62,5704
2024-04-24 00:00:00+00:00,83.63,84.85,83.63,84.85,4858
2024-04-24 04:00:00+00:00,84.84,85.98,84.84,85.72,5494
2024-04-24 08:00:00+00:00,85.71,86.83,85.51,86.64,4777
2024-04-24 12:00:00+00:00,86.63,87.19,85.9,86.08,5855
2024-04-24 16:00:00+00:00,86.09,86.63,82.95,83.62,17667
2024-04-24 20:00:00+00:00,83.62,85.25,83.01,83.52,11106
2024-04-25 00:00:00+00:00,82.45,83.83,81.75,82.92,9416
2024-04-25 04:00:00+00:00,82.97,83.37,81.33,83.2,12109
2024-04-25 08:00:00+00:00,83.2,83.54,81.84,82.37,8104
2024-04-25 12:00:00+00:00,82.37,83.84,81.96,83.25,12686
2024-04-25 16:00:00+00:00,83.25,83.55,81.9,83.43,11149
2024-04-25 20:00:00+00:00,83.43,84.41,83.24,84.18,8583
2024-04-26 00:00:00+00:00,83.18,84.55,83.18,83.83,7748
2024-04-26 04:00:00+00:00,83.82,85.42,82.55,84.69,10876
2024-04-26 08:00:00+00:00,84.69,85.56,84.52,84.99,8258
2024-04-26 12:00:00+00:00,85.0,86.95,84.31,86.88,10145
2024-04-26 16:00:00+00:00,86.89,87.99,85.64,85.95,13611
2024-04-26 20:00:00+00:00,85.95,87.88,85.9,87.86,7553
2024-04-27 00:00:00+00:00,87.61,87.79,86.04,86.72,5482
2024-04-27 04:00:00+00:00,86.72,87.32,84.68,86.85,7380
2024-04-27 08:00:00+00:00,86.81,86.95,85.15,85.61,4902
2024-04-27 12:00:00+00:00,85.61,85.63,83.89,83.96,7049
2024-04-27 16:00:00+00:00,83.95,84.49,82.58,82.94,7466
2024-04-27 20:00:00+00:00,82.94,84.25,82.56,82.82,8525
2024-04-28 00:00:00+00:00,83.0,83.72,81.82,83.44,5012
2024-04-28 04:00:00+00:00,83.44,84.81,83.22,83.78,6883
2024-04-28 08:00:00+00:00,83.76,84.64,83.42,84.14,5948
2024-04-28 12:00:00+00:00,84.14,84.62,83.29,83.71,3269
2024-04-28 16:00:00+00:00,83.65,84.57,83.65,84.08,5868
2024-04-28 20:00:00+00:00,84.08,84.81,84.04,84.8,4431
2024-04-29 00:00:00+00:00,83.75,84.81,83.0,84.24,7563
2024-04-29 04:00:00+00:00,84.24,85.06,82.28,83.17,10285
2024-04-29 08:00:00+00:00,83.16,83.55,81.07,82.02,9591
2024-04-29 12:00:00+00:00,82.02,83.34,81.74,83.05,8455
2024-04-29 16:00:00+00:00,83.05,83.28,82.03,82.66,9046
2024-04-29 20:00:00+00:00,82.65,83.24,80.98,81.76,7899
2024-04-30 00:00:00+00:00,81.96,83.99,80.84,83.96,7455
2024-04-30 04:00:00+00:00,83.97,83.97,81.72,82.51,7758
2024-04-30 08:00:00+00:00,82.52,82.86,79.75,80.12,8061
2024-04-30 12:00:00+00:00,80.12,80.92,77.5,78.34,12007
2024-04-30 16:00:00+00:00,78.35,79.14,76.59,77.85,11537
2024-04-30 20:00:00+00:00,77.85,78.59,76.91,78.38,10034
2024-05-01 00:00:00+00:00,78.62,79.41,78.27,78.38,8452
2024-05-01 04:00:00+00:00,78.37,79.38,77.83,79.12,7961
2024-05-01 08:00:00+00:00,79.12,79.31,73.94,75.43,14752
2024-05-01 12:00:00+00:00,75.42,77.22,75.29,76.77,8725
2024-05-01 16:00:00+00:00,76.77,77.23,75.93,76.85,12893
2024-05-01 20:00:00+00:00,76.86,80.3,76.51,78.59,18193
2024-05-02 00:00:00+00:00,78.68,79.79,78.3,79.19,9434
2024-05-02 04:00:00+00:00,79.2,79.38,78.16,79.03,10105
2024-05-02 08:00:00+00:00,79.03,79.1,78.0,78.17,8876
2024-05-02 12:00:00+00:00,78.18,80.23,78.09,79.48,9524
2024-05-02 16:00:00+00:00,79.48,80.33,78.91,79.81,11519
2024-05-02 20:00:00+00:00,79.81,80.78,79.51,79.66,9520
2024-05-03 00:00:00+00:00,78.75,79.82,78.52,79.66,6278
2024-05-03 04:00:00+00:00,79.65,80.52,79.59,80.05,7736
2024-05-03 08:00:00+00:00,80.05,80.06,78.9,79.25,6010
2024-05-03 12:00:00+00:00,79.26,80.95,78.81,80.76,8560
2024-05-03 16:00:00+00:00,80.77,81.64,80.65,81.33,10886
2024-05-03 20:00:00+00:00,81.31,82.14,80.89,81.82,6299
2024-05-04 00:00:00+00:00,81.54,82.0,81.07,81.81,3784
2024-05-04 04:00:00+00:00,81.81,81.85,81.1,81.62,5534
2024-05-04 08:00:00+00:00,81.62,81.65,81.11,81.48,3149
2024-05-04 12:00:00+00:00,81.48,82.5,81.18,82.13,4715
2024-05-04 16:00:00+00:00,82.14,82.23,80.8,81.99,5927
2024-05-04 20:00:00+00:00,81.99,82.08,81.3,81.82,3983
2024-05-05 00:00:00+00:00,80.73,81.9,80.46,80.96,6126
2024-05-05 04:00:00+00:00,80.96,81.06,79.88,80.65,7487
2024-05-05 08:00:00+00:00,80.64,81.07,80.26,80.88,6427
2024-05-05 12:00:00+00:00,80.87,80.9,80.15,80.25,3091
2024-05-05 16:00:00+00:00,80.24,81.19,80.01,80.85,8897
2024-05-05 20:00:00+00:00,80.86,81.26,80.38,80.91,5420
2024-05-06 00:00:00+00:00,79.85,81.16,79.83,80.77,5028
2024-05-06 04:00:00+00:00,80.78,81.21,80.09,80.78,5382
2024-05-06 08:00:00+00:00,80.78,83.68,80.58,82.83,9400
2024-05-06 12:00:00+00:00,82.83,83.5,79.84,80.43,10266
2024-05-06 16:00:00+00:00,80.43,81.32,79.48,80.8,10771
2024-05-06 20:00:00+00:00,80.81,81.44,80.15,80.79,8264
2024-05-07 00:00:00+00:00,79.7,80.88,79.7,80.46,5606
2024-05-07 04:00:00+00:00,80.46,80.98,79.33,80.22,7583
2024-05-07 08:00:00+00:00,80.23,81.02,79.49,80.89,7531
2024-05-07 12:00:00+00:00,80.9,81.45,80.53,81.2,7971
2024-05-07 16:00:00+00:00,81.2,81.95,80.98,81.5,9937
2024-05-07 20:00:00+00:00,81.5,82.13,81.02,81.35,7493
2024-05-08 00:00:00+00:00,81.47,81.57,79.43,80.18,9837
2024-05-08 04:00:00+00:00,80.19,80.62,79.28,79.52,7433
2024-05-08 08:00:00+00:00,79.52,79.83,78.79,79.55,8507
2024-05-08 12:00:00+00:00,79.54,80.24,79.0,80.14,8851
2024-05-08 16:00:00+00:00,80.15,81.65,79.9,81.15,11020
2024-05-08 20:00:00+00:00,81.14,81.77,80.16,80.39,8891
2024-05-09 00:00:00+00:00,79.44,81.41,79.43,81.17,9268
2024-05-09 04:00:00+00:00,81.16,82.18,81.16,81.38,7523
2024-05-09 08:00:00+00:00,81.37,81.6,80.7,81.43,7211
2024-05-09 12:00:00+00:00,81.43,81.91,80.97,81.31,10070
2024-05-09 16:00:00+00:00,81.31,81.55,80.07,81.08,11089
2024-05-09 20:00:00+00:00,81.09,82.02,80.95,81.74,8551
2024-05-10 00:00:00+00:00,81.91,82.81,81.67,82.74,9086
2024-05-10 04:00:00+00:00,82.74,82.92,82.35,82.66,6180
2024-05-10 08:00:00+00:00,82.67,82.84,82.39,82.65,6941
2024-05-10 12:00:00+00:00,82.65,82.91,82.38,82.63,5811
2024-05-10 16:00:00+00:00,82.64,82.65,79.39,80.45,11781
2024-05-10 20:00:00+00:00,80.45,80.54,79.12,79.59,9602
2024-05-11 00:00:00+00:00,78.35,80.06,78.1,79.88,6908
2024-05-11 04:00:00+00:00,79.89,80.46,79.57,79.65,8819
2024-05-11 08:00:00+00:00,79.61,80.29,79.59,79.77,6962
2024-05-11 12:00:00+00:00,79.78,81.72,79.76,81.46,7405
2024-05-11 16:00:00+00:00,81.46,81.53,80.07,80.4,8467
2024-05-11 20:00:00+00:00,80.41,81.09,80.31,81.08,4741
2024-05-12 00:00:00+00:00,80.01,81.34,79.97,81.29,4970
2024-05-12 04:00:00+00:00,81.3,81.44,80.73,80.88,3771
2024-05-12 08:00:00+00:00,80.88,81.04,80.26,80.86,4606
2024-05-12 12:00:00+00:00,80.86,81.25,80.7,80.91,2557
2024-05-12 16:00:00+00:00,80.9,81.59,80.76,81.19,5463
2024-05-12 20:00:00+00:00,81.2,81.53,81.08,81.17,4694
2024-05-13 00:00:00+00:00,80.1,81.36,79.52,81.03,5355
2024-05-13 04:00:00+00:00,81.03,81.06,78.28,79.14,11625
2024-05-13 08:00:00+00:00,79.13,81.84,78.91,81.66,10562
2024-05-13 12:00:00+00:00,81.67,81.93,80.76,81.31,8946
2024-05-13 16:00:00+00:00,81.31,81.59,80.71,81.36,11334
2024-05-13 20:00:00+00:00,81.35,81.41,80.02,80.4,9203
2024-05-14 00:00:00+00:00,80.44,80.44,79.88,80.01,6478
2024-05-14 04:00:00+00:00,80.0,80.15,79.16,79.63,8085
2024-05-14 08:00:00+00:00,79.63,81.07,78.5,80.49,8534
2024-05-14 12:00:00+00:00,80.49,80.66,78.86,79.11,9512
2024-05-14 16:00:00+00:00,79.1,79.41,77.9,78.65,12202
2024-05-14 20:00:00+00:00,78.65,78.99,78.04,78.82,6597
2024-05-15 00:00:00+00:00,77.68,78.68,77.68,77.92,7433
2024-05-15 04:00:00+00:00,77.91,78.51,77.89,78.45,6073
2024-05-15 08:00:00+00:00,78.44,78.56,77.8,77.95,6205
2024-05-15 12:00:00+00:00,77.95,79.2,77.6,79.16,11558
2024-05-15 16:00:00+00:00,79.16,80.63,79.07,80.41,12988
2024-05-15 20:00:00+00:00,80.42,81.77,80.3,81.65,9897
2024-05-16 00:00:00+00:00,80.69,82.33,80.69,81.8,9556
2024-05-16 04:00:00+00:00,81.81,82.21,81.45,81.86,5794
2024-05-16 08:00:00+00:00,81.86,82.01,81.54,81.67,4667
2024-05-16 12:00:00+00:00,81.68,81.97,81.02,81.23,8404
2024-05-16 16:00:00+00:00,81.24,82.71,80.84,82.45,12896
2024-05-16 20:00:00+00:00,82.45,82.53,81.23,81.42,9461
2024-05-17 00:00:00+00:00,81.56,82.09,80.51,82.04,5904
2024-05-17 04:00:00+00:00,82.04,82.1,81.33,81.5,6911
2024-05-17 08:00:00+00:00,81.5,83.15,81.36,82.62,9046
2024-05-17 12:00:00+00:00,82.62,82.97,82.2,82.86,7653
2024-05-17 16:00:00+00:00,82.86,83.63,82.15,82.97,11768
2024-05-17 20:00:00+00:00,82.97,83.26,82.21,83.25,6564
2024-05-18 00:00:00+00:00,83.36,83.67,83.18,83.27,3295
2024-05-18 04:00:00+00:00,83.27,83.87,83.03,83.4,6203
2024-05-18 08:00:00+00:00,83.4,84.22,83.19,83.88,5928
2024-05-18 12:00:00+00:00,83.88,84.04,83.21,83.26,6995
2024-05-18 16:00:00+00:00,83.26,83.54,82.85,83.36,7808
2024-05-18 20:00:00+00:00,83.37,83.66,83.32,83.38,3398
2024-05-19 00:00:00+00:00,82.43,83.45,82.43,83.42,2496
2024-05-19 04:00:00+00:00,83.42,83.84,83.39,83.67,4278
2024-05-19 08:00:00+00:00,83.67,83.73,83.19,83.31,5132
2024-05-19 12:00:00+00:00,83.31,83.52,82.05,82.08,5868
2024-05-19 16:00:00+00:00,82.07,82.38,81.63,82.0,8300
2024-05-19 20:00:00+00:00,82.0,82.35,81.72,81.88,6945
2024-05-20 00:00:00+00:00,80.85,82.22,80.85,82.05,6173
2024-05-20 04:00:00+00:00,82.05,83.5,81.8,83.47,6998
2024-05-20 08:00:00+00:00,83.47,83.66,82.13,83.15,8603
2024-05-20 12:00:00+00:00,83.15,83.23,82.56,82.65,7351
2024-05-20 16:00:00+00:00,82.66,83.49,82.53,83.37,9416
2024-05-20 20:00:00+00:00,83.37,86.45,83.23,85.79,12310
2024-05-21 00:00:00+00:00,84.69,89.0,84.61,88.25,12604
2024-05-21 04:00:00+00:00,88.25,88.25,86.55,86.61,10862
2024-05-21 08:00:00+00:00,86.61,88.36,86.41,88.13,10213
2024-05-21 12:00:00+00:00,88.13,88.75,87.56,88.04,9907
2024-05-21 16:00:00+00:00,88.03,88.74,87.26,88.18,13034
2024-05-21 20:00:00+00:00,88.18,88.57,86.35,87.4,11930
2024-05-22 00:00:00+00:00,86.29,87.89,86.28,87.24,8528
2024-05-22 04:00:00+00:00,87.24,87.63,85.32,86.09,9749
2024-05-22 08:00:00+00:00,86.07,86.98,85.83,86.59,8086
2024-05-22 12:00:00+00:00,86.6,86.63,84.26,85.17,10045
2024-05-22 16:00:00+00:00,85.17,87.07,85.1,86.16,12063
2024-05-22 20:00:00+00:00,86.17,86.54,84.93,85.16,12046
2024-05-23 00:00:00+00:00,84.16,86.26,84.15,85.74,9773
2024-05-23 04:00:00+00:00,85.74,86.15,85.31,85.8,7341
2024-05-23 08:00:00+00:00,85.8,86.17,85.44,85.8,7519
2024-05-23 12:00:00+00:00,85.79,87.14,84.65,85.8,11821
2024-05-23 16:00:00+00:00,85.8,87.37,83.7,84.04,15267
2024-05-23 20:00:00+00:00,84.04,84.39,79.88,82.95,12758
2024-05-24 00:00:00+00:00,83.38,85.89,82.27,85.64,11955
2024-05-24 04:00:00+00:00,85.64,85.73,85.02,85.29,9491
2024-05-24 08:00:00+00:00,85.28,85.35,83.42,84.87,13023
2024-05-24 12:00:00+00:00,84.87,85.54,84.42,84.6,10017
2024-05-24 16:00:00+00:00,84.61,84.69,83.44,83.66,11351
2024-05-24 20:00:00+00:00,83.67,85.0,83.66,84.73,8866
2024-05-25 00:00:00+00:00,84.61,84.7,83.11,84.41,2399
2024-05-25 04:00:00+00:00,84.41,85.25,84.38,85.25,3142
2024-05-25 08:00:00+00:00,85.24,85.34,84.53,84.68,1225
2024-05-25 12:00:00+00:00,84.68,85.16,83.97,84.15,4371
2024-05-25 16:00:00+00:00,84.15,84.44,83.85,84.15,4796
2024-05-25 20:00:00+00:00,84.15,84.45,84.12,84.26,2190
2024-05-26 00:00:00+00:00,83.31,84.56,83.31,84.35,5127
2024-05-26 04:00:00+00:00,84.35,84.69,83.8,84.08,6341
2024-05-26 08:00:00+00:00,84.08,84.6,83.77,84.07,5956
2024-05-26 12:00:00+00:00,84.06,84.29,83.7,84.0,2577
2024-05-26 16:00:00+00:00,83.99,84.21,83.23,83.24,7317
2024-05-26 20:00:00+00:00,83.24,83.58,82.95,83.18,6266
2024-05-27 00:00:00+00:00,83.12,83.54,82.09,83.46,6077
2024-05-27 04:00:00+00:00,83.47,84.03,83.43,83.77,6597
2024-05-27 08:00:00+00:00,83.78,84.33,83.3,84.11,7333
2024-05-27 12:00:00+00:00,84.11,84.3,83.7,84.15,6816
2024-05-27 16:00:00+00:00,84.15,85.79,84.09,85.5,9916
2024-05-27 20:00:00+00:00,85.5,85.62,83.8,84.82,8653
2024-05-28 00:00:00+00:00,83.73,84.81,83.72,84.35,6860
2024-05-28 04:00:00+00:00,84.34,84.88,81.79,82.42,11920
2024-05-28 08:00:00+00:00,82.42,82.97,82.16,82.96,8396
2024-05-28 12:00:00+00:00,82.95,83.5,82.7,82.82,7863
2024-05-28 16:00:00+00:00,82.81,83.01,81.8,82.08,11060
2024-05-28 20:00:00+00:00,82.08,82.72,81.36,82.37,9543
2024-05-29 00:00:00+00:00,82.53,82.96,81.35,82.64,6527
2024-05-29 04:00:00+00:00,82.65,83.39,82.48,83.25,7056
2024-05-29 08:00:00+00:00,83.25,83.46,81.96,82.73,7751
2024-05-29 12:00:00+00:00,82.73,83.31,82.38,83.08,8979
2024-05-29 16:00:00+00:00,83.07,83.55,82.47,83.14,10511
2024-05-29 20:00:00+00:00,83.14,83.54,82.87,82.99,7492
2024-05-30 00:00:00+00:00,81.87,83.39,81.87,82.84,6205
2024-05-30 04:00:00+00:00,82.84,83.45,82.7,83.28,5908
2024-05-30 08:00:00+00:00,83.28,83.33,81.3,82.12,9733
2024-05-30 12:00:00+00:00,82.12,82.83,81.87,82.63,7008
2024-05-30 16:00:00+00:00,82.64,84.96,82.63,84.27,9617
2024-05-30 20:00:00+00:00,84.26,84.59,82.87,83.41,7670
2024-05-31 00:00:00+00:00,82.43,84.0,82.43,83.77,5243
2024-05-31 04:00:00+00:00,83.76,84.01,83.38,83.44,5589
2024-05-31 08:00:00+00:00,83.43,83.51,82.96,83.18,6790
2024-05-31 12:00:00+00:00,83.16,84.09,82.93,83.78,7273
2024-05-31 16:00:00+00:00,83.76,83.9,81.33,82.19,12509
2024-05-31 20:00:00+00:00,82.19,83.08,82.11,82.79,6298
2024-06-01 00:00:00+00:00,82.75,82.85,82.27,82.44,5055
2024-06-01 04:00:00+00:00,82.44,82.71,82.25,82.66,3939
2024-06-01 08:00:00+00:00,82.65,82.85,82.49,82.82,3598
2024-06-01 12:00:00+00:00,82.82,82.97,82.56,82.78,2359
2024-06-01 16:00:00+00:00,82.95,83.03,82.67,82.76,1708
2024-06-01 20:00:00+00:00,82.76,82.84,82.48,82.7,2469
2024-06-02 00:00:00+00:00,82.67,82.99,82.6,82.64,4307
2024-06-02 04:00:00+00:00,82.65,82.82,82.41,82.78,3842
2024-06-02 08:00:00+00:00,82.79,82.81,82.06,82.12,3525
2024-06-02 12:00:00+00:00,82.12,82.46,81.54,82.09,3332
2024-06-02 16:00:00+00:00,82.09,82.63,81.9,82.25,4458
2024-06-02 20:00:00+00:00,82.25,82.45,81.64,82.44,6263
2024-06-03 00:00:00+00:00,81.35,82.75,81.35,82.3,5158
2024-06-03 04:00:00+00:00,82.3,83.3,82.23,82.86,8270
2024-06-03 08:00:00+00:00,82.85,83.69,82.85,83.3,10293
2024-06-03 12:00:00+00:00,83.29,83.43,82.78,83.32,6676
2024-06-03 16:00:00+00:00,83.32,83.62,82.07,82.5,10835
2024-06-03 20:00:00+00:00,82.49,82.81,82.32,82.55,4581
2024-06-04 00:00:00+00:00,82.62,82.73,81.62,82.32,7435
2024-06-04 04:00:00+00:00,82.31,82.54,81.17,81.49,5690
2024-06-04 08:00:00+00:00,81.49,81.71,81.05,81.08,6935
2024-06-04 12:00:00+00:00,81.09,81.36,80.55,81.08,7152
2024-06-04 16:00:00+00:00,81.09,82.49,81.03,82.43,10802
2024-06-04 20:00:00+00:00,82.44,83.1,82.07,83.0,5393
2024-06-05 00:00:00+00:00,81.93,83.38,81.93,83.22,4328
2024-06-05 04:00:00+00:00,83.21,83.62,82.95,83.45,5659
2024-06-05 08:00:00+00:00,83.46,83.62,83.13,83.48,5035
2024-06-05 12:00:00+00:00,83.48,84.22,82.34,83.29,5667
2024-06-05 16:00:00+00:00,83.29,84.27,83.03,84.2,7209
2024-06-05 20:00:00+00:00,84.2,84.51,84.04,84.32,5909
2024-06-06 00:00:00+00:00,84.38,84.97,84.28,84.48,3828
2024-06-06 04:00:00+00:00,84.48,84.61,84.2,84.54,4657
2024-06-06 08:00:00+00:00,84.54,84.75,83.91,84.64,4824
2024-06-06 12:00:00+00:00,84.64,85.17,84.25,84.53,6326
2024-06-06 16:00:00+00:00,84.53,85.17,84.24,84.73,7241
2024-06-06 20:00:00+00:00,84.73,85.29,83.69,84.38,7963
2024-06-07 00:00:00+00:00,83.54,84.57,83.13,83.46,7177
2024-06-07 04:00:00+00:00,83.47,83.97,83.3,83.95,8162
2024-06-07 08:00:00+00:00,83.94,84.27,83.21,83.26,6628
2024-06-07 12:00:00+00:00,83.26,84.04,82.42,83.28,8429
2024-06-07 16:00:00+00:00,83.28,83.57,82.7,82.84,7435
2024-06-07 20:00:00+00:00,82.84,82.85,74.47,79.4,15825
2024-06-08 00:00:00+00:00,79.47,79.8,77.97,79.7,5995
2024-06-08 04:00:00+00:00,79.7,79.89,79.51,79.66,4676
2024-06-08 08:00:00+00:00,79.65,79.84,79.27,79.29,5049
2024-06-08 12:00:00+00:00,79.29,79.54,78.61,78.83,7027
2024-06-08 16:00:00+00:00,78.84,79.36,78.3,79.01,8129
2024-06-08 20:00:00+00:00,79.01,79.45,78.66,79.17,4998
2024-06-09 00:00:00+00:00,78.11,79.51,78.11,79.46,3745
2024-06-09 04:00:00+00:00,79.45,79.52,78.93,79.15,4568
2024-06-09 08:00:00+00:00,79.16,79.44,78.94,79.41,4211
2024-06-09 12:00:00+00:00,79.41,79.89,79.27,79.8,2362
2024-06-09 16:00:00+00:00,79.81,80.11,79.41,80.05,5273
2024-06-09 20:00:00+00:00,80.06,80.18,79.8,80.01,4212
2024-06-10 00:00:00+00:00,79.01,80.11,79.01,79.71,4912
2024-06-10 04:00:00+00:00,79.71,79.79,78.88,79.3,4019
2024-06-10 08:00:00+00:00,79.3,79.41,78.48,78.86,7040
2024-06-10 12:00:00+00:00,78.86,79.0,78.54,78.82,5769
2024-06-10 16:00:00+00:00,78.82,79.9,78.47,79.6,8266
2024-06-10 20:00:00+00:00,79.61,79.66,78.91,79.2,7338
2024-06-11 00:00:00+00:00,79.37,79.46,78.31,78.63,5472
2024-06-11 04:00:00+00:00,78.62,78.77,75.94,77.25,12644
2024-06-11 08:00:00+00:00,77.24,78.77,76.33,77.91,11364
2024-06-11 12:00:00+00:00,77.91,79.22,77.31,77.49,10847
2024-06-11 16:00:00+00:00,77.48,77.53,75.0,76.25,12652
2024-06-11 20:00:00+00:00,76.25,76.83,75.51,76.57,7279
2024-06-12 00:00:00+00:00,75.44,76.95,75.44,76.51,5641
2024-06-12 04:00:00+00:00,76.51,77.11,75.77,76.75,8035
2024-06-12 08:00:00+00:00,76.75,77.06,76.55,76.86,6491
2024-06-12 12:00:00+00:00,76.87,78.32,76.03,78.21,8219
2024-06-12 16:00:00+00:00,78.2,78.74,77.59,78.44,7164
2024-06-12 20:00:00+00:00,78.44,78.7,76.47,77.85,12546
2024-06-13 00:00:00+00:00,76.97,78.21,76.97,77.9,6781
2024-06-13 04:00:00+00:00,77.9,77.99,76.68,77.56,10403
2024-06-13 08:00:00+00:00,77.57,77.99,77.25,77.75,8160
2024-06-13 12:00:00+00:00,77.76,78.95,77.38,78.39,10252
2024-06-13 16:00:00+00:00,78.38,78.65,77.2,78.13,11580
2024-06-13 20:00:00+00:00,78.13,79.22,77.88,78.66,11003
2024-06-14 00:00:00+00:00,78.7,78.87,78.13,78.64,10865
2024-06-14 04:00:00+00:00,78.65,79.25,78.42,79.07,12480
2024-06-14 08:00:00+00:00,79.08,79.51,78.62,78.84,9960
2024-06-14 12:00:00+00:00,78.83,79.36,78.61,79.27,7678
2024-06-14 16:00:00+00:00,79.26,79.7,75.75,76.81,13056
2024-06-14 20:00:00+00:00,76.81,77.1,75.78,76.58,9293
2024-06-15 00:00:00+00:00,77.21,77.53,76.7,77.15,8370
2024-06-15 04:00:00+00:00,77.15,77.56,76.95,77.4,6991
2024-06-15 08:00:00+00:00,77.41,78.54,77.36,78.12,8823
2024-06-15 12:00:00+00:00,78.14,78.65,77.88,78.39,6477
2024-06-15 16:00:00+00:00,78.39,78.48,77.78,78.17,8528
2024-06-15 20:00:00+00:00,78.18,78.87,78.05,78.63,6839
2024-06-16 00:00:00+00:00,78.59,78.7,77.64,78.42,3466
2024-06-16 04:00:00+00:00,78.42,79.55,78.26,78.88,6965
2024-06-16 08:00:00+00:00,78.88,79.29,78.8,78.91,4635
2024-06-16 12:00:00+00:00,78.93,79.35,78.51,78.57,3783
2024-06-16 16:00:00+00:00,78.57,78.82,78.37,78.58,7569
2024-06-16 20:00:00+00:00,78.59,78.62,78.08,78.2,4837
2024-06-17 00:00:00+00:00,77.22,78.68,77.22,78.46,7126
2024-06-17 04:00:00+00:00,78.45,78.62,77.39,77.61,8558
2024-06-17 08:00:00+00:00,77.6,77.95,76.79,77.16,10300
2024-06-17 12:00:00+00:00,77.16,77.53,76.36,76.7,10516
2024-06-17 16:00:00+00:00,76.71,77.26,74.48,76.21,11501
2024-06-17 20:00:00+00:00,76.2,77.46,76.04,76.45,9076
2024-06-18 00:00:00+00:00,76.39,76.67,75.05,75.7,8816
2024-06-18 04:00:00+00:00,75.7,75.88,70.66,72.88,16547
2024-06-18 08:00:00+00:00,72.87,73.28,72.59,73.13,9462
2024-06-18 12:00:00+00:00,73.13,73.13,70.84,71.35,10755
2024-06-18 16:00:00+00:00,71.35,72.16,70.08,71.15,15591
2024-06-18 20:00:00+00:00,71.16,71.84,70.31,71.73,11624
2024-06-19 00:00:00+00:00,71.6,72.61,71.47,72.54,9412
2024-06-19 04:00:00+00:00,72.53,74.42,72.5,74.03,11195
2024-06-19 08:00:00+00:00,74.03,74.08,73.05,73.2,10111
2024-06-19 12:00:00+00:00,73.21,73.44,72.67,73.2,10276
2024-06-19 16:00:00+00:00,73.2,73.53,72.2,73.35,9063
2024-06-19 20:00:00+00:00,73.35,73.93,73.31,73.69,7052
2024-06-20 00:00:00+00:00,72.6,73.72,72.52,73.28,6870
2024-06-20 04:00:00+00:00,73.28,73.72,73.09,73.57,9769
2024-06-20 08:00:00+00:00,73.57,74.18,73.49,73.76,7822
2024-06-20 12:00:00+00:00,73.77,74.78,73.4,74.46,8694
2024-06-20 16:00:00+00:00,74.45,74.7,72.55,73.36,11816
2024-06-20 20:00:00+00:00,73.35,74.45,73.13,74.19,6298
2024-06-21 00:00:00+00:00,73.16,74.39,73.14,73.78,5814
2024-06-21 04:00:00+00:00,73.78,73.9,73.38,73.78,6747
2024-06-21 08:00:00+00:00,73.78,73.78,71.88,72.01,8106
2024-06-21 12:00:00+00:00,72.01,72.77,71.85,72.58,8489
2024-06-21 16:00:00+00:00,72.57,72.85,71.57,72.66,9737
2024-06-21 20:00:00+00:00,72.66,73.8,72.1,73.38,8488
2024-06-22 00:00:00+00:00,73.32,73.66,71.81,73.36,3499
2024-06-22 04:00:00+00:00,73.36,73.47,72.99,73.4,4425
2024-06-22 08:00:00+00:00,73.4,73.64,73.27,73.46,4531
2024-06-22 12:00:00+00:00,73.46,74.19,73.44,73.45,4258
2024-06-22 16:00:00+00:00,73.45,73.9,73.41,73.66,3160
2024-06-22 20:00:00+00:00,73.66,74.3,73.65,74.03,2434
2024-06-23 00:00:00+00:00,73.08,74.2,73.07,74.04,2837
2024-06-23 04:00:00+00:00,74.05,74.38,73.98,74.12,3492
2024-06-23 08:00:00+00:00,74.12,74.23,73.82,73.96,2264
2024-06-23 12:00:00+00:00,73.96,73.98,73.38,73.8,1711
2024-06-23 16:00:00+00:00,73.8,74.36,73.61,73.79,5925
2024-06-23 20:00:00+00:00,73.78,74.48,72.6,73.18,6580
2024-06-24 00:00:00+00:00,72.06,73.64,71.88,72.65,6698
2024-06-24 04:00:00+00:00,72.65,72.67,70.91,71.28,9240
2024-06-24 08:00:00+00:00,71.28,71.37,69.88,70.89,10892
2024-06-24 12:00:00+00:00,70.89,71.01,67.94,68.36,12555
2024-06-24 16:00:00+00:00,68.36,69.31,68.09,68.49,13175
2024-06-24 20:00:00+00:00,68.5,69.14,66.94,67.94,17486
2024-06-25 00:00:00+00:00,66.5,69.34,66.5,69.08,10536
2024-06-25 04:00:00+00:00,69.09,70.68,68.82,70.24,9543
2024-06-25 08:00:00+00:00,70.24,70.32,69.61,69.91,7563
2024-06-25 12:00:00+00:00,69.9,70.59,69.86,69.95,7577
2024-06-25 16:00:00+00:00,69.94,70.9,69.66,70.45,9230
2024-06-25 20:00:00+00:00,70.45,71.46,70.26,71.09,7150
2024-06-26 00:00:00+00:00,69.87,71.1,69.87,70.65,4974
2024-06-26 04:00:00+00:00,70.64,71.4,70.55,70.64,8154
2024-06-26 08:00:00+00:00,70.64,70.88,70.41,70.62,6873
2024-06-26 12:00:00+00:00,70.61,71.36,70.56,70.92,7183
2024-06-26 16:00:00+00:00,70.92,71.06,69.92,70.37,9170
2024-06-26 20:00:00+00:00,70.37,71.16,69.82,70.8,9119
2024-06-27 00:00:00+00:00,70.88,70.88,70.1,70.28,4876
2024-06-27 04:00:00+00:00,70.28,70.64,70.11,70.55,6205
2024-06-27 08:00:00+00:00,70.56,70.59,69.93,70.08,5301
2024-06-27 12:00:00+00:00,70.08,71.25,69.94,71.08,7137
2024-06-27 16:00:00+00:00,71.08,72.29,71.03,71.57,8160
2024-06-27 20:00:00+00:00,71.57,72.29,71.56,72.16,4652
2024-06-28 00:00:00+00:00,71.27,72.69,71.21,72.35,4051
2024-06-28 04:00:00+00:00,72.34,73.24,72.3,72.96,6915
2024-06-28 08:00:00+00:00,72.96,74.12,72.09,73.1,7003
2024-06-28 12:00:00+00:00,73.1,74.1,72.97,73.48,7668
2024-06-28 16:00:00+00:00,73.48,73.62,71.81,72.52,9311
2024-06-28 20:00:00+00:00,72.51,72.92,72.2,72.62,6651
2024-06-29 00:00:00+00:00,72.41,72.56,72.04,72.3,4066
2024-06-29 04:00:00+00:00,72.29,73.2,72.29,73.01,4538
2024-06-29 08:00:00+00:00,73.01,73.82,72.84,73.71,3387
2024-06-29 12:00:00+00:00,73.71,73.95,73.39,73.74,3507
2024-06-29 16:00:00+00:00,73.85,74.78,73.71,74.51,5568
2024-06-29 20:00:00+00:00,74.51,76.2,74.28,75.2,4330
2024-06-30 00:00:00+00:00,75.54,75.54,74.12,74.39,4676
2024-06-30 04:00:00+00:00,74.39,75.33,73.94,74.72,6308
2024-06-30 08:00:00+00:00,74.72,74.94,74.14,74.8,6543
2024-06-30 12:00:00+00:00,74.8,75.04,74.1,74.29,1798
2024-06-30 16:00:00+00:00,74.29,74.31,73.66,73.69,4586
2024-06-30 20:00:00+00:00,73.69,74.46,73.45,74.17,4818
2024-07-01 00:00:00+00:00,73.11,75.15,73.11,74.61,5713
2024-07-01 04:00:00+00:00,74.61,75.3,74.47,74.47,5033
2024-07-01 08:00:00+00:00,74.46,74.78,74.25,74.51,3915
2024-07-01 12:00:00+00:00,74.51,74.7,73.99,74.01,4520
2024-07-01 16:00:00+00:00,74.0,74.31,73.52,74.22,6979
2024-07-01 20:00:00+00:00,74.22,74.82,73.82,73.97,5591
2024-07-02 00:00:00+00:00,73.92,74.04,72.95,73.7,4652
2024-07-02 04:00:00+00:00,73.7,74.29,73.64,74.04,4122
2024-07-02 08:00:00+00:00,74.05,74.72,74.04,74.63,5345
2024-07-02 12:00:00+00:00,74.63,74.83,74.34,74.55,4870
2024-07-02 16:00:00+00:00,74.55,74.66,73.92,74.47,6432
2024-07-02 20:00:00+00:00,74.47,74.68,74.4,74.62,3703
2024-07-03 00:00:00+00:00,73.62,75.54,73.62,75.46,4125
2024-07-03 04:00:00+00:00,75.47,75.57,73.84,74.61,7404
2024-07-03 08:00:00+00:00,74.6,74.98,73.89,73.98,6293
2024-07-03 12:00:00+00:00,73.98,74.21,72.66,72.99,8949
2024-07-03 16:00:00+00:00,72.98,74.43,72.64,74.24,8536
2024-07-03 20:00:00+00:00,74.23,74.24,71.6,71.64,7599
2024-07-04 00:00:00+00:00,71.81,72.25,71.12,71.47,7572
2024-07-04 04:00:00+00:00,71.47,71.65,68.36,70.09,10548
2024-07-04 08:00:00+00:00,70.09,70.11,68.49,69.11,8200
2024-07-04 12:00:00+00:00,69.11,69.38,67.63,67.68,9294
2024-07-04 16:00:00+00:00,67.68,68.59,66.65,68.14,11075
2024-07-04 20:00:00+00:00,68.15,68.27,66.73,66.84,7330
2024-07-05 00:00:00+00:00,65.58,67.26,60.51,62.57,14251
2024-07-05 04:00:00+00:00,62.57,62.75,55.99,58.75,24542
2024-07-05 08:00:00+00:00,58.75,59.59,56.86,57.04,12491
2024-07-05 12:00:00+00:00,57.04,59.79,56.81,58.95,11716
2024-07-05 16:00:00+00:00,58.95,61.29,58.76,60.35,10354
2024-07-05 20:00:00+00:00,60.35,61.33,60.1,60.97,7838
2024-07-06 00:00:00+00:00,61.04,62.53,60.69,61.85,5834
2024-07-06 04:00:00+00:00,61.84,61.89,60.88,61.0,6932
2024-07-06 08:00:00+00:00,61.0,62.13,60.97,61.83,6348
2024-07-06 12:00:00+00:00,61.83,62.81,61.54,62.71,6676
2024-07-06 16:00:00+00:00,62.71,65.15,62.58,65.01,9211
2024-07-06 20:00:00+00:00,65.01,65.11,64.21,64.44,6470
2024-07-07 00:00:00+00:00,64.56,65.08,64.29,64.51,5993
2024-07-07 04:00:00+00:00,64.5,65.04,63.83,63.86,7257
2024-07-07 08:00:00+00:00,63.86,64.44,63.35,64.03,7650
2024-07-07 12:00:00+00:00,64.03,64.41,63.63,63.99,5238
2024-07-07 16:00:00+00:00,63.99,63.99,61.85,63.28,7603
2024-07-07 20:00:00+00:00,63.28,63.38,62.31,62.79,6160
2024-07-08 00:00:00+00:00,61.76,62.83,59.78,59.95,8881
2024-07-08 04:00:00+00:00,59.96,62.0,58.76,62.0,13188
2024-07-08 08:00:00+00:00,61.99,64.71,61.65,64.6,10793
2024-07-08 12:00:00+00:00,64.61,66.44,63.92,64.8,9094
2024-07-08 16:00:00+00:00,64.8,65.28,62.02,63.9,14351
2024-07-08 20:00:00+00:00,63.9,64.66,63.5,63.81,7133
2024-07-09 00:00:00+00:00,62.63,64.43,62.63,64.05,6006
2024-07-09 04:00:00+00:00,64.05,64.88,63.7,64.82,8544
2024-07-09 08:00:00+00:00,64.83,65.36,64.51,64.95,7456
2024-07-09 12:00:00+00:00,64.96,65.52,64.88,65.23,5460
2024-07-09 16:00:00+00:00,65.23,65.75,64.71,65.19,8429
2024-07-09 20:00:00+00:00,65.18,65.39,64.84,64.97,4488
2024-07-10 00:00:00+00:00,63.86,65.15,63.85,64.05,4437
2024-07-10 04:00:00+00:00,64.05,65.76,63.94,65.49,6450
2024-07-10 08:00:00+00:00,65.48,65.67,65.03,65.26,5401
2024-07-10 12:00:00+00:00,65.26,65.73,64.89,65.57,5461
2024-07-10 16:00:00+00:00,65.57,66.75,65.45,66.23,6607
2024-07-10 20:00:00+00:00,66.23,66.43,65.83,66.06,4630
2024-07-11 00:00:00+00:00,65.02,66.75,65.02,66.68,4440
2024-07-11 04:00:00+00:00,66.68,67.03,65.9,66.77,6156
2024-07-11 08:00:00+00:00,66.77,67.46,66.61,67.08,4669
2024-07-11 12:00:00+00:00,67.08,68.57,66.93,68.21,7641
2024-07-11 16:00:00+00:00,68.22,68.53,67.19,67.88,9905
2024-07-11 20:00:00+00:00,67.88,68.46,67.3,67.35,6253
2024-07-12 00:00:00+00:00,66.34,67.43,66.34,66.88,5666
2024-07-12 04:00:00+00:00,66.87,67.93,66.21,67.69,7351
2024-07-12 08:00:00+00:00,67.7,68.65,67.44,68.51,6075
2024-07-12 12:00:00+00:00,68.51,68.75,67.25,67.58,6609
2024-07-12 16:00:00+00:00,67.58,68.81,67.47,68.71,7316
2024-07-12 20:00:00+00:00,68.71,68.89,67.93,68.41,6969
2024-07-13 00:00:00+00:00,68.39,69.42,68.32,69.38,3730
2024-07-13 04:00:00+00:00,69.39,69.44,68.62,68.89,3542
2024-07-13 08:00:00+00:00,68.89,70.06,68.84,69.77,4860
2024-07-13 12:00:00+00:00,69.78,70.13,69.19,69.23,3275
2024-07-13 16:00:00+00:00,69.22,69.84,68.88,69.28,4934
2024-07-13 20:00:00+00:00,69.26,69.9,68.86,69.15,3923
2024-07-14 00:00:00+00:00,69.35,69.84,68.81,69.4,5804
2024-07-14 04:00:00+00:00,69.4,69.85,69.08,69.47,5468
2024-07-14 08:00:00+00:00,69.47,69.97,69.39,69.74,5440
2024-07-14 12:00:00+00:00,69.75,70.01,69.03,69.06,4671
2024-07-14 16:00:00+00:00,69.06,69.22,68.72,68.99,4415
2024-07-14 20:00:00+00:00,68.99,69.3,68.74,69.18,2368
2024-07-15 00:00:00+00:00,69.11,69.87,69.11,69.82,6132
2024-07-15 04:00:00+00:00,69.81,70.58,69.53,70.03,6968
2024-07-15 08:00:00+00:00,70.02,70.33,69.62,69.77,6324
2024-07-15 12:00:00+00:00,69.76,69.99,69.16,69.47,6219
2024-07-15 16:00:00+00:00,69.47,70.54,69.44,70.36,7168
2024-07-15 20:00:00+00:00,70.36,71.68,69.88,71.66,7408
2024-07-16 00:00:00+00:00,70.63,72.34,70.62,72.12,8129
2024-07-16 04:00:00+00:00,72.14,72.95,71.79,72.43,7531
2024-07-16 08:00:00+00:00,72.43,72.76,69.79,70.51,10797
2024-07-16 12:00:00+00:00,70.51,71.62,70.37,71.1,8350
2024-07-16 16:00:00+00:00,71.09,73.53,71.0,72.98,9599
2024-07-16 20:00:00+00:00,72.98,73.02,72.08,72.75,7017
2024-07-17 00:00:00+00:00,72.87,73.19,71.97,73.19,5914
2024-07-17 04:00:00+00:00,73.18,73.71,72.77,73.25,6616
2024-07-17 08:00:00+00:00,73.24,73.32,71.72,72.14,6472
2024-07-17 12:00:00+00:00,72.15,72.3,71.54,72.19,6464
2024-07-17 16:00:00+00:00,72.2,72.67,70.52,71.21,8030
2024-07-17 20:00:00+00:00,71.19,72.09,71.01,71.57,4791
2024-07-18 00:00:00+00:00,69.18,71.54,69.18,71.43,5615
2024-07-18 04:00:00+00:00,71.43,71.88,71.17,71.32,5678
2024-07-18 08:00:00+00:00,71.32,71.82,70.94,71.71,6136
2024-07-18 12:00:00+00:00,71.7,72.22,71.36,72.15,5192
2024-07-18 16:00:00+00:00,72.15,72.38,69.93,70.63,7537
2024-07-18 20:00:00+00:00,70.63,70.8,70.07,70.78,7471
2024-07-19 00:00:00+00:00,69.77,71.18,69.75,70.79,5731
2024-07-19 04:00:00+00:00,70.8,71.18,70.09,70.86,6129
2024-07-19 08:00:00+00:00,70.86,71.12,69.26,69.5,6425
2024-07-19 12:00:00+00:00,69.51,70.09,68.65,70.01,6493
2024-07-19 16:00:00+00:00,70.01,72.65,69.61,72.43,8055
2024-07-19 20:00:00+00:00,72.42,73.57,72.14,72.63,7581
2024-07-20 00:00:00+00:00,73.01,73.14,72.42,72.7,4918
2024-07-20 04:00:00+00:00,72.71,72.99,72.26,72.53,5436
2024-07-20 08:00:00+00:00,72.53,73.02,72.25,72.51,3946
2024-07-20 12:00:00+00:00,72.51,72.61,72.01,72.12,4062
2024-07-20 16:00:00+00:00,72.12,73.22,71.73,72.74,6634
2024-07-20 20:00:00+00:00,72.74,73.34,72.6,72.97,5933
2024-07-21 00:00:00+00:00,71.81,72.92,71.81,72.5,3448
2024-07-21 04:00:00+00:00,72.5,72.79,72.42,72.55,3466
2024-07-21 08:00:00+00:00,72.55,72.61,71.85,72.54,4558
2024-07-21 12:00:00+00:00,72.52,73.03,72.5,72.82,3137
2024-07-21 16:00:00+00:00,72.82,73.1,72.3,73.1,4906
2024-07-21 20:00:00+00:00,73.11,73.4,70.7,72.91,8992
2024-07-22 00:00:00+00:00,71.97,74.04,71.96,73.8,6517
2024-07-22 04:00:00+00:00,73.81,73.85,73.02,73.1,5692
2024-07-22 08:00:00+00:00,73.1,74.02,71.98,73.33,7032
2024-07-22 12:00:00+00:00,73.33,73.61,72.26,72.72,6370
2024-07-22 16:00:00+00:00,72.71,72.87,70.81,70.91,7304
2024-07-22 20:00:00+00:00,70.91,71.92,70.82,71.6,4710
2024-07-23 00:00:00+00:00,71.4,71.41,70.18,71.14,4898
2024-07-23 04:00:00+00:00,71.15,72.27,70.67,70.79,6224
2024-07-23 08:00:00+00:00,70.79,71.11,69.91,71.04,6407
2024-07-23 12:00:00+00:00,71.04,72.0,70.95,71.58,6478
2024-07-23 16:00:00+00:00,71.57,72.54,70.05,70.08,10166
2024-07-23 20:00:00+00:00,70.08,72.2,69.85,71.87,7768
2024-07-24 00:00:00+00:00,70.86,72.58,70.85,72.1,6474
2024-07-24 04:00:00+00:00,72.1,72.38,71.47,71.57,6627
2024-07-24 08:00:00+00:00,71.58,72.97,71.18,72.94,6536
2024-07-24 12:00:00+00:00,72.94,72.95,72.48,72.64,6489
2024-07-24 16:00:00+00:00,72.65,73.11,72.01,72.7,6211
2024-07-24 20:00:00+00:00,72.71,72.8,71.63,71.64,6115
2024-07-25 00:00:00+00:00,70.41,71.55,70.15,70.94,6363
2024-07-25 04:00:00+00:00,70.93,70.93,67.61,68.9,10441
2024-07-25 08:00:00+00:00,68.89,69.09,67.97,68.5,6438
2024-07-25 12:00:00+00:00,68.5,68.73,67.1,67.35,7042
2024-07-25 16:00:00+00:00,67.36,68.76,66.69,68.72,7558
2024-07-25 20:00:00+00:00,68.72,69.0,67.16,68.17,7277
2024-07-26 00:00:00+00:00,68.44,69.04,68.17,68.95,6313
2024-07-26 04:00:00+00:00,68.95,70.36,68.86,70.36,4966
2024-07-26 08:00:00+00:00,70.36,71.14,70.04,70.34,2925
2024-07-26 12:00:00+00:00,70.35,70.87,70.27,70.63,2949
2024-07-26 16:00:00+00:00,70.65,71.0,70.09,70.7,4832
2024-07-26 20:00:00+00:00,70.69,70.84,70.37,70.54,4353
2024-07-27 00:00:00+00:00,70.58,70.99,70.53,70.92,3249
2024-07-27 04:00:00+00:00,70.92,70.95,70.52,70.77,3496
2024-07-27 08:00:00+00:00,70.77,70.97,70.6,70.92,3134
2024-07-27 12:00:00+00:00,70.91,70.98,70.64,70.86,3420
2024-07-27 16:00:00+00:00,70.86,71.78,70.66,71.42,5878
2024-07-27 20:00:00+00:00,71.42,71.61,69.69,70.75,8886
2024-07-28 00:00:00+00:00,70.88,71.43,70.2,70.85,5930
2024-07-28 04:00:00+00:00,70.84,71.18,70.18,70.2,4563
2024-07-28 08:00:00+00:00,70.2,70.69,69.75,70.58,4321
2024-07-28 12:00:00+00:00,70.58,71.24,70.51,71.05,2863
2024-07-28 16:00:00+00:00,71.05,71.11,70.06,70.51,3881
2024-07-28 20:00:00+00:00,70.52,71.11,70.29,70.63,4348
2024-07-29 00:00:00+00:00,69.59,71.42,69.59,71.27,4348
2024-07-29 04:00:00+00:00,71.27,73.09,70.92,72.83,6514
2024-07-29 08:00:00+00:00,72.83,74.56,72.73,74.01,5701
2024-07-29 12:00:00+00:00,74.01,76.18,74.0,75.69,7443
2024-07-29 16:00:00+00:00,75.7,75.87,73.1,73.54,9582
2024-07-29 20:00:00+00:00,73.54,74.04,72.3,73.83,7023
2024-07-30 00:00:00+00:00,72.84,73.83,72.63,73.74,6980
2024-07-30 04:00:00+00:00,73.73,73.99,72.49,73.33,6008
2024-07-30 08:00:00+00:00,73.33,73.51,72.69,73.13,6370
2024-07-30 12:00:00+00:00,73.14,73.39,72.6,72.91,5986
2024-07-30 16:00:00+00:00,72.89,73.26,72.36,72.48,6953
2024-07-30 20:00:00+00:00,72.48,72.51,70.48,71.27,5719
2024-07-31 00:00:00+00:00,71.15,71.34,70.63,71.28,3902
2024-07-31 04:00:00+00:00,71.29,72.33,70.9,71.18,5016
2024-07-31 08:00:00+00:00,71.18,71.82,70.69,71.4,4993
2024-07-31 12:00:00+00:00,71.4,71.44,70.87,71.11,5774
2024-07-31 16:00:00+00:00,71.1,71.8,70.61,70.89,6493
2024-07-31 20:00:00+00:00,70.88,71.28,69.34,69.65,9126
2024-08-01 00:00:00+00:00,68.08,70.66,68.08,70.34,5503
2024-08-01 04:00:00+00:00,70.34,70.89,69.03,69.19,7781
2024-08-01 08:00:00+00:00,69.19,69.95,68.7,69.94,6589
2024-08-01 12:00:00+00:00,69.95,70.41,69.52,70.16,6136
2024-08-01 16:00:00+00:00,70.15,70.21,66.44,67.09,9725
2024-08-01 20:00:00+00:00,67.09,67.47,65.38,67.41,9448
2024-08-02 00:00:00+00:00,67.51,69.38,67.4,68.84,5776
2024-08-02 04:00:00+00:00,68.84,68.84,67.41,68.29,7233
2024-08-02 08:00:00+00:00,68.3,68.32,66.85,68.16,8609
2024-08-02 12:00:00+00:00,68.16,68.7,67.62,68.21,7368
2024-08-02 16:00:00+00:00,68.21,68.82,63.4,64.69,12500
2024-08-02 20:00:00+00:00,64.69,65.03,63.99,64.83,5790
2024-08-03 00:00:00+00:00,64.62,64.71,63.52,63.9,7325
2024-08-03 04:00:00+00:00,63.9,64.92,62.51,64.57,9198
2024-08-03 08:00:00+00:00,64.57,65.53,64.53,65.05,5117
2024-08-03 12:00:00+00:00,65.06,65.82,64.91,65.56,4911
2024-08-03 16:00:00+00:00,65.56,65.81,63.5,64.04,10774
2024-08-03 20:00:00+00:00,64.05,64.08,61.99,62.43,16707
2024-08-04 00:00:00+00:00,62.45,64.45,62.11,64.39,9129
2024-08-04 04:00:00+00:00,64.39,64.71,63.55,64.04,7482
2024-08-04 08:00:00+00:00,64.04,64.56,63.45,64.05,5941
2024-08-04 12:00:00+00:00,64.04,64.66,63.91,64.48,4423
2024-08-04 16:00:00+00:00,64.47,64.55,61.94,62.05,15526
2024-08-04 20:00:00+00:00,62.05,63.46,59.73,62.91,16495
2024-08-05 00:00:00+00:00,62.73,63.14,58.31,58.83,13825
2024-08-05 04:00:00+00:00,58.81,59.05,53.33,55.3,22310
2024-08-05 08:00:00+00:00,55.3,55.5,49.12,53.02,25848
2024-08-05 12:00:00+00:00,53.03,53.45,50.44,50.56,24634
2024-08-05 16:00:00+00:00,50.55,57.43,49.7,55.87,26275
2024-08-05 20:00:00+00:00,55.86,57.03,54.27,55.47,21645
2024-08-06 00:00:00+00:00,55.66,58.15,55.24,58.06,14610
2024-08-06 04:00:00+00:00,58.05,58.53,57.02,57.44,12471
2024-08-06 08:00:00+00:00,57.43,58.42,56.44,56.88,12981
2024-08-06 12:00:00+00:00,56.88,57.11,56.34,56.46,14304
2024-08-06 16:00:00+00:00,56.45,58.74,55.87,58.45,19634
2024-08-06 20:00:00+00:00,58.44,58.84,57.75,58.16,12076
2024-08-07 00:00:00+00:00,58.26,58.73,56.17,57.53,9453
2024-08-07 04:00:00+00:00,57.53,58.94,56.83,58.72,11875
2024-08-07 08:00:00+00:00,58.72,59.02,57.74,58.13,7508
2024-08-07 12:00:00+00:00,58.12,58.55,57.23,57.83,10795
2024-08-07 16:00:00+00:00,57.82,57.95,55.42,56.48,17150
2024-08-07 20:00:00+00:00,56.48,56.7,54.83,55.99,16627
2024-08-08 00:00:00+00:00,56.39,56.77,54.67,55.5,11252
2024-08-08 04:00:00+00:00,55.5,58.11,55.45,57.33,10082
2024-08-08 08:00:00+00:00,57.32,58.12,57.32,57.52,5426
2024-08-08 12:00:00+00:00,57.52,58.75,57.18,58.03,8749
2024-08-08 16:00:00+00:00,58.03,59.93,57.03,59.8,15385
2024-08-08 20:00:00+00:00,59.8,60.21,59.14,59.38,6915
2024-08-09 00:00:00+00:00,59.38,61.5,59.36,60.37,10182
2024-08-09 04:00:00+00:00,60.37,60.64,59.44,59.46,6436
2024-08-09 08:00:00+00:00,59.46,60.37,59.29,60.34,5897
2024-08-09 12:00:00+00:00,60.34,60.37,58.62,59.85,9019
2024-08-09 16:00:00+00:00,59.84,60.6,58.81,59.87,14643
2024-08-09 20:00:00+00:00,59.87,60.04,59.35,59.63,7124
2024-08-10 00:00:00+00:00,59.26,60.91,59.22,59.97,6798
2024-08-10 04:00:00+00:00,59.96,60.39,59.64,59.92,5691
2024-08-10 08:00:00+00:00,59.92,60.5,59.8,60.5,3444
2024-08-10 12:00:00+00:00,60.5,61.05,60.17,60.72,3989
2024-08-10 16:00:00+00:00,60.72,60.81,60.3,60.52,4643
2024-08-10 20:00:00+00:00,60.52,60.83,60.19,60.49,3519
2024-08-11 00:00:00+00:00,60.53,60.97,60.4,60.89,3243
2024-08-11 04:00:00+00:00,60.89,61.67,60.84,61.01,5240
2024-08-11 08:00:00+00:00,61.02,61.44,60.97,61.37,3074
2024-08-11 12:00:00+00:00,61.37,61.86,60.0,60.49,4697
2024-08-11 16:00:00+00:00,60.49,60.63,59.33,60.15,6802
2024-08-11 20:00:00+00:00,60.14,61.0,58.61,58.73,7821
2024-08-12 00:00:00+00:00,58.91,59.66,58.3,59.27,9342
2024-08-12 04:00:00+00:00,59.26,60.27,59.2,59.84,5778
2024-08-12 08:00:00+00:00,59.84,60.62,59.37,59.95,7348
2024-08-12 12:00:00+00:00,59.95,61.39,59.86,60.6,8732
2024-08-12 16:00:00+00:00,60.61,61.53,58.95,61.26,16495
2024-08-12 20:00:00+00:00,61.24,61.57,60.06,60.44,10009
2024-08-13 00:00:00+00:00,60.21,61.79,59.9,61.7,7582
2024-08-13 04:00:00+00:00,61.7,62.12,61.02,61.3,9242
2024-08-13 08:00:00+00:00,61.29,61.82,60.99,61.25,6832
2024-08-13 12:00:00+00:00,61.26,61.66,59.74,61.6,7572
2024-08-13 16:00:00+00:00,61.59,63.02,60.31,62.54,8207
2024-08-13 20:00:00+00:00,62.54,62.98,62.18,62.39,7905
2024-08-14 00:00:00+00:00,62.54,63.14,62.38,62.94,5586
2024-08-14 04:00:00+00:00,62.93,63.5,62.52,63.35,4568
2024-08-14 08:00:00+00:00,63.36,63.64,62.77,63.1,5794
2024-08-14 12:00:00+00:00,63.1,63.6,61.99,63.47,6018
2024-08-14 16:00:00+00:00,63.47,64.0,62.06,63.15,13468
2024-08-14 20:00:00+00:00,63.15,64.13,63.1,63.85,6198
2024-08-15 00:00:00+00:00,64.04,64.19,63.31,64.12,4910
2024-08-15 04:00:00+00:00,64.12,64.44,63.6,64.27,5778
2024-08-15 08:00:00+00:00,64.27,64.35,63.1,64.3,7004
2024-08-15 12:00:00+00:00,64.3,65.21,63.49,64.68,7975
2024-08-15 16:00:00+00:00,64.68,66.39,64.49,66.29,10383
2024-08-15 20:00:00+00:00,66.29,66.38,63.22,64.22,15206
2024-08-16 00:00:00+00:00,64.49,65.36,63.81,64.98,7065
2024-08-16 04:00:00+00:00,64.98,65.5,64.38,65.47,9006
2024-08-16 08:00:00+00:00,65.47,66.26,64.74,64.91,6735
2024-08-16 12:00:00+00:00,64.91,65.24,63.79,64.27,5814
2024-08-16 16:00:00+00:00,64.28,66.02,64.22,65.38,12524
2024-08-16 20:00:00+00:00,65.38,66.29,65.1,65.94,8116
2024-08-17 00:00:00+00:00,65.9,66.1,65.66,66.0,3619
2024-08-17 04:00:00+00:00,66.0,66.1,65.39,65.78,4986
2024-08-17 08:00:00+00:00,65.77,66.51,65.58,66.42,3400
2024-08-17 12:00:00+00:00,66.42,67.37,65.83,67.34,3846
2024-08-17 16:00:00+00:00,67.35,67.36,66.43,66.76,5271
2024-08-17 20:00:00+00:00,66.76,67.24,66.57,67.21,4125
2024-08-18 00:00:00+00:00,67.2,67.35,66.93,66.96,4059
2024-08-18 04:00:00+00:00,66.97,67.42,66.77,67.11,5608
2024-08-18 08:00:00+00:00,67.11,67.2,66.64,66.87,3695
2024-08-18 12:00:00+00:00,66.86,67.65,66.76,67.2,3098
2024-08-18 16:00:00+00:00,67.2,67.38,65.98,66.38,4723
2024-08-18 20:00:00+00:00,66.38,66.76,66.03,66.15,3904
2024-08-19 00:00:00+00:00,66.05,66.18,64.9,65.7,6242
2024-08-19 04:00:00+00:00,65.7,66.29,65.48,65.97,6077
2024-08-19 08:00:00+00:00,65.96,66.4,65.62,66.37,4151
2024-08-19 12:00:00+00:00,66.36,66.94,65.92,66.42,5955
2024-08-19 16:00:00+00:00,66.43,66.86,65.04,66.12,7865
2024-08-19 20:00:00+00:00,66.12,66.68,65.73,66.23,6060
2024-08-20 00:00:00+00:00,66.2,66.73,65.2,66.57,6146
2024-08-20 04:00:00+00:00,66.58,66.82,66.03,66.67,4018
2024-08-20 08:00:00+00:00,66.67,66.8,65.65,65.76,4467
2024-08-20 12:00:00+00:00,65.74,65.99,65.49,65.68,4101
2024-08-20 16:00:00+00:00,65.68,65.71,62.35,63.14,11679
2024-08-20 20:00:00+00:00,63.14,64.27,63.09,64.06,5052
2024-08-21 00:00:00+00:00,63.94,64.44,63.55,63.61,4399
2024-08-21 04:00:00+00:00,63.61,64.17,63.28,63.71,5002
2024-08-21 08:00:00+00:00,63.72,63.78,62.58,62.63,5806
2024-08-21 12:00:00+00:00,62.62,62.67,61.85,62.25,6146
2024-08-21 16:00:00+00:00,62.26,63.05,61.53,62.06,11219
2024-08-21 20:00:00+00:00,62.05,64.14,61.71,63.4,9686
2024-08-22 00:00:00+00:00,63.56,64.29,63.25,63.27,5873
2024-08-22 04:00:00+00:00,63.27,63.46,61.99,62.88,7498
2024-08-22 08:00:00+00:00,62.88,63.23,62.65,63.03,3822
2024-08-22 12:00:00+00:00,63.03,63.24,62.62,63.02,6384
2024-08-22 16:00:00+00:00,63.01,63.1,62.28,62.64,9968
2024-08-22 20:00:00+00:00,62.64,63.65,62.44,63.3,4770
2024-08-23 00:00:00+00:00,63.26,63.51,62.19,63.22,3876
2024-08-23 04:00:00+00:00,63.22,63.57,63.07,63.42,3340
2024-08-23 08:00:00+00:00,63.42,63.92,63.42,63.64,5051
2024-08-23 12:00:00+00:00,63.64,63.96,62.32,63.54,4218
2024-08-23 16:00:00+00:00,63.54,64.48,62.93,64.4,12662
2024-08-23 20:00:00+00:00,64.4,65.55,64.28,65.54,7324
2024-08-24 00:00:00+00:00,65.82,66.37,65.27,65.43,3729
2024-08-24 04:00:00+00:00,65.42,65.85,64.96,65.37,3315
2024-08-24 08:00:00+00:00,65.37,66.24,65.35,66.21,3373
2024-08-24 12:00:00+00:00,66.19,67.07,65.23,66.58,3715
2024-08-24 16:00:00+00:00,66.48,67.48,66.22,67.28,6061
2024-08-24 20:00:00+00:00,67.28,67.4,66.67,66.72,5343
2024-08-25 00:00:00+00:00,66.58,66.66,65.48,65.57,6031
2024-08-25 04:00:00+00:00,65.56,65.98,64.99,65.5,5360
2024-08-25 08:00:00+00:00,65.5,65.54,63.94,64.7,5620
2024-08-25 12:00:00+00:00,64.7,64.87,64.35,64.81,3234
2024-08-25 16:00:00+00:00,64.81,65.42,64.27,64.38,5038
2024-08-25 20:00:00+00:00,64.37,64.82,64.33,64.47,3778
2024-08-26 00:00:00+00:00,64.41,65.0,64.0,64.18,7095
2024-08-26 04:00:00+00:00,64.18,64.29,63.44,63.9,6754
2024-08-26 08:00:00+00:00,63.9,64.04,63.48,63.94,5029
2024-08-26 12:00:00+00:00,63.94,64.35,63.03,63.34,6668
2024-08-26 16:00:00+00:00,63.34,64.13,63.15,63.85,7572
2024-08-26 20:00:00+00:00,63.84,63.91,61.7,63.42,8805
2024-08-27 00:00:00+00:00,63.36,63.37,62.46,62.65,5180
2024-08-27 04:00:00+00:00,62.64,62.98,62.38,62.88,4944
2024-08-27 08:00:00+00:00,62.88,63.26,62.33,62.77,4909
2024-08-27 12:00:00+00:00,62.77,62.94,61.84,62.44,8075
2024-08-27 16:00:00+00:00,62.44,62.97,61.58,62.51,10812
2024-08-27 20:00:00+00:00,62.51,63.47,62.43,62.85,6866
2024-08-28 00:00:00+00:00,63.08,63.08,58.53,59.72,15052
2024-08-28 04:00:00+00:00,59.72,60.37,59.24,60.26,7720
2024-08-28 08:00:00+00:00,60.26,60.56,59.23,60.2,7879
2024-08-28 12:00:00+00:00,60.2,61.51,60.01,61.06,9301
2024-08-28 16:00:00+00:00,61.05,61.24,58.9,60.45,16578
2024-08-28 20:00:00+00:00,60.44,61.89,59.8,61.76,13385
2024-08-29 00:00:00+00:00,60.65,61.84,60.42,61.42,7476
2024-08-29 04:00:00+00:00,61.42,61.81,61.02,61.43,5587
2024-08-29 08:00:00+00:00,61.43,62.19,61.34,61.74,6140
2024-08-29 12:00:00+00:00,61.75,62.24,61.52,62.12,6712
2024-08-29 16:00:00+00:00,62.12,63.15,61.93,63.06,10355
2024-08-29 20:00:00+00:00,63.06,63.43,60.85,61.22,12415
2024-08-30 00:00:00+00:00,61.45,62.85,60.42,61.61,9685
2024-08-30 04:00:00+00:00,61.62,61.96,61.34,61.61,5937
2024-08-30 08:00:00+00:00,61.61,63.54,61.39,62.72,6620
2024-08-30 12:00:00+00:00,62.73,63.44,62.62,62.85,5803
2024-08-30 16:00:00+00:00,62.85,63.07,61.04,62.27,16530
2024-08-30 20:00:00+00:00,62.27,64.25,61.86,64.03,9242
2024-08-31 00:00:00+00:00,64.64,65.03,64.14,64.9,4042
2024-08-31 04:00:00+00:00,64.91,65.59,64.63,65.13,6158
2024-08-31 08:00:00+00:00,65.13,65.96,64.64,64.75,5593
2024-08-31 12:00:00+00:00,64.75,65.56,64.73,64.98,4460
2024-08-31 16:00:00+00:00,64.98,65.16,64.42,64.99,4319
2024-08-31 20:00:00+00:00,64.99,64.99,64.39,64.47,4200
2024-09-01 00:00:00+00:00,64.46,64.93,64.09,64.13,2843
2024-09-01 04:00:00+00:00,64.13,64.13,63.52,63.89,4156
2024-09-01 08:00:00+00:00,63.89,64.19,63.33,63.72,5232
2024-09-01 12:00:00+00:00,63.72,63.91,63.39,63.65,3460
2024-09-01 16:00:00+00:00,63.65,64.47,63.28,64.35,5816
2024-09-01 20:00:00+00:00,64.35,64.62,63.67,64.42,7915
2024-09-02 00:00:00+00:00,64.47,64.47,62.29,63.22,8347
2024-09-02 04:00:00+00:00,63.21,63.61,62.49,62.51,7458
2024-09-02 08:00:00+00:00,62.5,63.24,62.08,62.87,7531
2024-09-02 12:00:00+00:00,62.87,64.05,62.35,63.84,9158
2024-09-02 16:00:00+00:00,63.83,64.26,63.03,64.1,10101
2024-09-02 20:00:00+00:00,64.11,65.15,63.89,64.94,7093
2024-09-03 00:00:00+00:00,65.22,65.25,64.58,65.06,5221
2024-09-03 04:00:00+00:00,65.07,65.87,65.03,65.28,5092
2024-09-03 08:00:00+00:00,65.28,65.73,64.41,65.54,5093
2024-09-03 12:00:00+00:00,65.54,65.8,65.22,65.38,4259
2024-09-03 16:00:00+00:00,65.39,65.5,64.13,64.16,11580
2024-09-03 20:00:00+00:00,64.15,65.36,63.9,64.91,7241
2024-09-04 00:00:00+00:00,64.81,64.87,63.59,63.67,6286
2024-09-04 04:00:00+00:00,63.67,65.42,61.53,65.31,11492
2024-09-04 08:00:00+00:00,65.31,65.7,64.1,65.62,9581
2024-09-04 12:00:00+00:00,65.62,65.73,64.33,64.65,9169
2024-09-04 16:00:00+00:00,64.65,65.72,63.6,65.61,13801
2024-09-04 20:00:00+00:00,65.61,65.67,64.75,65.05,6494
2024-09-05 00:00:00+00:00,64.95,65.38,64.73,65.34,4372
2024-09-05 04:00:00+00:00,65.34,66.51,64.6,64.9,7217
2024-09-05 08:00:00+00:00,64.9,68.04,64.15,66.92,10058
2024-09-05 12:00:00+00:00,66.92,66.93,64.63,64.72,8269
2024-09-05 16:00:00+00:00,64.72,65.24,63.72,64.59,11391
2024-09-05 20:00:00+00:00,64.58,65.76,63.93,65.63,10609
2024-09-06 00:00:00+00:00,65.44,65.92,64.41,65.87,7068
2024-09-06 04:00:00+00:00,65.88,66.27,65.58,65.83,8172
2024-09-06 08:00:00+00:00,65.82,65.82,64.21,64.75,9147
2024-09-06 12:00:00+00:00,64.75,65.47,64.55,65.31,9474
2024-09-06 16:00:00+00:00,65.29,65.51,62.59,63.21,22058
2024-09-06 20:00:00+00:00,63.21,63.61,61.12,61.25,15909
2024-09-07 00:00:00+00:00,61.94,62.87,61.87,62.45,4924
2024-09-07 04:00:00+00:00,62.44,63.47,62.24,63.39,5097
2024-09-07 08:00:00+00:00,63.39,63.62,62.87,63.32,5824
2024-09-07 12:00:00+00:00,63.32,63.32,62.79,62.93,4572
2024-09-07 16:00:00+00:00,62.94,62.94,61.98,61.99,6805
2024-09-07 20:00:00+00:00,62.0,62.32,61.6,61.61,5887
2024-09-08 00:00:00+00:00,61.56,61.64,61.11,61.37,4278
2024-09-08 04:00:00+00:00,61.38,61.78,61.15,61.61,3951
2024-09-08 08:00:00+00:00,61.62,61.8,61.23,61.32,4568
2024-09-08 12:00:00+00:00,61.33,61.7,60.8,60.82,3270
2024-09-08 16:00:00+00:00,60.82,60.82,59.7,60.08,6337
2024-09-08 20:00:00+00:00,60.08,60.69,59.97,60.18,5033
2024-09-09 00:00:00+00:00,60.11,60.76,59.41,60.28,8453
2024-09-09 04:00:00+00:00,60.27,60.34,59.47,59.78,6617
2024-09-09 08:00:00+00:00,59.78,60.42,59.68,60.41,6773
2024-09-09 12:00:00+00:00,60.41,60.53,59.64,59.88,6031
2024-09-09 16:00:00+00:00,59.87,60.48,59.14,60.39,12032
2024-09-09 20:00:00+00:00,60.39,61.0,60.26,60.69,9707
2024-09-10 00:00:00+00:00,60.87,61.31,60.28,60.39,6001
2024-09-10 04:00:00+00:00,60.39,60.4,59.81,60.15,4853
2024-09-10 08:00:00+00:00,60.15,60.98,59.99,60.37,5488
2024-09-10 12:00:00+00:00,60.37,60.82,60.15,60.57,5251
2024-09-10 16:00:00+00:00,60.56,60.71,59.43,60.46,9881
2024-09-10 20:00:00+00:00,60.47,61.25,60.45,60.94,7302
2024-09-11 00:00:00+00:00,60.96,61.28,60.61,60.93,3577
2024-09-11 04:00:00+00:00,60.93,61.04,60.03,60.8,8409
2024-09-11 08:00:00+00:00,60.79,61.51,60.11,61.04,6750
2024-09-11 12:00:00+00:00,61.04,61.24,60.25,60.52,7850
2024-09-11 16:00:00+00:00,60.51,61.48,59.59,61.29,14175
2024-09-11 20:00:00+00:00,61.28,61.92,61.26,61.42,7874
2024-09-12 00:00:00+00:00,61.43,61.87,61.26,61.66,3858
2024-09-12 04:00:00+00:00,61.66,62.03,61.32,61.62,6131
2024-09-12 08:00:00+00:00,61.62,61.93,61.38,61.54,4680
2024-09-12 12:00:00+00:00,61.54,61.56,60.99,61.53,4481
2024-09-12 16:00:00+00:00,61.51,62.3,61.1,62.24,9256
2024-09-12 20:00:00+00:00,62.24,62.63,62.08,62.26,5205
2024-09-13 00:00:00+00:00,62.23,62.51,61.91,62.04,4428
2024-09-13 04:00:00+00:00,62.04,62.31,61.92,62.02,3619
2024-09-13 08:00:00+00:00,62.03,62.73,62.01,62.66,3010
2024-09-13 12:00:00+00:00,62.65,63.27,62.65,63.25,4527
2024-09-13 16:00:00+00:00,63.25,64.53,63.08,64.21,8110
2024-09-13 20:00:00+00:00,64.22,64.32,63.77,64.1,5331
2024-09-14 00:00:00+00:00,64.31,64.59,64.08,64.5,2470
2024-09-14 04:00:00+00:00,64.51,65.17,64.49,64.77,2938
2024-09-14 08:00:00+00:00,64.77,65.12,64.35,65.04,3433
2024-09-14 12:00:00+00:00,65.04,65.46,64.98,65.23,4135
2024-09-14 16:00:00+00:00,65.24,66.26,65.21,66.19,3749
2024-09-14 20:00:00+00:00,66.19,66.27,65.15,65.46,4157
2024-09-15 00:00:00+00:00,65.44,65.64,65.09,65.5,2750
2024-09-15 04:00:00+00:00,65.5,65.84,64.76,64.82,2718
2024-09-15 08:00:00+00:00,64.81,64.96,64.25,64.28,2523
2024-09-15 12:00:00+00:00,64.27,64.43,64.02,64.29,2771
2024-09-15 16:00:00+00:00,64.31,64.54,63.62,63.74,3728
2024-09-15 20:00:00+00:00,63.74,63.89,63.39,63.68,4052
2024-09-16 00:00:00+00:00,62.24,63.55,62.24,62.58,7718
2024-09-16 04:00:00+00:00,62.57,62.62,61.91,62.13,7251
2024-09-16 08:00:00+00:00,62.12,63.24,62.1,62.92,5023
2024-09-16 12:00:00+00:00,62.91,63.06,62.36,62.42,5197
2024-09-16 16:00:00+00:00,62.43,62.83,61.95,62.12,7902
2024-09-16 20:00:00+00:00,62.11,62.22,61.64,61.81,7651
2024-09-17 00:00:00+00:00,61.75,62.25,61.57,61.63,3625
2024-09-17 04:00:00+00:00,61.62,62.79,61.43,62.77,4310
2024-09-17 08:00:00+00:00,62.78,62.96,62.22,62.22,3548
2024-09-17 12:00:00+00:00,62.22,62.31,61.69,62.24,4956
2024-09-17 16:00:00+00:00,62.24,63.54,61.88,63.04,10926
2024-09-17 20:00:00+00:00,63.04,63.21,61.9,62.95,8638
2024-09-18 00:00:00+00:00,62.98,63.4,62.8,63.24,4670
2024-09-18 04:00:00+00:00,63.23,63.86,62.97,63.42,5578
2024-09-18 08:00:00+00:00,63.41,63.65,63.05,63.34,3588
2024-09-18 12:00:00+00:00,63.34,63.36,62.58,62.77,5490
2024-09-18 16:00:00+00:00,62.77,63.03,61.88,63.02,8103
2024-09-18 20:00:00+00:00,63.03,63.97,62.14,63.65,16523
2024-09-19 00:00:00+00:00,63.6,64.99,63.45,64.78,5161
2024-09-19 04:00:00+00:00,64.78,64.88,64.2,64.48,5195
2024-09-19 08:00:00+00:00,64.48,64.92,64.34,64.43,4461
2024-09-19 12:00:00+00:00,64.43,65.42,64.41,65.0,5124
2024-09-19 16:00:00+00:00,65.0,65.46,63.61,65.32,7884
2024-09-19 20:00:00+00:00,65.32,65.58,65.0,65.16,5697
2024-09-20 00:00:00+00:00,65.09,65.25,64.62,64.8,4704
2024-09-20 04:00:00+00:00,64.79,65.72,64.35,65.58,7084
2024-09-20 08:00:00+00:00,65.59,65.94,65.31,65.59,6719
2024-09-20 12:00:00+00:00,65.59,65.82,65.33,65.56,4054
2024-09-20 16:00:00+00:00,65.56,65.6,64.03,64.11,8891
2024-09-20 20:00:00+00:00,64.1,65.27,63.8,64.67,4092
2024-09-21 00:00:00+00:00,64.65,65.01,64.6,64.9,2273
2024-09-21 04:00:00+00:00,64.9,65.02,64.31,64.49,3976
2024-09-21 08:00:00+00:00,64.5,65.45,64.42,65.35,2787
2024-09-21 12:00:00+00:00,65.36,65.46,64.95,65.43,2069
2024-09-21 16:00:00+00:00,65.43,66.34,65.33,66.25,4028
2024-09-21 20:00:00+00:00,66.25,66.49,66.06,66.24,3213
2024-09-22 00:00:00+00:00,65.88,66.63,65.88,66.47,4192
2024-09-22 04:00:00+00:00,66.46,66.86,66.03,66.84,4792
2024-09-22 08:00:00+00:00,66.84,67.03,66.33,66.88,3686
2024-09-22 12:00:00+00:00,66.88,67.05,66.29,67.05,4015
2024-09-22 16:00:00+00:00,67.05,67.07,65.99,66.82,4518
2024-09-22 20:00:00+00:00,66.83,67.48,66.71,67.31,4977
2024-09-23 00:00:00+00:00,67.5,68.3,65.94,67.84,10172
2024-09-23 04:00:00+00:00,67.84,68.82,67.52,67.66,10218
2024-09-23 08:00:00+00:00,67.67,67.85,66.69,66.96,6499
2024-09-23 12:00:00+00:00,66.96,67.25,66.3,66.39,5480
2024-09-23 16:00:00+00:00,66.39,67.53,66.21,67.05,10501
2024-09-23 20:00:00+00:00,67.05,67.22,66.45,66.47,4788
2024-09-24 00:00:00+00:00,66.46,66.74,65.89,65.94,5628
2024-09-24 04:00:00+00:00,65.94,66.32,65.65,65.77,6348
2024-09-24 08:00:00+00:00,65.77,66.64,65.72,66.55,5952
2024-09-24 12:00:00+00:00,66.55,66.63,66.01,66.35,5364
2024-09-24 16:00:00+00:00,66.36,66.6,65.16,65.47,8830
2024-09-24 20:00:00+00:00,65.46,66.33,65.45,65.87,6319
2024-09-25 00:00:00+00:00,64.08,66.51,64.08,66.13,5270
2024-09-25 04:00:00+00:00,66.11,66.72,66.02,66.02,6231
2024-09-25 08:00:00+00:00,66.02,66.29,65.39,65.73,6152
2024-09-25 12:00:00+00:00,65.74,66.08,65.6,65.97,5501
2024-09-25 16:00:00+00:00,65.97,67.35,65.88,67.19,8414
2024-09-25 20:00:00+00:00,67.16,67.26,66.35,66.76,7504
2024-09-26 00:00:00+00:00,66.74,66.9,65.23,65.39,6336
2024-09-26 04:00:00+00:00,65.38,66.17,65.09,66.08,6680
2024-09-26 08:00:00+00:00,66.09,67.24,66.05,66.72,5577
2024-09-26 12:00:00+00:00,66.73,67.38,66.68,67.02,6083
2024-09-26 16:00:00+00:00,67.03,68.01,66.73,67.58,10077
2024-09-26 20:00:00+00:00,67.58,67.92,67.16,67.17,5815
2024-09-27 00:00:00+00:00,67.15,68.34,67.14,68.3,5061
2024-09-27 04:00:00+00:00,68.3,68.98,67.8,68.91,5824
2024-09-27 08:00:00+00:00,68.9,69.2,68.28,68.72,5806
2024-09-27 12:00:00+00:00,68.72,69.88,68.7,69.79,5378
2024-09-27 16:00:00+00:00,69.79,70.23,69.3,70.07,8293
2024-09-27 20:00:00+00:00,70.07,70.29,69.55,70.29,4140
2024-09-28 00:00:00+00:00,70.14,70.94,70.14,70.82,2181
2024-09-28 04:00:00+00:00,70.82,71.01,70.36,70.79,3399
2024-09-28 08:00:00+00:00,70.79,70.82,69.38,69.45,5841
2024-09-28 12:00:00+00:00,69.45,69.55,68.67,68.83,5820
2024-09-28 16:00:00+00:00,68.82,69.58,68.47,68.91,5667
2024-09-28 20:00:00+00:00,68.9,69.42,68.9,69.3,2940
2024-09-29 00:00:00+00:00,69.33,69.71,68.28,69.14,4034
2024-09-29 04:00:00+00:00,69.15,69.38,68.55,68.7,4216
2024-09-29 08:00:00+00:00,68.7,68.86,68.01,68.43,4467
2024-09-29 12:00:00+00:00,68.42,68.73,68.19,68.2,2857
2024-09-29 16:00:00+00:00,68.2,69.56,68.09,69.18,4512
2024-09-29 20:00:00+00:00,69.18,69.82,69.18,69.51,2776
2024-09-30 00:00:00+00:00,69.62,69.82,68.04,68.61,6524
2024-09-30 04:00:00+00:00,68.61,68.67,66.98,67.09,8374
2024-09-30 08:00:00+00:00,67.08,67.89,67.06,67.46,4993
2024-09-30 12:00:00+00:00,67.44,67.5,66.01,66.69,8525
2024-09-30 16:00:00+00:00,66.69,67.14,66.02,66.37,8163
2024-09-30 20:00:00+00:00,66.37,67.07,66.26,66.88,5563
2024-10-01 00:00:00+00:00,66.8,66.91,65.75,66.84,7412
2024-10-01 04:00:00+00:00,66.84,67.62,66.76,67.59,4207
2024-10-01 08:00:00+00:00,67.59,67.91,67.32,67.6,4472
2024-10-01 12:00:00+00:00,67.6,68.06,67.37,67.51,4758
2024-10-01 16:00:00+00:00,67.51,67.54,63.01,64.09,18630
2024-10-01 20:00:00+00:00,64.08,64.09,61.43,62.24,17784
2024-10-02 00:00:00+00:00,62.45,63.23,61.96,63.14,7434
2024-10-02 04:00:00+00:00,63.13,63.79,63.03,63.43,5859
2024-10-02 08:00:00+00:00,63.41,64.23,63.32,64.01,5209
2024-10-02 12:00:00+00:00,64.01,64.05,62.56,62.79,7724
2024-10-02 16:00:00+00:00,62.77,63.7,62.16,63.36,10776
2024-10-02 20:00:00+00:00,63.36,63.48,61.72,62.73,11040
2024-10-03 00:00:00+00:00,62.71,62.9,61.75,62.69,6899
2024-10-03 04:00:00+00:00,62.7,63.49,62.68,63.22,5819
2024-10-03 08:00:00+00:00,63.22,63.42,61.98,62.21,7561
2024-10-03 12:00:00+00:00,62.21,62.96,61.4,62.52,9412
2024-10-03 16:00:00+00:00,62.52,62.85,61.46,62.05,16035
2024-10-03 20:00:00+00:00,62.05,62.9,61.7,62.6,7184
2024-10-04 00:00:00+00:00,62.49,63.21,62.45,62.87,4575
2024-10-04 04:00:00+00:00,62.88,63.98,62.85,63.71,5476
2024-10-04 08:00:00+00:00,63.7,64.08,63.52,63.75,3997
2024-10-04 12:00:00+00:00,63.75,64.05,63.33,63.92,5414
2024-10-04 16:00:00+00:00,63.92,64.58,63.24,64.47,9201
2024-10-04 20:00:00+00:00,64.46,64.69,64.09,64.58,3534
2024-10-05 00:00:00+00:00,64.36,64.87,64.31,64.87,2036
2024-10-05 04:00:00+00:00,64.87,64.98,64.16,64.79,3855
2024-10-05 08:00:00+00:00,64.78,65.07,64.66,65.01,2507
2024-10-05 12:00:00+00:00,65.01,65.31,64.9,65.31,2174
2024-10-05 16:00:00+00:00,65.31,65.71,64.96,65.36,3361
2024-10-05 20:00:00+00:00,65.36,65.84,64.56,64.64,4151
2024-10-06 00:00:00+00:00,64.61,65.97,64.54,65.81,2381
2024-10-06 04:00:00+00:00,65.81,66.21,65.73,65.98,2766
2024-10-06 08:00:00+00:00,65.99,66.64,65.93,66.54,2800
2024-10-06 12:00:00+00:00,66.53,67.14,66.53,66.91,2938
2024-10-06 16:00:00+00:00,66.91,67.05,66.55,66.74,3636
2024-10-06 20:00:00+00:00,66.74,66.92,66.57,66.84,2728
2024-10-07 00:00:00+00:00,66.85,67.07,66.33,67.06,3570
2024-10-07 04:00:00+00:00,67.06,67.46,66.85,67.09,3485
2024-10-07 08:00:00+00:00,67.09,67.31,66.73,66.82,3662
2024-10-07 12:00:00+00:00,66.81,66.82,65.07,65.17,7481
2024-10-07 16:00:00+00:00,65.17,66.51,65.05,65.77,8368
2024-10-07 20:00:00+00:00,65.77,65.78,64.19,65.13,5757
2024-10-08 00:00:00+00:00,65.21,65.33,63.98,64.61,4701
2024-10-08 04:00:00+00:00,64.61,64.91,64.43,64.88,3522
2024-10-08 08:00:00+00:00,64.88,64.92,64.02,64.56,4567
2024-10-08 12:00:00+00:00,64.56,65.11,64.44,65.01,3334
2024-10-08 16:00:00+00:00,65.01,65.48,64.43,65.26,7727
2024-10-08 20:00:00+00:00,65.26,65.46,64.83,65.46,4906
2024-10-09 00:00:00+00:00,65.62,65.62,64.56,65.15,4399
2024-10-09 04:00:00+00:00,65.16,65.45,64.85,65.04,4448
2024-10-09 08:00:00+00:00,65.04,65.43,65.02,65.1,4405
2024-10-09 12:00:00+00:00,65.1,65.26,64.37,64.6,4360
2024-10-09 16:00:00+00:00,64.61,65.11,64.22,64.37,7203
2024-10-09 20:00:00+00:00,64.37,64.8,63.7,63.81,7124
2024-10-10 00:00:00+00:00,63.82,64.14,63.53,63.94,4455
2024-10-10 04:00:00+00:00,63.93,64.46,63.91,64.24,3993
2024-10-10 08:00:00+00:00,64.23,64.51,64.09,64.22,3764
2024-10-10 12:00:00+00:00,64.22,64.37,63.29,63.76,5078
2024-10-10 16:00:00+00:00,63.73,64.07,63.34,63.7,6904
2024-10-10 20:00:00+00:00,63.69,64.02,62.65,63.53,7014
2024-10-11 00:00:00+00:00,63.43,64.01,63.23,63.95,2764
2024-10-11 04:00:00+00:00,63.94,64.63,63.8,64.38,3524
2024-10-11 08:00:00+00:00,64.38,64.5,64.06,64.38,2714
2024-10-11 12:00:00+00:00,64.37,64.79,64.37,64.58,3766
2024-10-11 16:00:00+00:00,64.58,65.11,64.34,64.98,5065
2024-10-11 20:00:00+00:00,64.98,65.43,64.9,65.15,2973
2024-10-12 00:00:00+00:00,65.09,65.24,64.95,65.2,2110
2024-10-12 04:00:00+00:00,65.2,65.29,64.53,64.9,3458
2024-10-12 08:00:00+00:00,64.89,65.68,64.86,65.63,3052
2024-10-12 12:00:00+00:00,65.63,66.03,65.59,65.91,3704
2024-10-12 16:00:00+00:00,65.91,66.13,65.66,65.74,3905
2024-10-12 20:00:00+00:00,65.74,65.96,65.62,65.82,2129
2024-10-13 00:00:00+00:00,65.79,65.86,65.48,65.5,2904
2024-10-13 04:00:00+00:00,65.5,65.51,64.97,65.26,2160
2024-10-13 08:00:00+00:00,65.26,65.39,64.82,64.86,1903
2024-10-13 12:00:00+00:00,64.85,65.17,64.53,64.83,2219
2024-10-13 16:00:00+00:00,64.83,64.97,63.96,64.49,4906
2024-10-13 20:00:00+00:00,64.49,64.56,63.88,64.21,3926
2024-10-14 00:00:00+00:00,64.28,64.52,63.7,63.79,3770
2024-10-14 04:00:00+00:00,63.8,65.33,63.61,64.9,7521
2024-10-14 08:00:00+00:00,64.9,65.14,64.67,65.02,5919
2024-10-14 12:00:00+00:00,65.03,65.5,64.87,65.45,5013
2024-10-14 16:00:00+00:00,65.44,66.7,65.27,66.13,8358
2024-10-14 20:00:00+00:00,66.14,66.52,65.8,66.24,4543
2024-10-15 00:00:00+00:00,66.25,67.2,65.08,66.96,5261
2024-10-15 04:00:00+00:00,66.95,67.27,66.14,66.61,5883
2024-10-15 08:00:00+00:00,66.6,66.67,66.02,66.56,6194
2024-10-15 12:00:00+00:00,66.56,66.68,65.19,66.59,7683
2024-10-15 16:00:00+00:00,66.6,71.42,64.77,69.22,19139
2024-10-15 20:00:00+00:00,69.22,69.58,67.97,68.68,10094
2024-10-16 00:00:00+00:00,68.86,72.49,68.58,71.4,8935
2024-10-16 04:00:00+00:00,71.4,72.3,70.59,70.75,9799
2024-10-16 08:00:00+00:00,70.75,71.44,69.93,70.09,8407
2024-10-16 12:00:00+00:00,70.09,71.57,69.92,70.37,9417
2024-10-16 16:00:00+00:00,70.37,70.65,68.82,69.57,10175
2024-10-16 20:00:00+00:00,69.57,70.07,69.42,69.58,4984
2024-10-17 00:00:00+00:00,69.66,70.1,69.34,69.8,4694
2024-10-17 04:00:00+00:00,69.78,70.48,69.73,70.23,6311
2024-10-17 08:00:00+00:00,70.24,70.77,69.75,70.44,7338
2024-10-17 12:00:00+00:00,70.45,71.07,69.88,71.05,8859
2024-10-17 16:00:00+00:00,71.04,72.15,70.5,71.91,11460
2024-10-17 20:00:00+00:00,71.93,72.58,70.78,72.38,9771
2024-10-18 00:00:00+00:00,72.32,73.46,71.58,72.36,6720
2024-10-18 04:00:00+00:00,72.35,74.32,71.88,72.36,10210
2024-10-18 08:00:00+00:00,72.36,72.45,71.41,71.62,7090
2024-10-18 12:00:00+00:00,71.61,72.03,71.34,71.97,5889
2024-10-18 16:00:00+00:00,71.98,72.86,71.65,72.56,7735
2024-10-18 20:00:00+00:00,72.55,73.26,71.7,72.89,5202
2024-10-19 00:00:00+00:00,72.86,73.33,72.48,72.94,3570
2024-10-19 04:00:00+00:00,72.94,73.62,72.85,73.46,3439
2024-10-19 08:00:00+00:00,73.45,74.28,73.44,74.27,3084
2024-10-19 12:00:00+00:00,74.27,75.66,74.04,74.21,6476
2024-10-19 16:00:00+00:00,74.21,75.03,74.1,74.34,4319
2024-10-19 20:00:00+00:00,74.34,75.12,73.82,74.78,3491
2024-10-20 00:00:00+00:00,74.8,74.93,74.16,74.53,3108
2024-10-20 04:00:00+00:00,74.53,74.94,74.0,74.31,3803
2024-10-20 08:00:00+00:00,74.32,74.42,73.58,73.91,3565
2024-10-20 12:00:00+00:00,73.91,74.85,73.79,74.39,3113
2024-10-20 16:00:00+00:00,74.39,75.35,73.91,73.93,5250
2024-10-20 20:00:00+00:00,73.93,74.17,73.43,73.58,3175
2024-10-21 00:00:00+00:00,73.55,74.1,73.06,73.69,7148
2024-10-21 04:00:00+00:00,73.67,73.91,72.94,73.42,6507
2024-10-21 08:00:00+00:00,73.4,73.63,72.36,72.42,6458
2024-10-21 12:00:00+00:00,72.41,72.79,71.57,72.01,6716
2024-10-21 16:00:00+00:00,72.0,72.48,70.19,70.57,9126
2024-10-21 20:00:00+00:00,70.57,70.93,69.44,70.48,6211
2024-10-22 00:00:00+00:00,70.53,70.61,69.57,70.2,5640
2024-10-22 04:00:00+00:00,70.18,70.67,69.79,70.04,5722
2024-10-22 08:00:00+00:00,70.06,71.06,69.63,70.16,7840
2024-10-22 12:00:00+00:00,70.15,70.77,69.46,69.57,9232
2024-10-22 16:00:00+00:00,69.58,69.91,68.78,68.97,8902
2024-10-22 20:00:00+00:00,68.95,69.4,68.83,69.35,5210
2024-10-23 00:00:00+00:00,69.34,69.62,68.47,68.6,4016
2024-10-23 04:00:00+00:00,68.61,68.86,68.18,68.61,4279
2024-10-23 08:00:00+00:00,68.61,69.1,68.13,68.32,5017
2024-10-23 12:00:00+00:00,68.32,68.6,67.91,68.36,6770
2024-10-23 16:00:00+00:00,68.36,69.08,67.67,67.84,6308
2024-10-23 20:00:00+00:00,67.86,69.22,67.26,69.19,5758
2024-10-24 00:00:00+00:00,69.27,69.82,68.72,69.71,3080
2024-10-24 04:00:00+00:00,69.71,70.0,69.2,69.59,4243
2024-10-24 08:00:00+00:00,69.58,69.84,68.8,68.82,4226
2024-10-24 12:00:00+00:00,68.81,69.41,68.01,69.2,5370
2024-10-24 16:00:00+00:00,69.19,70.65,69.13,70.43,6735
2024-10-24 20:00:00+00:00,70.42,70.68,70.28,70.58,4732
2024-10-25 00:00:00+00:00,70.59,70.76,70.19,70.42,4385
2024-10-25 04:00:00+00:00,70.44,70.97,70.19,70.73,5503
2024-10-25 08:00:00+00:00,70.75,71.17,70.33,70.93,7121
2024-10-25 12:00:00+00:00,70.92,71.56,70.87,71.38,7242
2024-10-25 16:00:00+00:00,71.37,71.74,71.14,71.42,8534
2024-10-25 20:00:00+00:00,71.41,71.49,69.34,70.18,10248
2024-10-26 00:00:00+00:00,70.08,70.13,66.25,68.99,9095
2024-10-26 04:00:00+00:00,68.99,69.13,67.9,68.74,6673
2024-10-26 08:00:00+00:00,68.73,69.06,68.3,68.58,4491
2024-10-26 12:00:00+00:00,68.58,68.67,68.05,68.22,3951
2024-10-26 16:00:00+00:00,68.22,68.41,67.47,67.87,5052
2024-10-26 20:00:00+00:00,67.87,68.33,67.76,68.01,3211
2024-10-27 00:00:00+00:00,68.08,68.13,67.49,67.61,2920
2024-10-27 04:00:00+00:00,67.61,68.6,67.43,68.44,3402
2024-10-27 08:00:00+00:00,68.44,68.75,68.17,68.7,2281
2024-10-27 12:00:00+00:00,68.7,69.72,68.48,69.63,2355
2024-10-27 16:00:00+00:00,69.63,70.25,69.62,70.07,2575
2024-10-27 20:00:00+00:00,70.06,70.45,69.95,70.23,2681
2024-10-28 00:00:00+00:00,70.25,70.88,69.94,70.68,4200
2024-10-28 04:00:00+00:00,70.67,70.98,69.84,70.1,5210
2024-10-28 08:00:00+00:00,70.1,70.79,69.93,70.67,5403
2024-10-28 12:00:00+00:00,70.67,70.89,69.6,70.24,6095
2024-10-28 16:00:00+00:00,70.26,70.42,69.25,69.57,7994
2024-10-28 20:00:00+00:00,69.56,70.36,69.02,69.95,7665
2024-10-29 00:00:00+00:00,69.96,70.69,69.8,70.56,6781
2024-10-29 04:00:00+00:00,70.57,71.9,70.49,71.57,8148
2024-10-29 08:00:00+00:00,71.58,72.05,71.18,71.83,5926
2024-10-29 12:00:00+00:00,71.83,72.27,71.47,71.77,6284
2024-10-29 16:00:00+00:00,71.76,73.23,71.68,73.16,8353
2024-10-29 20:00:00+00:00,73.13,73.46,71.95,72.43,8441
2024-10-30 00:00:00+00:00,72.52,73.84,72.49,73.32,5606
2024-10-30 04:00:00+00:00,73.32,73.37,72.35,72.38,5521
2024-10-30 08:00:00+00:00,72.37,72.56,71.63,71.67,4615
2024-10-30 12:00:00+00:00,71.69,72.05,70.89,71.31,6494
2024-10-30 16:00:00+00:00,71.31,72.21,70.98,71.72,8563
2024-10-30 20:00:00+00:00,71.72,71.95,70.93,71.86,5688
2024-10-31 00:00:00+00:00,71.83,71.87,71.13,71.16,5165
2024-10-31 04:00:00+00:00,71.15,71.56,70.73,70.96,3989
2024-10-31 08:00:00+00:00,70.96,70.96,69.99,70.23,3069
2024-10-31 12:00:00+00:00,70.23,71.21,70.18,70.68,3602
2024-10-31 16:00:00+00:00,70.67,71.23,69.18,69.35,8767
2024-10-31 20:00:00+00:00,69.37,69.6,67.87,68.2,7439
2024-11-01 00:00:00+00:00,68.25,69.01,68.16,68.54,4185
2024-11-01 04:00:00+00:00,68.54,68.84,67.54,68.5,6467
2024-11-01 08:00:00+00:00,68.51,68.51,67.13,67.95,5284
2024-11-01 12:00:00+00:00,67.95,69.62,67.84,69.48,4913
2024-11-01 16:00:00+00:00,69.5,70.54,68.82,70.3,11725
2024-11-01 20:00:00+00:00,70.28,70.38,69.3,69.85,6273
2024-11-02 00:00:00+00:00,69.16,70.32,69.12,70.28,2907
2024-11-02 04:00:00+00:00,70.27,70.69,69.51,69.65,2556
2024-11-02 08:00:00+00:00,69.63,70.17,69.22,69.86,3057
2024-11-02 12:00:00+00:00,69.85,70.42,69.51,69.71,3113
2024-11-02 16:00:00+00:00,69.71,69.94,68.33,69.14,5541
2024-11-02 20:00:00+00:00,69.12,69.17,68.35,68.78,3350
2024-11-03 00:00:00+00:00,68.77,68.9,68.31,68.54,2347
2024-11-03 04:00:00+00:00,68.5,68.52,66.5,67.8,7418
2024-11-03 08:00:00+00:00,67.79,67.9,66.88,66.92,3131
2024-11-03 12:00:00+00:00,66.94,67.46,65.52,65.72,5392
2024-11-03 16:00:00+00:00,65.71,65.93,64.76,65.6,7712
2024-11-03 20:00:00+00:00,65.63,66.89,64.86,66.5,6609
2024-11-04 00:00:00+00:00,66.6,67.05,65.68,66.79,7188
2024-11-04 04:00:00+00:00,66.78,67.17,66.01,66.02,5030
2024-11-04 08:00:00+00:00,66.02,66.48,65.49,65.7,5234
2024-11-04 12:00:00+00:00,65.7,66.59,65.63,65.97,4806
2024-11-04 16:00:00+00:00,65.98,66.49,65.6,65.7,8128
2024-11-04 20:00:00+00:00,65.7,65.97,63.88,64.03,6279
2024-11-05 00:00:00+00:00,64.58,65.69,64.42,65.6,4692
2024-11-05 04:00:00+00:00,65.6,66.47,65.3,66.44,2788
2024-11-05 08:00:00+00:00,66.45,66.76,66.22,66.38,3985
2024-11-05 12:00:00+00:00,66.38,66.74,64.54,64.93,7345
2024-11-05 16:00:00+00:00,64.95,66.57,64.59,65.9,11173
2024-11-05 20:00:00+00:00,65.9,66.06,64.33,65.17,6242
2024-11-06 00:00:00+00:00,65.49,66.94,64.78,66.59,9474
2024-11-06 04:00:00+00:00,66.59,69.87,66.45,69.47,13621
2024-11-06 08:00:00+00:00,69.44,70.39,67.95,69.27,13786
2024-11-06 12:00:00+00:00,69.28,69.82,68.89,69.47,7520
2024-11-06 16:00:00+00:00,69.47,69.6,68.58,68.69,9630
2024-11-06 20:00:00+00:00,68.68,70.31,68.64,70.19,6324
2024-11-07 00:00:00+00:00,70.25,71.79,70.03,70.68,7153
2024-11-07 04:00:00+00:00,70.68,71.43,70.06,70.37,7117
2024-11-07 08:00:00+00:00,70.37,70.64,69.44,70.28,4785
2024-11-07 12:00:00+00:00,70.28,70.58,69.74,69.79,4709
2024-11-07 16:00:00+00:00,69.79,71.79,69.71,71.42,7328
2024-11-07 20:00:00+00:00,71.42,71.89,70.77,71.58,6368
2024-11-08 00:00:00+00:00,71.71,72.14,70.64,71.33,6582
2024-11-08 04:00:00+00:00,71.33,71.33,70.26,70.9,4594
2024-11-08 08:00:00+00:00,70.9,70.92,70.19,70.66,4403
2024-11-08 12:00:00+00:00,70.66,71.5,70.38,71.48,3902
2024-11-08 16:00:00+00:00,71.48,72.47,70.32,71.43,9584
2024-11-08 20:00:00+00:00,71.43,72.55,71.15,71.59,5138
2024-11-09 00:00:00+00:00,71.91,72.48,71.79,72.33,3272
2024-11-09 04:00:00+00:00,72.33,72.9,71.99,72.81,4988
2024-11-09 08:00:00+00:00,72.81,73.45,72.37,73.05,4916
2024-11-09 12:00:00+00:00,73.05,73.29,72.47,72.78,4023
2024-11-09 16:00:00+00:00,72.77,72.84,71.09,71.87,4955
2024-11-09 20:00:00+00:00,71.87,72.13,71.42,71.98,3717
2024-11-10 00:00:00+00:00,71.9,74.26,71.9,73.75,6172
2024-11-10 04:00:00+00:00,73.75,76.29,73.73,76.0,8292
2024-11-10 08:00:00+00:00,76.0,76.46,74.79,76.3,6804
2024-11-10 12:00:00+00:00,76.3,77.61,75.86,77.51,8172
2024-11-10 16:00:00+00:00,77.52,77.66,76.18,77.33,10689
2024-11-10 20:00:00+00:00,77.33,77.71,72.97,75.24,12733
2024-11-11 00:00:00+00:00,75.17,77.39,74.9,76.95,9342
2024-11-11 04:00:00+00:00,76.95,77.45,74.12,74.74,8801
2024-11-11 08:00:00+00:00,74.73,76.33,74.12,76.31,9880
2024-11-11 12:00:00+00:00,76.31,76.86,75.56,76.24,9134
2024-11-11 16:00:00+00:00,76.23,78.27,75.48,77.55,13124
2024-11-11 20:00:00+00:00,77.56,78.7,76.74,78.09,8494
2024-11-12 00:00:00+00:00,77.43,79.86,76.65,78.21,15156
2024-11-12 04:00:00+00:00,78.21,78.9,77.32,77.54,12803
2024-11-12 08:00:00+00:00,77.54,82.27,77.32,78.38,14827
2024-11-12 12:00:00+00:00,78.38,79.32,73.58,75.18,26139
2024-11-12 16:00:00+00:00,75.17,76.34,73.67,75.11,17978
2024-11-12 20:00:00+00:00,75.11,77.02,75.11,76.84,10970
2024-11-13 00:00:00+00:00,77.09,77.87,74.48,75.44,12522
2024-11-13 04:00:00+00:00,75.44,75.67,71.49,72.21,16249
2024-11-13 08:00:00+00:00,72.21,73.41,71.42,72.41,12426
2024-11-13 12:00:00+00:00,72.41,74.93,72.07,74.54,11836
2024-11-13 16:00:00+00:00,74.54,76.91,74.04,76.86,19623
2024-11-13 20:00:00+00:00,76.86,77.44,72.73,74.02,19623
2024-11-14 00:00:00+00:00,74.26,75.16,73.7,74.61,8733
2024-11-14 04:00:00+00:00,74.6,84.39,74.07,82.07,19753
2024-11-14 08:00:00+00:00,82.07,84.2,80.39,81.17,16876
2024-11-14 12:00:00+00:00,81.17,81.53,78.72,80.12,13197
2024-11-14 16:00:00+00:00,80.12,84.02,77.15,81.69,18735
2024-11-14 20:00:00+00:00,81.73,83.03,80.72,83.03,14123
2024-11-15 00:00:00+00:00,83.78,84.11,78.91,80.7,17277
2024-11-15 04:00:00+00:00,80.7,81.93,78.38,80.49,13381
2024-11-15 08:00:00+00:00,80.49,82.49,80.08,82.04,10759
2024-11-15 12:00:00+00:00,82.06,86.75,81.63,85.29,15469
2024-11-15 16:00:00+00:00,85.28,85.84,81.72,82.66,14233
2024-11-15 20:00:00+00:00,82.67,84.32,81.12,83.87,10583
2024-11-16 00:00:00+00:00,83.71,84.18,82.36,84.0,5713
2024-11-16 04:00:00+00:00,84.0,86.51,82.89,85.8,8760
2024-11-16 08:00:00+00:00,85.81,89.11,85.21,88.31,11511
2024-11-16 12:00:00+00:00,88.32,90.26,86.15,87.41,14366
2024-11-16 16:00:00+00:00,87.4,94.13,87.29,93.17,21841
2024-11-16 20:00:00+00:00,93.17,97.95,92.85,96.03,20205
2024-11-17 00:00:00+00:00,96.36,96.95,90.78,90.99,18880
2024-11-17 04:00:00+00:00,90.99,91.23,88.48,88.59,17925
2024-11-17 08:00:00+00:00,88.57,91.64,88.5,89.8,14893
2024-11-17 12:00:00+00:00,89.8,90.17,86.3,89.33,12523
2024-11-17 16:00:00+00:00,89.35,89.35,87.24,88.18,11006
2024-11-17 20:00:00+00:00,88.19,88.2,84.8,85.63,11793
2024-11-18 00:00:00+00:00,82.61,90.44,82.61,90.14,14049
2024-11-18 04:00:00+00:00,90.1,94.26,88.97,92.76,15927
2024-11-18 08:00:00+00:00,92.76,93.77,89.51,89.9,13392
2024-11-18 12:00:00+00:00,89.93,91.29,88.48,88.58,13972
2024-11-18 16:00:00+00:00,88.58,90.45,87.91,88.74,16752
2024-11-18 20:00:00+00:00,88.74,89.4,85.96,88.41,15648
2024-11-19 00:00:00+00:00,88.5,89.11,87.63,88.11,10187
2024-11-19 04:00:00+00:00,88.11,88.96,87.33,88.81,9635
2024-11-19 08:00:00+00:00,88.81,89.7,86.98,87.37,10982
2024-11-19 12:00:00+00:00,87.36,88.54,85.54,85.56,11140
2024-11-19 16:00:00+00:00,85.56,87.09,85.34,86.32,13180
2024-11-19 20:00:00+00:00,86.31,87.82,84.67,85.86,12930
2024-11-20 00:00:00+00:00,85.87,86.49,84.59,85.09,9074
2024-11-20 04:00:00+00:00,85.1,85.49,82.85,84.9,11559
2024-11-20 08:00:00+00:00,84.9,86.53,84.41,85.6,8190
2024-11-20 12:00:00+00:00,85.59,86.43,84.6,86.31,11197
2024-11-20 16:00:00+00:00,86.31,87.33,83.26,83.35,17259
2024-11-20 20:00:00+00:00,83.35,84.01,81.91,83.64,14080
2024-11-21 00:00:00+00:00,83.92,84.45,82.64,83.87,7097
2024-11-21 04:00:00+00:00,83.87,87.21,81.11,86.11,17118
2024-11-21 08:00:00+00:00,86.11,91.51,85.67,88.94,17142
2024-11-21 12:00:00+00:00,88.94,90.62,88.1,89.18,14572
2024-11-21 16:00:00+00:00,89.19,90.3,86.62,88.68,15220
2024-11-21 20:00:00+00:00,88.68,89.28,87.5,87.92,9537
2024-11-22 00:00:00+00:00,88.12,90.41,88.01,90.41,10792
2024-11-22 04:00:00+00:00,90.42,91.0,88.93,90.49,12955
2024-11-22 08:00:00+00:00,90.49,90.66,88.62,90.08,10267
2024-11-22 12:00:00+00:00,90.07,92.21,87.61,88.46,16181
2024-11-22 16:00:00+00:00,88.47,90.45,87.08,89.85,17619
2024-11-22 20:00:00+00:00,89.86,90.48,88.85,90.1,12229
2024-11-23 00:00:00+00:00,90.43,99.58,90.24,99.57,14157
2024-11-23 04:00:00+00:00,99.57,104.4,97.56,103.15,28224
2024-11-23 08:00:00+00:00,103.15,104.26,100.41,101.71,16611
2024-11-23 12:00:00+00:00,101.72,103.45,100.94,101.8,13028
2024-11-23 16:00:00+00:00,101.8,105.82,96.5,98.73,25454
2024-11-23 20:00:00+00:00,98.73,99.69,95.78,98.96,17384
2024-11-24 00:00:00+00:00,98.91,101.42,97.78,100.33,13287
2024-11-24 04:00:00+00:00,100.34,102.67,98.85,100.15,14197
2024-11-24 08:00:00+00:00,100.15,101.64,97.87,99.03,14676
2024-11-24 12:00:00+00:00,99.02,99.5,91.17,95.09,25975
2024-11-24 16:00:00+00:00,95.08,95.08,91.65,93.72,21286
2024-11-24 20:00:00+00:00,93.7,96.81,93.51,96.8,11610
2024-11-25 00:00:00+00:00,96.67,97.62,92.96,94.56,16279
2024-11-25 04:00:00+00:00,94.56,97.14,94.55,96.23,12271
2024-11-25 08:00:00+00:00,96.23,98.47,95.67,97.63,11320
2024-11-25 12:00:00+00:00,97.63,98.71,94.74,95.63,15471
2024-11-25 16:00:00+00:00,95.64,96.71,91.92,94.17,21383
2024-11-25 20:00:00+00:00,94.18,95.49,91.8,92.61,15780
2024-11-26 00:00:00+00:00,92.76,94.27,90.25,94.08,12140
2024-11-26 04:00:00+00:00,94.08,94.77,92.76,94.14,9283
2024-11-26 08:00:00+00:00,94.14,94.3,90.12,91.42,13704
2024-11-26 12:00:00+00:00,91.42,91.67,87.44,89.75,20494
2024-11-26 16:00:00+00:00,89.76,91.66,88.85,90.89,15538
2024-11-26 20:00:00+00:00,90.88,91.31,88.43,90.98,16046
2024-11-27 00:00:00+00:00,91.21,93.3,90.95,92.5,9887
2024-11-27 04:00:00+00:00,92.49,94.31,91.85,93.65,9865
2024-11-27 08:00:00+00:00,93.65,95.25,93.61,94.82,8673
2024-11-27 12:00:00+00:00,94.81,95.8,93.4,95.4,12109
2024-11-27 16:00:00+00:00,95.41,96.84,95.19,96.32,12327
2024-11-27 20:00:00+00:00,96.32,98.51,95.48,96.98,8188
2024-11-28 00:00:00+00:00,97.1,97.89,96.14,97.71,11102
2024-11-28 04:00:00+00:00,97.71,97.85,94.93,96.4,10207
2024-11-28 08:00:00+00:00,96.4,96.65,94.62,94.66,8837
2024-11-28 12:00:00+00:00,94.66,95.2,93.57,95.09,11144
2024-11-28 16:00:00+00:00,95.09,95.71,93.21,94.27,10487
2024-11-28 20:00:00+00:00,94.27,95.08,93.99,94.49,5798
2024-11-29 00:00:00+00:00,94.52,96.1,94.39,95.91,9141
2024-11-29 04:00:00+00:00,95.91,97.08,95.51,95.6,6734
2024-11-29 08:00:00+00:00,95.6,95.91,94.27,95.83,7145
2024-11-29 12:00:00+00:00,95.83,97.99,95.67,97.98,7773
2024-11-29 16:00:00+00:00,97.98,102.03,97.71,100.9,15863
2024-11-29 20:00:00+00:00,100.9,103.88,99.99,103.34,9502
2024-11-30 00:00:00+00:00,103.15,104.44,100.96,101.25,11425
2024-11-30 04:00:00+00:00,101.24,101.52,99.88,100.88,7915
2024-11-30 08:00:00+00:00,100.88,102.63,100.29,102.46,9756
2024-11-30 12:00:00+00:00,102.45,104.31,100.38,101.03,13907
2024-11-30 16:00:00+00:00,101.03,102.49,100.33,102.15,10340
2024-11-30 20:00:00+00:00,102.15,102.62,101.29,102.56,6716
2024-12-01 00:00:00+00:00,102.75,103.36,99.84,101.0,12043
2024-12-01 04:00:00+00:00,100.99,101.32,98.91,99.69,11439
2024-12-01 08:00:00+00:00,99.69,101.8,99.63,101.49,8116
2024-12-01 12:00:00+00:00,101.49,101.67,100.25,101.39,6317
2024-12-01 16:00:00+00:00,101.38,110.21,100.98,106.14,19209
2024-12-01 20:00:00+00:00,106.14,118.87,105.35,118.78,23497
2024-12-02 00:00:00+00:00,119.5,129.23,116.03,126.28,27015
2024-12-02 04:00:00+00:00,126.27,126.62,117.04,122.73,23203
2024-12-02 08:00:00+00:00,122.73,124.43,114.13,119.73,22331
2024-12-02 12:00:00+00:00,119.76,123.83,114.39,122.57,20193
2024-12-02 16:00:00+00:00,122.56,128.9,117.55,118.49,30860
2024-12-02 20:00:00+00:00,118.49,139.01,118.23,138.43,28627
2024-12-03 00:00:00+00:00,134.24,138.15,130.16,130.19,17613
2024-12-03 04:00:00+00:00,130.19,133.28,128.5,132.17,14002
2024-12-03 08:00:00+00:00,132.22,134.08,127.5,132.51,20669
2024-12-03 12:00:00+00:00,132.51,134.03,122.91,124.4,19713
2024-12-03 16:00:00+00:00,124.4,129.56,120.97,128.74,26829
2024-12-03 20:00:00+00:00,128.74,133.07,126.71,130.85,17098
2024-12-04 00:00:00+00:00,129.88,134.69,127.81,130.59,20635
2024-12-04 04:00:00+00:00,130.6,131.04,127.03,129.93,16555
2024-12-04 08:00:00+00:00,129.92,132.47,127.95,130.74,16847
2024-12-04 12:00:00+00:00,130.73,130.96,125.77,126.93,19916
2024-12-04 16:00:00+00:00,126.97,129.36,121.49,124.74,30040
2024-12-04 20:00:00+00:00,124.73,134.12,124.73,131.39,29102
2024-12-05 00:00:00+00:00,133.05,135.23,124.57,126.1,32664
2024-12-05 04:00:00+00:00,126.1,132.2,125.0,126.18,28051
2024-12-05 08:00:00+00:00,126.18,131.63,125.03,129.51,20331
2024-12-05 12:00:00+00:00,129.51,143.75,129.08,141.36,29185
2024-12-05 16:00:00+00:00,141.34,146.54,138.08,142.22,33494
2024-12-05 20:00:00+00:00,142.2,144.26,135.3,136.43,20597
2024-12-06 00:00:00+00:00,136.43,138.75,129.84,137.27,26823
2024-12-06 04:00:00+00:00,137.27,137.83,135.22,135.5,15850
2024-12-06 08:00:00+00:00,135.48,136.53,131.7,132.8,17043
2024-12-06 12:00:00+00:00,132.8,133.55,129.68,132.32,21066
2024-12-06 16:00:00+00:00,132.32,136.04,131.46,135.06,21358
2024-12-06 20:00:00+00:00,135.06,137.37,133.89,133.92,15135
2024-12-07 00:00:00+00:00,136.03,136.61,134.05,135.86,15217
2024-12-07 04:00:00+00:00,135.87,137.2,133.85,134.87,13552
2024-12-07 08:00:00+00:00,134.86,137.97,134.49,137.15,15917
2024-12-07 12:00:00+00:00,137.14,138.18,134.9,137.17,14879
2024-12-07 16:00:00+00:00,137.16,137.31,131.34,132.27,17155
2024-12-07 20:00:00+00:00,132.27,134.33,132.26,132.51,10803
2024-12-08 00:00:00+00:00,132.27,134.04,131.78,133.25,9765
2024-12-08 04:00:00+00:00,133.26,134.61,130.77,131.3,9419
2024-12-08 08:00:00+00:00,131.3,132.61,129.67,130.42,12408
2024-12-08 12:00:00+00:00,130.43,134.51,130.43,134.16,12638
2024-12-08 16:00:00+00:00,134.15,134.38,132.12,133.34,11564
2024-12-08 20:00:00+00:00,133.34,133.63,131.4,132.82,9029
2024-12-09 00:00:00+00:00,132.5,135.36,130.49,130.68,14418
2024-12-09 04:00:00+00:00,130.67,131.37,127.63,129.89,12977
2024-12-09 08:00:00+00:00,129.91,129.92,122.03,123.35,19004
2024-12-09 12:00:00+00:00,123.41,125.69,119.87,124.81,15465
2024-12-09 16:00:00+00:00,124.82,126.71,121.38,121.38,18066
2024-12-09 20:00:00+00:00,121.38,122.97,99.12,109.36,26284
2024-12-10 00:00:00+00:00,107.66,112.5,100.62,110.96,26314
2024-12-10 04:00:00+00:00,110.97,114.28,104.61,113.61,28154
2024-12-10 08:00:00+00:00,113.61,114.3,112.1,113.33,20153
2024-12-10 12:00:00+00:00,113.32,114.33,108.2,110.08,20627
2024-12-10 16:00:00+00:00,110.09,111.96,101.47,101.48,34526
2024-12-10 20:00:00+00:00,101.51,111.03,100.76,108.94,25017
2024-12-11 00:00:00+00:00,108.9,110.35,105.72,106.02,18168
2024-12-11 04:00:00+00:00,106.01,110.42,105.55,109.58,16806
2024-12-11 08:00:00+00:00,109.59,111.36,108.4,111.27,14088
2024-12-11 12:00:00+00:00,111.27,114.6,110.44,114.07,16935
2024-12-11 16:00:00+00:00,114.06,117.84,112.64,114.34,22391
2024-12-11 20:00:00+00:00,114.34,118.14,113.93,117.32,9957
2024-12-12 00:00:00+00:00,117.76,118.18,116.01,116.37,11160
2024-12-12 04:00:00+00:00,116.37,123.46,116.34,122.28,15690
2024-12-12 08:00:00+00:00,122.28,122.89,120.61,120.67,11462
2024-12-12 12:00:00+00:00,120.65,123.33,118.93,120.95,20221
2024-12-12 16:00:00+00:00,120.95,122.99,119.71,122.16,23738
2024-12-12 20:00:00+00:00,122.16,124.5,117.61,119.56,19923
2024-12-13 00:00:00+00:00,118.41,120.14,116.59,118.21,15502
2024-12-13 04:00:00+00:00,118.21,121.61,117.9,120.45,14952
2024-12-13 08:00:00+00:00,120.44,121.85,117.97,119.21,13109
2024-12-13 12:00:00+00:00,119.22,121.28,117.97,119.39,12416
2024-12-13 16:00:00+00:00,119.37,122.72,117.04,118.73,22010
2024-12-13 20:00:00+00:00,118.72,123.06,118.02,122.19,12950
2024-12-14 00:00:00+00:00,122.24,124.76,121.61,122.48,11756
2024-12-14 04:00:00+00:00,122.46,123.22,121.57,122.71,11257
2024-12-14 08:00:00+00:00,122.7,123.25,121.44,122.7,9671
2024-12-14 12:00:00+00:00,122.69,122.69,117.38,117.62,12921
2024-12-14 16:00:00+00:00,117.62,120.08,116.26,116.53,15545
2024-12-14 20:00:00+00:00,116.53,117.4,114.92,116.61,11223
2024-12-15 00:00:00+00:00,115.69,119.46,115.69,119.4,9590
2024-12-15 04:00:00+00:00,119.4,119.61,116.65,117.35,10050
2024-12-15 08:00:00+00:00,117.35,118.09,113.8,116.49,11849
2024-12-15 12:00:00+00:00,116.5,119.12,115.98,118.6,8066
2024-12-15 16:00:00+00:00,118.62,120.07,118.33,118.57,7936
2024-12-15 20:00:00+00:00,118.57,119.21,115.74,115.76,9562
2024-12-16 00:00:00+00:00,114.27,123.39,114.27,122.94,17583
2024-12-16 04:00:00+00:00,122.98,123.09,119.2,121.29,12038
2024-12-16 08:00:00+00:00,121.32,121.61,117.79,117.88,12269
2024-12-16 12:00:00+00:00,117.88,118.24,114.86,115.99,12934
2024-12-16 16:00:00+00:00,116.0,122.18,115.44,120.45,20891
2024-12-16 20:00:00+00:00,120.45,121.43,118.35,118.98,15011
2024-12-17 00:00:00+00:00,117.95,119.64,115.08,116.99,15977
2024-12-17 04:00:00+00:00,117.0,117.56,115.41,116.69,9838
2024-12-17 08:00:00+00:00,116.7,118.46,115.62,118.19,12542
2024-12-17 12:00:00+00:00,118.17,119.36,117.72,118.43,15046
2024-12-17 16:00:00+00:00,118.41,130.82,113.93,128.75,29878
2024-12-17 20:00:00+00:00,128.74,129.78,124.63,125.98,25279
2024-12-18 00:00:00+00:00,125.52,127.93,121.53,126.65,23020
2024-12-18 04:00:00+00:00,126.64,128.56,120.6,122.23,19911
2024-12-18 08:00:00+00:00,122.25,122.36,117.07,119.77,17202
2024-12-18 12:00:00+00:00,119.77,120.57,116.02,116.72,15491
2024-12-18 16:00:00+00:00,116.71,117.98,114.0,115.04,17238
2024-12-18 20:00:00+00:00,115.04,117.42,106.26,110.39,25822
2024-12-19 00:00:00+00:00,109.48,111.1,105.32,106.0,15746
2024-12-19 04:00:00+00:00,106.0,108.81,102.71,107.89,16116
2024-12-19 08:00:00+00:00,107.91,109.03,107.15,108.39,9721
2024-12-19 12:00:00+00:00,108.36,111.24,106.82,108.36,12194
2024-12-19 16:00:00+00:00,108.34,108.83,99.74,101.66,20367
2024-12-19 20:00:00+00:00,101.66,101.69,94.05,99.57,23938
2024-12-20 00:00:00+00:00,100.05,101.23,97.81,99.8,13155
2024-12-20 04:00:00+00:00,99.8,102.61,99.42,99.47,11305
2024-12-20 08:00:00+00:00,99.47,101.11,92.39,92.4,20695
2024-12-20 12:00:00+00:00,92.38,94.45,86.03,93.66,27815
2024-12-20 16:00:00+00:00,93.66,97.73,92.84,97.55,19249
2024-12-20 20:00:00+00:00,97.52,100.34,96.76,98.78,12956
2024-12-21 00:00:00+00:00,101.23,101.67,99.77,100.36,8115
2024-12-21 04:00:00+00:00,100.35,105.39,99.71,105.39,10156
2024-12-21 08:00:00+00:00,105.34,105.49,101.77,102.67,12599
2024-12-21 12:00:00+00:00,102.65,104.45,97.19,99.86,18670
2024-12-21 16:00:00+00:00,99.86,101.11,98.6,100.45,18895
2024-12-21 20:00:00+00:00,100.41,101.99,98.43,99.91,17831
2024-12-22 00:00:00+00:00,99.22,101.6,98.73,100.13,11903
2024-12-22 04:00:00+00:00,100.17,100.38,96.09,98.1,12919
2024-12-22 08:00:00+00:00,98.12,101.99,97.79,101.2,10104
2024-12-22 12:00:00+00:00,101.22,103.35,101.13,101.87,8975
2024-12-22 16:00:00+00:00,101.87,102.1,98.64,100.42,12079
2024-12-22 20:00:00+00:00,100.41,101.47,96.75,99.18,11520
2024-12-23 00:00:00+00:00,97.33,99.91,97.11,98.8,13587
2024-12-23 04:00:00+00:00,98.8,105.15,97.78,101.75,14661
2024-12-23 08:00:00+00:00,101.77,102.78,100.25,102.37,12592
2024-12-23 12:00:00+00:00,102.39,102.77,100.19,100.78,11338
2024-12-23 16:00:00+00:00,100.75,101.95,98.64,100.44,16940
2024-12-23 20:00:00+00:00,100.46,106.83,100.38,104.95,13311
2024-12-24 00:00:00+00:00,105.39,106.81,103.82,103.87,9987
2024-12-24 04:00:00+00:00,103.85,106.33,103.18,105.87,10157
2024-12-24 08:00:00+00:00,105.86,106.78,104.29,106.38,9153
2024-12-24 12:00:00+00:00,106.37,109.11,105.5,109.11,9744
2024-12-24 16:00:00+00:00,109.11,110.1,108.18,109.16,12962
2024-12-24 20:00:00+00:00,109.16,109.71,106.37,107.5,9684
2024-12-25 00:00:00+00:00,107.61,108.29,106.89,107.7,7722
2024-12-25 04:00:00+00:00,107.69,108.27,106.95,107.97,7129
2024-12-25 08:00:00+00:00,107.94,108.88,106.83,108.84,6561
2024-12-25 12:00:00+00:00,108.84,110.02,106.84,108.31,7431
2024-12-25 16:00:00+00:00,108.31,109.06,106.25,107.8,8976
2024-12-25 20:00:00+00:00,107.84,109.1,107.17,107.91,8193
2024-12-26 00:00:00+00:00,107.97,109.75,107.35,108.0,8127
2024-12-26 04:00:00+00:00,108.0,108.75,106.39,106.87,7961
2024-12-26 08:00:00+00:00,106.87,107.01,102.47,103.65,13396
2024-12-26 12:00:00+00:00,103.66,104.06,101.67,102.43,9642
2024-12-26 16:00:00+00:00,102.42,103.54,100.86,101.6,12156
2024-12-26 20:00:00+00:00,101.6,102.09,100.48,101.59,7883
2024-12-27 00:00:00+00:00,101.79,103.03,100.87,102.54,8010
2024-12-27 04:00:00+00:00,102.54,103.45,101.59,102.61,7403
2024-12-27 08:00:00+00:00,102.6,105.9,101.1,105.01,11892
2024-12-27 12:00:00+00:00,105.01,105.1,102.63,102.93,9718
2024-12-27 16:00:00+00:00,102.91,102.91,99.63,102.67,11820
2024-12-27 20:00:00+00:00,102.67,102.79,100.81,100.91,7064
2024-12-28 00:00:00+00:00,99.73,100.24,98.61,99.24,6779
2024-12-28 04:00:00+00:00,99.22,99.96,98.76,99.58,6294
2024-12-28 08:00:00+00:00,99.56,99.65,98.26,98.95,7673
2024-12-28 12:00:00+00:00,98.92,99.13,97.85,99.07,5971
2024-12-28 16:00:00+00:00,99.04,100.97,98.71,100.4,10845
2024-12-28 20:00:00+00:00,100.36,100.49,99.36,100.26,7734
2024-12-29 00:00:00+00:00,100.06,100.89,98.6,98.84,7535
2024-12-29 04:00:00+00:00,98.84,100.07,98.79,99.49,6052
2024-12-29 08:00:00+00:00,99.47,100.17,99.03,99.76,6223
2024-12-29 12:00:00+00:00,99.76,100.43,99.1,100.43,4912
2024-12-29 16:00:00+00:00,100.43,100.79,98.05,98.49,7792
2024-12-29 20:00:00+00:00,98.47,98.72,96.9,97.34,7294
2024-12-30 00:00:00+00:00,96.13,100.62,96.0,99.85,9643
2024-12-30 04:00:00+00:00,99.87,100.24,99.02,99.93,7736
2024-12-30 08:00:00+00:00,99.93,101.72,99.87,101.33,8762
2024-12-30 12:00:00+00:00,101.33,102.19,98.28,98.38,9951
2024-12-30 16:00:00+00:00,98.4,100.77,96.52,100.26,15068
2024-12-30 20:00:00+00:00,100.28,101.57,96.97,97.91,9877
2024-12-31 00:00:00+00:00,97.77,98.95,97.29,97.82,7441
2024-12-31 04:00:00+00:00,97.82,98.46,96.86,97.62,7028
2024-12-31 08:00:00+00:00,97.64,100.35,97.29,100.21,8935
2024-12-31 12:00:00+00:00,100.21,103.6,99.62,103.41,10403
2024-12-31 16:00:00+00:00,103.37,103.94,100.64,102.03,11260
2024-12-31 20:00:00+00:00,102.02,103.15,101.79,103.01,6608
2025-01-01 00:00:00+00:00,102.58,104.96,101.77,104.11,7002
2025-01-01 04:00:00+00:00,104.11,104.48,102.85,104.43,7837
2025-01-01 08:00:00+00:00,104.43,104.43,101.15,102.04,7727
2025-01-01 12:00:00+00:00,102.04,104.36,101.41,103.32,9548
2025-01-01 16:00:00+00:00,103.33,105.14,102.68,103.85,11200
2025-01-01 20:00:00+00:00,103.85,107.2,103.07,104.48,9547
2025-01-02 00:00:00+00:00,104.17,107.22,103.87,105.87,7772
2025-01-02 04:00:00+00:00,105.87,106.35,104.59,105.07,8909
2025-01-02 08:00:00+00:00,105.07,106.31,104.64,106.19,8348
2025-01-02 12:00:00+00:00,106.19,107.18,105.17,106.67,10243
2025-01-02 16:00:00+00:00,106.66,108.0,104.12,104.58,16693
2025-01-02 20:00:00+00:00,104.58,105.23,103.88,104.72,6990
2025-01-03 00:00:00+00:00,104.64,105.34,104.15,105.04,7274
2025-01-03 04:00:00+00:00,105.04,106.23,104.1,104.46,10950
2025-01-03 08:00:00+00:00,104.48,105.77,103.44,105.33,9614
2025-01-03 12:00:00+00:00,105.34,107.77,105.02,107.11,10195
2025-01-03 16:00:00+00:00,107.11,110.32,107.1,109.61,13186
2025-01-03 20:00:00+00:00,109.61,113.8,109.59,112.51,10891
2025-01-04 00:00:00+00:00,112.99,113.15,110.13,110.81,7299
2025-01-04 04:00:00+00:00,110.81,111.73,110.46,110.98,7783
2025-01-04 08:00:00+00:00,110.98,111.64,110.05,110.71,6192
2025-01-04 12:00:00+00:00,110.71,111.75,110.29,111.47,7353
2025-01-04 16:00:00+00:00,111.46,112.25,109.59,110.7,10367
2025-01-04 20:00:00+00:00,110.7,111.18,110.02,110.69,5817
2025-01-05 00:00:00+00:00,110.49,110.98,110.11,110.37,4553
2025-01-05 04:00:00+00:00,110.37,112.45,110.37,111.76,5429
2025-01-05 08:00:00+00:00,111.77,112.02,110.24,110.25,7106
2025-01-05 12:00:00+00:00,110.25,112.36,110.21,111.38,8242
2025-01-05 16:00:00+00:00,111.38,112.18,109.59,111.56,10104
2025-01-05 20:00:00+00:00,111.57,113.9,110.01,113.85,9376
2025-01-06 00:00:00+00:00,114.06,115.68,113.32,115.66,10830
2025-01-06 04:00:00+00:00,115.66,116.39,114.07,114.36,10498
2025-01-06 08:00:00+00:00,114.36,114.64,112.05,112.5,9270
2025-01-06 12:00:00+00:00,112.5,113.4,111.11,112.33,9566
2025-01-06 16:00:00+00:00,112.33,116.75,111.35,114.18,15315
2025-01-06 20:00:00+00:00,114.18,114.6,112.57,112.73,7968
2025-01-07 00:00:00+00:00,112.71,114.4,112.61,114.05,6711
2025-01-07 04:00:00+00:00,114.05,114.24,111.89,112.44,6840
2025-01-07 08:00:00+00:00,112.44,113.34,111.98,112.29,6327
2025-01-07 12:00:00+00:00,112.3,112.34,109.75,110.63,8641
2025-01-07 16:00:00+00:00,110.63,110.86,103.75,105.22,19061
2025-01-07 20:00:00+00:00,105.22,105.67,101.73,101.84,12762
2025-01-08 00:00:00+00:00,101.95,104.35,101.81,103.62,10156
2025-01-08 04:00:00+00:00,103.62,104.47,101.66,102.17,14415
2025-01-08 08:00:00+00:00,102.17,103.33,99.97,102.52,12463
2025-01-08 12:00:00+00:00,102.52,103.12,100.7,101.73,14629
2025-01-08 16:00:00+00:00,101.74,102.84,96.66,99.94,21283
2025-01-08 20:00:00+00:00,99.93,101.67,98.96,100.06,16712
2025-01-09 00:00:00+00:00,100.07,102.02,100.07,101.05,7155
2025-01-09 04:00:00+00:00,101.05,102.12,99.84,101.65,9456
2025-01-09 08:00:00+00:00,101.66,102.86,99.79,102.56,12853
2025-01-09 12:00:00+00:00,102.56,103.71,100.09,100.13,16436
2025-01-09 16:00:00+00:00,100.13,105.33,99.31,102.65,20198
2025-01-09 20:00:00+00:00,102.64,103.84,100.05,102.05,17381
2025-01-10 00:00:00+00:00,102.28,103.05,101.38,102.81,10464
2025-01-10 04:00:00+00:00,102.81,104.06,102.79,103.38,10757
2025-01-10 08:00:00+00:00,103.39,105.45,103.0,104.0,10614
2025-01-10 12:00:00+00:00,103.98,105.13,101.59,103.17,13647
2025-01-10 16:00:00+00:00,103.17,105.63,102.16,105.51,21419
2025-01-10 20:00:00+00:00,105.5,105.76,104.3,104.67,14899
2025-01-11 00:00:00+00:00,104.63,104.72,102.82,103.27,7045
2025-01-11 04:00:00+00:00,103.27,103.33,102.28,103.16,6245
2025-01-11 08:00:00+00:00,103.16,103.57,102.93,103.22,5653
2025-01-11 12:00:00+00:00,103.22,104.21,102.12,102.38,7589
2025-01-11 16:00:00+00:00,102.39,103.03,101.93,102.29,6641
2025-01-11 20:00:00+00:00,102.29,103.55,101.57,103.44,6682
2025-01-12 00:00:00+00:00,103.47,104.56,103.1,104.54,7110
2025-01-12 04:00:00+00:00,104.54,104.71,103.49,103.6,4303
2025-01-12 08:00:00+00:00,103.59,103.74,101.96,102.25,4533
2025-01-12 12:00:00+00:00,102.25,102.87,101.85,102.41,4005
2025-01-12 16:00:00+00:00,102.41,103.87,101.73,103.46,6381
2025-01-12 20:00:00+00:00,103.46,103.72,101.82,101.9,5089
2025-01-13 00:00:00+00:00,100.71,103.88,99.9,101.71,9535
2025-01-13 04:00:00+00:00,101.72,101.88,98.9,99.15,11975
2025-01-13 08:00:00+00:00,99.15,99.64,95.73,96.74,15259
2025-01-13 12:00:00+00:00,96.76,96.79,93.0,94.94,17957
2025-01-13 16:00:00+00:00,94.93,96.77,92.05,94.42,23221
2025-01-13 20:00:00+00:00,94.42,97.69,93.61,97.51,17338
2025-01-14 00:00:00+00:00,97.85,98.42,96.67,97.74,9627
2025-01-14 04:00:00+00:00,97.7,99.39,97.58,98.15,9380
2025-01-14 08:00:00+00:00,98.15,100.43,97.34,100.08,10604
2025-01-14 12:00:00+00:00,100.08,100.18,98.23,99.25,11050
2025-01-14 16:00:00+00:00,99.25,100.76,98.88,100.55,12789
2025-01-14 20:00:00+00:00,100.55,101.36,100.12,100.93,10345
2025-01-15 00:00:00+00:00,101.25,102.7,101.11,102.38,8034
2025-01-15 04:00:00+00:00,102.38,102.82,101.26,101.75,10274
2025-01-15 08:00:00+00:00,101.75,102.63,100.72,100.98,8812
2025-01-15 12:00:00+00:00,100.98,103.52,100.19,103.48,14012
2025-01-15 16:00:00+00:00,103.48,105.66,102.73,104.0,19398
2025-01-15 20:00:00+00:00,103.99,106.27,103.97,105.68,7732
2025-01-16 00:00:00+00:00,105.53,118.67,105.02,117.9,25748
2025-01-16 04:00:00+00:00,117.9,120.57,115.97,118.94,18017
2025-01-16 08:00:00+00:00,118.95,120.4,116.12,117.31,17651
2025-01-16 12:00:00+00:00,117.32,121.06,115.74,119.35,22722
2025-01-16 16:00:00+00:00,119.35,129.25,115.31,128.49,30357
2025-01-16 20:00:00+00:00,128.49,129.92,123.83,125.22,17052
2025-01-17 00:00:00+00:00,125.01,126.49,121.93,125.6,16455
2025-01-17 04:00:00+00:00,125.6,140.28,125.24,138.01,22361
2025-01-17 08:00:00+00:00,138.02,140.6,134.53,137.1,18745
2025-01-17 12:00:00+00:00,137.1,138.08,132.83,133.54,16372
2025-01-17 16:00:00+00:00,133.53,136.86,132.76,136.09,22019
2025-01-17 20:00:00+00:00,136.09,137.65,133.83,137.47,13736
2025-01-18 00:00:00+00:00,133.48,138.96,133.42,134.78,10106
2025-01-18 04:00:00+00:00,134.78,135.34,123.66,123.95,18706
2025-01-18 08:00:00+00:00,123.95,127.44,123.01,126.53,18382
2025-01-18 12:00:00+00:00,126.52,129.65,123.93,129.62,16611
2025-01-18 16:00:00+00:00,129.62,129.76,123.03,123.81,17380
2025-01-18 20:00:00+00:00,123.81,125.43,122.62,123.24,14225
2025-01-19 00:00:00+00:00,123.22,128.03,123.22,127.07,12989
2025-01-19 04:00:00+00:00,127.07,127.33,119.1,121.04,12839
2025-01-19 08:00:00+00:00,121.03,121.11,114.26,117.89,17971
2025-01-19 12:00:00+00:00,117.89,118.65,113.61,118.41,13366
2025-01-19 16:00:00+00:00,118.42,124.96,117.97,124.15,16302
2025-01-19 20:00:00+00:00,124.13,124.13,117.12,117.26,14145
2025-01-20 00:00:00+00:00,118.28,119.57,110.69,113.74,34120
2025-01-20 04:00:00+00:00,113.74,118.13,113.53,116.22,21333
2025-01-20 08:00:00+00:00,116.21,126.77,115.81,120.81,25349
2025-01-20 12:00:00+00:00,120.81,121.0,115.83,119.38,23718
2025-01-20 16:00:00+00:00,119.38,121.57,112.4,115.01,30501
2025-01-20 20:00:00+00:00,115.02,121.25,114.99,117.04,21928
2025-01-21 00:00:00+00:00,115.95,119.08,113.99,114.93,20393
2025-01-21 04:00:00+00:00,114.92,116.47,113.03,113.92,21506
2025-01-21 08:00:00+00:00,113.92,118.24,113.36,117.07,17799
2025-01-21 12:00:00+00:00,117.07,124.19,116.96,120.45,21844
2025-01-21 16:00:00+00:00,120.42,121.56,117.38,121.36,23060
2025-01-21 20:00:00+00:00,121.33,122.21,118.84,119.39,13236
2025-01-22 00:00:00+00:00,119.65,119.94,117.51,118.29,10583
2025-01-22 04:00:00+00:00,118.29,118.39,116.01,116.09,8232
2025-01-22 08:00:00+00:00,116.1,116.74,114.68,116.1,10359
2025-01-22 12:00:00+00:00,116.11,116.93,114.41,114.75,10494
2025-01-22 16:00:00+00:00,114.76,116.67,114.14,116.55,14357
2025-01-22 20:00:00+00:00,116.55,117.6,114.75,115.71,14424
2025-01-23 00:00:00+00:00,115.5,115.8,113.62,113.87,12103
2025-01-23 04:00:00+00:00,113.87,114.56,111.95,112.94,13369
2025-01-23 08:00:00+00:00,112.94,113.47,111.69,111.89,11308
2025-01-23 12:00:00+00:00,111.89,113.25,110.66,112.93,13877
2025-01-23 16:00:00+00:00,112.91,116.71,112.34,115.64,23504
2025-01-23 20:00:00+00:00,115.64,116.29,112.57,113.36,21639
2025-01-24 00:00:00+00:00,113.57,116.22,113.02,113.34,15273
2025-01-24 04:00:00+00:00,113.33,116.64,112.34,116.55,16215
2025-01-24 08:00:00+00:00,116.56,118.65,115.67,117.32,9778
2025-01-24 12:00:00+00:00,117.32,119.11,116.63,119.11,9765
2025-01-24 16:00:00+00:00,119.1,122.49,118.43,120.19,18261
2025-01-24 20:00:00+00:00,120.18,122.31,115.91,118.41,15082
2025-01-25 00:00:00+00:00,118.49,124.98,117.34,124.09,14424
2025-01-25 04:00:00+00:00,124.09,124.38,121.28,122.22,14736
2025-01-25 08:00:00+00:00,122.21,122.42,119.84,121.94,11423
2025-01-25 12:00:00+00:00,121.94,126.92,120.23,124.89,13229
2025-01-25 16:00:00+00:00,124.87,128.82,124.46,125.77,16891
2025-01-25 20:00:00+00:00,125.77,126.81,123.83,124.04,9982
2025-01-26 00:00:00+00:00,123.94,124.88,122.66,123.8,9268
2025-01-26 04:00:00+00:00,123.8,124.52,122.58,123.64,9274
2025-01-26 08:00:00+00:00,123.64,124.59,121.78,122.02,7813
2025-01-26 12:00:00+00:00,122.02,122.32,120.93,121.56,6802
2025-01-26 16:00:00+00:00,121.56,122.51,120.6,120.69,5415
2025-01-26 20:00:00+00:00,120.69,121.94,120.33,120.51,4674
2025-01-27 00:00:00+00:00,120.03,120.67,113.98,114.22,20976
2025-01-27 04:00:00+00:00,114.24,114.91,111.27,112.4,17229
2025-01-27 08:00:00+00:00,112.39,113.08,105.72,108.58,23873
2025-01-27 12:00:00+00:00,108.56,111.7,105.7,109.54,21997
2025-01-27 16:00:00+00:00,109.53,113.08,109.35,110.13,24871
2025-01-27 20:00:00+00:00,110.13,115.12,108.57,113.55,19130
2025-01-28 00:00:00+00:00,113.47,115.42,112.28,113.37,12077
2025-01-28 04:00:00+00:00,113.35,115.83,112.94,114.86,14129
2025-01-28 08:00:00+00:00,114.84,116.41,113.35,114.38,11650
2025-01-28 12:00:00+00:00,114.38,115.02,113.36,113.93,13269
2025-01-28 16:00:00+00:00,113.93,115.06,111.67,114.08,20064
2025-01-28 20:00:00+00:00,114.05,114.52,108.89,108.97,13519
2025-01-29 00:00:00+00:00,108.98,111.57,108.65,111.45,10502
2025-01-29 04:00:00+00:00,111.45,113.73,111.45,113.41,8687
2025-01-29 08:00:00+00:00,113.41,114.52,112.41,113.08,8068
2025-01-29 12:00:00+00:00,113.08,113.43,110.82,111.37,10462
2025-01-29 16:00:00+00:00,111.37,112.22,109.94,111.75,14464
2025-01-29 20:00:00+00:00,111.72,118.95,109.32,116.53,28872
2025-01-30 00:00:00+00:00,116.47,119.46,113.69,119.46,14620
2025-01-30 04:00:00+00:00,119.47,125.73,118.37,125.43,17566
2025-01-30 08:00:00+00:00,125.41,130.61,125.39,129.14,17242
2025-01-30 12:00:00+00:00,129.14,133.41,127.8,131.91,16160
2025-01-30 16:00:00+00:00,131.88,133.4,128.49,128.63,17163
2025-01-30 20:00:00+00:00,128.63,129.14,126.18,128.92,12438
2025-01-31 00:00:00+00:00,128.58,130.39,126.95,127.84,12099
2025-01-31 04:00:00+00:00,127.84,129.18,125.19,128.51,12582
2025-01-31 08:00:00+00:00,128.51,130.07,127.81,129.77,13776
2025-01-31 12:00:00+00:00,129.77,134.73,129.09,129.19,17435
2025-01-31 16:00:00+00:00,129.19,130.69,127.38,127.62,16164
2025-01-31 20:00:00+00:00,127.62,128.28,124.63,127.42,18227
2025-02-01 00:00:00+00:00,127.12,128.13,125.84,126.8,6355
2025-02-01 04:00:00+00:00,126.81,130.14,126.49,129.54,12799
2025-02-01 08:00:00+00:00,129.54,130.69,122.56,122.85,14123
2025-02-01 12:00:00+00:00,122.85,124.3,121.43,121.61,10848
2025-02-01 16:00:00+00:00,121.6,123.04,120.71,122.15,12284
2025-02-01 20:00:00+00:00,122.15,122.75,119.07,120.96,15879
2025-02-02 00:00:00+00:00,120.69,121.19,117.09,120.13,13085
2025-02-02 04:00:00+00:00,120.14,120.18,112.55,116.4,20007
2025-02-02 08:00:00+00:00,116.37,117.68,114.7,116.39,14771
2025-02-02 12:00:00+00:00,116.39,116.56,113.13,116.23,15078
2025-02-02 16:00:00+00:00,116.22,116.22,108.58,109.52,20318
2025-02-02 20:00:00+00:00,109.52,111.63,106.64,107.74,28314
2025-02-03 00:00:00+00:00,107.85,110.21,87.93,92.08,37760
2025-02-03 04:00:00+00:00,92.08,94.08,79.25,94.08,39566
2025-02-03 08:00:00+00:00,94.08,99.07,92.79,96.33,30872
2025-02-03 12:00:00+00:00,96.33,99.02,94.4,95.02,22178
2025-02-03 16:00:00+00:00,95.02,104.08,92.23,102.63,42060
2025-02-03 20:00:00+00:00,102.63,107.59,101.57,107.19,25148
2025-02-04 00:00:00+00:00,107.22,108.46,105.55,107.12,18783
2025-02-04 04:00:00+00:00,107.12,107.43,98.4,99.29,23216
2025-02-04 08:00:00+00:00,99.3,101.42,98.3,99.18,20092
2025-02-04 12:00:00+00:00,99.18,103.65,99.1,102.07,18809
2025-02-04 16:00:00+00:00,102.07,104.92,101.04,102.01,25833
2025-02-04 20:00:00+00:00,102.01,105.72,97.95,98.26,29084
2025-02-05 00:00:00+00:00,98.73,101.86,98.15,101.14,16312
2025-02-05 04:00:00+00:00,101.14,103.55,100.49,102.64,12998
2025-02-05 08:00:00+00:00,102.63,103.2,101.09,102.86,11709
2025-02-05 12:00:00+00:00,102.86,106.51,102.63,105.0,14973
2025-02-05 16:00:00+00:00,105.0,108.88,102.65,102.85,28438
2025-02-05 20:00:00+00:00,102.85,106.06,102.61,103.28,19544
2025-02-06 00:00:00+00:00,103.14,105.16,101.25,104.13,14377
2025-02-06 04:00:00+00:00,104.12,106.56,103.86,105.48,14558
2025-02-06 08:00:00+00:00,105.48,108.26,105.3,108.11,13565
2025-02-06 12:00:00+00:00,108.1,109.14,104.78,105.74,17568
2025-02-06 16:00:00+00:00,105.74,106.22,99.58,100.54,26502
2025-02-06 20:00:00+00:00,100.54,101.79,99.04,100.95,19516
2025-02-07 00:00:00+00:00,99.78,105.49,99.77,104.32,13991
2025-02-07 04:00:00+00:00,104.31,105.06,102.55,103.89,10807
2025-02-07 08:00:00+00:00,103.88,105.32,102.14,104.57,13829
2025-02-07 12:00:00+00:00,104.57,107.0,103.62,106.69,13036
2025-02-07 16:00:00+00:00,106.68,107.6,103.08,103.45,25214
2025-02-07 20:00:00+00:00,103.44,104.72,100.12,101.18,15704
2025-02-08 00:00:00+00:00,100.89,104.26,100.67,103.35,7985
2025-02-08 04:00:00+00:00,103.34,104.53,101.93,102.67,7555
2025-02-08 08:00:00+00:00,102.67,103.41,101.7,102.57,9017
2025-02-08 12:00:00+00:00,102.56,103.0,101.26,102.47,8326
2025-02-08 16:00:00+00:00,102.48,104.06,101.34,103.9,11237
2025-02-08 20:00:00+00:00,103.92,104.66,103.45,104.26,6514
2025-02-09 00:00:00+00:00,104.32,105.64,103.69,105.33,6656
2025-02-09 04:00:00+00:00,105.34,107.49,104.55,106.15,9312
2025-02-09 08:00:00+00:00,106.12,106.71,104.97,105.61,8667
2025-02-09 12:00:00+00:00,105.6,106.96,104.07,104.71,8746
2025-02-09 16:00:00+00:00,104.7,108.65,104.59,107.59,12316
2025-02-09 20:00:00+00:00,107.59,108.36,101.85,102.98,12485
2025-02-10 00:00:00+00:00,102.68,112.76,101.75,108.09,18360
2025-02-10 04:00:00+00:00,108.09,113.78,106.79,112.66,21433
2025-02-10 08:00:00+00:00,112.66,116.93,111.56,116.2,16619
2025-02-10 12:00:00+00:00,116.2,118.79,114.9,117.96,16694
2025-02-10 16:00:00+00:00,117.95,121.93,116.32,118.19,20995
2025-02-10 20:00:00+00:00,118.19,120.94,117.14,119.4,11997
2025-02-11 00:00:00+00:00,119.1,122.67,117.25,120.93,15768
2025-02-11 04:00:00+00:00,120.93,131.59,119.56,129.07,23148
2025-02-11 08:00:00+00:00,129.07,130.65,126.52,126.79,17656
2025-02-11 12:00:00+00:00,126.79,129.14,123.97,124.8,15515
2025-02-11 16:00:00+00:00,124.8,127.54,121.14,121.87,20231
2025-02-11 20:00:00+00:00,121.87,122.43,117.32,119.54,17080
2025-02-12 00:00:00+00:00,119.36,121.07,116.58,119.02,11501
2025-02-12 04:00:00+00:00,119.02,119.17,115.15,116.83,15273
2025-02-12 08:00:00+00:00,116.83,118.31,115.29,116.98,13226
2025-02-12 12:00:00+00:00,116.98,117.44,110.78,114.28,16318
2025-02-12 16:00:00+00:00,114.27,121.1,112.61,121.06,28115
2025-02-12 20:00:00+00:00,121.05,124.39,118.62,121.78,20264
2025-02-13 00:00:00+00:00,122.17,128.8,120.67,126.45,16679
2025-02-13 04:00:00+00:00,126.46,126.67,121.36,122.32,14990
2025-02-13 08:00:00+00:00,122.32,122.8,118.98,121.99,14669
2025-02-13 12:00:00+00:00,121.99,122.09,119.04,120.46,15808
2025-02-13 16:00:00+00:00,120.45,124.37,118.33,124.04,22186
2025-02-13 20:00:00+00:00,124.04,128.62,123.28,126.58,20815
2025-02-14 00:00:00+00:00,126.78,127.48,123.61,127.28,13484
2025-02-14 04:00:00+00:00,127.28,128.07,124.31,126.45,14782
2025-02-14 08:00:00+00:00,126.46,132.22,124.98,130.56,18751
2025-02-14 12:00:00+00:00,130.56,133.33,126.6,129.14,21389
2025-02-14 16:00:00+00:00,129.14,129.44,124.84,128.65,22052
2025-02-14 20:00:00+00:00,128.65,130.05,124.94,127.0,17073
2025-02-15 00:00:00+00:00,124.44,127.33,123.79,127.08,9134
2025-02-15 04:00:00+00:00,127.08,131.5,126.78,127.3,13169
2025-02-15 08:00:00+00:00,127.3,132.08,127.2,130.92,14357
2025-02-15 12:00:00+00:00,130.91,132.84,129.78,131.17,16720
2025-02-15 16:00:00+00:00,131.16,134.45,129.49,130.52,22307
2025-02-15 20:00:00+00:00,130.52,132.0,128.65,131.27,12826
2025-02-16 00:00:00+00:00,131.28,136.06,129.28,135.67,14981
2025-02-16 04:00:00+00:00,135.63,136.97,133.99,135.85,17230
2025-02-16 08:00:00+00:00,135.85,136.35,130.52,132.12,14489
2025-02-16 12:00:00+00:00,132.12,132.51,127.56,127.99,10962
2025-02-16 16:00:00+00:00,127.99,128.02,125.23,125.47,12157
2025-02-16 20:00:00+00:00,125.47,126.67,124.52,126.11,10498
2025-02-17 00:00:00+00:00,125.96,128.31,124.25,127.43,13192
2025-02-17 04:00:00+00:00,127.43,127.57,122.72,125.0,15430
2025-02-17 08:00:00+00:00,125.0,127.0,124.42,125.15,15537
2025-02-17 12:00:00+00:00,125.16,125.67,123.0,123.1,13339
2025-02-17 16:00:00+00:00,123.1,125.77,120.14,120.55,26081
2025-02-17 20:00:00+00:00,120.55,123.47,119.55,123.4,11522
2025-02-18 00:00:00+00:00,123.51,124.49,120.89,123.24,11084
2025-02-18 04:00:00+00:00,123.22,125.58,121.13,121.45,13059
2025-02-18 08:00:00+00:00,121.45,124.42,119.35,123.92,18249
2025-02-18 12:00:00+00:00,123.9,127.86,122.62,126.62,17310
2025-02-18 16:00:00+00:00,126.62,127.79,120.17,125.9,23759
2025-02-18 20:00:00+00:00,125.9,128.53,123.0,127.81,18936
2025-02-19 00:00:00+00:00,128.02,132.96,127.24,132.3,15138
2025-02-19 04:00:00+00:00,132.31,133.45,129.65,130.78,15135
2025-02-19 08:00:00+00:00,130.79,135.99,130.63,135.52,15234
2025-02-19 12:00:00+00:00,135.52,139.28,134.69,135.95,18417
2025-02-19 16:00:00+00:00,135.95,137.88,133.05,135.79,19725
2025-02-19 20:00:00+00:00,135.78,136.26,132.69,133.29,13811
2025-02-20 00:00:00+00:00,133.17,136.08,131.89,132.32,9091
2025-02-20 04:00:00+00:00,132.32,133.07,129.76,130.55,12516
2025-02-20 08:00:00+00:00,130.54,130.75,127.54,128.59,11671
2025-02-20 12:00:00+00:00,128.6,130.43,127.0,128.04,10426
2025-02-20 16:00:00+00:00,128.04,130.25,125.39,128.49,17482
2025-02-20 20:00:00+00:00,128.49,129.46,126.72,127.12,13962
2025-02-21 00:00:00+00:00,126.74,135.33,126.38,133.22,14940
2025-02-21 04:00:00+00:00,133.22,138.65,132.57,134.68,14174
2025-02-21 08:00:00+00:00,134.68,135.6,131.99,133.68,12584
2025-02-21 12:00:00+00:00,133.68,139.45,133.48,137.91,12800
2025-02-21 16:00:00+00:00,137.91,138.25,128.26,128.47,27228
2025-02-21 20:00:00+00:00,128.47,129.4,123.14,126.4,20693
2025-02-22 00:00:00+00:00,127.08,130.59,126.16,128.65,9776
2025-02-22 04:00:00+00:00,128.65,129.89,127.17,129.21,9542
2025-02-22 08:00:00+00:00,129.22,129.69,126.06,127.22,8264
2025-02-22 12:00:00+00:00,127.22,128.36,126.1,126.89,8930
2025-02-22 16:00:00+00:00,126.89,128.63,126.6,127.62,9301
2025-02-22 20:00:00+00:00,127.62,127.81,125.22,126.34,5716
2025-02-23 00:00:00+00:00,126.2,126.63,124.65,126.04,5770
2025-02-23 04:00:00+00:00,126.04,126.36,125.02,125.78,6625
2025-02-23 08:00:00+00:00,125.79,128.34,125.56,127.9,8197
2025-02-23 12:00:00+00:00,127.9,128.66,125.82,128.27,8368
2025-02-23 16:00:00+00:00,128.27,129.08,126.21,126.68,8695
2025-02-23 20:00:00+00:00,126.68,128.47,126.56,127.93,5012
2025-02-24 00:00:00+00:00,128.07,129.83,126.21,126.7,7671
2025-02-24 04:00:00+00:00,126.7,127.47,120.78,123.21,12563
2025-02-24 08:00:00+00:00,123.22,124.91,121.5,122.92,11091
2025-02-24 12:00:00+00:00,122.92,124.15,121.34,122.8,11344
2025-02-24 16:00:00+00:00,122.8,123.72,119.65,122.96,15523
2025-02-24 20:00:00+00:00,122.94,123.77,119.01,119.66,11769
2025-02-25 00:00:00+00:00,113.32,116.8,111.65,114.93,18593
2025-02-25 04:00:00+00:00,114.93,115.97,111.9,113.78,11504
2025-02-25 08:00:00+00:00,113.78,114.0,105.55,110.32,15794
2025-02-25 12:00:00+00:00,110.33,113.22,108.71,110.86,14278
2025-02-25 16:00:00+00:00,110.86,112.13,108.3,111.37,17208
2025-02-25 20:00:00+00:00,111.37,115.3,109.76,115.3,11205
2025-02-26 00:00:00+00:00,115.73,116.43,113.3,115.13,10252
2025-02-26 04:00:00+00:00,115.13,120.79,114.7,116.48,6416
2025-02-26 08:00:00+00:00,116.48,126.47,116.48,126.18,8222
2025-02-26 12:00:00+00:00,126.14,126.71,121.7,121.9,11395
2025-02-26 16:00:00+00:00,121.9,127.59,120.98,124.16,13359
2025-02-26 20:00:00+00:00,124.16,126.73,120.65,125.49,14582
2025-02-27 00:00:00+00:00,125.51,128.19,122.26,123.64,6865
2025-02-27 04:00:00+00:00,123.64,125.31,121.17,125.02,6991
2025-02-27 08:00:00+00:00,125.02,130.21,124.91,128.83,8699
2025-02-27 12:00:00+00:00,128.83,131.35,127.57,129.14,9496
2025-02-27 16:00:00+00:00,129.14,130.95,122.48,125.83,13605
2025-02-27 20:00:00+00:00,125.83,127.39,122.47,126.64,8078
2025-02-28 00:00:00+00:00,124.99,126.7,119.79,122.17,8417
2025-02-28 04:00:00+00:00,122.16,125.42,116.58,118.99,15971
2025-02-28 08:00:00+00:00,118.99,121.07,113.5,119.52,11130
2025-02-28 12:00:00+00:00,119.52,121.44,117.58,120.01,15307
2025-02-28 16:00:00+00:00,120.01,126.13,119.95,123.45,16369
2025-02-28 20:00:00+00:00,123.45,128.64,123.04,125.71,8426
2025-03-01 00:00:00+00:00,127.16,128.81,124.41,127.16,2723
2025-03-01 04:00:00+00:00,127.16,130.26,126.17,126.17,5311
2025-03-01 08:00:00+00:00,126.17,127.29,125.34,126.06,3449
2025-03-01 12:00:00+00:00,126.06,126.46,122.35,123.4,3655
2025-03-01 16:00:00+00:00,123.4,125.42,123.12,124.05,4616
2025-03-01 20:00:00+00:00,124.05,125.77,123.49,125.57,2529
2025-03-02 00:00:00+00:00,124.07,124.97,122.19,122.83,3515
2025-03-02 04:00:00+00:00,122.83,123.54,121.66,121.77,4450
2025-03-02 08:00:00+00:00,121.77,123.57,120.98,121.81,3631
2025-03-02 12:00:00+00:00,121.82,122.47,117.0,118.64,4210
2025-03-02 16:00:00+00:00,118.64,129.51,117.76,126.3,19580
2025-03-02 20:00:00+00:00,126.3,127.48,124.22,126.16,13652
2025-03-03 00:00:00+00:00,126.35,129.8,123.92,126.47,13459
2025-03-03 04:00:00+00:00,126.47,126.83,121.35,122.4,8532
2025-03-03 08:00:00+00:00,122.4,122.61,114.14,115.68,10128
2025-03-03 12:00:00+00:00,115.68,118.51,115.33,118.51,10762
2025-03-03 16:00:00+00:00,118.5,118.72,111.94,114.33,14938
2025-03-03 20:00:00+00:00,114.33,114.54,106.17,107.73,16136
2025-03-04 00:00:00+00:00,108.17,110.4,102.08,103.64,8826
2025-03-04 04:00:00+00:00,103.66,105.59,100.55,104.98,11463
2025-03-04 08:00:00+00:00,104.99,105.6,99.95,101.32,7460
2025-03-04 12:00:00+00:00,101.32,103.45,98.33,99.94,9911
2025-03-04 16:00:00+00:00,99.95,105.67,93.43,101.28,17834
2025-03-04 20:00:00+00:00,101.29,104.38,100.58,102.13,12167
2025-03-05 00:00:00+00:00,102.07,103.82,101.17,103.81,8095
2025-03-05 04:00:00+00:00,103.81,104.98,101.56,102.38,9326
2025-03-05 08:00:00+00:00,102.38,105.47,101.43,104.09,8933
2025-03-05 12:00:00+00:00,104.09,106.33,101.58,102.17,15157
2025-03-05 16:00:00+00:00,102.17,103.9,100.14,103.02,14252
2025-03-05 20:00:00+00:00,103.02,104.82,102.46,104.62,7207
2025-03-06 00:00:00+00:00,103.34,105.65,103.13,104.86,10118
2025-03-06 04:00:00+00:00,104.86,112.49,104.63,109.66,15373
2025-03-06 08:00:00+00:00,109.66,109.88,106.61,107.19,12245
2025-03-06 12:00:00+00:00,107.18,108.27,104.69,105.05,12426
2025-03-06 16:00:00+00:00,105.05,106.43,101.65,102.09,15416
2025-03-06 20:00:00+00:00,102.1,103.52,101.6,102.98,10791
2025-03-07 00:00:00+00:00,103.31,104.09,96.73,100.73,13248
2025-03-07 04:00:00+00:00,100.73,101.7,100.03,101.22,10652
2025-03-07 08:00:00+00:00,101.22,103.91,100.64,103.09,11337
2025-03-07 12:00:00+00:00,103.09,105.2,103.0,103.56,12718
2025-03-07 16:00:00+00:00,103.56,105.36,101.63,103.53,16391
2025-03-07 20:00:00+00:00,103.53,106.12,102.65,103.2,14174
2025-03-08 00:00:00+00:00,104.0,105.54,101.84,104.03,7385
2025-03-08 04:00:00+00:00,104.03,108.06,103.5,106.2,7111
2025-03-08 08:00:00+00:00,106.2,106.29,103.33,103.46,6594
2025-03-08 12:00:00+00:00,103.46,105.06,103.11,103.39,9093
2025-03-08 16:00:00+00:00,103.39,104.11,102.26,103.2,6230
2025-03-08 20:00:00+00:00,103.2,104.33,103.03,103.1,4494
2025-03-09 00:00:00+00:00,103.18,103.25,100.95,100.95,4643
2025-03-09 04:00:00+00:00,100.97,101.19,100.07,100.26,3844
2025-03-09 08:00:00+00:00,100.26,101.2,99.38,99.78,3901
2025-03-09 12:00:00+00:00,99.78,100.8,97.55,98.06,5578
2025-03-09 16:00:00+00:00,98.06,100.4,95.96,96.04,11529
2025-03-09 20:00:00+00:00,96.04,97.39,94.65,96.34,13913
2025-03-10 00:00:00+00:00,96.23,96.44,92.46,94.81,12642
2025-03-10 04:00:00+00:00,94.81,96.47,93.51,96.14,13128
2025-03-10 08:00:00+00:00,96.14,97.13,93.99,94.26,10395
2025-03-10 12:00:00+00:00,94.26,98.6,94.21,97.35,20068
2025-03-10 16:00:00+00:00,97.35,97.49,90.15,90.5,21012
2025-03-10 20:00:00+00:00,90.5,90.74,85.73,87.75,14852
2025-03-11 00:00:00+00:00,87.0,88.66,82.71,84.65,12457
2025-03-11 04:00:00+00:00,84.65,88.38,82.88,87.18,13388
2025-03-11 08:00:00+00:00,87.18,88.96,87.03,88.17,9381
2025-03-11 12:00:00+00:00,88.17,89.3,87.09,87.09,10109
2025-03-11 16:00:00+00:00,87.09,92.56,85.58,90.59,20924
2025-03-11 20:00:00+00:00,90.59,92.73,89.13,91.07,12591
2025-03-12 00:00:00+00:00,90.9,91.84,89.65,90.03,8125
2025-03-12 04:00:00+00:00,90.02,91.37,87.53,88.07,10984
2025-03-12 08:00:00+00:00,88.08,90.12,88.0,89.84,8332
2025-03-12 12:00:00+00:00,89.84,92.37,88.8,91.62,12643
2025-03-12 16:00:00+00:00,91.62,91.93,86.81,89.67,12894
2025-03-12 20:00:00+00:00,89.69,91.18,89.51,91.04,9113
2025-03-13 00:00:00+00:00,91.17,91.46,90.13,90.26,6972
2025-03-13 04:00:00+00:00,90.24,91.17,89.28,89.49,10192
2025-03-13 08:00:00+00:00,89.49,89.8,87.76,88.57,11382
2025-03-13 12:00:00+00:00,88.57,90.79,88.56,88.98,13788
2025-03-13 16:00:00+00:00,88.98,89.66,86.52,86.82,18327
2025-03-13 20:00:00+00:00,86.84,87.35,85.73,86.26,13554
2025-03-14 00:00:00+00:00,86.32,88.47,85.83,88.24,6678
2025-03-14 04:00:00+00:00,88.23,89.1,87.81,88.39,6063
2025-03-14 08:00:00+00:00,88.39,89.63,88.09,89.46,6278
2025-03-14 12:00:00+00:00,89.46,90.32,89.26,90.07,7224
2025-03-14 16:00:00+00:00,90.07,92.35,89.1,91.98,16567
2025-03-14 20:00:00+00:00,91.97,92.01,90.29,91.06,11548
2025-03-15 00:00:00+00:00,91.64,91.64,90.62,91.3,3773
2025-03-15 04:00:00+00:00,91.3,92.0,90.43,91.73,8079
2025-03-15 08:00:00+00:00,91.72,92.34,90.59,92.21,7736
2025-03-15 12:00:00+00:00,92.21,93.46,91.87,92.65,9956
2025-03-15 16:00:00+00:00,92.65,93.71,91.82,92.7,8486
2025-03-15 20:00:00+00:00,92.7,93.15,91.99,92.55,6666
2025-03-16 00:00:00+00:00,92.68,93.0,91.53,91.9,5305
2025-03-16 04:00:00+00:00,91.88,92.15,90.71,91.85,6156
2025-03-16 08:00:00+00:00,91.86,92.14,91.21,91.81,5372
2025-03-16 12:00:00+00:00,91.81,91.85,88.11,88.59,8588
2025-03-16 16:00:00+00:00,88.58,90.53,87.83,89.75,12156
2025-03-16 20:00:00+00:00,89.77,90.72,88.56,90.05,11634
2025-03-17 00:00:00+00:00,90.0,91.66,89.01,91.43,10484
2025-03-17 04:00:00+00:00,91.44,93.9,91.36,93.19,8860
2025-03-17 08:00:00+00:00,93.19,93.21,90.91,91.86,7709
2025-03-17 12:00:00+00:00,91.86,93.54,91.85,92.34,8730
2025-03-17 16:00:00+00:00,92.34,93.25,91.62,92.58,12415
2025-03-17 20:00:00+00:00,92.58,93.88,92.06,92.15,7031
2025-03-18 00:00:00+00:00,92.15,92.74,90.61,90.85,4833
2025-03-18 04:00:00+00:00,90.83,91.05,88.97,89.21,10622
2025-03-18 08:00:00+00:00,89.2,89.78,88.32,89.46,9349
2025-03-18 12:00:00+00:00,89.46,89.7,87.68,87.76,8936
2025-03-18 16:00:00+00:00,87.75,88.38,86.53,87.97,16233
2025-03-18 20:00:00+00:00,87.97,88.21,87.04,87.47,10099
2025-03-19 00:00:00+00:00,87.37,90.52,87.35,89.81,5948
2025-03-19 04:00:00+00:00,89.81,90.27,88.85,89.48,6028
2025-03-19 08:00:00+00:00,89.47,90.26,89.04,89.8,6359
2025-03-19 12:00:00+00:00,89.8,91.33,89.48,90.2,7860
2025-03-19 16:00:00+00:00,90.2,91.82,89.87,91.08,15397
2025-03-19 20:00:00+00:00,91.08,92.92,90.02,91.95,12724
2025-03-20 00:00:00+00:00,92.17,94.08,92.12,93.1,9191
2025-03-20 04:00:00+00:00,93.11,93.56,92.69,92.8,6233
2025-03-20 08:00:00+00:00,92.81,92.87,91.37,92.32,4871
2025-03-20 12:00:00+00:00,92.33,92.4,90.42,91.45,6196
2025-03-20 16:00:00+00:00,91.45,92.19,89.55,89.77,12200
2025-03-20 20:00:00+00:00,89.77,92.41,89.67,92.31,8070
2025-03-21 00:00:00+00:00,91.97,92.88,91.84,92.26,6106
2025-03-21 04:00:00+00:00,92.26,92.7,91.61,92.38,6283
2025-03-21 08:00:00+00:00,92.38,93.07,91.49,92.34,8531
2025-03-21 12:00:00+00:00,92.34,93.34,91.81,92.03,10012
2025-03-21 16:00:00+00:00,92.03,93.37,91.5,93.06,13649
2025-03-21 20:00:00+00:00,93.05,93.13,91.66,91.85,7812
2025-03-22 00:00:00+00:00,91.71,91.81,90.08,90.45,5735
2025-03-22 04:00:00+00:00,90.44,90.83,89.84,90.63,4998
2025-03-22 08:00:00+00:00,90.63,91.03,90.29,90.79,4272
2025-03-22 12:00:00+00:00,90.78,91.25,90.6,90.78,4450
2025-03-22 16:00:00+00:00,90.78,90.97,90.0,90.69,4713
2025-03-22 20:00:00+00:00,90.68,91.69,90.68,90.78,4885
2025-03-23 00:00:00+00:00,90.52,91.31,90.46,91.05,4776
2025-03-23 04:00:00+00:00,91.05,91.67,90.86,90.93,3115
2025-03-23 08:00:00+00:00,90.93,91.4,90.69,91.22,2782
2025-03-23 12:00:00+00:00,91.21,92.05,91.12,91.52,3271
2025-03-23 16:00:00+00:00,91.52,92.51,91.28,91.95,3751
2025-03-23 20:00:00+00:00,91.95,92.05,90.66,90.78,3440
2025-03-24 00:00:00+00:00,90.74,92.01,90.14,91.21,6712
2025-03-24 04:00:00+00:00,91.21,92.41,90.29,92.24,8166
2025-03-24 08:00:00+00:00,92.24,93.22,92.14,93.09,6591
2025-03-24 12:00:00+00:00,93.09,93.51,92.67,92.67,7349
2025-03-24 16:00:00+00:00,92.67,94.46,92.14,93.26,14478
2025-03-24 20:00:00+00:00,93.26,94.92,93.07,94.36,8568
2025-03-25 00:00:00+00:00,94.24,95.08,92.59,93.64,6769
2025-03-25 04:00:00+00:00,93.63,93.64,91.34,91.73,8613
2025-03-25 08:00:00+00:00,91.72,92.41,91.55,92.33,6741
2025-03-25 12:00:00+00:00,92.33,92.96,92.04,92.34,8032
2025-03-25 16:00:00+00:00,92.33,94.25,92.12,92.55,13276
2025-03-25 20:00:00+00:00,92.55,93.47,92.44,92.63,7872
2025-03-26 00:00:00+00:00,92.9,94.94,92.75,94.64,7076
2025-03-26 04:00:00+00:00,94.64,95.59,92.79,93.53,7307
2025-03-26 08:00:00+00:00,93.53,95.58,93.35,94.76,4585
2025-03-26 12:00:00+00:00,94.76,96.01,94.67,95.48,6726
2025-03-26 16:00:00+00:00,95.46,95.53,92.15,92.48,16033
2025-03-26 20:00:00+00:00,92.48,92.7,90.37,92.23,11382
2025-03-27 00:00:00+00:00,92.23,93.14,91.09,93.09,6631
2025-03-27 04:00:00+00:00,93.1,93.5,92.55,93.37,5062
2025-03-27 08:00:00+00:00,93.36,94.09,92.86,93.69,6096
2025-03-27 12:00:00+00:00,93.69,94.47,93.05,93.21,8259
2025-03-27 16:00:00+00:00,93.27,93.62,91.63,92.09,15134
2025-03-27 20:00:00+00:00,92.08,92.64,91.54,92.06,7234
2025-03-28 00:00:00+00:00,91.74,92.63,91.41,92.32,4223
2025-03-28 04:00:00+00:00,92.32,92.85,89.97,90.56,8285
2025-03-28 08:00:00+00:00,90.55,90.55,87.33,88.2,12438
2025-03-28 12:00:00+00:00,88.2,88.52,86.67,87.04,10801
2025-03-28 16:00:00+00:00,87.04,87.79,85.39,85.5,15470
2025-03-28 20:00:00+00:00,85.5,86.25,84.88,84.88,10323
2025-03-29 00:00:00+00:00,84.57,87.19,84.57,86.74,4474
2025-03-29 04:00:00+00:00,86.74,87.0,85.1,86.77,9473
2025-03-29 08:00:00+00:00,86.77,86.82,84.87,86.04,8932
2025-03-29 12:00:00+00:00,86.03,86.18,84.16,85.29,10413
2025-03-29 16:00:00+00:00,85.29,86.32,84.68,84.83,8047
2025-03-29 20:00:00+00:00,84.83,85.23,83.56,84.06,9582
2025-03-30 00:00:00+00:00,84.11,85.12,83.14,84.85,5720
2025-03-30 04:00:00+00:00,84.86,86.28,84.17,84.97,7251
2025-03-30 08:00:00+00:00,84.98,86.25,84.43,84.93,3897
2025-03-30 12:00:00+00:00,85.95,86.22,84.39,85.49,5111
2025-03-30 16:00:00+00:00,85.48,86.28,83.64,85.33,10571
2025-03-30 20:00:00+00:00,85.31,86.11,84.18,85.77,5461
2025-03-31 00:00:00+00:00,85.64,85.9,83.95,84.57,12624
2025-03-31 04:00:00+00:00,84.55,85.6,83.2,84.73,14340
2025-03-31 08:00:00+00:00,84.72,85.22,81.29,82.44,10688
2025-03-31 12:00:00+00:00,82.43,83.14,79.59,82.56,14765
2025-03-31 16:00:00+00:00,82.55,83.23,79.61,82.72,17468
2025-03-31 20:00:00+00:00,82.71,83.79,81.44,82.9,10597
2025-04-01 00:00:00+00:00,83.22,83.55,81.44,82.81,7250
2025-04-01 04:00:00+00:00,82.82,83.62,82.33,83.52,6649
2025-04-01 08:00:00+00:00,83.51,85.1,82.53,85.01,8281
2025-04-01 12:00:00+00:00,84.99,85.26,82.59,83.87,8664
2025-04-01 16:00:00+00:00,83.87,85.39,82.27,84.8,16855
2025-04-01 20:00:00+00:00,84.78,84.81,82.8,84.12,7950
2025-04-02 00:00:00+00:00,84.09,84.73,83.03,83.08,6035
2025-04-02 04:00:00+00:00,83.08,83.22,81.43,82.13,9460
2025-04-02 08:00:00+00:00,82.14,84.26,79.88,81.79,12033
2025-04-02 12:00:00+00:00,81.79,82.78,80.74,82.51,10146
2025-04-02 16:00:00+00:00,82.51,86.81,81.5,84.57,20299
2025-04-02 20:00:00+00:00,85.59,88.03,83.65,85.49,18109
2025-04-03 00:00:00+00:00,85.45,85.45,80.16,82.19,20347
2025-04-03 04:00:00+00:00,82.21,83.99,81.25,83.65,12075
2025-04-03 08:00:00+00:00,83.65,83.68,81.93,83.5,6206
2025-04-03 12:00:00+00:00,83.52,84.12,79.0,79.91,15217
2025-04-03 16:00:00+00:00,79.9,81.68,79.33,80.04,17139
2025-04-03 20:00:00+00:00,80.04,82.28,79.73,82.18,9230
2025-04-04 00:00:00+00:00,82.14,83.04,81.31,82.43,7959
2025-04-04 04:00:00+00:00,82.43,83.14,81.6,82.7,7923
2025-04-04 08:00:00+00:00,82.7,84.45,82.5,84.23,8160
2025-04-04 12:00:00+00:00,84.23,84.57,79.98,82.57,18448
2025-04-04 16:00:00+00:00,82.58,84.35,80.67,83.17,23184
2025-04-04 20:00:00+00:00,83.19,84.41,82.65,84.02,12377
2025-04-05 00:00:00+00:00,84.17,84.42,82.67,84.09,4207
2025-04-05 04:00:00+00:00,84.09,84.42,83.15,83.73,3474
2025-04-05 08:00:00+00:00,83.73,83.98,82.43,83.23,2535
2025-04-05 12:00:00+00:00,83.23,83.46,81.48,82.5,3535
2025-04-05 16:00:00+00:00,82.51,82.55,81.3,81.51,6323
2025-04-05 20:00:00+00:00,81.51,81.95,81.06,81.57,4328
2025-04-06 00:00:00+00:00,81.35,82.27,81.24,82.16,3315
2025-04-06 04:00:00+00:00,82.17,82.58,80.53,81.75,3842
2025-04-06 08:00:00+00:00,81.75,81.97,80.64,81.3,4159
2025-04-06 12:00:00+00:00,81.31,81.31,79.56,80.07,4150
2025-04-06 16:00:00+00:00,80.06,80.12,76.99,77.59,10999
2025-04-06 20:00:00+00:00,77.6,77.6,69.05,70.52,25752
2025-04-07 00:00:00+00:00,71.03,71.39,67.51,69.41,20278
2025-04-07 04:00:00+00:00,69.41,71.27,66.05,67.43,22736
2025-04-07 08:00:00+00:00,67.42,67.87,61.96,65.64,27590
2025-04-07 12:00:00+00:00,65.65,68.26,64.11,68.04,23319
2025-04-07 16:00:00+00:00,68.04,72.5,66.17,68.95,33346
2025-04-07 20:00:00+00:00,68.94,71.49,68.37,70.95,17475
2025-04-08 00:00:00+00:00,71.06,71.81,69.76,69.88,11179
2025-04-08 04:00:00+00:00,69.87,72.35,69.57,72.31,10409
2025-04-08 08:00:00+00:00,72.3,72.38,69.47,71.22,10859
2025-04-08 12:00:00+00:00,71.23,72.84,69.72,72.48,12945
2025-04-08 16:00:00+00:00,72.47,72.98,68.88,69.18,21421
2025-04-08 20:00:00+00:00,69.16,69.43,67.65,69.15,19483
2025-04-09 00:00:00+00:00,69.23,69.29,68.02,68.45,15590
2025-04-09 04:00:00+00:00,68.44,69.5,65.97,68.96,21021
2025-04-09 08:00:00+00:00,68.95,70.39,68.95,70.27,15124
2025-04-09 12:00:00+00:00,70.26,70.93,68.89,69.89,15945
2025-04-09 16:00:00+00:00,69.89,71.79,69.84,71.67,17435
2025-04-09 20:00:00+00:00,71.67,77.69,70.97,77.03,25490
2025-04-10 00:00:00+00:00,77.04,77.47,74.14,74.97,10080
2025-04-10 04:00:00+00:00,74.95,75.32,73.12,73.59,7860
2025-04-10 08:00:00+00:00,73.59,74.53,73.24,73.93,8097
2025-04-10 12:00:00+00:00,73.93,74.12,72.6,73.05,10835
2025-04-10 16:00:00+00:00,73.07,73.75,70.51,71.1,21313
2025-04-10 20:00:00+00:00,71.11,73.01,70.63,72.79,10846
2025-04-11 00:00:00+00:00,71.81,73.81,71.81,73.29,4242
2025-04-11 04:00:00+00:00,73.28,74.87,73.28,74.79,8366
2025-04-11 08:00:00+00:00,74.79,75.69,74.41,75.12,10269
2025-04-11 12:00:00+00:00,75.12,77.0,75.0,75.52,10051
2025-04-11 16:00:00+00:00,75.52,76.15,74.99,75.79,13104
2025-04-11 20:00:00+00:00,75.8,76.75,75.71,76.27,8072
2025-04-12 00:00:00+00:00,76.24,76.28,75.37,75.62,3200
2025-04-12 04:00:00+00:00,75.62,75.63,74.35,75.26,5447
2025-04-12 08:00:00+00:00,75.27,76.32,75.16,75.82,6209
2025-04-12 12:00:00+00:00,75.82,76.17,75.18,76.02,4447
2025-04-12 16:00:00+00:00,76.03,79.58,75.85,78.14,14290
2025-04-12 20:00:00+00:00,78.13,78.89,77.47,78.49,8986
2025-04-13 00:00:00+00:00,77.28,78.53,77.28,78.21,6037
2025-04-13 04:00:00+00:00,78.21,78.52,76.86,76.99,8252
2025-04-13 08:00:00+00:00,76.99,78.45,76.7,78.07,5294
2025-04-13 12:00:00+00:00,78.07,79.11,77.95,78.5,6645
2025-04-13 16:00:00+00:00,78.5,78.9,77.02,78.27,7785
2025-04-13 20:00:00+00:00,78.28,79.54,76.25,77.41,14077
2025-04-14 00:00:00+00:00,77.23,78.61,75.56,77.8,10435
2025-04-14 04:00:00+00:00,77.8,80.16,77.59,78.89,12287
2025-04-14 08:00:00+00:00,78.88,78.9,76.71,77.25,10639
2025-04-14 12:00:00+00:00,77.25,78.39,76.54,78.03,11860
2025-04-14 16:00:00+00:00,78.03,78.81,75.21,75.71,16690
2025-04-14 20:00:00+00:00,75.72,76.99,75.67,76.64,7552
2025-04-15 00:00:00+00:00,75.06,77.19,75.06,76.91,5625
2025-04-15 04:00:00+00:00,76.92,78.11,76.41,78.02,7173
2025-04-15 08:00:00+00:00,78.02,78.24,77.13,77.44,5877
2025-04-15 12:00:00+00:00,77.44,77.86,76.48,77.06,9753
2025-04-15 16:00:00+00:00,77.06,77.7,74.75,75.07,16124
2025-04-15 20:00:00+00:00,75.08,75.32,74.13,74.94,8721
2025-04-16 00:00:00+00:00,73.77,75.92,73.77,74.59,7398
2025-04-16 04:00:00+00:00,74.59,76.07,74.48,75.51,6510
2025-04-16 08:00:00+00:00,75.5,75.8,74.36,75.53,9052
2025-04-16 12:00:00+00:00,75.53,75.8,73.45,73.53,9744
2025-04-16 16:00:00+00:00,73.53,75.34,73.09,74.61,15511
2025-04-16 20:00:00+00:00,74.61,75.55,72.79,74.07,18554
2025-04-17 00:00:00+00:00,72.86,74.96,72.86,74.02,7821
2025-04-17 04:00:00+00:00,74.03,74.78,73.39,74.18,5913
2025-04-17 08:00:00+00:00,74.18,75.21,74.13,74.34,5601
2025-04-17 12:00:00+00:00,74.34,75.04,73.89,74.78,5467
2025-04-17 16:00:00+00:00,74.78,76.01,73.11,75.34,11696
2025-04-17 20:00:00+00:00,75.35,75.96,74.18,75.02,9233
2025-04-18 00:00:00+00:00,73.57,75.14,73.57,74.19,3600
2025-04-18 04:00:00+00:00,74.19,75.04,74.07,74.85,4950
2025-04-18 08:00:00+00:00,74.85,75.29,74.32,75.13,5346
2025-04-18 12:00:00+00:00,75.12,75.46,74.91,75.39,4036
2025-04-18 16:00:00+00:00,75.39,75.75,74.85,75.71,5079
2025-04-18 20:00:00+00:00,75.7,76.54,75.59,75.69,3959
2025-04-19 00:00:00+00:00,76.02,76.17,75.24,75.29,2124
2025-04-19 04:00:00+00:00,75.27,76.24,75.21,75.99,3411
2025-04-19 08:00:00+00:00,75.99,76.08,75.51,75.8,2567
2025-04-19 12:00:00+00:00,75.8,75.97,75.28,75.4,2000
2025-04-19 16:00:00+00:00,75.39,75.75,73.72,74.53,3449
2025-04-19 20:00:00+00:00,74.53,75.7,74.45,75.53,4334
2025-04-20 00:00:00+00:00,74.36,76.01,74.36,75.67,2164
2025-04-20 04:00:00+00:00,75.66,76.3,75.57,76.11,2906
2025-04-20 08:00:00+00:00,76.1,76.44,75.74,75.85,3806
2025-04-20 12:00:00+00:00,75.84,76.1,74.86,75.3,3625
2025-04-20 16:00:00+00:00,75.3,76.21,75.21,76.21,3891
2025-04-20 20:00:00+00:00,76.2,78.0,75.82,76.99,3956
2025-04-21 00:00:00+00:00,75.18,78.81,75.18,78.32,5781
2025-04-21 04:00:00+00:00,78.31,79.37,78.1,78.39,8128
2025-04-21 08:00:00+00:00,78.38,80.74,78.15,80.53,6379
2025-04-21 12:00:00+00:00,80.53,81.3,79.28,79.47,8705
2025-04-21 16:00:00+00:00,79.46,80.38,77.74,77.93,13355
2025-04-21 20:00:00+00:00,77.93,78.11,76.94,77.42,11695
2025-04-22 00:00:00+00:00,75.6,77.94,75.6,77.92,6090
2025-04-22 04:00:00+00:00,77.94,79.0,77.61,78.07,9106
2025-04-22 08:00:00+00:00,78.08,79.61,77.74,79.34,8160
2025-04-22 12:00:00+00:00,79.33,79.55,78.52,79.34,8531
2025-04-22 16:00:00+00:00,79.34,82.62,79.24,82.12,22047
2025-04-22 20:00:00+00:00,82.12,82.98,82.11,82.53,7077
2025-04-23 00:00:00+00:00,81.54,84.25,81.49,83.7,12409
2025-04-23 04:00:00+00:00,83.7,84.78,82.72,84.75,11079
2025-04-23 08:00:00+00:00,84.75,84.75,83.15,84.63,10174
2025-04-23 12:00:00+00:00,84.64,84.68,83.32,84.02,10854
2025-04-23 16:00:00+00:00,84.01,84.71,81.7,83.34,16983
2025-04-23 20:00:00+00:00,83.33,83.88,82.02,82.67,7644
2025-04-24 00:00:00+00:00,82.72,83.21,82.18,83.01,6434
2025-04-24 04:00:00+00:00,83.01,83.65,81.17,82.03,11913
2025-04-24 08:00:00+00:00,82.02,82.46,80.28,80.77,10537
2025-04-24 12:00:00+00:00,80.79,81.38,80.74,81.12,7662
2025-04-24 16:00:00+00:00,81.11,83.4,80.82,82.9,10193
2025-04-24 20:00:00+00:00,82.9,83.22,82.07,83.0,6568
2025-04-25 00:00:00+00:00,82.99,84.16,81.49,83.82,5577
2025-04-25 04:00:00+00:00,83.81,84.38,82.43,83.5,7777
2025-04-25 08:00:00+00:00,83.5,84.7,83.3,84.58,6679
2025-04-25 12:00:00+00:00,84.57,86.3,84.03,85.27,10306
2025-04-25 16:00:00+00:00,85.28,86.85,84.42,86.41,17829
2025-04-25 20:00:00+00:00,86.4,86.78,85.46,86.11,5996
2025-04-26 00:00:00+00:00,86.07,86.79,84.78,86.61,4705
2025-04-26 04:00:00+00:00,86.6,87.56,85.42,86.4,7440
2025-04-26 08:00:00+00:00,86.4,87.45,85.33,86.37,8915
2025-04-26 12:00:00+00:00,86.37,86.74,85.13,85.26,9157
2025-04-26 16:00:00+00:00,85.26,86.39,84.74,86.38,7090
2025-04-26 20:00:00+00:00,86.37,87.12,86.32,86.8,5340
2025-04-27 00:00:00+00:00,86.74,87.47,86.45,87.08,5277
2025-04-27 04:00:00+00:00,87.08,87.19,84.66,84.71,8722
2025-04-27 08:00:00+00:00,84.71,85.93,84.12,85.89,5223
2025-04-27 12:00:00+00:00,85.88,86.68,85.13,86.23,5017
2025-04-27 16:00:00+00:00,86.23,86.74,85.38,85.8,7583
2025-04-27 20:00:00+00:00,85.8,86.67,85.55,85.98,3867
2025-04-28 00:00:00+00:00,85.8,86.12,84.43,84.66,6186
2025-04-28 04:00:00+00:00,84.65,85.62,83.23,85.33,9271
2025-04-28 08:00:00+00:00,85.32,87.62,85.27,86.78,7759
2025-04-28 12:00:00+00:00,86.8,87.02,85.8,86.56,8706
2025-04-28 16:00:00+00:00,86.56,86.83,83.33,83.95,12543
2025-04-28 20:00:00+00:00,83.94,85.15,83.63,84.73,7861
2025-04-29 00:00:00+00:00,84.71,86.35,82.9,86.32,5255
2025-04-29 04:00:00+00:00,86.32,86.57,85.01,85.06,7537
2025-04-29 08:00:00+00:00,85.05,86.47,84.77,86.06,7302
2025-04-29 12:00:00+00:00,86.06,86.33,84.67,84.83,7227
2025-04-29 16:00:00+00:00,84.85,86.24,83.78,85.72,11807
2025-04-29 20:00:00+00:00,85.71,86.95,85.12,85.93,8351
2025-04-30 00:00:00+00:00,85.81,86.15,84.06,85.9,9521
2025-04-30 04:00:00+00:00,85.9,86.03,84.78,85.81,6824
2025-04-30 08:00:00+00:00,85.8,85.84,84.0,84.06,6037
2025-04-30 12:00:00+00:00,84.06,84.84,82.69,83.47,7373
2025-04-30 16:00:00+00:00,83.49,83.55,80.93,82.87,15271
2025-04-30 20:00:00+00:00,82.86,84.14,82.31,83.55,7439
2025-05-01 00:00:00+00:00,83.57,84.09,82.78,83.94,4699
2025-05-01 04:00:00+00:00,83.94,84.39,83.61,84.01,6006
2025-05-01 08:00:00+00:00,84.0,85.25,83.55,85.18,5354
2025-05-01 12:00:00+00:00,85.18,86.85,84.97,86.65,10818
2025-05-01 16:00:00+00:00,86.65,89.33,85.7,88.14,14300
2025-05-01 20:00:00+00:00,88.13,90.08,87.68,89.81,8809
2025-05-02 00:00:00+00:00,89.86,90.55,88.19,89.82,6927
2025-05-02 04:00:00+00:00,89.81,90.55,88.5,88.74,6526
2025-05-02 08:00:00+00:00,88.74,88.96,87.47,88.1,4490
2025-05-02 12:00:00+00:00,88.07,88.92,87.8,88.54,4584
2025-05-02 16:00:00+00:00,88.54,89.06,87.63,88.15,9114
2025-05-02 20:00:00+00:00,88.15,88.15,86.87,87.28,5272
2025-05-03 00:00:00+00:00,87.23,87.54,86.77,86.95,3192
2025-05-03 04:00:00+00:00,86.95,87.23,86.75,87.07,3263
2025-05-03 08:00:00+00:00,87.07,87.2,86.22,86.55,2961
2025-05-03 12:00:00+00:00,86.55,86.9,85.69,86.16,3986
2025-05-03 16:00:00+00:00,86.17,87.05,85.51,85.8,4675
2025-05-03 20:00:00+00:00,85.79,86.75,85.08,86.43,5686
2025-05-04 00:00:00+00:00,85.9,86.66,85.4,85.68,4706
2025-05-04 04:00:00+00:00,85.66,86.45,85.21,85.59,7370
2025-05-04 08:00:00+00:00,85.58,86.35,85.16,85.33,6244
2025-05-04 12:00:00+00:00,85.32,85.75,85.11,85.63,3849
2025-05-04 16:00:00+00:00,85.63,86.33,85.05,85.71,4917
2025-05-04 20:00:00+00:00,85.72,86.17,85.34,86.16,4448
2025-05-05 00:00:00+00:00,86.37,86.37,84.28,85.35,8441
2025-05-05 04:00:00+00:00,85.34,86.81,84.17,86.79,8430
2025-05-05 08:00:00+00:00,86.77,89.03,86.28,87.98,8032
2025-05-05 12:00:00+00:00,87.96,88.75,86.87,87.68,9354
2025-05-05 16:00:00+00:00,87.67,87.94,84.98,85.9,13069
2025-05-05 20:00:00+00:00,85.91,87.29,81.66,82.18,11972
2025-05-06 00:00:00+00:00,82.41,83.73,82.05,82.34,5610
2025-05-06 04:00:00+00:00,82.33,82.88,81.14,82.45,6745
2025-05-06 08:00:00+00:00,82.45,82.59,80.45,81.55,6531
2025-05-06 12:00:00+00:00,81.55,81.72,80.79,81.45,9219
2025-05-06 16:00:00+00:00,81.45,82.58,80.64,81.59,12158
2025-05-06 20:00:00+00:00,81.59,84.16,81.41,84.01,8111
2025-05-07 00:00:00+00:00,84.63,93.09,83.81,92.34,15764
2025-05-07 04:00:00+00:00,92.34,92.74,90.69,91.03,12434
2025-05-07 08:00:00+00:00,91.04,92.21,90.56,92.19,8639
2025-05-07 12:00:00+00:00,92.21,92.8,89.52,90.19,8663
2025-05-07 16:00:00+00:00,90.18,90.84,87.44,87.58,11594
2025-05-07 20:00:00+00:00,87.58,88.42,86.73,88.04,15909
2025-05-08 00:00:00+00:00,88.16,90.54,87.95,90.44,8942
2025-05-08 04:00:00+00:00,90.44,92.71,89.42,91.25,15289
2025-05-08 08:00:00+00:00,91.24,92.86,90.71,92.09,8728
2025-05-08 12:00:00+00:00,92.1,92.46,90.56,91.01,8804
2025-05-08 16:00:00+00:00,91.01,93.91,90.96,92.78,18050
2025-05-08 20:00:00+00:00,92.78,94.1,91.57,93.79,15264
2025-05-09 00:00:00+00:00,93.99,94.95,92.81,94.09,15486
2025-05-09 04:00:00+00:00,94.08,95.56,93.8,94.4,13841
2025-05-09 08:00:00+00:00,94.38,101.0,94.14,97.68,21053
2025-05-09 12:00:00+00:00,97.68,99.37,97.05,98.52,21927
2025-05-09 16:00:00+00:00,98.52,99.93,96.68,97.42,22005
2025-05-09 20:00:00+00:00,97.41,99.26,97.23,99.04,10073
2025-05-10 00:00:00+00:00,99.73,106.44,99.33,103.04,9326
2025-05-10 04:00:00+00:00,103.03,104.32,101.65,102.67,11577
2025-05-10 08:00:00+00:00,102.67,104.01,101.62,102.33,11242
2025-05-10 12:00:00+00:00,102.33,103.3,99.93,101.33,12789
2025-05-10 16:00:00+00:00,101.33,103.15,100.82,102.93,12767
2025-05-10 20:00:00+00:00,102.93,103.96,102.22,103.22,13124
2025-05-11 00:00:00+00:00,102.81,105.09,101.59,103.69,16672
2025-05-11 04:00:00+00:00,103.7,105.44,102.46,103.68,14901
2025-05-11 08:00:00+00:00,103.67,103.79,99.29,99.68,15316
2025-05-11 12:00:00+00:00,99.69,101.48,99.6,100.81,8364
2025-05-11 16:00:00+00:00,100.82,101.28,97.7,98.76,13847
2025-05-11 20:00:00+00:00,98.77,100.35,98.46,99.54,9676
2025-05-12 00:00:00+00:00,99.36,101.08,98.93,100.74,11609
2025-05-12 04:00:00+00:00,100.73,101.34,98.78,101.04,13993
2025-05-12 08:00:00+00:00,101.03,103.78,99.64,102.45,19905
2025-05-12 12:00:00+00:00,102.44,102.82,101.03,102.45,16544
2025-05-12 16:00:00+00:00,102.46,103.51,98.66,100.87,22176
2025-05-12 20:00:00+00:00,100.88,101.96,97.77,101.72,17053
2025-05-13 00:00:00+00:00,101.84,104.47,101.0,101.58,10849
2025-05-13 04:00:00+00:00,101.57,102.36,98.91,102.11,17963
2025-05-13 08:00:00+00:00,102.11,103.14,100.68,101.34,9637
2025-05-13 12:00:00+00:00,101.35,103.02,101.28,101.87,12014
2025-05-13 16:00:00+00:00,101.87,101.99,99.15,101.16,17324
2025-05-13 20:00:00+00:00,101.16,104.5,100.78,104.01,14191
2025-05-14 00:00:00+00:00,104.21,104.29,102.07,102.67,7592
2025-05-14 04:00:00+00:00,102.69,104.23,101.86,103.51,14653
2025-05-14 08:00:00+00:00,103.52,105.41,100.66,100.71,14560
2025-05-14 12:00:00+00:00,100.71,102.27,100.58,101.56,12671
2025-05-14 16:00:00+00:00,101.56,101.72,98.48,98.79,20050
2025-05-14 20:00:00+00:00,98.82,101.04,98.09,100.86,12454
2025-05-15 00:00:00+00:00,100.32,101.41,99.74,100.95,9996
2025-05-15 04:00:00+00:00,100.95,101.17,98.93,99.56,16783
2025-05-15 08:00:00+00:00,99.56,99.66,95.06,97.57,18235
2025-05-15 12:00:00+00:00,97.57,98.52,95.78,97.85,14151
2025-05-15 16:00:00+00:00,97.85,98.88,95.17,98.85,20185
2025-05-15 20:00:00+00:00,98.87,99.98,96.91,98.66,15118
2025-05-16 00:00:00+00:00,98.64,99.83,97.29,99.04,14002
2025-05-16 04:00:00+00:00,99.04,100.69,98.28,100.21,13510
2025-05-16 08:00:00+00:00,100.22,100.59,97.76,98.46,13232
2025-05-16 12:00:00+00:00,98.46,101.07,98.45,100.28,14373
2025-05-16 16:00:00+00:00,100.28,101.65,99.61,101.51,15694
2025-05-16 20:00:00+00:00,101.51,101.69,98.7,98.79,10050
2025-05-17 00:00:00+00:00,99.27,99.72,98.26,98.61,8783
2025-05-17 04:00:00+00:00,98.59,100.34,96.94,99.78,12508
2025-05-17 08:00:00+00:00,99.78,100.79,98.99,99.92,8546
2025-05-17 12:00:00+00:00,99.93,100.18,97.66,97.79,10776
2025-05-17 16:00:00+00:00,97.81,97.95,95.95,96.7,10494
2025-05-17 20:00:00+00:00,96.7,97.56,95.67,96.86,10341
2025-05-18 00:00:00+00:00,96.72,96.93,95.2,96.49,7183
2025-05-18 04:00:00+00:00,96.48,96.85,95.6,96.75,5978
2025-05-18 08:00:00+00:00,96.76,98.79,96.74,98.28,6596
2025-05-18 12:00:00+00:00,98.28,98.44,97.34,98.13,3404
2025-05-18 16:00:00+00:00,98.12,101.99,97.77,101.44,11482
2025-05-18 20:00:00+00:00,101.46,101.52,95.33,97.11,22571
2025-05-19 00:00:00+00:00,97.16,100.86,96.72,98.22,20485
2025-05-19 04:00:00+00:00,98.22,98.99,94.38,94.79,20224
2025-05-19 08:00:00+00:00,94.79,95.61,93.87,94.92,16657
2025-05-19 12:00:00+00:00,94.94,95.5,93.93,94.28,9659
2025-05-19 16:00:00+00:00,94.28,98.15,94.19,98.11,13232
2025-05-19 20:00:00+00:00,98.09,98.94,97.31,98.49,9569
2025-05-20 00:00:00+00:00,98.51,98.75,97.6,97.97,7937
2025-05-20 04:00:00+00:00,97.97,99.18,96.02,97.36,12743
2025-05-20 08:00:00+00:00,97.37,97.84,92.37,93.41,15161
2025-05-20 12:00:00+00:00,93.4,93.42,91.83,92.38,12381
2025-05-20 16:00:00+00:00,92.38,93.65,92.23,93.15,13918
2025-05-20 20:00:00+00:00,93.15,94.15,92.44,93.74,13172
2025-05-21 00:00:00+00:00,94.25,94.43,92.93,94.03,9907
2025-05-21 04:00:00+00:00,94.02,94.93,92.96,94.57,9700
2025-05-21 08:00:00+00:00,94.56,95.7,93.88,94.23,12229
2025-05-21 12:00:00+00:00,94.24,95.24,93.97,94.59,8903
2025-05-21 16:00:00+00:00,94.59,97.84,94.12,96.95,19592
2025-05-21 20:00:00+00:00,96.96,97.29,93.68,95.62,21690
2025-05-22 00:00:00+00:00,95.63,97.49,95.63,97.37,10304
2025-05-22 04:00:00+00:00,97.38,99.61,96.84,98.76,13908
2025-05-22 08:00:00+00:00,98.76,99.4,97.34,98.37,14149
2025-05-22 12:00:00+00:00,98.36,98.98,97.26,98.48,11249
2025-05-22 16:00:00+00:00,98.48,99.21,97.49,98.42,14005
2025-05-22 20:00:00+00:00,98.42,100.18,98.25,98.99,11067
2025-05-23 00:00:00+00:00,99.09,100.53,98.56,100.24,7614
2025-05-23 04:00:00+00:00,100.24,102.4,99.84,100.83,12621
2025-05-23 08:00:00+00:00,100.83,100.91,99.14,100.36,10767
2025-05-23 12:00:00+00:00,100.36,101.51,94.63,96.96,20169
2025-05-23 16:00:00+00:00,96.93,99.46,96.66,98.08,19466
2025-05-23 20:00:00+00:00,98.06,98.93,96.7,96.9,9491
2025-05-24 00:00:00+00:00,96.24,97.29,94.17,95.08,7059
2025-05-24 04:00:00+00:00,95.07,96.75,95.07,96.61,7151
2025-05-24 08:00:00+00:00,96.6,97.04,95.6,97.02,7637
2025-05-24 12:00:00+00:00,97.02,97.37,96.37,96.56,6583
2025-05-24 16:00:00+00:00,96.56,96.65,95.51,95.81,7387
2025-05-24 20:00:00+00:00,95.81,96.48,95.52,95.95,5025
2025-05-25 00:00:00+00:00,96.01,96.07,94.08,94.39,8673
2025-05-25 04:00:00+00:00,94.39,95.48,93.79,95.37,6978
2025-05-25 08:00:00+00:00,95.37,95.49,93.44,93.74,6529
2025-05-25 12:00:00+00:00,93.73,94.7,93.38,94.64,6157
2025-05-25 16:00:00+00:00,94.64,94.8,92.66,93.73,7775
2025-05-25 20:00:00+00:00,93.73,94.48,93.65,93.87,2660
2025-05-26 00:00:00+00:00,93.98,95.88,93.36,95.83,4102
2025-05-26 04:00:00+00:00,95.85,96.07,95.23,95.85,3263
2025-05-26 08:00:00+00:00,95.85,96.84,95.76,96.28,4139
2025-05-26 12:00:00+00:00,96.28,97.14,95.95,97.0,7020
2025-05-26 16:00:00+00:00,97.0,97.1,95.36,95.39,10567
2025-05-26 20:00:00+00:00,95.38,95.47,93.84,94.72,8632
2025-05-27 00:00:00+00:00,94.55,95.2,93.71,93.9,6318
2025-05-27 04:00:00+00:00,93.9,94.42,92.55,93.75,9117
2025-05-27 08:00:00+00:00,93.76,95.68,93.22,95.68,9527
2025-05-27 12:00:00+00:00,95.67,95.8,94.55,95.29,5022
2025-05-27 16:00:00+00:00,95.29,96.52,94.5,96.06,16364
2025-05-27 20:00:00+00:00,96.06,96.57,95.66,96.4,9271
2025-05-28 00:00:00+00:00,96.33,96.34,94.8,95.69,5628
2025-05-28 04:00:00+00:00,95.69,95.87,94.64,95.42,8006
2025-05-28 08:00:00+00:00,95.43,95.66,94.49,95.66,6330
2025-05-28 12:00:00+00:00,95.68,97.0,94.85,96.37,7711
2025-05-28 16:00:00+00:00,96.37,96.59,93.48,94.73,14341
2025-05-28 20:00:00+00:00,94.73,95.26,92.98,93.96,9234
2025-05-29 00:00:00+00:00,94.0,96.12,93.7,96.11,8860
2025-05-29 04:00:00+00:00,96.12,98.36,95.37,96.4,14544
2025-05-29 08:00:00+00:00,96.4,97.19,95.9,97.05,6978
2025-05-29 12:00:00+00:00,97.04,97.24,95.82,96.1,9403
2025-05-29 16:00:00+00:00,96.09,96.72,94.13,94.37,15894
2025-05-29 20:00:00+00:00,94.37,95.19,93.03,93.24,10802
2025-05-30 00:00:00+00:00,93.24,94.22,88.85,89.81,12350
2025-05-30 04:00:00+00:00,89.81,91.66,89.66,91.14,15144
2025-05-30 08:00:00+00:00,91.14,91.53,89.3,89.58,14484
2025-05-30 12:00:00+00:00,89.58,90.29,88.72,89.74,13512
2025-05-30 16:00:00+00:00,89.75,90.08,85.98,86.72,18273
2025-05-30 20:00:00+00:00,86.72,88.6,86.5,87.74,11740
2025-05-31 00:00:00+00:00,87.21,87.32,83.1,83.95,15328
2025-05-31 04:00:00+00:00,83.94,84.69,82.67,84.31,16840
2025-05-31 08:00:00+00:00,84.31,84.52,83.87,84.23,1778
2025-05-31 20:00:00+00:00,87.28,87.43,86.56,87.11,4712
2025-06-01 00:00:00+00:00,86.08,87.42,86.08,86.61,5957
2025-06-01 04:00:00+00:00,86.6,87.09,85.7,86.93,7530
2025-06-01 08:00:00+00:00,86.93,86.99,85.87,86.19,5881
2025-06-01 12:00:00+00:00,86.19,86.6,85.32,86.14,5042
2025-06-01 16:00:00+00:00,86.14,88.04,86.11,87.74,7070
2025-06-01 20:00:00+00:00,87.74,87.82,86.4,87.43,5312
2025-06-02 00:00:00+00:00,87.08,88.3,87.08,87.86,4760
2025-06-02 04:00:00+00:00,87.86,88.19,86.56,86.97,5981
2025-06-02 08:00:00+00:00,86.98,89.41,86.78,88.27,7938
2025-06-02 12:00:00+00:00,88.28,88.6,87.2,88.12,10557
2025-06-02 16:00:00+00:00,88.13,88.26,86.92,87.51,13618
2025-06-02 20:00:00+00:00,87.51,88.77,87.26,88.42,9112
2025-06-03 00:00:00+00:00,88.51,89.86,88.33,89.68,6816
2025-06-03 04:00:00+00:00,89.69,90.16,88.6,88.71,7571
2025-06-03 08:00:00+00:00,88.71,89.52,88.52,88.99,3995
2025-06-03 12:00:00+00:00,88.98,89.28,88.23,88.55,4651
2025-06-03 16:00:00+00:00,88.55,89.82,88.41,89.11,11137
2025-06-03 20:00:00+00:00,89.1,90.09,88.94,89.45,6510
2025-06-04 00:00:00+00:00,89.3,89.94,88.21,89.92,5995
2025-06-04 04:00:00+00:00,89.93,90.49,89.49,90.34,5095
2025-06-04 08:00:00+00:00,90.35,90.39,89.45,89.94,4106
2025-06-04 12:00:00+00:00,89.93,90.55,89.16,89.48,7165
2025-06-04 16:00:00+00:00,89.48,90.14,88.81,89.39,9748
2025-06-04 20:00:00+00:00,89.38,89.4,87.43,87.54,6065
2025-06-05 00:00:00+00:00,87.54,88.13,86.94,87.96,6431
2025-06-05 04:00:00+00:00,87.95,88.59,87.69,88.0,4632
2025-06-05 08:00:00+00:00,88.0,88.01,86.75,87.24,6616
2025-06-05 12:00:00+00:00,87.25,88.63,86.61,88.34,8189
2025-06-05 16:00:00+00:00,88.34,88.64,85.72,85.94,15813
2025-06-05 20:00:00+00:00,85.94,86.6,81.62,81.67,17251
2025-06-06 00:00:00+00:00,81.23,83.97,81.23,83.84,12036
2025-06-06 04:00:00+00:00,83.84,84.15,83.07,83.97,7461
2025-06-06 08:00:00+00:00,83.97,84.02,83.18,83.62,7060
2025-06-06 12:00:00+00:00,83.62,85.37,83.49,84.64,6673
2025-06-06 16:00:00+00:00,84.64,86.61,84.64,86.22,8720
2025-06-06 20:00:00+00:00,86.22,87.19,85.76,87.14,6307
2025-06-07 00:00:00+00:00,86.86,87.07,86.49,87.07,2413
2025-06-07 04:00:00+00:00,87.07,87.64,86.25,87.19,3010
2025-06-07 08:00:00+00:00,87.19,88.08,87.04,87.62,3490
2025-06-07 12:00:00+00:00,87.62,88.28,87.39,87.94,3266
2025-06-07 16:00:00+00:00,87.94,88.91,87.87,88.33,4200
2025-06-07 20:00:00+00:00,88.33,88.47,87.55,87.88,4173
2025-06-08 00:00:00+00:00,87.89,88.54,87.68,87.89,3776
2025-06-08 04:00:00+00:00,87.89,88.23,87.72,87.9,3281
2025-06-08 08:00:00+00:00,87.9,88.15,86.48,86.77,3729
2025-06-08 12:00:00+00:00,86.78,86.91,86.1,86.91,4134
2025-06-08 16:00:00+00:00,86.89,87.91,86.59,87.88,4795
2025-06-08 20:00:00+00:00,87.89,88.0,87.28,87.35,5091
2025-06-09 00:00:00+00:00,87.01,87.78,86.57,86.81,4925
2025-06-09 04:00:00+00:00,86.82,87.61,86.41,86.83,4644
2025-06-09 08:00:00+00:00,86.84,87.15,86.21,87.15,4250
2025-06-09 12:00:00+00:00,87.15,89.01,86.92,88.91,5736
2025-06-09 16:00:00+00:00,88.89,89.1,87.22,88.22,9009
2025-06-09 20:00:00+00:00,88.21,88.91,87.85,88.23,5869
2025-06-10 00:00:00+00:00,86.58,90.78,86.58,90.41,9650
2025-06-10 04:00:00+00:00,90.41,91.04,89.66,89.86,8648
2025-06-10 08:00:00+00:00,89.85,90.25,89.15,89.39,14415
2025-06-10 12:00:00+00:00,89.38,92.58,89.07,91.95,15319
2025-06-10 16:00:00+00:00,91.94,92.07,89.63,90.16,16567
2025-06-10 20:00:00+00:00,90.16,91.94,90.15,91.79,9064
2025-06-11 00:00:00+00:00,90.21,93.11,90.21,91.56,8630
2025-06-11 04:00:00+00:00,91.55,91.71,90.97,91.53,5802
2025-06-11 08:00:00+00:00,91.54,91.97,91.04,91.43,6135
2025-06-11 12:00:00+00:00,91.43,91.85,90.39,91.44,8985
2025-06-11 16:00:00+00:00,91.45,93.46,91.15,93.11,12619
2025-06-11 20:00:00+00:00,93.11,93.7,90.84,91.57,11617
2025-06-12 00:00:00+00:00,91.72,92.06,89.85,90.96,8830
2025-06-12 04:00:00+00:00,90.95,91.29,89.16,89.59,8717
2025-06-12 08:00:00+00:00,89.59,89.95,88.59,89.28,8159
2025-06-12 12:00:00+00:00,89.28,89.52,87.57,88.11,9424
2025-06-12 16:00:00+00:00,88.1,88.9,87.29,88.41,10083
2025-06-12 20:00:00+00:00,88.41,89.34,85.54,85.88,13246
2025-06-13 00:00:00+00:00,85.98,86.69,81.9,82.34,14486
2025-06-13 04:00:00+00:00,82.33,83.01,80.85,82.53,16381
2025-06-13 08:00:00+00:00,82.49,83.94,81.94,83.23,12845
2025-06-13 12:00:00+00:00,83.23,84.02,82.72,83.32,13129
2025-06-13 16:00:00+00:00,83.32,84.62,82.34,84.58,14486
2025-06-13 20:00:00+00:00,84.57,85.21,83.29,85.03,14770
2025-06-14 00:00:00+00:00,85.19,86.28,85.03,85.47,4366
2025-06-14 04:00:00+00:00,85.47,86.06,85.19,85.9,4420
2025-06-14 08:00:00+00:00,85.9,86.46,85.34,86.39,4403
2025-06-14 12:00:00+00:00,86.39,86.4,85.33,85.77,2423
2025-06-14 16:00:00+00:00,85.77,86.14,83.75,83.89,5467
2025-06-14 20:00:00+00:00,83.88,84.9,83.78,84.37,7312
2025-06-15 00:00:00+00:00,84.34,85.23,84.31,85.21,3615
2025-06-15 04:00:00+00:00,85.21,85.81,84.81,85.76,3533
2025-06-15 08:00:00+00:00,85.76,85.87,84.77,84.86,3387
2025-06-15 12:00:00+00:00,84.85,85.38,84.53,85.35,4219
2025-06-15 16:00:00+00:00,85.35,86.15,85.26,85.69,7291
2025-06-15 20:00:00+00:00,85.68,85.88,84.54,84.67,6182
2025-06-16 00:00:00+00:00,83.22,86.0,83.22,85.62,6159
2025-06-16 04:00:00+00:00,85.62,86.6,84.82,86.46,7766
2025-06-16 08:00:00+00:00,86.46,87.24,86.14,87.11,6620
2025-06-16 12:00:00+00:00,87.11,87.13,86.07,86.8,7140
2025-06-16 16:00:00+00:00,86.81,88.31,86.8,87.61,11896
2025-06-16 20:00:00+00:00,87.62,88.42,87.41,88.16,7103
2025-06-17 00:00:00+00:00,88.22,88.43,84.85,87.18,15638
2025-06-17 04:00:00+00:00,87.19,87.3,85.9,86.33,12363
2025-06-17 08:00:00+00:00,86.32,86.38,85.38,85.48,10375
2025-06-17 12:00:00+00:00,85.48,85.79,84.35,84.55,10117
2025-06-17 16:00:00+00:00,84.55,85.43,82.12,82.14,16606
2025-06-17 20:00:00+00:00,82.14,84.7,81.99,83.76,15168
2025-06-18 00:00:00+00:00,83.82,84.39,83.2,84.39,7259
2025-06-18 04:00:00+00:00,84.39,85.18,84.15,84.95,8497
2025-06-18 08:00:00+00:00,84.95,85.12,84.07,84.31,6669
2025-06-18 12:00:00+00:00,84.31,84.58,82.87,83.54,8742
2025-06-18 16:00:00+00:00,83.54,84.81,82.82,84.05,13309
2025-06-18 20:00:00+00:00,84.05,84.96,83.21,84.78,11325
2025-06-19 00:00:00+00:00,84.64,85.1,84.21,84.7,4221
2025-06-19 04:00:00+00:00,84.7,84.8,83.95,84.79,4848
2025-06-19 08:00:00+00:00,84.79,85.0,84.16,84.17,4705
2025-06-19 12:00:00+00:00,84.18,85.44,84.13,84.96,4434
2025-06-19 16:00:00+00:00,84.97,85.04,83.85,84.05,7281
2025-06-19 20:00:00+00:00,84.04,84.92,83.69,84.48,5469
2025-06-20 00:00:00+00:00,84.5,84.85,84.26,84.5,4921
2025-06-20 04:00:00+00:00,84.5,84.68,83.75,83.86,4803
2025-06-20 08:00:00+00:00,83.87,85.44,83.65,85.06,5626
2025-06-20 12:00:00+00:00,85.06,85.53,84.85,85.3,3077
2025-06-20 16:00:00+00:00,85.29,85.51,82.33,82.54,11451
2025-06-20 20:00:00+00:00,82.53,83.19,80.49,82.81,12254
2025-06-21 00:00:00+00:00,82.57,82.81,81.85,82.61,3234
2025-06-21 04:00:00+00:00,82.62,83.25,82.61,83.01,2196
2025-06-21 08:00:00+00:00,83.01,83.65,82.76,83.12,2736
2025-06-21 12:00:00+00:00,83.13,83.15,82.52,82.56,3210
2025-06-21 16:00:00+00:00,82.55,82.72,81.79,82.25,5460
2025-06-21 20:00:00+00:00,82.23,82.45,80.19,81.19,10175
2025-06-22 00:00:00+00:00,81.16,81.16,78.18,80.5,16684
2025-06-22 04:00:00+00:00,80.5,80.86,79.57,80.52,6101
2025-06-22 08:00:00+00:00,80.53,81.57,80.52,80.97,6238
2025-06-22 12:00:00+00:00,80.98,81.2,79.76,80.77,8654
2025-06-22 16:00:00+00:00,80.77,81.05,76.82,78.02,18852
2025-06-22 20:00:00+00:00,78.02,78.86,75.68,77.89,13500
2025-06-23 00:00:00+00:00,77.98,80.46,77.42,79.81,8898
2025-06-23 04:00:00+00:00,79.81,80.54,79.23,79.85,6348
2025-06-23 08:00:00+00:00,79.86,80.75,79.85,80.45,5875
2025-06-23 12:00:00+00:00,80.44,81.21,79.99,81.2,5161
2025-06-23 16:00:00+00:00,81.19,81.84,78.97,79.68,17227
2025-06-23 20:00:00+00:00,79.68,83.7,79.46,83.1,13601
2025-06-24 00:00:00+00:00,83.32,84.99,82.8,84.55,10876
2025-06-24 04:00:00+00:00,84.54,84.94,83.77,83.9,4724
2025-06-24 08:00:00+00:00,83.91,84.89,83.66,84.11,6651
2025-06-24 12:00:00+00:00,84.11,84.7,83.39,83.96,5514
2025-06-24 16:00:00+00:00,83.96,84.67,83.39,84.67,8953
2025-06-24 20:00:00+00:00,84.66,84.71,83.72,84.69,6030
2025-06-25 00:00:00+00:00,84.17,84.74,84.0,84.6,4062
2025-06-25 04:00:00+00:00,84.59,84.92,84.23,84.71,5551
2025-06-25 08:00:00+00:00,84.71,85.02,84.11,84.53,4375
2025-06-25 12:00:00+00:00,84.53,84.62,83.45,84.11,5103
2025-06-25 16:00:00+00:00,84.11,84.86,83.48,83.67,10936
2025-06-25 20:00:00+00:00,83.68,84.51,83.53,84.41,4786
2025-06-26 00:00:00+00:00,84.46,84.7,83.63,84.55,3295
2025-06-26 04:00:00+00:00,84.56,85.27,84.25,84.55,6332
2025-06-26 08:00:00+00:00,84.54,85.52,84.26,85.02,5183
2025-06-26 12:00:00+00:00,85.02,85.22,83.88,83.98,6146
2025-06-26 16:00:00+00:00,83.98,84.91,83.29,83.67,11460
2025-06-26 20:00:00+00:00,83.67,85.05,83.53,84.82,6879
2025-06-27 00:00:00+00:00,84.78,84.81,83.35,83.42,5405
2025-06-27 04:00:00+00:00,83.41,85.19,83.14,84.98,6174
2025-06-27 08:00:00+00:00,84.97,85.02,83.83,84.06,5849
2025-06-27 12:00:00+00:00,84.06,84.24,83.44,83.54,6034
2025-06-27 16:00:00+00:00,83.53,84.49,82.83,84.04,10467
2025-06-27 20:00:00+00:00,84.05,84.24,82.68,84.11,8840
2025-06-28 00:00:00+00:00,84.4,84.83,84.23,84.44,3013
2025-06-28 04:00:00+00:00,84.45,84.92,84.08,84.68,2992
2025-06-28 08:00:00+00:00,84.69,85.2,84.64,84.81,2899
2025-06-28 12:00:00+00:00,84.81,85.41,84.6,85.01,2384
2025-06-28 16:00:00+00:00,84.99,86.71,84.79,86.25,3902
2025-06-28 20:00:00+00:00,86.25,86.88,85.45,85.48,4814
2025-06-29 00:00:00+00:00,85.12,86.06,83.84,85.94,3861
2025-06-29 04:00:00+00:00,85.94,86.27,85.36,85.78,3068
2025-06-29 08:00:00+00:00,85.78,86.46,85.67,86.36,3006
2025-06-29 12:00:00+00:00,86.36,86.46,86.06,86.27,2230
2025-06-29 16:00:00+00:00,86.27,86.5,85.8,86.25,4549
2025-06-29 20:00:00+00:00,86.26,86.58,86.01,86.18,2844
2025-06-30 00:00:00+00:00,85.91,88.01,85.87,87.58,7165
2025-06-30 04:00:00+00:00,87.59,87.74,86.61,86.74,4536
2025-06-30 08:00:00+00:00,86.74,86.81,85.19,85.26,5393
2025-06-30 12:00:00+00:00,85.25,85.57,84.79,84.93,5554
2025-06-30 16:00:00+00:00,84.93,85.85,84.15,85.55,9339
2025-06-30 20:00:00+00:00,85.54,86.68,85.37,86.01,7074
2025-07-01 00:00:00+00:00,86.35,86.64,85.18,85.73,6332
2025-07-01 04:00:00+00:00,85.73,86.35,85.4,85.4,5240
2025-07-01 08:00:00+00:00,85.4,86.2,85.02,85.65,6626
2025-07-01 12:00:00+00:00,85.64,85.97,84.61,84.7,5759
2025-07-01 16:00:00+00:00,84.69,85.42,83.6,83.88,10052
2025-07-01 20:00:00+00:00,83.88,84.13,82.71,83.05,7217
2025-07-02 00:00:00+00:00,82.79,83.14,81.9,82.86,4400
2025-07-02 04:00:00+00:00,82.85,83.71,82.48,83.66,4824
2025-07-02 08:00:00+00:00,83.66,83.9,83.43,83.81,4645
2025-07-02 12:00:00+00:00,83.81,84.03,83.44,83.81,4182
2025-07-02 16:00:00+00:00,83.82,87.5,83.68,87.25,8771
2025-07-02 20:00:00+00:00,87.26,88.23,86.35,87.36,6001
2025-07-03 00:00:00+00:00,87.43,87.73,86.6,86.92,4393
2025-07-03 04:00:00+00:00,86.93,88.32,86.42,88.02,5499
2025-07-03 08:00:00+00:00,88.02,91.64,87.94,90.27,7689
2025-07-03 12:00:00+00:00,90.26,91.86,89.56,90.64,11620
2025-07-03 16:00:00+00:00,90.64,91.19,88.2,88.98,13465
2025-07-03 20:00:00+00:00,88.98,89.66,88.8,89.15,5348
2025-07-04 00:00:00+00:00,89.13,89.2,87.54,87.85,4433
2025-07-04 04:00:00+00:00,87.84,88.53,87.63,87.91,5834
2025-07-04 08:00:00+00:00,87.92,88.75,86.53,87.25,7958
2025-07-04 12:00:00+00:00,87.25,88.19,87.17,87.57,3847
2025-07-04 16:00:00+00:00,87.58,88.19,85.2,86.24,12503
2025-07-04 20:00:00+00:00,86.24,86.89,85.56,86.06,5679
2025-07-05 00:00:00+00:00,85.94,86.65,85.94,86.36,2280
2025-07-05 04:00:00+00:00,86.36,86.42,85.53,85.9,3364
2025-07-05 08:00:00+00:00,85.9,86.61,85.46,85.83,3832
2025-07-05 12:00:00+00:00,85.82,86.31,85.37,86.13,4910
2025-07-05 16:00:00+00:00,86.13,86.45,85.48,85.91,4525
2025-07-05 20:00:00+00:00,85.91,86.88,85.62,86.84,4035
2025-07-06 00:00:00+00:00,86.86,87.34,86.73,86.96,3340
2025-07-06 04:00:00+00:00,86.95,86.97,86.26,86.44,2960
2025-07-06 08:00:00+00:00,86.43,86.71,85.71,86.11,2717
2025-07-06 12:00:00+00:00,86.1,87.1,85.97,86.91,2679
2025-07-06 16:00:00+00:00,86.91,87.93,86.77,87.54,8074
2025-07-06 20:00:00+00:00,87.55,87.55,86.61,87.12,4315
2025-07-07 00:00:00+00:00,87.08,88.02,86.74,86.94,5597
2025-07-07 04:00:00+00:00,86.94,87.75,86.62,87.41,5148
2025-07-07 08:00:00+00:00,87.39,87.81,86.92,87.36,4536
2025-07-07 12:00:00+00:00,87.35,87.55,86.01,86.1,4878
2025-07-07 16:00:00+00:00,86.11,86.8,84.9,85.03,12342
2025-07-07 20:00:00+00:00,85.05,85.89,84.64,85.37,7681
2025-07-08 00:00:00+00:00,85.35,85.74,84.98,85.57,4341
2025-07-08 04:00:00+00:00,85.56,85.65,85.06,85.52,3886
2025-07-08 08:00:00+00:00,85.53,86.26,85.36,85.76,3504
2025-07-08 12:00:00+00:00,85.76,86.62,85.61,86.61,4281
2025-07-08 16:00:00+00:00,86.61,86.65,85.66,86.13,9117
2025-07-08 20:00:00+00:00,86.13,87.06,86.08,86.58,5772
2025-07-09 00:00:00+00:00,86.86,87.53,86.57,87.1,3983
2025-07-09 04:00:00+00:00,87.1,87.39,86.59,87.39,4753
2025-07-09 08:00:00+00:00,87.39,87.84,87.09,87.21,4493
2025-07-09 12:00:00+00:00,87.2,88.38,87.08,88.25,4653
2025-07-09 16:00:00+00:00,88.26,88.61,87.4,88.16,7114
2025-07-09 20:00:00+00:00,88.16,90.25,87.81,90.08,9295
2025-07-10 00:00:00+00:00,90.5,90.91,89.63,89.71,6086
2025-07-10 04:00:00+00:00,89.71,91.0,89.71,90.29,4752
2025-07-10 08:00:00+00:00,90.29,90.94,89.88,90.66,4940
2025-07-10 12:00:00+00:00,90.66,90.72,90.09,90.38,4995
2025-07-10 16:00:00+00:00,90.39,91.73,89.83,91.32,8147
2025-07-10 20:00:00+00:00,91.31,92.83,91.03,92.64,8975
2025-07-11 00:00:00+00:00,92.68,94.79,92.62,93.58,14019
2025-07-11 04:00:00+00:00,93.58,95.34,93.47,95.2,8224
2025-07-11 08:00:00+00:00,95.19,96.07,93.96,94.85,10705
2025-07-11 12:00:00+00:00,94.85,95.54,94.57,95.4,8525
2025-07-11 16:00:00+00:00,95.41,97.83,95.02,96.16,21535
2025-07-11 20:00:00+00:00,96.16,97.31,95.47,95.75,11126
2025-07-12 00:00:00+00:00,93.32,94.13,92.15,93.71,8947
2025-07-12 04:00:00+00:00,93.73,94.99,92.35,92.54,5623
2025-07-12 08:00:00+00:00,92.53,93.02,91.95,92.56,5161
2025-07-12 12:00:00+00:00,92.55,93.59,91.0,92.14,8000
2025-07-12 16:00:00+00:00,92.14,92.55,90.25,91.04,10740
2025-07-12 20:00:00+00:00,91.05,92.41,90.98,91.5,4845
2025-07-13 00:00:00+00:00,91.76,92.69,91.61,92.34,3835
2025-07-13 04:00:00+00:00,92.34,93.22,92.15,93.19,4908
2025-07-13 08:00:00+00:00,93.2,94.24,93.18,94.14,4948
2025-07-13 12:00:00+00:00,94.15,94.83,93.43,94.69,5282
2025-07-13 16:00:00+00:00,94.71,96.15,94.24,95.04,9939
2025-07-13 20:00:00+00:00,95.04,96.41,94.78,95.62,7038
2025-07-14 00:00:00+00:00,95.32,95.55,93.31,94.29,8497
2025-07-14 04:00:00+00:00,94.27,97.12,94.05,97.09,11391
2025-07-14 08:00:00+00:00,97.09,97.36,95.44,95.81,12037
2025-07-14 12:00:00+00:00,95.81,97.46,95.54,96.35,10983
2025-07-14 16:00:00+00:00,96.35,97.06,94.4,95.83,15382
2025-07-14 20:00:00+00:00,95.84,95.84,93.6,94.74,10814
2025-07-15 00:00:00+00:00,94.72,95.6,92.23,93.32,6616
2025-07-15 04:00:00+00:00,93.33,93.95,90.73,92.26,14193
2025-07-15 08:00:00+00:00,92.26,92.69,91.45,92.27,6208
2025-07-15 12:00:00+00:00,92.25,92.95,91.39,92.47,6882
2025-07-15 16:00:00+00:00,92.48,94.08,91.21,93.82,13058
2025-07-15 20:00:00+00:00,93.81,95.81,93.51,94.89,11999
2025-07-16 00:00:00+00:00,95.18,96.71,95.1,96.45,7485
2025-07-16 04:00:00+00:00,96.45,96.52,94.55,95.25,6247
2025-07-16 08:00:00+00:00,95.26,96.09,95.09,95.96,5707
2025-07-16 12:00:00+00:00,95.96,97.27,95.95,96.82,6683
2025-07-16 16:00:00+00:00,96.81,97.52,95.34,97.46,14202
2025-07-16 20:00:00+00:00,97.45,99.33,97.39,98.34,11758
2025-07-17 00:00:00+00:00,98.17,99.47,96.55,97.26,10443
2025-07-17 04:00:00+00:00,97.26,97.73,94.81,96.11,11762
2025-07-17 08:00:00+00:00,96.11,98.42,95.74,98.38,12767
2025-07-17 12:00:00+00:00,98.38,100.9,98.2,100.23,16461
2025-07-17 16:00:00+00:00,100.23,101.29,97.7,101.09,17112
2025-07-17 20:00:00+00:00,101.1,101.92,99.32,100.38,13170
2025-07-18 00:00:00+00:00,101.07,103.15,99.55,102.87,16057
2025-07-18 04:00:00+00:00,102.88,107.35,102.59,106.87,15871
2025-07-18 08:00:00+00:00,106.87,109.76,106.53,108.12,20280
2025-07-18 12:00:00+00:00,108.13,111.68,107.31,109.89,18602
2025-07-18 16:00:00+00:00,109.88,109.89,102.62,104.78,24560
2025-07-18 20:00:00+00:00,104.78,104.84,99.67,101.16,16514
2025-07-19 00:00:00+00:00,101.45,101.88,99.6,100.25,7754
2025-07-19 04:00:00+00:00,100.23,103.9,99.64,102.63,10973
2025-07-19 08:00:00+00:00,102.59,102.84,101.23,101.65,8493
2025-07-19 12:00:00+00:00,101.64,101.92,100.29,101.05,9829
2025-07-19 16:00:00+00:00,101.05,101.6,99.2,101.38,12008
2025-07-19 20:00:00+00:00,101.38,113.27,100.71,110.77,15797
2025-07-20 00:00:00+00:00,110.07,113.64,108.39,112.15,14345
2025-07-20 04:00:00+00:00,112.22,114.77,110.08,113.27,13353
2025-07-20 08:00:00+00:00,113.27,119.36,112.25,118.62,18064
2025-07-20 12:00:00+00:00,118.6,119.58,115.18,116.25,12110
2025-07-20 16:00:00+00:00,116.24,117.86,115.61,117.06,11684
2025-07-20 20:00:00+00:00,117.05,120.91,115.85,116.49,17145
2025-07-21 00:00:00+00:00,116.12,117.77,113.22,117.75,16450
2025-07-21 04:00:00+00:00,117.75,118.31,115.34,117.19,16118
2025-07-21 08:00:00+00:00,117.19,121.47,117.0,119.81,13444
2025-07-21 12:00:00+00:00,119.81,120.12,116.13,116.22,12341
2025-07-21 16:00:00+00:00,116.22,118.93,115.04,116.2,20499
2025-07-21 20:00:00+00:00,116.2,117.27,114.12,114.98,18231
2025-07-22 00:00:00+00:00,114.81,116.1,113.99,114.22,7964
2025-07-22 04:00:00+00:00,114.21,116.72,112.33,113.78,19830
2025-07-22 08:00:00+00:00,113.75,116.26,112.09,113.58,18570
2025-07-22 12:00:00+00:00,113.58,115.75,112.4,115.27,17288
2025-07-22 16:00:00+00:00,115.27,116.67,112.32,115.56,21339
2025-07-22 20:00:00+00:00,115.57,119.45,115.54,116.53,18531
2025-07-23 00:00:00+00:00,116.42,119.8,116.28,117.5,11027
2025-07-23 04:00:00+00:00,117.5,121.81,117.0,119.53,19396
2025-07-23 08:00:00+00:00,119.52,119.63,116.39,117.41,12458
2025-07-23 12:00:00+00:00,117.4,117.67,114.25,114.78,14592
2025-07-23 16:00:00+00:00,114.78,115.28,110.43,111.88,28580
2025-07-23 20:00:00+00:00,111.88,113.26,108.72,110.54,25080
2025-07-24 00:00:00+00:00,110.93,113.61,108.43,113.58,12003
2025-07-24 04:00:00+00:00,113.59,113.91,110.51,110.83,16099
2025-07-24 08:00:00+00:00,110.82,113.6,106.14,113.0,25903
2025-07-24 12:00:00+00:00,112.99,113.85,111.45,111.93,16464
2025-07-24 16:00:00+00:00,111.93,115.0,110.45,111.72,22175
2025-07-24 20:00:00+00:00,111.73,114.3,111.42,114.13,9751
2025-07-25 00:00:00+00:00,113.88,114.06,109.91,110.45,11381
2025-07-25 04:00:00+00:00,110.45,111.37,107.73,110.46,15727
2025-07-25 08:00:00+00:00,110.43,112.26,109.0,111.7,15214
2025-07-25 12:00:00+00:00,111.7,115.85,111.5,114.32,12266
2025-07-25 16:00:00+00:00,114.31,115.16,108.85,111.05,17702
2025-07-25 20:00:00+00:00,111.05,112.76,110.39,112.62,11186
2025-07-26 00:00:00+00:00,112.57,113.38,112.31,112.68,4094
2025-07-26 04:00:00+00:00,112.69,113.25,111.58,112.96,7366
2025-07-26 08:00:00+00:00,112.95,113.52,112.32,113.4,6685
2025-07-26 12:00:00+00:00,113.4,113.89,112.79,113.37,4481
2025-07-26 16:00:00+00:00,113.41,114.16,112.56,113.34,7202
2025-07-26 20:00:00+00:00,113.34,114.99,112.79,114.09,5009
2025-07-27 00:00:00+00:00,114.04,114.82,113.14,113.44,4403
2025-07-27 04:00:00+00:00,113.44,114.78,113.2,114.37,5602
2025-07-27 08:00:00+00:00,114.36,115.13,112.46,112.51,5585
2025-07-27 12:00:00+00:00,112.51,113.5,111.91,113.27,7840
2025-07-27 16:00:00+00:00,113.25,114.83,112.16,113.75,10380
2025-07-27 20:00:00+00:00,113.76,114.41,112.83,113.09,8568
2025-07-28 00:00:00+00:00,113.09,115.67,112.69,114.59,11030
2025-07-28 04:00:00+00:00,114.58,115.75,113.35,114.79,8609
2025-07-28 08:00:00+00:00,114.8,115.9,113.52,113.88,9390
2025-07-28 12:00:00+00:00,113.85,114.65,112.47,112.72,7207
2025-07-28 16:00:00+00:00,112.73,112.73,109.28,110.03,14181
2025-07-28 20:00:00+00:00,110.03,110.28,107.98,108.95,9915
2025-07-29 00:00:00+00:00,109.21,109.62,107.2,108.49,8041
2025-07-29 04:00:00+00:00,108.49,109.33,107.16,108.45,8266
2025-07-29 08:00:00+00:00,108.45,110.3,108.24,109.49,7094
2025-07-29 12:00:00+00:00,109.5,110.06,107.78,109.52,8225
2025-07-29 16:00:00+00:00,109.5,110.02,106.23,108.3,15027
2025-07-29 20:00:00+00:00,108.3,109.42,106.76,107.49,8914
2025-07-30 00:00:00+00:00,107.28,108.36,106.68,107.39,7649
2025-07-30 04:00:00+00:00,107.39,109.08,106.72,107.57,8804
2025-07-30 08:00:00+00:00,107.57,109.97,106.95,109.39,6863
2025-07-30 12:00:00+00:00,109.37,109.6,106.38,107.88,13158
2025-07-30 16:00:00+00:00,107.88,109.54,106.69,109.2,10916
2025-07-30 20:00:00+00:00,109.2,109.56,104.93,109.36,9027
2025-07-31 00:00:00+00:00,109.68,111.43,108.04,110.71,7376
2025-07-31 04:00:00+00:00,110.69,110.86,109.77,110.11,6546
2025-07-31 08:00:00+00:00,110.12,110.81,109.86,110.64,5688
2025-07-31 12:00:00+00:00,110.64,110.91,108.98,109.5,5653
2025-07-31 16:00:00+00:00,109.5,110.0,108.09,109.71,13213
2025-07-31 20:00:00+00:00,109.74,109.74,107.23,107.67,13273
2025-08-01 00:00:00+00:00,107.95,108.16,103.33,105.52,13411
2025-08-01 04:00:00+00:00,105.51,106.58,104.37,105.56,14752
2025-08-01 08:00:00+00:00,105.56,106.04,102.63,103.45,12878
2025-08-01 12:00:00+00:00,103.44,105.66,103.36,105.23,7633
2025-08-01 16:00:00+00:00,105.23,106.52,103.54,105.04,17384
2025-08-01 20:00:00+00:00,105.02,106.02,103.49,105.51,20171
2025-08-02 00:00:00+00:00,106.24,107.07,103.51,106.98,11837
2025-08-02 04:00:00+00:00,106.97,107.97,106.24,107.32,5469
2025-08-02 08:00:00+00:00,107.33,108.01,105.72,106.38,9610
2025-08-02 12:00:00+00:00,106.38,107.27,105.63,107.14,8468
2025-08-02 16:00:00+00:00,107.15,109.55,105.76,106.3,16125
2025-08-02 20:00:00+00:00,106.29,106.79,103.66,106.02,15453
2025-08-03 00:00:00+00:00,106.26,106.64,103.7,105.56,9092
2025-08-03 04:00:00+00:00,105.57,108.63,105.32,106.91,6652
2025-08-03 08:00:00+00:00,106.91,108.21,106.67,108.11,4011
2025-08-03 12:00:00+00:00,108.1,109.81,107.93,109.42,4830
2025-08-03 16:00:00+00:00,109.42,109.74,107.99,109.39,8373
2025-08-03 20:00:00+00:00,109.38,109.48,108.14,109.02,4478
2025-08-04 00:00:00+00:00,108.8,111.48,108.5,111.14,5523
2025-08-04 04:00:00+00:00,111.14,111.42,110.09,110.28,6683
2025-08-04 08:00:00+00:00,110.29,112.09,109.95,110.87,5855
2025-08-04 12:00:00+00:00,110.87,116.98,110.62,116.37,12926
2025-08-04 16:00:00+00:00,116.37,119.19,115.46,118.7,16062
2025-08-04 20:00:00+00:00,118.72,119.57,118.24,118.72,11110
2025-08-05 00:00:00+00:00,118.97,120.94,118.97,119.83,10995
2025-08-05 04:00:00+00:00,119.81,123.15,119.58,121.12,12077
2025-08-05 08:00:00+00:00,121.1,124.49,120.19,122.34,13886
2025-08-05 12:00:00+00:00,122.35,128.57,122.33,123.29,18737
2025-08-05 16:00:00+00:00,123.29,123.61,120.47,120.84,19435
2025-08-05 20:00:00+00:00,120.83,121.2,119.0,119.27,10866
2025-08-06 00:00:00+00:00,119.7,120.89,117.63,118.45,8968
2025-08-06 04:00:00+00:00,118.44,118.77,117.1,117.45,8418
2025-08-06 08:00:00+00:00,117.45,118.53,116.07,116.74,10075
2025-08-06 12:00:00+00:00,116.75,117.45,114.97,115.01,7649
2025-08-06 16:00:00+00:00,115.02,118.09,114.73,117.16,11654
2025-08-06 20:00:00+00:00,117.17,120.67,116.93,118.93,9369
2025-08-07 00:00:00+00:00,118.95,119.72,117.43,117.67,6641
2025-08-07 04:00:00+00:00,117.68,121.42,117.62,120.74,9981
2025-08-07 08:00:00+00:00,120.73,121.85,116.94,116.95,9438
2025-08-07 12:00:00+00:00,116.95,120.76,116.88,119.86,12785
2025-08-07 16:00:00+00:00,119.88,121.98,119.22,120.9,11939
2025-08-07 20:00:00+00:00,120.91,121.88,119.86,121.29,9809
2025-08-08 00:00:00+00:00,121.48,123.91,120.71,121.97,15375
2025-08-08 04:00:00+00:00,121.97,122.74,120.21,120.45,15699
2025-08-08 08:00:00+00:00,120.45,123.41,118.84,121.76,9582
2025-08-08 12:00:00+00:00,121.76,122.1,119.95,121.19,6932
2025-08-08 16:00:00+00:00,121.12,123.63,120.06,122.05,11071
2025-08-08 20:00:00+00:00,122.04,125.81,121.77,124.07,9106
2025-08-09 00:00:00+00:00,124.34,124.4,123.06,123.39,6340
2025-08-09 04:00:00+00:00,123.33,124.21,122.24,124.03,6254
2025-08-09 08:00:00+00:00,124.03,125.31,123.62,124.27,9504
2025-08-09 12:00:00+00:00,124.25,125.78,123.87,124.33,7257
2025-08-09 16:00:00+00:00,124.33,124.5,120.33,120.95,8051
2025-08-09 20:00:00+00:00,120.95,122.27,120.6,121.73,7875
2025-08-10 00:00:00+00:00,121.8,122.03,119.64,120.81,5503
2025-08-10 04:00:00+00:00,120.81,123.3,120.23,123.11,9651
2025-08-10 08:00:00+00:00,123.11,123.16,117.59,120.04,9554
2025-08-10 12:00:00+00:00,120.03,121.98,119.14,121.3,4493
2025-08-10 16:00:00+00:00,121.3,125.44,119.82,123.01,9974
2025-08-10 20:00:00+00:00,123.01,124.51,122.3,123.59,5864
2025-08-11 00:00:00+00:00,123.27,124.41,121.73,121.74,5871
2025-08-11 04:00:00+00:00,121.74,126.77,121.5,124.32,12726
2025-08-11 08:00:00+00:00,124.32,125.19,122.22,124.5,7849
2025-08-11 12:00:00+00:00,124.5,127.45,123.78,125.79,14500
2025-08-11 16:00:00+00:00,125.78,126.48,122.67,124.97,14987
2025-08-11 20:00:00+00:00,124.97,126.57,120.1,120.69,11902
2025-08-12 00:00:00+00:00,120.37,121.07,118.98,119.7,8794
2025-08-12 04:00:00+00:00,119.7,120.93,118.71,119.27,8224
2025-08-12 08:00:00+00:00,119.27,119.64,118.0,119.12,10019
2025-08-12 12:00:00+00:00,119.13,120.93,117.73,120.75,12399
2025-08-12 16:00:00+00:00,120.75,124.53,119.81,124.5,17380
2025-08-12 20:00:00+00:00,124.5,130.4,124.03,129.21,13978
2025-08-13 00:00:00+00:00,128.76,131.31,127.74,130.27,10267
2025-08-13 04:00:00+00:00,130.27,133.05,127.97,132.98,10287
2025-08-13 08:00:00+00:00,132.98,133.53,129.9,130.76,12878
2025-08-13 12:00:00+00:00,130.76,133.52,130.26,130.49,13306
2025-08-13 16:00:00+00:00,130.49,131.82,128.79,129.64,16381
2025-08-13 20:00:00+00:00,129.64,129.78,128.29,129.04,8811
2025-08-14 00:00:00+00:00,128.84,131.84,128.38,131.12,9951
2025-08-14 04:00:00+00:00,131.11,133.26,129.94,132.04,10965
2025-08-14 08:00:00+00:00,132.04,132.83,127.18,127.53,10637
2025-08-14 12:00:00+00:00,127.53,128.64,119.89,122.09,12451
2025-08-14 16:00:00+00:00,122.08,123.75,119.83,120.47,15998
2025-08-14 20:00:00+00:00,120.47,121.5,118.94,121.03,8390
2025-08-15 00:00:00+00:00,120.62,121.52,118.93,120.95,5672
2025-08-15 04:00:00+00:00,120.95,122.48,120.45,121.36,5044
2025-08-15 08:00:00+00:00,121.36,122.82,120.46,120.71,6121
2025-08-15 12:00:00+00:00,120.71,121.24,119.55,120.43,8250
2025-08-15 16:00:00+00:00,120.44,120.56,116.03,117.54,13757
2025-08-15 20:00:00+00:00,117.54,118.65,116.57,118.02,10223
2025-08-16 00:00:00+00:00,117.88,120.37,117.83,120.26,5748
2025-08-16 04:00:00+00:00,120.26,120.28,119.19,119.86,6187
2025-08-16 08:00:00+00:00,119.85,119.86,117.55,117.94,5773
2025-08-16 12:00:00+00:00,117.94,118.62,116.68,117.96,6492
2025-08-16 16:00:00+00:00,117.96,118.85,117.21,118.45,6094
2025-08-16 20:00:00+00:00,118.45,120.06,118.28,119.62,4534
2025-08-17 00:00:00+00:00,119.39,120.56,118.96,119.72,2365
2025-08-17 04:00:00+00:00,119.72,121.34,119.3,121.33,4697
2025-08-17 08:00:00+00:00,121.33,122.71,120.7,121.76,4103
2025-08-17 12:00:00+00:00,121.76,121.97,121.06,121.29,4201
2025-08-17 16:00:00+00:00,121.29,122.48,120.19,120.55,4147
2025-08-17 20:00:00+00:00,120.55,121.8,119.91,120.49,5508
2025-08-18 00:00:00+00:00,120.27,121.24,119.27,119.93,4988
2025-08-18 04:00:00+00:00,119.93,120.09,114.8,116.44,9306
2025-08-18 08:00:00+00:00,116.45,116.83,114.8,115.13,9282
2025-08-18 12:00:00+00:00,115.12,117.12,114.76,117.12,7095
2025-08-18 16:00:00+00:00,117.12,118.05,116.17,116.7,10487
2025-08-18 20:00:00+00:00,116.7,118.36,116.61,117.21,5797
2025-08-19 00:00:00+00:00,117.19,118.7,116.33,118.38,6561
2025-08-19 04:00:00+00:00,118.35,118.58,114.17,116.58,13803
2025-08-19 08:00:00+00:00,116.58,116.93,112.86,114.6,9006
2025-08-19 12:00:00+00:00,114.59,115.88,114.22,115.47,6675
2025-08-19 16:00:00+00:00,115.46,116.27,112.59,113.34,13429
2025-08-19 20:00:00+00:00,113.34,113.93,111.63,113.89,12151
2025-08-20 00:00:00+00:00,113.95,114.95,111.79,113.08,7044
2025-08-20 04:00:00+00:00,113.08,114.04,111.85,113.6,5983
2025-08-20 08:00:00+00:00,113.6,114.84,113.08,114.74,6108
2025-08-20 12:00:00+00:00,114.72,114.95,112.85,114.53,8578
2025-08-20 16:00:00+00:00,114.53,115.98,111.48,115.06,13334
2025-08-20 20:00:00+00:00,115.06,116.54,113.82,116.18,8502
2025-08-21 00:00:00+00:00,116.11,116.32,114.97,115.82,4786
2025-08-21 04:00:00+00:00,115.82,116.73,114.98,115.45,6906
2025-08-21 08:00:00+00:00,115.45,115.79,114.49,114.68,6888
2025-08-21 12:00:00+00:00,114.67,115.08,113.68,113.98,9702
2025-08-21 16:00:00+00:00,113.96,115.57,113.0,113.07,12002
2025-08-21 20:00:00+00:00,113.05,114.94,112.86,114.5,8673
2025-08-22 00:00:00+00:00,113.76,115.03,113.68,114.22,5008
2025-08-22 04:00:00+00:00,114.23,115.96,113.64,115.44,5719
2025-08-22 08:00:00+00:00,115.4,116.27,115.01,115.63,9210
2025-08-22 12:00:00+00:00,115.63,115.78,111.89,113.18,10763
2025-08-22 16:00:00+00:00,113.18,121.17,112.69,120.44,13671
2025-08-22 20:00:00+00:00,120.45,122.64,120.45,122.43,11081
2025-08-23 00:00:00+00:00,122.78,122.82,121.62,121.96,2766
2025-08-23 04:00:00+00:00,121.95,122.41,119.11,120.86,3937
2025-08-23 08:00:00+00:00,120.86,122.11,120.66,121.23,6747
2025-08-23 12:00:00+00:00,121.23,121.33,120.21,120.53,3301
2025-08-23 16:00:00+00:00,120.53,120.97,119.77,120.29,4235
2025-08-23 20:00:00+00:00,120.29,120.74,120.05,120.45,2625
2025-08-24 00:00:00+00:00,120.11,121.53,120.0,121.21,4015
2025-08-24 04:00:00+00:00,121.21,121.27,119.95,121.19,4287
2025-08-24 08:00:00+00:00,121.19,121.2,118.7,119.25,5231
2025-08-24 12:00:00+00:00,119.23,119.52,117.69,118.33,7696
2025-08-24 16:00:00+00:00,118.32,119.79,118.07,119.32,8801
2025-08-24 20:00:00+00:00,119.3,124.18,117.95,118.13,12605
2025-08-25 00:00:00+00:00,117.64,118.95,114.89,115.71,8860
2025-08-25 04:00:00+00:00,115.67,118.11,115.55,115.64,10101
2025-08-25 08:00:00+00:00,115.66,115.89,111.16,112.1,11412
2025-08-25 12:00:00+00:00,112.09,112.23,109.96,111.66,8019
2025-08-25 16:00:00+00:00,111.66,112.12,110.13,111.47,9760
2025-08-25 20:00:00+00:00,111.47,111.67,106.73,107.21,10916
2025-08-26 00:00:00+00:00,106.85,109.75,106.17,108.97,9701
2025-08-26 04:00:00+00:00,108.99,110.06,108.62,109.8,9727
2025-08-26 08:00:00+00:00,109.8,110.86,109.39,109.89,8722
2025-08-26 12:00:00+00:00,109.9,111.95,109.48,111.35,10038
2025-08-26 16:00:00+00:00,111.35,112.81,109.94,112.79,13849
2025-08-26 20:00:00+00:00,112.78,114.25,111.9,113.07,10838
2025-08-27 00:00:00+00:00,112.73,113.58,112.33,112.65,6490
2025-08-27 04:00:00+00:00,112.64,114.84,112.23,114.74,5392
2025-08-27 08:00:00+00:00,114.75,115.73,111.57,112.29,6451
2025-08-27 12:00:00+00:00,112.29,113.01,111.92,112.95,6074
2025-08-27 16:00:00+00:00,112.96,114.05,112.1,113.22,7601
2025-08-27 20:00:00+00:00,113.21,113.86,111.7,113.23,6884
2025-08-28 00:00:00+00:00,112.96,113.71,110.77,111.67,4727
2025-08-28 04:00:00+00:00,111.67,113.62,111.67,113.48,3956
2025-08-28 08:00:00+00:00,113.49,113.73,112.59,112.94,5997
2025-08-28 12:00:00+00:00,112.94,113.47,112.38,113.32,4909
2025-08-28 16:00:00+00:00,113.32,114.09,110.93,111.0,12954
2025-08-28 20:00:00+00:00,110.99,112.38,110.83,111.69,6163
2025-08-29 00:00:00+00:00,111.69,113.44,111.54,112.85,3715
2025-08-29 04:00:00+00:00,112.85,113.03,111.82,112.39,5294
2025-08-29 08:00:00+00:00,112.39,112.53,108.8,108.89,8530
2025-08-29 12:00:00+00:00,108.89,111.38,108.35,110.37,6245
2025-08-29 16:00:00+00:00,110.37,110.53,108.22,109.46,16123
2025-08-29 20:00:00+00:00,109.45,109.49,108.06,108.75,8735
2025-08-30 00:00:00+00:00,109.42,109.6,108.88,109.23,4438
2025-08-30 04:00:00+00:00,109.23,110.41,107.81,109.85,8241
2025-08-30 08:00:00+00:00,109.85,110.76,109.78,110.32,6315
2025-08-30 12:00:00+00:00,110.32,110.7,109.15,109.45,5623
2025-08-30 16:00:00+00:00,109.45,110.25,108.71,109.82,6497
2025-08-30 20:00:00+00:00,109.82,109.99,109.1,109.34,5966
2025-08-31 00:00:00+00:00,109.2,111.23,109.2,111.12,3197
2025-08-31 04:00:00+00:00,111.12,111.39,110.44,110.62,3570
2025-08-31 08:00:00+00:00,110.63,111.11,110.19,111.09,2728
2025-08-31 12:00:00+00:00,111.09,111.33,110.28,110.7,4144
2025-08-31 16:00:00+00:00,110.7,110.81,109.57,109.84,4386
2025-08-31 20:00:00+00:00,109.82,110.28,109.49,109.85,4585
2025-09-01 00:00:00+00:00,109.48,109.93,107.38,108.22,7766
2025-09-01 04:00:00+00:00,108.19,108.79,106.77,107.01,10646
2025-09-01 08:00:00+00:00,107.02,110.72,106.69,110.72,11232
2025-09-01 12:00:00+00:00,110.71,110.83,108.65,109.46,8265
2025-09-01 16:00:00+00:00,109.47,110.04,108.34,108.39,12960
2025-09-01 20:00:00+00:00,108.37,109.13,106.94,107.9,11087
2025-09-02 00:00:00+00:00,107.57,108.72,105.82,108.64,8765
2025-09-02 04:00:00+00:00,108.64,110.19,108.1,109.96,5975
2025-09-02 08:00:00+00:00,109.97,110.72,109.54,109.94,6892
2025-09-02 12:00:00+00:00,109.94,110.48,108.13,108.29,5973
2025-09-02 16:00:00+00:00,108.29,111.47,108.23,109.88,11044
2025-09-02 20:00:00+00:00,109.88,110.54,108.76,110.5,8640
2025-09-03 00:00:00+00:00,110.51,111.68,110.48,110.72,5260
2025-09-03 04:00:00+00:00,110.72,111.18,110.22,110.95,4569
2025-09-03 08:00:00+00:00,110.93,111.7,110.33,111.27,6355
2025-09-03 12:00:00+00:00,111.26,111.99,110.91,111.06,5620
2025-09-03 16:00:00+00:00,111.06,112.77,110.98,112.0,9257
2025-09-03 20:00:00+00:00,112.0,112.54,111.63,111.91,2980
2025-09-04 00:00:00+00:00,111.82,112.98,111.82,112.53,2705
2025-09-04 04:00:00+00:00,112.53,112.54,111.0,111.03,4608
2025-09-04 08:00:00+00:00,111.02,111.11,110.33,110.51,5812
2025-09-04 12:00:00+00:00,110.49,111.1,110.26,110.81,4905
2025-09-04 16:00:00+00:00,110.81,110.84,109.04,109.41,7747
2025-09-04 20:00:00+00:00,109.41,110.2,108.99,110.13,5812
2025-09-05 00:00:00+00:00,110.09,111.3,110.09,110.61,3512
2025-09-05 04:00:00+00:00,110.61,112.01,110.41,111.05,3368
2025-09-05 08:00:00+00:00,111.05,112.71,110.86,112.54,4497
2025-09-05 12:00:00+00:00,112.54,113.68,111.92,113.61,4335
2025-09-05 16:00:00+00:00,113.62,114.57,110.92,112.28,9830
2025-09-05 20:00:00+00:00,112.27,112.85,111.33,112.74,4500
2025-09-06 00:00:00+00:00,111.72,112.01,111.26,111.78,1996
2025-09-06 04:00:00+00:00,111.76,112.02,110.95,111.08,2206
2025-09-06 08:00:00+00:00,111.08,111.24,110.77,111.22,2034
2025-09-06 12:00:00+00:00,111.22,111.27,110.71,110.92,2469
2025-09-06 16:00:00+00:00,110.92,111.86,110.77,111.42,3700
2025-09-06 20:00:00+00:00,111.42,111.87,111.24,111.76,2979
2025-09-07 00:00:00+00:00,111.48,112.0,110.98,111.92,2111
2025-09-07 04:00:00+00:00,111.92,112.59,111.9,112.41,1713
2025-09-07 08:00:00+00:00,112.41,113.59,112.32,113.39,3252
2025-09-07 12:00:00+00:00,113.39,114.36,113.17,114.33,2138
2025-09-07 16:00:00+00:00,114.35,114.85,113.74,114.04,4356
2025-09-07 20:00:00+00:00,114.04,114.62,113.42,113.74,3522
2025-09-08 00:00:00+00:00,113.53,114.64,113.48,113.86,3493
2025-09-08 04:00:00+00:00,113.86,114.87,112.19,112.58,6162
2025-09-08 08:00:00+00:00,112.58,113.0,111.39,112.49,6053
2025-09-08 12:00:00+00:00,112.47,113.26,112.25,112.53,5788
2025-09-08 16:00:00+00:00,112.53,113.38,112.34,112.51,7499
2025-09-08 20:00:00+00:00,112.52,112.74,111.34,111.54,5599
2025-09-09 00:00:00+00:00,111.35,112.72,111.35,112.7,3856
2025-09-09 04:00:00+00:00,112.7,113.34,111.04,112.31,6568
2025-09-09 08:00:00+00:00,112.31,113.88,111.81,113.81,4764
2025-09-09 12:00:00+00:00,113.81,114.14,112.72,113.04,5949
2025-09-09 16:00:00+00:00,113.05,113.5,110.23,111.21,10515
2025-09-09 20:00:00+00:00,111.19,111.72,110.98,111.67,4339
2025-09-10 00:00:00+00:00,111.17,111.68,110.83,111.19,1575
2025-09-10 04:00:00+00:00,111.19,112.66,111.15,112.2,3196
2025-09-10 08:00:00+00:00,112.2,112.78,111.64,112.43,3573
2025-09-10 12:00:00+00:00,112.43,113.37,112.05,113.34,3307
2025-09-10 16:00:00+00:00,113.33,118.09,113.22,115.85,8102
2025-09-10 20:00:00+00:00,115.85,116.79,114.34,114.72,3706
2025-09-11 00:00:00+00:00,114.84,117.33,114.84,116.28,2979
2025-09-11 04:00:00+00:00,116.28,116.46,115.49,116.05,3073
2025-09-11 08:00:00+00:00,116.02,117.24,115.56,116.41,4657
2025-09-11 12:00:00+00:00,116.4,116.98,114.59,115.83,5788
2025-09-11 16:00:00+00:00,115.83,116.12,112.43,113.76,7163
2025-09-11 20:00:00+00:00,113.76,114.81,113.62,114.79,4339
2025-09-12 00:00:00+00:00,114.81,116.41,114.61,115.78,4906
2025-09-12 04:00:00+00:00,115.78,116.13,114.2,115.02,4772
2025-09-12 08:00:00+00:00,115.02,115.98,114.83,115.2,4290
2025-09-12 12:00:00+00:00,115.2,115.71,114.4,115.01,3561
2025-09-12 16:00:00+00:00,115.03,116.72,114.9,116.71,6165
2025-09-12 20:00:00+00:00,116.72,117.43,116.39,117.4,4429
2025-09-13 00:00:00+00:00,116.6,117.87,116.57,117.87,1923
2025-09-13 04:00:00+00:00,117.88,118.06,116.94,117.37,2089
2025-09-13 08:00:00+00:00,117.37,119.63,117.16,119.14,3279
2025-09-13 12:00:00+00:00,119.08,120.14,118.97,119.66,3078
2025-09-13 16:00:00+00:00,119.61,120.3,117.11,118.15,6498
2025-09-13 20:00:00+00:00,118.09,120.15,117.25,119.27,3806
2025-09-14 00:00:00+00:00,119.06,119.68,118.03,118.27,1887
2025-09-14 04:00:00+00:00,118.27,118.32,115.45,116.38,3532
2025-09-14 08:00:00+00:00,116.4,117.09,115.8,116.34,2238
2025-09-14 12:00:00+00:00,116.34,116.74,114.4,114.85,2516
2025-09-14 16:00:00+00:00,114.85,114.94,113.4,114.45,7261
2025-09-14 20:00:00+00:00,114.44,115.09,114.27,114.84,2581
2025-09-15 00:00:00+00:00,114.55,115.63,114.35,114.86,4525
2025-09-15 04:00:00+00:00,114.86,115.66,114.03,115.38,4621
2025-09-15 08:00:00+00:00,115.38,116.23,111.86,112.34,6859
2025-09-15 12:00:00+00:00,112.32,113.66,112.18,112.77,5386
2025-09-15 16:00:00+00:00,112.77,113.59,111.47,111.71,7967
2025-09-15 20:00:00+00:00,111.7,113.22,111.66,112.99,3120
2025-09-16 00:00:00+00:00,112.7,113.32,112.21,112.94,1682
2025-09-16 04:00:00+00:00,112.94,113.53,111.5,112.57,3560
2025-09-16 08:00:00+00:00,112.55,114.7,112.51,114.08,5245
2025-09-16 12:00:00+00:00,114.08,114.56,113.49,113.75,4289
2025-09-16 16:00:00+00:00,113.75,114.82,112.68,114.66,5898
2025-09-16 20:00:00+00:00,114.61,115.31,114.24,114.31,3679
2025-09-17 00:00:00+00:00,114.34,115.05,114.33,114.55,2006
2025-09-17 04:00:00+00:00,114.55,115.37,113.24,113.53,2573
2025-09-17 08:00:00+00:00,113.52,114.96,113.45,114.66,4163
2025-09-17 12:00:00+00:00,114.65,114.69,113.29,113.82,4530
2025-09-17 16:00:00+00:00,113.84,114.17,112.88,113.77,4674
2025-09-17 20:00:00+00:00,113.77,115.07,112.59,113.94,8771
2025-09-18 00:00:00+00:00,113.28,117.23,113.28,116.41,4771
2025-09-18 04:00:00+00:00,116.41,117.57,116.3,116.95,5585
2025-09-18 08:00:00+00:00,116.95,116.95,114.3,115.62,5438
2025-09-18 12:00:00+00:00,115.62,115.74,114.6,115.25,5928
2025-09-18 16:00:00+00:00,115.2,117.33,114.98,116.71,9654
2025-09-18 20:00:00+00:00,116.71,118.61,116.56,118.23,7253
2025-09-19 00:00:00+00:00,118.06,118.7,117.08,118.69,4546
2025-09-19 04:00:00+00:00,118.69,118.98,115.78,116.91,6819
2025-09-19 08:00:00+00:00,116.9,117.31,116.05,116.58,5356
2025-09-19 12:00:00+00:00,116.59,117.06,114.99,115.32,3602
2025-09-19 16:00:00+00:00,115.32,116.07,114.09,115.0,6405
2025-09-19 20:00:00+00:00,115.0,115.01,113.35,113.45,3270
2025-09-20 00:00:00+00:00,113.61,114.08,112.89,114.08,1881
2025-09-20 04:00:00+00:00,114.05,114.13,112.98,113.86,3064
2025-09-20 08:00:00+00:00,113.86,114.84,113.77,113.82,2014
2025-09-20 12:00:00+00:00,113.82,114.09,112.93,113.5,3058
2025-09-20 16:00:00+00:00,113.5,114.38,112.94,114.08,2830
2025-09-20 20:00:00+00:00,114.08,114.11,113.13,113.61,2683
2025-09-21 00:00:00+00:00,113.45,113.93,113.19,113.83,1967
2025-09-21 04:00:00+00:00,113.83,113.99,113.34,113.83,2473
2025-09-21 08:00:00+00:00,113.83,115.04,113.71,114.72,2985
2025-09-21 12:00:00+00:00,114.72,115.77,113.97,114.23,3870
2025-09-21 16:00:00+00:00,114.23,115.13,114.2,114.6,3258
2025-09-21 20:00:00+00:00,114.6,115.47,114.14,114.54,3126
2025-09-22 00:00:00+00:00,114.46,114.73,110.82,111.14,5556
2025-09-22 04:00:00+00:00,111.14,112.12,109.52,110.66,7266
2025-09-22 08:00:00+00:00,110.67,110.67,101.38,105.16,7831
2025-09-22 12:00:00+00:00,105.16,105.73,104.31,105.61,5407
2025-09-22 16:00:00+00:00,105.61,106.25,104.34,104.64,6626
2025-09-22 20:00:00+00:00,104.66,105.58,104.08,105.43,5400
2025-09-23 00:00:00+00:00,104.86,105.7,104.81,105.04,3791
2025-09-23 04:00:00+00:00,105.05,106.21,103.97,105.55,6041
2025-09-23 08:00:00+00:00,105.55,106.12,105.16,105.98,6167
2025-09-23 12:00:00+00:00,105.99,106.77,105.3,106.54,4491
2025-09-23 16:00:00+00:00,106.53,106.59,105.4,106.1,4977
2025-09-23 20:00:00+00:00,106.07,106.17,104.85,105.96,5131
2025-09-24 00:00:00+00:00,105.72,106.33,105.22,106.14,3186
2025-09-24 04:00:00+00:00,106.14,107.09,103.98,106.07,5753
2025-09-24 08:00:00+00:00,106.06,106.87,105.64,106.27,5347
2025-09-24 12:00:00+00:00,106.27,106.92,105.45,105.94,4225
2025-09-24 16:00:00+00:00,105.94,107.21,105.65,106.11,8598
2025-09-24 20:00:00+00:00,106.11,106.62,105.33,105.78,6253
2025-09-25 00:00:00+00:00,105.82,105.98,104.64,104.76,5208
2025-09-25 04:00:00+00:00,104.75,105.33,102.8,103.32,11820
2025-09-25 08:00:00+00:00,103.32,104.34,102.85,103.53,14034
2025-09-25 12:00:00+00:00,103.53,104.21,101.38,103.43,12080
2025-09-25 16:00:00+00:00,103.43,104.84,102.56,102.7,15630
2025-09-25 20:00:00+00:00,102.7,103.3,99.92,101.82,16653
2025-09-26 00:00:00+00:00,101.85,103.23,101.07,103.11,7944
2025-09-26 04:00:00+00:00,103.12,103.47,102.23,102.69,9161
2025-09-26 08:00:00+00:00,102.68,103.2,101.92,102.35,9291
2025-09-26 12:00:00+00:00,102.37,102.68,100.52,102.34,5293
2025-09-26 16:00:00+00:00,102.34,103.6,101.78,103.48,6514
2025-09-26 20:00:00+00:00,103.48,104.4,103.28,103.53,3839
2025-09-27 00:00:00+00:00,103.61,104.3,103.57,103.8,2172
2025-09-27 04:00:00+00:00,103.8,103.81,103.02,103.33,2511
2025-09-27 08:00:00+00:00,103.33,103.47,102.94,103.14,1127
2025-09-27 12:00:00+00:00,103.14,103.95,102.83,103.88,1313
2025-09-27 16:00:00+00:00,103.88,104.44,103.73,104.23,1899
2025-09-27 20:00:00+00:00,104.24,104.24,103.58,104.08,2520
2025-09-28 00:00:00+00:00,103.95,104.48,103.66,103.69,1846
2025-09-28 04:00:00+00:00,103.69,103.74,103.08,103.49,2282
2025-09-28 08:00:00+00:00,103.5,103.76,103.04,103.15,1647
2025-09-28 12:00:00+00:00,103.15,103.22,102.27,102.66,2596
2025-09-28 16:00:00+00:00,102.69,104.46,102.6,104.39,2177
2025-09-28 20:00:00+00:00,104.38,105.61,104.36,105.39,2085
2025-09-29 00:00:00+00:00,105.38,106.68,105.38,106.43,6709
2025-09-29 04:00:00+00:00,106.43,106.79,105.75,105.78,6355
2025-09-29 08:00:00+00:00,105.75,105.96,105.07,105.78,6208
2025-09-29 12:00:00+00:00,105.79,105.97,104.79,105.03,3824
2025-09-29 16:00:00+00:00,105.03,107.08,104.78,105.39,8653
2025-09-29 20:00:00+00:00,105.39,106.7,104.98,106.63,5409
2025-09-30 00:00:00+00:00,106.58,106.84,106.03,106.18,4891
2025-09-30 04:00:00+00:00,106.17,106.68,105.73,105.92,6387
2025-09-30 08:00:00+00:00,105.88,106.23,105.05,105.07,6725
2025-09-30 12:00:00+00:00,105.08,105.25,104.59,104.67,6785
2025-09-30 16:00:00+00:00,104.66,105.36,103.32,103.99,11133
2025-09-30 20:00:00+00:00,103.99,107.1,103.78,106.94,6410
2025-10-01 00:00:00+00:00,106.58,107.01,105.6,105.96,5301
2025-10-01 04:00:00+00:00,105.96,106.6,105.16,105.66,6165
2025-10-01 08:00:00+00:00,105.63,108.59,104.82,108.58,6723
2025-10-01 12:00:00+00:00,108.53,110.38,108.26,110.32,7051
2025-10-01 16:00:00+00:00,110.28,111.38,109.94,111.14,6862
2025-10-01 20:00:00+00:00,111.14,112.1,109.92,111.38,2351
2025-10-02 00:00:00+00:00,111.33,117.87,111.04,117.46,6114
2025-10-02 04:00:00+00:00,117.44,120.94,116.42,117.37,8370
2025-10-02 08:00:00+00:00,117.33,119.64,117.12,118.64,5652
2025-10-02 12:00:00+00:00,118.62,122.12,118.28,119.3,7228
2025-10-02 16:00:00+00:00,119.3,119.35,116.69,118.64,8581
2025-10-02 20:00:00+00:00,118.64,119.51,117.98,119.34,4819
2025-10-03 00:00:00+00:00,118.93,119.49,117.36,117.74,2114
2025-10-03 04:00:00+00:00,117.74,118.08,116.68,117.37,3857
2025-10-03 08:00:00+00:00,117.3,117.44,115.28,116.42,4517
2025-10-03 12:00:00+00:00,116.38,117.94,116.27,117.67,3607
2025-10-03 16:00:00+00:00,117.62,120.55,116.94,119.88,10975
2025-10-03 20:00:00+00:00,119.88,124.22,117.97,121.38,8357
2025-10-04 00:00:00+00:00,120.94,121.11,119.61,119.89,2129
2025-10-04 04:00:00+00:00,119.89,119.94,118.48,118.62,2942
2025-10-04 08:00:00+00:00,118.62,119.13,117.63,117.88,2748
2025-10-04 12:00:00+00:00,117.87,118.42,117.19,117.56,3465
2025-10-04 16:00:00+00:00,117.57,118.48,116.99,118.27,6092
2025-10-04 20:00:00+00:00,118.27,118.85,117.65,118.61,2862
2025-10-05 00:00:00+00:00,118.71,121.45,118.55,120.29,3059
2025-10-05 04:00:00+00:00,120.23,123.59,120.05,120.64,6924
2025-10-05 08:00:00+00:00,120.64,121.95,119.86,121.46,2848
2025-10-05 12:00:00+00:00,121.46,121.46,119.0,119.11,1477
2025-10-05 16:00:00+00:00,119.11,119.92,118.54,119.38,1295
2025-10-05 20:00:00+00:00,119.38,119.46,117.77,118.48,1719
2025-10-06 00:00:00+00:00,118.26,119.48,117.55,117.86,3275
2025-10-06 04:00:00+00:00,117.87,120.78,117.59,119.24,6126
2025-10-06 08:00:00+00:00,119.21,120.97,118.91,119.72,6431
2025-10-06 12:00:00+00:00,119.7,120.42,119.17,119.26,6019
2025-10-06 16:00:00+00:00,119.26,120.9,118.27,119.05,10455
2025-10-06 20:00:00+00:00,119.06,119.87,118.73,119.18,6127
2025-10-07 00:00:00+00:00,119.04,119.04,117.16,118.15,3656
2025-10-07 04:00:00+00:00,118.15,118.53,117.29,118.06,3127
2025-10-07 08:00:00+00:00,118.06,118.8,116.87,117.66,5396
2025-10-07 12:00:00+00:00,117.58,118.57,117.33,118.53,4437
2025-10-07 16:00:00+00:00,118.49,118.78,114.73,115.87,15368
2025-10-07 20:00:00+00:00,115.87,116.58,114.92,116.4,7417
2025-10-08 00:00:00+00:00,116.29,117.53,116.04,117.29,6485
2025-10-08 04:00:00+00:00,117.28,117.82,115.8,116.3,7334
2025-10-08 08:00:00+00:00,116.3,116.3,114.78,115.99,5894
2025-10-08 12:00:00+00:00,115.99,116.86,115.25,116.16,6419
2025-10-08 16:00:00+00:00,116.16,117.23,115.4,117.13,8939
2025-10-08 20:00:00+00:00,117.13,119.06,117.07,117.48,7740
2025-10-09 00:00:00+00:00,117.64,118.84,117.19,118.43,1697
2025-10-09 04:00:00+00:00,118.43,119.22,116.32,118.76,4645
2025-10-09 08:00:00+00:00,118.73,119.13,114.84,115.18,6862
2025-10-09 12:00:00+00:00,115.18,118.05,115.04,117.68,7678
2025-10-09 16:00:00+00:00,117.66,118.65,115.04,115.34,13546
2025-10-09 20:00:00+00:00,115.28,118.98,115.12,118.36,5138
2025-10-10 00:00:00+00:00,118.62,128.92,118.14,127.91,10680
2025-10-10 04:00:00+00:00,127.91,132.23,126.54,129.18,12328
2025-10-10 08:00:00+00:00,129.18,131.25,125.43,128.54,11735
2025-10-10 12:00:00+00:00,128.55,132.73,128.01,132.69,11145
2025-10-10 16:00:00+00:00,132.69,135.18,124.51,124.73,20106
2025-10-10 20:00:00+00:00,124.73,127.91,122.52,124.15,15731
2025-10-11 00:00:00+00:00,95.6,101.64,83.1,95.87,14788
2025-10-11 04:00:00+00:00,95.87,102.05,93.64,100.2,10995
2025-10-11 08:00:00+00:00,100.21,100.41,96.5,98.99,11747
2025-10-11 12:00:00+00:00,98.98,100.24,96.0,96.93,9404
2025-10-11 16:00:00+00:00,96.88,97.22,94.8,95.77,8758
2025-10-11 20:00:00+00:00,95.73,97.6,90.66,91.24,7793
2025-10-12 00:00:00+00:00,90.73,93.84,89.56,91.27,5713
2025-10-12 04:00:00+00:00,91.27,94.35,91.27,94.0,6851
2025-10-12 08:00:00+00:00,94.0,96.14,93.4,95.07,6388
2025-10-12 12:00:00+00:00,95.07,95.66,93.5,95.43,3761
2025-10-12 16:00:00+00:00,95.44,99.45,93.67,98.59,9470
2025-10-12 20:00:00+00:00,98.59,101.66,97.93,100.25,9062
2025-10-13 00:00:00+00:00,100.31,100.74,97.5,97.77,7860
2025-10-13 04:00:00+00:00,97.74,99.62,97.11,98.0,8061
2025-10-13 08:00:00+00:00,97.97,98.12,95.22,97.71,9012
2025-10-13 12:00:00+00:00,97.71,98.16,94.34,96.28,9210
2025-10-13 16:00:00+00:00,96.27,98.13,95.23,97.85,25395
2025-10-13 20:00:00+00:00,97.85,100.7,97.76,100.67,19380
2025-10-14 00:00:00+00:00,100.39,100.92,98.49,99.77,12628
2025-10-14 04:00:00+00:00,99.77,100.02,95.84,96.27,13126
2025-10-14 08:00:00+00:00,96.27,97.13,91.29,93.89,23419
2025-10-14 12:00:00+00:00,93.88,94.56,90.48,91.72,21728
2025-10-14 16:00:00+00:00,91.72,95.8,90.71,94.83,25160
2025-10-14 20:00:00+00:00,94.85,97.86,93.65,97.46,20562
2025-10-15 00:00:00+00:00,97.42,98.02,96.08,97.07,16347
2025-10-15 04:00:00+00:00,97.07,97.87,95.69,97.18,14278
2025-10-15 08:00:00+00:00,97.18,99.43,96.75,98.22,13435
2025-10-15 12:00:00+00:00,98.22,98.41,95.94,96.57,15197
2025-10-15 16:00:00+00:00,96.56,97.42,93.07,93.62,24946
2025-10-15 20:00:00+00:00,93.64,94.9,92.86,93.84,18549
2025-10-16 00:00:00+00:00,93.83,95.2,93.03,94.65,17405
2025-10-16 04:00:00+00:00,94.66,95.89,93.85,93.99,16063
2025-10-16 08:00:00+00:00,93.99,95.09,92.75,93.7,14905
2025-10-16 12:00:00+00:00,93.7,96.43,91.57,95.69,18248
2025-10-16 16:00:00+00:00,95.7,95.85,90.1,92.63,24281
2025-10-16 20:00:00+00:00,92.63,92.68,89.14,89.65,22304
2025-10-17 00:00:00+00:00,89.9,91.97,89.43,91.78,16333
2025-10-17 04:00:00+00:00,91.81,92.57,91.09,91.36,16813
2025-10-17 08:00:00+00:00,91.4,91.54,83.72,84.39,22713
2025-10-17 12:00:00+00:00,84.39,87.99,83.77,87.79,22156
2025-10-17 16:00:00+00:00,87.79,90.36,86.93,89.91,22258
2025-10-17 20:00:00+00:00,89.91,91.0,88.71,90.8,19774
2025-10-18 00:00:00+00:00,90.46,90.81,89.47,90.01,9480
2025-10-18 04:00:00+00:00,90.01,90.85,89.4,89.69,12181
2025-10-18 08:00:00+00:00,89.7,91.39,89.67,90.26,11343
2025-10-18 12:00:00+00:00,90.26,91.13,90.22,90.36,4795
2025-10-18 16:00:00+00:00,90.36,90.83,89.51,90.54,6558
2025-10-18 20:00:00+00:00,90.54,91.71,90.27,91.54,7224
2025-10-19 00:00:00+00:00,91.48,91.55,90.26,90.55,7108
2025-10-19 04:00:00+00:00,90.56,92.1,90.29,91.43,8364
2025-10-19 08:00:00+00:00,91.41,92.12,90.51,90.72,10092
2025-10-19 12:00:00+00:00,90.71,93.29,90.21,93.05,17275
2025-10-19 16:00:00+00:00,93.05,94.12,92.39,93.54,17366
2025-10-19 20:00:00+00:00,93.56,94.31,93.26,93.78,12393
2025-10-20 00:00:00+00:00,93.7,93.88,91.75,92.63,11842
2025-10-20 04:00:00+00:00,92.63,94.47,91.81,94.19,15206
2025-10-20 08:00:00+00:00,94.2,95.31,93.38,94.28,13966
2025-10-20 12:00:00+00:00,94.3,94.57,92.9,94.29,15791
2025-10-20 16:00:00+00:00,94.29,95.25,92.7,94.03,18007
2025-10-20 20:00:00+00:00,94.0,95.04,92.53,94.62,14364
2025-10-21 00:00:00+00:00,94.65,94.75,92.74,92.96,12312
2025-10-21 04:00:00+00:00,92.96,93.3,91.04,91.38,13306
2025-10-21 08:00:00+00:00,91.37,92.74,91.27,91.66,11904
2025-10-21 12:00:00+00:00,91.66,93.41,90.64,92.48,11384
2025-10-21 16:00:00+00:00,92.48,96.27,91.91,95.1,19502
2025-10-21 20:00:00+00:00,95.1,96.49,93.94,95.24,18882
2025-10-22 00:00:00+00:00,95.3,95.36,91.23,91.91,17315
2025-10-22 04:00:00+00:00,91.91,92.96,91.48,92.65,13639
2025-10-22 08:00:00+00:00,92.66,92.78,91.17,91.92,13266
2025-10-22 12:00:00+00:00,91.93,92.46,89.87,92.4,13101
2025-10-22 16:00:00+00:00,92.4,94.0,91.16,93.87,18566
2025-10-22 20:00:00+00:00,93.81,94.46,91.25,92.05,19552
2025-10-23 00:00:00+00:00,91.56,92.1,89.39,91.96,16541
2025-10-23 04:00:00+00:00,91.99,92.45,90.86,91.71,13755
2025-10-23 08:00:00+00:00,91.71,93.46,91.04,93.08,13853
2025-10-23 12:00:00+00:00,93.08,93.48,92.07,92.75,13179
2025-10-23 16:00:00+00:00,92.75,94.09,92.35,93.98,18167
2025-10-23 20:00:00+00:00,93.97,94.29,92.44,92.56,14068
2025-10-24 00:00:00+00:00,92.98,94.09,92.83,93.97,11870
2025-10-24 04:00:00+00:00,93.96,94.89,93.64,94.76,14723
2025-10-24 08:00:00+00:00,94.76,96.18,94.5,95.87,15336
2025-10-24 12:00:00+00:00,95.87,96.78,94.62,95.95,14522
2025-10-24 16:00:00+00:00,95.94,96.0,94.4,95.07,16188
2025-10-24 20:00:00+00:00,95.07,96.35,94.88,96.31,12109
2025-10-25 00:00:00+00:00,96.5,96.54,95.58,95.97,8063
2025-10-25 04:00:00+00:00,95.97,96.48,95.56,95.77,10306
2025-10-25 08:00:00+00:00,95.76,96.45,95.39,95.88,10465
2025-10-25 12:00:00+00:00,95.88,95.96,95.16,95.65,10226
2025-10-25 16:00:00+00:00,95.89,95.96,95.43,95.68,10186
2025-10-25 20:00:00+00:00,95.67,96.35,95.59,96.2,2715
2025-10-26 00:00:00+00:00,96.2,96.55,95.96,96.38,11586
2025-10-26 04:00:00+00:00,96.37,96.47,95.81,96.17,11828
2025-10-26 08:00:00+00:00,96.18,97.32,96.05,97.18,9515
2025-10-26 12:00:00+00:00,97.18,99.13,97.01,98.97,14079
2025-10-26 16:00:00+00:00,98.97,99.05,97.98,98.59,12605
2025-10-26 20:00:00+00:00,98.59,98.87,98.18,98.44,10550
2025-10-27 00:00:00+00:00,98.43,100.42,98.34,99.63,14883
2025-10-27 04:00:00+00:00,99.63,100.37,99.36,99.96,13359
2025-10-27 08:00:00+00:00,99.96,100.69,98.38,98.8,14269
2025-10-27 12:00:00+00:00,98.8,98.84,97.85,98.16,12379
2025-10-27 16:00:00+00:00,98.15,102.56,97.63,102.2,18783
2025-10-27 20:00:00+00:00,102.19,102.45,99.71,99.83,14303
2025-10-28 00:00:00+00:00,100.06,100.22,98.15,99.16,11976
2025-10-28 04:00:00+00:00,99.18,100.23,98.4,99.48,15240
2025-10-28 08:00:00+00:00,99.48,106.26,98.64,101.81,20452
2025-10-28 12:00:00+00:00,101.81,102.13,100.4,101.8,15988
2025-10-28 16:00:00+00:00,101.8,102.29,96.64,98.84,21499
2025-10-28 20:00:00+00:00,98.83,99.52,95.39,96.23,18532
2025-10-29 00:00:00+00:00,96.21,96.97,94.81,96.06,17078
2025-10-29 04:00:00+00:00,96.05,96.6,95.72,96.24,12239
2025-10-29 08:00:00+00:00,96.25,98.3,96.18,97.2,13031
2025-10-29 12:00:00+00:00,97.21,98.92,96.8,98.79,14486
2025-10-29 16:00:00+00:00,98.78,100.17,97.17,98.41,20029
2025-10-29 20:00:00+00:00,98.41,99.2,95.23,98.6,21544
2025-10-30 00:00:00+00:00,98.71,99.37,97.34,98.76,15814
2025-10-30 04:00:00+00:00,98.76,99.26,95.16,95.86,19184
2025-10-30 08:00:00+00:00,95.86,98.49,95.72,97.44,16505
2025-10-30 12:00:00+00:00,97.44,97.56,94.36,95.07,16308
2025-10-30 16:00:00+00:00,95.08,95.3,91.16,91.99,21547
2025-10-30 20:00:00+00:00,92.0,92.03,89.89,91.41,20814
2025-10-31 00:00:00+00:00,91.34,93.56,91.25,93.36,17936
2025-10-31 04:00:00+00:00,93.34,94.29,92.61,93.98,17245
2025-10-31 08:00:00+00:00,93.98,94.13,93.2,94.11,15118
2025-10-31 12:00:00+00:00,94.1,94.8,93.41,94.15,14236
2025-10-31 16:00:00+00:00,94.16,95.52,93.88,94.02,18028
2025-10-31 20:00:00+00:00,94.01,95.74,93.39,94.9,15408
2025-11-01 00:00:00+00:00,95.08,95.3,94.48,94.96,7850
2025-11-01 04:00:00+00:00,94.97,95.9,94.69,95.65,11343
2025-11-01 08:00:00+00:00,95.66,98.84,95.06,97.71,14474
2025-11-01 12:00:00+00:00,97.72,98.64,97.27,98.38,11333
2025-11-01 16:00:00+00:00,98.39,99.2,97.89,98.66,14771
2025-11-01 20:00:00+00:00,98.67,99.94,98.35,99.53,11817
2025-11-02 00:00:00+00:00,99.61,101.34,99.14,100.23,13911
2025-11-02 04:00:00+00:00,100.23,100.42,98.85,99.57,13765
2025-11-02 08:00:00+00:00,99.57,100.58,99.11,99.97,13269
2025-11-02 12:00:00+00:00,99.99,100.69,98.27,98.72,15146
2025-11-02 16:00:00+00:00,98.73,98.76,96.98,97.62,16806
2025-11-02 20:00:00+00:00,97.62,98.31,97.25,98.08,11935
2025-11-03 00:00:00+00:00,97.9,99.24,97.08,97.33,13414
2025-11-03 04:00:00+00:00,97.33,97.49,92.67,93.15,17743
2025-11-03 08:00:00+00:00,93.15,93.46,91.53,91.88,16752
2025-11-03 12:00:00+00:00,91.88,92.3,90.83,91.47,15679
2025-11-03 16:00:00+00:00,91.47,92.26,84.8,89.45,23398
2025-11-03 20:00:00+00:00,89.44,89.49,85.68,86.79,20277
2025-11-04 00:00:00+00:00,86.55,88.8,85.46,88.73,15872
2025-11-04 04:00:00+00:00,88.72,90.63,84.67,84.77,17895
2025-11-04 08:00:00+00:00,84.77,87.55,84.75,86.4,19835
2025-11-04 12:00:00+00:00,86.4,87.28,85.07,86.17,16336
2025-11-04 16:00:00+00:00,86.17,88.46,83.31,85.03,23949
2025-11-04 20:00:00+00:00,85.02,85.04,78.64,82.41,26431
2025-11-05 00:00:00+00:00,83.12,85.45,81.48,84.01,21497
2025-11-05 04:00:00+00:00,83.99,87.17,83.76,86.43,19097
2025-11-05 08:00:00+00:00,86.43,86.84,85.25,86.14,16515
2025-11-05 12:00:00+00:00,86.13,87.04,84.8,86.8,17234
2025-11-05 16:00:00+00:00,86.79,88.04,85.37,87.62,19533
2025-11-05 20:00:00+00:00,87.64,88.91,87.27,88.28,16733
2025-11-06 00:00:00+00:00,88.02,89.44,87.02,87.88,15918
2025-11-06 04:00:00+00:00,87.87,88.64,85.69,86.73,15200
2025-11-06 08:00:00+00:00,86.72,87.23,85.98,86.66,15654
2025-11-06 12:00:00+00:00,86.66,87.99,85.64,87.82,8124
2025-11-06 16:00:00+00:00,87.82,87.87,84.74,86.99,12247
2025-11-06 20:00:00+00:00,86.99,87.57,85.91,86.75,8501
2025-11-07 00:00:00+00:00,86.8,88.1,85.74,87.69,7894
2025-11-07 04:00:00+00:00,87.69,89.69,87.18,89.66,7165
2025-11-07 08:00:00+00:00,89.65,90.28,87.97,88.53,5861
2025-11-07 12:00:00+00:00,88.53,88.98,85.38,87.23,9937
2025-11-07 16:00:00+00:00,87.22,104.1,86.15,103.34,22701
2025-11-07 20:00:00+00:00,103.35,104.23,99.09,101.58,13533
2025-11-08 00:00:00+00:00,102.49,103.08,99.43,102.03,7741
2025-11-08 04:00:00+00:00,102.03,102.15,99.29,99.6,8880
2025-11-08 08:00:00+00:00,99.6,100.21,97.84,98.69,8587
2025-11-08 12:00:00+00:00,98.69,100.32,97.6,99.08,8233
2025-11-08 16:00:00+00:00,99.08,99.7,97.53,99.3,11158
2025-11-08 20:00:00+00:00,99.31,100.76,99.14,100.59,6761
2025-11-09 00:00:00+00:00,100.72,109.27,100.63,104.52,13255
2025-11-09 04:00:00+00:00,104.52,104.52,98.85,99.93,10309
2025-11-09 08:00:00+00:00,99.92,101.42,99.32,99.32,7243
2025-11-09 12:00:00+00:00,99.32,105.95,98.24,104.34,15068
2025-11-09 16:00:00+00:00,104.34,109.31,103.8,104.63,16236
2025-11-09 20:00:00+00:00,104.63,112.92,103.98,110.34,14187
2025-11-10 00:00:00+00:00,110.26,112.99,108.36,109.42,15624
2025-11-10 04:00:00+00:00,109.42,110.14,106.57,108.49,10391
2025-11-10 08:00:00+00:00,108.49,108.49,106.28,107.87,8383
2025-11-10 12:00:00+00:00,107.87,107.97,105.59,106.92,8455
2025-11-10 16:00:00+00:00,106.92,109.19,104.7,107.4,14226
2025-11-10 20:00:00+00:00,107.4,107.84,102.97,104.27,8937
2025-11-11 00:00:00+00:00,103.96,106.44,102.27,103.98,9285
2025-11-11 04:00:00+00:00,103.98,105.34,102.61,102.75,10290
2025-11-11 08:00:00+00:00,102.75,103.29,101.36,101.78,8605
2025-11-11 12:00:00+00:00,101.78,102.59,100.78,101.12,7315
2025-11-11 16:00:00+00:00,101.13,102.4,98.92,100.04,10586
2025-11-11 20:00:00+00:00,100.04,100.46,98.57,98.95,7553
2025-11-12 00:00:00+00:00,98.68,100.23,98.62,98.89,7818
2025-11-12 04:00:00+00:00,98.89,99.55,98.3,99.21,5833
2025-11-12 08:00:00+00:00,99.21,102.21,98.78,101.29,7370
2025-11-12 12:00:00+00:00,101.29,103.76,101.17,103.35,8107
2025-11-12 16:00:00+00:00,103.35,103.4,94.64,95.63,16277
2025-11-12 20:00:00+00:00,95.63,98.26,94.36,97.7,12746
2025-11-13 00:00:00+00:00,97.75,98.85,96.78,98.36,7553
2025-11-13 04:00:00+00:00,98.36,100.59,97.16,100.55,9667
2025-11-13 08:00:00+00:00,100.55,101.24,98.44,99.09,8355
2025-11-13 12:00:00+00:00,99.11,100.67,98.63,100.24,6994
2025-11-13 16:00:00+00:00,100.24,102.17,94.97,95.21,16555
2025-11-13 20:00:00+00:00,95.21,95.51,93.05,94.59,14910
2025-11-14 00:00:00+00:00,94.39,96.98,94.29,95.16,10496
2025-11-14 04:00:00+00:00,95.16,96.35,92.77,95.63,11038
2025-11-14 08:00:00+00:00,95.63,98.48,94.58,95.09,12483
2025-11-14 12:00:00+00:00,95.09,96.14,93.54,94.64,13233
2025-11-14 16:00:00+00:00,94.64,97.46,93.15,95.97,15581
2025-11-14 20:00:00+00:00,95.97,99.57,95.89,98.07,11849
2025-11-15 00:00:00+00:00,98.29,101.39,95.54,101.24,8882
2025-11-15 04:00:00+00:00,101.24,105.85,100.78,103.36,10739
2025-11-15 08:00:00+00:00,103.36,104.38,101.05,101.87,7768
2025-11-15 12:00:00+00:00,101.87,108.87,100.88,105.87,11390
2025-11-15 16:00:00+00:00,105.87,106.51,101.61,102.74,9532
2025-11-15 20:00:00+00:00,102.74,103.46,101.01,101.31,5800
2025-11-16 00:00:00+00:00,101.32,102.13,99.52,100.0,6394
2025-11-16 04:00:00+00:00,100.01,102.78,99.31,101.32,7008
2025-11-16 08:00:00+00:00,101.32,102.14,100.75,101.96,5395
2025-11-16 12:00:00+00:00,101.95,101.98,99.56,100.03,7503
2025-11-16 16:00:00+00:00,100.03,100.64,94.49,95.02,11200
2025-11-16 20:00:00+00:00,95.01,96.55,94.35,95.18,9443
2025-11-17 00:00:00+00:00,94.78,97.0,93.68,95.84,10998
2025-11-17 04:00:00+00:00,95.84,97.31,95.59,96.37,6241
2025-11-17 08:00:00+00:00,96.37,96.92,95.65,95.71,5578
2025-11-17 12:00:00+00:00,95.71,96.55,93.15,93.66,6649
2025-11-17 16:00:00+00:00,93.66,96.79,92.82,92.88,16879
2025-11-17 20:00:00+00:00,92.95,93.66,90.14,91.06,13395
2025-11-18 00:00:00+00:00,90.91,91.63,89.84,91.33,9163
2025-11-18 04:00:00+00:00,91.32,93.84,90.21,93.35,12275
2025-11-18 08:00:00+00:00,93.35,95.86,92.79,95.57,10242
2025-11-18 12:00:00+00:00,95.56,95.76,93.7,95.25,7457
2025-11-18 16:00:00+00:00,95.25,96.91,94.19,95.57,12549
2025-11-18 20:00:00+00:00,95.57,95.97,94.04,94.26,5534
2025-11-19 00:00:00+00:00,94.49,96.02,94.19,94.76,6127
2025-11-19 04:00:00+00:00,94.77,95.15,91.73,92.41,6973
2025-11-19 08:00:00+00:00,92.41,94.41,92.27,93.07,6580
2025-11-19 12:00:00+00:00,93.07,93.6,92.2,92.27,5531
2025-11-19 16:00:00+00:00,92.27,93.99,88.82,89.44,13173
2025-11-19 20:00:00+00:00,89.44,92.09,88.27,91.88,11636
2025-11-20 00:00:00+00:00,91.52,92.95,91.07,92.81,5924
2025-11-20 04:00:00+00:00,92.81,93.22,92.13,92.26,4897
2025-11-20 08:00:00+00:00,92.26,92.65,91.56,91.98,4616
2025-11-20 12:00:00+00:00,91.98,92.48,91.3,91.3,5788
2025-11-20 16:00:00+00:00,91.3,92.06,85.42,86.49,16114
2025-11-20 20:00:00+00:00,86.49,87.44,85.52,87.2,9459
2025-11-21 00:00:00+00:00,87.31,88.42,86.47,87.42,7851
2025-11-21 04:00:00+00:00,87.42,87.5,85.6,86.28,10841
2025-11-21 08:00:00+00:00,86.28,86.62,80.4,82.52,13130
2025-11-21 12:00:00+00:00,82.52,83.13,79.42,82.84,14585
2025-11-21 16:00:00+00:00,82.84,83.92,80.4,82.79,15510
2025-11-21 20:00:00+00:00,82.78,83.35,80.84,82.36,11623
2025-11-22 00:00:00+00:00,81.44,83.3,79.77,83.3,6992
2025-11-22 04:00:00+00:00,83.3,83.34,81.12,81.7,8209
2025-11-22 08:00:00+00:00,81.7,82.98,80.7,81.33,8043
2025-11-22 12:00:00+00:00,81.33,82.53,80.5,80.7,6201
2025-11-22 16:00:00+00:00,81.34,81.83,80.36,81.46,6918
2025-11-22 20:00:00+00:00,81.45,82.0,80.75,81.29,5166
2025-11-23 00:00:00+00:00,81.14,82.86,81.04,82.71,6393
2025-11-23 04:00:00+00:00,82.71,83.82,82.4,83.24,6506
2025-11-23 08:00:00+00:00,83.24,83.46,81.95,82.71,3888
2025-11-23 12:00:00+00:00,82.7,83.33,82.02,83.33,4133
2025-11-23 16:00:00+00:00,83.32,83.61,82.35,82.47,6078
2025-11-23 20:00:00+00:00,82.47,83.85,82.47,83.8,4862
2025-11-24 00:00:00+00:00,83.59,83.8,81.65,82.77,7082
2025-11-24 04:00:00+00:00,82.77,84.39,82.48,83.7,7848
2025-11-24 08:00:00+00:00,83.7,83.9,82.06,82.56,6607
2025-11-24 12:00:00+00:00,82.56,83.06,81.92,82.36,5732
2025-11-24 16:00:00+00:00,82.36,86.36,81.74,86.25,10363
2025-11-24 20:00:00+00:00,86.25,86.73,85.24,85.5,6793
2025-11-25 00:00:00+00:00,85.75,86.03,84.88,85.32,4867
2025-11-25 04:00:00+00:00,85.32,85.51,84.07,84.3,4330
2025-11-25 08:00:00+00:00,84.3,84.45,82.98,83.95,4845
2025-11-25 12:00:00+00:00,83.95,83.95,82.91,83.13,4759
2025-11-25 16:00:00+00:00,83.12,85.99,82.53,85.66,8626
2025-11-25 20:00:00+00:00,85.65,86.19,83.97,84.37,6098
2025-11-26 00:00:00+00:00,83.98,85.64,83.62,85.21,4845
2025-11-26 04:00:00+00:00,85.21,85.3,83.87,84.67,3736
2025-11-26 08:00:00+00:00,84.67,84.91,84.04,84.29,3614
2025-11-26 12:00:00+00:00,84.29,84.67,83.06,83.96,4602
2025-11-26 16:00:00+00:00,83.95,85.73,82.76,85.64,7253
2025-11-26 20:00:00+00:00,85.64,86.94,85.58,86.5,5299
2025-11-27 00:00:00+00:00,86.24,87.18,85.82,86.35,3703
2025-11-27 04:00:00+00:00,86.34,86.65,85.49,85.91,3684
2025-11-27 08:00:00+00:00,85.91,86.79,85.52,86.52,3040
2025-11-27 12:00:00+00:00,86.51,86.76,85.5,86.08,3517
2025-11-27 16:00:00+00:00,86.08,87.1,85.92,86.63,4542
2025-11-27 20:00:00+00:00,86.63,87.23,86.47,86.82,2766
2025-11-28 00:00:00+00:00,86.87,86.88,84.53,84.55,3538
2025-11-28 04:00:00+00:00,84.55,85.03,84.16,84.69,3955
2025-11-28 08:00:00+00:00,84.69,85.66,83.91,85.2,3910
2025-11-28 12:00:00+00:00,85.19,85.48,84.08,85.16,4050
2025-11-28 16:00:00+00:00,85.15,86.26,83.02,83.19,6657
2025-11-28 20:00:00+00:00,83.19,84.34,82.64,83.95,3677
2025-11-29 00:00:00+00:00,84.05,84.48,83.61,84.1,2212
2025-11-29 04:00:00+00:00,84.1,85.21,83.74,84.35,2725
2025-11-29 08:00:00+00:00,84.35,84.51,83.51,83.95,3292
2025-11-29 12:00:00+00:00,83.95,84.22,83.5,83.72,3030
2025-11-29 16:00:00+00:00,83.72,84.16,83.01,83.04,3715
2025-11-29 20:00:00+00:00,83.04,83.76,82.71,83.56,3013
2025-11-30 00:00:00+00:00,83.51,83.88,83.24,83.79,2220
2025-11-30 04:00:00+00:00,83.79,84.04,82.93,83.27,2421
2025-11-30 08:00:00+00:00,83.27,84.2,83.17,83.82,2574
2025-11-30 12:00:00+00:00,83.82,84.3,83.28,84.29,2747
2025-11-30 16:00:00+00:00,84.29,84.33,83.26,83.82,2730
2025-11-30 20:00:00+00:00,83.82,83.85,83.07,83.33,2252
2025-12-01 00:00:00+00:00,83.43,83.71,77.39,77.97,9576
2025-12-01 04:00:00+00:00,77.97,78.47,76.45,76.77,6410
2025-12-01 08:00:00+00:00,76.77,77.65,76.49,77.15,4466
2025-12-01 12:00:00+00:00,77.15,77.42,75.25,76.04,4704
2025-12-01 16:00:00+00:00,76.04,76.82,74.16,75.09,8840
2025-12-01 20:00:00+00:00,75.09,76.83,75.01,76.77,5616
2025-12-02 00:00:00+00:00,77.13,77.99,76.7,77.07,4368
2025-12-02 04:00:00+00:00,77.07,77.53,76.79,76.98,3421
2025-12-02 08:00:00+00:00,76.98,77.6,76.79,77.34,3293
2025-12-02 12:00:00+00:00,77.34,78.95,77.34,78.85,4049
2025-12-02 16:00:00+00:00,78.85,82.51,78.65,81.69,9274
2025-12-02 20:00:00+00:00,81.69,82.71,81.64,82.6,4422
2025-12-03 00:00:00+00:00,82.72,82.95,82.03,82.72,3532
2025-12-03 04:00:00+00:00,82.73,85.46,82.7,84.6,4582
2025-12-03 08:00:00+00:00,84.6,85.07,84.22,84.74,4251
2025-12-03 12:00:00+00:00,84.74,85.37,84.39,84.66,4280
2025-12-03 16:00:00+00:00,84.66,85.44,83.19,84.95,8256
2025-12-03 20:00:00+00:00,84.95,86.06,84.77,86.06,4153
2025-12-04 00:00:00+00:00,86.06,86.24,84.99,85.58,4276
2025-12-04 04:00:00+00:00,85.58,86.03,85.11,85.47,2652
2025-12-04 08:00:00+00:00,85.47,85.65,84.12,84.4,3193
2025-12-04 12:00:00+00:00,84.4,84.64,83.46,83.53,3243
2025-12-04 16:00:00+00:00,83.53,84.33,82.8,83.21,5665
2025-12-04 20:00:00+00:00,83.21,83.65,81.66,83.06,4919
2025-12-05 00:00:00+00:00,83.32,83.52,82.87,83.16,2897
2025-12-05 04:00:00+00:00,83.16,83.62,82.58,82.81,2770
2025-12-05 08:00:00+00:00,82.81,83.42,81.53,81.65,3181
2025-12-05 12:00:00+00:00,81.64,82.1,81.14,81.6,3481
2025-12-05 16:00:00+00:00,81.6,82.47,79.29,80.02,8813
2025-12-05 20:00:00+00:00,80.02,80.63,79.12,79.45,5108
2025-12-06 00:00:00+00:00,79.79,80.14,79.4,79.8,1749
2025-12-06 04:00:00+00:00,79.8,80.39,79.6,79.78,2159
2025-12-06 08:00:00+00:00,79.78,80.16,79.41,80.0,2506
2025-12-06 12:00:00+00:00,80.0,81.2,79.85,81.04,2222
2025-12-06 16:00:00+00:00,81.05,81.51,80.33,81.15,3402
2025-12-06 20:00:00+00:00,81.15,81.98,80.85,81.37,3390
2025-12-07 00:00:00+00:00,81.33,81.8,80.78,81.53,2313
2025-12-07 04:00:00+00:00,81.53,81.86,81.41,81.61,1631
2025-12-07 08:00:00+00:00,81.61,82.24,80.96,81.08,2748
2025-12-07 12:00:00+00:00,81.08,81.87,80.84,81.22,3050
2025-12-07 16:00:00+00:00,81.22,82.66,79.4,82.52,8158
2025-12-07 20:00:00+00:00,82.52,83.23,80.79,80.99,3539
2025-12-08 00:00:00+00:00,80.68,82.45,79.63,81.58,5891
2025-12-08 04:00:00+00:00,81.58,82.93,81.35,82.78,3536
2025-12-08 08:00:00+00:00,82.78,83.65,82.41,83.3,3936
2025-12-08 12:00:00+00:00,83.3,83.49,82.75,82.98,3515
2025-12-08 16:00:00+00:00,82.97,83.58,82.22,83.37,7654
2025-12-08 20:00:00+00:00,83.37,83.95,82.48,83.86,5071
2025-12-09 00:00:00+00:00,83.69,83.86,82.77,82.98,3147
2025-12-09 04:00:00+00:00,82.98,83.32,82.04,82.37,3076
2025-12-09 08:00:00+00:00,82.36,83.31,81.94,82.84,3043
2025-12-09 12:00:00+00:00,82.85,84.24,82.29,84.0,3997
2025-12-09 16:00:00+00:00,83.99,87.01,82.96,86.13,11236
2025-12-09 20:00:00+00:00,86.13,86.42,84.34,84.88,6023
2025-12-10 00:00:00+00:00,85.03,85.94,84.41,84.62,4129
2025-12-10 04:00:00+00:00,84.61,84.76,83.76,84.0,2956
2025-12-10 08:00:00+00:00,84.01,84.16,83.46,84.14,2492
2025-12-10 12:00:00+00:00,84.13,84.54,83.24,83.87,3933
2025-12-10 16:00:00+00:00,83.87,84.61,83.4,84.32,5731
2025-12-10 20:00:00+00:00,84.32,86.57,83.85,84.36,12342
2025-12-11 00:00:00+00:00,84.51,84.9,81.01,81.05,6744
2025-12-11 04:00:00+00:00,81.05,81.19,79.8,81.07,6451
2025-12-11 08:00:00+00:00,81.07,81.07,79.95,80.5,3774
2025-12-11 12:00:00+00:00,80.5,80.59,80.0,80.46,3114
2025-12-11 16:00:00+00:00,80.47,81.26,80.05,80.87,7484
2025-12-11 20:00:00+00:00,80.87,83.0,80.71,82.74,8228
2025-12-12 00:00:00+00:00,82.85,82.87,81.73,82.34,4910
2025-12-12 04:00:00+00:00,82.35,82.89,82.04,82.65,3122
2025-12-12 08:00:00+00:00,82.66,83.47,82.61,83.44,2703
2025-12-12 12:00:00+00:00,83.43,83.96,83.31,83.57,2886
2025-12-12 16:00:00+00:00,83.57,83.89,79.99,81.04,10040
2025-12-12 20:00:00+00:00,81.03,81.72,80.6,81.34,4821
2025-12-13 00:00:00+00:00,81.55,81.66,81.25,81.58,1643
2025-12-13 04:00:00+00:00,81.58,81.93,81.51,81.69,1819
2025-12-13 08:00:00+00:00,81.69,81.77,81.11,81.34,2679
2025-12-13 12:00:00+00:00,81.33,81.54,80.82,80.89,1879
2025-12-13 16:00:00+00:00,80.89,81.49,80.72,81.09,2288
2025-12-13 20:00:00+00:00,81.1,81.16,80.28,80.77,1846
2025-12-14 00:00:00+00:00,80.83,81.49,80.66,81.01,2271
2025-12-14 04:00:00+00:00,81.02,81.28,80.42,80.56,2272
2025-12-14 08:00:00+00:00,80.56,80.75,80.2,80.41,2704
2025-12-14 12:00:00+00:00,80.41,80.49,78.93,79.79,5610
2025-12-14 16:00:00+00:00,79.79,79.91,78.27,78.44,5205
2025-12-14 20:00:00+00:00,78.45,79.02,77.56,77.75,3680
2025-12-15 00:00:00+00:00,78.02,79.9,77.49,79.86,6334
2025-12-15 04:00:00+00:00,79.86,80.68,79.54,80.64,3907
2025-12-15 08:00:00+00:00,80.65,80.79,79.99,80.49,3242
2025-12-15 12:00:00+00:00,80.5,80.89,79.88,80.09,3483
2025-12-15 16:00:00+00:00,80.09,80.6,75.87,75.93,13172
2025-12-15 20:00:00+00:00,75.93,76.92,75.26,76.47,8100
2025-12-16 00:00:00+00:00,76.37,77.28,76.31,76.67,4720
2025-12-16 04:00:00+00:00,76.67,77.45,75.94,76.83,5445
2025-12-16 08:00:00+00:00,76.83,77.56,76.56,77.05,4491
2025-12-16 12:00:00+00:00,77.05,78.66,76.96,77.1,6313
2025-12-16 16:00:00+00:00,77.09,79.02,76.66,78.24,9397
2025-12-16 20:00:00+00:00,78.24,79.09,78.04,78.76,4316
2025-12-17 00:00:00+00:00,78.82,79.22,78.29,78.73,2578
2025-12-17 04:00:00+00:00,78.72,78.97,77.9,78.7,3421
2025-12-17 08:00:00+00:00,78.7,78.86,77.53,77.58,3586
2025-12-17 12:00:00+00:00,77.58,78.83,77.36,78.72,4159
2025-12-17 16:00:00+00:00,78.73,80.48,75.5,75.86,14447
2025-12-17 20:00:00+00:00,75.86,76.42,74.61,75.07,8353
2025-12-18 00:00:00+00:00,74.98,75.75,74.8,75.14,4123
2025-12-18 04:00:00+00:00,75.14,75.88,74.32,74.39,5059
2025-12-18 08:00:00+00:00,74.39,75.81,74.25,75.4,5560
2025-12-18 12:00:00+00:00,75.42,77.6,75.27,77.57,6004
2025-12-18 16:00:00+00:00,77.57,77.99,73.05,74.58,12638
2025-12-18 20:00:00+00:00,74.58,75.19,72.11,73.97,10930
2025-12-19 00:00:00+00:00,74.02,74.12,73.12,73.33,4874
2025-12-19 04:00:00+00:00,73.33,75.67,73.0,75.03,6973
2025-12-19 08:00:00+00:00,75.03,75.98,74.68,75.52,5011
2025-12-19 12:00:00+00:00,75.52,75.94,75.33,75.66,3804
2025-12-19 16:00:00+00:00,75.66,76.87,75.31,75.46,10357
2025-12-19 20:00:00+00:00,75.47,77.43,75.46,76.95,6303
2025-12-20 00:00:00+00:00,77.13,77.17,76.71,76.75,1960
2025-12-20 04:00:00+00:00,76.75,76.89,75.87,76.19,2352
2025-12-20 08:00:00+00:00,76.19,77.18,76.12,76.96,2500
2025-12-20 12:00:00+00:00,76.96,77.04,76.1,76.47,2537
2025-12-20 16:00:00+00:00,76.47,76.49,76.05,76.4,2488
2025-12-20 20:00:00+00:00,76.41,77.38,76.31,77.34,2071
2025-12-21 00:00:00+00:00,77.43,78.84,76.69,76.69,3132
2025-12-21 04:00:00+00:00,76.69,76.93,76.26,76.55,2739
2025-12-21 08:00:00+00:00,76.56,77.28,76.36,77.11,2780
2025-12-21 12:00:00+00:00,77.13,77.36,74.93,75.1,4679
2025-12-21 16:00:00+00:00,75.1,76.15,75.04,75.71,4565
2025-12-21 20:00:00+00:00,75.71,76.22,75.36,75.52,3588
2025-12-22 00:00:00+00:00,75.5,77.69,75.49,76.65,6352
2025-12-22 04:00:00+00:00,76.65,77.74,75.9,77.05,5496
2025-12-22 08:00:00+00:00,77.05,77.77,76.86,77.33,4889
2025-12-22 12:00:00+00:00,77.33,77.76,77.13,77.55,4429
2025-12-22 16:00:00+00:00,77.55,78.93,77.18,77.98,8384
2025-12-22 20:00:00+00:00,77.99,78.24,75.79,76.15,5980
2025-12-23 00:00:00+00:00,76.13,76.87,75.99,76.33,3875
2025-12-23 04:00:00+00:00,76.33,76.54,75.59,76.41,5064
2025-12-23 08:00:00+00:00,76.41,76.45,75.75,76.03,4033
2025-12-23 12:00:00+00:00,76.03,76.53,75.66,75.82,3950
2025-12-23 16:00:00+00:00,75.82,77.16,74.98,75.95,7956
2025-12-23 20:00:00+00:00,75.95,77.39,75.86,76.54,5542
2025-12-24 00:00:00+00:00,76.54,76.85,76.04,76.53,4017
2025-12-24 04:00:00+00:00,76.53,76.53,75.13,75.24,3495
2025-12-24 08:00:00+00:00,75.24,75.48,74.73,75.19,3206
2025-12-24 12:00:00+00:00,75.19,76.11,75.16,75.98,3297
2025-12-24 16:00:00+00:00,75.98,76.26,74.66,75.01,7605
2025-12-24 20:00:00+00:00,75.0,75.36,74.81,74.98,3067
2025-12-25 00:00:00+00:00,74.98,75.57,74.97,75.39,3319
2025-12-25 04:00:00+00:00,75.4,75.91,75.21,75.74,3223
2025-12-25 08:00:00+00:00,75.74,76.73,75.67,76.29,3352
2025-12-25 12:00:00+00:00,76.28,76.29,75.38,75.72,3712
2025-12-25 16:00:00+00:00,75.71,76.85,75.49,76.59,4024
2025-12-25 20:00:00+00:00,76.58,77.0,76.46,76.46,2772
2025-12-26 00:00:00+00:00,76.49,76.49,74.8,75.78,4948
2025-12-26 04:00:00+00:00,75.76,77.33,75.61,77.3,5208
2025-12-26 08:00:00+00:00,77.3,77.41,76.18,76.66,3777
2025-12-26 12:00:00+00:00,76.67,76.89,76.38,76.83,2845
2025-12-26 16:00:00+00:00,76.83,76.93,74.91,75.93,7618
2025-12-26 20:00:00+00:00,75.92,76.63,75.89,76.2,2850
2025-12-27 00:00:00+00:00,76.09,76.53,76.04,76.45,1844
2025-12-27 04:00:00+00:00,76.45,77.08,76.36,76.76,1847
2025-12-27 08:00:00+00:00,76.76,76.93,76.46,76.76,1713
2025-12-27 12:00:00+00:00,76.76,77.74,76.45,77.61,3148
2025-12-27 16:00:00+00:00,77.62,78.56,77.53,78.35,3135
2025-12-27 20:00:00+00:00,78.35,79.11,78.1,78.96,2222
2025-12-28 00:00:00+00:00,78.92,80.0,78.67,79.29,3319
2025-12-28 04:00:00+00:00,79.29,79.33,78.5,78.55,2700
2025-12-28 08:00:00+00:00,78.55,79.49,78.54,78.74,3066
2025-12-28 12:00:00+00:00,78.75,78.95,78.33,78.43,2732
2025-12-28 16:00:00+00:00,78.43,79.11,78.43,78.85,3568
2025-12-28 20:00:00+00:00,78.86,78.89,77.29,77.54,4739
2025-12-29 00:00:00+00:00,77.55,78.99,77.35,78.69,4863
2025-12-29 04:00:00+00:00,78.7,79.63,78.33,78.94,5651
2025-12-29 08:00:00+00:00,78.94,79.31,77.02,77.56,4188
2025-12-29 12:00:00+00:00,77.55,77.86,76.3,76.82,6123
2025-12-29 16:00:00+00:00,76.82,77.92,76.7,77.66,7271
2025-12-29 20:00:00+00:00,77.66,77.75,76.78,77.65,4669
2025-12-30 00:00:00+00:00,77.62,77.99,77.24,77.74,2756
2025-12-30 04:00:00+00:00,77.73,77.94,77.07,77.55,3412
2025-12-30 08:00:00+00:00,77.55,78.2,77.33,77.5,3359
2025-12-30 12:00:00+00:00,77.5,77.71,77.12,77.62,2866
2025-12-30 16:00:00+00:00,77.61,78.16,77.21,77.46,5894
2025-12-30 20:00:00+00:00,77.46,77.65,77.03,77.37,2953
2025-12-31 00:00:00+00:00,77.41,78.42,77.3,77.58,3060
2025-12-31 04:00:00+00:00,77.58,77.69,77.21,77.55,2372
2025-12-31 08:00:00+00:00,77.55,77.82,77.17,77.42,2349
2025-12-31 12:00:00+00:00,77.42,77.71,77.26,77.6,2389
2025-12-31 16:00:00+00:00,77.59,77.88,75.74,75.83,5975
2025-12-31 20:00:00+00:00,75.83,76.35,75.44,76.19,3630
2026-01-01 00:00:00+00:00,76.13,76.71,76.12,76.64,2265
2026-01-01 04:00:00+00:00,76.65,76.67,76.05,76.56,2315
2026-01-01 08:00:00+00:00,76.56,76.99,76.45,76.96,1932
2026-01-01 12:00:00+00:00,76.96,77.41,76.78,77.38,1649
2026-01-01 16:00:00+00:00,77.38,78.57,77.29,78.33,4490
2026-01-01 20:00:00+00:00,78.34,79.04,78.29,79.03,3441
2026-01-02 00:00:00+00:00,79.14,79.39,78.44,78.77,2915
2026-01-02 04:00:00+00:00,78.77,79.72,78.57,79.23,3362
2026-01-02 08:00:00+00:00,79.23,79.91,78.58,79.64,3628
2026-01-02 12:00:00+00:00,79.64,79.9,78.84,79.45,4086
2026-01-02 16:00:00+00:00,79.45,81.06,79.05,80.74,9311
2026-01-02 20:00:00+00:00,80.74,81.27,80.3,81.24,4077
2026-01-03 00:00:00+00:00,81.59,82.01,81.22,82.0,2632
2026-01-03 04:00:00+00:00,82.0,82.26,81.4,82.01,3880
2026-01-03 08:00:00+00:00,82.0,82.25,80.51,80.85,5215
2026-01-03 12:00:00+00:00,80.86,81.37,80.61,81.26,3010
2026-01-03 16:00:00+00:00,81.26,81.8,80.2,81.69,3352
2026-01-03 20:00:00+00:00,81.69,81.99,81.38,81.62,2705
2026-01-04 00:00:00+00:00,81.58,82.15,81.43,81.71,4022
2026-01-04 04:00:00+00:00,81.72,82.18,81.51,82.0,3170
2026-01-04 08:00:00+00:00,82.0,82.26,81.17,81.99,3274
2026-01-04 12:00:00+00:00,81.98,82.51,81.53,82.11,3827
2026-01-04 16:00:00+00:00,82.11,82.61,81.62,82.35,3916
2026-01-04 20:00:00+00:00,82.35,82.44,81.1,81.37,3884
2026-01-05 00:00:00+00:00,81.56,82.99,81.25,82.74,7518
2026-01-05 04:00:00+00:00,82.74,83.07,80.89,81.17,5681
2026-01-05 08:00:00+00:00,81.17,81.94,80.92,81.31,4888
2026-01-05 12:00:00+00:00,81.31,81.67,81.05,81.34,4860
2026-01-05 16:00:00+00:00,81.34,83.1,81.12,82.77,8792
2026-01-05 20:00:00+00:00,82.77,84.02,82.47,83.17,6470
2026-01-06 00:00:00+00:00,83.06,83.72,82.29,82.84,5126
2026-01-06 04:00:00+00:00,82.84,83.47,82.75,82.86,4824
2026-01-06 08:00:00+00:00,82.86,83.45,82.28,82.53,4641
2026-01-06 12:00:00+00:00,82.53,83.81,82.38,83.36,4007
2026-01-06 16:00:00+00:00,83.37,84.31,80.65,80.84,11273
2026-01-06 20:00:00+00:00,80.83,83.57,80.63,83.2,7102
2026-01-07 00:00:00+00:00,83.35,83.55,82.14,82.31,4965
2026-01-07 04:00:00+00:00,82.31,83.21,82.14,82.42,4105
2026-01-07 08:00:00+00:00,82.42,83.35,81.99,82.21,5068
2026-01-07 12:00:00+00:00,82.21,82.45,81.51,81.9,4492
2026-01-07 16:00:00+00:00,81.9,81.92,80.57,80.87,8593
2026-01-07 20:00:00+00:00,80.86,81.22,80.38,80.93,5597
2026-01-08 00:00:00+00:00,80.74,81.69,80.63,81.55,3792
2026-01-08 04:00:00+00:00,81.56,81.7,80.6,81.09,4155
2026-01-08 08:00:00+00:00,81.1,81.19,79.69,79.99,6193
2026-01-08 12:00:00+00:00,79.99,80.52,79.61,80.04,5212
2026-01-08 16:00:00+00:00,80.04,81.05,79.39,81.02,8685
2026-01-08 20:00:00+00:00,81.02,81.06,79.87,80.78,4277
2026-01-09 00:00:00+00:00,80.81,81.49,80.55,80.78,3289
2026-01-09 04:00:00+00:00,80.78,81.35,80.59,81.0,3279
2026-01-09 08:00:00+00:00,81.0,81.29,79.94,80.43,4096
2026-01-09 12:00:00+00:00,80.42,80.98,80.31,80.39,3395
2026-01-09 16:00:00+00:00,80.38,81.38,79.33,81.24,9119
2026-01-09 20:00:00+00:00,81.24,81.31,80.15,80.74,5145
2026-01-10 00:00:00+00:00,80.87,81.04,80.62,80.92,1791
2026-01-10 04:00:00+00:00,80.92,80.95,80.18,80.38,2067
2026-01-10 08:00:00+00:00,80.38,81.07,80.22,81.05,2176
2026-01-10 12:00:00+00:00,81.03,81.68,80.86,81.51,2069
2026-01-10 16:00:00+00:00,81.51,81.79,80.39,80.45,2443
2026-01-10 20:00:00+00:00,80.46,80.81,80.44,80.49,1462
2026-01-11 00:00:00+00:00,80.43,80.84,80.27,80.79,1878
2026-01-11 04:00:00+00:00,80.8,81.13,80.63,80.82,1687
2026-01-11 08:00:00+00:00,80.81,80.86,80.42,80.65,2024
2026-01-11 12:00:00+00:00,80.64,80.86,80.25,80.29,2050
2026-01-11 16:00:00+00:00,80.29,80.65,79.78,80.04,3091
2026-01-11 20:00:00+00:00,80.04,80.21,78.58,78.69,3179
2026-01-12 00:00:00+00:00,78.41,78.86,77.11,78.05,7101
2026-01-12 04:00:00+00:00,78.05,80.11,77.88,79.41,5997
2026-01-12 08:00:00+00:00,79.41,79.57,77.23,77.55,5286
2026-01-12 12:00:00+00:00,77.56,77.73,75.01,75.58,5496
2026-01-12 16:00:00+00:00,75.59,77.14,75.52,76.41,9021
2026-01-12 20:00:00+00:00,76.41,76.44,75.34,75.67,5068
2026-01-13 00:00:00+00:00,75.93,76.15,75.16,75.65,4233
2026-01-13 04:00:00+00:00,75.65,76.17,75.3,75.89,4531
2026-01-13 08:00:00+00:00,75.88,76.56,75.37,75.56,4609
2026-01-13 12:00:00+00:00,75.56,76.3,74.69,75.77,5515
2026-01-13 16:00:00+00:00,75.77,77.39,75.41,76.12,9260
2026-01-13 20:00:00+00:00,76.12,76.95,75.38,76.68,7180
2026-01-14 00:00:00+00:00,76.47,78.4,76.45,77.54,9422
2026-01-14 04:00:00+00:00,77.54,78.85,77.36,78.11,6223
2026-01-14 08:00:00+00:00,78.11,79.01,77.53,78.15,4776
2026-01-14 12:00:00+00:00,78.14,78.63,77.23,78.05,5265
2026-01-14 16:00:00+00:00,78.05,80.39,77.54,77.74,11811
2026-01-14 20:00:00+00:00,77.74,78.11,76.48,76.99,8833
2026-01-15 00:00:00+00:00,77.1,77.42,75.11,75.46,6653
2026-01-15 04:00:00+00:00,75.46,75.71,72.57,74.12,8418
2026-01-15 08:00:00+00:00,74.12,76.34,73.59,75.49,6448
2026-01-15 12:00:00+00:00,75.5,75.69,74.74,75.17,5111
2026-01-15 16:00:00+00:00,75.18,75.26,69.03,72.04,11879
2026-01-15 20:00:00+00:00,72.05,72.25,70.62,71.57,6372
2026-01-16 00:00:00+00:00,71.64,72.01,71.0,71.44,3805
2026-01-16 04:00:00+00:00,71.43,72.07,70.73,71.55,4064
2026-01-16 08:00:00+00:00,71.56,72.16,71.3,71.63,2844
2026-01-16 12:00:00+00:00,71.63,72.37,71.35,71.95,3001
2026-01-16 16:00:00+00:00,71.95,72.43,70.42,72.0,7363
2026-01-16 20:00:00+00:00,72.01,74.47,71.97,74.45,6629
2026-01-17 00:00:00+00:00,74.29,75.52,74.1,74.24,4591
2026-01-17 04:00:00+00:00,74.24,74.34,73.3,74.14,2477
2026-01-17 08:00:00+00:00,74.15,74.68,73.82,74.3,2735
2026-01-17 12:00:00+00:00,74.3,74.5,73.41,73.95,2869
2026-01-17 16:00:00+00:00,73.96,74.53,73.79,74.13,3577
2026-01-17 20:00:00+00:00,74.12,74.8,74.0,74.42,2198
2026-01-18 00:00:00+00:00,74.39,74.65,73.74,73.95,3122
2026-01-18 04:00:00+00:00,73.96,74.59,73.83,74.47,2681
2026-01-18 08:00:00+00:00,74.47,75.17,74.06,75.15,3115
2026-01-18 12:00:00+00:00,75.15,75.32,74.13,74.29,3808
2026-01-18 16:00:00+00:00,74.29,74.7,73.8,74.66,3450
2026-01-18 20:00:00+00:00,74.66,75.0,74.42,74.55,3055
2026-01-19 00:00:00+00:00,74.58,74.71,64.85,69.01,12265
2026-01-19 04:00:00+00:00,69.02,69.79,68.9,69.67,4651
2026-01-19 08:00:00+00:00,69.66,70.7,69.32,69.56,4137
2026-01-19 12:00:00+00:00,69.56,69.97,69.11,69.46,3465
2026-01-19 16:00:00+00:00,69.47,70.92,69.37,70.56,4742
2026-01-19 20:00:00+00:00,70.57,71.17,70.35,70.63,2654
2026-01-20 00:00:00+00:00,70.76,70.87,69.63,69.97,4369
2026-01-20 04:00:00+00:00,69.97,70.17,69.37,69.94,3818
2026-01-20 08:00:00+00:00,69.94,70.07,68.37,68.96,6233
2026-01-20 12:00:00+00:00,68.96,69.33,68.31,68.41,3995
2026-01-20 16:00:00+00:00,68.41,69.47,67.23,67.52,9616
2026-01-20 20:00:00+00:00,67.51,67.74,66.32,66.56,6616
2026-01-21 00:00:00+00:00,66.63,67.92,65.28,67.85,5701
2026-01-21 04:00:00+00:00,67.84,68.78,67.82,68.6,3623
2026-01-21 08:00:00+00:00,68.59,68.65,67.41,67.99,3008
2026-01-21 12:00:00+00:00,67.99,68.28,66.66,67.01,4347
2026-01-21 16:00:00+00:00,67.0,68.72,65.46,66.02,11328
2026-01-21 20:00:00+00:00,66.02,68.87,65.98,68.75,8358
2026-01-22 00:00:00+00:00,68.88,69.13,67.74,68.82,3626
2026-01-22 04:00:00+00:00,68.82,69.03,67.92,68.02,2715
2026-01-22 08:00:00+00:00,68.01,68.36,67.44,68.35,2298
2026-01-22 12:00:00+00:00,68.35,68.38,67.76,67.95,2201
2026-01-22 16:00:00+00:00,67.95,68.04,66.82,67.74,4866
2026-01-22 20:00:00+00:00,67.73,67.83,67.28,67.42,3015
2026-01-23 00:00:00+00:00,67.38,68.9,67.15,68.9,2754
2026-01-23 04:00:00+00:00,68.9,69.01,68.27,68.42,3283
2026-01-23 08:00:00+00:00,68.43,68.56,67.49,67.67,4061
2026-01-23 12:00:00+00:00,67.67,67.99,67.31,67.4,2553
2026-01-23 16:00:00+00:00,67.4,68.59,66.38,68.01,8130
2026-01-23 20:00:00+00:00,68.0,68.4,66.48,66.97,5426
2026-01-24 00:00:00+00:00,67.32,67.63,67.25,67.49,1380
2026-01-24 04:00:00+00:00,67.49,68.22,67.48,68.06,1843
2026-01-24 08:00:00+00:00,68.07,68.25,67.84,67.92,1402
2026-01-24 12:00:00+00:00,67.92,68.29,67.74,68.05,1134
2026-01-24 16:00:00+00:00,68.04,68.34,67.12,67.46,2013
2026-01-24 20:00:00+00:00,67.46,67.57,67.18,67.38,1477
2026-01-25 00:00:00+00:00,67.34,68.0,67.34,67.57,1473
2026-01-25 04:00:00+00:00,67.56,68.19,67.21,68.08,1694
2026-01-25 08:00:00+00:00,68.08,68.67,67.67,68.51,2834
2026-01-25 12:00:00+00:00,68.5,69.72,68.45,69.59,4828
2026-01-25 16:00:00+00:00,69.59,69.66,66.75,67.03,8020
2026-01-25 20:00:00+00:00,67.03,67.2,64.64,66.11,8538
2026-01-26 00:00:00+00:00,66.22,67.56,65.54,67.38,6376
2026-01-26 04:00:00+00:00,67.39,67.5,66.63,67.11,3203
2026-01-26 08:00:00+00:00,67.11,68.22,66.99,67.36,3428
2026-01-26 12:00:00+00:00,67.36,67.99,67.34,67.83,2459
2026-01-26 16:00:00+00:00,67.84,69.41,67.66,68.59,8391
2026-01-26 20:00:00+00:00,68.58,69.33,68.21,68.88,4298
2026-01-27 00:00:00+00:00,68.96,69.51,68.72,69.3,3135
2026-01-27 04:00:00+00:00,69.3,69.48,68.7,69.03,2547
2026-01-27 08:00:00+00:00,69.02,69.06,68.47,68.64,2461
2026-01-27 12:00:00+00:00,68.64,68.91,68.03,68.33,2402
2026-01-27 16:00:00+00:00,68.33,69.62,68.28,68.72,6828
2026-01-27 20:00:00+00:00,68.72,69.6,68.53,69.44,5278
2026-01-28 00:00:00+00:00,69.54,69.83,69.03,69.25,3371
2026-01-28 04:00:00+00:00,69.26,69.33,68.57,69.04,3199
2026-01-28 08:00:00+00:00,69.04,69.39,68.67,69.19,3280
2026-01-28 12:00:00+00:00,69.2,69.44,68.79,69.17,3820
2026-01-28 16:00:00+00:00,69.17,69.25,67.85,69.07,6086
2026-01-28 20:00:00+00:00,69.07,69.27,68.28,68.81,5735
2026-01-29 00:00:00+00:00,68.79,69.11,68.06,68.16,3694
2026-01-29 04:00:00+00:00,68.16,68.39,67.09,67.41,4538
2026-01-29 08:00:00+00:00,67.41,67.81,67.24,67.34,2732
2026-01-29 12:00:00+00:00,67.34,67.37,66.49,66.89,2992
2026-01-29 16:00:00+00:00,66.9,66.99,64.11,65.05,10866
2026-01-29 20:00:00+00:00,65.05,65.52,63.82,65.44,6368
2026-01-30 00:00:00+00:00,65.59,65.86,62.1,64.18,4720
2026-01-30 04:00:00+00:00,64.18,64.22,62.81,63.89,7853
2026-01-30 08:00:00+00:00,63.89,63.91,62.49,63.46,5853
2026-01-30 12:00:00+00:00,63.46,64.56,63.27,63.57,4428
2026-01-30 16:00:00+00:00,63.57,65.02,63.53,64.66,9847
2026-01-30 20:00:00+00:00,64.65,65.39,63.03,64.84,9365
2026-01-31 00:00:00+00:00,64.75,64.9,64.44,64.56,2451
2026-01-31 04:00:00+00:00,64.56,64.67,63.84,63.95,2616
2026-01-31 08:00:00+00:00,63.94,64.01,61.85,62.62,5329
2026-01-31 12:00:00+00:00,62.62,62.95,61.56,61.72,3634
2026-01-31 16:00:00+00:00,61.72,61.94,55.99,57.6,16107
2026-01-31 20:00:00+00:00,57.61,58.48,54.4,58.27,13886
2026-02-01 00:00:00+00:00,58.26,59.25,57.75,58.93,4316
2026-02-01 04:00:00+00:00,58.93,59.32,58.56,58.64,3899
2026-02-01 08:00:00+00:00,58.64,59.21,58.36,59.12,4594
2026-02-01 12:00:00+00:00,59.11,59.18,58.11,58.78,4726
2026-02-01 16:00:00+00:00,58.77,59.1,57.06,58.09,11069
2026-02-01 20:00:00+00:00,58.1,59.05,57.57,57.78,7714
2026-02-02 00:00:00+00:00,58.15,59.16,56.61,58.72,12072
2026-02-02 04:00:00+00:00,58.72,58.96,55.99,56.61,13291
2026-02-02 08:00:00+00:00,56.61,58.83,55.93,58.59,11094
2026-02-02 12:00:00+00:00,58.59,59.3,58.43,59.19,4832
2026-02-02 16:00:00+00:00,59.19,60.6,58.74,59.76,8850
2026-02-02 20:00:00+00:00,59.75,60.01,58.89,59.24,4635
2026-02-03 00:00:00+00:00,59.41,59.59,59.05,59.38,3670
2026-02-03 04:00:00+00:00,59.39,59.75,58.36,59.15,4432
2026-02-03 08:00:00+00:00,59.15,59.9,58.8,59.16,4830
2026-02-03 12:00:00+00:00,59.17,59.69,58.93,59.61,3649
2026-02-03 16:00:00+00:00,59.6,59.87,57.59,57.61,10254
2026-02-03 20:00:00+00:00,57.61,60.76,56.3,59.52,11586
2026-02-04 00:00:00+00:00,59.4,59.87,58.51,59.68,5858
2026-02-04 04:00:00+00:00,59.68,60.34,59.28,59.6,4169
2026-02-04 08:00:00+00:00,59.59,60.38,59.54,59.81,3855
2026-02-04 12:00:00+00:00,59.82,59.89,58.63,58.63,4408
2026-02-04 16:00:00+00:00,58.63,59.12,56.43,57.14,13372
2026-02-04 20:00:00+00:00,57.15,59.0,56.5,58.03,9272
2026-02-05 00:00:00+00:00,57.57,58.82,57.16,58.25,7026
2026-02-05 04:00:00+00:00,58.26,58.65,56.89,57.55,8987
2026-02-05 08:00:00+00:00,57.55,57.99,56.79,57.5,6624
2026-02-05 12:00:00+00:00,57.49,57.55,54.89,55.1,9591
2026-02-05 16:00:00+00:00,55.1,56.6,52.04,52.45,18425
2026-02-05 20:00:00+00:00,52.45,52.93,49.59,50.36,18514
2026-02-06 00:00:00+00:00,50.38,52.02,44.51,50.31,18603
2026-02-06 04:00:00+00:00,50.33,51.92,48.98,51.72,11286
2026-02-06 08:00:00+00:00,51.72,51.92,49.98,51.17,8536
2026-02-06 12:00:00+00:00,51.17,53.06,50.92,52.83,7529
2026-02-06 16:00:00+00:00,52.82,55.93,52.49,55.05,11892
2026-02-06 20:00:00+00:00,55.05,55.13,53.9,54.45,7388
2026-02-07 00:00:00+00:00,54.9,55.15,53.64,54.28,4698
2026-02-07 04:00:00+00:00,54.28,54.8,53.9,54.04,4907
2026-02-07 08:00:00+00:00,54.04,54.27,52.32,52.72,7342
2026-02-07 12:00:00+00:00,52.71,54.01,52.48,53.51,5183
2026-02-07 16:00:00+00:00,53.5,55.15,53.04,54.55,8167
2026-02-07 20:00:00+00:00,54.54,55.44,54.51,54.94,4501
2026-02-08 00:00:00+00:00,54.96,55.14,54.38,54.78,3091
2026-02-08 04:00:00+00:00,54.78,55.0,54.37,54.66,2409
2026-02-08 08:00:00+00:00,54.66,55.22,54.24,54.72,3951
2026-02-08 12:00:00+00:00,54.72,55.04,54.33,54.75,4203
2026-02-08 16:00:00+00:00,54.76,54.91,53.1,53.87,5301
2026-02-08 20:00:00+00:00,53.87,54.46,53.44,53.57,3269
2026-02-09 00:00:00+00:00,53.68,54.93,53.52,53.84,5621
2026-02-09 04:00:00+00:00,53.83,54.47,53.63,54.34,3141
2026-02-09 08:00:00+00:00,54.34,54.34,52.57,52.69,3889
2026-02-09 12:00:00+00:00,52.68,53.1,51.8,52.67,4185
2026-02-09 16:00:00+00:00,52.67,54.47,52.66,54.33,7550
2026-02-09 20:00:00+00:00,54.33,54.56,53.7,54.25,4635
2026-02-10 00:00:00+00:00,54.25,54.34,53.64,53.98,2481
2026-02-10 04:00:00+00:00,53.97,53.98,53.01,53.2,2667
2026-02-10 08:00:00+00:00,53.19,53.27,52.42,52.88,3030
2026-02-10 12:00:00+00:00,52.89,53.04,52.27,52.81,2922
2026-02-10 16:00:00+00:00,52.82,53.32,52.38,53.22,6311
2026-02-10 20:00:00+00:00,53.22,53.25,52.32,52.6,3315
2026-02-11 00:00:00+00:00,52.69,53.02,52.6,52.96,1791
2026-02-11 04:00:00+00:00,52.96,53.17,51.92,51.96,3322
2026-02-11 08:00:00+00:00,51.96,52.06,51.31,51.54,4019
2026-02-11 12:00:00+00:00,51.54,52.04,51.08,52.0,3751
2026-02-11 16:00:00+00:00,52.0,52.95,50.48,51.12,9977
2026-02-11 20:00:00+00:00,51.11,52.35,50.89,52.12,4826
2026-02-12 00:00:00+00:00,52.09,52.58,51.43,52.29,2953
2026-02-12 04:00:00+00:00,52.3,52.45,52.04,52.39,2562
2026-02-12 08:00:00+00:00,52.39,53.07,52.38,52.95,2646
2026-02-12 12:00:00+00:00,52.96,53.25,52.2,52.77,3536
2026-02-12 16:00:00+00:00,52.76,52.89,50.99,51.08,9330
2026-02-12 20:00:00+00:00,51.08,52.24,51.01,51.75,5272
2026-02-13 00:00:00+00:00,51.84,52.78,51.67,52.55,3318
2026-02-13 04:00:00+00:00,52.56,52.68,52.05,52.05,3029
2026-02-13 08:00:00+00:00,52.05,52.89,51.81,52.71,2673
2026-02-13 12:00:00+00:00,52.71,53.2,52.58,53.11,3068
2026-02-13 16:00:00+00:00,53.11,54.99,52.41,54.26,7838
2026-02-13 20:00:00+00:00,54.26,55.15,54.06,54.94,3652
2026-02-14 00:00:00+00:00,54.78,54.91,54.34,54.81,1817
2026-02-14 04:00:00+00:00,54.8,54.9,54.57,54.64,2130
2026-02-14 08:00:00+00:00,54.64,55.25,54.44,55.09,2872
2026-02-14 12:00:00+00:00,55.08,55.36,54.51,54.84,3246
2026-02-14 16:00:00+00:00,54.84,56.1,54.78,55.42,3692
2026-02-14 20:00:00+00:00,55.42,56.09,55.25,55.61,3205
2026-02-15 00:00:00+00:00,55.61,55.91,54.88,55.35,3337
2026-02-15 04:00:00+00:00,55.35,55.93,54.66,55.72,3976
2026-02-15 08:00:00+00:00,55.71,56.14,54.79,55.66,4658
2026-02-15 12:00:00+00:00,55.66,55.69,53.78,53.91,5398
2026-02-15 16:00:00+00:00,53.9,54.78,53.79,54.22,4607
2026-02-15 20:00:00+00:00,54.22,54.4,53.67,54.24,4118
2026-02-16 00:00:00+00:00,54.28,54.79,54.04,54.57,3119
2026-02-16 04:00:00+00:00,54.58,54.72,53.22,53.34,3634
2026-02-16 08:00:00+00:00,53.35,54.17,53.24,54.01,2921
2026-02-16 12:00:00+00:00,54.01,54.38,52.85,53.34,5376
2026-02-16 16:00:00+00:00,53.34,54.12,52.79,53.2,6429
2026-02-16 20:00:00+00:00,53.2,55.11,53.2,55.06,2937
2026-02-17 00:00:00+00:00,54.79,54.79,54.28,54.34,2613
2026-02-17 04:00:00+00:00,54.34,54.92,54.13,54.53,2902
2026-02-17 08:00:00+00:00,54.52,55.3,54.32,54.52,2873
2026-02-17 12:00:00+00:00,54.52,54.66,54.04,54.48,3718
2026-02-17 16:00:00+00:00,54.48,54.62,52.63,53.44,7744
2026-02-17 20:00:00+00:00,53.44,54.35,53.34,53.92,4451
2026-02-18 00:00:00+00:00,53.95,53.95,53.04,53.34,2510
2026-02-18 04:00:00+00:00,53.34,53.84,53.34,53.7,2540
2026-02-18 08:00:00+00:00,53.7,54.22,53.56,53.73,2258
2026-02-18 12:00:00+00:00,53.73,53.75,53.07,53.28,3498
2026-02-18 16:00:00+00:00,53.28,54.39,52.9,53.45,5402
2026-02-18 20:00:00+00:00,53.46,53.52,52.42,52.61,4858
2026-02-19 00:00:00+00:00,52.59,53.1,52.43,53.08,2450
2026-02-19 04:00:00+00:00,53.08,53.18,52.62,52.79,2338
2026-02-19 08:00:00+00:00,52.78,52.97,52.22,52.28,2594
2026-02-19 12:00:00+00:00,52.28,52.37,51.07,51.38,3371
2026-02-19 16:00:00+00:00,51.38,51.98,50.9,51.46,6152
2026-02-19 20:00:00+00:00,51.46,52.28,51.39,51.97,3546
2026-02-20 00:00:00+00:00,51.97,52.61,51.85,52.55,1996
2026-02-20 04:00:00+00:00,52.55,53.11,52.31,52.9,2507
2026-02-20 08:00:00+00:00,52.9,53.55,52.74,53.52,2498
2026-02-20 12:00:00+00:00,53.52,53.79,52.19,52.48,3736
2026-02-20 16:00:00+00:00,52.48,54.92,52.43,54.71,9686
2026-02-20 20:00:00+00:00,54.7,54.85,54.28,54.69,5059
2026-02-21 00:00:00+00:00,54.62,54.83,54.28,54.54,1434
2026-02-21 04:00:00+00:00,54.55,54.74,54.33,54.62,1609
2026-02-21 08:00:00+00:00,54.62,55.07,54.44,54.56,2034
2026-02-21 12:00:00+00:00,54.56,54.88,54.38,54.85,2121
2026-02-21 16:00:00+00:00,54.85,55.45,54.69,54.79,3698
2026-02-21 20:00:00+00:00,54.78,54.98,54.46,54.57,2030
2026-02-22 00:00:00+00:00,54.62,54.63,53.97,54.16,2442
2026-02-22 04:00:00+00:00,54.16,54.26,53.77,53.82,1551
2026-02-22 08:00:00+00:00,53.82,54.29,53.8,54.15,1452
2026-02-22 12:00:00+00:00,54.15,54.32,53.0,53.02,2303
2026-02-22 16:00:00+00:00,53.02,53.09,52.44,52.75,2796
2026-02-22 20:00:00+00:00,52.74,52.89,52.42,52.83,1711
2026-02-23 00:00:00+00:00,52.83,53.05,50.37,50.5,5431
2026-02-23 04:00:00+00:00,50.5,51.02,50.4,50.87,3681
2026-02-23 08:00:00+00:00,50.88,52.48,50.83,52.36,2945
2026-02-23 12:00:00+00:00,52.37,52.57,52.05,52.21,2848
2026-02-23 16:00:00+00:00,52.22,52.38,50.2,50.87,6797
2026-02-23 20:00:00+00:00,50.87,51.42,50.53,51.15,4562
2026-02-24 00:00:00+00:00,51.29,51.45,50.15,50.95,3553
2026-02-24 04:00:00+00:00,50.95,51.19,49.75,49.77,4975
2026-02-24 08:00:00+00:00,49.77,50.59,49.69,50.43,3250
2026-02-24 12:00:00+00:00,50.42,50.47,49.67,50.11,2973
2026-02-24 16:00:00+00:00,50.11,51.16,49.79,51.01,6651
2026-02-24 20:00:00+00:00,51.01,51.33,50.6,50.77,3125
2026-02-25 00:00:00+00:00,50.98,52.43,50.53,52.07,3787
2026-02-25 04:00:00+00:00,52.08,52.46,51.48,51.77,3758
2026-02-25 08:00:00+00:00,51.77,52.51,51.76,52.5,2442
2026-02-25 12:00:00+00:00,52.49,54.75,52.48,54.62,3988
2026-02-25 16:00:00+00:00,54.62,58.01,54.62,57.86,9021
2026-02-25 20:00:00+00:00,57.86,58.48,57.2,57.76,5900
2026-02-26 00:00:00+00:00,57.83,57.97,55.63,56.02,5807
2026-02-26 04:00:00+00:00,56.02,56.4,55.49,55.97,4390
2026-02-26 08:00:00+00:00,55.97,56.2,55.31,55.84,3500
2026-02-26 12:00:00+00:00,55.84,55.91,55.21,55.63,2525
2026-02-26 16:00:00+00:00,55.63,55.83,53.99,54.13,8039
2026-02-26 20:00:00+00:00,54.13,55.4,53.9,54.71,3770
2026-02-27 00:00:00+00:00,54.74,55.29,54.68,55.23,2801
2026-02-27 04:00:00+00:00,55.22,55.86,55.14,55.54,2561
2026-02-27 08:00:00+00:00,55.54,55.68,55.03,55.13,3214
2026-02-27 12:00:00+00:00,55.13,55.26,53.89,54.45,5636
2026-02-27 16:00:00+00:00,54.45,54.55,53.3,53.87,6060
2026-02-27 20:00:00+00:00,53.87,54.1,53.38,53.41,3328
2026-02-28 00:00:00+00:00,53.48,54.32,53.41,54.17,1556
2026-02-28 04:00:00+00:00,54.17,54.43,53.84,54.02,1882
2026-02-28 08:00:00+00:00,54.01,54.1,51.08,51.25,7686
2026-02-28 12:00:00+00:00,51.25,52.49,50.97,52.47,4138
2026-02-28 16:00:00+00:00,52.47,52.69,51.67,51.83,2051
2026-03-01 00:00:00+00:00,53.89,54.68,53.26,54.38,1464
2026-03-01 04:00:00+00:00,54.38,55.01,53.99,54.32,4549
2026-03-01 08:00:00+00:00,54.31,54.33,53.33,53.45,3759
2026-03-01 12:00:00+00:00,53.45,54.16,53.06,53.85,3329
2026-03-01 16:00:00+00:00,53.85,54.19,52.62,52.93,5311
2026-03-01 20:00:00+00:00,52.93,53.56,51.96,52.59,3804
2026-03-02 00:00:00+00:00,52.62,53.86,52.41,53.44,4757
2026-03-02 04:00:00+00:00,53.44,53.85,52.98,53.38,3433
2026-03-02 08:00:00+00:00,53.39,53.4,52.43,53.02,4599
2026-03-02 12:00:00+00:00,53.01,53.18,52.52,52.55,3958
2026-03-02 16:00:00+00:00,52.55,55.2,52.47,54.13,10699
2026-03-02 20:00:00+00:00,54.12,54.65,53.74,54.55,5625
2026-03-03 00:00:00+00:00,54.56,54.97,53.76,53.92,3966
2026-03-03 04:00:00+00:00,53.93,54.0,53.25,53.43,3776
2026-03-03 08:00:00+00:00,53.43,53.77,52.58,52.65,4153
2026-03-03 12:00:00+00:00,52.64,53.63,52.49,53.24,4055
2026-03-03 16:00:00+00:00,53.24,54.49,52.54,54.39,9898
2026-03-03 20:00:00+00:00,54.39,54.7,53.76,54.04,5165
2026-03-04 00:00:00+00:00,54.17,54.86,53.96,54.52,3826
2026-03-04 04:00:00+00:00,54.51,54.71,53.79,54.29,4158
2026-03-04 08:00:00+00:00,54.29,56.1,54.0,55.68,5826
2026-03-04 12:00:00+00:00,55.68,55.88,54.82,55.5,4258
2026-03-04 16:00:00+00:00,55.5,56.61,54.98,56.35,8456
2026-03-04 20:00:00+00:00,56.35,57.17,56.03,56.72,4746
2026-03-05 00:00:00+00:00,56.9,56.94,55.9,56.03,4089
2026-03-05 04:00:00+00:00,56.04,56.42,55.66,55.77,2584
2026-03-05 08:00:00+00:00,55.77,56.37,55.22,56.16,3472
2026-03-05 12:00:00+00:00,56.17,56.72,54.99,55.46,4404
2026-03-05 16:00:00+00:00,55.45,56.11,54.52,54.64,7807
2026-03-05 20:00:00+00:00,54.64,55.54,54.55,55.12,3858
2026-03-06 00:00:00+00:00,55.18,55.36,54.75,55.25,2080
2026-03-06 04:00:00+00:00,55.26,55.32,54.62,54.88,2513
2026-03-06 08:00:00+00:00,54.88,55.18,54.5,54.78,2627
2026-03-06 12:00:00+00:00,54.78,54.95,53.59,53.59,3718
2026-03-06 16:00:00+00:00,53.59,53.87,52.6,52.83,6901
2026-03-06 20:00:00+00:00,52.83,53.49,52.82,53.46,2495
2026-03-07 00:00:00+00:00,53.55,53.6,53.25,53.37,844
2026-03-07 04:00:00+00:00,53.37,53.71,53.09,53.29,1495
2026-03-07 08:00:00+00:00,53.29,53.77,52.93,53.52,1617
2026-03-07 12:00:00+00:00,53.52,53.65,53.34,53.45,1491
2026-03-07 16:00:00+00:00,53.44,53.71,53.15,53.42,1988
2026-03-07 20:00:00+00:00,53.42,53.43,52.69,53.12,2242
2026-03-08 00:00:00+00:00,53.13,53.23,52.74,53.09,1408
2026-03-08 04:00:00+00:00,53.08,53.09,52.31,52.83,2270
2026-03-08 08:00:00+00:00,52.83,52.89,52.16,52.39,1446
2026-03-08 12:00:00+00:00,52.4,53.37,52.32,53.13,2744
2026-03-08 16:00:00+00:00,53.13,53.18,51.7,51.93,2819
2026-03-08 20:00:00+00:00,51.93,52.91,51.83,52.53,2393
2026-03-09 00:00:00+00:00,52.54,52.88,51.35,52.47,5397
2026-03-09 04:00:00+00:00,52.47,53.28,51.99,52.76,5551
2026-03-09 08:00:00+00:00,52.76,53.51,52.33,52.9,4062
2026-03-09 12:00:00+00:00,52.9,53.3,52.48,53.15,3776
2026-03-09 16:00:00+00:00,53.16,53.9,53.13,53.53,6377
2026-03-09 20:00:00+00:00,53.53,54.24,53.29,53.68,4410
2026-03-10 00:00:00+00:00,53.72,53.76,53.13,53.59,2314
2026-03-10 04:00:00+00:00,53.59,54.17,53.35,53.64,3353
2026-03-10 08:00:00+00:00,53.63,53.85,53.29,53.63,2666
2026-03-10 12:00:00+00:00,53.64,54.02,53.41,53.59,2308
2026-03-10 16:00:00+00:00,53.6,54.49,53.15,54.25,6591
2026-03-10 20:00:00+00:00,54.24,54.33,53.04,53.48,5029
2026-03-11 00:00:00+00:00,53.52,53.59,52.92,53.46,2886
2026-03-11 04:00:00+00:00,53.46,53.6,53.15,53.52,2488
2026-03-11 08:00:00+00:00,53.52,53.56,53.02,53.46,2298
2026-03-11 12:00:00+00:00,53.45,53.87,53.14,53.6,2684
2026-03-11 16:00:00+00:00,53.6,54.56,53.59,54.34,6894
2026-03-11 20:00:00+00:00,54.34,54.66,54.12,54.49,3463
2026-03-12 00:00:00+00:00,54.55,54.77,54.16,54.47,2112
2026-03-12 04:00:00+00:00,54.46,54.47,53.51,53.6,2708
2026-03-12 08:00:00+00:00,53.6,53.99,53.45,53.87,1983
2026-03-12 12:00:00+00:00,53.87,54.17,53.62,54.03,2733
2026-03-12 16:00:00+00:00,54.04,54.15,53.28,53.91,6306
2026-03-12 20:00:00+00:00,53.91,53.98,53.51,53.65,3500
2026-03-13 00:00:00+00:00,53.73,54.96,53.72,54.54,3257
2026-03-13 04:00:00+00:00,54.54,54.88,54.37,54.66,2693
2026-03-13 08:00:00+00:00,54.66,54.92,54.44,54.7,2484
2026-03-13 12:00:00+00:00,54.71,55.96,54.7,55.75,3221
2026-03-13 16:00:00+00:00,55.75,56.18,54.7,55.2,6141
2026-03-13 20:00:00+00:00,55.21,55.44,54.64,55.31,3592
2026-03-14 00:00:00+00:00,55.21,55.25,54.59,54.63,1788
2026-03-14 04:00:00+00:00,54.63,55.3,54.56,55.01,2101
2026-03-14 08:00:00+00:00,55.02,55.08,54.05,54.11,2149
2026-03-14 12:00:00+00:00,54.1,54.26,53.87,54.15,1758
2026-03-14 16:00:00+00:00,54.15,54.27,53.87,54.1,1380
2026-03-14 20:00:00+00:00,54.1,54.3,54.01,54.15,1010
2026-03-15 00:00:00+00:00,54.13,54.52,54.02,54.27,1553
2026-03-15 04:00:00+00:00,54.27,54.86,54.19,54.77,1938
2026-03-15 08:00:00+00:00,54.78,54.94,54.51,54.9,1515
2026-03-15 12:00:00+00:00,54.9,55.06,54.77,54.9,1439
2026-03-15 16:00:00+00:00,54.9,54.99,54.49,54.5,1934
2026-03-15 20:00:00+00:00,54.51,54.99,54.42,54.85,1990
2026-03-16 00:00:00+00:00,54.85,55.98,54.77,55.63,4044
2026-03-16 04:00:00+00:00,55.64,56.77,55.31,56.7,4393
2026-03-16 08:00:00+00:00,56.7,57.31,56.57,56.77,3580
2026-03-16 12:00:00+00:00,56.77,57.26,56.7,57.15,3161
2026-03-16 16:00:00+00:00,57.15,57.93,56.95,57.77,7003
2026-03-16 20:00:00+00:00,57.77,58.34,57.66,57.99,3921
2026-03-17 00:00:00+00:00,58.31,58.67,57.8,58.36,4012
2026-03-17 04:00:00+00:00,58.36,58.73,56.88,57.19,4611
2026-03-17 08:00:00+00:00,57.18,57.6,56.93,57.32,3143
2026-03-17 12:00:00+00:00,57.33,57.54,56.8,56.92,3175
2026-03-17 16:00:00+00:00,56.92,57.84,56.86,57.6,4960
2026-03-17 20:00:00+00:00,57.61,58.12,57.58,57.84,2586
2026-03-18 00:00:00+00:00,57.81,58.2,57.45,57.68,2626
2026-03-18 04:00:00+00:00,57.69,58.06,57.44,57.6,2270
2026-03-18 08:00:00+00:00,57.59,57.81,57.0,57.01,2147
2026-03-18 12:00:00+00:00,57.01,57.39,55.32,55.54,4414
2026-03-18 16:00:00+00:00,55.54,55.91,54.8,55.02,5558
2026-03-18 20:00:00+00:00,55.02,55.78,54.92,55.53,3785
2026-03-19 00:00:00+00:00,55.63,55.82,55.24,55.32,2253
2026-03-19 04:00:00+00:00,55.32,55.84,55.11,55.14,2606
2026-03-19 08:00:00+00:00,55.15,55.24,54.34,54.64,3604
2026-03-19 12:00:00+00:00,54.64,55.17,54.34,54.38,2595
2026-03-19 16:00:00+00:00,54.39,54.83,54.1,54.41,4992
2026-03-19 20:00:00+00:00,54.4,55.42,54.27,55.31,2841
2026-03-20 00:00:00+00:00,55.35,55.4,54.83,55.25,1733
2026-03-20 04:00:00+00:00,55.26,55.55,55.12,55.45,1743
2026-03-20 08:00:00+00:00,55.45,55.78,55.11,55.49,2476
2026-03-20 12:00:00+00:00,55.49,55.49,54.76,54.85,2195
2026-03-20 16:00:00+00:00,54.85,55.19,54.69,54.97,4534
2026-03-20 20:00:00+00:00,54.97,55.18,54.73,55.17,2923
2026-03-21 00:00:00+00:00,55.47,55.95,55.47,55.89,1452
2026-03-21 04:00:00+00:00,55.91,56.01,55.6,55.69,1564
2026-03-21 08:00:00+00:00,55.68,56.03,55.66,55.87,1005
2026-03-21 12:00:00+00:00,55.87,56.07,55.39,55.43,881
2026-03-21 16:00:00+00:00,55.43,55.49,55.03,55.18,1541
2026-03-21 20:00:00+00:00,55.18,55.85,55.12,55.48,1197
2026-03-22 00:00:00+00:00,55.44,55.48,53.63,54.12,3319
2026-03-22 04:00:00+00:00,54.12,54.52,53.92,54.24,2618
2026-03-22 08:00:00+00:00,54.23,54.24,53.55,53.72,2095
2026-03-22 12:00:00+00:00,53.71,53.85,53.26,53.53,2478
2026-03-22 16:00:00+00:00,53.53,53.78,53.48,53.59,2586
2026-03-22 20:00:00+00:00,53.59,53.69,52.99,53.08,1962
2026-03-23 00:00:00+00:00,53.01,53.25,52.51,53.1,3459
2026-03-23 04:00:00+00:00,53.1,53.64,52.98,53.62,2491
2026-03-23 08:00:00+00:00,53.62,53.74,52.75,53.08,3452
2026-03-23 12:00:00+00:00,53.08,55.6,52.89,54.9,6521
2026-03-23 16:00:00+00:00,54.9,55.46,54.47,54.8,6337
2026-03-23 20:00:00+00:00,54.8,55.28,54.64,55.15,2997
2026-03-24 00:00:00+00:00,55.18,55.34,54.78,54.92,2460
2026-03-24 04:00:00+00:00,54.92,55.1,54.52,54.91,2575
2026-03-24 08:00:00+00:00,54.91,55.49,54.76,55.25,2722
2026-03-24 12:00:00+00:00,55.24,55.42,55.05,55.11,2257
2026-03-24 16:00:00+00:00,55.11,55.39,54.64,55.18,4680
2026-03-24 20:00:00+00:00,55.18,55.81,54.79,55.66,3562
2026-03-25 00:00:00+00:00,55.63,56.13,55.33,55.88,2394
2026-03-25 04:00:00+00:00,55.87,55.89,55.43,55.86,1667
2026-03-25 08:00:00+00:00,55.85,56.19,55.77,55.96,1956
2026-03-25 12:00:00+00:00,55.95,56.15,55.66,56.0,2605
2026-03-25 16:00:00+00:00,56.0,56.2,55.29,55.77,4152
2026-03-25 20:00:00+00:00,55.77,55.94,55.59,55.76,2047
2026-03-26 00:00:00+00:00,55.74,56.25,55.72,55.9,1576
2026-03-26 04:00:00+00:00,55.9,55.96,55.29,55.34,1862
2026-03-26 08:00:00+00:00,55.34,55.35,54.57,54.7,2258
2026-03-26 12:00:00+00:00,54.7,54.79,53.98,54.16,2550
2026-03-26 16:00:00+00:00,54.15,54.68,53.9,54.1,3738
2026-03-26 20:00:00+00:00,54.09,54.39,53.68,54.19,2373
2026-03-27 00:00:00+00:00,54.23,54.48,53.9,54.06,1895
2026-03-27 04:00:00+00:00,54.06,54.5,54.06,54.43,2076
2026-03-27 08:00:00+00:00,54.43,54.64,53.84,54.14,2580
2026-03-27 12:00:00+00:00,54.14,54.17,52.94,53.28,3739
2026-03-27 16:00:00+00:00,53.28,54.12,53.09,53.69,3885
2026-03-27 20:00:00+00:00,53.69,53.92,52.73,52.99,2993
2026-03-28 00:00:00+00:00,53.1,53.23,52.84,53.15,985
2026-03-28 04:00:00+00:00,53.15,53.16,52.71,53.07,1434
2026-03-28 08:00:00+00:00,53.07,53.4,53.0,53.29,1099
2026-03-28 12:00:00+00:00,53.29,53.63,53.15,53.46,1167
2026-03-28 16:00:00+00:00,53.46,54.37,53.45,54.15,2305
2026-03-28 20:00:00+00:00,54.15,54.23,53.35,53.62,1366
2026-03-29 00:00:00+00:00,53.61,53.71,53.07,53.37,1625
2026-03-29 04:00:00+00:00,53.37,53.82,53.34,53.62,1286
2026-03-29 08:00:00+00:00,53.62,53.71,53.34,53.52,1297
2026-03-29 12:00:00+00:00,53.53,53.53,53.12,53.34,1762
2026-03-29 16:00:00+00:00,53.33,53.35,52.78,52.78,2215
2026-03-29 20:00:00+00:00,52.78,53.14,52.52,53.06,1331
2026-03-30 00:00:00+00:00,53.09,53.51,51.71,53.09,4687
2026-03-30 04:00:00+00:00,53.1,53.75,53.05,53.59,2724
2026-03-30 08:00:00+00:00,53.6,53.84,52.84,53.59,2231
2026-03-30 12:00:00+00:00,53.59,53.66,52.98,53.39,2742
2026-03-30 16:00:00+00:00,53.39,53.62,53.0,53.36,3315
2026-03-30 20:00:00+00:00,53.36,53.44,52.5,52.78,2574
2026-03-31 00:00:00+00:00,52.68,53.06,52.6,52.92,2542
2026-03-31 04:00:00+00:00,52.93,53.57,52.75,53.13,3092
2026-03-31 08:00:00+00:00,53.13,53.46,52.93,53.06,2805
2026-03-31 12:00:00+00:00,53.06,53.15,52.58,52.8,3425
2026-03-31 16:00:00+00:00,52.8,53.67,52.75,53.26,4246
2026-03-31 20:00:00+00:00,53.26,53.68,53.2,53.58,3310
2026-04-01 00:00:00+00:00,53.4,53.64,53.17,53.57,1982
2026-04-01 04:00:00+00:00,53.57,53.64,53.26,53.49,1919
2026-04-01 08:00:00+00:00,53.5,54.21,53.36,53.69,2752
2026-04-01 12:00:00+00:00,53.69,53.9,53.4,53.68,2241
2026-04-01 16:00:00+00:00,53.69,53.85,53.2,53.79,3588
2026-04-01 20:00:00+00:00,53.79,54.06,53.53,53.61,2010
2026-04-02 00:00:00+00:00,53.66,53.91,53.22,53.59,2214
2026-04-02 04:00:00+00:00,53.58,53.58,51.68,51.72,5252
2026-04-02 08:00:00+00:00,51.72,52.03,51.44,51.54,2416
2026-04-02 12:00:00+00:00,51.54,51.64,51.02,51.11,2375
2026-04-02 16:00:00+00:00,51.12,51.8,50.87,51.59,4960
2026-04-02 20:00:00+00:00,51.59,51.71,51.08,51.58,2433
2026-04-03 00:00:00+00:00,51.54,51.92,51.43,51.9,1695
2026-04-03 04:00:00+00:00,51.91,52.2,51.62,52.16,2429
2026-04-03 08:00:00+00:00,52.16,52.63,52.09,52.46,2365
2026-04-03 12:00:00+00:00,52.47,52.73,52.29,52.46,2014
2026-04-03 16:00:00+00:00,52.47,52.67,52.21,52.65,2401
2026-04-03 20:00:00+00:00,52.65,52.84,52.52,52.67,1284
2026-04-04 00:00:00+00:00,52.89,52.96,52.59,52.73,875
2026-04-04 04:00:00+00:00,52.73,52.83,52.57,52.63,1067
2026-04-04 08:00:00+00:00,52.63,52.79,52.48,52.68,839
2026-04-04 12:00:00+00:00,52.68,52.98,52.55,52.88,989
2026-04-04 16:00:00+00:00,52.88,53.18,52.72,52.92,1509
2026-04-04 20:00:00+00:00,52.92,53.34,52.88,52.96,1290
2026-04-05 00:00:00+00:00,52.93,53.13,52.93,53.1,1026
2026-04-05 04:00:00+00:00,53.1,53.12,52.66,52.67,816
2026-04-05 08:00:00+00:00,52.67,52.7,52.1,52.28,1196
2026-04-05 12:00:00+00:00,52.28,52.49,52.07,52.22,961
2026-04-05 16:00:00+00:00,52.21,52.91,52.14,52.61,1863
2026-04-05 20:00:00+00:00,52.61,53.11,52.56,53.09,1209
2026-04-06 00:00:00+00:00,53.13,53.94,52.86,53.63,2999
2026-04-06 04:00:00+00:00,53.64,53.92,53.45,53.78,1892
2026-04-06 08:00:00+00:00,53.78,53.92,53.46,53.65,1915
2026-04-06 12:00:00+00:00,53.66,54.09,53.64,53.65,1723
2026-04-06 16:00:00+00:00,53.66,53.89,53.46,53.57,1836
2026-04-06 20:00:00+00:00,53.57,53.57,53.25,53.41,1223
2026-04-07 00:00:00+00:00,53.39,53.39,52.64,52.97,1457
2026-04-07 04:00:00+00:00,52.97,53.07,52.74,52.96,903
2026-04-07 08:00:00+00:00,52.96,52.96,52.63,52.89,730
2026-04-07 12:00:00+00:00,52.89,53.04,52.35,52.75,1375
2026-04-07 16:00:00+00:00,52.75,53.14,52.47,53.04,1622
2026-04-07 20:00:00+00:00,53.04,53.38,52.72,53.17,1499
2026-04-08 00:00:00+00:00,53.18,55.16,53.17,54.6,4432
2026-04-08 04:00:00+00:00,54.6,54.67,54.37,54.47,1975
2026-04-08 08:00:00+00:00,54.47,54.71,54.45,54.66,1421
2026-04-08 12:00:00+00:00,54.66,54.68,54.26,54.53,1438
2026-04-08 16:00:00+00:00,54.54,54.83,53.77,53.99,2757
2026-04-08 20:00:00+00:00,53.99,54.18,53.41,53.73,1766
2026-04-09 00:00:00+00:00,53.76,53.97,53.19,53.31,1123
2026-04-09 04:00:00+00:00,53.31,53.55,53.06,53.35,950
2026-04-09 08:00:00+00:00,53.35,53.52,53.28,53.4,893
2026-04-09 12:00:00+00:00,53.4,53.49,53.15,53.42,878
2026-04-09 16:00:00+00:00,53.42,54.34,53.11,54.03,2536
2026-04-09 20:00:00+00:00,54.03,54.37,53.88,54.35,2268
2026-04-10 00:00:00+00:00,54.35,54.72,53.73,53.94,2096
2026-04-10 04:00:00+00:00,53.94,54.1,53.71,54.01,1123
2026-04-10 08:00:00+00:00,54.01,54.14,53.7,53.87,1059
2026-04-10 12:00:00+00:00,53.87,54.43,53.87,54.43,952
2026-04-10 16:00:00+00:00,54.43,54.98,54.15,54.59,2214
2026-04-10 20:00:00+00:00,54.59,54.85,54.37,54.83,1164
2026-04-11 00:00:00+00:00,54.59,54.67,54.17,54.18,1068
2026-04-11 04:00:00+00:00,54.18,54.32,54.07,54.12,723
2026-04-11 08:00:00+00:00,54.12,54.12,53.87,54.06,534
2026-04-11 12:00:00+00:00,54.06,54.17,53.95,54.09,547
2026-04-11 16:00:00+00:00,54.09,54.44,53.8,54.37,910
2026-04-11 20:00:00+00:00,54.37,55.16,54.29,54.73,1303
2026-04-12 00:00:00+00:00,54.71,54.93,54.35,54.44,931
2026-04-12 04:00:00+00:00,54.44,54.48,53.21,53.46,2269
2026-04-12 08:00:00+00:00,53.46,53.51,53.2,53.3,579
2026-04-12 12:00:00+00:00,53.3,53.4,53.07,53.19,729
2026-04-12 16:00:00+00:00,53.19,53.32,52.92,53.07,912
2026-04-12 20:00:00+00:00,53.07,53.41,53.07,53.34,773
2026-04-13 00:00:00+00:00,53.39,53.41,52.82,53.19,1559
2026-04-13 04:00:00+00:00,53.19,53.31,52.98,53.02,818
2026-04-13 08:00:00+00:00,53.02,53.32,52.42,52.52,995
2026-04-13 12:00:00+00:00,52.52,52.7,52.12,52.38,1234
2026-04-13 16:00:00+00:00,52.39,52.89,52.18,52.58,2575
2026-04-13 20:00:00+00:00,52.58,53.25,52.38,52.87,1517
2026-04-14 00:00:00+00:00,52.86,54.21,52.82,53.7,2507
2026-04-14 04:00:00+00:00,53.7,53.96,53.52,53.75,846
2026-04-14 08:00:00+00:00,53.75,54.19,53.47,54.16,1060
2026-04-14 12:00:00+00:00,54.16,54.34,53.84,53.91,1320
2026-04-14 16:00:00+00:00,53.91,54.75,53.9,54.1,3484
2026-04-14 20:00:00+00:00,54.1,54.38,53.65,53.77,2305
2026-04-15 00:00:00+00:00,53.8,54.13,53.66,53.87,2120
2026-04-15 04:00:00+00:00,53.87,53.96,53.48,53.65,1308
2026-04-15 08:00:00+00:00,53.65,53.91,53.3,53.84,1316
2026-04-15 12:00:00+00:00,53.84,54.2,53.63,54.09,1241
2026-04-15 16:00:00+00:00,54.09,54.71,53.99,54.49,2653
2026-04-15 20:00:00+00:00,54.49,55.1,54.39,54.7,1953
2026-04-16 00:00:00+00:00,54.68,55.06,54.41,54.51,1943
2026-04-16 04:00:00+00:00,54.51,55.19,54.27,54.91,1884
2026-04-16 08:00:00+00:00,54.91,55.16,54.77,54.91,1821
2026-04-16 12:00:00+00:00,54.91,55.09,54.66,54.88,1424
2026-04-16 16:00:00+00:00,54.88,55.55,54.03,54.91,4509
2026-04-16 20:00:00+00:00,54.91,56.02,54.71,55.57,3079
2026-04-17 00:00:00+00:00,55.56,55.9,55.15,55.6,2457
2026-04-17 04:00:00+00:00,55.6,55.69,55.03,55.12,1287
2026-04-17 08:00:00+00:00,55.12,55.69,54.8,55.6,1379
2026-04-17 12:00:00+00:00,55.6,56.11,55.29,56.09,2067
2026-04-17 16:00:00+00:00,56.09,56.88,55.88,56.6,4732
2026-04-17 20:00:00+00:00,56.6,56.6,55.81,56.07,3513
2026-04-18 00:00:00+00:00,56.05,56.29,55.76,55.93,1812
2026-04-18 04:00:00+00:00,55.93,56.07,55.53,55.67,1589
2026-04-18 08:00:00+00:00,55.67,56.12,55.55,55.81,1233
2026-04-18 12:00:00+00:00,55.81,55.84,55.2,55.51,1517
2026-04-18 16:00:00+00:00,55.51,55.54,55.05,55.26,2829
2026-04-18 20:00:00+00:00,55.26,55.34,54.69,54.96,2599
2026-04-19 00:00:00+00:00,54.98,55.29,54.93,55.12,2120
2026-04-19 04:00:00+00:00,55.12,55.28,54.77,55.09,3145
2026-04-19 08:00:00+00:00,55.09,55.19,54.16,54.53,2571
2026-04-19 12:00:00+00:00,54.53,54.86,54.3,54.74,2145
2026-04-19 16:00:00+00:00,54.73,55.17,54.56,54.75,2866
2026-04-19 20:00:00+00:00,54.74,54.74,53.94,53.99,4070
2026-04-20 00:00:00+00:00,53.98,54.27,53.37,53.84,4743
2026-04-20 04:00:00+00:00,53.83,54.3,53.77,54.25,2657
2026-04-20 08:00:00+00:00,54.25,54.88,53.92,54.26,4350
2026-04-20 12:00:00+00:00,54.26,54.71,54.23,54.53,4020
2026-04-20 16:00:00+00:00,54.53,54.85,54.12,54.37,5255
2026-04-20 20:00:00+00:00,54.37,54.88,54.31,54.72,3006
2026-04-21 00:00:00+00:00,54.7,54.83,54.37,54.62,1918
2026-04-21 04:00:00+00:00,54.62,54.73,54.13,54.46,1811
2026-04-21 08:00:00+00:00,54.46,54.95,54.33,54.73,2578
2026-04-21 12:00:00+00:00,54.73,55.14,54.68,54.86,2143
2026-04-21 16:00:00+00:00,54.86,55.35,54.49,54.52,3819
2026-04-21 20:00:00+00:00,54.52,54.81,54.23,54.66,4123
2026-04-22 00:00:00+00:00,54.6,55.24,54.44,55.18,2125
2026-04-22 04:00:00+00:00,55.18,55.58,54.97,55.43,2542
2026-04-22 08:00:00+00:00,55.43,55.94,55.31,55.66,2401
2026-04-22 12:00:00+00:00,55.66,55.75,55.24,55.56,2464
2026-04-22 16:00:00+00:00,55.56,55.99,55.47,55.5,4627
2026-04-22 20:00:00+00:00,55.5,55.68,55.23,55.25,2181
2026-04-23 00:00:00+00:00,55.27,55.56,54.67,55.08,2227
2026-04-23 04:00:00+00:00,55.08,55.41,54.37,54.59,2057
2026-04-23 08:00:00+00:00,54.59,54.8,54.54,54.69,1349
2026-04-23 12:00:00+00:00,54.69,55.17,54.44,55.06,1307
2026-04-23 16:00:00+00:00,55.06,55.46,54.89,55.09,2307
2026-04-23 20:00:00+00:00,55.09,55.42,54.6,55.24,3641
2026-04-24 00:00:00+00:00,55.26,55.74,55.26,55.59,1746
2026-04-24 04:00:00+00:00,55.59,55.65,55.21,55.34,1462
2026-04-24 08:00:00+00:00,55.33,55.65,55.24,55.54,1221
2026-04-24 12:00:00+00:00,55.54,55.97,55.28,55.63,1579
2026-04-24 16:00:00+00:00,55.63,56.15,55.52,56.01,1958
2026-04-24 20:00:00+00:00,56.01,56.2,55.82,56.17,1124
2026-04-25 00:00:00+00:00,56.0,56.09,55.81,55.9,1168
2026-04-25 04:00:00+00:00,55.9,56.2,55.81,56.0,1059
2026-04-25 08:00:00+00:00,56.0,56.07,55.75,55.92,1091
2026-04-25 12:00:00+00:00,55.92,56.03,55.64,55.76,1492
2026-04-25 16:00:00+00:00,55.76,56.08,55.7,55.88,1256
2026-04-25 20:00:00+00:00,55.88,55.94,55.39,55.46,1232
2026-04-26 00:00:00+00:00,55.46,55.6,55.33,55.44,963
2026-04-26 04:00:00+00:00,55.44,55.5,55.21,55.35,560
2026-04-26 08:00:00+00:00,55.35,55.8,55.33,55.74,1190
2026-04-26 12:00:00+00:00,55.74,55.81,55.53,55.57,1136
2026-04-26 16:00:00+00:00,55.57,55.58,55.27,55.32,1628
2026-04-26 20:00:00+00:00,55.32,55.88,55.25,55.67,1767
2026-04-27 00:00:00+00:00,55.67,55.94,55.45,55.91,2611
2026-04-27 04:00:00+00:00,55.93,56.27,55.72,55.92,1967
2026-04-27 08:00:00+00:00,55.92,55.93,54.68,54.88,1715
2026-04-27 12:00:00+00:00,54.88,54.96,54.71,54.89,712
2026-04-27 16:00:00+00:00,54.89,55.35,54.39,54.72,2879
2026-04-27 20:00:00+00:00,54.72,54.96,54.51,54.82,1299
2026-04-28 00:00:00+00:00,54.82,55.08,54.66,54.92,1282
2026-04-28 04:00:00+00:00,54.92,55.07,54.75,54.85,1263
2026-04-28 08:00:00+00:00,54.85,54.94,54.46,54.66,983
2026-04-28 12:00:00+00:00,54.66,54.67,54.37,54.55,917
2026-04-28 16:00:00+00:00,54.55,54.61,54.14,54.52,2305
2026-04-28 20:00:00+00:00,54.52,54.99,54.42,54.96,1084
2026-04-29 00:00:00+00:00,54.95,55.21,54.84,55.13,945
2026-04-29 04:00:00+00:00,55.13,55.52,54.94,55.43,1201
2026-04-29 08:00:00+00:00,55.43,55.53,55.26,55.34,1255
2026-04-29 12:00:00+00:00,55.34,57.13,55.32,56.4,3211
2026-04-29 16:00:00+00:00,56.4,56.49,54.44,54.66,3675
2026-04-29 20:00:00+00:00,54.66,55.0,53.76,54.39,5795
2026-04-30 00:00:00+00:00,54.34,55.12,54.27,55.09,1510
2026-04-30 04:00:00+00:00,55.09,55.14,54.42,54.43,1318
2026-04-30 08:00:00+00:00,54.43,55.1,54.34,55.02,1646
2026-04-30 12:00:00+00:00,55.02,55.41,54.96,55.06,1374
2026-04-30 16:00:00+00:00,55.06,55.3,54.83,54.99,2320
2026-04-30 20:00:00+00:00,54.99,55.05,54.62,54.71,1754
2026-05-01 00:00:00+00:00,54.64,54.72,54.48,54.65,1328
2026-05-01 04:00:00+00:00,54.65,55.08,54.6,54.66,1806
2026-05-01 08:00:00+00:00,54.67,54.9,54.58,54.71,1264
2026-05-01 12:00:00+00:00,54.71,54.91,54.32,54.7,884
2026-05-01 16:00:00+00:00,54.7,55.27,54.7,55.13,2189
2026-05-01 20:00:00+00:00,55.13,55.48,54.94,54.97,1723
2026-05-02 00:00:00+00:00,54.98,55.09,54.73,54.97,892
2026-05-02 04:00:00+00:00,54.96,55.13,54.73,54.8,591
2026-05-02 08:00:00+00:00,54.78,54.94,54.72,54.82,927
2026-05-02 12:00:00+00:00,54.82,54.92,54.58,54.64,648
2026-05-02 16:00:00+00:00,54.64,54.87,54.64,54.83,1270
2026-05-02 20:00:00+00:00,54.83,54.84,54.57,54.58,574
2026-05-03 00:00:00+00:00,54.55,54.86,54.48,54.68,1106
2026-05-03 04:00:00+00:00,54.68,54.69,54.33,54.48,771
2026-05-03 08:00:00+00:00,54.48,54.57,54.3,54.38,792
2026-05-03 12:00:00+00:00,54.38,54.78,54.28,54.66,1518
2026-05-03 16:00:00+00:00,54.66,54.82,54.53,54.78,884
2026-05-03 20:00:00+00:00,54.78,55.11,54.66,54.93,761
2026-05-04 00:00:00+00:00,54.89,55.18,54.42,54.61,1387
2026-05-04 04:00:00+00:00,54.61,55.84,54.48,55.62,3011
2026-05-04 08:00:00+00:00,55.63,55.68,55.19,55.2,1270
2026-05-04 12:00:00+00:00,55.2,55.36,54.37,54.66,3231
2026-05-04 16:00:00+00:00,54.66,55.17,54.39,54.58,4157
2026-05-04 20:00:00+00:00,54.58,54.93,54.5,54.57,1630
2026-05-05 00:00:00+00:00,54.56,54.79,54.23,54.52,1497
2026-05-05 04:00:00+00:00,54.52,54.7,54.4,54.54,1132
2026-05-05 08:00:00+00:00,54.54,54.88,54.44,54.8,1347
2026-05-05 12:00:00+00:00,54.8,55.06,54.63,55.05,1074
2026-05-05 16:00:00+00:00,55.04,55.36,54.84,55.01,2173
2026-05-05 20:00:00+00:00,55.01,55.83,54.88,55.79,1333
2026-05-06 00:00:00+00:00,55.81,56.04,55.5,55.67,2685
2026-05-06 04:00:00+00:00,55.67,56.28,55.64,56.19,2806
2026-05-06 08:00:00+00:00,56.18,57.32,55.99,57.27,2334
2026-05-06 12:00:00+00:00,57.27,57.37,56.89,57.22,2188
2026-05-06 16:00:00+00:00,57.22,57.22,55.87,56.44,3321
2026-05-06 20:00:00+00:00,56.44,56.52,56.17,56.3,1581
2026-05-07 00:00:00+00:00,56.35,56.57,55.83,55.91,1717
2026-05-07 04:00:00+00:00,55.91,56.01,55.61,55.96,2374
2026-05-07 08:00:00+00:00,55.96,56.62,55.92,56.4,1844
2026-05-07 12:00:00+00:00,56.4,56.84,56.08,56.82,1775
2026-05-07 16:00:00+00:00,56.82,56.83,55.5,55.67,3565
2026-05-07 20:00:00+00:00,55.67,56.2,55.5,55.82,2736
2026-05-08 00:00:00+00:00,55.78,56.03,55.59,56.02,1866
2026-05-08 04:00:00+00:00,56.02,56.09,55.48,55.95,1709
2026-05-08 08:00:00+00:00,55.95,56.07,55.62,55.98,2211
2026-05-08 12:00:00+00:00,55.98,56.24,55.83,56.14,1428
2026-05-08 16:00:00+00:00,56.14,57.29,55.86,57.05,3239
2026-05-08 20:00:00+00:00,57.05,58.4,57.03,57.45,2759
2026-05-09 00:00:00+00:00,57.75,58.11,57.54,58.02,1475
2026-05-09 04:00:00+00:00,58.01,58.55,57.97,58.06,1827
2026-05-09 08:00:00+00:00,58.05,58.23,57.85,58.11,1245
2026-05-09 12:00:00+00:00,58.11,58.11,57.55,57.62,1165
2026-05-09 16:00:00+00:00,57.62,57.63,57.04,57.3,1956
2026-05-09 20:00:00+00:00,57.31,57.65,57.31,57.53,1249
2026-05-10 00:00:00+00:00,57.54,57.72,57.29,57.4,923
2026-05-10 04:00:00+00:00,57.4,57.46,57.09,57.39,1173
2026-05-10 08:00:00+00:00,57.4,58.14,57.3,57.96,1447
2026-05-10 12:00:00+00:00,57.96,58.03,57.6,57.91,1809
2026-05-10 16:00:00+00:00,57.91,58.97,57.85,58.82,2220
2026-05-10 20:00:00+00:00,58.82,59.42,57.43,57.85,3744
2026-05-11 00:00:00+00:00,57.87,60.01,57.62,59.0,7696
2026-05-11 04:00:00+00:00,59.0,59.19,57.84,58.12,3643
2026-05-11 08:00:00+00:00,58.12,58.48,57.85,58.06,1590
2026-05-11 12:00:00+00:00,58.06,58.32,57.89,57.91,1360
2026-05-11 16:00:00+00:00,57.91,58.72,57.47,58.29,4337
2026-05-11 20:00:00+00:00,58.29,58.56,58.02,58.14,2429
2026-05-12 00:00:00+00:00,58.24,58.33,57.74,57.82,1620
2026-05-12 04:00:00+00:00,57.82,57.86,57.09,57.62,2078
2026-05-12 08:00:00+00:00,57.62,57.9,57.49,57.54,2076
2026-05-12 12:00:00+00:00,57.54,57.74,56.87,57.2,2763
2026-05-12 16:00:00+00:00,57.2,57.28,56.47,56.58,4365
2026-05-12 20:00:00+00:00,56.58,57.29,56.58,57.24,2196
2026-05-13 00:00:00+00:00,57.31,57.74,57.04,57.34,1541
2026-05-13 04:00:00+00:00,57.35,58.02,57.34,57.83,1525
2026-05-13 08:00:00+00:00,57.83,58.12,57.49,58.09,1656
2026-05-13 12:00:00+00:00,58.09,58.37,56.86,57.15,2001
2026-05-13 16:00:00+00:00,57.16,57.34,55.7,56.27,4273
2026-05-13 20:00:00+00:00,56.27,56.57,56.15,56.3,1579
2026-05-14 00:00:00+00:00,56.28,56.65,55.97,56.55,1794
2026-05-14 04:00:00+00:00,56.55,56.65,56.05,56.37,2087
2026-05-14 08:00:00+00:00,56.37,56.78,56.36,56.51,1561
2026-05-14 12:00:00+00:00,56.51,56.76,56.27,56.7,2174
2026-05-14 16:00:00+00:00,56.69,57.79,56.65,57.75,3730
2026-05-14 20:00:00+00:00,57.75,58.97,57.52,58.04,3202
2026-05-15 00:00:00+00:00,58.04,58.33,57.54,57.72,2894
2026-05-15 04:00:00+00:00,57.72,57.82,57.12,57.12,4117
2026-05-15 08:00:00+00:00,57.12,57.93,56.74,57.87,3078
2026-05-15 12:00:00+00:00,57.88,57.9,57.17,57.31,2169
2026-05-15 16:00:00+00:00,57.32,57.32,55.79,56.8,7208
2026-05-15 20:00:00+00:00,56.8,56.91,56.56,56.66,3254
2026-05-16 00:00:00+00:00,56.65,57.04,56.57,56.99,1057
2026-05-16 04:00:00+00:00,56.99,57.09,56.13,56.27,1402
2026-05-16 08:00:00+00:00,56.27,56.36,55.09,55.56,3106
2026-05-16 12:00:00+00:00,55.56,55.57,54.98,55.45,3261
2026-05-16 16:00:00+00:00,55.45,55.79,55.31,55.59,1949
2026-05-16 20:00:00+00:00,55.59,55.73,55.52,55.61,1375
2026-05-17 08:00:00+00:00,55.65,55.81,55.56,55.65,625
2026-05-17 12:00:00+00:00,55.65,55.92,55.6,55.7,1645
2026-05-17 16:00:00+00:00,55.7,55.71,55.18,55.26,2213
2026-05-17 20:00:00+00:00,55.26,55.53,55.07,55.47,1856
2026-05-18 00:00:00+00:00,55.45,55.66,53.18,53.72,5650
2026-05-18 04:00:00+00:00,53.72,53.79,53.22,53.67,2976
2026-05-18 08:00:00+00:00,53.67,53.73,52.92,53.18,4169
2026-05-18 12:00:00+00:00,53.19,53.54,52.76,53.45,3277
2026-05-18 16:00:00+00:00,53.45,53.45,52.58,53.02,5196
2026-05-18 20:00:00+00:00,53.02,53.82,52.87,53.54,3488
2026-05-19 00:00:00+00:00,53.57,53.99,53.46,53.76,2191
2026-05-19 04:00:00+00:00,53.76,53.92,53.51,53.82,1464
2026-05-19 08:00:00+00:00,53.82,53.93,53.54,53.65,1733
2026-05-19 12:00:00+00:00,53.65,53.71,53.3,53.59,1421
2026-05-19 16:00:00+00:00,53.59,53.76,52.89,53.54,3198
2026-05-19 20:00:00+00:00,53.54,53.66,53.36,53.59,2254
2026-05-20 00:00:00+00:00,53.54,53.94,53.12,53.18,2011
2026-05-20 04:00:00+00:00,53.18,53.5,52.67,53.27,1819
2026-05-20 08:00:00+00:00,53.27,53.68,53.27,53.58,1037
2026-05-20 12:00:00+00:00,53.58,53.75,53.15,53.67,933
2026-05-20 16:00:00+00:00,53.67,53.85,52.95,53.62,3001
2026-05-20 20:00:00+00:00,53.62,53.86,53.39,53.6,2059
2026-05-21 00:00:00+00:00,53.52,53.66,53.21,53.53,1386
2026-05-21 04:00:00+00:00,53.53,53.91,53.51,53.83,1049
2026-05-21 08:00:00+00:00,53.83,54.07,53.62,53.77,1396
2026-05-21 12:00:00+00:00,53.77,53.77,52.71,53.1,1684
2026-05-21 16:00:00+00:00,53.1,53.43,52.93,53.16,3052
2026-05-21 20:00:00+00:00,53.17,53.83,53.17,53.62,4564
2026-05-22 00:00:00+00:00,53.64,53.8,53.45,53.6,1931
2026-05-22 04:00:00+00:00,53.6,53.87,53.49,53.68,1339
2026-05-22 08:00:00+00:00,53.68,53.95,53.4,53.65,1595
2026-05-22 12:00:00+00:00,53.65,53.77,53.35,53.61,1976
2026-05-22 16:00:00+00:00,53.62,53.76,53.05,53.63,4151
2026-05-22 20:00:00+00:00,53.63,53.81,52.15,52.66,5322
2026-05-23 00:00:00+00:00,52.71,52.86,51.64,52.04,4624
2026-05-23 04:00:00+00:00,52.04,52.52,52.01,52.17,1672
2026-05-23 08:00:00+00:00,52.16,52.24,50.85,51.46,2457
2026-05-23 12:00:00+00:00,51.46,51.59,51.25,51.54,1119
2026-05-23 16:00:00+00:00,51.54,52.35,51.54,52.18,2418
2026-05-23 20:00:00+00:00,52.19,53.55,52.15,53.53,3416
2026-05-24 00:00:00+00:00,53.6,53.6,52.65,52.9,2513
2026-05-24 04:00:00+00:00,52.9,52.93,52.65,52.79,1190
2026-05-24 08:00:00+00:00,52.79,52.97,52.59,52.86,943
2026-05-24 12:00:00+00:00,52.86,53.04,52.77,52.85,1108
2026-05-24 16:00:00+00:00,52.85,52.9,51.95,52.21,2142
2026-05-24 20:00:00+00:00,52.21,52.3,51.98,51.99,1103
2026-05-25 00:00:00+00:00,52.0,52.35,51.37,52.22,1805
2026-05-25 04:00:00+00:00,52.22,52.28,51.88,52.14,929
2026-05-25 08:00:00+00:00,52.14,52.43,52.1,52.41,1010
2026-05-25 12:00:00+00:00,52.41,52.52,51.98,52.17,1117
2026-05-25 16:00:00+00:00,52.17,52.55,52.02,52.5,1186
2026-05-25 20:00:00+00:00,52.5,52.53,52.06,52.15,1017
2026-05-26 00:00:00+00:00,52.18,52.33,51.72,51.92,1675
2026-05-26 04:00:00+00:00,51.92,51.92,51.51,51.87,1130
2026-05-26 08:00:00+00:00,51.87,52.08,51.69,51.76,1018
2026-05-26 12:00:00+00:00,51.76,52.36,51.66,52.23,1445
2026-05-26 16:00:00+00:00,52.23,52.49,51.4,51.57,2526
2026-05-26 20:00:00+00:00,51.57,51.64,51.0,51.35,2197
2026-05-27 00:00:00+00:00,51.36,51.56,51.19,51.56,1470
2026-05-27 04:00:00+00:00,51.56,51.57,51.09,51.53,1154
2026-05-27 08:00:00+00:00,51.53,51.89,51.51,51.63,1069
2026-05-27 12:00:00+00:00,51.63,51.96,51.52,51.75,1764
2026-05-27 16:00:00+00:00,51.75,52.23,51.33,51.8,3605
2026-05-27 20:00:00+00:00,51.81,51.9,51.33,51.85,2995
2026-05-28 00:00:00+00:00,51.84,51.91,51.03,51.37,3309
2026-05-28 04:00:00+00:00,51.37,51.39,49.88,50.16,4684
2026-05-28 08:00:00+00:00,50.16,50.24,49.69,50.08,2846
2026-05-28 12:00:00+00:00,50.07,50.38,49.92,50.29,2612
2026-05-28 16:00:00+00:00,50.29,51.35,49.93,51.27,6782
2026-05-28 20:00:00+00:00,51.27,51.51,51.0,51.25,3498
2026-05-29 00:00:00+00:00,51.29,51.46,50.99,51.08,1978
2026-05-29 04:00:00+00:00,51.08,51.21,50.71,51.0,1664
2026-05-29 08:00:00+00:00,51.0,51.36,50.91,51.1,1847
2026-05-29 12:00:00+00:00,51.1,51.26,50.84,50.97,2033
2026-05-29 16:00:00+00:00,50.97,51.7,50.51,51.51,6254
2026-05-29 20:00:00+00:00,51.52,51.69,50.88,51.26,4222
2026-05-30 00:00:00+00:00,51.34,51.59,51.06,51.52,1676
2026-05-30 04:00:00+00:00,51.52,51.89,51.47,51.63,2413
2026-05-30 08:00:00+00:00,51.63,51.88,51.57,51.87,1261
2026-05-30 12:00:00+00:00,51.86,52.11,51.82,52.02,1399
2026-05-30 16:00:00+00:00,52.01,52.14,51.56,51.71,2040
2026-05-30 20:00:00+00:00,51.72,51.95,51.6,51.9,1612
2026-05-31 00:00:00+00:00,51.9,51.97,51.68,51.84,1532
2026-05-31 04:00:00+00:00,51.84,52.11,51.84,51.99,1685
2026-05-31 08:00:00+00:00,51.99,52.0,51.59,51.81,1379
2026-05-31 12:00:00+00:00,51.81,51.93,51.61,51.76,1312
2026-05-31 16:00:00+00:00,51.76,51.98,50.89,50.97,2889
2026-05-31 20:00:00+00:00,50.96,51.26,50.75,51.24,1489
2026-06-01 00:00:00+00:00,51.22,51.7,51.18,51.6,2092
2026-06-01 04:00:00+00:00,51.6,51.61,50.78,51.08,2029
2026-06-01 08:00:00+00:00,51.08,51.12,50.18,50.41,1868
2026-06-01 12:00:00+00:00,50.42,50.8,50.22,50.48,1801
2026-06-01 16:00:00+00:00,50.48,50.5,49.47,50.06,4732
2026-06-01 20:00:00+00:00,50.06,50.42,50.03,50.31,2870
2026-06-02 00:00:00+00:00,50.33,50.34,49.85,50.0,2604
2026-06-02 04:00:00+00:00,50.0,50.11,49.16,49.24,2921
2026-06-02 08:00:00+00:00,49.24,49.24,48.51,48.8,3513
2026-06-02 12:00:00+00:00,48.8,49.04,48.51,48.85,1553
2026-06-02 16:00:00+00:00,48.85,48.95,46.85,47.58,8998
2026-06-02 20:00:00+00:00,47.58,47.93,46.75,47.68,5449
2026-06-03 00:00:00+00:00,47.67,47.89,45.68,46.73,7121
2026-06-03 04:00:00+00:00,46.73,47.2,46.21,47.16,4291
2026-06-03 08:00:00+00:00,47.17,47.91,47.17,47.76,4513
2026-06-03 12:00:00+00:00,47.73,47.87,47.29,47.61,2518
2026-06-03 16:00:00+00:00,47.61,47.68,46.49,46.96,5424
2026-06-03 20:00:00+00:00,46.96,47.21,46.27,46.31,5233
2026-06-04 00:00:00+00:00,46.35,47.39,46.02,46.18,9698
2026-06-04 04:00:00+00:00,46.19,46.35,43.3,45.89,12335
2026-06-04 08:00:00+00:00,45.88,46.24,45.24,45.79,8443
2026-06-04 12:00:00+00:00,45.79,45.8,44.85,44.99,1891
