time,open,high,low,close,volume
2022-03-14 00:00:00+00:00,79.2564,80.1718,77.6868,78.8496,17161
2022-03-14 04:00:00+00:00,78.866,81.6784,78.4516,80.2898,19453
2022-03-14 08:00:00+00:00,80.2874,81.4976,80.0562,81.3372,18684
2022-03-14 12:00:00+00:00,81.3372,82.2546,80.2476,80.7052,17852
2022-03-14 16:00:00+00:00,80.7142,81.454,80.1098,80.5444,20347
2022-03-14 20:00:00+00:00,80.5434,80.5768,78.485,79.2738,18712
2022-03-15 00:00:00+00:00,79.2338,81.5388,79.1234,81.3428,17089
2022-03-15 04:00:00+00:00,81.3442,81.3974,79.283,79.8686,17678
2022-03-15 08:00:00+00:00,79.8594,80.3646,78.7332,79.1944,17846
2022-03-15 12:00:00+00:00,79.1924,80.695,78.9872,80.5508,16682
2022-03-15 16:00:00+00:00,80.5448,82.2312,79.635,81.7562,24360
2022-03-15 20:00:00+00:00,81.7594,86.0432,81.5394,83.4238,26027
2022-03-16 00:00:00+00:00,83.426,84.6272,82.6094,82.6946,21242
2022-03-16 04:00:00+00:00,82.6912,86.3522,81.5586,81.8926,22645
2022-03-16 08:00:00+00:00,81.8928,83.9288,81.5202,83.6882,18328
2022-03-16 12:00:00+00:00,83.6932,84.6142,83.1482,83.2496,21006
2022-03-16 16:00:00+00:00,83.2458,84.6612,82.4946,83.6248,22892
2022-03-16 20:00:00+00:00,83.627,86.702,81.9326,86.128,25570
2022-03-17 00:00:00+00:00,86.1888,87.866,85.3846,87.23,15031
2022-03-17 04:00:00+00:00,87.2276,88.9712,86.7588,88.6354,16566
2022-03-17 08:00:00+00:00,88.635,88.717,86.4924,86.8242,17092
2022-03-17 12:00:00+00:00,86.8176,89.221,86.3254,89.221,21308
2022-03-17 16:00:00+00:00,89.2378,90.522,88.3884,89.3636,30333
2022-03-17 20:00:00+00:00,89.3776,90.7882,88.3948,89.2562,22371
2022-03-18 00:00:00+00:00,89.1216,89.1308,85.9076,86.2886,18125
2022-03-18 04:00:00+00:00,86.2882,86.8914,85.3174,85.699,15785
2022-03-18 08:00:00+00:00,85.693,86.8798,85.1558,85.9376,16595
2022-03-18 12:00:00+00:00,85.9402,86.0108,84.1738,84.7302,15573
2022-03-18 16:00:00+00:00,84.7122,90.6314,84.5236,90.4414,25308
2022-03-18 20:00:00+00:00,90.4352,92.07,89.8146,89.921,20982
2022-03-21 00:00:00+00:00,88.2934,89.3856,87.8216,88.3974,19617
2022-03-21 04:00:00+00:00,88.3958,88.6528,86.5046,87.721,19739
2022-03-21 08:00:00+00:00,87.7256,89.7544,87.696,89.4314,20230
2022-03-21 12:00:00+00:00,89.4644,90.8766,88.6038,89.506,26349
2022-03-21 16:00:00+00:00,89.5072,91.0664,87.693,87.8078,31239
2022-03-21 20:00:00+00:00,87.8062,88.6648,87.2078,88.4084,25771
2022-03-22 00:00:00+00:00,88.1402,88.9852,87.7722,88.5864,17419
2022-03-22 04:00:00+00:00,88.5832,92.1344,88.0072,91.7148,25147
2022-03-22 08:00:00+00:00,91.7204,91.9248,89.2474,90.696,21993
2022-03-22 12:00:00+00:00,90.6968,91.971,90.0896,91.3114,21393
2022-03-22 16:00:00+00:00,91.3222,93.7166,90.9002,92.2494,22760
2022-03-22 20:00:00+00:00,92.2508,93.3484,91.1026,91.5496,18241
2022-03-23 00:00:00+00:00,91.634,92.2006,89.8796,90.3052,15989
2022-03-23 04:00:00+00:00,90.3048,91.0518,88.9656,90.1912,17034
2022-03-23 08:00:00+00:00,90.1962,91.5482,89.824,90.867,13556
2022-03-23 12:00:00+00:00,90.8636,92.3618,90.3706,92.2204,16972
2022-03-23 16:00:00+00:00,92.2298,96.1086,91.5982,94.6604,22507
2022-03-23 20:00:00+00:00,94.658,94.8248,92.3116,93.185,17922
2022-03-24 00:00:00+00:00,93.0232,95.7168,92.8136,95.0532,23250
2022-03-24 04:00:00+00:00,95.0608,95.691,93.4758,94.9566,26167
2022-03-24 08:00:00+00:00,94.964,97.6194,94.6814,97.2424,29673
2022-03-24 12:00:00+00:00,97.234,101.598,97.094,99.1182,27418
2022-03-24 16:00:00+00:00,99.1,102.458,97.9892,101.328,28687
2022-03-24 20:00:00+00:00,101.574,103.506,100.368,102.164,22730
2022-03-25 00:00:00+00:00,102.034,102.812,100.584,101.11,18594
2022-03-25 04:00:00+00:00,101.104,104.518,100.724,104.31,18289
2022-03-25 08:00:00+00:00,104.314,104.628,101.254,102.85,16003
2022-03-25 12:00:00+00:00,102.856,104.28,101.734,103.55,17417
2022-03-25 16:00:00+00:00,103.554,103.88,97.9362,97.9864,21874
2022-03-25 20:00:00+00:00,97.969,98.96340000000001,96.8418,98.894,18429
2022-03-28 00:00:00+00:00,104.478,107.384,103.84,105.758,21750
2022-03-28 04:00:00+00:00,105.754,107.014,104.988,106.916,14169
2022-03-28 08:00:00+00:00,106.904,111.666,106.752,108.752,20772
2022-03-28 12:00:00+00:00,108.76,111.416,108.588,109.932,17928
2022-03-28 16:00:00+00:00,109.936,113.604,108.646,110.468,24720
2022-03-28 20:00:00+00:00,110.47,112.75,109.362,112.378,21897
2022-03-29 00:00:00+00:00,112.502,112.522,105.148,108.192,22333
2022-03-29 04:00:00+00:00,108.198,111.176,107.502,111.056,17886
2022-03-29 08:00:00+00:00,111.014,111.762,109.098,110.984,18621
2022-03-29 12:00:00+00:00,110.988,115.068,110.48,114.572,23413
2022-03-29 16:00:00+00:00,114.552,115.43,108.916,110.658,27537
2022-03-29 20:00:00+00:00,110.658,113.89,108.65,112.288,25450
2022-03-30 00:00:00+00:00,113.38,113.508,108.392,109.24,23639
2022-03-30 04:00:00+00:00,109.24,111.088,106.848,109.98,22716
2022-03-30 08:00:00+00:00,109.976,112.66,109.66,111.884,22953
2022-03-30 12:00:00+00:00,111.878,114.794,110.45,114.75,26232
2022-03-30 16:00:00+00:00,114.744,124.948,113.454,123.65,34456
2022-03-30 20:00:00+00:00,123.646,124.806,119.444,120.582,29684
2022-03-31 00:00:00+00:00,120.172,121.66,118.842,120.596,24927
2022-03-31 04:00:00+00:00,120.574,123.624,120.124,120.624,22702
2022-03-31 08:00:00+00:00,120.622,123.55,120.256,122.78,22327
2022-03-31 12:00:00+00:00,122.784,127.742,122.556,127.34,27322
2022-03-31 16:00:00+00:00,127.344,129.262,121.034,122.39,34694
2022-03-31 20:00:00+00:00,122.436,124.884,121.458,124.07,30078
2022-04-01 00:00:00+00:00,123.942,125.352,121.974,124.132,29380
2022-04-01 04:00:00+00:00,124.13,124.13,117.176,120.91,31547
2022-04-01 08:00:00+00:00,120.918,126.906,119.582,124.974,26123
2022-04-01 12:00:00+00:00,124.976,126.336,121.844,125.428,29763
2022-04-01 16:00:00+00:00,125.42,135.008,125.388,132.802,34846
2022-04-01 20:00:00+00:00,132.796,137.338,132.342,134.624,30609
2022-04-04 00:00:00+00:00,135.412,139.172,133.962,134.116,31349
2022-04-04 04:00:00+00:00,134.15,137.134,133.858,135.152,26215
2022-04-04 08:00:00+00:00,135.156,138.014,134.778,136.218,28425
2022-04-04 12:00:00+00:00,136.222,136.662,132.172,132.632,31558
2022-04-04 16:00:00+00:00,132.632,133.414,128.062,129.622,33766
2022-04-04 20:00:00+00:00,129.628,131.624,125.606,130.302,33711
2022-04-05 00:00:00+00:00,131.092,132.826,129.902,130.008,27257
2022-04-05 04:00:00+00:00,130.014,133.708,129.458,133.168,24860
2022-04-05 08:00:00+00:00,133.17,133.936,131.126,132.512,23176
2022-04-05 12:00:00+00:00,132.516,136.368,131.17,134.806,25536
2022-04-05 16:00:00+00:00,134.77,135.358,128.972,132.828,31425
2022-04-05 20:00:00+00:00,132.818,133.348,128.452,129.258,28137
2022-04-06 00:00:00+00:00,129.29,130.12,119.848,124.282,26402
2022-04-06 04:00:00+00:00,124.292,125.916,122.76,125.18,26982
2022-04-06 08:00:00+00:00,125.176,127.16,124.234,125.096,27000
2022-04-06 12:00:00+00:00,125.116,125.29,119.046,121.638,28869
2022-04-06 16:00:00+00:00,121.618,122.834,114.478,115.87,35190
2022-04-06 20:00:00+00:00,115.876,119.678,114.356,118.208,35450
2022-04-07 00:00:00+00:00,117.982,119.326,110.636,111.658,29788
2022-04-07 04:00:00+00:00,111.666,114.644,111.554,114.104,32144
2022-04-07 08:00:00+00:00,114.084,116.582,112.78,116.246,27415
2022-04-07 12:00:00+00:00,116.248,118.294,113.506,116.318,28747
2022-04-07 16:00:00+00:00,116.296,117.318,111.45,114.576,31588
2022-04-07 20:00:00+00:00,114.572,118.738,114.386,118.136,28623
2022-04-08 00:00:00+00:00,117.888,121.556,116.496,119.438,25030
2022-04-08 04:00:00+00:00,119.396,122.14,119.144,120.946,23443
2022-04-08 08:00:00+00:00,120.942,121.598,116.434,119.064,23303
2022-04-08 12:00:00+00:00,119.056,119.558,114.252,114.786,22551
2022-04-08 16:00:00+00:00,114.766,118.254,112.576,114.65,27435
2022-04-08 20:00:00+00:00,114.684,115.094,112.458,113.106,24333
2022-04-11 00:00:00+00:00,114.38,114.654,108.886,110.782,21930
2022-04-11 04:00:00+00:00,110.758,111.664,108.06,110.72,18491
2022-04-11 08:00:00+00:00,110.718,111.6,109.04,109.486,15429
2022-04-11 12:00:00+00:00,109.492,109.54,102.714,103.362,25020
2022-04-11 16:00:00+00:00,103.35,103.562,100.968,102.492,24084
2022-04-11 20:00:00+00:00,102.496,103.568,100.04,100.898,22630
2022-04-12 00:00:00+00:00,101.33,101.44,97.8586,99.6582,24237
2022-04-12 04:00:00+00:00,99.665,101.386,98.0628,101.29,17274
2022-04-12 08:00:00+00:00,101.27,103.364,100.832,102.674,17908
2022-04-12 12:00:00+00:00,102.678,107.992,101.972,107.602,20292
2022-04-12 16:00:00+00:00,107.584,108.954,104.728,105.258,21614
2022-04-12 20:00:00+00:00,105.238,105.518,100.114,101.674,20976
2022-04-13 00:00:00+00:00,101.622,103.94,101.002,102.75,15446
2022-04-13 04:00:00+00:00,102.76,104.778,101.586,103.82,16713
2022-04-13 08:00:00+00:00,103.816,104.57,102.858,103.828,15144
2022-04-13 12:00:00+00:00,103.834,104.002,100.068,100.182,18963
2022-04-13 16:00:00+00:00,100.18,105.752,99.5344,104.314,25368
2022-04-13 20:00:00+00:00,104.334,105.512,103.406,104.6,18201
2022-04-14 00:00:00+00:00,104.77,105.238,103.754,104.802,11982
2022-04-14 04:00:00+00:00,104.808,107.41,104.686,106.424,14851
2022-04-14 08:00:00+00:00,106.376,106.992,105.3,105.866,14272
2022-04-14 12:00:00+00:00,105.834,106.118,102.964,104.666,15933
2022-04-14 16:00:00+00:00,104.712,105.54,98.7128,99.65,22484
2022-04-14 20:00:00+00:00,99.6514,100.652,98.4822,99.862,16969
2022-04-15 00:00:00+00:00,99.766,101.394,99.274,99.988,11259
2022-04-15 04:00:00+00:00,99.982,102.196,99.778,101.304,11619
2022-04-15 08:00:00+00:00,101.308,102.17,100.25,101.048,13731
2022-04-15 12:00:00+00:00,101.056,101.818,100.586,101.2,11591
2022-04-15 16:00:00+00:00,101.202,102.628,99.5832,101.794,17075
2022-04-15 20:00:00+00:00,101.79,102.546,99.924,100.736,11817
2022-04-18 00:00:00+00:00,102.966,102.974,99.359,100.172,19805
2022-04-18 04:00:00+00:00,100.168,101.436,95.0178,95.225,16564
2022-04-18 08:00:00+00:00,95.224,97.4624,94.7846,95.1968,20084
2022-04-18 12:00:00+00:00,95.2096,98.4552,94.4388,98.178,16727
2022-04-18 16:00:00+00:00,98.1668,98.9918,96.8188,98.4618,22259
2022-04-18 20:00:00+00:00,98.476,102.066,98.4094,100.988,20211
2022-04-19 00:00:00+00:00,101.026,103.452,100.95,103.448,16900
2022-04-19 04:00:00+00:00,103.45,103.496,100.772,102.252,13014
2022-04-19 08:00:00+00:00,102.258,102.302,101.056,101.9,11880
2022-04-19 12:00:00+00:00,101.896,103.45,101.2,103.362,16153
2022-04-19 16:00:00+00:00,103.368,108.328,102.95,105.632,23590
2022-04-19 20:00:00+00:00,105.628,107.916,105.046,107.772,16797
2022-04-20 00:00:00+00:00,107.72,109.226,106.48,107.538,15832
2022-04-20 04:00:00+00:00,107.54,108.562,106.774,107.404,15415
2022-04-20 08:00:00+00:00,107.4,108.216,106.328,107.368,15251
2022-04-20 12:00:00+00:00,107.376,110.62,107.132,109.668,24714
2022-04-20 16:00:00+00:00,109.66,110.068,104.432,106.202,28532
2022-04-20 20:00:00+00:00,106.204,107.214,103.982,106.78,20188
2022-04-21 00:00:00+00:00,106.984,107.316,104.758,106.248,17255
2022-04-21 04:00:00+00:00,106.24,107.36,105.724,106.664,15326
2022-04-21 08:00:00+00:00,106.654,107.268,105.048,106.99,17100
2022-04-21 12:00:00+00:00,106.994,108.992,105.486,108.5,19797
2022-04-21 16:00:00+00:00,108.504,109.696,106.066,106.122,23164
2022-04-21 20:00:00+00:00,106.1,106.716,101.562,102.22,25164
2022-04-22 00:00:00+00:00,102.26,102.854,99.1172,102.296,21505
2022-04-22 04:00:00+00:00,102.3,102.998,101.556,102.908,13981
2022-04-22 08:00:00+00:00,102.904,103.272,101.048,101.464,15392
2022-04-22 12:00:00+00:00,101.468,102.2,99.818,101.604,17084
2022-04-22 16:00:00+00:00,101.61,102.488,98.9246,99.92,27708
2022-04-22 20:00:00+00:00,99.914,101.718,99.6132,101.208,18152
2022-04-25 00:00:00+00:00,99.758,100.174,96.0042,96.616,21498
2022-04-25 04:00:00+00:00,96.6172,97.8588,95.8902,97.596,21605
2022-04-25 08:00:00+00:00,97.5962,97.9468,94.4734,94.558,6047
2022-04-25 12:00:00+00:00,94.5578,97.2754,94.1806,96.4396,28896
2022-04-25 16:00:00+00:00,96.444,98.851,95.5812,98.3074,32984
2022-04-25 20:00:00+00:00,98.3026,100.596,98.1162,99.7304,26349
2022-04-26 00:00:00+00:00,99.798,101.668,99.5528,101.054,16108
2022-04-26 04:00:00+00:00,101.054,101.236,99.96,100.634,17150
2022-04-26 08:00:00+00:00,100.64,101.324,99.86,100.59,18095
2022-04-26 12:00:00+00:00,100.586,100.786,99.4774,100.042,18261
2022-04-26 16:00:00+00:00,100.038,100.19,95.7212,97.3462,30224
2022-04-26 20:00:00+00:00,97.3464,97.4554,95.1674,96.3524,31513
2022-04-27 00:00:00+00:00,96.3878,97.2142,94.3284,95.5852,25235
2022-04-27 04:00:00+00:00,95.5888,96.9238,95.5182,96.7114,25162
2022-04-27 08:00:00+00:00,96.7096,99.7308,96.7088,98.9832,25931
2022-04-27 12:00:00+00:00,98.9786,99.836,97.774,98.0624,26312
2022-04-27 16:00:00+00:00,98.0506,100.464,96.5498,98.0328,31827
2022-04-27 20:00:00+00:00,98.0432,98.2202,96.523,97.709,27840
2022-04-28 00:00:00+00:00,97.6788,98.9384,97.561,98.7578,20348
2022-04-28 04:00:00+00:00,98.7756,99.6114,98.3016,99.3988,19760
2022-04-28 08:00:00+00:00,99.3988,100.268,98.3058,99.6208,20794
2022-04-28 12:00:00+00:00,99.6282,100.224,97.844,98.1302,15487
2022-04-28 16:00:00+00:00,98.1246,99.0206,95.9968,98.4696,34749
2022-04-28 20:00:00+00:00,98.5134,99.916,97.7718,98.1836,24594
2022-04-29 00:00:00+00:00,98.0606,98.37,97.0284,98.247,21376
2022-04-29 04:00:00+00:00,98.2446,98.3876,96.4522,97.1972,18889
2022-04-29 08:00:00+00:00,97.1782,97.7354,96.8264,97.0358,21529
2022-04-29 12:00:00+00:00,97.0204,97.0204,94.803,95.4984,30389
2022-04-29 16:00:00+00:00,95.4962,96.7248,94.387,94.617,30820
2022-04-29 20:00:00+00:00,94.6202,95.0106,92.0728,93.423,32999
2022-05-02 00:00:00+00:00,88.7726,90.5928,87.8458,89.9584,27225
2022-05-02 04:00:00+00:00,89.9598,90.341,88.401,89.8464,32084
2022-05-02 08:00:00+00:00,89.8444,90.4982,87.964,88.5074,30282
2022-05-02 12:00:00+00:00,88.5098,89.085,85.9992,86.7508,33256
2022-05-02 16:00:00+00:00,86.7518,88.6614,85.9458,86.3064,34899
2022-05-02 20:00:00+00:00,86.286,87.1858,84.7968,86.1262,30092
2022-05-03 00:00:00+00:00,86.1682,88.208,86.0728,86.7126,25298
2022-05-03 04:00:00+00:00,86.7124,88.4906,86.4142,88.06,24167
2022-05-03 08:00:00+00:00,88.0648,88.4648,87.5342,87.867,24547
2022-05-03 12:00:00+00:00,87.8636,88.2996,86.9276,87.5656,22378
2022-05-03 16:00:00+00:00,87.564,87.9076,86.0332,86.1192,30457
2022-05-03 20:00:00+00:00,86.1166,86.8952,84.3374,84.9342,30327
2022-05-04 00:00:00+00:00,85.5336,86.2664,84.8642,85.78659999999999,22632
2022-05-04 04:00:00+00:00,85.7848,86.4626,85.4628,85.6078,18129
2022-05-04 08:00:00+00:00,85.6078,87.8026,85.1938,87.575,14658
2022-05-04 12:00:00+00:00,87.5782,88.431,86.9312,87.5762,26330
2022-05-04 16:00:00+00:00,87.5672,88.1054,86.0002,87.1684,32880
2022-05-04 20:00:00+00:00,87.1752,91.902,86.215,91.5838,33548
2022-05-05 00:00:00+00:00,91.64,94.0958,91.2978,93.4282,23845
2022-05-05 04:00:00+00:00,93.4316,94.9258,92.9466,93.7382,18932
2022-05-05 08:00:00+00:00,93.728,94.2578,91.9404,92.035,20986
2022-05-05 12:00:00+00:00,92.035,92.801,91.7418,92.2782,7799
2022-05-05 16:00:00+00:00,92.2764,92.2898,83.954,84.8814,27596
2022-05-05 20:00:00+00:00,84.881,85.4862,81.059,84.6626,33481
2022-05-06 00:00:00+00:00,84.531,85.0662,82.8308,83.4788,24082
2022-05-06 04:00:00+00:00,83.4796,84.0316,81.0492,82.066,17587
2022-05-06 08:00:00+00:00,82.0658,83.1396,80.7088,82.1886,23608
2022-05-06 12:00:00+00:00,82.1858,83.3244,80.1004,81.1742,20897
2022-05-06 16:00:00+00:00,81.1386,82.8794,79.6606,82.1016,21441
2022-05-06 20:00:00+00:00,82.113,82.1442,80.6892,81.996,11133
2022-05-09 00:00:00+00:00,75.668,76.8196,74.3654,76.2298,8615
2022-05-09 04:00:00+00:00,76.232,76.9032,73.4448,74.8454,13740
2022-05-09 08:00:00+00:00,74.8538,75.1132,73.0298,74.4814,13982
2022-05-09 12:00:00+00:00,74.4812,74.9422,70.4228,71.0494,18609
2022-05-09 16:00:00+00:00,71.0684,72.797,65.0032,66.4728,25661
2022-05-09 20:00:00+00:00,66.463,68.2204,62.6102,66.4196,32861
2022-05-10 00:00:00+00:00,66.4314,67.8702,59.847,64.5734,28926
2022-05-10 04:00:00+00:00,64.6168,68.1368,63.257,67.5894,28502
2022-05-10 08:00:00+00:00,67.5864,72.6942,67.5068,69.6422,25112
2022-05-10 12:00:00+00:00,69.6424,73.5248,68.1376,73.105,20403
2022-05-10 16:00:00+00:00,73.0942,73.7228,66.9214,68.9108,30056
2022-05-10 20:00:00+00:00,68.9028,70.798,64.943,65.2,24226
2022-05-11 00:00:00+00:00,65.37,68.0204,62.9318,66.9138,28999
2022-05-11 04:00:00+00:00,66.902,67.9282,64.711,65.0988,22355
2022-05-11 08:00:00+00:00,65.1074,68.1432,60.3978,64.0496,29842
2022-05-11 12:00:00+00:00,64.0636,66.105,47.7162,49.1438,29476
2022-05-11 16:00:00+00:00,49.1496,59.725,48.706,52.4972,37728
2022-05-11 20:00:00+00:00,52.4696,53.206,42.9742,43.4274,35545
2022-05-12 00:00:00+00:00,44.1886,53.7956,42.7462,51.7084,37509
2022-05-12 04:00:00+00:00,51.7056,52.4852,41.9372,43.6496,36832
2022-05-12 08:00:00+00:00,43.6556,45.5566,35.2548,43.0194,39604
2022-05-12 12:00:00+00:00,43.0478,46.7834,40.1606,44.3628,35088
2022-05-12 16:00:00+00:00,44.3628,48.6846,42.2174,47.0044,34408
2022-05-12 20:00:00+00:00,47.0094,47.5452,42.9232,44.046,26383
2022-05-13 00:00:00+00:00,43.8022,46.5094,41.1426,46.283,26632
2022-05-13 04:00:00+00:00,46.2854,51.7082,44.3224,49.8,29961
2022-05-13 08:00:00+00:00,49.8,53.4344,48.488,50.9924,28503
2022-05-13 12:00:00+00:00,50.9924,53.6342,49.9292,52.8928,24864
2022-05-13 16:00:00+00:00,52.8728,55.86,50.845,51.2222,28866
2022-05-13 20:00:00+00:00,51.2372,53.1176,49.3162,50.0166,25459
2022-05-16 00:00:00+00:00,56.5472,58.9222,55.8484,56.8488,17081
2022-05-16 04:00:00+00:00,56.8472,57.0178,54.4164,55.0656,14958
2022-05-16 08:00:00+00:00,55.0552,56.0482,52.8182,54.0712,17387
2022-05-16 12:00:00+00:00,54.063,54.8546,52.2282,54.1248,19147
2022-05-16 16:00:00+00:00,54.1148,55.1168,51.5432,52.3732,22401
2022-05-16 20:00:00+00:00,52.364,55.0964,52.2446,54.4576,16856
2022-05-17 00:00:00+00:00,54.386,55.418,52.8294,54.5316,15567
2022-05-17 04:00:00+00:00,54.5336,56.5528,53.487,56.1806,13115
2022-05-17 08:00:00+00:00,56.1904,57.285,55.2478,55.9504,13014
2022-05-17 12:00:00+00:00,55.9616,57.1082,55.0776,57.0462,12385
2022-05-17 16:00:00+00:00,57.0562,57.8346,53.656,54.8104,18408
2022-05-17 20:00:00+00:00,54.821,55.889,52.6856,55.0686,19470
2022-05-18 00:00:00+00:00,54.9474,57.495,54.8832,56.8404,12309
2022-05-18 04:00:00+00:00,56.871,56.9106,54.5272,54.8858,11997
2022-05-18 08:00:00+00:00,54.8844,55.8898,54.0272,54.4374,11380
2022-05-18 12:00:00+00:00,54.4372,54.5656,52.4854,52.7124,11854
2022-05-18 16:00:00+00:00,52.7124,52.9514,49.3252,50.7888,23296
2022-05-18 20:00:00+00:00,50.7906,51.6098,49.7254,50.7154,16115
2022-05-19 00:00:00+00:00,50.766,51.294,49.0182,50.1152,12910
2022-05-19 04:00:00+00:00,50.1054,51.1054,47.866,50.2816,13693
2022-05-19 08:00:00+00:00,50.2798,51.8886,49.1124,49.1208,11225
2022-05-19 12:00:00+00:00,49.1026,51.1918,47.905,50.3542,16991
2022-05-19 16:00:00+00:00,50.3556,53.716,49.9474,52.7578,22415
2022-05-19 20:00:00+00:00,52.7778,53.1282,51.1218,51.7008,12664
2022-05-20 00:00:00+00:00,51.6114,52.2984,50.353,51.8712,10241
2022-05-20 04:00:00+00:00,51.8422,53.17,50.2432,50.655,11384
2022-05-20 08:00:00+00:00,50.6452,52.4778,50.253,52.1734,12296
2022-05-20 12:00:00+00:00,52.1744,53.2728,51.1596,51.8494,12529
2022-05-20 16:00:00+00:00,51.8282,52.3774,47.4666,48.1714,22226
2022-05-20 20:00:00+00:00,48.1684,50.413,47.5222,49.717,15154
2022-05-23 00:00:00+00:00,51.5152,52.8264,51.3144,52.3918,9673
2022-05-23 04:00:00+00:00,52.3902,52.3994,51.4654,51.6506,6292
2022-05-23 08:00:00+00:00,51.661,54.0162,51.5598,53.03,10093
2022-05-23 12:00:00+00:00,53.0388,54.3388,52.5932,53.3166,9978
2022-05-23 16:00:00+00:00,53.3182,54.0502,51.865,53.2754,15930
2022-05-23 20:00:00+00:00,53.2736,53.3044,49.3822,50.488,14424
2022-05-24 00:00:00+00:00,50.4638,50.7042,48.2666,49.0186,11866
2022-05-24 04:00:00+00:00,49.0076,49.9786,48.8122,49.5242,5860
2022-05-24 08:00:00+00:00,49.5224,49.8236,48.5012,48.5122,5878
2022-05-24 12:00:00+00:00,48.531,49.5522,48.328,48.9866,8672
2022-05-24 16:00:00+00:00,48.988,50.5164,46.7522,49.239,16281
2022-05-24 20:00:00+00:00,49.2404,49.4056,48.2154,49.0616,12954
2022-05-25 00:00:00+00:00,49.4444,49.7634,48.7768,48.955,5757
2022-05-25 04:00:00+00:00,48.9566,50.1966,48.6678,49.309,9581
2022-05-25 08:00:00+00:00,49.3104,49.5854,48.0982,48.8364,9186
2022-05-25 12:00:00+00:00,48.8148,48.994,47.2166,47.7248,9803
2022-05-25 16:00:00+00:00,47.7366,48.5364,47.4176,47.758,13393
2022-05-25 20:00:00+00:00,47.7282,48.793,47.5824,48.3054,10969
2022-05-26 00:00:00+00:00,48.3318,48.5376,47.5176,48.1378,6975
2022-05-26 04:00:00+00:00,48.1364,48.2146,47.2864,47.385,5817
2022-05-26 08:00:00+00:00,47.3844,47.669200000000004,43.3392,43.8922,14694
2022-05-26 12:00:00+00:00,43.8624,44.174,42.839,43.2878,13090
2022-05-26 16:00:00+00:00,43.2876,46.3238,41.3912,45.3738,20420
2022-05-26 20:00:00+00:00,45.383,45.6898,43.5124,43.9216,15010
2022-05-27 00:00:00+00:00,43.9602,44.4922,42.6592,42.9368,14005
2022-05-27 04:00:00+00:00,42.9756,43.0854,40.8672,41.1726,17594
2022-05-27 08:00:00+00:00,41.1406,41.5828,39.6092,40.5176,18249
2022-05-27 12:00:00+00:00,40.539,42.8714,40.2182,42.5964,16460
2022-05-27 16:00:00+00:00,42.5948,43.2692,41.1368,41.3322,19043
2022-05-27 20:00:00+00:00,41.3224,42.277,40.1118,41.7128,17999
2022-05-30 00:00:00+00:00,44.0432,44.8254,43.94,44.0138,6911
2022-05-30 04:00:00+00:00,44.004,46.3336,43.9398,45.4172,10993
2022-05-30 08:00:00+00:00,45.4406,47.0384,45.3384,46.45,9566
2022-05-30 12:00:00+00:00,46.4606,46.5216,44.813,45.1928,10099
2022-05-30 16:00:00+00:00,45.2026,45.9684,44.6112,45.6272,11671
2022-05-30 20:00:00+00:00,45.6294,46.6474,45.075,46.644,8611
2022-05-31 00:00:00+00:00,46.7348,48.0226,46.2548,46.4888,11954
2022-05-31 04:00:00+00:00,46.4888,47.8882,45.9024,46.9506,9973
2022-05-31 08:00:00+00:00,46.9776,47.4646,45.5874,46.2524,12184
2022-05-31 12:00:00+00:00,46.2538,46.5948,45.6366,45.8826,10274
2022-05-31 16:00:00+00:00,45.8832,46.4766,44.2308,45.9428,16745
2022-05-31 20:00:00+00:00,45.911,46.1358,44.8738,45.466,12971
2022-06-01 00:00:00+00:00,45.3032,45.8892,44.7612,45.6626,9990
2022-06-01 04:00:00+00:00,45.6606,45.703,44.0236,44.4408,11264
2022-06-01 08:00:00+00:00,44.4392,44.8866,44.095,44.5096,8987
2022-06-01 12:00:00+00:00,44.5108,44.959,43.9016,44.6072,8388
2022-06-01 16:00:00+00:00,44.6388,45.3322,42.292,42.4088,19711
2022-06-01 20:00:00+00:00,42.3896,42.4402,39.2584,40.3212,19579
2022-06-02 00:00:00+00:00,40.2526,40.4548,38.7404,39.3146,9505
2022-06-02 04:00:00+00:00,39.3254,39.9178,38.3778,38.669,14040
2022-06-02 08:00:00+00:00,38.6648,39.7798,37.8238,39.3748,14432
2022-06-02 12:00:00+00:00,39.3614,40.896,39.2444,40.7594,13542
2022-06-02 16:00:00+00:00,40.7578,40.8862,39.3406,40.436,19509
2022-06-02 20:00:00+00:00,40.4348,40.719,39.6056,40.1332,12897
2022-06-03 00:00:00+00:00,40.1458,41.3196,39.9464,40.1514,11278
2022-06-03 04:00:00+00:00,40.1506,41.2298,40.1228,40.3416,9360
2022-06-03 08:00:00+00:00,40.3476,40.785,39.268,39.4104,10917
2022-06-03 12:00:00+00:00,39.3988,39.5238,37.363,37.5398,18587
2022-06-03 16:00:00+00:00,37.5384,38.1104,37.3576,37.8488,16582
2022-06-03 20:00:00+00:00,37.8392,38.2664,37.4616,38.0368,11572
2022-06-06 00:00:00+00:00,39.4332,39.6794,38.0372,39.4476,12337
2022-06-06 04:00:00+00:00,39.4496,41.7344,39.397,41.2426,17061
2022-06-06 08:00:00+00:00,41.2518,44.4956,41.2054,43.657,15846
2022-06-06 12:00:00+00:00,43.6548,44.3202,43.2634,43.6034,13782
2022-06-06 16:00:00+00:00,43.612,43.7172,41.4946,41.8264,21332
2022-06-06 20:00:00+00:00,41.8244,42.1186,40.7882,41.8058,14933
2022-06-07 00:00:00+00:00,41.8658,42.9024,39.554,39.8528,16220
2022-06-07 04:00:00+00:00,39.8936,40.2736,38.4058,39.0498,17333
2022-06-07 08:00:00+00:00,39.0704,39.3618,38.532,39.1682,13602
2022-06-07 12:00:00+00:00,39.169,39.2202,36.8504,37.978,14248
2022-06-07 16:00:00+00:00,37.9766,39.3418,37.8348,38.8078,18814
2022-06-07 20:00:00+00:00,38.8158,41.0422,38.6466,40.2758,16171
2022-06-08 00:00:00+00:00,40.1908,40.67,38.1108,39.2214,17744
2022-06-08 04:00:00+00:00,39.2382,40.6092,37.9912,38.6224,18396
2022-06-08 08:00:00+00:00,38.6234,39.3354,38.3608,39.0858,12356
2022-06-08 12:00:00+00:00,39.0766,39.4348,38.4374,38.5818,8866
2022-06-08 16:00:00+00:00,38.5726,39.8296,38.4424,39.0166,14380
2022-06-08 20:00:00+00:00,39.0054,39.1802,38.1092,38.5564,8749
2022-06-09 00:00:00+00:00,38.5716,39.0878,38.1356,38.5358,10538
2022-06-09 04:00:00+00:00,38.5362,38.9238,38.1722,38.712,8373
2022-06-09 08:00:00+00:00,38.7212,40.384,38.6112,40.2028,8403
2022-06-09 12:00:00+00:00,40.2014,41.6534,39.9164,39.967,11165
2022-06-09 16:00:00+00:00,39.9486,40.6784,39.525,40.669200000000004,10198
2022-06-09 20:00:00+00:00,40.671,41.1088,39.1192,39.7188,9156
2022-06-10 00:00:00+00:00,39.6874,39.8438,38.7246,39.1894,9599
2022-06-10 04:00:00+00:00,39.2186,40.5858,39.1678,39.9036,10364
2022-06-10 08:00:00+00:00,39.9032,40.5138,39.5852,39.6632,6668
2022-06-10 12:00:00+00:00,39.6508,39.7514,37.5902,37.9496,10586
2022-06-10 16:00:00+00:00,37.9564,38.2986,36.7146,36.9482,15023
2022-06-10 20:00:00+00:00,36.9574,37.4792,36.693,37.4552,8911
2022-06-13 00:00:00+00:00,31.7402,32.0924,29.2158,29.2756,20389
2022-06-13 04:00:00+00:00,29.2756,29.5218,27.3726,28.141,27700
2022-06-13 08:00:00+00:00,28.1392,28.560200000000002,25.88,25.9396,24858
2022-06-13 12:00:00+00:00,25.9486,28.087,25.7482,26.1972,27417
2022-06-13 16:00:00+00:00,26.1972,29.0862,25.801,27.9666,29710
2022-06-13 20:00:00+00:00,27.9684,29.554,27.1222,28.3454,20866
2022-06-14 00:00:00+00:00,28.3028,28.5396,26.7042,27.1664,22370
2022-06-14 04:00:00+00:00,27.1662,29.064,25.5654,28.0278,25642
2022-06-14 08:00:00+00:00,28.0278,31.8672,27.9874,29.9,21801
2022-06-14 12:00:00+00:00,29.8972,30.0868,28.0634,28.86,19524
2022-06-14 16:00:00+00:00,28.86,31.0516,28.799,29.429,25094
2022-06-14 20:00:00+00:00,29.4298,30.021,28.4132,28.779,17797
2022-06-15 00:00:00+00:00,28.898,29.9164,27.6846,29.1928,15813
2022-06-15 04:00:00+00:00,29.1844,29.967,27.7066,28.2338,16860
2022-06-15 08:00:00+00:00,28.2338,28.472,26.551,26.716,22890
2022-06-15 12:00:00+00:00,26.7176,29.3028,26.4656,28.5254,23624
2022-06-15 16:00:00+00:00,28.5254,29.6716,28.1472,28.347,21598
2022-06-15 20:00:00+00:00,28.3466,32.6316,27.8198,31.4328,29978
2022-06-16 00:00:00+00:00,31.5536,35.687,31.3502,34.8654,18603
2022-06-16 04:00:00+00:00,34.855,35.382,33.1744,33.3964,14825
2022-06-16 08:00:00+00:00,33.4056,33.8878,31.9396,32.3556,16476
2022-06-16 12:00:00+00:00,32.3556,32.425,30.4078,31.1634,20175
2022-06-16 16:00:00+00:00,31.1656,32.122,29.7482,31.673000000000002,27955
2022-06-16 20:00:00+00:00,31.682,32.3039,30.1512,30.764,23164
2022-06-17 00:00:00+00:00,30.726,31.266,29.3656,29.4668,12103
2022-06-17 04:00:00+00:00,29.438,30.9996,29.422,30.2258,13132
2022-06-17 08:00:00+00:00,30.2266,31.649,30.1974,31.077,15492
2022-06-17 12:00:00+00:00,31.076,31.821,30.6606,30.8748,16054
2022-06-17 16:00:00+00:00,30.8932,31.7392,30.521,30.7794,21058
2022-06-17 20:00:00+00:00,30.7794,31.8096,30.6592,31.2602,15876
2022-06-20 00:00:00+00:00,34.3372,35.074,32.7842,32.8152,17797
2022-06-20 04:00:00+00:00,32.8152,33.132,31.458,31.5272,19246
2022-06-20 08:00:00+00:00,31.5272,33.452,31.4188,33.3418,20485
2022-06-20 12:00:00+00:00,33.3418,36.5746,33.1954,35.45,24958
2022-06-20 16:00:00+00:00,35.457,36.388,33.938,34.2414,23548
2022-06-20 20:00:00+00:00,34.2274,34.976,33.6184,34.758,20388
2022-06-21 00:00:00+00:00,34.76,35.4328,33.4746,35.163,20916
2022-06-21 04:00:00+00:00,35.163,35.5416,34.251,34.9046,20741
2022-06-21 08:00:00+00:00,34.9046,38.0994,34.9046,37.8938,19515
2022-06-21 12:00:00+00:00,37.8938,38.2284,36.621,37.0934,18474
2022-06-21 16:00:00+00:00,37.0934,38.8636,36.6738,37.7488,21385
2022-06-21 20:00:00+00:00,37.7488,37.9086,35.6592,35.8958,18250
2022-06-22 00:00:00+00:00,35.8864,36.508,35.2478,35.907,15009
2022-06-22 04:00:00+00:00,35.907,36.293,33.996,34.5138,17409
2022-06-22 08:00:00+00:00,34.5128,34.9598,33.345,34.0444,18368
2022-06-22 12:00:00+00:00,34.0444,35.805,34.0444,34.923,18095
2022-06-22 16:00:00+00:00,34.9144,36.556,33.8218,34.8104,26421
2022-06-22 20:00:00+00:00,34.8104,35.0246,33.5618,33.919200000000004,19356
2022-06-23 00:00:00+00:00,33.95,35.2512,33.695,34.9966,14718
2022-06-23 04:00:00+00:00,34.9966,35.8004,34.6812,35.5736,13803
2022-06-23 08:00:00+00:00,35.5736,36.4326,35.234,35.973,14761
2022-06-23 12:00:00+00:00,35.9754,37.151,35.4338,36.3174,16070
2022-06-23 16:00:00+00:00,36.3174,37.4646,35.7862,36.3744,20217
2022-06-23 20:00:00+00:00,36.3744,38.1296,35.9578,37.4084,18371
2022-06-24 00:00:00+00:00,37.4496,38.493,36.9262,37.6716,12869
2022-06-24 04:00:00+00:00,37.6716,39.291,37.365,38.1996,14994
2022-06-24 08:00:00+00:00,38.1996,38.5616,37.4334,38.3002,13659
2022-06-24 12:00:00+00:00,38.3002,40.9844,37.7832,40.4754,18049
2022-06-24 16:00:00+00:00,40.4754,41.0038,39.1304,39.8254,17828
2022-06-24 20:00:00+00:00,39.8254,42.0062,39.3638,40.8862,15727
2022-06-27 00:00:00+00:00,40.9598,41.0624,38.6386,39.1892,19905
2022-06-27 04:00:00+00:00,39.1898,40.3832,38.6522,40.318,15165
2022-06-27 08:00:00+00:00,40.3204,40.9448,39.3436,40.8188,15748
2022-06-27 12:00:00+00:00,40.8188,40.8844,39.5512,39.7996,16693
2022-06-27 16:00:00+00:00,39.7996,39.9808,37.8928,38.3558,21819
2022-06-27 20:00:00+00:00,38.3558,38.8692,37.613,38.4528,17873
2022-06-28 00:00:00+00:00,38.3634,38.8452,37.7508,37.9976,13554
2022-06-28 04:00:00+00:00,37.9976,38.173,36.6846,37.580799999999996,15824
2022-06-28 08:00:00+00:00,37.580799999999996,38.9504,37.3496,38.8774,15488
2022-06-28 12:00:00+00:00,38.876,39.5062,38.2208,38.7306,15717
2022-06-28 16:00:00+00:00,38.7296,39.5814,36.0674,36.5444,21914
2022-06-28 20:00:00+00:00,36.5444,36.6034,35.3124,36.0432,18525
2022-06-29 00:00:00+00:00,36.028,36.376,34.7202,35.3394,15589
2022-06-29 04:00:00+00:00,35.338,35.7932,34.9488,35.2312,16084
2022-06-29 08:00:00+00:00,35.2312,35.373,34.1348,34.7512,19096
2022-06-29 12:00:00+00:00,34.7528,35.4364,33.8054,33.8054,19388
2022-06-29 16:00:00+00:00,33.8054,34.7298,33.296,33.5044,21602
2022-06-29 20:00:00+00:00,33.506,34.8058,32.779,34.0008,20744
2022-06-30 00:00:00+00:00,34.0114,34.2806,33.118,33.1374,14564
2022-06-30 04:00:00+00:00,33.13,33.279,32.1254,32.3418,15053
2022-06-30 08:00:00+00:00,32.3416,32.437,31.1236,31.3074,18345
2022-06-30 12:00:00+00:00,31.3074,31.9962,30.914,31.7164,18715
2022-06-30 16:00:00+00:00,31.718,32.5474,30.616,31.9802,21773
2022-06-30 20:00:00+00:00,31.9802,32.2998,31.1684,31.4006,19320
2022-07-01 00:00:00+00:00,31.3962,34.8548,31.286,34.1712,19132
2022-07-01 04:00:00+00:00,34.1698,35.0698,32.159,32.2562,21834
2022-07-01 08:00:00+00:00,32.2556,33.2592,32.023,32.6036,16297
2022-07-01 12:00:00+00:00,32.596,32.891,31.516,31.9494,16851
2022-07-01 16:00:00+00:00,31.9494,32.8416,31.7344,32.3618,21205
2022-07-01 20:00:00+00:00,32.3514,33.665,32.2434,33.012,15990
2022-07-04 00:00:00+00:00,33.203,33.5596,32.8378,33.2596,12056
2022-07-04 04:00:00+00:00,33.2602,33.2898,32.1396,32.449,12089
2022-07-04 08:00:00+00:00,32.4496,32.7768,32.2972,32.6612,10073
2022-07-04 12:00:00+00:00,32.6612,34.2806,32.5644,34.015,15352
2022-07-04 16:00:00+00:00,34.015,34.5866,33.4708,34.0844,13851
2022-07-04 20:00:00+00:00,34.0844,34.9914,34.0356,34.768,11624
2022-07-05 00:00:00+00:00,34.8278,36.655,34.7196,36.367,16981
2022-07-05 04:00:00+00:00,36.3674,36.4366,34.8672,35.643,12033
2022-07-05 08:00:00+00:00,35.643,35.989,34.4316,34.547,14900
2022-07-05 12:00:00+00:00,34.5462,34.7606,33.0148,33.0436,16487
2022-07-05 16:00:00+00:00,33.0434,33.784,32.8296,33.463,17629
2022-07-05 20:00:00+00:00,33.4624,36.0942,33.3692,35.5674,18656
2022-07-06 00:00:00+00:00,35.647,35.944,34.7429,35.4934,15192
2022-07-06 04:00:00+00:00,35.4934,36.122,34.4992,35.479,16971
2022-07-06 08:00:00+00:00,35.479,36.3132,34.967,35.946,16571
2022-07-06 12:00:00+00:00,35.9454,36.3678,35.0268,35.4899,16198
2022-07-06 16:00:00+00:00,35.489,36.186,35.2988,35.878,19564
2022-07-06 20:00:00+00:00,35.8742,36.4688,35.4606,36.0788,17290
2022-07-07 00:00:00+00:00,36.0572,37.3198,35.7868,36.9004,11553
2022-07-07 04:00:00+00:00,36.903,37.0998,36.244,36.556,11421
2022-07-07 08:00:00+00:00,36.559,36.8834,36.0936,36.822,10985
2022-07-07 12:00:00+00:00,36.822,37.13,36.4618,36.7004,10066
2022-07-07 16:00:00+00:00,36.703,38.7434,36.454,38.5042,19708
2022-07-07 20:00:00+00:00,38.5042,39.0068,37.8694,38.215,18933
2022-07-08 00:00:00+00:00,38.246,38.4104,37.858,38.2856,14174
2022-07-08 04:00:00+00:00,38.2844,39.3916,37.7774,37.968,16916
2022-07-08 08:00:00+00:00,37.965,38.1666,36.6392,36.6392,16746
2022-07-08 12:00:00+00:00,36.6378,37.2462,36.194,36.443,18627
2022-07-08 16:00:00+00:00,36.439,38.5448,36.1722,38.113,24927
2022-07-08 20:00:00+00:00,38.114,39.051,37.9326,38.5359,20935
2022-07-11 00:00:00+00:00,36.8996,37.1402,35.755,36.066,12739
2022-07-11 04:00:00+00:00,36.066,36.086,35.0566,35.3422,12924
2022-07-11 08:00:00+00:00,35.3412,35.44,34.4884,34.872,12403
2022-07-11 12:00:00+00:00,34.874,35.3684,34.7186,35.312,9146
2022-07-11 16:00:00+00:00,35.314,35.4982,34.3266,34.809,17072
2022-07-11 20:00:00+00:00,34.8032,35.3688,34.6516,34.696,13300
2022-07-12 00:00:00+00:00,34.7279,34.805,32.954,33.283,17438
2022-07-12 04:00:00+00:00,33.283,33.699,33.147,33.5148,11583
2022-07-12 08:00:00+00:00,33.5162,33.8322,32.9712,33.3272,14512
2022-07-12 12:00:00+00:00,33.3272,33.975,32.8478,33.7068,15206
2022-07-12 16:00:00+00:00,33.7068,34.3062,33.4384,33.943,19041
2022-07-12 20:00:00+00:00,33.9392,33.982,32.4166,32.856,16831
2022-07-13 00:00:00+00:00,32.836,33.005,32.101,32.4694,13602
2022-07-13 04:00:00+00:00,32.4694,32.9458,32.335,32.8,11732
2022-07-13 08:00:00+00:00,32.798,33.8336,32.654,33.635,14043
2022-07-13 12:00:00+00:00,33.635,34.1786,31.556,32.09,15707
2022-07-13 16:00:00+00:00,32.09,33.4408,31.5798,33.204,22560
2022-07-13 20:00:00+00:00,33.2052,33.7822,33.145,33.281,16719
2022-07-14 00:00:00+00:00,33.2752,34.9674,33.214,34.4708,15882
2022-07-14 04:00:00+00:00,34.472,34.863,34.0488,34.0662,12439
2022-07-14 08:00:00+00:00,34.0662,34.452,33.5854,33.6059,12637
2022-07-14 12:00:00+00:00,33.6059,34.095,33.39,33.918,13195
2022-07-14 16:00:00+00:00,33.914,35.3646,33.564,35.0278,21224
2022-07-14 20:00:00+00:00,35.0278,37.0338,34.8738,36.7854,16834
2022-07-15 00:00:00+00:00,36.7052,37.2274,36.3828,36.6999,10415
2022-07-15 04:00:00+00:00,36.6999,37.7986,36.6359,37.018,13268
2022-07-15 08:00:00+00:00,37.015,38.105,36.4588,37.784,14066
2022-07-15 12:00:00+00:00,37.79,38.4026,37.301,38.0568,14230
2022-07-15 16:00:00+00:00,38.055,38.4894,37.1312,37.239,19129
2022-07-15 20:00:00+00:00,37.237,39.0456,37.0024,37.817,16671
2022-07-18 00:00:00+00:00,38.9964,39.4942,38.452,38.793,13023
2022-07-18 04:00:00+00:00,38.791,40.8646,38.79,40.8632,15864
2022-07-18 08:00:00+00:00,40.8636,42.525,40.838,42.0528,20552
2022-07-18 12:00:00+00:00,42.0528,42.6288,41.1608,42.056,17554
2022-07-18 16:00:00+00:00,42.0686,42.5218,41.458,41.8812,19554
2022-07-18 20:00:00+00:00,41.8824,41.9606,39.6538,40.0666,18910
2022-07-19 00:00:00+00:00,40.0324,45.964,39.919200000000004,44.0148,22071
2022-07-19 04:00:00+00:00,44.0134,44.1962,42.503,43.2484,20037
2022-07-19 08:00:00+00:00,43.2484,44.6198,42.756,44.527,19606
2022-07-19 12:00:00+00:00,44.527,46.8758,44.035,46.8734,21025
2022-07-19 16:00:00+00:00,46.8746,47.3078,45.2132,46.4598,28278
2022-07-19 20:00:00+00:00,46.461,46.7466,45.0306,45.4204,20292
2022-07-20 00:00:00+00:00,45.4492,46.066,44.064,44.2532,16568
2022-07-20 04:00:00+00:00,44.258,45.736,44.077,45.266,16252
2022-07-20 08:00:00+00:00,45.266,46.0042,43.7144,43.889,18481
2022-07-20 12:00:00+00:00,43.889,45.742,43.7172,45.132,21986
2022-07-20 16:00:00+00:00,45.135,46.2694,43.472,43.831,21207
2022-07-20 20:00:00+00:00,43.828,44.036,41.226,42.193,22297
2022-07-21 00:00:00+00:00,42.174,43.5022,41.067,41.646,18790
2022-07-21 04:00:00+00:00,41.6479,42.201,39.61,40.4942,22233
2022-07-21 08:00:00+00:00,40.4942,41.4439,40.4656,41.0654,18072
2022-07-21 12:00:00+00:00,41.0654,42.3982,40.5746,41.866,20247
2022-07-21 16:00:00+00:00,41.866,43.2216,40.796,43.1888,25846
2022-07-21 20:00:00+00:00,43.1888,44.0292,42.63,43.218,21870
2022-07-22 00:00:00+00:00,43.251,43.5372,42.506,43.0974,15193
2022-07-22 04:00:00+00:00,43.0974,43.435,42.0386,42.492,13452
2022-07-22 08:00:00+00:00,42.4908,43.4222,42.155,43.262,15693
2022-07-22 12:00:00+00:00,43.2658,44.308,43.264,43.6462,14398
2022-07-22 16:00:00+00:00,43.6462,43.8582,41.2546,41.5644,24193
2022-07-22 20:00:00+00:00,41.5644,41.769,39.989,40.333,17253
2022-07-25 00:00:00+00:00,40.9679,42.0479,39.2579,39.3979,11614
2022-07-25 04:00:00+00:00,39.3879,39.4779,37.6719,38.3469,14546
2022-07-25 08:00:00+00:00,38.3479,39.2179,38.1539,39.0869,3311
2022-07-25 12:00:00+00:00,39.0869,39.2179,38.4709,38.9039,4982
2022-07-25 16:00:00+00:00,38.8979,39.3209,38.1369,38.4859,11626
2022-07-25 20:00:00+00:00,38.4899,38.9799,37.2939,38.7079,8682
2022-07-26 00:00:00+00:00,38.6579,38.8819,35.9869,36.0879,11006
2022-07-26 04:00:00+00:00,36.0849,36.5169,35.4779,36.0229,7291
2022-07-26 08:00:00+00:00,36.0209,36.0579,35.4079,35.8579,3721
2022-07-26 12:00:00+00:00,35.8579,36.1875,35.1919,35.3909,5609
2022-07-26 16:00:00+00:00,35.3959,35.6653,34.885,35.355,11465
2022-07-26 20:00:00+00:00,35.356,35.534,34.6345,35.3775,11325
2022-07-27 00:00:00+00:00,35.4999,36.3349,35.102,35.975,8123
2022-07-27 04:00:00+00:00,35.976,36.1917,35.645,36.005,4537
2022-07-27 08:00:00+00:00,36.006,37.134,35.957,36.694,4883
2022-07-27 12:00:00+00:00,36.698,37.0171,36.1192,36.907,5105
2022-07-27 16:00:00+00:00,36.915,37.4739,36.3451,36.4664,6175
2022-07-27 20:00:00+00:00,36.4614,40.1507,36.3574,39.4589,16131
2022-07-28 00:00:00+00:00,39.4279,40.4737,39.3067,39.4355,13874
2022-07-28 04:00:00+00:00,39.4465,40.3462,38.993,39.611,10423
2022-07-28 08:00:00+00:00,39.616,39.976,39.226,39.562,7095
2022-07-28 12:00:00+00:00,39.556,40.7693,39.0886,39.9186,10923
2022-07-28 16:00:00+00:00,39.9176,42.4958,39.1835,41.8128,21206
2022-07-28 20:00:00+00:00,41.8568,44.0389,41.7077,43.6771,15338
2022-07-29 00:00:00+00:00,43.6541,43.8534,42.2869,42.8964,10876
2022-07-29 04:00:00+00:00,42.8954,43.7124,42.6974,43.4995,12206
2022-07-29 08:00:00+00:00,43.4795,44.346,42.3813,42.7077,19716
2022-07-29 12:00:00+00:00,42.7087,43.279,41.0799,41.4781,25409
2022-07-29 16:00:00+00:00,41.4801,43.3937,41.2955,42.0798,18391
2022-07-29 20:00:00+00:00,42.0558,42.5624,41.1675,42.1796,16412
2022-08-01 00:00:00+00:00,43.5906,43.7773,42.0229,42.8262,13468
2022-08-01 04:00:00+00:00,42.8277,43.2135,42.5267,43.0097,8092
2022-08-01 08:00:00+00:00,43.0092,43.0796,42.2204,42.6737,12019
2022-08-01 12:00:00+00:00,42.6727,43.0802,41.605199999999996,41.7767,14087
2022-08-01 16:00:00+00:00,41.7727,42.923,41.2805,41.8642,19968
2022-08-01 20:00:00+00:00,41.8547,42.0127,40.4643,41.3002,16931
2022-08-02 00:00:00+00:00,41.3828,42.0681,40.7275,41.0614,12620
2022-08-02 04:00:00+00:00,41.0607,41.3697,39.8962,40.1957,20085
2022-08-02 08:00:00+00:00,40.1907,40.6132,39.9692,40.0562,14922
2022-08-02 12:00:00+00:00,40.0462,40.753,39.7797,40.0533,22232
2022-08-02 16:00:00+00:00,40.0533,42.3812,39.9614,42.1492,24566
2022-08-02 20:00:00+00:00,42.1552,42.2802,40.8882,41.3382,13781
2022-08-03 00:00:00+00:00,41.2696,41.3864,37.2865,37.9934,11575
2022-08-03 04:00:00+00:00,37.9944,39.5265,37.7454,38.4323,9499
2022-08-03 08:00:00+00:00,38.4262,39.3219,38.1918,39.1508,13485
2022-08-03 12:00:00+00:00,39.1408,40.5663,38.9208,39.7831,8803
2022-08-03 16:00:00+00:00,39.7881,40.8736,39.754,40.4096,12408
2022-08-03 20:00:00+00:00,40.4046,40.4496,39.3545,39.5309,9292
2022-08-04 00:00:00+00:00,39.6229,39.6329,38.1552,38.9627,14001
2022-08-04 04:00:00+00:00,38.9532,39.6152,38.8637,39.4347,8126
2022-08-04 08:00:00+00:00,39.4372,39.6687,38.4687,38.6986,7695
2022-08-04 12:00:00+00:00,38.6976,39.1145,38.283,38.701,14547
2022-08-04 16:00:00+00:00,38.691,39.7374,37.8874,38.0297,15504
2022-08-04 20:00:00+00:00,38.0247,38.8174,37.961,38.35,14102
2022-08-05 00:00:00+00:00,38.4376,39.1109,38.1085,38.6775,9728
2022-08-05 04:00:00+00:00,38.6875,40.1385,38.6725,39.953,8168
2022-08-05 08:00:00+00:00,39.957,40.5138,39.6265,40.0585,9014
2022-08-05 12:00:00+00:00,40.056,41.2982,39.6848,40.0863,10337
2022-08-05 16:00:00+00:00,40.0763,40.8611,39.3637,39.828,12206
2022-08-05 20:00:00+00:00,39.832,40.2455,39.443,40.1705,7368
2022-08-08 00:00:00+00:00,41.2164,41.4928,40.4258,40.769800000000004,7693
2022-08-08 04:00:00+00:00,40.7703,42.1374,40.5743,41.9033,5829
2022-08-08 08:00:00+00:00,41.9058,42.9903,41.8803,42.7318,8915
2022-08-08 12:00:00+00:00,42.7323,43.6354,42.4493,43.2223,9683
2022-08-08 16:00:00+00:00,43.2173,43.2473,42.0193,42.1113,13423
2022-08-08 20:00:00+00:00,42.0943,43.08,41.9928,43.01,8254
2022-08-09 00:00:00+00:00,42.9296,42.9703,41.7135,42.1168,12466
2022-08-09 04:00:00+00:00,42.1213,42.6858,41.4794,42.6558,11034
2022-08-09 08:00:00+00:00,42.6608,42.7128,41.9978,42.0478,9979
2022-08-09 12:00:00+00:00,42.0528,42.3547,40.6112,41.1618,16022
2022-08-09 16:00:00+00:00,41.1453,41.384,39.58,40.2063,14291
2022-08-09 20:00:00+00:00,40.2098,40.4488,39.8596,40.2618,7352
2022-08-10 00:00:00+00:00,40.3553,40.6628,39.0496,39.5475,8212
2022-08-10 04:00:00+00:00,39.5425,39.9348,39.1103,39.5173,11453
2022-08-10 08:00:00+00:00,39.5123,39.9853,39.0911,39.9553,13165
2022-08-10 12:00:00+00:00,39.9548,42.1957,39.6318,42.0812,13007
2022-08-10 16:00:00+00:00,42.0712,42.4106,41.653,41.9443,12852
2022-08-10 20:00:00+00:00,41.9553,42.0393,41.1723,41.9784,12044
2022-08-11 00:00:00+00:00,42.0403,42.8472,41.8863,42.7872,10978
2022-08-11 04:00:00+00:00,42.7922,44.2868,42.3198,44.2038,11676
2022-08-11 08:00:00+00:00,44.2138,45.0593,43.957,44.3233,9760
2022-08-11 12:00:00+00:00,44.3333,44.8174,43.6688,44.7583,12913
2022-08-11 16:00:00+00:00,44.7563,45.2618,43.3009,43.7133,20588
2022-08-11 20:00:00+00:00,43.7153,43.9793,42.7883,43.2998,22004
2022-08-12 00:00:00+00:00,43.2246,43.3655,42.15,42.9998,20091
2022-08-12 04:00:00+00:00,42.9848,43.6235,42.5842,43.2368,19656
2022-08-12 08:00:00+00:00,43.2388,43.5455,42.7773,43.1505,15189
2022-08-12 12:00:00+00:00,43.1398,43.7651,42.06,42.6986,22794
2022-08-12 16:00:00+00:00,42.6991,43.4341,42.3862,43.0016,20787
2022-08-12 20:00:00+00:00,43.0001,45.0236,42.9196,44.7646,12647
2022-08-13 00:00:00+00:00,43.8826,47.2051,43.3156,46.9687,7879
2022-08-13 04:00:00+00:00,46.9727,47.7502,46.7657,47.2821,13483
2022-08-13 08:00:00+00:00,47.2721,48.3336,46.8686,47.1603,14141
2022-08-13 12:00:00+00:00,47.1323,47.739,46.1523,46.6626,13324
2022-08-13 16:00:00+00:00,46.6621,47.1122,46.0146,46.1811,10486
2022-08-13 20:00:00+00:00,46.1761,46.7871,46.1107,46.7771,9028
2022-08-14 00:00:00+00:00,46.6097,47.5024,46.1982,46.4183,7436
2022-08-14 04:00:00+00:00,46.4183,47.108,46.0187,46.9021,8435
2022-08-14 08:00:00+00:00,46.9026,48.0137,46.7931,47.1126,9315
2022-08-14 12:00:00+00:00,47.1176,47.4096,46.2642,46.3777,14936
2022-08-14 16:00:00+00:00,46.3782,46.4037,44.8557,44.9617,17737
2022-08-14 20:00:00+00:00,44.9617,45.2556,44.3983,45.1797,18648
2022-08-15 00:00:00+00:00,44.9746,45.6515,44.2996,45.5327,7795
2022-08-15 04:00:00+00:00,45.5317,47.1887,45.0879,46.3542,12223
2022-08-15 08:00:00+00:00,46.3742,46.6181,43.1796,44.1567,12980
2022-08-15 12:00:00+00:00,44.1467,44.3997,43.1982,43.536,11148
2022-08-15 16:00:00+00:00,43.546,44.6804,43.4176,44.6624,10393
2022-08-15 20:00:00+00:00,44.6684,44.7004,43.5972,43.8912,9286
2022-08-16 00:00:00+00:00,43.6863,44.0962,42.6176,43.7202,6617
2022-08-16 04:00:00+00:00,43.722,44.1487,42.4518,43.1012,10130
2022-08-16 08:00:00+00:00,43.1037,43.2772,42.7112,43.1987,9164
2022-08-16 12:00:00+00:00,43.1997,44.2345,43.147,43.321,9152
2022-08-16 16:00:00+00:00,43.321,43.6579,42.5324,43.0988,12318
2022-08-16 20:00:00+00:00,43.0978,43.522,42.4493,43.3725,8387
2022-08-17 00:00:00+00:00,43.391,43.773,42.79,43.6267,6510
2022-08-17 04:00:00+00:00,43.6337,44.081,43.3765,44.0125,6672
2022-08-17 08:00:00+00:00,44.026,44.6503,42.871,42.9915,10563
2022-08-17 12:00:00+00:00,42.981,43.2495,41.668,42.0645,10081
2022-08-17 16:00:00+00:00,42.0525,42.0825,40.6787,41.3235,12673
2022-08-17 20:00:00+00:00,41.3185,41.8208,40.3424,40.8275,9281
2022-08-18 00:00:00+00:00,40.5215,40.7454,39.8327,40.6655,6647
2022-08-18 04:00:00+00:00,40.6605,40.994,40.4915,40.5995,6907
2022-08-18 08:00:00+00:00,40.612,41.0085,40.521,40.9185,7259
2022-08-18 12:00:00+00:00,40.9335,41.5891,40.713,41.5601,8369
2022-08-18 16:00:00+00:00,41.5676,41.6126,40.4671,40.7271,8988
2022-08-18 20:00:00+00:00,40.7536,41.1154,40.3026,41.0264,6736
2022-08-19 00:00:00+00:00,41.1914,41.1964,37.9534,38.4822,9804
2022-08-19 04:00:00+00:00,38.4752,38.5819,37.7743,38.1739,10120
2022-08-19 08:00:00+00:00,38.1769,38.3664,34.3854,36.1934,8992
2022-08-19 12:00:00+00:00,36.1924,36.8733,35.4803,36.6459,10426
2022-08-19 16:00:00+00:00,36.6344,37.7519,36.2378,37.5039,8950
2022-08-19 20:00:00+00:00,37.5034,37.6379,36.5095,36.7554,10613
2022-08-20 00:00:00+00:00,36.7144,36.8864,35.5296,36.2962,11794
2022-08-20 04:00:00+00:00,36.2962,36.9338,36.2662,36.8439,9786
2022-08-20 08:00:00+00:00,36.8439,37.2169,36.3857,36.7214,6797
2022-08-20 12:00:00+00:00,36.7089,36.8465,36.3534,36.5674,8327
2022-08-20 16:00:00+00:00,36.5714,36.8823,36.029,36.061,9684
2022-08-20 20:00:00+00:00,36.061,36.1178,34.1088,34.3255,9847
2022-08-21 00:00:00+00:00,34.1683,35.6059,34.1683,35.1249,15052
2022-08-21 04:00:00+00:00,35.1289,35.6284,34.8569,34.9354,13127
2022-08-21 08:00:00+00:00,34.9414,36.0483,34.4373,35.5914,8616
2022-08-21 12:00:00+00:00,35.5979,36.2629,35.4714,35.8889,8296
2022-08-21 16:00:00+00:00,35.8919,36.4646,35.5734,36.236,10047
2022-08-21 20:00:00+00:00,36.236,36.7813,36.0255,36.4303,6167
2022-08-22 00:00:00+00:00,36.3943,36.996,35.8475,36.2285,9385
2022-08-22 04:00:00+00:00,36.241,36.4416,35.7114,36.1935,8777
2022-08-22 08:00:00+00:00,36.194,36.256,33.6635,34.3485,11724
2022-08-22 12:00:00+00:00,34.349,34.8645,34.1325,34.2455,7091
2022-08-22 16:00:00+00:00,34.248,34.9649,33.8383,34.582300000000004,12898
2022-08-22 20:00:00+00:00,34.5923,35.0558,33.9328,34.6413,9331
2022-08-23 00:00:00+00:00,34.6573,35.5293,34.4257,35.2288,6671
2022-08-23 04:00:00+00:00,35.2338,35.5193,35.0333,35.2623,5834
2022-08-23 08:00:00+00:00,35.2557,35.3443,34.1873,35.1717,8810
2022-08-23 12:00:00+00:00,35.1843,35.768299999999996,34.7845,35.2268,8040
2022-08-23 16:00:00+00:00,35.2048,36.0483,35.1208,35.4163,12025
2022-08-23 20:00:00+00:00,35.4223,35.7393,35.1263,35.3653,8632
2022-08-24 00:00:00+00:00,35.3968,35.8558,34.7887,35.0628,6516
2022-08-24 04:00:00+00:00,35.0638,35.1428,34.2493,34.7723,8278
2022-08-24 08:00:00+00:00,34.7713,35.2908,34.581,34.9993,7509
2022-08-24 12:00:00+00:00,35.0043,35.4588,34.8668,35.3213,6643
2022-08-24 16:00:00+00:00,35.3313,36.3578,35.1163,35.8003,9046
2022-08-24 20:00:00+00:00,35.8453,36.2363,35.6213,35.9523,5509
2022-08-25 00:00:00+00:00,35.8868,35.9768,34.804,35.2318,6495
2022-08-25 04:00:00+00:00,35.2368,35.6408,35.0608,35.4218,7494
2022-08-25 08:00:00+00:00,35.4318,36.3198,35.3693,36.1072,7883
2022-08-25 12:00:00+00:00,36.1057,36.4363,35.7471,35.8798,5628
2022-08-25 16:00:00+00:00,35.8753,36.3513,35.2762,35.4963,7851
2022-08-25 20:00:00+00:00,35.4958,35.9093,35.4293,35.8733,7138
2022-08-26 00:00:00+00:00,35.8756,35.9268,34.4162,34.7783,5940
2022-08-26 04:00:00+00:00,34.7808,35.1823,34.7408,35.0448,9244
2022-08-26 08:00:00+00:00,35.0407,35.1157,34.3249,34.5593,5868
2022-08-26 12:00:00+00:00,34.5543,35.0724,33.7848,35.0674,6258
2022-08-26 16:00:00+00:00,35.0724,35.6921,32.6842,33.1018,15383
2022-08-26 20:00:00+00:00,33.0863,33.2048,32.5163,32.9318,6687
2022-08-27 00:00:00+00:00,32.4507,32.7773,31.3127,31.7983,6331
2022-08-27 04:00:00+00:00,31.7918,31.9498,31.5108,31.7023,5603
2022-08-27 08:00:00+00:00,31.7118,32.2036,31.0873,32.0133,6376
2022-08-27 12:00:00+00:00,32.0123,32.0413,31.7668,31.8942,1792
2022-08-27 16:00:00+00:00,31.8912,31.9751,30.7909,31.2351,6919
2022-08-27 20:00:00+00:00,31.2336,31.4056,30.9591,31.3356,7041
2022-08-28 00:00:00+00:00,31.3409,31.6176,30.9751,31.357,5085
2022-08-28 04:00:00+00:00,31.337,31.7426,31.2226,31.4076,3478
2022-08-28 08:00:00+00:00,31.4176,31.8775,31.2526,31.6181,2680
2022-08-28 12:00:00+00:00,31.6176,31.9741,31.4765,31.5721,5149
2022-08-28 16:00:00+00:00,31.5761,32.157,31.1636,31.704,6515
2022-08-28 20:00:00+00:00,31.703,31.9391,31.616,31.6871,4943
2022-08-29 00:00:00+00:00,31.6971,31.8471,29.94,30.1355,7936
2022-08-29 04:00:00+00:00,30.1315,30.9325,30.052,30.4005,7708
2022-08-29 08:00:00+00:00,30.4155,30.6205,30.0695,30.322,5595
2022-08-29 12:00:00+00:00,30.321,31.4712,30.2895,30.9986,5616
2022-08-29 16:00:00+00:00,31.0031,32.2382,31.0021,31.7786,9664
2022-08-29 20:00:00+00:00,31.7831,31.9071,31.3821,31.9061,6609
2022-08-30 00:00:00+00:00,31.8076,32.5976,31.802599999999998,32.2656,5497
2022-08-30 04:00:00+00:00,32.2671,32.957300000000004,31.8065,32.7436,5335
2022-08-30 08:00:00+00:00,32.7486,33.0116,32.5316,32.751,5675
2022-08-30 12:00:00+00:00,32.7566,33.1176,32.1485,32.3871,6292
2022-08-30 16:00:00+00:00,32.3861,32.6036,30.5516,30.8231,11482
2022-08-30 20:00:00+00:00,30.8271,32.0699,30.6756,31.7241,9303
2022-08-31 00:00:00+00:00,31.7486,31.8796,31.2571,31.7781,6268
2022-08-31 04:00:00+00:00,31.7811,32.6076,31.6826,32.4045,7680
2022-08-31 08:00:00+00:00,32.4081,32.8426,31.8734,32.1836,7920
2022-08-31 12:00:00+00:00,32.1786,32.7696,32.0286,32.6656,8375
2022-08-31 16:00:00+00:00,32.6731,32.9121,31.4659,31.7106,11806
2022-08-31 20:00:00+00:00,31.7055,32.3211,31.3801,32.1441,7755
2022-09-01 00:00:00+00:00,32.1071,32.4421,31.0608,31.4291,7500
2022-09-01 04:00:00+00:00,31.4191,31.6221,30.9221,31.2941,7121
2022-09-01 08:00:00+00:00,31.3041,31.4996,30.7776,31.0321,7214
2022-09-01 12:00:00+00:00,31.0276,31.5396,30.9186,31.1821,8056
2022-09-01 16:00:00+00:00,31.1771,31.3041,30.3716,30.6076,10105
2022-09-01 20:00:00+00:00,30.6026,31.3921,30.5576,31.3746,9089
2022-09-02 00:00:00+00:00,31.3571,31.7376,31.2521,31.4216,4616
2022-09-02 04:00:00+00:00,31.4165,31.9116,31.0601,31.5685,4366
2022-09-02 08:00:00+00:00,31.582,31.7421,31.3615,31.5155,3370
2022-09-02 12:00:00+00:00,31.5006,32.1026,31.2046,31.9761,5895
2022-09-02 16:00:00+00:00,31.9766,32.3391,31.6786,31.7631,7171
2022-09-02 20:00:00+00:00,31.7596,31.7601,30.7131,31.0956,7278
2022-09-03 00:00:00+00:00,31.1366,31.2331,30.902,31.154,3314
2022-09-03 04:00:00+00:00,31.158,31.171,30.8066,31.0685,2771
2022-09-03 08:00:00+00:00,31.0735,31.2301,30.7536,30.918,2838
2022-09-03 12:00:00+00:00,30.92,31.2336,30.836,31.1335,3128
2022-09-03 16:00:00+00:00,31.1396,31.2121,30.9586,31.0396,2793
2022-09-03 20:00:00+00:00,31.0476,31.155,30.7736,30.9665,3038
2022-09-04 00:00:00+00:00,30.9456,31.2226,30.9456,31.0566,2290
2022-09-04 04:00:00+00:00,31.0581,31.6666,31.056,31.4235,2535
2022-09-04 08:00:00+00:00,31.4021,31.492,30.9863,31.2542,2336
2022-09-04 12:00:00+00:00,31.2527,31.9523,31.2477,31.7597,3191
2022-09-04 16:00:00+00:00,31.7617,31.8708,31.4048,31.7872,2948
2022-09-04 20:00:00+00:00,31.7882,31.9498,31.5968,31.9222,2871
2022-09-05 00:00:00+00:00,31.9173,32.4596,31.7578,32.1787,4102
2022-09-05 04:00:00+00:00,32.1817,32.3678,32.0022,32.0922,2593
2022-09-05 08:00:00+00:00,32.0903,32.0903,31.415,31.6362,4021
2022-09-05 12:00:00+00:00,31.6352,31.7012,31.0971,31.3532,3539
2022-09-05 16:00:00+00:00,31.3522,31.9308,31.3197,31.7792,4762
2022-09-05 20:00:00+00:00,31.7632,31.9693,31.6488,31.9082,2938
2022-09-06 00:00:00+00:00,31.9128,33.4841,31.8673,33.1034,4901
2022-09-06 04:00:00+00:00,33.1234,33.4195,32.1558,32.4858,5592
2022-09-06 08:00:00+00:00,32.4868,33.1948,32.4868,33.0618,5286
2022-09-06 12:00:00+00:00,33.0668,33.4948,32.6963,32.8658,5324
2022-09-06 16:00:00+00:00,32.8608,33.8022,32.3493,33.4312,10079
2022-09-06 20:00:00+00:00,33.4338,33.4543,30.3593,31.1292,13019
2022-09-07 00:00:00+00:00,31.1878,31.2868,30.474,31.0813,5221
2022-09-07 04:00:00+00:00,31.0808,31.0813,30.2154,30.8847,5789
2022-09-07 08:00:00+00:00,30.8832,31.2508,30.8222,31.2292,3572
2022-09-07 12:00:00+00:00,31.2312,31.3103,30.7993,31.0818,4242
2022-09-07 16:00:00+00:00,31.0823,31.7138,31.0723,31.6167,7571
2022-09-07 20:00:00+00:00,31.6187,32.7918,31.6187,32.6278,6776
2022-09-08 00:00:00+00:00,32.7328,32.8938,32.3771,32.5313,4085
2022-09-08 04:00:00+00:00,32.5248,32.7323,32.1983,32.6043,3277
2022-09-08 08:00:00+00:00,32.6093,32.8501,31.9408,32.8501,4122
2022-09-08 12:00:00+00:00,32.8426,33.2656,32.2288,32.3881,5290
2022-09-08 16:00:00+00:00,32.3846,33.9182,32.1191,33.2675,11038
2022-09-08 20:00:00+00:00,33.27,33.6986,32.8276,33.5091,6824
2022-09-09 00:00:00+00:00,33.4466,34.4416,33.3005,34.1456,4142
2022-09-09 04:00:00+00:00,34.1416,35.2176,33.9915,35.0841,5509
2022-09-09 08:00:00+00:00,35.0836,35.9121,34.9966,35.5991,5416
2022-09-09 12:00:00+00:00,35.6091,35.8491,35.0896,35.2052,6482
2022-09-09 16:00:00+00:00,35.2112,35.2911,34.5901,35.0947,7954
2022-09-09 20:00:00+00:00,35.1167,35.1167,34.3881,34.7761,5088
2022-09-10 00:00:00+00:00,34.1588,35.1597,33.4082,34.6716,4796
2022-09-10 04:00:00+00:00,34.6781,34.9846,34.5221,34.6906,4406
2022-09-10 08:00:00+00:00,34.6966,35.1365,34.2151,34.5711,4675
2022-09-10 12:00:00+00:00,34.5841,34.9041,34.4506,34.7211,3205
2022-09-10 16:00:00+00:00,34.7241,34.7836,34.2611,34.6726,4599
2022-09-10 20:00:00+00:00,34.6676,34.9761,34.5236,34.7211,3885
2022-09-11 00:00:00+00:00,34.813,35.3836,34.6531,34.9666,4500
2022-09-11 04:00:00+00:00,34.9641,35.2731,34.6066,34.6566,3824
2022-09-11 08:00:00+00:00,34.6621,34.7406,33.9868,34.6036,3186
2022-09-11 12:00:00+00:00,34.5961,34.7855,34.4071,34.6361,3463
2022-09-11 16:00:00+00:00,34.6531,35.9781,34.4951,35.7246,3427
2022-09-11 20:00:00+00:00,35.7286,35.8191,34.6552,35.1051,3910
2022-09-12 00:00:00+00:00,35.0966,35.1791,34.2439,34.3716,5569
2022-09-12 04:00:00+00:00,34.3721,36.1448,34.3661,34.8066,8335
2022-09-12 08:00:00+00:00,34.8026,36.1536,34.5276,36.0521,6494
2022-09-12 12:00:00+00:00,36.0631,38.1091,35.9888,37.8981,10425
2022-09-12 16:00:00+00:00,37.9016,38.3138,36.7382,37.2223,8025
2022-09-12 20:00:00+00:00,37.1999,37.8394,37.0504,37.7314,7258
2022-09-13 00:00:00+00:00,37.7234,37.7444,36.658,37.0068,6632
2022-09-13 04:00:00+00:00,37.0063,38.8961,36.7609,38.1804,9089
2022-09-13 08:00:00+00:00,38.1819,38.8654,38.1011,38.2011,7007
2022-09-13 12:00:00+00:00,38.2101,38.8631,35.4838,35.7697,9443
2022-09-13 16:00:00+00:00,35.7727,35.9961,34.3588,34.9646,9522
2022-09-13 20:00:00+00:00,34.9566,35.2666,33.1768,33.9256,8920
2022-09-14 00:00:00+00:00,33.8261,34.0283,32.6082,33.2056,9757
2022-09-14 04:00:00+00:00,33.1911,33.8631,33.1606,33.8381,8813
2022-09-14 08:00:00+00:00,33.8331,33.8416,32.7822,33.527,8067
2022-09-14 12:00:00+00:00,33.5096,33.6429,32.8689,33.4185,8121
2022-09-14 16:00:00+00:00,33.4235,33.649,33.1137,33.331,9870
2022-09-14 20:00:00+00:00,33.3355,33.579,32.6561,33.361,8472
2022-09-15 00:00:00+00:00,33.3075,34.314,33.2235,33.89,7900
2022-09-15 04:00:00+00:00,33.8905,33.901,32.8102,33.02,8233
2022-09-15 08:00:00+00:00,33.022,34.7755,32.7133,33.979,11371
2022-09-15 12:00:00+00:00,33.998,34.0195,33.4813,33.7855,7550
2022-09-15 16:00:00+00:00,33.7845,33.936,32.3062,33.204,12684
2022-09-15 20:00:00+00:00,33.199,33.7435,33.151,33.6004,8124
2022-09-16 00:00:00+00:00,33.5775,33.613,32.4182,33.2015,8458
2022-09-16 04:00:00+00:00,33.203,33.203,32.458,32.892,5404
2022-09-16 08:00:00+00:00,32.895,33.0525,32.293,32.3135,4937
2022-09-16 12:00:00+00:00,32.3165,33.088,32.294,32.541,4613
2022-09-16 16:00:00+00:00,32.5465,32.8034,31.53,31.902,11517
2022-09-16 20:00:00+00:00,31.901,32.3035,31.4485,32.2285,7605
2022-09-17 00:00:00+00:00,32.212,32.8905,31.9975,32.672,3377
2022-09-17 04:00:00+00:00,32.662,33.023,32.6059,32.8104,4179
2022-09-17 08:00:00+00:00,32.8119,32.862,32.476,32.852,4078
2022-09-17 12:00:00+00:00,32.858,32.8909,32.481,32.7514,2830
2022-09-17 16:00:00+00:00,32.7519,33.582,32.6714,33.298,6341
2022-09-17 20:00:00+00:00,33.299,33.5413,33.066,33.3585,3530
2022-09-18 00:00:00+00:00,33.2287,33.8325,33.116,33.6214,4298
2022-09-18 04:00:00+00:00,33.629,33.829,33.1725,33.5064,3289
2022-09-18 08:00:00+00:00,33.5079,33.942,33.4634,33.7325,3598
2022-09-18 12:00:00+00:00,33.7375,33.743,32.9197,33.4019,5737
2022-09-18 16:00:00+00:00,33.406,33.406,32.3053,32.5085,7365
2022-09-18 20:00:00+00:00,32.5025,32.5525,32.0004,32.2029,8082
2022-09-19 00:00:00+00:00,32.1174,32.1384,30.6644,31.5519,10314
2022-09-19 04:00:00+00:00,31.5394,31.7084,30.3831,31.352899999999998,8407
2022-09-19 08:00:00+00:00,31.3579,31.5975,30.7795,30.8034,8358
2022-09-19 12:00:00+00:00,30.7994,31.5985,30.568,31.4235,7189
2022-09-19 16:00:00+00:00,31.425,32.4945,31.2784,32.096,10470
2022-09-19 20:00:00+00:00,32.101,32.942,31.6345,32.6815,8148
2022-09-20 00:00:00+00:00,32.7375,33.0311,32.388,32.522,6423
2022-09-20 04:00:00+00:00,32.522,32.5785,31.8736,32.2619,5256
2022-09-20 08:00:00+00:00,32.2684,32.689,32.0505,32.2399,5850
2022-09-20 12:00:00+00:00,32.2414,32.4505,31.845,32.021,4897
2022-09-20 16:00:00+00:00,32.0164,32.5222,31.5245,32.1825,9232
2022-09-20 20:00:00+00:00,32.1749,32.204,31.4005,31.665,8629
2022-09-21 00:00:00+00:00,31.6715,31.812,31.251,31.6945,7690
2022-09-21 04:00:00+00:00,31.688,31.9575,31.5545,31.915,6853
2022-09-21 08:00:00+00:00,31.909,31.996,31.385,31.5759,8893
2022-09-21 12:00:00+00:00,31.5729,32.3005,31.3735,32.126,7655
2022-09-21 16:00:00+00:00,32.1265,32.215,31.1813,31.6437,10785
2022-09-21 20:00:00+00:00,31.6387,33.2915,30.2795,31.4407,18019
2022-09-22 00:00:00+00:00,31.2147,31.2482,29.9483,30.5806,10202
2022-09-22 04:00:00+00:00,30.5786,31.2412,30.5457,31.1441,7915
2022-09-22 08:00:00+00:00,31.1376,32.2342,31.0217,32.1582,9449
2022-09-22 12:00:00+00:00,32.1577,32.4492,31.9912,32.2207,10784
2022-09-22 16:00:00+00:00,32.2196,32.2782,31.4973,31.8582,14934
2022-09-22 20:00:00+00:00,31.8482,32.8132,31.6382,32.2592,11963
2022-09-23 00:00:00+00:00,32.3467,32.7106,32.0287,32.1287,7554
2022-09-23 04:00:00+00:00,32.1322,33.2482,32.1072,32.9872,8454
2022-09-23 08:00:00+00:00,32.9912,33.1242,31.8442,31.9491,9285
2022-09-23 12:00:00+00:00,31.935200000000002,32.1212,31.4807,31.8937,10706
2022-09-23 16:00:00+00:00,31.8912,32.2267,31.1252,31.5567,14271
2022-09-23 20:00:00+00:00,31.5572,32.9717,31.3831,32.5456,13685
2022-09-24 00:00:00+00:00,32.9445,33.9132,32.7315,33.5737,8802
2022-09-24 04:00:00+00:00,33.5742,34.4211,33.5572,33.8502,12574
2022-09-24 08:00:00+00:00,33.8572,33.9512,33.4362,33.8432,6312
2022-09-24 12:00:00+00:00,33.8427,34.7057,33.6247,34.2852,17398
2022-09-24 16:00:00+00:00,34.2857,34.4582,33.5212,33.5606,12980
2022-09-24 20:00:00+00:00,33.5611,34.1227,33.2183,33.8677,9549
2022-09-25 00:00:00+00:00,33.8677,33.8877,33.1059,33.4982,8688
2022-09-25 04:00:00+00:00,33.4972,33.9994,33.3731,33.9451,3515
2022-09-25 08:00:00+00:00,33.9441,33.9627,33.5622,33.7457,3798
2022-09-25 12:00:00+00:00,33.7452,33.8607,33.4107,33.5457,4311
2022-09-25 16:00:00+00:00,33.5462,33.6087,32.7447,32.8482,8435
2022-09-25 20:00:00+00:00,32.8402,33.0437,32.4042,32.4797,5924
2022-09-26 00:00:00+00:00,32.4271,32.6459,31.8432,32.2302,7401
2022-09-26 04:00:00+00:00,32.2307,32.6367,31.9917,32.2962,9561
2022-09-26 08:00:00+00:00,32.2782,33.2382,31.8134,33.2222,14644
2022-09-26 12:00:00+00:00,33.2252,33.2672,32.0635,32.8217,10463
2022-09-26 16:00:00+00:00,32.8372,33.3992,32.6212,32.8857,18822
2022-09-26 20:00:00+00:00,32.8912,33.9197,32.7787,33.3457,8886
2022-09-27 00:00:00+00:00,33.4827,34.3974,33.2653,34.1867,4963
2022-09-27 04:00:00+00:00,34.1882,34.9747,34.1347,34.7047,8735
2022-09-27 08:00:00+00:00,34.7097,35.0047,34.4107,34.4217,7340
2022-09-27 12:00:00+00:00,34.4207,35.1665,34.2922,34.8925,12291
2022-09-27 16:00:00+00:00,34.8975,35.3755,32.4927,32.8833,18211
2022-09-27 20:00:00+00:00,32.8833,32.8833,31.9966,32.5865,14571
2022-09-28 00:00:00+00:00,32.637,32.8985,32.431,32.738,7878
2022-09-28 04:00:00+00:00,32.7385,32.8125,31.5834,32.3674,9848
2022-09-28 08:00:00+00:00,32.3649,32.5415,31.8115,32.1494,7526
2022-09-28 12:00:00+00:00,32.1444,32.7969,31.774,32.5464,14242
2022-09-28 16:00:00+00:00,32.5489,33.198,32.4355,32.9824,12943
2022-09-28 20:00:00+00:00,32.99,33.762,32.727,33.4515,11960
2022-09-29 00:00:00+00:00,33.4015,33.472,32.9195,33.036,6413
2022-09-29 04:00:00+00:00,33.0205,33.9215,33.0045,33.7174,7254
2022-09-29 08:00:00+00:00,33.6994,33.8065,33.082,33.2699,9901
2022-09-29 12:00:00+00:00,33.2674,33.892,33.2123,33.422,10418
2022-09-29 16:00:00+00:00,33.4315,34.3783,32.5605,34.0925,16446
2022-09-29 20:00:00+00:00,34.092,34.252,33.324,33.962,11715
2022-09-30 00:00:00+00:00,34.0215,34.1935,33.5695,33.992,6527
2022-09-30 04:00:00+00:00,33.9995,34.2915,33.702,34.0114,6776
2022-09-30 08:00:00+00:00,34.0074,34.5345,33.812,34.516,7939
2022-09-30 12:00:00+00:00,34.521,34.597,33.2839,34.0945,10434
2022-09-30 16:00:00+00:00,34.094,35.185,33.672,34.6775,19011
2022-09-30 20:00:00+00:00,34.6805,34.7935,33.0764,33.1895,12725
2022-10-01 00:00:00+00:00,33.253,33.3425,32.5619,32.9215,3130
2022-10-01 04:00:00+00:00,32.9614,33.0874,32.7769,32.8669,1733
2022-10-01 08:00:00+00:00,32.8674,33.0419,32.7144,32.9979,2641
2022-10-01 12:00:00+00:00,32.9994,33.1269,32.752,32.9315,3478
2022-10-01 16:00:00+00:00,32.931,33.0669,32.5615,32.7174,3570
2022-10-01 20:00:00+00:00,32.7135,32.742,32.312,32.5174,3456
2022-10-02 00:00:00+00:00,32.3134,32.8779,32.2834,32.6425,2781
2022-10-02 04:00:00+00:00,32.643,32.9469,32.562,32.9415,1963
2022-10-02 08:00:00+00:00,32.942,32.972,32.642,32.816,2533
2022-10-02 12:00:00+00:00,32.8135,32.8419,32.0336,32.4015,4327
2022-10-02 16:00:00+00:00,32.3915,32.552,32.1615,32.4719,3726
2022-10-02 20:00:00+00:00,32.4809,32.803,32.367,32.5419,2840
2022-10-03 00:00:00+00:00,32.5229,32.5795,31.682,32.1514,7449
2022-10-03 04:00:00+00:00,32.1474,32.462,32.072,32.073,5169
2022-10-03 08:00:00+00:00,32.0725,32.412,31.9215,32.2324,7213
2022-10-03 12:00:00+00:00,32.2419,32.727,32.0815,32.6325,5166
2022-10-03 16:00:00+00:00,32.638,33.102,32.407,32.912,11543
2022-10-03 20:00:00+00:00,32.9125,33.192,32.632,33.162,6418
2022-10-04 00:00:00+00:00,33.1604,33.1645,32.662,32.8374,5069
2022-10-04 04:00:00+00:00,32.8369,33.162,32.7874,32.9519,3071
2022-10-04 08:00:00+00:00,32.9464,33.842,32.9419,33.4774,5310
2022-10-04 12:00:00+00:00,33.4769,33.742,33.3564,33.722,3937
2022-10-04 16:00:00+00:00,33.732,34.3469,33.652,34.0369,7274
2022-10-04 20:00:00+00:00,34.0364,34.362,33.7495,34.1775,6140
2022-10-05 00:00:00+00:00,34.168,34.2774,33.852,33.952,3088
2022-10-05 04:00:00+00:00,33.9469,34.337,33.8474,33.9219,2948
2022-10-05 08:00:00+00:00,33.9269,34.272,33.4234,33.6979,3847
2022-10-05 12:00:00+00:00,33.6954,33.762,33.302,33.4115,3506
2022-10-05 16:00:00+00:00,33.412,33.9735,33.147,33.832,6779
2022-10-05 20:00:00+00:00,33.837,34.2377,33.6369,33.6945,4970
2022-10-06 00:00:00+00:00,33.717,34.4,33.6315,34.162,4389
2022-10-06 04:00:00+00:00,34.167,34.452,34.092,34.3319,3923
2022-10-06 08:00:00+00:00,34.3419,34.382,33.83,33.9619,5021
2022-10-06 12:00:00+00:00,33.9519,34.262,33.8059,34.0395,3341
2022-10-06 16:00:00+00:00,34.0495,34.166,33.512,33.8319,7887
2022-10-06 20:00:00+00:00,33.8369,34.002,33.532,33.6374,4462
2022-10-07 00:00:00+00:00,33.6165,33.6419,33.1372,33.3819,2500
2022-10-07 04:00:00+00:00,33.3769,33.712,33.3569,33.402,1462
2022-10-07 08:00:00+00:00,33.392,33.522,33.102,33.3534,2693
2022-10-07 12:00:00+00:00,33.3559,33.432,32.367,32.742,4294
2022-10-07 16:00:00+00:00,32.732,33.0469,32.577,32.8269,5821
2022-10-07 20:00:00+00:00,32.8279,33.012,32.682,32.9619,2800
2022-10-08 00:00:00+00:00,32.7879,33.099,32.7603,32.9319,1217
2022-10-08 04:00:00+00:00,32.9395,32.9665,32.6844,32.7359,1216
2022-10-08 08:00:00+00:00,32.741,32.9625,32.7289,32.8124,1160
2022-10-08 12:00:00+00:00,32.8175,32.9475,32.8175,32.918,1179
2022-10-08 16:00:00+00:00,32.9119,32.9139,32.633,32.8374,1236
2022-10-08 20:00:00+00:00,32.8394,32.912,32.622,32.7445,2020
2022-10-09 00:00:00+00:00,32.7219,32.73,32.2923,32.5419,2005
2022-10-09 04:00:00+00:00,32.5319,32.5669,32.4069,32.5314,885
2022-10-09 08:00:00+00:00,32.5319,32.7369,32.4874,32.6469,1013
2022-10-09 12:00:00+00:00,32.6419,33.052,32.558,32.9679,1977
2022-10-09 16:00:00+00:00,32.9724,33.0819,32.8774,33.0269,1120
2022-10-09 20:00:00+00:00,33.0319,33.0619,32.812,32.9119,1016
2022-10-10 00:00:00+00:00,32.896,33.307,32.562,33.2435,2360
2022-10-10 04:00:00+00:00,33.2815,33.422,32.9469,33.0369,2354
2022-10-10 08:00:00+00:00,33.0419,33.0519,32.317,32.4964,3380
2022-10-10 12:00:00+00:00,32.4915,32.7969,32.4715,32.762,3011
2022-10-10 16:00:00+00:00,32.7614,32.8664,32.217,32.262,6267
2022-10-10 20:00:00+00:00,32.257,32.592,32.222,32.4319,4318
2022-10-11 00:00:00+00:00,32.5154,32.5154,30.9879,31.492,4205
2022-10-11 04:00:00+00:00,31.4869,31.622,31.197,31.2914,2521
2022-10-11 08:00:00+00:00,31.2869,31.5819,31.2664,31.4469,2947
2022-10-11 12:00:00+00:00,31.4514,31.6869,31.212,31.492,2651
2022-10-11 16:00:00+00:00,31.482,31.8115,31.032,31.712,5253
2022-10-11 20:00:00+00:00,31.7215,31.7319,31.042,31.2169,3412
2022-10-12 00:00:00+00:00,31.228,31.338,30.3429,30.982,2995
2022-10-12 04:00:00+00:00,30.992,31.202,30.762,31.1119,1579
2022-10-12 08:00:00+00:00,31.1219,31.3745,31.0469,31.3069,3038
2022-10-12 12:00:00+00:00,31.2919,31.492,30.862,31.042,3019
2022-10-12 16:00:00+00:00,31.032,31.262,30.932,31.0769,3433
2022-10-12 20:00:00+00:00,31.0869,31.1825,30.802,31.1369,2736
2022-10-13 00:00:00+00:00,31.1665,31.2269,31.0619,31.0869,1148
2022-10-13 04:00:00+00:00,31.0919,31.1419,30.452,30.6215,2201
2022-10-13 08:00:00+00:00,30.6169,30.6869,29.2133,29.6469,5108
2022-10-13 12:00:00+00:00,29.642,29.742,26.6685,28.5119,7180
2022-10-13 16:00:00+00:00,28.5019,30.1945,28.162,30.022,9922
2022-10-13 20:00:00+00:00,30.032,30.882,29.9069,30.5515,6931
2022-10-14 00:00:00+00:00,30.5815,30.7265,30.332,30.6874,2764
2022-10-14 04:00:00+00:00,30.6905,31.932,30.6369,31.722,4301
2022-10-14 08:00:00+00:00,31.7269,31.842,31.162,31.2919,3410
2022-10-14 12:00:00+00:00,31.2869,31.7488,31.0869,31.6623,2996
2022-10-14 16:00:00+00:00,31.6673,31.7473,30.3687,30.6223,6076
2022-10-14 20:00:00+00:00,30.6173,30.7023,29.9223,30.2072,3576
2022-10-15 00:00:00+00:00,30.0483,30.1323,29.5576,29.9672,1844
2022-10-15 04:00:00+00:00,29.9572,30.1572,29.8323,30.1317,1276
2022-10-15 08:00:00+00:00,30.1272,30.1272,29.6367,29.7367,1982
2022-10-15 12:00:00+00:00,29.7267,29.9422,29.502299999999998,29.8123,1731
2022-10-15 16:00:00+00:00,29.8223,30.0423,29.6723,29.8672,1955
2022-10-15 20:00:00+00:00,29.8667,29.9472,29.6822,29.7522,1392
2022-10-16 00:00:00+00:00,29.6501,29.8022,29.3823,29.8022,2764
2022-10-16 04:00:00+00:00,29.7972,29.8838,29.6582,29.7727,1434
2022-10-16 08:00:00+00:00,29.7722,29.9928,29.6272,29.9022,1265
2022-10-16 12:00:00+00:00,29.9222,29.9722,29.7588,29.8622,1200
2022-10-16 16:00:00+00:00,29.8422,29.9923,29.7822,29.8372,975
2022-10-16 20:00:00+00:00,29.8377,30.4823,29.7627,30.3023,1620
2022-10-17 00:00:00+00:00,30.3068,30.3667,29.8217,29.9622,2390
2022-10-17 04:00:00+00:00,29.9687,30.2823,29.7923,30.2223,1374
2022-10-17 08:00:00+00:00,30.2268,30.3472,30.0822,30.1522,2162
2022-10-17 12:00:00+00:00,30.1422,30.7223,30.1327,30.6172,2904
2022-10-17 16:00:00+00:00,30.6123,31.1573,30.6123,30.8272,5726
2022-10-17 20:00:00+00:00,30.8317,30.9472,30.5278,30.8523,3274
2022-10-18 00:00:00+00:00,30.8278,31.4328,30.7278,31.2922,3169
2022-10-18 04:00:00+00:00,31.2872,31.3222,30.8572,31.0877,2658
2022-10-18 08:00:00+00:00,31.0872,31.1188,30.5572,30.5823,2898
2022-10-18 12:00:00+00:00,30.5723,30.9823,30.3623,30.8323,3351
2022-10-18 16:00:00+00:00,30.8223,30.9423,30.0823,30.2357,6099
2022-10-18 20:00:00+00:00,30.2372,30.4323,29.6811,30.2572,3850
2022-10-19 00:00:00+00:00,30.1768,30.2368,29.8623,29.8823,1989
2022-10-19 04:00:00+00:00,29.8872,30.1623,29.8323,29.9422,1637
2022-10-19 08:00:00+00:00,29.9372,30.0223,29.7123,29.9572,2267
2022-10-19 12:00:00+00:00,29.9447,30.1378,29.7223,29.8567,2459
2022-10-19 16:00:00+00:00,29.8552,29.9623,29.5123,29.6122,3804
2022-10-19 20:00:00+00:00,29.6072,29.8072,29.4723,29.5822,2499
2022-10-20 00:00:00+00:00,29.6068,29.627299999999998,28.3523,28.5823,4656
2022-10-20 04:00:00+00:00,28.5773,29.1653,28.4923,29.1123,2199
2022-10-20 08:00:00+00:00,29.1223,29.3223,29.0672,29.1572,2282
2022-10-20 12:00:00+00:00,29.1672,29.4272,28.9223,28.9323,2224
2022-10-20 16:00:00+00:00,28.9123,29.3923,28.752299999999998,28.8722,2974
2022-10-20 20:00:00+00:00,28.8672,28.8722,27.9897,28.1572,3324
2022-10-21 00:00:00+00:00,27.939799999999998,28.3368,27.1819,27.9087,3354
2022-10-21 04:00:00+00:00,27.9172,28.1868,27.7423,28.0752,2205
2022-10-21 08:00:00+00:00,28.0737,28.1523,27.3523,27.4518,3986
2022-10-21 12:00:00+00:00,27.4423,27.7077,26.7761,27.2652,6229
2022-10-21 16:00:00+00:00,27.2718,27.8279,26.9723,27.6779,12615
2022-10-21 20:00:00+00:00,27.672,28.2379,27.6225,28.1474,6405
2022-10-22 00:00:00+00:00,27.7831,28.1529,27.5758,28.0379,2333
2022-10-22 04:00:00+00:00,28.0384,28.0724,27.6125,27.6619,2198
2022-10-22 08:00:00+00:00,27.6825,27.875,27.4449,27.8024,1931
2022-10-22 12:00:00+00:00,27.8074,27.9924,27.682,27.9525,2393
2022-10-22 16:00:00+00:00,27.947400000000002,28.1825,27.6914,27.8129,3080
2022-10-22 20:00:00+00:00,27.8174,28.0075,27.5925,27.9935,1534
2022-10-23 00:00:00+00:00,28.0939,28.1187,27.2014,28.0124,3725
2022-10-23 04:00:00+00:00,28.0269,28.5425,27.8674,28.2479,2921
2022-10-23 08:00:00+00:00,28.2469,28.5135,28.1769,28.3779,2002
2022-10-23 12:00:00+00:00,28.3874,28.4729,27.6825,28.0174,3088
2022-10-23 16:00:00+00:00,28.0149,28.1134,27.832,27.9625,2043
2022-10-23 20:00:00+00:00,27.9569,28.9739,27.8925,28.7925,5457
2022-10-24 00:00:00+00:00,28.787,29.4475,28.7024,29.1625,6044
2022-10-24 04:00:00+00:00,29.163,29.2025,28.447400000000002,28.6234,4114
2022-10-24 08:00:00+00:00,28.6229,28.7374,28.3125,28.5874,4989
2022-10-24 12:00:00+00:00,28.5869,29.1525,28.5074,28.8925,5234
2022-10-24 16:00:00+00:00,28.9025,28.9025,28.1325,28.2724,8897
2022-10-24 20:00:00+00:00,28.2729,28.543,28.1174,28.4424,4159
2022-10-25 00:00:00+00:00,28.4975,28.503,27.1918,28.2284,2530
2022-10-25 04:00:00+00:00,28.2179,28.5129,28.052,28.4074,2601
2022-10-25 08:00:00+00:00,28.4104,28.5479,28.2025,28.242,3104
2022-10-25 12:00:00+00:00,28.2325,28.303,28.002,28.293,3759
2022-10-25 16:00:00+00:00,28.2969,31.3204,28.252,31.2992,13466
2022-10-25 20:00:00+00:00,31.3092,32.2428,30.672,30.942,15709
2022-10-26 00:00:00+00:00,30.887,31.2296,30.708,31.1525,5484
2022-10-26 04:00:00+00:00,31.148,31.3325,30.8025,31.0975,4946
2022-10-26 08:00:00+00:00,31.098,31.8399,30.9369,31.4925,7744
2022-10-26 12:00:00+00:00,31.5025,31.6525,30.7818,30.9478,6827
2022-10-26 16:00:00+00:00,30.9452,32.0457,30.5873,31.1073,12888
2022-10-26 20:00:00+00:00,31.1018,31.4428,30.9018,31.2423,7770
2022-10-27 00:00:00+00:00,31.2378,31.5408,30.6101,31.3423,4444
2022-10-27 04:00:00+00:00,31.3418,31.8623,31.0123,31.7113,5186
2022-10-27 08:00:00+00:00,31.7078,32.3023,31.3817,31.6772,7736
2022-10-27 12:00:00+00:00,31.6728,32.0258,31.1673,31.9862,8244
2022-10-27 16:00:00+00:00,31.9862,32.0173,31.0573,31.2118,10546
2022-10-27 20:00:00+00:00,31.2123,31.5723,30.3737,30.9873,7527
2022-10-28 00:00:00+00:00,30.8428,30.9428,29.9736,30.6782,6790
2022-10-28 04:00:00+00:00,30.6807,30.8222,30.3998,30.5747,4701
2022-10-28 08:00:00+00:00,30.5798,30.6833,30.0672,30.4327,5653
2022-10-28 12:00:00+00:00,30.4332,30.6594,30.0633,30.6177,5333
2022-10-28 16:00:00+00:00,30.6172,31.8623,30.5423,31.7828,10174
2022-10-28 20:00:00+00:00,31.7823,32.5023,31.5418,32.3423,8272
2022-10-29 00:00:00+00:00,31.9179,32.2623,31.4479,32.0123,3318
2022-10-29 04:00:00+00:00,32.0023,32.957300000000004,31.8617,32.6228,6028
2022-10-29 08:00:00+00:00,32.6223,33.7923,32.6123,33.6023,7438
2022-10-29 12:00:00+00:00,33.6018,33.8073,32.8418,33.1172,7561
2022-10-29 16:00:00+00:00,33.1128,33.4333,32.6973,33.1123,9606
2022-10-29 20:00:00+00:00,33.1118,33.6973,32.6838,32.9123,8431
2022-10-30 00:00:00+00:00,32.7648,33.0338,32.5618,32.7122,4290
2022-10-30 04:00:00+00:00,32.7117,33.2223,32.6777,32.7623,3468
2022-10-30 08:00:00+00:00,32.7777,33.4933,32.5041,32.8128,6048
2022-10-30 12:00:00+00:00,32.8133,32.9333,32.3223,32.5022,6807
2022-10-30 16:00:00+00:00,32.5017,32.5918,31.9718,32.0718,5966
2022-10-30 20:00:00+00:00,32.0673,32.5228,31.9933,32.4842,4149
2022-10-31 00:00:00+00:00,32.6348,33.3528,31.8813,32.5718,8214
2022-10-31 04:00:00+00:00,32.5723,33.2128,32.3633,33.0978,7314
2022-10-31 08:00:00+00:00,33.0773,33.4578,32.8393,33.2577,7831
2022-10-31 12:00:00+00:00,33.2423,34.3323,33.1572,33.6916,10248
2022-10-31 16:00:00+00:00,33.6921,33.9126,32.5755,32.8621,13720
2022-10-31 20:00:00+00:00,32.8671,32.9471,32.2855,32.5321,6677
2022-11-01 00:00:00+00:00,32.5016,32.7221,32.1422,32.5875,5390
2022-11-01 04:00:00+00:00,32.6021,32.948,32.5021,32.612,5635
2022-11-01 08:00:00+00:00,32.622,33.1771,32.6015,32.7915,5968
2022-11-01 12:00:00+00:00,32.7921,33.3426,32.7071,32.9726,7057
2022-11-01 16:00:00+00:00,32.9721,32.997,32.1021,32.2921,8908
2022-11-01 20:00:00+00:00,32.2916,32.4721,32.1016,32.3055,5980
2022-11-02 00:00:00+00:00,32.2666,32.3846,31.8621,32.1765,4849
2022-11-02 04:00:00+00:00,32.1816,32.322,31.8921,32.2415,4555
2022-11-02 08:00:00+00:00,32.2465,32.3575,31.453,31.8421,5495
2022-11-02 12:00:00+00:00,31.8426,31.9021,31.049,31.197,6111
2022-11-02 16:00:00+00:00,31.1955,31.552599999999998,31.0121,31.5231,5977
2022-11-02 20:00:00+00:00,31.522100000000002,32.8735,30.1876,30.266,14140
2022-11-03 00:00:00+00:00,30.2394,31.1821,30.1981,31.0921,4932
2022-11-03 04:00:00+00:00,31.0916,31.9921,30.9366,31.826999999999998,5405
2022-11-03 08:00:00+00:00,31.837,32.1971,31.4321,31.657,6511
2022-11-03 12:00:00+00:00,31.6521,32.0031,30.8721,31.0221,7959
2022-11-03 16:00:00+00:00,31.0321,31.5291,30.8121,31.3331,10392
2022-11-03 20:00:00+00:00,31.3321,31.3821,31.1016,31.1921,4605
2022-11-04 00:00:00+00:00,31.1761,31.2575,30.5616,31.1321,5494
2022-11-04 04:00:00+00:00,31.1371,31.9126,30.9321,31.7621,5794
2022-11-04 08:00:00+00:00,31.767,32.6171,31.6765,32.2375,7817
2022-11-04 12:00:00+00:00,32.238,32.9221,31.8016,32.8966,7774
2022-11-04 16:00:00+00:00,32.8916,33.9331,32.7393,32.9875,16945
2022-11-04 20:00:00+00:00,32.987,33.5775,32.6516,33.5671,8902
2022-11-05 00:00:00+00:00,33.4187,34.8581,33.2867,34.841,5907
2022-11-05 04:00:00+00:00,34.842,34.9721,34.4121,34.5221,7144
2022-11-05 08:00:00+00:00,34.5216,35.5321,34.4791,34.9175,7455
2022-11-05 12:00:00+00:00,34.9021,35.6226,34.7521,34.8416,7314
2022-11-05 16:00:00+00:00,34.8521,38.6945,34.3421,37.6671,15749
2022-11-05 20:00:00+00:00,37.6676,37.6785,35.7086,36.6721,13672
2022-11-06 00:00:00+00:00,36.7371,37.2786,36.1021,36.3926,10020
2022-11-06 04:00:00+00:00,36.3851,36.4871,35.5621,36.0575,7644
2022-11-06 08:00:00+00:00,36.057,36.3721,35.4656,36.0996,9329
2022-11-06 12:00:00+00:00,36.1216,36.2521,35.5316,35.6021,6206
2022-11-06 16:00:00+00:00,35.6026,35.9471,34.3481,34.722,11008
2022-11-06 20:00:00+00:00,34.7225,34.752,33.6171,33.6321,10171
2022-11-07 00:00:00+00:00,33.6821,33.8226,32.048,32.6616,12502
2022-11-07 04:00:00+00:00,32.6721,33.0821,31.9746,32.2136,9143
2022-11-07 08:00:00+00:00,32.2061,32.3146,30.5932,31.2321,13051
2022-11-07 12:00:00+00:00,31.2271,31.8775,30.9681,31.2131,12146
2022-11-07 16:00:00+00:00,31.2126,32.8289,30.8321,32.0921,18052
2022-11-07 20:00:00+00:00,32.0971,32.7881,30.7087,30.9021,12310
2022-11-08 00:00:00+00:00,30.8016,30.8726,27.7774,29.0955,12535
2022-11-08 04:00:00+00:00,29.0921,29.3526,24.5813,26.1171,23527
2022-11-08 08:00:00+00:00,26.1071,29.0157,25.7521,28.7083,20077
2022-11-08 12:00:00+00:00,28.6983,28.7083,27.2785,27.2885,15294
2022-11-08 16:00:00+00:00,27.2885,31.3027,25.0226,25.3339,28125
2022-11-08 20:00:00+00:00,25.3339,25.9179,19.5472,23.4652,13780
2022-11-09 00:00:00+00:00,23.431,24.4922,21.484,22.402,6018
2022-11-09 04:00:00+00:00,22.402,22.972,19.9202,20.3202,11821
2022-11-09 08:00:00+00:00,20.3302,20.8832,16.634,17.1322,20194
2022-11-09 12:00:00+00:00,17.1322,21.5757,15.1339,18.7823,18660
2022-11-09 16:00:00+00:00,18.7732,18.9862,14.0444,14.0544,10316
2022-11-09 20:00:00+00:00,14.0544,14.9986,12.5857,14.8858,2848
2022-11-10 00:00:00+00:00,14.1683,15.0578,11.4667,11.9955,11452
2022-11-10 04:00:00+00:00,11.9975,15.1781,11.8812,14.0104,7738
2022-11-10 08:00:00+00:00,13.6504,15.7191,12.1283,13.4334,5900
2022-11-10 12:00:00+00:00,13.4334,16.745,12.4543,16.6421,4330
2022-11-10 16:00:00+00:00,16.7541,18.4818,14.799,16.1915,6803
2022-11-10 20:00:00+00:00,16.0895,18.3313,15.4381,17.2656,5797
2022-11-11 00:00:00+00:00,17.3169,17.7555,15.4153,16.9303,7239
2022-11-11 04:00:00+00:00,15.8373,17.3753,14.1254,16.4183,10910
2022-11-11 08:00:00+00:00,16.3933,17.3338,15.3625,17.132,2124
2022-11-11 12:00:00+00:00,16.949,17.9728,16.949,17.0779,2528
2022-11-11 16:00:00+00:00,17.0019,17.0367,14.6167,16.1689,4631
2022-11-11 20:00:00+00:00,16.1689,16.357,14.203,15.5447,3238
2022-11-12 00:00:00+00:00,15.553,16.288,14.813,15.7737,874
2022-11-12 04:00:00+00:00,15.7737,16.0407,14.6366,14.8612,1050
2022-11-12 08:00:00+00:00,14.8602,15.6847,14.8002,15.3537,938
2022-11-12 12:00:00+00:00,15.3537,15.4517,14.9122,15.1312,704
2022-11-12 16:00:00+00:00,15.1322,15.2332,14.7007,15.0512,4281
2022-11-12 20:00:00+00:00,15.0302,15.1804,14.7731,14.9178,5008
2022-11-13 00:00:00+00:00,14.5676,14.9736,13.962,14.1286,4989
2022-11-13 04:00:00+00:00,14.1286,14.6086,14.0672,14.3838,3492
2022-11-13 08:00:00+00:00,14.3838,14.4093,13.2251,13.3419,5875
2022-11-13 12:00:00+00:00,13.3419,14.347,13.3384,14.1113,5925
2022-11-13 16:00:00+00:00,14.0593,14.2476,13.6708,13.7983,5570
2022-11-13 20:00:00+00:00,13.8083,13.9877,13.2503,13.5725,5274
2022-11-14 00:00:00+00:00,13.3549,13.7403,12.2843,12.4973,4504
2022-11-14 04:00:00+00:00,12.5473,13.1058,12.0828,12.4374,8082
2022-11-14 08:00:00+00:00,12.4384,14.9267,12.4232,14.3965,7616
2022-11-14 12:00:00+00:00,14.3975,14.8717,13.8443,14.1737,9085
2022-11-14 16:00:00+00:00,14.1747,14.3258,13.0995,13.5352,9321
2022-11-14 20:00:00+00:00,13.5248,14.0995,13.5013,13.869299999999999,5490
2022-11-15 00:00:00+00:00,13.526,14.371,13.07,13.8996,5304
2022-11-15 04:00:00+00:00,13.9006,14.2608,13.8248,13.9088,7955
2022-11-15 08:00:00+00:00,13.9188,14.8736,13.9188,14.4983,4715
2022-11-15 12:00:00+00:00,14.503,14.9397,14.3852,14.8048,5116
2022-11-15 16:00:00+00:00,14.8058,14.8143,13.9467,14.3938,3217
2022-11-15 20:00:00+00:00,14.3738,14.3978,13.9172,14.2293,3940
2022-11-16 00:00:00+00:00,14.2688,14.3238,13.8146,14.2838,2325
2022-11-16 04:00:00+00:00,14.2938,14.5338,14.2188,14.4288,1997
2022-11-16 08:00:00+00:00,14.4388,14.5738,14.0243,14.1338,2627
2022-11-16 12:00:00+00:00,14.1288,14.2238,13.7788,13.8338,4005
2022-11-16 16:00:00+00:00,13.8433,14.1338,13.5883,14.0533,3493
2022-11-16 20:00:00+00:00,14.0438,14.3133,13.9936,14.1182,2361
2022-11-17 00:00:00+00:00,14.3383,14.4533,14.1617,14.3983,2646
2022-11-17 04:00:00+00:00,14.3988,14.3988,13.9933,14.1938,3317
2022-11-17 08:00:00+00:00,14.1788,14.3688,14.0238,14.0393,3054
2022-11-17 12:00:00+00:00,14.0338,14.1688,12.8386,13.1283,3780
2022-11-17 16:00:00+00:00,13.0883,13.7242,13.0026,13.6173,2423
2022-11-17 20:00:00+00:00,13.6173,13.6583,13.3333,13.588799999999999,2180
2022-11-18 00:00:00+00:00,13.5108,13.7477,13.4848,13.526299999999999,1391
2022-11-18 04:00:00+00:00,13.5258,13.7128,13.4788,13.5443,2145
2022-11-18 08:00:00+00:00,13.5438,13.6398,13.4188,13.5048,1381
2022-11-18 12:00:00+00:00,13.4998,13.6183,13.4278,13.4988,1842
2022-11-18 16:00:00+00:00,13.4933,13.5088,12.9738,13.0238,2950
2022-11-18 20:00:00+00:00,13.0243,13.2343,12.937899999999999,13.1523,2362
2022-11-19 12:00:00+00:00,12.7776,12.8238,12.6468,12.7101,2845
2022-11-19 16:00:00+00:00,12.7111,12.8363,12.526,12.6437,1973
2022-11-19 20:00:00+00:00,12.6388,12.7983,12.6003,12.781,1198
2022-11-20 00:00:00+00:00,12.5718,12.9238,12.5718,12.7088,1494
2022-11-20 04:00:00+00:00,12.7188,13.3963,12.6683,13.0638,1635
2022-11-20 08:00:00+00:00,13.0478,13.1338,12.6596,12.7397,1476
2022-11-20 12:00:00+00:00,12.7407,12.9643,12.3896,12.8482,991
2022-11-20 16:00:00+00:00,12.8483,12.963799999999999,12.6302,12.6438,1475
2022-11-20 20:00:00+00:00,12.6382,12.7538,12.0988,12.1667,2288
2022-11-21 00:00:00+00:00,12.2557,12.3923,11.9198,11.963799999999999,4056
2022-11-21 04:00:00+00:00,11.9643,11.9788,11.4943,11.8988,4264
2022-11-21 08:00:00+00:00,11.8933,11.9393,11.4443,11.6948,2959
2022-11-21 12:00:00+00:00,11.6958,12.109,11.5295,11.9885,4635
2022-11-21 16:00:00+00:00,11.984,12.0485,11.5835,11.635,4336
2022-11-21 20:00:00+00:00,11.6325,11.685,11.2033,11.4995,5180
2022-11-22 00:00:00+00:00,11.519,12.0426,10.3797,11.599,3899
2022-11-22 04:00:00+00:00,11.589,11.7245,11.5045,11.554,2087
2022-11-22 08:00:00+00:00,11.5535,11.584,11.156,11.1845,3073
2022-11-22 12:00:00+00:00,11.1795,11.8184,10.8735,11.788499999999999,4269
2022-11-22 16:00:00+00:00,11.7985,12.109,11.554,11.6435,4519
2022-11-22 20:00:00+00:00,11.634,11.964,11.6085,11.939,2936
2022-11-23 00:00:00+00:00,11.949,12.812899999999999,11.9485,12.536,3176
2022-11-23 04:00:00+00:00,12.5325,13.2803,12.5175,12.77,3356
2022-11-23 08:00:00+00:00,12.7695,13.204,12.7695,12.9795,3644
2022-11-23 12:00:00+00:00,12.98,13.3885,12.699,12.699,3717
2022-11-23 16:00:00+00:00,12.6985,13.349,12.6701,13.0738,4059
2022-11-23 20:00:00+00:00,13.0695,14.3931,13.0595,14.108,6239
2022-11-24 00:00:00+00:00,14.1435,14.419,13.9284,14.3535,6232
2022-11-24 04:00:00+00:00,14.354,14.889,14.0884,14.1995,4551
2022-11-24 08:00:00+00:00,14.209,14.5535,14.0945,14.1313,2914
2022-11-24 12:00:00+00:00,14.1363,14.489,13.7322,14.3593,3115
2022-11-24 16:00:00+00:00,14.3588,14.7288,14.1183,14.4683,4134
2022-11-24 20:00:00+00:00,14.4688,14.5288,14.2332,14.3983,3613
2022-11-25 00:00:00+00:00,14.3183,14.6188,14.0193,14.1233,4147
2022-11-25 04:00:00+00:00,14.1283,14.2388,13.838799999999999,13.9388,3458
2022-11-25 08:00:00+00:00,13.9383,14.2305,13.9083,13.9888,2877
2022-11-25 12:00:00+00:00,13.9938,14.4283,13.9293,14.0937,3719
2022-11-25 16:00:00+00:00,14.0932,14.2578,13.8988,13.9888,3046
2022-11-25 20:00:00+00:00,13.9837,14.2538,13.9583,14.1388,2078
2022-11-26 00:00:00+00:00,14.0988,14.5328,13.9177,14.4582,2595
2022-11-26 04:00:00+00:00,14.457699999999999,14.4688,14.2482,14.3787,1854
2022-11-26 08:00:00+00:00,14.3782,14.4733,14.1783,14.3588,2108
2022-11-26 12:00:00+00:00,14.3688,14.9188,14.338799999999999,14.4738,3356
2022-11-26 16:00:00+00:00,14.4743,14.6493,14.0776,14.1637,2969
2022-11-26 20:00:00+00:00,14.1288,14.1637,14.0111,14.1478,851
2022-11-27 00:00:00+00:00,14.1269,14.1308,13.8577,14.0782,1900
2022-11-27 04:00:00+00:00,14.0932,14.3932,14.0927,14.2393,1851
2022-11-27 08:00:00+00:00,14.2437,14.4038,14.1787,14.2653,1067
2022-11-27 12:00:00+00:00,14.2648,14.3344,14.1335,14.1523,987
2022-11-27 16:00:00+00:00,14.1533,14.4088,14.1035,14.2088,1492
2022-11-27 20:00:00+00:00,14.1988,14.3733,14.1793,14.3733,1073
2022-11-28 00:00:00+00:00,14.3588,14.3958,12.869299999999999,13.0143,4584
2022-11-28 04:00:00+00:00,13.0138,13.4893,12.7293,13.3148,4857
2022-11-28 08:00:00+00:00,13.2948,13.4888,13.1853,13.4198,2820
2022-11-28 12:00:00+00:00,13.4048,13.4688,13.2088,13.2642,1722
2022-11-28 16:00:00+00:00,13.2593,13.6962,12.9588,13.3838,4224
2022-11-28 20:00:00+00:00,13.3818,13.4338,13.1743,13.3578,1285
2022-11-29 00:00:00+00:00,13.3639,13.5138,13.1161,13.4655,1813
2022-11-29 04:00:00+00:00,13.4675,13.8618,13.3538,13.6783,1868
2022-11-29 08:00:00+00:00,13.6788,13.9188,13.5748,13.6943,1640
2022-11-29 12:00:00+00:00,13.6928,13.7233,13.4193,13.4837,1584
2022-11-29 16:00:00+00:00,13.4888,13.6233,13.2288,13.2933,2520
2022-11-29 20:00:00+00:00,13.2883,13.4438,13.2183,13.3593,1593
2022-11-30 00:00:00+00:00,13.3477,13.8488,13.2403,13.7633,3111
2022-11-30 04:00:00+00:00,13.7683,13.9143,13.4157,13.5648,2628
2022-11-30 08:00:00+00:00,13.5798,13.7703,13.5492,13.6608,2019
2022-11-30 12:00:00+00:00,13.6568,13.7303,13.4333,13.4797,2026
2022-11-30 16:00:00+00:00,13.4782,13.6033,13.1341,13.3328,2029
2022-11-30 20:00:00+00:00,13.3483,13.8183,13.2072,13.8037,3533
2022-12-01 00:00:00+00:00,13.8288,14.2756,13.7603,13.8302,3259
2022-12-01 04:00:00+00:00,13.8422,13.9748,13.7653,13.8678,1813
2022-12-01 08:00:00+00:00,13.8628,13.9003,13.7682,13.8432,1760
2022-12-01 12:00:00+00:00,13.8427,13.8933,13.5348,13.6983,2164
2022-12-01 16:00:00+00:00,13.6938,13.7798,13.4283,13.5832,3337
2022-12-01 20:00:00+00:00,13.5782,13.6078,13.3583,13.4402,1203
2022-12-02 00:00:00+00:00,13.4332,13.6338,13.3707,13.4758,1645
2022-12-02 04:00:00+00:00,13.4763,13.5238,13.2663,13.4322,1268
2022-12-02 08:00:00+00:00,13.4327,13.5817,13.4097,13.5087,918
2022-12-02 12:00:00+00:00,13.5092,13.7853,13.3338,13.4123,2400
2022-12-02 16:00:00+00:00,13.4113,13.6593,13.3688,13.5442,2631
2022-12-02 20:00:00+00:00,13.5447,13.7532,13.5447,13.7117,1184
2022-12-03 00:00:00+00:00,13.7093,13.7393,13.5193,13.5583,1370
2022-12-03 04:00:00+00:00,13.5663,13.6533,13.5242,13.5872,841
2022-12-03 08:00:00+00:00,13.5922,13.6318,13.4113,13.5203,1427
2022-12-03 12:00:00+00:00,13.5253,13.5488,13.3958,13.4948,945
2022-12-03 16:00:00+00:00,13.4953,13.5808,13.4598,13.5343,938
2022-12-03 20:00:00+00:00,13.5323,13.5343,13.3678,13.4313,1665
2022-12-04 00:00:00+00:00,12.1724,13.4908,12.1724,13.4383,2056
2022-12-04 04:00:00+00:00,13.4388,13.4768,13.3693,13.4158,603
2022-12-04 08:00:00+00:00,13.4183,13.4718,13.3532,13.3778,837
2022-12-04 12:00:00+00:00,13.3768,13.3848,13.3048,13.3493,1218
2022-12-04 16:00:00+00:00,13.3488,13.5093,13.3293,13.4593,990
2022-12-04 20:00:00+00:00,13.4642,13.7058,13.4498,13.5677,1359
2022-12-05 00:00:00+00:00,13.4876,14.0495,13.4876,14.0127,2199
2022-12-05 04:00:00+00:00,14.0183,14.1283,13.8283,13.9683,2033
2022-12-05 08:00:00+00:00,13.9693,14.0508,13.7942,13.9783,1320
2022-12-05 12:00:00+00:00,13.9793,14.0473,13.8488,13.8608,891
2022-12-05 16:00:00+00:00,13.8508,13.9683,13.6093,13.8633,2570
2022-12-05 20:00:00+00:00,13.8583,13.9183,13.5069,13.8283,2388
2022-12-06 00:00:00+00:00,13.8893,14.0488,13.6598,14.0193,1671
2022-12-06 04:00:00+00:00,14.0283,14.3343,13.9293,13.9962,2352
2022-12-06 08:00:00+00:00,13.9888,14.1498,13.9398,13.9693,1329
2022-12-06 12:00:00+00:00,13.9598,14.0748,13.8228,14.0283,1370
2022-12-06 16:00:00+00:00,14.0232,14.0783,13.8498,14.0132,1486
2022-12-06 20:00:00+00:00,14.0098,14.0978,13.8883,14.0683,1607
2022-12-07 00:00:00+00:00,14.0497,14.2942,14.0158,14.0908,1613
2022-12-07 04:00:00+00:00,14.0837,14.1183,13.9168,13.9283,898
2022-12-07 08:00:00+00:00,13.9288,13.943200000000001,13.3621,13.6083,1920
2022-12-07 12:00:00+00:00,13.6017,13.6883,13.5238,13.6308,1185
2022-12-07 16:00:00+00:00,13.6342,13.6983,13.550699999999999,13.5537,1219
2022-12-07 20:00:00+00:00,13.5403,13.5997,13.4637,13.4977,851
2022-12-08 00:00:00+00:00,13.4707,13.5478,13.2957,13.3583,1259
2022-12-08 04:00:00+00:00,13.3532,13.4688,13.2632,13.3147,985
2022-12-08 08:00:00+00:00,13.2998,13.5353,13.2382,13.4032,1006
2022-12-08 12:00:00+00:00,13.4073,13.4962,13.3322,13.4883,1219
2022-12-08 16:00:00+00:00,13.4932,13.5838,13.4032,13.5253,1196
2022-12-08 20:00:00+00:00,13.5258,13.7368,13.5183,13.5883,978
2022-12-09 00:00:00+00:00,13.6107,13.7083,13.5788,13.6388,922
2022-12-09 04:00:00+00:00,13.6483,13.7398,13.6047,13.6117,716
2022-12-09 08:00:00+00:00,13.6107,13.9778,13.5997,13.8783,1372
2022-12-09 12:00:00+00:00,13.8738,13.9688,13.6338,13.7548,1331
2022-12-09 16:00:00+00:00,13.7497,13.8478,13.5788,13.6087,2186
2022-12-09 20:00:00+00:00,13.6057,13.6083,13.4738,13.5027,1046
2022-12-10 00:00:00+00:00,13.4923,13.6158,13.4882,13.5723,486
2022-12-10 04:00:00+00:00,13.5788,13.6868,13.5492,13.5793,439
2022-12-10 08:00:00+00:00,13.5798,13.6253,13.5307,13.5627,595
2022-12-10 12:00:00+00:00,13.5577,13.5958,13.5098,13.5383,438
2022-12-10 16:00:00+00:00,13.5413,13.6593,13.5337,13.6003,479
2022-12-10 20:00:00+00:00,13.6028,13.6423,13.574300000000001,13.5868,599
2022-12-11 00:00:00+00:00,13.4863,13.6258,13.4863,13.5868,512
2022-12-11 04:00:00+00:00,13.5893,13.613199999999999,13.5638,13.6077,570
2022-12-11 08:00:00+00:00,13.6067,13.6232,13.5698,13.5878,283
2022-12-11 12:00:00+00:00,13.5858,13.6433,13.568200000000001,13.5988,339
2022-12-11 16:00:00+00:00,13.5998,13.7107,13.5747,13.6588,765
2022-12-11 20:00:00+00:00,13.6678,13.7493,13.5742,13.5977,884
2022-12-12 00:00:00+00:00,13.5297,13.5763,13.3432,13.3692,869
2022-12-12 04:00:00+00:00,13.3642,13.3648,12.7402,12.9787,1659
2022-12-12 08:00:00+00:00,12.9732,13.1832,12.9132,13.1483,880
2022-12-12 12:00:00+00:00,13.1528,13.1728,12.9683,13.0637,1046
2022-12-12 16:00:00+00:00,13.0593,13.1732,13.0238,13.1222,1079
2022-12-12 20:00:00+00:00,13.1212,13.3393,13.0947,13.2652,1044
2022-12-13 00:00:00+00:00,13.2812,13.3508,13.1593,13.1627,1025
2022-12-13 04:00:00+00:00,13.1542,13.1683,12.9263,13.0627,896
2022-12-13 08:00:00+00:00,13.0608,13.1483,12.7067,13.1207,1885
2022-12-13 12:00:00+00:00,13.1258,14.0687,13.0197,14.0433,3202
2022-12-13 16:00:00+00:00,14.0523,14.0943,13.5464,13.5749,3290
2022-12-13 20:00:00+00:00,13.5694,13.8094,13.5604,13.7424,1146
2022-12-14 00:00:00+00:00,13.5407,13.9342,13.5075,13.8379,761
2022-12-14 04:00:00+00:00,13.8409,14.0054,13.7564,13.7899,629
2022-12-14 08:00:00+00:00,13.7848,13.9689,13.7848,13.9543,749
2022-12-14 12:00:00+00:00,13.9494,14.1843,13.8784,14.0638,1576
2022-12-14 16:00:00+00:00,14.0668,14.7784,13.9983,14.6793,2674
2022-12-14 20:00:00+00:00,14.6838,14.889,14.1063,14.3229,3164
2022-12-15 00:00:00+00:00,14.0683,14.2544,13.8446,13.9504,1190
2022-12-15 04:00:00+00:00,13.955400000000001,14.4794,13.8719,14.2188,1964
2022-12-15 08:00:00+00:00,14.2089,14.2648,13.9844,14.1389,1607
2022-12-15 12:00:00+00:00,14.1304,14.1394,13.8469,13.9869,1628
2022-12-15 16:00:00+00:00,13.9819,14.1288,13.8284,13.8874,1860
2022-12-15 20:00:00+00:00,13.8884,14.1533,13.8499,13.9823,1785
2022-12-16 00:00:00+00:00,13.5773,14.1029,13.5773,14.0484,1106
2022-12-16 04:00:00+00:00,14.0523,14.1184,13.8823,13.9533,758
2022-12-16 08:00:00+00:00,13.9443,14.0589,13.3293,13.4199,2005
2022-12-16 12:00:00+00:00,13.4169,13.4733,13.1809,13.2074,1593
2022-12-16 16:00:00+00:00,13.2123,13.2629,12.5809,12.8584,4719
2022-12-16 20:00:00+00:00,12.8533,13.0594,12.8128,12.8533,1595
2022-12-17 00:00:00+00:00,11.9834,12.3384,11.9334,12.0733,2925
2022-12-17 04:00:00+00:00,12.0689,12.3133,11.8784,12.2313,2339
2022-12-17 08:00:00+00:00,12.2243,12.5189,12.1333,12.2794,1870
2022-12-17 12:00:00+00:00,12.2784,12.4634,12.1684,12.2033,1888
2022-12-17 16:00:00+00:00,12.1984,12.3194,12.0979,12.1589,1560
2022-12-17 20:00:00+00:00,12.1584,12.3204,12.1094,12.2459,1412
2022-12-18 00:00:00+00:00,10.2404,12.4894,10.2404,12.3364,1704
2022-12-18 04:00:00+00:00,12.3234,12.5459,12.3224,12.4109,1033
2022-12-18 08:00:00+00:00,12.4114,12.4334,12.2244,12.2539,826
2022-12-18 12:00:00+00:00,12.2404,12.4109,12.2319,12.3214,653
2022-12-18 16:00:00+00:00,12.3224,12.3574,12.2279,12.3533,641
2022-12-18 20:00:00+00:00,12.3553,12.4884,12.2884,12.3678,1305
2022-12-19 00:00:00+00:00,12.3834,12.5594,12.2884,12.4884,1791
2022-12-19 04:00:00+00:00,12.4953,12.5018,12.1134,12.2123,1894
2022-12-19 08:00:00+00:00,12.2074,12.2774,12.1289,12.2233,1262
2022-12-19 12:00:00+00:00,12.2274,12.3194,12.1739,12.1933,1327
2022-12-19 16:00:00+00:00,12.1833,12.2588,11.8834,12.0233,2496
2022-12-19 20:00:00+00:00,12.0183,12.0979,11.8734,11.9898,1996
2022-12-20 00:00:00+00:00,11.3493,12.1889,11.3493,12.0733,2573
2022-12-20 04:00:00+00:00,12.0753,12.4094,12.0383,12.2733,2725
2022-12-20 08:00:00+00:00,12.2784,12.4028,12.2633,12.3238,1045
2022-12-20 12:00:00+00:00,12.3338,12.3719,12.1985,12.2275,1131
2022-12-20 16:00:00+00:00,12.2234,12.4385,12.1039,12.1134,3342
2022-12-20 20:00:00+00:00,12.1044,12.2434,12.0734,12.228,1022
2022-12-21 00:00:00+00:00,12.222,12.2744,12.1185,12.1534,1023
2022-12-21 04:00:00+00:00,12.149,12.1785,11.8785,12.0354,1346
2022-12-21 08:00:00+00:00,12.0404,12.1085,11.9244,12.0699,1393
2022-12-21 12:00:00+00:00,12.0743,12.0938,11.9558,12.0133,946
2022-12-21 16:00:00+00:00,12.0043,12.0779,11.8734,11.9979,1599
2022-12-21 20:00:00+00:00,11.9933,12.0384,11.8513,12.0209,971
2022-12-22 00:00:00+00:00,12.0113,12.1734,11.9538,12.0484,1459
2022-12-22 04:00:00+00:00,12.0533,12.0984,11.9938,12.0123,637
2022-12-22 08:00:00+00:00,12.0173,12.1243,11.9294,12.0895,1081
2022-12-22 12:00:00+00:00,12.0944,12.1214,11.9695,11.9749,1060
2022-12-22 16:00:00+00:00,11.9739,11.9884,11.6095,11.6834,1710
2022-12-22 20:00:00+00:00,11.6785,12.0445,11.6339,11.8109,1300
2022-12-23 00:00:00+00:00,11.8479,11.9635,11.6195,11.9234,1892
2022-12-23 04:00:00+00:00,11.9385,12.059,11.8834,11.9015,1023
2022-12-23 08:00:00+00:00,11.903,11.907399999999999,11.7505,11.84,932
2022-12-23 12:00:00+00:00,11.8349,11.928,11.7449,11.8234,1696
2022-12-23 16:00:00+00:00,11.8239,11.8539,11.7155,11.7844,1428
2022-12-23 20:00:00+00:00,11.7889,11.829,11.7485,11.7934,685
2022-12-24 00:00:00+00:00,11.6985,11.736,11.6544,11.6934,492
2022-12-24 04:00:00+00:00,11.6889,11.7375,10.983,11.3295,1446
2022-12-24 08:00:00+00:00,11.3245,11.3439,11.11,11.1905,1937
2022-12-24 12:00:00+00:00,11.1949,11.319,11.1844,11.2805,1190
2022-12-24 16:00:00+00:00,11.2839,11.4044,11.267900000000001,11.4,824
2022-12-24 20:00:00+00:00,11.408,11.5565,11.305,11.3315,1018
2022-12-25 00:00:00+00:00,9.4617,11.4555,9.4617,11.4025,852
2022-12-25 04:00:00+00:00,11.403,11.442,11.355,11.3975,745
2022-12-25 08:00:00+00:00,11.397,11.5085,11.3775,11.423,1002
2022-12-25 12:00:00+00:00,11.4235,11.4235,11.2775,11.29,617
2022-12-25 16:00:00+00:00,11.2895,11.3865,11.203,11.2395,1101
2022-12-25 20:00:00+00:00,11.24,11.376,11.221,11.348,987
2022-12-26 00:00:00+00:00,11.35,11.368,11.2084,11.3575,862
2022-12-26 04:00:00+00:00,11.3624,11.4434,11.2785,11.2909,809
2022-12-26 08:00:00+00:00,11.283,11.3034,11.2219,11.2639,892
2022-12-26 12:00:00+00:00,11.2689,11.329,11.2409,11.259,1115
2022-12-26 16:00:00+00:00,11.2594,11.2639,11.0214,11.1354,1615
2022-12-26 20:00:00+00:00,11.1349,11.2234,11.0925,11.1729,1008
2022-12-27 00:00:00+00:00,11.1564,11.3835,11.1134,11.2274,962
2022-12-27 04:00:00+00:00,11.2269,11.2739,11.1424,11.1534,684
2022-12-27 08:00:00+00:00,11.1485,11.2155,11.0495,11.1384,885
2022-12-27 12:00:00+00:00,11.1434,11.1734,10.9346,11.0034,1067
2022-12-27 16:00:00+00:00,10.9984,11.0489,10.654,10.7434,3378
2022-12-27 20:00:00+00:00,10.7389,10.9779,10.6734,10.9404,1421
2022-12-28 00:00:00+00:00,10.0346,11.124,9.9928,10.8514,1203
2022-12-28 04:00:00+00:00,10.8509,10.8989,9.5398,9.8945,3295
2022-12-28 08:00:00+00:00,9.884,10.1685,9.8439,9.943999999999999,3473
2022-12-28 12:00:00+00:00,9.9395,10.1136,9.7846,9.929,2429
2022-12-28 16:00:00+00:00,9.9285,10.294599999999999,9.8196,9.9795,4461
2022-12-28 20:00:00+00:00,9.983,10.043,9.3336,9.5531,3813
2022-12-29 00:00:00+00:00,9.3534,9.8296,9.3014,9.6085,2199
2022-12-29 04:00:00+00:00,9.608,9.7391,9.4786,9.6745,2523
2022-12-29 08:00:00+00:00,9.67,9.689,9.2061,9.4151,2475
2022-12-29 12:00:00+00:00,9.4146,9.5592,9.3141,9.3361,2269
2022-12-29 16:00:00+00:00,9.3342,9.4541,9.2562,9.3141,2944
2022-12-29 20:00:00+00:00,9.3096,9.3141,7.443,8.3542,8418
2022-12-30 00:00:00+00:00,8.3192,10.6585,8.3092,9.6282,10698
2022-12-30 04:00:00+00:00,9.6272,9.9508,9.2397,9.2787,6749
2022-12-30 08:00:00+00:00,9.2782,9.4487,8.9547,9.0907,3338
2022-12-30 12:00:00+00:00,9.083,9.9303,9.0412,9.4688,3331
2022-12-30 16:00:00+00:00,9.473700000000001,9.9288,9.3288,9.7838,3976
2022-12-30 20:00:00+00:00,9.7738,10.0223,9.7188,9.7992,4267
2022-12-31 00:00:00+00:00,9.7218,10.0143,9.6668,9.7652,2427
2022-12-31 04:00:00+00:00,9.755700000000001,9.8183,9.6092,9.6842,2155
2022-12-31 08:00:00+00:00,9.6787,9.8198,9.6637,9.7737,2438
2022-12-31 12:00:00+00:00,9.7742,9.9362,9.7692,9.9042,1987
2022-12-31 16:00:00+00:00,9.8942,10.1693,9.8637,9.9153,2047
2022-12-31 20:00:00+00:00,9.9198,10.1098,9.8873,9.963799999999999,594
2023-01-01 00:00:00+00:00,9.9576,10.0218,9.7936,9.9963,923
2023-01-01 04:00:00+00:00,9.9888,10.0243,9.6668,9.7493,633
2023-01-01 08:00:00+00:00,9.7513,9.7893,9.6428,9.7473,584
2023-01-01 12:00:00+00:00,9.7493,9.9403,9.7328,9.8168,633
2023-01-01 16:00:00+00:00,9.8263,9.8873,9.7673,9.8798,465
2023-01-01 20:00:00+00:00,9.8873,9.9928,9.8873,9.9423,509
2023-01-02 00:00:00+00:00,9.925699999999999,10.0153,9.7638,9.8027,2561
2023-01-02 04:00:00+00:00,9.7942,9.9852,9.7772,9.9427,1970
2023-01-02 08:00:00+00:00,9.9402,11.7489,9.8988,11.1103,5945
2023-01-02 12:00:00+00:00,11.0937,11.1543,10.8293,11.0588,4875
2023-01-02 16:00:00+00:00,11.0632,11.1787,11.0237,11.1072,3365
2023-01-02 20:00:00+00:00,11.1077,11.4417,11.0742,11.3338,2820
2023-01-03 00:00:00+00:00,11.2643,11.2888,10.9713,11.0244,2312
2023-01-03 04:00:00+00:00,11.0244,11.744299999999999,11.0074,11.7213,3399
2023-01-03 08:00:00+00:00,11.729800000000001,11.9898,11.6303,11.8073,4299
2023-01-03 12:00:00+00:00,11.8083,12.059,11.739,11.9505,3104
2023-01-03 16:00:00+00:00,11.953,13.7248,11.953,12.8345,10011
2023-01-03 20:00:00+00:00,12.8389,13.298,12.663499999999999,13.2289,5674
2023-01-04 00:00:00+00:00,13.267,13.818999999999999,13.029,13.6434,5241
2023-01-04 04:00:00+00:00,13.6485,13.9601,13.2185,13.6645,5647
2023-01-04 08:00:00+00:00,13.6595,14.194,13.5245,13.7634,6766
2023-01-04 12:00:00+00:00,13.7594,13.784,13.349,13.4304,4230
2023-01-04 16:00:00+00:00,13.4299,13.5985,13.1061,13.4085,6777
2023-01-04 20:00:00+00:00,13.408,13.5087,12.7655,13.0704,7462
2023-01-05 00:00:00+00:00,13.1439,13.613,12.9959,13.1864,5199
2023-01-05 04:00:00+00:00,13.1889,13.443,13.058,13.2639,4922
2023-01-05 08:00:00+00:00,13.2685,13.309,12.8958,12.9913,5055
2023-01-05 12:00:00+00:00,12.9984,13.3004,12.9893,13.0538,4329
2023-01-05 16:00:00+00:00,13.0533,13.3539,12.9988,13.0488,3799
2023-01-05 20:00:00+00:00,13.0483,13.8204,13.0193,13.5053,4793
2023-01-06 00:00:00+00:00,13.4683,13.5424,13.2144,13.3384,4573
2023-01-06 04:00:00+00:00,13.3379,13.3579,13.0604,13.1269,3920
2023-01-06 08:00:00+00:00,13.1259,13.2069,12.9663,13.1138,3658
2023-01-06 12:00:00+00:00,13.1128,13.1408,12.6353,12.9282,4418
2023-01-06 16:00:00+00:00,12.9383,13.2678,12.8472,13.1512,5937
2023-01-06 20:00:00+00:00,13.1587,13.3682,13.1152,13.2187,2362
2023-01-07 00:00:00+00:00,13.4047,13.5497,13.2402,13.2752,3105
2023-01-07 04:00:00+00:00,13.2767,13.3888,13.1467,13.2632,2377
2023-01-07 08:00:00+00:00,13.2642,13.2772,13.0787,13.1582,2837
2023-01-07 12:00:00+00:00,13.1487,13.2317,13.0877,13.1487,1989
2023-01-07 16:00:00+00:00,13.1582,13.2302,13.1137,13.1617,1518
2023-01-07 20:00:00+00:00,13.1627,13.2172,13.1112,13.1372,1160
2023-01-08 00:00:00+00:00,13.0924,13.2038,12.7977,13.1493,3745
2023-01-08 04:00:00+00:00,13.1528,13.3938,13.1358,13.2712,3352
2023-01-08 08:00:00+00:00,13.2677,13.7244,13.1987,13.4692,3812
2023-01-08 12:00:00+00:00,13.4702,13.5988,13.3732,13.5457,3224
2023-01-08 16:00:00+00:00,13.5462,13.9238,13.4553,13.5132,6845
2023-01-08 20:00:00+00:00,13.5142,13.8192,13.4097,13.6787,4863
2023-01-09 00:00:00+00:00,13.667300000000001,15.745,13.6277,15.4092,9847
2023-01-09 04:00:00+00:00,15.3992,16.6877,15.3777,16.0403,11067
2023-01-09 08:00:00+00:00,16.0418,16.6238,15.8838,16.2672,8652
2023-01-09 12:00:00+00:00,16.2667,16.7038,16.1828,16.3153,5997
2023-01-09 16:00:00+00:00,16.3158,17.4393,15.99,16.7432,7022
2023-01-09 20:00:00+00:00,16.7332,16.9207,16.0488,16.2452,5720
2023-01-10 00:00:00+00:00,16.3588,16.5522,15.9495,16.1722,6960
2023-01-10 04:00:00+00:00,16.2018,16.2887,15.5086,16.1242,7927
2023-01-10 08:00:00+00:00,16.1247,16.3018,15.7767,16.1072,7918
2023-01-10 12:00:00+00:00,16.1087,16.2297,15.757,15.896,5749
2023-01-10 16:00:00+00:00,15.8965,16.4551,15.8736,16.314,10244
2023-01-10 20:00:00+00:00,16.3205,16.7026,16.198,16.418,5184
2023-01-11 00:00:00+00:00,16.1678,16.323,15.836500000000001,16.0645,3963
2023-01-11 04:00:00+00:00,16.0696,16.1046,15.7846,15.949,4266
2023-01-11 08:00:00+00:00,15.947,16.1136,15.907,16.0381,2794
2023-01-11 12:00:00+00:00,16.043,16.082,15.6746,15.8035,3338
2023-01-11 16:00:00+00:00,15.804,15.804,15.2441,15.507,6047
2023-01-11 20:00:00+00:00,15.508,16.0991,15.508,15.8691,5237
2023-01-12 00:00:00+00:00,15.8886,16.9735,15.708,16.547,10279
2023-01-12 04:00:00+00:00,16.5336,16.6051,16.158,16.1836,7717
2023-01-12 08:00:00+00:00,16.1841,16.3005,15.978,16.056,5258
2023-01-12 12:00:00+00:00,16.0485,16.4614,15.3291,16.3,7697
2023-01-12 16:00:00+00:00,16.3,16.5616,15.5995,16.5521,13818
2023-01-12 20:00:00+00:00,16.5566,16.75,16.3116,16.4345,9679
2023-01-13 00:00:00+00:00,16.3481,16.7986,16.2344,16.366,8732
2023-01-13 04:00:00+00:00,16.369,17.3086,16.303,16.7531,8103
2023-01-13 08:00:00+00:00,16.7485,17.0706,16.7265,16.883,7416
2023-01-13 12:00:00+00:00,16.8825,16.944,16.431,16.508,8726
2023-01-13 16:00:00+00:00,16.4985,16.9236,16.408,16.8465,9661
2023-01-13 20:00:00+00:00,16.8475,18.3046,16.6665,18.2106,11035
2023-01-14 00:00:00+00:00,18.2017,21.0418,18.1782,20.7766,1344
2023-01-14 04:00:00+00:00,20.7766,24.0544,20.7766,23.5794,6295
2023-01-14 08:00:00+00:00,23.5914,24.6234,21.4561,22.5291,18893
2023-01-14 12:00:00+00:00,22.5311,22.7736,21.1667,22.4541,13160
2023-01-14 16:00:00+00:00,22.4546,23.545,21.5573,22.8198,15053
2023-01-14 20:00:00+00:00,22.8158,23.3086,22.3977,22.6971,12618
2023-01-15 00:00:00+00:00,22.4186,24.8489,22.374,23.1381,16623
2023-01-15 04:00:00+00:00,23.1436,23.2006,21.7005,22.9471,14700
2023-01-15 08:00:00+00:00,22.946,22.9995,21.724,22.6144,14196
2023-01-15 12:00:00+00:00,22.6344,23.6686,22.3386,23.1401,14589
2023-01-15 16:00:00+00:00,23.1072,23.8156,22.9736,23.2621,13033
2023-01-15 20:00:00+00:00,23.2616,23.3715,22.9036,23.247,9636
2023-01-16 00:00:00+00:00,23.0681,23.5346,22.3692,23.2581,8284
2023-01-16 04:00:00+00:00,23.2731,24.1103,22.9881,23.4755,7940
2023-01-16 08:00:00+00:00,23.475,24.9048,22.805,23.3381,11576
2023-01-16 12:00:00+00:00,23.3286,23.6231,22.916,23.1511,6491
2023-01-16 16:00:00+00:00,23.1531,23.3041,22.1473,23.2436,9961
2023-01-16 20:00:00+00:00,23.2431,23.8081,23.0446,23.595,10270
2023-01-17 00:00:00+00:00,23.6951,24.2501,22.7254,23.138,13516
2023-01-17 04:00:00+00:00,23.1336,23.764499999999998,22.8881,23.488,10064
2023-01-17 08:00:00+00:00,23.498,23.7181,23.1521,23.5845,8150
2023-01-17 12:00:00+00:00,23.584,23.8828,23.3069,23.3703,9590
2023-01-17 16:00:00+00:00,23.3698,23.9069,22.9814,23.3123,13971
2023-01-17 20:00:00+00:00,23.3029,23.6424,23.0893,23.2634,8897
2023-01-18 00:00:00+00:00,23.2751,23.3074,22.5614,22.9553,10654
2023-01-18 04:00:00+00:00,22.9498,23.2889,22.5979,23.2078,11158
2023-01-18 08:00:00+00:00,23.2029,23.2058,22.0962,22.3588,10576
2023-01-18 12:00:00+00:00,22.3573,23.1675,22.2383,23.016,11483
2023-01-18 16:00:00+00:00,23.01,23.5845,20.2165,21.77,22790
2023-01-18 20:00:00+00:00,21.773,22.2525,21.113,21.2664,17925
2023-01-19 00:00:00+00:00,21.0189,21.2149,20.5408,20.961,12398
2023-01-19 04:00:00+00:00,20.9615,21.734,20.8429,21.3989,10606
2023-01-19 08:00:00+00:00,21.4009,21.4794,21.0574,21.2731,9764
2023-01-19 12:00:00+00:00,21.2736,21.398,20.3681,20.7856,8183
2023-01-19 16:00:00+00:00,20.778,21.2581,20.5126,20.9131,11368
2023-01-19 20:00:00+00:00,20.9181,21.8081,20.8541,21.3031,9108
2023-01-20 00:00:00+00:00,21.1224,21.5031,20.9686,21.4386,4279
2023-01-20 04:00:00+00:00,21.4416,21.5926,20.9331,21.0131,6868
2023-01-20 08:00:00+00:00,21.0075,21.1931,20.8731,21.115,6162
2023-01-20 12:00:00+00:00,21.11,21.4331,20.9625,21.2125,6494
2023-01-20 16:00:00+00:00,21.2175,22.5155,21.178,22.4645,9066
2023-01-20 20:00:00+00:00,22.4645,24.2625,22.4345,24.1276,9036
2023-01-21 00:00:00+00:00,25.2965,25.771,23.788,24.7981,6400
2023-01-21 04:00:00+00:00,24.7931,25.2181,24.6481,24.7431,5730
2023-01-21 08:00:00+00:00,24.7381,25.6478,24.6931,25.3731,8041
2023-01-21 12:00:00+00:00,25.3781,26.351,24.0389,25.2631,10707
2023-01-21 16:00:00+00:00,25.268,25.9351,25.0105,25.3705,10170
2023-01-21 20:00:00+00:00,25.3505,25.7881,25.203,25.5531,6894
2023-01-22 00:00:00+00:00,25.2775,25.5231,24.28,25.1105,6118
2023-01-22 04:00:00+00:00,25.1005,25.4081,24.627,25.1186,5445
2023-01-22 08:00:00+00:00,25.1231,25.3281,24.6947,25.0481,3212
2023-01-22 12:00:00+00:00,25.0381,25.1881,24.5513,25.0531,2707
2023-01-22 16:00:00+00:00,25.0481,25.3731,24.6185,25.1231,6620
2023-01-22 20:00:00+00:00,25.1281,25.1681,23.3366,24.1781,7255
2023-01-23 00:00:00+00:00,23.9334,24.6331,23.8981,24.4131,6071
2023-01-23 04:00:00+00:00,24.4181,24.8856,24.3981,24.4431,6673
2023-01-23 08:00:00+00:00,24.4531,24.7131,24.1281,24.4825,6732
2023-01-23 12:00:00+00:00,24.4875,24.7576,23.8573,24.0903,7967
2023-01-23 16:00:00+00:00,24.0879,24.6408,23.5993,24.6093,8122
2023-01-23 20:00:00+00:00,24.6193,24.7079,23.9029,24.2779,5700
2023-01-24 00:00:00+00:00,24.0252,24.5979,24.0127,24.5729,4133
2023-01-24 04:00:00+00:00,24.5679,25.1313,24.5679,24.8178,6988
2023-01-24 08:00:00+00:00,24.8129,24.9178,24.3677,24.4829,6147
2023-01-24 12:00:00+00:00,24.4879,24.5878,23.8926,24.1729,6285
2023-01-24 16:00:00+00:00,24.1678,24.4929,23.9629,24.2328,7905
2023-01-24 20:00:00+00:00,24.2323,24.4729,23.5823,23.8324,7452
2023-01-25 00:00:00+00:00,23.6993,23.9093,21.9716,22.5029,9425
2023-01-25 04:00:00+00:00,22.4979,23.0379,22.4829,22.9528,3548
2023-01-25 08:00:00+00:00,22.9579,23.3978,22.8528,23.0029,4419
2023-01-25 12:00:00+00:00,23.0079,24.5078,22.9479,23.7829,5953
2023-01-25 16:00:00+00:00,23.7879,23.8829,22.2263,23.5279,7371
2023-01-25 20:00:00+00:00,23.5329,25.0658,23.4479,24.8638,7067
2023-01-26 00:00:00+00:00,24.8906,25.4534,23.5753,24.7324,7004
2023-01-26 04:00:00+00:00,24.7329,25.1799,24.5379,24.7699,5688
2023-01-26 08:00:00+00:00,24.7629,24.9078,24.1604,24.3429,6168
2023-01-26 12:00:00+00:00,24.3378,24.893,23.9534,24.813,6409
2023-01-26 16:00:00+00:00,24.838,25.0273,23.7133,24.3129,9476
2023-01-26 20:00:00+00:00,24.3178,24.6829,24.1524,24.4078,6986
2023-01-27 00:00:00+00:00,24.2879,24.4979,23.2728,23.5479,5524
2023-01-27 04:00:00+00:00,23.5629,23.9879,23.4679,23.9579,4073
2023-01-27 08:00:00+00:00,23.9629,23.9979,23.6629,23.8078,3428
2023-01-27 12:00:00+00:00,23.7929,23.8331,23.290399999999998,23.5679,4550
2023-01-27 16:00:00+00:00,23.5829,24.5279,23.3629,24.4629,7374
2023-01-27 20:00:00+00:00,24.4579,24.9213,24.1679,24.3129,6042
2023-01-28 00:00:00+00:00,24.074,24.8363,24.046,24.5329,2472
2023-01-28 04:00:00+00:00,24.5229,25.1653,24.3129,24.5529,5081
2023-01-28 08:00:00+00:00,24.5579,24.6378,24.1279,24.3578,4606
2023-01-28 12:00:00+00:00,24.352899999999998,24.4078,23.6223,23.9629,5246
2023-01-28 16:00:00+00:00,23.9578,24.1878,23.7329,24.1179,5348
2023-01-28 20:00:00+00:00,24.1229,24.1274,23.7278,23.8678,2632
2023-01-29 00:00:00+00:00,23.6098,24.6523,23.6058,24.2679,4200
2023-01-29 04:00:00+00:00,24.2779,24.3879,23.8029,24.1378,4457
2023-01-29 08:00:00+00:00,24.1429,24.2779,24.0149,24.2679,2929
2023-01-29 12:00:00+00:00,24.2628,24.6999,24.1353,24.4629,4127
2023-01-29 16:00:00+00:00,24.4679,26.3908,24.2979,26.227899999999998,7402
2023-01-29 20:00:00+00:00,26.2229,26.6804,25.7679,26.2929,8170
2023-01-30 00:00:00+00:00,26.0821,26.4421,25.5643,25.6278,4935
2023-01-30 04:00:00+00:00,25.6378,25.6429,25.1529,25.5429,3364
2023-01-30 08:00:00+00:00,25.5179,25.5354,23.7429,23.9629,5522
2023-01-30 12:00:00+00:00,23.9579,24.3527,23.7242,24.1871,4712
2023-01-30 16:00:00+00:00,24.1876,24.6976,24.1176,24.2127,5419
2023-01-30 20:00:00+00:00,24.2027,24.3227,22.8641,23.7376,6775
2023-01-31 00:00:00+00:00,23.4995,24.1877,23.3927,24.1327,5083
2023-01-31 04:00:00+00:00,24.1376,24.2277,23.6117,23.6127,3167
2023-01-31 08:00:00+00:00,23.6177,24.0877,23.6177,23.6876,3465
2023-01-31 12:00:00+00:00,23.6871,24.1866,23.4476,24.1676,4318
2023-01-31 16:00:00+00:00,24.1727,24.4227,23.9727,24.1776,6027
2023-01-31 20:00:00+00:00,24.1827,24.1878,23.5664,23.7929,3772
2023-02-01 00:00:00+00:00,23.5409,24.0092,23.5409,23.8173,3220
2023-02-01 04:00:00+00:00,23.8178,23.9379,23.7228,23.7878,1398
2023-02-01 08:00:00+00:00,23.7678,23.7778,23.1178,23.4078,4102
2023-02-01 12:00:00+00:00,23.4128,23.6179,23.2778,23.4223,2717
2023-02-01 16:00:00+00:00,23.4228,23.5229,22.4479,22.6179,5942
2023-02-01 20:00:00+00:00,22.6129,24.9829,22.5324,24.7829,8360
2023-02-02 00:00:00+00:00,24.6724,25.6938,24.6724,25.3179,3569
2023-02-02 04:00:00+00:00,25.3128,25.4279,25.0378,25.0529,1918
2023-02-02 08:00:00+00:00,25.0579,25.1129,24.6779,25.0029,2785
2023-02-02 12:00:00+00:00,24.9979,25.0879,24.7864,24.8474,2148
2023-02-02 16:00:00+00:00,24.8479,25.5988,24.5528,25.3778,5277
2023-02-02 20:00:00+00:00,25.3829,26.0358,24.3553,24.4384,5600
2023-02-03 00:00:00+00:00,24.1016,24.5979,23.9778,24.2484,4258
2023-02-03 04:00:00+00:00,24.2383,24.4578,23.9929,24.4228,3098
2023-02-03 08:00:00+00:00,24.4278,24.4878,24.0529,24.3078,2934
2023-02-03 12:00:00+00:00,24.3178,24.6378,24.0743,24.2479,3540
2023-02-03 16:00:00+00:00,24.2529,25.0677,24.0129,24.7278,7249
2023-02-03 20:00:00+00:00,24.7129,24.7629,24.1929,24.4478,4338
2023-02-04 00:00:00+00:00,24.5869,24.7629,24.4229,24.4578,1775
2023-02-04 04:00:00+00:00,24.4529,24.5278,24.2728,24.3578,1702
2023-02-04 08:00:00+00:00,24.3679,24.4978,24.2329,24.4628,1500
2023-02-04 12:00:00+00:00,24.4578,24.9029,24.4514,24.7929,2089
2023-02-04 16:00:00+00:00,24.7978,24.8178,24.4499,24.6879,1679
2023-02-04 20:00:00+00:00,24.6929,24.7579,24.5134,24.6123,899
2023-02-05 00:00:00+00:00,24.3484,24.6859,24.0574,24.2438,3555
2023-02-05 04:00:00+00:00,24.2388,24.3728,24.0079,24.3713,1697
2023-02-05 08:00:00+00:00,24.3763,24.4278,24.2679,24.2928,1104
2023-02-05 12:00:00+00:00,24.2979,24.3179,23.1676,23.6174,2273
2023-02-05 16:00:00+00:00,23.6128,23.8274,23.1629,23.3129,4919
2023-02-05 20:00:00+00:00,23.3029,23.5179,22.9929,23.3678,4216
2023-02-06 00:00:00+00:00,23.0991,23.6879,23.0991,23.4978,2257
2023-02-06 04:00:00+00:00,23.4929,23.5578,22.8429,23.0778,3242
2023-02-06 08:00:00+00:00,23.0829,23.3778,22.9928,23.2488,2565
2023-02-06 12:00:00+00:00,23.2538,23.3579,23.0029,23.0929,3036
2023-02-06 16:00:00+00:00,23.0829,23.5508,22.7579,23.2479,5801
2023-02-06 20:00:00+00:00,23.2428,23.4329,22.8829,22.9878,3126
2023-02-07 00:00:00+00:00,22.7578,23.1107,22.4307,22.9029,3666
2023-02-07 04:00:00+00:00,22.9078,23.1278,22.8128,23.0728,2187
2023-02-07 08:00:00+00:00,23.0778,23.3678,23.0478,23.2829,2477
2023-02-07 12:00:00+00:00,23.2878,23.4079,23.1229,23.2278,2354
2023-02-07 16:00:00+00:00,23.2228,23.6768,22.7129,23.6218,4717
2023-02-07 20:00:00+00:00,23.6318,23.8388,22.5202,23.6729,4184
2023-02-08 00:00:00+00:00,23.818,24.1979,23.3154,23.9129,3666
2023-02-08 04:00:00+00:00,23.9078,23.9878,23.5678,23.6328,1860
2023-02-08 08:00:00+00:00,23.6378,23.7778,23.4878,23.6178,2222
2023-02-08 12:00:00+00:00,23.6078,23.9324,23.4929,23.6778,2944
2023-02-08 16:00:00+00:00,23.6678,23.8929,22.7429,23.2678,6980
2023-02-08 20:00:00+00:00,23.2578,23.3219,22.8278,23.1078,3765
2023-02-09 00:00:00+00:00,23.087,23.2999,22.9929,23.1029,2626
2023-02-09 04:00:00+00:00,23.1079,23.1278,21.877,22.6378,5221
2023-02-09 08:00:00+00:00,22.6353,22.9319,22.5678,22.7993,2795
2023-02-09 12:00:00+00:00,22.7978,22.9229,22.5329,22.8028,3193
2023-02-09 16:00:00+00:00,22.8078,22.9279,22.2029,22.3829,5357
2023-02-09 20:00:00+00:00,22.3778,22.5329,20.7079,21.2079,7938
2023-02-10 00:00:00+00:00,20.8771,21.2307,19.9238,20.7578,4757
2023-02-10 04:00:00+00:00,20.7723,20.8779,20.4729,20.6978,2826
2023-02-10 08:00:00+00:00,20.6948,21.1529,20.6678,20.9378,2843
2023-02-10 12:00:00+00:00,20.9478,21.0578,20.468,20.7331,3896
2023-02-10 16:00:00+00:00,20.738,20.9681,20.415,20.728,6209
2023-02-10 20:00:00+00:00,20.748,20.9311,20.011,20.2926,3169
2023-02-11 00:00:00+00:00,19.7241,20.4031,19.4524,20.268,476
2023-02-11 04:00:00+00:00,20.253,20.4415,20.1531,20.2161,1079
2023-02-11 08:00:00+00:00,20.2076,20.3381,20.163,20.3135,1000
2023-02-11 12:00:00+00:00,20.3191,20.5031,20.1891,20.478,1867
2023-02-11 16:00:00+00:00,20.4831,20.5781,20.2231,20.3176,1535
2023-02-11 20:00:00+00:00,20.313,20.6671,20.2341,20.6381,1203
2023-02-12 00:00:00+00:00,20.3306,20.8451,20.3306,20.643,1176
2023-02-12 04:00:00+00:00,20.638,20.7731,20.5835,20.768,564
2023-02-12 08:00:00+00:00,20.773,20.999,20.768,20.968,988
2023-02-12 12:00:00+00:00,20.9581,21.073,20.728,20.778,884
2023-02-12 16:00:00+00:00,20.783,21.803,20.778,21.708,3339
2023-02-12 20:00:00+00:00,21.718,22.2579,21.3131,21.3431,1805
2023-02-13 00:00:00+00:00,21.4881,21.4881,20.6555,20.7755,931
2023-02-13 04:00:00+00:00,20.7655,21.0931,20.4281,20.928,2286
2023-02-13 08:00:00+00:00,20.9381,21.2731,19.998,20.2831,3383
2023-02-13 12:00:00+00:00,20.2781,20.6531,20.1731,20.3931,2382
2023-02-13 16:00:00+00:00,20.3881,20.6581,19.6995,19.9131,4283
2023-02-13 20:00:00+00:00,19.9081,20.5131,19.8881,20.2931,2373
2023-02-14 00:00:00+00:00,20.0544,21.0531,20.0544,20.743,2255
2023-02-14 04:00:00+00:00,20.7365,20.9185,20.698,20.9031,1323
2023-02-14 08:00:00+00:00,20.908,21.5045,20.748,21.424,2037
2023-02-14 12:00:00+00:00,21.421,21.8416,20.9216,21.3632,3803
2023-02-14 16:00:00+00:00,21.3682,22.3276,20.8332,21.6881,7262
2023-02-14 20:00:00+00:00,21.6926,22.0282,21.6082,21.7181,3369
2023-02-15 00:00:00+00:00,21.4669,21.8832,21.4669,21.5081,3090
2023-02-15 04:00:00+00:00,21.5086,21.6637,21.4081,21.6081,3749
2023-02-15 08:00:00+00:00,21.5981,21.7671,21.4376,21.7137,4079
2023-02-15 12:00:00+00:00,21.7132,22.7081,21.6476,22.3476,8566
2023-02-15 16:00:00+00:00,22.3481,22.5531,22.188,22.368,9071
2023-02-15 20:00:00+00:00,22.3675,23.8931,22.298,23.4481,10252
2023-02-16 00:00:00+00:00,23.2115,24.1131,23.2115,23.7841,6606
2023-02-16 04:00:00+00:00,23.7836,24.0231,23.6675,23.793,4483
2023-02-16 08:00:00+00:00,23.7935,23.9481,23.4915,23.773,5389
2023-02-16 12:00:00+00:00,23.768,23.8631,23.1133,23.2583,5688
2023-02-16 16:00:00+00:00,23.2422,24.1088,23.0133,23.7083,11094
2023-02-16 20:00:00+00:00,23.7113,23.9333,22.7983,22.9183,6770
2023-02-17 00:00:00+00:00,22.782,22.982,21.973300000000002,22.5683,7798
2023-02-17 04:00:00+00:00,22.5633,22.7583,22.4682,22.5377,4262
2023-02-17 08:00:00+00:00,22.5382,22.7633,22.4333,22.5982,4549
2023-02-17 12:00:00+00:00,22.5977,22.6782,22.4882,22.5482,5461
2023-02-17 16:00:00+00:00,22.5442,23.1283,22.3842,22.9283,11907
2023-02-17 20:00:00+00:00,22.9278,23.5333,22.8782,23.2433,7810
2023-02-18 00:00:00+00:00,23.1538,23.5883,23.0493,23.5518,1991
2023-02-18 04:00:00+00:00,23.5523,23.5633,23.2332,23.3992,2667
2023-02-18 08:00:00+00:00,23.3987,23.4387,23.0733,23.1677,3019
2023-02-18 12:00:00+00:00,23.1682,23.3148,22.8877,23.2037,3540
2023-02-18 16:00:00+00:00,23.2032,23.8888,22.6577,23.5282,4781
2023-02-18 20:00:00+00:00,23.5287,23.7533,23.2333,23.5133,4498
2023-02-19 00:00:00+00:00,23.3083,23.6333,23.1682,23.2438,3007
2023-02-19 04:00:00+00:00,23.2433,23.9533,23.2177,23.9133,3334
2023-02-19 08:00:00+00:00,23.9128,23.9333,23.4133,23.5482,3497
2023-02-19 12:00:00+00:00,23.5533,24.395,23.4882,24.2533,3086
2023-02-19 16:00:00+00:00,24.2583,25.3182,23.9432,24.3133,9901
2023-02-19 20:00:00+00:00,24.3033,25.1302,23.9852,25.0602,5923
2023-02-20 00:00:00+00:00,24.9348,25.5754,24.0617,24.6433,7954
2023-02-20 04:00:00+00:00,24.6438,26.8372,24.5978,26.4083,9364
2023-02-20 08:00:00+00:00,26.4133,27.0512,25.9833,26.2693,8256
2023-02-20 12:00:00+00:00,26.2688,26.6727,26.1433,26.3583,8542
2023-02-20 16:00:00+00:00,26.3633,26.5883,25.6083,25.6333,9506
2023-02-20 20:00:00+00:00,25.6233,26.4333,25.5083,26.0833,6378
2023-02-21 00:00:00+00:00,25.9827,26.5507,25.6129,25.7683,5266
2023-02-21 04:00:00+00:00,25.7583,26.3946,25.6633,25.7933,5864
2023-02-21 08:00:00+00:00,25.8087,26.2583,25.0057,25.2928,7571
2023-02-21 12:00:00+00:00,25.2877,25.3482,24.7176,24.8877,7761
2023-02-21 16:00:00+00:00,24.9077,25.3877,24.6422,25.3822,11426
2023-02-21 20:00:00+00:00,25.3827,25.4627,24.4076,24.7677,8345
2023-02-22 00:00:00+00:00,24.4729,25.1832,24.4729,24.6077,5516
2023-02-22 04:00:00+00:00,24.5977,24.622700000000002,23.8086,23.9826,6180
2023-02-22 08:00:00+00:00,23.9781,24.0676,23.2577,23.5827,8042
2023-02-22 12:00:00+00:00,23.5832,23.7527,23.1627,23.6076,6863
2023-02-22 16:00:00+00:00,23.6081,23.7081,23.1601,23.6981,11743
2023-02-22 20:00:00+00:00,23.6976,24.1177,23.4182,23.7027,7444
2023-02-23 00:00:00+00:00,23.5206,24.3027,23.5206,24.1226,5492
2023-02-23 04:00:00+00:00,24.1326,24.6476,24.1176,24.3331,6268
2023-02-23 08:00:00+00:00,24.3276,24.5877,24.1922,24.2576,5713
2023-02-23 12:00:00+00:00,24.2676,24.4139,23.5283,24.1079,9415
2023-02-23 16:00:00+00:00,24.1129,24.2434,23.6929,23.7678,11340
2023-02-23 20:00:00+00:00,23.7684,24.1679,23.5729,23.7378,7268
2023-02-24 00:00:00+00:00,23.4785,24.0879,23.2685,23.8288,4545
2023-02-24 04:00:00+00:00,23.8283,23.8834,23.6478,23.7678,3753
2023-02-24 08:00:00+00:00,23.7723,24.0583,23.7278,23.8123,5077
2023-02-24 12:00:00+00:00,23.8128,23.9729,23.4729,23.4879,6608
2023-02-24 16:00:00+00:00,23.4884,23.7239,22.4478,22.8178,8968
2023-02-24 20:00:00+00:00,22.8183,23.2979,22.5879,22.7179,7718
2023-02-25 00:00:00+00:00,22.5631,23.2829,22.5631,23.1829,2226
2023-02-25 04:00:00+00:00,23.1878,23.2584,22.7829,22.8683,3282
2023-02-25 08:00:00+00:00,22.8733,23.1428,22.6979,22.7929,2776
2023-02-25 12:00:00+00:00,22.7729,22.8214,21.7323,22.5128,4395
2023-02-25 16:00:00+00:00,22.5079,22.5829,22.1624,22.2578,4164
2023-02-25 20:00:00+00:00,22.2573,22.2683,21.3779,21.7078,7285
2023-02-26 00:00:00+00:00,21.5715,22.4479,21.4723,22.3483,3991
2023-02-26 04:00:00+00:00,22.3429,22.6929,22.2578,22.5278,3605
2023-02-26 08:00:00+00:00,22.5273,22.9278,22.4733,22.9183,3265
2023-02-26 12:00:00+00:00,22.9278,22.9378,22.4948,22.7329,1476
2023-02-26 16:00:00+00:00,22.727899999999998,22.9429,22.6329,22.8429,3700
2023-02-26 20:00:00+00:00,22.8434,23.4829,22.7929,23.2178,5650
2023-02-27 00:00:00+00:00,23.1973,23.2779,22.9074,23.0379,3636
2023-02-27 04:00:00+00:00,23.0428,23.1678,22.7329,22.7779,3300
2023-02-27 08:00:00+00:00,22.7774,22.9739,22.5873,22.7478,4661
2023-02-27 12:00:00+00:00,22.7483,23.2883,22.6078,23.1629,5137
2023-02-27 16:00:00+00:00,23.1579,23.3578,22.6074,22.6834,9926
2023-02-27 20:00:00+00:00,22.6829,22.7129,22.2458,22.6628,7617
2023-02-28 00:00:00+00:00,22.6428,22.7379,22.3879,22.4888,3221
2023-02-28 04:00:00+00:00,22.4978,22.6078,22.1929,22.2173,2181
2023-02-28 08:00:00+00:00,22.2224,22.3233,22.0029,22.1378,3811
2023-02-28 12:00:00+00:00,22.1428,22.4234,22.0733,22.3478,3778
2023-02-28 16:00:00+00:00,22.3528,22.6434,22.1729,22.5629,5236
2023-02-28 20:00:00+00:00,22.5634,22.5978,21.6718,21.8478,5568
2023-03-01 00:00:00+00:00,21.7204,22.1504,21.5379,21.9378,3574
2023-03-01 04:00:00+00:00,21.9383,22.6279,21.9178,22.4828,2813
2023-03-01 08:00:00+00:00,22.4878,22.8653,22.4478,22.6378,5058
2023-03-01 12:00:00+00:00,22.6428,22.7181,22.4826,22.5935,4560
2023-03-01 16:00:00+00:00,22.5885,22.8136,22.3426,22.498,9158
2023-03-01 20:00:00+00:00,22.4985,22.528,22.0581,22.373,6053
2023-03-02 00:00:00+00:00,22.196,22.6131,22.0431,22.1531,4539
2023-03-02 04:00:00+00:00,22.1536,22.198,21.8426,21.9131,4148
2023-03-02 08:00:00+00:00,21.908,22.0681,21.808,21.948,4504
2023-03-02 12:00:00+00:00,21.9485,22.0535,21.7076,21.7531,6015
2023-03-02 16:00:00+00:00,21.7526,21.848,21.6181,21.748,8502
2023-03-02 20:00:00+00:00,21.7475,22.1036,21.728,21.998,6572
2023-03-03 00:00:00+00:00,21.7793,22.1056,20.2115,20.5081,3903
2023-03-03 04:00:00+00:00,20.4881,21.2081,20.4115,20.963,3993
2023-03-03 08:00:00+00:00,20.9625,21.1826,20.9081,21.108,3458
2023-03-03 12:00:00+00:00,21.1025,21.3703,20.9716,21.2836,3569
2023-03-03 16:00:00+00:00,21.2886,21.4095,21.1081,21.2691,5604
2023-03-03 20:00:00+00:00,21.2686,21.4886,21.1276,21.2781,4935
2023-03-04 00:00:00+00:00,21.373,21.5916,21.3025,21.3325,2247
2023-03-04 04:00:00+00:00,21.333,21.353,20.9926,21.0976,2354
2023-03-04 08:00:00+00:00,21.0981,21.2135,21.0376,21.1535,2296
2023-03-04 12:00:00+00:00,21.1545,21.193,21.033,21.0735,1963
2023-03-04 16:00:00+00:00,21.074,21.124,20.868,20.9325,2390
2023-03-04 20:00:00+00:00,20.933,20.943,20.1631,20.3776,4073
2023-03-05 00:00:00+00:00,19.9789,21.516,19.9106,21.317,900
2023-03-05 04:00:00+00:00,21.317,21.378,20.8165,21.2331,666
2023-03-05 08:00:00+00:00,21.236,21.2495,21.0505,21.2081,615
2023-03-05 12:00:00+00:00,21.203,21.2881,21.0821,21.2036,1399
2023-03-05 16:00:00+00:00,21.1986,21.3136,20.9781,21.0576,2354
2023-03-05 20:00:00+00:00,21.0581,21.2881,20.9531,21.1281,3113
2023-03-06 00:00:00+00:00,20.8826,21.1035,20.6476,20.768,5300
2023-03-06 04:00:00+00:00,20.7685,20.918,20.5531,20.718,5234
2023-03-06 08:00:00+00:00,20.723,20.8385,20.5631,20.698,3715
2023-03-06 12:00:00+00:00,20.6975,20.834,20.5031,20.788,4469
2023-03-06 16:00:00+00:00,20.7931,21.1376,20.728,20.8876,7832
2023-03-06 20:00:00+00:00,20.8881,20.988,20.4181,20.533,6804
2023-03-07 00:00:00+00:00,20.2296,20.9231,20.2296,20.718,3515
2023-03-07 04:00:00+00:00,20.7225,20.8281,20.658,20.768,3226
2023-03-07 08:00:00+00:00,20.7685,20.7685,20.4731,20.4826,3889
2023-03-07 12:00:00+00:00,20.4832,20.6081,20.2232,20.3481,4957
2023-03-07 16:00:00+00:00,20.3427,20.5982,19.8031,20.3681,11894
2023-03-07 20:00:00+00:00,20.3676,20.4131,19.8182,19.8832,7416
2023-03-08 00:00:00+00:00,19.6172,20.3481,19.5437,20.0632,3880
2023-03-08 04:00:00+00:00,20.0637,20.1381,19.4632,19.6082,5108
2023-03-08 08:00:00+00:00,19.5932,19.6686,19.0832,19.3082,5891
2023-03-08 12:00:00+00:00,19.3181,19.4837,18.6128,18.7178,7126
2023-03-08 16:00:00+00:00,18.7183,19.3533,18.5882,18.7728,10982
2023-03-08 20:00:00+00:00,18.7783,18.9138,18.4183,18.6433,8094
2023-03-09 00:00:00+00:00,18.3902,18.5388,17.5138,18.3832,5680
2023-03-09 04:00:00+00:00,18.3882,18.6283,18.3882,18.4882,3961
2023-03-09 08:00:00+00:00,18.4782,18.7238,18.1983,18.4133,5735
2023-03-09 12:00:00+00:00,18.4138,18.5588,18.0883,18.5334,6549
2023-03-09 16:00:00+00:00,18.5339,18.6289,17.9734,18.0838,9931
2023-03-09 20:00:00+00:00,18.0843,18.1284,16.6293,16.9434,12538
2023-03-10 00:00:00+00:00,17.0098,17.3234,16.7434,17.2339,7386
2023-03-10 04:00:00+00:00,17.2334,17.2983,16.9178,17.0983,5904
2023-03-10 08:00:00+00:00,17.0978,17.1284,16.3884,16.4229,8317
2023-03-10 12:00:00+00:00,16.4279,17.8493,15.9579,17.5284,9229
2023-03-10 16:00:00+00:00,17.5279,17.914,16.9309,17.624,11982
2023-03-10 20:00:00+00:00,17.6235,17.834,17.378,17.584,9996
2023-03-11 00:00:00+00:00,18.0874,19.009,18.0405,18.8464,5958
2023-03-11 04:00:00+00:00,18.8385,18.9435,17.5932,17.9208,2028
2023-03-11 08:00:00+00:00,17.9218,18.2234,16.6348,17.3035,3490
2023-03-11 12:00:00+00:00,17.4935,17.6835,17.0477,17.3335,3880
2023-03-11 16:00:00+00:00,17.3235,17.754,16.903,17.754,5061
2023-03-11 20:00:00+00:00,17.7535,18.229,17.4264,18.0784,3951
2023-03-12 00:00:00+00:00,17.9573,18.2235,17.7658,17.894,1524
2023-03-12 04:00:00+00:00,17.8944,18.2699,17.7489,18.0585,1435
2023-03-12 08:00:00+00:00,18.0719,18.1839,17.8479,18.183,419
2023-03-12 12:00:00+00:00,18.1739,18.2899,17.8761,18.0335,629
2023-03-12 16:00:00+00:00,17.8759,18.2184,17.8225,18.0935,1128
2023-03-12 20:00:00+00:00,18.1011,18.8948,17.9658,18.8033,1312
2023-03-13 00:00:00+00:00,18.8084,20.5529,18.6874,20.3332,2450
2023-03-13 04:00:00+00:00,20.3342,20.3912,19.3694,19.6269,1205
2023-03-13 08:00:00+00:00,19.6269,19.8739,19.1745,19.4114,2292
2023-03-13 12:00:00+00:00,19.4214,19.5359,18.715,19.039,4305
2023-03-13 16:00:00+00:00,19.049,21.4069,19.0239,20.5504,9042
2023-03-13 20:00:00+00:00,20.5604,20.727899999999998,20.2255,20.3609,3000
2023-03-14 00:00:00+00:00,19.6423,20.6279,19.6423,20.2575,2392
2023-03-14 04:00:00+00:00,20.2475,20.5209,20.1625,20.4485,3377
2023-03-14 08:00:00+00:00,20.4435,20.6909,19.7679,19.9885,4864
2023-03-14 12:00:00+00:00,19.9935,21.6731,19.8679,21.6037,5404
2023-03-14 16:00:00+00:00,21.6037,22.1116,21.3531,21.7376,10666
2023-03-14 20:00:00+00:00,21.7376,21.8276,20.2441,20.7932,8650
2023-03-15 00:00:00+00:00,20.2766,20.9437,20.0111,20.8726,3323
2023-03-15 04:00:00+00:00,20.8736,21.3132,20.846,21.3032,8790
2023-03-15 08:00:00+00:00,21.2932,21.5082,21.0182,21.0932,9221
2023-03-15 12:00:00+00:00,21.0927,21.1737,20.1276,20.4876,7812
2023-03-15 16:00:00+00:00,20.4776,20.7382,18.6231,18.7496,7216
2023-03-15 20:00:00+00:00,18.7396,19.2823,18.6991,19.208,2190
2023-03-16 00:00:00+00:00,19.0249,19.5001,18.55,19.0141,2652
2023-03-16 04:00:00+00:00,19.0241,19.4932,18.8836,19.1732,5569
2023-03-16 08:00:00+00:00,19.1671,19.6351,19.0682,19.5237,6081
2023-03-16 12:00:00+00:00,19.5187,19.7782,19.2367,19.3196,7948
2023-03-16 16:00:00+00:00,19.3296,19.7051,19.0111,19.4846,8902
2023-03-16 20:00:00+00:00,19.4782,19.8887,19.2462,19.2863,6051
2023-03-17 00:00:00+00:00,19.1619,19.7978,19.1619,19.4783,3887
2023-03-17 04:00:00+00:00,19.4733,20.2618,19.4183,19.9583,6746
2023-03-17 08:00:00+00:00,19.9783,20.2396,19.9133,19.9918,6462
2023-03-17 12:00:00+00:00,19.9968,20.723300000000002,19.9968,20.3483,8786
2023-03-17 16:00:00+00:00,20.3383,20.5512,19.7708,19.9588,10629
2023-03-17 20:00:00+00:00,19.9683,20.6917,19.8583,20.3688,8494
2023-03-18 00:00:00+00:00,20.3708,22.2062,20.0847,22.1217,6566
2023-03-18 04:00:00+00:00,22.1217,22.9193,21.8827,22.4882,8252
2023-03-18 08:00:00+00:00,22.4782,22.6038,21.7583,21.9973,7704
2023-03-18 12:00:00+00:00,21.9883,22.5378,21.8362,22.3653,8092
2023-03-18 16:00:00+00:00,22.3653,22.4143,21.2057,21.9592,9235
2023-03-18 20:00:00+00:00,21.9502,22.1983,21.5542,22.0417,7894
2023-03-19 00:00:00+00:00,22.0517,22.1083,21.0667,21.4888,6498
2023-03-19 04:00:00+00:00,21.4983,21.9283,21.3793,21.7833,4884
2023-03-19 08:00:00+00:00,21.7883,21.901699999999998,21.2907,21.4852,5758
2023-03-19 12:00:00+00:00,21.4852,21.8963,21.2268,21.6007,6796
2023-03-19 16:00:00+00:00,21.6007,22.4572,21.4898,22.2972,9609
2023-03-19 20:00:00+00:00,22.3072,22.4238,21.7833,21.9222,9042
2023-03-20 00:00:00+00:00,21.8037,22.1728,21.6972,21.8528,4634
2023-03-20 04:00:00+00:00,21.848300000000002,22.9468,21.3112,22.1283,10156
2023-03-20 08:00:00+00:00,22.1373,23.4858,22.1133,23.2743,9674
2023-03-20 12:00:00+00:00,23.2843,23.789,22.9245,23.739,9208
2023-03-20 16:00:00+00:00,23.739,23.9075,22.6985,22.889,12867
2023-03-20 20:00:00+00:00,22.889,23.214,21.8106,22.4565,10609
2023-03-21 00:00:00+00:00,22.3855,22.7705,22.006,22.51,7091
2023-03-21 04:00:00+00:00,22.51,22.691,22.0516,22.5386,8931
2023-03-21 08:00:00+00:00,22.533,22.6576,21.5291,21.6981,9626
2023-03-21 12:00:00+00:00,21.6801,22.977,21.6099,22.8701,10326
2023-03-21 16:00:00+00:00,22.8801,23.294,22.6671,22.9925,13430
2023-03-21 20:00:00+00:00,22.9881,23.0616,22.187,22.611,9823
2023-03-22 00:00:00+00:00,22.3962,22.6981,22.0261,22.2401,4771
2023-03-22 04:00:00+00:00,22.2401,22.4946,22.089,22.4076,5813
2023-03-22 08:00:00+00:00,22.4176,22.5831,22.1235,22.1526,5912
2023-03-22 12:00:00+00:00,22.153,22.6975,22.1166,22.4786,7035
2023-03-22 16:00:00+00:00,22.4881,23.0885,22.341,22.7076,9656
2023-03-22 20:00:00+00:00,22.7131,22.9334,20.9035,21.6336,14996
2023-03-23 00:00:00+00:00,21.4561,21.8275,21.0996,21.4181,5989
2023-03-23 04:00:00+00:00,21.4081,21.4781,21.0781,21.2901,4854
2023-03-23 08:00:00+00:00,21.2901,21.8181,21.2581,21.7276,5127
2023-03-23 12:00:00+00:00,21.7331,21.8331,21.5981,21.6786,5300
2023-03-23 16:00:00+00:00,21.6736,22.6405,21.3926,22.4031,10295
2023-03-23 20:00:00+00:00,22.3981,22.723,21.7015,22.1181,9576
2023-03-24 00:00:00+00:00,21.6993,22.2691,21.6777,22.0956,5070
2023-03-24 04:00:00+00:00,22.0946,22.2781,21.8681,21.8936,6649
2023-03-24 08:00:00+00:00,21.8956,22.0296,21.4478,21.5818,5846
2023-03-24 12:00:00+00:00,21.5838,21.7769,20.9853,21.5911,9340
2023-03-24 16:00:00+00:00,21.5906,21.718,20.917,20.9506,10489
2023-03-24 20:00:00+00:00,20.951999999999998,21.0281,20.2061,20.5441,9149
2023-03-25 00:00:00+00:00,20.3358,20.8381,20.3358,20.8286,2521
2023-03-25 04:00:00+00:00,20.8381,20.9126,20.6336,20.7086,3554
2023-03-25 08:00:00+00:00,20.7136,20.7681,20.4086,20.5081,3960
2023-03-25 12:00:00+00:00,20.5126,20.7715,20.3831,20.6876,4033
2023-03-25 16:00:00+00:00,20.6881,20.9514,20.511,20.6851,5919
2023-03-25 20:00:00+00:00,20.6881,20.7341,20.0651,20.2966,6874
2023-03-26 00:00:00+00:00,19.919,20.6531,19.919,20.6131,1448
2023-03-26 04:00:00+00:00,20.6176,20.7286,20.5151,20.6831,1192
2023-03-26 08:00:00+00:00,20.6826,20.9335,20.5934,20.8536,1268
2023-03-26 12:00:00+00:00,20.8586,20.8836,20.5811,20.7977,698
2023-03-26 16:00:00+00:00,20.7987,21.1226,20.5931,20.6526,2157
2023-03-26 20:00:00+00:00,20.5831,20.9731,20.5383,20.8181,1333
2023-03-27 00:00:00+00:00,20.6385,21.0736,20.6385,20.8681,5037
2023-03-27 04:00:00+00:00,20.8676,20.8981,20.5386,20.6881,3858
2023-03-27 08:00:00+00:00,20.6886,20.7081,20.3181,20.4581,4939
2023-03-27 12:00:00+00:00,20.4486,20.6881,20.3806,20.4981,4804
2023-03-27 16:00:00+00:00,20.4881,20.5621,19.2085,19.6577,12141
2023-03-27 20:00:00+00:00,19.6482,19.9082,19.552599999999998,19.6882,6184
2023-03-28 00:00:00+00:00,19.5205,19.9062,19.2804,19.6827,8974
2023-03-28 04:00:00+00:00,19.6817,19.9426,19.553,19.8267,8995
2023-03-28 08:00:00+00:00,19.8242,20.0377,19.7682,19.9158,8202
2023-03-28 12:00:00+00:00,19.9163,20.1618,19.5795,19.9903,10494
2023-03-28 16:00:00+00:00,19.9913,20.3603,19.7798,20.1123,12404
2023-03-28 20:00:00+00:00,20.1178,20.8007,19.9914,20.4808,10976
2023-03-29 00:00:00+00:00,20.3168,20.5192,20.0412,20.5018,4261
2023-03-29 04:00:00+00:00,20.5063,20.8804,20.4808,20.8758,8929
2023-03-29 08:00:00+00:00,20.8753,21.5141,20.7638,21.4037,10225
2023-03-29 12:00:00+00:00,21.4042,21.4677,20.9309,21.173,9559
2023-03-29 16:00:00+00:00,21.174,21.3042,20.903,20.935200000000002,13008
2023-03-29 20:00:00+00:00,20.9362,21.1787,20.9277,21.1687,7108
2023-03-30 00:00:00+00:00,21.1816,21.2634,20.6306,20.8002,5678
2023-03-30 04:00:00+00:00,20.8002,21.6024,20.4112,21.1362,10976
2023-03-30 08:00:00+00:00,21.1357,21.1572,20.6342,20.6492,9300
2023-03-30 12:00:00+00:00,20.6412,20.7532,20.3343,20.6052,7356
2023-03-30 16:00:00+00:00,20.6102,20.6572,20.1751,20.3367,10038
2023-03-30 20:00:00+00:00,20.3362,20.6756,20.0864,20.6307,9700
2023-03-31 00:00:00+00:00,20.4423,20.6179,20.3216,20.5477,5311
2023-03-31 04:00:00+00:00,20.5555,20.7106,20.4057,20.5202,6246
2023-03-31 08:00:00+00:00,20.5222,20.5732,19.9592,20.2397,7832
2023-03-31 12:00:00+00:00,20.2447,20.4548,20.1767,20.4272,7401
2023-03-31 16:00:00+00:00,20.4277,20.9572,20.4102,20.9432,10596
2023-03-31 20:00:00+00:00,20.9455,20.9722,20.6512,20.8757,8724
2023-04-01 00:00:00+00:00,21.1622,21.4371,21.0726,21.1337,1087
2023-04-01 04:00:00+00:00,21.1432,21.233,20.8832,21.1727,1292
2023-04-01 08:00:00+00:00,21.1682,21.1932,20.7332,20.9632,6197
2023-04-01 12:00:00+00:00,20.9627,21.0667,20.9177,20.9827,8437
2023-04-01 16:00:00+00:00,20.9837,21.052,20.6198,20.7924,10632
2023-04-01 20:00:00+00:00,20.8024,21.0897,20.7724,21.0242,6944
2023-04-02 00:00:00+00:00,20.8611,21.1872,20.8611,20.8807,1150
2023-04-02 04:00:00+00:00,20.8817,21.0222,20.8507,20.8922,5454
2023-04-02 08:00:00+00:00,20.8902,21.2756,20.8902,21.0117,5277
2023-04-02 12:00:00+00:00,21.0107,21.1582,20.8626,20.9027,7904
2023-04-02 16:00:00+00:00,20.9012,20.9012,20.3292,20.5387,12799
2023-04-02 20:00:00+00:00,20.5417,20.6377,20.1595,20.4022,9351
2023-04-03 00:00:00+00:00,20.2219,20.5329,20.2219,20.4653,8132
2023-04-03 04:00:00+00:00,20.4662,20.4972,19.8831,20.0052,8961
2023-04-03 08:00:00+00:00,20.0057,20.538,19.9842,20.4542,9180
2023-04-03 12:00:00+00:00,20.4537,20.4902,20.2309,20.3437,9544
2023-04-03 16:00:00+00:00,20.3442,20.5593,20.0134,20.1827,12482
2023-04-03 20:00:00+00:00,20.1822,20.9407,20.1137,20.3499,11122
2023-04-04 00:00:00+00:00,20.1899,20.6095,20.0284,20.3492,8747
2023-04-04 04:00:00+00:00,20.3522,20.4932,20.2917,20.2917,7533
2023-04-04 08:00:00+00:00,20.3012,20.6307,20.2837,20.5517,7835
2023-04-04 12:00:00+00:00,20.5562,21.2198,20.5107,21.0002,8602
2023-04-04 16:00:00+00:00,21.006,21.0935,20.6157,20.8182,10623
2023-04-04 20:00:00+00:00,20.8132,21.0413,20.7788,20.9847,11005
2023-04-05 00:00:00+00:00,20.9782,21.3012,20.7807,21.2267,5618
2023-04-05 04:00:00+00:00,21.2282,21.2937,20.9957,21.1022,8388
2023-04-05 08:00:00+00:00,21.1017,21.2622,21.0329,21.1792,6212
2023-04-05 12:00:00+00:00,21.1787,21.2237,20.8002,21.0591,7103
2023-04-05 16:00:00+00:00,21.0591,21.0777,20.4651,20.6407,14454
2023-04-05 20:00:00+00:00,20.6412,20.9235,20.6017,20.7932,9642
2023-04-06 00:00:00+00:00,20.8182,20.9962,20.6254,20.7027,6463
2023-04-06 04:00:00+00:00,20.7032,20.802,20.4793,20.7032,5577
2023-04-06 08:00:00+00:00,20.7037,20.7857,20.5327,20.6457,4247
2023-04-06 12:00:00+00:00,20.6462,20.7316,20.4015,20.6032,7619
2023-04-06 16:00:00+00:00,20.6007,20.8267,20.397,20.6927,9187
2023-04-06 20:00:00+00:00,20.6942,20.7817,20.5028,20.5205,5159
2023-04-07 00:00:00+00:00,20.5406,20.6877,20.4527,20.6772,2735
2023-04-07 04:00:00+00:00,20.6877,20.7427,20.3,20.4567,4061
2023-04-07 08:00:00+00:00,20.4617,20.4837,20.1127,20.232,5990
2023-04-07 12:00:00+00:00,20.2327,20.4338,20.1887,20.3842,6687
2023-04-07 16:00:00+00:00,20.3837,20.6005,20.3502,20.4272,6031
2023-04-07 20:00:00+00:00,20.4307,20.5317,20.3082,20.3617,3230
2023-04-08 00:00:00+00:00,20.3582,20.5042,20.2517,20.2832,1224
2023-04-08 04:00:00+00:00,20.2782,20.4932,20.2532,20.4382,1156
2023-04-08 08:00:00+00:00,20.4387,20.6932,20.4382,20.5182,1108
2023-04-08 12:00:00+00:00,20.5177,20.5946,20.3542,20.4787,977
2023-04-08 16:00:00+00:00,20.4882,20.5032,20.2792,20.3982,975
2023-04-08 20:00:00+00:00,20.3832,20.4137,20.0332,20.1602,1805
2023-04-09 00:00:00+00:00,19.7358,20.1182,19.7358,20.0715,554
2023-04-09 04:00:00+00:00,20.0732,20.1996,19.9516,20.0792,915
2023-04-09 08:00:00+00:00,20.0982,20.1216,19.7541,20.0182,1230
2023-04-09 12:00:00+00:00,20.0232,20.2516,19.9931,20.1757,4986
2023-04-09 16:00:00+00:00,20.1762,20.1852,19.9255,20.0682,3209
2023-04-09 20:00:00+00:00,20.0687,20.3645,20.0282,20.1982,4201
2023-04-10 00:00:00+00:00,20.2232,20.4082,20.2177,20.2482,4264
2023-04-10 04:00:00+00:00,20.2527,20.2632,20.0987,20.1852,3924
2023-04-10 08:00:00+00:00,20.1857,20.2997,20.1547,20.2382,3192
2023-04-10 12:00:00+00:00,20.2387,20.3382,20.1662,20.1772,3963
2023-04-10 16:00:00+00:00,20.1687,20.4925,20.0377,20.4512,5369
2023-04-10 20:00:00+00:00,20.4412,20.6997,20.4412,20.5382,7459
2023-04-11 00:00:00+00:00,20.3551,20.9819,20.3546,20.9437,6694
2023-04-11 04:00:00+00:00,20.9447,22.3764,20.810200000000002,22.3173,10508
2023-04-11 08:00:00+00:00,22.3273,22.6391,21.745,22.3752,12363
2023-04-11 12:00:00+00:00,22.3737,22.5582,22.0897,22.2892,12298
2023-04-11 16:00:00+00:00,22.2927,23.6207,22.2322,23.2492,13088
2023-04-11 20:00:00+00:00,23.2472,23.6144,22.9571,23.1442,12153
2023-04-12 00:00:00+00:00,23.1878,23.5086,22.7496,23.3099,11987
2023-04-12 04:00:00+00:00,23.2969,23.4251,22.2032,22.7352,14188
2023-04-12 08:00:00+00:00,22.7337,23.9535,22.5727,23.3547,14146
2023-04-12 12:00:00+00:00,23.3457,24.2361,23.2412,23.9715,14126
2023-04-12 16:00:00+00:00,23.9715,24.4098,23.2086,23.6237,15210
2023-04-12 20:00:00+00:00,23.6257,24.3427,23.5952,24.1008,13173
2023-04-13 00:00:00+00:00,24.0858,24.135,23.5452,23.8351,10504
2023-04-13 04:00:00+00:00,23.8261,24.071,23.5885,23.918,11123
2023-04-13 08:00:00+00:00,23.923000000000002,24.2636,23.848,24.155,11674
2023-04-13 12:00:00+00:00,24.155,25.1747,23.958,24.9471,13112
2023-04-13 16:00:00+00:00,24.9451,25.0639,24.2328,24.4855,14102
2023-04-13 20:00:00+00:00,24.488,24.8672,24.4003,24.7229,12076
2023-04-14 00:00:00+00:00,24.6635,24.8689,24.1724,24.6672,10003
2023-04-14 04:00:00+00:00,24.6682,25.2908,24.4814,25.1415,13948
2023-04-14 08:00:00+00:00,25.1385,25.4551,24.7293,24.9435,11806
2023-04-14 12:00:00+00:00,24.937,25.1075,24.3852,24.4751,13070
2023-04-14 16:00:00+00:00,24.4651,24.7628,23.6377,23.8501,15835
2023-04-14 20:00:00+00:00,23.8601,24.7206,23.8291,24.6153,12768
2023-04-15 00:00:00+00:00,24.2836,24.9155,24.2719,24.4088,8279
2023-04-15 04:00:00+00:00,24.4138,24.4578,23.9708,24.1033,8481
2023-04-15 08:00:00+00:00,24.1023,24.4818,24.0588,24.2343,9768
2023-04-15 12:00:00+00:00,24.2348,24.502299999999998,24.2033,24.4573,9270
2023-04-15 16:00:00+00:00,24.4528,24.4998,24.1413,24.3253,10920
2023-04-15 20:00:00+00:00,24.3208,24.3278,23.8201,23.8463,8979
2023-04-16 00:00:00+00:00,23.6285,24.2448,22.933,24.0848,9000
2023-04-16 04:00:00+00:00,24.0853,24.4578,23.784,24.4178,9261
2023-04-16 08:00:00+00:00,24.4203,24.4278,24.1703,24.3013,6112
2023-04-16 12:00:00+00:00,24.2948,24.3173,23.8358,24.1548,7787
2023-04-16 16:00:00+00:00,24.1573,24.3713,23.9628,24.3228,10126
2023-04-16 20:00:00+00:00,24.3218,25.4305,24.2252,25.3506,10957
2023-04-17 00:00:00+00:00,25.2766,25.4677,24.766,24.8111,11894
2023-04-17 04:00:00+00:00,24.8111,25.9597,24.7673,25.5433,12200
2023-04-17 08:00:00+00:00,25.5334,25.6648,24.9827,25.2548,11904
2023-04-17 12:00:00+00:00,25.2543,25.3453,24.5225,25.3204,13331
2023-04-17 16:00:00+00:00,25.3154,25.4162,24.1525,24.5613,14420
2023-04-17 20:00:00+00:00,24.5618,24.8578,24.5228,24.5948,11849
2023-04-18 00:00:00+00:00,24.5378,24.7648,24.3213,24.3323,9100
2023-04-18 04:00:00+00:00,24.3328,24.5118,23.8836,24.5038,10829
2023-04-18 08:00:00+00:00,24.5018,25.1117,24.4988,24.8953,14097
2023-04-18 12:00:00+00:00,24.8943,25.4048,24.8928,25.0843,13730
2023-04-18 16:00:00+00:00,25.0818,25.1978,24.7055,24.723300000000002,14042
2023-04-18 20:00:00+00:00,24.7303,24.8633,24.2891,24.8118,13380
2023-04-19 00:00:00+00:00,24.7378,24.9347,24.4873,24.6778,6899
2023-04-19 04:00:00+00:00,24.6828,24.7728,24.4472,24.5923,9040
2023-04-19 08:00:00+00:00,24.5878,24.7328,20.7124,22.8147,10388
2023-04-19 12:00:00+00:00,22.8147,23.2478,22.6946,22.9953,8773
2023-04-19 16:00:00+00:00,22.9938,23.5035,22.8928,23.3003,8613
2023-04-19 20:00:00+00:00,23.2978,23.3203,22.804,23.0053,7068
2023-04-20 00:00:00+00:00,22.9428,23.1057,22.0365,22.9943,8026
2023-04-20 04:00:00+00:00,22.9903,23.0553,22.282,22.7059,7611
2023-04-20 08:00:00+00:00,22.7059,22.9741,22.5118,22.5703,7714
2023-04-20 12:00:00+00:00,22.5678,22.8638,22.1043,22.7842,4124
2023-04-20 16:00:00+00:00,22.7942,23.1035,21.4696,22.0591,9122
2023-04-20 20:00:00+00:00,22.0691,22.2998,21.5083,21.8778,11278
2023-04-21 00:00:00+00:00,21.8436,22.3447,21.4618,22.3047,7118
2023-04-21 04:00:00+00:00,22.3097,22.3173,21.9826,22.1393,8119
2023-04-21 08:00:00+00:00,22.1578,22.3304,21.729,22.1223,10189
2023-04-21 12:00:00+00:00,22.1213,22.2548,21.681,22.0676,9023
2023-04-21 16:00:00+00:00,22.0721,22.249,21.646,21.773,12056
2023-04-21 20:00:00+00:00,21.7706,21.8036,20.7848,21.272100000000002,10149
2023-04-22 00:00:00+00:00,21.259,21.3176,21.0514,21.1021,7352
2023-04-22 04:00:00+00:00,21.1001,21.4081,20.9939,21.3686,6731
2023-04-22 08:00:00+00:00,21.3736,21.4511,21.1798,21.2336,7234
2023-04-22 12:00:00+00:00,21.2346,21.5131,21.0698,21.4581,7606
2023-04-22 16:00:00+00:00,21.4541,21.8874,21.3206,21.6749,9587
2023-04-22 20:00:00+00:00,21.6729,21.8336,21.5621,21.7056,6840
2023-04-23 00:00:00+00:00,21.6786,21.9431,21.3577,21.5246,6772
2023-04-23 04:00:00+00:00,21.5241,21.8736,21.4836,21.8316,6338
2023-04-23 08:00:00+00:00,21.8291,22.1546,21.8099,22.1106,8149
2023-04-23 12:00:00+00:00,22.1081,22.2008,21.7506,21.9649,6479
2023-04-23 16:00:00+00:00,22.0031,22.0456,21.1171,21.4636,9643
2023-04-23 20:00:00+00:00,21.4631,21.5336,20.7986,21.1806,10535
2023-04-24 00:00:00+00:00,21.2131,21.6978,21.1031,21.6664,9874
2023-04-24 04:00:00+00:00,21.6684,21.9567,21.4498,21.6131,9557
2023-04-24 08:00:00+00:00,21.6081,21.7436,21.0244,21.1811,12370
2023-04-24 12:00:00+00:00,21.1781,21.7385,21.1467,21.5321,12174
2023-04-24 16:00:00+00:00,21.5381,21.9402,20.9899,21.0604,14737
2023-04-24 20:00:00+00:00,21.0604,21.5012,20.8992,21.2841,12070
2023-04-25 00:00:00+00:00,21.112,21.4236,21.0776,21.1619,8647
2023-04-25 04:00:00+00:00,21.1611,21.2636,20.753,21.0246,10671
2023-04-25 08:00:00+00:00,21.0256,21.0836,20.6811,20.9635,11887
2023-04-25 12:00:00+00:00,20.9635,21.0051,20.7375,20.9581,12406
2023-04-25 16:00:00+00:00,20.9631,21.1231,20.6726,20.9581,13073
2023-04-25 20:00:00+00:00,20.9631,21.4976,20.666,21.4716,15767
2023-04-26 00:00:00+00:00,21.6081,22.0451,21.5093,21.7921,11111
2023-04-26 04:00:00+00:00,21.7871,21.9456,21.6931,21.8381,10843
2023-04-26 08:00:00+00:00,21.8431,22.2056,21.7557,22.1881,12281
2023-04-26 12:00:00+00:00,22.1936,22.9041,22.1326,22.865,16782
2023-04-26 16:00:00+00:00,22.865,22.9251,22.4292,22.7221,14957
2023-04-26 20:00:00+00:00,22.7216,22.8036,20.1441,21.3723,15719
2023-04-27 00:00:00+00:00,19.8103,21.9908,19.8103,21.9023,10815
2023-04-27 04:00:00+00:00,21.9203,22.0339,21.3901,21.8421,8591
2023-04-27 08:00:00+00:00,21.8481,21.9786,21.4379,21.5581,8279
2023-04-27 12:00:00+00:00,21.5576,21.7356,21.2115,21.4776,8123
2023-04-27 16:00:00+00:00,21.4831,22.4063,21.4816,22.0676,11106
2023-04-27 20:00:00+00:00,22.0731,22.4731,21.9751,22.3511,10502
2023-04-28 00:00:00+00:00,22.4481,22.4694,21.5965,22.4309,6243
2023-04-28 04:00:00+00:00,22.4369,22.6145,22.1281,22.3286,5554
2023-04-28 08:00:00+00:00,22.3336,22.6016,22.2536,22.3516,6467
2023-04-28 12:00:00+00:00,22.3521,22.8091,22.3271,22.4616,9683
2023-04-28 16:00:00+00:00,22.4611,22.981,22.1029,22.949,12199
2023-04-28 20:00:00+00:00,22.958,23.435,22.6791,23.1751,11158
2023-04-29 00:00:00+00:00,22.9774,23.4613,22.9764,23.2511,5232
2023-04-29 04:00:00+00:00,23.2528,23.4031,23.1026,23.3231,5436
2023-04-29 08:00:00+00:00,23.3226,23.3356,23.1031,23.1796,4744
2023-04-29 12:00:00+00:00,23.1846,23.4036,23.1149,23.4036,4545
2023-04-29 16:00:00+00:00,23.5556,23.7516,23.1936,23.2866,7532
2023-04-29 20:00:00+00:00,23.2911,23.3481,22.7929,23.2181,4902
2023-04-30 00:00:00+00:00,23.1531,23.182,22.8873,23.1051,5072
2023-04-30 04:00:00+00:00,23.1036,23.1781,22.9417,23.0576,3453
2023-04-30 08:00:00+00:00,23.0456,23.7068,23.0426,23.5756,5565
2023-04-30 12:00:00+00:00,23.5781,23.6656,23.1705,23.3456,5928
2023-04-30 16:00:00+00:00,23.3431,23.9591,23.2654,23.6156,8145
2023-04-30 20:00:00+00:00,23.6186,23.6501,22.7476,22.9666,7285
2023-05-01 00:00:00+00:00,23.0656,23.1205,22.5345,22.7856,6370
2023-05-01 04:00:00+00:00,22.8011,22.8336,21.792,22.1276,6771
2023-05-01 08:00:00+00:00,22.1086,22.3476,21.8768,22.2176,5244
2023-05-01 12:00:00+00:00,22.2141,22.3181,22.0811,22.2376,3248
2023-05-01 16:00:00+00:00,22.2281,22.2646,21.4981,21.871,9418
2023-05-01 20:00:00+00:00,21.872,21.9423,21.4762,21.5981,8252
2023-05-02 00:00:00+00:00,21.7012,22.0181,21.6497,21.8581,4861
2023-05-02 04:00:00+00:00,21.8631,21.8881,21.6886,21.7206,4627
2023-05-02 08:00:00+00:00,21.7281,21.9781,21.7071,21.8841,3555
2023-05-02 12:00:00+00:00,21.8836,22.059,21.7451,21.9966,5212
2023-05-02 16:00:00+00:00,21.9971,22.2606,21.7101,22.0826,10892
2023-05-02 20:00:00+00:00,22.0821,22.3431,22.0481,22.1486,6874
2023-05-03 00:00:00+00:00,22.1831,22.3131,21.7944,21.877,8265
2023-05-03 04:00:00+00:00,21.877,22.0081,21.6705,21.8331,8911
2023-05-03 08:00:00+00:00,21.8291,21.9751,21.4383,21.7451,10257
2023-05-03 12:00:00+00:00,21.7436,21.7656,21.1825,21.2361,11240
2023-05-03 16:00:00+00:00,21.2236,21.4411,21.1831,21.4136,11343
2023-05-03 20:00:00+00:00,21.4166,21.6685,21.2676,21.5836,15006
2023-05-04 00:00:00+00:00,21.660800000000002,22.448,21.5441,22.2636,8797
2023-05-04 04:00:00+00:00,22.2701,22.4041,22.0956,22.2591,5215
2023-05-04 08:00:00+00:00,22.2716,22.2941,22.0431,22.1546,3909
2023-05-04 12:00:00+00:00,22.1556,22.3939,22.0793,22.1251,6934
2023-05-04 16:00:00+00:00,22.1281,22.2121,21.6706,21.8596,10942
2023-05-04 20:00:00+00:00,21.8591,21.8796,21.5721,21.6951,8354
2023-05-05 00:00:00+00:00,21.7031,21.7851,21.5697,21.7526,4229
2023-05-05 04:00:00+00:00,21.7531,22.0798,21.6336,21.9436,6523
2023-05-05 08:00:00+00:00,21.9431,21.9436,21.5529,21.8046,4559
2023-05-05 12:00:00+00:00,21.8041,22.0326,21.3362,21.7526,6079
2023-05-05 16:00:00+00:00,21.7536,22.5341,21.6816,22.4862,9409
2023-05-05 20:00:00+00:00,22.486,22.9839,22.3712,22.8497,7851
2023-05-06 00:00:00+00:00,22.7661,23.1814,22.6578,22.9946,4060
2023-05-06 04:00:00+00:00,22.9946,22.9954,22.5239,22.6401,4797
2023-05-06 08:00:00+00:00,22.6434,22.7266,22.2638,22.5571,5771
2023-05-06 12:00:00+00:00,22.5576,22.6716,22.0826,22.1265,7666
2023-05-06 16:00:00+00:00,22.1265,22.1651,21.4971,21.9016,9687
2023-05-06 20:00:00+00:00,21.9051,22.1669,21.8231,21.9521,7633
2023-05-07 00:00:00+00:00,21.8021,22.0109,21.6792,21.9306,4927
2023-05-07 04:00:00+00:00,21.9337,22.0126,21.6373,21.9186,5390
2023-05-07 08:00:00+00:00,21.9236,22.0831,21.834,21.9416,3193
2023-05-07 12:00:00+00:00,21.9436,22.1635,21.7773,22.0418,7134
2023-05-07 16:00:00+00:00,22.0038,22.6194,21.9547,22.5056,10366
2023-05-07 20:00:00+00:00,22.5076,22.7146,22.3476,22.5171,10075
2023-05-08 00:00:00+00:00,22.4631,22.5211,21.4337,21.7206,9228
2023-05-08 04:00:00+00:00,21.7131,21.7661,20.6019,21.2756,11928
2023-05-08 08:00:00+00:00,21.2781,21.4176,20.8199,21.0525,10951
2023-05-08 12:00:00+00:00,21.0535,21.2936,20.9325,21.1856,9710
2023-05-08 16:00:00+00:00,21.1926,21.3578,20.842,21.0841,12252
2023-05-08 20:00:00+00:00,21.0836,21.1216,19.8191,20.4986,12316
2023-05-09 00:00:00+00:00,20.0556,20.6966,20.0469,20.5291,5248
2023-05-09 04:00:00+00:00,20.5341,20.7614,20.5086,20.5431,7775
2023-05-09 08:00:00+00:00,20.5426,20.6831,20.352,20.5446,8341
2023-05-09 12:00:00+00:00,20.5436,20.9237,20.4505,20.8602,8412
2023-05-09 16:00:00+00:00,20.8732,20.9587,20.4232,20.7672,11155
2023-05-09 20:00:00+00:00,20.7666,20.8095,20.3662,20.4707,8161
2023-05-10 00:00:00+00:00,19.5576,20.7652,19.5576,20.7492,3946
2023-05-10 04:00:00+00:00,20.7462,20.8512,20.5535,20.7377,7193
2023-05-10 08:00:00+00:00,20.7432,20.7827,20.3321,20.5212,7374
2023-05-10 12:00:00+00:00,20.5182,21.1632,20.4532,21.1232,10475
2023-05-10 16:00:00+00:00,21.1142,21.2777,20.9422,21.0627,15239
2023-05-10 20:00:00+00:00,21.0602,21.2552,19.573,21.2182,13600
2023-05-11 00:00:00+00:00,20.9207,21.1237,20.5808,20.6312,8175
2023-05-11 04:00:00+00:00,20.6287,20.7462,20.4828,20.6422,10664
2023-05-11 08:00:00+00:00,20.6407,20.6482,20.2682,20.5022,10783
2023-05-11 12:00:00+00:00,20.4992,20.7164,20.3169,20.3296,8555
2023-05-11 16:00:00+00:00,20.3301,20.411,19.8,20.0656,11761
2023-05-11 20:00:00+00:00,20.0676,20.1331,19.6419,20.0936,11867
2023-05-12 00:00:00+00:00,19.866,20.2636,19.716,20.2031,7280
2023-05-12 04:00:00+00:00,20.2041,20.2476,19.7732,20.1286,10152
2023-05-12 08:00:00+00:00,20.1281,20.1736,19.7259,20.0881,8368
2023-05-12 12:00:00+00:00,20.0921,20.4626,20.0881,20.3046,10101
2023-05-12 16:00:00+00:00,20.3071,20.6318,20.1736,20.2837,12200
2023-05-12 20:00:00+00:00,20.2842,20.6222,19.8371,20.5117,10834
2023-05-13 00:00:00+00:00,20.6452,20.9777,20.2735,20.8882,2753
2023-05-13 04:00:00+00:00,20.8964,21.2028,20.765,21.0257,4599
2023-05-13 08:00:00+00:00,21.0282,21.2257,20.8487,21.1197,4455
2023-05-13 12:00:00+00:00,21.1222,21.2492,20.9096,20.9607,4639
2023-05-13 16:00:00+00:00,20.9627,20.9647,20.7332,20.872700000000002,6979
2023-05-13 20:00:00+00:00,20.8722,21.0767,20.7647,20.9277,7998
2023-05-14 00:00:00+00:00,20.7383,20.9772,20.6181,20.7052,5387
2023-05-14 04:00:00+00:00,20.7067,21.0677,20.5726,21.0162,6530
2023-05-14 08:00:00+00:00,21.0142,21.1517,20.9682,21.0227,6162
2023-05-14 12:00:00+00:00,21.0282,21.0652,20.7985,21.0582,6339
2023-05-14 16:00:00+00:00,21.0617,21.23,20.9437,20.9692,9118
2023-05-14 20:00:00+00:00,20.9687,21.0212,20.7712,20.8982,7019
2023-05-15 00:00:00+00:00,20.8827,20.9761,20.2882,20.6432,4799
2023-05-15 04:00:00+00:00,20.6422,21.2582,20.6012,21.1437,6362
2023-05-15 08:00:00+00:00,21.1487,21.4827,21.0665,21.4182,6494
2023-05-15 12:00:00+00:00,21.4327,21.4562,21.2282,21.3382,4651
2023-05-15 16:00:00+00:00,21.3327,21.4522,21.1507,21.3227,8502
2023-05-15 20:00:00+00:00,21.3222,21.4372,21.0082,21.0957,6092
2023-05-16 00:00:00+00:00,20.8348,21.1057,20.8071,20.9377,4965
2023-05-16 04:00:00+00:00,20.9311,20.9852,20.6067,20.8122,5994
2023-05-16 08:00:00+00:00,20.8157,21.0527,20.7182,20.9837,4106
2023-05-16 12:00:00+00:00,20.9832,21.0232,20.681,20.8297,5743
2023-05-16 16:00:00+00:00,20.8292,20.8407,20.5987,20.7042,5834
2023-05-16 20:00:00+00:00,20.7067,20.7482,20.3962,20.4402,5027
2023-05-17 00:00:00+00:00,20.2208,20.7472,20.1408,20.7312,3534
2023-05-17 04:00:00+00:00,20.7282,21.0357,20.7282,20.9067,6876
2023-05-17 08:00:00+00:00,20.9062,20.9097,20.4372,20.5387,6657
2023-05-17 12:00:00+00:00,20.5242,20.6452,20.4287,20.5067,8101
2023-05-17 16:00:00+00:00,20.4982,20.7387,20.3795,20.7067,9319
2023-05-17 20:00:00+00:00,20.7117,21.0977,20.6012,20.9922,9763
2023-05-18 00:00:00+00:00,20.689799999999998,21.147,20.6683,20.9272,4696
2023-05-18 04:00:00+00:00,20.9417,21.0182,20.8237,20.8787,4040
2023-05-18 08:00:00+00:00,20.8677,20.9082,20.6937,20.8222,5014
2023-05-18 12:00:00+00:00,20.8207,20.8552,20.4932,20.5052,5398
2023-05-18 16:00:00+00:00,20.5037,20.6482,20.4157,20.4982,6769
2023-05-18 20:00:00+00:00,20.4977,20.5277,19.9996,20.3182,8078
2023-05-19 00:00:00+00:00,20.0886,20.4567,20.0886,20.3227,5333
2023-05-19 04:00:00+00:00,20.3217,20.3692,20.2387,20.3607,5140
2023-05-19 08:00:00+00:00,20.3602,20.4782,20.3082,20.4087,4589
2023-05-19 12:00:00+00:00,20.4282,20.4797,20.3252,20.4272,6779
2023-05-19 16:00:00+00:00,20.4377,20.5185,20.1628,20.3477,8270
2023-05-19 20:00:00+00:00,20.3457,20.4672,20.2737,20.3187,6142
2023-05-20 00:00:00+00:00,20.3092,20.3382,20.1092,20.1682,3484
2023-05-20 04:00:00+00:00,20.1712,20.2467,20.1647,20.1802,3978
2023-05-20 08:00:00+00:00,20.1807,20.1917,20.0288,20.1817,4106
2023-05-20 12:00:00+00:00,20.1827,20.2127,20.1282,20.1612,2660
2023-05-20 16:00:00+00:00,20.1607,20.2612,20.1367,20.1787,2407
2023-05-20 20:00:00+00:00,20.1827,20.3017,20.1532,20.1882,3505
2023-05-21 00:00:00+00:00,19.9341,20.3132,19.9341,20.2977,3079
2023-05-21 04:00:00+00:00,20.3062,20.3382,20.1682,20.2272,3450
2023-05-21 08:00:00+00:00,20.2262,20.2682,20.1632,20.2372,2251
2023-05-21 12:00:00+00:00,20.2337,20.2712,19.9421,20.0527,4976
2023-05-21 16:00:00+00:00,20.0627,20.1417,19.7636,19.8417,6377
2023-05-21 20:00:00+00:00,19.8437,20.0042,19.7827,19.8137,4414
2023-05-22 00:00:00+00:00,19.379,19.6371,18.713,19.4069,4511
2023-05-22 04:00:00+00:00,19.4079,19.5382,19.3542,19.5042,6252
2023-05-22 08:00:00+00:00,19.5062,19.7482,19.4982,19.7077,3977
2023-05-22 12:00:00+00:00,19.7082,19.8657,19.6882,19.7062,4307
2023-05-22 16:00:00+00:00,19.7057,19.9609,19.5147,19.6282,5891
2023-05-22 20:00:00+00:00,19.6482,19.6982,19.5162,19.5992,3982
2023-05-23 00:00:00+00:00,19.3783,19.6887,19.3592,19.4038,2742
2023-05-23 04:00:00+00:00,19.4057,20.1238,19.3638,19.8592,7038
2023-05-23 08:00:00+00:00,19.8732,19.9482,19.6882,19.7622,4726
2023-05-23 12:00:00+00:00,19.7627,19.9233,19.7182,19.8603,3765
2023-05-23 16:00:00+00:00,19.8588,20.0443,19.7479,20.0378,6029
2023-05-23 20:00:00+00:00,20.0433,20.0978,19.8288,20.0363,4465
2023-05-24 00:00:00+00:00,19.785800000000002,20.0648,19.7741,19.8983,2458
2023-05-24 04:00:00+00:00,19.8988,19.8988,19.3961,19.5323,5591
2023-05-24 08:00:00+00:00,19.5283,19.5468,19.3199,19.4478,4187
2023-05-24 12:00:00+00:00,19.4388,19.5078,19.2494,19.4112,4517
2023-05-24 16:00:00+00:00,19.4107,19.4327,18.5576,19.0487,9998
2023-05-24 20:00:00+00:00,19.0532,19.3128,18.9313,19.2632,6690
2023-05-25 00:00:00+00:00,19.0463,19.2492,17.6943,18.9907,3685
2023-05-25 04:00:00+00:00,18.9957,19.4232,18.698,19.3142,6566
2023-05-25 08:00:00+00:00,19.3132,19.3822,19.1926,19.2377,4819
2023-05-25 12:00:00+00:00,19.2527,19.5262,19.1936,19.3977,5001
2023-05-25 16:00:00+00:00,19.3967,19.4413,19.0758,19.1888,4794
2023-05-25 20:00:00+00:00,19.1938,19.3683,19.1433,19.2283,4757
2023-05-26 00:00:00+00:00,18.8201,19.2663,18.8201,19.2208,1930
2023-05-26 04:00:00+00:00,19.2193,19.3183,19.1338,19.2223,2572
2023-05-26 08:00:00+00:00,19.2273,19.3183,19.0433,19.2738,2968
2023-05-26 12:00:00+00:00,19.2743,19.3178,19.1578,19.2353,2705
2023-05-26 16:00:00+00:00,19.2348,19.5083,19.2338,19.3683,5011
2023-05-26 20:00:00+00:00,19.3688,19.4533,19.2488,19.4188,2459
2023-05-27 00:00:00+00:00,19.2893,19.4078,19.2807,19.3313,763
2023-05-27 04:00:00+00:00,19.3373,19.4898,19.3148,19.4883,1180
2023-05-27 08:00:00+00:00,19.4893,19.6033,19.3988,19.4283,1475
2023-05-27 12:00:00+00:00,19.4293,19.4983,19.4163,19.4783,1053
2023-05-27 16:00:00+00:00,19.4833,19.6453,19.3898,19.5483,2228
2023-05-27 20:00:00+00:00,19.5453,19.7983,19.5223,19.7798,2037
2023-05-28 00:00:00+00:00,19.5914,20.7271,19.589,20.5943,4523
2023-05-28 04:00:00+00:00,20.5948,20.7333,20.3408,20.4483,4513
2023-05-28 08:00:00+00:00,20.4508,20.5083,20.3743,20.4188,2595
2023-05-28 12:00:00+00:00,20.4233,20.6333,20.3633,20.5108,3027
2023-05-28 16:00:00+00:00,20.5183,20.6373,20.3858,20.5213,2449
2023-05-28 20:00:00+00:00,20.5228,20.9158,20.4693,20.7783,3522
2023-05-29 00:00:00+00:00,20.4918,21.1806,20.2648,20.7888,5463
2023-05-29 04:00:00+00:00,20.7983,20.9583,20.5016,20.6473,4165
2023-05-29 08:00:00+00:00,20.6528,20.7478,20.6313,20.6708,2124
2023-05-29 12:00:00+00:00,20.6758,20.7428,20.5728,20.6798,2084
2023-05-29 16:00:00+00:00,20.6783,20.7568,20.2113,20.2913,4906
2023-05-29 20:00:00+00:00,20.2893,20.5483,20.2233,20.5288,2667
2023-05-30 00:00:00+00:00,20.5233,20.6569,20.4083,20.5213,2545
2023-05-30 04:00:00+00:00,20.5283,21.1283,20.5183,20.7608,4757
2023-05-30 08:00:00+00:00,20.7618,20.8878,20.6016,20.8288,3405
2023-05-30 12:00:00+00:00,20.8293,21.3523,20.8293,21.2678,5982
2023-05-30 16:00:00+00:00,21.2783,21.3378,20.7492,21.0708,8287
2023-05-30 20:00:00+00:00,21.0718,21.3725,20.9272,21.2882,6274
2023-05-31 00:00:00+00:00,21.0372,21.3492,21.0372,21.2732,3809
2023-05-31 04:00:00+00:00,21.2702,21.2882,20.6211,20.704,4089
2023-05-31 08:00:00+00:00,20.676,20.8227,20.4525,20.6882,5845
2023-05-31 12:00:00+00:00,20.6842,20.7337,20.4887,20.5382,4032
2023-05-31 16:00:00+00:00,20.5392,20.6632,20.3192,20.4781,7493
2023-05-31 20:00:00+00:00,20.4876,20.6876,20.4631,20.6681,5026
2023-06-01 00:00:00+00:00,20.6731,20.9501,20.4907,20.7481,2973
2023-06-01 04:00:00+00:00,20.7576,20.8301,20.3568,20.6186,4162
2023-06-01 08:00:00+00:00,20.6181,20.6581,20.5121,20.6046,2366
2023-06-01 12:00:00+00:00,20.6081,20.8532,20.5982,20.8057,2490
2023-06-01 16:00:00+00:00,20.8082,20.8677,20.5182,20.77,4714
2023-06-01 20:00:00+00:00,20.77,20.7905,20.4772,20.6397,3618
2023-06-02 00:00:00+00:00,20.4296,20.6309,20.2597,20.5282,2609
2023-06-02 04:00:00+00:00,20.5322,20.9399,20.4377,20.8897,2894
2023-06-02 08:00:00+00:00,20.9082,21.1782,20.8932,21.1597,2198
2023-06-02 12:00:00+00:00,21.1607,21.2677,21.0487,21.1082,3362
2023-06-02 16:00:00+00:00,21.1057,21.1782,20.9087,21.0482,4588
2023-06-02 20:00:00+00:00,21.0527,21.3337,21.0252,21.1892,3106
2023-06-03 00:00:00+00:00,21.3137,21.3287,21.1677,21.1882,1203
2023-06-03 04:00:00+00:00,21.1832,21.1832,21.0332,21.1017,1187
2023-06-03 08:00:00+00:00,21.1082,21.1477,20.9907,21.0547,1347
2023-06-03 12:00:00+00:00,21.0567,21.2082,21.0502,21.1572,1151
2023-06-03 16:00:00+00:00,21.1482,21.3207,21.0432,21.1787,1835
2023-06-03 20:00:00+00:00,21.1732,21.1837,20.9592,20.9902,1590
2023-06-04 00:00:00+00:00,20.7763,21.1882,20.6789,21.0522,1037
2023-06-04 04:00:00+00:00,21.0482,21.3382,20.9882,21.2787,1290
2023-06-04 08:00:00+00:00,21.2797,21.7392,21.2237,21.4667,2674
2023-06-04 12:00:00+00:00,21.4812,21.7586,21.4782,21.7417,2552
2023-06-04 16:00:00+00:00,21.7412,22.1096,21.6926,22.0287,4663
2023-06-04 20:00:00+00:00,22.0382,22.2772,22.0382,22.1082,2957
2023-06-05 00:00:00+00:00,22.1327,22.2082,21.6787,21.8982,5020
2023-06-05 04:00:00+00:00,21.8906,21.9927,21.4487,21.5722,5240
2023-06-05 08:00:00+00:00,21.5682,21.6482,21.3772,21.5177,3437
2023-06-05 12:00:00+00:00,21.5082,21.5986,21.3681,21.3781,2622
2023-06-05 16:00:00+00:00,21.3806,21.4986,18.9386,19.9811,9580
2023-06-05 20:00:00+00:00,19.9856,20.1798,19.765,19.9781,7260
2023-06-06 00:00:00+00:00,19.9381,20.0951,19.6311,19.9181,2489
2023-06-06 04:00:00+00:00,19.9186,20.0051,19.6626,19.9356,3083
2023-06-06 08:00:00+00:00,19.9336,20.0836,19.8681,19.9956,3024
2023-06-06 12:00:00+00:00,20.0011,20.0881,19.3392,19.4132,4175
2023-06-06 16:00:00+00:00,19.4107,20.0846,19.1791,20.0666,9104
2023-06-06 20:00:00+00:00,20.0576,20.6532,19.9332,20.2282,7480
2023-06-07 00:00:00+00:00,20.2465,20.4911,20.2132,20.3487,3345
2023-06-07 04:00:00+00:00,20.3532,20.3682,19.9782,20.1487,4572
2023-06-07 08:00:00+00:00,20.1537,20.2077,19.9357,20.0382,2863
2023-06-07 12:00:00+00:00,20.0282,20.0382,19.5031,19.8207,5281
2023-06-07 16:00:00+00:00,19.8202,19.8332,18.9182,18.9947,8870
2023-06-07 20:00:00+00:00,18.9882,19.1314,18.5463,18.8147,6180
2023-06-08 00:00:00+00:00,18.7897,18.8731,18.4776,18.6882,4599
2023-06-08 04:00:00+00:00,18.6837,18.8337,18.1681,18.5682,4154
2023-06-08 08:00:00+00:00,18.5732,18.7252,18.3487,18.6787,5050
2023-06-08 12:00:00+00:00,18.6837,18.9644,18.5084,18.8284,5153
2023-06-08 16:00:00+00:00,18.8234,18.9454,18.5894,18.6909,6752
2023-06-08 20:00:00+00:00,18.6884,19.0732,18.5189,18.9609,3785
2023-06-09 00:00:00+00:00,18.9404,18.9449,18.7359,18.7524,2571
2023-06-09 04:00:00+00:00,18.7484,18.8794,18.534,18.7184,3807
2023-06-09 08:00:00+00:00,18.7234,18.7584,18.4393,18.6883,2998
2023-06-09 12:00:00+00:00,18.6938,19.3192,18.6483,19.0808,4403
2023-06-09 16:00:00+00:00,19.0861,19.1333,18.4182,18.4683,6249
2023-06-09 20:00:00+00:00,18.4638,18.4683,17.0815,17.5543,7168
2023-06-10 00:00:00+00:00,16.599,17.512,16.599,16.8514,6320
2023-06-10 04:00:00+00:00,16.8614,17.2319,11.742,14.4726,11680
2023-06-10 08:00:00+00:00,14.4726,14.978,13.2637,14.7698,15469
2023-06-10 12:00:00+00:00,14.7768,14.9473,14.4073,14.4283,9608
2023-06-10 16:00:00+00:00,14.4333,14.8355,14.3583,14.6283,8425
2023-06-10 20:00:00+00:00,14.6328,15.7559,14.4609,15.3888,13427
2023-06-11 00:00:00+00:00,15.3833,15.854800000000001,15.2933,15.4288,6658
2023-06-11 04:00:00+00:00,15.4313,15.8598,15.3522,15.5283,3379
2023-06-11 08:00:00+00:00,15.5278,15.7888,15.3378,15.3883,4601
2023-06-11 12:00:00+00:00,15.3878,15.6723,15.2993,15.4188,5723
2023-06-11 16:00:00+00:00,15.4183,15.5469,15.0839,15.3898,7730
2023-06-11 20:00:00+00:00,15.3848,16.1299,15.3273,15.9193,8675
2023-06-12 00:00:00+00:00,15.9293,15.9383,15.3187,15.4791,6783
2023-06-12 04:00:00+00:00,15.4791,15.5211,14.8602,15.1808,8079
2023-06-12 08:00:00+00:00,15.1823,15.4059,14.9603,15.3574,6128
2023-06-12 12:00:00+00:00,15.3554,15.6365,15.2786,15.3596,6124
2023-06-12 16:00:00+00:00,15.3586,15.424,15.0591,15.1366,7241
2023-06-12 20:00:00+00:00,15.1361,15.1361,14.671,14.9786,6767
2023-06-13 00:00:00+00:00,15.0091,15.34,14.9659,15.0185,4831
2023-06-13 04:00:00+00:00,15.0165,15.4825,14.9681,15.2491,5347
2023-06-13 08:00:00+00:00,15.2486,15.6386,15.2161,15.5181,4168
2023-06-13 12:00:00+00:00,15.5286,15.92,15.1412,15.3874,6873
2023-06-13 16:00:00+00:00,15.3874,15.4155,14.7087,14.8887,7796
2023-06-13 20:00:00+00:00,14.8882,15.0876,14.7208,14.8797,4515
2023-06-14 00:00:00+00:00,14.9142,15.0487,14.8347,15.0487,3828
2023-06-14 04:00:00+00:00,15.0512,15.2532,14.9697,15.1342,4580
2023-06-14 08:00:00+00:00,15.1357,15.1532,14.9637,15.1107,4186
2023-06-14 12:00:00+00:00,15.1112,15.2457,15.0562,15.2052,2937
2023-06-14 16:00:00+00:00,15.2047,15.2067,14.9498,15.0987,4134
2023-06-14 20:00:00+00:00,15.1002,15.3072,13.9667,14.1518,8863
2023-06-15 00:00:00+00:00,14.0411,14.5542,13.8792,14.5537,5950
2023-06-15 04:00:00+00:00,14.5542,14.9718,14.3642,14.7062,4085
2023-06-15 08:00:00+00:00,14.7162,14.8497,14.5627,14.6817,5346
2023-06-15 12:00:00+00:00,14.6842,14.7142,14.2789,14.3933,9237
2023-06-15 16:00:00+00:00,14.3928,14.7068,14.3493,14.4058,8392
2023-06-15 20:00:00+00:00,14.4073,14.7917,14.1103,14.6903,9691
2023-06-16 00:00:00+00:00,14.8413,14.9769,14.5683,14.6128,3893
2023-06-16 04:00:00+00:00,14.6093,14.8373,14.5793,14.7383,5750
2023-06-16 08:00:00+00:00,14.7393,14.9188,14.7313,14.7558,3346
2023-06-16 12:00:00+00:00,14.7573,14.8023,14.4508,14.6023,4988
2023-06-16 16:00:00+00:00,14.6013,15.0024,14.2917,14.931799999999999,8496
2023-06-16 20:00:00+00:00,14.9313,15.3863,14.9313,15.3758,7268
2023-06-17 00:00:00+00:00,15.2378,15.3338,15.1808,15.2003,3098
2023-06-17 04:00:00+00:00,15.2008,15.4998,15.1173,15.4438,3633
2023-06-17 08:00:00+00:00,15.4418,16.0539,15.3968,15.7963,7530
2023-06-17 12:00:00+00:00,15.7948,15.8963,15.6593,15.7668,5299
2023-06-17 16:00:00+00:00,15.7653,15.8638,15.5163,15.6923,4975
2023-06-17 20:00:00+00:00,15.6933,15.7388,15.5428,15.6088,2798
2023-06-18 00:00:00+00:00,15.6143,15.7203,15.3645,15.4843,3139
2023-06-18 04:00:00+00:00,15.4833,15.5798,15.4643,15.5478,2957
2023-06-18 08:00:00+00:00,15.5578,15.6558,15.4409,15.5288,4877
2023-06-18 12:00:00+00:00,15.5408,15.7526,15.4953,15.6643,7378
2023-06-18 16:00:00+00:00,15.6633,15.7843,15.5708,15.7218,4837
2023-06-18 20:00:00+00:00,15.7288,15.7943,15.2338,15.4613,4097
2023-06-19 00:00:00+00:00,15.399000000000001,15.4859,15.2249,15.4857,2878
2023-06-19 04:00:00+00:00,15.4876,15.5408,15.3713,15.4683,1286
2023-06-19 08:00:00+00:00,15.4678,15.4768,15.3783,15.4078,1011
2023-06-19 12:00:00+00:00,15.4083,15.6353,15.3618,15.5983,1067
2023-06-19 16:00:00+00:00,15.5993,15.6543,15.3838,15.4968,2396
2023-06-19 20:00:00+00:00,15.5073,15.9332,15.4883,15.8592,3607
2023-06-20 00:00:00+00:00,15.8491,16.2422,15.7672,16.1438,2398
2023-06-20 04:00:00+00:00,16.1438,16.2604,15.9472,15.9912,1734
2023-06-20 08:00:00+00:00,15.9937,16.0942,15.8127,15.8187,1752
2023-06-20 12:00:00+00:00,15.8207,15.9482,15.7442,15.919599999999999,1395
2023-06-20 16:00:00+00:00,15.9181,16.1403,15.6711,16.0226,4345
2023-06-20 20:00:00+00:00,16.0286,16.5047,16.0118,16.3966,5442
2023-06-21 00:00:00+00:00,16.1302,16.819,16.1149,16.7601,4303
2023-06-21 04:00:00+00:00,16.7716,17.1199,16.6591,16.7456,4437
2023-06-21 08:00:00+00:00,16.7361,16.9051,16.6561,16.7151,4095
2023-06-21 12:00:00+00:00,16.7231,16.8331,16.4828,16.5508,3192
2023-06-21 16:00:00+00:00,16.5486,17.2164,16.5228,16.9021,6183
2023-06-21 20:00:00+00:00,16.9022,17.1986,16.7463,17.0461,5244
2023-06-22 00:00:00+00:00,17.014,17.6476,16.9186,17.4976,4134
2023-06-22 04:00:00+00:00,17.498,17.6953,17.3336,17.4501,3820
2023-06-22 08:00:00+00:00,17.4486,17.4516,17.0637,17.2376,3251
2023-06-22 12:00:00+00:00,17.2351,17.3486,16.507,16.983,4051
2023-06-22 16:00:00+00:00,16.979,17.127,16.5835,16.9095,5111
2023-06-22 20:00:00+00:00,16.9125,17.0735,16.756,16.841,2781
2023-06-23 00:00:00+00:00,16.8335,16.836,16.5249,16.5925,2884
2023-06-23 04:00:00+00:00,16.5945,16.7535,16.4685,16.73,2047
2023-06-23 08:00:00+00:00,16.732,16.821,16.641,16.739,1829
2023-06-23 12:00:00+00:00,16.744,16.768,16.2634,16.3545,2960
2023-06-23 16:00:00+00:00,16.355,17.2102,16.0998,16.991,6342
2023-06-23 20:00:00+00:00,17.001,17.4717,16.835,17.4309,4436
2023-06-24 00:00:00+00:00,17.0645,17.365,16.8013,17.223,3032
2023-06-24 04:00:00+00:00,17.218,17.492,17.1024,17.241,4013
2023-06-24 08:00:00+00:00,17.24,17.281,16.993,17.13,2551
2023-06-24 12:00:00+00:00,17.126,17.3305,17.116,17.28,1494
2023-06-24 16:00:00+00:00,17.2245,17.2545,16.373,16.621,4817
2023-06-24 20:00:00+00:00,16.6185,16.756,16.4484,16.54,2579
2023-06-25 00:00:00+00:00,16.4855,16.668,16.3174,16.586,2970
2023-06-25 04:00:00+00:00,16.591,17.1295,16.5405,17.0035,3070
2023-06-25 08:00:00+00:00,17.011,17.3069,16.8965,17.281,4047
2023-06-25 12:00:00+00:00,17.276,17.341,16.981,17.1675,3396
2023-06-25 16:00:00+00:00,17.1686,17.2325,16.7,17.1085,3612
2023-06-25 20:00:00+00:00,17.112,17.1803,16.767,16.8,3000
2023-06-26 00:00:00+00:00,16.793,17.064,16.6904,16.6955,4055
2023-06-26 04:00:00+00:00,16.691,16.7595,16.4821,16.7125,3547
2023-06-26 08:00:00+00:00,16.7075,16.9985,16.568,16.8855,3241
2023-06-26 12:00:00+00:00,16.886,16.9534,16.6716,16.869,2925
2023-06-26 16:00:00+00:00,16.884,17.066,16.0109,16.2686,3383
2023-06-26 20:00:00+00:00,16.2701,16.3835,16.072,16.155,3378
2023-06-27 00:00:00+00:00,16.1235,16.276,15.8533,16.226,2023
2023-06-27 04:00:00+00:00,16.2275,16.511,16.0935,16.4815,1533
2023-06-27 08:00:00+00:00,16.479,16.709,16.303,16.53,2807
2023-06-27 12:00:00+00:00,16.5285,16.7192,16.456,16.6341,2645
2023-06-27 16:00:00+00:00,16.6371,16.7811,16.2698,16.6391,4438
2023-06-27 20:00:00+00:00,16.6416,16.7621,16.5411,16.6476,2582
2023-06-28 00:00:00+00:00,16.6186,16.8921,16.0648,16.3195,3660
2023-06-28 04:00:00+00:00,16.3045,16.3686,16.1167,16.2101,2399
2023-06-28 08:00:00+00:00,16.2111,16.2246,15.7488,16.0445,2770
2023-06-28 12:00:00+00:00,16.0425,16.207,15.981,16.1055,1838
2023-06-28 16:00:00+00:00,16.109,16.4519,16.052,16.257,3948
2023-06-28 20:00:00+00:00,16.2585,16.2875,15.5148,15.945,3876
2023-06-29 00:00:00+00:00,15.895,16.0525,15.7542,15.8645,2645
2023-06-29 04:00:00+00:00,15.861,16.1382,15.8445,16.053,2168
2023-06-29 08:00:00+00:00,16.0635,16.3365,15.979,16.3365,2033
2023-06-29 12:00:00+00:00,16.3335,18.1948,16.2725,17.8496,6527
2023-06-29 16:00:00+00:00,17.8336,18.0701,17.214,17.6256,4820
2023-06-29 20:00:00+00:00,17.6306,17.7486,17.3677,17.4861,4761
2023-06-30 00:00:00+00:00,17.5136,18.15,17.4035,18.0765,5147
2023-06-30 04:00:00+00:00,18.0785,19.0012,17.8872,18.6428,6185
2023-06-30 08:00:00+00:00,18.6228,18.9983,18.3611,18.9031,5668
2023-06-30 12:00:00+00:00,18.8952,19.4557,18.5371,19.1811,5442
2023-06-30 16:00:00+00:00,19.1771,19.2862,16.7964,18.8339,7845
2023-06-30 20:00:00+00:00,18.8449,19.8247,18.7896,19.0545,6358
2023-07-01 00:00:00+00:00,19.0475,19.2366,17.7474,18.6792,3404
2023-07-01 04:00:00+00:00,18.6792,18.6812,17.7603,17.9477,1836
2023-07-01 08:00:00+00:00,17.9477,18.426,17.8161,18.351,2082
2023-07-01 12:00:00+00:00,18.3475,18.446,18.1465,18.379,4106
2023-07-01 16:00:00+00:00,18.384,18.5235,18.2065,18.266,4753
2023-07-01 20:00:00+00:00,18.2685,18.4015,18.2125,18.3395,2425
2023-07-02 00:00:00+00:00,18.3635,18.848300000000002,18.285,18.6541,3768
2023-07-02 04:00:00+00:00,18.6351,19.4054,18.4666,19.2037,6428
2023-07-02 08:00:00+00:00,19.1937,19.3587,18.7809,19.0353,4657
2023-07-02 12:00:00+00:00,19.0343,19.361,18.8461,18.8679,4323
2023-07-02 16:00:00+00:00,18.8685,19.4332,18.8066,19.3655,5141
2023-07-02 20:00:00+00:00,19.366,19.5252,19.0125,19.451,4287
2023-07-03 00:00:00+00:00,19.4285,19.6727,19.1124,19.226,3548
2023-07-03 04:00:00+00:00,19.2235,19.5675,19.2185,19.386,4334
2023-07-03 08:00:00+00:00,19.3935,19.481,19.1708,19.3008,3232
2023-07-03 12:00:00+00:00,19.3013,19.4544,19.2293,19.3193,3804
2023-07-03 16:00:00+00:00,19.3178,19.3448,18.8927,19.0828,5363
2023-07-03 20:00:00+00:00,19.0838,19.3053,19.0138,19.0958,3542
2023-07-04 00:00:00+00:00,19.0588,19.3583,18.7909,19.3273,3226
2023-07-04 04:00:00+00:00,19.3278,19.4658,19.0858,19.1458,3560
2023-07-04 08:00:00+00:00,19.1443,19.2143,19.0133,19.1143,2701
2023-07-04 12:00:00+00:00,19.1218,19.3193,19.0193,19.2923,2367
2023-07-04 16:00:00+00:00,19.2973,19.8667,19.2823,19.5498,5342
2023-07-04 20:00:00+00:00,19.5395,19.6063,19.2421,19.3803,4228
2023-07-05 00:00:00+00:00,17.848,19.4858,17.7982,19.0853,1700
2023-07-05 04:00:00+00:00,19.0778,19.2613,19.0713,19.1708,1700
2023-07-05 08:00:00+00:00,19.1633,19.3358,19.0065,19.1458,1601
2023-07-05 12:00:00+00:00,19.1408,19.1723,18.1955,18.6758,4339
2023-07-05 16:00:00+00:00,18.6663,18.848300000000002,18.3761,18.7108,4349
2023-07-05 20:00:00+00:00,18.7158,18.8468,18.4998,18.7158,3249
2023-07-06 00:00:00+00:00,18.6933,19.5757,18.6738,19.2568,2768
2023-07-06 04:00:00+00:00,19.2573,19.7017,19.2033,19.3318,4210
2023-07-06 08:00:00+00:00,19.3253,20.2125,19.2868,20.1446,4445
2023-07-06 12:00:00+00:00,20.1346,20.2991,19.3344,19.626,6653
2023-07-06 16:00:00+00:00,19.611,19.8444,18.7222,19.5803,7211
2023-07-06 20:00:00+00:00,19.5903,20.9211,19.5703,20.6707,5635
2023-07-07 00:00:00+00:00,20.5507,20.6179,19.3479,20.1584,6541
2023-07-07 04:00:00+00:00,20.1515,20.4505,19.723300000000002,19.723300000000002,5288
2023-07-07 08:00:00+00:00,19.7033,20.2209,19.1627,19.3549,5406
2023-07-07 12:00:00+00:00,19.3619,20.8624,19.3151,20.8067,6103
2023-07-07 16:00:00+00:00,20.8007,21.5447,20.5488,21.4382,7967
2023-07-07 20:00:00+00:00,21.4382,21.4527,20.9948,21.1857,5503
2023-07-08 00:00:00+00:00,21.282,21.8885,20.3741,21.5687,3653
2023-07-08 04:00:00+00:00,21.5593,21.9417,21.4607,21.5747,5412
2023-07-08 08:00:00+00:00,21.5678,22.3905,21.2751,22.3407,6165
2023-07-08 12:00:00+00:00,22.356,22.3857,21.6187,21.7289,4810
2023-07-08 16:00:00+00:00,21.7189,21.9261,21.2396,21.7667,4350
2023-07-08 20:00:00+00:00,21.7932,21.9346,21.2696,21.8147,3599
2023-07-09 00:00:00+00:00,21.7305,21.9343,21.5553,21.9177,3095
2023-07-09 04:00:00+00:00,21.9212,22.2711,21.4726,21.5795,3517
2023-07-09 08:00:00+00:00,21.5782,21.8337,21.3094,21.5707,2844
2023-07-09 12:00:00+00:00,21.5807,21.7722,21.3896,21.7442,3931
2023-07-09 16:00:00+00:00,21.7451,21.8075,20.9916,21.2357,4528
2023-07-09 20:00:00+00:00,21.0784,21.3482,20.9631,21.1707,2644
2023-07-10 00:00:00+00:00,21.1974,21.4119,20.733,20.935200000000002,4108
2023-07-10 04:00:00+00:00,20.9302,21.3232,20.7684,21.0407,4155
2023-07-10 08:00:00+00:00,21.0332,21.1097,20.3631,20.6647,3185
2023-07-10 12:00:00+00:00,20.6622,20.8812,20.4599,20.6407,3845
2023-07-10 16:00:00+00:00,20.6507,21.234,20.6132,21.0307,5135
2023-07-10 20:00:00+00:00,21.0332,21.7078,20.9232,21.3487,5373
2023-07-11 00:00:00+00:00,21.2943,21.7445,21.0364,21.2677,5374
2023-07-11 04:00:00+00:00,21.2682,22.0324,21.2294,21.8037,4815
2023-07-11 08:00:00+00:00,21.7957,22.1867,21.7547,21.9467,4654
2023-07-11 12:00:00+00:00,21.9457,22.2601,21.7807,22.1891,4302
2023-07-11 16:00:00+00:00,22.202,22.3271,21.813,22.0106,5763
2023-07-11 20:00:00+00:00,22.0061,22.1438,21.8556,21.9366,3006
2023-07-12 00:00:00+00:00,21.8369,22.2358,21.6894,22.0716,2982
2023-07-12 04:00:00+00:00,22.0632,22.2066,21.8106,21.9511,2776
2023-07-12 08:00:00+00:00,21.9436,22.1071,21.8912,21.9881,2901
2023-07-12 12:00:00+00:00,21.9931,22.6499,21.9216,22.2781,3787
2023-07-12 16:00:00+00:00,22.2731,22.6916,22.0755,22.2256,5921
2023-07-12 20:00:00+00:00,22.2281,22.3044,21.5058,21.9906,3853
2023-07-13 00:00:00+00:00,21.9854,21.9896,20.2077,21.7656,2897
2023-07-13 04:00:00+00:00,21.7726,21.8181,21.2654,21.4606,3650
2023-07-13 08:00:00+00:00,21.4656,21.8936,21.4241,21.8111,3534
2023-07-13 12:00:00+00:00,21.8231,22.532,21.7931,22.2784,6221
2023-07-13 16:00:00+00:00,22.2784,25.3511,21.9898,25.2297,9121
2023-07-13 20:00:00+00:00,25.2297,26.5376,25.0297,25.4982,11126
2023-07-14 00:00:00+00:00,25.4142,31.8883,25.2611,28.5689,9332
2023-07-14 04:00:00+00:00,28.5559,29.9575,27.8642,28.7621,11840
2023-07-14 08:00:00+00:00,28.7521,29.6045,28.1784,29.0313,9255
2023-07-14 12:00:00+00:00,29.0313,29.0533,27.303,27.4506,9138
2023-07-14 16:00:00+00:00,27.4406,28.2955,26.8796,27.4432,7420
2023-07-14 20:00:00+00:00,27.4432,27.5607,25.1205,26.0239,5518
2023-07-15 00:00:00+00:00,25.8597,27.7966,25.8597,27.7256,2430
2023-07-15 04:00:00+00:00,27.7486,27.9741,26.9203,27.677599999999998,1924
2023-07-15 08:00:00+00:00,27.6786,28.7978,27.4415,28.6245,2809
2023-07-15 12:00:00+00:00,28.626,29.0052,28.4124,28.5174,1883
2023-07-15 16:00:00+00:00,28.5374,28.6754,26.8454,27.2389,1983
2023-07-15 20:00:00+00:00,27.2299,28.1256,27.1657,27.5906,1714
2023-07-16 00:00:00+00:00,27.3295,27.8097,26.5592,27.3471,1779
2023-07-16 04:00:00+00:00,27.3487,27.6761,26.2656,27.3186,3021
2023-07-16 08:00:00+00:00,27.3456,27.8956,27.2377,27.7917,1287
2023-07-16 12:00:00+00:00,27.7917,28.2179,27.6461,27.927,1459
2023-07-16 16:00:00+00:00,27.927,28.4706,27.6307,27.8769,2998
2023-07-16 20:00:00+00:00,27.8579,28.0669,27.1381,27.3516,2948
2023-07-17 00:00:00+00:00,26.5818,27.9955,26.5655,27.684,5155
2023-07-17 04:00:00+00:00,27.687,28.3728,27.6315,27.8801,5051
2023-07-17 08:00:00+00:00,27.8831,28.3945,27.3097,27.3946,5312
2023-07-17 12:00:00+00:00,27.3916,27.4973,26.3163,27.0458,7809
2023-07-17 16:00:00+00:00,27.0471,27.322,26.5253,26.7206,7246
2023-07-17 20:00:00+00:00,26.7226,26.8493,25.4203,26.3116,8375
2023-07-18 00:00:00+00:00,26.3541,27.0455,26.2545,26.8341,5134
2023-07-18 04:00:00+00:00,26.8371,26.9091,26.1612,26.4821,5191
2023-07-18 08:00:00+00:00,26.4831,26.552599999999998,25.3435,25.5494,6256
2023-07-18 12:00:00+00:00,25.5494,25.6948,24.6961,25.1212,6362
2023-07-18 16:00:00+00:00,25.1212,25.6164,24.7249,25.2608,7187
2023-07-18 20:00:00+00:00,25.2608,25.7276,25.0,25.2121,5283
2023-07-19 00:00:00+00:00,25.0096,26.1917,24.9915,26.0779,3794
2023-07-19 04:00:00+00:00,26.0829,26.5403,25.8994,26.2538,5968
2023-07-19 08:00:00+00:00,26.2516,26.4796,25.5863,25.7738,5089
2023-07-19 12:00:00+00:00,25.7798,26.4783,25.6816,26.2178,5198
2023-07-19 16:00:00+00:00,26.2078,26.6614,25.7913,26.2297,6576
2023-07-19 20:00:00+00:00,26.2197,26.9417,26.1597,26.587,5443
2023-07-20 00:00:00+00:00,26.497,26.7178,26.0822,26.3948,4960
2023-07-20 04:00:00+00:00,26.3877,26.7678,26.3355,26.3483,4063
2023-07-20 08:00:00+00:00,26.3453,27.2951,26.2757,27.1691,5608
2023-07-20 12:00:00+00:00,27.1731,27.3229,26.7944,26.9188,5917
2023-07-20 16:00:00+00:00,26.9153,27.0892,25.0712,25.4478,7908
2023-07-20 20:00:00+00:00,25.4419,25.5965,24.8502,25.1493,4735
2023-07-21 00:00:00+00:00,25.1819,25.6108,25.0115,25.1458,4361
2023-07-21 04:00:00+00:00,25.1508,25.5578,25.0452,25.2848,4549
2023-07-21 08:00:00+00:00,25.2823,25.3943,25.0657,25.1953,4294
2023-07-21 12:00:00+00:00,25.2028,25.5268,24.994,25.4488,4706
2023-07-21 16:00:00+00:00,25.4503,25.5458,25.1173,25.2073,5312
2023-07-21 20:00:00+00:00,25.2123,25.9435,25.1733,25.723300000000002,4623
2023-07-22 00:00:00+00:00,25.5249,25.8553,24.7565,25.7608,2607
2023-07-22 04:00:00+00:00,25.7653,25.913,25.5517,25.6263,3736
2023-07-22 08:00:00+00:00,25.6243,25.8353,25.5419,25.7888,2705
2023-07-22 12:00:00+00:00,25.7933,25.8398,25.3211,25.4858,2850
2023-07-22 16:00:00+00:00,25.4853,25.7128,25.4567,25.6228,2670
2023-07-22 20:00:00+00:00,25.6178,25.6528,25.0902,25.2223,3017
2023-07-23 00:00:00+00:00,25.2678,25.3228,23.9194,24.2417,4279
2023-07-23 04:00:00+00:00,24.2427,24.7478,24.2427,24.6993,3056
2023-07-23 08:00:00+00:00,24.7018,24.8613,24.5848,24.7833,3091
2023-07-23 12:00:00+00:00,24.7878,24.8128,24.4371,24.5853,2585
2023-07-23 16:00:00+00:00,24.5898,24.9962,24.4928,24.9253,2374
2023-07-23 20:00:00+00:00,24.9243,25.2098,24.7106,24.9458,3851
2023-07-24 00:00:00+00:00,24.8875,24.8928,24.4906,24.6378,2881
2023-07-24 04:00:00+00:00,24.6278,24.6296,23.9991,24.3078,4543
2023-07-24 08:00:00+00:00,24.3013,24.6429,24.2703,24.4353,3728
2023-07-24 12:00:00+00:00,24.4403,24.5243,22.7736,23.5478,6090
2023-07-24 16:00:00+00:00,23.5528,23.6303,22.7567,23.2978,4970
2023-07-24 20:00:00+00:00,23.3028,23.4248,23.0815,23.3308,3872
2023-07-25 00:00:00+00:00,23.3353,23.5638,23.1638,23.2453,2903
2023-07-25 04:00:00+00:00,23.2428,23.4753,23.1028,23.1733,2864
2023-07-25 08:00:00+00:00,23.1758,23.3118,22.9049,23.1453,2885
2023-07-25 12:00:00+00:00,23.1478,23.3443,22.9643,23.0198,2795
2023-07-25 16:00:00+00:00,23.0173,23.5288,22.6326,23.2068,4794
2023-07-25 20:00:00+00:00,23.2043,23.4088,23.0175,23.1818,3606
2023-07-26 00:00:00+00:00,23.2228,23.3103,23.0793,23.2218,2327
2023-07-26 04:00:00+00:00,23.2208,23.6262,23.1808,23.3643,4365
2023-07-26 08:00:00+00:00,23.3638,23.5798,23.3232,23.4898,3142
2023-07-26 12:00:00+00:00,23.4873,24.4922,23.3835,24.338,4362
2023-07-26 16:00:00+00:00,24.3482,24.951,24.2312,24.6305,5210
2023-07-26 20:00:00+00:00,24.6415,25.5669,24.4618,25.1972,7626
2023-07-27 00:00:00+00:00,25.1017,25.4242,24.815,25.0918,4656
2023-07-27 04:00:00+00:00,25.0868,25.203,24.6018,25.112,4372
2023-07-27 08:00:00+00:00,25.121,25.3008,24.8676,25.236,3985
2023-07-27 12:00:00+00:00,25.24,25.4414,25.133,25.2688,4751
2023-07-27 16:00:00+00:00,25.2638,25.6057,24.9571,25.1883,6324
2023-07-27 20:00:00+00:00,25.1888,25.2428,24.6484,24.7268,4958
2023-07-28 00:00:00+00:00,24.7933,25.325,24.7853,25.2195,3264
2023-07-28 04:00:00+00:00,25.2285,25.2604,24.7444,24.9368,3018
2023-07-28 08:00:00+00:00,24.9433,24.9548,24.4519,24.6378,3751
2023-07-28 12:00:00+00:00,24.6383,24.7518,24.4803,24.7278,3049
2023-07-28 16:00:00+00:00,24.7298,25.4544,24.6203,25.2197,4832
2023-07-28 20:00:00+00:00,25.2197,25.3428,24.758,24.9578,3278
2023-07-29 00:00:00+00:00,24.9693,24.9833,24.6698,24.8278,1912
2023-07-29 04:00:00+00:00,24.8228,25.1778,24.7883,25.0913,2017
2023-07-29 08:00:00+00:00,25.0918,25.1643,24.8963,24.9168,1632
2023-07-29 12:00:00+00:00,24.9118,25.1556,24.8878,25.0078,2732
2023-07-29 16:00:00+00:00,25.0178,25.1328,24.8828,25.0778,3265
2023-07-29 20:00:00+00:00,25.0728,25.3368,25.0578,25.2578,4882
2023-07-30 00:00:00+00:00,25.2428,25.2483,25.0233,25.1178,2022
2023-07-30 04:00:00+00:00,25.1128,25.1478,24.8778,24.9853,1516
2023-07-30 08:00:00+00:00,25.0023,25.0478,24.8077,24.9378,2277
2023-07-30 12:00:00+00:00,24.9353,25.0173,24.7853,24.9278,4062
2023-07-30 16:00:00+00:00,24.9243,25.0318,24.6693,24.8478,3528
2023-07-30 20:00:00+00:00,24.8438,24.9253,23.3134,24.2493,3333
2023-07-31 00:00:00+00:00,24.2424,24.4777,24.0093,24.4178,3168
2023-07-31 04:00:00+00:00,24.4158,24.7188,24.2983,24.3743,3095
2023-07-31 08:00:00+00:00,24.3738,24.5168,24.3198,24.4883,2254
2023-07-31 12:00:00+00:00,24.4923,24.6237,24.2887,24.6156,1631
2023-07-31 16:00:00+00:00,24.6157,24.6157,23.7382,23.9363,3042
2023-07-31 20:00:00+00:00,23.9358,24.066,23.3905,23.6345,1847
2023-08-01 00:00:00+00:00,23.6147,23.855,22.8785,23.8113,1941
2023-08-01 04:00:00+00:00,23.8118,23.9208,22.6452,23.2238,5016
2023-08-01 08:00:00+00:00,23.2228,23.5707,23.1405,23.5378,3073
2023-08-01 12:00:00+00:00,23.5278,23.5278,23.1428,23.3178,3653
2023-08-01 16:00:00+00:00,23.3163,23.3678,22.6769,23.2278,5475
2023-08-01 20:00:00+00:00,23.2253,23.7204,23.1517,23.4478,4287
2023-08-02 00:00:00+00:00,23.4378,24.1437,23.4353,23.9278,6193
2023-08-02 04:00:00+00:00,23.9428,24.2063,23.5043,23.6478,6607
2023-08-02 08:00:00+00:00,23.6378,23.7278,23.3681,23.5078,5446
2023-08-02 12:00:00+00:00,23.5178,23.6378,23.3978,23.4368,3875
2023-08-02 16:00:00+00:00,23.4378,23.4533,22.7062,22.8983,9790
2023-08-02 20:00:00+00:00,22.8983,23.2078,22.8283,23.0278,6362
2023-08-03 00:00:00+00:00,23.0573,23.2578,22.9253,23.0803,4713
2023-08-03 04:00:00+00:00,23.0878,23.3178,23.0133,23.0778,4186
2023-08-03 08:00:00+00:00,23.0978,23.1378,22.3338,22.6078,7218
2023-08-03 12:00:00+00:00,22.6053,22.768,22.518,22.588,5390
2023-08-03 16:00:00+00:00,22.598,23.0305,22.5905,22.7795,7740
2023-08-03 20:00:00+00:00,22.7735,23.0326,22.688,22.8805,5092
2023-08-04 00:00:00+00:00,22.913,22.927,22.3901,22.639499999999998,5425
2023-08-04 04:00:00+00:00,22.638,22.778,22.418,22.7685,5975
2023-08-04 08:00:00+00:00,22.7735,22.988,22.713,22.848,6273
2023-08-04 12:00:00+00:00,22.8435,23.1051,22.748,23.058,5683
2023-08-04 16:00:00+00:00,23.068,23.4629,22.998,23.368,7456
2023-08-04 20:00:00+00:00,23.373,23.3805,22.381,22.6318,8768
2023-08-05 00:00:00+00:00,21.1605,22.79,20.7781,22.5805,2798
2023-08-05 04:00:00+00:00,22.5815,22.678,22.385,22.558,4410
2023-08-05 08:00:00+00:00,22.5555,22.788,22.506,22.7085,3030
2023-08-05 12:00:00+00:00,22.7045,22.863,22.568,22.608,3320
2023-08-05 16:00:00+00:00,22.605,22.7305,22.0994,22.3585,4898
2023-08-05 20:00:00+00:00,22.359,22.6185,22.3375,22.468,3029
2023-08-06 00:00:00+00:00,22.473,22.718,22.4317,22.638,2020
2023-08-06 04:00:00+00:00,22.6375,22.873,22.578,22.8395,2629
2023-08-06 08:00:00+00:00,22.838,23.3394,22.798000000000002,23.1845,4067
2023-08-06 12:00:00+00:00,23.186,23.198,22.928,22.968,4348
2023-08-06 16:00:00+00:00,22.9645,23.168,22.768,23.147,5441
2023-08-06 20:00:00+00:00,23.148,23.2235,23.024,23.178,3149
2023-08-07 00:00:00+00:00,23.2935,23.318,22.9334,23.03,4470
2023-08-07 04:00:00+00:00,23.028,23.568,23.018,23.2555,5873
2023-08-07 08:00:00+00:00,23.258,23.2615,22.906,22.9655,4295
2023-08-07 12:00:00+00:00,22.964,23.0814,22.860500000000002,22.998,2653
2023-08-07 16:00:00+00:00,23.0014,23.033,22.1834,22.558,6932
2023-08-07 20:00:00+00:00,22.5554,22.988,22.537,22.9575,3995
2023-08-08 00:00:00+00:00,22.943,23.148,22.8705,23.131,2868
2023-08-08 04:00:00+00:00,23.1285,23.2148,22.938,23.138,2810
2023-08-08 08:00:00+00:00,23.1375,23.312,23.083,23.1245,2603
2023-08-08 12:00:00+00:00,23.122,23.4935,23.092,23.4855,3375
2023-08-08 16:00:00+00:00,23.485,24.0007,23.118,23.98,5879
2023-08-08 20:00:00+00:00,23.9849,24.6924,23.8327,24.418,5483
2023-08-09 00:00:00+00:00,24.463,24.528,24.0015,24.337,4561
2023-08-09 04:00:00+00:00,24.3275,24.4285,24.1046,24.4035,2804
2023-08-09 08:00:00+00:00,24.402,24.6813,24.25,24.6435,3374
2023-08-09 12:00:00+00:00,24.6435,24.9478,24.4813,24.9078,5344
2023-08-09 16:00:00+00:00,24.9178,24.9478,24.2898,24.3851,6163
2023-08-09 20:00:00+00:00,24.3851,24.5173,24.1668,24.2878,3680
2023-08-10 00:00:00+00:00,24.2683,24.4108,24.0122,24.3243,2954
2023-08-10 04:00:00+00:00,24.3343,24.4763,24.1333,24.1703,2443
2023-08-10 08:00:00+00:00,24.1753,24.3203,24.0653,24.2783,2365
2023-08-10 12:00:00+00:00,24.2763,24.6719,24.1743,24.6059,3091
2023-08-10 16:00:00+00:00,24.6089,24.8199,24.2905,24.4683,5104
2023-08-10 20:00:00+00:00,24.4663,24.5978,24.279,24.5423,2912
2023-08-11 00:00:00+00:00,24.5828,24.7158,24.4993,24.7118,2413
2023-08-11 04:00:00+00:00,24.7143,24.8584,24.5778,24.7103,3747
2023-08-11 08:00:00+00:00,24.7093,24.7093,24.3958,24.4413,2351
2023-08-11 12:00:00+00:00,24.4418,24.4978,24.3058,24.3978,2052
2023-08-11 16:00:00+00:00,24.3973,24.797,24.2801,24.5003,4907
2023-08-11 20:00:00+00:00,24.4993,24.5033,24.2768,24.3708,2682
2023-08-12 00:00:00+00:00,24.3988,24.6938,24.3988,24.6938,607
2023-08-12 04:00:00+00:00,24.6983,24.7038,24.3303,24.4053,1091
2023-08-12 08:00:00+00:00,24.4078,24.5018,24.3608,24.4183,1546
2023-08-12 12:00:00+00:00,24.4168,24.5168,24.4158,24.5168,1348
2023-08-12 16:00:00+00:00,24.5173,24.7488,24.4578,24.7078,1929
2023-08-12 20:00:00+00:00,24.7083,24.8208,24.5998,24.7208,2554
2023-08-13 00:00:00+00:00,24.6003,25.0498,24.4645,24.8458,2406
2023-08-13 04:00:00+00:00,24.8463,24.8978,24.631,24.7593,2190
2023-08-13 08:00:00+00:00,24.7643,24.7653,24.5978,24.7433,1165
2023-08-13 12:00:00+00:00,24.7383,24.8273,24.5173,24.6703,1839
2023-08-13 16:00:00+00:00,24.6678,24.6678,24.3578,24.4433,2441
2023-08-13 20:00:00+00:00,24.4463,24.6243,24.3378,24.5083,2378
2023-08-14 00:00:00+00:00,24.2541,24.4673,24.0978,24.2423,3299
2023-08-14 04:00:00+00:00,24.2433,24.4423,23.9738,24.3573,3414
2023-08-14 08:00:00+00:00,24.3578,24.5018,24.3053,24.4353,1965
2023-08-14 12:00:00+00:00,24.4348,24.5128,24.3303,24.4273,1978
2023-08-14 16:00:00+00:00,24.4178,25.2122,24.2278,25.1078,5257
2023-08-14 20:00:00+00:00,25.1178,25.1208,24.4552,24.8108,5049
2023-08-15 00:00:00+00:00,24.6703,25.2275,24.6703,25.1523,3244
2023-08-15 04:00:00+00:00,25.1573,25.2948,24.8183,24.8978,2697
2023-08-15 08:00:00+00:00,24.8878,24.9878,24.636,24.7678,3427
2023-08-15 12:00:00+00:00,24.7733,24.9778,24.6878,24.6923,3393
2023-08-15 16:00:00+00:00,24.6878,24.9223,24.5741,24.6703,4438
2023-08-15 20:00:00+00:00,24.6753,24.7603,23.5871,23.9673,4271
2023-08-16 00:00:00+00:00,23.6345,23.9778,23.6225,23.8008,3175
2023-08-16 04:00:00+00:00,23.8113,23.9158,23.4393,23.4533,2810
2023-08-16 08:00:00+00:00,23.4508,23.5308,23.2821,23.3728,3393
2023-08-16 12:00:00+00:00,23.3703,23.4928,22.8442,23.2328,4298
2023-08-16 16:00:00+00:00,23.2353,23.2628,22.7729,23.1553,5962
2023-08-16 20:00:00+00:00,23.1578,23.5613,22.3628,22.632,5112
2023-08-17 00:00:00+00:00,22.4766,23.0702,22.1439,23.0572,5686
2023-08-17 04:00:00+00:00,23.0572,23.3603,22.9535,23.1703,4056
2023-08-17 08:00:00+00:00,23.1733,23.3053,22.9279,23.0378,2686
2023-08-17 12:00:00+00:00,23.0383,23.2828,22.854,23.1568,3664
2023-08-17 16:00:00+00:00,23.1543,23.3492,22.4325,22.9672,8663
2023-08-17 20:00:00+00:00,22.9572,23.2562,22.4769,22.6278,5919
2023-08-18 00:00:00+00:00,22.4846,22.6409,18.6858,21.9344,7244
2023-08-18 04:00:00+00:00,21.9344,21.9364,21.2483,21.5028,5239
2023-08-18 08:00:00+00:00,21.5003,22.142,21.4763,22.0772,4811
2023-08-18 12:00:00+00:00,22.0702,22.0978,21.7533,21.8268,4390
2023-08-18 16:00:00+00:00,21.8278,22.0009,21.0126,21.1647,7322
2023-08-18 20:00:00+00:00,21.1647,21.6087,20.8082,21.2628,7260
2023-08-19 00:00:00+00:00,21.2369,21.6071,19.4456,21.5178,2080
2023-08-19 04:00:00+00:00,21.5078,21.5578,21.2848,21.5378,2597
2023-08-19 08:00:00+00:00,21.5403,21.8427,21.3703,21.6878,3162
2023-08-19 12:00:00+00:00,21.6778,21.7423,21.5478,21.6478,1828
2023-08-19 16:00:00+00:00,21.6578,22.1278,21.6078,22.0903,3559
2023-08-19 20:00:00+00:00,22.0878,22.0878,21.6628,21.7078,2975
2023-08-20 00:00:00+00:00,21.5485,21.9078,21.4585,21.8678,1353
2023-08-20 04:00:00+00:00,21.8713,21.9078,21.6428,21.6983,1750
2023-08-20 08:00:00+00:00,21.6888,21.7678,21.5178,21.7413,1614
2023-08-20 12:00:00+00:00,21.7458,21.9778,21.6843,21.8603,1910
2023-08-20 16:00:00+00:00,21.8583,21.9373,21.4875,21.6078,2933
2023-08-20 20:00:00+00:00,21.6028,21.9028,21.5378,21.8578,2042
2023-08-21 00:00:00+00:00,21.6135,21.8203,21.4453,21.5432,1723
2023-08-21 04:00:00+00:00,21.5432,21.5603,21.2778,21.4178,2412
2023-08-21 08:00:00+00:00,21.4078,21.6405,21.1438,21.2498,3126
2023-08-21 12:00:00+00:00,21.2478,21.3003,20.8687,21.0702,3901
2023-08-21 16:00:00+00:00,21.0683,21.3502,20.1555,20.8778,6318
2023-08-21 20:00:00+00:00,20.8813,21.3378,20.8378,21.2673,3485
2023-08-22 00:00:00+00:00,21.2089,21.3565,20.9428,21.1353,1989
2023-08-22 04:00:00+00:00,21.1378,21.1528,20.9153,20.9393,1343
2023-08-22 08:00:00+00:00,20.9453,21.1528,20.8983,21.0178,1863
2023-08-22 12:00:00+00:00,21.0173,21.1178,20.8348,20.9053,1755
2023-08-22 16:00:00+00:00,20.8978,20.9217,20.2928,20.5878,7204
2023-08-22 20:00:00+00:00,20.5978,20.6078,19.9341,20.2003,6016
2023-08-23 00:00:00+00:00,19.1324,20.6423,19.0258,20.4778,4535
2023-08-23 04:00:00+00:00,20.4828,20.7028,20.4103,20.5378,2884
2023-08-23 08:00:00+00:00,20.5428,20.8237,20.4278,20.7278,2606
2023-08-23 12:00:00+00:00,20.7378,20.8778,20.4578,20.4678,3256
2023-08-23 16:00:00+00:00,20.4728,21.2989,20.2767,21.1868,7552
2023-08-23 20:00:00+00:00,21.1848,21.7658,21.1178,21.5303,4655
2023-08-24 00:00:00+00:00,21.5482,21.7578,21.1949,21.7278,2224
2023-08-24 04:00:00+00:00,21.7378,21.9467,21.5583,21.8878,1542
2023-08-24 08:00:00+00:00,21.8978,21.9778,21.5978,21.6778,1624
2023-08-24 12:00:00+00:00,21.6828,21.8628,21.5278,21.5488,2608
2023-08-24 16:00:00+00:00,21.5478,21.6078,20.9528,21.0053,6620
2023-08-24 20:00:00+00:00,21.0043,21.0278,20.601,20.7437,4149
2023-08-25 00:00:00+00:00,20.5663,21.0368,20.5323,20.7178,2088
2023-08-25 04:00:00+00:00,20.7278,20.9248,20.3708,20.4473,3616
2023-08-25 08:00:00+00:00,20.4515,20.6778,20.4098,20.6203,2144
2023-08-25 12:00:00+00:00,20.6178,20.7132,20.5468,20.6282,1801
2023-08-25 16:00:00+00:00,20.6332,20.8147,20.1609,20.2557,5627
2023-08-25 20:00:00+00:00,20.2682,20.3732,19.6589,20.2382,3175
2023-08-26 00:00:00+00:00,20.2337,20.3622,20.1632,20.2462,1426
2023-08-26 04:00:00+00:00,20.2417,20.3682,20.2252,20.3117,1242
2023-08-26 08:00:00+00:00,20.3157,20.3807,20.1492,20.2127,1308
2023-08-26 12:00:00+00:00,20.2177,20.2707,20.1302,20.2027,926
2023-08-26 16:00:00+00:00,20.2107,20.3372,20.1482,20.2082,1065
2023-08-26 20:00:00+00:00,20.1997,20.3182,20.1482,20.2512,882
2023-08-27 00:00:00+00:00,18.7471,20.3357,18.2241,20.2782,547
2023-08-27 04:00:00+00:00,20.2812,20.3182,20.1932,20.2882,943
2023-08-27 08:00:00+00:00,20.2912,20.5532,20.2707,20.4707,1175
2023-08-27 12:00:00+00:00,20.4782,20.6837,20.4247,20.5907,1596
2023-08-27 16:00:00+00:00,20.5917,20.8632,20.5742,20.7062,2444
2023-08-27 20:00:00+00:00,20.7087,20.7482,20.5057,20.6822,1699
2023-08-28 00:00:00+00:00,20.5857,20.7837,20.0587,20.5187,1589
2023-08-28 04:00:00+00:00,20.5182,20.540399999999998,20.3632,20.4362,1997
2023-08-28 08:00:00+00:00,20.4182,20.4522,20.1319,20.1897,2132
2023-08-28 12:00:00+00:00,20.1942,20.7319,19.9416,20.5607,2207
2023-08-28 16:00:00+00:00,20.5682,20.6182,20.3982,20.5382,4154
2023-08-28 20:00:00+00:00,20.5477,20.6477,20.2967,20.3782,2293
2023-08-29 00:00:00+00:00,20.302599999999998,20.6182,19.2738,20.5682,1702
2023-08-29 04:00:00+00:00,20.5707,20.7082,20.3832,20.3907,1891
2023-08-29 08:00:00+00:00,20.3882,20.4262,20.1747,20.2507,2616
2023-08-29 12:00:00+00:00,20.2482,20.2882,20.0682,20.2157,2260
2023-08-29 16:00:00+00:00,20.2207,21.9409,20.1382,21.6667,9663
2023-08-29 20:00:00+00:00,21.6677,21.9221,21.4751,21.6888,6312
2023-08-30 00:00:00+00:00,21.6462,21.9532,21.6257,21.6282,3832
2023-08-30 04:00:00+00:00,21.6257,21.6882,21.2582,21.6582,2823
2023-08-30 08:00:00+00:00,21.6532,21.7082,21.5082,21.6177,1595
2023-08-30 12:00:00+00:00,21.622700000000002,21.6282,21.2886,21.3682,2687
2023-08-30 16:00:00+00:00,21.3597,21.4632,20.5531,20.6206,6485
2023-08-30 20:00:00+00:00,20.6306,20.8081,20.5681,20.7381,2360
2023-08-31 00:00:00+00:00,20.6767,20.8481,20.5981,20.6381,1343
2023-08-31 04:00:00+00:00,20.6281,20.6881,20.5681,20.6646,1143
2023-08-31 08:00:00+00:00,20.6596,20.7921,20.5881,20.7561,1304
2023-08-31 12:00:00+00:00,20.7566,21.0181,20.6301,20.7481,2543
2023-08-31 16:00:00+00:00,20.7506,20.7581,19.5285,19.5855,5732
2023-08-31 20:00:00+00:00,19.5955,19.9677,19.2797,19.5281,4737
2023-09-01 00:00:00+00:00,19.5882,19.8781,18.6732,19.8256,2515
2023-09-01 04:00:00+00:00,19.8271,19.8771,19.6971,19.8096,1386
2023-09-01 08:00:00+00:00,19.8031,19.8726,19.6876,19.7456,1331
2023-09-01 12:00:00+00:00,19.7481,19.8781,19.7086,19.7681,1514
2023-09-01 16:00:00+00:00,19.7591,19.7681,19.227899999999998,19.2581,5973
2023-09-01 20:00:00+00:00,19.2631,19.4483,18.6305,19.2731,4752
2023-09-02 00:00:00+00:00,19.2271,19.3906,19.1526,19.3381,1275
2023-09-02 04:00:00+00:00,19.3281,19.5966,19.3081,19.5031,1534
2023-09-02 08:00:00+00:00,19.5081,19.5951,19.3881,19.4681,1597
2023-09-02 12:00:00+00:00,19.4631,19.5996,19.4481,19.5081,1268
2023-09-02 16:00:00+00:00,19.4931,19.6421,19.3181,19.4221,2596
2023-09-02 20:00:00+00:00,19.4226,19.4376,19.0646,19.4181,2958
2023-09-03 00:00:00+00:00,19.4017,19.5511,19.3961,19.5456,1179
2023-09-03 04:00:00+00:00,19.5466,19.6146,19.4381,19.4681,1150
2023-09-03 08:00:00+00:00,19.4701,19.5671,19.3451,19.3881,1167
2023-09-03 12:00:00+00:00,19.3826,19.5126,19.2691,19.3234,1422
2023-09-03 16:00:00+00:00,19.3234,19.3986,19.1856,19.2881,2095
2023-09-03 20:00:00+00:00,19.2901,19.564,19.2641,19.5106,2113
2023-09-04 00:00:00+00:00,18.3939,19.8043,18.3939,19.6781,1597
2023-09-04 04:00:00+00:00,19.6831,19.9804,19.5881,19.7561,2071
2023-09-04 08:00:00+00:00,19.7491,19.8196,19.5771,19.7506,1839
2023-09-04 12:00:00+00:00,19.7531,19.8081,19.3481,19.3776,2605
2023-09-04 16:00:00+00:00,19.3771,19.5831,19.1583,19.3608,5033
2023-09-04 20:00:00+00:00,19.3593,19.4807,19.2683,19.3608,3102
2023-09-05 00:00:00+00:00,18.6429,19.4933,18.6429,19.2788,3630
2023-09-05 04:00:00+00:00,19.2783,19.3613,18.9637,19.2293,2740
2023-09-05 08:00:00+00:00,19.2298,19.4058,19.1583,19.3158,1880
2023-09-05 12:00:00+00:00,19.3223,19.6722,19.2943,19.6268,2393
2023-09-05 16:00:00+00:00,19.6283,20.5332,19.5293,20.2635,5831
2023-09-05 20:00:00+00:00,20.2285,20.3882,20.0183,20.1283,2938
2023-09-06 00:00:00+00:00,20.0088,20.3328,20.0088,20.1393,2033
2023-09-06 04:00:00+00:00,20.1308,20.2808,19.9433,19.9873,2404
2023-09-06 08:00:00+00:00,19.9878,20.0223,19.6207,19.7283,2475
2023-09-06 12:00:00+00:00,19.7308,19.8058,19.6433,19.7468,2039
2023-09-06 16:00:00+00:00,19.7473,19.7583,19.0745,19.2807,5015
2023-09-06 20:00:00+00:00,19.2797,19.7759,19.0696,19.4947,3898
2023-09-07 00:00:00+00:00,19.4025,19.6182,18.5811,19.5582,1275
2023-09-07 04:00:00+00:00,19.5632,19.7682,19.5132,19.6602,1930
2023-09-07 08:00:00+00:00,19.6627,19.685200000000002,19.4073,19.4813,1587
2023-09-07 12:00:00+00:00,19.4758,19.5438,19.3078,19.3683,1694
2023-09-07 16:00:00+00:00,19.3583,19.6883,19.2698,19.5583,3088
2023-09-07 20:00:00+00:00,19.5633,19.7083,19.4803,19.6958,2061
2023-09-08 00:00:00+00:00,19.6304,20.2357,19.6304,20.1357,3319
2023-09-08 04:00:00+00:00,20.1457,20.1757,19.8528,19.9883,2127
2023-09-08 08:00:00+00:00,19.9858,20.0138,19.6783,19.6983,1927
2023-09-08 12:00:00+00:00,19.6883,19.6933,19.282,19.5583,2979
2023-09-08 16:00:00+00:00,19.5588,19.6433,19.3328,19.4478,2733
2023-09-08 20:00:00+00:00,19.4458,19.5283,19.3713,19.5208,1306
2023-09-09 00:00:00+00:00,19.4868,19.5878,19.4098,19.4383,735
2023-09-09 04:00:00+00:00,19.4483,19.5538,19.4398,19.5058,956
2023-09-09 08:00:00+00:00,19.5068,19.5328,19.3983,19.4383,921
2023-09-09 12:00:00+00:00,19.4363,19.535800000000002,19.4283,19.4768,567
2023-09-09 16:00:00+00:00,19.4698,19.5333,19.0978,19.4843,958
2023-09-09 20:00:00+00:00,19.4828,19.5078,19.3288,19.3813,750
2023-09-10 00:00:00+00:00,19.3125,19.4868,19.1354,19.3233,957
2023-09-10 04:00:00+00:00,19.3223,19.3223,17.6949,18.3308,2933
2023-09-10 08:00:00+00:00,18.3201,18.6058,18.1247,18.3008,2930
2023-09-10 12:00:00+00:00,18.2958,18.4127,18.1832,18.3543,2570
2023-09-10 16:00:00+00:00,18.3533,18.3758,17.6797,18.0152,4047
2023-09-10 20:00:00+00:00,18.0302,18.4782,17.7378,18.3158,3961
2023-09-11 00:00:00+00:00,18.2388,18.540399999999998,17.9244,18.0168,2545
2023-09-11 04:00:00+00:00,18.0143,18.4058,17.9503,18.1553,2988
2023-09-11 08:00:00+00:00,18.1558,18.3753,17.8833,17.9653,3134
2023-09-11 12:00:00+00:00,17.9648,18.0408,17.2727,17.7833,4723
2023-09-11 16:00:00+00:00,17.7868,17.9407,17.2703,17.6623,7068
2023-09-11 20:00:00+00:00,17.6643,17.7413,17.1827,17.5482,4176
2023-09-12 00:00:00+00:00,16.2319,17.8368,16.2319,17.7683,3023
2023-09-12 04:00:00+00:00,17.7682,18.4417,17.5212,17.9958,4891
2023-09-12 08:00:00+00:00,17.9893,18.043,17.8083,17.8955,3523
2023-09-12 12:00:00+00:00,17.8935,18.7014,17.8835,18.091,4897
2023-09-12 16:00:00+00:00,18.0885,18.265,17.812,17.8869,5654
2023-09-12 20:00:00+00:00,17.8819,18.0099,17.6428,17.841,3826
2023-09-13 00:00:00+00:00,17.8507,18.1285,17.8052,18.051,3534
2023-09-13 04:00:00+00:00,18.0435,18.111,17.7175,17.8545,2777
2023-09-13 08:00:00+00:00,17.851,18.4957,17.651,18.149,3684
2023-09-13 12:00:00+00:00,18.1515,18.2395,17.8921,18.095,4306
2023-09-13 16:00:00+00:00,18.0975,18.496,17.9205,18.3575,5385
2023-09-13 20:00:00+00:00,18.3595,18.413,17.8087,18.331,4084
2023-09-14 00:00:00+00:00,18.3418,19.2087,18.2587,19.1989,3096
2023-09-14 04:00:00+00:00,19.1989,19.2551,18.6264,18.6724,3851
2023-09-14 08:00:00+00:00,18.6734,18.8499,18.5709,18.6899,3343
2023-09-14 12:00:00+00:00,18.6944,18.8934,18.4711,18.8209,3789
2023-09-14 16:00:00+00:00,18.8184,19.1365,18.7771,19.0269,5326
2023-09-14 20:00:00+00:00,19.0219,19.0784,18.8288,18.8784,3438
2023-09-15 00:00:00+00:00,18.8724,18.9598,18.7283,18.7628,2656
2023-09-15 04:00:00+00:00,18.7583,19.1973,18.6758,19.1298,3032
2023-09-15 08:00:00+00:00,19.1193,19.2458,18.9833,19.1623,2935
2023-09-15 12:00:00+00:00,19.1648,19.1923,18.8218,18.8708,3055
2023-09-15 16:00:00+00:00,18.8608,18.9648,18.6783,18.8183,3443
2023-09-15 20:00:00+00:00,18.8178,18.8178,18.5028,18.6473,2175
2023-09-16 00:00:00+00:00,18.7358,19.4157,18.7328,19.0888,2968
2023-09-16 04:00:00+00:00,19.0973,19.4058,19.0158,19.2768,3537
2023-09-16 08:00:00+00:00,19.2793,19.3328,18.9858,19.0778,2185
2023-09-16 12:00:00+00:00,19.0728,19.2021,19.0031,19.1163,1627
2023-09-16 16:00:00+00:00,19.1233,19.1363,18.8188,18.9723,2289
2023-09-16 20:00:00+00:00,18.9633,19.0893,18.8863,18.9983,1618
2023-09-17 00:00:00+00:00,17.272100000000002,19.1013,17.272100000000002,18.8383,1810
2023-09-17 04:00:00+00:00,18.8233,19.0078,18.6964,18.9928,2260
2023-09-17 08:00:00+00:00,18.9963,19.0093,18.8373,18.9283,1385
2023-09-17 12:00:00+00:00,18.9303,19.0718,18.9063,19.0198,1928
2023-09-17 16:00:00+00:00,19.0223,19.0288,18.8298,18.8653,1764
2023-09-17 20:00:00+00:00,18.8693,18.9018,18.5826,18.6648,2207
2023-09-18 00:00:00+00:00,18.6293,18.8108,18.5409,18.6283,2249
2023-09-18 04:00:00+00:00,18.6333,19.2543,18.5533,19.0108,4637
2023-09-18 08:00:00+00:00,19.0143,19.1533,18.9538,19.1098,3293
2023-09-18 12:00:00+00:00,19.1133,19.9048,19.1083,19.8683,5368
2023-09-18 16:00:00+00:00,19.8708,20.1052,19.6433,19.9183,5844
2023-09-18 20:00:00+00:00,19.9208,20.0083,19.4608,19.6884,5430
2023-09-19 00:00:00+00:00,19.5657,19.8403,19.008,19.6344,2670
2023-09-19 04:00:00+00:00,19.6324,19.9484,19.6194,19.8564,2781
2023-09-19 08:00:00+00:00,19.8614,20.161,19.7074,20.1215,2100
2023-09-19 12:00:00+00:00,20.1115,20.3319,19.8904,19.9484,6551
2023-09-19 16:00:00+00:00,19.9519,20.1202,19.7664,20.0239,5709
2023-09-19 20:00:00+00:00,20.0309,20.0324,19.7958,19.8858,3303
2023-09-20 00:00:00+00:00,19.8084,20.0798,19.7654,19.9583,2768
2023-09-20 04:00:00+00:00,19.9483,20.1832,19.8128,19.8383,3487
2023-09-20 08:00:00+00:00,19.8358,20.1038,19.7533,20.0783,3332
2023-09-20 12:00:00+00:00,20.0833,20.1283,19.8164,19.9343,4945
2023-09-20 16:00:00+00:00,19.9373,20.3281,19.8788,20.1083,5094
2023-09-20 20:00:00+00:00,20.1133,20.4796,19.8206,20.2383,6908
2023-09-21 00:00:00+00:00,20.1792,20.4193,20.0973,20.1093,3394
2023-09-21 04:00:00+00:00,20.1118,20.1473,19.8828,20.0483,3344
2023-09-21 08:00:00+00:00,20.0458,20.0483,19.7183,19.8298,3450
2023-09-21 12:00:00+00:00,19.8263,19.8723,19.4433,19.5688,4890
2023-09-21 16:00:00+00:00,19.5643,19.5908,19.1922,19.4973,4657
2023-09-21 20:00:00+00:00,19.4913,19.6583,19.3983,19.5563,2583
2023-09-22 00:00:00+00:00,19.4856,19.5643,19.1833,19.4373,2362
2023-09-22 04:00:00+00:00,19.4368,19.6758,19.3208,19.6208,2683
2023-09-22 08:00:00+00:00,19.6213,19.7425,19.4848,19.6688,2367
2023-09-22 12:00:00+00:00,19.6738,19.7043,19.5183,19.5278,2746
2023-09-22 16:00:00+00:00,19.5263,19.5828,19.2508,19.3343,5334
2023-09-22 20:00:00+00:00,19.3308,19.4573,19.2558,19.2898,2709
2023-09-23 00:00:00+00:00,19.3108,19.5328,19.2913,19.4158,1949
2023-09-23 04:00:00+00:00,19.4083,19.4883,19.2383,19.3898,2147
2023-09-23 08:00:00+00:00,19.3923,19.4988,19.3558,19.4208,1146
2023-09-23 12:00:00+00:00,19.4183,19.4883,19.3608,19.3938,1106
2023-09-23 16:00:00+00:00,19.3933,19.4063,19.2413,19.3488,1425
2023-09-23 20:00:00+00:00,19.3463,19.4483,19.3183,19.3993,1031
2023-09-24 00:00:00+00:00,19.3257,19.5318,19.2879,19.4573,1038
2023-09-24 04:00:00+00:00,19.4593,19.6083,19.4218,19.5123,1327
2023-09-24 08:00:00+00:00,19.5113,19.6358,19.4533,19.5783,1106
2023-09-24 12:00:00+00:00,19.5883,19.6083,19.4983,19.5688,1197
2023-09-24 16:00:00+00:00,19.5743,19.5928,19.3903,19.4573,1224
2023-09-24 20:00:00+00:00,19.4668,19.6148,19.3158,19.4283,2895
2023-09-25 00:00:00+00:00,19.3522,19.4868,19.0219,19.3883,2601
2023-09-25 04:00:00+00:00,19.3737,19.5523,19.2828,19.4398,2134
2023-09-25 08:00:00+00:00,19.4418,19.4623,19.2883,19.4083,2029
2023-09-25 12:00:00+00:00,19.4098,19.5483,19.3583,19.4443,2394
2023-09-25 16:00:00+00:00,19.4483,19.6908,19.3983,19.5378,3672
2023-09-25 20:00:00+00:00,19.5428,19.598300000000002,19.3993,19.4083,1760
2023-09-26 00:00:00+00:00,19.3229,19.4073,19.2393,19.2783,885
2023-09-26 04:00:00+00:00,19.2713,19.4733,19.2343,19.3968,1662
2023-09-26 08:00:00+00:00,19.3943,19.3983,19.2603,19.3078,1017
2023-09-26 12:00:00+00:00,19.2883,19.3883,19.1898,19.2188,1527
2023-09-26 16:00:00+00:00,19.2133,19.2723,19.0613,19.1683,1837
2023-09-26 20:00:00+00:00,19.1758,19.2083,19.0583,19.1083,997
2023-09-27 00:00:00+00:00,19.0573,19.0718,18.589199999999998,19.0408,1529
2023-09-27 04:00:00+00:00,19.0383,19.0683,18.8603,18.8688,882
2023-09-27 08:00:00+00:00,18.8583,18.9188,18.8068,18.8283,762
2023-09-27 12:00:00+00:00,18.8413,19.4133,18.8283,19.2693,3619
2023-09-27 16:00:00+00:00,19.2783,19.3783,18.7025,18.8983,4079
2023-09-27 20:00:00+00:00,18.8883,18.9783,18.6672,18.9008,2684
2023-09-28 00:00:00+00:00,17.2333,19.2703,17.1601,19.2553,2622
2023-09-28 04:00:00+00:00,19.2563,19.3718,19.1183,19.1783,1865
2023-09-28 08:00:00+00:00,19.1883,19.2183,19.0583,19.1108,908
2023-09-28 12:00:00+00:00,19.1103,19.2418,19.0683,19.1208,1396
2023-09-28 16:00:00+00:00,19.1278,19.6327,19.1083,19.4638,4619
2023-09-28 20:00:00+00:00,19.4623,19.7333,19.3923,19.6673,2860
2023-09-29 00:00:00+00:00,19.5639,19.9938,19.5064,19.8933,2485
2023-09-29 04:00:00+00:00,19.8948,20.2888,19.8683,20.1783,3255
2023-09-29 08:00:00+00:00,20.1883,20.3178,20.0083,20.0873,2913
2023-09-29 12:00:00+00:00,20.0878,20.1878,19.9808,20.1288,2820
2023-09-29 16:00:00+00:00,20.1383,20.3853,19.9721,20.1478,3938
2023-09-29 20:00:00+00:00,20.1428,20.2783,20.0308,20.2083,1977
2023-09-30 00:00:00+00:00,20.0942,20.4023,20.0862,20.3483,1534
2023-09-30 04:00:00+00:00,20.3523,20.3523,20.0983,20.1023,1318
2023-09-30 08:00:00+00:00,20.1083,20.3383,20.0283,20.2608,1089
2023-09-30 12:00:00+00:00,20.2633,20.5973,20.2183,20.4897,1441
2023-09-30 16:00:00+00:00,20.4677,21.7207,20.4677,21.4983,6622
2023-09-30 20:00:00+00:00,21.4833,21.6483,21.2223,21.3178,3575
2023-10-01 00:00:00+00:00,21.2135,21.4123,21.1575,21.2908,1980
2023-10-01 04:00:00+00:00,21.3008,21.3883,21.0883,21.2183,1698
2023-10-01 08:00:00+00:00,21.2233,21.5208,21.1833,21.4678,1853
2023-10-01 12:00:00+00:00,21.4693,23.9463,21.4448,23.101,4574
2023-10-01 16:00:00+00:00,23.1012,23.402,22.5285,22.598,6170
2023-10-01 20:00:00+00:00,22.533,22.8745,22.323,22.7483,3264
2023-10-02 00:00:00+00:00,22.5797,24.4237,22.4079,23.7183,5803
2023-10-02 04:00:00+00:00,23.7083,24.293,23.522,24.1613,5215
2023-10-02 08:00:00+00:00,24.1608,24.6995,23.924,24.0816,6389
2023-10-02 12:00:00+00:00,24.0816,24.1983,23.6903,24.0383,4333
2023-10-02 16:00:00+00:00,24.0533,24.4307,23.5381,24.015,8774
2023-10-02 20:00:00+00:00,24.015,24.1343,22.8658,23.4163,5624
2023-10-03 00:00:00+00:00,22.651,23.4767,22.6215,23.4083,5050
2023-10-03 04:00:00+00:00,23.3969,23.709,23.2783,23.6398,3760
2023-10-03 08:00:00+00:00,23.6333,24.207,23.5283,24.0049,4799
2023-10-03 12:00:00+00:00,24.0059,24.3955,23.7151,24.0779,7513
2023-10-03 16:00:00+00:00,24.0679,24.6913,23.7178,24.1289,8443
2023-10-03 20:00:00+00:00,24.1419,24.2894,23.3341,23.5359,5675
2023-10-04 00:00:00+00:00,23.5126,23.6804,22.9191,23.0811,5277
2023-10-04 04:00:00+00:00,23.0794,23.3441,22.7265,23.0479,5327
2023-10-04 08:00:00+00:00,23.0379,23.6379,22.7399,23.4568,5517
2023-10-04 12:00:00+00:00,23.4478,23.7953,23.3598,23.4574,5956
2023-10-04 16:00:00+00:00,23.4599,23.4659,22.5163,22.8289,8005
2023-10-04 20:00:00+00:00,22.8274,23.208,22.7574,23.0179,5560
2023-10-05 00:00:00+00:00,21.9217,23.6778,21.9217,23.5464,3593
2023-10-05 04:00:00+00:00,23.5464,23.6074,23.1129,23.3409,4110
2023-10-05 08:00:00+00:00,23.3404,23.3769,22.783,22.9334,3803
2023-10-05 12:00:00+00:00,22.9324,23.3141,22.8879,23.1779,4113
2023-10-05 16:00:00+00:00,23.1754,23.5198,22.4998,22.8499,7442
2023-10-05 20:00:00+00:00,22.8379,22.8829,22.4733,22.7934,5268
2023-10-06 00:00:00+00:00,22.572400000000002,22.9632,22.5175,22.8989,3778
2023-10-06 04:00:00+00:00,22.9009,23.2923,22.8749,23.0979,3876
2023-10-06 08:00:00+00:00,23.0974,23.4054,22.9104,23.2859,4363
2023-10-06 12:00:00+00:00,23.2869,23.5065,22.629,22.7486,4779
2023-10-06 16:00:00+00:00,22.7486,23.6529,22.6913,23.3729,5956
2023-10-06 20:00:00+00:00,23.3779,23.7254,23.3079,23.4079,4821
2023-10-07 00:00:00+00:00,23.523,23.6455,23.3037,23.5423,1829
2023-10-07 04:00:00+00:00,23.5463,24.124,23.3494,23.8454,3922
2023-10-07 08:00:00+00:00,23.8444,23.9039,23.4099,23.6834,4625
2023-10-07 12:00:00+00:00,23.6829,23.6889,23.3404,23.4794,3345
2023-10-07 16:00:00+00:00,23.4754,23.5519,23.2679,23.3364,3353
2023-10-07 20:00:00+00:00,23.3279,23.3579,23.0584,23.2479,2790
2023-10-08 00:00:00+00:00,23.1399,23.3669,23.1289,23.3489,1654
2023-10-08 04:00:00+00:00,23.3534,23.6079,23.1473,23.3629,3804
2023-10-08 08:00:00+00:00,23.3579,23.4558,23.1679,23.3949,3341
2023-10-08 12:00:00+00:00,23.3979,23.5129,23.0806,23.1375,3191
2023-10-08 16:00:00+00:00,23.1315,23.5354,22.994,23.3874,4865
2023-10-08 20:00:00+00:00,23.3829,23.4314,23.227899999999998,23.3804,2294
2023-10-09 00:00:00+00:00,23.3364,23.4004,23.0549,23.1294,3331
2023-10-09 04:00:00+00:00,23.1279,23.3414,23.0629,23.2879,2665
2023-10-09 08:00:00+00:00,23.2779,23.3329,22.6943,22.8674,2458
2023-10-09 12:00:00+00:00,22.8654,22.9009,21.8845,22.1454,6395
2023-10-09 16:00:00+00:00,22.1479,22.3579,21.5329,21.9939,5053
2023-10-09 20:00:00+00:00,21.9939,22.389,21.8369,22.0594,5918
2023-10-10 00:00:00+00:00,22.0107,22.1744,21.8663,21.9234,3039
2023-10-10 04:00:00+00:00,21.9214,22.2106,21.8589,22.0424,3591
2023-10-10 08:00:00+00:00,22.0474,22.4179,22.0129,22.2479,2463
2023-10-10 12:00:00+00:00,22.2504,22.3329,21.9803,22.0381,2538
2023-10-10 16:00:00+00:00,22.0431,22.43,21.7755,21.8681,4960
2023-10-10 20:00:00+00:00,21.8631,22.0416,21.6538,21.9533,4985
2023-10-11 00:00:00+00:00,21.8203,22.2431,21.651,22.2211,1743
2023-10-11 04:00:00+00:00,22.2181,22.3081,21.6478,22.2281,3686
2023-10-11 08:00:00+00:00,22.2256,22.3216,21.9322,22.1591,4432
2023-10-11 12:00:00+00:00,22.1596,22.3766,22.0131,22.1156,4722
2023-10-11 16:00:00+00:00,22.1181,22.2861,21.7076,21.7731,5932
2023-10-11 20:00:00+00:00,21.7691,21.8981,21.5641,21.7516,7224
2023-10-12 00:00:00+00:00,21.5614,21.9931,21.5614,21.8146,3146
2023-10-12 04:00:00+00:00,21.8156,21.8276,21.3681,21.6636,4098
2023-10-12 08:00:00+00:00,21.6581,21.7931,21.2614,21.3714,3202
2023-10-12 12:00:00+00:00,21.3714,21.4937,21.0973,21.3576,4860
2023-10-12 16:00:00+00:00,21.3581,21.4171,20.8951,21.1081,5207
2023-10-12 20:00:00+00:00,21.1076,21.3221,20.9605,21.1781,3721
2023-10-13 00:00:00+00:00,21.0513,21.4146,20.9715,21.3856,2404
2023-10-13 04:00:00+00:00,21.3881,21.4106,21.0681,21.1416,1950
2023-10-13 08:00:00+00:00,21.1381,21.4446,21.1156,21.3151,1984
2023-10-13 12:00:00+00:00,21.3146,21.5681,21.2586,21.5206,2664
2023-10-13 16:00:00+00:00,21.5196,21.5821,21.3086,21.5516,3149
2023-10-13 20:00:00+00:00,21.5506,21.973300000000002,21.4601,21.8303,3094
2023-10-14 00:00:00+00:00,21.311,22.0849,21.311,22.0181,2380
2023-10-14 04:00:00+00:00,22.0206,22.2231,21.8631,22.0206,1285
2023-10-14 08:00:00+00:00,22.0223,22.2427,21.9071,22.1331,2107
2023-10-14 12:00:00+00:00,22.1356,22.2251,21.8281,21.8816,2088
2023-10-14 16:00:00+00:00,21.8791,22.0881,21.8436,22.0581,1886
2023-10-14 20:00:00+00:00,22.0521,22.0981,21.9781,21.9976,979
2023-10-15 00:00:00+00:00,22.0033,22.0866,21.8095,21.8966,1489
2023-10-15 04:00:00+00:00,21.8961,22.1695,21.8418,21.9441,1676
2023-10-15 08:00:00+00:00,21.9436,22.0471,21.8679,22.0471,1096
2023-10-15 12:00:00+00:00,22.0626,22.1171,21.7315,21.8661,1662
2023-10-15 16:00:00+00:00,21.7811,21.9349,21.6317,21.8926,1735
2023-10-15 20:00:00+00:00,21.8896,22.0524,21.838,22.0515,1478
2023-10-16 00:00:00+00:00,21.9364,22.1039,21.6448,21.9716,1079
2023-10-16 04:00:00+00:00,21.9651,22.2382,21.9646,22.1541,556
2023-10-16 08:00:00+00:00,22.1551,23.0085,22.1546,22.756,2828
2023-10-16 12:00:00+00:00,22.756,23.4284,22.5993,23.3607,2612
2023-10-16 16:00:00+00:00,23.3697,24.6747,22.8213,23.1971,7636
2023-10-16 20:00:00+00:00,23.1976,24.1317,23.1971,23.8455,6944
2023-10-17 00:00:00+00:00,23.7314,24.2605,23.3794,23.7854,4108
2023-10-17 04:00:00+00:00,23.7854,24.3543,23.7854,24.0681,4528
2023-10-17 08:00:00+00:00,24.0706,24.497,23.7156,24.4181,6252
2023-10-17 12:00:00+00:00,24.4085,24.490099999999998,23.8347,23.8579,6616
2023-10-17 16:00:00+00:00,23.8618,24.1979,23.3872,24.1859,8050
2023-10-17 20:00:00+00:00,24.1844,24.3409,23.685,24.0879,4929
2023-10-18 00:00:00+00:00,23.1722,24.2053,23.1722,23.9479,2677
2023-10-18 04:00:00+00:00,23.947400000000002,24.3464,23.7969,24.1423,4342
2023-10-18 08:00:00+00:00,24.1523,24.3184,23.8379,24.0129,5588
2023-10-18 12:00:00+00:00,24.0144,24.1139,23.7229,23.7779,4254
2023-10-18 16:00:00+00:00,23.7629,23.8479,23.5518,23.6179,6256
2023-10-18 20:00:00+00:00,23.6154,23.7579,23.5032,23.6774,4062
2023-10-19 00:00:00+00:00,23.6297,23.676,23.318,23.4879,2625
2023-10-19 04:00:00+00:00,23.4966,23.6548,23.0632,23.6079,3288
2023-10-19 08:00:00+00:00,23.602899999999998,23.8679,23.5879,23.7604,3505
2023-10-19 12:00:00+00:00,23.759900000000002,24.4198,23.6979,24.1269,6277
2023-10-19 16:00:00+00:00,24.1264,25.6059,24.0963,24.9623,9078
2023-10-19 20:00:00+00:00,24.9673,25.2749,24.6303,25.0085,6396
2023-10-20 00:00:00+00:00,24.8958,25.1133,24.6385,24.7679,4734
2023-10-20 04:00:00+00:00,24.7629,26.0818,24.6979,26.0539,7851
2023-10-20 08:00:00+00:00,26.0579,27.0449,25.9569,26.9022,6034
2023-10-20 12:00:00+00:00,26.9072,27.4251,26.5596,26.7286,10440
2023-10-20 16:00:00+00:00,26.7286,27.1028,26.3897,26.4579,10610
2023-10-20 20:00:00+00:00,26.459600000000002,27.0222,26.2761,26.8579,7786
2023-10-21 00:00:00+00:00,26.822400000000002,27.3069,26.7589,26.8564,3646
2023-10-21 04:00:00+00:00,26.8559,26.8914,26.6162,26.6884,4321
2023-10-21 08:00:00+00:00,26.6909,28.3254,26.6326,28.107,5176
2023-10-21 12:00:00+00:00,28.1064,29.7973,27.9016,29.0708,5486
2023-10-21 16:00:00+00:00,29.0708,29.1926,28.5527,29.0462,7662
2023-10-21 20:00:00+00:00,29.0462,29.9941,29.0092,29.5913,7613
2023-10-22 00:00:00+00:00,28.3934,30.2581,28.3934,29.2873,5588
2023-10-22 04:00:00+00:00,29.2883,29.8682,29.1839,29.7351,4547
2023-10-22 08:00:00+00:00,29.740099999999998,29.9943,28.0649,28.3986,5318
2023-10-22 12:00:00+00:00,28.3986,28.7853,27.9456,28.5429,4998
2023-10-22 16:00:00+00:00,28.5429,28.9179,28.3202,28.9064,1687
2023-10-22 20:00:00+00:00,28.9069,29.1961,28.6642,29.0774,1973
2023-10-23 00:00:00+00:00,28.8581,29.3305,28.4127,29.2192,5475
2023-10-23 04:00:00+00:00,29.2142,31.2081,29.0976,31.0448,12873
2023-10-23 08:00:00+00:00,31.0448,31.2852,29.7528,30.2398,11425
2023-10-23 12:00:00+00:00,30.2448,30.2448,29.252,29.5519,10409
2023-10-23 16:00:00+00:00,29.5514,29.7021,28.7562,29.4963,11329
2023-10-23 20:00:00+00:00,29.4863,30.2528,28.8891,29.7498,12784
2023-10-24 00:00:00+00:00,29.6666,32.6186,29.5347,31.7512,13011
2023-10-24 04:00:00+00:00,31.7512,32.4253,31.1593,31.3464,14187
2023-10-24 08:00:00+00:00,31.3456,31.6848,30.5452,31.4382,12857
2023-10-24 12:00:00+00:00,31.4402,32.2529,31.3095,31.8131,13337
2023-10-24 16:00:00+00:00,31.8131,32.4648,30.11,30.5843,15167
2023-10-24 20:00:00+00:00,30.5803,30.8689,29.9459,30.0599,11674
2023-10-25 00:00:00+00:00,28.9181,30.7632,28.6321,30.7315,9389
2023-10-25 04:00:00+00:00,30.7215,32.1134,30.660800000000002,31.4494,13065
2023-10-25 08:00:00+00:00,31.4494,31.7648,30.5668,31.2321,11830
2023-10-25 12:00:00+00:00,31.2321,33.7243,31.1121,33.2126,14496
2023-10-25 16:00:00+00:00,33.2126,33.6054,32.2493,32.2788,16683
2023-10-25 20:00:00+00:00,32.2888,33.2273,32.2068,32.3868,12295
2023-10-26 00:00:00+00:00,32.4089,32.6006,31.5762,32.3226,7973
2023-10-26 04:00:00+00:00,32.3066,32.8568,31.9913,32.7238,11148
2023-10-26 08:00:00+00:00,32.7138,33.1755,31.9674,32.3902,8719
2023-10-26 12:00:00+00:00,32.3902,32.4386,31.5231,32.2121,11613
2023-10-26 16:00:00+00:00,32.2111,32.335,30.6438,30.7346,11286
2023-10-26 20:00:00+00:00,30.7371,32.4753,30.6468,32.3846,8978
2023-10-27 00:00:00+00:00,32.1786,33.1906,31.9176,32.4127,5711
2023-10-27 04:00:00+00:00,32.4127,32.7644,31.7449,32.3445,7278
2023-10-27 08:00:00+00:00,32.3445,32.8354,32.0574,32.5133,5774
2023-10-27 12:00:00+00:00,32.5133,33.2475,32.2458,32.8722,7200
2023-10-27 16:00:00+00:00,32.8672,33.0718,31.683,31.828,7171
2023-10-27 20:00:00+00:00,31.828,32.23,31.114,32.0871,6769
2023-10-28 00:00:00+00:00,31.7635,32.0005,31.4105,31.7781,3370
2023-10-28 04:00:00+00:00,31.7806,32.3236,31.6446,32.1866,5165
2023-10-28 08:00:00+00:00,32.1846,32.4451,32.0282,32.2196,5849
2023-10-28 12:00:00+00:00,32.2201,32.4408,31.6696,31.699,5027
2023-10-28 16:00:00+00:00,31.699,32.0557,31.5966,31.7786,5084
2023-10-28 20:00:00+00:00,31.7781,31.834600000000002,31.4621,31.7471,4845
2023-10-29 00:00:00+00:00,31.7095,31.9501,31.2642,31.625,4925
2023-10-29 04:00:00+00:00,31.625,31.7905,31.2102,31.7606,6556
2023-10-29 08:00:00+00:00,31.7621,32.3306,31.7446,32.3031,6359
2023-10-29 12:00:00+00:00,32.3041,32.4698,32.0996,32.4211,6503
2023-10-29 16:00:00+00:00,32.4303,32.9395,32.1968,32.6596,5437
2023-10-29 20:00:00+00:00,32.6591,33.1256,32.6256,32.7971,9129
2023-10-30 00:00:00+00:00,32.5927,32.9865,32.4533,32.5491,5241
2023-10-30 04:00:00+00:00,32.5441,33.02,32.5036,32.7051,7141
2023-10-30 08:00:00+00:00,32.7026,34.0608,32.317,33.7855,8275
2023-10-30 12:00:00+00:00,33.7855,35.2731,33.7855,34.707300000000004,12880
2023-10-30 16:00:00+00:00,34.7113,35.1003,34.5047,34.8471,11086
2023-10-30 20:00:00+00:00,34.848,34.9721,34.1981,34.7711,9213
2023-10-31 00:00:00+00:00,34.7701,36.0753,34.6615,35.797,6784
2023-10-31 04:00:00+00:00,35.8,36.3878,35.516,35.8935,9994
2023-10-31 08:00:00+00:00,35.8896,36.5303,35.5911,36.2364,11043
2023-10-31 12:00:00+00:00,36.2364,36.8521,35.9152,36.0466,11223
2023-10-31 16:00:00+00:00,36.0466,36.4018,35.5288,36.2239,12091
2023-10-31 20:00:00+00:00,36.2113,37.3793,35.7837,36.9877,8816
2023-11-01 00:00:00+00:00,36.7417,38.685,36.7417,38.5638,8617
2023-11-01 04:00:00+00:00,38.5638,38.7279,37.8772,38.3459,9813
2023-11-01 08:00:00+00:00,38.3559,39.2735,37.7991,38.5691,9725
2023-11-01 12:00:00+00:00,38.5691,39.7405,38.41,39.276,12956
2023-11-01 16:00:00+00:00,39.276,41.5973,38.8528,41.2509,19395
2023-11-01 20:00:00+00:00,41.2609,46.4244,41.1311,42.0139,17329
2023-11-02 00:00:00+00:00,41.6733,43.7051,40.3192,41.9363,12798
2023-11-02 04:00:00+00:00,41.9353,42.7658,41.5562,42.1676,14729
2023-11-02 08:00:00+00:00,42.1676,43.986,41.0113,43.7996,16761
2023-11-02 12:00:00+00:00,43.8036,44.4621,43.035,43.5254,15601
2023-11-02 16:00:00+00:00,43.5204,43.7215,38.9875,39.5177,19137
2023-11-02 20:00:00+00:00,39.5197,42.0518,38.4808,40.8077,14825
2023-11-03 00:00:00+00:00,40.2127,40.7252,38.6241,38.9882,12553
2023-11-03 04:00:00+00:00,38.9942,39.2812,37.9351,38.4655,13722
2023-11-03 08:00:00+00:00,38.4655,39.6503,37.9597,39.1001,8235
2023-11-03 12:00:00+00:00,39.1101,39.798,38.0055,39.6312,14658
2023-11-03 16:00:00+00:00,39.6362,39.9784,38.9343,39.7164,13832
2023-11-03 20:00:00+00:00,39.7154,39.7354,38.4605,39.489,11982
2023-11-04 00:00:00+00:00,39.5177,39.8536,38.9229,39.2067,6190
2023-11-04 04:00:00+00:00,39.2067,41.5407,39.0947,40.8024,12545
2023-11-04 08:00:00+00:00,40.8024,42.2359,40.3349,41.8467,13217
2023-11-04 12:00:00+00:00,41.8467,42.5901,41.1621,41.6589,12185
2023-11-04 16:00:00+00:00,41.6579,42.143,40.5599,40.8482,6954
2023-11-04 20:00:00+00:00,40.8482,41.7929,40.1858,41.6425,4054
2023-11-05 00:00:00+00:00,41.6625,42.5918,41.0921,41.765,8181
2023-11-05 04:00:00+00:00,41.77,42.6839,41.697,41.9338,10876
2023-11-05 08:00:00+00:00,41.9238,42.0625,40.9271,41.3698,5595
2023-11-05 12:00:00+00:00,41.3668,41.6148,40.405,40.612,5883
2023-11-05 16:00:00+00:00,40.612,41.4139,40.4286,41.0353,9688
2023-11-05 20:00:00+00:00,41.0313,41.1217,40.0329,40.3828,6790
2023-11-06 00:00:00+00:00,40.4678,41.7383,40.4384,41.1866,7778
2023-11-06 04:00:00+00:00,41.1916,41.7601,39.5661,39.8338,6233
2023-11-06 08:00:00+00:00,39.6752,40.3505,38.9008,40.2548,3505
2023-11-06 12:00:00+00:00,40.2548,40.4765,39.3276,39.9331,3611
2023-11-06 16:00:00+00:00,39.9821,40.5749,38.5982,39.7972,4125
2023-11-06 20:00:00+00:00,39.7972,40.4579,39.7492,40.2528,5512
2023-11-07 00:00:00+00:00,38.851,42.2287,38.851,41.3353,8941
2023-11-07 04:00:00+00:00,41.3213,41.4774,39.9199,41.3483,8454
2023-11-07 08:00:00+00:00,41.3483,41.6284,40.4673,40.6713,7442
2023-11-07 12:00:00+00:00,40.6563,42.0607,40.0257,41.9442,9414
2023-11-07 16:00:00+00:00,41.9542,42.9451,40.7282,42.8921,12926
2023-11-07 20:00:00+00:00,42.8861,44.6682,42.6444,43.772,14887
2023-11-08 00:00:00+00:00,43.333,43.5072,42.1645,43.0218,10398
2023-11-08 04:00:00+00:00,43.0118,43.5858,42.7652,43.1157,6670
2023-11-08 08:00:00+00:00,43.1167,43.791,42.9482,43.2163,11996
2023-11-08 12:00:00+00:00,43.2172,43.543,42.9307,43.2732,10271
2023-11-08 16:00:00+00:00,43.2632,43.306,42.2419,42.6959,10016
2023-11-08 20:00:00+00:00,42.6961,43.5373,42.5704,42.9624,8598
2023-11-09 00:00:00+00:00,43.0331,43.4226,42.0482,43.0667,10448
2023-11-09 04:00:00+00:00,43.0637,44.489,42.967,44.4239,15445
2023-11-09 08:00:00+00:00,44.4189,46.6729,43.6791,46.3682,15779
2023-11-09 12:00:00+00:00,46.3522,48.0261,46.1257,47.427,17215
2023-11-09 16:00:00+00:00,47.417,48.6252,40.465,45.3064,16020
2023-11-09 20:00:00+00:00,45.2874,45.325,42.9003,45.0138,14385
2023-11-10 00:00:00+00:00,43.5558,46.1844,43.5558,46.1044,14677
2023-11-10 04:00:00+00:00,46.0794,47.9067,45.7929,47.175,13490
2023-11-10 08:00:00+00:00,47.175,49.0957,46.4063,48.8047,15024
2023-11-10 12:00:00+00:00,48.8047,51.6089,48.2836,49.6212,21641
2023-11-10 16:00:00+00:00,49.6312,52.7101,48.4697,52.4917,21228
2023-11-10 20:00:00+00:00,52.4837,54.9332,52.3517,53.9216,19193
2023-11-11 00:00:00+00:00,56.3277,57.5706,54.233,54.9239,12131
2023-11-11 04:00:00+00:00,54.9369,56.212,53.5187,54.5534,16316
2023-11-11 08:00:00+00:00,54.5544,55.8235,53.3122,54.4929,15458
2023-11-11 12:00:00+00:00,54.4829,59.6086,54.2297,59.5026,15521
2023-11-11 16:00:00+00:00,59.4986,63.6102,57.2541,58.5095,16842
2023-11-11 20:00:00+00:00,58.5095,59.9877,56.1742,57.9756,9581
2023-11-12 00:00:00+00:00,56.1706,58.2765,53.8712,56.3196,11815
2023-11-12 04:00:00+00:00,56.3346,59.0132,54.5227,58.5127,9734
2023-11-12 08:00:00+00:00,58.4927,61.624,57.4942,58.9115,10609
2023-11-12 12:00:00+00:00,58.9115,60.4545,56.8196,57.8411,5904
2023-11-12 16:00:00+00:00,57.8431,59.2171,56.0509,57.0549,8286
2023-11-12 20:00:00+00:00,57.0629,57.7763,53.8213,56.8302,7755
2023-11-13 00:00:00+00:00,56.6882,58.9203,54.8443,58.7643,7413
2023-11-13 04:00:00+00:00,58.7643,59.3049,56.5453,58.3569,12126
2023-11-13 08:00:00+00:00,58.3819,59.5115,56.9831,58.6712,10162
2023-11-13 12:00:00+00:00,58.6312,58.9012,56.0053,57.2084,10193
2023-11-13 16:00:00+00:00,57.2084,59.5558,51.889,53.5489,15301
2023-11-13 20:00:00+00:00,53.5309,54.8842,51.3424,52.1284,13133
2023-11-14 00:00:00+00:00,52.1955,54.4328,51.0333,54.0328,14035
2023-11-14 04:00:00+00:00,54.0328,54.8207,53.2362,54.794200000000004,10755
2023-11-14 08:00:00+00:00,54.7822,55.7512,54.0018,54.1602,10918
2023-11-14 12:00:00+00:00,54.1662,55.6595,51.8746,55.5411,14963
2023-11-14 16:00:00+00:00,55.4961,57.7296,53.0925,53.6605,18116
2023-11-14 20:00:00+00:00,53.6605,56.5356,52.0193,56.4156,14736
2023-11-15 00:00:00+00:00,55.8556,57.8612,55.5379,56.9323,11356
2023-11-15 04:00:00+00:00,56.9223,58.7157,56.1352,58.5592,8702
2023-11-15 08:00:00+00:00,58.5592,59.7672,57.7074,59.1825,10018
2023-11-15 12:00:00+00:00,59.1695,63.698,59.1445,61.8812,14493
2023-11-15 16:00:00+00:00,61.8712,63.1916,60.6072,61.5398,10525
2023-11-15 20:00:00+00:00,61.5598,66.9477,61.2239,64.889,18839
2023-11-16 00:00:00+00:00,64.509,65.9783,64.0317,65.2483,10763
2023-11-16 04:00:00+00:00,65.2133,66.5926,64.673,66.0172,12639
2023-11-16 08:00:00+00:00,66.0272,68.044,63.955,65.308,12417
2023-11-16 12:00:00+00:00,65.318,65.9624,61.5491,62.6616,14069
2023-11-16 16:00:00+00:00,62.6616,63.1085,60.1738,61.6616,15393
2023-11-16 20:00:00+00:00,61.6716,62.6291,58.0253,58.5153,16064
2023-11-17 00:00:00+00:00,58.9953,60.2417,55.9366,60.0996,12609
2023-11-17 04:00:00+00:00,60.0996,60.1096,57.4576,59.1849,10113
2023-11-17 08:00:00+00:00,59.2149,59.7669,56.9488,57.5754,12472
2023-11-17 12:00:00+00:00,57.5934,59.4084,56.3631,57.7486,15880
2023-11-17 16:00:00+00:00,57.7486,58.1419,53.9363,57.2854,17341
2023-11-17 20:00:00+00:00,57.2754,58.6259,57.0484,57.8909,12948
2023-11-18 00:00:00+00:00,57.9513,59.2965,56.6451,56.8799,6332
2023-11-18 04:00:00+00:00,56.8899,57.3624,55.4586,55.5991,10272
2023-11-18 08:00:00+00:00,55.5941,56.4977,54.0777,56.4977,6046
2023-11-18 12:00:00+00:00,56.4972,57.4504,54.9489,55.9763,7510
2023-11-18 16:00:00+00:00,55.9753,58.8508,54.3737,58.3952,9369
2023-11-18 20:00:00+00:00,58.3871,59.3359,58.1691,58.3091,11884
2023-11-19 00:00:00+00:00,58.3091,58.6219,56.4691,57.264,9168
2023-11-19 04:00:00+00:00,57.254,58.3431,56.8061,57.9765,8354
2023-11-19 08:00:00+00:00,57.9665,61.4729,57.9165,61.0048,5336
2023-11-19 12:00:00+00:00,61.0048,61.0328,56.3361,58.5668,5847
2023-11-19 16:00:00+00:00,58.6468,60.0651,56.6726,59.9751,5908
2023-11-19 20:00:00+00:00,59.9851,61.4767,59.9151,61.2551,12387
2023-11-20 00:00:00+00:00,61.0654,61.8998,59.5761,60.3385,11160
2023-11-20 04:00:00+00:00,60.3138,60.4198,59.1453,59.6049,10317
2023-11-20 08:00:00+00:00,59.5989,60.5031,59.0156,60.3909,7156
2023-11-20 12:00:00+00:00,60.3909,60.9729,59.4833,59.6081,9555
2023-11-20 16:00:00+00:00,59.5981,60.0905,57.2099,58.2604,12479
2023-11-20 20:00:00+00:00,58.2604,58.3805,55.8658,56.5316,10018
2023-11-21 00:00:00+00:00,55.2986,57.4069,55.2986,56.9884,9817
2023-11-21 04:00:00+00:00,56.9884,57.0247,54.9511,56.0239,10326
2023-11-21 08:00:00+00:00,56.0239,57.0525,55.1725,56.5697,8682
2023-11-21 12:00:00+00:00,56.5697,56.9576,55.4312,55.5779,11718
2023-11-21 16:00:00+00:00,55.5759,56.0323,52.3068,53.6529,14499
2023-11-21 20:00:00+00:00,53.6529,55.4262,52.1662,53.6829,13549
2023-11-22 00:00:00+00:00,53.4874,53.6434,50.9709,53.2219,11512
2023-11-22 04:00:00+00:00,53.2219,54.5688,52.9811,54.108,9861
2023-11-22 08:00:00+00:00,54.118,55.2082,54.118,55.0671,10866
2023-11-22 12:00:00+00:00,55.0721,55.5783,54.2966,55.1437,12398
2023-11-22 16:00:00+00:00,55.1537,55.5392,53.9509,55.2106,15233
2023-11-22 20:00:00+00:00,55.2106,58.8194,54.9601,57.8213,15573
2023-11-23 00:00:00+00:00,58.0013,58.4244,56.8526,58.2728,11925
2023-11-23 04:00:00+00:00,58.2729,58.3398,57.2268,57.8328,11662
2023-11-23 08:00:00+00:00,57.8228,58.8701,57.3713,58.8341,12883
2023-11-23 12:00:00+00:00,58.8241,59.268299999999996,57.0391,57.4849,14923
2023-11-23 16:00:00+00:00,57.4849,57.6886,56.1954,56.5068,13302
2023-11-23 20:00:00+00:00,56.5028,57.0188,55.8476,56.1579,9846
2023-11-24 00:00:00+00:00,56.0679,57.1153,55.7045,56.7619,8837
2023-11-24 04:00:00+00:00,56.7619,57.3501,56.5271,57.0679,6212
2023-11-24 08:00:00+00:00,57.0679,58.2639,56.4816,58.0221,10719
2023-11-24 12:00:00+00:00,58.0221,58.6032,57.3826,57.5578,13834
2023-11-24 16:00:00+00:00,57.5678,58.3954,56.3057,57.4532,13868
2023-11-24 20:00:00+00:00,57.4326,57.8409,56.5516,56.7738,8292
2023-11-25 00:00:00+00:00,55.2408,58.1098,54.9476,57.9998,3221
2023-11-25 04:00:00+00:00,57.9998,59.5538,57.1816,58.8726,10151
2023-11-25 08:00:00+00:00,58.8496,58.8902,58.2341,58.403,6933
2023-11-25 12:00:00+00:00,58.398,58.4562,56.5086,58.3171,7925
2023-11-25 16:00:00+00:00,58.3221,59.2149,56.5742,58.8527,9120
2023-11-25 20:00:00+00:00,58.8527,59.4909,58.313,58.3301,7443
2023-11-26 00:00:00+00:00,58.4986,58.7001,57.4326,57.6946,3848
2023-11-26 04:00:00+00:00,57.6846,58.2995,57.5538,57.9548,2358
2023-11-26 08:00:00+00:00,57.9588,58.2707,57.2118,57.5042,1583
2023-11-26 12:00:00+00:00,57.5047,57.5561,55.9947,56.9505,2596
2023-11-26 16:00:00+00:00,56.9495,57.2055,55.657,56.3217,3784
2023-11-26 20:00:00+00:00,56.3252,57.8824,54.7387,57.2978,3044
2023-11-27 00:00:00+00:00,56.4336,57.5729,56.4336,56.8681,2581
2023-11-27 04:00:00+00:00,56.8571,56.9463,55.6119,56.4361,7387
2023-11-27 08:00:00+00:00,56.4361,56.9171,54.0321,55.9688,8416
2023-11-27 12:00:00+00:00,55.9718,55.9993,53.7761,54.5259,9733
2023-11-27 16:00:00+00:00,54.5259,54.9496,53.3661,54.2868,10436
2023-11-27 20:00:00+00:00,54.2868,54.718,53.2617,54.6257,10937
2023-11-28 00:00:00+00:00,54.2038,55.3609,54.2008,54.9937,5963
2023-11-28 04:00:00+00:00,54.9837,55.2439,53.9501,53.9831,7722
2023-11-28 08:00:00+00:00,53.9801,55.6881,53.8621,55.5414,7715
2023-11-28 12:00:00+00:00,55.5414,56.3526,55.1549,56.2521,8498
2023-11-28 16:00:00+00:00,56.2621,58.0737,55.3398,58.0037,10611
2023-11-28 20:00:00+00:00,58.0137,58.6116,57.3955,58.1896,9115
2023-11-29 00:00:00+00:00,57.9336,58.5964,57.5135,58.3225,7557
2023-11-29 04:00:00+00:00,58.3325,58.8029,57.9542,58.5305,7778
2023-11-29 08:00:00+00:00,58.5405,61.6903,58.4259,61.0745,10463
2023-11-29 12:00:00+00:00,61.0775,61.1585,59.9225,60.5426,11478
2023-11-29 16:00:00+00:00,60.5616,61.5141,58.6955,59.7046,11622
2023-11-29 20:00:00+00:00,59.7046,60.2383,58.3636,58.8296,9916
2023-11-30 00:00:00+00:00,57.6574,59.4072,57.6574,59.0066,8865
2023-11-30 04:00:00+00:00,58.9966,60.7296,58.95,60.1381,9430
2023-11-30 08:00:00+00:00,60.1281,61.13,59.1124,59.5409,7929
2023-11-30 12:00:00+00:00,59.5519,61.5871,59.1015,60.2096,10589
2023-11-30 16:00:00+00:00,60.2116,60.2436,58.8894,59.3035,9429
2023-11-30 20:00:00+00:00,59.3085,60.103,59.1896,59.6577,6753
2023-12-01 00:00:00+00:00,58.5648,60.1166,57.8407,60.0861,5834
2023-12-01 04:00:00+00:00,60.0951,61.0024,59.7315,60.2963,11648
2023-12-01 08:00:00+00:00,60.2973,61.7351,58.788,61.5492,8615
2023-12-01 12:00:00+00:00,61.5892,61.7472,60.2654,60.2954,5982
2023-12-01 16:00:00+00:00,60.2954,60.9589,59.6531,60.6499,7852
2023-12-01 20:00:00+00:00,60.6499,60.9345,59.9196,60.0654,6524
2023-12-02 00:00:00+00:00,60.0202,60.7159,59.4744,60.4869,3047
2023-12-02 04:00:00+00:00,60.4869,61.5952,60.0095,61.5297,4437
2023-12-02 08:00:00+00:00,61.5447,62.5471,61.2436,62.2156,6196
2023-12-02 12:00:00+00:00,62.2206,62.5812,61.8611,62.1831,8774
2023-12-02 16:00:00+00:00,62.1931,62.3684,61.1179,61.8537,9919
2023-12-02 20:00:00+00:00,61.8312,63.4061,61.7962,63.2299,15692
2023-12-03 00:00:00+00:00,62.9799,65.4693,62.6976,65.1336,7246
2023-12-03 04:00:00+00:00,65.1436,65.1836,63.5526,64.1151,5131
2023-12-03 08:00:00+00:00,64.1341,64.1491,63.2977,63.5162,6262
2023-12-03 12:00:00+00:00,63.5262,63.6912,62.295,63.2701,4461
2023-12-03 16:00:00+00:00,63.2561,63.4961,62.1035,62.5421,7512
2023-12-03 20:00:00+00:00,62.5321,63.1545,62.3041,62.9993,6237
2023-12-04 00:00:00+00:00,63.1193,64.8781,62.435,64.0276,13356
2023-12-04 04:00:00+00:00,64.0276,65.1227,63.6443,64.7363,12635
2023-12-04 08:00:00+00:00,64.7253,64.9899,62.8201,63.1126,9069
2023-12-04 12:00:00+00:00,63.1126,63.7579,59.2266,60.4246,15221
2023-12-04 16:00:00+00:00,60.4346,61.3262,59.7731,60.704,14966
2023-12-04 20:00:00+00:00,60.704,61.8147,60.1195,61.4203,11913
2023-12-05 00:00:00+00:00,61.3503,61.9145,60.2069,60.6407,9902
2023-12-05 04:00:00+00:00,60.6407,60.6607,58.5577,60.131,7944
2023-12-05 08:00:00+00:00,60.131,60.2039,58.5193,60.0217,8933
2023-12-05 12:00:00+00:00,60.0207,60.6527,59.4992,60.0146,10749
2023-12-05 16:00:00+00:00,60.0046,61.6789,59.9524,61.4503,15890
2023-12-05 20:00:00+00:00,61.4515,62.4229,60.6391,60.8417,11848
2023-12-06 00:00:00+00:00,60.7059,64.2087,60.1343,63.9498,12431
2023-12-06 04:00:00+00:00,63.9498,64.6345,62.3976,63.1129,11821
2023-12-06 08:00:00+00:00,63.1279,66.5439,62.5443,65.2176,14409
2023-12-06 12:00:00+00:00,65.2176,65.7089,61.6036,63.2002,15062
2023-12-06 16:00:00+00:00,63.2102,63.8191,62.3149,63.5698,13565
2023-12-06 20:00:00+00:00,63.5798,64.5151,63.0229,63.596,13311
2023-12-07 00:00:00+00:00,63.783,64.0197,61.0543,62.7245,8705
2023-12-07 04:00:00+00:00,62.7145,63.6659,62.2357,63.3911,8069
2023-12-07 08:00:00+00:00,63.3961,63.7692,61.6237,63.0196,13574
2023-12-07 12:00:00+00:00,63.0096,64.933,62.3578,63.9514,14915
2023-12-07 16:00:00+00:00,63.9514,67.3303,63.7159,66.2479,16309
2023-12-07 20:00:00+00:00,66.2519,69.0772,64.366,68.6806,15276
2023-12-08 00:00:00+00:00,68.9646,69.5359,66.7992,68.5265,11007
2023-12-08 04:00:00+00:00,68.5265,72.5691,68.4565,71.1051,16384
2023-12-08 08:00:00+00:00,71.1071,72.7631,70.3635,71.0039,15416
2023-12-08 12:00:00+00:00,70.9969,74.0974,70.9579,72.5623,17356
2023-12-08 16:00:00+00:00,72.5623,73.9093,71.5581,73.5477,14514
2023-12-08 20:00:00+00:00,73.5497,73.7007,71.8552,72.9287,11199
2023-12-09 00:00:00+00:00,73.3294,75.4829,72.8866,73.5941,7163
2023-12-09 04:00:00+00:00,73.5941,75.083,73.1216,74.5954,6836
2023-12-09 08:00:00+00:00,74.5854,77.5554,74.3584,75.6294,13710
2023-12-09 12:00:00+00:00,75.6394,77.5216,75.4856,76.4004,13347
2023-12-09 16:00:00+00:00,76.3954,76.9743,71.8201,72.3901,16486
2023-12-09 20:00:00+00:00,72.4001,74.1282,72.2201,73.3611,5611
2023-12-10 00:00:00+00:00,73.5011,73.5917,70.5341,72.1856,7807
2023-12-10 04:00:00+00:00,72.1956,73.5068,70.9141,73.1658,4000
2023-12-10 08:00:00+00:00,73.1688,73.2193,69.913,69.9225,6900
2023-12-10 12:00:00+00:00,69.9135,71.156,69.6706,69.883,4281
2023-12-10 16:00:00+00:00,69.893,74.3872,69.883,72.0331,5563
2023-12-10 20:00:00+00:00,72.0331,74.0078,71.9396,73.1216,3915
2023-12-11 00:00:00+00:00,73.0602,74.0353,71.4093,72.762,7763
2023-12-11 04:00:00+00:00,72.767,72.767,65.3898,69.7619,9332
2023-12-11 08:00:00+00:00,69.7369,69.7569,67.0,68.0017,11815
2023-12-11 12:00:00+00:00,66.8197,69.5849,66.8197,67.5091,7269
2023-12-11 16:00:00+00:00,67.5171,70.5875,66.5457,69.4741,17021
2023-12-11 20:00:00+00:00,69.4901,70.1293,67.53659999999999,68.924,18992
2023-12-12 00:00:00+00:00,69.114,71.8471,68.846,71.2259,9543
2023-12-12 04:00:00+00:00,71.2159,72.228,69.8743,70.4627,10712
2023-12-12 08:00:00+00:00,70.4427,72.0387,69.4461,71.5994,13554
2023-12-12 12:00:00+00:00,71.5749,71.767,70.0688,70.9728,13744
2023-12-12 16:00:00+00:00,70.9728,71.0656,65.7348,65.7383,17759
2023-12-12 20:00:00+00:00,65.7583,68.2688,65.5617,66.9934,14455
2023-12-13 00:00:00+00:00,67.1041,68.9554,66.1942,66.1942,10822
2023-12-13 04:00:00+00:00,66.2442,66.9057,64.8633,65.8944,13282
2023-12-13 08:00:00+00:00,65.8964,66.3207,63.2327,66.1046,11532
2023-12-13 12:00:00+00:00,66.1096,67.3942,65.0397,66.9734,10975
2023-12-13 16:00:00+00:00,66.9664,67.9663,66.2522,67.5581,11388
2023-12-13 20:00:00+00:00,67.5681,71.9123,67.4736,71.5591,15235
2023-12-14 00:00:00+00:00,71.6891,72.4356,69.4592,70.0164,9384
2023-12-14 04:00:00+00:00,70.0164,71.2209,69.645,71.2039,9187
2023-12-14 08:00:00+00:00,71.1939,72.7524,70.9779,72.474,12231
2023-12-14 12:00:00+00:00,72.476,73.7278,67.6345,72.0764,15141
2023-12-14 16:00:00+00:00,72.0914,74.3745,70.6837,73.476,18315
2023-12-14 20:00:00+00:00,73.482,74.4466,72.5861,74.4178,11468
2023-12-15 00:00:00+00:00,74.7513,76.1646,74.3526,74.9117,11454
2023-12-15 04:00:00+00:00,74.9317,75.4846,73.6483,74.4479,12090
2023-12-15 08:00:00+00:00,74.4479,79.1162,74.3326,78.3787,15596
2023-12-15 12:00:00+00:00,78.3787,79.4252,75.1099,76.0181,16971
2023-12-15 16:00:00+00:00,76.0231,76.6882,73.3522,74.9533,17463
2023-12-15 20:00:00+00:00,74.9383,77.3371,74.6686,76.3589,13835
2023-12-16 00:00:00+00:00,75.5232,75.7077,70.7957,72.9104,5482
2023-12-16 04:00:00+00:00,72.9114,73.838,72.8567,73.6643,3748
2023-12-16 08:00:00+00:00,73.6648,74.048,72.9559,73.1609,6287
2023-12-16 12:00:00+00:00,73.1659,75.9688,73.1609,75.0663,7970
2023-12-16 16:00:00+00:00,75.0668,76.9956,74.2523,75.7776,4181
2023-12-16 20:00:00+00:00,75.7576,75.7576,72.8845,73.5115,4842
2023-12-17 00:00:00+00:00,73.6115,74.0572,72.1037,72.8248,9344
2023-12-17 04:00:00+00:00,72.8228,73.8615,71.9979,72.5184,11595
2023-12-17 08:00:00+00:00,72.5184,73.1197,71.6183,72.9126,12230
2023-12-17 12:00:00+00:00,72.9139,73.1042,70.6121,70.9008,10069
2023-12-17 16:00:00+00:00,70.9008,74.3601,69.6169,73.8241,10548
2023-12-17 20:00:00+00:00,73.8091,74.7377,72.8769,73.7193,11676
2023-12-18 00:00:00+00:00,73.3828,73.4652,69.0409,69.2239,12144
2023-12-18 04:00:00+00:00,69.2239,70.0062,67.7038,69.3704,12161
2023-12-18 08:00:00+00:00,69.3754,69.9907,67.7121,68.4725,12926
2023-12-18 12:00:00+00:00,68.4425,70.6519,66.6912,70.2707,15675
2023-12-18 16:00:00+00:00,70.2507,72.0525,69.9349,71.1621,15691
2023-12-18 20:00:00+00:00,71.1621,75.2641,70.9881,74.7034,14455
2023-12-19 00:00:00+00:00,74.2574,75.7499,73.7036,75.627,12844
2023-12-19 04:00:00+00:00,75.617,76.1689,74.6457,75.9184,13756
2023-12-19 08:00:00+00:00,75.9284,76.2244,74.4114,74.8205,12831
2023-12-19 12:00:00+00:00,74.8255,75.3498,74.1977,74.5821,11565
2023-12-19 16:00:00+00:00,74.5821,74.794,71.7926,71.8296,15920
2023-12-19 20:00:00+00:00,71.8296,74.9989,71.5928,73.34,7511
2023-12-20 00:00:00+00:00,73.01,74.1041,71.9891,73.5508,6481
2023-12-20 04:00:00+00:00,73.5508,75.2835,73.0847,74.8952,12360
2023-12-20 08:00:00+00:00,74.8966,77.772,74.5567,77.7013,13904
2023-12-20 12:00:00+00:00,77.7013,79.198,76.2431,79.154,15952
2023-12-20 16:00:00+00:00,79.138,83.5773,78.3601,83.0455,18581
2023-12-20 20:00:00+00:00,83.0505,84.0317,78.2993,79.6006,19167
2023-12-21 00:00:00+00:00,80.6997,83.2481,80.2464,82.639,15067
2023-12-21 04:00:00+00:00,82.629,84.9174,81.7024,83.8326,17992
2023-12-21 08:00:00+00:00,83.8126,87.1531,83.5754,86.1341,18075
2023-12-21 12:00:00+00:00,86.1141,88.185,85.9335,87.6876,18846
2023-12-21 16:00:00+00:00,87.6956,94.3577,85.3848,92.2995,21908
2023-12-21 20:00:00+00:00,92.2945,94.3036,90.6245,91.6839,19431
2023-12-22 00:00:00+00:00,90.5457,98.5473,90.5457,97.5977,18552
2023-12-22 04:00:00+00:00,97.5897,99.3123,96.2437,98.6047,20699
2023-12-22 08:00:00+00:00,98.6047,98.811,90.037,92.0832,21869
2023-12-22 12:00:00+00:00,92.1242,94.7192,91.5716,94.1767,19223
2023-12-22 16:00:00+00:00,94.1737,96.6698,91.8219,95.2222,18859
2023-12-22 20:00:00+00:00,95.2222,97.7862,95.0022,96.579,14737
2023-12-23 00:00:00+00:00,97.03,98.397,93.6535,93.8935,13969
2023-12-23 04:00:00+00:00,93.8935,95.365,92.7777,95.294,16119
2023-12-23 08:00:00+00:00,95.309,96.5247,94.7662,95.8501,15093
2023-12-23 12:00:00+00:00,95.8551,97.1978,94.6757,96.1142,14964
2023-12-23 16:00:00+00:00,96.1192,98.3376,95.2203,98.1904,14672
2023-12-23 20:00:00+00:00,98.1954,103.2292,97.6956,102.3307,11719
2023-12-24 00:00:00+00:00,102.7107,112.575,102.2883,111.8774,12874
2023-12-24 04:00:00+00:00,111.9014,117.8403,110.5556,113.0706,15326
2023-12-24 08:00:00+00:00,113.0816,114.5798,109.7949,112.4987,14420
2023-12-24 12:00:00+00:00,112.5287,113.0751,107.2771,111.6492,5169
2023-12-24 16:00:00+00:00,111.6492,116.0967,111.649,114.2794,11209
2023-12-24 20:00:00+00:00,114.2794,116.6013,110.3761,113.1487,13848
2023-12-25 00:00:00+00:00,113.4897,113.7471,107.6537,109.416,10832
2023-12-25 04:00:00+00:00,109.418,112.8921,108.2857,112.4925,926
2023-12-25 08:00:00+00:00,112.4945,113.4555,109.4168,110.544,5096
2023-12-25 12:00:00+00:00,110.554,115.2591,109.7859,114.5212,7311
2023-12-25 16:00:00+00:00,114.5217,124.2721,113.6067,123.3891,20506
2023-12-25 20:00:00+00:00,123.4191,125.5444,116.018,119.6042,19917
2023-12-26 00:00:00+00:00,118.2882,121.5968,118.1187,119.2946,17312
2023-12-26 04:00:00+00:00,119.2946,120.584,112.7941,113.8516,19190
2023-12-26 08:00:00+00:00,113.7906,114.7436,109.3506,112.1814,15290
2023-12-26 12:00:00+00:00,112.1924,116.7612,111.006,115.1515,12437
2023-12-26 16:00:00+00:00,115.1505,115.2505,100.6426,105.9652,22670
2023-12-26 20:00:00+00:00,105.9852,109.8052,104.3276,109.2765,20723
2023-12-27 00:00:00+00:00,109.0765,113.3638,108.7942,110.9827,17484
2023-12-27 04:00:00+00:00,110.9827,111.5252,107.5792,111.2517,19503
2023-12-27 08:00:00+00:00,111.2477,113.4465,110.743,111.0775,19099
2023-12-27 12:00:00+00:00,111.0775,114.9337,110.8002,111.0337,19829
2023-12-27 16:00:00+00:00,111.0437,111.6137,104.1153,107.4712,21773
2023-12-27 20:00:00+00:00,107.4912,110.1766,106.90090000000001,108.0742,17118
2023-12-28 00:00:00+00:00,107.6432,109.5172,104.396,105.029,10228
2023-12-28 04:00:00+00:00,105.029,105.6314,103.0332,104.9971,11308
2023-12-28 08:00:00+00:00,104.9971,106.2371,102.0162,104.1729,11698
2023-12-28 12:00:00+00:00,104.1929,106.0447,98.5745,100.7382,13018
2023-12-28 16:00:00+00:00,100.7732,101.1347,96.7771,99.804,14277
2023-12-28 20:00:00+00:00,99.809,101.4655,98.3205,99.9439,12285
2023-12-29 00:00:00+00:00,100.7557,104.0142,99.111,102.5122,9563
2023-12-29 04:00:00+00:00,102.5122,106.5255,102.2879,106.147,8418
2023-12-29 08:00:00+00:00,106.105,109.3265,104.6353,108.3936,10491
2023-12-29 12:00:00+00:00,108.3936,108.7152,106.0102,107.8138,7933
2023-12-29 16:00:00+00:00,107.8138,109.535,101.7127,103.4703,12112
2023-12-29 20:00:00+00:00,103.4403,106.0953,102.5205,103.6636,7983
2023-12-30 00:00:00+00:00,104.978,106.8966,104.3162,105.9259,5342
2023-12-30 04:00:00+00:00,105.9259,105.9259,101.7381,104.3864,6281
2023-12-30 08:00:00+00:00,104.3864,104.5539,100.378,101.4397,7744
2023-12-30 12:00:00+00:00,101.4412,103.5499,100.1825,102.7112,9969
2023-12-30 16:00:00+00:00,102.7312,104.6225,102.2759,103.4678,8107
2023-12-30 20:00:00+00:00,103.4678,104.1712,100.331,102.3173,6185
2023-12-31 00:00:00+00:00,102.1883,102.7736,100.9325,101.1643,6337
2023-12-31 04:00:00+00:00,101.1743,102.2602,99.4103,101.0059,7245
2023-12-31 08:00:00+00:00,101.0059,104.9507,101.0059,104.2573,7642
2023-12-31 12:00:00+00:00,104.2673,104.5908,101.3941,102.6062,10949
2023-12-31 16:00:00+00:00,102.4552,104.195,101.8039,104.057,5423
2023-12-31 20:00:00+00:00,104.057,104.7885,102.9519,103.6318,5632
2024-01-01 00:00:00+00:00,103.2818,104.4084,99.05,103.8972,7530
2024-01-01 04:00:00+00:00,103.8972,104.1644,101.2387,101.5222,6343
2024-01-01 08:00:00+00:00,101.5122,104.0496,101.3179,103.8032,5394
2024-01-01 12:00:00+00:00,103.8542,105.6742,103.169,105.2853,5174
2024-01-01 16:00:00+00:00,105.2853,108.1039,103.9276,107.0273,6573
2024-01-01 20:00:00+00:00,107.0003,109.3674,107.0003,107.8889,5819
2024-01-02 00:00:00+00:00,107.8789,112.7726,106.9934,110.955,7431
2024-01-02 04:00:00+00:00,110.955,113.1046,110.6275,112.4939,6793
2024-01-02 08:00:00+00:00,112.495,116.7644,111.6191,115.878,9344
2024-01-02 12:00:00+00:00,115.878,116.4741,112.27,113.2533,9224
2024-01-02 16:00:00+00:00,113.2583,113.5753,106.0466,107.4817,9879
2024-01-02 20:00:00+00:00,107.4817,108.7953,106.2455,107.3838,7053
2024-01-03 00:00:00+00:00,107.8237,108.5874,105.8727,107.9772,6211
2024-01-03 04:00:00+00:00,107.9772,108.8019,107.0099,108.2549,5716
2024-01-03 08:00:00+00:00,108.2799,109.8625,106.77590000000001,108.8784,7306
2024-01-03 12:00:00+00:00,108.8784,109.3047,93.8193,97.9689,7933
2024-01-03 16:00:00+00:00,97.9909,102.5903,94.7015,97.0858,13628
2024-01-03 20:00:00+00:00,97.0868,100.1666,94.8833,99.9567,8661
2024-01-04 00:00:00+00:00,99.1522,100.2305,97.2465,98.2897,8193
2024-01-04 04:00:00+00:00,98.2897,101.7729,97.8636,101.1382,8228
2024-01-04 08:00:00+00:00,101.1382,101.4142,96.7875,98.4457,8340
2024-01-04 12:00:00+00:00,98.4457,100.3988,94.8733,99.8168,9948
2024-01-04 16:00:00+00:00,99.8168,104.2004,98.546,103.0959,9757
2024-01-04 20:00:00+00:00,103.0809,108.0682,102.6875,105.4524,9457
2024-01-05 00:00:00+00:00,105.9674,106.8254,98.0969,100.6513,8106
2024-01-05 04:00:00+00:00,100.6113,102.1376,97.4166,101.3031,5751
2024-01-05 08:00:00+00:00,101.3031,102.8754,100.4816,102.4984,5569
2024-01-05 12:00:00+00:00,102.4684,102.6454,98.006,100.65090000000001,8325
2024-01-05 16:00:00+00:00,100.65090000000001,101.0189,94.9476,97.7441,12294
2024-01-05 20:00:00+00:00,97.7441,99.9067,96.0987,98.9184,8855
2024-01-06 00:00:00+00:00,99.0304,100.3314,97.7296,98.2862,5879
2024-01-06 04:00:00+00:00,98.2382,99.3571,93.1879,94.0776,7426
2024-01-06 08:00:00+00:00,94.0776,95.5927,91.3412,94.8929,9550
2024-01-06 12:00:00+00:00,94.8929,95.265,92.7325,94.1217,7237
2024-01-06 16:00:00+00:00,94.1307,97.0717,94.1217,96.6537,7627
2024-01-06 20:00:00+00:00,96.6537,97.0973,93.1094,94.5714,6693
2024-01-07 00:00:00+00:00,94.2274,96.2129,92.1098,94.0413,6458
2024-01-07 04:00:00+00:00,94.0463,95.1941,89.7068,93.8018,6610
2024-01-07 08:00:00+00:00,93.8018,95.4246,92.8521,93.195,7214
2024-01-07 12:00:00+00:00,93.193,96.2611,93.025,96.0922,6111
2024-01-07 16:00:00+00:00,96.1052,96.5446,92.9429,94.3137,7971
2024-01-07 20:00:00+00:00,94.3137,95.2716,91.9606,92.735,5770
2024-01-08 00:00:00+00:00,92.155,92.2829,86.4416,90.2721,10107
2024-01-08 04:00:00+00:00,90.2851,90.5568,84.776,89.3604,8549
2024-01-08 08:00:00+00:00,89.3604,91.1225,86.3127,89.1067,7204
2024-01-08 12:00:00+00:00,89.1267,95.0746,88.6227,93.9391,7985
2024-01-08 16:00:00+00:00,93.9391,96.6003,93.55,96.5958,8207
2024-01-08 20:00:00+00:00,96.6418,99.882,96.2377,96.6035,8683
2024-01-09 00:00:00+00:00,95.7666,98.8817,95.1875,97.3953,6361
2024-01-09 04:00:00+00:00,97.4153,104.0029,96.7277,102.2301,7003
2024-01-09 08:00:00+00:00,102.2101,102.8724,99.4697,100.1851,5915
2024-01-09 12:00:00+00:00,100.1851,102.4074,94.677,100.8412,7118
2024-01-09 16:00:00+00:00,100.6922,101.9776,94.6133,99.8362,12734
2024-01-09 20:00:00+00:00,99.8222,103.7313,95.1173,96.3946,10811
2024-01-10 00:00:00+00:00,96.2806,100.1422,95.6986,99.148,7348
2024-01-10 04:00:00+00:00,99.128,100.3461,98.4975,99.3877,5630
2024-01-10 08:00:00+00:00,99.3977,99.3977,96.1435,96.9994,5610
2024-01-10 12:00:00+00:00,96.9994,98.2283,89.8969,93.5883,8641
2024-01-10 16:00:00+00:00,93.5623,96.6128,91.39,96.6128,9213
2024-01-10 20:00:00+00:00,96.6148,101.339,92.2448,101.304,14230
2024-01-11 00:00:00+00:00,99.2944,105.2217,98.9614,99.0764,10433
2024-01-11 04:00:00+00:00,99.1144,101.6229,98.8301,99.649,7864
2024-01-11 08:00:00+00:00,99.661,101.0337,97.0879,100.3266,6086
2024-01-11 12:00:00+00:00,100.3266,106.7526,100.3266,105.5686,8466
2024-01-11 16:00:00+00:00,105.5416,106.7746,96.7649,100.6837,13226
2024-01-11 20:00:00+00:00,100.7217,102.1842,99.3753,99.8815,7730
2024-01-12 00:00:00+00:00,99.8795,100.7084,97.2589,98.6128,5072
2024-01-12 04:00:00+00:00,98.6128,99.5762,97.5109,99.4649,5758
2024-01-12 08:00:00+00:00,99.4449,100.3923,97.4141,98.2156,6436
2024-01-12 12:00:00+00:00,98.1956,99.1577,96.2732,98.0122,6819
2024-01-12 16:00:00+00:00,98.0154,98.8071,92.4101,95.1046,11551
2024-01-12 20:00:00+00:00,95.0746,95.8408,91.4118,92.9285,7235
2024-01-13 00:00:00+00:00,90.8324,92.3788,89.2375,91.0758,5524
2024-01-13 04:00:00+00:00,91.0258,92.4489,90.074,92.4047,5057
2024-01-13 08:00:00+00:00,92.4247,93.1767,89.5611,92.391,4486
2024-01-13 12:00:00+00:00,92.393,92.5606,91.073,92.0131,4562
2024-01-13 16:00:00+00:00,92.0331,93.24,90.9756,92.7081,5923
2024-01-13 20:00:00+00:00,92.6391,96.9406,92.2134,96.4303,9336
2024-01-14 00:00:00+00:00,96.5303,96.5303,94.1104,95.9476,4376
2024-01-14 04:00:00+00:00,95.8776,98.0936,94.3456,97.4108,6523
2024-01-14 08:00:00+00:00,97.4528,98.6809,96.4284,97.7825,3976
2024-01-14 12:00:00+00:00,97.7825,97.8375,94.846,97.4926,6960
2024-01-14 16:00:00+00:00,97.5986,102.2379,96.8983,100.4432,8967
2024-01-14 20:00:00+00:00,100.4442,100.8979,94.6676,96.8116,6024
2024-01-15 00:00:00+00:00,96.4861,97.2994,93.16,95.4891,9255
2024-01-15 04:00:00+00:00,95.4901,96.6211,94.872,95.7116,5529
2024-01-15 08:00:00+00:00,95.7116,96.0491,93.53,95.4459,3595
2024-01-15 12:00:00+00:00,95.4459,95.79,94.3114,95.3423,4629
2024-01-15 16:00:00+00:00,95.3223,95.4329,92.1543,95.1206,6254
2024-01-15 20:00:00+00:00,95.1206,96.4572,94.311,94.4177,5016
2024-01-16 00:00:00+00:00,93.6787,95.6881,92.9775,95.2996,4596
2024-01-16 04:00:00+00:00,95.3136,96.2471,94.8754,95.1999,3160
2024-01-16 08:00:00+00:00,95.2199,98.0159,94.8637,97.2349,4599
2024-01-16 12:00:00+00:00,97.2349,97.3349,95.3249,95.6348,4975
2024-01-16 16:00:00+00:00,95.6468,97.666,93.723,96.8344,7692
2024-01-16 20:00:00+00:00,96.8544,98.3988,95.8896,98.1568,4945
2024-01-17 00:00:00+00:00,98.1208,100.6296,97.1666,99.1646,4300
2024-01-17 04:00:00+00:00,99.1646,100.9003,97.6445,97.7923,3625
2024-01-17 08:00:00+00:00,97.7923,99.3357,96.4561,98.9186,4333
2024-01-17 12:00:00+00:00,98.9186,102.5676,98.7222,100.9121,12900
2024-01-17 16:00:00+00:00,100.9121,102.0511,97.037,98.9352,21006
2024-01-17 20:00:00+00:00,98.9412,102.0186,98.3304,101.9041,15396
2024-01-18 00:00:00+00:00,101.5841,103.2722,99.3057,100.1712,13877
2024-01-18 04:00:00+00:00,100.1712,101.0914,99.4052,100.4851,14425
2024-01-18 08:00:00+00:00,100.4851,101.3309,99.4409,99.7932,13271
2024-01-18 12:00:00+00:00,99.7782,100.2964,97.4015,98.5112,15317
2024-01-18 16:00:00+00:00,98.4962,99.0834,93.8193,95.1669,17464
2024-01-18 20:00:00+00:00,95.1769,95.3616,90.851,93.9941,19134
2024-01-19 00:00:00+00:00,93.8769,94.6699,92.5181,93.3464,13836
2024-01-19 04:00:00+00:00,93.3364,94.1894,91.2483,93.885,14643
2024-01-19 08:00:00+00:00,93.885,95.1922,93.5854,94.3332,12678
2024-01-19 12:00:00+00:00,94.3332,95.2543,93.5432,94.0321,13273
2024-01-19 16:00:00+00:00,94.0221,94.112,86.6644,91.0894,21659
2024-01-19 20:00:00+00:00,91.1244,94.6927,90.4697,93.3113,18644
2024-01-20 00:00:00+00:00,93.3641,93.9785,91.8569,93.7393,7531
2024-01-20 04:00:00+00:00,93.7443,93.8138,92.2609,92.4636,11225
2024-01-20 08:00:00+00:00,92.4586,92.8704,90.9032,91.1254,13097
2024-01-20 12:00:00+00:00,91.1014,92.2011,91.0414,91.9605,9868
2024-01-20 16:00:00+00:00,91.8277,92.2626,89.9196,91.7804,12230
2024-01-20 20:00:00+00:00,91.7804,93.1783,91.5486,92.5222,11155
2024-01-21 00:00:00+00:00,91.7582,93.0467,91.5697,91.9861,8527
2024-01-21 04:00:00+00:00,91.9911,93.1076,91.9711,92.0361,9871
2024-01-21 08:00:00+00:00,92.0361,93.1281,91.7014,93.1167,8694
2024-01-21 12:00:00+00:00,93.1167,93.704,92.6917,93.3733,10343
2024-01-21 16:00:00+00:00,93.3733,93.5483,91.4344,92.3599,10612
2024-01-21 20:00:00+00:00,92.3549,92.7573,91.4288,92.4071,9359
2024-01-22 00:00:00+00:00,92.2181,92.3056,89.7181,89.9959,12206
2024-01-22 04:00:00+00:00,90.0039,90.4369,87.99,89.7788,15144
2024-01-22 08:00:00+00:00,89.7888,90.0387,86.8891,87.2469,15214
2024-01-22 12:00:00+00:00,87.2489,89.6529,85.7736,88.4578,16640
2024-01-22 16:00:00+00:00,88.4578,88.5794,84.9491,86.6596,19906
2024-01-22 20:00:00+00:00,86.6686,87.0572,81.6426,84.378,18628
2024-01-23 00:00:00+00:00,84.081,85.0189,82.9261,84.1267,11579
2024-01-23 04:00:00+00:00,84.1277,85.8016,84.0377,85.23,10393
2024-01-23 08:00:00+00:00,85.235,85.29,78.8771,79.9979,16510
2024-01-23 12:00:00+00:00,80.0279,81.5414,78.6823,79.1489,19220
2024-01-23 16:00:00+00:00,79.1389,83.6006,77.9908,82.3853,20178
2024-01-23 20:00:00+00:00,82.3853,83.3738,80.1658,80.8935,15877
2024-01-24 00:00:00+00:00,81.0425,85.5409,81.0279,83.7563,13218
2024-01-24 04:00:00+00:00,83.7503,84.8935,83.1601,84.6719,13688
2024-01-24 08:00:00+00:00,84.6719,87.1396,83.7451,86.5419,16617
2024-01-24 12:00:00+00:00,86.5619,88.2633,85.296,85.8313,17410
2024-01-24 16:00:00+00:00,85.8313,87.6542,85.0124,87.0635,18911
2024-01-24 20:00:00+00:00,87.0295,87.1938,85.3497,86.3251,15117
2024-01-25 00:00:00+00:00,86.4326,89.396,86.0901,87.7276,14808
2024-01-25 04:00:00+00:00,87.7376,88.5786,86.5866,87.0246,14603
2024-01-25 08:00:00+00:00,87.0346,88.4485,86.8307,87.0064,13096
2024-01-25 12:00:00+00:00,87.0004,89.1829,86.1761,86.9361,17742
2024-01-25 16:00:00+00:00,86.9461,88.2701,84.8905,85.9602,17687
2024-01-25 20:00:00+00:00,85.9652,87.9829,85.9652,86.9556,14813
2024-01-26 00:00:00+00:00,86.4346,87.4721,85.804,86.2424,10429
2024-01-26 04:00:00+00:00,86.1924,88.3962,86.1614,87.5641,11559
2024-01-26 08:00:00+00:00,87.5641,88.5333,85.9075,87.2981,9815
2024-01-26 12:00:00+00:00,87.2181,92.2326,87.1887,90.1822,19434
2024-01-26 16:00:00+00:00,90.1872,93.4038,90.144,93.0773,17580
2024-01-26 20:00:00+00:00,93.0873,93.5781,91.5849,92.0816,13754
2024-01-27 00:00:00+00:00,92.2272,93.5765,91.7741,92.561,9535
2024-01-27 04:00:00+00:00,92.571,93.4785,91.2414,91.456,10391
2024-01-27 08:00:00+00:00,91.456,92.0516,90.5762,91.7696,10739
2024-01-27 12:00:00+00:00,91.7556,92.4831,91.5624,92.0504,9879
2024-01-27 16:00:00+00:00,92.0504,93.3892,91.9804,92.5621,10513
2024-01-27 20:00:00+00:00,92.5621,93.7096,92.4456,93.4426,10243
2024-01-28 00:00:00+00:00,93.4126,94.9007,93.0512,93.9171,8739
2024-01-28 04:00:00+00:00,93.9191,97.1754,93.7673,96.0727,14612
2024-01-28 08:00:00+00:00,96.0727,97.5062,95.1892,97.1286,13547
2024-01-28 12:00:00+00:00,97.1286,99.2663,96.6316,97.5395,16247
2024-01-28 16:00:00+00:00,97.5295,98.1506,95.6041,96.0976,15753
2024-01-28 20:00:00+00:00,96.0976,96.1516,93.2546,95.9986,15739
2024-01-29 00:00:00+00:00,95.3386,97.1524,94.4423,96.8547,12365
2024-01-29 04:00:00+00:00,96.8547,98.81,96.0666,96.2295,13774
2024-01-29 08:00:00+00:00,96.2295,97.7053,96.1749,97.187,14314
2024-01-29 12:00:00+00:00,97.189,97.9178,95.6841,96.116,14097
2024-01-29 16:00:00+00:00,96.106,101.549,95.3968,100.408,18747
2024-01-29 20:00:00+00:00,100.407,101.4231,99.5204,101.0746,12703
2024-01-30 00:00:00+00:00,100.6582,102.8412,100.5889,102.7597,10772
2024-01-30 04:00:00+00:00,102.7597,103.6194,101.6693,102.64,12411
2024-01-30 08:00:00+00:00,102.646,103.8407,102.1461,103.2491,12177
2024-01-30 12:00:00+00:00,103.2291,106.2096,102.8715,104.3191,16796
2024-01-30 16:00:00+00:00,104.3191,106.2706,103.1497,104.786,18171
2024-01-30 20:00:00+00:00,104.786,105.5962,103.6934,104.175,12573
2024-01-31 00:00:00+00:00,104.365,104.435,98.4463,100.2323,14385
2024-01-31 04:00:00+00:00,100.2323,101.6643,99.3646,100.9753,14991
2024-01-31 08:00:00+00:00,100.9803,101.777,98.8099,98.9769,14365
2024-01-31 12:00:00+00:00,98.9699,100.5656,97.1403,99.3454,16390
2024-01-31 16:00:00+00:00,99.3454,102.5616,97.2108,102.4315,20124
2024-01-31 20:00:00+00:00,102.4385,102.5015,95.5606,96.9713,19999
2024-02-01 00:00:00+00:00,96.6487,97.748,89.6779,93.6016,14696
2024-02-01 04:00:00+00:00,93.6236,94.1746,92.861,93.9813,14853
2024-02-01 08:00:00+00:00,93.9813,95.8141,93.8464,95.6705,13802
2024-02-01 12:00:00+00:00,95.6705,96.5016,94.488,95.3131,13840
2024-02-01 16:00:00+00:00,95.3181,97.2972,94.6712,96.8997,20353
2024-02-01 20:00:00+00:00,96.9057,97.9138,96.1975,97.8504,18599
2024-02-02 00:00:00+00:00,97.3334,99.2849,96.7991,98.4867,16742
2024-02-02 04:00:00+00:00,98.4807,99.8442,97.8814,99.0551,15381
2024-02-02 08:00:00+00:00,99.0541,101.2623,99.006,100.4743,14852
2024-02-02 12:00:00+00:00,100.4893,102.3689,97.9796,98.4529,13921
2024-02-02 16:00:00+00:00,98.4529,101.8875,98.2467,99.1271,18001
2024-02-02 20:00:00+00:00,99.1471,99.7239,98.129,99.3334,14230
2024-02-03 00:00:00+00:00,100.4921,101.0679,99.3316,99.8883,7279
2024-02-03 04:00:00+00:00,99.9013,100.0084,98.9577,99.918,8360
2024-02-03 08:00:00+00:00,99.92,99.9381,98.254,99.0966,8062
2024-02-03 12:00:00+00:00,99.0966,99.1279,97.5891,97.8062,8293
2024-02-03 16:00:00+00:00,97.7962,98.5714,96.4046,98.2195,11764
2024-02-03 20:00:00+00:00,98.2195,98.3271,97.0649,97.7508,9634
2024-02-04 00:00:00+00:00,97.6398,98.4057,96.6152,98.2448,9590
2024-02-04 04:00:00+00:00,98.2448,98.3766,97.0043,97.4381,8914
2024-02-04 08:00:00+00:00,97.4381,97.6983,95.7542,97.1025,11642
2024-02-04 12:00:00+00:00,97.1225,98.2212,96.7169,97.5414,10297
2024-02-04 16:00:00+00:00,97.5414,98.1051,96.7851,96.8305,8902
2024-02-04 20:00:00+00:00,96.8395,97.2051,95.4061,95.9016,11981
2024-02-05 00:00:00+00:00,96.1206,96.4131,93.9631,95.1011,11440
2024-02-05 04:00:00+00:00,95.1011,96.7707,94.6183,95.9763,10680
2024-02-05 08:00:00+00:00,95.9763,97.7431,95.9123,97.11,12687
2024-02-05 12:00:00+00:00,97.109,98.5035,97.109,98.0796,11770
2024-02-05 16:00:00+00:00,98.0696,98.4474,94.9082,95.3616,16256
2024-02-05 20:00:00+00:00,95.3646,96.3612,94.6238,94.8171,12304
2024-02-06 00:00:00+00:00,94.6371,95.9926,93.5699,95.6181,9400
2024-02-06 04:00:00+00:00,95.6281,96.5854,94.7037,95.3351,9641
2024-02-06 08:00:00+00:00,95.3351,96.1492,95.0402,95.9604,9978
2024-02-06 12:00:00+00:00,95.9604,96.0049,92.7899,93.6534,15491
2024-02-06 16:00:00+00:00,93.6624,95.9586,93.6624,95.7859,14934
2024-02-06 20:00:00+00:00,95.7855,97.8121,95.1799,97.0307,12714
2024-02-07 00:00:00+00:00,96.972,97.6892,95.918,97.0202,9375
2024-02-07 04:00:00+00:00,97.0032,97.1002,94.8579,95.8143,8899
2024-02-07 08:00:00+00:00,95.7963,95.8634,94.7965,95.667,7925
2024-02-07 12:00:00+00:00,95.652,95.672,94.3308,95.0951,8598
2024-02-07 16:00:00+00:00,95.0861,97.8985,95.0861,97.1894,14158
2024-02-07 20:00:00+00:00,97.1894,100.8238,96.384,100.4878,14208
2024-02-08 00:00:00+00:00,100.4078,102.3355,99.6866,102.1125,10721
2024-02-08 04:00:00+00:00,102.1125,102.4689,101.168,101.2519,8074
2024-02-08 08:00:00+00:00,101.2529,102.2266,100.4871,101.7446,5120
2024-02-08 12:00:00+00:00,101.7446,104.1455,100.9084,103.3535,6967
2024-02-08 16:00:00+00:00,103.3805,105.0878,101.9775,102.3541,13971
2024-02-08 20:00:00+00:00,102.3574,103.4351,101.659,102.7431,9585
2024-02-09 00:00:00+00:00,102.9194,103.998,102.3588,103.978,6507
2024-02-09 04:00:00+00:00,103.978,105.6986,103.7473,105.1061,8489
2024-02-09 08:00:00+00:00,105.1061,106.4034,104.4816,105.2844,5620
2024-02-09 12:00:00+00:00,105.3004,106.8431,104.2588,105.9866,10824
2024-02-09 16:00:00+00:00,105.9866,106.5235,104.0251,105.2761,7902
2024-02-09 20:00:00+00:00,105.2766,108.7145,104.7795,108.5778,10456
2024-02-10 00:00:00+00:00,107.8121,109.0573,106.0772,108.7865,9318
2024-02-10 04:00:00+00:00,108.7635,110.8392,108.7035,110.0857,13277
2024-02-10 08:00:00+00:00,110.0867,110.1111,107.9892,108.9479,8267
2024-02-10 12:00:00+00:00,108.9579,109.0079,107.0652,108.02,9644
2024-02-10 16:00:00+00:00,108.022,108.7537,107.6608,107.7518,9689
2024-02-10 20:00:00+00:00,107.7598,110.2974,107.7198,109.711,12015
2024-02-11 00:00:00+00:00,109.867,109.931,107.6383,108.1803,10309
2024-02-11 04:00:00+00:00,108.1853,109.8975,107.6963,108.9558,10940
2024-02-11 08:00:00+00:00,108.9628,110.0704,108.7479,109.8704,9313
2024-02-11 12:00:00+00:00,109.8754,110.6035,108.398,109.127,12383
2024-02-11 16:00:00+00:00,109.127,109.5386,107.9993,108.847,11661
2024-02-11 20:00:00+00:00,108.852,108.8616,107.1199,107.3106,11250
2024-02-12 00:00:00+00:00,107.3866,109.1542,106.7937,107.947,11058
2024-02-12 04:00:00+00:00,107.957,108.1316,104.2857,105.421,13193
2024-02-12 08:00:00+00:00,105.435,106.3444,104.5214,104.6414,12371
2024-02-12 12:00:00+00:00,104.6614,105.1529,103.3043,104.422,11718
2024-02-12 16:00:00+00:00,104.432,110.5959,104.372,109.599,18960
2024-02-12 20:00:00+00:00,109.606,111.6483,109.3773,110.0736,16061
2024-02-13 00:00:00+00:00,110.5636,114.7776,110.2831,114.2511,11808
2024-02-13 04:00:00+00:00,114.1511,114.3611,112.6252,114.0965,12113
2024-02-13 08:00:00+00:00,114.0865,115.0748,113.3575,114.6172,11978
2024-02-13 12:00:00+00:00,114.6272,114.6272,110.369,111.9781,14941
2024-02-13 16:00:00+00:00,111.9631,112.4985,108.2444,110.1611,18884
2024-02-13 20:00:00+00:00,110.1611,113.6919,110.0486,112.8121,16041
2024-02-14 00:00:00+00:00,112.7721,112.8169,110.5423,111.2465,12218
2024-02-14 04:00:00+00:00,111.2465,113.2217,110.663,112.8569,12229
2024-02-14 08:00:00+00:00,112.8669,116.2132,112.3183,115.9499,14824
2024-02-14 12:00:00+00:00,115.9649,118.0455,114.2576,117.9146,17865
2024-02-14 16:00:00+00:00,117.9196,118.4918,115.4265,115.8724,18844
2024-02-14 20:00:00+00:00,115.8684,117.0186,114.9789,116.9886,14158
2024-02-15 00:00:00+00:00,116.7196,118.4518,115.8466,116.5341,13053
2024-02-15 04:00:00+00:00,116.5341,117.6709,115.0853,115.4085,15062
2024-02-15 08:00:00+00:00,115.4115,116.4299,114.6486,116.4249,13950
2024-02-15 12:00:00+00:00,116.4049,117.1016,115.1646,116.0769,14802
2024-02-15 16:00:00+00:00,116.0769,117.3241,112.7614,113.2345,19648
2024-02-15 20:00:00+00:00,113.2445,114.352,111.582,111.9778,15858
2024-02-16 00:00:00+00:00,112.5298,113.7561,111.3454,113.4241,12863
2024-02-16 04:00:00+00:00,113.4241,114.2526,112.8449,113.1264,11148
2024-02-16 08:00:00+00:00,113.1014,113.3706,110.0992,111.1601,13952
2024-02-16 12:00:00+00:00,111.1601,113.1878,110.8001,112.2684,14504
2024-02-16 16:00:00+00:00,112.2684,112.4874,107.6595,108.8895,17939
2024-02-16 20:00:00+00:00,108.8995,109.8061,108.0751,109.4721,14570
2024-02-17 00:00:00+00:00,110.4269,111.062,109.0952,109.7421,6358
2024-02-17 04:00:00+00:00,109.7421,110.0747,108.5194,109.4336,7605
2024-02-17 08:00:00+00:00,109.4417,110.7827,108.3343,108.6704,10999
2024-02-17 12:00:00+00:00,108.6704,109.768,106.6234,106.9064,14545
2024-02-17 16:00:00+00:00,106.9114,107.8587,105.4779,107.6727,15882
2024-02-17 20:00:00+00:00,107.6597,109.6572,107.2412,109.2834,10472
2024-02-18 00:00:00+00:00,108.4774,109.7793,108.0747,108.3012,8423
2024-02-18 04:00:00+00:00,108.2852,109.703,107.4598,109.4978,11745
2024-02-18 08:00:00+00:00,109.4978,110.9859,108.0055,110.9159,13032
2024-02-18 12:00:00+00:00,110.8959,112.8301,110.6658,111.2804,13553
2024-02-18 16:00:00+00:00,111.2744,114.022,111.2744,113.2247,15582
2024-02-18 20:00:00+00:00,113.2177,113.5974,111.8084,113.045,14315
2024-02-19 00:00:00+00:00,112.258,113.6325,111.7145,112.1922,13758
2024-02-19 04:00:00+00:00,112.1522,112.4309,110.8051,111.681,12664
2024-02-19 08:00:00+00:00,111.678,113.5671,111.4472,111.7476,15764
2024-02-19 12:00:00+00:00,111.7476,114.4944,109.8271,112.8509,16974
2024-02-19 16:00:00+00:00,112.8509,114.7068,111.537,112.1371,18288
2024-02-19 20:00:00+00:00,112.1971,112.7722,111.3717,112.6377,14186
2024-02-20 00:00:00+00:00,112.6577,113.0048,108.9404,109.6429,14469
2024-02-20 04:00:00+00:00,109.6529,110.8016,108.91159999999999,110.6936,13769
2024-02-20 08:00:00+00:00,110.7036,110.9492,107.9744,108.8421,13277
2024-02-20 12:00:00+00:00,108.8371,110.6735,108.7091,110.4749,16754
2024-02-20 16:00:00+00:00,110.4289,110.5389,102.6765,105.2581,21256
2024-02-20 20:00:00+00:00,105.2181,107.7185,104.978,107.2986,13569
2024-02-21 00:00:00+00:00,107.6206,109.5666,106.8395,107.0049,10617
2024-02-21 04:00:00+00:00,107.0099,107.2403,105.9705,106.3414,13563
2024-02-21 08:00:00+00:00,106.3264,106.8174,102.4412,102.9022,16026
2024-02-21 12:00:00+00:00,102.9022,104.2746,101.6149,103.131,17447
2024-02-21 16:00:00+00:00,103.131,104.3721,100.8104,101.9747,20162
2024-02-21 20:00:00+00:00,101.9747,104.6869,100.0068,104.3619,16217
2024-02-22 00:00:00+00:00,104.5332,105.6103,101.9847,102.1991,13904
2024-02-22 04:00:00+00:00,102.1991,104.1104,102.0741,103.7037,13492
2024-02-22 08:00:00+00:00,103.7037,106.9156,103.6416,106.6294,15484
2024-02-22 12:00:00+00:00,106.6414,107.0504,103.0067,103.7726,17242
2024-02-22 16:00:00+00:00,103.7776,105.724,103.3996,104.0679,16654
2024-02-22 20:00:00+00:00,104.0379,105.1604,102.8414,103.3849,16272
2024-02-23 00:00:00+00:00,103.5911,103.6741,101.2336,101.8994,13063
2024-02-23 04:00:00+00:00,101.9084,102.5938,100.8142,102.3905,13822
2024-02-23 08:00:00+00:00,102.3905,103.0136,101.0562,102.2503,13581
2024-02-23 12:00:00+00:00,102.2053,102.9289,100.8315,102.0614,14463
2024-02-23 16:00:00+00:00,102.0624,102.7481,98.433,101.4759,19382
2024-02-23 20:00:00+00:00,101.4759,101.6797,100.6714,101.0647,11719
2024-02-24 00:00:00+00:00,99.9859,100.6671,98.3054,98.6034,11038
2024-02-24 04:00:00+00:00,98.6054,101.2831,98.3907,101.1649,10854
2024-02-24 08:00:00+00:00,101.1669,102.6287,100.8721,102.4132,10846
2024-02-24 12:00:00+00:00,102.3852,102.7009,101.5918,102.2326,8555
2024-02-24 16:00:00+00:00,102.2426,103.7427,101.4006,103.3736,12495
2024-02-24 20:00:00+00:00,103.3636,104.4601,103.0231,104.3681,10473
2024-02-25 00:00:00+00:00,104.597,104.6339,103.1271,103.6791,7980
2024-02-25 04:00:00+00:00,103.6641,104.3062,102.0724,103.2476,12453
2024-02-25 08:00:00+00:00,103.2326,103.6071,102.1115,102.3616,10712
2024-02-25 12:00:00+00:00,102.3666,103.1052,101.9488,102.5179,9157
2024-02-25 16:00:00+00:00,102.5179,103.7181,102.0766,103.3246,12041
2024-02-25 20:00:00+00:00,103.3316,104.3111,102.6636,103.4368,12160
2024-02-26 00:00:00+00:00,103.2873,104.5878,102.8906,103.3701,10523
2024-02-26 04:00:00+00:00,103.3701,103.9991,102.1509,103.8966,11163
2024-02-26 08:00:00+00:00,103.91159999999999,104.2079,101.1636,101.3736,12320
2024-02-26 12:00:00+00:00,101.3736,102.1886,100.1927,101.4931,11736
2024-02-26 16:00:00+00:00,101.5031,109.7783,101.4331,109.483,18741
2024-02-26 20:00:00+00:00,109.514,110.4534,108.3301,109.0531,15489
2024-02-27 00:00:00+00:00,108.9307,112.3609,108.9307,110.6491,10970
2024-02-27 04:00:00+00:00,110.6071,112.2052,109.0191,110.3064,14784
2024-02-27 08:00:00+00:00,110.3114,111.6744,110.0889,111.3045,14075
2024-02-27 12:00:00+00:00,111.2955,112.054,108.9901,110.2408,16688
2024-02-27 16:00:00+00:00,110.2408,110.4116,105.0618,107.166,17907
2024-02-27 20:00:00+00:00,107.171,109.3326,106.8421,108.7898,15497
2024-02-28 00:00:00+00:00,109.0638,109.2787,107.1634,108.0601,11665
2024-02-28 04:00:00+00:00,108.0651,109.1831,107.2235,108.7338,12459
2024-02-28 08:00:00+00:00,108.7368,111.927,108.3126,111.9268,15009
2024-02-28 12:00:00+00:00,111.9328,114.7091,109.2893,112.8516,20266
2024-02-28 16:00:00+00:00,112.8426,116.9593,106.2906,114.1596,22450
2024-02-28 20:00:00+00:00,114.1686,116.3431,107.7812,115.5926,20318
2024-02-29 00:00:00+00:00,116.614,123.9136,114.8404,123.3543,19190
2024-02-29 04:00:00+00:00,123.3493,125.5716,120.8179,123.7526,20268
2024-02-29 08:00:00+00:00,123.7426,132.5681,122.0616,128.8914,21767
2024-02-29 12:00:00+00:00,128.8914,133.8627,126.7381,132.5343,20996
2024-02-29 16:00:00+00:00,132.5143,134.4986,125.9045,128.1061,20912
2024-02-29 20:00:00+00:00,128.1061,131.7848,124.3973,127.6051,20225
2024-03-01 00:00:00+00:00,126.4651,136.5281,122.2775,135.5391,17904
2024-03-01 04:00:00+00:00,135.6091,137.5293,132.0663,133.9576,21351
2024-03-01 08:00:00+00:00,133.9546,135.1455,130.6395,134.0029,18409
2024-03-01 12:00:00+00:00,134.0029,135.3649,132.7341,134.7532,18685
2024-03-01 16:00:00+00:00,134.7332,134.8212,129.2491,131.9234,21633
2024-03-01 20:00:00+00:00,131.9234,133.2288,129.7088,130.5689,17920
2024-03-02 00:00:00+00:00,128.5359,131.683,127.1755,129.0137,9788
2024-03-02 04:00:00+00:00,128.9437,130.679,127.743,128.3985,17123
2024-03-02 08:00:00+00:00,128.3985,130.5825,127.3984,128.6035,17742
2024-03-02 12:00:00+00:00,128.6025,130.4144,127.8984,129.3815,17593
2024-03-02 16:00:00+00:00,129.3915,129.4615,127.3537,127.9435,17272
2024-03-02 20:00:00+00:00,127.9435,131.4305,127.8865,128.8243,16876
2024-03-03 00:00:00+00:00,128.4813,130.5894,128.2237,129.9822,16037
2024-03-03 04:00:00+00:00,129.9912,130.5576,128.1642,129.6063,15598
2024-03-03 08:00:00+00:00,129.5923,131.1758,123.8208,129.8452,20995
2024-03-03 12:00:00+00:00,129.8152,130.4288,127.5491,128.7877,17926
2024-03-03 16:00:00+00:00,128.7877,130.9259,128.1282,130.333,17463
2024-03-03 20:00:00+00:00,130.35,131.0642,129.4183,130.162,15329
2024-03-04 00:00:00+00:00,130.047,132.8233,128.5403,130.099,18328
2024-03-04 04:00:00+00:00,130.109,130.4782,128.4068,128.8458,17209
2024-03-04 08:00:00+00:00,128.8458,134.8775,128.5301,134.2301,18963
2024-03-04 12:00:00+00:00,134.2301,134.4288,129.874,130.4647,19762
2024-03-04 16:00:00+00:00,130.4657,132.9875,127.097,127.3331,23742
2024-03-04 20:00:00+00:00,127.3331,130.5053,127.2941,130.3791,21099
2024-03-05 00:00:00+00:00,129.6158,133.466,129.1006,132.2986,13146
2024-03-05 04:00:00+00:00,132.3186,132.6707,127.467,132.5107,18442
2024-03-05 08:00:00+00:00,132.4707,132.6007,128.9156,130.0713,18082
2024-03-05 12:00:00+00:00,130.0763,132.9615,130.0713,132.631,17955
2024-03-05 16:00:00+00:00,132.631,142.196,127.3583,134.8857,25836
2024-03-05 20:00:00+00:00,134.8927,134.9277,102.3213,120.7341,21640
2024-03-06 00:00:00+00:00,120.0033,127.2594,118.0183,122.1815,19077
2024-03-06 04:00:00+00:00,122.1465,129.6734,120.007,129.4692,21413
2024-03-06 08:00:00+00:00,129.4722,134.7484,129.0135,129.2037,22207
2024-03-06 12:00:00+00:00,129.2087,132.57,125.8471,127.7537,22143
2024-03-06 16:00:00+00:00,127.7543,130.2874,125.0501,129.8664,22076
2024-03-06 20:00:00+00:00,129.8624,132.3556,128.4573,132.2846,15011
2024-03-07 00:00:00+00:00,130.8312,137.1126,129.599,137.0016,16670
2024-03-07 04:00:00+00:00,137.0416,141.3421,134.9905,137.1794,21183
2024-03-07 08:00:00+00:00,137.1864,141.6021,135.8819,139.6586,17528
2024-03-07 12:00:00+00:00,139.6686,145.0171,137.981,144.6961,16941
2024-03-07 16:00:00+00:00,144.6961,148.7505,143.7946,146.6219,17964
2024-03-07 20:00:00+00:00,146.6219,149.189,144.3911,145.3219,15698
2024-03-08 00:00:00+00:00,145.6319,146.5729,143.0714,144.7731,12078
2024-03-08 04:00:00+00:00,144.7431,145.7601,141.9456,142.7851,10460
2024-03-08 08:00:00+00:00,142.7951,146.7061,142.1748,145.3431,11828
2024-03-08 12:00:00+00:00,145.3281,149.9021,145.2281,149.0851,13744
2024-03-08 16:00:00+00:00,149.0951,152.4781,141.6224,149.476,21556
2024-03-08 20:00:00+00:00,149.476,149.9416,143.5976,143.7451,14719
2024-03-09 00:00:00+00:00,145.1524,147.0368,144.0327,145.2815,7096
2024-03-09 04:00:00+00:00,145.3515,148.5311,144.2516,148.2511,8662
2024-03-09 08:00:00+00:00,148.2311,149.3626,146.7681,147.2161,8999
2024-03-09 12:00:00+00:00,147.2161,147.6026,145.0422,146.4696,9414
2024-03-09 16:00:00+00:00,146.4896,147.5201,143.7073,145.2328,9708
2024-03-09 20:00:00+00:00,145.2328,146.4211,144.8028,146.2656,11019
2024-03-10 00:00:00+00:00,146.3261,147.3201,143.9791,147.2231,14469
2024-03-10 04:00:00+00:00,147.2331,148.2916,146.3616,147.7336,13303
2024-03-10 08:00:00+00:00,147.7536,148.6337,147.0681,148.0291,9784
2024-03-10 12:00:00+00:00,148.0291,148.1186,144.3498,145.6256,11855
2024-03-10 16:00:00+00:00,145.6056,145.6556,141.4475,144.1271,11386
2024-03-10 20:00:00+00:00,144.1371,145.5506,143.0831,145.0621,11975
2024-03-11 00:00:00+00:00,145.1491,145.2991,136.4081,139.9246,15180
2024-03-11 04:00:00+00:00,139.9296,141.6246,136.9197,140.4056,17634
2024-03-11 08:00:00+00:00,140.3966,149.8206,139.5376,148.8744,20524
2024-03-11 12:00:00+00:00,148.8744,149.8987,147.0906,148.8674,17124
2024-03-11 16:00:00+00:00,148.8674,149.7899,145.3974,146.8807,17879
2024-03-11 20:00:00+00:00,146.8807,148.2749,145.7994,147.2224,16495
2024-03-12 00:00:00+00:00,147.1334,149.3399,146.7899,146.9809,12170
2024-03-12 04:00:00+00:00,146.9809,154.6007,146.8997,153.5414,19912
2024-03-12 08:00:00+00:00,153.5314,154.1157,147.7967,149.7789,18792
2024-03-12 12:00:00+00:00,149.7689,152.9984,147.5533,150.8455,17422
2024-03-12 16:00:00+00:00,150.8355,151.6489,145.8059,145.9887,24561
2024-03-12 20:00:00+00:00,145.9937,150.0239,141.1914,148.2269,18285
2024-03-13 00:00:00+00:00,147.5569,151.4689,146.6052,149.3054,9371
2024-03-13 04:00:00+00:00,149.3154,150.7709,148.6244,149.9609,15314
2024-03-13 08:00:00+00:00,149.9209,152.8909,149.3809,152.2504,17813
2024-03-13 12:00:00+00:00,152.2404,154.4319,151.0094,152.6032,15221
2024-03-13 16:00:00+00:00,152.5932,158.9804,149.6732,158.1174,22100
2024-03-13 20:00:00+00:00,158.0874,161.8489,157.4447,159.9504,18649
2024-03-14 00:00:00+00:00,159.9224,169.0164,159.5024,167.4877,17282
2024-03-14 04:00:00+00:00,167.4967,168.7747,164.7315,166.3829,19500
2024-03-14 08:00:00+00:00,166.3929,169.8669,165.0654,169.0664,19335
2024-03-14 12:00:00+00:00,169.0664,173.9384,168.8899,171.9991,26513
2024-03-14 16:00:00+00:00,172.0041,172.6346,163.1269,168.979,29667
2024-03-14 20:00:00+00:00,168.989,169.7921,158.6541,167.7211,28497
2024-03-15 00:00:00+00:00,167.8615,179.3611,167.1536,179.2596,23752
2024-03-15 04:00:00+00:00,179.2746,186.276,168.5591,172.8626,32171
2024-03-15 08:00:00+00:00,172.8346,181.3771,165.8268,166.5813,27743
2024-03-15 12:00:00+00:00,166.5903,173.7211,163.8176,171.6006,28334
2024-03-15 16:00:00+00:00,171.5906,184.3632,171.1356,180.6726,31231
2024-03-15 20:00:00+00:00,180.6826,188.5921,174.7901,175.6495,30074
2024-03-16 00:00:00+00:00,179.8197,185.2324,179.0998,180.8421,16378
2024-03-16 04:00:00+00:00,180.8521,189.4111,180.1896,187.584,22014
2024-03-16 08:00:00+00:00,187.584,192.3981,184.7076,189.0569,11454
2024-03-16 12:00:00+00:00,192.4034,192.5086,187.9836,190.6161,7391
2024-03-16 16:00:00+00:00,190.6161,195.6207,187.2259,192.5091,26287
2024-03-16 20:00:00+00:00,192.5291,192.8706,176.3066,183.3731,29908
2024-03-17 00:00:00+00:00,182.5834,188.2324,176.4059,181.9246,25677
2024-03-17 04:00:00+00:00,181.9736,187.5821,181.9736,183.3694,25696
2024-03-17 08:00:00+00:00,183.3694,188.3504,177.9076,186.1448,27143
2024-03-17 12:00:00+00:00,186.1448,193.7022,184.4576,189.1541,27653
2024-03-17 16:00:00+00:00,189.1541,195.7831,188.4709,192.6871,26935
2024-03-17 20:00:00+00:00,192.6971,197.6986,192.1841,196.2286,25704
2024-03-18 00:00:00+00:00,196.9276,203.6291,195.1938,195.4126,24742
2024-03-18 04:00:00+00:00,195.3726,204.8464,193.3696,202.6601,27158
2024-03-18 08:00:00+00:00,202.6611,204.2996,197.7636,202.1681,26118
2024-03-18 12:00:00+00:00,202.1701,209.5393,199.4905,208.5134,26788
2024-03-18 16:00:00+00:00,208.5034,208.7561,197.2154,198.7646,27819
2024-03-18 20:00:00+00:00,198.7746,201.8468,194.9526,199.7751,28734
2024-03-19 00:00:00+00:00,201.5071,204.3212,192.7894,193.3559,22893
2024-03-19 04:00:00+00:00,193.3559,193.5759,179.4366,186.0466,32331
2024-03-19 08:00:00+00:00,186.0266,188.4487,174.8716,175.5303,33452
2024-03-19 12:00:00+00:00,175.5123,185.2616,170.3141,182.6931,36462
2024-03-19 16:00:00+00:00,182.6831,184.0526,173.9746,183.6861,21727
2024-03-19 20:00:00+00:00,183.6861,185.9111,174.1171,174.9131,12248
2024-03-20 00:00:00+00:00,171.9351,175.8801,165.2001,175.6991,10956
2024-03-20 04:00:00+00:00,175.7281,176.3551,165.8276,167.1391,12094
2024-03-20 08:00:00+00:00,167.1401,174.5646,162.1006,170.6416,14505
2024-03-20 12:00:00+00:00,170.6416,176.1466,169.0161,174.6541,15516
2024-03-20 16:00:00+00:00,174.7031,176.0147,164.6516,167.3856,12630
2024-03-20 20:00:00+00:00,167.3856,188.0468,166.3901,185.9792,17726
2024-03-21 00:00:00+00:00,185.7832,194.9226,185.0507,192.5175,14214
2024-03-21 04:00:00+00:00,192.5175,194.2262,187.1547,188.2407,12730
2024-03-21 08:00:00+00:00,188.2007,191.9452,184.3562,187.7002,14399
2024-03-21 12:00:00+00:00,187.7202,190.8797,185.8297,189.2367,17726
2024-03-21 16:00:00+00:00,189.3067,191.0507,183.0282,186.1817,11239
2024-03-21 20:00:00+00:00,186.1117,187.4617,175.4202,179.2272,10662
2024-03-22 00:00:00+00:00,178.9312,181.3992,176.0168,178.5142,13638
2024-03-22 04:00:00+00:00,178.5142,179.4842,173.5802,178.8712,9253
2024-03-22 08:00:00+00:00,178.8712,180.5192,176.2732,177.0802,10522
2024-03-22 12:00:00+00:00,177.0902,178.1382,169.4567,172.7712,14548
2024-03-22 16:00:00+00:00,172.7802,173.6257,167.0836,170.0572,11693
2024-03-22 20:00:00+00:00,170.0572,173.4827,169.8377,171.5572,11124
2024-03-23 00:00:00+00:00,169.9016,175.0296,167.4133,173.4417,5806
2024-03-23 04:00:00+00:00,173.4517,177.6292,169.9157,171.5128,4604
2024-03-23 08:00:00+00:00,171.5228,177.1127,171.2122,175.6877,13217
2024-03-23 12:00:00+00:00,175.6877,176.4957,173.6457,176.2198,12886
2024-03-23 16:00:00+00:00,176.2772,178.5019,172.9872,174.9852,11145
2024-03-23 20:00:00+00:00,175.0552,176.5222,172.8257,173.1007,17980
2024-03-24 00:00:00+00:00,172.6232,177.0842,171.5527,175.7212,15178
2024-03-24 04:00:00+00:00,175.7312,176.3197,171.0892,172.6802,17603
2024-03-24 08:00:00+00:00,172.6702,175.6322,171.5287,175.5052,19945
2024-03-24 12:00:00+00:00,175.5152,176.5965,172.7626,176.3635,6711
2024-03-24 16:00:00+00:00,176.3435,177.0547,173.7847,173.9482,20735
2024-03-24 20:00:00+00:00,173.9482,179.2407,172.0852,178.7087,19713
2024-03-25 00:00:00+00:00,179.3887,186.3845,178.1552,181.0017,13643
2024-03-25 04:00:00+00:00,181.0117,185.3722,180.7517,185.0982,14667
2024-03-25 08:00:00+00:00,185.0982,189.3562,184.2877,187.0817,14366
2024-03-25 12:00:00+00:00,187.0817,191.5688,186.1337,186.9532,13908
2024-03-25 16:00:00+00:00,186.9532,194.1048,186.2412,192.8702,16657
2024-03-25 20:00:00+00:00,192.8702,194.3657,190.5042,191.9242,20877
2024-03-26 00:00:00+00:00,191.7342,192.1432,187.8337,188.8117,15358
2024-03-26 04:00:00+00:00,188.8017,193.9987,188.2043,193.9292,19517
2024-03-26 08:00:00+00:00,193.9292,196.4022,191.6562,194.2182,17800
2024-03-26 12:00:00+00:00,194.2182,196.1187,193.0147,194.5457,17108
2024-03-26 16:00:00+00:00,194.5457,194.9142,186.1852,187.1462,13127
2024-03-26 20:00:00+00:00,187.1562,190.9537,185.9892,189.1667,17607
2024-03-27 00:00:00+00:00,189.5649,192.3713,188.4177,192.0992,17845
2024-03-27 04:00:00+00:00,192.1392,192.3777,188.3267,188.9737,19362
2024-03-27 08:00:00+00:00,188.9657,190.3682,184.6147,184.7447,17642
2024-03-27 12:00:00+00:00,184.7447,188.4537,181.8267,186.9262,20157
2024-03-27 16:00:00+00:00,186.9362,190.6547,179.7327,182.7541,14553
2024-03-27 20:00:00+00:00,182.7541,184.8687,180.6782,184.8087,18611
2024-03-28 00:00:00+00:00,184.6495,187.4762,183.5837,186.2162,15812
2024-03-28 04:00:00+00:00,186.2162,186.7192,179.8547,183.4447,17714
2024-03-28 08:00:00+00:00,183.4347,188.0692,182.3932,186.6517,18137
2024-03-28 12:00:00+00:00,186.6517,187.8657,182.1481,183.3068,21371
2024-03-28 16:00:00+00:00,183.3068,189.0824,182.1259,185.0842,14995
2024-03-28 20:00:00+00:00,185.0642,187.9887,184.1877,187.7452,19739
2024-03-29 00:00:00+00:00,188.0652,190.7652,186.0472,188.5087,17590
2024-03-29 04:00:00+00:00,188.5187,190.4669,186.8772,187.4212,17940
2024-03-29 08:00:00+00:00,187.4112,188.0337,183.1497,185.3002,17121
2024-03-29 12:00:00+00:00,185.3602,186.3837,183.2447,185.6202,17389
2024-03-29 16:00:00+00:00,185.6302,189.5497,183.8222,184.6232,14934
2024-03-29 20:00:00+00:00,184.6232,189.7952,184.2582,189.7222,18151
2024-03-30 00:00:00+00:00,187.2573,194.1737,187.2503,193.7802,10463
2024-03-30 04:00:00+00:00,193.7802,198.2102,190.8852,198.1202,13696
2024-03-30 08:00:00+00:00,198.1207,199.6852,192.4722,194.0052,9601
2024-03-30 12:00:00+00:00,194.0052,198.4032,193.3232,197.9181,4338
2024-03-30 16:00:00+00:00,197.9181,197.9181,194.7892,197.4012,5129
2024-03-30 20:00:00+00:00,197.4012,197.5977,193.1982,194.7202,14942
2024-03-31 00:00:00+00:00,195.0102,196.2113,192.7806,195.0702,13766
2024-03-31 04:00:00+00:00,195.0502,196.9092,192.2817,195.1942,20048
2024-03-31 08:00:00+00:00,195.1852,196.9122,194.4847,196.5887,19415
2024-03-31 12:00:00+00:00,196.5987,196.6887,194.6392,195.9342,7215
2024-03-31 16:00:00+00:00,195.9442,197.0702,194.2922,195.2822,6450
2024-03-31 20:00:00+00:00,195.2922,200.3887,195.2922,199.2092,11384
2024-04-01 00:00:00+00:00,199.1552,202.8807,197.8012,201.8028,13758
2024-04-01 04:00:00+00:00,201.7928,203.7777,200.6432,200.7882,14827
2024-04-01 08:00:00+00:00,200.7882,201.2317,192.5232,196.3627,16733
2024-04-01 12:00:00+00:00,196.3727,197.8667,194.4127,196.8527,19555
2024-04-01 16:00:00+00:00,196.8517,197.6107,186.473,189.2907,24533
2024-04-01 20:00:00+00:00,189.2907,193.7147,187.0583,193.6632,22608
2024-04-02 00:00:00+00:00,193.0232,193.9003,188.1432,189.7182,18237
2024-04-02 04:00:00+00:00,189.7082,191.0492,181.0699,183.5158,18866
2024-04-02 08:00:00+00:00,183.5158,186.2712,180.3512,180.9412,15472
2024-04-02 12:00:00+00:00,180.8452,182.7817,177.1163,178.8577,14549
2024-04-02 16:00:00+00:00,178.8177,181.8638,175.6442,180.3583,18085
2024-04-02 20:00:00+00:00,180.3783,186.8047,179.8982,184.7292,15102
2024-04-03 00:00:00+00:00,182.8752,185.3862,176.4003,180.8672,16379
2024-04-03 04:00:00+00:00,180.8772,188.7798,178.5947,187.8032,16956
2024-04-03 08:00:00+00:00,187.8132,191.7272,187.0732,190.5201,16852
2024-04-03 12:00:00+00:00,190.5201,191.2532,186.2147,187.9567,21394
2024-04-03 16:00:00+00:00,187.9562,190.9477,186.2282,188.9902,16871
2024-04-03 20:00:00+00:00,188.9992,189.8987,182.5603,183.3313,19581
2024-04-04 00:00:00+00:00,180.5367,187.2092,180.4893,186.6642,16913
2024-04-04 04:00:00+00:00,186.6542,186.6542,180.1038,181.9677,16496
2024-04-04 08:00:00+00:00,181.9687,186.1167,181.5687,185.3927,21468
2024-04-04 12:00:00+00:00,185.4027,187.5497,184.4652,186.7297,19971
2024-04-04 16:00:00+00:00,186.7397,189.3562,185.3952,187.1796,27058
2024-04-04 20:00:00+00:00,187.1886,189.9767,180.9342,182.2922,25017
2024-04-05 00:00:00+00:00,182.8492,184.9702,180.6964,184.7392,17608
2024-04-05 04:00:00+00:00,184.7292,184.7692,175.5428,176.8453,17610
2024-04-05 08:00:00+00:00,176.8453,177.2352,171.3997,172.7072,16228
2024-04-05 12:00:00+00:00,172.7072,172.7182,167.1462,172.4102,18200
2024-04-05 16:00:00+00:00,172.4202,177.0457,170.8325,174.3173,18576
2024-04-05 20:00:00+00:00,174.3163,176.6837,172.3197,175.8177,17967
2024-04-06 00:00:00+00:00,175.7589,176.3487,173.3648,175.2077,14440
2024-04-06 04:00:00+00:00,175.2087,176.0627,173.3632,175.5777,16265
2024-04-06 08:00:00+00:00,175.5877,177.9723,175.3077,177.8267,18006
2024-04-06 12:00:00+00:00,177.8167,178.3342,173.6457,174.9457,19039
2024-04-06 16:00:00+00:00,174.9357,178.4733,173.6537,177.5442,17733
2024-04-06 20:00:00+00:00,177.5442,178.2917,175.7002,177.7102,18840
2024-04-07 00:00:00+00:00,178.0637,179.5487,176.316,177.9017,14326
2024-04-07 04:00:00+00:00,177.9022,182.4582,177.7547,180.4403,16318
2024-04-07 08:00:00+00:00,180.4303,181.2327,179.0472,180.1212,10674
2024-04-07 12:00:00+00:00,180.1212,181.2902,177.9717,180.9062,7067
2024-04-07 16:00:00+00:00,180.9162,182.3657,179.0072,181.4352,15086
2024-04-07 20:00:00+00:00,181.4152,181.4637,177.2462,178.5892,19355
2024-04-08 00:00:00+00:00,178.7082,179.6973,176.1869,177.6282,16910
2024-04-08 04:00:00+00:00,177.6282,178.9067,174.7987,175.6802,18275
2024-04-08 08:00:00+00:00,175.6802,183.7802,175.3255,183.1197,19062
2024-04-08 12:00:00+00:00,183.0497,184.1352,179.8892,179.9692,15781
2024-04-08 16:00:00+00:00,179.9782,181.8517,178.8862,180.5007,16339
2024-04-08 20:00:00+00:00,180.5107,180.9407,178.0302,179.535,15606
2024-04-09 00:00:00+00:00,179.685,181.0309,179.0702,179.5307,9849
2024-04-09 04:00:00+00:00,179.5307,180.0102,176.0242,177.4137,18364
2024-04-09 08:00:00+00:00,177.4237,178.2417,172.8672,175.0597,14095
2024-04-09 12:00:00+00:00,175.0597,176.2237,174.1497,175.3802,18050
2024-04-09 16:00:00+00:00,175.3802,175.5227,168.6272,173.4637,14357
2024-04-09 20:00:00+00:00,173.4737,177.1127,172.8903,174.6582,17298
2024-04-10 00:00:00+00:00,172.8292,174.1004,171.0932,172.0047,13743
2024-04-10 04:00:00+00:00,171.9647,172.4737,168.7137,170.7182,17819
2024-04-10 08:00:00+00:00,170.7182,173.2222,170.2677,170.3477,16386
2024-04-10 12:00:00+00:00,170.3577,171.9237,161.5167,165.1328,13761
2024-04-10 16:00:00+00:00,165.1228,171.3347,163.2313,171.1647,8562
2024-04-10 20:00:00+00:00,171.1847,172.5217,167.4116,170.5057,13463
2024-04-11 00:00:00+00:00,168.7925,175.3248,168.7318,171.9967,12143
2024-04-11 04:00:00+00:00,171.9677,173.5622,170.8662,173.4497,17020
2024-04-11 08:00:00+00:00,173.3997,175.6922,172.3937,174.5727,17515
2024-04-11 12:00:00+00:00,174.5727,174.6327,169.7562,171.4437,17507
2024-04-11 16:00:00+00:00,171.4537,174.8177,170.1352,173.5042,9285
2024-04-11 20:00:00+00:00,173.5642,175.9797,173.1227,174.0467,13051
2024-04-12 00:00:00+00:00,172.0537,173.9308,171.1085,173.1377,13637
2024-04-12 04:00:00+00:00,173.0777,174.7037,171.4772,174.3652,14425
2024-04-12 08:00:00+00:00,174.3652,175.7786,172.5707,172.8293,12878
2024-04-12 12:00:00+00:00,172.8793,173.2412,168.9227,169.4512,13390
2024-04-12 16:00:00+00:00,169.4012,169.4212,164.5367,165.5317,10761
2024-04-12 20:00:00+00:00,165.4717,165.8282,138.3709,151.4547,18429
2024-04-13 00:00:00+00:00,149.9582,153.9637,147.7977,151.4442,7344
2024-04-13 04:00:00+00:00,151.4527,154.4817,144.8568,153.2662,12264
2024-04-13 08:00:00+00:00,153.2662,154.6387,148.5292,149.6607,14620
2024-04-13 12:00:00+00:00,149.6507,153.0926,149.2242,151.6117,12535
2024-04-13 16:00:00+00:00,151.5317,152.8497,143.8092,145.1657,14958
2024-04-13 20:00:00+00:00,145.1257,145.1357,117.4173,124.0252,22741
2024-04-14 00:00:00+00:00,125.6207,142.4517,120.9188,137.4942,18993
2024-04-14 04:00:00+00:00,137.5142,141.3267,129.7582,139.9497,14653
2024-04-14 08:00:00+00:00,139.9097,145.3037,138.8582,142.8457,10752
2024-04-14 12:00:00+00:00,142.8457,144.1557,137.4857,141.2757,7038
2024-04-14 16:00:00+00:00,141.2797,142.9297,134.9022,138.9292,12417
2024-04-14 20:00:00+00:00,138.9292,143.3662,132.7042,141.0187,14075
2024-04-15 00:00:00+00:00,139.3732,152.5582,138.029,148.2902,13742
2024-04-15 04:00:00+00:00,148.3002,149.2762,145.5792,148.2047,9526
2024-04-15 08:00:00+00:00,148.2147,155.7972,147.8432,153.1442,10308
2024-04-15 12:00:00+00:00,153.1542,154.7518,149.2538,150.8643,12815
2024-04-15 16:00:00+00:00,150.8843,152.1098,139.1508,139.4908,15286
2024-04-15 20:00:00+00:00,139.4908,142.3178,132.8903,136.0263,11635
2024-04-16 00:00:00+00:00,134.7698,139.9053,133.7952,137.1682,8286
2024-04-16 04:00:00+00:00,137.1682,140.3073,129.0833,132.0508,10769
2024-04-16 08:00:00+00:00,132.0508,138.5758,131.4508,136.4953,11826
2024-04-16 12:00:00+00:00,136.4953,137.7503,129.4318,133.3033,15029
2024-04-16 16:00:00+00:00,133.3133,134.0383,125.9668,131.6133,19942
2024-04-16 20:00:00+00:00,131.6533,134.9428,130.9358,133.8858,11070
2024-04-17 00:00:00+00:00,132.8388,137.8183,132.7691,137.1043,11533
2024-04-17 04:00:00+00:00,137.0653,142.2033,134.4823,140.9368,9318
2024-04-17 08:00:00+00:00,140.9378,141.7638,137.2953,138.5348,12380
2024-04-17 12:00:00+00:00,138.5448,139.6703,129.7738,131.9358,12777
2024-04-17 16:00:00+00:00,131.9658,134.5903,126.4668,127.9788,18283
2024-04-17 20:00:00+00:00,127.9788,137.3868,127.7088,133.3398,12768
2024-04-18 00:00:00+00:00,131.8038,137.4963,129.4098,131.9153,9484
2024-04-18 04:00:00+00:00,131.9153,136.4908,131.2773,134.0488,8970
2024-04-18 08:00:00+00:00,134.0603,135.6828,127.4074,129.9483,8976
2024-04-18 12:00:00+00:00,129.9483,136.6308,129.2238,133.1068,8901
2024-04-18 16:00:00+00:00,133.1088,141.1065,131.6853,139.1868,18505
2024-04-18 20:00:00+00:00,139.1648,140.7843,135.3968,139.9508,10071
2024-04-19 00:00:00+00:00,140.3688,143.5664,137.6148,137.9878,10877
2024-04-19 04:00:00+00:00,137.9978,140.3428,127.8838,139.1698,15090
2024-04-19 08:00:00+00:00,139.1798,146.4375,136.6183,144.0354,13663
2024-04-19 12:00:00+00:00,144.0354,145.7638,142.6818,143.7418,10662
2024-04-19 16:00:00+00:00,143.7418,147.2763,141.4453,145.5219,8602
2024-04-19 20:00:00+00:00,145.5219,146.6773,141.7179,142.7673,9661
2024-04-20 00:00:00+00:00,144.4198,145.4766,139.4783,140.5378,14441
2024-04-20 04:00:00+00:00,140.5258,144.6468,139.0768,144.6053,10005
2024-04-20 08:00:00+00:00,144.5953,144.8273,141.4298,142.3128,13727
2024-04-20 12:00:00+00:00,142.3228,142.5828,139.8223,142.1803,10368
2024-04-20 16:00:00+00:00,142.1803,148.0043,141.5153,147.2873,13346
2024-04-20 20:00:00+00:00,147.2873,152.1398,147.2873,151.1963,10053
2024-04-21 00:00:00+00:00,149.6983,151.8758,147.8338,148.4818,14620
2024-04-21 04:00:00+00:00,148.5118,153.2763,148.5118,150.8228,11123
2024-04-21 08:00:00+00:00,150.8328,152.4259,149.7088,151.5088,15237
2024-04-21 12:00:00+00:00,151.4588,152.1768,148.8018,149.8673,8874
2024-04-21 16:00:00+00:00,149.8473,150.6009,146.4118,147.7318,13077
2024-04-21 20:00:00+00:00,147.6918,149.1998,146.7253,148.9633,14272
2024-04-22 00:00:00+00:00,149.7943,150.4583,147.6793,148.7563,13616
2024-04-22 04:00:00+00:00,148.7663,151.4053,146.3903,150.7558,11158
2024-04-22 08:00:00+00:00,150.7658,156.2268,150.5558,152.4528,13806
2024-04-22 12:00:00+00:00,152.4628,154.7118,152.1928,154.0278,14713
2024-04-22 16:00:00+00:00,154.0378,154.7928,151.2793,153.3168,10916
2024-04-22 20:00:00+00:00,153.3268,155.7964,153.1083,154.4478,13205
2024-04-23 00:00:00+00:00,152.5958,159.1058,152.5507,158.7318,10447
2024-04-23 04:00:00+00:00,158.7418,158.8663,154.0668,154.6158,12201
2024-04-23 08:00:00+00:00,154.5958,156.0258,152.3218,154.0448,11944
2024-04-23 12:00:00+00:00,154.0748,155.3383,153.2553,154.6133,13352
2024-04-23 16:00:00+00:00,154.6133,159.4183,153.6498,157.9258,10284
2024-04-23 20:00:00+00:00,157.8958,159.7848,155.3383,156.2113,12707
2024-04-24 00:00:00+00:00,154.8073,156.7118,154.0998,156.5403,11092
2024-04-24 04:00:00+00:00,156.5403,159.0158,154.8923,158.8933,10947
2024-04-24 08:00:00+00:00,158.8933,159.3848,156.4568,157.1799,12997
2024-04-24 12:00:00+00:00,157.1899,159.5033,156.2743,158.4998,14585
2024-04-24 16:00:00+00:00,158.4998,158.5198,150.2284,151.5168,8733
2024-04-24 20:00:00+00:00,151.5168,153.5528,146.5573,148.6083,14237
2024-04-25 00:00:00+00:00,146.6193,149.7919,145.0068,148.2818,8176
2024-04-25 04:00:00+00:00,148.2718,149.0008,144.2808,147.1133,8284
2024-04-25 08:00:00+00:00,147.1333,148.2438,144.8953,146.1808,11277
2024-04-25 12:00:00+00:00,146.1908,147.1698,142.6969,143.2543,10892
2024-04-25 16:00:00+00:00,143.2643,148.3443,141.7068,148.3143,8513
2024-04-25 20:00:00+00:00,148.2943,149.0593,145.3411,147.2436,11752
2024-04-26 00:00:00+00:00,145.4396,148.4869,141.8096,142.8566,11535
2024-04-26 04:00:00+00:00,142.8266,144.7686,141.2256,142.8821,8292
2024-04-26 08:00:00+00:00,142.8821,144.6856,142.4946,144.0476,11279
2024-04-26 12:00:00+00:00,144.0576,144.4736,141.9976,142.8106,12549
2024-04-26 16:00:00+00:00,142.8106,145.7686,140.7781,142.0356,7612
2024-04-26 20:00:00+00:00,142.0356,144.0866,141.8456,142.5154,13109
2024-04-27 00:00:00+00:00,142.4775,142.5779,135.9196,137.2901,7059
2024-04-27 04:00:00+00:00,137.2901,137.3101,131.4571,136.7061,7074
2024-04-27 08:00:00+00:00,136.7061,136.7871,134.7877,135.8641,7129
2024-04-27 12:00:00+00:00,135.8941,137.3982,134.9587,137.1126,10296
2024-04-27 16:00:00+00:00,137.1226,139.4376,136.1996,137.9621,11484
2024-04-27 20:00:00+00:00,137.9121,142.6936,137.4551,140.9076,10703
2024-04-28 00:00:00+00:00,139.0117,141.9281,138.9494,141.6826,11997
2024-04-28 04:00:00+00:00,141.6426,144.4071,141.1421,142.7411,13574
2024-04-28 08:00:00+00:00,142.7311,144.1536,141.9306,142.4276,13780
2024-04-28 12:00:00+00:00,142.4376,142.9331,140.1231,141.3821,6220
2024-04-28 16:00:00+00:00,141.3821,142.5486,140.4661,142.2286,12698
2024-04-28 20:00:00+00:00,142.2286,143.5826,140.6821,141.6126,12079
2024-04-29 00:00:00+00:00,141.3926,141.6631,136.7026,138.2026,7701
2024-04-29 04:00:00+00:00,138.1926,138.5971,133.9186,136.0251,8908
2024-04-29 08:00:00+00:00,136.0251,136.6601,133.3996,134.6796,9974
2024-04-29 12:00:00+00:00,134.6796,136.5431,133.6551,135.8011,9485
2024-04-29 16:00:00+00:00,135.8311,137.1841,133.0761,133.3561,8448
2024-04-29 20:00:00+00:00,133.3561,135.4831,133.1911,134.8201,10994
2024-04-30 00:00:00+00:00,133.0521,139.4371,132.0011,138.8591,9087
2024-04-30 04:00:00+00:00,138.8791,138.9811,134.3181,135.5316,9556
2024-04-30 08:00:00+00:00,135.5316,136.0936,129.7461,130.4901,11330
2024-04-30 12:00:00+00:00,130.5301,131.3856,126.3741,128.8161,8059
2024-04-30 16:00:00+00:00,128.8161,130.0031,122.0506,125.3251,10234
2024-04-30 20:00:00+00:00,125.3251,125.7046,120.7291,124.6211,12058
2024-05-01 00:00:00+00:00,123.4536,128.3181,123.4381,124.8161,8870
2024-05-01 04:00:00+00:00,124.8161,127.0581,123.1481,125.6941,9294
2024-05-01 08:00:00+00:00,125.6941,126.3327,117.7261,120.7301,12461
2024-05-01 12:00:00+00:00,120.6801,124.5316,119.9386,123.5711,6998
2024-05-01 16:00:00+00:00,123.5731,126.0816,120.9881,124.1921,7238
2024-05-01 20:00:00+00:00,124.1921,135.0716,123.3891,131.3571,13431
2024-05-02 00:00:00+00:00,129.7932,134.7541,129.7459,131.1726,9974
2024-05-02 04:00:00+00:00,131.1326,131.7861,128.3081,129.1826,11228
2024-05-02 08:00:00+00:00,129.1326,133.6761,127.7936,133.1697,7877
2024-05-02 12:00:00+00:00,133.1697,138.7886,132.1837,136.6901,8259
2024-05-02 16:00:00+00:00,136.7601,140.0796,134.8081,137.5566,8228
2024-05-02 20:00:00+00:00,137.5866,139.5474,135.1546,136.3396,7733
2024-05-03 00:00:00+00:00,135.1906,140.3974,135.1542,137.6476,10163
2024-05-03 04:00:00+00:00,137.6276,141.4131,137.4521,139.8886,10659
2024-05-03 08:00:00+00:00,139.8886,140.6596,136.5326,137.2436,12872
2024-05-03 12:00:00+00:00,137.2436,142.1385,135.6731,141.7085,12340
2024-05-03 16:00:00+00:00,141.7485,143.6906,140.2552,141.4992,10965
2024-05-03 20:00:00+00:00,141.5192,144.7607,140.9022,143.4647,14558
2024-05-04 00:00:00+00:00,142.8605,144.7502,142.1471,144.0212,11168
2024-05-04 04:00:00+00:00,143.9582,145.8792,141.9212,145.2417,15766
2024-05-04 08:00:00+00:00,145.2417,145.3217,143.4613,144.7477,15902
2024-05-04 12:00:00+00:00,144.7577,148.6987,143.5407,147.7638,15240
2024-05-04 16:00:00+00:00,147.7638,147.9673,144.9907,146.5967,18464
2024-05-04 20:00:00+00:00,146.5967,147.4992,144.9257,146.9037,14582
2024-05-05 00:00:00+00:00,144.9967,147.3631,143.7792,144.9482,11895
2024-05-05 04:00:00+00:00,144.9487,145.2392,142.8062,144.5147,17577
2024-05-05 08:00:00+00:00,144.5057,146.4457,143.6632,145.6797,13229
2024-05-05 12:00:00+00:00,145.6797,146.6617,144.7917,145.8072,6651
2024-05-05 16:00:00+00:00,145.8072,147.7167,145.135,146.8392,15535
2024-05-05 20:00:00+00:00,146.8392,147.5313,144.5297,145.1817,13846
2024-05-06 00:00:00+00:00,143.3007,146.9977,143.2179,146.8352,10527
2024-05-06 04:00:00+00:00,146.8352,147.9172,145.0897,147.5307,15936
2024-05-06 08:00:00+00:00,147.5507,154.3292,146.9792,154.1372,16295
2024-05-06 12:00:00+00:00,154.1572,156.5012,149.2032,150.6852,13202
2024-05-06 16:00:00+00:00,150.6452,155.7957,150.3112,151.3482,13931
2024-05-06 20:00:00+00:00,151.2882,154.7467,150.5197,154.2687,13567
2024-05-07 00:00:00+00:00,152.4537,155.5925,151.6257,153.3462,13578
2024-05-07 04:00:00+00:00,153.3562,157.6972,152.1922,154.9217,12564
2024-05-07 08:00:00+00:00,154.9317,158.3652,152.8577,157.9897,11012
2024-05-07 12:00:00+00:00,157.9897,158.9287,154.1502,155.0922,12548
2024-05-07 16:00:00+00:00,155.1522,156.4377,151.9098,154.9397,12696
2024-05-07 20:00:00+00:00,154.9397,154.9697,150.4042,151.1157,13120
2024-05-08 00:00:00+00:00,149.2497,151.8289,146.7562,148.9542,11194
2024-05-08 04:00:00+00:00,148.9242,149.5722,145.9762,147.0572,11228
2024-05-08 08:00:00+00:00,147.0572,147.9432,145.0822,146.2122,9250
2024-05-08 12:00:00+00:00,146.2422,146.7007,144.0917,145.5511,12990
2024-05-08 16:00:00+00:00,145.5411,148.6017,144.3037,145.8432,10472
2024-05-08 20:00:00+00:00,145.8432,148.7967,139.8817,140.9437,10591
2024-05-09 00:00:00+00:00,138.7297,143.3407,138.7167,143.1927,14935
2024-05-09 04:00:00+00:00,143.1827,144.5862,142.8842,143.5767,20109
2024-05-09 08:00:00+00:00,143.5767,145.5172,142.3007,143.5812,16475
2024-05-09 12:00:00+00:00,143.5412,144.2002,140.2112,143.9857,12045
2024-05-09 16:00:00+00:00,144.0057,148.2012,141.2428,145.8282,11521
2024-05-09 20:00:00+00:00,145.7482,151.1427,145.4657,150.0437,16440
2024-05-10 00:00:00+00:00,148.4417,152.9492,148.4372,151.7997,12817
2024-05-10 04:00:00+00:00,151.7997,154.3152,151.0797,153.4967,16920
2024-05-10 08:00:00+00:00,153.5067,155.3042,151.9397,153.8517,19054
2024-05-10 12:00:00+00:00,153.8517,155.0427,152.0722,153.1692,13234
2024-05-10 16:00:00+00:00,153.1792,153.4477,145.0012,147.8082,13192
2024-05-10 20:00:00+00:00,147.5882,148.3902,145.4185,145.9652,13441
2024-05-11 00:00:00+00:00,145.4222,146.55,143.5495,145.8483,8294
2024-05-11 04:00:00+00:00,145.8383,147.4092,142.538,144.3662,9530
2024-05-11 08:00:00+00:00,144.3662,146.1024,143.6792,143.7472,13887
2024-05-11 12:00:00+00:00,143.7472,144.7762,142.7612,144.1462,15374
2024-05-11 16:00:00+00:00,144.1462,146.4953,143.7272,145.3397,21045
2024-05-11 20:00:00+00:00,145.3397,146.3577,144.4033,145.6322,15776
2024-05-12 00:00:00+00:00,143.4762,146.0997,143.3327,145.2652,9696
2024-05-12 04:00:00+00:00,145.2552,146.9682,145.1362,146.6842,11762
2024-05-12 08:00:00+00:00,146.6932,147.4028,143.2107,144.5957,13880
2024-05-12 12:00:00+00:00,144.6357,145.7327,144.0942,144.8672,3475
2024-05-12 16:00:00+00:00,144.8772,145.9387,143.6031,144.5887,16133
2024-05-12 20:00:00+00:00,144.5877,145.4283,143.4123,144.3567,13413
2024-05-13 00:00:00+00:00,142.4162,145.4092,140.7101,144.8163,15547
2024-05-13 04:00:00+00:00,144.8163,144.9632,137.6862,138.5187,15071
2024-05-13 08:00:00+00:00,138.5187,145.1312,137.6322,144.2762,12898
2024-05-13 12:00:00+00:00,144.2762,146.8427,143.7308,145.6057,13506
2024-05-13 16:00:00+00:00,145.6057,150.3827,144.5842,149.4962,10172
2024-05-13 20:00:00+00:00,149.3872,149.6922,145.4882,148.7702,11916
2024-05-14 00:00:00+00:00,148.5902,148.7376,146.0912,146.5672,11824
2024-05-14 04:00:00+00:00,146.5572,147.7918,145.3153,147.5012,12926
2024-05-14 08:00:00+00:00,147.4912,148.6237,143.1257,145.7492,11551
2024-05-14 12:00:00+00:00,145.7392,147.8642,144.8812,146.1617,14581
2024-05-14 16:00:00+00:00,146.1617,146.6092,141.3863,142.8707,7716
2024-05-14 20:00:00+00:00,142.8707,144.4222,141.8452,142.5867,13905
2024-05-15 00:00:00+00:00,140.9539,143.2982,140.8927,141.4157,13023
2024-05-15 04:00:00+00:00,141.4157,143.9692,141.2902,143.2797,19138
2024-05-15 08:00:00+00:00,143.2797,144.4593,142.8967,144.0367,18191
2024-05-15 12:00:00+00:00,144.0367,149.0387,142.8867,148.6667,15827
2024-05-15 16:00:00+00:00,148.6667,153.8562,147.9677,152.9769,14649
2024-05-15 20:00:00+00:00,152.9769,155.9652,152.2112,155.9582,16050
2024-05-16 00:00:00+00:00,156.2623,161.4147,154.6327,161.3257,16513
2024-05-16 04:00:00+00:00,161.2457,163.5547,159.5298,162.8244,16722
2024-05-16 08:00:00+00:00,162.8144,163.3867,161.0859,162.8297,17166
2024-05-16 12:00:00+00:00,162.8297,164.3536,160.3364,161.4559,17498
2024-05-16 16:00:00+00:00,161.4759,163.2104,157.0754,157.961,14362
2024-05-16 20:00:00+00:00,157.921,160.1659,156.2689,158.5979,19382
2024-05-17 00:00:00+00:00,156.9879,162.1004,156.6493,162.0989,17306
2024-05-17 04:00:00+00:00,162.0989,162.6224,159.5044,161.2784,19295
2024-05-17 08:00:00+00:00,161.2684,169.713,161.0919,168.1319,16694
2024-05-17 12:00:00+00:00,168.1319,169.0014,165.5879,167.7484,19251
2024-05-17 16:00:00+00:00,167.8484,171.7144,165.7884,168.1274,18078
2024-05-17 20:00:00+00:00,168.0874,169.0099,165.9924,168.4994,21813
2024-05-18 00:00:00+00:00,167.5754,170.3024,166.9769,170.0454,10807
2024-05-18 04:00:00+00:00,170.0354,174.1254,169.4984,173.0184,17588
2024-05-18 08:00:00+00:00,173.0184,173.4609,171.8974,173.3089,15382
2024-05-18 12:00:00+00:00,173.3089,175.7774,172.9004,173.2744,21772
2024-05-18 16:00:00+00:00,173.2844,174.5039,169.7438,170.4964,17005
2024-05-18 20:00:00+00:00,170.5064,173.3259,170.3774,173.0804,13027
2024-05-19 00:00:00+00:00,171.5944,173.4599,170.994,173.1834,6535
2024-05-19 04:00:00+00:00,173.1534,175.0934,172.8964,174.4914,17394
2024-05-19 08:00:00+00:00,174.4614,175.2775,171.8579,173.1869,18294
2024-05-19 12:00:00+00:00,173.1869,173.7283,168.2269,168.3564,7775
2024-05-19 16:00:00+00:00,168.3664,169.3579,165.8834,167.9194,15781
2024-05-19 20:00:00+00:00,167.8794,171.3594,167.2794,170.0219,16057
2024-05-20 00:00:00+00:00,168.1229,171.5679,167.3936,170.2084,14522
2024-05-20 04:00:00+00:00,170.1984,175.3509,167.3643,175.2674,14052
2024-05-20 08:00:00+00:00,175.2674,179.0259,174.6849,177.4499,15281
2024-05-20 12:00:00+00:00,177.4399,178.6964,176.0504,176.9294,19721
2024-05-20 16:00:00+00:00,176.9294,180.7064,175.0139,179.7204,14401
2024-05-20 20:00:00+00:00,179.7204,187.5279,179.2544,183.264,13106
2024-05-21 00:00:00+00:00,180.3965,188.5769,180.3134,185.6289,11871
2024-05-21 04:00:00+00:00,185.5589,185.6089,182.0629,182.1614,20243
2024-05-21 08:00:00+00:00,182.1614,183.2909,179.9044,181.4969,20707
2024-05-21 12:00:00+00:00,181.5069,183.6489,178.5724,179.8184,17215
2024-05-21 16:00:00+00:00,179.8094,180.8499,175.5589,175.9849,16916
2024-05-21 20:00:00+00:00,175.9449,178.1814,173.9039,177.7411,22192
2024-05-22 00:00:00+00:00,175.5541,179.0749,175.5325,177.5269,17034
2024-05-22 04:00:00+00:00,177.5269,178.6824,174.6584,176.9289,16779
2024-05-22 08:00:00+00:00,176.9289,182.5364,176.1169,180.3849,15817
2024-05-22 12:00:00+00:00,180.3849,181.1739,175.924,176.6804,17292
2024-05-22 16:00:00+00:00,176.6804,183.0394,176.5804,180.8659,12027
2024-05-22 20:00:00+00:00,180.8559,181.8299,176.6804,177.0807,15933
2024-05-23 00:00:00+00:00,175.3934,180.1901,175.3162,176.6454,13048
2024-05-23 04:00:00+00:00,176.6454,178.9614,175.1439,177.2544,18040
2024-05-23 08:00:00+00:00,177.1944,177.7319,175.9459,177.5234,19650
2024-05-23 12:00:00+00:00,177.5234,177.7064,170.4761,172.0594,18239
2024-05-23 16:00:00+00:00,172.0894,173.2924,168.1489,173.0659,13172
2024-05-23 20:00:00+00:00,173.0459,174.946,164.3505,171.9076,13828
2024-05-24 00:00:00+00:00,171.3536,180.196,170.2385,173.9409,17960
2024-05-24 04:00:00+00:00,173.9409,173.9509,168.5739,168.7269,20679
2024-05-24 08:00:00+00:00,168.7269,168.7405,162.0844,164.935,10008
2024-05-24 12:00:00+00:00,164.935,167.4114,163.9744,166.3784,17112
2024-05-24 16:00:00+00:00,166.3984,168.7944,164.3944,165.4804,16178
2024-05-24 20:00:00+00:00,165.4904,170.0309,164.9519,167.8119,18200
2024-05-25 00:00:00+00:00,167.113,167.9854,165.7418,165.9529,8895
2024-05-25 04:00:00+00:00,165.9529,169.9444,165.6364,169.6929,12832
2024-05-25 08:00:00+00:00,169.6954,169.7469,167.6999,168.4604,14652
2024-05-25 12:00:00+00:00,168.5004,170.3359,167.0239,167.7759,18143
2024-05-25 16:00:00+00:00,167.7259,168.7169,165.2854,166.9564,17850
2024-05-25 20:00:00+00:00,166.9564,167.6154,166.1109,166.7559,8973
2024-05-26 00:00:00+00:00,165.0219,168.2645,165.0219,167.2324,11783
2024-05-26 04:00:00+00:00,167.2324,167.8199,164.3119,165.2999,17069
2024-05-26 08:00:00+00:00,165.3099,166.5915,162.5369,163.9199,18642
2024-05-26 12:00:00+00:00,163.8989,164.2659,161.5529,163.1776,8710
2024-05-26 16:00:00+00:00,163.1776,165.2674,161.2709,162.6264,15677
2024-05-26 20:00:00+00:00,162.5564,162.8264,160.2059,161.7029,16953
2024-05-27 00:00:00+00:00,160.0199,165.8189,160.0199,165.1904,15823
2024-05-27 04:00:00+00:00,165.2404,166.1899,163.2889,165.6193,21954
2024-05-27 08:00:00+00:00,165.5693,166.3544,163.1215,165.1679,25348
2024-05-27 12:00:00+00:00,165.1679,167.7184,164.7094,166.6199,22241
2024-05-27 16:00:00+00:00,166.6299,171.7034,166.4799,171.1054,16130
2024-05-27 20:00:00+00:00,171.1054,171.9934,166.4234,170.2664,18292
2024-05-28 00:00:00+00:00,168.6806,171.3371,167.9582,169.5404,14235
2024-05-28 04:00:00+00:00,169.5504,171.5919,164.4109,165.3294,13928
2024-05-28 08:00:00+00:00,165.3794,167.6414,164.7459,167.3524,16009
2024-05-28 12:00:00+00:00,167.2824,171.5419,166.6784,170.7609,18192
2024-05-28 16:00:00+00:00,170.7809,172.6854,165.452,166.3164,13682
2024-05-28 20:00:00+00:00,166.3164,170.3474,165.3829,169.1849,15631
2024-05-29 00:00:00+00:00,167.5149,169.4674,167.4999,168.0189,18229
2024-05-29 04:00:00+00:00,167.9989,172.5204,166.8599,171.7914,18029
2024-05-29 08:00:00+00:00,171.7914,173.4799,167.6314,168.5589,16553
2024-05-29 12:00:00+00:00,168.5589,169.9059,166.6654,168.3594,18745
2024-05-29 16:00:00+00:00,168.2894,171.4224,167.2269,171.1365,14990
2024-05-29 20:00:00+00:00,171.1365,171.1662,167.9129,168.933,14741
2024-05-30 00:00:00+00:00,166.975,169.6957,166.975,167.7384,9583
2024-05-30 04:00:00+00:00,167.7384,170.5159,167.5769,169.8149,13776
2024-05-30 08:00:00+00:00,169.7349,169.7949,163.155,165.2239,11761
2024-05-30 12:00:00+00:00,165.2239,167.4734,164.4519,167.3805,12903
2024-05-30 16:00:00+00:00,167.3805,169.7669,166.7054,169.6814,13056
2024-05-30 20:00:00+00:00,169.6514,172.323,165.8739,167.0849,16161
2024-05-31 00:00:00+00:00,165.2859,167.5044,165.2859,166.3634,10159
2024-05-31 04:00:00+00:00,166.3734,167.5559,165.9834,166.9189,10260
2024-05-31 08:00:00+00:00,166.9189,167.2024,164.7369,166.8664,13283
2024-05-31 12:00:00+00:00,166.8684,170.5664,165.7409,169.2601,14179
2024-05-31 16:00:00+00:00,169.2691,170.2273,162.8114,165.3769,14365
2024-05-31 20:00:00+00:00,165.3569,166.6117,164.9269,166.3019,12947
2024-06-01 00:00:00+00:00,166.3142,166.7739,164.7534,166.5584,7026
2024-06-01 04:00:00+00:00,166.5584,167.6649,165.9855,167.1669,9647
2024-06-01 08:00:00+00:00,167.1669,167.2369,166.1739,167.0669,10693
2024-06-01 12:00:00+00:00,167.0569,167.1634,166.1084,166.7984,8284
2024-06-01 16:00:00+00:00,167.3189,167.7009,166.5624,166.9769,4945
2024-06-01 20:00:00+00:00,166.9069,167.5599,166.4659,167.1054,8570
2024-06-02 00:00:00+00:00,166.8954,167.1251,165.3684,166.4644,11548
2024-06-02 04:00:00+00:00,166.4644,166.8594,165.1489,165.6399,13312
2024-06-02 08:00:00+00:00,165.6299,166.2314,164.6239,165.0029,11011
2024-06-02 12:00:00+00:00,164.9329,165.8739,163.7554,164.6799,8677
2024-06-02 16:00:00+00:00,164.5799,165.6669,163.7604,164.1154,15778
2024-06-02 20:00:00+00:00,164.1254,164.2289,160.9989,162.8734,15381
2024-06-03 00:00:00+00:00,161.2334,163.5089,161.1694,162.2244,13474
2024-06-03 04:00:00+00:00,162.2244,164.9499,162.0564,163.4554,19884
2024-06-03 08:00:00+00:00,163.4254,166.5924,163.4254,165.5234,22661
2024-06-03 12:00:00+00:00,165.4834,166.4515,164.2444,166.3909,21587
2024-06-03 16:00:00+00:00,166.4209,167.0009,162.7634,164.0194,16199
2024-06-03 20:00:00+00:00,164.0594,167.007,163.5329,165.4909,11310
2024-06-04 00:00:00+00:00,165.7884,165.8584,164.0884,165.1239,13372
2024-06-04 04:00:00+00:00,165.1239,166.8339,164.6754,165.962,14046
2024-06-04 08:00:00+00:00,165.972,166.2999,164.5839,164.7469,14356
2024-06-04 12:00:00+00:00,164.7469,165.9239,164.2249,165.5394,15367
2024-06-04 16:00:00+00:00,165.5694,169.6684,165.0531,169.2344,19069
2024-06-04 20:00:00+00:00,169.2344,170.2479,167.995,169.3799,17836
2024-06-05 00:00:00+00:00,167.4029,172.4319,167.4029,171.8874,13178
2024-06-05 04:00:00+00:00,171.8974,174.6414,171.3509,172.9684,16100
2024-06-05 08:00:00+00:00,172.9684,174.086,172.2304,172.8695,14677
2024-06-05 12:00:00+00:00,172.8695,173.827,171.7931,172.838,13228
2024-06-05 16:00:00+00:00,172.848,175.434,170.9461,173.941,15074
2024-06-05 20:00:00+00:00,173.941,175.0935,172.4141,173.3306,14623
2024-06-06 00:00:00+00:00,171.6916,173.7726,171.6859,173.6328,6322
2024-06-06 04:00:00+00:00,173.6328,174.3028,172.9046,173.5455,7742
2024-06-06 08:00:00+00:00,173.5455,173.6685,171.4821,172.997,9786
2024-06-06 12:00:00+00:00,172.937,173.4318,172.198,172.834,8650
2024-06-06 16:00:00+00:00,172.834,173.5766,171.1975,171.4275,11842
2024-06-06 20:00:00+00:00,171.4275,172.2165,167.23,170.3725,17902
2024-06-07 00:00:00+00:00,168.5255,170.701,168.5255,170.1368,6244
2024-06-07 04:00:00+00:00,170.1068,172.0745,168.795,171.9005,9990
2024-06-07 08:00:00+00:00,171.9005,172.4648,171.5756,172.0086,31354
2024-06-07 12:00:00+00:00,171.9886,172.6175,168.5371,170.953,36275
2024-06-07 16:00:00+00:00,170.903,171.5275,168.2208,168.4213,30395
2024-06-07 20:00:00+00:00,168.4313,168.4313,150.5101,162.5975,15296
2024-06-08 00:00:00+00:00,162.2935,163.1185,161.5517,162.0585,9781
2024-06-08 04:00:00+00:00,162.0585,163.0315,161.8665,161.9545,9966
2024-06-08 08:00:00+00:00,161.9545,163.642,161.2125,162.5245,11403
2024-06-08 12:00:00+00:00,162.5245,162.6045,159.164,159.7745,12449
2024-06-08 16:00:00+00:00,159.7845,161.2647,157.9595,159.6547,15274
2024-06-08 20:00:00+00:00,159.6647,160.929,158.403,159.2695,13926
2024-06-09 00:00:00+00:00,157.2605,159.2696,157.146,158.0665,12728
2024-06-09 04:00:00+00:00,158.067,158.698,156.3815,157.9865,13145
2024-06-09 08:00:00+00:00,157.9965,159.673,157.105,159.4515,13116
2024-06-09 12:00:00+00:00,159.4415,161.316,158.8197,160.7705,7183
2024-06-09 16:00:00+00:00,160.8905,161.8456,159.371,161.0678,15144
2024-06-09 20:00:00+00:00,161.0078,162.9345,160.4275,161.4815,11066
2024-06-10 00:00:00+00:00,159.9265,162.259,159.9146,161.0225,8763
2024-06-10 04:00:00+00:00,161.0025,161.585,159.1385,160.0875,12711
2024-06-10 08:00:00+00:00,160.0875,160.1275,157.1897,159.0565,16031
2024-06-10 12:00:00+00:00,159.0465,159.9431,158.135,158.245,12049
2024-06-10 16:00:00+00:00,158.215,162.9945,157.491,161.878,18051
2024-06-10 20:00:00+00:00,161.888,162.7281,158.701,159.88,16187
2024-06-11 00:00:00+00:00,158.223,160.1474,158.0535,158.823,12351
2024-06-11 04:00:00+00:00,158.813,159.5405,152.0891,154.34,14922
2024-06-11 08:00:00+00:00,154.34,154.5789,152.035,153.668,16490
2024-06-11 12:00:00+00:00,153.648,155.0595,152.4355,153.366,18567
2024-06-11 16:00:00+00:00,153.376,154.037,145.307,147.3905,14268
2024-06-11 20:00:00+00:00,147.4205,149.536,144.796,148.2965,13857
2024-06-12 00:00:00+00:00,146.5155,150.16,146.4795,148.0745,12485
2024-06-12 04:00:00+00:00,148.0745,151.7675,145.177,151.1052,13740
2024-06-12 08:00:00+00:00,151.0852,152.1975,149.9046,151.2255,15247
2024-06-12 12:00:00+00:00,151.2255,158.845,150.8478,158.5422,16132
2024-06-12 16:00:00+00:00,158.5722,161.3205,157.6135,158.7248,13732
2024-06-12 20:00:00+00:00,158.7248,159.5795,150.4765,154.7845,14473
2024-06-13 00:00:00+00:00,153.413,155.3976,153.3593,154.4908,9602
2024-06-13 04:00:00+00:00,154.4908,154.979,149.36,151.881,14721
2024-06-13 08:00:00+00:00,151.891,152.4895,150.5815,151.702,14099
2024-06-13 12:00:00+00:00,151.712,151.859,148.815,149.8039,15183
2024-06-13 16:00:00+00:00,149.8039,151.688,145.6855,147.5446,14071
2024-06-13 20:00:00+00:00,147.4526,148.7935,146.522,147.063,18151
2024-06-14 00:00:00+00:00,147.012,148.288,145.816,146.808,13691
2024-06-14 04:00:00+00:00,146.808,148.2015,145.5371,146.8326,12663
2024-06-14 08:00:00+00:00,146.8326,148.5245,146.517,148.2041,18154
2024-06-14 12:00:00+00:00,148.2041,148.8095,146.9035,148.0315,13400
2024-06-14 16:00:00+00:00,148.0125,148.5255,139.0996,141.2845,15629
2024-06-14 20:00:00+00:00,141.2645,142.7846,139.1081,141.759,15541
2024-06-15 00:00:00+00:00,143.0717,144.0254,141.7626,143.3395,10574
2024-06-15 04:00:00+00:00,143.3495,144.9235,142.9395,144.583,11958
2024-06-15 08:00:00+00:00,144.583,145.3175,143.2965,143.7635,13591
2024-06-15 12:00:00+00:00,143.7735,144.632,142.726,144.41,12726
2024-06-15 16:00:00+00:00,144.41,145.5282,143.9165,145.0,16761
2024-06-15 20:00:00+00:00,144.96,145.3831,143.5695,144.196,14389
2024-06-16 00:00:00+00:00,142.575,145.5032,142.548,144.4485,8725
2024-06-16 04:00:00+00:00,144.4085,144.9214,142.892,142.955,11656
2024-06-16 08:00:00+00:00,142.955,145.06,142.809,143.9315,11054
2024-06-16 12:00:00+00:00,143.9315,145.406,143.607,144.8555,5066
2024-06-16 16:00:00+00:00,144.9655,149.0321,144.8565,148.0442,16280
2024-06-16 20:00:00+00:00,147.9942,149.1281,147.3705,148.6401,14631
2024-06-17 00:00:00+00:00,146.7141,151.4845,146.6167,150.2205,15238
2024-06-17 04:00:00+00:00,150.2205,150.431,146.3561,148.303,16790
2024-06-17 08:00:00+00:00,148.303,149.0575,144.828,145.6675,19001
2024-06-17 12:00:00+00:00,145.6475,146.57,141.0691,143.028,16817
2024-06-17 16:00:00+00:00,143.048,144.29,139.4175,143.0265,12472
2024-06-17 20:00:00+00:00,143.0265,146.453,141.7675,142.927,12315
2024-06-18 00:00:00+00:00,141.238,144.0077,139.781,141.233,13324
2024-06-18 04:00:00+00:00,141.233,141.6795,126.2985,136.6515,15818
2024-06-18 08:00:00+00:00,136.6415,138.5726,135.328,138.3505,14192
2024-06-18 12:00:00+00:00,138.3505,138.5975,135.0533,135.7986,11678
2024-06-18 16:00:00+00:00,135.8086,137.4865,132.5115,134.485,12358
2024-06-18 20:00:00+00:00,134.473,136.261,130.0635,135.942,13379
2024-06-19 00:00:00+00:00,134.85,138.0447,134.85,137.6855,10336
2024-06-19 04:00:00+00:00,137.6855,141.1546,136.7746,140.4745,9720
2024-06-19 08:00:00+00:00,140.4845,141.7565,138.273,138.5965,12507
2024-06-19 12:00:00+00:00,138.5965,139.3185,136.7061,138.2536,11356
2024-06-19 16:00:00+00:00,138.2536,138.6088,135.309,136.7185,12138
2024-06-19 20:00:00+00:00,136.7085,138.7061,134.426,135.1585,13021
2024-06-20 00:00:00+00:00,133.1385,135.857,133.1385,135.0375,13939
2024-06-20 04:00:00+00:00,135.0075,136.8936,132.26,133.9915,10484
2024-06-20 08:00:00+00:00,134.0015,137.7689,134.0015,137.3965,8419
2024-06-20 12:00:00+00:00,137.3965,140.882,136.663,138.04,11480
2024-06-20 16:00:00+00:00,138.04,138.25,131.5725,132.9946,10136
2024-06-20 20:00:00+00:00,132.9946,135.4903,132.4346,133.984,11574
2024-06-21 00:00:00+00:00,132.317,134.6691,131.886,132.7505,10774
2024-06-21 04:00:00+00:00,132.7595,134.5555,131.4415,132.8445,11484
2024-06-21 08:00:00+00:00,132.8445,132.9735,129.2585,129.7625,13319
2024-06-21 12:00:00+00:00,129.7625,132.5755,129.591,130.987,8597
2024-06-21 16:00:00+00:00,130.987,133.3785,129.0751,130.677,9732
2024-06-21 20:00:00+00:00,130.677,134.4406,128.3705,132.9692,8340
2024-06-22 00:00:00+00:00,133.7135,135.144,132.7856,133.3886,7535
2024-06-22 04:00:00+00:00,133.3986,135.1523,133.0086,135.0328,13889
2024-06-22 08:00:00+00:00,135.0428,136.5355,133.554,133.785,15506
2024-06-22 12:00:00+00:00,133.785,134.6095,133.533,134.104,11937
2024-06-22 16:00:00+00:00,134.114,134.6255,133.7075,134.526,12264
2024-06-22 20:00:00+00:00,134.506,134.836,133.761,134.1585,8768
2024-06-23 00:00:00+00:00,132.326,134.8935,132.326,134.4386,8604
2024-06-23 04:00:00+00:00,134.4486,134.9524,133.968,134.4615,10625
2024-06-23 08:00:00+00:00,134.4615,134.7405,134.026,134.3801,6619
2024-06-23 12:00:00+00:00,134.3975,134.6691,133.2095,133.7358,3325
2024-06-23 16:00:00+00:00,133.7358,134.029,130.1515,130.4685,11284
2024-06-23 20:00:00+00:00,130.4685,132.3251,128.6317,130.2017,13402
2024-06-24 00:00:00+00:00,128.5297,130.4608,127.9314,128.755,9890
2024-06-24 04:00:00+00:00,128.705,128.998,125.1896,125.9195,9450
2024-06-24 08:00:00+00:00,125.9195,126.4201,122.849,125.6941,10564
2024-06-24 12:00:00+00:00,125.6841,128.5885,121.377,128.0424,13790
2024-06-24 16:00:00+00:00,128.0324,129.6025,125.352,126.3605,15418
2024-06-24 20:00:00+00:00,126.3505,130.0444,124.9136,127.964,23184
2024-06-25 00:00:00+00:00,127.013,132.729,126.9401,132.049,12140
2024-06-25 04:00:00+00:00,132.049,136.2255,130.9385,136.13,11291
2024-06-25 08:00:00+00:00,136.13,136.6414,133.223,134.1825,15380
2024-06-25 12:00:00+00:00,134.1825,138.859,133.747,136.5221,19273
2024-06-25 16:00:00+00:00,136.5221,139.6731,136.2885,137.3745,11472
2024-06-25 20:00:00+00:00,137.3645,139.278,136.8365,138.0685,15927
2024-06-26 00:00:00+00:00,135.9835,137.9391,135.715,136.2731,14242
2024-06-26 04:00:00+00:00,136.2431,140.1675,136.051,136.77,14356
2024-06-26 08:00:00+00:00,136.76,138.043,135.902,136.3605,15656
2024-06-26 12:00:00+00:00,136.3505,137.5265,135.8785,136.928,12119
2024-06-26 16:00:00+00:00,136.928,139.33,135.3715,135.977,11573
2024-06-26 20:00:00+00:00,135.976,138.1661,134.5795,136.947,11459
2024-06-27 00:00:00+00:00,135.328,138.2046,135.3163,136.572,9371
2024-06-27 04:00:00+00:00,136.562,137.6805,135.33,136.7795,10874
2024-06-27 08:00:00+00:00,136.7895,137.024,134.92,136.176,11005
2024-06-27 12:00:00+00:00,136.176,140.03,135.8835,139.32,13238
2024-06-27 16:00:00+00:00,139.32,150.7849,139.15,147.598,16114
2024-06-27 20:00:00+00:00,147.588,149.3289,147.2235,149.276,11708
2024-06-28 00:00:00+00:00,147.401,150.0765,146.8545,147.2545,8969
2024-06-28 04:00:00+00:00,147.2495,150.211,145.0745,145.9385,10386
2024-06-28 08:00:00+00:00,145.9385,145.9385,143.459,145.212,11362
2024-06-28 12:00:00+00:00,145.202,146.4665,143.7625,144.1306,11915
2024-06-28 16:00:00+00:00,144.1306,145.097,140.388,142.769,16329
2024-06-28 20:00:00+00:00,142.769,142.769,139.155,139.423,12261
2024-06-29 00:00:00+00:00,139.6471,140.95,139.1103,140.4669,4919
2024-06-29 04:00:00+00:00,140.4669,141.9439,140.415,140.8116,6004
2024-06-29 08:00:00+00:00,140.8155,141.7735,139.658,141.7025,4769
2024-06-29 12:00:00+00:00,141.7035,142.61,141.2076,141.5281,4594
2024-06-29 16:00:00+00:00,141.5115,142.305,140.69,141.7241,14533
2024-06-29 20:00:00+00:00,141.7241,141.9586,140.2261,140.512,10538
2024-06-30 00:00:00+00:00,140.333,140.6789,139.224,140.3101,12072
2024-06-30 04:00:00+00:00,140.3201,140.3626,136.9799,137.2225,13657
2024-06-30 08:00:00+00:00,137.2225,141.1151,136.7185,140.7811,12921
2024-06-30 12:00:00+00:00,140.7911,141.368,139.9055,140.5825,5571
2024-06-30 16:00:00+00:00,140.5825,143.5975,140.5825,142.955,10951
2024-06-30 20:00:00+00:00,142.955,145.533,142.762,144.159,10466
2024-07-01 00:00:00+00:00,142.0325,147.6895,142.0106,147.4935,9567
2024-07-01 04:00:00+00:00,147.4935,148.5845,146.5805,147.1926,11618
2024-07-01 08:00:00+00:00,147.2026,148.7735,146.3875,147.1565,9249
2024-07-01 12:00:00+00:00,147.0665,147.6885,145.5125,147.2095,10369
2024-07-01 16:00:00+00:00,147.1495,148.8663,145.872,147.749,8100
2024-07-01 20:00:00+00:00,147.749,148.377,146.2495,147.328,9053
2024-07-02 00:00:00+00:00,145.619,147.9865,145.6085,147.0525,6239
2024-07-02 04:00:00+00:00,147.0625,149.6211,146.6715,148.5925,9535
2024-07-02 08:00:00+00:00,148.6025,149.0518,146.5095,147.701,8931
2024-07-02 12:00:00+00:00,147.701,151.1121,147.2625,150.171,8401
2024-07-02 16:00:00+00:00,150.171,151.2766,146.805,148.739,12253
2024-07-02 20:00:00+00:00,148.709,153.1785,147.813,152.8245,13219
2024-07-03 00:00:00+00:00,150.801,154.6445,150.7395,153.158,7063
2024-07-03 04:00:00+00:00,153.158,153.5568,147.381,147.869,10308
2024-07-03 08:00:00+00:00,147.799,149.3265,144.5906,146.0545,9230
2024-07-03 12:00:00+00:00,146.0545,146.9475,140.72,141.048,10779
2024-07-03 16:00:00+00:00,141.048,143.8835,140.496,142.2254,16576
2024-07-03 20:00:00+00:00,142.2054,142.5545,138.6321,139.8011,13081
2024-07-04 00:00:00+00:00,137.9379,142.4935,136.8247,141.1326,9894
2024-07-04 04:00:00+00:00,141.1126,141.3375,131.8226,136.502,16723
2024-07-04 08:00:00+00:00,136.502,136.632,132.2217,135.016,9424
2024-07-04 12:00:00+00:00,135.006,135.5285,131.961,132.8955,11971
2024-07-04 16:00:00+00:00,132.8855,135.58,129.0615,134.995,13099
2024-07-04 20:00:00+00:00,134.985,135.687,133.069,134.5815,10680
2024-07-05 00:00:00+00:00,132.6085,135.3299,124.591,127.981,13377
2024-07-05 04:00:00+00:00,127.981,128.7085,120.4955,125.1745,15752
2024-07-05 08:00:00+00:00,125.1745,127.37,122.5495,122.613,7164
2024-07-05 12:00:00+00:00,122.613,132.3871,121.9691,128.5157,9446
2024-07-05 16:00:00+00:00,128.5137,136.0106,128.1855,134.4104,10788
2024-07-05 20:00:00+00:00,134.4104,135.776,133.533,135.0635,8031
2024-07-06 00:00:00+00:00,134.8785,137.4195,133.3695,134.8085,6417
2024-07-06 04:00:00+00:00,134.8085,135.049,132.182,133.501,9504
2024-07-06 08:00:00+00:00,133.501,137.9131,133.421,137.0562,11220
2024-07-06 12:00:00+00:00,137.0562,140.452,136.6712,138.6383,10802
2024-07-06 16:00:00+00:00,138.6483,143.3235,138.03,142.217,13177
2024-07-06 20:00:00+00:00,142.217,143.5895,141.514,142.47,10035
2024-07-07 00:00:00+00:00,143.6581,144.006,140.95,141.0816,8439
2024-07-07 04:00:00+00:00,141.0816,142.902,139.1755,139.4114,9309
2024-07-07 08:00:00+00:00,139.4114,140.9467,137.8615,139.4105,9270
2024-07-07 12:00:00+00:00,139.4205,140.5825,138.4815,139.4152,5368
2024-07-07 16:00:00+00:00,139.4152,139.4765,135.3144,138.247,8437
2024-07-07 20:00:00+00:00,138.247,139.4295,136.2905,136.7996,7006
2024-07-08 00:00:00+00:00,134.614,136.0824,128.5505,128.867,8179
2024-07-08 04:00:00+00:00,128.867,133.2956,127.6355,132.9616,10342
2024-07-08 08:00:00+00:00,132.9616,140.292,131.3707,140.235,11020
2024-07-08 12:00:00+00:00,140.235,141.6535,137.571,140.272,10183
2024-07-08 16:00:00+00:00,140.272,141.2706,132.912,136.3395,12942
2024-07-08 20:00:00+00:00,136.3395,140.442,135.45,138.3775,11002
2024-07-09 00:00:00+00:00,136.7145,140.851,136.7145,138.0521,10042
2024-07-09 04:00:00+00:00,138.0521,141.488,136.269,140.6559,9910
2024-07-09 08:00:00+00:00,140.6759,143.9893,140.2695,142.291,8426
2024-07-09 12:00:00+00:00,142.291,143.0417,140.026,140.9159,8800
2024-07-09 16:00:00+00:00,140.9259,142.655,138.3631,142.3765,9968
2024-07-09 20:00:00+00:00,142.3765,143.288,140.7647,142.4225,9164
2024-07-10 00:00:00+00:00,140.339,143.2077,138.8416,138.9861,9635
2024-07-10 04:00:00+00:00,138.9861,145.281,138.3965,145.0345,10057
2024-07-10 08:00:00+00:00,145.0245,146.0041,143.2125,143.864,10767
2024-07-10 12:00:00+00:00,143.884,143.9395,140.367,141.8501,10952
2024-07-10 16:00:00+00:00,141.8501,142.7565,139.832,141.1165,9039
2024-07-10 20:00:00+00:00,141.1165,141.4845,140.1351,140.7485,9842
2024-07-11 00:00:00+00:00,138.8575,142.319,138.8575,141.532,7528
2024-07-11 04:00:00+00:00,141.542,143.077,138.8685,140.5586,11165
2024-07-11 08:00:00+00:00,140.5586,142.8136,140.0478,142.397,11155
2024-07-11 12:00:00+00:00,142.407,145.5142,142.0221,143.426,12704
2024-07-11 16:00:00+00:00,143.426,143.596,137.1365,138.1711,11377
2024-07-11 20:00:00+00:00,138.1711,138.9015,135.383,136.927,10525
2024-07-12 00:00:00+00:00,135.346,137.459,135.2105,135.551,10809
2024-07-12 04:00:00+00:00,135.551,138.1181,133.7705,136.028,10580
2024-07-12 08:00:00+00:00,136.038,136.9426,134.3605,135.7546,9005
2024-07-12 12:00:00+00:00,135.7546,136.799,133.8272,136.68,10324
2024-07-12 16:00:00+00:00,136.68,139.3081,136.5035,138.3505,9690
2024-07-12 20:00:00+00:00,138.3505,140.424,136.4845,138.1225,8548
2024-07-13 00:00:00+00:00,137.7807,139.5066,137.7807,139.0335,3192
2024-07-13 04:00:00+00:00,139.0135,139.827,138.0635,138.1605,4156
2024-07-13 08:00:00+00:00,138.1605,139.5935,137.8805,138.622,6407
2024-07-13 12:00:00+00:00,138.642,140.796,138.4315,140.2965,4222
2024-07-13 16:00:00+00:00,140.3065,140.7905,139.19,139.605,8345
2024-07-13 20:00:00+00:00,139.575,140.1865,139.181,139.742,5559
2024-07-14 00:00:00+00:00,137.787,144.9321,137.7667,144.792,9246
2024-07-14 04:00:00+00:00,144.792,145.749,143.104,144.9881,9108
2024-07-14 08:00:00+00:00,144.9981,145.8645,143.9785,145.3565,10051
2024-07-14 12:00:00+00:00,145.3565,146.9215,143.5425,143.959,5496
2024-07-14 16:00:00+00:00,143.959,146.0125,143.346,145.599,9413
2024-07-14 20:00:00+00:00,145.599,146.3415,144.5615,145.665,4989
2024-07-15 00:00:00+00:00,143.755,150.6605,143.7518,150.2445,10383
2024-07-15 04:00:00+00:00,150.2445,152.072,149.705,151.8991,15380
2024-07-15 08:00:00+00:00,151.8911,154.026,151.4515,152.6085,16384
2024-07-15 12:00:00+00:00,152.6085,152.885,150.7397,152.2957,14942
2024-07-15 16:00:00+00:00,152.2957,154.845,151.535,153.844,12536
2024-07-15 20:00:00+00:00,153.844,157.0293,153.314,156.7207,12339
2024-07-16 00:00:00+00:00,155.0697,160.0682,155.0536,158.0145,8753
2024-07-16 04:00:00+00:00,158.0145,158.5911,156.143,158.061,11100
2024-07-16 08:00:00+00:00,158.061,158.6465,152.364,154.3635,12074
2024-07-16 12:00:00+00:00,154.3635,157.74,153.8505,155.742,10741
2024-07-16 16:00:00+00:00,155.742,161.457,154.1875,160.726,17506
2024-07-16 20:00:00+00:00,160.726,162.442,159.4544,159.6981,13197
2024-07-17 00:00:00+00:00,158.2407,161.6851,158.2227,160.9775,9390
2024-07-17 04:00:00+00:00,160.9785,163.3806,159.8138,160.966,9733
2024-07-17 08:00:00+00:00,160.967,162.5916,159.3735,161.8519,9723
2024-07-17 12:00:00+00:00,161.8519,163.5155,159.9705,160.8276,8246
2024-07-17 16:00:00+00:00,160.8276,161.836,154.413,155.8006,10620
2024-07-17 20:00:00+00:00,155.7806,157.3445,155.452,156.15,7520
2024-07-18 00:00:00+00:00,155.0775,158.141,154.542,157.715,6704
2024-07-18 04:00:00+00:00,157.715,159.7545,156.5515,157.6315,8133
2024-07-18 08:00:00+00:00,157.6315,159.913,156.9135,159.2605,8193
2024-07-18 12:00:00+00:00,159.2505,161.3311,158.1335,160.8796,7311
2024-07-18 16:00:00+00:00,160.8796,161.5135,154.833,157.423,9637
2024-07-18 20:00:00+00:00,157.423,157.872,155.1605,157.862,8985
2024-07-19 00:00:00+00:00,155.783,160.257,155.783,157.9725,6160
2024-07-19 04:00:00+00:00,157.9825,162.316,156.0355,160.7126,8971
2024-07-19 08:00:00+00:00,160.7126,165.3715,158.5501,161.65,7725
2024-07-19 12:00:00+00:00,161.65,164.1225,160.003,163.699,9750
2024-07-19 16:00:00+00:00,163.689,171.6401,162.117,169.2315,18514
2024-07-19 20:00:00+00:00,169.2215,170.8685,168.1136,169.2423,15743
2024-07-20 00:00:00+00:00,167.76,169.732,167.76,169.3178,6078
2024-07-20 04:00:00+00:00,169.3178,171.742,169.1755,170.26,8973
2024-07-20 08:00:00+00:00,170.245,170.245,168.2339,168.629,6533
2024-07-20 12:00:00+00:00,168.609,169.7855,167.499,168.3516,5028
2024-07-20 16:00:00+00:00,168.3616,170.415,167.0515,169.686,6819
2024-07-20 20:00:00+00:00,169.696,174.396,169.3655,173.732,14296
2024-07-21 00:00:00+00:00,171.5,174.9675,171.4498,172.92,5393
2024-07-21 04:00:00+00:00,172.92,175.322,172.8335,173.06,6611
2024-07-21 08:00:00+00:00,173.07,173.3965,170.816,171.4005,7935
2024-07-21 12:00:00+00:00,171.4005,173.2868,171.2175,172.698,3409
2024-07-21 16:00:00+00:00,172.698,176.9335,171.209,176.722,10597
2024-07-21 20:00:00+00:00,176.722,184.0415,170.0265,182.114,20050
2024-07-22 00:00:00+00:00,182.157,184.8395,180.432,182.8515,10428
2024-07-22 04:00:00+00:00,182.8515,183.1815,180.4485,181.231,9374
2024-07-22 08:00:00+00:00,181.231,181.4935,176.654,177.1001,11080
2024-07-22 12:00:00+00:00,177.1201,180.997,176.617,180.3395,10883
2024-07-22 16:00:00+00:00,180.3495,181.5412,176.7438,178.9341,13886
2024-07-22 20:00:00+00:00,178.9441,183.2154,178.3214,182.463,13323
2024-07-23 00:00:00+00:00,181.9145,181.921,176.911,178.6964,9197
2024-07-23 04:00:00+00:00,178.6964,179.825,175.2894,175.5595,13186
2024-07-23 08:00:00+00:00,175.5495,177.817,173.509,177.1465,12382
2024-07-23 12:00:00+00:00,177.1565,178.5266,173.8375,175.2389,11528
2024-07-23 16:00:00+00:00,175.2389,178.221,170.9555,171.3015,15997
2024-07-23 20:00:00+00:00,171.3015,174.333,170.2155,173.9185,13111
2024-07-24 00:00:00+00:00,171.9245,174.6325,170.8337,170.9037,12278
2024-07-24 04:00:00+00:00,170.9137,174.373,170.734,173.451,14786
2024-07-24 08:00:00+00:00,173.451,177.209,171.994,176.5841,14457
2024-07-24 12:00:00+00:00,176.5841,178.3785,175.7321,176.321,15889
2024-07-24 16:00:00+00:00,176.321,181.6265,176.1105,180.1175,15363
2024-07-24 20:00:00+00:00,180.1175,182.2255,176.979,179.897,12507
2024-07-25 00:00:00+00:00,177.223,179.4005,174.8524,178.2711,13494
2024-07-25 04:00:00+00:00,178.2611,178.3011,167.3721,171.727,15569
2024-07-25 08:00:00+00:00,171.727,172.656,168.1855,170.0795,10971
2024-07-25 12:00:00+00:00,170.0795,171.006,165.808,167.2429,12138
2024-07-25 16:00:00+00:00,167.2529,172.058,165.2565,170.4965,15344
2024-07-25 20:00:00+00:00,170.4965,171.478,164.9521,169.4246,11232
2024-07-26 00:00:00+00:00,169.6405,173.2845,169.5906,172.694,9757
2024-07-26 04:00:00+00:00,172.645,177.2,172.39,177.0885,11763
2024-07-26 08:00:00+00:00,177.0885,178.1976,176.2405,177.9711,8690
2024-07-26 12:00:00+00:00,177.9811,179.8785,177.66,178.113,9914
2024-07-26 16:00:00+00:00,178.113,183.2391,177.396,181.0075,12340
2024-07-26 20:00:00+00:00,181.0075,182.8205,180.8805,181.357,10100
2024-07-27 00:00:00+00:00,182.175,183.5525,181.7085,182.3125,7748
2024-07-27 04:00:00+00:00,182.3225,184.0525,181.1755,183.9,13176
2024-07-27 08:00:00+00:00,183.9005,187.1245,183.4535,187.0145,14639
2024-07-27 12:00:00+00:00,186.9715,187.073,184.1035,185.9485,15727
2024-07-27 16:00:00+00:00,185.9585,188.055,181.2225,181.662,13714
2024-07-27 20:00:00+00:00,181.662,182.8012,177.704,182.5955,14209
2024-07-28 00:00:00+00:00,183.0785,186.4945,181.9585,184.5575,8692
2024-07-28 04:00:00+00:00,184.5575,186.3073,181.846,181.946,4538
2024-07-28 08:00:00+00:00,181.986,184.3915,180.8486,183.6925,8797
2024-07-28 12:00:00+00:00,183.6825,186.1285,183.323,185.774,10084
2024-07-28 16:00:00+00:00,185.774,186.4415,183.17,183.4771,12641
2024-07-28 20:00:00+00:00,183.4771,185.465,182.952,185.142,15325
2024-07-29 00:00:00+00:00,184.952,188.583,182.271,187.8645,13199
2024-07-29 04:00:00+00:00,187.8745,193.3825,186.9215,193.216,19843
2024-07-29 08:00:00+00:00,193.216,193.5825,190.6111,191.4276,18803
2024-07-29 12:00:00+00:00,191.4376,192.69,190.0815,192.1375,15088
2024-07-29 16:00:00+00:00,192.0985,192.463,183.8125,184.58,14567
2024-07-29 20:00:00+00:00,184.58,187.1845,184.0235,185.728,16192
2024-07-30 00:00:00+00:00,184.271,185.4795,181.021,182.7335,15197
2024-07-30 04:00:00+00:00,182.6535,183.809,178.998,183.7745,13643
2024-07-30 08:00:00+00:00,183.7745,184.292,180.556,180.827,14693
2024-07-30 12:00:00+00:00,180.817,181.9015,179.0545,181.204,13466
2024-07-30 16:00:00+00:00,181.214,182.346,178.241,179.421,16531
2024-07-30 20:00:00+00:00,179.429,179.7405,174.927,179.6505,11107
2024-07-31 00:00:00+00:00,177.9195,180.6896,177.793,180.6236,12206
2024-07-31 04:00:00+00:00,180.6236,181.568,177.7791,178.8375,14417
2024-07-31 08:00:00+00:00,178.9165,183.6305,178.0065,183.538,15686
2024-07-31 12:00:00+00:00,183.547,184.047,180.43,180.6445,14051
2024-07-31 16:00:00+00:00,180.6445,183.6281,178.8545,179.7025,18017
2024-07-31 20:00:00+00:00,179.7025,182.1671,173.443,173.5645,12125
2024-08-01 00:00:00+00:00,172.8795,174.6945,170.7743,171.8095,11105
2024-08-01 04:00:00+00:00,171.8095,172.1771,165.6036,166.2636,10538
2024-08-01 08:00:00+00:00,166.2546,169.4605,165.6611,169.1805,10105
2024-08-01 12:00:00+00:00,169.1805,171.108,167.79,170.8535,8490
2024-08-01 16:00:00+00:00,170.7855,171.227,159.8445,161.9485,14927
2024-08-01 20:00:00+00:00,161.9205,164.6295,157.2665,164.1765,10266
2024-08-02 00:00:00+00:00,163.6175,168.966,163.6154,166.639,7711
2024-08-02 04:00:00+00:00,166.649,166.649,161.0445,164.8165,6798
2024-08-02 08:00:00+00:00,164.8165,164.9105,158.534,163.021,9513
2024-08-02 12:00:00+00:00,163.021,165.004,161.733,163.519,16226
2024-08-02 16:00:00+00:00,163.519,166.9925,152.0535,153.943,18982
2024-08-02 20:00:00+00:00,153.937,155.9581,149.321,152.3435,14386
2024-08-03 00:00:00+00:00,152.502,154.3706,149.4475,150.5951,9498
2024-08-03 04:00:00+00:00,150.5951,153.283,147.998,151.23,13627
2024-08-03 08:00:00+00:00,151.29,153.177,148.758,150.0115,9995
2024-08-03 12:00:00+00:00,150.0115,153.261,147.9295,152.414,10409
2024-08-03 16:00:00+00:00,152.414,152.638,144.3425,145.4905,14008
2024-08-03 20:00:00+00:00,145.4905,146.1605,139.3921,140.2715,12383
2024-08-04 00:00:00+00:00,140.1601,144.0455,139.9731,143.9355,8082
2024-08-04 04:00:00+00:00,143.9355,145.793,141.5045,142.777,9557
2024-08-04 08:00:00+00:00,142.777,144.163,139.2845,142.059,7319
2024-08-04 12:00:00+00:00,142.059,144.6569,141.628,144.6569,5270
2024-08-04 16:00:00+00:00,144.6569,144.6867,132.2955,132.751,12659
2024-08-04 20:00:00+00:00,132.741,143.499,130.6075,142.348,17021
2024-08-05 00:00:00+00:00,141.723,142.376,129.1885,130.6095,16479
2024-08-05 04:00:00+00:00,130.6085,132.207,118.8811,123.536,17755
2024-08-05 08:00:00+00:00,123.526,123.813,108.84909999999999,120.607,27795
2024-08-05 12:00:00+00:00,120.607,121.7529,110.1195,111.4035,25237
2024-08-05 16:00:00+00:00,111.3535,135.0985,109.4975,130.891,35379
2024-08-05 20:00:00+00:00,130.891,135.014,126.394,130.9545,15548
2024-08-06 00:00:00+00:00,130.5005,138.6945,128.9005,138.67,11814
2024-08-06 04:00:00+00:00,138.621,141.0105,136.7105,140.9105,12326
2024-08-06 08:00:00+00:00,140.9005,143.863,136.4195,137.261,16331
2024-08-06 12:00:00+00:00,137.301,140.7384,136.0705,137.7095,13552
2024-08-06 16:00:00+00:00,137.6095,147.682,135.6675,147.2517,19349
2024-08-06 20:00:00+00:00,147.2617,148.2451,144.8165,147.0018,14498
2024-08-07 00:00:00+00:00,146.0958,149.3895,142.4474,144.467,11727
2024-08-07 04:00:00+00:00,144.476,154.4259,141.975,153.3155,14673
2024-08-07 08:00:00+00:00,153.3155,154.871,150.0885,153.6066,9489
2024-08-07 12:00:00+00:00,153.6066,154.638,150.481,153.0745,10379
2024-08-07 16:00:00+00:00,153.0745,154.1755,145.98,147.6885,18450
2024-08-07 20:00:00+00:00,147.6885,148.145,141.9541,143.8885,19638
2024-08-08 00:00:00+00:00,143.98,147.2275,141.1075,143.781,10491
2024-08-08 04:00:00+00:00,143.781,156.129,143.1055,151.5195,11257
2024-08-08 08:00:00+00:00,151.6095,155.5045,151.3595,154.754,8781
2024-08-08 12:00:00+00:00,154.754,157.9025,152.4035,155.4445,12097
2024-08-08 16:00:00+00:00,155.5195,162.489,152.5303,159.0515,16249
2024-08-08 20:00:00+00:00,159.0515,159.2655,155.1435,155.8965,16256
2024-08-09 00:00:00+00:00,154.9975,163.4235,154.9975,161.074,18360
2024-08-09 04:00:00+00:00,161.074,161.7925,154.073,155.5234,13812
2024-08-09 08:00:00+00:00,155.5334,159.3805,155.1504,159.1089,13347
2024-08-09 12:00:00+00:00,159.1094,159.3144,154.2295,155.1515,16795
2024-08-09 16:00:00+00:00,155.1515,156.9535,150.6,152.2475,25115
2024-08-09 20:00:00+00:00,152.2475,154.369,151.4475,153.4945,14780
2024-08-10 00:00:00+00:00,151.8961,158.2968,151.4204,154.6625,11767
2024-08-10 04:00:00+00:00,154.6625,156.2375,152.326,153.314,9844
2024-08-10 08:00:00+00:00,153.314,155.6925,152.8452,153.9745,6515
2024-08-10 12:00:00+00:00,153.9745,155.376,153.3425,154.4681,5865
2024-08-10 16:00:00+00:00,154.4581,154.986,152.6815,153.4745,7585
2024-08-10 20:00:00+00:00,153.4745,155.189,153.0015,154.3475,7066
2024-08-11 00:00:00+00:00,153.5475,155.1154,153.5475,154.6775,5009
2024-08-11 04:00:00+00:00,154.6875,156.8435,154.1628,154.951,6312
2024-08-11 08:00:00+00:00,154.951,157.0855,154.7815,156.3975,4511
2024-08-11 12:00:00+00:00,156.3975,157.7925,150.491,151.4425,7365
2024-08-11 16:00:00+00:00,151.4425,151.729,147.7695,148.6785,15785
2024-08-11 20:00:00+00:00,148.6785,149.653,143.56,143.855,16743
2024-08-12 00:00:00+00:00,142.6445,144.193,141.0056,142.557,11198
2024-08-12 04:00:00+00:00,142.557,144.6255,142.1324,143.4513,7603
2024-08-12 08:00:00+00:00,143.4513,147.8435,142.076,144.6615,10049
2024-08-12 12:00:00+00:00,144.6615,150.7141,143.432,149.138,14133
2024-08-12 16:00:00+00:00,149.138,150.023,142.5931,146.8685,21830
2024-08-12 20:00:00+00:00,146.8585,147.623,142.698,143.0915,11050
2024-08-13 00:00:00+00:00,141.5375,147.1241,141.4859,146.502,9191
2024-08-13 04:00:00+00:00,146.512,146.914,142.668,144.8415,10024
2024-08-13 08:00:00+00:00,144.8415,146.899,144.1075,145.307,6316
2024-08-13 12:00:00+00:00,145.327,147.1175,143.0466,146.1041,8350
2024-08-13 16:00:00+00:00,146.1041,149.2305,144.3316,149.1916,10564
2024-08-13 20:00:00+00:00,149.1816,149.6702,144.6881,145.909,10096
2024-08-14 00:00:00+00:00,145.0149,147.7556,145.0149,145.967,5607
2024-08-14 04:00:00+00:00,145.897,146.2865,143.3832,144.554,6285
2024-08-14 08:00:00+00:00,144.554,145.856,144.0693,145.5575,4106
2024-08-14 12:00:00+00:00,145.5575,151.979,145.3875,149.7525,11037
2024-08-14 16:00:00+00:00,149.7525,151.0325,143.683,144.8285,26959
2024-08-14 20:00:00+00:00,144.8285,145.3775,143.594,143.95,9163
2024-08-15 00:00:00+00:00,143.241,145.26,142.0364,144.7576,8680
2024-08-15 04:00:00+00:00,144.7666,145.246,142.8475,144.4205,11251
2024-08-15 08:00:00+00:00,144.3665,144.6595,140.549,143.008,11950
2024-08-15 12:00:00+00:00,143.028,145.2136,141.109,142.459,11158
2024-08-15 16:00:00+00:00,142.469,147.393,141.647,145.8125,20107
2024-08-15 20:00:00+00:00,145.8225,145.8225,137.5365,139.171,18499
2024-08-16 00:00:00+00:00,140.2281,144.501,139.6149,141.637,12941
2024-08-16 04:00:00+00:00,141.637,143.9205,140.4216,142.33,11078
2024-08-16 08:00:00+00:00,142.33,144.7675,142.045,143.6235,7223
2024-08-16 12:00:00+00:00,143.6235,144.2771,138.5664,139.0716,9716
2024-08-16 16:00:00+00:00,139.0716,142.3042,135.9921,138.204,19318
2024-08-16 20:00:00+00:00,138.204,141.7685,135.86,140.6515,14956
2024-08-17 00:00:00+00:00,139.61,139.71,137.49,138.85,9806
2024-08-17 04:00:00+00:00,138.85,140.22,138.08,139.33,18171
2024-08-17 08:00:00+00:00,139.32,139.65,138.49,139.36,13244
2024-08-17 12:00:00+00:00,139.36,140.08,137.98,139.63,17243
2024-08-17 16:00:00+00:00,139.63,141.7,139.38,141.26,22687
2024-08-17 20:00:00+00:00,141.25,141.55,140.0,140.95,16806
2024-08-18 00:00:00+00:00,141.05,143.07,140.58,142.48,13256
2024-08-18 04:00:00+00:00,142.47,143.23,140.46,141.15,19096
2024-08-18 08:00:00+00:00,141.15,141.9,140.84,141.78,13824
2024-08-18 12:00:00+00:00,141.78,147.31,141.68,145.35,25738
2024-08-18 16:00:00+00:00,145.35,146.58,144.62,145.95,24234
2024-08-18 20:00:00+00:00,145.95,146.98,144.19,146.67,21633
2024-08-19 00:00:00+00:00,146.46,146.51,141.71,141.95,23596
2024-08-19 04:00:00+00:00,141.94,143.29,141.46,143.06,19725
2024-08-19 08:00:00+00:00,143.06,143.44,141.81,142.52,17651
2024-08-19 12:00:00+00:00,142.52,143.25,140.24,143.06,24586
2024-08-19 16:00:00+00:00,143.08,144.54,141.56,144.12,31935
2024-08-19 20:00:00+00:00,144.12,146.14,142.479,143.34,29021
2024-08-20 00:00:00+00:00,143.15,146.82,142.66,146.45,21264
2024-08-20 04:00:00+00:00,146.45,147.77,144.78,146.92,22738
2024-08-20 08:00:00+00:00,146.91,148.7,145.83,146.11,22863
2024-08-20 12:00:00+00:00,146.12,146.81,145.04,145.82,17952
2024-08-20 16:00:00+00:00,145.82,146.34,140.87,142.49,32500
2024-08-20 20:00:00+00:00,142.49,144.42,142.3,143.43,19402
2024-08-21 00:00:00+00:00,143.28,143.5,141.66,141.73,15693
2024-08-21 04:00:00+00:00,141.72,143.01,141.43,142.62,15386
2024-08-21 08:00:00+00:00,142.63,143.75,141.78,142.06,16298
2024-08-21 12:00:00+00:00,142.06,142.19,140.71,141.15,16422
2024-08-21 16:00:00+00:00,141.15,142.39,138.68,141.19,34682
2024-08-21 20:00:00+00:00,141.18,144.27,140.81,142.82,29912
2024-08-22 00:00:00+00:00,142.76,143.85,141.99,142.42,16622
2024-08-22 04:00:00+00:00,142.42,143.15,140.48,142.12,17819
2024-08-22 08:00:00+00:00,142.11,143.58,141.78,143.05,13977
2024-08-22 12:00:00+00:00,143.05,144.79,142.54,143.16,17994
2024-08-22 16:00:00+00:00,143.16,143.74,141.91,142.7,25891
2024-08-22 20:00:00+00:00,142.7,143.53,142.31,143.14,16441
2024-08-23 00:00:00+00:00,142.987,145.207,142.807,144.177,5537
2024-08-23 04:00:00+00:00,144.187,145.507,143.567,144.217,5650
2024-08-23 08:00:00+00:00,144.217,145.707,144.217,144.917,6728
2024-08-23 12:00:00+00:00,144.907,144.917,143.167,144.207,5966
2024-08-23 16:00:00+00:00,144.197,146.877,142.437,144.827,18287
2024-08-23 20:00:00+00:00,144.827,151.407,144.797,150.377,16559
2024-08-24 00:00:00+00:00,151.692,154.164,151.238,152.997,58266
2024-08-24 04:00:00+00:00,152.997,154.577,151.868,153.979,52712
2024-08-24 08:00:00+00:00,153.979,155.569,153.809,155.507,57322
2024-08-24 12:00:00+00:00,155.507,158.652,154.865,157.382,54240
2024-08-24 16:00:00+00:00,157.264,162.122,157.041,161.071,66798
2024-08-24 20:00:00+00:00,161.071,162.226,160.079,160.279,62666
2024-08-25 00:00:00+00:00,159.278,160.741,157.182,158.769,61734
2024-08-25 04:00:00+00:00,158.769,159.811,157.233,158.703,56216
2024-08-25 08:00:00+00:00,158.703,158.974,155.179,157.08,58360
2024-08-25 12:00:00+00:00,157.074,157.827,156.191,157.702,50843
2024-08-25 16:00:00+00:00,157.702,160.254,157.603,158.946,62679
2024-08-25 20:00:00+00:00,158.946,159.907,158.443,158.716,51450
2024-08-26 00:00:00+00:00,158.757,161.717,158.097,158.887,14272
2024-08-26 04:00:00+00:00,158.887,160.917,157.267,160.807,10356
2024-08-26 08:00:00+00:00,160.797,160.867,158.137,159.567,10911
2024-08-26 12:00:00+00:00,159.567,161.747,158.257,159.137,14041
2024-08-26 16:00:00+00:00,159.137,161.467,155.677,157.557,18930
2024-08-26 20:00:00+00:00,157.557,159.127,155.327,158.537,15385
2024-08-27 00:00:00+00:00,158.247,158.257,156.167,157.357,10170
2024-08-27 04:00:00+00:00,157.347,158.757,157.217,158.327,9395
2024-08-27 08:00:00+00:00,158.327,159.457,156.437,156.687,9297
2024-08-27 12:00:00+00:00,156.697,157.467,152.447,153.977,13274
2024-08-27 16:00:00+00:00,153.987,155.527,152.887,153.337,17637
2024-08-27 20:00:00+00:00,153.327,155.277,153.187,153.737,9286
2024-08-28 00:00:00+00:00,153.957,153.957,140.407,145.734,21517
2024-08-28 04:00:00+00:00,145.744,148.21,145.164,147.328,50147
2024-08-28 08:00:00+00:00,147.328,148.685,142.664,144.946,63769
2024-08-28 12:00:00+00:00,144.948,148.42,144.767,147.514,63063
2024-08-28 16:00:00+00:00,147.512,147.74,140.451,142.868,91368
2024-08-28 20:00:00+00:00,142.866,146.249,141.488,144.09,89584
2024-08-29 00:00:00+00:00,143.418,144.949,141.48,144.189,63963
2024-08-29 04:00:00+00:00,144.189,144.764,142.821,143.411,53054
2024-08-29 08:00:00+00:00,143.411,145.261,143.069,145.012,54421
2024-08-29 12:00:00+00:00,145.012,146.746,144.744,145.351,60631
2024-08-29 16:00:00+00:00,145.351,147.247,143.595,144.121,81711
2024-08-29 20:00:00+00:00,144.121,144.507,138.479,140.121,75802
2024-08-30 00:00:00+00:00,139.448,141.024,137.928,140.279,56931
2024-08-30 04:00:00+00:00,140.279,140.689,138.3,139.109,62725
2024-08-30 08:00:00+00:00,139.109,139.802,137.057,139.363,62091
2024-08-30 12:00:00+00:00,139.363,140.648,138.293,139.806,60059
2024-08-30 16:00:00+00:00,139.806,140.473,131.984,133.806,97155
2024-08-30 20:00:00+00:00,133.796,137.825,133.276,136.09,74529
2024-08-31 00:00:00+00:00,136.596,139.134,136.216,138.189,44930
2024-08-31 04:00:00+00:00,138.193,138.722,137.397,138.582,43022
2024-08-31 08:00:00+00:00,138.593,138.597,135.801,135.832,41751
2024-08-31 12:00:00+00:00,135.832,137.417,135.694,136.811,48964
2024-08-31 16:00:00+00:00,136.812,136.996,135.469,136.013,47875
2024-08-31 20:00:00+00:00,136.008,136.473,134.376,135.167,51194
2024-09-01 00:00:00+00:00,135.267,136.204,134.733,135.272,36800
2024-09-01 04:00:00+00:00,135.275,135.428,132.756,133.617,50616
2024-09-01 08:00:00+00:00,133.614,133.836,130.926,131.371,59315
2024-09-01 12:00:00+00:00,131.373,132.169,130.099,130.944,59334
2024-09-01 16:00:00+00:00,130.944,134.77,129.979,132.84,81974
2024-09-01 20:00:00+00:00,132.853,136.026,131.767,134.736,72310
2024-09-02 00:00:00+00:00,134.28,134.297,127.581,129.604,80512
2024-09-02 04:00:00+00:00,129.605,130.639,127.184,127.48,74930
2024-09-02 08:00:00+00:00,127.48,130.589,126.785,129.77,76489
2024-09-02 12:00:00+00:00,129.771,132.79,128.911,131.788,75775
2024-09-02 16:00:00+00:00,131.788,133.34,129.888,131.798,77208
2024-09-02 20:00:00+00:00,131.797,134.89,131.755,134.441,58170
2024-09-03 00:00:00+00:00,133.7386,135.297,133.7337,134.8899,6359
2024-09-03 04:00:00+00:00,134.8894,137.1705,134.2845,134.768,8829
2024-09-03 08:00:00+00:00,134.778,135.3401,132.5357,133.055,9802
2024-09-03 12:00:00+00:00,133.055,135.384,132.995,134.2786,11721
2024-09-03 16:00:00+00:00,134.2796,134.5665,129.0678,129.783,19433
2024-09-03 20:00:00+00:00,129.738,132.0495,129.4899,130.35,15727
2024-09-04 00:00:00+00:00,129.562,130.5325,126.1227,126.3515,12620
2024-09-04 04:00:00+00:00,126.3715,127.8571,121.9086,127.6815,15511
2024-09-04 08:00:00+00:00,127.6815,131.1482,126.4075,129.8456,13563
2024-09-04 12:00:00+00:00,129.8076,130.5535,127.8,128.5075,13150
2024-09-04 16:00:00+00:00,128.4775,134.7655,127.7466,133.8485,28468
2024-09-04 20:00:00+00:00,133.8385,134.056,132.4911,133.8415,13406
2024-09-05 00:00:00+00:00,132.8285,134.5423,132.767,132.7865,8748
2024-09-05 04:00:00+00:00,132.8165,134.17,131.096,133.297,10674
2024-09-05 08:00:00+00:00,133.297,133.6965,130.722,132.6114,11738
2024-09-05 12:00:00+00:00,132.6214,133.918,131.528,133.172,14911
2024-09-05 16:00:00+00:00,133.172,135.2725,129.2714,129.8914,21069
2024-09-05 20:00:00+00:00,129.892,130.908,127.634,128.386,15810
2024-09-06 00:00:00+00:00,128.388,129.7305,128.0518,129.2845,7964
2024-09-06 04:00:00+00:00,129.2845,131.4,128.6145,130.3275,6298
2024-09-06 08:00:00+00:00,130.3275,130.5568,126.9495,128.3965,11203
2024-09-06 12:00:00+00:00,128.3965,133.8405,128.2015,133.3125,15852
2024-09-06 16:00:00+00:00,133.2865,134.1821,124.8978,126.2039,29650
2024-09-06 20:00:00+00:00,126.2139,127.6711,120.8011,121.0426,21970
2024-09-07 00:00:00+00:00,123.3989,125.638,123.3989,124.8291,7721
2024-09-07 04:00:00+00:00,124.8291,126.117,124.048,126.086,5668
2024-09-07 08:00:00+00:00,126.086,128.3385,125.926,127.417,7208
2024-09-07 12:00:00+00:00,127.377,127.6731,126.6295,127.2835,4651
2024-09-07 16:00:00+00:00,127.2835,129.3175,126.786,127.461,6724
2024-09-07 20:00:00+00:00,127.461,128.7625,126.1105,127.339,8240
2024-09-08 00:00:00+00:00,126.5859,127.8588,126.3135,127.4091,5637
2024-09-08 04:00:00+00:00,127.4091,128.661,127.3891,128.3913,5174
2024-09-08 08:00:00+00:00,128.3913,130.0082,127.7955,129.7633,6308
2024-09-08 12:00:00+00:00,129.7733,130.844,128.4826,128.567,10290
2024-09-08 16:00:00+00:00,128.568,129.0725,126.4631,127.6175,14363
2024-09-08 20:00:00+00:00,127.6135,129.2111,127.5575,128.7775,10747
2024-09-09 00:00:00+00:00,128.7905,131.3545,128.5682,129.9752,17345
2024-09-09 04:00:00+00:00,129.9852,130.6582,127.7225,128.2261,14183
2024-09-09 08:00:00+00:00,128.2181,130.114,127.3559,129.8765,12908
2024-09-09 12:00:00+00:00,129.8765,130.804,128.356,129.167,13009
2024-09-09 16:00:00+00:00,129.158,132.842,126.7734,132.3941,26980
2024-09-09 20:00:00+00:00,132.3945,135.1366,132.0825,134.4935,20003
2024-09-10 00:00:00+00:00,133.8242,136.7005,133.1895,133.918,18126
2024-09-10 04:00:00+00:00,133.928,134.119,132.3465,132.897,13943
2024-09-10 08:00:00+00:00,132.8971,135.367,132.78,134.5226,17943
2024-09-10 12:00:00+00:00,134.5226,135.464,133.8535,134.3061,18566
2024-09-10 16:00:00+00:00,134.2861,136.1645,133.199,134.3397,24229
2024-09-10 20:00:00+00:00,134.3397,137.79,134.2097,135.6665,19905
2024-09-11 00:00:00+00:00,134.5755,135.9981,134.5755,135.4272,13210
2024-09-11 04:00:00+00:00,135.4282,135.4536,131.3746,132.1025,18011
2024-09-11 08:00:00+00:00,132.1115,132.4334,130.745,131.188,16500
2024-09-11 12:00:00+00:00,131.197,132.4949,130.1705,131.772,22110
2024-09-11 16:00:00+00:00,131.763,133.182,128.0275,131.837,24380
2024-09-11 20:00:00+00:00,131.847,133.52,131.3359,132.6011,12707
2024-09-12 00:00:00+00:00,132.0321,134.0073,131.7831,133.4751,7602
2024-09-12 04:00:00+00:00,133.4751,136.1532,133.4751,135.127,8412
2024-09-12 08:00:00+00:00,135.147,135.3949,134.207,134.8342,7913
2024-09-12 12:00:00+00:00,134.8342,135.144,133.9534,134.0634,10128
2024-09-12 16:00:00+00:00,134.0544,136.5876,133.2236,134.605,19089
2024-09-12 20:00:00+00:00,134.605,136.108,134.266,135.7525,15762
2024-09-13 00:00:00+00:00,134.1875,136.6561,134.1414,135.441,11297
2024-09-13 04:00:00+00:00,135.441,135.551,133.9955,134.232,14289
2024-09-13 08:00:00+00:00,134.223,134.79,133.5901,133.7737,12543
2024-09-13 12:00:00+00:00,133.7737,134.2985,131.5607,132.3416,15277
2024-09-13 16:00:00+00:00,132.3106,137.4139,131.7415,136.3245,23747
2024-09-13 20:00:00+00:00,136.3255,138.7796,136.3255,138.41,14463
2024-09-14 00:00:00+00:00,138.418,139.7972,138.395,138.6551,5118
2024-09-14 04:00:00+00:00,138.6596,139.799,138.6067,139.1124,7007
2024-09-14 08:00:00+00:00,139.1214,139.3321,136.5695,137.0125,12777
2024-09-14 12:00:00+00:00,137.0025,137.4855,136.4725,137.047,14342
2024-09-14 16:00:00+00:00,137.047,138.1466,136.5715,137.4121,7430
2024-09-14 20:00:00+00:00,137.4121,137.4121,135.4847,137.0854,5093
2024-09-15 00:00:00+00:00,135.5433,137.7217,135.5433,137.433,5666
2024-09-15 04:00:00+00:00,137.425,137.9074,136.9154,136.9674,6150
2024-09-15 08:00:00+00:00,136.9674,137.4575,136.4195,136.726,8262
2024-09-15 12:00:00+00:00,136.735,136.8537,135.021,135.86,13447
2024-09-15 16:00:00+00:00,135.869,136.3106,133.5825,133.731,14935
2024-09-15 20:00:00+00:00,133.73,134.2415,132.7155,133.1846,18603
2024-09-16 00:00:00+00:00,131.0207,132.6228,130.209,130.925,15950
2024-09-16 04:00:00+00:00,130.916,130.985,129.03,130.533,17431
2024-09-16 08:00:00+00:00,130.534,132.2516,130.2915,131.6409,12476
2024-09-16 12:00:00+00:00,131.6339,132.2174,130.5681,131.6011,13959
2024-09-16 16:00:00+00:00,131.5711,132.2335,129.7785,130.3935,11759
2024-09-16 20:00:00+00:00,130.3935,131.5222,128.6535,130.0484,12064
2024-09-17 00:00:00+00:00,129.0064,131.8691,129.0064,130.607,5785
2024-09-17 04:00:00+00:00,130.607,131.439,129.9971,131.257,5139
2024-09-17 08:00:00+00:00,131.267,132.7201,131.267,132.4265,5530
2024-09-17 12:00:00+00:00,132.4265,133.216,131.333,132.292,7652
2024-09-17 16:00:00+00:00,132.292,135.3665,130.7778,132.2615,17496
2024-09-17 20:00:00+00:00,132.2615,133.575,130.8326,132.0215,11806
2024-09-18 00:00:00+00:00,131.928,132.6412,130.1216,131.1944,5416
2024-09-18 04:00:00+00:00,131.197,132.0797,130.5155,131.0155,6470
2024-09-18 08:00:00+00:00,131.0155,131.4545,130.4865,130.7295,5156
2024-09-18 12:00:00+00:00,130.7295,130.7716,127.96,129.9091,7430
2024-09-18 16:00:00+00:00,129.9091,130.2583,126.931,128.7605,13340
2024-09-18 20:00:00+00:00,128.8105,132.806,127.637,130.694,20456
2024-09-19 00:00:00+00:00,129.3175,136.358,129.3175,135.6519,10519
2024-09-19 04:00:00+00:00,135.6619,139.0775,134.649,138.8535,13579
2024-09-19 08:00:00+00:00,138.8635,139.082,137.49,138.403,12202
2024-09-19 12:00:00+00:00,138.413,140.8061,138.2035,140.601,10755
2024-09-19 16:00:00+00:00,140.601,143.8666,139.937,143.2085,12481
2024-09-19 20:00:00+00:00,143.1795,143.9537,142.5415,143.729,8704
2024-09-20 00:00:00+00:00,141.79,143.6256,140.7948,141.7215,6006
2024-09-20 04:00:00+00:00,141.5715,148.452,141.0505,147.985,10053
2024-09-20 08:00:00+00:00,147.985,152.05,147.13,150.7371,13199
2024-09-20 12:00:00+00:00,150.7401,151.6865,149.8825,150.33,15103
2024-09-20 16:00:00+00:00,150.33,150.5336,145.664,147.552,22745
2024-09-20 20:00:00+00:00,147.522,147.881,144.6231,146.9435,18369
2024-09-21 00:00:00+00:00,147.2617,147.7925,145.608,147.0567,5339
2024-09-21 04:00:00+00:00,147.0667,147.3196,144.4785,145.2477,7439
2024-09-21 08:00:00+00:00,145.2577,147.8365,144.9785,146.986,6158
2024-09-21 12:00:00+00:00,146.996,147.616,146.238,147.3662,5062
2024-09-21 16:00:00+00:00,147.3662,149.2431,146.8839,147.791,10171
2024-09-21 20:00:00+00:00,147.801,148.719,146.9645,147.5365,5156
2024-09-22 00:00:00+00:00,146.205,149.8116,146.205,148.7415,6582
2024-09-22 04:00:00+00:00,148.7415,148.9375,146.991,148.3525,6192
2024-09-22 08:00:00+00:00,148.3525,148.4625,146.1456,147.2751,4865
2024-09-22 12:00:00+00:00,147.2751,147.2751,143.999,144.7722,5341
2024-09-22 16:00:00+00:00,144.7722,144.8915,142.223,143.5285,7501
2024-09-22 20:00:00+00:00,143.5285,145.3601,142.9915,144.2985,7233
2024-09-23 00:00:00+00:00,143.2265,146.2315,140.4946,145.4075,12380
2024-09-23 04:00:00+00:00,145.4275,148.888,145.187,146.942,12700
2024-09-23 08:00:00+00:00,146.942,147.2224,143.268,143.6455,9875
2024-09-23 12:00:00+00:00,143.6455,144.907,142.3675,142.9965,9888
2024-09-23 16:00:00+00:00,143.0165,145.1566,142.311,143.0458,16004
2024-09-23 20:00:00+00:00,143.0558,144.2181,142.6139,143.293,12077
2024-09-24 00:00:00+00:00,141.8635,145.1899,141.8635,143.8795,6929
2024-09-24 04:00:00+00:00,143.8995,146.963,143.0205,145.6295,8179
2024-09-24 08:00:00+00:00,145.5995,148.7235,145.3695,148.2905,8042
2024-09-24 12:00:00+00:00,148.2905,148.5165,145.8375,147.282,10963
2024-09-24 16:00:00+00:00,147.282,148.3915,143.9345,146.3705,19958
2024-09-24 20:00:00+00:00,146.3705,149.2799,146.1005,148.481,16944
2024-09-25 00:00:00+00:00,147.109,153.6381,147.109,151.7856,15262
2024-09-25 04:00:00+00:00,151.8156,153.6606,150.5217,150.5879,13330
2024-09-25 08:00:00+00:00,150.5799,151.219,148.786,150.257,11975
2024-09-25 12:00:00+00:00,150.257,150.9235,149.289,149.896,8919
2024-09-25 16:00:00+00:00,149.896,152.7972,149.5926,151.432,18383
2024-09-25 20:00:00+00:00,151.432,151.671,148.5323,150.0795,13222
2024-09-26 00:00:00+00:00,148.1465,150.1824,146.349,147.0345,12531
2024-09-26 04:00:00+00:00,147.0435,149.4545,146.7835,148.9038,13098
2024-09-26 08:00:00+00:00,148.9038,151.7965,148.4479,150.767,12180
2024-09-26 12:00:00+00:00,150.768,153.498,150.3004,152.1255,14062
2024-09-26 16:00:00+00:00,152.1355,157.8664,151.1605,156.434,31691
2024-09-26 20:00:00+00:00,156.435,157.627,154.2611,154.55,18747
2024-09-27 00:00:00+00:00,153.0291,156.2982,153.0291,156.1396,14611
2024-09-27 04:00:00+00:00,156.1486,157.069,153.8321,156.644,13529
2024-09-27 08:00:00+00:00,156.645,158.768,155.8191,158.193,17807
2024-09-27 12:00:00+00:00,158.203,159.0405,155.275,157.1356,18502
2024-09-27 16:00:00+00:00,157.1356,161.1266,155.3891,159.196,24241
2024-09-27 20:00:00+00:00,159.18,159.266,156.849,158.0865,17944
2024-09-28 00:00:00+00:00,157.2354,158.2288,156.9902,158.042,7430
2024-09-28 04:00:00+00:00,158.033,159.2552,157.465,158.262,12271
2024-09-28 08:00:00+00:00,158.232,158.4571,155.045,155.301,13333
2024-09-28 12:00:00+00:00,155.301,157.5085,154.8945,156.9815,11162
2024-09-28 16:00:00+00:00,156.9815,157.949,156.001,156.553,16941
2024-09-28 20:00:00+00:00,156.553,157.3096,156.213,156.4025,11715
2024-09-29 00:00:00+00:00,156.5372,157.5225,155.4039,156.6424,8301
2024-09-29 04:00:00+00:00,156.6224,158.3495,156.5124,157.109,12961
2024-09-29 08:00:00+00:00,157.099,157.9645,154.844,155.8356,12473
2024-09-29 12:00:00+00:00,155.8356,157.1416,154.9891,156.0916,5244
2024-09-29 16:00:00+00:00,156.1216,157.4405,155.4171,157.2915,10774
2024-09-29 20:00:00+00:00,157.2924,160.556,157.0725,159.951,11453
2024-09-30 00:00:00+00:00,159.087,161.2888,156.3625,158.541,16090
2024-09-30 04:00:00+00:00,158.55,159.571,154.9764,155.8746,20699
2024-09-30 08:00:00+00:00,155.8336,157.588,155.3336,156.3069,14340
2024-09-30 12:00:00+00:00,156.3069,156.7281,153.525,156.5401,14121
2024-09-30 16:00:00+00:00,156.5401,157.189,153.7125,154.7005,13702
2024-09-30 20:00:00+00:00,154.7005,156.7455,153.6156,156.6054,10987
2024-10-01 00:00:00+00:00,154.8714,156.766,151.2041,153.9227,11082
2024-10-01 04:00:00+00:00,153.9217,155.7304,152.554,155.606,11853
2024-10-01 08:00:00+00:00,155.606,156.9785,154.7026,156.274,14357
2024-10-01 12:00:00+00:00,156.274,157.253,155.682,156.02,13340
2024-10-01 16:00:00+00:00,156.02,156.12,145.0638,148.1725,27769
2024-10-01 20:00:00+00:00,148.1625,149.205,141.6085,144.454,22765
2024-10-02 00:00:00+00:00,143.689,146.1386,143.0756,144.288,12738
2024-10-02 04:00:00+00:00,144.288,147.8816,143.93,146.5562,12485
2024-10-02 08:00:00+00:00,146.5652,148.7045,145.926,147.9115,14402
2024-10-02 12:00:00+00:00,147.9115,148.0835,143.2455,143.705,18894
2024-10-02 16:00:00+00:00,143.705,148.2231,142.4331,145.892,17653
2024-10-02 20:00:00+00:00,145.882,146.219,138.178,140.809,22296
2024-10-03 00:00:00+00:00,138.967,141.5665,138.4067,140.5556,12625
2024-10-03 04:00:00+00:00,140.5286,142.8265,140.3985,141.944,10105
2024-10-03 08:00:00+00:00,141.944,142.1994,135.5195,135.9095,11469
2024-10-03 12:00:00+00:00,135.9095,138.3245,135.028,135.8085,12584
2024-10-03 16:00:00+00:00,135.8085,138.1962,132.8505,134.8785,18900
2024-10-03 20:00:00+00:00,134.8785,137.7035,133.84,135.9354,12959
2024-10-04 00:00:00+00:00,134.1404,137.3177,134.1007,135.8645,9547
2024-10-04 04:00:00+00:00,135.8745,138.3588,135.7945,137.639,9265
2024-10-04 08:00:00+00:00,137.639,140.8625,137.4726,139.8845,9469
2024-10-04 12:00:00+00:00,139.885,141.9455,138.8815,141.914,9652
2024-10-04 16:00:00+00:00,141.874,144.0955,137.8076,143.661,22685
2024-10-04 20:00:00+00:00,143.642,144.3335,141.9867,143.6881,11876
2024-10-05 00:00:00+00:00,143.552,143.9035,142.2466,143.9035,3886
2024-10-05 04:00:00+00:00,143.9035,143.9335,141.104,142.2371,8325
2024-10-05 08:00:00+00:00,142.2371,144.7927,142.0726,144.41,5964
2024-10-05 12:00:00+00:00,144.41,144.7766,142.89,144.0009,5416
2024-10-05 16:00:00+00:00,144.0009,144.0748,141.9128,142.097,7495
2024-10-05 20:00:00+00:00,142.097,142.8295,140.9264,141.0664,8143
2024-10-06 00:00:00+00:00,139.3704,142.884,139.3704,142.212,8210
2024-10-06 04:00:00+00:00,142.213,143.6,141.728,142.298,9212
2024-10-06 08:00:00+00:00,142.291,143.3705,142.0185,143.2435,7994
2024-10-06 12:00:00+00:00,143.2525,144.5315,142.9725,144.437,4512
2024-10-06 16:00:00+00:00,144.437,146.4939,143.8995,144.8361,14682
2024-10-06 20:00:00+00:00,144.8361,146.4115,144.782,145.3803,8510
2024-10-07 00:00:00+00:00,145.7478,149.2306,143.9427,149.1,11557
2024-10-07 04:00:00+00:00,148.965,150.7539,148.4645,149.4231,16151
2024-10-07 08:00:00+00:00,149.4231,149.9395,147.7717,148.3138,12912
2024-10-07 12:00:00+00:00,148.3088,148.4814,145.4245,146.3535,20135
2024-10-07 16:00:00+00:00,146.3615,151.9854,146.121,149.021,25395
2024-10-07 20:00:00+00:00,149.021,149.2006,145.141,145.6211,21653
2024-10-08 00:00:00+00:00,144.5087,146.818,143.058,144.724,14139
2024-10-08 04:00:00+00:00,144.724,145.4745,143.397,144.124,10347
2024-10-08 08:00:00+00:00,144.124,144.244,141.9055,143.4831,20283
2024-10-08 12:00:00+00:00,143.4831,144.4455,142.62,143.104,13685
2024-10-08 16:00:00+00:00,143.105,145.1586,140.7745,143.6165,17848
2024-10-08 20:00:00+00:00,143.6165,144.267,141.9635,144.2268,13307
2024-10-09 00:00:00+00:00,142.3655,144.5249,142.3655,144.0931,6077
2024-10-09 04:00:00+00:00,144.0931,145.2141,143.0154,143.2565,6888
2024-10-09 08:00:00+00:00,143.2565,144.175,142.2738,142.772,5895
2024-10-09 12:00:00+00:00,142.772,143.2396,141.0125,141.631,6417
2024-10-09 16:00:00+00:00,141.631,142.9086,139.92,140.694,13855
2024-10-09 20:00:00+00:00,140.694,141.2585,138.4475,138.7455,10262
2024-10-10 00:00:00+00:00,137.5345,139.8548,137.4371,138.3162,6918
2024-10-10 04:00:00+00:00,138.3262,140.2451,138.2462,139.705,7708
2024-10-10 08:00:00+00:00,139.705,140.5865,138.055,138.3894,5735
2024-10-10 12:00:00+00:00,138.3984,140.3869,137.1085,138.722,10904
2024-10-10 16:00:00+00:00,138.722,139.8565,135.795,137.8385,20196
2024-10-10 20:00:00+00:00,137.8275,138.5385,135.202,137.3645,11484
2024-10-11 00:00:00+00:00,135.8855,139.6145,135.8855,139.1645,5907
2024-10-11 04:00:00+00:00,139.1705,141.3696,138.489,140.891,6871
2024-10-11 08:00:00+00:00,140.901,141.921,140.6599,141.271,6399
2024-10-11 12:00:00+00:00,141.271,142.9875,141.221,142.9116,9280
2024-10-11 16:00:00+00:00,142.9016,145.2617,141.9876,144.637,12794
2024-10-11 20:00:00+00:00,144.637,146.396,144.527,145.841,12776
2024-10-12 00:00:00+00:00,145.396,146.4686,144.8465,146.157,9385
2024-10-12 04:00:00+00:00,146.157,146.415,144.3194,145.2955,7541
2024-10-12 08:00:00+00:00,145.2955,145.9115,145.252,145.615,3504
2024-10-12 12:00:00+00:00,145.615,147.0936,145.4046,146.8696,11956
2024-10-12 16:00:00+00:00,146.8696,147.1776,145.3651,146.306,11175
2024-10-12 20:00:00+00:00,146.305,147.117,145.9642,146.75,9279
2024-10-13 00:00:00+00:00,145.39,147.121,145.3801,146.5695,8077
2024-10-13 04:00:00+00:00,146.5535,146.5801,144.965,145.831,10602
2024-10-13 08:00:00+00:00,145.821,146.9673,145.797,146.5451,8456
2024-10-13 12:00:00+00:00,146.5451,148.2105,146.1656,147.1856,7723
2024-10-13 16:00:00+00:00,147.1956,147.9465,144.2746,145.893,9398
2024-10-13 20:00:00+00:00,145.893,146.4055,144.546,146.226,6828
2024-10-14 00:00:00+00:00,144.726,148.5522,144.726,147.0956,8332
2024-10-14 04:00:00+00:00,147.0856,153.0415,146.9435,151.946,16711
2024-10-14 08:00:00+00:00,151.946,153.1075,150.4876,152.324,13854
2024-10-14 12:00:00+00:00,152.324,153.706,151.6605,152.9449,18155
2024-10-14 16:00:00+00:00,152.9449,157.6305,152.402,154.9671,18807
2024-10-14 20:00:00+00:00,154.9671,156.297,154.8171,156.0075,11496
2024-10-15 00:00:00+00:00,154.44,158.0336,154.44,157.278,13790
2024-10-15 04:00:00+00:00,157.278,158.029,154.5947,155.8495,15138
2024-10-15 08:00:00+00:00,155.8695,155.9325,153.3481,154.5495,14014
2024-10-15 12:00:00+00:00,154.5595,155.035,151.474,153.3565,10294
2024-10-15 16:00:00+00:00,153.3365,159.0491,149.923,154.7045,34637
2024-10-15 20:00:00+00:00,154.6945,156.108,152.1297,152.7667,21530
2024-10-16 00:00:00+00:00,151.1667,154.862,151.1667,153.6257,11931
2024-10-16 04:00:00+00:00,153.6227,155.793,152.409,153.752,16542
2024-10-16 08:00:00+00:00,153.752,154.7285,152.6882,154.3225,15857
2024-10-16 12:00:00+00:00,154.3125,158.0212,154.1825,155.2366,19504
2024-10-16 16:00:00+00:00,155.2456,156.5755,153.5161,155.0891,29266
2024-10-16 20:00:00+00:00,155.1091,155.5315,153.5671,154.3791,14492
2024-10-17 00:00:00+00:00,152.893,155.365,152.893,154.7255,8944
2024-10-17 04:00:00+00:00,154.7255,155.4815,152.5776,153.123,12041
2024-10-17 08:00:00+00:00,153.123,153.482,151.287,153.0617,13311
2024-10-17 12:00:00+00:00,153.0617,153.2735,150.8066,152.38,12605
2024-10-17 16:00:00+00:00,152.39,152.963,150.4025,151.1495,20334
2024-10-17 20:00:00+00:00,151.1495,151.3595,147.4475,149.5316,14422
2024-10-18 00:00:00+00:00,148.2336,150.8465,148.2336,149.6405,6997
2024-10-18 04:00:00+00:00,149.6405,153.0925,149.4095,152.2425,7873
2024-10-18 08:00:00+00:00,152.2525,154.117,151.9125,153.496,5989
2024-10-18 12:00:00+00:00,153.496,153.9521,151.8855,152.2375,5418
2024-10-18 16:00:00+00:00,152.2375,155.888,152.0826,155.565,15609
2024-10-18 20:00:00+00:00,155.565,156.551,153.9889,154.6327,7185
2024-10-19 00:00:00+00:00,154.1384,155.0802,153.3935,154.4921,3160
2024-10-19 04:00:00+00:00,154.4921,155.7465,153.8925,154.116,5857
2024-10-19 08:00:00+00:00,154.116,155.0456,153.8452,154.732,4593
2024-10-19 12:00:00+00:00,154.732,154.983,153.4701,154.5321,5134
2024-10-19 16:00:00+00:00,154.5521,157.3596,154.1505,156.0155,8344
2024-10-19 20:00:00+00:00,156.0155,156.828,155.293,156.6577,5043
2024-10-20 00:00:00+00:00,155.5006,160.4747,155.4685,158.681,10775
2024-10-20 04:00:00+00:00,158.691,159.8531,157.7431,159.3891,7900
2024-10-20 08:00:00+00:00,159.3991,160.4281,158.1135,158.691,9269
2024-10-20 12:00:00+00:00,158.691,159.377,158.1305,158.2106,5364
2024-10-20 16:00:00+00:00,158.2106,161.1715,157.302,159.72,16673
2024-10-20 20:00:00+00:00,159.711,162.9401,159.1052,162.6275,12898
2024-10-21 00:00:00+00:00,161.1671,169.7385,161.1671,168.5459,18254
2024-10-21 04:00:00+00:00,168.5389,170.6166,167.6571,170.3471,17094
2024-10-21 08:00:00+00:00,170.3471,171.3434,166.246,166.2555,18841
2024-10-21 12:00:00+00:00,166.2655,167.3945,164.992,165.43,15742
2024-10-21 16:00:00+00:00,165.431,165.7392,160.82,164.397,22782
2024-10-21 20:00:00+00:00,164.397,167.6977,164.226,166.1691,17264
2024-10-22 00:00:00+00:00,166.3291,167.8461,162.4465,165.0495,14298
2024-10-22 04:00:00+00:00,165.0495,167.567,164.641,167.109,15677
2024-10-22 08:00:00+00:00,167.118,168.6856,164.5248,165.318,15726
2024-10-22 12:00:00+00:00,165.327,168.9431,163.148,165.724,21050
2024-10-22 16:00:00+00:00,165.724,170.559,164.375,164.7765,19419
2024-10-22 20:00:00+00:00,164.7765,168.4925,164.6965,168.0942,10440
2024-10-23 00:00:00+00:00,165.9012,168.8566,165.4,165.928,7884
2024-10-23 04:00:00+00:00,165.938,167.2879,164.1555,165.6321,12318
2024-10-23 08:00:00+00:00,165.6321,166.1845,163.9508,164.494,17199
2024-10-23 12:00:00+00:00,164.494,166.7701,163.777,166.2655,13179
2024-10-23 16:00:00+00:00,166.2655,169.0611,165.1325,165.2015,16049
2024-10-23 20:00:00+00:00,165.2015,173.8085,164.1635,173.2985,18179
2024-10-24 00:00:00+00:00,171.0305,172.6232,169.5038,172.4701,11827
2024-10-24 04:00:00+00:00,172.4701,174.62,171.6385,173.1515,13643
2024-10-24 08:00:00+00:00,173.1605,173.8655,171.298,171.6145,10136
2024-10-24 12:00:00+00:00,171.6145,174.8848,170.4085,174.5975,12236
2024-10-24 16:00:00+00:00,174.5975,176.972,173.6255,176.3751,18228
2024-10-24 20:00:00+00:00,176.3551,177.2395,174.7491,177.03,11761
2024-10-25 00:00:00+00:00,177.08,178.8811,175.8755,176.4455,9988
2024-10-25 04:00:00+00:00,176.4335,176.4335,172.6131,173.0549,11240
2024-10-25 08:00:00+00:00,173.0539,174.3265,170.517,172.0973,11280
2024-10-25 12:00:00+00:00,172.1063,174.225,170.4005,173.141,15939
2024-10-25 16:00:00+00:00,173.145,177.0115,170.355,171.6295,22999
2024-10-25 20:00:00+00:00,171.6295,171.8906,164.1365,166.447,23519
2024-10-26 00:00:00+00:00,167.5115,167.5125,158.332,164.433,12962
2024-10-26 04:00:00+00:00,164.433,166.1965,161.7625,166.1805,9099
2024-10-26 08:00:00+00:00,166.1805,168.8109,165.53,168.1255,8993
2024-10-26 12:00:00+00:00,168.1065,169.9815,167.6645,168.7295,8387
2024-10-26 16:00:00+00:00,168.7295,169.1859,166.7849,168.8203,10326
2024-10-26 20:00:00+00:00,168.8213,172.7615,168.3205,172.1695,7318
2024-10-27 00:00:00+00:00,171.1005,172.8758,169.7631,170.3595,9716
2024-10-27 04:00:00+00:00,170.3595,172.8365,169.9205,172.1645,14079
2024-10-27 08:00:00+00:00,172.1555,175.086,171.543,174.821,11420
2024-10-27 12:00:00+00:00,174.821,175.5346,172.9501,175.3651,7821
2024-10-27 16:00:00+00:00,175.3641,176.5624,174.191,176.317,8759
2024-10-27 20:00:00+00:00,176.31,177.2671,175.183,176.5021,12508
2024-10-28 00:00:00+00:00,174.97,177.9356,174.97,175.6555,14211
2024-10-28 04:00:00+00:00,175.6655,176.3425,173.335,174.8586,17368
2024-10-28 08:00:00+00:00,174.8576,176.9525,172.578,176.4955,16169
2024-10-28 12:00:00+00:00,176.5055,178.1838,175.9655,177.2265,11080
2024-10-28 16:00:00+00:00,177.2275,177.5465,172.592,173.4361,16930
2024-10-28 20:00:00+00:00,173.4361,177.6655,171.9845,176.2116,15501
2024-10-29 00:00:00+00:00,174.655,179.41,174.655,178.338,10818
2024-10-29 04:00:00+00:00,178.338,182.393,176.7056,181.7521,13067
2024-10-29 08:00:00+00:00,181.7521,181.772,179.058,180.8235,7799
2024-10-29 12:00:00+00:00,180.8235,181.4805,178.6604,178.819,13566
2024-10-29 16:00:00+00:00,178.799,182.966,177.73,182.1695,22031
2024-10-29 20:00:00+00:00,182.1695,182.8011,175.9025,178.257,24866
2024-10-30 00:00:00+00:00,177.4738,180.0435,177.4738,178.0915,13734
2024-10-30 04:00:00+00:00,178.0715,180.635,176.719,180.4355,14644
2024-10-30 08:00:00+00:00,180.4355,181.0745,177.569,177.654,13860
2024-10-30 12:00:00+00:00,177.654,178.4461,174.111,175.048,14932
2024-10-30 16:00:00+00:00,175.037,177.0095,172.7485,174.8831,17446
2024-10-30 20:00:00+00:00,174.7831,176.3706,172.902,176.31,13483
2024-10-31 00:00:00+00:00,175.0685,176.5249,173.6176,175.2011,7917
2024-10-31 04:00:00+00:00,175.2011,176.3295,174.0245,174.973,9487
2024-10-31 08:00:00+00:00,174.973,175.808,172.8747,174.0577,7853
2024-10-31 12:00:00+00:00,174.0577,176.2295,173.8167,174.1235,9046
2024-10-31 16:00:00+00:00,174.1235,174.3565,169.035,169.5016,15547
2024-10-31 20:00:00+00:00,169.5116,170.4336,167.805,169.0985,12050
2024-11-01 00:00:00+00:00,167.3239,169.5021,167.0429,168.587,6578
2024-11-01 04:00:00+00:00,168.597,169.0837,164.95,167.147,11177
2024-11-01 08:00:00+00:00,167.147,167.3426,164.7816,165.5605,8315
2024-11-01 12:00:00+00:00,165.5865,169.5375,165.2905,169.4075,9946
2024-11-01 16:00:00+00:00,169.4075,173.7241,162.8775,166.14,20938
2024-11-01 20:00:00+00:00,166.15,167.505,165.1,165.3223,14359
2024-11-02 00:00:00+00:00,164.2673,167.0993,163.9728,166.6936,6907
2024-11-02 04:00:00+00:00,166.7036,168.2811,166.071,166.1145,7073
2024-11-02 08:00:00+00:00,166.0935,167.6706,165.4334,166.4421,8587
2024-11-02 12:00:00+00:00,166.4121,166.9378,164.5744,164.7739,8554
2024-11-02 16:00:00+00:00,164.7739,165.7235,161.8565,164.612,17763
2024-11-02 20:00:00+00:00,164.594,166.7031,162.739,166.3872,13210
2024-11-03 00:00:00+00:00,164.5662,166.752,164.5588,164.9876,7523
2024-11-03 04:00:00+00:00,165.0566,165.2816,160.4255,162.9345,17729
2024-11-03 08:00:00+00:00,162.9115,163.917,161.7067,162.683,9143
2024-11-03 12:00:00+00:00,162.703,164.503,160.3425,160.7455,7412
2024-11-03 16:00:00+00:00,160.7455,161.471,157.3005,160.697,10158
2024-11-03 20:00:00+00:00,160.717,163.229,157.5805,162.4626,12039
2024-11-04 00:00:00+00:00,161.2215,163.1795,159.4296,161.5912,10768
2024-11-04 04:00:00+00:00,161.5912,163.8222,160.305,160.683,9051
2024-11-04 08:00:00+00:00,160.663,161.892,159.827,161.5949,10784
2024-11-04 12:00:00+00:00,161.5859,164.69,161.3249,163.0715,15570
2024-11-04 16:00:00+00:00,163.0725,164.1035,159.522,160.4295,20457
2024-11-04 20:00:00+00:00,160.4105,161.1156,154.59,154.717,17586
2024-11-05 00:00:00+00:00,154.235,158.8825,154.235,157.9459,10599
2024-11-05 04:00:00+00:00,157.9659,160.8015,157.6975,160.5815,8538
2024-11-05 08:00:00+00:00,160.5815,162.7889,159.776,161.6642,11640
2024-11-05 12:00:00+00:00,161.6712,163.903,160.707,163.538,11259
2024-11-05 16:00:00+00:00,163.538,169.0862,163.1345,166.4616,21219
2024-11-05 20:00:00+00:00,166.5216,167.3349,162.904,164.8816,14163
2024-11-06 00:00:00+00:00,163.9,174.421,163.9,173.286,15146
2024-11-06 04:00:00+00:00,173.174,187.685,172.4895,185.0756,18325
2024-11-06 08:00:00+00:00,185.0756,187.949,179.8459,184.333,17010
2024-11-06 12:00:00+00:00,184.333,188.436,183.588,186.805,10043
2024-11-06 16:00:00+00:00,186.815,188.3712,184.1025,185.6135,15857
2024-11-06 20:00:00+00:00,185.5935,189.8421,185.534,189.012,13637
2024-11-07 00:00:00+00:00,187.184,191.6056,185.6546,189.367,15146
2024-11-07 04:00:00+00:00,189.377,191.837,187.6745,188.869,12907
2024-11-07 08:00:00+00:00,188.859,189.3575,185.9085,188.4765,7017
2024-11-07 12:00:00+00:00,188.4765,188.4765,185.8306,186.0526,7132
2024-11-07 16:00:00+00:00,186.0526,196.163,185.9346,195.9295,15420
2024-11-07 20:00:00+00:00,195.9595,198.036,194.34,196.524,19418
2024-11-08 00:00:00+00:00,196.15,200.67,194.0158,198.311,20848
2024-11-08 04:00:00+00:00,198.311,200.0936,195.608,199.1285,18686
2024-11-08 08:00:00+00:00,199.1685,202.645,197.05,202.2825,20338
2024-11-08 12:00:00+00:00,202.2825,204.832,200.918,204.432,19873
2024-11-08 16:00:00+00:00,204.432,204.9941,195.9175,199.156,25707
2024-11-08 20:00:00+00:00,199.066,201.9365,197.021,198.223,19202
2024-11-09 00:00:00+00:00,198.3364,200.1996,198.0524,199.3,13275
2024-11-09 04:00:00+00:00,199.19,201.5075,197.0955,200.5911,14523
2024-11-09 08:00:00+00:00,200.6111,202.339,199.226,201.538,14391
2024-11-09 12:00:00+00:00,201.548,202.947,199.06,199.3196,11184
2024-11-09 16:00:00+00:00,199.3196,199.4931,194.78,197.894,17782
2024-11-09 20:00:00+00:00,197.894,199.5145,197.199,198.5195,14115
2024-11-10 00:00:00+00:00,196.7375,201.8422,196.7375,200.0225,16890
2024-11-10 04:00:00+00:00,199.9825,208.7775,199.8355,206.5514,18282
2024-11-10 08:00:00+00:00,206.4614,207.099,203.74,205.265,17806
2024-11-10 12:00:00+00:00,205.265,207.335,203.303,206.4765,11773
2024-11-10 16:00:00+00:00,206.4765,214.8255,204.0825,212.583,17863
2024-11-10 20:00:00+00:00,212.583,214.8675,198.6855,207.301,24765
2024-11-11 00:00:00+00:00,205.5765,213.4346,205.5765,210.395,18640
2024-11-11 04:00:00+00:00,210.395,211.5635,203.9979,206.024,18133
2024-11-11 08:00:00+00:00,206.024,211.055,204.741,210.901,18067
2024-11-11 12:00:00+00:00,210.901,219.1685,210.3605,216.943,17984
2024-11-11 16:00:00+00:00,216.883,221.542,215.9942,219.1388,32276
2024-11-11 20:00:00+00:00,219.0388,222.7385,216.1516,219.0192,21127
2024-11-12 00:00:00+00:00,217.8462,223.7295,214.784,219.0225,28275
2024-11-12 04:00:00+00:00,218.9925,221.809,215.659,217.6425,15379
2024-11-12 08:00:00+00:00,217.6125,224.7825,215.577,215.5905,25240
2024-11-12 12:00:00+00:00,215.6005,217.371,204.641,209.1244,30768
2024-11-12 16:00:00+00:00,209.0944,213.4735,206.4165,209.298,25171
2024-11-12 20:00:00+00:00,209.307,215.3995,209.307,212.7954,12873
2024-11-13 00:00:00+00:00,211.4004,215.4205,207.8295,210.4985,22941
2024-11-13 04:00:00+00:00,210.5085,210.884,200.6085,204.4395,20317
2024-11-13 08:00:00+00:00,204.4395,207.8815,201.2785,206.3215,20780
2024-11-13 12:00:00+00:00,206.3215,214.8485,205.661,212.0834,21913
2024-11-13 16:00:00+00:00,212.1024,220.098,209.482,218.8361,37639
2024-11-13 20:00:00+00:00,218.8361,220.2776,205.4555,210.367,26412
2024-11-14 00:00:00+00:00,209.194,215.9426,209.194,215.8511,19463
2024-11-14 04:00:00+00:00,215.8211,220.017,212.5565,218.7706,20877
2024-11-14 08:00:00+00:00,218.7506,222.5544,214.7155,221.6715,18603
2024-11-14 12:00:00+00:00,221.6505,222.058,213.222,214.055,21768
2024-11-14 16:00:00+00:00,213.975,217.6855,208.8899,215.028,23822
2024-11-14 20:00:00+00:00,214.968,216.4715,211.2465,214.1901,17443
2024-11-15 00:00:00+00:00,212.7611,214.0791,206.3335,209.815,15266
2024-11-15 04:00:00+00:00,209.835,210.586,204.312,208.4165,16522
2024-11-15 08:00:00+00:00,208.4165,213.3275,207.623,212.9365,18501
2024-11-15 12:00:00+00:00,212.9565,214.8245,212.09,214.6378,16362
2024-11-15 16:00:00+00:00,214.6388,215.169,206.476,210.468,21452
2024-11-15 20:00:00+00:00,210.468,219.1635,208.3945,218.989,16570
2024-11-16 00:00:00+00:00,219.2552,220.2746,215.852,218.4709,13002
2024-11-16 04:00:00+00:00,218.4709,221.791,218.1209,220.8117,14846
2024-11-16 08:00:00+00:00,220.8117,220.8817,217.3184,217.4402,12303
2024-11-16 12:00:00+00:00,217.4502,221.3275,215.3435,217.5794,13208
2024-11-16 16:00:00+00:00,217.5874,218.8745,213.1835,215.221,17014
2024-11-16 20:00:00+00:00,215.1745,216.813,214.262,216.763,19149
2024-11-17 00:00:00+00:00,214.782,218.9485,213.8335,215.81,14290
2024-11-17 04:00:00+00:00,215.82,238.6155,211.6545,235.888,20282
2024-11-17 08:00:00+00:00,235.803,241.419,234.982,237.9694,15011
2024-11-17 12:00:00+00:00,237.9694,240.7846,229.1383,230.9035,12637
2024-11-17 16:00:00+00:00,230.9035,234.7055,230.4505,233.4765,17510
2024-11-17 20:00:00+00:00,233.4765,236.7059,230.6695,232.572,20285
2024-11-18 00:00:00+00:00,231.227,239.377,231.1165,237.4075,16217
2024-11-18 04:00:00+00:00,237.4075,244.6455,236.7045,242.846,23486
2024-11-18 08:00:00+00:00,242.806,245.04,239.1555,244.1825,17105
2024-11-18 12:00:00+00:00,244.1225,248.1265,237.871,238.4361,19687
2024-11-18 16:00:00+00:00,238.4361,244.7665,237.0275,239.581,23783
2024-11-18 20:00:00+00:00,239.581,241.5335,233.7595,238.2635,16699
2024-11-19 00:00:00+00:00,236.9225,240.7695,236.9225,238.2691,12367
2024-11-19 04:00:00+00:00,238.2791,242.949,237.9345,240.766,14878
2024-11-19 08:00:00+00:00,240.786,245.9525,240.3836,244.5692,15311
2024-11-19 12:00:00+00:00,244.5592,247.4265,239.5685,239.6685,17089
2024-11-19 16:00:00+00:00,239.6685,243.0745,238.246,242.9989,28012
2024-11-19 20:00:00+00:00,242.9999,244.6011,234.2885,236.8465,19245
2024-11-20 00:00:00+00:00,235.1745,237.886,232.9427,234.8245,18769
2024-11-20 04:00:00+00:00,234.7945,235.039,230.4355,234.821,20350
2024-11-20 08:00:00+00:00,234.83,238.8455,234.0036,237.517,24156
2024-11-20 12:00:00+00:00,237.517,238.8045,234.678,238.6215,27203
2024-11-20 16:00:00+00:00,238.6215,242.234,231.7281,231.7281,33513
2024-11-20 20:00:00+00:00,231.7371,238.0501,230.876,236.7376,27062
2024-11-21 00:00:00+00:00,235.5506,238.6056,234.5308,236.3545,10287
2024-11-21 04:00:00+00:00,236.3545,241.881,229.7518,238.7015,13934
2024-11-21 08:00:00+00:00,238.7215,243.047,236.601,241.522,17524
2024-11-21 12:00:00+00:00,241.532,248.001,239.6425,245.069,25708
2024-11-21 16:00:00+00:00,245.139,258.6915,242.1475,257.0605,29893
2024-11-21 20:00:00+00:00,257.0705,259.472,252.6385,253.352,22778
2024-11-22 00:00:00+00:00,251.9905,258.7362,251.9905,255.1485,13172
2024-11-22 04:00:00+00:00,255.1485,264.008,255.1185,260.571,15050
2024-11-22 08:00:00+00:00,260.571,261.192,257.676,258.4758,13495
2024-11-22 12:00:00+00:00,258.4658,260.272,252.532,254.802,14646
2024-11-22 16:00:00+00:00,254.812,256.919,252.2425,254.5225,20905
2024-11-22 20:00:00+00:00,254.5225,256.8665,251.333,256.8665,16593
2024-11-23 00:00:00+00:00,254.8733,257.814,254.553,256.6925,11159
2024-11-23 04:00:00+00:00,256.6925,263.8825,253.4045,260.106,15303
2024-11-23 08:00:00+00:00,260.106,260.615,257.494,258.3045,11301
2024-11-23 12:00:00+00:00,258.3045,260.448,255.9945,259.998,16706
2024-11-23 16:00:00+00:00,259.998,263.66,254.76,257.7615,14592
2024-11-23 20:00:00+00:00,257.7315,257.7515,252.763,255.8076,19409
2024-11-24 00:00:00+00:00,255.7076,259.975,252.7866,259.0895,15146
2024-11-24 04:00:00+00:00,259.0795,259.8695,254.2501,255.4475,28358
2024-11-24 08:00:00+00:00,255.448,257.15,253.2731,254.754,25779
2024-11-24 12:00:00+00:00,254.764,254.9425,240.3566,247.6686,16318
2024-11-24 16:00:00+00:00,247.6686,248.6115,243.4161,247.522,10874
2024-11-24 20:00:00+00:00,247.492,251.3966,247.0845,251.1965,21775
2024-11-25 00:00:00+00:00,249.457,254.8426,245.4085,248.6415,19369
2024-11-25 04:00:00+00:00,248.6315,254.1995,248.4515,253.3425,21478
2024-11-25 08:00:00+00:00,253.2525,256.7176,251.7485,254.9385,21035
2024-11-25 12:00:00+00:00,254.9085,255.7915,246.2632,247.901,22843
2024-11-25 16:00:00+00:00,247.891,248.8705,233.854,239.5835,19487
2024-11-25 20:00:00+00:00,239.5935,241.728,234.8685,237.606,17535
2024-11-26 00:00:00+00:00,235.737,238.1675,230.2396,237.4135,14913
2024-11-26 04:00:00+00:00,237.4035,239.3115,235.7045,238.657,15060
2024-11-26 08:00:00+00:00,238.658,239.8475,230.0935,233.7139,16282
2024-11-26 12:00:00+00:00,233.7239,234.5345,221.0585,227.718,22551
2024-11-26 16:00:00+00:00,227.758,232.488,225.199,230.176,21879
2024-11-26 20:00:00+00:00,230.176,231.2885,223.024,230.448,20547
2024-11-27 00:00:00+00:00,229.493,232.344,227.8215,231.9715,12498
2024-11-27 04:00:00+00:00,231.972,233.5735,227.1725,228.5725,14915
2024-11-27 08:00:00+00:00,228.5725,234.7455,228.5725,233.4506,22086
2024-11-27 12:00:00+00:00,233.4516,237.6995,232.394,237.6995,22938
2024-11-27 16:00:00+00:00,237.699,240.925,236.2526,239.9411,17990
2024-11-27 20:00:00+00:00,239.9411,242.923,238.668,240.0545,14748
2024-11-28 00:00:00+00:00,238.9031,245.366,238.8977,243.774,15514
2024-11-28 04:00:00+00:00,243.784,244.984,237.609,238.444,15802
2024-11-28 08:00:00+00:00,238.444,239.614,235.4315,235.6235,16267
2024-11-28 12:00:00+00:00,235.6255,237.3945,233.928,236.4495,26637
2024-11-28 16:00:00+00:00,236.4295,237.653,232.6405,235.185,21748
2024-11-28 20:00:00+00:00,235.175,236.9785,234.574,235.689,10718
2024-11-29 00:00:00+00:00,234.205,238.569,234.205,237.9105,14341
2024-11-29 04:00:00+00:00,237.9105,243.093,237.8405,240.521,21415
2024-11-29 08:00:00+00:00,240.523,241.4705,237.4897,240.533,15633
2024-11-29 12:00:00+00:00,240.523,246.7935,240.2245,243.528,24883
2024-11-29 16:00:00+00:00,243.398,246.659,240.2601,240.3085,23333
2024-11-29 20:00:00+00:00,240.3085,244.1335,239.9325,244.1325,22638
2024-11-30 00:00:00+00:00,244.5586,244.9533,238.913,240.156,17357
2024-11-30 04:00:00+00:00,240.176,243.825,239.767,243.6245,22681
2024-11-30 08:00:00+00:00,243.6045,245.207,241.92,243.714,26175
2024-11-30 12:00:00+00:00,243.694,243.8231,239.922,240.391,25430
2024-11-30 16:00:00+00:00,240.401,241.5788,238.3365,239.7336,24776
2024-11-30 20:00:00+00:00,239.7536,241.114,238.7006,240.4705,22483
2024-12-01 00:00:00+00:00,240.0137,240.0807,236.3255,236.6795,25315
2024-12-01 04:00:00+00:00,236.6795,237.2285,234.0745,235.343,28454
2024-12-01 08:00:00+00:00,235.353,238.6545,234.9196,237.6015,19196
2024-12-01 12:00:00+00:00,237.6015,238.3539,235.4767,237.9125,7886
2024-12-01 16:00:00+00:00,237.9225,239.426,236.1995,236.977,21162
2024-12-01 20:00:00+00:00,236.947,237.5835,234.275,237.3072,27753
2024-12-02 00:00:00+00:00,237.458,238.7465,234.291,237.5776,19865
2024-12-02 04:00:00+00:00,237.5776,237.992,225.9975,228.422,33031
2024-12-02 08:00:00+00:00,228.422,229.0445,222.842,227.5595,42266
2024-12-02 12:00:00+00:00,227.5795,227.6095,221.2505,225.642,36706
2024-12-02 16:00:00+00:00,225.693,229.7945,219.735,220.1845,33888
2024-12-02 20:00:00+00:00,220.2045,224.9075,220.0445,221.9955,32568
2024-12-03 00:00:00+00:00,220.3945,226.2151,220.3945,223.7175,23501
2024-12-03 04:00:00+00:00,223.6075,228.936,222.7015,227.755,27648
2024-12-03 08:00:00+00:00,227.725,230.5925,224.058,224.82,26736
2024-12-03 12:00:00+00:00,224.81,225.9601,214.567,217.275,34021
2024-12-03 16:00:00+00:00,217.285,225.9075,214.4605,224.4526,42969
2024-12-03 20:00:00+00:00,224.4326,239.515,223.5964,237.692,30884
2024-12-04 00:00:00+00:00,234.8911,239.6425,233.4885,239.2305,19380
2024-12-04 04:00:00+00:00,239.1705,240.6565,234.8085,237.9365,19797
2024-12-04 08:00:00+00:00,237.8965,238.346,234.9693,235.446,21393
2024-12-04 12:00:00+00:00,235.436,237.6875,230.3848,230.9955,22954
2024-12-04 16:00:00+00:00,231.0055,234.996,224.088,228.805,26203
2024-12-04 20:00:00+00:00,228.744,235.873,227.8345,229.735,22904
2024-12-05 00:00:00+00:00,228.4473,231.8325,222.5885,225.7045,13923
2024-12-05 04:00:00+00:00,225.7045,238.0325,225.3715,234.641,23943
2024-12-05 08:00:00+00:00,234.641,237.4075,230.3455,237.397,16235
2024-12-05 12:00:00+00:00,237.407,244.6035,236.577,240.15,15051
2024-12-05 16:00:00+00:00,240.16,242.2715,235.9445,239.807,18120
2024-12-05 20:00:00+00:00,239.807,240.0125,229.1191,233.9365,19966
2024-12-06 00:00:00+00:00,232.8295,246.197,222.6735,243.6855,19229
2024-12-06 04:00:00+00:00,243.7055,243.949,237.89,238.5294,21131
2024-12-06 08:00:00+00:00,238.4594,240.4451,234.8364,235.4864,23577
2024-12-06 12:00:00+00:00,235.4264,236.2155,230.657,234.5935,21664
2024-12-06 16:00:00+00:00,234.4835,240.4515,233.383,239.1805,27441
2024-12-06 20:00:00+00:00,239.1905,240.993,237.545,237.6035,24439
2024-12-07 00:00:00+00:00,237.1855,238.2061,234.818,235.631,16972
2024-12-07 04:00:00+00:00,235.561,236.7363,233.933,235.354,13696
2024-12-07 08:00:00+00:00,235.364,238.965,234.5416,238.864,9988
2024-12-07 12:00:00+00:00,238.864,239.5775,237.2495,239.3735,10277
2024-12-07 16:00:00+00:00,239.3535,243.129,237.6075,241.0615,11684
2024-12-07 20:00:00+00:00,241.0515,243.0318,239.6839,241.6938,12721
2024-12-08 00:00:00+00:00,241.2109,242.0328,237.4371,239.3695,8425
2024-12-08 04:00:00+00:00,239.3695,241.5595,236.5205,237.253,12661
2024-12-08 08:00:00+00:00,237.253,238.789,232.956,233.7795,9684
2024-12-08 12:00:00+00:00,233.7595,237.7202,233.6895,237.3592,6998
2024-12-08 16:00:00+00:00,237.3792,237.6365,234.3381,236.6325,8467
2024-12-08 20:00:00+00:00,236.6425,236.791,233.8545,235.536,9340
2024-12-09 00:00:00+00:00,235.568,237.4755,231.579,232.3255,7156
2024-12-09 04:00:00+00:00,232.3255,232.931,229.9015,232.5365,11742
2024-12-09 08:00:00+00:00,232.5365,232.6065,225.2305,226.7105,15844
2024-12-09 12:00:00+00:00,226.7105,229.544,224.66,228.8385,16998
2024-12-09 16:00:00+00:00,228.8485,231.443,222.243,222.7605,16716
2024-12-09 20:00:00+00:00,222.7505,224.8005,202.572,218.4669,26522
2024-12-10 00:00:00+00:00,215.5109,220.651,203.7384,218.751,22758
2024-12-10 04:00:00+00:00,218.791,218.8056,206.504,216.1705,24771
2024-12-10 08:00:00+00:00,216.1905,218.555,215.1895,216.932,21445
2024-12-10 12:00:00+00:00,216.912,218.3181,209.957,214.271,19622
2024-12-10 16:00:00+00:00,214.281,218.1645,202.917,203.087,41679
2024-12-10 20:00:00+00:00,203.127,216.1165,202.8201,212.9175,24669
2024-12-11 00:00:00+00:00,212.0825,216.237,211.218,211.6255,19003
2024-12-11 04:00:00+00:00,211.6255,219.6945,211.2705,218.306,20314
2024-12-11 08:00:00+00:00,218.316,222.7391,217.8485,222.3661,21607
2024-12-11 12:00:00+00:00,222.3661,227.2955,222.1761,226.4535,21165
2024-12-11 16:00:00+00:00,226.4235,230.496,224.823,227.908,24978
2024-12-11 20:00:00+00:00,227.878,230.703,227.0675,229.0415,18168
2024-12-12 00:00:00+00:00,227.2375,229.1787,225.5185,226.087,15594
2024-12-12 04:00:00+00:00,226.087,232.7825,226.019,231.141,17712
2024-12-12 08:00:00+00:00,231.041,233.3277,228.982,231.6484,16576
2024-12-12 12:00:00+00:00,231.5884,232.474,228.103,229.7995,20860
2024-12-12 16:00:00+00:00,229.7695,234.115,228.9995,233.8245,27511
2024-12-12 20:00:00+00:00,233.7945,234.4265,226.0856,227.8396,19463
2024-12-13 00:00:00+00:00,226.6101,228.2772,224.0006,226.044,16436
2024-12-13 04:00:00+00:00,226.054,228.1504,225.211,225.49,17340
2024-12-13 08:00:00+00:00,225.38,226.55,222.931,225.2245,15291
2024-12-13 12:00:00+00:00,225.1245,227.096,222.2235,223.1215,17173
2024-12-13 16:00:00+00:00,223.1215,225.8186,220.0625,222.9979,18781
2024-12-13 20:00:00+00:00,222.8969,224.4555,220.9875,223.5433,7526
2024-12-14 00:00:00+00:00,223.5822,226.765,222.9493,225.4978,9998
2024-12-14 04:00:00+00:00,225.3608,226.3965,224.5447,226.0745,14725
2024-12-14 08:00:00+00:00,226.0755,227.3135,225.1475,225.799,12293
2024-12-14 12:00:00+00:00,225.799,225.962,220.151,220.571,16436
2024-12-14 16:00:00+00:00,220.601,223.216,217.7845,218.1325,23716
2024-12-14 20:00:00+00:00,218.1325,219.074,214.9765,217.467,17181
2024-12-15 00:00:00+00:00,215.7375,221.374,215.7375,221.064,13761
2024-12-15 04:00:00+00:00,221.064,221.635,219.102,219.983,11984
2024-12-15 08:00:00+00:00,219.987,220.1505,215.3585,219.1325,16583
2024-12-15 12:00:00+00:00,219.1325,219.97,216.9276,218.9395,7391
2024-12-15 16:00:00+00:00,218.9395,222.1865,218.8595,221.176,7211
2024-12-15 20:00:00+00:00,221.176,221.83,216.1485,216.5195,13779
2024-12-16 00:00:00+00:00,216.1795,227.1191,215.863,225.355,16267
2024-12-16 04:00:00+00:00,225.365,225.505,219.947,222.1114,15498
2024-12-16 08:00:00+00:00,222.1114,223.7275,217.792,218.2085,20458
2024-12-16 12:00:00+00:00,218.1085,218.359,212.787,216.082,24383
2024-12-16 16:00:00+00:00,216.102,220.782,215.3015,219.0845,20415
2024-12-16 20:00:00+00:00,219.1445,221.509,215.8945,218.526,15427
2024-12-17 00:00:00+00:00,217.011,218.9145,211.069,214.1325,21552
2024-12-17 04:00:00+00:00,214.1425,215.5951,212.6855,214.801,21414
2024-12-17 08:00:00+00:00,214.771,221.9535,213.619,221.5245,19937
2024-12-17 12:00:00+00:00,221.5245,227.2435,220.678,223.463,18740
2024-12-17 16:00:00+00:00,223.463,228.1104,216.349,227.3035,26673
2024-12-17 20:00:00+00:00,227.2735,228.789,224.4345,225.868,18025
2024-12-18 00:00:00+00:00,224.2565,225.7311,217.7365,218.1055,14066
2024-12-18 04:00:00+00:00,218.1255,220.068,215.0465,215.562,17031
2024-12-18 08:00:00+00:00,215.552,217.2931,213.3645,216.6195,21906
2024-12-18 12:00:00+00:00,216.6195,218.7215,215.215,215.445,17183
2024-12-18 16:00:00+00:00,215.455,218.2945,213.768,216.451,21130
2024-12-18 20:00:00+00:00,216.431,217.868,204.253,208.874,34839
2024-12-19 00:00:00+00:00,207.321,208.5,202.553,202.828,16508
2024-12-19 04:00:00+00:00,202.828,209.8002,198.579,209.6792,17256
2024-12-19 08:00:00+00:00,209.6892,211.9501,207.646,209.8405,9804
2024-12-19 12:00:00+00:00,209.8505,211.044,206.779,207.613,10373
2024-12-19 16:00:00+00:00,207.622,210.2285,193.6025,196.1155,27690
2024-12-19 20:00:00+00:00,196.0355,197.531,186.0815,194.4285,33699
2024-12-20 00:00:00+00:00,192.9155,196.651,191.1635,193.7145,17834
2024-12-20 04:00:00+00:00,193.7145,199.3025,192.255,192.275,25551
2024-12-20 08:00:00+00:00,192.285,194.0445,177.3725,182.169,27270
2024-12-20 12:00:00+00:00,182.162,188.2955,174.4135,188.0225,38289
2024-12-20 16:00:00+00:00,188.0225,192.4903,185.9535,191.8203,23480
2024-12-20 20:00:00+00:00,191.8163,192.9206,187.3451,190.2575,11685
2024-12-21 00:00:00+00:00,191.8025,196.413,191.661,195.171,13594
2024-12-21 04:00:00+00:00,195.181,198.9435,193.2905,198.9335,16570
2024-12-21 08:00:00+00:00,198.9335,201.621,194.11,194.841,22187
2024-12-21 12:00:00+00:00,194.841,195.7241,182.7785,185.3825,24999
2024-12-21 16:00:00+00:00,185.2325,186.9925,181.2535,183.6025,18129
2024-12-21 20:00:00+00:00,183.6025,184.9395,177.9318,180.932,16029
2024-12-22 00:00:00+00:00,178.158,183.4447,178.158,182.4455,11200
2024-12-22 04:00:00+00:00,182.3655,183.5355,177.2996,180.281,12942
2024-12-22 08:00:00+00:00,180.291,186.5516,179.691,185.305,12085
2024-12-22 12:00:00+00:00,185.305,187.4655,184.094,184.5035,8007
2024-12-22 16:00:00+00:00,184.5435,184.7056,178.5755,181.339,13843
2024-12-22 20:00:00+00:00,181.339,183.6015,176.2025,180.3834,15847
2024-12-23 00:00:00+00:00,177.2044,181.8415,175.8801,177.6738,12087
2024-12-23 04:00:00+00:00,177.8638,187.248,175.9705,183.6155,13633
2024-12-23 08:00:00+00:00,183.6355,186.076,179.3207,184.5315,18086
2024-12-23 12:00:00+00:00,184.5315,185.48,180.6617,182.1625,25321
2024-12-23 16:00:00+00:00,182.1625,185.643,180.2105,184.193,20772
2024-12-23 20:00:00+00:00,184.203,192.954,183.7385,189.636,18812
2024-12-24 00:00:00+00:00,187.8545,192.1564,187.078,187.3015,14413
2024-12-24 04:00:00+00:00,187.3115,191.471,185.531,191.441,19196
2024-12-24 08:00:00+00:00,191.431,193.4605,188.975,192.055,25364
2024-12-24 12:00:00+00:00,192.065,195.2135,190.0215,194.959,19004
2024-12-24 16:00:00+00:00,194.969,198.571,193.3915,196.4335,18781
2024-12-24 20:00:00+00:00,196.4435,198.2045,192.8115,196.5275,17276
2024-12-25 00:00:00+00:00,194.6985,199.963,194.6875,198.808,14139
2024-12-25 04:00:00+00:00,198.818,201.4895,198.0645,199.056,20670
2024-12-25 08:00:00+00:00,199.086,200.2766,196.9815,197.657,14205
2024-12-25 12:00:00+00:00,197.667,199.9432,194.4455,196.7488,11542
2024-12-25 16:00:00+00:00,196.7488,199.0845,195.8074,198.5035,12941
2024-12-25 20:00:00+00:00,198.4935,199.743,195.65,196.2465,15173
2024-12-26 00:00:00+00:00,195.9965,199.3885,195.0896,196.601,15320
2024-12-26 04:00:00+00:00,196.601,198.6038,193.8385,194.4254,20478
2024-12-26 08:00:00+00:00,194.4354,194.8656,188.064,189.2425,25015
2024-12-26 12:00:00+00:00,189.2425,190.523,187.6245,188.7335,20609
2024-12-26 16:00:00+00:00,188.7335,190.6495,186.8985,187.9836,18032
2024-12-26 20:00:00+00:00,187.9636,189.6335,186.155,189.233,16512
2024-12-27 00:00:00+00:00,187.317,189.7952,186.6999,188.6445,14641
2024-12-27 04:00:00+00:00,188.6355,190.4542,187.539,188.843,20059
2024-12-27 08:00:00+00:00,188.843,193.8719,184.986,192.722,22723
2024-12-27 12:00:00+00:00,192.708,193.1525,188.3235,189.1001,21401
2024-12-27 16:00:00+00:00,189.1001,189.2055,182.3235,185.695,19520
2024-12-27 20:00:00+00:00,185.695,186.883,184.112,184.3871,16754
2024-12-28 00:00:00+00:00,184.5403,185.4875,182.7116,184.8195,11875
2024-12-28 04:00:00+00:00,184.8025,185.795,183.327,185.3735,14996
2024-12-28 08:00:00+00:00,185.3735,186.432,184.345,185.846,17693
2024-12-28 12:00:00+00:00,185.846,187.9605,185.0325,187.8005,22469
2024-12-28 16:00:00+00:00,187.7905,194.748,187.4725,194.4314,25806
2024-12-28 20:00:00+00:00,194.4314,194.8475,192.199,193.532,10200
2024-12-29 00:00:00+00:00,193.6606,195.4649,191.954,192.2105,8111
2024-12-29 04:00:00+00:00,192.2105,194.8293,192.079,194.8293,4663
2024-12-29 08:00:00+00:00,194.8293,196.807,194.2206,196.4121,6082
2024-12-29 12:00:00+00:00,196.4121,196.7373,194.586,195.7326,4869
2024-12-29 16:00:00+00:00,195.7426,196.955,191.633,192.8836,9307
2024-12-29 20:00:00+00:00,192.8836,193.1515,189.727,190.429,10561
2024-12-30 00:00:00+00:00,189.9465,193.7215,187.9336,192.5112,13902
2024-12-30 04:00:00+00:00,192.4812,192.9045,188.8875,190.6505,17684
2024-12-30 08:00:00+00:00,190.6515,193.5591,190.1999,192.4861,29984
2024-12-30 12:00:00+00:00,192.4861,194.3707,188.005,188.397,29701
2024-12-30 16:00:00+00:00,188.397,191.9052,185.3008,190.962,25886
2024-12-30 20:00:00+00:00,191.032,196.0248,188.321,189.3095,13205
2024-12-31 00:00:00+00:00,187.23,191.5105,187.23,188.6321,11139
2024-12-31 04:00:00+00:00,188.6321,190.2095,187.4524,188.059,11068
2024-12-31 08:00:00+00:00,188.069,193.671,187.6365,192.7891,13471
2024-12-31 12:00:00+00:00,192.7891,195.7009,192.4316,195.4056,17519
2024-12-31 16:00:00+00:00,195.3356,198.696,193.3375,195.5165,18077
2024-12-31 20:00:00+00:00,195.4865,196.1095,191.7783,192.6435,12821
2025-01-01 00:00:00+00:00,190.4515,192.2535,188.3693,190.1835,11098
2025-01-01 04:00:00+00:00,190.1835,191.4465,188.332,189.2031,8765
2025-01-01 08:00:00+00:00,189.0731,189.459,186.9948,188.3111,7031
2025-01-01 12:00:00+00:00,188.3211,190.756,188.2264,189.269,7743
2025-01-01 16:00:00+00:00,189.179,191.4058,188.0288,189.422,13945
2025-01-01 20:00:00+00:00,189.412,194.1885,188.4975,193.9355,15703
2025-01-02 00:00:00+00:00,193.6054,197.4405,192.3639,197.013,11645
2025-01-02 04:00:00+00:00,197.013,204.568,196.686,203.819,13988
2025-01-02 08:00:00+00:00,203.819,207.303,203.0195,206.666,15712
2025-01-02 12:00:00+00:00,206.666,208.9945,206.2455,207.5734,9551
2025-01-02 16:00:00+00:00,207.5534,209.6085,204.1135,205.5085,17136
2025-01-02 20:00:00+00:00,205.5185,207.704,204.4025,206.2075,11918
2025-01-03 00:00:00+00:00,204.0856,208.1735,204.0856,206.5645,14675
2025-01-03 04:00:00+00:00,206.5645,209.215,205.5924,208.573,16818
2025-01-03 08:00:00+00:00,208.574,212.1895,206.671,210.848,20980
2025-01-03 12:00:00+00:00,210.838,214.5745,209.8665,212.48,12409
2025-01-03 16:00:00+00:00,212.48,219.3335,212.48,217.1505,16143
2025-01-03 20:00:00+00:00,217.1295,218.368,215.4355,216.1545,14864
2025-01-04 00:00:00+00:00,216.434,217.8005,215.7174,217.19,8289
2025-01-04 04:00:00+00:00,217.1915,217.845,215.2635,217.0045,9638
2025-01-04 08:00:00+00:00,217.0045,217.7935,214.9315,215.619,12367
2025-01-04 12:00:00+00:00,215.559,217.4615,214.1685,216.8715,10367
2025-01-04 16:00:00+00:00,216.8915,217.0145,213.0615,215.6348,17345
2025-01-04 20:00:00+00:00,215.6348,216.6375,214.9298,215.8975,17503
2025-01-05 00:00:00+00:00,214.0345,217.6809,213.9841,215.5763,14052
2025-01-05 04:00:00+00:00,215.4863,218.8392,215.2496,216.3055,16361
2025-01-05 08:00:00+00:00,216.3255,216.9177,212.4721,212.8706,14644
2025-01-05 12:00:00+00:00,212.8706,214.4775,212.065,212.3301,14525
2025-01-05 16:00:00+00:00,212.3501,214.1192,211.356,212.4909,21370
2025-01-05 20:00:00+00:00,212.4909,213.869,211.1741,213.7575,16213
2025-01-06 00:00:00+00:00,212.9285,214.7825,211.2977,214.266,13140
2025-01-06 04:00:00+00:00,214.236,216.727,214.046,215.394,18881
2025-01-06 08:00:00+00:00,215.394,215.994,212.915,214.2225,19433
2025-01-06 12:00:00+00:00,214.0325,218.5135,213.6005,218.4025,12548
2025-01-06 16:00:00+00:00,218.4025,222.8444,216.333,218.5335,19612
2025-01-06 20:00:00+00:00,218.6035,220.4375,217.3085,217.807,13790
2025-01-07 00:00:00+00:00,215.907,219.042,215.8444,218.0055,11937
2025-01-07 04:00:00+00:00,217.9855,218.2155,215.4305,216.218,10126
2025-01-07 08:00:00+00:00,216.218,216.5784,214.434,214.8595,7850
2025-01-07 12:00:00+00:00,214.8595,215.2055,212.4545,213.5215,12760
2025-01-07 16:00:00+00:00,213.5305,214.061,204.7315,206.0205,23313
2025-01-07 20:00:00+00:00,206.0405,206.855,201.88,201.926,16344
2025-01-08 00:00:00+00:00,200.194,203.5199,199.068,200.776,17733
2025-01-08 04:00:00+00:00,200.736,201.282,195.4515,195.8185,12019
2025-01-08 08:00:00+00:00,195.8185,197.7421,192.7585,195.7085,13698
2025-01-08 12:00:00+00:00,195.6285,197.7096,194.0245,196.9543,13972
2025-01-08 16:00:00+00:00,196.9553,199.2372,187.9337,192.9965,19090
2025-01-08 20:00:00+00:00,192.9965,196.5755,192.5494,194.9785,10603
2025-01-09 00:00:00+00:00,195.579,198.8375,195.3105,197.5789,11939
2025-01-09 04:00:00+00:00,197.5804,197.8335,193.2395,194.0066,12676
2025-01-09 08:00:00+00:00,193.8566,194.6075,188.6205,191.3675,18408
2025-01-09 12:00:00+00:00,191.3075,192.4626,184.9799,185.026,15473
2025-01-09 16:00:00+00:00,185.026,192.569,184.6655,186.8941,10246
2025-01-09 20:00:00+00:00,186.9041,189.1521,181.748,184.5575,15734
2025-01-10 00:00:00+00:00,184.8475,187.7665,182.9491,187.3565,6563
2025-01-10 04:00:00+00:00,187.3565,191.065,187.1885,189.667,24419
2025-01-10 08:00:00+00:00,189.637,192.733,189.1795,191.828,17304
2025-01-10 12:00:00+00:00,191.838,192.7115,184.0629,186.1755,21230
2025-01-10 16:00:00+00:00,186.1755,191.539,182.9305,191.1475,24240
2025-01-10 20:00:00+00:00,191.0075,191.7721,186.6025,187.8821,15754
2025-01-11 00:00:00+00:00,188.3136,188.421,185.5505,186.174,10968
2025-01-11 04:00:00+00:00,186.164,186.9525,184.8125,185.966,13653
2025-01-11 08:00:00+00:00,185.976,186.955,183.8535,184.7075,14779
2025-01-11 12:00:00+00:00,184.6975,187.269,183.755,186.284,25241
2025-01-11 16:00:00+00:00,186.284,187.9525,185.2129,186.317,15590
2025-01-11 20:00:00+00:00,186.317,191.4426,186.032,190.559,16855
2025-01-12 00:00:00+00:00,188.393,190.0012,186.0885,187.207,12807
2025-01-12 04:00:00+00:00,187.157,188.1736,186.0065,186.312,12517
2025-01-12 08:00:00+00:00,186.321,186.5545,184.8065,185.5505,14557
2025-01-12 12:00:00+00:00,185.5605,188.287,184.937,187.6116,10165
2025-01-12 16:00:00+00:00,187.6126,190.681,187.4641,189.6795,9831
2025-01-12 20:00:00+00:00,189.6195,190.2415,187.578,188.1885,12609
2025-01-13 00:00:00+00:00,188.2495,191.4215,186.1985,187.012,14252
2025-01-13 04:00:00+00:00,187.022,187.282,182.8385,183.534,16658
2025-01-13 08:00:00+00:00,183.544,184.101,178.255,179.682,14636
2025-01-13 12:00:00+00:00,179.662,179.946,173.7305,175.5455,12979
2025-01-13 16:00:00+00:00,175.5455,179.9855,167.6455,175.878,18587
2025-01-13 20:00:00+00:00,175.878,181.6601,173.9105,181.3169,19552
2025-01-14 00:00:00+00:00,180.2264,183.7625,180.2255,182.4165,7654
2025-01-14 04:00:00+00:00,182.4165,186.3635,181.7971,184.983,10626
2025-01-14 08:00:00+00:00,184.803,189.8555,184.803,189.294,11036
2025-01-14 12:00:00+00:00,189.294,189.334,185.278,187.7895,11128
2025-01-14 16:00:00+00:00,187.7895,189.8265,185.3186,186.2655,9966
2025-01-14 20:00:00+00:00,186.2855,187.638,185.4225,186.961,6685
2025-01-15 00:00:00+00:00,187.3432,188.6365,185.5392,187.8835,5425
2025-01-15 04:00:00+00:00,187.9035,189.817,186.72,189.392,9648
2025-01-15 08:00:00+00:00,189.312,190.4916,186.0725,186.3435,12632
2025-01-15 12:00:00+00:00,186.3035,195.8315,185.508,195.8235,13006
2025-01-15 16:00:00+00:00,195.8235,199.2175,192.8635,197.582,16513
2025-01-15 20:00:00+00:00,197.52,204.5735,197.52,202.245,13427
2025-01-16 00:00:00+00:00,200.51,205.9275,200.51,203.8595,13450
2025-01-16 04:00:00+00:00,203.8695,203.8695,200.903,202.5795,15607
2025-01-16 08:00:00+00:00,202.5695,203.026,198.124,200.876,15424
2025-01-16 12:00:00+00:00,200.826,216.6255,199.2745,209.497,20438
2025-01-16 16:00:00+00:00,209.387,215.074,204.762,214.2305,18692
2025-01-16 20:00:00+00:00,214.2405,214.9205,210.783,211.1145,15519
2025-01-17 00:00:00+00:00,208.6715,214.7054,208.1265,214.3045,8447
2025-01-17 04:00:00+00:00,214.2845,214.4845,209.4195,212.108,12592
2025-01-17 08:00:00+00:00,212.078,216.3611,211.7385,214.9722,16867
2025-01-17 12:00:00+00:00,214.9722,221.8395,214.1542,219.651,20366
2025-01-17 16:00:00+00:00,219.691,221.8018,215.4938,215.9038,37868
2025-01-17 20:00:00+00:00,215.8948,220.8825,214.8629,217.5435,9120
2025-01-18 00:00:00+00:00,218.7504,220.8115,216.9341,218.474,9073
2025-01-18 04:00:00+00:00,218.465,230.9235,216.877,225.6516,27564
2025-01-18 08:00:00+00:00,225.5916,241.7845,225.2016,238.0415,23473
2025-01-18 12:00:00+00:00,238.0415,244.453,237.4631,240.1435,19637
2025-01-18 16:00:00+00:00,240.1535,268.906,239.6635,251.853,28163
2025-01-18 20:00:00+00:00,251.853,258.659,246.1955,252.2065,28509
2025-01-19 00:00:00+00:00,252.7865,264.271,252.4965,254.992,23431
2025-01-19 04:00:00+00:00,254.942,273.7586,251.6055,265.7985,23636
2025-01-19 08:00:00+00:00,265.7985,278.095,265.2275,272.92,29730
2025-01-19 12:00:00+00:00,272.92,293.4372,271.4285,281.1575,23341
2025-01-19 16:00:00+00:00,281.1975,283.8985,262.213,270.9165,27530
2025-01-19 20:00:00+00:00,270.9165,277.335,249.2385,249.2385,26868
2025-01-20 00:00:00+00:00,247.725,257.7925,233.597,241.0505,40941
2025-01-20 04:00:00+00:00,241.0505,247.928,227.959,244.4185,27151
2025-01-20 08:00:00+00:00,244.4285,272.421,241.9913,261.9081,36295
2025-01-20 12:00:00+00:00,261.9081,264.908,248.686,255.241,21512
2025-01-20 16:00:00+00:00,255.241,258.3575,232.702,242.3931,31203
2025-01-20 20:00:00+00:00,242.3931,249.194,241.0845,245.575,23135
2025-01-21 00:00:00+00:00,240.433,249.7476,230.4835,233.2355,22899
2025-01-21 04:00:00+00:00,233.2195,240.36,230.2341,231.5095,22383
2025-01-21 08:00:00+00:00,231.5095,240.1465,229.233,237.774,16270
2025-01-21 12:00:00+00:00,237.774,243.407,236.2865,240.814,16003
2025-01-21 16:00:00+00:00,240.864,249.1875,234.9765,248.5495,19382
2025-01-21 20:00:00+00:00,248.4695,259.8919,247.924,253.71,17790
2025-01-22 00:00:00+00:00,251.949,254.2356,246.0355,251.795,15030
2025-01-22 04:00:00+00:00,251.575,257.3985,249.9825,255.7845,17048
2025-01-22 08:00:00+00:00,255.7445,259.374,252.256,253.4295,17157
2025-01-22 12:00:00+00:00,253.4245,264.27,251.8995,259.651,21858
2025-01-22 16:00:00+00:00,259.651,262.048,253.6845,259.1085,28770
2025-01-22 20:00:00+00:00,259.0785,271.273,252.742,262.095,19698
2025-01-23 00:00:00+00:00,260.8955,264.1565,251.962,252.863,15666
2025-01-23 04:00:00+00:00,252.863,253.436,244.4905,249.0338,15304
2025-01-23 08:00:00+00:00,249.0538,250.378,245.344,246.67,11705
2025-01-23 12:00:00+00:00,246.67,247.755,241.678,246.394,11230
2025-01-23 16:00:00+00:00,246.394,255.4995,243.4075,252.1395,18888
2025-01-23 20:00:00+00:00,252.1395,257.583,242.738,246.328,21599
2025-01-24 00:00:00+00:00,245.153,256.1355,245.153,249.7695,13405
2025-01-24 04:00:00+00:00,249.7695,260.966,246.9725,260.8955,16223
2025-01-24 08:00:00+00:00,260.8955,264.8145,259.3245,263.6915,13724
2025-01-24 12:00:00+00:00,263.6915,267.443,262.284,266.618,11838
2025-01-24 16:00:00+00:00,266.598,269.751,260.297,264.4865,17192
2025-01-24 20:00:00+00:00,264.4865,265.251,255.959,257.4095,14748
2025-01-25 00:00:00+00:00,256.3335,256.3655,247.8075,251.7145,10455
2025-01-25 04:00:00+00:00,251.7145,252.7165,247.8886,248.4415,11748
2025-01-25 08:00:00+00:00,248.4815,249.4185,246.1395,247.712,11652
2025-01-25 12:00:00+00:00,247.712,250.8084,246.101,250.2115,18579
2025-01-25 16:00:00+00:00,250.2065,257.7455,248.8835,257.667,20333
2025-01-25 20:00:00+00:00,257.667,260.464,256.76,257.7365,17402
2025-01-26 00:00:00+00:00,258.5965,259.4855,254.278,254.638,12287
2025-01-26 04:00:00+00:00,254.508,259.6385,253.2015,257.4895,17043
2025-01-26 08:00:00+00:00,257.5195,259.6295,253.8075,254.5975,18074
2025-01-26 12:00:00+00:00,254.6575,257.0931,252.451,254.908,7605
2025-01-26 16:00:00+00:00,254.918,256.606,252.5415,256.036,16210
2025-01-26 20:00:00+00:00,256.046,257.341,248.8515,249.665,10085
2025-01-27 00:00:00+00:00,248.715,249.7001,233.8896,234.7435,10270
2025-01-27 04:00:00+00:00,234.7535,237.692,228.9635,231.3945,11547
2025-01-27 08:00:00+00:00,231.3945,232.369,220.552,226.079,18324
2025-01-27 12:00:00+00:00,226.08,235.4515,220.407,230.6705,23776
2025-01-27 16:00:00+00:00,230.6905,237.2715,225.594,226.6615,28533
2025-01-27 20:00:00+00:00,226.6615,237.5995,223.5525,233.4251,20478
2025-01-28 00:00:00+00:00,232.1965,237.196,232.1965,234.023,14589
2025-01-28 04:00:00+00:00,233.992,243.7216,233.857,242.1996,15958
2025-01-28 08:00:00+00:00,242.1996,242.3925,235.086,237.9415,18170
2025-01-28 12:00:00+00:00,237.9415,239.493,235.2256,236.354,18875
2025-01-28 16:00:00+00:00,236.354,239.5465,231.3613,233.9155,23729
2025-01-28 20:00:00+00:00,233.9155,235.5105,224.879,224.9795,18143
2025-01-29 00:00:00+00:00,222.7857,229.8435,222.7481,229.3915,13236
2025-01-29 04:00:00+00:00,229.3915,231.564,229.2655,230.6214,14717
2025-01-29 08:00:00+00:00,230.6214,235.5205,230.548,230.885,19940
2025-01-29 12:00:00+00:00,230.855,232.8165,225.7925,226.972,16374
2025-01-29 16:00:00+00:00,226.962,230.492,225.781,228.7125,19861
2025-01-29 20:00:00+00:00,228.7425,237.575,222.0035,234.6977,37371
2025-01-30 00:00:00+00:00,233.0565,235.2695,226.5115,234.3005,16719
2025-01-30 04:00:00+00:00,234.2205,241.813,233.2126,240.107,20136
2025-01-30 08:00:00+00:00,240.1035,241.155,237.026,240.3415,18197
2025-01-30 12:00:00+00:00,240.3215,241.8306,238.7685,240.7785,17179
2025-01-30 16:00:00+00:00,240.7785,244.2925,238.9205,240.8645,22226
2025-01-30 20:00:00+00:00,240.8645,241.511,238.218,240.1275,17702
2025-01-31 00:00:00+00:00,239.6595,242.0894,235.9495,237.61,14279
2025-01-31 04:00:00+00:00,237.6,238.2835,234.6655,237.449,16445
2025-01-31 08:00:00+00:00,237.449,238.3326,233.975,235.6011,9778
2025-01-31 12:00:00+00:00,235.5511,241.602,234.925,240.214,14181
2025-01-31 16:00:00+00:00,240.214,240.939,235.1395,235.1395,17598
2025-01-31 20:00:00+00:00,235.1495,235.517,227.939,229.465,19491
2025-02-01 00:00:00+00:00,230.7345,234.041,229.7355,232.186,6964
2025-02-01 04:00:00+00:00,232.186,233.2255,230.45,232.039,10385
2025-02-01 08:00:00+00:00,231.979,232.049,226.7005,226.8501,19914
2025-02-01 12:00:00+00:00,226.8601,229.357,225.9395,226.8165,22452
2025-02-01 16:00:00+00:00,226.6665,227.912,224.454,227.1005,18403
2025-02-01 20:00:00+00:00,227.1011,227.253,215.5125,216.544,18648
2025-02-02 00:00:00+00:00,214.986,218.438,212.0256,217.354,17079
2025-02-02 04:00:00+00:00,217.374,217.469,205.983,211.9,21894
2025-02-02 08:00:00+00:00,211.87,215.5531,210.4295,213.5735,20918
2025-02-02 12:00:00+00:00,213.5565,213.6415,207.0695,212.446,12716
2025-02-02 16:00:00+00:00,212.476,213.7345,201.7295,202.6415,23527
2025-02-02 20:00:00+00:00,202.6815,206.1975,194.1934,201.5315,30104
2025-02-03 00:00:00+00:00,202.5125,205.3415,174.967,182.857,45694
2025-02-03 04:00:00+00:00,182.947,199.4305,173.2245,196.385,20060
2025-02-03 08:00:00+00:00,196.345,199.4475,193.1565,194.1385,28061
2025-02-03 12:00:00+00:00,194.1185,201.8733,193.0465,194.2051,19834
2025-02-03 16:00:00+00:00,194.2051,209.4775,189.4505,206.734,35246
2025-02-03 20:00:00+00:00,206.564,217.6655,205.123,216.4956,20332
2025-02-04 00:00:00+00:00,216.2156,219.283,214.0986,218.7075,13469
2025-02-04 04:00:00+00:00,218.6975,219.7835,201.4565,203.7305,17600
2025-02-04 08:00:00+00:00,203.7305,207.7585,202.2235,204.5975,15741
2025-02-04 12:00:00+00:00,204.5875,213.1395,204.4475,210.264,15346
2025-02-04 16:00:00+00:00,210.264,217.7075,209.2895,213.835,22485
2025-02-04 20:00:00+00:00,213.835,218.2655,202.296,203.0295,23970
2025-02-05 00:00:00+00:00,201.4945,209.0395,201.4945,205.1865,13903
2025-02-05 04:00:00+00:00,205.1865,208.6945,203.3595,206.1595,13768
2025-02-05 08:00:00+00:00,206.1595,207.9325,202.778,203.3055,13667
2025-02-05 12:00:00+00:00,203.3055,207.088,203.0355,205.998,11033
2025-02-05 16:00:00+00:00,205.978,207.434,196.317,197.1935,16590
2025-02-05 20:00:00+00:00,197.1935,200.4996,196.212,198.7405,10718
2025-02-06 00:00:00+00:00,196.4765,199.712,194.9675,199.2415,8010
2025-02-06 04:00:00+00:00,199.2415,202.4315,199.0365,201.5995,11149
2025-02-06 08:00:00+00:00,201.6095,203.8845,200.62,202.513,9335
2025-02-06 12:00:00+00:00,202.513,202.811,197.6611,200.1225,9079
2025-02-06 16:00:00+00:00,200.1625,200.4695,188.392,189.8748,15597
2025-02-06 20:00:00+00:00,189.8748,194.2985,188.2145,193.148,14401
2025-02-07 00:00:00+00:00,192.758,193.328,187.141,191.85,14126
2025-02-07 04:00:00+00:00,191.829,195.6445,191.709,192.7525,12238
2025-02-07 08:00:00+00:00,192.6825,197.387,189.0125,197.287,13641
2025-02-07 12:00:00+00:00,197.247,200.904,195.8415,200.86,20218
2025-02-07 16:00:00+00:00,200.86,203.2585,194.417,196.3075,23078
2025-02-07 20:00:00+00:00,196.3075,199.0551,188.974,189.8375,13042
2025-02-08 00:00:00+00:00,189.142,193.7141,188.822,192.4575,8221
2025-02-08 04:00:00+00:00,192.3355,193.9404,189.913,190.5865,8398
2025-02-08 08:00:00+00:00,190.5865,193.8965,189.562,193.682,15274
2025-02-08 12:00:00+00:00,193.682,196.2285,192.8541,195.1955,13830
2025-02-08 16:00:00+00:00,195.1555,196.8336,192.458,196.8326,14301
2025-02-08 20:00:00+00:00,196.8321,198.89,195.733,198.6,5255
2025-02-09 00:00:00+00:00,198.66,201.89,197.28,201.77,6361
2025-02-09 04:00:00+00:00,201.75,207.149,200.81,206.049,9133
2025-02-09 08:00:00+00:00,206.049,206.269,201.3235,202.2695,8216
2025-02-09 12:00:00+00:00,202.1095,202.7171,196.6146,196.7647,6565
2025-02-09 16:00:00+00:00,196.7647,202.555,196.16,199.9061,13881
2025-02-09 20:00:00+00:00,199.9061,200.992,193.2041,195.2106,11421
2025-02-10 00:00:00+00:00,194.9016,204.7711,194.2175,198.198,17398
2025-02-10 04:00:00+00:00,198.198,204.3523,195.672,202.2245,20040
2025-02-10 08:00:00+00:00,202.2245,205.806,201.4965,204.8855,20486
2025-02-10 12:00:00+00:00,204.8855,208.5825,202.392,208.1115,19972
2025-02-10 16:00:00+00:00,208.1015,208.6845,201.2865,203.4425,20708
2025-02-10 20:00:00+00:00,203.4025,203.5425,199.8285,199.997,14764
2025-02-11 00:00:00+00:00,197.5534,204.414,197.5178,203.6405,20705
2025-02-11 04:00:00+00:00,203.6315,205.3385,200.126,204.9175,22921
2025-02-11 08:00:00+00:00,204.9075,205.993,202.275,202.681,24512
2025-02-11 12:00:00+00:00,202.681,203.314,197.5511,198.0835,23191
2025-02-11 16:00:00+00:00,198.0635,200.778,196.3095,198.4055,28966
2025-02-11 20:00:00+00:00,198.4055,198.5732,194.7525,198.0001,21049
2025-02-12 00:00:00+00:00,198.5231,199.2435,195.7467,197.083,12563
2025-02-12 04:00:00+00:00,197.093,197.223,192.5885,195.2479,16496
2025-02-12 08:00:00+00:00,195.2679,196.8331,192.447,196.4211,16105
2025-02-12 12:00:00+00:00,196.4211,198.2515,188.2245,191.1414,21201
2025-02-12 16:00:00+00:00,191.1414,196.4765,187.9365,194.955,32616
2025-02-12 20:00:00+00:00,195.016,196.4965,190.877,195.724,21011
2025-02-13 00:00:00+00:00,194.1257,198.2786,194.1257,197.463,21843
2025-02-13 04:00:00+00:00,197.443,198.3435,194.3485,195.006,16694
2025-02-13 08:00:00+00:00,194.876,195.4326,191.5273,193.301,18179
2025-02-13 12:00:00+00:00,193.321,193.411,190.0034,190.88,14608
2025-02-13 16:00:00+00:00,190.78,192.9326,188.4339,191.537,22893
2025-02-13 20:00:00+00:00,191.537,195.3835,190.942,194.867,14166
2025-02-14 00:00:00+00:00,194.5205,196.0795,193.6135,195.8025,9506
2025-02-14 04:00:00+00:00,195.8025,197.3035,194.548,195.3255,12695
2025-02-14 08:00:00+00:00,195.3255,199.8185,195.073,199.678,19918
2025-02-14 12:00:00+00:00,199.618,201.2402,196.1993,197.5596,19785
2025-02-14 16:00:00+00:00,197.5596,204.927,196.5046,204.3765,28059
2025-02-14 20:00:00+00:00,204.3665,205.1806,199.0915,201.1985,18887
2025-02-15 00:00:00+00:00,198.3145,199.7525,196.524,199.3865,19052
2025-02-15 04:00:00+00:00,199.2965,200.1505,196.631,197.09,15217
2025-02-15 08:00:00+00:00,197.09,197.1,194.785,195.0545,23306
2025-02-15 12:00:00+00:00,195.0645,195.913,193.6635,194.7805,23306
2025-02-15 16:00:00+00:00,194.7805,194.934,193.0715,193.6045,22138
2025-02-15 20:00:00+00:00,193.6045,195.037,192.3465,194.2145,15753
2025-02-16 00:00:00+00:00,192.3624,195.3731,192.3541,194.7439,11724
2025-02-16 04:00:00+00:00,194.7439,195.5355,192.9085,194.9905,23566
2025-02-16 08:00:00+00:00,195.0505,196.125,192.0911,193.6431,20594
2025-02-16 12:00:00+00:00,193.6431,193.9504,189.567,190.516,16209
2025-02-16 16:00:00+00:00,190.516,191.1852,188.9225,189.8936,23464
2025-02-16 20:00:00+00:00,189.9036,189.9751,186.1171,188.8205,26325
2025-02-17 00:00:00+00:00,188.9498,189.5666,187.0875,188.957,14614
2025-02-17 04:00:00+00:00,188.967,189.2386,180.373,183.9708,22072
2025-02-17 08:00:00+00:00,183.9818,185.0529,180.6451,184.0915,22391
2025-02-17 12:00:00+00:00,184.0915,186.6455,182.7565,184.8335,25953
2025-02-17 16:00:00+00:00,184.8135,186.66,177.2443,177.3143,26976
2025-02-17 20:00:00+00:00,177.3143,180.9665,174.5092,180.8185,23614
2025-02-18 00:00:00+00:00,178.176,180.916,175.28,178.0237,16439
2025-02-18 04:00:00+00:00,178.0237,179.024,171.245,171.9715,12580
2025-02-18 08:00:00+00:00,171.9715,172.0615,162.8855,169.697,22994
2025-02-18 12:00:00+00:00,169.687,171.158,167.402,169.523,18627
2025-02-18 16:00:00+00:00,169.523,170.587,160.5755,163.1845,30418
2025-02-18 20:00:00+00:00,163.1945,168.262,162.6225,167.129,18331
2025-02-19 00:00:00+00:00,165.489,170.614,165.489,168.2595,16457
2025-02-19 04:00:00+00:00,168.2395,169.7245,163.5369,166.904,19642
2025-02-19 08:00:00+00:00,166.914,171.2405,166.3565,170.516,21425
2025-02-19 12:00:00+00:00,170.516,174.1205,170.186,171.4465,17475
2025-02-19 16:00:00+00:00,171.4565,173.0645,167.918,170.6341,23034
2025-02-19 20:00:00+00:00,170.6251,171.3041,166.0485,166.503,16629
2025-02-20 00:00:00+00:00,166.5952,170.3965,166.4325,168.1535,18892
2025-02-20 04:00:00+00:00,168.1535,174.682,168.1515,172.1985,18136
2025-02-20 08:00:00+00:00,172.1985,172.609,170.7255,172.002,11290
2025-02-20 12:00:00+00:00,172.002,174.9416,172.002,174.0434,10928
2025-02-20 16:00:00+00:00,174.0534,176.439,170.9675,173.293,15081
2025-02-20 20:00:00+00:00,173.303,175.8616,173.118,173.3984,9757
2025-02-21 00:00:00+00:00,173.3574,176.467,173.2625,174.1955,9496
2025-02-21 04:00:00+00:00,174.1655,175.4204,172.9288,175.0831,10821
2025-02-21 08:00:00+00:00,175.0931,179.84,174.8425,177.374,15338
2025-02-21 12:00:00+00:00,177.374,180.3045,176.4752,179.973,16025
2025-02-21 16:00:00+00:00,179.965,180.023,169.941,171.6076,20645
2025-02-21 20:00:00+00:00,171.6176,172.2625,166.7021,167.7893,16985
2025-02-22 00:00:00+00:00,167.56,172.5635,167.56,171.781,8371
2025-02-22 04:00:00+00:00,171.781,172.2705,169.6126,171.9152,6473
2025-02-22 08:00:00+00:00,171.9652,173.1335,170.659,173.1306,9162
2025-02-22 12:00:00+00:00,173.1406,174.3274,172.4146,172.5425,4372
2025-02-22 16:00:00+00:00,172.5425,174.5055,172.1035,173.08,10817
2025-02-22 20:00:00+00:00,173.0845,173.966,171.7675,173.02,8824
2025-02-23 00:00:00+00:00,172.9445,173.5075,170.6891,171.0065,8034
2025-02-23 04:00:00+00:00,171.0465,171.232,169.759,170.6095,7811
2025-02-23 08:00:00+00:00,170.6095,172.963,170.2596,171.298,5870
2025-02-23 12:00:00+00:00,171.298,171.4895,168.2065,169.6525,8362
2025-02-23 16:00:00+00:00,169.6525,169.8585,166.3723,168.1205,11797
2025-02-23 20:00:00+00:00,168.1305,168.6695,166.8276,167.9475,6195
2025-02-24 00:00:00+00:00,167.05,169.4515,162.972,163.422,16114
2025-02-24 04:00:00+00:00,163.352,164.786,156.472,159.771,27497
2025-02-24 08:00:00+00:00,159.771,161.601,157.4746,157.936,23335
2025-02-24 12:00:00+00:00,157.936,160.0745,155.022,157.7501,21243
2025-02-24 16:00:00+00:00,157.7501,158.5801,150.1904,154.0215,32193
2025-02-24 20:00:00+00:00,154.0315,154.485,147.222,149.8405,18810
2025-02-25 00:00:00+00:00,144.4825,147.3002,135.9939,139.789,28463
2025-02-25 04:00:00+00:00,139.769,142.3785,135.5375,140.799,22634
2025-02-25 08:00:00+00:00,140.739,141.5155,132.3055,134.2385,26837
2025-02-25 12:00:00+00:00,134.2485,141.515,131.3615,138.11,22254
2025-02-25 16:00:00+00:00,138.11,144.363,134.08,142.321,24154
2025-02-25 20:00:00+00:00,142.306,145.7305,139.8521,145.497,14216
2025-02-26 00:00:00+00:00,144.7279,146.5947,141.3971,142.5989,8887
2025-02-26 04:00:00+00:00,142.5309,144.8661,140.826,140.826,11129
2025-02-26 08:00:00+00:00,140.886,142.293,138.64,141.7965,17199
2025-02-26 12:00:00+00:00,141.7965,141.7965,135.559,136.09,18745
2025-02-26 16:00:00+00:00,136.099,139.889,132.5665,133.3965,29194
2025-02-26 20:00:00+00:00,133.3795,136.2641,129.9441,135.248,27624
2025-02-27 00:00:00+00:00,135.4335,137.8437,134.24,136.6085,12430
2025-02-27 04:00:00+00:00,136.6085,139.594,135.0666,139.414,10825
2025-02-27 08:00:00+00:00,139.424,142.4044,139.0015,140.388,13569
2025-02-27 12:00:00+00:00,140.488,142.19,138.7365,138.988,16791
2025-02-27 16:00:00+00:00,138.998,140.2773,135.879,138.4525,19877
2025-02-27 20:00:00+00:00,138.4525,139.4235,134.3197,136.962,8544
2025-02-28 00:00:00+00:00,134.462,137.8522,129.506,130.9515,13885
2025-02-28 04:00:00+00:00,130.9315,132.2015,125.1346,127.7415,19963
2025-02-28 08:00:00+00:00,127.7396,132.7645,125.476,132.3121,20130
2025-02-28 12:00:00+00:00,132.3221,139.1505,129.8085,137.686,16116
2025-02-28 16:00:00+00:00,137.686,147.5001,137.496,143.992,31936
2025-02-28 20:00:00+00:00,143.992,147.2685,143.992,147.14,13541
2025-03-01 00:00:00+00:00,146.7307,150.612,145.2295,149.7025,12380
2025-03-01 04:00:00+00:00,149.7225,149.9515,144.2665,144.4865,12204
2025-03-01 08:00:00+00:00,144.3865,144.622,141.727,143.1075,9433
2025-03-01 12:00:00+00:00,142.9975,143.1075,138.255,139.1565,13251
2025-03-01 16:00:00+00:00,138.9965,141.083,138.3935,139.7425,12170
2025-03-01 20:00:00+00:00,139.7005,142.578,139.3485,142.348,6479
2025-03-02 00:00:00+00:00,142.9893,145.7485,141.1116,144.312,12735
2025-03-02 04:00:00+00:00,144.312,144.965,142.301,142.6925,9243
2025-03-02 08:00:00+00:00,142.8225,144.833,141.9055,143.7025,8489
2025-03-02 12:00:00+00:00,143.7725,144.3845,140.9015,141.3815,7831
2025-03-02 16:00:00+00:00,141.3725,178.17,139.7116,170.836,24281
2025-03-02 20:00:00+00:00,170.936,177.1805,164.7515,174.7715,17232
2025-03-03 00:00:00+00:00,174.103,179.154,171.679,172.037,32660
2025-03-03 04:00:00+00:00,172.157,172.556,167.5375,169.5075,28618
2025-03-03 08:00:00+00:00,169.5175,169.5375,156.427,159.602,32808
2025-03-03 12:00:00+00:00,159.542,166.599,159.1115,165.429,26479
2025-03-03 16:00:00+00:00,165.416,165.416,153.266,155.5635,37317
2025-03-03 20:00:00+00:00,155.4135,156.067,138.6895,138.7305,38559
2025-03-04 00:00:00+00:00,139.1395,144.6875,133.8135,136.046,23795
2025-03-04 04:00:00+00:00,136.136,139.0885,131.578,137.808,20443
2025-03-04 08:00:00+00:00,137.808,138.592,135.3135,135.6225,13256
2025-03-04 12:00:00+00:00,135.5825,138.212,132.2945,133.4025,19659
2025-03-04 16:00:00+00:00,133.4625,142.1635,130.061,140.63,32854
2025-03-04 20:00:00+00:00,140.66,146.2046,139.6825,145.4067,17126
2025-03-05 00:00:00+00:00,143.5227,145.4011,141.891,144.8145,11480
2025-03-05 04:00:00+00:00,144.8345,145.159,140.4525,141.9302,31205
2025-03-05 08:00:00+00:00,141.9302,146.2715,140.5515,145.433,25260
2025-03-05 12:00:00+00:00,145.442,149.4085,142.94,143.6672,14026
2025-03-05 16:00:00+00:00,143.6812,144.0816,139.8163,142.3786,18016
2025-03-05 20:00:00+00:00,142.3696,146.0165,141.4796,144.97,12203
2025-03-06 00:00:00+00:00,143.432,148.6041,143.432,146.8471,11258
2025-03-06 04:00:00+00:00,146.8471,150.4626,146.6426,149.8491,22197
2025-03-06 08:00:00+00:00,149.8591,151.566,148.0645,148.7565,13543
2025-03-06 12:00:00+00:00,148.7515,152.694,146.1975,146.3975,18084
2025-03-06 16:00:00+00:00,146.3985,149.9371,142.4415,143.587,25563
2025-03-06 20:00:00+00:00,143.582,144.979,142.245,143.67,13412
2025-03-07 00:00:00+00:00,144.0293,145.3041,134.7695,140.3705,15207
2025-03-07 04:00:00+00:00,140.3705,143.3695,139.4755,142.9891,10449
2025-03-07 08:00:00+00:00,142.9891,146.011,142.0005,143.33,8132
2025-03-07 12:00:00+00:00,143.33,146.7766,141.5289,143.8073,11321
2025-03-07 16:00:00+00:00,143.8173,147.4961,141.078,143.086,24727
2025-03-07 20:00:00+00:00,143.086,150.286,140.923,142.277,26401
2025-03-08 00:00:00+00:00,142.1483,142.1773,137.0465,139.1667,12350
2025-03-08 04:00:00+00:00,139.1667,140.8145,138.0715,139.0842,8509
2025-03-08 08:00:00+00:00,139.0842,139.7766,137.44,137.762,8925
2025-03-08 12:00:00+00:00,137.762,138.6127,136.4265,137.436,11890
2025-03-08 16:00:00+00:00,137.445,137.8995,135.0235,136.849,16244
2025-03-08 20:00:00+00:00,136.85,138.6771,136.4793,137.144,18405
2025-03-09 00:00:00+00:00,137.062,138.3116,136.1343,137.7,7731
2025-03-09 04:00:00+00:00,137.699,139.232,136.657,138.6375,6620
2025-03-09 08:00:00+00:00,138.6285,139.6736,137.4659,139.034,5465
2025-03-09 12:00:00+00:00,139.034,139.4151,134.211,135.294,11544
2025-03-09 16:00:00+00:00,135.294,135.314,127.431,127.6855,14366
2025-03-09 20:00:00+00:00,127.6855,130.2356,125.4855,128.1882,15772
2025-03-10 00:00:00+00:00,128.1135,128.33,123.6901,127.1754,11314
2025-03-10 04:00:00+00:00,127.1764,128.7865,126.2706,128.1815,10505
2025-03-10 08:00:00+00:00,128.1815,128.9756,125.7375,126.0001,10004
2025-03-10 12:00:00+00:00,125.9991,130.9235,125.9691,129.1895,18465
2025-03-10 16:00:00+00:00,129.1695,129.3995,119.8326,120.501,26059
2025-03-10 20:00:00+00:00,120.511,120.641,114.469,118.702,17123
2025-03-11 00:00:00+00:00,116.213,119.7116,111.5725,115.123,20033
2025-03-11 04:00:00+00:00,115.124,121.5145,113.3125,120.843,14083
2025-03-11 08:00:00+00:00,120.843,124.395,120.843,123.985,8792
2025-03-11 12:00:00+00:00,123.875,125.605,122.8475,122.8505,6472
2025-03-11 16:00:00+00:00,122.8505,126.346,118.2115,125.256,21082
2025-03-11 20:00:00+00:00,125.256,128.1625,122.465,126.4838,12736
2025-03-12 00:00:00+00:00,125.5528,127.3853,124.191,125.023,7842
2025-03-12 04:00:00+00:00,125.023,126.826,121.0505,121.9569,10224
2025-03-12 08:00:00+00:00,121.9575,125.7421,121.2535,125.183,9914
2025-03-12 12:00:00+00:00,125.183,130.7925,123.2605,129.281,10138
2025-03-12 16:00:00+00:00,129.281,129.5315,122.7765,124.1321,10629
2025-03-12 20:00:00+00:00,124.1321,126.151,122.906,124.9491,10565
2025-03-13 00:00:00+00:00,124.7091,126.7685,124.6613,125.125,7854
2025-03-13 04:00:00+00:00,125.125,127.1295,123.5195,123.7295,8300
2025-03-13 08:00:00+00:00,123.7295,125.31,122.9295,125.221,6521
2025-03-13 12:00:00+00:00,125.221,128.2235,125.1485,125.9871,9490
2025-03-13 16:00:00+00:00,126.0071,127.1271,122.308,123.0945,11505
2025-03-13 20:00:00+00:00,123.0945,123.1545,120.5356,121.443,9052
2025-03-14 00:00:00+00:00,120.158,124.6985,120.158,124.0955,5835
2025-03-14 04:00:00+00:00,124.0955,125.2705,123.2601,124.8063,8709
2025-03-14 08:00:00+00:00,124.8163,125.772,124.2825,125.385,9558
2025-03-14 12:00:00+00:00,125.395,126.5411,125.0946,126.2095,7271
2025-03-14 16:00:00+00:00,126.2095,133.3395,125.829,132.905,15524
2025-03-14 20:00:00+00:00,132.905,134.4135,132.087,133.7711,13387
2025-03-15 00:00:00+00:00,133.9356,135.8597,132.9137,133.6415,23362
2025-03-15 04:00:00+00:00,133.6415,135.2466,132.8025,134.6691,8515
2025-03-15 08:00:00+00:00,134.6981,134.7996,132.2701,132.8583,5311
2025-03-15 12:00:00+00:00,132.8583,134.5256,132.5815,133.8847,5011
2025-03-15 16:00:00+00:00,133.8847,135.8145,133.7998,135.3825,8100
2025-03-15 20:00:00+00:00,135.3826,136.4274,133.3925,135.2951,7708
2025-03-16 00:00:00+00:00,135.4771,136.565,135.014,135.7748,5599
2025-03-16 04:00:00+00:00,135.7748,136.4748,133.9583,135.067,9515
2025-03-16 08:00:00+00:00,135.058,136.0021,133.599,134.5296,8093
2025-03-16 12:00:00+00:00,134.5296,134.826,129.2183,129.4449,10109
2025-03-16 16:00:00+00:00,129.4439,130.8456,127.2176,129.1085,11508
2025-03-16 20:00:00+00:00,129.1085,130.1621,125.6135,127.059,8455
2025-03-17 00:00:00+00:00,125.1573,127.7615,124.9611,127.646,6621
2025-03-17 04:00:00+00:00,127.646,129.245,127.0027,128.7537,6194
2025-03-17 08:00:00+00:00,128.7637,129.359,126.3031,128.807,5634
2025-03-17 12:00:00+00:00,128.708,129.9289,127.2656,127.3629,7027
2025-03-17 16:00:00+00:00,127.3629,128.476,125.2385,126.9015,13670
2025-03-17 20:00:00+00:00,126.8425,130.505,126.5515,128.4181,12466
2025-03-18 00:00:00+00:00,127.5011,129.1893,125.9556,126.4615,4335
2025-03-18 04:00:00+00:00,126.4615,126.7734,123.3418,123.9845,7169
2025-03-18 08:00:00+00:00,123.9945,125.6983,122.945,125.6825,5145
2025-03-18 12:00:00+00:00,125.6825,125.8525,122.5339,123.3926,4387
2025-03-18 16:00:00+00:00,123.3926,123.843,121.3978,123.15,8936
2025-03-18 20:00:00+00:00,123.114,124.3383,122.3956,123.9336,7676
2025-03-19 00:00:00+00:00,123.835,126.1145,123.835,125.7968,5818
2025-03-19 04:00:00+00:00,125.7968,126.6418,124.0565,126.0615,5494
2025-03-19 08:00:00+00:00,126.0615,126.4995,125.2817,126.2447,5102
2025-03-19 12:00:00+00:00,126.2347,129.358,125.9699,127.471,6168
2025-03-19 16:00:00+00:00,127.471,132.4888,127.16,131.4741,10448
2025-03-19 20:00:00+00:00,131.4791,134.1581,127.7406,133.525,11128
2025-03-20 00:00:00+00:00,132.4217,135.8674,132.4173,133.2481,7512
2025-03-20 04:00:00+00:00,133.2481,134.2391,132.6228,132.9555,4645
2025-03-20 08:00:00+00:00,132.9555,134.7899,132.8736,134.1571,4386
2025-03-20 12:00:00+00:00,134.2361,134.46,129.9007,130.8541,6672
2025-03-20 16:00:00+00:00,130.8641,132.0424,126.366,126.8535,13094
2025-03-20 20:00:00+00:00,126.8535,128.233,126.7226,127.9234,4827
2025-03-21 00:00:00+00:00,126.382,128.2608,126.3727,128.1071,3780
2025-03-21 04:00:00+00:00,128.1071,128.8277,127.1069,128.3082,2982
2025-03-21 08:00:00+00:00,128.3082,128.567,127.2228,128.1915,4064
2025-03-21 12:00:00+00:00,128.1925,128.8005,125.541,125.6823,5781
2025-03-21 16:00:00+00:00,125.6823,127.549,124.6485,126.5125,6366
2025-03-21 20:00:00+00:00,126.5137,129.247,125.9286,128.327,5102
2025-03-22 00:00:00+00:00,129.5999,129.5999,127.3975,128.5196,1744
2025-03-22 04:00:00+00:00,128.5196,129.377,127.684,129.2555,2073
2025-03-22 08:00:00+00:00,129.3055,129.609,128.419,129.2955,2471
2025-03-22 12:00:00+00:00,129.2955,131.64,129.2955,130.0002,3789
2025-03-22 16:00:00+00:00,130.0002,130.1912,128.5156,129.1647,4329
2025-03-22 20:00:00+00:00,129.1747,130.173,128.8852,129.098,3016
2025-03-23 00:00:00+00:00,127.809,129.5781,127.809,128.689,3231
2025-03-23 04:00:00+00:00,128.689,130.741,128.449,129.842,3373
2025-03-23 08:00:00+00:00,129.902,131.3905,129.5766,130.954,3135
2025-03-23 12:00:00+00:00,130.964,133.9095,130.964,133.1691,5026
2025-03-23 16:00:00+00:00,133.1301,133.6835,131.5465,131.8396,14054
2025-03-23 20:00:00+00:00,131.8396,132.2374,130.1686,130.572,13824
2025-03-24 00:00:00+00:00,130.5137,134.9072,130.0135,134.6265,9867
2025-03-24 04:00:00+00:00,134.6565,139.198,132.7048,139.02,13974
2025-03-24 08:00:00+00:00,139.02,140.7595,137.6046,140.1495,10716
2025-03-24 12:00:00+00:00,140.1395,143.8881,139.5085,142.989,8737
2025-03-24 16:00:00+00:00,142.989,144.8695,141.614,141.911,13261
2025-03-24 20:00:00+00:00,141.911,143.4735,141.112,141.6556,8809
2025-03-25 00:00:00+00:00,141.478,142.5071,139.1855,141.984,5740
2025-03-25 04:00:00+00:00,141.974,142.004,137.97,138.9615,7746
2025-03-25 08:00:00+00:00,138.9615,140.4281,138.6525,140.2072,7105
2025-03-25 12:00:00+00:00,140.2372,143.1105,139.7561,141.9921,9589
2025-03-25 16:00:00+00:00,141.9949,147.277,141.9275,144.2855,17675
2025-03-25 20:00:00+00:00,144.2955,145.8496,144.2955,144.528,9841
2025-03-26 00:00:00+00:00,144.643,145.1105,142.407,144.0796,7998
2025-03-26 04:00:00+00:00,144.0696,144.3741,141.3175,142.2946,9140
2025-03-26 08:00:00+00:00,142.2946,144.919,141.795,144.293,10584
2025-03-26 12:00:00+00:00,144.303,145.432,143.5256,144.802,10062
2025-03-26 16:00:00+00:00,144.802,144.823,138.7859,139.289,17606
2025-03-26 20:00:00+00:00,139.279,139.4905,136.0239,137.7385,15334
2025-03-27 00:00:00+00:00,136.5045,137.9246,135.7215,137.8775,5298
2025-03-27 04:00:00+00:00,137.8775,140.0815,137.6316,139.427,6072
2025-03-27 08:00:00+00:00,139.407,139.437,137.7335,138.2605,7860
2025-03-27 12:00:00+00:00,138.2695,138.678,136.8175,137.4165,6569
2025-03-27 16:00:00+00:00,137.4175,139.634,135.414,137.7925,8174
2025-03-27 20:00:00+00:00,137.7925,139.5523,137.1554,139.1366,5052
2025-03-28 00:00:00+00:00,138.8806,139.8179,136.59,137.6913,5338
2025-03-28 04:00:00+00:00,137.6913,138.852,133.3512,134.096,9897
2025-03-28 08:00:00+00:00,134.099,134.3505,130.8785,131.0905,11593
2025-03-28 12:00:00+00:00,131.0905,132.0695,130.1623,130.606,11052
2025-03-28 16:00:00+00:00,130.606,131.72,128.753,129.1933,8515
2025-03-28 20:00:00+00:00,129.1933,130.122,128.844,128.861,7520
2025-03-29 00:00:00+00:00,128.9787,130.312,128.521,129.5901,6750
2025-03-29 04:00:00+00:00,129.5907,129.8112,126.2535,128.472,8275
2025-03-29 08:00:00+00:00,128.472,128.492,125.1211,126.6926,7541
2025-03-29 12:00:00+00:00,126.6926,126.8891,124.0145,125.363,9015
2025-03-29 16:00:00+00:00,125.363,126.627,124.815,125.026,8226
2025-03-29 20:00:00+00:00,125.006,125.473,123.386,123.725,8873
2025-03-30 00:00:00+00:00,122.4915,124.6575,122.4135,124.501,6198
2025-03-30 04:00:00+00:00,124.501,126.4932,124.501,126.1724,4948
2025-03-30 08:00:00+00:00,126.1824,126.4815,124.9934,125.9996,4419
2025-03-30 12:00:00+00:00,125.9996,126.247,124.4595,124.8997,4759
2025-03-30 16:00:00+00:00,124.8986,125.353,122.674,123.422,5893
2025-03-30 20:00:00+00:00,123.423,126.7321,122.8415,125.1915,6478
2025-03-31 00:00:00+00:00,124.2745,125.9515,122.477,123.5005,6231
2025-03-31 04:00:00+00:00,123.5105,127.2687,123.5105,124.876,8107
2025-03-31 08:00:00+00:00,124.876,126.892,124.736,125.1881,7922
2025-03-31 12:00:00+00:00,125.2781,125.896,122.8323,125.606,7449
2025-03-31 16:00:00+00:00,125.616,127.6226,122.9105,125.8485,12289
2025-03-31 20:00:00+00:00,125.8385,126.4471,123.4975,125.2401,7865
2025-04-01 00:00:00+00:00,124.4171,126.0879,123.8298,124.3218,7538
2025-04-01 04:00:00+00:00,124.3208,126.603,123.559,126.03,8576
2025-04-01 08:00:00+00:00,126.03,129.6937,125.4753,129.2285,7577
2025-04-01 12:00:00+00:00,129.2185,129.6946,126.2695,126.9926,9661
2025-04-01 16:00:00+00:00,127.0026,129.8775,124.3975,128.1215,15787
2025-04-01 20:00:00+00:00,128.1325,128.2765,125.0437,126.266,9884
2025-04-02 00:00:00+00:00,124.846,127.3415,124.846,126.015,6844
2025-04-02 04:00:00+00:00,126.015,126.045,123.8026,124.7785,9661
2025-04-02 08:00:00+00:00,124.779,125.639,123.3515,125.3585,8455
2025-04-02 12:00:00+00:00,125.3125,126.5805,124.9945,126.4155,7368
2025-04-02 16:00:00+00:00,126.4155,131.584,125.0256,130.9746,17632
2025-04-02 20:00:00+00:00,130.9726,135.334,126.1685,128.23,15633
2025-04-03 00:00:00+00:00,125.813,126.4478,115.8695,119.7595,14765
2025-04-03 04:00:00+00:00,119.7555,120.784,118.108,120.239,10576
2025-04-03 08:00:00+00:00,120.239,120.5202,117.5945,118.8377,7460
2025-04-03 12:00:00+00:00,118.8377,118.9161,112.1916,112.8356,9714
2025-04-03 16:00:00+00:00,112.8356,115.1126,112.032,113.4985,14548
2025-04-03 20:00:00+00:00,113.4985,116.254,113.0298,116.087,9042
2025-04-04 00:00:00+00:00,114.8775,117.2885,114.8775,115.8095,5334
2025-04-04 04:00:00+00:00,115.8095,116.2585,114.4491,114.9265,8038
2025-04-04 08:00:00+00:00,114.9265,119.0065,114.6241,118.771,9417
2025-04-04 12:00:00+00:00,118.771,119.8127,112.9465,115.4196,12479
2025-04-04 16:00:00+00:00,115.4196,122.2461,113.8525,121.3145,21877
2025-04-04 20:00:00+00:00,121.3145,123.6352,119.3315,123.5997,16323
2025-04-05 00:00:00+00:00,123.4419,123.6855,121.6841,122.0994,5047
2025-04-05 04:00:00+00:00,122.0994,122.565,120.118,120.4531,5925
2025-04-05 08:00:00+00:00,120.4441,121.2386,119.9146,120.9526,4915
2025-04-05 12:00:00+00:00,120.9526,121.751,118.6565,118.9555,5569
2025-04-05 16:00:00+00:00,118.9555,119.0665,116.8139,117.644,6930
2025-04-05 20:00:00+00:00,117.654,119.1285,117.439,119.0335,4316
2025-04-06 00:00:00+00:00,117.5661,120.3461,117.5661,120.1545,3929
2025-04-06 04:00:00+00:00,120.1645,120.8184,119.1189,119.5612,4169
2025-04-06 08:00:00+00:00,119.5712,120.3366,118.2165,119.2921,4879
2025-04-06 12:00:00+00:00,119.2921,119.8685,115.8625,116.1527,6699
2025-04-06 16:00:00+00:00,116.1427,116.1427,113.3848,113.8409,12246
2025-04-06 20:00:00+00:00,113.8309,114.1885,105.2465,106.312,19539
2025-04-07 00:00:00+00:00,105.6751,107.6675,102.8693,104.483,13046
2025-04-07 04:00:00+00:00,104.483,107.402,101.3277,102.3348,15348
2025-04-07 08:00:00+00:00,102.3408,102.791,94.673,100.2546,20497
2025-04-07 12:00:00+00:00,100.2546,102.773,98.685,102.553,16017
2025-04-07 16:00:00+00:00,102.563,111.9336,100.219,103.6136,20479
2025-04-07 20:00:00+00:00,103.6065,107.79,103.6065,107.0395,11436
2025-04-08 00:00:00+00:00,105.7185,109.174,105.6982,106.9275,6875
2025-04-08 04:00:00+00:00,106.9275,112.415,106.4948,111.566,9584
2025-04-08 08:00:00+00:00,111.566,111.6925,106.9701,107.9849,6952
2025-04-08 12:00:00+00:00,107.9849,111.724,107.7559,109.8285,7638
2025-04-08 16:00:00+00:00,109.8095,111.815,103.4055,104.0055,13839
2025-04-08 20:00:00+00:00,104.0055,106.5486,102.691,105.7626,12739
2025-04-09 00:00:00+00:00,104.4996,106.462,104.109,104.595,5242
2025-04-09 04:00:00+00:00,104.595,105.715,100.903,104.97,7486
2025-04-09 08:00:00+00:00,104.98,107.9895,104.77,107.238,5789
2025-04-09 12:00:00+00:00,107.247,107.39,102.053,104.2305,7403
2025-04-09 16:00:00+00:00,104.2305,108.0546,103.6905,107.987,11425
2025-04-09 20:00:00+00:00,107.987,120.388,106.8893,119.7725,16091
2025-04-10 00:00:00+00:00,117.6177,120.2345,116.5815,117.4305,6370
2025-04-10 04:00:00+00:00,117.4145,117.7576,114.2976,115.5995,9366
2025-04-10 08:00:00+00:00,115.6055,116.8321,113.7526,114.4952,11162
2025-04-10 12:00:00+00:00,114.4872,115.37,112.5505,113.099,9645
2025-04-10 16:00:00+00:00,113.099,114.2635,108.0935,109.119,14027
2025-04-10 20:00:00+00:00,109.129,112.7449,107.989,112.6319,6340
2025-04-11 00:00:00+00:00,110.6479,113.2475,110.6479,112.0673,3927
2025-04-11 04:00:00+00:00,112.0763,116.1052,112.0763,115.3295,5038
2025-04-11 08:00:00+00:00,115.3495,117.6135,114.7979,117.4165,6608
2025-04-11 12:00:00+00:00,117.4075,119.2409,116.8356,117.6781,10695
2025-04-11 16:00:00+00:00,117.6781,121.1535,117.4995,119.819,22065
2025-04-11 20:00:00+00:00,119.83,121.835,119.6221,121.378,15629
2025-04-12 00:00:00+00:00,121.0146,122.0305,119.8522,121.031,10238
2025-04-12 04:00:00+00:00,121.052,123.3062,119.109,122.422,11925
2025-04-12 08:00:00+00:00,122.442,125.2865,121.9485,124.2,11057
2025-04-12 12:00:00+00:00,124.21,126.443,123.8395,126.1963,8794
2025-04-12 16:00:00+00:00,126.2163,131.448,125.9173,129.493,27076
2025-04-12 20:00:00+00:00,129.484,133.714,127.9361,132.789,20343
2025-04-13 00:00:00+00:00,130.7995,133.7634,130.7446,132.8327,17803
2025-04-13 04:00:00+00:00,132.8327,133.7661,129.708,129.989,23362
2025-04-13 08:00:00+00:00,129.969,130.4855,127.9872,129.8655,20651
2025-04-13 12:00:00+00:00,129.8765,131.4484,128.5827,129.6741,21661
2025-04-13 16:00:00+00:00,129.6781,130.0015,126.466,129.5101,29202
2025-04-13 20:00:00+00:00,129.5201,132.1746,125.7566,126.6215,34924
2025-04-14 00:00:00+00:00,124.1824,131.2338,124.1766,130.1279,23310
2025-04-14 04:00:00+00:00,130.1279,135.4487,129.6275,133.48,27683
2025-04-14 08:00:00+00:00,133.48,134.049,130.8305,132.9645,18768
2025-04-14 12:00:00+00:00,132.9645,134.1565,131.3211,133.8475,19127
2025-04-14 16:00:00+00:00,133.8675,134.6155,127.8463,129.006,31297
2025-04-14 20:00:00+00:00,128.965,131.8249,128.846,130.229,16837
2025-04-15 00:00:00+00:00,128.4741,130.1817,127.5456,129.1101,12922
2025-04-15 04:00:00+00:00,129.0601,130.854,127.6215,130.804,8907
2025-04-15 08:00:00+00:00,130.814,132.1365,130.5822,131.659,8698
2025-04-15 12:00:00+00:00,131.659,133.7747,131.083,132.425,15404
2025-04-15 16:00:00+00:00,132.415,134.1945,128.9102,129.5791,22335
2025-04-15 20:00:00+00:00,129.5701,129.8423,126.5285,127.5225,12038
2025-04-16 00:00:00+00:00,127.4625,128.4448,124.8345,125.0142,12231
2025-04-16 04:00:00+00:00,125.0142,127.1492,124.5455,125.7964,9581
2025-04-16 08:00:00+00:00,125.7964,126.4665,123.2811,124.9966,10333
2025-04-16 12:00:00+00:00,125.0066,126.427,124.1022,125.111,8282
2025-04-16 16:00:00+00:00,125.121,129.315,124.2505,128.6098,18354
2025-04-16 20:00:00+00:00,128.6188,133.536,124.577,131.43,32033
2025-04-17 00:00:00+00:00,131.455,133.2762,130.5985,131.5885,12164
2025-04-17 04:00:00+00:00,131.5785,132.556,129.4073,130.976,12176
2025-04-17 08:00:00+00:00,130.976,135.3708,130.881,133.2379,17526
2025-04-17 12:00:00+00:00,133.2389,134.3118,132.2485,133.9666,13576
2025-04-17 16:00:00+00:00,133.9756,134.984,130.3738,134.479,21376
2025-04-17 20:00:00+00:00,134.479,135.9125,131.8073,134.6892,17275
2025-04-18 00:00:00+00:00,133.197,134.9625,133.197,134.173,5619
2025-04-18 04:00:00+00:00,134.173,135.8585,133.548,133.7757,10315
2025-04-18 08:00:00+00:00,133.7757,135.39,133.1253,134.6695,10233
2025-04-18 12:00:00+00:00,134.6695,135.1663,133.4752,134.8277,8325
2025-04-18 16:00:00+00:00,134.8277,134.9342,132.3377,133.3249,17986
2025-04-18 20:00:00+00:00,133.3449,134.3515,132.9691,133.9089,12610
2025-04-19 00:00:00+00:00,134.2876,134.4059,133.0726,134.3154,5469
2025-04-19 04:00:00+00:00,134.3054,139.4485,134.1754,138.4709,5798
2025-04-19 08:00:00+00:00,138.4709,139.3541,137.8699,139.2427,3539
2025-04-19 12:00:00+00:00,139.2427,139.9411,138.3375,138.8407,9804
2025-04-19 16:00:00+00:00,138.8287,140.381,137.5625,137.906,24236
2025-04-19 20:00:00+00:00,137.897,139.3015,137.5899,138.8585,28973
2025-04-20 00:00:00+00:00,137.2508,141.261,137.2508,140.2357,10202
2025-04-20 04:00:00+00:00,140.2367,141.893,140.1348,141.3156,6445
2025-04-20 08:00:00+00:00,141.3156,141.3848,138.696,139.1345,2921
2025-04-20 12:00:00+00:00,139.1345,139.7806,135.8057,137.3745,3788
2025-04-20 16:00:00+00:00,137.3746,138.061,135.6899,137.0123,5458
2025-04-20 20:00:00+00:00,137.0133,138.445,136.0986,137.0611,7981
2025-04-21 00:00:00+00:00,135.0471,142.798,135.0233,141.142,9302
2025-04-21 04:00:00+00:00,141.142,142.195,139.1264,141.0822,8863
2025-04-21 08:00:00+00:00,141.0822,141.85,139.8536,140.5884,9748
2025-04-21 12:00:00+00:00,140.5884,141.0955,138.1566,138.2688,12260
2025-04-21 16:00:00+00:00,138.2768,140.0824,135.146,135.3875,35267
2025-04-21 20:00:00+00:00,135.3875,137.2578,133.5214,136.9906,28801
2025-04-22 00:00:00+00:00,137.1206,137.1206,134.3325,137.009,24269
2025-04-22 04:00:00+00:00,136.982,139.7397,136.585,138.8176,33392
2025-04-22 08:00:00+00:00,138.8176,140.6043,138.3552,139.2108,33952
2025-04-22 12:00:00+00:00,139.2128,141.7858,138.8885,141.2855,30291
2025-04-22 16:00:00+00:00,141.2855,147.3213,140.8855,144.794,44356
2025-04-22 20:00:00+00:00,144.787,145.206,143.4304,144.7577,24562
2025-04-23 00:00:00+00:00,142.4634,150.0615,142.4634,148.0145,18545
2025-04-23 04:00:00+00:00,148.0345,151.9256,147.1235,151.4555,13724
2025-04-23 08:00:00+00:00,151.4535,152.747,150.3469,152.4844,12515
2025-04-23 12:00:00+00:00,152.4754,153.7025,150.9605,152.2018,9707
2025-04-23 16:00:00+00:00,152.2118,154.0359,148.4915,151.0157,29195
2025-04-23 20:00:00+00:00,151.0087,152.3247,148.8685,151.0534,10796
2025-04-24 00:00:00+00:00,149.2234,151.8167,149.2234,150.1445,4371
2025-04-24 04:00:00+00:00,150.1448,150.72,147.4828,148.3681,10070
2025-04-24 08:00:00+00:00,148.3681,148.9432,144.8146,146.2782,10944
2025-04-24 12:00:00+00:00,146.2782,148.5721,146.1082,148.5221,8295
2025-04-24 16:00:00+00:00,148.5321,151.7565,147.9342,151.1851,9573
2025-04-24 20:00:00+00:00,151.1846,152.3275,148.6956,151.415,8101
2025-04-25 00:00:00+00:00,151.1176,152.7625,149.8862,152.1221,10065
2025-04-25 04:00:00+00:00,152.1401,154.2175,150.3618,150.7355,15946
2025-04-25 08:00:00+00:00,150.7445,154.8231,150.6355,154.2699,13986
2025-04-25 12:00:00+00:00,154.2699,156.6931,152.9256,153.492,9998
2025-04-25 16:00:00+00:00,153.502,155.7915,151.4866,152.5206,17601
2025-04-25 20:00:00+00:00,152.5026,153.1905,150.0446,151.9616,11513
2025-04-26 00:00:00+00:00,150.905,151.734,149.8035,151.4103,9388
2025-04-26 04:00:00+00:00,151.4183,153.0505,150.2843,150.2937,7972
2025-04-26 08:00:00+00:00,150.2937,152.1826,149.8696,150.6171,8120
2025-04-26 12:00:00+00:00,150.622,150.6335,147.9309,148.1704,11180
2025-04-26 16:00:00+00:00,148.1774,149.5385,147.6141,149.0669,9903
2025-04-26 20:00:00+00:00,149.0569,149.4131,148.3135,148.5302,3699
2025-04-27 00:00:00+00:00,147.0383,150.2878,147.0383,149.6336,6124
2025-04-27 04:00:00+00:00,149.6426,150.183,145.8413,146.448,9908
2025-04-27 08:00:00+00:00,146.412,148.5844,145.3785,148.3167,8723
2025-04-27 12:00:00+00:00,148.3467,148.8267,147.1581,147.6709,10772
2025-04-27 16:00:00+00:00,147.6709,149.6781,146.8025,148.4831,16994
2025-04-27 20:00:00+00:00,148.4831,150.1716,148.2231,148.7908,8918
2025-04-28 00:00:00+00:00,146.6401,149.649,146.6186,146.9635,7136
2025-04-28 04:00:00+00:00,146.9635,149.4822,144.4258,148.668,19727
2025-04-28 08:00:00+00:00,148.638,151.6747,148.589,151.3841,12335
2025-04-28 12:00:00+00:00,151.3941,153.1352,148.616,150.5753,13742
2025-04-28 16:00:00+00:00,150.5463,150.9011,145.2862,146.0735,12112
2025-04-28 20:00:00+00:00,146.0735,148.7511,145.7593,147.0639,9171
2025-04-29 00:00:00+00:00,147.0163,148.566,146.845,148.1295,4777
2025-04-29 04:00:00+00:00,148.1395,149.0915,146.1376,146.3389,6763
2025-04-29 08:00:00+00:00,146.3399,149.4606,145.4203,149.2905,6965
2025-04-29 12:00:00+00:00,149.2915,149.4025,147.4707,147.871,8146
2025-04-29 16:00:00+00:00,147.861,149.6862,146.7996,148.3683,8106
2025-04-29 20:00:00+00:00,148.3703,150.2861,147.5847,148.6697,7119
2025-04-30 00:00:00+00:00,146.8074,148.6751,144.7761,146.6434,14333
2025-04-30 04:00:00+00:00,146.6534,148.4933,144.961,147.5031,17298
2025-04-30 08:00:00+00:00,147.5201,147.836,145.9316,146.695,13231
2025-04-30 12:00:00+00:00,146.705,147.9746,144.0664,144.7158,14636
2025-04-30 16:00:00+00:00,144.6948,144.876,140.0288,143.0101,28766
2025-04-30 20:00:00+00:00,143.0201,147.2804,142.5482,146.8861,12873
2025-05-01 00:00:00+00:00,145.0411,148.431,145.0397,147.9634,5559
2025-05-01 04:00:00+00:00,147.9774,149.5833,147.9634,148.5561,6479
2025-05-01 08:00:00+00:00,148.5661,150.9492,148.213,150.744,5232
2025-05-01 12:00:00+00:00,150.754,152.3685,150.2888,152.0663,9404
2025-05-01 16:00:00+00:00,152.0263,153.9121,150.5107,151.6306,10249
2025-05-01 20:00:00+00:00,151.6306,152.7466,149.8529,150.2016,7457
2025-05-02 00:00:00+00:00,150.4018,151.6322,149.9721,151.4285,4384
2025-05-02 04:00:00+00:00,151.4105,151.6482,150.0195,150.1812,5989
2025-05-02 08:00:00+00:00,150.1812,150.3465,148.3131,149.306,7900
2025-05-02 12:00:00+00:00,149.295,150.9796,149.09,150.977,5967
2025-05-02 16:00:00+00:00,150.977,151.914,149.5955,150.141,7539
2025-05-02 20:00:00+00:00,150.1454,150.4996,147.3513,148.2471,6093
2025-05-03 00:00:00+00:00,147.8498,148.4313,147.1535,148.0753,3958
2025-05-03 04:00:00+00:00,148.0753,149.0226,147.4521,148.1415,4477
2025-05-03 08:00:00+00:00,148.1401,148.4416,147.4116,148.0054,2601
2025-05-03 12:00:00+00:00,148.0154,148.1467,146.7205,148.1359,2261
2025-05-03 16:00:00+00:00,148.1546,148.979,147.281,147.452,3230
2025-05-03 20:00:00+00:00,147.452,147.776,145.7988,147.4905,4800
2025-05-04 00:00:00+00:00,147.0625,147.9116,145.977,146.4095,2517
2025-05-04 04:00:00+00:00,146.4095,147.6016,145.2048,145.4912,3459
2025-05-04 08:00:00+00:00,145.5012,146.5493,144.9913,145.3159,3159
2025-05-04 12:00:00+00:00,145.3159,146.0395,144.648,145.5302,5800
2025-05-04 16:00:00+00:00,145.4302,147.164,144.8895,146.7894,5890
2025-05-04 20:00:00+00:00,146.7894,147.7162,145.9487,146.9366,6517
2025-05-05 00:00:00+00:00,145.2229,147.0926,143.5324,145.1145,9271
2025-05-05 04:00:00+00:00,145.1235,146.4303,142.3725,146.267,12529
2025-05-05 08:00:00+00:00,146.248,147.276,145.9488,146.5154,6523
2025-05-05 12:00:00+00:00,146.5154,146.7211,143.482,144.5741,7481
2025-05-05 16:00:00+00:00,144.5741,145.3401,142.9322,144.9159,14104
2025-05-05 20:00:00+00:00,144.9279,147.1061,144.6306,145.5154,7887
2025-05-06 00:00:00+00:00,144.5514,147.647,144.5079,146.1371,4625
2025-05-06 04:00:00+00:00,146.1371,146.4056,143.7405,144.9135,6537
2025-05-06 08:00:00+00:00,144.9145,145.7274,143.4872,144.557,8397
2025-05-06 12:00:00+00:00,144.557,144.557,141.7767,142.893,12294
2025-05-06 16:00:00+00:00,142.893,143.7912,141.1194,142.3322,17563
2025-05-06 20:00:00+00:00,142.3322,145.1655,142.3192,143.9949,11826
2025-05-07 00:00:00+00:00,142.9459,148.9793,142.9061,148.9077,18436
2025-05-07 04:00:00+00:00,148.9077,149.395,145.2652,146.0629,14985
2025-05-07 08:00:00+00:00,146.0629,147.8128,145.3205,147.7168,8454
2025-05-07 12:00:00+00:00,147.7218,148.138,146.6726,147.1065,8431
2025-05-07 16:00:00+00:00,147.1055,147.51,145.0394,146.2003,11135
2025-05-07 20:00:00+00:00,146.2193,147.176,144.4799,146.1896,17399
2025-05-08 00:00:00+00:00,144.7688,148.767,144.7688,148.6965,7915
2025-05-08 04:00:00+00:00,148.6965,151.8932,147.8926,150.8028,18166
2025-05-08 08:00:00+00:00,150.8068,153.2073,149.9108,152.7483,13923
2025-05-08 12:00:00+00:00,152.7483,155.6682,152.4448,154.4331,16756
2025-05-08 16:00:00+00:00,154.4431,162.616,154.1424,159.9659,30253
2025-05-08 20:00:00+00:00,159.9659,163.0939,158.4296,162.0619,21113
2025-05-09 00:00:00+00:00,159.8809,164.418,159.8809,162.2431,28145
2025-05-09 04:00:00+00:00,162.2331,163.5149,160.9276,161.7674,26013
2025-05-09 08:00:00+00:00,161.7374,169.462,161.5554,166.126,33209
2025-05-09 12:00:00+00:00,166.126,175.8095,163.9405,172.3995,45774
2025-05-09 16:00:00+00:00,172.3995,173.2405,167.0694,168.7955,38954
2025-05-09 20:00:00+00:00,168.7955,172.8004,168.4272,172.7395,22444
2025-05-10 00:00:00+00:00,171.7575,174.9313,170.4108,171.1589,12562
2025-05-10 04:00:00+00:00,171.1603,172.5363,170.0521,170.7723,13019
2025-05-10 08:00:00+00:00,170.7773,173.3514,169.6286,171.431,16735
2025-05-10 12:00:00+00:00,171.432,172.2162,168.4447,170.9734,11363
2025-05-10 16:00:00+00:00,170.9494,172.316,170.0787,171.7641,18902
2025-05-10 20:00:00+00:00,171.7411,173.664,170.9415,172.6464,20680
2025-05-11 00:00:00+00:00,170.9021,179.0912,170.8534,178.73,31826
2025-05-11 04:00:00+00:00,178.727,179.8347,174.3545,177.162,33682
2025-05-11 08:00:00+00:00,177.172,177.4536,172.039,172.8545,29161
2025-05-11 12:00:00+00:00,172.865,175.0295,172.6969,173.9653,21543
2025-05-11 16:00:00+00:00,173.9693,174.5585,169.148,170.5562,24330
2025-05-11 20:00:00+00:00,170.5262,173.4513,170.2163,172.5165,20624
2025-05-12 00:00:00+00:00,170.5125,175.6235,170.5125,174.4878,18900
2025-05-12 04:00:00+00:00,174.4748,176.663,171.4016,175.8007,28006
2025-05-12 08:00:00+00:00,175.8077,179.4013,173.3518,176.399,30137
2025-05-12 12:00:00+00:00,176.39,176.784,173.5254,176.2492,31418
2025-05-12 16:00:00+00:00,176.2602,181.1166,173.0075,175.7321,48377
2025-05-12 20:00:00+00:00,175.7411,176.5195,167.7619,172.2329,33949
2025-05-13 00:00:00+00:00,170.5149,174.727,170.5149,171.6045,11103
2025-05-13 04:00:00+00:00,171.6045,172.4905,165.9078,169.7636,30551
2025-05-13 08:00:00+00:00,169.7446,172.6916,168.6585,172.4516,12842
2025-05-13 12:00:00+00:00,172.4516,175.3172,172.2296,174.1015,19853
2025-05-13 16:00:00+00:00,174.1315,177.681,171.956,176.5335,19202
2025-05-13 20:00:00+00:00,176.5425,184.1445,176.3835,182.7086,20034
2025-05-14 00:00:00+00:00,180.4646,184.5484,180.4646,181.934,16502
2025-05-14 04:00:00+00:00,181.946,184.514,178.6408,181.5837,21223
2025-05-14 08:00:00+00:00,181.5927,183.818,177.9639,178.088,18430
2025-05-14 12:00:00+00:00,178.108,181.794,177.3021,180.117,14506
2025-05-14 16:00:00+00:00,180.047,180.8531,174.7128,175.78,21221
2025-05-14 20:00:00+00:00,175.74,177.542,172.8205,176.9125,11801
2025-05-15 00:00:00+00:00,174.5586,178.2415,174.5043,177.6275,7789
2025-05-15 04:00:00+00:00,177.6275,177.868,173.74,174.875,13256
2025-05-15 08:00:00+00:00,174.915,175.035,169.5649,172.7101,15272
2025-05-15 12:00:00+00:00,172.7101,172.7161,168.576,170.8046,13316
2025-05-15 16:00:00+00:00,170.8046,173.7461,166.699,173.7451,24976
2025-05-15 20:00:00+00:00,173.7461,174.2016,167.291,169.3715,18000
2025-05-16 00:00:00+00:00,167.5175,171.8961,166.5681,169.9077,13666
2025-05-16 04:00:00+00:00,169.9177,173.4606,168.6829,171.8622,13333
2025-05-16 08:00:00+00:00,171.8622,173.3841,169.2101,170.01,12512
2025-05-16 12:00:00+00:00,170.01,174.0155,170.01,172.029,11093
2025-05-16 16:00:00+00:00,172.039,174.0116,169.9031,171.0035,17018
2025-05-16 20:00:00+00:00,170.9835,172.1093,168.8483,169.2276,15637
2025-05-17 00:00:00+00:00,169.7681,169.7681,165.4763,166.7115,11601
2025-05-17 04:00:00+00:00,166.7105,169.4554,163.7836,168.8393,15984
2025-05-17 08:00:00+00:00,168.8303,169.8841,166.9295,168.0155,10241
2025-05-17 12:00:00+00:00,168.0155,168.6526,166.665,167.2258,10999
2025-05-17 16:00:00+00:00,167.2263,168.1525,164.2223,165.1576,8590
2025-05-17 20:00:00+00:00,165.1576,167.771,164.6186,167.2705,14590
2025-05-18 00:00:00+00:00,167.1295,167.5573,164.298,167.1816,9353
2025-05-18 04:00:00+00:00,167.1816,168.4905,166.021,168.483,7228
2025-05-18 08:00:00+00:00,168.483,171.8855,168.483,171.1279,7915
2025-05-18 12:00:00+00:00,171.1279,171.6639,170.082,171.5735,6854
2025-05-18 16:00:00+00:00,171.5735,176.6385,171.3955,175.701,13890
2025-05-18 20:00:00+00:00,175.701,175.709,164.1159,167.185,19141
2025-05-19 00:00:00+00:00,165.5746,173.886,165.5746,167.8906,19108
2025-05-19 04:00:00+00:00,167.8986,168.5354,162.2415,163.2295,19328
2025-05-19 08:00:00+00:00,163.2325,163.6596,159.2335,161.455,20667
2025-05-19 12:00:00+00:00,161.426,162.5589,160.0565,160.768,12154
2025-05-19 16:00:00+00:00,160.768,165.5061,160.4611,165.4461,16387
2025-05-19 20:00:00+00:00,165.4461,167.609,163.515,165.728,15715
2025-05-20 00:00:00+00:00,163.991,169.156,163.9293,166.9485,10301
2025-05-20 04:00:00+00:00,166.9495,172.8989,166.7915,169.9126,21283
2025-05-20 08:00:00+00:00,169.9226,170.5692,165.9319,167.6993,24978
2025-05-20 12:00:00+00:00,167.6893,168.0346,165.0231,165.9991,29932
2025-05-20 16:00:00+00:00,165.9991,167.2275,164.3611,165.4533,42533
2025-05-20 20:00:00+00:00,165.4543,169.1495,164.3863,168.2403,42829
2025-05-21 00:00:00+00:00,167.7314,169.3177,166.2045,168.114,30705
2025-05-21 04:00:00+00:00,168.114,171.173,166.6196,170.2166,30420
2025-05-21 08:00:00+00:00,170.2166,171.7155,168.0474,168.0554,33210
2025-05-21 12:00:00+00:00,168.0554,170.2122,167.2952,169.3445,20003
2025-05-21 16:00:00+00:00,169.3445,174.7448,168.3546,173.0864,38482
2025-05-21 20:00:00+00:00,173.0864,173.899,164.795,169.7609,35403
2025-05-22 00:00:00+00:00,169.595,175.5033,169.284,174.848,30205
2025-05-22 04:00:00+00:00,174.848,177.2624,172.4167,176.8264,41425
2025-05-22 08:00:00+00:00,176.8074,179.7181,175.1037,179.6733,45163
2025-05-22 12:00:00+00:00,179.6773,180.6439,177.0578,178.5543,39987
2025-05-22 16:00:00+00:00,178.5543,180.2739,176.6304,178.1746,51732
2025-05-22 20:00:00+00:00,178.1751,179.9089,177.4003,178.5027,26625
2025-05-23 00:00:00+00:00,176.5887,181.6378,176.5887,180.625,19536
2025-05-23 04:00:00+00:00,180.615,185.3559,180.2338,182.5595,34413
2025-05-23 08:00:00+00:00,182.5595,186.749,179.77,186.1625,22842
2025-05-23 12:00:00+00:00,186.1535,187.583,172.719,176.8605,40131
2025-05-23 16:00:00+00:00,176.8415,183.473,175.4593,181.0441,45568
2025-05-23 20:00:00+00:00,181.0441,182.0137,176.7947,177.3061,19995
2025-05-24 00:00:00+00:00,176.2855,178.0029,172.4622,172.6422,28478
2025-05-24 04:00:00+00:00,172.6522,176.299,172.5022,176.0845,20744
2025-05-24 08:00:00+00:00,176.0845,176.3972,173.1735,174.9496,20121
2025-05-24 12:00:00+00:00,174.9513,178.2674,174.7421,176.5539,22302
2025-05-24 16:00:00+00:00,176.5639,177.0667,175.0276,176.3914,17347
2025-05-24 20:00:00+00:00,176.3814,177.9153,176.3814,177.8545,14255
2025-05-25 00:00:00+00:00,177.608,177.6214,171.522,172.1382,16440
2025-05-25 04:00:00+00:00,172.1482,174.3286,170.273,174.3083,18735
2025-05-25 08:00:00+00:00,174.2533,174.4029,169.8333,170.7503,12997
2025-05-25 12:00:00+00:00,170.6995,172.6465,170.2838,172.582,11858
2025-05-25 16:00:00+00:00,172.582,172.6457,168.952,170.0936,16388
2025-05-25 20:00:00+00:00,170.0936,172.7568,170.0936,172.1131,5530
2025-05-26 00:00:00+00:00,171.4827,177.5882,170.7629,177.5176,21696
2025-05-26 04:00:00+00:00,177.5276,177.7487,175.7285,177.2005,15099
2025-05-26 08:00:00+00:00,177.2005,178.9451,177.15,177.437,16785
2025-05-26 12:00:00+00:00,177.437,178.532,176.3385,178.16,14686
2025-05-26 16:00:00+00:00,178.17,178.7333,174.9743,175.6234,29718
2025-05-26 20:00:00+00:00,175.5544,176.2185,173.4122,175.2067,18920
2025-05-27 00:00:00+00:00,174.1892,175.9484,173.8458,174.1051,18477
2025-05-27 04:00:00+00:00,174.1051,174.2135,171.035,173.067,30114
2025-05-27 08:00:00+00:00,173.068,176.4096,172.3814,175.7927,26313
2025-05-27 12:00:00+00:00,175.8127,177.1988,174.9404,176.9798,19729
2025-05-27 16:00:00+00:00,176.9568,179.386,174.6756,178.1045,37136
2025-05-27 20:00:00+00:00,178.1135,179.2659,177.0051,178.0059,26554
2025-05-28 00:00:00+00:00,176.2259,178.24,175.4454,177.1496,30143
2025-05-28 04:00:00+00:00,177.1596,177.3574,174.2049,174.9538,27946
2025-05-28 08:00:00+00:00,174.9468,175.1934,173.4692,174.1188,22913
2025-05-28 12:00:00+00:00,174.1198,175.1358,172.8015,174.1815,24447
2025-05-28 16:00:00+00:00,174.1815,174.4524,168.7301,170.9722,45207
2025-05-28 20:00:00+00:00,170.9722,171.9858,169.0211,170.7822,21706
2025-05-29 00:00:00+00:00,168.8202,173.5731,168.8202,173.5185,12032
2025-05-29 04:00:00+00:00,173.5185,175.2525,169.8435,171.7593,15626
2025-05-29 08:00:00+00:00,171.7793,173.3611,171.553,173.018,16388
2025-05-29 12:00:00+00:00,173.009,173.4519,171.3563,171.7947,20551
2025-05-29 16:00:00+00:00,171.8047,172.4776,167.6298,168.1698,33117
2025-05-29 20:00:00+00:00,168.1698,169.7027,165.657,167.1217,31492
2025-05-30 00:00:00+00:00,165.4177,168.42,159.0839,161.0278,33436
2025-05-30 04:00:00+00:00,161.0278,165.7058,160.7395,165.2852,37284
2025-05-30 08:00:00+00:00,165.2872,165.867,161.7451,163.5865,29698
2025-05-30 12:00:00+00:00,163.5865,164.1697,161.2701,162.9098,36114
2025-05-30 16:00:00+00:00,162.9028,163.3549,155.4072,157.6602,53215
2025-05-30 20:00:00+00:00,157.6702,161.359,157.4812,160.0849,37690
2025-05-31 00:00:00+00:00,159.8907,160.2474,154.2061,155.7191,34332
2025-05-31 04:00:00+00:00,155.7291,156.6283,151.9949,155.6409,42257
2025-05-31 08:00:00+00:00,155.6409,155.8289,154.2608,154.4008,4965
2025-05-31 20:00:00+00:00,156.6105,157.9185,155.4178,157.3684,20573
2025-06-01 00:00:00+00:00,157.3835,158.0064,155.599,156.2205,25674
2025-06-01 04:00:00+00:00,156.2305,156.6504,153.2659,155.4608,30145
2025-06-01 08:00:00+00:00,155.4598,155.913,152.8781,153.3369,26717
2025-06-01 12:00:00+00:00,153.3459,153.717,150.535,151.108,37666
2025-06-01 16:00:00+00:00,151.109,156.6385,151.028,155.8793,31712
2025-06-01 20:00:00+00:00,155.8793,156.7315,153.2912,155.6455,26108
2025-06-02 00:00:00+00:00,154.3888,158.1831,154.3888,157.8495,23054
2025-06-02 04:00:00+00:00,157.8495,158.9262,155.0239,155.2437,23876
2025-06-02 08:00:00+00:00,155.2437,156.697,154.2742,154.8174,24612
2025-06-02 12:00:00+00:00,154.8274,154.8574,152.887,154.1945,31777
2025-06-02 16:00:00+00:00,154.2025,154.4807,151.3868,152.959,38150
2025-06-02 20:00:00+00:00,152.959,154.974,151.683,154.3138,21978
2025-06-03 00:00:00+00:00,154.3068,159.0226,154.2248,158.9337,19433
2025-06-03 04:00:00+00:00,158.9437,162.3545,158.1999,158.4509,36514
2025-06-03 08:00:00+00:00,158.4509,160.2259,158.3154,159.3066,16778
2025-06-03 12:00:00+00:00,159.3066,161.625,158.7499,161.1952,13003
2025-06-03 16:00:00+00:00,161.1952,163.482,159.3324,160.6639,27332
2025-06-03 20:00:00+00:00,160.6639,161.8818,156.4026,157.6549,19983
2025-06-04 00:00:00+00:00,157.2519,157.8436,153.945,155.4394,20925
2025-06-04 04:00:00+00:00,155.4394,157.6454,155.1446,156.5105,20797
2025-06-04 08:00:00+00:00,156.5205,157.2429,155.7035,156.7539,24048
2025-06-04 12:00:00+00:00,156.7629,157.9074,154.8545,155.6746,24632
2025-06-04 16:00:00+00:00,155.6646,157.9065,154.3725,157.346,29218
2025-06-04 20:00:00+00:00,157.338,157.406,153.849,154.4431,23130
2025-06-05 00:00:00+00:00,152.4705,155.5047,152.4705,153.7827,31269
2025-06-05 04:00:00+00:00,153.7627,154.4873,152.9494,154.0123,25628
2025-06-05 08:00:00+00:00,154.0143,154.1382,151.6731,152.0561,26100
2025-06-05 12:00:00+00:00,152.0561,154.1644,151.0924,153.7798,20993
2025-06-05 16:00:00+00:00,153.7798,154.2806,148.2547,148.5599,41213
2025-06-05 20:00:00+00:00,148.5689,149.8845,141.2538,141.4218,42395
2025-06-06 00:00:00+00:00,141.4769,145.4727,141.4769,145.4026,38904
2025-06-06 04:00:00+00:00,145.4006,147.8898,144.6605,147.5717,29139
2025-06-06 08:00:00+00:00,147.5617,148.1653,146.7861,147.9146,23089
2025-06-06 12:00:00+00:00,147.9056,151.9346,147.43,150.5477,30778
2025-06-06 16:00:00+00:00,150.5477,152.2975,149.809,150.0921,39247
2025-06-06 20:00:00+00:00,150.0691,150.3161,148.4549,149.519,27515
2025-06-07 00:00:00+00:00,149.8101,149.8101,146.91,148.711,18731
2025-06-07 04:00:00+00:00,148.711,149.9391,147.3992,149.8089,25817
2025-06-07 08:00:00+00:00,149.8179,152.8398,149.5672,151.8539,24966
2025-06-07 12:00:00+00:00,151.8539,152.3882,151.211,152.1311,18854
2025-06-07 16:00:00+00:00,152.1411,152.4304,150.4059,150.7247,23995
2025-06-07 20:00:00+00:00,150.7107,151.2426,150.0915,150.8121,18466
2025-06-08 00:00:00+00:00,149.6005,151.4382,149.1219,149.474,15748
2025-06-08 04:00:00+00:00,149.461,150.3489,149.1261,150.0863,12915
2025-06-08 08:00:00+00:00,150.0863,150.5155,148.9044,149.0144,13693
2025-06-08 12:00:00+00:00,149.0144,149.911,147.6791,149.5425,19183
2025-06-08 16:00:00+00:00,149.5255,152.2368,149.1448,152.2208,22319
2025-06-08 20:00:00+00:00,152.2218,154.7388,152.2218,154.1892,17843
2025-06-09 00:00:00+00:00,152.5292,155.1593,151.7795,152.3654,26699
2025-06-09 04:00:00+00:00,152.3454,152.6404,150.5895,150.8381,25599
2025-06-09 08:00:00+00:00,150.8281,151.7752,149.5854,151.7269,22459
2025-06-09 12:00:00+00:00,151.7269,156.5894,151.3005,155.7089,33149
2025-06-09 16:00:00+00:00,155.7089,156.6066,152.999,155.5032,36525
2025-06-09 20:00:00+00:00,155.5032,156.8408,154.9375,156.5278,25641
2025-06-10 00:00:00+00:00,156.9535,161.6729,156.8954,160.6052,36734
2025-06-10 04:00:00+00:00,160.5952,160.886,158.5977,159.2399,11973
2025-06-10 08:00:00+00:00,159.2399,159.5153,157.3514,157.766,11360
2025-06-10 12:00:00+00:00,157.756,161.4533,157.077,161.4212,20107
2025-06-10 16:00:00+00:00,161.4212,161.9053,156.0873,157.2005,20243
2025-06-10 20:00:00+00:00,157.2005,165.4094,157.1505,165.3923,23113
2025-06-11 00:00:00+00:00,163.6509,165.672,162.9884,164.4606,29231
2025-06-11 04:00:00+00:00,164.4606,167.3086,163.3443,165.0118,33177
2025-06-11 08:00:00+00:00,165.0118,167.1344,164.2453,165.7359,28770
2025-06-11 12:00:00+00:00,165.7368,167.2985,163.5853,167.1647,26250
2025-06-11 16:00:00+00:00,167.1847,168.2573,165.0255,166.6407,34385
2025-06-11 20:00:00+00:00,166.6007,166.6107,161.7228,162.9133,26445
2025-06-12 00:00:00+00:00,162.9644,163.6799,158.8958,160.6725,26154
2025-06-12 04:00:00+00:00,160.6725,160.8174,159.0106,159.7732,20000
2025-06-12 08:00:00+00:00,159.7732,159.9316,157.9115,159.2521,19188
2025-06-12 12:00:00+00:00,159.2501,159.6927,157.138,158.6379,17821
2025-06-12 16:00:00+00:00,158.5579,160.4992,156.1599,158.156,30585
2025-06-12 20:00:00+00:00,158.156,160.2976,151.9933,152.7003,34598
2025-06-13 00:00:00+00:00,153.0103,153.458,141.6043,145.3532,43277
2025-06-13 04:00:00+00:00,145.3532,145.3632,140.3909,144.185,59887
2025-06-13 08:00:00+00:00,144.185,146.4758,142.4678,144.8087,37043
2025-06-13 12:00:00+00:00,144.7987,146.1897,143.5503,145.1212,27729
2025-06-13 16:00:00+00:00,145.1212,148.4047,143.8411,147.3359,35817
2025-06-13 20:00:00+00:00,147.3319,147.3319,144.1356,146.9979,28330
2025-06-14 00:00:00+00:00,147.0699,148.7981,146.7772,147.6663,10689
2025-06-14 04:00:00+00:00,147.6663,147.6663,146.3545,146.7166,7270
2025-06-14 08:00:00+00:00,146.7166,146.9393,145.0222,145.6652,6767
2025-06-14 12:00:00+00:00,145.6682,145.8937,144.663,145.3337,7069
2025-06-14 16:00:00+00:00,145.3337,145.6968,142.7105,143.1545,17813
2025-06-14 20:00:00+00:00,143.1555,144.907,141.6882,142.674,25364
2025-06-15 00:00:00+00:00,142.7133,145.7365,142.121,145.546,17667
2025-06-15 04:00:00+00:00,145.556,146.4024,144.7618,146.2319,15978
2025-06-15 08:00:00+00:00,146.2319,147.9882,145.0864,145.4247,14099
2025-06-15 12:00:00+00:00,145.4247,147.6785,144.1464,147.574,15850
2025-06-15 16:00:00+00:00,147.523,152.8968,146.8826,151.8675,31791
2025-06-15 20:00:00+00:00,151.8395,153.3397,147.9964,148.5357,32032
2025-06-16 00:00:00+00:00,147.5177,153.0545,147.5177,151.8316,27192
2025-06-16 04:00:00+00:00,151.8206,156.9939,150.7493,156.6068,26988
2025-06-16 08:00:00+00:00,156.6018,157.6852,156.138,156.8433,20647
2025-06-16 12:00:00+00:00,156.8543,156.9343,154.6026,155.0716,18071
2025-06-16 16:00:00+00:00,155.0716,158.1536,154.4539,157.4785,21693
2025-06-16 20:00:00+00:00,157.4785,158.6542,156.6218,157.1581,23043
2025-06-17 00:00:00+00:00,155.7751,157.2737,147.1427,151.7922,44644
2025-06-17 04:00:00+00:00,151.8122,153.8125,150.8076,152.9585,37725
2025-06-17 08:00:00+00:00,152.96,154.2086,151.3748,151.4896,34892
2025-06-17 12:00:00+00:00,151.4906,151.9257,149.4315,149.5433,21999
2025-06-17 16:00:00+00:00,149.5433,150.6565,145.7381,145.9235,36068
2025-06-17 20:00:00+00:00,145.9235,150.2872,145.4442,148.6337,32215
2025-06-18 00:00:00+00:00,147.0507,148.9032,146.1371,148.1553,19628
2025-06-18 04:00:00+00:00,148.1643,149.2373,147.1391,148.7503,13508
2025-06-18 08:00:00+00:00,148.7503,149.0602,146.8028,147.5957,11024
2025-06-18 12:00:00+00:00,147.5937,148.3046,144.8935,145.121,17734
2025-06-18 16:00:00+00:00,145.121,146.7213,143.641,144.8104,23282
2025-06-18 20:00:00+00:00,144.8004,147.7657,143.4476,147.3396,22535
2025-06-19 00:00:00+00:00,146.953,147.935,145.7858,146.9045,12598
2025-06-19 04:00:00+00:00,146.9045,146.9545,144.92,146.6242,12099
2025-06-19 08:00:00+00:00,146.6242,147.2021,145.0052,145.1318,10668
2025-06-19 12:00:00+00:00,145.1318,146.483,144.4645,145.2008,19989
2025-06-19 16:00:00+00:00,145.1908,145.3211,142.8805,143.2277,25341
2025-06-19 20:00:00+00:00,143.2377,146.1511,143.0613,145.2607,24930
2025-06-20 00:00:00+00:00,145.2437,147.469,145.1646,146.969,22299
2025-06-20 04:00:00+00:00,146.969,147.1545,144.199,144.4285,17392
2025-06-20 08:00:00+00:00,144.4385,148.1515,144.3995,147.3482,26731
2025-06-20 12:00:00+00:00,147.3482,148.7425,147.0316,147.3885,20523
2025-06-20 16:00:00+00:00,147.3985,147.8985,141.785,142.2332,38297
2025-06-20 20:00:00+00:00,142.2332,142.5946,135.401,140.8623,42291
2025-06-21 00:00:00+00:00,140.4948,140.6745,138.5547,139.8971,23947
2025-06-21 04:00:00+00:00,139.9071,141.2356,139.5848,140.0615,17204
2025-06-21 08:00:00+00:00,140.0705,141.7901,139.7671,141.5371,11952
2025-06-21 12:00:00+00:00,141.5271,142.5193,140.9051,141.6818,15250
2025-06-21 16:00:00+00:00,141.6828,142.1365,139.0479,140.0499,24231
2025-06-21 20:00:00+00:00,140.0499,140.8607,136.6718,138.3616,34084
2025-06-22 00:00:00+00:00,138.196,138.196,129.9247,136.453,47574
2025-06-22 04:00:00+00:00,136.455,137.0974,133.9475,135.759,14244
2025-06-22 08:00:00+00:00,135.759,136.4475,134.0666,134.9092,16026
2025-06-22 12:00:00+00:00,134.9092,135.3236,131.7645,133.4142,24940
2025-06-22 16:00:00+00:00,133.4142,133.6624,126.2445,129.7246,58847
2025-06-22 20:00:00+00:00,129.7146,131.2575,125.6506,129.314,42160
2025-06-23 00:00:00+00:00,128.222,133.3791,127.7563,132.4392,43033
2025-06-23 04:00:00+00:00,132.4392,133.6386,131.654,133.1755,25204
2025-06-23 08:00:00+00:00,133.1755,134.9185,133.1085,134.3315,29527
2025-06-23 12:00:00+00:00,134.3315,135.4813,133.184,135.4753,27701
2025-06-23 16:00:00+00:00,135.4763,137.246,130.493,132.411,51562
2025-06-23 20:00:00+00:00,132.421,142.117,132.151,140.5078,33220
2025-06-24 00:00:00+00:00,139.6124,146.6875,139.6043,143.3505,24516
2025-06-24 04:00:00+00:00,143.3512,144.448,142.302,143.3305,10179
2025-06-24 08:00:00+00:00,143.3405,146.6795,143.2376,144.296,17607
2025-06-24 12:00:00+00:00,144.296,145.6595,142.9326,144.4482,14916
2025-06-24 16:00:00+00:00,144.4482,146.5124,143.3458,146.3818,22238
2025-06-24 20:00:00+00:00,146.3818,146.5218,142.7283,145.0275,16371
2025-06-25 00:00:00+00:00,142.7834,146.1474,142.7742,145.9051,12062
2025-06-25 04:00:00+00:00,145.9051,146.6346,144.7937,145.3535,14323
2025-06-25 08:00:00+00:00,145.3535,147.4064,144.9714,145.8136,16251
2025-06-25 12:00:00+00:00,145.8136,146.7676,144.8411,146.4153,17519
2025-06-25 16:00:00+00:00,146.4153,147.8067,142.7295,143.402,28340
2025-06-25 20:00:00+00:00,143.362,145.1009,142.96,144.8698,28421
2025-06-26 00:00:00+00:00,144.9361,144.9425,142.1778,144.1449,25737
2025-06-26 04:00:00+00:00,144.1549,147.6479,143.6548,145.3868,34165
2025-06-26 08:00:00+00:00,145.3768,145.889,143.9516,144.877,24118
2025-06-26 12:00:00+00:00,144.877,145.1455,142.6556,142.8941,24680
2025-06-26 16:00:00+00:00,142.8941,143.6857,141.1961,142.2645,31890
2025-06-26 20:00:00+00:00,142.2745,143.952,140.7185,142.956,24769
2025-06-27 00:00:00+00:00,142.312,142.6155,137.843,137.852,18111
2025-06-27 04:00:00+00:00,137.852,141.5814,137.1535,141.319,14026
2025-06-27 08:00:00+00:00,141.319,142.7702,140.1795,142.2286,22893
2025-06-27 12:00:00+00:00,142.2286,142.7753,141.1315,141.3115,22304
2025-06-27 16:00:00+00:00,141.3215,144.741,141.1295,143.6935,21860
2025-06-27 20:00:00+00:00,143.6935,143.7905,140.051,142.601,18473
2025-06-28 00:00:00+00:00,142.659,143.262,141.3815,141.6215,11761
2025-06-28 04:00:00+00:00,141.6215,143.501,141.051,143.1025,13307
2025-06-28 08:00:00+00:00,143.1025,147.1905,143.1025,146.2225,15942
2025-06-28 12:00:00+00:00,146.2225,147.481,145.5205,146.299,12904
2025-06-28 16:00:00+00:00,146.299,149.7523,145.7745,149.1457,19856
2025-06-28 20:00:00+00:00,149.1467,152.6713,149.1,150.2205,34808
2025-06-29 00:00:00+00:00,150.3575,151.3495,150.1185,150.6295,7155
2025-06-29 04:00:00+00:00,150.6395,150.8415,149.315,149.749,4852
2025-06-29 08:00:00+00:00,149.732,150.9395,149.346,150.7105,5180
2025-06-29 12:00:00+00:00,150.7105,152.0495,150.4335,151.779,8914
2025-06-29 16:00:00+00:00,151.779,152.529,149.61,150.4095,12809
2025-06-29 20:00:00+00:00,150.4195,152.1815,150.216,150.809,12296
2025-06-30 00:00:00+00:00,149.6695,154.72,149.6695,152.599,23510
2025-06-30 04:00:00+00:00,152.599,152.619,150.891,151.0645,11881
2025-06-30 08:00:00+00:00,151.0595,151.3795,149.36,149.808,6849
2025-06-30 12:00:00+00:00,149.808,151.0105,149.604,149.85,9337
2025-06-30 16:00:00+00:00,149.841,159.888,149.75,157.0085,35589
2025-06-30 20:00:00+00:00,156.9985,157.9564,155.279,156.442,19418
2025-07-01 00:00:00+00:00,155.476,156.8285,153.335,154.759,10766
2025-07-01 04:00:00+00:00,154.759,155.2085,152.449,152.499,9743
2025-07-01 08:00:00+00:00,152.479,152.779,148.663,149.07,18327
2025-07-01 12:00:00+00:00,148.95,149.4287,147.7115,148.37,8835
2025-07-01 16:00:00+00:00,148.37,149.273,146.109,148.31,20498
2025-07-01 20:00:00+00:00,148.32,148.435,144.7255,146.6705,19114
2025-07-02 00:00:00+00:00,145.4465,147.52,145.4465,146.7205,6545
2025-07-02 04:00:00+00:00,146.7305,149.1885,145.673,149.0605,7875
2025-07-02 08:00:00+00:00,149.0605,149.9425,148.47,149.21,7632
2025-07-02 12:00:00+00:00,149.22,149.673,147.054,147.67,7263
2025-07-02 16:00:00+00:00,147.67,153.639,147.6416,153.0585,22502
2025-07-02 20:00:00+00:00,153.0645,154.0008,150.291,152.909,18426
2025-07-03 00:00:00+00:00,152.231,154.451,151.9355,153.059,10341
2025-07-03 04:00:00+00:00,153.069,154.029,151.7775,153.839,10975
2025-07-03 08:00:00+00:00,153.849,155.9285,153.73,155.2285,11191
2025-07-03 12:00:00+00:00,155.2285,156.3563,151.9295,153.13,14183
2025-07-03 16:00:00+00:00,153.089,154.9885,149.7055,150.6595,24958
2025-07-03 20:00:00+00:00,150.6695,152.769,150.6595,152.749,13143
2025-07-04 00:00:00+00:00,152.281,153.263,152.0245,152.4095,11825
2025-07-04 04:00:00+00:00,152.4195,153.1691,150.8895,151.5795,14873
2025-07-04 08:00:00+00:00,151.5795,153.869,148.9445,149.9895,23260
2025-07-04 12:00:00+00:00,149.9895,150.9673,149.83,150.5095,16485
2025-07-04 16:00:00+00:00,150.5195,151.2334,145.1605,145.9105,31406
2025-07-04 20:00:00+00:00,145.9015,147.2205,145.6145,146.7805,14367
2025-07-05 00:00:00+00:00,146.8375,148.4543,146.8375,148.297,9228
2025-07-05 04:00:00+00:00,148.297,148.432,147.1505,147.2405,10385
2025-07-05 08:00:00+00:00,147.2405,148.519,146.6975,147.3105,11942
2025-07-05 12:00:00+00:00,147.3205,148.53,146.709,148.1895,10738
2025-07-05 16:00:00+00:00,148.1915,148.661,145.8415,146.7005,13902
2025-07-05 20:00:00+00:00,146.7005,147.2305,145.9425,147.1205,11398
2025-07-06 00:00:00+00:00,146.9405,148.002,146.8645,147.608,6292
2025-07-06 04:00:00+00:00,147.608,147.77,146.8055,147.2905,6572
2025-07-06 08:00:00+00:00,147.2825,148.4943,147.0055,147.52,12126
2025-07-06 12:00:00+00:00,147.52,148.96,146.7435,148.95,11845
2025-07-06 16:00:00+00:00,148.95,153.1025,148.3885,153.005,26283
2025-07-06 20:00:00+00:00,153.005,153.095,150.6395,151.5275,15248
2025-07-07 00:00:00+00:00,151.3525,153.7991,150.7895,151.0995,22199
2025-07-07 04:00:00+00:00,151.0995,152.889,150.168,151.7305,18903
2025-07-07 08:00:00+00:00,151.7215,152.9275,150.808,152.619,16889
2025-07-07 12:00:00+00:00,152.579,153.499,151.3655,151.519,19679
2025-07-07 16:00:00+00:00,151.519,153.36,149.64,150.29,25327
2025-07-07 20:00:00+00:00,150.29,150.82,147.64,148.34,18296
2025-07-08 00:00:00+00:00,147.75,150.07,147.65,149.12,11722
2025-07-08 04:00:00+00:00,149.1,149.3,147.79,148.99,11208
2025-07-08 08:00:00+00:00,149.0,150.27,148.56,149.85,9148
2025-07-08 12:00:00+00:00,149.85,152.45,149.64,152.36,10671
2025-07-08 16:00:00+00:00,152.36,152.85,149.44,150.45,21156
2025-07-08 20:00:00+00:00,150.45,152.81,150.1,150.12,16379
2025-07-09 00:00:00+00:00,149.89,151.9298,149.89,151.68,16116
2025-07-09 04:00:00+00:00,151.69,152.35,150.45,151.14,11577
2025-07-09 08:00:00+00:00,151.14,153.84,151.1,152.42,11385
2025-07-09 12:00:00+00:00,152.42,154.6247,152.29,153.99,12644
2025-07-09 16:00:00+00:00,153.98,155.45,152.84,154.82,22048
2025-07-09 20:00:00+00:00,154.81,157.8082,153.17,156.0,20867
2025-07-10 00:00:00+00:00,156.66,157.88,155.84,155.84,10109
2025-07-10 04:00:00+00:00,155.84,159.26,155.84,157.61,11773
2025-07-10 08:00:00+00:00,157.61,159.14,156.63,158.86,11310
2025-07-10 12:00:00+00:00,158.86,159.04,156.98,157.4,11082
2025-07-10 16:00:00+00:00,157.41,158.7347,155.56,158.39,23041
2025-07-10 20:00:00+00:00,158.39,161.1657,157.94,160.3968,58961
2025-07-11 00:00:00+00:00,160.8353,165.3341,160.5,162.99,26735
2025-07-11 04:00:00+00:00,163.0,165.34,162.91,165.0038,12420
2025-07-11 08:00:00+00:00,165.0044,166.7756,162.95,163.67,12751
2025-07-11 12:00:00+00:00,163.67,165.2,163.34,165.15,17584
2025-07-11 16:00:00+00:00,165.15,168.15,161.16,163.2097,54375
2025-07-11 20:00:00+00:00,163.2103,164.6076,162.63,162.85,33099
2025-07-12 00:00:00+00:00,161.1,163.21,159.23,162.92,16866
2025-07-12 04:00:00+00:00,162.92,163.8722,162.2173,162.4773,37614
2025-07-12 08:00:00+00:00,162.4772,163.7723,162.01,162.6075,42302
2025-07-12 12:00:00+00:00,162.6083,163.1039,158.58,159.63,45035
2025-07-12 16:00:00+00:00,159.63,160.41,157.74,158.7218,48798
2025-07-12 20:00:00+00:00,158.7233,160.7448,158.6687,159.0194,33110
2025-07-13 00:00:00+00:00,159.23,161.7205,158.97,160.8826,32319
2025-07-13 04:00:00+00:00,160.8831,162.0969,160.63,161.9609,38947
2025-07-13 08:00:00+00:00,161.9583,162.7107,161.2638,162.1825,35428
2025-07-13 12:00:00+00:00,162.189,162.8243,161.5702,162.6497,36644
2025-07-13 16:00:00+00:00,162.6515,164.1307,160.86,160.89,58291
2025-07-13 20:00:00+00:00,160.8882,163.4901,160.48,162.5164,38640
2025-07-14 00:00:00+00:00,162.18,162.4107,159.63,161.6406,45056
2025-07-14 04:00:00+00:00,161.64,168.1,161.48,167.42,53368
2025-07-14 08:00:00+00:00,167.42,168.6,165.31,167.42,47716
2025-07-14 12:00:00+00:00,167.42,168.0934,166.24,166.896,53761
2025-07-14 16:00:00+00:00,166.899,168.5638,162.97,165.25,68397
2025-07-14 20:00:00+00:00,165.24,165.24,161.91,163.17,17243
2025-07-15 00:00:00+00:00,161.84,162.95,161.18,161.37,15008
2025-07-15 04:00:00+00:00,161.37,162.4,158.15,160.17,32410
2025-07-15 08:00:00+00:00,160.17,160.9,158.37,159.15,18829
2025-07-15 12:00:00+00:00,159.21,161.01,158.28,159.9,21944
2025-07-15 16:00:00+00:00,159.9,162.13,157.11,160.88,37027
2025-07-15 20:00:00+00:00,160.88,163.6,159.6,160.8,30563
2025-07-16 00:00:00+00:00,159.99,165.29,159.99,164.79,15203
2025-07-16 04:00:00+00:00,164.75,164.83,161.51,162.54,14301
2025-07-16 08:00:00+00:00,162.54,165.63,162.52,165.52,16923
2025-07-16 12:00:00+00:00,165.52,167.53,165.46,166.64,21317
2025-07-16 16:00:00+00:00,166.64,173.31,165.3,172.61,42854
2025-07-16 20:00:00+00:00,172.57,175.08,172.02,174.86,36360
2025-07-17 00:00:00+00:00,174.3,176.02,172.42,173.06,26636
2025-07-17 04:00:00+00:00,173.06,173.43,168.76,171.4,24296
2025-07-17 08:00:00+00:00,171.39,174.25,170.55,173.73,28908
2025-07-17 12:00:00+00:00,173.72,178.28,173.49,176.79,35868
2025-07-17 16:00:00+00:00,176.79,177.03,171.28,172.94,40436
2025-07-17 20:00:00+00:00,172.94,175.44,171.38,173.27,30472
2025-07-18 00:00:00+00:00,173.8,180.02,173.54,179.93,38361
2025-07-18 04:00:00+00:00,179.91,182.12,178.98,182.01,32796
2025-07-18 08:00:00+00:00,181.99,184.8535,178.68,179.46,38934
2025-07-18 12:00:00+00:00,179.47,180.26,177.16,180.25,27431
2025-07-18 16:00:00+00:00,180.24,182.12,174.78,178.43,46603
2025-07-18 20:00:00+00:00,178.43,179.15,173.11,175.5,37007
2025-07-19 00:00:00+00:00,175.08,177.5,174.66,175.13,15040
2025-07-19 04:00:00+00:00,175.13,177.77,173.87,177.3,17710
2025-07-19 08:00:00+00:00,177.3,177.81,175.44,176.14,16302
2025-07-19 12:00:00+00:00,176.15,177.92,175.72,177.43,20318
2025-07-19 16:00:00+00:00,177.43,177.91,174.81,177.58,24245
2025-07-19 20:00:00+00:00,177.58,178.63,176.15,177.61,18652
2025-07-20 00:00:00+00:00,177.06,177.96,175.06,177.67,20363
2025-07-20 04:00:00+00:00,177.67,179.82,177.0,177.67,28258
2025-07-20 08:00:00+00:00,177.68,180.8,176.96,180.77,18184
2025-07-20 12:00:00+00:00,180.77,182.03,179.39,181.82,26049
2025-07-20 16:00:00+00:00,181.82,183.31,180.07,182.16,29478
2025-07-20 20:00:00+00:00,182.16,183.76,180.26,181.23,26810
2025-07-21 00:00:00+00:00,180.6,182.4,177.8,180.36,33538
2025-07-21 04:00:00+00:00,180.37,187.4,178.31,185.84,31997
2025-07-21 08:00:00+00:00,185.84,192.05,185.08,190.88,32095
2025-07-21 12:00:00+00:00,190.89,193.03,190.05,191.64,34140
2025-07-21 16:00:00+00:00,191.63,199.46,190.31,195.17,41142
2025-07-21 20:00:00+00:00,195.17,197.38,193.03,194.04,32941
2025-07-22 00:00:00+00:00,193.82,199.11,193.82,197.74,22428
2025-07-22 04:00:00+00:00,197.74,204.71,193.74,194.21,48023
2025-07-22 08:00:00+00:00,194.21,201.31,193.85,196.98,39914
2025-07-22 12:00:00+00:00,196.98,203.8,194.35,203.11,42736
2025-07-22 16:00:00+00:00,203.11,205.13,196.94,203.85,50599
2025-07-22 20:00:00+00:00,203.83,203.99,198.34,200.88,44046
2025-07-23 00:00:00+00:00,199.81,206.38,199.8,204.35,25844
2025-07-23 04:00:00+00:00,204.36,204.56,201.03,201.74,26526
2025-07-23 08:00:00+00:00,201.74,202.0,198.63,199.86,22235
2025-07-23 12:00:00+00:00,199.86,200.05,193.6,194.18,24710
2025-07-23 16:00:00+00:00,194.18,194.92,187.21,188.41,45702
2025-07-23 20:00:00+00:00,188.35,190.39,184.38,187.08,40878
2025-07-24 00:00:00+00:00,186.59,191.09,183.98,191.08,26381
2025-07-24 04:00:00+00:00,191.07,191.97,185.3,186.12,24506
2025-07-24 08:00:00+00:00,186.12,186.46,179.11,186.0,42251
2025-07-24 12:00:00+00:00,186.0,186.98,182.94,186.06,33264
2025-07-24 16:00:00+00:00,186.04,191.81,183.39,185.9,46574
2025-07-24 20:00:00+00:00,185.91,190.15,185.77,188.89,23109
2025-07-25 00:00:00+00:00,187.6,188.53,180.52,181.96,31362
2025-07-25 04:00:00+00:00,181.95,183.54,175.47,179.45,40424
2025-07-25 08:00:00+00:00,179.42,179.8,175.85,177.84,36954
2025-07-25 12:00:00+00:00,177.84,182.14,177.28,180.77,37495
2025-07-25 16:00:00+00:00,180.79,181.55,176.19,179.72,35710
2025-07-25 20:00:00+00:00,179.72,184.44,179.41,184.05,20623
2025-07-26 00:00:00+00:00,184.35,186.93,184.34,185.8,12189
2025-07-26 04:00:00+00:00,185.82,186.85,184.44,185.92,17155
2025-07-26 08:00:00+00:00,185.92,188.04,185.62,188.0,14105
2025-07-26 12:00:00+00:00,188.01,189.81,187.25,187.9,16880
2025-07-26 16:00:00+00:00,187.91,188.23,186.04,186.7,15449
2025-07-26 20:00:00+00:00,186.71,186.78,184.81,185.87,9202
2025-07-27 00:00:00+00:00,185.38,186.66,184.23,185.33,9311
2025-07-27 04:00:00+00:00,185.35,187.46,184.98,187.31,8792
2025-07-27 08:00:00+00:00,187.31,188.28,186.17,186.64,16398
2025-07-27 12:00:00+00:00,186.6,188.6,185.41,186.4,20680
2025-07-27 16:00:00+00:00,186.37,189.68,184.85,187.59,27024
2025-07-27 20:00:00+00:00,187.6,188.75,185.86,187.06,26975
2025-07-28 00:00:00+00:00,186.65,191.06,186.36,189.58,25220
2025-07-28 04:00:00+00:00,189.61,193.91,187.5,192.97,26154
2025-07-28 08:00:00+00:00,192.98,195.24,191.12,192.47,19582
2025-07-28 12:00:00+00:00,192.46,193.39,190.42,192.73,17793
2025-07-28 16:00:00+00:00,192.73,192.8,186.1,186.61,34479
2025-07-28 20:00:00+00:00,186.56,187.38,182.52,184.24,24912
2025-07-29 00:00:00+00:00,183.85,185.09,180.89,182.75,24058
2025-07-29 04:00:00+00:00,182.76,184.72,180.52,183.34,23506
2025-07-29 08:00:00+00:00,183.34,186.56,183.14,184.87,16867
2025-07-29 12:00:00+00:00,184.88,185.15,182.13,183.8,19907
2025-07-29 16:00:00+00:00,183.81,184.9,178.17,180.02,30697
2025-07-29 20:00:00+00:00,180.01,182.29,179.37,179.77,20254
2025-07-30 00:00:00+00:00,178.47,181.9,178.47,180.1,16095
2025-07-30 04:00:00+00:00,180.11,182.25,178.7,180.21,16480
2025-07-30 08:00:00+00:00,180.22,182.44,179.23,180.45,18895
2025-07-30 12:00:00+00:00,180.46,180.86,176.29,177.45,30279
2025-07-30 16:00:00+00:00,177.46,180.6,176.56,178.87,27358
2025-07-30 20:00:00+00:00,178.89,179.26,170.0,176.03,26194
2025-07-31 00:00:00+00:00,175.87,179.64,174.6,179.35,18256
2025-07-31 04:00:00+00:00,179.37,180.74,178.72,180.68,13613
2025-07-31 08:00:00+00:00,180.64,182.04,180.21,181.52,8642
2025-07-31 12:00:00+00:00,181.53,182.25,178.58,179.22,16355
2025-07-31 16:00:00+00:00,179.23,179.72,175.13,179.21,37459
2025-07-31 20:00:00+00:00,179.22,179.28,174.12,175.4,34995
2025-08-01 00:00:00+00:00,175.17,175.34,167.31,170.19,35725
2025-08-01 04:00:00+00:00,170.16,172.14,167.81,169.64,38838
2025-08-01 08:00:00+00:00,169.64,170.27,166.04,167.55,38827
2025-08-01 12:00:00+00:00,167.54,170.29,166.95,168.94,33554
2025-08-01 16:00:00+00:00,168.95,169.68,164.24,166.82,41067
2025-08-01 20:00:00+00:00,166.83,167.57,161.56,163.09,37289
2025-08-02 00:00:00+00:00,161.94,164.58,158.97,164.58,19668
2025-08-02 04:00:00+00:00,164.58,165.19,163.64,165.11,5896
2025-08-02 08:00:00+00:00,165.11,165.18,161.68,163.62,24483
2025-08-02 12:00:00+00:00,163.62,165.02,162.11,164.27,29898
2025-08-02 16:00:00+00:00,164.26,164.89,159.96,161.45,39946
2025-08-02 20:00:00+00:00,161.45,162.1,155.56,158.67,41793
2025-08-03 00:00:00+00:00,158.98,159.72,156.04,159.58,32355
2025-08-03 04:00:00+00:00,159.55,161.04,158.95,160.31,20591
2025-08-03 08:00:00+00:00,160.31,161.68,159.83,161.27,14153
2025-08-03 12:00:00+00:00,161.26,162.86,160.56,161.68,17724
2025-08-03 16:00:00+00:00,161.69,162.23,160.11,162.04,23238
2025-08-03 20:00:00+00:00,162.04,162.73,160.59,161.39,21349
2025-08-04 00:00:00+00:00,160.28,164.62,160.27,164.5,24047
2025-08-04 04:00:00+00:00,164.5,164.94,162.02,162.17,23061
2025-08-04 08:00:00+00:00,162.18,164.01,161.18,163.7,21029
2025-08-04 12:00:00+00:00,163.7,164.01,161.51,163.59,22180
2025-08-04 16:00:00+00:00,163.59,168.15,163.13,167.96,37411
2025-08-04 20:00:00+00:00,167.96,169.76,164.86,167.21,15379
2025-08-05 00:00:00+00:00,167.2,169.71,167.2,169.25,10390
2025-08-05 04:00:00+00:00,169.25,169.91,167.05,167.32,13584
2025-08-05 08:00:00+00:00,167.32,169.2,165.48,166.73,25669
2025-08-05 12:00:00+00:00,166.74,171.66,166.67,167.07,30703
2025-08-05 16:00:00+00:00,167.07,168.11,162.68,163.79,47208
2025-08-05 20:00:00+00:00,163.8,164.9,162.16,162.4,38109
2025-08-06 00:00:00+00:00,162.75,164.48,161.07,162.65,23665
2025-08-06 04:00:00+00:00,162.66,163.25,161.06,162.39,27675
2025-08-06 08:00:00+00:00,162.39,164.69,162.07,163.2,25665
2025-08-06 12:00:00+00:00,163.19,164.6,162.51,163.1,22124
2025-08-06 16:00:00+00:00,163.11,169.43,162.94,167.69,41824
2025-08-06 20:00:00+00:00,167.69,169.87,167.1,167.92,10945
2025-08-07 00:00:00+00:00,167.18,168.51,167.14,167.73,11205
2025-08-07 04:00:00+00:00,167.72,168.95,166.63,167.1,17904
2025-08-07 08:00:00+00:00,167.1,170.46,166.87,169.36,19348
2025-08-07 12:00:00+00:00,169.37,173.48,169.02,172.43,26666
2025-08-07 16:00:00+00:00,172.43,172.61,167.02,168.27,29335
2025-08-07 20:00:00+00:00,168.28,173.21,167.94,172.66,25325
2025-08-08 00:00:00+00:00,172.58,175.55,172.53,174.3,31972
2025-08-08 04:00:00+00:00,174.3,175.96,173.44,174.35,35058
2025-08-08 08:00:00+00:00,174.36,177.85,173.78,175.38,24991
2025-08-08 12:00:00+00:00,175.38,177.95,174.99,176.45,23239
2025-08-08 16:00:00+00:00,176.44,179.13,174.07,175.89,44319
2025-08-08 20:00:00+00:00,175.89,179.63,175.5,177.73,32992
2025-08-09 00:00:00+00:00,177.65,178.05,176.57,176.9,13583
2025-08-09 04:00:00+00:00,176.9,179.03,176.66,178.5,19464
2025-08-09 08:00:00+00:00,178.5,182.11,178.14,181.44,24648
2025-08-09 12:00:00+00:00,181.35,183.4,180.33,182.17,29641
2025-08-09 16:00:00+00:00,182.17,182.55,178.77,179.67,35203
2025-08-09 20:00:00+00:00,179.65,183.52,179.61,182.98,28467
2025-08-10 00:00:00+00:00,182.36,183.29,179.72,182.39,24577
2025-08-10 04:00:00+00:00,182.39,186.13,181.59,184.96,36269
2025-08-10 08:00:00+00:00,184.96,185.12,177.46,180.37,33303
2025-08-10 12:00:00+00:00,180.37,181.04,178.65,179.47,28214
2025-08-10 16:00:00+00:00,179.44,182.26,178.41,182.14,31256
2025-08-10 20:00:00+00:00,182.13,183.4,181.2,182.69,20923
2025-08-11 00:00:00+00:00,181.56,183.91,181.38,181.46,28279
2025-08-11 04:00:00+00:00,181.47,186.38,181.22,185.77,36099
2025-08-11 08:00:00+00:00,185.76,186.73,181.93,184.15,29237
2025-08-11 12:00:00+00:00,184.13,184.27,177.64,178.75,36965
2025-08-11 16:00:00+00:00,178.76,181.71,177.15,178.94,38318
2025-08-11 20:00:00+00:00,178.96,179.52,175.44,176.24,26883
2025-08-12 00:00:00+00:00,175.94,176.54,173.39,175.72,12427
2025-08-12 04:00:00+00:00,175.72,176.79,175.0,176.33,6383
2025-08-12 08:00:00+00:00,176.33,176.51,173.59,175.71,6350
2025-08-12 12:00:00+00:00,175.72,178.6,173.62,177.86,12167
2025-08-12 16:00:00+00:00,177.87,185.32,175.81,184.73,32625
2025-08-12 20:00:00+00:00,184.75,191.64,184.58,191.51,36320
2025-08-13 00:00:00+00:00,190.86,194.66,190.36,193.85,20762
2025-08-13 04:00:00+00:00,193.86,200.01,191.8,198.61,29472
2025-08-13 08:00:00+00:00,198.57,198.86,195.11,198.86,32024
2025-08-13 12:00:00+00:00,198.86,202.64,198.84,201.06,29476
2025-08-13 16:00:00+00:00,201.07,204.88,194.47,197.99,44364
2025-08-13 20:00:00+00:00,197.98,202.22,197.76,200.36,26300
2025-08-14 00:00:00+00:00,200.31,203.99,200.06,201.5,26074
2025-08-14 04:00:00+00:00,201.49,209.92,200.54,208.21,31562
2025-08-14 08:00:00+00:00,208.22,209.81,202.4,203.37,40044
2025-08-14 12:00:00+00:00,203.37,205.78,188.83,194.45,34311
2025-08-14 16:00:00+00:00,194.42,198.96,186.56,193.36,53320
2025-08-14 20:00:00+00:00,193.33,195.48,191.3,192.34,29980
2025-08-15 00:00:00+00:00,190.97,194.07,187.28,192.8,22612
2025-08-15 04:00:00+00:00,192.81,195.99,192.15,195.13,20014
2025-08-15 08:00:00+00:00,195.14,198.21,194.58,196.72,17015
2025-08-15 12:00:00+00:00,196.71,197.27,192.33,193.62,19009
2025-08-15 16:00:00+00:00,193.56,194.02,183.4,185.55,49319
2025-08-15 20:00:00+00:00,185.57,186.97,183.38,184.45,25013
2025-08-16 00:00:00+00:00,184.58,188.33,184.05,187.49,25063
2025-08-16 04:00:00+00:00,187.49,188.49,186.54,188.09,22707
2025-08-16 08:00:00+00:00,188.09,189.72,186.13,188.41,21525
2025-08-16 12:00:00+00:00,188.42,188.64,185.24,186.69,21309
2025-08-16 16:00:00+00:00,186.69,189.55,186.63,188.05,20104
2025-08-16 20:00:00+00:00,188.06,189.28,187.15,189.15,9882
2025-08-17 00:00:00+00:00,188.52,190.07,187.91,188.22,14337
2025-08-17 04:00:00+00:00,188.22,193.62,187.38,193.46,22339
2025-08-17 08:00:00+00:00,193.47,193.62,191.35,193.45,16439
2025-08-17 12:00:00+00:00,193.46,193.79,191.57,192.25,21311
2025-08-17 16:00:00+00:00,192.26,195.89,191.9,193.27,20283
2025-08-17 20:00:00+00:00,193.26,193.78,190.52,191.36,18317
2025-08-18 00:00:00+00:00,190.44,193.51,189.64,190.19,22040
2025-08-18 04:00:00+00:00,190.21,190.51,181.63,182.99,34049
2025-08-18 08:00:00+00:00,182.99,183.59,180.25,180.86,29702
2025-08-18 12:00:00+00:00,180.85,183.27,179.99,183.24,24095
2025-08-18 16:00:00+00:00,183.25,184.5,180.52,182.11,38781
2025-08-18 20:00:00+00:00,182.1,185.72,182.01,183.12,31213
2025-08-19 00:00:00+00:00,182.95,185.03,181.18,184.96,20632
2025-08-19 04:00:00+00:00,184.94,185.83,177.33,180.07,28313
2025-08-19 08:00:00+00:00,180.07,180.99,178.99,180.5,18164
2025-08-19 12:00:00+00:00,180.5,182.77,180.41,182.04,24015
2025-08-19 16:00:00+00:00,182.0,183.3,176.7,177.07,37059
2025-08-19 20:00:00+00:00,177.06,178.73,175.57,178.49,20363
2025-08-20 00:00:00+00:00,178.41,179.5,175.78,178.07,28315
2025-08-20 04:00:00+00:00,178.07,181.64,176.86,180.59,23611
2025-08-20 08:00:00+00:00,180.59,182.2,179.75,182.0,12649
2025-08-20 12:00:00+00:00,182.0,182.26,178.19,181.83,18426
2025-08-20 16:00:00+00:00,181.82,185.0,177.43,183.7,46741
2025-08-20 20:00:00+00:00,183.71,188.0,182.56,186.98,25505
2025-08-21 00:00:00+00:00,186.79,189.14,185.58,187.89,16315
2025-08-21 04:00:00+00:00,187.88,190.06,185.49,187.67,27851
2025-08-21 08:00:00+00:00,187.68,188.09,185.54,185.57,20443
2025-08-21 12:00:00+00:00,185.58,185.65,182.65,183.64,25253
2025-08-21 16:00:00+00:00,183.62,186.29,180.68,180.83,41164
2025-08-21 20:00:00+00:00,180.84,182.82,179.26,180.74,24946
2025-08-22 00:00:00+00:00,179.17,181.76,179.17,181.03,16512
2025-08-22 04:00:00+00:00,181.02,183.44,179.93,182.75,20433
2025-08-22 08:00:00+00:00,182.76,184.96,182.28,183.65,19574
2025-08-22 12:00:00+00:00,183.66,183.9,177.1,178.36,22791
2025-08-22 16:00:00+00:00,178.37,197.9134,177.94,194.79,50173
2025-08-22 20:00:00+00:00,194.81,199.67,194.81,198.88,35462
2025-08-23 00:00:00+00:00,201.03,201.03,198.23,198.31,15363
2025-08-23 04:00:00+00:00,198.31,204.68,195.01,204.41,22152
2025-08-23 08:00:00+00:00,204.32,208.35,201.94,203.43,30576
2025-08-23 12:00:00+00:00,203.47,204.45,200.84,201.78,17267
2025-08-23 16:00:00+00:00,201.78,203.63,200.38,203.08,17242
2025-08-23 20:00:00+00:00,203.08,204.46,201.95,203.65,10279
2025-08-24 00:00:00+00:00,203.31,206.67,202.61,205.93,11876
2025-08-24 04:00:00+00:00,205.94,211.74,204.85,210.3,32422
2025-08-24 08:00:00+00:00,210.3,210.49,205.86,207.99,22358
2025-08-24 12:00:00+00:00,207.98,208.86,203.07,204.27,21627
2025-08-24 16:00:00+00:00,204.27,209.21,203.85,206.42,30772
2025-08-24 20:00:00+00:00,206.36,211.81,200.88,203.67,33896
2025-08-25 00:00:00+00:00,202.32,208.1,201.28,203.07,36766
2025-08-25 04:00:00+00:00,203.02,213.44,203.02,207.24,40624
2025-08-25 08:00:00+00:00,207.24,207.93,197.96,199.77,39737
2025-08-25 12:00:00+00:00,199.77,200.09,194.84,197.84,32351
2025-08-25 16:00:00+00:00,197.83,199.32,195.4,196.36,42659
2025-08-25 20:00:00+00:00,196.36,197.8,186.59,187.0,37083
2025-08-26 00:00:00+00:00,185.66,188.5,184.04,186.05,39628
2025-08-26 04:00:00+00:00,186.05,189.2,185.34,187.82,28780
2025-08-26 08:00:00+00:00,187.82,190.31,187.06,188.69,31229
2025-08-26 12:00:00+00:00,188.7,192.1,186.45,190.38,28985
2025-08-26 16:00:00+00:00,190.38,193.69,187.49,193.57,46619
2025-08-26 20:00:00+00:00,193.56,197.73,191.95,196.34,33776
2025-08-27 00:00:00+00:00,194.78,198.09,194.41,194.57,19478
2025-08-27 04:00:00+00:00,194.58,205.65,193.74,205.18,28494
2025-08-27 08:00:00+00:00,205.18,205.32,200.69,203.48,17684
2025-08-27 12:00:00+00:00,203.48,205.57,203.03,204.59,16063
2025-08-27 16:00:00+00:00,204.58,209.38,202.52,207.91,35310
2025-08-27 20:00:00+00:00,207.89,212.03,202.67,208.19,39219
2025-08-28 00:00:00+00:00,206.79,208.65,201.51,203.85,31103
2025-08-28 04:00:00+00:00,203.86,212.47,203.05,212.02,30386
2025-08-28 08:00:00+00:00,211.99,216.36,209.6,214.19,34041
2025-08-28 12:00:00+00:00,214.19,214.29,211.26,213.0,23827
2025-08-28 16:00:00+00:00,213.0,216.85,207.0,207.41,38717
2025-08-28 20:00:00+00:00,207.39,213.63,207.22,213.19,31557
2025-08-29 00:00:00+00:00,213.46,217.89,211.7,214.99,26499
2025-08-29 04:00:00+00:00,215.0,217.83,212.0,216.88,28790
2025-08-29 08:00:00+00:00,216.88,217.01,206.01,206.69,29000
2025-08-29 12:00:00+00:00,206.7,214.41,205.05,211.74,27470
2025-08-29 16:00:00+00:00,211.73,211.83,202.62,204.79,43328
2025-08-29 20:00:00+00:00,204.74,204.82,200.65,201.32,30247
2025-08-30 00:00:00+00:00,203.11,205.42,202.33,204.95,10728
2025-08-30 04:00:00+00:00,204.94,206.6,200.51,204.61,16823
2025-08-30 08:00:00+00:00,204.63,207.01,202.6,202.97,17895
2025-08-30 12:00:00+00:00,202.98,203.3,199.82,200.58,13402
2025-08-30 16:00:00+00:00,200.57,201.64,197.48,200.38,16167
2025-08-30 20:00:00+00:00,200.39,201.58,199.76,200.44,9440
2025-08-31 00:00:00+00:00,200.15,205.94,200.12,205.44,8829
2025-08-31 04:00:00+00:00,205.46,206.6,203.39,204.35,11744
2025-08-31 08:00:00+00:00,204.34,205.78,202.55,205.74,8320
2025-08-31 12:00:00+00:00,205.74,205.77,201.9,203.02,11690
2025-08-31 16:00:00+00:00,203.0,205.05,201.27,204.87,21078
2025-08-31 20:00:00+00:00,204.84,205.76,204.01,204.61,7171
2025-09-01 00:00:00+00:00,203.5,205.56,198.32,200.39,15102
2025-09-01 04:00:00+00:00,200.39,202.4,195.86,197.51,27611
2025-09-01 08:00:00+00:00,197.54,204.57,196.57,203.03,21598
2025-09-01 12:00:00+00:00,203.03,203.71,198.23,199.54,13721
2025-09-01 16:00:00+00:00,199.54,201.11,197.36,198.54,25704
2025-09-01 20:00:00+00:00,198.51,200.08,196.07,197.31,20196
2025-09-02 00:00:00+00:00,196.59,197.93,194.11,197.64,21579
2025-09-02 04:00:00+00:00,197.64,203.28,197.16,202.94,22412
2025-09-02 08:00:00+00:00,202.95,204.39,201.73,203.07,20848
2025-09-02 12:00:00+00:00,203.07,204.44,197.18,197.91,21078
2025-09-02 16:00:00+00:00,197.91,204.94,197.66,201.46,38363
2025-09-02 20:00:00+00:00,201.46,208.2,201.46,206.78,34114
2025-09-03 00:00:00+00:00,206.49,210.38,206.05,207.9,18342
2025-09-03 04:00:00+00:00,207.9,211.96,207.19,210.24,23087
2025-09-03 08:00:00+00:00,210.2,210.76,207.81,209.36,15854
2025-09-03 12:00:00+00:00,209.37,211.39,208.06,209.07,20628
2025-09-03 16:00:00+00:00,209.09,213.0,209.08,209.93,23173
2025-09-03 20:00:00+00:00,209.93,211.57,208.76,209.41,8556
2025-09-04 00:00:00+00:00,208.88,211.99,208.34,211.17,6881
2025-09-04 04:00:00+00:00,211.18,211.19,206.96,207.16,13981
2025-09-04 08:00:00+00:00,207.17,208.18,205.65,207.06,11776
2025-09-04 12:00:00+00:00,207.06,208.81,206.99,208.39,16078
2025-09-04 16:00:00+00:00,208.37,208.49,203.34,204.54,32417
2025-09-04 20:00:00+00:00,204.55,205.15,201.67,202.58,16813
2025-09-05 00:00:00+00:00,202.34,204.77,200.98,201.1,14333
2025-09-05 04:00:00+00:00,201.13,204.26,200.96,204.06,11127
2025-09-05 08:00:00+00:00,204.07,208.41,203.77,205.84,16782
2025-09-05 12:00:00+00:00,205.85,209.67,204.04,209.08,21961
2025-09-05 16:00:00+00:00,209.07,210.04,201.36,203.74,38997
2025-09-05 20:00:00+00:00,203.75,205.58,201.59,205.35,20210
2025-09-06 00:00:00+00:00,203.43,204.44,202.88,203.79,8942
2025-09-06 04:00:00+00:00,203.81,204.59,203.04,203.17,8879
2025-09-06 08:00:00+00:00,203.18,203.48,202.02,203.39,7471
2025-09-06 12:00:00+00:00,203.39,203.39,201.85,202.24,7510
2025-09-06 16:00:00+00:00,202.23,202.63,200.6,201.59,9474
2025-09-06 20:00:00+00:00,201.59,201.77,198.76,200.46,7987
2025-09-07 00:00:00+00:00,200.0,201.33,199.95,201.14,3840
2025-09-07 04:00:00+00:00,201.14,203.22,201.05,203.03,4580
2025-09-07 08:00:00+00:00,203.04,203.88,202.03,203.46,5337
2025-09-07 12:00:00+00:00,203.46,203.93,202.62,203.68,5492
2025-09-07 16:00:00+00:00,203.68,205.48,202.99,203.33,7593
2025-09-07 20:00:00+00:00,203.34,204.56,201.29,204.48,9615
2025-09-08 00:00:00+00:00,203.66,207.91,203.66,205.58,12797
2025-09-08 04:00:00+00:00,205.6,208.89,205.48,207.61,13426
2025-09-08 08:00:00+00:00,207.62,209.17,206.48,208.7,7918
2025-09-08 12:00:00+00:00,208.7,215.59,208.42,214.31,16294
2025-09-08 16:00:00+00:00,214.32,216.64,212.7,214.66,18598
2025-09-08 20:00:00+00:00,214.66,217.05,213.63,214.5,16597
2025-09-09 00:00:00+00:00,214.36,215.72,212.15,213.09,10048
2025-09-09 04:00:00+00:00,213.09,215.61,210.72,214.76,13000
2025-09-09 08:00:00+00:00,214.76,219.42,213.93,218.31,14205
2025-09-09 12:00:00+00:00,218.31,219.17,216.54,217.49,8452
2025-09-09 16:00:00+00:00,217.48,218.52,211.66,214.14,24574
2025-09-09 20:00:00+00:00,214.1,216.87,213.96,216.2,11643
2025-09-10 00:00:00+00:00,214.96,217.83,214.85,215.12,9466
2025-09-10 04:00:00+00:00,215.12,219.45,215.08,218.31,12688
2025-09-10 08:00:00+00:00,218.29,222.8,217.72,220.67,14438
2025-09-10 12:00:00+00:00,220.66,224.71,218.72,223.34,12265
2025-09-10 16:00:00+00:00,223.33,225.95,222.29,223.76,14343
2025-09-10 20:00:00+00:00,223.75,224.09,220.53,222.61,9305
2025-09-11 00:00:00+00:00,221.69,225.45,221.69,225.0,5154
2025-09-11 04:00:00+00:00,225.0,225.63,222.65,223.55,5467
2025-09-11 08:00:00+00:00,223.56,224.0,221.69,223.52,5461
2025-09-11 12:00:00+00:00,223.51,228.58,222.53,226.65,11685
2025-09-11 16:00:00+00:00,226.63,228.96,224.14,225.9,17713
2025-09-11 20:00:00+00:00,225.93,227.77,225.44,225.5,6539
2025-09-12 00:00:00+00:00,225.71,234.99,225.71,232.95,9935
2025-09-12 04:00:00+00:00,232.96,238.1,231.57,237.37,19458
2025-09-12 08:00:00+00:00,237.36,239.8,236.66,237.67,11223
2025-09-12 12:00:00+00:00,237.67,239.5,236.27,238.66,8815
2025-09-12 16:00:00+00:00,238.66,241.77,237.73,238.74,17562
2025-09-12 20:00:00+00:00,238.75,241.63,238.17,239.98,15332
2025-09-13 00:00:00+00:00,240.02,244.01,239.98,243.05,11400
2025-09-13 04:00:00+00:00,243.06,244.05,240.59,243.01,12730
2025-09-13 08:00:00+00:00,243.0,243.35,241.13,243.31,6012
2025-09-13 12:00:00+00:00,243.31,243.66,241.16,242.3,4939
2025-09-13 16:00:00+00:00,242.3,242.95,237.19,237.36,12501
2025-09-13 20:00:00+00:00,237.36,240.13,235.18,240.11,9081
2025-09-14 00:00:00+00:00,240.11,243.87,239.74,243.38,7141
2025-09-14 04:00:00+00:00,243.38,249.64,242.3,245.98,17678
2025-09-14 08:00:00+00:00,245.98,248.35,245.64,246.29,9034
2025-09-14 12:00:00+00:00,246.29,247.95,244.58,245.28,8511
2025-09-14 16:00:00+00:00,245.28,245.8,241.4,245.05,16370
2025-09-14 20:00:00+00:00,245.06,248.34,240.98,242.52,12597
2025-09-15 00:00:00+00:00,242.15,244.56,239.07,240.53,14389
2025-09-15 04:00:00+00:00,240.52,243.31,238.98,242.58,11133
2025-09-15 08:00:00+00:00,242.62,243.78,231.63,231.93,20285
2025-09-15 12:00:00+00:00,231.93,237.96,230.91,234.7,17414
2025-09-15 16:00:00+00:00,234.69,236.9,230.47,231.13,19352
2025-09-15 20:00:00+00:00,231.13,234.43,229.93,234.12,14083
2025-09-16 00:00:00+00:00,233.81,235.16,232.45,233.51,7047
2025-09-16 04:00:00+00:00,233.51,235.56,232.63,234.25,12699
2025-09-16 08:00:00+00:00,234.25,236.7,234.06,235.77,9347
2025-09-16 12:00:00+00:00,235.77,236.05,234.43,235.3,12398
2025-09-16 16:00:00+00:00,235.27,239.06,231.18,238.0,18785
2025-09-16 20:00:00+00:00,238.0,240.68,236.57,238.1,11145
2025-09-17 00:00:00+00:00,237.22,238.84,235.29,235.97,5773
2025-09-17 04:00:00+00:00,235.97,237.27,232.91,233.26,10831
2025-09-17 08:00:00+00:00,233.26,237.84,232.57,235.56,12519
2025-09-17 12:00:00+00:00,235.56,236.06,233.23,234.41,9632
2025-09-17 16:00:00+00:00,234.41,235.71,231.92,233.96,17399
2025-09-17 20:00:00+00:00,233.96,241.33,231.89,237.83,37779
2025-09-18 00:00:00+00:00,235.85,246.64,235.79,244.74,19465
2025-09-18 04:00:00+00:00,244.74,247.76,244.45,246.15,14634
2025-09-18 08:00:00+00:00,246.09,247.19,242.35,246.99,11123
2025-09-18 12:00:00+00:00,246.98,247.07,245.12,245.97,10044
2025-09-18 16:00:00+00:00,245.94,250.15,244.92,249.8,19369
2025-09-18 20:00:00+00:00,249.78,253.42,247.28,248.46,11420
2025-09-19 00:00:00+00:00,247.69,248.61,245.83,248.16,7746
2025-09-19 04:00:00+00:00,248.15,248.55,242.66,245.0,14730
2025-09-19 08:00:00+00:00,244.98,245.71,243.14,243.83,14637
2025-09-19 12:00:00+00:00,243.84,244.34,240.14,240.82,14982
2025-09-19 16:00:00+00:00,240.82,242.73,235.83,238.53,24442
2025-09-19 20:00:00+00:00,238.52,238.59,235.15,237.35,14945
2025-09-20 00:00:00+00:00,238.2,239.78,236.83,239.72,4955
2025-09-20 04:00:00+00:00,239.73,240.04,237.47,238.81,9126
2025-09-20 08:00:00+00:00,238.78,239.85,237.52,237.66,5900
2025-09-20 12:00:00+00:00,237.66,238.5,236.92,237.73,6185
2025-09-20 16:00:00+00:00,237.73,241.28,237.11,240.49,9340
2025-09-20 20:00:00+00:00,240.46,240.64,238.05,239.77,7731
2025-09-21 00:00:00+00:00,238.43,240.77,238.43,240.72,4155
2025-09-21 04:00:00+00:00,240.72,241.91,239.86,240.5,7093
2025-09-21 08:00:00+00:00,240.5,241.15,238.61,238.88,5672
2025-09-21 12:00:00+00:00,238.84,240.12,236.99,239.55,9028
2025-09-21 16:00:00+00:00,239.56,240.35,236.12,237.09,13654
2025-09-21 20:00:00+00:00,237.08,238.2,236.31,237.63,7206
2025-09-22 00:00:00+00:00,236.27,238.16,231.37,232.34,14541
2025-09-22 04:00:00+00:00,232.34,234.8,230.63,231.81,21844
2025-09-22 08:00:00+00:00,231.81,232.07,212.34,221.62,34115
2025-09-22 12:00:00+00:00,221.62,222.89,219.45,222.84,18556
2025-09-22 16:00:00+00:00,222.78,224.0,219.3,219.81,24555
2025-09-22 20:00:00+00:00,219.8,221.51,216.39,219.47,25838
2025-09-23 00:00:00+00:00,218.44,221.54,218.43,219.81,8930
2025-09-23 04:00:00+00:00,219.83,220.04,212.42,215.88,24901
2025-09-23 08:00:00+00:00,215.89,220.44,214.68,220.18,22617
2025-09-23 12:00:00+00:00,220.16,220.97,217.86,219.93,12443
2025-09-23 16:00:00+00:00,219.91,221.68,217.02,220.47,26686
2025-09-23 20:00:00+00:00,220.46,220.68,213.21,215.12,26253
2025-09-24 00:00:00+00:00,213.82,216.6,213.15,213.43,11234
2025-09-24 04:00:00+00:00,213.45,216.42,204.59,207.99,29894
2025-09-24 08:00:00+00:00,207.93,211.26,207.77,210.74,17690
2025-09-24 12:00:00+00:00,210.74,213.29,209.64,211.88,17084
2025-09-24 16:00:00+00:00,211.87,216.28,211.4,213.82,28834
2025-09-24 20:00:00+00:00,213.825,215.47,210.575,212.13,17034
2025-09-25 00:00:00+00:00,210.88,212.595,210.18,210.655,15497
2025-09-25 04:00:00+00:00,210.64,211.85,202.45,204.195,39354
2025-09-25 08:00:00+00:00,204.19,205.895,203.025,204.34,27469
2025-09-25 12:00:00+00:00,204.34,205.935,196.69,198.52,28040
2025-09-25 16:00:00+00:00,198.52,204.06,197.27,198.695,41722
2025-09-25 20:00:00+00:00,198.695,200.91,193.58,195.85,34881
2025-09-26 00:00:00+00:00,195.89,197.6,191.25,195.775,19219
2025-09-26 04:00:00+00:00,195.78,197.6,195.16,195.82,22581
2025-09-26 08:00:00+00:00,195.78,197.35,193.76,196.06,25752
2025-09-26 12:00:00+00:00,196.06,198.21,190.83,196.715,33276
2025-09-26 16:00:00+00:00,196.73,200.335,193.315,199.67,44802
2025-09-26 20:00:00+00:00,199.67,202.775,198.615,200.02,29844
2025-09-27 00:00:00+00:00,202.205,205.53,201.84,205.21,11882
2025-09-27 04:00:00+00:00,205.19,205.48,203.25,203.685,15475
2025-09-27 08:00:00+00:00,203.69,203.71,200.855,200.935,13543
2025-09-27 12:00:00+00:00,200.935,202.99,199.84,202.48,15294
2025-09-27 16:00:00+00:00,202.49,203.79,201.77,202.925,13541
2025-09-27 20:00:00+00:00,202.94,203.0,200.89,202.49,13223
2025-09-28 00:00:00+00:00,202.04,204.925,202.04,202.995,10812
2025-09-28 04:00:00+00:00,202.995,203.235,200.71,201.935,12899
2025-09-28 08:00:00+00:00,201.935,202.76,200.375,201.84,9933
2025-09-28 12:00:00+00:00,201.845,202.095,197.94,198.42,16762
2025-09-28 16:00:00+00:00,198.415,204.7,198.28,204.0,19247
2025-09-28 20:00:00+00:00,203.99,207.78,203.88,206.91,13354
2025-09-29 00:00:00+00:00,206.645,210.98,206.47,209.24,18328
2025-09-29 04:00:00+00:00,209.22,210.83,208.7,210.03,19860
2025-09-29 08:00:00+00:00,210.04,210.17,207.365,208.91,19562
2025-09-29 12:00:00+00:00,208.91,209.18,205.22,205.475,19036
2025-09-29 16:00:00+00:00,205.405,213.58,204.595,208.825,41556
2025-09-29 20:00:00+00:00,208.83,214.61,207.725,214.22,23819
2025-09-30 00:00:00+00:00,214.35,214.86,211.305,211.39,13655
2025-09-30 04:00:00+00:00,211.39,213.075,209.925,210.23,23199
2025-09-30 08:00:00+00:00,210.175,210.98,207.705,207.81,16164
2025-09-30 12:00:00+00:00,207.82,207.98,205.51,206.195,16779
2025-09-30 16:00:00+00:00,206.175,209.605,204.225,205.055,35813
2025-09-30 20:00:00+00:00,205.055,210.2,204.64,209.77,22969
2025-10-01 00:00:00+00:00,210.085,210.935,206.275,207.44,16243
2025-10-01 04:00:00+00:00,207.44,210.85,206.305,208.48,20267
2025-10-01 08:00:00+00:00,208.48,217.355,207.745,216.57,24566
2025-10-01 12:00:00+00:00,216.57,219.475,215.775,218.545,23850
2025-10-01 16:00:00+00:00,218.525,221.055,218.295,219.19,31203
2025-10-01 20:00:00+00:00,219.14,220.53,216.735,219.285,11399
2025-10-02 00:00:00+00:00,218.905,222.77,218.27,219.91,15571
2025-10-02 04:00:00+00:00,219.87,225.075,219.54,223.85,23181
2025-10-02 08:00:00+00:00,223.82,226.66,222.44,224.76,19482
2025-10-02 12:00:00+00:00,224.76,227.49,224.06,227.345,18315
2025-10-02 16:00:00+00:00,227.345,229.375,222.44,228.125,36461
2025-10-02 20:00:00+00:00,228.115,233.96,227.475,232.505,28680
2025-10-03 00:00:00+00:00,232.565,234.99,231.91,231.93,15366
2025-10-03 04:00:00+00:00,231.925,234.935,230.545,232.08,16707
2025-10-03 08:00:00+00:00,232.095,232.28,227.785,231.155,20435
2025-10-03 12:00:00+00:00,231.165,231.89,229.63,230.22,17298
2025-10-03 16:00:00+00:00,230.225,237.05,227.2,233.795,39571
2025-10-03 20:00:00+00:00,233.785,235.6,228.235,232.715,37375
2025-10-04 00:00:00+00:00,232.305,234.03,231.505,232.06,10859
2025-10-04 04:00:00+00:00,232.065,232.225,227.89,229.72,20621
2025-10-04 08:00:00+00:00,229.72,230.69,228.05,228.96,13287
2025-10-04 12:00:00+00:00,228.95,230.025,227.875,228.22,11461
2025-10-04 16:00:00+00:00,228.22,229.935,223.91,225.695,22053
2025-10-04 20:00:00+00:00,225.7,228.01,225.48,227.38,10968
2025-10-05 00:00:00+00:00,227.46,228.295,226.5,226.85,8360
2025-10-05 04:00:00+00:00,226.86,234.98,226.585,233.6,26785
2025-10-05 08:00:00+00:00,233.6,237.05,233.28,235.07,26879
2025-10-05 12:00:00+00:00,235.07,235.76,230.63,231.32,30530
2025-10-05 16:00:00+00:00,231.32,232.01,228.31,231.02,20290
2025-10-05 20:00:00+00:00,231.02,231.4,226.54,228.265,20805
2025-10-06 00:00:00+00:00,227.775,230.325,227.035,228.685,19447
2025-10-06 04:00:00+00:00,228.685,233.32,227.74,230.71,24414
2025-10-06 08:00:00+00:00,230.71,234.76,230.175,233.6,16210
2025-10-06 12:00:00+00:00,233.61,234.515,231.72,234.11,15761
2025-10-06 16:00:00+00:00,234.115,236.765,232.65,235.75,38021
2025-10-06 20:00:00+00:00,235.74,237.895,233.28,233.965,22162
2025-10-07 00:00:00+00:00,233.01,235.12,231.23,232.535,14360
2025-10-07 04:00:00+00:00,232.55,235.315,231.025,234.92,16853
2025-10-07 08:00:00+00:00,234.93,235.145,228.235,230.08,28571
2025-10-07 12:00:00+00:00,230.09,231.74,229.345,231.66,16999
2025-10-07 16:00:00+00:00,231.65,231.79,221.105,224.44,34274
2025-10-07 20:00:00+00:00,224.43,224.875,220.645,223.83,26287
2025-10-08 00:00:00+00:00,223.035,224.315,217.655,221.0,20166
2025-10-08 04:00:00+00:00,220.985,222.8,217.31,220.445,17766
2025-10-08 08:00:00+00:00,220.45,222.67,218.34,221.66,13335
2025-10-08 12:00:00+00:00,221.67,222.6,220.595,222.31,17160
2025-10-08 16:00:00+00:00,222.32,224.165,218.895,223.57,35561
2025-10-08 20:00:00+00:00,223.57,229.65,223.36,227.545,30667
2025-10-09 00:00:00+00:00,227.58,229.625,226.86,228.28,10827
2025-10-09 04:00:00+00:00,228.245,228.69,223.8,227.43,25454
2025-10-09 08:00:00+00:00,227.41,228.685,219.31,219.92,29792
2025-10-09 12:00:00+00:00,219.92,226.36,219.785,226.04,24309
2025-10-09 16:00:00+00:00,225.93,226.25,216.605,217.255,31037
2025-10-09 20:00:00+00:00,217.255,219.44,216.835,218.37,14611
2025-10-10 00:00:00+00:00,218.785,221.975,218.445,221.23,9914
2025-10-10 04:00:00+00:00,221.23,222.915,219.485,221.18,18872
2025-10-10 08:00:00+00:00,221.18,222.45,217.315,219.99,24543
2025-10-10 12:00:00+00:00,219.985,221.8,218.67,221.76,19463
2025-10-10 16:00:00+00:00,221.78,224.45,208.865,211.2,49768
2025-10-10 20:00:00+00:00,211.21,211.52,202.86,203.82,47886
2025-10-11 00:00:00+00:00,192.7035,198.9405,183.74,188.04,29934
2025-10-11 04:00:00+00:00,188.04,191.085,182.34,186.26,38360
2025-10-11 08:00:00+00:00,186.27,187.45,179.98,186.71,30306
2025-10-11 12:00:00+00:00,186.71,188.32,181.635,183.125,16694
2025-10-11 16:00:00+00:00,183.125,185.115,180.585,182.755,47530
2025-10-11 20:00:00+00:00,182.725,184.82,174.04,175.29,44677
2025-10-12 00:00:00+00:00,173.02,178.86,172.53,173.365,32824
2025-10-12 04:00:00+00:00,173.355,180.92,173.18,180.155,23066
2025-10-12 08:00:00+00:00,180.155,182.99,179.56,181.725,18351
2025-10-12 12:00:00+00:00,181.735,183.15,180.305,181.58,16225
2025-10-12 16:00:00+00:00,181.6,195.51,178.18,193.85,21193
2025-10-12 20:00:00+00:00,193.85,198.93,191.775,196.31,12248
2025-10-13 00:00:00+00:00,196.37,199.27,192.82,197.385,21764
2025-10-13 04:00:00+00:00,197.385,200.025,194.265,196.275,15984
2025-10-13 08:00:00+00:00,196.265,199.56,193.02,198.305,14937
2025-10-13 12:00:00+00:00,198.285,198.295,190.015,191.905,32277
2025-10-13 16:00:00+00:00,191.865,200.46,191.36,200.19,49382
2025-10-13 20:00:00+00:00,200.16,208.845,200.16,208.78,29900
2025-10-14 00:00:00+00:00,208.07,211.41,205.135,209.525,16495
2025-10-14 04:00:00+00:00,209.525,210.3,201.14,202.21,32477
2025-10-14 08:00:00+00:00,202.22,203.94,192.065,196.4926,44706
2025-10-14 12:00:00+00:00,196.4836,197.8365,191.3554,193.6302,68099
2025-10-14 16:00:00+00:00,193.6282,206.26,191.81,202.67,73572
2025-10-14 20:00:00+00:00,202.67,204.7,197.145,200.52,49595
2025-10-15 00:00:00+00:00,200.175,204.14,198.25,204.0,27045
2025-10-15 04:00:00+00:00,204.0,205.92,200.55,203.57,41256
2025-10-15 08:00:00+00:00,203.57,208.99,202.035,206.2,46585
2025-10-15 12:00:00+00:00,206.22,207.49,201.69,203.175,40866
2025-10-15 16:00:00+00:00,203.175,205.01,196.245,197.435,58175
2025-10-15 20:00:00+00:00,197.435,198.42,192.25,194.345,38060
2025-10-16 00:00:00+00:00,193.89,195.385,191.995,193.965,26836
2025-10-16 04:00:00+00:00,193.935,196.26,192.385,192.545,34464
2025-10-16 08:00:00+00:00,192.545,195.595,191.335,192.495,39502
2025-10-16 12:00:00+00:00,192.495,198.065,186.475,197.0,49148
2025-10-16 16:00:00+00:00,197.0,198.405,186.345,192.3,65311
2025-10-16 20:00:00+00:00,192.27,192.35,181.94,183.05,60950
2025-10-17 00:00:00+00:00,183.47,186.275,182.685,186.045,28925
2025-10-17 04:00:00+00:00,186.055,187.365,184.53,186.915,30426
2025-10-17 08:00:00+00:00,186.925,187.35,175.265,175.455,57057
2025-10-17 12:00:00+00:00,175.455,182.545,173.985,179.9,55180
2025-10-17 16:00:00+00:00,179.9,185.015,176.2,182.33,57396
2025-10-17 20:00:00+00:00,182.33,185.41,181.38,183.7,39425
2025-10-18 00:00:00+00:00,185.14,185.84,181.68,182.85,16049
2025-10-18 04:00:00+00:00,182.87,185.525,182.61,183.435,23560
2025-10-18 08:00:00+00:00,183.445,188.33,183.415,185.93,29203
2025-10-18 12:00:00+00:00,185.93,187.435,184.405,186.105,25670
2025-10-18 16:00:00+00:00,186.11,186.265,183.3,184.28,32788
2025-10-18 20:00:00+00:00,184.28,187.74,183.79,186.905,22163
2025-10-19 00:00:00+00:00,186.74,187.93,185.325,185.82,11807
2025-10-19 04:00:00+00:00,185.82,187.16,184.92,186.875,17588
2025-10-19 08:00:00+00:00,186.875,187.7,183.73,184.125,28503
2025-10-19 12:00:00+00:00,184.105,190.06,183.14,188.745,42020
2025-10-19 16:00:00+00:00,188.745,191.83,188.3,190.945,21049
2025-10-19 20:00:00+00:00,190.945,192.34,188.315,189.75,18538
2025-10-20 00:00:00+00:00,186.25,190.15,183.77,185.6,22715
2025-10-20 04:00:00+00:00,185.605,192.55,184.16,192.23,37154
2025-10-20 08:00:00+00:00,192.24,194.53,191.615,192.985,32192
2025-10-20 12:00:00+00:00,192.985,193.74,190.975,192.77,29636
2025-10-20 16:00:00+00:00,192.775,192.965,186.675,187.52,41984
2025-10-20 20:00:00+00:00,187.545,190.43,185.535,190.26,30557
2025-10-21 00:00:00+00:00,190.39,191.2,188.665,189.015,11713
2025-10-21 04:00:00+00:00,189.015,189.345,183.165,183.75,23680
2025-10-21 08:00:00+00:00,183.75,185.235,182.675,184.27,26189
2025-10-21 12:00:00+00:00,184.27,187.786,183.74,186.524,43372
2025-10-21 16:00:00+00:00,186.4485,197.8075,183.944,192.601,83924
2025-10-21 20:00:00+00:00,192.614,195.53,190.8215,191.7085,74203
2025-10-22 00:00:00+00:00,190.777,191.7765,184.163,185.7205,64035
2025-10-22 04:00:00+00:00,185.7125,187.457,184.517,185.913,58436
2025-10-22 08:00:00+00:00,185.922,185.992,183.3335,184.779,55322
2025-10-22 12:00:00+00:00,184.753,186.978,181.9025,185.875,68974
2025-10-22 16:00:00+00:00,185.857,186.908,181.278,183.607,85935
2025-10-22 20:00:00+00:00,183.6055,184.228,176.95,179.802,77781
2025-10-23 00:00:00+00:00,179.3145,181.162,177.0285,181.0365,62417
2025-10-23 04:00:00+00:00,181.037,184.319,180.6345,184.066,50503
2025-10-23 08:00:00+00:00,184.0605,188.7615,183.8505,188.0275,57273
2025-10-23 12:00:00+00:00,188.0255,189.5045,186.611,189.31,64189
2025-10-23 16:00:00+00:00,189.343,192.5545,188.106,191.9435,80257
2025-10-23 20:00:00+00:00,191.9455,193.5045,188.345,188.66,59990
2025-10-24 00:00:00+00:00,185.9785,193.8445,185.9785,192.573,39280
2025-10-24 04:00:00+00:00,192.5605,194.628,190.8675,193.5275,59287
2025-10-24 08:00:00+00:00,193.5275,193.933,191.475,193.0025,53135
2025-10-24 12:00:00+00:00,192.9975,196.647,190.642,193.726,50890
2025-10-24 16:00:00+00:00,193.7235,194.319,188.793,190.6955,65098
2025-10-24 20:00:00+00:00,190.697,194.147,190.4085,193.428,48394
2025-10-25 00:00:00+00:00,193.455,194.092,192.429,192.9855,24100
2025-10-25 04:00:00+00:00,192.9835,194.5215,192.867,194.2325,38263
2025-10-25 08:00:00+00:00,194.2225,195.2775,193.479,194.887,37484
2025-10-25 12:00:00+00:00,194.867,194.924,191.229,193.6625,40070
2025-10-25 16:00:00+00:00,193.9545,193.9545,191.439,191.9555,45554
2025-10-25 20:00:00+00:00,191.9515,194.9,191.8425,194.2455,34664
2025-10-26 00:00:00+00:00,190.824,194.7935,190.824,193.344,28930
2025-10-26 04:00:00+00:00,193.343,193.7745,191.926,192.928,43530
2025-10-26 08:00:00+00:00,192.928,194.4145,192.7715,194.3185,28997
2025-10-26 12:00:00+00:00,194.321,198.4205,193.932,198.0135,63037
2025-10-26 16:00:00+00:00,198.0135,199.809,197.51,198.757,61194
2025-10-26 20:00:00+00:00,198.7565,199.6995,197.485,197.565,46161
2025-10-27 00:00:00+00:00,193.986,203.4695,193.986,203.1695,50662
2025-10-27 04:00:00+00:00,203.1635,204.994,202.696,203.9765,45477
2025-10-27 08:00:00+00:00,203.9715,205.269,199.887,200.4045,54785
2025-10-27 12:00:00+00:00,200.41,200.9455,198.033,199.4615,51081
2025-10-27 16:00:00+00:00,199.4435,203.0705,198.219,202.412,66680
2025-10-27 20:00:00+00:00,202.412,203.274,198.6605,198.962,54692
2025-10-28 00:00:00+00:00,195.569,200.284,195.5685,199.675,46489
2025-10-28 04:00:00+00:00,199.6775,202.1565,199.411,201.126,58119
2025-10-28 08:00:00+00:00,201.1295,203.902,198.5995,203.336,54327
2025-10-28 12:00:00+00:00,203.336,203.713,198.205,200.214,59000
2025-10-28 16:00:00+00:00,200.212,203.02,196.6205,199.7945,76532
2025-10-28 20:00:00+00:00,199.7945,201.3305,192.04,192.7695,66513
2025-10-29 00:00:00+00:00,192.905,195.161,190.0935,193.8215,49374
2025-10-29 04:00:00+00:00,193.8215,195.0565,192.738,194.553,44473
2025-10-29 08:00:00+00:00,194.5725,196.0195,194.009,194.505,47494
2025-10-29 12:00:00+00:00,194.5065,199.9165,193.7675,199.906,53664
2025-10-29 16:00:00+00:00,199.8985,201.737,194.728,195.3105,76835
2025-10-29 20:00:00+00:00,195.2875,198.7705,189.1125,195.4605,81013
2025-10-30 00:00:00+00:00,191.8345,197.0545,191.8345,194.6955,45885
2025-10-30 04:00:00+00:00,194.734,198.1795,190.2985,191.8355,69182
2025-10-30 08:00:00+00:00,191.8075,196.2105,191.37,195.3365,67159
2025-10-30 12:00:00+00:00,195.344,195.4275,186.3065,187.7745,71135
2025-10-30 16:00:00+00:00,187.7705,188.7265,183.876,185.2835,82244
2025-10-30 20:00:00+00:00,185.2725,185.3245,178.5275,182.1825,78585
2025-10-31 00:00:00+00:00,178.5985,186.5385,178.5985,185.4585,48180
2025-10-31 04:00:00+00:00,185.445,187.01,183.638,186.5595,64628
2025-10-31 08:00:00+00:00,186.5545,186.5545,184.48,186.451,54093
2025-10-31 12:00:00+00:00,186.447,189.3285,185.9515,186.4625,54020
2025-10-31 16:00:00+00:00,186.4625,190.139,184.4505,184.836,76611
2025-10-31 20:00:00+00:00,184.836,188.892,184.162,186.6,64661
2025-11-01 00:00:00+00:00,186.968,187.7515,185.859,186.9605,31980
2025-11-01 04:00:00+00:00,186.9605,187.4,185.334,186.8935,48021
2025-11-01 08:00:00+00:00,186.8935,186.969,184.8345,186.3925,42161
2025-11-01 12:00:00+00:00,186.3885,186.559,185.142,186.268,45189
2025-11-01 16:00:00+00:00,186.2515,187.0645,183.674,186.39,47152
2025-11-01 20:00:00+00:00,186.389,186.837,184.7885,186.4375,31665
2025-11-02 00:00:00+00:00,186.21,186.4715,184.8095,184.9505,29001
2025-11-02 04:00:00+00:00,184.9515,187.884,184.5415,187.623,41585
2025-11-02 08:00:00+00:00,187.6675,188.272,185.6785,185.803,43068
2025-11-02 12:00:00+00:00,185.798,186.4575,183.7925,185.03,54932
2025-11-02 16:00:00+00:00,184.9535,185.281,181.838,184.325,61641
2025-11-02 20:00:00+00:00,184.307,185.9285,182.9545,185.4485,31079
2025-11-03 00:00:00+00:00,184.821,189.0205,184.1745,185.4715,45967
2025-11-03 04:00:00+00:00,185.4715,185.8995,175.809,176.6995,74097
2025-11-03 08:00:00+00:00,176.695,177.1655,173.2815,174.901,68712
2025-11-03 12:00:00+00:00,174.875,176.572,173.5985,175.8125,58978
2025-11-03 16:00:00+00:00,175.7995,176.9585,164.5585,169.8745,81802
2025-11-03 20:00:00+00:00,169.8745,170.108,163.103,165.687,73489
2025-11-04 00:00:00+00:00,165.2345,168.2855,163.969,167.726,57007
2025-11-04 04:00:00+00:00,167.723,168.31,156.9985,157.5565,68914
2025-11-04 08:00:00+00:00,157.5505,161.142,155.7335,160.248,81028
2025-11-04 12:00:00+00:00,160.248,162.4905,159.802,161.147,78459
2025-11-04 16:00:00+00:00,161.147,165.213,152.8565,156.008,83454
2025-11-04 20:00:00+00:00,156.008,157.3055,145.72,150.738,87200
2025-11-05 00:00:00+00:00,151.1325,155.8265,147.186,152.543,68619
2025-11-05 04:00:00+00:00,152.543,158.4635,152.523,157.474,78062
2025-11-05 08:00:00+00:00,157.4335,158.123,153.5915,157.006,71237
2025-11-05 12:00:00+00:00,156.9915,159.881,154.637,159.4145,69401
2025-11-05 16:00:00+00:00,159.4125,162.4795,156.839,162.017,79396
2025-11-05 20:00:00+00:00,162.002,163.9625,161.03,161.9795,65184
2025-11-06 00:00:00+00:00,161.091,163.031,159.6385,160.7875,47533
2025-11-06 04:00:00+00:00,160.775,162.882,158.801,159.3135,69599
2025-11-06 08:00:00+00:00,159.31,159.9805,158.1765,158.739,64424
2025-11-06 12:00:00+00:00,158.739,161.2425,157.0375,160.571,66385
2025-11-06 16:00:00+00:00,160.5595,161.452,153.5615,157.1345,85881
2025-11-06 20:00:00+00:00,157.128,158.552,154.5005,156.42,77062
2025-11-07 00:00:00+00:00,153.717,157.1465,153.309,156.909,61596
2025-11-07 04:00:00+00:00,156.9015,158.508,155.1695,158.0325,69801
2025-11-07 08:00:00+00:00,158.0325,158.207,154.033,154.626,63739
2025-11-07 12:00:00+00:00,154.6365,155.657,150.7615,152.1655,81372
2025-11-07 16:00:00+00:00,152.1685,161.419,149.6085,161.056,88430
2025-11-07 20:00:00+00:00,161.0535,164.368,160.777,163.2525,70906
2025-11-08 00:00:00+00:00,162.767,163.34,160.478,161.9055,31484
2025-11-08 04:00:00+00:00,161.9055,164.775,160.883,161.263,64633
2025-11-08 08:00:00+00:00,161.2655,162.227,159.3845,161.006,65765
2025-11-08 12:00:00+00:00,161.0005,161.117,157.966,158.09,60583
2025-11-08 16:00:00+00:00,158.09,158.41,155.743,157.523,69015
2025-11-08 20:00:00+00:00,157.523,158.231,156.144,157.909,41526
2025-11-09 00:00:00+00:00,157.413,158.3865,156.501,158.1145,33260
2025-11-09 04:00:00+00:00,158.114,158.2605,155.107,158.009,64009
2025-11-09 08:00:00+00:00,158.009,159.883,157.7715,158.2305,53628
2025-11-09 12:00:00+00:00,158.2405,160.4915,157.213,160.0245,66537
2025-11-09 16:00:00+00:00,160.0245,163.919,159.2435,161.7455,73523
2025-11-09 20:00:00+00:00,161.7265,166.275,161.275,164.9055,55964
2025-11-10 00:00:00+00:00,161.853,168.3075,161.853,167.045,63482
2025-11-10 04:00:00+00:00,167.0245,168.8975,166.3215,167.5255,70751
2025-11-10 08:00:00+00:00,167.5205,169.756,166.0745,169.411,65001
2025-11-10 12:00:00+00:00,169.411,170.4205,166.8725,169.697,58099
2025-11-10 16:00:00+00:00,169.697,169.7225,165.036,167.712,75436
2025-11-10 20:00:00+00:00,167.736,168.347,164.7025,165.316,59568
2025-11-11 00:00:00+00:00,162.7115,170.937,162.7115,167.34,49599
2025-11-11 04:00:00+00:00,167.3435,171.866,164.9245,165.0975,77462
2025-11-11 08:00:00+00:00,165.0845,165.2235,163.03,163.9355,67411
2025-11-11 12:00:00+00:00,163.9335,164.5045,162.3285,162.7915,65766
2025-11-11 16:00:00+00:00,162.7915,163.1795,158.0805,159.3725,74817
2025-11-11 20:00:00+00:00,159.403,159.6965,155.553,156.1945,66847
2025-11-12 00:00:00+00:00,155.9795,157.191,153.453,155.317,54250
2025-11-12 04:00:00+00:00,155.317,156.014,153.652,155.436,50398
2025-11-12 08:00:00+00:00,155.434,158.8895,154.7725,158.0475,55525
2025-11-12 12:00:00+00:00,158.0435,161.0665,157.9645,160.499,59775
2025-11-12 16:00:00+00:00,160.4895,161.0255,152.085,153.243,73077
2025-11-12 20:00:00+00:00,153.2565,154.5925,151.077,154.004,60891
2025-11-13 00:00:00+00:00,151.364,154.337,151.364,152.642,44147
2025-11-13 04:00:00+00:00,152.642,156.7265,150.299,156.034,56888
2025-11-13 08:00:00+00:00,156.034,157.148,153.761,154.934,62400
2025-11-13 12:00:00+00:00,154.9365,156.9635,153.5595,153.725,48485
2025-11-13 16:00:00+00:00,153.725,156.5405,146.5385,146.904,76810
2025-11-13 20:00:00+00:00,146.8805,147.5345,140.8695,142.2595,77904
2025-11-14 00:00:00+00:00,139.412,146.102,139.412,143.5455,62014
2025-11-14 04:00:00+00:00,143.5415,145.5245,138.5215,143.036,54192
2025-11-14 08:00:00+00:00,143.0385,144.3045,139.8085,140.8085,69821
2025-11-14 12:00:00+00:00,140.804,142.7755,135.5505,138.7885,79387
2025-11-14 16:00:00+00:00,138.7885,144.1185,137.335,141.2745,82996
2025-11-14 20:00:00+00:00,141.288,143.4795,138.9305,140.2865,71510
2025-11-15 00:00:00+00:00,141.059,142.179,137.004,141.871,44796
2025-11-15 04:00:00+00:00,141.871,143.1995,141.4575,142.742,45678
2025-11-15 08:00:00+00:00,142.742,143.4865,140.3965,140.8565,40670
2025-11-15 12:00:00+00:00,140.848,141.874,139.847,141.571,43178
2025-11-15 16:00:00+00:00,141.57,144.585,140.646,143.3265,48979
2025-11-15 20:00:00+00:00,143.3135,143.3265,138.4755,138.912,45681
2025-11-16 00:00:00+00:00,135.129,140.1045,135.129,138.675,42449
2025-11-16 04:00:00+00:00,138.672,142.118,138.324,141.3385,48432
2025-11-16 08:00:00+00:00,141.3615,143.248,141.1165,143.1835,38228
2025-11-16 12:00:00+00:00,143.17,143.237,138.74,139.388,45707
2025-11-16 16:00:00+00:00,139.388,140.777,134.279,135.697,57765
2025-11-16 20:00:00+00:00,135.706,138.4085,135.1365,136.322,67373
2025-11-17 00:00:00+00:00,135.1825,139.384,134.6345,138.147,62663
2025-11-17 04:00:00+00:00,138.147,140.719,137.839,140.497,44712
2025-11-17 08:00:00+00:00,140.497,142.4525,140.006,141.8655,45595
2025-11-17 12:00:00+00:00,141.866,142.65,136.966,137.895,48436
2025-11-17 16:00:00+00:00,137.895,143.027,131.5855,131.889,84798
2025-11-17 20:00:00+00:00,131.8545,133.003,128.5965,130.516,76276
2025-11-18 00:00:00+00:00,128.241,132.228,128.241,131.823,47673
2025-11-18 04:00:00+00:00,131.7415,136.513,130.2355,135.737,74678
2025-11-18 08:00:00+00:00,135.737,138.1055,134.7685,137.6915,69146
2025-11-18 12:00:00+00:00,137.669,138.9635,136.566,138.132,62517
2025-11-18 16:00:00+00:00,138.133,141.975,136.975,139.961,81679
2025-11-18 20:00:00+00:00,139.9615,142.026,139.5755,139.6925,57947
2025-11-19 00:00:00+00:00,137.1315,141.764,137.1315,140.2905,41247
2025-11-19 04:00:00+00:00,140.2785,142.7265,136.9465,137.8675,66428
2025-11-19 08:00:00+00:00,137.863,141.002,137.4625,139.554,67353
2025-11-19 12:00:00+00:00,139.5615,140.202,136.5085,136.572,59299
2025-11-19 16:00:00+00:00,136.572,138.973,131.133,132.0645,83058
2025-11-19 20:00:00+00:00,132.0665,135.8415,130.3055,135.4015,66993
2025-11-20 00:00:00+00:00,134.639,139.72,134.028,139.552,45032
2025-11-20 04:00:00+00:00,139.5325,144.5995,139.251,143.938,63355
2025-11-20 08:00:00+00:00,143.9435,144.1645,141.2095,141.867,63053
2025-11-20 12:00:00+00:00,141.8605,143.1395,140.3215,140.5345,54812
2025-11-20 16:00:00+00:00,140.5185,141.3195,130.9345,132.6465,86236
2025-11-20 20:00:00+00:00,132.6425,135.0745,131.443,133.849,80022
2025-11-21 00:00:00+00:00,131.822,136.446,131.822,134.042,59502
2025-11-21 04:00:00+00:00,134.042,134.4825,130.221,131.938,72070
2025-11-21 08:00:00+00:00,131.9375,132.2025,121.518,125.256,72316
2025-11-21 12:00:00+00:00,125.256,128.157,121.3985,127.0725,71936
2025-11-21 16:00:00+00:00,127.0495,130.458,123.358,129.092,82780
2025-11-21 20:00:00+00:00,129.0845,130.2505,125.8515,128.904,76751
2025-11-22 00:00:00+00:00,127.0605,129.8065,124.936,129.34,39964
2025-11-22 04:00:00+00:00,129.3445,129.509,125.2605,126.1245,64295
2025-11-22 08:00:00+00:00,126.14,128.2705,125.2405,126.3545,59404
2025-11-22 12:00:00+00:00,126.3385,127.3635,124.9885,125.5725,50710
2025-11-22 16:00:00+00:00,126.3745,128.5025,125.957,127.4885,54338
2025-11-22 20:00:00+00:00,127.4785,127.967,125.973,126.505,62156
2025-11-23 00:00:00+00:00,125.9865,129.7605,125.9865,129.3205,43906
2025-11-23 04:00:00+00:00,129.3185,131.8615,128.982,130.4735,56687
2025-11-23 08:00:00+00:00,130.4735,130.8515,128.018,129.988,50543
2025-11-23 12:00:00+00:00,129.9875,131.65,128.8695,131.495,34222
2025-11-23 16:00:00+00:00,131.49,133.3275,130.312,131.3,51518
2025-11-23 20:00:00+00:00,131.2845,133.4475,131.2625,133.157,48444
2025-11-24 00:00:00+00:00,132.271,132.9625,129.2015,131.4175,55976
2025-11-24 04:00:00+00:00,131.4185,134.3275,130.504,132.8445,70699
2025-11-24 08:00:00+00:00,132.8445,132.933,128.2925,128.8015,71649
2025-11-24 12:00:00+00:00,128.796,130.505,128.623,129.6335,64725
2025-11-24 16:00:00+00:00,129.628,137.1425,128.3895,136.8645,77246
2025-11-24 20:00:00+00:00,136.8485,139.3035,136.4185,139.062,64686
2025-11-25 00:00:00+00:00,138.8145,139.838,137.5535,137.744,39314
2025-11-25 04:00:00+00:00,137.744,138.925,137.1605,138.536,54437
2025-11-25 08:00:00+00:00,138.529,138.5945,134.666,136.268,61586
2025-11-25 12:00:00+00:00,136.261,136.924,135.0725,135.4,64038
2025-11-25 16:00:00+00:00,135.3885,137.9395,133.0325,136.8515,72459
2025-11-25 20:00:00+00:00,136.8505,138.0525,134.0865,137.166,63677
2025-11-26 00:00:00+00:00,131.7585,140.6035,131.7585,139.95,41425
2025-11-26 04:00:00+00:00,139.9065,140.175,137.6385,138.9265,42345
2025-11-26 08:00:00+00:00,138.923,139.8715,136.062,136.653,44584
2025-11-26 12:00:00+00:00,136.653,137.3995,135.4105,136.677,46135
2025-11-26 16:00:00+00:00,136.668,141.003,135.584,140.752,62896
2025-11-26 20:00:00+00:00,140.751,144.7195,140.6815,143.5055,55534
2025-11-27 00:00:00+00:00,140.833,144.048,140.833,143.2895,40428
2025-11-27 04:00:00+00:00,143.2895,144.096,142.2805,142.739,64095
2025-11-27 08:00:00+00:00,142.743,144.2695,141.643,141.7295,59545
2025-11-27 12:00:00+00:00,141.715,142.331,140.6775,141.231,58531
2025-11-27 16:00:00+00:00,141.221,142.5015,140.8315,141.532,56458
2025-11-27 20:00:00+00:00,141.5155,143.055,141.436,141.917,48769
2025-11-28 00:00:00+00:00,141.601,141.994,138.804,139.028,33556
2025-11-28 04:00:00+00:00,138.9905,140.5505,138.573,140.362,41220
2025-11-28 08:00:00+00:00,140.3565,142.6325,138.895,141.671,51539
2025-11-28 12:00:00+00:00,141.6875,143.366,139.8565,142.4605,55505
2025-11-28 16:00:00+00:00,142.4475,143.6385,136.798,137.2625,63645
2025-11-28 20:00:00+00:00,137.1695,138.0505,135.977,137.47,46034
2025-11-29 00:00:00+00:00,137.562,138.2715,137.15,137.44,24563
2025-11-29 04:00:00+00:00,137.44,137.7585,136.7415,137.229,43229
2025-11-29 08:00:00+00:00,137.229,137.625,136.2025,136.725,43752
2025-11-29 12:00:00+00:00,136.724,137.498,136.3985,136.934,37301
2025-11-29 16:00:00+00:00,136.9265,138.0845,136.155,136.252,48325
2025-11-29 20:00:00+00:00,136.252,136.542,135.069,136.533,32421
2025-11-30 00:00:00+00:00,133.811,136.646,133.811,136.3225,15961
2025-11-30 04:00:00+00:00,136.316,136.9605,135.266,135.78,38261
2025-11-30 08:00:00+00:00,135.7805,137.1205,135.518,136.8055,37802
2025-11-30 12:00:00+00:00,136.7875,140.174,136.1735,139.195,41031
2025-11-30 16:00:00+00:00,139.2,139.782,137.4605,138.3655,33055
2025-11-30 20:00:00+00:00,138.3655,138.624,136.572,136.989,35153
2025-12-01 00:00:00+00:00,134.96,137.83,127.422,127.9685,52515
2025-12-01 04:00:00+00:00,127.962,128.6485,125.753,126.0885,62756
2025-12-01 08:00:00+00:00,126.106,127.9765,125.9755,127.0035,54285
2025-12-01 12:00:00+00:00,126.9815,127.686,125.3485,126.426,56237
2025-12-01 16:00:00+00:00,126.4435,127.0245,122.9815,124.402,66189
2025-12-01 20:00:00+00:00,124.402,126.192,123.199,125.9545,62638
2025-12-02 00:00:00+00:00,126.3945,128.533,125.8325,126.9885,42937
2025-12-02 04:00:00+00:00,126.977,128.0925,125.97,126.6885,59126
2025-12-02 08:00:00+00:00,126.6885,127.8475,125.968,126.718,51703
2025-12-02 12:00:00+00:00,126.7185,130.9865,126.662,130.5605,61348
2025-12-02 16:00:00+00:00,130.5535,140.8775,130.28,139.5,71458
2025-12-02 20:00:00+00:00,139.5,140.697,138.199,139.2925,57977
2025-12-03 00:00:00+00:00,139.174,140.02,137.7295,138.907,35715
2025-12-03 04:00:00+00:00,138.9095,143.29,138.8195,143.079,63500
2025-12-03 08:00:00+00:00,143.079,144.254,141.476,142.127,54610
2025-12-03 12:00:00+00:00,142.1115,142.4835,140.806,141.901,52187
2025-12-03 16:00:00+00:00,141.8925,143.519,138.6985,141.87,69680
2025-12-03 20:00:00+00:00,141.867,145.8085,140.6245,145.7545,46243
2025-12-04 00:00:00+00:00,143.692,146.908,143.1125,144.193,46187
2025-12-04 04:00:00+00:00,144.1785,146.126,142.896,143.244,60575
2025-12-04 08:00:00+00:00,143.2335,144.291,142.616,143.925,52778
2025-12-04 12:00:00+00:00,143.926,144.213,141.814,142.2575,52735
2025-12-04 16:00:00+00:00,142.24,144.3025,141.1175,142.193,65313
2025-12-04 20:00:00+00:00,142.182,142.2715,137.792,138.6945,57877
2025-12-05 00:00:00+00:00,138.6865,140.136,138.645,139.817,28136
2025-12-05 04:00:00+00:00,139.812,140.165,137.774,138.099,49338
2025-12-05 08:00:00+00:00,138.098,140.7385,136.292,136.344,53271
2025-12-05 12:00:00+00:00,136.344,138.087,135.2995,135.959,61504
2025-12-05 16:00:00+00:00,135.9585,137.142,131.1145,132.158,75550
2025-12-05 20:00:00+00:00,132.141,133.1105,130.712,132.238,57406
2025-12-06 00:00:00+00:00,132.636,133.8255,132.2655,133.477,11787
2025-12-06 04:00:00+00:00,133.459,134.1355,131.9975,133.0755,33012
2025-12-06 08:00:00+00:00,133.0785,133.2375,131.8505,132.515,44743
2025-12-06 12:00:00+00:00,132.518,133.2825,132.4005,132.9335,38049
2025-12-06 16:00:00+00:00,132.9335,134.009,132.2235,132.959,45986
2025-12-06 20:00:00+00:00,132.9585,133.2095,131.7695,132.4375,43676
2025-12-07 00:00:00+00:00,129.9275,132.8195,129.9275,132.3175,31913
2025-12-07 04:00:00+00:00,132.305,133.578,132.305,132.807,38118
2025-12-07 08:00:00+00:00,132.782,133.2405,131.5275,131.863,46210
2025-12-07 12:00:00+00:00,131.863,133.0995,131.4385,131.7175,43223
2025-12-07 16:00:00+00:00,131.718,135.5105,127.6445,134.82,60101
2025-12-07 20:00:00+00:00,134.789,136.3615,132.4045,132.7755,50584
2025-12-08 00:00:00+00:00,129.8115,134.508,129.618,133.351,48151
2025-12-08 04:00:00+00:00,133.33,135.423,133.107,135.1605,57256
2025-12-08 08:00:00+00:00,135.157,138.8555,134.6935,138.11,55895
2025-12-08 12:00:00+00:00,138.1105,139.333,137.216,138.077,42842
2025-12-08 16:00:00+00:00,138.0725,138.966,134.7175,135.8,59653
2025-12-08 20:00:00+00:00,135.8,136.217,132.9255,134.521,52561
2025-12-09 00:00:00+00:00,133.937,134.309,132.3915,133.125,32299
2025-12-09 04:00:00+00:00,133.125,134.3835,131.7665,132.087,37385
2025-12-09 08:00:00+00:00,132.09,133.4315,131.975,132.332,33872
2025-12-09 12:00:00+00:00,132.331,133.552,131.981,132.3875,37648
2025-12-09 16:00:00+00:00,132.3965,144.8735,131.589,143.071,61761
2025-12-09 20:00:00+00:00,143.0715,143.2235,136.659,137.6345,48833
2025-12-10 00:00:00+00:00,135.4625,139.4075,135.4625,137.864,36381
2025-12-10 04:00:00+00:00,137.8555,140.24,137.1825,139.163,38706
2025-12-10 08:00:00+00:00,139.1525,139.4475,138.1235,138.975,38389
2025-12-10 12:00:00+00:00,138.9225,139.8185,136.3135,137.666,47898
2025-12-10 16:00:00+00:00,137.671,137.7315,135.6655,136.8145,58482
2025-12-10 20:00:00+00:00,136.8175,142.5645,136.1525,137.106,68837
2025-12-11 00:00:00+00:00,134.6385,137.8385,132.6615,132.881,45020
2025-12-11 04:00:00+00:00,132.8715,132.9275,128.9785,131.175,53814
2025-12-11 08:00:00+00:00,131.159,131.429,130.133,130.9505,41802
2025-12-11 12:00:00+00:00,130.9485,131.8545,130.515,131.298,35638
2025-12-11 16:00:00+00:00,131.297,132.7925,129.7835,132.323,56965
2025-12-11 20:00:00+00:00,132.3055,137.781,131.8995,136.86,56636
2025-12-12 00:00:00+00:00,136.966,137.4515,135.3185,136.7035,37670
2025-12-12 04:00:00+00:00,136.709,138.8645,136.46,138.8295,34207
2025-12-12 08:00:00+00:00,138.8335,140.117,137.209,138.242,34193
2025-12-12 12:00:00+00:00,138.2345,139.876,137.8725,138.9945,33348
2025-12-12 16:00:00+00:00,138.988,139.565,131.341,132.1315,65084
2025-12-12 20:00:00+00:00,132.1215,133.2755,130.3325,131.813,45448
2025-12-13 00:00:00+00:00,132.6785,132.989,132.143,132.6435,18514
2025-12-13 04:00:00+00:00,132.6355,133.0005,132.2975,132.6825,18555
2025-12-13 08:00:00+00:00,132.6415,134.2565,132.3845,133.5455,23546
2025-12-13 12:00:00+00:00,133.53,134.2525,132.581,133.1355,32517
2025-12-13 16:00:00+00:00,133.1145,133.808,132.0805,132.1875,33304
2025-12-13 20:00:00+00:00,132.174,132.9965,131.608,132.7035,18742
2025-12-14 00:00:00+00:00,128.9665,133.7055,128.9665,133.339,18026
2025-12-14 04:00:00+00:00,133.339,133.5605,132.087,132.6845,18164
2025-12-14 08:00:00+00:00,132.672,133.519,132.3175,132.344,18357
2025-12-14 12:00:00+00:00,132.3295,132.6215,130.0585,131.617,29802
2025-12-14 16:00:00+00:00,131.617,131.7915,129.4245,130.0385,37840
2025-12-14 20:00:00+00:00,130.051,130.741,129.5755,129.911,27712
2025-12-15 00:00:00+00:00,127.9505,131.585,127.9115,131.2035,40877
2025-12-15 04:00:00+00:00,131.171,133.2375,130.884,131.992,34929
2025-12-15 08:00:00+00:00,131.991,132.9885,131.7005,132.7345,34033
2025-12-15 12:00:00+00:00,132.749,133.2845,131.709,132.6525,35557
2025-12-15 16:00:00+00:00,132.6515,135.373,124.4205,124.902,66039
2025-12-15 20:00:00+00:00,124.8955,126.39,123.546,125.6875,59457
2025-12-16 00:00:00+00:00,125.4465,128.002,125.432,126.3335,39761
2025-12-16 04:00:00+00:00,126.3245,127.2535,124.814,126.358,46802
2025-12-16 08:00:00+00:00,126.358,127.4375,125.3765,126.234,41463
2025-12-16 12:00:00+00:00,126.2305,129.711,126.0695,126.6555,51730
2025-12-16 16:00:00+00:00,126.6595,130.0625,126.0325,127.167,64459
2025-12-16 20:00:00+00:00,127.167,128.826,126.653,128.4355,39626
2025-12-17 00:00:00+00:00,128.746,129.7995,128.098,129.13,32692
2025-12-17 04:00:00+00:00,129.1155,129.627,126.9505,127.5895,36288
2025-12-17 08:00:00+00:00,127.558,128.5555,125.933,126.7,32011
2025-12-17 12:00:00+00:00,126.696,129.413,126.1705,129.135,41971
2025-12-17 16:00:00+00:00,129.1365,133.8925,122.409,122.961,70410
2025-12-17 20:00:00+00:00,122.961,123.9115,121.2805,122.323,51006
2025-12-18 00:00:00+00:00,119.9905,123.6975,119.9905,123.325,31587
2025-12-18 04:00:00+00:00,123.3185,124.069,122.2875,122.348,36086
2025-12-18 08:00:00+00:00,122.346,123.8085,122.156,123.57,35109
2025-12-18 12:00:00+00:00,123.5585,126.766,123.0985,126.302,44916
2025-12-18 16:00:00+00:00,126.301,128.953,120.4105,122.8965,64462
2025-12-18 20:00:00+00:00,122.8895,123.8585,116.8145,119.756,62326
2025-12-19 00:00:00+00:00,119.3565,119.9815,117.5175,118.2825,30099
2025-12-19 04:00:00+00:00,118.278,123.293,117.818,122.529,50166
2025-12-19 08:00:00+00:00,122.529,125.547,122.0955,124.632,45630
2025-12-19 12:00:00+00:00,124.622,126.4125,124.436,125.7855,39549
2025-12-19 16:00:00+00:00,125.7875,127.541,123.4755,123.5315,59105
2025-12-19 20:00:00+00:00,123.5315,127.7295,123.4655,126.705,41107
2025-12-20 00:00:00+00:00,126.7115,126.9595,125.384,125.4355,19784
2025-12-20 04:00:00+00:00,125.4205,126.5615,125.1505,126.2575,25152
2025-12-20 08:00:00+00:00,126.254,126.791,125.7905,126.1585,17776
2025-12-20 12:00:00+00:00,126.1645,126.39,125.3325,126.011,16976
2025-12-20 16:00:00+00:00,126.016,126.6055,125.4345,125.912,19085
2025-12-20 20:00:00+00:00,125.9085,126.4495,125.6145,126.214,16805
2025-12-21 00:00:00+00:00,125.966,126.2725,124.9445,125.006,14459
2025-12-21 04:00:00+00:00,125.0025,125.4615,124.564,125.2255,20090
2025-12-21 08:00:00+00:00,125.2355,126.51,124.7185,126.1735,25675
2025-12-21 12:00:00+00:00,126.217,126.556,123.308,123.5355,31559
2025-12-21 16:00:00+00:00,123.5355,126.2705,123.427,125.41,29761
2025-12-21 20:00:00+00:00,125.385,125.8265,124.27,124.8005,24055
2025-12-22 00:00:00+00:00,124.6195,128.439,124.6195,125.9465,39185
2025-12-22 04:00:00+00:00,125.949,126.6785,124.4045,126.255,46775
2025-12-22 08:00:00+00:00,126.2515,127.309,125.407,126.149,39769
2025-12-22 12:00:00+00:00,126.117,127.624,125.76,126.9245,42217
2025-12-22 16:00:00+00:00,126.918,128.6955,126.36,126.8275,60363
2025-12-22 20:00:00+00:00,126.821,127.391,124.0995,125.031,49351
2025-12-23 00:00:00+00:00,124.833,126.8145,124.833,126.09,31754
2025-12-23 04:00:00+00:00,126.0815,126.5135,124.452,124.8545,43962
2025-12-23 08:00:00+00:00,124.862,125.1755,123.626,124.065,33469
2025-12-23 12:00:00+00:00,124.071,125.145,122.7565,123.245,33491
2025-12-23 16:00:00+00:00,123.245,124.859,122.0415,122.7645,57447
2025-12-23 20:00:00+00:00,122.7555,125.5485,122.744,124.178,43885
2025-12-24 00:00:00+00:00,123.997,124.4195,122.811,122.9955,31819
2025-12-24 04:00:00+00:00,122.98,123.035,120.998,121.3335,41809
2025-12-24 08:00:00+00:00,121.3345,121.729,120.464,121.2965,31666
2025-12-24 12:00:00+00:00,121.2965,122.4515,121.259,121.8685,30520
2025-12-24 16:00:00+00:00,121.8685,123.348,120.5875,121.922,48638
2025-12-24 20:00:00+00:00,121.922,123.003,121.6525,122.779,26866
2025-12-25 00:00:00+00:00,122.8235,123.2845,121.971,122.621,21549
2025-12-25 04:00:00+00:00,122.6205,123.0175,122.0875,122.241,16560
2025-12-25 08:00:00+00:00,122.2445,122.5325,121.497,121.9765,13936
2025-12-25 12:00:00+00:00,121.974,122.2575,121.1815,121.972,14092
2025-12-25 16:00:00+00:00,121.9715,124.358,121.661,122.976,28167
2025-12-25 20:00:00+00:00,122.979,124.056,122.843,123.1585,24597
2025-12-26 00:00:00+00:00,122.9935,123.11,119.071,120.7115,37300
2025-12-26 04:00:00+00:00,120.711,124.279,120.711,123.1685,40620
2025-12-26 08:00:00+00:00,123.17,123.987,122.163,123.5675,34995
2025-12-26 12:00:00+00:00,123.5655,125.0095,123.2045,124.783,28718
2025-12-26 16:00:00+00:00,124.7865,124.8665,120.308,121.748,48980
2025-12-26 20:00:00+00:00,121.748,122.554,121.597,122.0215,32234
2025-12-27 00:00:00+00:00,121.789,122.438,121.754,122.222,16662
2025-12-27 04:00:00+00:00,122.224,123.7085,122.0445,123.087,22332
2025-12-27 08:00:00+00:00,123.0855,123.34,122.6525,122.8975,19734
2025-12-27 12:00:00+00:00,122.9035,123.192,122.404,122.8905,23767
2025-12-27 16:00:00+00:00,122.909,123.557,122.6395,123.2855,22871
2025-12-27 20:00:00+00:00,123.2955,124.465,122.906,124.3775,21597
2025-12-28 00:00:00+00:00,124.485,124.992,123.46,123.876,30285
2025-12-28 04:00:00+00:00,123.88,124.3085,123.465,123.6755,23463
2025-12-28 08:00:00+00:00,123.6715,124.499,123.6455,123.968,24918
2025-12-28 12:00:00+00:00,123.9635,124.729,123.8985,124.4765,22664
2025-12-28 16:00:00+00:00,124.5115,124.921,124.057,124.3125,27975
2025-12-28 20:00:00+00:00,124.312,124.3945,122.9565,123.709,29432
2025-12-29 00:00:00+00:00,123.3175,129.9445,123.3175,128.594,38003
2025-12-29 04:00:00+00:00,128.592,129.3515,127.4065,127.55,47297
2025-12-29 08:00:00+00:00,127.553,128.224,125.2325,125.8955,44211
2025-12-29 12:00:00+00:00,125.8955,126.192,122.7305,123.0945,48603
2025-12-29 16:00:00+00:00,123.0975,124.3815,122.1945,123.726,53851
2025-12-29 20:00:00+00:00,123.7255,123.8375,122.6855,123.348,34427
2025-12-30 00:00:00+00:00,123.2835,123.4535,118.7405,123.0225,24288
2025-12-30 04:00:00+00:00,123.0215,124.0305,122.4265,123.2405,31443
2025-12-30 08:00:00+00:00,123.247,124.9585,123.1885,124.645,34907
2025-12-30 12:00:00+00:00,124.66,124.793,123.747,124.1175,28996
2025-12-30 16:00:00+00:00,124.1345,126.3725,123.33,124.5455,54593
2025-12-30 20:00:00+00:00,124.542,124.686,123.3455,123.6985,29508
2025-12-31 00:00:00+00:00,121.867,125.7445,121.867,125.342,27375
2025-12-31 04:00:00+00:00,125.342,125.89,124.9515,125.446,28396
2025-12-31 08:00:00+00:00,125.442,126.217,125.2595,126.1115,21466
2025-12-31 12:00:00+00:00,126.1115,126.662,125.755,126.103,27755
2025-12-31 16:00:00+00:00,126.103,127.204,124.088,124.854,48335
2025-12-31 20:00:00+00:00,124.856,125.343,123.2665,124.1485,31694
2026-01-01 00:00:00+00:00,121.567,125.5965,121.567,124.778,19197
2026-01-01 04:00:00+00:00,124.7795,125.1945,124.5445,125.0845,22178
2026-01-01 08:00:00+00:00,125.0785,125.087,123.8845,124.7655,15477
2026-01-01 12:00:00+00:00,124.7685,125.036,124.483,124.5185,20483
2026-01-01 16:00:00+00:00,124.528,125.418,124.072,125.0025,33441
2026-01-01 20:00:00+00:00,124.999,125.7875,124.8195,125.2725,24084
2026-01-02 00:00:00+00:00,124.687,127.0665,124.687,126.012,26361
2026-01-02 04:00:00+00:00,126.013,127.811,125.6485,127.1145,33601
2026-01-02 08:00:00+00:00,127.1105,129.568,126.7015,129.208,30059
2026-01-02 12:00:00+00:00,129.207,129.8025,127.765,128.2185,34720
2026-01-02 16:00:00+00:00,128.207,132.222,126.6795,131.3435,68260
2026-01-02 20:00:00+00:00,131.334,132.0585,130.245,131.8195,26688
2026-01-03 00:00:00+00:00,132.8985,133.0455,131.7595,132.5465,11073
2026-01-03 04:00:00+00:00,132.534,133.086,131.5,131.845,23984
2026-01-03 08:00:00+00:00,131.846,132.2245,129.507,131.077,33206
2026-01-03 12:00:00+00:00,131.0665,131.308,130.345,131.213,21140
2026-01-03 16:00:00+00:00,131.212,132.1075,131.0525,131.8335,22455
2026-01-03 20:00:00+00:00,131.844,133.004,131.2615,132.8435,17509
2026-01-04 00:00:00+00:00,132.195,134.8505,132.195,133.8975,31847
2026-01-04 04:00:00+00:00,133.868,134.7815,133.403,134.438,30366
2026-01-04 08:00:00+00:00,134.438,134.894,133.0835,134.2105,35111
2026-01-04 12:00:00+00:00,134.2025,134.79,133.596,134.4195,26538
2026-01-04 16:00:00+00:00,134.4195,135.457,134.099,134.7365,30485
2026-01-04 20:00:00+00:00,134.734,134.7745,132.974,133.778,27993
2026-01-05 00:00:00+00:00,134.1005,137.618,133.5275,136.6565,44120
2026-01-05 04:00:00+00:00,136.6565,137.262,134.905,134.9665,39217
2026-01-05 08:00:00+00:00,134.957,135.8705,134.5085,135.3725,29361
2026-01-05 12:00:00+00:00,135.365,135.949,133.1585,133.7065,34694
2026-01-05 16:00:00+00:00,133.7085,136.7755,133.0495,136.454,61217
2026-01-05 20:00:00+00:00,136.454,139.83,135.6255,138.4145,47626
2026-01-06 00:00:00+00:00,137.9625,139.0885,136.8155,137.5295,35950
2026-01-06 04:00:00+00:00,137.5235,139.9585,137.247,139.4685,36109
2026-01-06 08:00:00+00:00,139.481,139.669,137.204,137.676,41193
2026-01-06 12:00:00+00:00,137.678,139.6085,137.304,139.027,30737
2026-01-06 16:00:00+00:00,139.0315,143.3845,136.3085,136.412,69444
2026-01-06 20:00:00+00:00,136.412,141.892,136.065,140.3485,46706
2026-01-07 00:00:00+00:00,138.3335,141.317,138.3335,138.7975,37634
2026-01-07 04:00:00+00:00,138.7995,140.422,137.9065,138.3685,39804
2026-01-07 08:00:00+00:00,138.3665,139.6845,136.4155,136.755,38193
2026-01-07 12:00:00+00:00,136.7495,138.3185,136.5975,137.957,37077
2026-01-07 16:00:00+00:00,137.957,138.0385,135.076,135.455,57725
2026-01-07 20:00:00+00:00,135.4535,136.195,134.2565,136.0765,43395
2026-01-08 00:00:00+00:00,135.7995,137.2355,135.6005,136.6505,32346
2026-01-08 04:00:00+00:00,136.6505,138.1395,136.2175,136.454,40484
2026-01-08 08:00:00+00:00,136.457,136.5785,133.5875,134.284,45817
2026-01-08 12:00:00+00:00,134.291,135.2625,133.481,134.259,35794
2026-01-08 16:00:00+00:00,134.259,138.693,132.4705,138.5755,61672
2026-01-08 20:00:00+00:00,138.573,139.6685,136.353,139.544,42273
2026-01-09 00:00:00+00:00,139.2025,139.9065,137.5655,138.105,29329
2026-01-09 04:00:00+00:00,138.105,140.924,138.0425,139.7465,31154
2026-01-09 08:00:00+00:00,139.7595,140.685,136.772,138.259,36825
2026-01-09 12:00:00+00:00,138.259,139.0535,137.391,138.4695,30794
2026-01-09 16:00:00+00:00,138.4685,140.7115,136.0205,138.2765,64820
2026-01-09 20:00:00+00:00,138.2705,138.318,134.754,135.7285,45371
2026-01-10 00:00:00+00:00,135.6235,136.29,135.433,136.251,18557
2026-01-10 04:00:00+00:00,136.251,136.4615,135.524,135.7135,18523
2026-01-10 08:00:00+00:00,135.7085,136.422,135.538,136.4025,13989
2026-01-10 12:00:00+00:00,136.3925,136.8155,135.8,136.144,17545
2026-01-10 16:00:00+00:00,136.1415,136.4895,135.774,135.9505,16933
2026-01-10 20:00:00+00:00,135.95,136.1385,135.494,135.564,17095
2026-01-11 00:00:00+00:00,135.0715,136.297,135.0715,136.1005,18065
2026-01-11 04:00:00+00:00,136.1165,136.2745,135.6585,136.0805,17119
2026-01-11 08:00:00+00:00,136.0975,136.7085,135.662,136.2555,15207
2026-01-11 12:00:00+00:00,136.256,137.1925,136.059,137.076,16514
2026-01-11 16:00:00+00:00,137.077,141.3405,137.064,139.484,35123
2026-01-11 20:00:00+00:00,139.46,139.989,137.7505,138.4955,25849
2026-01-12 00:00:00+00:00,137.554,141.7025,137.253,140.8055,45305
2026-01-12 04:00:00+00:00,140.811,144.0875,140.6815,142.5315,43401
2026-01-12 08:00:00+00:00,142.5435,143.0615,138.817,139.3785,42474
2026-01-12 12:00:00+00:00,139.379,140.119,138.81,139.5915,33005
2026-01-12 16:00:00+00:00,139.581,144.0685,138.441,141.777,60771
2026-01-12 20:00:00+00:00,141.7825,142.7225,138.118,138.45,38858
2026-01-13 00:00:00+00:00,138.9435,139.617,138.257,138.647,31513
2026-01-13 04:00:00+00:00,138.6475,140.224,137.5945,139.6725,30246
2026-01-13 08:00:00+00:00,139.6675,142.8595,139.5435,141.693,27732
2026-01-13 12:00:00+00:00,141.693,143.1575,141.141,142.201,27566
2026-01-13 16:00:00+00:00,142.205,144.3725,140.9995,142.748,61617
2026-01-13 20:00:00+00:00,142.748,144.3235,142.53,143.269,44563
2026-01-14 00:00:00+00:00,143.083,148.4045,143.083,145.5095,46365
2026-01-14 04:00:00+00:00,145.5065,146.3635,144.1805,144.284,28248
2026-01-14 08:00:00+00:00,144.284,145.466,143.724,145.347,30466
2026-01-14 12:00:00+00:00,145.3275,145.591,143.16,144.1,33248
2026-01-14 16:00:00+00:00,144.1,148.327,144.068,145.93,61805
2026-01-14 20:00:00+00:00,145.929,147.7135,145.2465,146.5555,46549
2026-01-15 00:00:00+00:00,146.5145,147.1475,144.7055,145.104,34392
2026-01-15 04:00:00+00:00,145.092,145.472,143.1025,144.535,40984
2026-01-15 08:00:00+00:00,144.5235,145.9505,143.901,145.56,35920
2026-01-15 12:00:00+00:00,145.549,145.6165,144.244,145.1335,36116
2026-01-15 16:00:00+00:00,145.131,145.597,141.736,142.415,56412
2026-01-15 20:00:00+00:00,142.412,142.806,140.698,141.8875,35694
2026-01-16 00:00:00+00:00,141.631,142.693,141.631,142.222,23817
2026-01-16 04:00:00+00:00,142.222,143.4265,141.333,143.0385,29732
2026-01-16 08:00:00+00:00,143.043,143.3375,142.4895,142.907,26298
2026-01-16 12:00:00+00:00,142.8935,143.7345,142.548,142.955,29548
2026-01-16 16:00:00+00:00,142.9535,143.653,140.0975,143.245,52560
2026-01-16 20:00:00+00:00,143.23,145.4945,142.8695,145.1535,36806
2026-01-17 00:00:00+00:00,144.7285,145.109,144.0655,144.5435,19078
2026-01-17 04:00:00+00:00,144.5455,144.5725,143.828,143.8595,18316
2026-01-17 08:00:00+00:00,143.8465,144.554,143.5105,144.3575,17857
2026-01-17 12:00:00+00:00,144.3735,144.5355,143.204,143.9185,20300
2026-01-17 16:00:00+00:00,143.923,144.2745,143.5735,144.004,28303
2026-01-17 20:00:00+00:00,143.992,144.481,143.881,144.1575,17328
2026-01-18 00:00:00+00:00,143.733,144.0805,141.9575,142.687,26008
2026-01-18 04:00:00+00:00,142.6635,142.963,141.874,142.763,24782
2026-01-18 08:00:00+00:00,142.7715,142.9625,141.8325,142.4555,25706
2026-01-18 12:00:00+00:00,142.4545,142.4875,141.8935,142.3225,14291
2026-01-18 16:00:00+00:00,142.3205,142.6795,141.4065,142.2935,24391
2026-01-18 20:00:00+00:00,142.303,143.1905,141.8585,142.6005,15849
2026-01-19 00:00:00+00:00,142.3185,142.962,129.78,133.6985,54506
2026-01-19 04:00:00+00:00,133.6985,134.035,133.251,133.31,34547
2026-01-19 08:00:00+00:00,133.31,134.0135,132.641,133.61,30709
2026-01-19 12:00:00+00:00,133.6135,134.261,133.379,133.604,32568
2026-01-19 16:00:00+00:00,133.604,134.581,133.122,134.247,33366
2026-01-19 20:00:00+00:00,134.2435,135.124,133.825,134.093,19288
2026-01-20 00:00:00+00:00,134.048,134.1695,132.6275,133.771,36551
2026-01-20 04:00:00+00:00,133.757,134.5285,132.274,132.888,33795
2026-01-20 08:00:00+00:00,132.899,132.899,128.174,128.738,48103
2026-01-20 12:00:00+00:00,128.7425,129.3285,128.2085,128.277,35248
2026-01-20 16:00:00+00:00,128.287,129.5915,126.1245,126.8215,62753
2026-01-20 20:00:00+00:00,126.8205,127.958,126.409,126.822,39250
2026-01-21 00:00:00+00:00,126.869,127.723,124.411,127.231,32932
2026-01-21 04:00:00+00:00,127.2135,128.5885,126.595,128.34,31117
2026-01-21 08:00:00+00:00,128.336,128.444,126.813,127.2955,28605
2026-01-21 12:00:00+00:00,127.298,128.024,126.0335,126.9375,38922
2026-01-21 16:00:00+00:00,126.9355,131.012,125.1135,126.766,67955
2026-01-21 20:00:00+00:00,126.766,131.972,126.1875,131.002,55686
2026-01-22 00:00:00+00:00,130.77,131.6395,129.027,130.103,28518
2026-01-22 04:00:00+00:00,130.102,130.482,129.372,129.9855,28467
2026-01-22 08:00:00+00:00,129.9825,130.3165,129.1895,130.056,26326
2026-01-22 12:00:00+00:00,130.05,130.803,128.9615,129.229,29080
2026-01-22 16:00:00+00:00,129.229,129.364,126.6015,128.548,60515
2026-01-22 20:00:00+00:00,128.548,129.6415,127.3245,128.154,41572
2026-01-23 00:00:00+00:00,127.8865,128.807,127.871,128.7655,27458
2026-01-23 04:00:00+00:00,128.7665,129.1365,127.985,128.492,28642
2026-01-23 08:00:00+00:00,128.4925,128.974,126.7315,126.884,35012
2026-01-23 12:00:00+00:00,126.888,127.58,126.55,126.671,25781
2026-01-23 16:00:00+00:00,126.6665,130.016,125.1105,128.239,58954
2026-01-23 20:00:00+00:00,128.2275,129.413,126.2975,126.9795,48257
2026-01-24 00:00:00+00:00,127.4565,127.557,127.0755,127.3355,15395
2026-01-24 04:00:00+00:00,127.3365,127.902,127.2795,127.612,18199
2026-01-24 08:00:00+00:00,127.612,127.6265,126.7335,126.9025,11421
2026-01-24 12:00:00+00:00,126.898,127.1795,126.7255,126.7545,10083
2026-01-24 16:00:00+00:00,126.7535,127.232,126.421,127.0565,16759
2026-01-24 20:00:00+00:00,127.0565,127.325,126.896,126.929,9002
2026-01-25 00:00:00+00:00,126.6485,127.543,126.6485,126.93,10263
2026-01-25 04:00:00+00:00,126.923,127.2075,126.095,126.7225,14533
2026-01-25 08:00:00+00:00,126.7495,126.7495,125.7405,126.4745,17109
2026-01-25 12:00:00+00:00,126.4825,126.9745,126.283,126.822,12006
2026-01-25 16:00:00+00:00,126.8215,126.8375,121.36,122.0325,35039
2026-01-25 20:00:00+00:00,122.0325,122.1335,116.9025,118.671,45218
2026-01-26 00:00:00+00:00,118.1155,122.5845,117.067,122.179,41821
2026-01-26 04:00:00+00:00,122.1905,123.397,120.906,122.287,36981
2026-01-26 08:00:00+00:00,122.287,123.435,121.611,121.761,37165
2026-01-26 12:00:00+00:00,121.7725,123.1285,121.758,122.998,21920
2026-01-26 16:00:00+00:00,123.002,125.045,122.525,124.138,49399
2026-01-26 20:00:00+00:00,124.1295,125.434,123.2765,124.359,40764
2026-01-27 00:00:00+00:00,124.162,124.732,123.5685,124.1975,19711
2026-01-27 04:00:00+00:00,124.183,125.0265,123.985,124.2995,20366
2026-01-27 08:00:00+00:00,124.288,124.613,123.389,123.5735,16802
2026-01-27 12:00:00+00:00,123.576,124.163,122.9585,123.016,19542
2026-01-27 16:00:00+00:00,123.023,126.6615,123.002,123.9165,54451
2026-01-27 20:00:00+00:00,123.9165,127.71,123.692,126.8265,39348
2026-01-28 00:00:00+00:00,126.906,127.631,126.4815,126.9065,24116
2026-01-28 04:00:00+00:00,126.9045,127.2265,126.251,126.5775,22423
2026-01-28 08:00:00+00:00,126.5685,127.429,125.74,127.4065,23553
2026-01-28 12:00:00+00:00,127.4005,128.147,126.6325,127.126,40388
2026-01-28 16:00:00+00:00,127.1215,127.151,125.0495,126.3205,50133
2026-01-28 20:00:00+00:00,126.3205,126.4925,124.5575,125.4705,46670
2026-01-29 00:00:00+00:00,125.3045,125.643,123.8715,124.1445,26620
2026-01-29 04:00:00+00:00,124.1255,124.6,122.0945,122.93,26921
2026-01-29 08:00:00+00:00,122.9285,123.706,122.678,122.7445,17399
2026-01-29 12:00:00+00:00,122.7445,123.035,122.1795,122.6545,17424
2026-01-29 16:00:00+00:00,122.6545,122.8305,115.8775,117.748,58158
2026-01-29 20:00:00+00:00,117.737,117.9915,115.142,117.2465,44206
2026-01-30 00:00:00+00:00,117.268,117.926,111.635,115.0155,27311
2026-01-30 04:00:00+00:00,115.0155,115.9055,112.4965,115.256,42810
2026-01-30 08:00:00+00:00,115.25,115.9575,112.784,115.163,38767
2026-01-30 12:00:00+00:00,115.1775,117.0905,114.8305,115.597,35165
2026-01-30 16:00:00+00:00,115.5885,117.819,114.415,116.451,59900
2026-01-30 20:00:00+00:00,116.4475,118.909,114.1015,117.3005,56722
2026-01-31 00:00:00+00:00,116.804,118.2225,116.6475,118.0395,13002
2026-01-31 04:00:00+00:00,118.0415,118.7145,117.4715,118.4685,12661
2026-01-31 08:00:00+00:00,118.4685,118.6405,114.051,116.223,23012
2026-01-31 12:00:00+00:00,116.223,116.7795,113.4885,114.0115,25426
2026-01-31 16:00:00+00:00,114.0115,114.2915,100.078,103.1415,60724
2026-01-31 20:00:00+00:00,103.1415,103.726,96.1125,103.422,65288
2026-02-01 00:00:00+00:00,104.938,104.997,104.0775,104.804,8274
2026-02-01 04:00:00+00:00,104.824,105.81,104.3535,104.5615,31850
2026-02-01 08:00:00+00:00,104.5585,105.9255,103.8295,105.6685,30494
2026-02-01 12:00:00+00:00,105.6685,106.5755,103.502,104.3605,30216
2026-02-01 16:00:00+00:00,104.3595,104.672,100.058,102.348,50642
2026-02-01 20:00:00+00:00,102.347,104.1335,100.0105,100.453,47734
2026-02-02 00:00:00+00:00,101.48,103.0505,97.8615,102.0075,54017
2026-02-02 04:00:00+00:00,101.998,102.6135,95.806,98.114,67147
2026-02-02 08:00:00+00:00,98.1105,103.049,96.8875,102.6535,63333
2026-02-02 12:00:00+00:00,102.6505,103.657,102.448,103.2265,46443
2026-02-02 16:00:00+00:00,103.201,106.0455,102.299,104.713,57740
2026-02-02 20:00:00+00:00,104.7115,104.9505,103.1835,104.74,43067
2026-02-03 00:00:00+00:00,104.732,105.0915,103.4375,104.267,32800
2026-02-03 04:00:00+00:00,104.264,104.9885,102.0445,103.5925,39948
2026-02-03 08:00:00+00:00,103.5975,104.9315,102.4275,103.0215,40348
2026-02-03 12:00:00+00:00,103.0225,103.4625,102.3735,103.2835,39898
2026-02-03 16:00:00+00:00,103.28,103.529,98.906,98.969,65342
2026-02-03 20:00:00+00:00,98.9825,101.8495,96.536,100.0315,65595
2026-02-04 00:00:00+00:00,99.6825,99.7375,97.0155,98.987,46589
2026-02-04 04:00:00+00:00,98.987,99.48,96.2405,96.8815,43838
2026-02-04 08:00:00+00:00,96.877,98.68,96.5975,96.9815,43274
2026-02-04 12:00:00+00:00,96.9965,97.1395,93.9835,94.21,44178
2026-02-04 16:00:00+00:00,94.1795,94.839,89.7355,91.2295,73458
2026-02-04 20:00:00+00:00,91.23,94.4445,90.078,91.0195,59405
2026-02-05 00:00:00+00:00,90.06,92.6735,88.972,91.6905,47979
2026-02-05 04:00:00+00:00,91.6825,92.4695,89.6875,90.959,60630
2026-02-05 08:00:00+00:00,90.959,93.2045,89.5125,92.3245,52638
2026-02-05 12:00:00+00:00,92.3195,92.458,88.0095,88.26,56713
2026-02-05 16:00:00+00:00,88.261,91.227,82.2265,82.4915,70162
2026-02-05 20:00:00+00:00,82.492,83.1685,77.427,78.808,74414
2026-02-06 00:00:00+00:00,79.056,81.3935,67.201,79.4365,70993
2026-02-06 04:00:00+00:00,79.4435,81.537,75.612,81.0465,61538
2026-02-06 08:00:00+00:00,81.06,81.5645,78.532,81.221,55730
2026-02-06 12:00:00+00:00,81.223,83.7615,80.311,82.9965,48615
2026-02-06 16:00:00+00:00,82.9915,88.639,81.8115,86.619,65817
2026-02-06 20:00:00+00:00,86.6165,88.125,85.073,87.8415,49397
2026-02-07 00:00:00+00:00,89.15,89.6065,85.8195,87.046,21852
2026-02-07 04:00:00+00:00,87.039,88.96,86.7205,87.715,38512
2026-02-07 08:00:00+00:00,87.6645,88.128,84.0585,85.16,46490
2026-02-07 12:00:00+00:00,85.1635,87.1195,84.4075,86.0345,42609
2026-02-07 16:00:00+00:00,86.025,87.9805,85.342,87.58,42301
2026-02-07 20:00:00+00:00,87.5765,89.15,87.376,88.1005,32962
2026-02-08 00:00:00+00:00,88.021,88.7095,86.7775,87.8245,24810
2026-02-08 04:00:00+00:00,87.821,88.1305,86.517,87.2015,22008
2026-02-08 08:00:00+00:00,87.199,88.8945,86.5925,87.5145,29330
2026-02-08 12:00:00+00:00,87.5145,88.7535,86.285,88.4605,28848
2026-02-08 16:00:00+00:00,88.462,88.6115,85.6905,86.8785,21690
2026-02-08 20:00:00+00:00,86.8785,88.5265,86.159,86.557,28990
2026-02-09 00:00:00+00:00,86.5025,88.8765,85.702,86.3455,37405
2026-02-09 04:00:00+00:00,86.3325,87.8115,86.131,87.1435,31488
2026-02-09 08:00:00+00:00,87.147,87.163,83.717,84.2305,34721
2026-02-09 12:00:00+00:00,84.213,84.529,82.74,83.673,33939
2026-02-09 16:00:00+00:00,83.6795,88.0325,83.4645,87.6815,43870
2026-02-09 20:00:00+00:00,87.716,88.6355,86.46,87.2665,37898
2026-02-10 00:00:00+00:00,87.1315,87.4975,86.203,87.1925,22836
2026-02-10 04:00:00+00:00,87.2015,87.2405,85.1095,85.8535,28116
2026-02-10 08:00:00+00:00,85.841,85.939,84.063,84.484,29101
2026-02-10 12:00:00+00:00,84.469,84.727,83.5955,84.604,29290
2026-02-10 16:00:00+00:00,84.606,85.1755,83.1165,84.8725,53772
2026-02-10 20:00:00+00:00,84.85,84.942,81.7745,82.377,36275
2026-02-11 00:00:00+00:00,82.3695,83.715,82.2665,83.692,22639
2026-02-11 04:00:00+00:00,83.6905,84.321,81.615,81.8245,35446
2026-02-11 08:00:00+00:00,81.821,81.91,80.172,80.7265,36577
2026-02-11 12:00:00+00:00,80.727,81.775,80.2925,81.6155,34432
2026-02-11 16:00:00+00:00,81.612,83.0955,77.929,78.9335,63632
2026-02-11 20:00:00+00:00,78.928,80.99,78.4275,80.15,43534
2026-02-12 00:00:00+00:00,79.7395,80.707,78.763,80.3325,30177
2026-02-12 04:00:00+00:00,80.333,80.902,79.351,80.5125,26827
2026-02-12 08:00:00+00:00,80.506,81.8345,80.2115,81.714,25470
2026-02-12 12:00:00+00:00,81.718,82.179,80.631,81.9085,34424
2026-02-12 16:00:00+00:00,81.9085,81.9305,77.3895,77.821,60900
2026-02-12 20:00:00+00:00,77.821,78.5515,76.4885,77.2835,47452
2026-02-13 00:00:00+00:00,77.108,78.7915,76.845,78.542,30992
2026-02-13 04:00:00+00:00,78.5005,79.4205,78.112,78.228,36634
2026-02-13 08:00:00+00:00,78.221,79.8925,77.7825,79.8045,31095
2026-02-13 12:00:00+00:00,79.8045,80.7755,79.638,80.201,32021
2026-02-13 16:00:00+00:00,80.1995,84.9205,79.7575,84.2725,51325
2026-02-13 20:00:00+00:00,84.274,85.563,84.0385,84.539,35534
2026-02-14 00:00:00+00:00,84.552,85.135,83.9745,84.8965,14082
2026-02-14 04:00:00+00:00,84.896,85.228,84.4985,84.528,13695
2026-02-14 08:00:00+00:00,84.5265,86.336,84.2585,85.9435,21077
2026-02-14 12:00:00+00:00,85.9435,87.258,85.6485,86.389,25588
2026-02-14 16:00:00+00:00,86.3825,88.3675,86.3135,87.9865,27084
2026-02-14 20:00:00+00:00,87.9875,88.38,87.2055,87.9175,23914
2026-02-15 00:00:00+00:00,88.0655,88.8305,87.509,88.2135,29248
2026-02-15 04:00:00+00:00,88.212,90.0255,87.295,89.6475,35360
2026-02-15 08:00:00+00:00,89.6445,91.2065,89.2015,89.951,35290
2026-02-15 12:00:00+00:00,89.947,90.075,86.743,86.9055,32049
2026-02-15 16:00:00+00:00,86.9055,87.7925,85.6435,86.3395,32122
2026-02-15 20:00:00+00:00,86.334,86.7885,84.788,86.1295,30291
2026-02-16 00:00:00+00:00,86.0005,86.642,84.9575,85.681,29268
2026-02-16 04:00:00+00:00,85.6825,86.127,84.3785,84.6485,29145
2026-02-16 08:00:00+00:00,84.646,86.212,84.465,85.9455,26938
2026-02-16 12:00:00+00:00,85.9455,86.902,83.7885,84.1185,39106
2026-02-16 16:00:00+00:00,84.1175,84.758,82.498,84.4595,46833
2026-02-16 20:00:00+00:00,84.4595,86.049,84.1635,85.988,23686
2026-02-17 00:00:00+00:00,85.9785,87.097,85.4435,86.13,27280
2026-02-17 04:00:00+00:00,86.1255,87.635,85.3955,86.1555,32162
2026-02-17 08:00:00+00:00,86.1565,86.741,85.607,85.8655,26311
2026-02-17 12:00:00+00:00,85.8655,85.9865,84.3105,84.894,32598
2026-02-17 16:00:00+00:00,84.871,85.4155,82.828,83.6365,60140
2026-02-17 20:00:00+00:00,83.6385,85.695,83.4875,85.1645,42831
2026-02-18 00:00:00+00:00,85.284,85.435,83.883,84.208,22387
2026-02-18 04:00:00+00:00,84.208,85.488,84.184,84.834,25194
2026-02-18 08:00:00+00:00,84.83,86.038,84.6185,85.2665,25185
2026-02-18 12:00:00+00:00,85.2665,85.338,82.209,82.557,35038
2026-02-18 16:00:00+00:00,82.5505,83.963,81.662,82.122,49591
2026-02-18 20:00:00+00:00,82.1215,82.297,80.415,81.25,39669
2026-02-19 00:00:00+00:00,80.687,81.9995,80.687,81.843,19656
2026-02-19 04:00:00+00:00,81.843,82.0,81.2625,81.83,21263
2026-02-19 08:00:00+00:00,81.824,82.6235,81.0665,81.143,25694
2026-02-19 12:00:00+00:00,81.145,81.8185,79.5525,79.9585,30416
2026-02-19 16:00:00+00:00,79.9245,81.9035,79.8675,80.4305,50660
2026-02-19 20:00:00+00:00,80.4225,82.348,80.336,81.9955,30303
2026-02-20 00:00:00+00:00,81.7995,83.519,81.7995,82.9835,20272
2026-02-20 04:00:00+00:00,82.9865,83.7085,82.331,83.2335,26741
2026-02-20 08:00:00+00:00,83.223,84.4365,83.0995,84.1515,22069
2026-02-20 12:00:00+00:00,84.1635,84.815,81.737,82.1705,29135
2026-02-20 16:00:00+00:00,82.158,84.915,82.079,84.4725,53108
2026-02-20 20:00:00+00:00,84.473,85.433,83.9285,84.454,32634
2026-02-21 00:00:00+00:00,84.3465,84.805,84.194,84.64,6744
2026-02-21 04:00:00+00:00,84.637,84.976,84.0965,84.4265,11243
2026-02-21 08:00:00+00:00,84.4285,85.142,83.9245,84.8565,13057
2026-02-21 12:00:00+00:00,84.85,85.904,84.8255,85.801,16767
2026-02-21 16:00:00+00:00,85.801,86.686,85.5635,86.21,22266
2026-02-21 20:00:00+00:00,86.2045,86.682,85.213,85.7885,13829
2026-02-22 00:00:00+00:00,85.592,85.7715,84.7145,85.277,13754
2026-02-22 04:00:00+00:00,85.2745,85.552,84.6465,84.9185,12293
2026-02-22 08:00:00+00:00,84.9155,85.5015,84.813,84.962,10909
2026-02-22 12:00:00+00:00,84.954,85.3955,83.658,83.967,15299
2026-02-22 16:00:00+00:00,83.959,84.01,82.721,83.0185,16925
2026-02-22 20:00:00+00:00,83.021,83.53,82.73,83.432,10825
2026-02-23 00:00:00+00:00,83.2475,83.671,77.4085,77.903,29900
2026-02-23 04:00:00+00:00,77.886,78.398,77.094,77.785,25935
2026-02-23 08:00:00+00:00,77.7875,80.527,77.5835,80.4465,26439
2026-02-23 12:00:00+00:00,80.44,81.0815,79.8225,80.4835,25229
2026-02-23 16:00:00+00:00,80.4835,80.753,77.209,78.2855,41638
2026-02-23 20:00:00+00:00,78.2855,79.2685,77.8015,78.2655,31143
2026-02-24 00:00:00+00:00,78.455,78.869,75.6895,77.6455,21885
2026-02-24 04:00:00+00:00,77.6505,78.4015,76.0555,76.594,33806
2026-02-24 08:00:00+00:00,76.6015,77.1765,75.951,76.6185,26746
2026-02-24 12:00:00+00:00,76.6235,77.0185,76.003,76.5235,25534
2026-02-24 16:00:00+00:00,76.523,78.468,75.591,77.9405,49166
2026-02-24 20:00:00+00:00,77.9295,78.857,77.4895,78.5545,28252
2026-02-25 00:00:00+00:00,78.7985,82.51,78.6045,81.9485,28957
2026-02-25 04:00:00+00:00,81.9485,82.8615,80.9335,81.2585,33800
2026-02-25 08:00:00+00:00,81.2635,82.685,81.1115,82.5195,24172
2026-02-25 12:00:00+00:00,82.525,84.4085,82.2885,83.7785,30893
2026-02-25 16:00:00+00:00,83.7645,88.9265,83.753,88.5415,56036
2026-02-25 20:00:00+00:00,88.54,92.074,87.978,89.8415,46177
2026-02-26 00:00:00+00:00,90.328,90.5305,87.0525,88.4015,42040
2026-02-26 04:00:00+00:00,88.401,89.0235,87.1995,87.7445,39682
2026-02-26 08:00:00+00:00,87.741,88.6595,87.2065,88.3105,33311
2026-02-26 12:00:00+00:00,88.313,88.573,86.571,87.5995,30318
2026-02-26 16:00:00+00:00,87.5925,88.21,84.272,84.8665,60345
2026-02-26 20:00:00+00:00,84.858,86.823,84.424,85.8955,34031
2026-02-27 00:00:00+00:00,85.7905,86.2145,85.1395,86.1195,24137
2026-02-27 04:00:00+00:00,86.1195,88.292,85.883,87.5305,28503
2026-02-27 08:00:00+00:00,87.5185,87.926,86.2135,86.3165,29848
2026-02-27 12:00:00+00:00,86.3165,86.4855,81.95,83.057,45873
2026-02-27 16:00:00+00:00,83.051,83.3595,81.1035,81.8425,45103
2026-02-27 20:00:00+00:00,81.8425,82.0485,80.8765,80.984,29975
2026-02-28 00:00:00+00:00,81.5185,82.2415,81.126,81.744,15253
2026-02-28 04:00:00+00:00,81.746,82.163,81.1895,81.5215,16904
2026-02-28 08:00:00+00:00,81.5215,81.5235,77.094,78.414,49822
2026-02-28 12:00:00+00:00,78.416,80.984,77.9365,80.8555,31081
2026-02-28 16:00:00+00:00,80.854,81.524,79.9905,80.264,11937
2026-03-01 00:00:00+00:00,84.86,87.461,84.2295,86.7335,12098
2026-03-01 04:00:00+00:00,86.737,88.865,86.732,87.246,41855
2026-03-01 08:00:00+00:00,87.239,87.362,84.744,84.9915,32034
2026-03-01 12:00:00+00:00,84.991,86.937,84.469,86.0425,23341
2026-03-01 16:00:00+00:00,86.0555,86.8515,83.159,83.8865,37038
2026-03-01 20:00:00+00:00,83.8855,84.999,81.6275,83.0005,32387
2026-03-02 00:00:00+00:00,82.7615,86.173,82.3115,84.61,40617
2026-03-02 04:00:00+00:00,84.602,85.1055,83.449,84.2215,34087
2026-03-02 08:00:00+00:00,84.2205,84.2455,82.333,83.6105,39710
2026-03-02 12:00:00+00:00,83.5995,84.25,82.8655,83.0275,32980
2026-03-02 16:00:00+00:00,83.0275,90.2665,82.7355,87.583,67178
2026-03-02 20:00:00+00:00,87.583,88.0665,86.6625,87.5155,47328
2026-03-03 00:00:00+00:00,87.355,88.161,86.0445,86.1335,32812
2026-03-03 04:00:00+00:00,86.132,86.7335,85.184,85.7325,35796
2026-03-03 08:00:00+00:00,85.7345,86.2445,83.899,84.2515,39276
2026-03-03 12:00:00+00:00,84.25,85.335,83.1375,83.5945,43103
2026-03-03 16:00:00+00:00,83.59,87.296,82.387,85.1475,71429
2026-03-03 20:00:00+00:00,85.152,85.992,84.121,85.1035,49055
2026-03-04 00:00:00+00:00,85.002,88.0725,85.002,87.235,33581
2026-03-04 04:00:00+00:00,87.2385,87.4785,84.7805,85.6515,42841
2026-03-04 08:00:00+00:00,85.6345,91.4185,84.9445,90.5185,55707
2026-03-04 12:00:00+00:00,90.5185,90.9995,88.64,89.9515,50923
2026-03-04 16:00:00+00:00,89.9515,93.141,89.4235,91.542,69807
2026-03-04 20:00:00+00:00,91.5525,94.0715,91.1255,92.345,48445
2026-03-05 00:00:00+00:00,92.1205,92.797,89.7205,89.9835,33657
2026-03-05 04:00:00+00:00,89.983,90.7285,89.59,90.16,39883
2026-03-05 08:00:00+00:00,90.1555,91.9215,89.66,91.19,43664
2026-03-05 12:00:00+00:00,91.19,92.961,90.4015,90.8185,46150
2026-03-05 16:00:00+00:00,90.818,91.485,87.904,88.1015,69829
2026-03-05 20:00:00+00:00,88.0925,89.84,87.9775,89.093,52866
2026-03-06 00:00:00+00:00,88.6235,89.3935,87.992,89.1175,29167
2026-03-06 04:00:00+00:00,89.1135,89.298,87.493,87.881,41520
2026-03-06 08:00:00+00:00,87.879,88.9055,87.151,87.4745,41362
2026-03-06 12:00:00+00:00,87.4725,87.9785,85.503,85.5505,47879
2026-03-06 16:00:00+00:00,85.5435,85.725,83.601,84.1715,59263
2026-03-06 20:00:00+00:00,84.1735,85.8665,84.1595,84.6185,37362
2026-03-07 00:00:00+00:00,84.865,85.048,84.4695,84.68,7014
2026-03-07 04:00:00+00:00,84.6785,85.0405,83.8905,84.3105,8968
2026-03-07 08:00:00+00:00,84.3105,84.6645,83.848,84.5535,13878
2026-03-07 12:00:00+00:00,84.551,84.8985,84.08,84.2785,11275
2026-03-07 16:00:00+00:00,84.2745,84.3945,83.4005,83.612,19360
2026-03-07 20:00:00+00:00,83.611,83.6225,82.2435,83.229,18788
2026-03-08 00:00:00+00:00,83.0455,83.4715,82.6345,82.9705,11891
2026-03-08 04:00:00+00:00,82.9745,83.094,81.723,82.4755,20061
2026-03-08 08:00:00+00:00,82.477,83.104,82.253,83.083,11964
2026-03-08 12:00:00+00:00,83.082,84.0935,81.562,82.2715,26003
2026-03-08 16:00:00+00:00,82.2715,82.4405,81.139,81.497,32348
2026-03-08 20:00:00+00:00,81.488,82.938,81.248,82.3415,25623
2026-03-09 00:00:00+00:00,82.3185,83.262,80.106,82.305,44005
2026-03-09 04:00:00+00:00,82.3085,84.4675,81.635,83.185,43000
2026-03-09 08:00:00+00:00,83.184,84.566,82.274,83.6925,43570
2026-03-09 12:00:00+00:00,83.6885,84.567,83.047,83.9725,40950
2026-03-09 16:00:00+00:00,83.9755,85.7095,83.9295,85.067,58132
2026-03-09 20:00:00+00:00,85.067,86.992,84.2385,85.82,44044
2026-03-10 00:00:00+00:00,85.75,86.306,84.7595,85.5025,28969
2026-03-10 04:00:00+00:00,85.5005,86.862,85.0395,86.5015,32807
2026-03-10 08:00:00+00:00,86.4935,87.398,85.955,86.6995,35183
2026-03-10 12:00:00+00:00,86.7055,87.6725,86.2685,86.6775,30987
2026-03-10 16:00:00+00:00,86.6765,88.6975,84.87,88.3825,54027
2026-03-10 20:00:00+00:00,88.3825,88.7865,85.6255,86.2105,48804
2026-03-11 00:00:00+00:00,86.0125,86.451,84.975,86.024,24319
2026-03-11 04:00:00+00:00,86.0205,86.8305,85.4745,86.713,28038
2026-03-11 08:00:00+00:00,86.713,86.8695,85.072,85.475,29195
2026-03-11 12:00:00+00:00,85.475,85.6465,84.2895,85.185,31938
2026-03-11 16:00:00+00:00,85.1945,87.3765,84.5115,86.429,52727
2026-03-11 20:00:00+00:00,86.4345,88.099,86.413,87.4355,37798
2026-03-12 00:00:00+00:00,87.315,87.8155,86.375,86.6655,23700
2026-03-12 04:00:00+00:00,86.67,86.6955,84.6585,85.0745,28381
2026-03-12 08:00:00+00:00,85.0735,86.1315,84.849,85.93,25471
2026-03-12 12:00:00+00:00,85.9325,87.506,85.4185,87.2475,32802
2026-03-12 16:00:00+00:00,87.247,87.6695,85.0685,86.806,53348
2026-03-12 20:00:00+00:00,86.8015,86.999,85.651,86.428,37874
2026-03-13 00:00:00+00:00,86.3365,91.0895,85.946,89.7695,29358
2026-03-13 04:00:00+00:00,89.7695,90.7335,88.859,89.326,35411
2026-03-13 08:00:00+00:00,89.324,89.6375,88.116,89.1345,34445
2026-03-13 12:00:00+00:00,89.1295,91.377,88.779,91.0075,39043
2026-03-13 16:00:00+00:00,90.9975,92.983,88.8145,89.61,53743
2026-03-13 20:00:00+00:00,89.6045,90.1335,88.3065,88.8805,36754
2026-03-14 00:00:00+00:00,88.59,88.7065,87.709,87.914,15682
2026-03-14 04:00:00+00:00,87.9165,88.672,87.755,88.2295,17091
2026-03-14 08:00:00+00:00,88.2365,88.376,86.906,87.14,18956
2026-03-14 12:00:00+00:00,87.133,87.3065,86.429,87.11,18882
2026-03-14 16:00:00+00:00,87.108,87.362,86.6085,87.0685,17962
2026-03-14 20:00:00+00:00,87.0595,87.133,86.7785,87.1015,12069
2026-03-15 00:00:00+00:00,86.7925,88.2005,86.7925,87.738,16091
2026-03-15 04:00:00+00:00,87.738,88.6355,87.5685,88.316,24128
2026-03-15 08:00:00+00:00,88.315,88.623,88.089,88.487,18674
2026-03-15 12:00:00+00:00,88.4805,88.8595,88.1345,88.2505,14729
2026-03-15 16:00:00+00:00,88.249,88.3855,87.3445,87.5415,20260
2026-03-15 20:00:00+00:00,87.531,88.982,87.4925,88.7685,22445
2026-03-16 00:00:00+00:00,88.5555,93.22,88.5485,92.01,36996
2026-03-16 04:00:00+00:00,91.99,94.201,91.173,93.614,39619
2026-03-16 08:00:00+00:00,93.6235,94.2885,92.5455,92.8385,34792
2026-03-16 12:00:00+00:00,92.8375,94.1625,92.697,93.7575,30128
2026-03-16 16:00:00+00:00,93.7665,95.058,92.356,93.7915,46961
2026-03-16 20:00:00+00:00,93.777,95.9435,93.651,95.884,38151
2026-03-17 00:00:00+00:00,95.6535,97.6295,95.099,95.473,33842
2026-03-17 04:00:00+00:00,95.473,96.06,93.173,93.7845,39497
2026-03-17 08:00:00+00:00,93.7925,94.929,93.3105,94.393,31784
2026-03-17 12:00:00+00:00,94.39,95.092,93.1075,93.4155,32988
2026-03-17 16:00:00+00:00,93.3945,95.133,93.2615,94.385,44217
2026-03-17 20:00:00+00:00,94.379,95.5965,94.1335,94.919,32353
2026-03-18 00:00:00+00:00,94.697,95.647,94.0745,94.5615,25202
2026-03-18 04:00:00+00:00,94.545,95.663,94.0075,94.144,26794
2026-03-18 08:00:00+00:00,94.131,94.6575,93.7345,94.023,24489
2026-03-18 12:00:00+00:00,94.023,94.4355,90.2605,90.3955,32489
2026-03-18 16:00:00+00:00,90.3915,90.749,88.51,88.943,44008
2026-03-18 20:00:00+00:00,88.935,90.8425,88.811,89.991,38298
2026-03-19 00:00:00+00:00,89.8815,90.596,89.651,90.082,20421
2026-03-19 04:00:00+00:00,90.0755,91.4035,89.719,89.889,27661
2026-03-19 08:00:00+00:00,89.8915,90.1275,88.5975,89.333,35271
2026-03-19 12:00:00+00:00,89.3315,90.4575,87.985,88.0795,31532
2026-03-19 16:00:00+00:00,88.0795,88.8535,86.9835,87.642,45315
2026-03-19 20:00:00+00:00,87.642,89.239,87.0375,88.9955,30055
2026-03-20 00:00:00+00:00,88.8415,89.4275,88.3645,89.408,16243
2026-03-20 04:00:00+00:00,89.3975,89.773,88.6795,89.2465,20328
2026-03-20 08:00:00+00:00,89.245,90.431,88.4485,89.7445,23346
2026-03-20 12:00:00+00:00,89.7445,89.7515,88.5665,89.096,26411
2026-03-20 16:00:00+00:00,89.096,89.691,88.411,88.8755,35415
2026-03-20 20:00:00+00:00,88.876,89.3205,88.0535,88.961,29918
2026-03-21 00:00:00+00:00,89.4365,90.2075,89.4365,89.99,10682
2026-03-21 04:00:00+00:00,89.9915,90.775,89.6765,90.2325,11769
2026-03-21 08:00:00+00:00,90.2435,90.4755,89.7755,89.944,10741
2026-03-21 12:00:00+00:00,89.944,90.354,89.7525,90.131,5858
2026-03-21 16:00:00+00:00,90.1295,90.3645,89.336,89.648,14128
2026-03-21 20:00:00+00:00,89.6495,90.235,89.3525,90.167,8333
2026-03-22 00:00:00+00:00,89.8975,90.185,86.203,87.2895,17531
2026-03-22 04:00:00+00:00,87.2715,89.168,86.9415,88.9745,21720
2026-03-22 08:00:00+00:00,88.9715,88.982,86.7685,87.309,16837
2026-03-22 12:00:00+00:00,87.3045,87.567,86.7245,87.212,12330
2026-03-22 16:00:00+00:00,87.212,87.6675,86.9355,87.4385,13514
2026-03-22 20:00:00+00:00,87.445,87.533,86.435,86.571,14955
2026-03-23 00:00:00+00:00,85.6955,86.9705,85.05,85.828,25639
2026-03-23 04:00:00+00:00,85.822,87.1515,85.6825,86.8555,25541
2026-03-23 08:00:00+00:00,86.86,87.2715,85.011,85.895,32796
2026-03-23 12:00:00+00:00,85.896,91.8625,85.121,90.177,39746
2026-03-23 16:00:00+00:00,90.156,92.245,89.308,90.308,42482
2026-03-23 20:00:00+00:00,90.281,91.954,89.637,91.784,29135
2026-03-24 00:00:00+00:00,91.418,91.903,90.513,90.933,19390
2026-03-24 04:00:00+00:00,90.925,91.006,89.88,90.293,27297
2026-03-24 08:00:00+00:00,90.287,91.8775,89.845,91.5075,27722
2026-03-24 12:00:00+00:00,91.4995,92.163,91.0205,91.5315,24594
2026-03-24 16:00:00+00:00,91.5315,91.72,88.6215,89.2355,41455
2026-03-24 20:00:00+00:00,89.229,90.1675,88.3315,89.9155,31673
2026-03-25 00:00:00+00:00,89.3815,91.5525,89.3815,91.251,18484
2026-03-25 04:00:00+00:00,91.2515,92.065,90.6905,91.9935,19062
2026-03-25 08:00:00+00:00,91.9935,92.896,91.7155,92.308,19920
2026-03-25 12:00:00+00:00,92.306,93.4085,92.062,93.003,25377
2026-03-25 16:00:00+00:00,93.0005,93.376,90.9325,92.1675,37887
2026-03-25 20:00:00+00:00,92.1645,92.293,91.063,91.405,22186
2026-03-26 00:00:00+00:00,91.144,91.9265,90.9265,91.6375,15312
2026-03-26 04:00:00+00:00,91.641,91.9145,90.538,90.7505,19245
2026-03-26 08:00:00+00:00,90.7385,90.795,88.5795,88.8095,25194
2026-03-26 12:00:00+00:00,88.814,88.959,87.3205,87.521,21854
2026-03-26 16:00:00+00:00,87.526,88.1645,86.6215,87.128,29102
2026-03-26 20:00:00+00:00,87.1205,87.4115,85.3125,86.2485,23999
2026-03-27 00:00:00+00:00,86.0355,86.973,86.0355,86.47,14750
2026-03-27 04:00:00+00:00,86.4545,86.981,85.673,86.085,15357
2026-03-27 08:00:00+00:00,86.0715,86.6905,84.2585,85.0185,22244
2026-03-27 12:00:00+00:00,85.0175,85.1645,82.539,82.9945,25059
2026-03-27 16:00:00+00:00,82.993,83.91,82.318,82.9185,31381
2026-03-27 20:00:00+00:00,82.901,83.3075,81.7225,82.7275,22431
2026-03-28 00:00:00+00:00,82.7195,83.0475,82.38,82.748,7973
2026-03-28 04:00:00+00:00,82.7405,82.8175,82.157,82.48,12150
2026-03-28 08:00:00+00:00,82.4535,83.592,82.2655,83.301,11701
2026-03-28 12:00:00+00:00,83.2965,83.305,82.5505,82.5805,11209
2026-03-28 16:00:00+00:00,82.5805,84.085,82.557,83.4365,18669
2026-03-28 20:00:00+00:00,83.415,83.613,82.892,83.316,10492
2026-03-29 00:00:00+00:00,83.2285,83.2935,81.626,82.1065,15095
2026-03-29 04:00:00+00:00,82.1015,83.138,81.9875,82.69,10523
2026-03-29 08:00:00+00:00,82.69,82.7795,82.1245,82.3685,8900
2026-03-29 12:00:00+00:00,82.3655,82.7375,81.8615,82.364,9337
2026-03-29 16:00:00+00:00,82.37,82.391,81.264,81.5905,13774
2026-03-29 20:00:00+00:00,81.5895,82.107,81.067,81.8005,9699
2026-03-30 00:00:00+00:00,81.9255,82.8945,78.8135,81.777,25311
2026-03-30 04:00:00+00:00,81.7865,83.8375,81.782,83.6695,23823
2026-03-30 08:00:00+00:00,83.666,84.745,83.2785,84.402,18065
2026-03-30 12:00:00+00:00,84.405,84.567,83.434,84.4165,16610
2026-03-30 16:00:00+00:00,84.413,84.8675,83.5475,84.1215,29580
2026-03-30 20:00:00+00:00,84.116,84.334,81.844,82.702,21075
2026-03-31 00:00:00+00:00,82.6285,83.568,82.038,82.6285,18466
2026-03-31 04:00:00+00:00,82.605,84.4765,82.487,83.222,26009
2026-03-31 08:00:00+00:00,83.224,83.7015,82.115,82.1585,21923
2026-03-31 12:00:00+00:00,82.1565,82.3805,79.928,80.69,23838
2026-03-31 16:00:00+00:00,80.687,82.7815,80.3125,82.287,37864
2026-03-31 20:00:00+00:00,82.2815,83.3555,82.054,83.0795,25457
2026-04-01 00:00:00+00:00,82.5655,83.475,82.2275,83.304,12528
2026-04-01 04:00:00+00:00,83.2825,83.7455,82.3675,83.666,14251
2026-04-01 08:00:00+00:00,83.657,84.6505,83.268,83.556,23946
2026-04-01 12:00:00+00:00,83.548,83.6955,82.73,82.977,17418
2026-04-01 16:00:00+00:00,82.9775,85.2765,82.3225,85.213,30608
2026-04-01 20:00:00+00:00,85.209,86.582,82.2475,82.5115,26850
2026-04-02 00:00:00+00:00,81.9815,83.1455,80.714,81.558,20092
2026-04-02 04:00:00+00:00,81.558,81.575,78.237,78.772,29417
2026-04-02 08:00:00+00:00,78.7655,79.6155,78.531,79.072,17300
2026-04-02 12:00:00+00:00,79.0785,79.3145,77.8235,77.9215,17313
2026-04-02 16:00:00+00:00,77.9195,79.803,76.622,79.384,34258
2026-04-02 20:00:00+00:00,79.371,79.63,78.38,79.1575,19856
2026-04-03 00:00:00+00:00,79.0995,79.3345,78.577,79.155,13404
2026-04-03 04:00:00+00:00,79.152,79.727,78.782,79.267,15616
2026-04-03 08:00:00+00:00,79.2715,80.09,79.009,79.7115,16752
2026-04-03 12:00:00+00:00,79.7125,80.781,79.181,79.2755,15933
2026-04-03 16:00:00+00:00,79.286,80.5935,79.1145,80.4745,19040
2026-04-03 20:00:00+00:00,80.4785,80.481,79.7905,80.128,12446
2026-04-04 00:00:00+00:00,80.429,80.5985,79.864,80.1505,7609
2026-04-04 04:00:00+00:00,80.151,80.2435,79.9775,80.17,6823
2026-04-04 08:00:00+00:00,80.171,80.463,79.8605,79.911,7706
2026-04-04 12:00:00+00:00,79.9105,80.2065,79.8365,80.0295,12249
2026-04-04 16:00:00+00:00,80.0295,81.5205,79.5175,80.672,18808
2026-04-04 20:00:00+00:00,80.672,81.233,80.515,80.728,9279
2026-04-05 00:00:00+00:00,81.31,81.31,80.4645,80.652,5984
2026-04-05 04:00:00+00:00,80.6485,80.7425,80.2285,80.2715,6550
2026-04-05 08:00:00+00:00,80.266,80.366,79.3435,79.547,11216
2026-04-05 12:00:00+00:00,79.542,80.162,78.7505,78.944,7151
2026-04-05 16:00:00+00:00,78.9445,80.2405,78.4555,79.397,14114
2026-04-05 20:00:00+00:00,79.3895,80.155,79.309,80.0695,9174
2026-04-06 00:00:00+00:00,80.0225,82.895,78.968,82.2575,23378
2026-04-06 04:00:00+00:00,82.259,82.709,81.556,81.9335,19622
2026-04-06 08:00:00+00:00,81.929,82.19,80.904,81.9335,15801
2026-04-06 12:00:00+00:00,81.9245,83.1035,81.8175,82.242,17304
2026-04-06 16:00:00+00:00,82.247,82.682,81.512,81.542,8552
2026-04-06 20:00:00+00:00,81.542,82.142,81.092,81.932,4440
2026-04-07 00:00:00+00:00,81.852,81.912,79.512,79.812,5364
2026-04-07 04:00:00+00:00,79.812,80.092,79.302,79.852,4899
2026-04-07 08:00:00+00:00,79.852,80.272,79.222,80.072,4172
2026-04-07 12:00:00+00:00,80.072,80.512,78.592,79.042,6255
2026-04-07 16:00:00+00:00,79.042,79.152,78.272,78.802,8738
2026-04-07 20:00:00+00:00,78.802,82.342,78.732,81.832,8663
2026-04-08 00:00:00+00:00,81.802,86.922,81.792,84.662,15733
2026-04-08 04:00:00+00:00,84.662,84.942,84.282,84.412,5264
2026-04-08 08:00:00+00:00,84.412,84.792,83.782,84.782,5010
2026-04-08 12:00:00+00:00,84.782,84.902,84.022,84.482,5535
2026-04-08 16:00:00+00:00,84.482,84.912,82.442,83.442,13167
2026-04-08 20:00:00+00:00,83.442,84.132,82.702,83.192,6612
2026-04-09 00:00:00+00:00,83.152,83.552,82.022,82.142,4400
2026-04-09 04:00:00+00:00,82.142,82.362,81.642,81.762,4461
2026-04-09 08:00:00+00:00,81.772,82.592,81.662,82.402,4070
2026-04-09 12:00:00+00:00,82.392,82.642,81.922,82.202,3880
2026-04-09 16:00:00+00:00,82.212,84.172,81.342,83.632,11772
2026-04-09 20:00:00+00:00,83.632,84.682,83.382,84.302,7239
2026-04-10 00:00:00+00:00,84.182,85.862,82.832,83.072,6332
2026-04-10 04:00:00+00:00,83.072,83.722,82.622,83.282,4603
2026-04-10 08:00:00+00:00,83.282,83.522,82.642,82.862,4462
2026-04-10 12:00:00+00:00,82.852,84.392,82.842,84.072,5635
2026-04-10 16:00:00+00:00,84.072,85.542,83.532,84.792,10269
2026-04-10 20:00:00+00:00,84.792,85.582,84.412,85.242,4880
2026-04-11 00:00:00+00:00,85.042,85.232,84.482,84.632,2205
2026-04-11 04:00:00+00:00,84.632,84.882,84.192,84.342,2836
2026-04-11 08:00:00+00:00,84.342,84.402,83.842,84.122,1916
2026-04-11 12:00:00+00:00,84.112,84.752,83.752,84.202,2372
2026-04-11 16:00:00+00:00,84.202,85.332,83.802,84.932,3885
2026-04-11 20:00:00+00:00,84.932,86.202,84.592,85.352,5376
2026-04-12 00:00:00+00:00,85.292,86.102,84.472,84.842,3417
2026-04-12 04:00:00+00:00,84.842,84.932,81.842,82.172,8614
2026-04-12 08:00:00+00:00,82.162,82.462,82.032,82.242,2695
2026-04-12 12:00:00+00:00,82.242,82.502,81.882,81.972,3339
2026-04-12 16:00:00+00:00,81.982,82.192,81.252,81.832,4412
2026-04-12 20:00:00+00:00,81.832,82.832,81.712,82.592,2626
2026-04-13 00:00:00+00:00,82.682,82.832,81.232,82.082,6985
2026-04-13 04:00:00+00:00,82.082,82.382,81.672,81.842,3990
2026-04-13 08:00:00+00:00,81.862,82.542,81.462,81.802,4609
2026-04-13 12:00:00+00:00,81.802,82.732,81.582,82.472,4705
2026-04-13 16:00:00+00:00,82.492,83.772,82.242,83.302,11243
2026-04-13 20:00:00+00:00,83.312,84.342,82.542,83.982,6345
2026-04-14 00:00:00+00:00,83.912,86.732,83.802,85.862,7901
2026-04-14 04:00:00+00:00,85.862,86.342,85.542,85.872,2453
2026-04-14 08:00:00+00:00,85.872,86.352,85.402,86.082,2586
2026-04-14 12:00:00+00:00,86.082,86.512,85.552,85.902,2729
2026-04-14 16:00:00+00:00,85.912,87.642,84.752,85.012,10056
2026-04-14 20:00:00+00:00,85.012,85.422,83.382,83.422,6265
2026-04-15 00:00:00+00:00,83.582,84.032,83.272,83.752,3296
2026-04-15 04:00:00+00:00,83.752,83.992,83.102,83.572,2857
2026-04-15 08:00:00+00:00,83.562,83.752,82.622,83.092,4516
2026-04-15 12:00:00+00:00,83.102,83.832,82.842,83.672,4171
2026-04-15 16:00:00+00:00,83.682,84.662,83.192,84.502,8998
2026-04-15 20:00:00+00:00,84.502,85.782,84.402,84.742,6739
2026-04-16 00:00:00+00:00,84.592,85.542,84.122,84.902,5368
2026-04-16 04:00:00+00:00,84.882,85.532,84.422,85.192,4752
2026-04-16 08:00:00+00:00,85.172,85.592,84.852,84.982,3409
2026-04-16 12:00:00+00:00,84.982,85.462,84.562,85.322,4599
2026-04-16 16:00:00+00:00,85.312,87.042,83.752,85.882,15172
2026-04-16 20:00:00+00:00,85.882,90.372,85.652,89.532,10813
2026-04-17 00:00:00+00:00,89.562,89.702,88.512,88.752,6809
2026-04-17 04:00:00+00:00,88.762,88.962,87.402,87.932,6334
2026-04-17 08:00:00+00:00,87.922,89.022,87.282,88.882,6331
2026-04-17 12:00:00+00:00,88.882,89.472,87.312,88.832,9102
2026-04-17 16:00:00+00:00,88.822,90.712,88.542,90.382,19137
2026-04-17 20:00:00+00:00,90.382,90.382,88.452,88.862,10281
2026-04-18 00:00:00+00:00,89.022,89.412,88.432,88.922,3235
2026-04-18 04:00:00+00:00,88.922,89.112,88.202,88.312,2801
2026-04-18 08:00:00+00:00,88.312,88.592,87.052,87.492,3112
2026-04-18 12:00:00+00:00,87.492,87.612,86.232,86.852,6896
2026-04-18 16:00:00+00:00,86.852,86.922,86.372,86.632,4610
2026-04-18 20:00:00+00:00,86.632,86.792,85.742,86.142,4361
2026-04-19 00:00:00+00:00,86.132,86.382,85.822,85.972,2792
2026-04-19 04:00:00+00:00,85.972,86.172,85.112,85.542,4688
2026-04-19 08:00:00+00:00,85.542,85.762,84.392,84.762,5561
2026-04-19 12:00:00+00:00,84.762,85.882,84.392,85.762,4182
2026-04-19 16:00:00+00:00,85.752,87.062,85.562,85.812,8323
2026-04-19 20:00:00+00:00,85.812,85.942,84.722,84.982,6109
2026-04-20 00:00:00+00:00,84.922,85.202,82.922,83.942,9257
2026-04-20 04:00:00+00:00,83.952,84.582,83.682,84.532,4594
2026-04-20 08:00:00+00:00,84.532,85.702,83.702,84.622,8953
2026-04-20 12:00:00+00:00,84.632,85.512,84.582,85.292,8940
2026-04-20 16:00:00+00:00,85.282,85.842,84.382,85.262,16161
2026-04-20 20:00:00+00:00,85.262,86.162,85.212,85.932,4967
2026-04-21 00:00:00+00:00,85.952,86.122,85.172,85.632,3121
2026-04-21 04:00:00+00:00,85.632,85.782,84.962,85.382,2831
2026-04-21 08:00:00+00:00,85.372,86.312,85.132,85.752,3913
2026-04-21 12:00:00+00:00,85.752,86.272,85.132,85.492,3342
2026-04-21 16:00:00+00:00,85.492,86.852,85.262,85.642,7950
2026-04-21 20:00:00+00:00,85.632,85.712,84.252,85.542,9854
2026-04-22 00:00:00+00:00,85.502,86.492,84.932,86.442,4321
2026-04-22 04:00:00+00:00,86.442,87.832,86.042,87.032,5667
2026-04-22 08:00:00+00:00,87.042,88.252,86.962,87.932,4158
2026-04-22 12:00:00+00:00,87.932,88.802,87.782,88.542,3735
2026-04-22 16:00:00+00:00,88.542,89.272,87.492,87.592,7633
2026-04-22 20:00:00+00:00,87.592,88.332,87.042,87.102,4757
2026-04-23 00:00:00+00:00,87.102,87.672,85.932,86.812,3470
2026-04-23 04:00:00+00:00,86.812,86.812,85.442,85.922,3406
2026-04-23 08:00:00+00:00,85.922,86.162,85.472,85.662,2432
2026-04-23 12:00:00+00:00,85.662,86.032,85.172,85.912,3234
2026-04-23 16:00:00+00:00,85.912,86.592,85.502,85.772,6564
2026-04-23 20:00:00+00:00,85.782,85.842,84.442,85.592,8195
2026-04-24 00:00:00+00:00,85.552,86.332,85.472,86.162,2783
2026-04-24 04:00:00+00:00,86.162,86.322,85.132,85.262,2621
2026-04-24 08:00:00+00:00,85.262,85.762,85.102,85.302,2842
2026-04-24 12:00:00+00:00,85.302,86.752,84.922,86.282,4299
2026-04-24 16:00:00+00:00,86.272,86.542,85.482,86.292,8162
2026-04-24 20:00:00+00:00,86.292,86.902,85.892,86.782,3961
2026-04-25 00:00:00+00:00,86.392,86.462,85.972,86.192,1297
2026-04-25 04:00:00+00:00,86.202,86.452,86.072,86.272,1302
2026-04-25 08:00:00+00:00,86.262,86.742,86.072,86.562,1278
2026-04-25 12:00:00+00:00,86.572,86.732,86.172,86.332,1491
2026-04-25 16:00:00+00:00,86.332,86.612,85.562,85.842,2463
2026-04-25 20:00:00+00:00,85.842,85.872,85.492,85.872,1669
2026-04-26 00:00:00+00:00,85.872,86.152,85.692,85.962,1660
2026-04-26 04:00:00+00:00,85.972,86.652,85.782,86.372,1480
2026-04-26 08:00:00+00:00,86.372,86.702,86.092,86.512,1837
2026-04-26 12:00:00+00:00,86.512,86.562,85.842,86.032,1441
2026-04-26 16:00:00+00:00,86.032,86.532,85.922,86.352,1949
2026-04-26 20:00:00+00:00,86.352,87.162,86.212,86.672,2381
2026-04-27 00:00:00+00:00,86.702,87.342,86.142,87.252,4606
2026-04-27 04:00:00+00:00,87.302,88.022,87.212,87.452,4480
2026-04-27 08:00:00+00:00,87.462,87.472,84.982,85.432,5844
2026-04-27 12:00:00+00:00,85.442,85.562,84.862,85.032,3124
2026-04-27 16:00:00+00:00,85.022,85.802,83.592,84.212,8444
2026-04-27 20:00:00+00:00,84.212,84.622,83.772,84.192,2298
2026-04-28 00:00:00+00:00,84.142,84.852,84.042,84.752,1689
2026-04-28 04:00:00+00:00,84.752,84.792,83.752,84.002,2000
2026-04-28 08:00:00+00:00,84.002,84.372,83.592,83.882,2074
2026-04-28 12:00:00+00:00,83.882,83.892,83.182,83.612,2505
2026-04-28 16:00:00+00:00,83.602,83.912,82.912,83.512,4482
2026-04-28 20:00:00+00:00,83.502,83.942,83.302,83.742,1862
2026-04-29 00:00:00+00:00,83.722,84.142,83.522,83.982,1598
2026-04-29 04:00:00+00:00,83.982,84.992,83.732,84.902,2961
2026-04-29 08:00:00+00:00,84.892,84.952,84.272,84.422,3231
2026-04-29 12:00:00+00:00,84.412,85.482,83.882,84.172,2906
2026-04-29 16:00:00+00:00,84.162,84.202,82.872,83.032,4574
2026-04-29 20:00:00+00:00,83.032,83.342,81.302,82.582,7100
2026-04-30 00:00:00+00:00,82.462,83.922,82.422,83.722,3303
2026-04-30 04:00:00+00:00,83.722,83.902,82.262,82.292,4202
2026-04-30 08:00:00+00:00,82.292,83.322,82.052,83.012,3070
2026-04-30 12:00:00+00:00,83.012,83.452,82.692,83.112,2876
2026-04-30 16:00:00+00:00,83.112,83.742,82.592,82.922,4103
2026-04-30 20:00:00+00:00,82.912,83.212,82.772,83.022,2899
2026-05-01 00:00:00+00:00,83.002,83.312,82.682,83.102,1065
2026-05-01 04:00:00+00:00,83.102,84.302,83.092,83.732,2085
2026-05-01 08:00:00+00:00,83.732,84.222,83.592,84.092,2430
2026-05-01 12:00:00+00:00,84.092,84.492,83.642,84.182,3092
2026-05-01 16:00:00+00:00,84.182,84.782,83.822,83.932,5375
2026-05-01 20:00:00+00:00,83.932,84.232,83.242,83.382,2142
2026-05-02 00:00:00+00:00,83.602,83.812,83.372,83.752,1409
2026-05-02 04:00:00+00:00,83.732,84.112,83.492,83.552,1658
2026-05-02 08:00:00+00:00,83.562,83.812,83.462,83.762,1149
2026-05-02 12:00:00+00:00,83.772,84.082,83.462,83.782,1128
2026-05-02 16:00:00+00:00,83.782,84.182,83.782,84.102,1058
2026-05-02 20:00:00+00:00,84.102,84.232,83.882,84.102,796
2026-05-03 00:00:00+00:00,84.132,84.802,83.772,84.002,2124
2026-05-03 04:00:00+00:00,84.002,84.012,83.512,83.622,1277
2026-05-03 08:00:00+00:00,83.622,83.932,83.522,83.822,1046
2026-05-03 12:00:00+00:00,83.822,84.142,83.692,84.022,1235
2026-05-03 16:00:00+00:00,84.022,84.362,83.912,84.062,1343
2026-05-03 20:00:00+00:00,84.062,84.642,83.932,84.252,1355
2026-05-04 00:00:00+00:00,84.252,84.882,83.282,83.702,4298
2026-05-04 04:00:00+00:00,83.712,85.812,83.362,85.672,6190
2026-05-04 08:00:00+00:00,85.672,85.712,84.432,84.682,3154
2026-05-04 12:00:00+00:00,84.682,85.102,83.182,83.822,5441
2026-05-04 16:00:00+00:00,83.822,85.272,83.532,84.412,8146
2026-05-04 20:00:00+00:00,84.412,85.112,83.982,84.002,3155
2026-05-05 00:00:00+00:00,84.022,84.472,83.952,84.232,2070
2026-05-05 04:00:00+00:00,84.232,84.882,84.082,84.692,2635
2026-05-05 08:00:00+00:00,84.692,85.042,84.472,84.712,2468
2026-05-05 12:00:00+00:00,84.702,85.282,84.372,85.242,1951
2026-05-05 16:00:00+00:00,85.242,86.022,84.992,85.262,5550
2026-05-05 20:00:00+00:00,85.252,86.842,85.052,86.522,3714
2026-05-06 00:00:00+00:00,86.552,86.912,86.032,86.302,3567
2026-05-06 04:00:00+00:00,86.302,87.392,86.242,86.722,3307
2026-05-06 08:00:00+00:00,86.722,89.102,86.672,88.942,4250
2026-05-06 12:00:00+00:00,88.942,89.932,88.512,89.572,5264
2026-05-06 16:00:00+00:00,89.572,89.572,87.382,89.092,8219
2026-05-06 20:00:00+00:00,89.092,89.532,88.412,89.012,4842
2026-05-07 00:00:00+00:00,89.152,89.492,88.142,88.232,2908
2026-05-07 04:00:00+00:00,88.222,88.432,87.552,88.272,4730
2026-05-07 08:00:00+00:00,88.272,90.342,88.142,89.492,5526
2026-05-07 12:00:00+00:00,89.492,90.012,88.662,89.682,4488
2026-05-07 16:00:00+00:00,89.682,89.682,87.722,88.332,8684
2026-05-07 20:00:00+00:00,88.312,88.972,87.892,88.002,6381
2026-05-08 00:00:00+00:00,87.992,88.562,87.572,88.182,3369
2026-05-08 04:00:00+00:00,88.182,88.272,87.522,88.082,3735
2026-05-08 08:00:00+00:00,88.082,88.532,87.572,88.282,3216
2026-05-08 12:00:00+00:00,88.292,88.762,88.132,88.382,2409
2026-05-08 16:00:00+00:00,88.382,89.682,87.942,89.502,7721
2026-05-08 20:00:00+00:00,89.502,92.722,89.482,92.042,6890
2026-05-09 00:00:00+00:00,92.282,92.612,91.682,92.402,1853
2026-05-09 04:00:00+00:00,92.392,94.082,92.372,93.142,3561
2026-05-09 08:00:00+00:00,93.142,94.022,92.752,93.622,2348
2026-05-09 12:00:00+00:00,93.622,93.632,92.992,93.362,2183
2026-05-09 16:00:00+00:00,93.362,93.372,92.312,92.692,3625
2026-05-09 20:00:00+00:00,92.692,93.552,92.672,93.192,2167
2026-05-10 00:00:00+00:00,93.182,93.452,92.842,92.922,1469
2026-05-10 04:00:00+00:00,92.932,93.432,92.512,93.292,1758
2026-05-10 08:00:00+00:00,93.282,93.982,93.182,93.952,1293
2026-05-10 12:00:00+00:00,93.962,94.722,92.842,93.242,3045
2026-05-10 16:00:00+00:00,93.212,94.892,93.172,94.752,4099
2026-05-10 20:00:00+00:00,94.752,96.802,93.352,94.402,8000
2026-05-11 00:00:00+00:00,94.572,96.772,94.502,95.702,9939
2026-05-11 04:00:00+00:00,95.702,96.312,94.352,94.882,6244
2026-05-11 08:00:00+00:00,94.882,96.062,94.482,94.682,4676
2026-05-11 12:00:00+00:00,94.682,95.472,94.582,94.692,4424
2026-05-11 16:00:00+00:00,94.692,97.892,94.232,97.242,10058
2026-05-11 20:00:00+00:00,97.242,98.302,96.792,97.572,7522
2026-05-12 00:00:00+00:00,97.572,97.762,97.022,97.432,3836
2026-05-12 04:00:00+00:00,97.412,97.582,95.452,96.272,5502
2026-05-12 08:00:00+00:00,96.262,96.902,95.332,95.552,5305
2026-05-12 12:00:00+00:00,95.552,95.952,94.282,95.112,5699
2026-05-12 16:00:00+00:00,95.112,95.292,93.492,93.732,11255
2026-05-12 20:00:00+00:00,93.732,94.902,93.722,94.612,4218
2026-05-13 00:00:00+00:00,94.712,94.942,93.962,94.382,2322
2026-05-13 04:00:00+00:00,94.392,95.902,94.382,95.442,3925
2026-05-13 08:00:00+00:00,95.402,95.662,94.792,95.462,2368
2026-05-13 12:00:00+00:00,95.472,95.772,92.182,93.052,5155
2026-05-13 16:00:00+00:00,93.052,93.342,90.152,90.752,9968
2026-05-13 20:00:00+00:00,90.762,91.312,90.382,91.072,4392
2026-05-14 00:00:00+00:00,91.122,91.312,90.542,91.112,3543
2026-05-14 04:00:00+00:00,91.112,91.242,89.722,90.362,5373
2026-05-14 08:00:00+00:00,90.372,91.662,90.312,90.952,4156
2026-05-14 12:00:00+00:00,90.952,91.162,90.422,91.092,3602
2026-05-14 16:00:00+00:00,91.092,93.582,90.522,93.222,10344
2026-05-14 20:00:00+00:00,93.222,93.562,92.212,92.612,6976
2026-05-15 00:00:00+00:00,92.702,92.852,92.022,92.312,3200
2026-05-15 04:00:00+00:00,92.322,92.452,91.162,91.192,6017
2026-05-15 08:00:00+00:00,91.192,91.622,90.162,91.162,6261
2026-05-15 12:00:00+00:00,91.172,91.482,90.472,90.572,4208
2026-05-15 16:00:00+00:00,90.562,90.562,88.412,89.382,10649
2026-05-15 20:00:00+00:00,89.372,89.962,88.962,89.152,3641
2026-05-16 00:00:00+00:00,89.012,89.292,88.862,89.092,1367
2026-05-16 04:00:00+00:00,89.092,89.262,88.072,88.732,2534
2026-05-16 08:00:00+00:00,88.742,88.792,86.612,87.372,4785
2026-05-16 12:00:00+00:00,87.372,87.382,85.412,86.152,5318
2026-05-16 16:00:00+00:00,86.152,86.662,85.962,86.522,3277
2026-05-16 20:00:00+00:00,86.522,86.842,86.502,86.592,1862
2026-05-17 08:00:00+00:00,86.802,86.992,86.492,86.712,1467
2026-05-17 12:00:00+00:00,86.712,87.152,86.602,86.652,2395
2026-05-17 16:00:00+00:00,86.652,86.672,85.862,86.182,2743
2026-05-17 20:00:00+00:00,86.202,86.812,85.902,86.552,2067
2026-05-18 00:00:00+00:00,86.522,86.842,83.342,85.232,8313
2026-05-18 04:00:00+00:00,85.232,85.352,84.432,85.142,6084
2026-05-18 08:00:00+00:00,85.132,85.242,84.172,84.782,4784
2026-05-18 12:00:00+00:00,84.782,85.672,83.972,85.452,4964
2026-05-18 16:00:00+00:00,85.452,85.462,83.502,84.202,8772
2026-05-18 20:00:00+00:00,84.202,85.282,83.382,84.802,5162
2026-05-19 00:00:00+00:00,84.842,85.822,84.672,85.452,3323
2026-05-19 04:00:00+00:00,85.442,85.472,84.482,85.022,3299
2026-05-19 08:00:00+00:00,85.022,85.502,84.342,85.112,3073
2026-05-19 12:00:00+00:00,85.112,85.172,84.132,84.642,2269
2026-05-19 16:00:00+00:00,84.642,84.962,83.562,84.692,5668
2026-05-19 20:00:00+00:00,84.702,84.892,84.092,84.392,3386
2026-05-20 00:00:00+00:00,84.302,84.502,83.772,84.082,3029
2026-05-20 04:00:00+00:00,84.092,84.392,83.722,84.072,4079
2026-05-20 08:00:00+00:00,84.072,85.012,84.072,84.832,3288
2026-05-20 12:00:00+00:00,84.822,85.182,84.452,84.962,2200
2026-05-20 16:00:00+00:00,84.962,86.682,84.052,86.322,7322
2026-05-20 20:00:00+00:00,86.332,86.922,85.402,86.022,3745
2026-05-21 00:00:00+00:00,85.982,86.672,85.482,86.472,2720
2026-05-21 04:00:00+00:00,86.472,87.042,86.292,86.822,3133
2026-05-21 08:00:00+00:00,86.812,87.042,86.052,86.702,2443
2026-05-21 12:00:00+00:00,86.702,86.892,85.272,85.612,3106
2026-05-21 16:00:00+00:00,85.612,86.732,85.172,86.092,6453
2026-05-21 20:00:00+00:00,86.092,87.842,86.022,87.402,6727
2026-05-22 00:00:00+00:00,87.482,87.552,86.682,86.692,2460
2026-05-22 04:00:00+00:00,86.682,87.222,86.452,86.832,2307
2026-05-22 08:00:00+00:00,86.832,87.342,86.342,86.972,2985
2026-05-22 12:00:00+00:00,86.962,87.602,86.542,87.582,3920
2026-05-22 16:00:00+00:00,87.572,87.692,86.102,86.752,5473
2026-05-22 20:00:00+00:00,86.752,87.012,83.842,84.862,5774
2026-05-23 00:00:00+00:00,84.972,85.112,83.832,84.262,2520
2026-05-23 04:00:00+00:00,84.262,84.582,84.052,84.242,1686
2026-05-23 08:00:00+00:00,84.252,84.342,81.352,81.972,5005
2026-05-23 12:00:00+00:00,81.972,82.392,81.822,82.322,1847
2026-05-23 16:00:00+00:00,82.322,84.362,82.322,83.942,3569
2026-05-23 20:00:00+00:00,83.942,86.752,83.842,86.722,4825
2026-05-24 00:00:00+00:00,87.222,87.242,85.342,85.712,4344
2026-05-24 04:00:00+00:00,85.712,86.042,85.452,85.752,2117
2026-05-24 08:00:00+00:00,85.752,86.492,85.412,86.312,1765
2026-05-24 12:00:00+00:00,86.312,86.792,86.002,86.162,2278
2026-05-24 16:00:00+00:00,86.182,86.272,84.322,85.472,3790
2026-05-24 20:00:00+00:00,85.472,85.622,84.412,84.562,2133
2026-05-25 00:00:00+00:00,84.562,85.472,83.512,85.322,5137
2026-05-25 04:00:00+00:00,85.322,85.742,84.622,85.662,3655
2026-05-25 08:00:00+00:00,85.682,85.992,85.432,85.862,2492
2026-05-25 12:00:00+00:00,85.862,86.042,85.512,85.732,1688
2026-05-25 16:00:00+00:00,85.732,86.372,85.622,86.112,2615
2026-05-25 20:00:00+00:00,86.112,86.232,85.172,85.232,1907
2026-05-26 00:00:00+00:00,85.312,85.402,83.762,84.242,3365
2026-05-26 04:00:00+00:00,84.252,84.402,83.702,84.212,3406
2026-05-26 08:00:00+00:00,84.212,84.822,83.932,84.292,3244
2026-05-26 12:00:00+00:00,84.292,85.632,84.192,85.152,4308
2026-05-26 16:00:00+00:00,85.142,85.952,83.752,84.062,9381
2026-05-26 20:00:00+00:00,84.062,84.232,82.972,83.742,4841
2026-05-27 00:00:00+00:00,83.722,83.982,83.342,83.962,2585
2026-05-27 04:00:00+00:00,83.962,84.002,82.672,83.452,3230
2026-05-27 08:00:00+00:00,83.442,84.222,83.372,83.732,3087
2026-05-27 12:00:00+00:00,83.732,84.472,83.362,83.732,3817
2026-05-27 16:00:00+00:00,83.732,84.612,82.772,83.972,8456
2026-05-27 20:00:00+00:00,83.972,83.992,82.962,83.622,5404
2026-05-28 00:00:00+00:00,83.532,83.582,81.922,82.502,8199
2026-05-28 04:00:00+00:00,82.502,82.562,79.842,80.692,9348
2026-05-28 08:00:00+00:00,80.692,81.082,80.222,80.782,4438
2026-05-28 12:00:00+00:00,80.772,81.122,80.382,80.922,2879
2026-05-28 16:00:00+00:00,80.922,81.982,79.822,81.872,8983
2026-05-28 20:00:00+00:00,81.872,82.832,81.612,82.132,5705
2026-05-29 00:00:00+00:00,82.162,82.492,81.742,82.152,3072
2026-05-29 04:00:00+00:00,82.152,82.302,81.202,81.742,3618
2026-05-29 08:00:00+00:00,81.742,82.322,81.652,82.032,3613
2026-05-29 12:00:00+00:00,82.042,82.472,81.132,81.322,3032
2026-05-29 16:00:00+00:00,81.322,83.052,80.172,82.752,12612
2026-05-29 20:00:00+00:00,82.752,83.042,81.422,81.962,7249
2026-05-30 00:00:00+00:00,81.882,82.172,81.452,82.132,1542
2026-05-30 04:00:00+00:00,82.132,82.912,81.702,82.152,1936
2026-05-30 08:00:00+00:00,82.152,82.562,82.022,82.052,1395
2026-05-30 12:00:00+00:00,82.052,82.362,82.032,82.252,990
2026-05-30 16:00:00+00:00,82.252,82.742,82.072,82.702,2403
2026-05-30 20:00:00+00:00,82.692,82.952,82.442,82.782,2073
2026-05-31 00:00:00+00:00,82.762,82.972,82.272,82.742,1939
2026-05-31 04:00:00+00:00,82.732,83.212,82.692,83.012,2102
2026-05-31 08:00:00+00:00,83.012,83.032,82.332,82.622,1524
2026-05-31 12:00:00+00:00,82.622,82.862,82.292,82.632,1745
2026-05-31 16:00:00+00:00,82.652,82.932,81.242,81.402,3916
2026-05-31 20:00:00+00:00,81.382,81.822,81.152,81.792,2508
2026-06-01 00:00:00+00:00,81.772,82.912,81.692,82.632,6869
2026-06-01 04:00:00+00:00,82.632,82.792,81.432,81.852,6939
2026-06-01 08:00:00+00:00,81.852,81.932,80.272,80.812,7279
2026-06-01 12:00:00+00:00,80.812,81.112,80.072,80.652,7015
2026-06-01 16:00:00+00:00,80.652,80.702,78.922,80.222,12534
2026-06-01 20:00:00+00:00,80.222,81.162,80.102,80.872,5134
2026-06-02 00:00:00+00:00,80.892,81.462,80.152,80.722,4486
2026-06-02 04:00:00+00:00,80.722,80.872,79.252,80.262,5634
2026-06-02 08:00:00+00:00,80.262,80.402,78.982,79.422,5109
2026-06-02 12:00:00+00:00,79.422,79.452,78.512,78.792,4656
2026-06-02 16:00:00+00:00,78.812,79.052,75.402,76.532,11349
2026-06-02 20:00:00+00:00,76.542,77.002,74.412,75.332,7448
2026-06-03 00:00:00+00:00,75.332,75.912,72.582,74.682,10434
2026-06-03 04:00:00+00:00,74.682,74.882,72.132,73.892,9106
2026-06-03 08:00:00+00:00,73.902,75.262,73.902,74.852,6404
2026-06-03 12:00:00+00:00,74.882,75.552,74.532,75.022,5759
2026-06-03 16:00:00+00:00,75.022,75.212,71.892,72.832,11076
2026-06-03 20:00:00+00:00,72.832,73.922,70.792,70.872,8667
2026-06-04 00:00:00+00:00,70.902,73.002,70.172,70.592,13488
2026-06-04 04:00:00+00:00,70.592,71.662,66.672,70.762,16494
2026-06-04 08:00:00+00:00,70.762,71.082,68.202,69.092,10905
2026-06-04 12:00:00+00:00,69.082,69.122,67.592,67.852,3096
