time,open,high,low,close,volume
2016-05-16 00:00:00+00:00,0.01,0.01,0.01,0.01,1
2016-05-17 00:00:00+00:00,0.01,0.01,0.01,0.01,1
2016-05-18 00:00:00+00:00,0.01,0.01,0.01,0.01,1
2016-05-19 00:00:00+00:00,0.01,0.01,0.01,0.01,1
2016-05-20 00:00:00+00:00,0.01,0.01,0.01,0.01,1
2016-05-23 00:00:00+00:00,0.01,0.01,0.01,0.01,1
2016-05-24 00:00:00+00:00,0.01,0.01,0.01,0.01,1
2016-05-25 00:00:00+00:00,0.01,0.01,0.01,0.01,1
2016-05-26 00:00:00+00:00,0.01,0.01,0.01,0.01,1
2016-05-27 00:00:00+00:00,0.01,0.01,0.01,0.01,1
2016-05-30 00:00:00+00:00,0.01,0.01,0.01,0.01,1
2016-05-31 00:00:00+00:00,0.01,0.01,0.01,0.01,1
2016-06-01 00:00:00+00:00,0.01,0.01,0.01,0.01,1
2016-06-02 00:00:00+00:00,0.01,0.01,0.01,0.01,1
2016-06-03 00:00:00+00:00,0.01,0.01,0.01,0.01,1
2016-06-06 00:00:00+00:00,0.01,0.01,0.01,0.01,1
2016-06-07 00:00:00+00:00,0.01,0.01,0.01,0.01,1
2016-06-08 00:00:00+00:00,0.01,0.01,0.01,0.01,1
2016-06-09 00:00:00+00:00,0.01,0.01,0.01,0.01,1
2016-06-10 00:00:00+00:00,0.01,0.01,0.01,0.01,1
2016-06-13 00:00:00+00:00,0.01,0.01,0.01,0.01,1
2016-06-14 00:00:00+00:00,0.01,0.01,0.01,0.01,1
2016-06-15 00:00:00+00:00,0.01,0.01,0.01,0.01,1
2016-06-16 00:00:00+00:00,0.01,0.01,0.01,0.01,1
2016-06-17 00:00:00+00:00,0.01,0.01,0.01,0.01,1
2016-06-20 00:00:00+00:00,0.01,0.01,0.01,0.01,1
2016-06-21 00:00:00+00:00,0.01,0.01,0.01,0.01,1
2016-06-22 00:00:00+00:00,0.01,0.01,0.01,0.01,1
2016-06-23 00:00:00+00:00,0.01,0.01,0.01,0.01,1
2016-06-24 00:00:00+00:00,0.01,0.01,0.01,0.01,1
2016-06-27 00:00:00+00:00,0.01,0.01,0.01,0.01,1
2016-06-28 00:00:00+00:00,0.01,0.01,0.01,0.01,1
2016-06-29 00:00:00+00:00,0.01,0.01,0.01,0.01,1
2016-06-30 00:00:00+00:00,0.01,0.01,0.01,0.01,1
2016-07-01 00:00:00+00:00,0.01,0.01,0.01,0.01,1
2016-07-04 00:00:00+00:00,0.01,0.01,0.01,0.01,1
2016-07-05 00:00:00+00:00,0.01,0.01,0.01,0.01,1
2016-07-06 00:00:00+00:00,0.01,0.01,0.01,0.01,1
2016-07-07 00:00:00+00:00,0.01,0.01,0.01,0.01,1
2016-07-08 00:00:00+00:00,0.01,0.01,0.01,0.01,1
2016-07-11 00:00:00+00:00,0.01,0.01,0.01,0.01,1
2016-07-12 00:00:00+00:00,0.01,0.01,0.01,0.01,1
2016-07-13 00:00:00+00:00,0.01,0.01,0.01,0.01,1
2016-07-14 00:00:00+00:00,0.01,0.01,0.01,0.01,1
2016-07-15 00:00:00+00:00,0.01,0.01,0.01,0.01,1
2016-07-18 00:00:00+00:00,0.01,0.01,0.01,0.01,1
2016-07-19 00:00:00+00:00,0.01,0.01,0.01,0.01,1
2016-07-20 00:00:00+00:00,0.01,0.01,0.01,0.01,1
2016-07-21 00:00:00+00:00,0.01,0.01,0.01,0.01,1
2016-07-22 00:00:00+00:00,0.01,0.01,0.01,0.01,1
2016-07-25 00:00:00+00:00,0.01,0.01,0.01,0.01,1
2016-07-26 00:00:00+00:00,0.01,0.01,0.01,0.01,1
2016-07-27 00:00:00+00:00,0.01,0.01,0.01,0.01,1
2016-07-28 00:00:00+00:00,0.01,0.01,0.01,0.01,1
2016-07-29 00:00:00+00:00,0.01,0.01,0.01,0.01,1
2016-08-01 00:00:00+00:00,0.01,0.01,0.01,0.01,1
2016-08-02 00:00:00+00:00,0.01,0.01,0.01,0.01,1
2016-08-03 00:00:00+00:00,0.01,0.01,0.01,0.01,1
2016-08-04 00:00:00+00:00,0.01,0.01,0.01,0.01,1
2016-08-05 00:00:00+00:00,0.01,0.01,0.01,0.01,1
2016-08-08 00:00:00+00:00,0.01,0.01,0.01,0.01,1
2016-08-09 00:00:00+00:00,0.01,0.01,0.01,0.01,1
2016-08-10 00:00:00+00:00,0.01,0.01,0.01,0.01,1
2016-08-11 00:00:00+00:00,0.01,0.01,0.01,0.01,1
2016-08-12 00:00:00+00:00,0.01,0.01,0.01,0.01,1
2016-08-15 00:00:00+00:00,0.01,0.01,0.01,0.01,1
2016-08-16 00:00:00+00:00,0.01,0.01,0.01,0.01,1
2016-08-17 00:00:00+00:00,0.01,0.01,0.01,0.01,1
2016-08-18 00:00:00+00:00,0.01,0.01,0.01,0.01,1
2016-08-19 00:00:00+00:00,0.01,0.01,0.01,0.01,1
2016-08-22 00:00:00+00:00,0.01,0.01,0.01,0.01,1
2016-08-23 00:00:00+00:00,0.01,0.01,0.01,0.01,1
2016-08-24 00:00:00+00:00,0.01,0.01,0.01,0.01,1
2016-08-25 00:00:00+00:00,0.01,0.01,0.01,0.01,1
2016-08-26 00:00:00+00:00,0.01,0.01,0.01,0.01,1
2016-08-29 00:00:00+00:00,0.01,0.01,0.01,0.01,1
2016-08-30 00:00:00+00:00,0.01,0.01,0.01,0.01,1
2016-08-31 00:00:00+00:00,0.01,0.01,0.01,0.01,1
2016-09-01 00:00:00+00:00,0.01,0.01,0.01,0.01,1
2016-09-02 00:00:00+00:00,0.01,0.01,0.01,0.01,1
2016-09-05 00:00:00+00:00,0.01,0.01,0.01,0.01,1
2016-09-06 00:00:00+00:00,0.01,0.01,0.01,0.01,1
2016-09-07 00:00:00+00:00,0.01,0.01,0.01,0.01,1
2016-09-08 00:00:00+00:00,0.01,0.01,0.01,0.01,1
2016-09-09 00:00:00+00:00,0.01,0.01,0.01,0.01,1
2016-09-12 00:00:00+00:00,0.01,0.01,0.01,0.01,1
2016-09-13 00:00:00+00:00,0.01,0.01,0.01,0.01,1
2016-09-14 00:00:00+00:00,0.01,0.01,0.01,0.01,1
2016-09-15 00:00:00+00:00,0.01,0.01,0.01,0.01,1
2016-09-16 00:00:00+00:00,0.01,0.01,0.01,0.01,1
2016-09-19 00:00:00+00:00,0.01,0.01,0.01,0.01,1
2016-09-20 00:00:00+00:00,0.01,0.01,0.01,0.01,1
2016-09-21 00:00:00+00:00,0.01,0.01,0.01,0.01,1
2016-09-22 00:00:00+00:00,0.01,0.01,0.01,0.01,1
2016-09-23 00:00:00+00:00,0.01,0.01,0.01,0.01,1
2016-09-26 00:00:00+00:00,0.01,0.01,0.01,0.01,1
2016-09-27 00:00:00+00:00,0.01,0.01,0.01,0.01,1
2016-09-28 00:00:00+00:00,0.01,0.01,0.01,0.01,1
2016-09-29 00:00:00+00:00,0.01,0.01,0.01,0.01,1
2016-09-30 00:00:00+00:00,0.01,0.01,0.01,0.01,1
2016-10-03 00:00:00+00:00,0.01,0.01,0.01,0.01,1
2016-10-04 00:00:00+00:00,0.01,0.01,0.01,0.01,1
2016-10-05 00:00:00+00:00,0.01,0.01,0.01,0.01,1
2016-10-06 00:00:00+00:00,0.01,0.01,0.01,0.01,1
2016-10-07 00:00:00+00:00,0.01,0.01,0.01,0.01,1
2016-10-10 00:00:00+00:00,0.01,0.01,0.01,0.01,1
2016-10-11 00:00:00+00:00,0.01,0.01,0.01,0.01,1
2016-10-12 00:00:00+00:00,0.01,0.01,0.01,0.01,1
2016-10-13 00:00:00+00:00,0.01,0.01,0.01,0.01,1
2016-10-14 00:00:00+00:00,0.01,0.01,0.01,0.01,1
2016-10-17 00:00:00+00:00,0.01,0.01,0.01,0.01,1
2016-10-18 00:00:00+00:00,0.01,0.01,0.01,0.01,1
2016-10-19 00:00:00+00:00,0.01,0.01,0.01,0.01,1
2016-10-20 00:00:00+00:00,0.01,0.01,0.01,0.01,1
2016-10-21 00:00:00+00:00,0.01,0.01,0.01,0.01,1
2016-10-24 00:00:00+00:00,0.01,0.01,0.01,0.01,1
2016-10-25 00:00:00+00:00,0.01,0.01,0.01,0.01,1
2016-10-26 00:00:00+00:00,0.01,0.01,0.01,0.01,1
2016-10-27 00:00:00+00:00,0.01,0.01,0.01,0.01,1
2016-10-28 00:00:00+00:00,0.01,0.01,0.01,0.01,1
2016-10-31 00:00:00+00:00,0.01,0.01,0.01,0.01,1
2016-11-01 00:00:00+00:00,0.01,0.01,0.01,0.01,1
2016-11-02 00:00:00+00:00,0.01,0.01,0.01,0.01,1
2016-11-03 00:00:00+00:00,0.01,0.01,0.01,0.01,1
2016-11-04 00:00:00+00:00,0.01,0.01,0.01,0.01,1
2016-11-07 00:00:00+00:00,0.01,0.01,0.01,0.01,1
2016-11-08 00:00:00+00:00,0.01,0.01,0.01,0.01,1
2016-11-09 00:00:00+00:00,0.01,0.01,0.01,0.01,1
2016-11-10 00:00:00+00:00,0.01,0.01,0.01,0.01,1
2016-11-11 00:00:00+00:00,0.01,0.01,0.01,0.01,1
2016-11-14 00:00:00+00:00,0.01,0.01,0.01,0.01,1
2016-11-15 00:00:00+00:00,0.01,0.01,0.01,0.01,1
2016-11-16 00:00:00+00:00,0.01,0.01,0.01,0.01,1
2016-11-17 00:00:00+00:00,0.01,0.01,0.01,0.01,1
2016-11-18 00:00:00+00:00,0.01,0.01,0.01,0.01,1
2016-11-21 00:00:00+00:00,0.01,0.01,0.01,0.01,1
2016-11-22 00:00:00+00:00,0.01,0.01,0.01,0.01,1
2016-11-23 00:00:00+00:00,0.01,0.01,0.01,0.01,1
2016-11-24 00:00:00+00:00,0.01,0.01,0.01,0.01,1
2016-11-25 00:00:00+00:00,0.01,0.01,0.01,0.01,1
2016-11-28 00:00:00+00:00,0.01,0.01,0.01,0.01,1
2016-11-29 00:00:00+00:00,0.01,0.01,0.01,0.01,1
2016-11-30 00:00:00+00:00,0.01,0.01,0.01,0.01,1
2016-12-01 00:00:00+00:00,0.01,0.01,0.01,0.01,1
2016-12-02 00:00:00+00:00,0.01,0.01,0.01,0.01,1
2016-12-05 00:00:00+00:00,0.01,0.01,0.01,0.01,1
2016-12-06 00:00:00+00:00,0.01,0.01,0.01,0.01,1
2016-12-07 00:00:00+00:00,0.01,0.01,0.01,0.01,1
2016-12-08 00:00:00+00:00,0.01,0.01,0.01,0.01,1
2016-12-09 00:00:00+00:00,0.01,0.01,0.01,0.01,1
2016-12-12 00:00:00+00:00,0.01,0.01,0.01,0.01,1
2016-12-13 00:00:00+00:00,0.01,0.01,0.01,0.01,1
2016-12-14 00:00:00+00:00,0.01,0.01,0.01,0.01,1
2016-12-15 00:00:00+00:00,0.01,0.01,0.01,0.01,1
2016-12-16 00:00:00+00:00,0.01,0.01,0.01,0.01,1
2016-12-19 00:00:00+00:00,0.01,0.01,0.01,0.01,1
2016-12-20 00:00:00+00:00,0.01,0.01,0.01,0.01,1
2016-12-21 00:00:00+00:00,0.01,0.01,0.01,0.01,1
2016-12-22 00:00:00+00:00,0.01,0.01,0.01,0.01,1
2016-12-23 00:00:00+00:00,0.01,0.01,0.01,0.01,1
2016-12-26 00:00:00+00:00,0.01,0.01,0.01,0.01,1
2016-12-27 00:00:00+00:00,0.01,0.01,0.01,0.01,1
2016-12-28 00:00:00+00:00,0.01,0.01,0.01,0.01,1
2016-12-29 00:00:00+00:00,0.01,0.01,0.01,0.01,1
2016-12-30 00:00:00+00:00,0.01,0.01,0.01,0.01,1
2017-01-02 00:00:00+00:00,0.01,0.01,0.01,0.01,1
2017-01-03 00:00:00+00:00,0.01,0.01,0.01,0.01,1
2017-01-04 00:00:00+00:00,0.01,0.01,0.01,0.01,1
2017-01-05 00:00:00+00:00,0.01,0.01,0.01,0.01,1
2017-01-06 00:00:00+00:00,0.01,0.01,0.01,0.01,1
2017-01-09 00:00:00+00:00,0.01,0.01,0.01,0.01,1
2017-01-10 00:00:00+00:00,0.01,0.01,0.01,0.01,1
2017-01-11 00:00:00+00:00,0.01,0.01,0.01,0.01,1
2017-01-12 00:00:00+00:00,0.01,0.01,0.01,0.01,1
2017-01-13 00:00:00+00:00,0.01,0.01,0.01,0.01,1
2017-01-16 00:00:00+00:00,0.01,0.01,0.01,0.01,1
2017-01-17 00:00:00+00:00,0.01,0.01,0.01,0.01,1
2017-01-18 00:00:00+00:00,0.01,0.01,0.01,0.01,1
2017-01-19 00:00:00+00:00,0.01,0.01,0.01,0.01,1
2017-01-20 00:00:00+00:00,0.01,0.01,0.01,0.01,1
2017-01-23 00:00:00+00:00,0.01,0.01,0.01,0.01,1
2017-01-24 00:00:00+00:00,0.01,0.01,0.01,0.01,1
2017-01-25 00:00:00+00:00,0.01,0.01,0.01,0.01,1
2017-01-26 00:00:00+00:00,0.01,0.01,0.01,0.01,1
2017-01-27 00:00:00+00:00,0.01,0.01,0.01,0.01,1
2017-01-30 00:00:00+00:00,0.01,0.01,0.01,0.01,1
2017-01-31 00:00:00+00:00,0.01,0.01,0.01,0.01,1
2017-02-01 00:00:00+00:00,0.01,0.01,0.01,0.01,1
2017-02-02 00:00:00+00:00,0.01,0.01,0.01,0.01,1
2017-02-03 00:00:00+00:00,0.01,0.01,0.01,0.01,1
2017-02-06 00:00:00+00:00,0.01,0.01,0.01,0.01,1
2017-02-07 00:00:00+00:00,0.01,0.01,0.01,0.01,1
2017-02-08 00:00:00+00:00,0.01,0.01,0.01,0.01,1
2017-02-09 00:00:00+00:00,0.01,0.01,0.01,0.01,1
2017-02-10 00:00:00+00:00,0.01,0.01,0.01,0.01,1
2017-02-13 00:00:00+00:00,0.01,0.01,0.01,0.01,1
2017-02-14 00:00:00+00:00,0.01,0.01,0.01,0.01,1
2017-02-15 00:00:00+00:00,0.01,0.01,0.01,0.01,1
2017-02-16 00:00:00+00:00,0.01,0.01,0.01,0.01,1
2017-02-17 00:00:00+00:00,0.01,0.01,0.01,0.01,1
2017-02-20 00:00:00+00:00,0.01,0.01,0.01,0.01,1
2017-02-21 00:00:00+00:00,0.01,0.01,0.01,0.01,1
2017-02-22 00:00:00+00:00,0.01,0.01,0.01,0.01,1
2017-02-23 00:00:00+00:00,0.01,0.01,0.01,0.01,1
2017-02-24 00:00:00+00:00,0.01,0.01,0.01,0.01,1
2017-02-27 00:00:00+00:00,0.01,0.01,0.01,0.01,1
2017-02-28 00:00:00+00:00,0.01,0.01,0.01,0.01,1
2017-03-01 00:00:00+00:00,0.01,0.01,0.01,0.01,1
2017-03-02 00:00:00+00:00,0.01,0.01,0.01,0.01,1
2017-03-03 00:00:00+00:00,0.01,0.01,0.01,0.01,1
2017-03-06 00:00:00+00:00,0.01,0.01,0.01,0.01,1
2017-03-07 00:00:00+00:00,0.01,0.01,0.01,0.01,1
2017-03-08 00:00:00+00:00,0.01,0.01,0.01,0.01,1
2017-03-09 00:00:00+00:00,0.01,0.01,0.01,0.01,1
2017-03-10 00:00:00+00:00,0.01,0.01,0.01,0.01,1
2017-03-13 00:00:00+00:00,0.01,0.01,0.01,0.01,1
2017-03-14 00:00:00+00:00,0.01,0.01,0.01,0.01,1
2017-03-15 00:00:00+00:00,0.01,0.01,0.01,0.01,1
2017-03-16 00:00:00+00:00,0.01,0.01,0.01,0.01,1
2017-03-17 00:00:00+00:00,0.01,0.01,0.01,0.01,1
2017-03-20 00:00:00+00:00,0.01,0.01,0.01,0.01,1
2017-03-21 00:00:00+00:00,0.01,0.01,0.01,0.01,1
2017-03-22 00:00:00+00:00,0.01,0.01,0.01,0.01,1
2017-03-23 00:00:00+00:00,0.01,0.01,0.01,0.01,1
2017-03-24 00:00:00+00:00,0.01,0.01,0.01,0.01,1
2017-03-27 00:00:00+00:00,0.01,0.01,0.01,0.01,1
2017-03-28 00:00:00+00:00,0.01,0.01,0.01,0.01,1
2017-03-29 00:00:00+00:00,0.01,0.01,0.01,0.01,1
2017-03-30 00:00:00+00:00,0.01,0.01,0.01,0.01,1
2017-03-31 00:00:00+00:00,0.01,0.02,0.01,0.02,2
2017-04-03 00:00:00+00:00,0.06,0.06,0.03,0.03,4
2017-04-04 00:00:00+00:00,0.03,0.04,0.03,0.04,2
2017-04-05 00:00:00+00:00,0.04,0.04,0.03,0.04,3
2017-04-06 00:00:00+00:00,0.04,0.04,0.03,0.03,2
2017-04-07 00:00:00+00:00,0.03,0.04,0.03,0.04,2
2017-04-10 00:00:00+00:00,0.03,0.04,0.03,0.03,3
2017-04-11 00:00:00+00:00,0.03,0.04,0.03,0.03,3
2017-04-12 00:00:00+00:00,0.03,0.04,0.03,0.03,3
2017-04-13 00:00:00+00:00,0.03,0.04,0.03,0.03,3
2017-04-14 00:00:00+00:00,0.03,0.04,0.03,0.03,3
2017-04-17 00:00:00+00:00,0.03,0.03,0.03,0.03,1
2017-04-18 00:00:00+00:00,0.03,0.03,0.03,0.03,1
2017-04-19 00:00:00+00:00,0.03,0.03,0.03,0.03,1
2017-04-20 00:00:00+00:00,0.03,0.03,0.03,0.03,1
2017-04-21 00:00:00+00:00,0.03,0.03,0.03,0.03,1
2017-04-24 00:00:00+00:00,0.03,0.03,0.03,0.03,1
2017-04-25 00:00:00+00:00,0.03,0.03,0.03,0.03,1
2017-04-26 00:00:00+00:00,0.03,0.03,0.03,0.03,1
2017-04-27 00:00:00+00:00,0.03,0.04,0.03,0.04,2
2017-04-28 00:00:00+00:00,0.04,0.05,0.04,0.05,2
2017-05-01 00:00:00+00:00,0.05,0.06,0.05,0.05,3
2017-05-02 00:00:00+00:00,0.05,0.05,0.05,0.05,1
2017-05-03 00:00:00+00:00,0.05,0.06,0.05,0.06,2
2017-05-04 00:00:00+00:00,0.06,0.09,0.05,0.08,7
2017-05-05 00:00:00+00:00,0.08,0.1,0.08,0.09,4
2017-05-08 00:00:00+00:00,0.13,0.21,0.13,0.19,11
2017-05-09 00:00:00+00:00,0.19,0.2,0.13,0.16,12
2017-05-10 00:00:00+00:00,0.16,0.19,0.15,0.19,6
2017-05-11 00:00:00+00:00,0.18,0.19,0.16,0.18,7
2017-05-12 00:00:00+00:00,0.18,0.21,0.18,0.2,5
2017-05-15 00:00:00+00:00,0.22,0.27,0.22,0.27,6
2017-05-16 00:00:00+00:00,0.28,0.35,0.27,0.35,10
2017-05-17 00:00:00+00:00,0.35,0.43,0.31,0.39,21
2017-05-18 00:00:00+00:00,0.39,0.41,0.32,0.37,17
2017-05-19 00:00:00+00:00,0.37,0.37,0.32,0.34,8
2017-05-22 00:00:00+00:00,0.33,0.33,0.26,0.3,12
2017-05-23 00:00:00+00:00,0.3,0.35,0.28,0.32,13
2017-05-24 00:00:00+00:00,0.32,0.33,0.28,0.28,7
2017-05-25 00:00:00+00:00,0.28,0.29,0.2,0.23,14
2017-05-26 00:00:00+00:00,0.23,0.32,0.22,0.25,19
2017-05-29 00:00:00+00:00,0.22,0.24,0.2,0.22,9
2017-05-30 00:00:00+00:00,0.22,0.23,0.19,0.19,6
2017-05-31 00:00:00+00:00,0.19,0.24,0.18,0.24,8
2017-06-01 00:00:00+00:00,0.23,0.33,0.23,0.32,12
2017-06-02 00:00:00+00:00,0.32,0.33,0.26,0.28,11
2017-06-05 00:00:00+00:00,0.29,0.29,0.28,0.28,2
2017-06-06 00:00:00+00:00,0.28,0.29,0.27,0.28,5
2017-06-07 00:00:00+00:00,0.28,0.3,0.27,0.27,6
2017-06-08 00:00:00+00:00,0.27,0.29,0.26,0.28,6
2017-06-09 00:00:00+00:00,0.28,0.29,0.28,0.28,3
2017-06-12 00:00:00+00:00,0.27,0.28,0.22,0.24,10
2017-06-13 00:00:00+00:00,0.24,0.27,0.23,0.26,7
2017-06-14 00:00:00+00:00,0.26,0.3,0.24,0.25,12
2017-06-15 00:00:00+00:00,0.25,0.26,0.2,0.24,12
2017-06-16 00:00:00+00:00,0.24,0.25,0.22,0.24,7
2017-06-19 00:00:00+00:00,0.26,0.28,0.26,0.28,3
2017-06-20 00:00:00+00:00,0.28,0.32,0.27,0.3,9
2017-06-21 00:00:00+00:00,0.3,0.31,0.25,0.27,10
2017-06-22 00:00:00+00:00,0.27,0.28,0.25,0.27,7
2017-06-23 00:00:00+00:00,0.28,0.29,0.27,0.29,4
2017-06-26 00:00:00+00:00,0.25,0.26,0.21,0.24,10
2017-06-27 00:00:00+00:00,0.24,0.26,0.21,0.25,10
2017-06-28 00:00:00+00:00,0.26,0.26,0.24,0.26,5
2017-06-29 00:00:00+00:00,0.26,0.26,0.24,0.25,4
2017-06-30 00:00:00+00:00,0.25,0.26,0.24,0.24,4
2017-07-03 00:00:00+00:00,0.24,0.26,0.24,0.25,4
2017-07-04 00:00:00+00:00,0.25,0.26,0.24,0.24,4
2017-07-05 00:00:00+00:00,0.24,0.25,0.24,0.25,2
2017-07-06 00:00:00+00:00,0.25,0.25,0.24,0.25,3
2017-07-07 00:00:00+00:00,0.25,0.25,0.22,0.23,5
2017-07-10 00:00:00+00:00,0.22,0.22,0.17,0.18,7
2017-07-11 00:00:00+00:00,0.18,0.19,0.14,0.17,10
2017-07-12 00:00:00+00:00,0.17,0.19,0.16,0.19,5
2017-07-13 00:00:00+00:00,0.19,0.21,0.18,0.19,7
2017-07-14 00:00:00+00:00,0.19,0.19,0.17,0.18,4
2017-07-17 00:00:00+00:00,0.15,0.17,0.14,0.17,5
2017-07-18 00:00:00+00:00,0.17,0.18,0.16,0.18,4
2017-07-19 00:00:00+00:00,0.18,0.18,0.16,0.16,3
2017-07-20 00:00:00+00:00,0.16,0.19,0.16,0.19,4
2017-07-21 00:00:00+00:00,0.19,0.19,0.18,0.18,2
2017-07-24 00:00:00+00:00,0.2,0.2,0.19,0.19,2
2017-07-25 00:00:00+00:00,0.19,0.19,0.16,0.17,5
2017-07-26 00:00:00+00:00,0.17,0.18,0.16,0.17,5
2017-07-27 00:00:00+00:00,0.17,0.17,0.17,0.17,1
2017-07-28 00:00:00+00:00,0.17,0.17,0.16,0.16,2
2017-07-31 00:00:00+00:00,0.16,0.17,0.16,0.16,3
2017-08-01 00:00:00+00:00,0.16,0.18,0.16,0.18,3
2017-08-02 00:00:00+00:00,0.18,0.18,0.17,0.17,2
2017-08-03 00:00:00+00:00,0.17,0.18,0.17,0.17,3
2017-08-04 00:00:00+00:00,0.17,0.18,0.17,0.17,3
2017-08-07 00:00:00+00:00,0.18,0.18,0.18,0.18,1
2017-08-08 00:00:00+00:00,0.18,0.2,0.18,0.19,4
2017-08-09 00:00:00+00:00,0.19,0.19,0.18,0.18,2
2017-08-10 00:00:00+00:00,0.18,0.18,0.18,0.18,1
2017-08-11 00:00:00+00:00,0.18,0.18,0.17,0.18,3
2017-08-14 00:00:00+00:00,0.16,0.18,0.16,0.17,4
2017-08-15 00:00:00+00:00,0.17,0.17,0.15,0.16,4
2017-08-16 00:00:00+00:00,0.16,0.16,0.15,0.16,3
2017-08-17 00:00:00+00:00,0.16,0.16,0.15,0.16,3
2017-08-18 00:00:00+00:00,0.16,0.17,0.15,0.15,4
2017-08-21 00:00:00+00:00,0.16,0.21,0.15,0.19,10
2017-08-22 00:00:00+00:00,0.19,0.26,0.17,0.24,14
2017-08-23 00:00:00+00:00,0.24,0.3,0.21,0.24,19
2017-08-24 00:00:00+00:00,0.24,0.28,0.21,0.21,12
2017-08-25 00:00:00+00:00,0.21,0.23,0.2,0.21,7
2017-08-28 00:00:00+00:00,0.2,0.24,0.19,0.22,9
2017-08-29 00:00:00+00:00,0.22,0.22,0.21,0.22,3
2017-08-30 00:00:00+00:00,0.22,0.23,0.21,0.23,4
2017-08-31 00:00:00+00:00,0.23,0.26,0.22,0.26,6
2017-09-01 00:00:00+00:00,0.26,0.26,0.24,0.25,4
2017-09-04 00:00:00+00:00,0.23,0.23,0.18,0.2,8
2017-09-05 00:00:00+00:00,0.2,0.22,0.19,0.21,6
2017-09-06 00:00:00+00:00,0.21,0.23,0.21,0.23,3
2017-09-07 00:00:00+00:00,0.23,0.23,0.22,0.22,2
2017-09-08 00:00:00+00:00,0.23,0.23,0.2,0.21,5
2017-09-11 00:00:00+00:00,0.21,0.22,0.21,0.21,3
2017-09-12 00:00:00+00:00,0.21,0.22,0.2,0.21,5
2017-09-13 00:00:00+00:00,0.21,0.21,0.19,0.2,4
2017-09-14 00:00:00+00:00,0.2,0.2,0.16,0.17,6
2017-09-15 00:00:00+00:00,0.17,0.19,0.14,0.18,10
2017-09-18 00:00:00+00:00,0.18,0.2,0.18,0.19,4
2017-09-19 00:00:00+00:00,0.19,0.19,0.18,0.18,2
2017-09-20 00:00:00+00:00,0.18,0.19,0.18,0.18,3
2017-09-21 00:00:00+00:00,0.18,0.18,0.17,0.17,2
2017-09-22 00:00:00+00:00,0.17,0.18,0.17,0.17,3
2017-09-25 00:00:00+00:00,0.17,0.19,0.17,0.18,4
2017-09-26 00:00:00+00:00,0.18,0.19,0.18,0.19,2
2017-09-27 00:00:00+00:00,0.19,0.21,0.19,0.21,3
2017-09-28 00:00:00+00:00,0.21,0.21,0.2,0.2,2
2017-09-29 00:00:00+00:00,0.2,0.2,0.19,0.19,2
2017-10-02 00:00:00+00:00,0.21,0.21,0.2,0.2,2
2017-10-03 00:00:00+00:00,0.2,0.2,0.2,0.2,1
2017-10-04 00:00:00+00:00,0.2,0.22,0.2,0.21,4
2017-10-05 00:00:00+00:00,0.21,0.24,0.21,0.24,4
2017-10-06 00:00:00+00:00,0.24,0.24,0.23,0.23,2
2017-10-09 00:00:00+00:00,0.28,0.28,0.24,0.25,6
2017-10-10 00:00:00+00:00,0.25,0.27,0.24,0.26,6
2017-10-11 00:00:00+00:00,0.25,0.26,0.25,0.26,2
2017-10-12 00:00:00+00:00,0.26,0.26,0.24,0.24,3
2017-10-13 00:00:00+00:00,0.24,0.26,0.23,0.26,5
2017-10-16 00:00:00+00:00,0.26,0.29,0.25,0.26,9
2017-10-17 00:00:00+00:00,0.26,0.26,0.22,0.23,6
2017-10-18 00:00:00+00:00,0.23,0.23,0.2,0.22,6
2017-10-19 00:00:00+00:00,0.22,0.23,0.2,0.21,6
2017-10-20 00:00:00+00:00,0.21,0.22,0.2,0.21,5
2017-10-23 00:00:00+00:00,0.2,0.2,0.18,0.19,4
2017-10-24 00:00:00+00:00,0.19,0.21,0.18,0.2,6
2017-10-25 00:00:00+00:00,0.2,0.2,0.2,0.2,1
2017-10-26 00:00:00+00:00,0.2,0.2,0.2,0.2,1
2017-10-27 00:00:00+00:00,0.2,0.2,0.2,0.2,1
2017-10-30 00:00:00+00:00,0.2,0.2,0.2,0.2,1
2017-10-31 00:00:00+00:00,0.2,0.2,0.2,0.2,1
2017-11-01 00:00:00+00:00,0.2,0.2,0.19,0.19,2
2017-11-02 00:00:00+00:00,0.19,0.2,0.18,0.19,5
2017-11-03 00:00:00+00:00,0.2,0.22,0.2,0.21,4
2017-11-06 00:00:00+00:00,0.2,0.21,0.2,0.2,3
2017-11-07 00:00:00+00:00,0.2,0.2,0.2,0.2,1
2017-11-08 00:00:00+00:00,0.2,0.22,0.2,0.22,3
2017-11-09 00:00:00+00:00,0.22,0.22,0.21,0.22,3
2017-11-10 00:00:00+00:00,0.22,0.22,0.2,0.2,3
2017-11-13 00:00:00+00:00,0.19,0.2,0.19,0.2,2
2017-11-14 00:00:00+00:00,0.2,0.21,0.2,0.2,3
2017-11-15 00:00:00+00:00,0.2,0.21,0.2,0.2,3
2017-11-16 00:00:00+00:00,0.21,0.26,0.2,0.23,11
2017-11-17 00:00:00+00:00,0.22,0.23,0.21,0.22,5
2017-11-20 00:00:00+00:00,0.23,0.24,0.23,0.24,2
2017-11-21 00:00:00+00:00,0.24,0.24,0.23,0.23,2
2017-11-22 00:00:00+00:00,0.23,0.24,0.23,0.24,2
2017-11-23 00:00:00+00:00,0.24,0.25,0.23,0.24,5
2017-11-24 00:00:00+00:00,0.24,0.24,0.23,0.24,3
2017-11-27 00:00:00+00:00,0.24,0.25,0.24,0.24,3
2017-11-28 00:00:00+00:00,0.24,0.28,0.24,0.28,5
2017-11-29 00:00:00+00:00,0.28,0.28,0.23,0.23,6
2017-11-30 00:00:00+00:00,0.23,0.25,0.22,0.24,6
2017-12-01 00:00:00+00:00,0.24,0.25,0.23,0.25,4
2017-12-04 00:00:00+00:00,0.24,0.25,0.24,0.25,2
2017-12-05 00:00:00+00:00,0.25,0.25,0.24,0.24,2
2017-12-06 00:00:00+00:00,0.24,0.24,0.22,0.22,3
2017-12-07 00:00:00+00:00,0.22,0.23,0.21,0.21,4
2017-12-08 00:00:00+00:00,0.21,0.25,0.2,0.24,8
2017-12-11 00:00:00+00:00,0.23,0.25,0.23,0.24,4
2017-12-12 00:00:00+00:00,0.24,0.39,0.24,0.32,23
2017-12-13 00:00:00+00:00,0.32,0.49,0.31,0.43,26
2017-12-14 00:00:00+00:00,0.43,0.85,0.43,0.82,46
2017-12-15 00:00:00+00:00,0.82,0.82,0.57,0.69,38
2017-12-18 00:00:00+00:00,0.67,0.75,0.59,0.71,29
2017-12-19 00:00:00+00:00,0.71,0.8,0.66,0.69,27
2017-12-20 00:00:00+00:00,0.69,0.7,0.6,0.67,19
2017-12-21 00:00:00+00:00,0.67,1.1,0.67,1.08,46
2017-12-22 00:00:00+00:00,1.08,1.2,0.38,0.96,153
2017-12-25 00:00:00+00:00,0.92,0.94,0.92,0.93,4
2017-12-26 00:00:00+00:00,0.93,1.05,0.92,1.03,17
2017-12-27 00:00:00+00:00,1.03,1.24,1.02,1.17,31
2017-12-28 00:00:00+00:00,1.17,1.26,1.01,1.21,47
2017-12-29 00:00:00+00:00,1.21,1.9300000000000002,1.21,1.87,79
2018-01-01 00:00:00+00:00,1.92,2.07,1.76,2.01,54
2018-01-02 00:00:00+00:00,2.01,2.19,1.8199999999999998,2.16,60
2018-01-03 00:00:00+00:00,2.16,2.82,2.11,2.69,90
2018-01-04 00:00:00+00:00,2.69,3.23,2.56,2.68,134
2018-01-05 00:00:00+00:00,2.8,2.9699999999999998,2.12,2.43,9787
2018-01-08 00:00:00+00:00,2.64,2.67,1.8,2.33,6422
2018-01-09 00:00:00+00:00,2.33,2.38,1.94,1.99,6209
2018-01-10 00:00:00+00:00,2.0,2.01,1.5,1.8599999999999999,8524
2018-01-11 00:00:00+00:00,1.8599999999999999,2.14,1.42,1.85,9878
2018-01-12 00:00:00+00:00,1.85,2.05,1.67,1.8399999999999999,5665
2018-01-15 00:00:00+00:00,1.6600000000000001,1.76,1.6099999999999999,1.65,2257
2018-01-16 00:00:00+00:00,1.6400000000000001,1.6400000000000001,0.89,0.92,5271
2018-01-17 00:00:00+00:00,0.93,1.27,0.89,1.22,5656
2018-01-18 00:00:00+00:00,1.22,1.6099999999999999,1.05,1.5,6777
2018-01-19 00:00:00+00:00,1.5,1.5699999999999998,1.34,1.3900000000000001,4466
2018-01-22 00:00:00+00:00,1.2534,1.3197,1.0418,1.0891,34422
2018-01-23 00:00:00+00:00,1.0891,1.3451,1.0764,1.2801,35108
2018-01-24 00:00:00+00:00,1.2798,1.3268,1.1949,1.2507,29228
2018-01-25 00:00:00+00:00,1.2507,1.2899,1.1869,1.2284,26578
2018-01-26 00:00:00+00:00,1.2284,1.2328000000000001,1.0149,1.1011,29146
2018-01-29 00:00:00+00:00,1.2557,1.3134000000000001,1.1611,1.1933,25385
2018-01-30 00:00:00+00:00,1.1933,1.1952,0.9982,1.0438,28455
2018-01-31 00:00:00+00:00,1.0438,1.076,0.9352,1.0121,31869
2018-02-01 00:00:00+00:00,1.0116,1.0543,0.8188,0.8852,31848
2018-02-02 00:00:00+00:00,0.8865,0.8898,0.6421,0.7758,38381
2018-02-05 00:00:00+00:00,0.7124,0.7599,0.5498,0.6138,30833
2018-02-06 00:00:00+00:00,0.6138,0.6848,0.4838,0.67,35169
2018-02-07 00:00:00+00:00,0.6701,0.7186,0.6023,0.669,24678
2018-02-08 00:00:00+00:00,0.6697,0.6978,0.6159,0.6548,23061
2018-02-09 00:00:00+00:00,0.6548,0.8384,0.6498,0.7949,23810
2018-02-12 00:00:00+00:00,0.9127,1.115,0.8618,0.9499,30934
2018-02-13 00:00:00+00:00,0.9499,1.0584,0.8742,0.8962,28216
2018-02-14 00:00:00+00:00,0.8951,1.0636,0.8869,1.0438,25049
2018-02-15 00:00:00+00:00,1.0438,1.1498,0.9798,1.0048,21842
2018-02-16 00:00:00+00:00,1.0048,1.0298,0.9739,1.0174,23980
2018-02-19 00:00:00+00:00,1.0598,1.0598,0.9875,1.0184,17455
2018-02-20 00:00:00+00:00,1.0172,1.0446,0.97,0.97,18386
2018-02-21 00:00:00+00:00,0.97,1.0498,0.8485,0.8502,26494
2018-02-22 00:00:00+00:00,0.8502,0.9092,0.7709,0.7965,16692
2018-02-23 00:00:00+00:00,0.7967,0.8916,0.7618,0.8279,20105
2018-02-26 00:00:00+00:00,0.8138,0.852,0.7848,0.8368,13705
2018-02-27 00:00:00+00:00,0.8368,0.8679,0.8266,0.8509,10380
2018-02-28 00:00:00+00:00,0.8509,0.8587,0.7987,0.8113,11791
2018-03-01 00:00:00+00:00,0.81,0.9998,0.7836,0.8254,12157
2018-03-02 00:00:00+00:00,0.8261,0.831,0.7976,0.8094,9580
2018-03-05 00:00:00+00:00,0.9305,1.0008,0.8818,0.9098,20048
2018-03-06 00:00:00+00:00,0.9098,0.9098,0.8159,0.8555,10201
2018-03-07 00:00:00+00:00,0.8537,0.8562,0.6976,0.7675,16479
2018-03-08 00:00:00+00:00,0.7675,0.7877,0.7084,0.7259,16429
2018-03-09 00:00:00+00:00,0.7259,0.7504,0.6407,0.7098,18809
2018-03-12 00:00:00+00:00,0.7295,0.738,0.6758,0.6898,13281
2018-03-13 00:00:00+00:00,0.6902,0.7078,0.6721,0.6785,12798
2018-03-14 00:00:00+00:00,0.6785,0.6999,0.5997,0.6075,12558
2018-03-15 00:00:00+00:00,0.6078,0.6335,0.5381,0.5891,16053
2018-03-16 00:00:00+00:00,0.5891,0.6186,0.5683,0.6017,16527
2018-03-19 00:00:00+00:00,0.4968,0.6148,0.4953,0.5786,19097
2018-03-20 00:00:00+00:00,0.5777,0.634,0.5678,0.6165,16483
2018-03-21 00:00:00+00:00,0.6162,0.6258,0.5716,0.5852,30521
2018-03-22 00:00:00+00:00,0.5853,0.6,0.5298,0.5501,352812
2018-03-23 00:00:00+00:00,0.5513,0.5674,0.5216,0.5353,413736
2018-03-26 00:00:00+00:00,0.5527,0.5583,0.485,0.4888,12348
2018-03-27 00:00:00+00:00,0.4888,0.5164,0.4668,0.493,16352
2018-03-28 00:00:00+00:00,0.4927,0.4988,0.4746,0.4813,11726
2018-03-29 00:00:00+00:00,0.481,0.4866,0.4203,0.4203,13698
2018-03-30 00:00:00+00:00,0.4203,0.4425,0.3808,0.4034,22046
2018-04-02 00:00:00+00:00,0.3978,0.4136,0.3806,0.3924,11292
2018-04-03 00:00:00+00:00,0.3927,0.4593,0.392,0.4454,11536
2018-04-04 00:00:00+00:00,0.4455,0.4637,0.3953,0.4038,12547
2018-04-05 00:00:00+00:00,0.4038,0.4076,0.3836,0.4009,13013
2018-04-06 00:00:00+00:00,0.4009,0.4041,0.3681,0.3776,10080
2018-04-09 00:00:00+00:00,0.4037,0.4228,0.3858,0.3868,8949
2018-04-10 00:00:00+00:00,0.3868,0.4022,0.3868,0.399,5867
2018-04-11 00:00:00+00:00,0.3998,0.4135,0.3928,0.4108,5148
2018-04-12 00:00:00+00:00,0.4108,0.5119,0.4088,0.5103,16033
2018-04-13 00:00:00+00:00,0.5106,0.6178,0.5095,0.5598,21812
2018-04-16 00:00:00+00:00,0.6648,0.6768,0.6188,0.638,14305
2018-04-17 00:00:00+00:00,0.6398,0.6648,0.6332,0.641,10463
2018-04-18 00:00:00+00:00,0.641,0.7038,0.6334,0.6988,12354
2018-04-19 00:00:00+00:00,0.7007,0.7334,0.6868,0.7235,11671
2018-04-20 00:00:00+00:00,0.7244,0.8994,0.7225,0.8968,23660
2018-04-23 00:00:00+00:00,0.8636,0.8766,0.8269,0.8524,19706
2018-04-24 00:00:00+00:00,0.8525,0.9258,0.8491,0.9109,21331
2018-04-25 00:00:00+00:00,0.9109,0.9476,0.7518,0.8018,30329
2018-04-26 00:00:00+00:00,0.8018,0.8235,0.7439,0.8204,25287
2018-04-27 00:00:00+00:00,0.8205,0.8435,0.7936,0.7957,19110
2018-04-30 00:00:00+00:00,0.8472,0.87,0.8188,0.8308,16645
2018-05-01 00:00:00+00:00,0.8326,0.8326,0.7798,0.8187,18224
2018-05-02 00:00:00+00:00,0.8187,0.8532,0.817,0.8507,14536
2018-05-03 00:00:00+00:00,0.8508,0.8868,0.8338,0.8695,17185
2018-05-04 00:00:00+00:00,0.8691,0.9248,0.8512,0.8916,18504
2018-05-07 00:00:00+00:00,0.8474,0.8618,0.7938,0.8309,15527
2018-05-08 00:00:00+00:00,0.8309,0.8398,0.784,0.7996,12963
2018-05-09 00:00:00+00:00,0.7997,0.8106,0.7534,0.7894,12576
2018-05-10 00:00:00+00:00,0.7897,0.7968,0.7621,0.7648,11690
2018-05-11 00:00:00+00:00,0.7645,0.7682,0.6428,0.6675,19667
2018-05-14 00:00:00+00:00,0.736,0.7427,0.6808,0.7348,15140
2018-05-15 00:00:00+00:00,0.7348,0.7411,0.683,0.6918,12190
2018-05-16 00:00:00+00:00,0.6918,0.6924,0.6523,0.6743,12941
2018-05-17 00:00:00+00:00,0.6743,0.7056,0.6622,0.6632,11641
2018-05-18 00:00:00+00:00,0.6632,0.6808,0.6387,0.6718,11996
2018-05-21 00:00:00+00:00,0.6923,0.6959,0.6611,0.6698,6821
2018-05-22 00:00:00+00:00,0.6676,0.6791,0.6488,0.6488,61145
2018-05-23 00:00:00+00:00,0.6488,0.6535,0.565,0.5973,86261
2018-05-24 00:00:00+00:00,0.5979,0.6373,0.5761,0.6233,71560
2018-05-25 00:00:00+00:00,0.6233,0.6351,0.5931,0.5996,49408
2018-05-28 00:00:00+00:00,0.6048,0.6075,0.5636,0.5713,98780
2018-05-29 00:00:00+00:00,0.5591,0.6075,0.5398,0.6054,218965
2018-05-30 00:00:00+00:00,0.6033,0.6247,0.5821,0.5873,59859
2018-05-31 00:00:00+00:00,0.5872,0.6197,0.5866,0.6131,55527
2018-06-01 00:00:00+00:00,0.6092,0.6189,0.6018,0.61,53998
2018-06-04 00:00:00+00:00,0.6617,0.7025,0.6334,0.6599,71505
2018-06-05 00:00:00+00:00,0.6674,0.6839,0.6316,0.6766,59393
2018-06-06 00:00:00+00:00,0.6683,0.6801,0.654,0.6701,38331
2018-06-07 00:00:00+00:00,0.6705,0.6862,0.665,0.6723,30791
2018-06-08 00:00:00+00:00,0.6729,0.6788,0.658,0.6756,22980
2018-06-11 00:00:00+00:00,0.5698,0.5916,0.5524,0.5766,51395
2018-06-12 00:00:00+00:00,0.5805,0.5998,0.5439,0.5505,27741
2018-06-13 00:00:00+00:00,0.554,0.5605,0.5032,0.5173,34627
2018-06-14 00:00:00+00:00,0.517,0.5654,0.5168,0.5633,29693
2018-06-15 00:00:00+00:00,0.5639,0.5639,0.5346,0.5411,29425
2018-06-18 00:00:00+00:00,0.5289,0.5498,0.5088,0.5411,24702
2018-06-19 00:00:00+00:00,0.5375,0.5612,0.5341,0.5403,21691
2018-06-20 00:00:00+00:00,0.5416,0.5487,0.5239,0.5397,19843
2018-06-21 00:00:00+00:00,0.5384,0.5479,0.5297,0.5324,18729
2018-06-22 00:00:00+00:00,0.5317,0.5353,0.4777,0.4823,26382
2018-06-25 00:00:00+00:00,0.4777,0.4912,0.4723,0.4777,22931
2018-06-26 00:00:00+00:00,0.4795,0.4819,0.466,0.4687,18293
2018-06-27 00:00:00+00:00,0.4704,0.4709,0.4476,0.4677,20653
2018-06-28 00:00:00+00:00,0.4688,0.4748,0.4525,0.4547,15505
2018-06-29 00:00:00+00:00,0.4475,0.4526,0.425,0.4329,22693
2018-07-02 00:00:00+00:00,0.4599,0.4938,0.4526,0.49,22627
2018-07-03 00:00:00+00:00,0.4936,0.5186,0.4866,0.4945,29822
2018-07-04 00:00:00+00:00,0.4954,0.5058,0.4739,0.5049,20665
2018-07-05 00:00:00+00:00,0.4992,0.502,0.468,0.4733,32954
2018-07-06 00:00:00+00:00,0.4719,0.4802,0.459,0.4728,25392
2018-07-09 00:00:00+00:00,0.484,0.4854,0.4704,0.4755,24916
2018-07-10 00:00:00+00:00,0.4774,0.4823,0.441,0.4482,26084
2018-07-11 00:00:00+00:00,0.4476,0.4503,0.4381,0.4467,20474
2018-07-12 00:00:00+00:00,0.4479,0.4489,0.4302,0.4336,17695
2018-07-13 00:00:00+00:00,0.4331,0.4443,0.424,0.4359,16474
2018-07-16 00:00:00+00:00,0.4483,0.4746,0.443,0.4697,22342
2018-07-17 00:00:00+00:00,0.472,0.5152,0.4687,0.5087,27011
2018-07-18 00:00:00+00:00,0.5127,0.5234,0.4771,0.4851,29048
2018-07-19 00:00:00+00:00,0.4843,0.4931,0.4702,0.4758,23592
2018-07-20 00:00:00+00:00,0.4772,0.4826,0.4295,0.4384,25484
2018-07-23 00:00:00+00:00,0.4486,0.4624,0.4413,0.443,32508
2018-07-24 00:00:00+00:00,0.4477,0.4679,0.4365,0.4519,35848
2018-07-25 00:00:00+00:00,0.4542,0.4674,0.4509,0.4643,28429
2018-07-26 00:00:00+00:00,0.4631,0.4682,0.4554,0.4573,26741
2018-07-27 00:00:00+00:00,0.4508,0.4605,0.4436,0.4575,31270
2018-07-30 00:00:00+00:00,0.452,0.4569,0.4091,0.4199,21841
2018-07-31 00:00:00+00:00,0.4187,0.4227,0.4019,0.4068,23045
2018-08-01 00:00:00+00:00,0.4082,0.4378,0.4019,0.414,24275
2018-08-02 00:00:00+00:00,0.4117,0.4243,0.4047,0.4084,19577
2018-08-03 00:00:00+00:00,0.4045,0.4212,0.4004,0.4131,21879
2018-08-06 00:00:00+00:00,0.41,0.4133,0.3931,0.3945,19072
2018-08-07 00:00:00+00:00,0.3911,0.3919,0.3624,0.3641,21983
2018-08-08 00:00:00+00:00,0.3549,0.3591,0.2945,0.3084,23986
2018-08-09 00:00:00+00:00,0.3052,0.3326,0.3001,0.3226,21564
2018-08-10 00:00:00+00:00,0.3233,0.3244,0.2974,0.2982,21319
2018-08-13 00:00:00+00:00,0.274,0.2848,0.2518,0.2542,19557
2018-08-14 00:00:00+00:00,0.2534,0.2548,0.222,0.2366,25183
2018-08-15 00:00:00+00:00,0.2403,0.2775,0.2357,0.263,30405
2018-08-16 00:00:00+00:00,0.2662,0.2768,0.2507,0.2675,26241
2018-08-17 00:00:00+00:00,0.2676,0.3149,0.2636,0.3112,27759
2018-08-20 00:00:00+00:00,0.3202,0.3256,0.3035,0.317,18982
2018-08-21 00:00:00+00:00,0.3126,0.3128,0.2888,0.306,26311
2018-08-22 00:00:00+00:00,0.3081,0.3294,0.2858,0.2914,27118
2018-08-23 00:00:00+00:00,0.2978,0.3016,0.2876,0.2949,21973
2018-08-24 00:00:00+00:00,0.2996,0.3051,0.2905,0.2997,16234
2018-08-27 00:00:00+00:00,0.2995,0.3061,0.2968,0.3048,16051
2018-08-28 00:00:00+00:00,0.304,0.3325,0.3038,0.3259,18984
2018-08-29 00:00:00+00:00,0.3266,0.3296,0.3135,0.3216,18551
2018-08-30 00:00:00+00:00,0.323,0.3231,0.298,0.3073,21691
2018-08-31 00:00:00+00:00,0.309,0.3161,0.3026,0.311,17802
2018-09-03 00:00:00+00:00,0.3162,0.3182,0.3082,0.3115,17421
2018-09-04 00:00:00+00:00,0.3131,0.3158,0.3031,0.3061,18438
2018-09-05 00:00:00+00:00,0.3074,0.3083,0.2579,0.2693,24604
2018-09-06 00:00:00+00:00,0.2646,0.2794,0.2421,0.2735,35815
2018-09-07 00:00:00+00:00,0.2715,0.2787,0.2562,0.268,24419
2018-09-10 00:00:00+00:00,0.2563,0.2575,0.2343,0.2406,18621
2018-09-11 00:00:00+00:00,0.2411,0.2501,0.2279,0.2335,19758
2018-09-12 00:00:00+00:00,0.24,0.2479,0.2281,0.243,22342
2018-09-13 00:00:00+00:00,0.241,0.2605,0.2407,0.2538,20468
2018-09-14 00:00:00+00:00,0.2528,0.2599,0.2471,0.2539,18367
2018-09-17 00:00:00+00:00,0.2562,0.2584,0.2415,0.2422,9670
2018-09-18 00:00:00+00:00,0.2438,0.3107,0.2428,0.2887,23799
2018-09-19 00:00:00+00:00,0.2928,0.3098,0.2856,0.3052,26500
2018-09-20 00:00:00+00:00,0.3003,0.393,0.2968,0.3763,30016
2018-09-21 00:00:00+00:00,0.4262,0.7489,0.4016,0.5007,63625
2018-09-24 00:00:00+00:00,0.5333,0.5528,0.4806,0.4968,32809
2018-09-25 00:00:00+00:00,0.4931,0.4938,0.4095,0.4285,36509
2018-09-26 00:00:00+00:00,0.4561,0.5461,0.4432,0.5055,62068
2018-09-27 00:00:00+00:00,0.4865,0.5277,0.4716,0.5192,52601
2018-09-28 00:00:00+00:00,0.5258,0.5289,0.489,0.506,69904
2018-10-01 00:00:00+00:00,0.5411,0.5765,0.5037,0.5548,67914
2018-10-02 00:00:00+00:00,0.5539,0.564,0.5114,0.5176,45610
2018-10-03 00:00:00+00:00,0.5214,0.5263,0.4791,0.4937,54622
2018-10-04 00:00:00+00:00,0.4842,0.5214,0.4842,0.5055,37643
2018-10-05 00:00:00+00:00,0.492,0.5093,0.4813,0.4853,28001
2018-10-08 00:00:00+00:00,0.4561,0.473,0.445,0.4665,34277
2018-10-09 00:00:00+00:00,0.4651,0.4704,0.4425,0.45,36465
2018-10-10 00:00:00+00:00,0.4501,0.4561,0.4321,0.4366,44379
2018-10-11 00:00:00+00:00,0.4431,0.4431,0.3583,0.3748,47009
2018-10-12 00:00:00+00:00,0.3724,0.4151,0.3462,0.3985,60810
2018-10-15 00:00:00+00:00,0.388,0.4425,0.3647,0.4045,72800
2018-10-16 00:00:00+00:00,0.4137,0.4375,0.4041,0.4355,62443
2018-10-17 00:00:00+00:00,0.4271,0.4488,0.4271,0.4338,58155
2018-10-18 00:00:00+00:00,0.4388,0.4472,0.4139,0.4218,60228
2018-10-19 00:00:00+00:00,0.4199,0.4317,0.418,0.4255,53085
2018-10-22 00:00:00+00:00,0.4292,0.4301,0.4192,0.4249,50264
2018-10-23 00:00:00+00:00,0.4164,0.4339,0.4077,0.4337,53811
2018-10-24 00:00:00+00:00,0.4319,0.4416,0.4298,0.4322,68972
2018-10-25 00:00:00+00:00,0.4334,0.4369,0.4231,0.4319,62199
2018-10-26 00:00:00+00:00,0.4293,0.4374,0.4234,0.4316,53509
2018-10-29 00:00:00+00:00,0.4313,0.434,0.4034,0.4101,54958
2018-10-30 00:00:00+00:00,0.41,0.4226,0.4089,0.4156,42749
2018-10-31 00:00:00+00:00,0.4158,0.4313,0.4096,0.425,36011
2018-11-01 00:00:00+00:00,0.4249,0.4303,0.421,0.4296,46336
2018-11-02 00:00:00+00:00,0.43,0.4369,0.4282,0.4321,44071
2018-11-05 00:00:00+00:00,0.4466,0.4688,0.4344,0.4588,76477
2018-11-06 00:00:00+00:00,0.4639,0.5379,0.4615,0.5139,84701
2018-11-07 00:00:00+00:00,0.5172,0.5249,0.497,0.5119,81886
2018-11-08 00:00:00+00:00,0.5104,0.5139,0.4683,0.4765,66871
2018-11-09 00:00:00+00:00,0.4649,0.4898,0.4625,0.4694,69248
2018-11-12 00:00:00+00:00,0.4727,0.5012,0.4708,0.4926,44913
2018-11-13 00:00:00+00:00,0.4901,0.4979,0.4747,0.4835,63539
2018-11-14 00:00:00+00:00,0.4868,0.4869,0.3737,0.422,82469
2018-11-15 00:00:00+00:00,0.4192,0.4403,0.3906,0.4324,90331
2018-11-16 00:00:00+00:00,0.439,0.4522,0.425,0.4394,79044
2018-11-19 00:00:00+00:00,0.475,0.4882,0.4399,0.4624,117077
2018-11-20 00:00:00+00:00,0.4625,0.4732,0.3808,0.404,144263
2018-11-21 00:00:00+00:00,0.4032,0.4291,0.3777,0.4094,135569
2018-11-22 00:00:00+00:00,0.4101,0.421,0.3992,0.4044,78310
2018-11-23 00:00:00+00:00,0.4013,0.4059,0.3627,0.3718,87341
2018-11-26 00:00:00+00:00,0.3448,0.3589,0.3054,0.3194,65503
2018-11-27 00:00:00+00:00,0.3166,0.3336,0.3092,0.3321,32701
2018-11-28 00:00:00+00:00,0.3327,0.3739,0.3274,0.3659,39161
2018-11-29 00:00:00+00:00,0.3647,0.3669,0.3401,0.3482,20713
2018-11-30 00:00:00+00:00,0.3468,0.3543,0.323,0.3326,15890
2018-12-03 00:00:00+00:00,0.3409,0.3425,0.3145,0.3216,16315
2018-12-04 00:00:00+00:00,0.3212,0.3327,0.3089,0.3239,16055
2018-12-05 00:00:00+00:00,0.3192,0.3251,0.3067,0.3101,7818
2018-12-06 00:00:00+00:00,0.3129,0.3149,0.2908,0.2963,10156
2018-12-07 00:00:00+00:00,0.2909,0.2964,0.2611,0.2742,15957
2018-12-10 00:00:00+00:00,0.2795,0.2863,0.2663,0.2705,5682
2018-12-11 00:00:00+00:00,0.2628,0.2815,0.2628,0.2729,8779
2018-12-12 00:00:00+00:00,0.2731,0.283,0.265,0.2791,6058
2018-12-13 00:00:00+00:00,0.2739,0.2796,0.2671,0.2701,6892
2018-12-14 00:00:00+00:00,0.2686,0.2719,0.2525,0.2561,5390
2018-12-17 00:00:00+00:00,0.2533,0.3109,0.2533,0.2931,9432
2018-12-18 00:00:00+00:00,0.2921,0.315,0.2909,0.3067,11716
2018-12-19 00:00:00+00:00,0.3021,0.368,0.3021,0.3195,21317
2018-12-20 00:00:00+00:00,0.3154,0.3638,0.3154,0.3431,30222
2018-12-21 00:00:00+00:00,0.3421,0.3578,0.3237,0.3298,32235
2018-12-24 00:00:00+00:00,0.3421,0.4254,0.3314,0.3851,20095
2018-12-26 00:00:00+00:00,0.3578,0.3653,0.3311,0.3445,13834
2018-12-27 00:00:00+00:00,0.3448,0.3528,0.3111,0.317,12621
2018-12-28 00:00:00+00:00,0.3153,0.3568,0.3037,0.3476,14065
2018-12-31 00:00:00+00:00,0.3395,0.3465,0.3245,0.3281,5705
2019-01-02 00:00:00+00:00,0.3299,0.349,0.3297,0.347,8390
2019-01-03 00:00:00+00:00,0.3476,0.3526,0.3247,0.3291,8367
2019-01-04 00:00:00+00:00,0.3285,0.335,0.3176,0.3316,4368
2019-01-07 00:00:00+00:00,0.3387,0.3506,0.3352,0.3405,11291
2019-01-08 00:00:00+00:00,0.3376,0.3466,0.3296,0.3365,12101
2019-01-09 00:00:00+00:00,0.3364,0.3428,0.3355,0.3408,16610
2019-01-10 00:00:00+00:00,0.3394,0.3866,0.2912,0.3043,31505
2019-01-11 00:00:00+00:00,0.3009,0.3097,0.2975,0.3041,9657
2019-01-14 00:00:00+00:00,0.2872,0.3134,0.2869,0.3062,10547
2019-01-15 00:00:00+00:00,0.3063,0.3098,0.2933,0.2954,11179
2019-01-16 00:00:00+00:00,0.2928,0.3087,0.2928,0.2998,11781
2019-01-17 00:00:00+00:00,0.2998,0.3053,0.2958,0.3008,16955
2019-01-18 00:00:00+00:00,0.301,0.3031,0.2914,0.2951,11621
2019-01-21 00:00:00+00:00,0.2921,0.2967,0.2882,0.2906,11107
2019-01-22 00:00:00+00:00,0.2882,0.2957,0.2793,0.2923,13213
2019-01-23 00:00:00+00:00,0.2919,0.2949,0.2872,0.2883,9671
2019-01-24 00:00:00+00:00,0.2881,0.2929,0.2867,0.2908,10399
2019-01-25 00:00:00+00:00,0.2905,0.2919,0.2838,0.2859,4750
2019-01-28 00:00:00+00:00,0.2793,0.2817,0.255,0.2636,8593
2019-01-29 00:00:00+00:00,0.2634,0.2692,0.2551,0.2622,4618
2019-01-30 00:00:00+00:00,0.2589,0.2983,0.2584,0.2907,7576
2019-01-31 00:00:00+00:00,0.2909,0.3079,0.2662,0.2828,10815
2019-02-01 00:00:00+00:00,0.282,0.2872,0.2678,0.2796,7253
2019-02-04 00:00:00+00:00,0.2679,0.2762,0.2679,0.2719,12161
2019-02-05 00:00:00+00:00,0.2694,0.2735,0.2673,0.2709,3562
2019-02-06 00:00:00+00:00,0.2703,0.2722,0.2597,0.2611,6947
2019-02-07 00:00:00+00:00,0.2605,0.2654,0.2605,0.2637,6496
2019-02-08 00:00:00+00:00,0.2635,0.2931,0.2614,0.2786,11140
2019-02-11 00:00:00+00:00,0.274,0.2826,0.2732,0.274,16471
2019-02-12 00:00:00+00:00,0.2739,0.2817,0.2686,0.2743,16005
2019-02-13 00:00:00+00:00,0.2718,0.2844,0.2697,0.2747,18126
2019-02-14 00:00:00+00:00,0.2714,0.2769,0.2613,0.2747,17184
2019-02-15 00:00:00+00:00,0.2748,0.2779,0.2693,0.2716,12701
2019-02-18 00:00:00+00:00,0.2685,0.302,0.2685,0.2919,36054
2019-02-19 00:00:00+00:00,0.2895,0.32,0.2894,0.2972,31828
2019-02-20 00:00:00+00:00,0.298,0.3067,0.2912,0.2982,29104
2019-02-21 00:00:00+00:00,0.2951,0.3049,0.2889,0.2909,23883
2019-02-22 00:00:00+00:00,0.2906,0.2957,0.287,0.2942,22554
2019-02-25 00:00:00+00:00,0.2749,0.312,0.2695,0.299,44576
2019-02-26 00:00:00+00:00,0.2999,0.3065,0.2864,0.2885,30773
2019-02-27 00:00:00+00:00,0.2893,0.292,0.2727,0.2799,23928
2019-02-28 00:00:00+00:00,0.28,0.2902,0.279,0.2864,20509
2019-03-01 00:00:00+00:00,0.2864,0.2991,0.284,0.2927,14067
2019-03-04 00:00:00+00:00,0.2817,0.2846,0.2712,0.2753,26638
2019-03-05 00:00:00+00:00,0.2733,0.2907,0.2733,0.2863,13057
2019-03-06 00:00:00+00:00,0.2865,0.2929,0.2825,0.2885,4429
2019-03-07 00:00:00+00:00,0.289,0.2915,0.2848,0.2867,5382
2019-03-08 00:00:00+00:00,0.2868,0.2882,0.2809,0.2818,3650
2019-03-11 00:00:00+00:00,0.2864,0.2877,0.2803,0.2837,7139
2019-03-12 00:00:00+00:00,0.2834,0.2856,0.2785,0.2843,8640
2019-03-13 00:00:00+00:00,0.2823,0.2984,0.2808,0.2875,24122
2019-03-14 00:00:00+00:00,0.2862,0.2893,0.2788,0.2842,12667
2019-03-15 00:00:00+00:00,0.283,0.2893,0.2762,0.2877,9324
2019-03-18 00:00:00+00:00,0.2899,0.2927,0.2852,0.2864,41005
2019-03-19 00:00:00+00:00,0.2863,0.2896,0.2854,0.2883,6658
2019-03-20 00:00:00+00:00,0.2861,0.2948,0.2844,0.2902,6053
2019-03-21 00:00:00+00:00,0.2898,0.2927,0.2768,0.2837,4090
2019-03-22 00:00:00+00:00,0.2833,0.2867,0.2808,0.2836,3277
2019-03-25 00:00:00+00:00,0.2802,0.2819,0.2728,0.2749,3302
2019-03-26 00:00:00+00:00,0.2717,0.2767,0.2641,0.2725,2820
2019-03-27 00:00:00+00:00,0.2709,0.2839,0.2707,0.2814,3557
2019-03-28 00:00:00+00:00,0.2814,0.2849,0.2781,0.2805,2990
2019-03-29 00:00:00+00:00,0.2805,0.2838,0.278,0.2804,4626
2019-04-01 00:00:00+00:00,0.2833,0.288,0.2813,0.287,3505
2019-04-02 00:00:00+00:00,0.2873,0.3262,0.2855,0.3224,20211
2019-04-03 00:00:00+00:00,0.3221,0.3487,0.3149,0.3468,22470
2019-04-04 00:00:00+00:00,0.3483,0.3483,0.2976,0.3049,33727
2019-04-05 00:00:00+00:00,0.3022,0.352,0.3022,0.3336,44536
2019-04-08 00:00:00+00:00,0.3344,0.3445,0.3241,0.3324,27969
2019-04-09 00:00:00+00:00,0.3333,0.3367,0.3234,0.3272,14860
2019-04-10 00:00:00+00:00,0.3278,0.3362,0.3226,0.3292,8692
2019-04-11 00:00:00+00:00,0.3299,0.3299,0.2967,0.3027,11703
2019-04-12 00:00:00+00:00,0.3001,0.3056,0.2918,0.2982,9557
2019-04-15 00:00:00+00:00,0.2994,0.3076,0.2883,0.2925,5220
2019-04-16 00:00:00+00:00,0.2927,0.3009,0.2906,0.298,5687
2019-04-17 00:00:00+00:00,0.2978,0.313,0.2958,0.3128,8010
2019-04-18 00:00:00+00:00,0.3137,0.3232,0.3085,0.3125,8804
2019-04-19 00:00:00+00:00,0.3127,0.3132,0.302,0.3066,6714
2019-04-22 00:00:00+00:00,0.2951,0.3071,0.2934,0.2995,5804
2019-04-23 00:00:00+00:00,0.2993,0.3032,0.296,0.2985,6238
2019-04-24 00:00:00+00:00,0.2981,0.2995,0.2645,0.2755,9922
2019-04-25 00:00:00+00:00,0.2766,0.2825,0.2707,0.278,7046
2019-04-26 00:00:00+00:00,0.2778,0.278,0.2525,0.2651,10562
2019-04-29 00:00:00+00:00,0.2628,0.2682,0.2579,0.2621,3851
2019-04-30 00:00:00+00:00,0.2608,0.2832,0.2602,0.2805,6435
2019-05-01 00:00:00+00:00,0.2816,0.283,0.2712,0.2739,5335
2019-05-02 00:00:00+00:00,0.2729,0.2758,0.2697,0.271,11523
2019-05-03 00:00:00+00:00,0.2713,0.2827,0.2695,0.278,32185
2019-05-06 00:00:00+00:00,0.2729,0.279,0.2665,0.2754,24308
2019-05-07 00:00:00+00:00,0.2754,0.2792,0.2695,0.2711,49570
2019-05-08 00:00:00+00:00,0.2721,0.2742,0.2649,0.2736,94693
2019-05-09 00:00:00+00:00,0.2735,0.2744,0.2644,0.2674,69652
2019-05-10 00:00:00+00:00,0.2672,0.2768,0.2643,0.272,63833
2019-05-13 00:00:00+00:00,0.2884,0.3077,0.2825,0.3032,91226
2019-05-14 00:00:00+00:00,0.3034,0.3971,0.2941,0.3631,154593
2019-05-15 00:00:00+00:00,0.3583,0.4235,0.3551,0.4095,143359
2019-05-16 00:00:00+00:00,0.4107,0.455,0.3369,0.3803,171694
2019-05-17 00:00:00+00:00,0.3812,0.4033,0.3174,0.3456,165665
2019-05-20 00:00:00+00:00,0.3866,0.405,0.3542,0.3779,181021
2019-05-21 00:00:00+00:00,0.3788,0.3847,0.3562,0.3786,114901
2019-05-22 00:00:00+00:00,0.3804,0.387,0.3375,0.3563,97380
2019-05-23 00:00:00+00:00,0.3533,0.3549,0.3363,0.3536,117051
2019-05-24 00:00:00+00:00,0.3538,0.3701,0.3462,0.3674,62435
2019-05-27 00:00:00+00:00,0.3763,0.4222,0.3762,0.3979,58843
2019-05-28 00:00:00+00:00,0.3959,0.4351,0.3879,0.4259,58615
2019-05-29 00:00:00+00:00,0.4238,0.4315,0.3936,0.4207,67107
2019-05-30 00:00:00+00:00,0.4201,0.4493,0.3947,0.403,83243
2019-05-31 00:00:00+00:00,0.4063,0.4084,0.3663,0.4073,100974
2019-06-03 00:00:00+00:00,0.4125,0.4376,0.4016,0.4153,109274
2019-06-04 00:00:00+00:00,0.4119,0.416,0.3565,0.3831,106959
2019-06-05 00:00:00+00:00,0.383,0.3981,0.3723,0.3902,58144
2019-06-06 00:00:00+00:00,0.388,0.4195,0.3815,0.4074,68146
2019-06-07 00:00:00+00:00,0.4065,0.4238,0.402,0.4116,34714
2019-06-10 00:00:00+00:00,0.3712,0.3972,0.3644,0.3877,53867
2019-06-11 00:00:00+00:00,0.3843,0.396,0.3738,0.3859,35632
2019-06-12 00:00:00+00:00,0.3839,0.3964,0.3806,0.3897,31386
2019-06-13 00:00:00+00:00,0.3874,0.4021,0.3845,0.3946,31116
2019-06-14 00:00:00+00:00,0.3936,0.3971,0.3777,0.388,28178
2019-06-17 00:00:00+00:00,0.4092,0.4465,0.4092,0.4464,44986
2019-06-18 00:00:00+00:00,0.4414,0.4552,0.4086,0.4211,54011
2019-06-19 00:00:00+00:00,0.4204,0.4309,0.4031,0.425,31306
2019-06-20 00:00:00+00:00,0.4235,0.4293,0.4059,0.4233,37987
2019-06-21 00:00:00+00:00,0.4224,0.4413,0.4175,0.4331,48923
2019-06-24 00:00:00+00:00,0.469,0.4767,0.4396,0.4519,51440
2019-06-25 00:00:00+00:00,0.4505,0.4674,0.4422,0.4534,48728
2019-06-26 00:00:00+00:00,0.4512,0.486,0.4341,0.4634,92588
2019-06-27 00:00:00+00:00,0.4574,0.4598,0.3776,0.3924,124564
2019-06-28 00:00:00+00:00,0.3892,0.4111,0.3871,0.4083,63199
2019-07-01 00:00:00+00:00,0.3934,0.4111,0.3768,0.3884,50759
2019-07-02 00:00:00+00:00,0.3882,0.4012,0.3734,0.3873,55381
2019-07-03 00:00:00+00:00,0.3847,0.3991,0.3837,0.3901,53230
2019-07-04 00:00:00+00:00,0.3896,0.3985,0.382,0.3854,45838
2019-07-05 00:00:00+00:00,0.384,0.3868,0.3656,0.3718,41881
2019-07-08 00:00:00+00:00,0.3896,0.3961,0.3848,0.392,19228
2019-07-09 00:00:00+00:00,0.3914,0.3998,0.3815,0.3826,24639
2019-07-10 00:00:00+00:00,0.3813,0.3892,0.3278,0.3477,42510
2019-07-11 00:00:00+00:00,0.3442,0.3542,0.3015,0.314,52470
2019-07-12 00:00:00+00:00,0.3104,0.3425,0.3104,0.3349,26467
2019-07-15 00:00:00+00:00,0.3055,0.3152,0.2867,0.3047,44457
2019-07-16 00:00:00+00:00,0.3036,0.3115,0.2641,0.2919,37231
2019-07-17 00:00:00+00:00,0.2876,0.3165,0.2841,0.3077,41541
2019-07-18 00:00:00+00:00,0.3068,0.3187,0.2948,0.3135,37761
2019-07-19 00:00:00+00:00,0.3121,0.3173,0.3014,0.3104,28356
2019-07-22 00:00:00+00:00,0.3195,0.3244,0.3062,0.3128,13549
2019-07-23 00:00:00+00:00,0.3119,0.314,0.2908,0.3059,15886
2019-07-24 00:00:00+00:00,0.304,0.3102,0.294,0.3076,15085
2019-07-25 00:00:00+00:00,0.307,0.3155,0.3029,0.3051,12604
2019-07-26 00:00:00+00:00,0.304,0.3171,0.2992,0.314,10482
2019-07-29 00:00:00+00:00,0.2986,0.3063,0.2889,0.3021,11877
2019-07-30 00:00:00+00:00,0.3008,0.3137,0.2981,0.3092,9138
2019-07-31 00:00:00+00:00,0.3078,0.3155,0.2969,0.3095,9839
2019-08-01 00:00:00+00:00,0.3088,0.3121,0.2949,0.3078,9674
2019-08-02 00:00:00+00:00,0.3075,0.3102,0.3009,0.3015,14484
2019-08-05 00:00:00+00:00,0.3134,0.3234,0.3016,0.3141,18751
2019-08-06 00:00:00+00:00,0.3134,0.3166,0.3011,0.3016,20668
2019-08-07 00:00:00+00:00,0.3006,0.3077,0.2967,0.3016,21941
2019-08-08 00:00:00+00:00,0.3008,0.305,0.2944,0.2966,18258
2019-08-09 00:00:00+00:00,0.2957,0.3007,0.2811,0.2847,18749
2019-08-12 00:00:00+00:00,0.2941,0.2969,0.2833,0.2923,11274
2019-08-13 00:00:00+00:00,0.2913,0.2931,0.283,0.2864,13329
2019-08-14 00:00:00+00:00,0.2847,0.2894,0.2236,0.2596,29042
2019-08-15 00:00:00+00:00,0.2597,0.262,0.2353,0.2561,24683
2019-08-16 00:00:00+00:00,0.2542,0.26,0.246,0.253,24758
2019-08-19 00:00:00+00:00,0.2752,0.2823,0.2677,0.2689,12175
2019-08-20 00:00:00+00:00,0.2676,0.275,0.2614,0.2651,13023
2019-08-21 00:00:00+00:00,0.2634,0.2666,0.2493,0.2568,18923
2019-08-22 00:00:00+00:00,0.2553,0.2658,0.2519,0.2639,14643
2019-08-23 00:00:00+00:00,0.2617,0.2702,0.2593,0.2674,9824
2019-08-26 00:00:00+00:00,0.2579,0.2721,0.256,0.26,13622
2019-08-27 00:00:00+00:00,0.2583,0.2619,0.256,0.2597,9247
2019-08-28 00:00:00+00:00,0.2584,0.2617,0.226,0.2452,12141
2019-08-29 00:00:00+00:00,0.2438,0.2541,0.2301,0.2504,15179
2019-08-30 00:00:00+00:00,0.2492,0.2502,0.2438,0.2461,11842
2019-09-02 00:00:00+00:00,0.2463,0.2566,0.2452,0.2548,9635
2019-09-03 00:00:00+00:00,0.254,0.2592,0.2499,0.2549,10984
2019-09-04 00:00:00+00:00,0.254,0.2573,0.248,0.252,14144
2019-09-05 00:00:00+00:00,0.2509,0.2537,0.237,0.2462,10077
2019-09-06 00:00:00+00:00,0.2452,0.2515,0.2387,0.2435,10889
2019-09-09 00:00:00+00:00,0.2498,0.2566,0.2419,0.2494,7949
2019-09-10 00:00:00+00:00,0.2496,0.2557,0.2417,0.2471,4408
2019-09-11 00:00:00+00:00,0.2461,0.2527,0.2423,0.2441,5848
2019-09-12 00:00:00+00:00,0.2438,0.2485,0.2424,0.2443,4541
2019-09-13 00:00:00+00:00,0.2442,0.2481,0.2438,0.2465,5463
2019-09-16 00:00:00+00:00,0.2506,0.2554,0.2482,0.2529,5437
2019-09-17 00:00:00+00:00,0.2528,0.2909,0.2516,0.2828,12080
2019-09-18 00:00:00+00:00,0.2848,0.3181,0.2754,0.3034,18911
2019-09-19 00:00:00+00:00,0.3032,0.3116,0.2735,0.2903,17966
2019-09-20 00:00:00+00:00,0.2916,0.2952,0.2744,0.2807,9617
2019-09-23 00:00:00+00:00,0.2642,0.2782,0.2565,0.2713,9514
2019-09-24 00:00:00+00:00,0.2673,0.2684,0.1923,0.2266,34272
2019-09-25 00:00:00+00:00,0.224,0.2411,0.2229,0.2369,41583
2019-09-26 00:00:00+00:00,0.2354,0.2411,0.2185,0.232,28839
2019-09-27 00:00:00+00:00,0.2314,0.237,0.2246,0.2337,17548
2019-09-30 00:00:00+00:00,0.2311,0.2537,0.2269,0.2449,20686
2019-10-01 00:00:00+00:00,0.244,0.253,0.2366,0.2419,16484
2019-10-02 00:00:00+00:00,0.2421,0.2468,0.2365,0.2416,10867
2019-10-03 00:00:00+00:00,0.242,0.2458,0.2295,0.2375,6820
2019-10-04 00:00:00+00:00,0.237,0.2487,0.2363,0.2456,7634
2019-10-07 00:00:00+00:00,0.2446,0.2733,0.2433,0.2665,13717
2019-10-08 00:00:00+00:00,0.2666,0.2777,0.2598,0.2659,9246
2019-10-09 00:00:00+00:00,0.2652,0.2798,0.2646,0.2744,9369
2019-10-10 00:00:00+00:00,0.2741,0.2747,0.2569,0.265,7892
2019-10-11 00:00:00+00:00,0.2648,0.2679,0.2567,0.2616,8942
2019-10-14 00:00:00+00:00,0.2668,0.2865,0.2668,0.2812,9057
2019-10-15 00:00:00+00:00,0.2808,0.291,0.2691,0.2789,9529
2019-10-16 00:00:00+00:00,0.2775,0.2837,0.2701,0.2751,8272
2019-10-17 00:00:00+00:00,0.2751,0.2957,0.2721,0.2887,23673
2019-10-18 00:00:00+00:00,0.2906,0.2956,0.2762,0.2848,18098
2019-10-21 00:00:00+00:00,0.2837,0.2888,0.2807,0.2847,14071
2019-10-22 00:00:00+00:00,0.2848,0.2954,0.2826,0.2866,18131
2019-10-23 00:00:00+00:00,0.2847,0.2879,0.2295,0.2605,30283
2019-10-24 00:00:00+00:00,0.2602,0.2729,0.2574,0.2709,18514
2019-10-25 00:00:00+00:00,0.2711,0.3004,0.2667,0.2883,31593
2019-10-28 00:00:00+00:00,0.2892,0.2978,0.286,0.2901,30648
2019-10-29 00:00:00+00:00,0.2909,0.3021,0.2867,0.2939,27831
2019-10-30 00:00:00+00:00,0.2924,0.2988,0.2824,0.2882,34007
2019-10-31 00:00:00+00:00,0.2878,0.2913,0.2777,0.287,34778
2019-11-01 00:00:00+00:00,0.2836,0.2876,0.2722,0.2837,27744
2019-11-04 00:00:00+00:00,0.2819,0.29,0.2816,0.2889,16515
2019-11-05 00:00:00+00:00,0.2879,0.2972,0.2862,0.2941,21696
2019-11-06 00:00:00+00:00,0.2937,0.3023,0.2894,0.3006,19116
2019-11-07 00:00:00+00:00,0.3024,0.307,0.2495,0.2825,34892
2019-11-08 00:00:00+00:00,0.2815,0.283,0.2624,0.2697,47175
2019-11-11 00:00:00+00:00,0.2723,0.2738,0.2614,0.2663,32811
2019-11-12 00:00:00+00:00,0.2668,0.2682,0.2589,0.263,32674
2019-11-13 00:00:00+00:00,0.2632,0.2675,0.2613,0.2641,24771
2019-11-14 00:00:00+00:00,0.264,0.2647,0.2551,0.2593,34053
2019-11-15 00:00:00+00:00,0.2596,0.2613,0.2439,0.252,41273
2019-11-18 00:00:00+00:00,0.2553,0.2567,0.2304,0.2463,33049
2019-11-19 00:00:00+00:00,0.2465,0.2466,0.2346,0.2431,34630
2019-11-20 00:00:00+00:00,0.2436,0.2506,0.2399,0.2418,25391
2019-11-21 00:00:00+00:00,0.2418,0.2452,0.2249,0.2344,26328
2019-11-22 00:00:00+00:00,0.2338,0.2378,0.2121,0.224,59380
2019-11-25 00:00:00+00:00,0.2175,0.2196,0.1881,0.2133,56452
2019-11-26 00:00:00+00:00,0.2134,0.2143,0.2059,0.2118,29788
2019-11-27 00:00:00+00:00,0.2114,0.2223,0.2049,0.2168,33595
2019-11-28 00:00:00+00:00,0.2175,0.2222,0.216,0.219,27566
2019-11-29 00:00:00+00:00,0.2191,0.225,0.2149,0.2212,27024
2019-12-02 00:00:00+00:00,0.216,0.2191,0.2096,0.2124,26040
2019-12-03 00:00:00+00:00,0.2127,0.2145,0.21,0.212,15781
2019-12-04 00:00:00+00:00,0.212,0.2175,0.202,0.2073,24781
2019-12-05 00:00:00+00:00,0.2077,0.2187,0.2042,0.2147,36027
2019-12-06 00:00:00+00:00,0.2151,0.2194,0.2113,0.2165,26736
2019-12-09 00:00:00+00:00,0.2228,0.2234,0.2128,0.2155,13988
2019-12-10 00:00:00+00:00,0.2151,0.2173,0.2108,0.2129,11837
2019-12-11 00:00:00+00:00,0.2124,0.2156,0.2115,0.2125,9253
2019-12-12 00:00:00+00:00,0.2116,0.2148,0.2085,0.2107,9896
2019-12-13 00:00:00+00:00,0.2107,0.2126,0.2068,0.2119,8173
2019-12-16 00:00:00+00:00,0.2097,0.2099,0.1934,0.1968,12702
2019-12-17 00:00:00+00:00,0.196,0.198,0.1695,0.1754,21468
2019-12-18 00:00:00+00:00,0.1754,0.1925,0.1668,0.1872,44889
2019-12-19 00:00:00+00:00,0.1881,0.1912,0.174,0.1803,25538
2019-12-20 00:00:00+00:00,0.1801,0.1875,0.1757,0.1863,22482
2019-12-23 00:00:00+00:00,0.1867,0.1907,0.1826,0.1827,20238
2019-12-24 00:00:00+00:00,0.1818,0.1856,0.1793,0.1826,24075
2019-12-26 00:00:00+00:00,0.18,0.186,0.179,0.1816,23673
2019-12-27 00:00:00+00:00,0.1799,0.182,0.1762,0.1809,22910
2019-12-30 00:00:00+00:00,0.1865,0.1895,0.1833,0.1844,16598
2019-12-31 00:00:00+00:00,0.1851,0.1856,0.1814,0.1817,14393
2020-01-02 00:00:00+00:00,0.184,0.1853,0.1767,0.1792,13626
2020-01-03 00:00:00+00:00,0.179,0.1857,0.1762,0.1836,20892
2020-01-06 00:00:00+00:00,0.1866,0.2158,0.1855,0.2102,28080
2020-01-07 00:00:00+00:00,0.21,0.2175,0.1992,0.2057,29978
2020-01-08 00:00:00+00:00,0.2046,0.2105,0.195,0.1979,31058
2020-01-09 00:00:00+00:00,0.1977,0.2006,0.1931,0.194,21654
2020-01-10 00:00:00+00:00,0.1941,0.2034,0.192,0.2013,29173
2020-01-13 00:00:00+00:00,0.2035,0.2076,0.2,0.2041,9083
2020-01-14 00:00:00+00:00,0.2042,0.2372,0.2032,0.2258,29652
2020-01-15 00:00:00+00:00,0.227,0.2354,0.218,0.2284,41911
2020-01-16 00:00:00+00:00,0.2286,0.2288,0.2138,0.2204,25977
2020-01-17 00:00:00+00:00,0.2208,0.2361,0.2184,0.2317,23931
2020-01-20 00:00:00+00:00,0.2251,0.2284,0.2159,0.2265,17907
2020-01-21 00:00:00+00:00,0.2272,0.2334,0.2215,0.2298,16243
2020-01-22 00:00:00+00:00,0.2291,0.2314,0.2239,0.2275,14482
2020-01-23 00:00:00+00:00,0.2262,0.2287,0.2125,0.2174,21643
2020-01-24 00:00:00+00:00,0.2174,0.2184,0.2052,0.2151,20616
2020-01-27 00:00:00+00:00,0.2175,0.2254,0.2169,0.2248,15740
2020-01-28 00:00:00+00:00,0.2245,0.2331,0.2206,0.2278,23765
2020-01-29 00:00:00+00:00,0.2268,0.2337,0.2259,0.2289,19333
2020-01-30 00:00:00+00:00,0.2282,0.2375,0.222,0.2361,20213
2020-01-31 00:00:00+00:00,0.2347,0.2388,0.2255,0.231,19451
2020-02-03 00:00:00+00:00,0.2464,0.2519,0.2388,0.2437,22433
2020-02-04 00:00:00+00:00,0.2437,0.2624,0.2391,0.257,27567
2020-02-05 00:00:00+00:00,0.2571,0.2736,0.2546,0.27,38361
2020-02-06 00:00:00+00:00,0.2712,0.2803,0.2608,0.275,52494
2020-02-07 00:00:00+00:00,0.2753,0.28,0.2694,0.2699,83298
2020-02-10 00:00:00+00:00,0.271,0.2768,0.2596,0.2664,95813
2020-02-11 00:00:00+00:00,0.2662,0.2767,0.2591,0.2729,104742
2020-02-12 00:00:00+00:00,0.2734,0.2988,0.2696,0.2956,102789
2020-02-13 00:00:00+00:00,0.2944,0.3316,0.2917,0.3151,121578
2020-02-14 00:00:00+00:00,0.3136,0.3315,0.3024,0.3276,100608
2020-02-17 00:00:00+00:00,0.2758,0.2885,0.2608,0.2759,145128
2020-02-18 00:00:00+00:00,0.2766,0.2957,0.2677,0.2901,141733
2020-02-19 00:00:00+00:00,0.2893,0.3007,0.258,0.2717,126080
2020-02-20 00:00:00+00:00,0.2685,0.2764,0.2523,0.2644,115477
2020-02-21 00:00:00+00:00,0.2646,0.2718,0.2606,0.2653,113404
2020-02-24 00:00:00+00:00,0.2722,0.2773,0.2558,0.2582,88670
2020-02-25 00:00:00+00:00,0.2587,0.2638,0.2428,0.2477,86997
2020-02-26 00:00:00+00:00,0.2476,0.2507,0.2143,0.2238,80436
2020-02-27 00:00:00+00:00,0.2229,0.2399,0.2155,0.2291,86721
2020-02-28 00:00:00+00:00,0.2294,0.2364,0.2202,0.2285,82932
2020-02-28 08:00:00+00:00,0.2304,0.2307,0.2211,0.2232,11935
2020-02-28 12:00:00+00:00,0.2231,0.2294,0.2202,0.228,16901
2020-02-28 16:00:00+00:00,0.2277,0.2302,0.2245,0.226,13713
2020-02-28 20:00:00+00:00,0.2259,0.2293,0.2236,0.2285,12517
2020-03-02 00:00:00+00:00,0.2173,0.2206,0.2167,0.2196,8061
2020-03-02 04:00:00+00:00,0.2196,0.2221,0.2191,0.222,3846
2020-03-02 08:00:00+00:00,0.222,0.2257,0.2214,0.225,4367
2020-03-02 12:00:00+00:00,0.2251,0.2298,0.2237,0.2291,4466
2020-03-02 16:00:00+00:00,0.2291,0.2331,0.2274,0.2311,6531
2020-03-02 20:00:00+00:00,0.2311,0.2333,0.2307,0.2332,3207
2020-03-03 00:00:00+00:00,0.2319,0.2333,0.2278,0.2278,10317
2020-03-03 04:00:00+00:00,0.2278,0.2308,0.2274,0.2289,4062
2020-03-03 08:00:00+00:00,0.229,0.229,0.2249,0.2276,6544
2020-03-03 12:00:00+00:00,0.2276,0.2302,0.2253,0.227,5559
2020-03-03 16:00:00+00:00,0.2269,0.2282,0.2215,0.2237,7380
2020-03-03 20:00:00+00:00,0.2237,0.2262,0.2233,0.226,4605
2020-03-04 00:00:00+00:00,0.2255,0.2274,0.2242,0.2269,10435
2020-03-04 04:00:00+00:00,0.2268,0.2281,0.2263,0.227,4453
2020-03-04 08:00:00+00:00,0.227,0.2301,0.2256,0.2258,4525
2020-03-04 12:00:00+00:00,0.2259,0.227,0.2234,0.2259,4612
2020-03-04 16:00:00+00:00,0.2259,0.2263,0.2219,0.2244,5394
2020-03-04 20:00:00+00:00,0.2244,0.2254,0.2226,0.2252,2803
2020-03-05 00:00:00+00:00,0.2249,0.2288,0.2246,0.2285,9050
2020-03-05 04:00:00+00:00,0.2285,0.2307,0.2272,0.2303,6802
2020-03-05 08:00:00+00:00,0.2303,0.2325,0.2282,0.2321,6089
2020-03-05 12:00:00+00:00,0.2321,0.2345,0.231,0.2319,6062
2020-03-05 16:00:00+00:00,0.2318,0.2352,0.2301,0.2344,5418
2020-03-05 20:00:00+00:00,0.2343,0.2344,0.2317,0.2322,6351
2020-03-06 00:00:00+00:00,0.2318,0.233,0.2299,0.232,10562
2020-03-06 04:00:00+00:00,0.232,0.2348,0.2304,0.2342,9506
2020-03-06 08:00:00+00:00,0.2342,0.2352,0.2328,0.2347,5021
2020-03-06 12:00:00+00:00,0.2347,0.2383,0.2338,0.2341,6522
2020-03-06 16:00:00+00:00,0.2341,0.236,0.2317,0.2349,5359
2020-03-06 20:00:00+00:00,0.2349,0.236,0.2328,0.2352,3202
2020-03-09 00:00:00+00:00,0.2036,0.204,0.194,0.1983,25412
2020-03-09 04:00:00+00:00,0.1982,0.2033,0.1948,0.1976,15940
2020-03-09 08:00:00+00:00,0.1976,0.204,0.1935,0.2036,15917
2020-03-09 12:00:00+00:00,0.2036,0.2037,0.1986,0.2021,10201
2020-03-09 16:00:00+00:00,0.2022,0.2024,0.19,0.196,17809
2020-03-09 20:00:00+00:00,0.196,0.1974,0.1919,0.1968,15826
2020-03-10 00:00:00+00:00,0.1968,0.2024,0.1941,0.2015,40256
2020-03-10 04:00:00+00:00,0.2017,0.2027,0.1988,0.2009,43872
2020-03-10 08:00:00+00:00,0.201,0.2016,0.197,0.1991,24353
2020-03-10 12:00:00+00:00,0.1991,0.2084,0.1987,0.2077,25976
2020-03-10 16:00:00+00:00,0.2076,0.208,0.1991,0.2027,32374
2020-03-10 20:00:00+00:00,0.2027,0.2057,0.2014,0.205,34344
2020-03-11 00:00:00+00:00,0.2046,0.2061,0.203,0.2051,31372
2020-03-11 04:00:00+00:00,0.2052,0.2061,0.2032,0.2041,21997
2020-03-11 08:00:00+00:00,0.204,0.2043,0.2004,0.2011,30804
2020-03-11 12:00:00+00:00,0.2011,0.2016,0.1963,0.1994,33160
2020-03-11 16:00:00+00:00,0.1995,0.2011,0.1958,0.1984,31361
2020-03-11 20:00:00+00:00,0.1984,0.1996,0.1912,0.1994,34180
2020-03-12 00:00:00+00:00,0.1994,0.2023,0.1972,0.1995,28892
2020-03-12 04:00:00+00:00,0.1995,0.1999,0.1825,0.1872,30455
2020-03-12 08:00:00+00:00,0.1872,0.1884,0.1717,0.1789,25054
2020-03-12 12:00:00+00:00,0.179,0.1805,0.1185,0.1492,53296
2020-03-12 16:00:00+00:00,0.1491,0.1614,0.1424,0.1561,46238
2020-03-12 20:00:00+00:00,0.1561,0.1611,0.1426,0.1469,32288
2020-03-13 00:00:00+00:00,0.1465,0.1505,0.1076,0.1266,46979
2020-03-13 04:00:00+00:00,0.1266,0.1378,0.0961,0.1247,53350
2020-03-13 08:00:00+00:00,0.1247,0.1527,0.1243,0.142,45354
2020-03-13 12:00:00+00:00,0.1419,0.155,0.1419,0.1505,39921
2020-03-13 16:00:00+00:00,0.1503,0.1599,0.1326,0.1395,45653
2020-03-13 20:00:00+00:00,0.1395,0.1479,0.1296,0.1465,42687
2020-03-16 00:00:00+00:00,0.1409,0.1571,0.1403,0.1416,47437
2020-03-16 04:00:00+00:00,0.1416,0.1452,0.1405,0.1418,31975
2020-03-16 08:00:00+00:00,0.1417,0.1424,0.1278,0.1325,48360
2020-03-16 12:00:00+00:00,0.1326,0.1329,0.1198,0.1296,52541
2020-03-16 16:00:00+00:00,0.1297,0.1381,0.1222,0.1344,52680
2020-03-16 20:00:00+00:00,0.1343,0.1375,0.1285,0.1309,41468
2020-03-17 00:00:00+00:00,0.1295,0.1361,0.1294,0.1359,38639
2020-03-17 04:00:00+00:00,0.136,0.1438,0.1355,0.1386,38817
2020-03-17 08:00:00+00:00,0.1386,0.145,0.1385,0.1408,30607
2020-03-17 12:00:00+00:00,0.1409,0.142,0.1376,0.1386,44829
2020-03-17 16:00:00+00:00,0.1385,0.1433,0.1353,0.1396,48124
2020-03-17 20:00:00+00:00,0.1395,0.1419,0.1386,0.1413,42846
2020-03-18 00:00:00+00:00,0.1414,0.1434,0.1384,0.1402,41857
2020-03-18 04:00:00+00:00,0.1401,0.1422,0.1392,0.142,40424
2020-03-18 08:00:00+00:00,0.1419,0.1421,0.1342,0.1368,46673
2020-03-18 12:00:00+00:00,0.1367,0.1379,0.1336,0.1355,40910
2020-03-18 16:00:00+00:00,0.1355,0.1402,0.1325,0.1357,38368
2020-03-18 20:00:00+00:00,0.1358,0.1398,0.1336,0.1385,30153
2020-03-19 00:00:00+00:00,0.1379,0.1416,0.1352,0.1394,15231
2020-03-19 04:00:00+00:00,0.1394,0.1405,0.1369,0.1381,5115
2020-03-19 08:00:00+00:00,0.1375,0.1416,0.1369,0.1407,4593
2020-03-19 12:00:00+00:00,0.1408,0.1491,0.1401,0.1491,8237
2020-03-19 16:00:00+00:00,0.1491,0.1607,0.1453,0.1554,11153
2020-03-19 20:00:00+00:00,0.1555,0.1585,0.1513,0.1564,13061
2020-03-20 00:00:00+00:00,0.1555,0.1658,0.1543,0.1575,16862
2020-03-20 04:00:00+00:00,0.1573,0.1577,0.1493,0.1542,5609
2020-03-20 08:00:00+00:00,0.1544,0.1658,0.1532,0.1627,4442
2020-03-20 12:00:00+00:00,0.1629,0.1678,0.1576,0.1613,12673
2020-03-20 16:00:00+00:00,0.1614,0.1631,0.1539,0.1568,16629
2020-03-20 20:00:00+00:00,0.1567,0.1577,0.1342,0.1428,21810
2020-03-23 00:00:00+00:00,0.1431,0.1468,0.1361,0.1417,6880
2020-03-23 04:00:00+00:00,0.1415,0.145,0.1398,0.1432,3439
2020-03-23 08:00:00+00:00,0.1431,0.1444,0.1403,0.1412,6089
2020-03-23 12:00:00+00:00,0.1413,0.1514,0.1398,0.1503,9634
2020-03-23 16:00:00+00:00,0.1504,0.1543,0.1453,0.1507,10613
2020-03-23 20:00:00+00:00,0.1507,0.1512,0.1477,0.1506,8931
2020-03-24 00:00:00+00:00,0.1488,0.1546,0.1488,0.1528,32962
2020-03-24 04:00:00+00:00,0.1527,0.154,0.1497,0.1508,13206
2020-03-24 08:00:00+00:00,0.1508,0.1565,0.1501,0.1546,14090
2020-03-24 12:00:00+00:00,0.1547,0.1569,0.1512,0.1541,15366
2020-03-24 16:00:00+00:00,0.1539,0.1555,0.1502,0.1536,13100
2020-03-24 20:00:00+00:00,0.1535,0.1559,0.1516,0.1548,10507
2020-03-25 00:00:00+00:00,0.1537,0.1562,0.1505,0.1558,21021
2020-03-25 04:00:00+00:00,0.1558,0.1564,0.1521,0.1539,11664
2020-03-25 08:00:00+00:00,0.154,0.1562,0.1536,0.1557,10084
2020-03-25 12:00:00+00:00,0.1558,0.1582,0.1494,0.1517,14783
2020-03-25 16:00:00+00:00,0.1517,0.1545,0.1508,0.1534,11751
2020-03-25 20:00:00+00:00,0.1533,0.1536,0.1519,0.1522,5773
2020-03-26 00:00:00+00:00,0.1511,0.1559,0.1457,0.1544,16121
2020-03-26 04:00:00+00:00,0.1544,0.1552,0.153,0.1543,12590
2020-03-26 08:00:00+00:00,0.1542,0.1549,0.1523,0.1541,14027
2020-03-26 12:00:00+00:00,0.1541,0.1551,0.1529,0.1542,9437
2020-03-26 16:00:00+00:00,0.1541,0.1551,0.1522,0.1543,11588
2020-03-26 20:00:00+00:00,0.1544,0.1577,0.1538,0.1576,6267
2020-03-27 00:00:00+00:00,0.1573,0.1731,0.1561,0.1696,18450
2020-03-27 04:00:00+00:00,0.1696,0.1709,0.1664,0.1669,10878
2020-03-27 08:00:00+00:00,0.1667,0.167,0.1631,0.164,13037
2020-03-27 12:00:00+00:00,0.164,0.1712,0.1619,0.1671,12116
2020-03-27 16:00:00+00:00,0.1671,0.1695,0.1641,0.1685,7918
2020-03-27 20:00:00+00:00,0.1684,0.1769,0.1672,0.1755,9041
2020-03-30 00:00:00+00:00,0.156,0.1588,0.1534,0.1581,14987
2020-03-30 04:00:00+00:00,0.1579,0.1603,0.1564,0.16,6820
2020-03-30 08:00:00+00:00,0.1597,0.1669,0.1597,0.1653,10554
2020-03-30 12:00:00+00:00,0.1653,0.168,0.164,0.1647,6200
2020-03-30 16:00:00+00:00,0.1648,0.1672,0.1629,0.1661,8809
2020-03-30 20:00:00+00:00,0.1662,0.1679,0.165,0.1659,8612
2020-03-31 00:00:00+00:00,0.1664,0.1682,0.1634,0.1645,19137
2020-03-31 04:00:00+00:00,0.1645,0.1659,0.1627,0.1634,12317
2020-03-31 08:00:00+00:00,0.1635,0.1661,0.1626,0.1658,9492
2020-03-31 12:00:00+00:00,0.1657,0.1658,0.1636,0.1654,12422
2020-03-31 16:00:00+00:00,0.1654,0.1705,0.1648,0.1682,11426
2020-03-31 20:00:00+00:00,0.1683,0.1702,0.1666,0.17,11893
2020-04-01 00:00:00+00:00,0.169,0.1706,0.1638,0.1654,22630
2020-04-01 04:00:00+00:00,0.1652,0.167,0.1642,0.1666,10097
2020-04-01 08:00:00+00:00,0.1666,0.1666,0.164,0.1646,6321
2020-04-01 12:00:00+00:00,0.1646,0.1675,0.1628,0.1644,8601
2020-04-01 16:00:00+00:00,0.1642,0.165,0.159,0.1615,7738
2020-04-01 20:00:00+00:00,0.1615,0.1662,0.1605,0.1657,11543
2020-04-02 00:00:00+00:00,0.1657,0.1696,0.164,0.1679,15373
2020-04-02 04:00:00+00:00,0.1678,0.1685,0.1663,0.1683,5318
2020-04-02 08:00:00+00:00,0.1683,0.1707,0.1672,0.1695,8200
2020-04-02 12:00:00+00:00,0.1695,0.1702,0.1683,0.1689,7977
2020-04-02 16:00:00+00:00,0.169,0.1735,0.1675,0.1734,14903
2020-04-02 20:00:00+00:00,0.1734,0.1795,0.1672,0.1696,22253
2020-04-03 00:00:00+00:00,0.1682,0.1721,0.1682,0.1706,17232
2020-04-03 04:00:00+00:00,0.1705,0.1723,0.1698,0.1713,11587
2020-04-03 08:00:00+00:00,0.171,0.1744,0.1701,0.1732,11304
2020-04-03 12:00:00+00:00,0.1733,0.1754,0.1722,0.1737,12543
2020-04-03 16:00:00+00:00,0.1736,0.174,0.1682,0.1703,14553
2020-04-03 20:00:00+00:00,0.1704,0.1723,0.169,0.1706,13033
2020-04-06 00:00:00+00:00,0.1696,0.1739,0.1687,0.1739,14333
2020-04-06 04:00:00+00:00,0.1737,0.1755,0.172,0.1751,10765
2020-04-06 08:00:00+00:00,0.1752,0.1805,0.1745,0.1787,14324
2020-04-06 12:00:00+00:00,0.1788,0.1823,0.1785,0.1815,12806
2020-04-06 16:00:00+00:00,0.1816,0.187,0.1799,0.1863,12339
2020-04-06 20:00:00+00:00,0.1863,0.189,0.1847,0.186,9825
2020-04-07 00:00:00+00:00,0.1851,0.1973,0.185,0.1927,13036
2020-04-07 04:00:00+00:00,0.1927,0.195,0.1874,0.1888,11961
2020-04-07 08:00:00+00:00,0.1886,0.1945,0.1882,0.193,8628
2020-04-07 12:00:00+00:00,0.1929,0.1978,0.1921,0.1926,9273
2020-04-07 16:00:00+00:00,0.1926,0.196,0.1888,0.1944,10325
2020-04-07 20:00:00+00:00,0.1945,0.1947,0.1818,0.1835,13601
2020-04-08 00:00:00+00:00,0.1822,0.1869,0.1818,0.1841,11461
2020-04-08 04:00:00+00:00,0.184,0.1934,0.1838,0.1927,11343
2020-04-08 08:00:00+00:00,0.1928,0.1954,0.1895,0.1913,7469
2020-04-08 12:00:00+00:00,0.1911,0.1924,0.1869,0.1906,8082
2020-04-08 16:00:00+00:00,0.1907,0.193,0.1881,0.1923,7602
2020-04-08 20:00:00+00:00,0.1922,0.1943,0.1904,0.193,5202
2020-04-09 00:00:00+00:00,0.1928,0.195,0.1924,0.1943,8311
2020-04-09 04:00:00+00:00,0.1942,0.1942,0.189,0.1912,4668
2020-04-09 08:00:00+00:00,0.1911,0.1934,0.1903,0.1925,3895
2020-04-09 12:00:00+00:00,0.1923,0.1926,0.1856,0.1916,8095
2020-04-09 16:00:00+00:00,0.1913,0.1932,0.1909,0.1914,7039
2020-04-09 20:00:00+00:00,0.1912,0.1922,0.1896,0.1911,5313
2020-04-10 00:00:00+00:00,0.1902,0.192,0.1886,0.191,6004
2020-04-10 04:00:00+00:00,0.191,0.1911,0.1842,0.1871,5781
2020-04-10 08:00:00+00:00,0.1871,0.1871,0.1809,0.1814,9446
2020-04-10 12:00:00+00:00,0.1813,0.1815,0.1779,0.1811,8479
2020-04-10 16:00:00+00:00,0.1812,0.1812,0.1736,0.1788,7502
2020-04-10 20:00:00+00:00,0.1787,0.1824,0.1778,0.1808,4906
2020-04-13 00:00:00+00:00,0.1855,0.1872,0.1723,0.1778,10992
2020-04-13 04:00:00+00:00,0.1777,0.1778,0.1732,0.1761,7001
2020-04-13 08:00:00+00:00,0.176,0.1777,0.1748,0.1756,3183
2020-04-13 12:00:00+00:00,0.1756,0.1791,0.1734,0.1753,5173
2020-04-13 16:00:00+00:00,0.1752,0.1791,0.1736,0.179,7104
2020-04-13 20:00:00+00:00,0.1791,0.181,0.1775,0.1806,4877
2020-04-14 00:00:00+00:00,0.1808,0.1822,0.1796,0.18,8079
2020-04-14 04:00:00+00:00,0.18,0.1816,0.1792,0.1803,3686
2020-04-14 08:00:00+00:00,0.1803,0.1809,0.1758,0.1779,3918
2020-04-14 12:00:00+00:00,0.1779,0.1794,0.1771,0.1786,5009
2020-04-14 16:00:00+00:00,0.1784,0.1816,0.1782,0.1813,5826
2020-04-14 20:00:00+00:00,0.1813,0.1819,0.1775,0.1783,5492
2020-04-15 00:00:00+00:00,0.1768,0.1796,0.1765,0.1777,5555
2020-04-15 04:00:00+00:00,0.1776,0.181,0.1774,0.1797,3236
2020-04-15 08:00:00+00:00,0.1796,0.1824,0.179,0.1792,3354
2020-04-15 12:00:00+00:00,0.1792,0.1811,0.1744,0.1751,6139
2020-04-15 16:00:00+00:00,0.1747,0.1768,0.174,0.1767,4000
2020-04-15 20:00:00+00:00,0.1766,0.1781,0.1762,0.1778,1988
2020-04-16 00:00:00+00:00,0.1772,0.1781,0.1659,0.1701,9641
2020-04-16 04:00:00+00:00,0.1701,0.1719,0.1686,0.1709,5089
2020-04-16 08:00:00+00:00,0.171,0.1852,0.1708,0.1814,11481
2020-04-16 12:00:00+00:00,0.1814,0.1835,0.1789,0.1831,10774
2020-04-16 16:00:00+00:00,0.1831,0.184,0.18,0.1813,6562
2020-04-16 20:00:00+00:00,0.1812,0.1833,0.1805,0.1827,5202
2020-04-17 00:00:00+00:00,0.1818,0.1858,0.1809,0.1825,10750
2020-04-17 04:00:00+00:00,0.1825,0.1842,0.1786,0.1798,4370
2020-04-17 08:00:00+00:00,0.1797,0.1817,0.179,0.1811,4528
2020-04-17 12:00:00+00:00,0.1811,0.1829,0.1801,0.1819,3341
2020-04-17 16:00:00+00:00,0.1818,0.1819,0.1792,0.1813,3791
2020-04-17 20:00:00+00:00,0.1812,0.1823,0.1804,0.1818,3712
2020-04-20 00:00:00+00:00,0.1822,0.1861,0.1807,0.1855,6706
2020-04-20 04:00:00+00:00,0.1855,0.1871,0.1843,0.1855,2946
2020-04-20 08:00:00+00:00,0.1856,0.1864,0.183,0.1839,2989
2020-04-20 12:00:00+00:00,0.1839,0.1843,0.178,0.1816,6212
2020-04-20 16:00:00+00:00,0.1816,0.1826,0.1807,0.1812,3547
2020-04-20 20:00:00+00:00,0.1812,0.1812,0.1703,0.1748,10298
2020-04-21 00:00:00+00:00,0.1751,0.1776,0.1728,0.1758,7141
2020-04-21 04:00:00+00:00,0.1758,0.1768,0.1742,0.1751,2922
2020-04-21 08:00:00+00:00,0.1751,0.1777,0.175,0.1761,2270
2020-04-21 12:00:00+00:00,0.1761,0.1766,0.1736,0.1756,4142
2020-04-21 16:00:00+00:00,0.1756,0.178,0.1748,0.1763,4201
2020-04-21 20:00:00+00:00,0.1763,0.179,0.1748,0.1767,4666
2020-04-22 00:00:00+00:00,0.1762,0.1778,0.1746,0.1757,4417
2020-04-22 04:00:00+00:00,0.1757,0.1773,0.1745,0.1762,2433
2020-04-22 08:00:00+00:00,0.1762,0.1789,0.1757,0.1782,2693
2020-04-22 12:00:00+00:00,0.1782,0.1786,0.1774,0.1782,2120
2020-04-22 16:00:00+00:00,0.1782,0.1823,0.1778,0.1805,6256
2020-04-22 20:00:00+00:00,0.1805,0.1809,0.1795,0.1803,2975
2020-04-23 00:00:00+00:00,0.1793,0.181,0.1793,0.1803,3803
2020-04-23 04:00:00+00:00,0.1802,0.1835,0.1797,0.1809,3042
2020-04-23 08:00:00+00:00,0.1809,0.181,0.1778,0.1797,3370
2020-04-23 12:00:00+00:00,0.1797,0.1832,0.1787,0.1826,3581
2020-04-23 16:00:00+00:00,0.1827,0.1922,0.1816,0.1862,9265
2020-04-23 20:00:00+00:00,0.1863,0.1883,0.1861,0.1875,3317
2020-04-24 00:00:00+00:00,0.1866,0.1892,0.1835,0.1857,5968
2020-04-24 04:00:00+00:00,0.1857,0.1888,0.1857,0.1878,3548
2020-04-24 08:00:00+00:00,0.1878,0.1893,0.1861,0.1884,3728
2020-04-24 12:00:00+00:00,0.1883,0.1892,0.185,0.1869,5153
2020-04-24 16:00:00+00:00,0.1868,0.1873,0.1844,0.1868,4032
2020-04-24 20:00:00+00:00,0.1868,0.1872,0.185,0.1855,2825
2020-04-27 00:00:00+00:00,0.1881,0.191,0.1875,0.1905,6771
2020-04-27 04:00:00+00:00,0.1905,0.1922,0.1892,0.1912,4602
2020-04-27 08:00:00+00:00,0.1912,0.1915,0.1876,0.1894,3647
2020-04-27 12:00:00+00:00,0.1894,0.1901,0.1883,0.1897,3560
2020-04-27 16:00:00+00:00,0.1897,0.1901,0.1866,0.1876,3518
2020-04-27 20:00:00+00:00,0.1875,0.1881,0.1865,0.1875,2007
2020-04-28 00:00:00+00:00,0.1865,0.1904,0.1865,0.1895,4380
2020-04-28 04:00:00+00:00,0.1894,0.1897,0.1872,0.1891,3120
2020-04-28 08:00:00+00:00,0.1889,0.19,0.1883,0.1894,1979
2020-04-28 12:00:00+00:00,0.1893,0.2026,0.1892,0.2014,6355
2020-04-28 16:00:00+00:00,0.2014,0.2022,0.1972,0.2004,4044
2020-04-28 20:00:00+00:00,0.2004,0.2063,0.1989,0.2048,3338
2020-04-29 00:00:00+00:00,0.2034,0.211,0.2033,0.2066,4383
2020-04-29 04:00:00+00:00,0.2065,0.2112,0.2063,0.208,5038
2020-04-29 08:00:00+00:00,0.2081,0.2095,0.2062,0.2076,5625
2020-04-29 12:00:00+00:00,0.2076,0.2157,0.207,0.2155,7412
2020-04-29 16:00:00+00:00,0.2153,0.2237,0.2109,0.2181,12195
2020-04-29 20:00:00+00:00,0.2181,0.2235,0.215,0.2206,13230
2020-04-30 00:00:00+00:00,0.2184,0.2203,0.2165,0.2199,12680
2020-04-30 04:00:00+00:00,0.2199,0.2282,0.2193,0.2245,10257
2020-04-30 08:00:00+00:00,0.2245,0.2283,0.2124,0.2136,12548
2020-04-30 12:00:00+00:00,0.2136,0.2142,0.2025,0.2078,16275
2020-04-30 16:00:00+00:00,0.2079,0.2117,0.2037,0.2066,10648
2020-04-30 20:00:00+00:00,0.2065,0.2093,0.2002,0.2069,13132
2020-05-01 00:00:00+00:00,0.2061,0.2077,0.2026,0.2061,14101
2020-05-01 04:00:00+00:00,0.2062,0.2104,0.2045,0.2098,5897
2020-05-01 08:00:00+00:00,0.2097,0.2139,0.209,0.2119,6460
2020-05-01 12:00:00+00:00,0.2119,0.2168,0.2085,0.2105,10306
2020-05-01 16:00:00+00:00,0.2104,0.2117,0.2061,0.2084,9836
2020-05-01 20:00:00+00:00,0.2083,0.2102,0.2054,0.2086,6586
2020-05-04 00:00:00+00:00,0.2094,0.2135,0.2091,0.2099,10616
2020-05-04 04:00:00+00:00,0.2099,0.2107,0.2001,0.2044,11294
2020-05-04 08:00:00+00:00,0.2045,0.2057,0.1993,0.205,8884
2020-05-04 12:00:00+00:00,0.205,0.2103,0.2018,0.2078,7960
2020-05-04 16:00:00+00:00,0.2078,0.2121,0.2078,0.2103,7760
2020-05-04 20:00:00+00:00,0.2103,0.2116,0.2075,0.2116,5240
2020-05-05 00:00:00+00:00,0.2108,0.2125,0.2093,0.2122,7172
2020-05-05 04:00:00+00:00,0.2123,0.2148,0.2095,0.2135,5967
2020-05-05 08:00:00+00:00,0.2135,0.2148,0.2103,0.2122,8013
2020-05-05 12:00:00+00:00,0.2122,0.2129,0.2052,0.2083,8216
2020-05-05 16:00:00+00:00,0.2082,0.2103,0.2072,0.2087,5879
2020-05-05 20:00:00+00:00,0.2085,0.2097,0.2076,0.2093,4084
2020-05-06 00:00:00+00:00,0.209,0.2103,0.2071,0.2079,6334
2020-05-06 04:00:00+00:00,0.2078,0.2115,0.2073,0.2107,5446
2020-05-06 08:00:00+00:00,0.2107,0.2128,0.2104,0.2112,5405
2020-05-06 12:00:00+00:00,0.2112,0.2151,0.2108,0.2127,10264
2020-05-06 16:00:00+00:00,0.2123,0.2133,0.2107,0.2117,6466
2020-05-06 20:00:00+00:00,0.2117,0.212,0.2083,0.2095,3658
2020-05-07 00:00:00+00:00,0.2084,0.2111,0.2019,0.2069,9362
2020-05-07 04:00:00+00:00,0.2069,0.2099,0.2058,0.2076,6561
2020-05-07 08:00:00+00:00,0.2076,0.2088,0.2061,0.2086,4325
2020-05-07 12:00:00+00:00,0.2082,0.2099,0.205,0.2086,4649
2020-05-07 16:00:00+00:00,0.2086,0.2105,0.2049,0.2066,10047
2020-05-07 20:00:00+00:00,0.2066,0.2135,0.2059,0.2098,12441
2020-05-08 00:00:00+00:00,0.209,0.2146,0.2087,0.2146,12055
2020-05-08 04:00:00+00:00,0.2147,0.2147,0.2097,0.211,5664
2020-05-08 08:00:00+00:00,0.2109,0.2109,0.2064,0.2082,6530
2020-05-08 12:00:00+00:00,0.2082,0.2101,0.2073,0.2087,4512
2020-05-08 16:00:00+00:00,0.2085,0.2139,0.2082,0.2135,6315
2020-05-08 20:00:00+00:00,0.2135,0.214,0.2104,0.2126,3874
2020-05-11 00:00:00+00:00,0.1877,0.1927,0.1861,0.1916,11453
2020-05-11 04:00:00+00:00,0.1917,0.1918,0.1881,0.1885,4919
2020-05-11 08:00:00+00:00,0.1885,0.1895,0.1839,0.1864,5046
2020-05-11 12:00:00+00:00,0.1863,0.1921,0.1837,0.1884,12569
2020-05-11 16:00:00+00:00,0.1883,0.1899,0.1795,0.1837,8649
2020-05-11 20:00:00+00:00,0.1838,0.1868,0.1769,0.1842,16259
2020-05-12 00:00:00+00:00,0.185,0.1867,0.1811,0.185,11028
2020-05-12 04:00:00+00:00,0.185,0.1877,0.1836,0.1868,5558
2020-05-12 08:00:00+00:00,0.1868,0.1888,0.1855,0.1882,5284
2020-05-12 12:00:00+00:00,0.1882,0.1905,0.1871,0.1897,6648
2020-05-12 16:00:00+00:00,0.1896,0.1922,0.1865,0.1908,8305
2020-05-12 20:00:00+00:00,0.1908,0.1916,0.1884,0.19,4970
2020-05-13 00:00:00+00:00,0.1883,0.1908,0.185,0.1907,7714
2020-05-13 04:00:00+00:00,0.1907,0.1919,0.1896,0.1905,2879
2020-05-13 08:00:00+00:00,0.1905,0.1907,0.1879,0.1899,2424
2020-05-13 12:00:00+00:00,0.1898,0.1933,0.1898,0.1929,4135
2020-05-13 16:00:00+00:00,0.1929,0.1957,0.1921,0.1933,5043
2020-05-13 20:00:00+00:00,0.1932,0.1951,0.1922,0.1944,3910
2020-05-14 00:00:00+00:00,0.1936,0.1967,0.1931,0.1935,7587
2020-05-14 04:00:00+00:00,0.1935,0.1945,0.1928,0.1937,2104
2020-05-14 08:00:00+00:00,0.1936,0.1961,0.1906,0.1953,5337
2020-05-14 12:00:00+00:00,0.1953,0.1987,0.1949,0.1952,8994
2020-05-14 16:00:00+00:00,0.1952,0.1963,0.1931,0.1945,4213
2020-05-14 20:00:00+00:00,0.1945,0.1976,0.1924,0.1957,5874
2020-05-15 00:00:00+00:00,0.1951,0.1971,0.195,0.1959,6557
2020-05-15 04:00:00+00:00,0.1959,0.1961,0.189,0.1913,5950
2020-05-15 08:00:00+00:00,0.1913,0.1959,0.1911,0.1938,4543
2020-05-15 12:00:00+00:00,0.1938,0.1963,0.1926,0.1933,5488
2020-05-15 16:00:00+00:00,0.1933,0.1945,0.1908,0.1917,4295
2020-05-15 20:00:00+00:00,0.1917,0.193,0.187,0.1885,5450
2020-05-18 00:00:00+00:00,0.1934,0.1952,0.1927,0.1948,6206
2020-05-18 04:00:00+00:00,0.1948,0.2002,0.1944,0.1994,7042
2020-05-18 08:00:00+00:00,0.1993,0.1999,0.193,0.1955,5554
2020-05-18 12:00:00+00:00,0.1955,0.1963,0.194,0.1958,3173
2020-05-18 16:00:00+00:00,0.1958,0.1984,0.1944,0.1962,3718
2020-05-18 20:00:00+00:00,0.1961,0.1972,0.195,0.1965,2776
2020-05-19 00:00:00+00:00,0.1953,0.1977,0.195,0.1954,4569
2020-05-19 04:00:00+00:00,0.1954,0.1959,0.1928,0.1945,3259
2020-05-19 08:00:00+00:00,0.1945,0.1981,0.1938,0.1974,3928
2020-05-19 12:00:00+00:00,0.1974,0.1988,0.1946,0.1959,4786
2020-05-19 16:00:00+00:00,0.1958,0.1967,0.195,0.1966,3156
2020-05-19 20:00:00+00:00,0.1966,0.1974,0.1952,0.1966,2192
2020-05-20 00:00:00+00:00,0.1953,0.1979,0.1953,0.1972,5394
2020-05-20 04:00:00+00:00,0.1972,0.1976,0.1961,0.1969,2456
2020-05-20 08:00:00+00:00,0.1968,0.1983,0.1956,0.1973,2885
2020-05-20 12:00:00+00:00,0.1974,0.198,0.1962,0.1979,2147
2020-05-20 16:00:00+00:00,0.1979,0.1983,0.1891,0.1932,4594
2020-05-20 20:00:00+00:00,0.1931,0.1947,0.1924,0.1943,2076
2020-05-21 00:00:00+00:00,0.1933,0.1951,0.193,0.1951,3038
2020-05-21 04:00:00+00:00,0.1951,0.1952,0.1924,0.1931,1942
2020-05-21 08:00:00+00:00,0.1931,0.1939,0.1888,0.1911,3411
2020-05-21 12:00:00+00:00,0.191,0.1921,0.1886,0.1909,3242
2020-05-21 16:00:00+00:00,0.1909,0.1917,0.1809,0.1848,6906
2020-05-21 20:00:00+00:00,0.1848,0.1867,0.1819,0.1865,5180
2020-05-22 00:00:00+00:00,0.1862,0.1877,0.1843,0.1861,7328
2020-05-22 04:00:00+00:00,0.186,0.1875,0.1841,0.1848,3424
2020-05-22 08:00:00+00:00,0.1848,0.1926,0.1848,0.1919,4635
2020-05-22 12:00:00+00:00,0.1919,0.1941,0.1914,0.1937,3757
2020-05-22 16:00:00+00:00,0.1937,0.1947,0.191,0.1945,3172
2020-05-22 20:00:00+00:00,0.1945,0.1946,0.1922,0.1941,2126
2020-05-25 00:00:00+00:00,0.1883,0.1906,0.1817,0.1859,4367
2020-05-25 04:00:00+00:00,0.1859,0.1867,0.185,0.1864,1735
2020-05-25 08:00:00+00:00,0.1864,0.1872,0.1851,0.1862,1870
2020-05-25 12:00:00+00:00,0.1861,0.188,0.1843,0.1857,3851
2020-05-25 16:00:00+00:00,0.1857,0.1872,0.1849,0.1868,2996
2020-05-25 20:00:00+00:00,0.1868,0.1882,0.1866,0.1876,2673
2020-05-26 00:00:00+00:00,0.1867,0.1894,0.1861,0.1873,2460
2020-05-26 04:00:00+00:00,0.1873,0.1881,0.1865,0.187,1790
2020-05-26 08:00:00+00:00,0.1869,0.1876,0.1852,0.1872,2081
2020-05-26 12:00:00+00:00,0.1872,0.1873,0.1847,0.1854,2455
2020-05-26 16:00:00+00:00,0.1854,0.1868,0.1836,0.186,3034
2020-05-26 20:00:00+00:00,0.186,0.1873,0.185,0.1871,1562
2020-05-27 00:00:00+00:00,0.186,0.1872,0.1854,0.1867,2808
2020-05-27 04:00:00+00:00,0.1867,0.1874,0.1861,0.1865,1611
2020-05-27 08:00:00+00:00,0.1866,0.1895,0.1865,0.1895,2236
2020-05-27 12:00:00+00:00,0.1895,0.1926,0.189,0.1911,4127
2020-05-27 16:00:00+00:00,0.191,0.1913,0.1893,0.1903,2799
2020-05-27 20:00:00+00:00,0.1901,0.1908,0.1891,0.1897,1488
2020-05-28 00:00:00+00:00,0.1884,0.1907,0.1882,0.1906,3409
2020-05-28 04:00:00+00:00,0.1906,0.1907,0.188,0.1888,1226
2020-05-28 08:00:00+00:00,0.1888,0.1891,0.1869,0.188,1982
2020-05-28 12:00:00+00:00,0.188,0.1902,0.1874,0.1898,2460
2020-05-28 16:00:00+00:00,0.1899,0.1913,0.1883,0.1904,3030
2020-05-28 20:00:00+00:00,0.1904,0.1909,0.1896,0.1904,1601
2020-05-29 00:00:00+00:00,0.1893,0.1951,0.1893,0.1931,4222
2020-05-29 04:00:00+00:00,0.1931,0.1937,0.1918,0.1922,2158
2020-05-29 08:00:00+00:00,0.1922,0.1929,0.1895,0.1903,2692
2020-05-29 12:00:00+00:00,0.1903,0.1907,0.1884,0.1898,2774
2020-05-29 16:00:00+00:00,0.1898,0.1907,0.1885,0.1906,2088
2020-05-29 20:00:00+00:00,0.1907,0.1911,0.1889,0.1893,1619
2020-06-01 00:00:00+00:00,0.1984,0.1995,0.1913,0.1958,6846
2020-06-01 04:00:00+00:00,0.1958,0.1984,0.1949,0.197,4450
2020-06-01 08:00:00+00:00,0.197,0.1983,0.196,0.1964,2937
2020-06-01 12:00:00+00:00,0.1964,0.1976,0.1942,0.1967,3738
2020-06-01 16:00:00+00:00,0.1967,0.1982,0.1957,0.1972,3536
2020-06-01 20:00:00+00:00,0.1974,0.1994,0.1959,0.1988,3665
2020-06-02 00:00:00+00:00,0.1976,0.2051,0.1975,0.2028,13431
2020-06-02 04:00:00+00:00,0.2028,0.2042,0.2013,0.2032,4737
2020-06-02 08:00:00+00:00,0.2032,0.2046,0.2027,0.2033,3666
2020-06-02 12:00:00+00:00,0.2033,0.2068,0.2032,0.2054,4243
2020-06-02 16:00:00+00:00,0.2055,0.2067,0.1891,0.1933,12196
2020-06-02 20:00:00+00:00,0.1934,0.1944,0.1927,0.1941,3642
2020-06-03 00:00:00+00:00,0.1931,0.196,0.1931,0.1951,7103
2020-06-03 04:00:00+00:00,0.1951,0.1956,0.1932,0.1943,3463
2020-06-03 08:00:00+00:00,0.1942,0.1955,0.1928,0.1947,3897
2020-06-03 12:00:00+00:00,0.1947,0.1969,0.1944,0.1956,4482
2020-06-03 16:00:00+00:00,0.1956,0.1968,0.1939,0.1964,3688
2020-06-03 20:00:00+00:00,0.1964,0.197,0.1945,0.1957,3775
2020-06-04 00:00:00+00:00,0.1954,0.1971,0.1944,0.196,3995
2020-06-04 04:00:00+00:00,0.196,0.1995,0.1957,0.1986,3869
2020-06-04 08:00:00+00:00,0.1987,0.1988,0.1965,0.1975,2812
2020-06-04 12:00:00+00:00,0.1975,0.1975,0.1921,0.1968,5807
2020-06-04 16:00:00+00:00,0.1969,0.1984,0.1959,0.1966,5737
2020-06-04 20:00:00+00:00,0.1965,0.1973,0.1949,0.196,4928
2020-06-05 00:00:00+00:00,0.1949,0.1976,0.19,0.197,5284
2020-06-05 04:00:00+00:00,0.197,0.1974,0.1955,0.1963,3872
2020-06-05 08:00:00+00:00,0.1963,0.198,0.1946,0.1979,4789
2020-06-05 12:00:00+00:00,0.1979,0.1979,0.1942,0.1953,5963
2020-06-05 16:00:00+00:00,0.1953,0.1962,0.1935,0.196,4102
2020-06-05 20:00:00+00:00,0.1958,0.197,0.1946,0.1954,2574
2020-06-08 00:00:00+00:00,0.1939,0.1962,0.1938,0.1954,4269
2020-06-08 04:00:00+00:00,0.1954,0.1959,0.1947,0.1952,2107
2020-06-08 08:00:00+00:00,0.1952,0.1957,0.1935,0.1945,1928
2020-06-08 12:00:00+00:00,0.1944,0.1955,0.194,0.1941,1653
2020-06-08 16:00:00+00:00,0.194,0.1951,0.1936,0.1949,1853
2020-06-08 20:00:00+00:00,0.1948,0.1951,0.1941,0.1944,1292
2020-06-09 00:00:00+00:00,0.1944,0.1976,0.1915,0.1957,4095
2020-06-09 04:00:00+00:00,0.1957,0.1964,0.1951,0.1956,2018
2020-06-09 08:00:00+00:00,0.1957,0.1957,0.1946,0.1948,1573
2020-06-09 12:00:00+00:00,0.1948,0.1958,0.1939,0.195,2151
2020-06-09 16:00:00+00:00,0.195,0.1951,0.1937,0.1942,2361
2020-06-09 20:00:00+00:00,0.1941,0.1944,0.1924,0.1935,1925
2020-06-10 00:00:00+00:00,0.1924,0.1947,0.1923,0.1941,4796
2020-06-10 04:00:00+00:00,0.1941,0.1947,0.1936,0.194,1539
2020-06-10 08:00:00+00:00,0.194,0.1951,0.1931,0.1938,2175
2020-06-10 12:00:00+00:00,0.1937,0.1942,0.1932,0.1941,1204
2020-06-10 16:00:00+00:00,0.1941,0.1943,0.1932,0.1937,1493
2020-06-10 20:00:00+00:00,0.1936,0.1963,0.1914,0.1953,4882
2020-06-11 00:00:00+00:00,0.1942,0.1957,0.1932,0.1953,8470
2020-06-11 04:00:00+00:00,0.1953,0.196,0.1944,0.195,3384
2020-06-11 08:00:00+00:00,0.1949,0.195,0.1926,0.1936,2664
2020-06-11 12:00:00+00:00,0.1936,0.1937,0.1919,0.1922,2265
2020-06-11 16:00:00+00:00,0.1921,0.1925,0.1763,0.1764,8353
2020-06-11 20:00:00+00:00,0.1765,0.1846,0.176,0.1828,6986
2020-06-12 00:00:00+00:00,0.1819,0.1833,0.1788,0.1815,4710
2020-06-12 04:00:00+00:00,0.1815,0.1841,0.1812,0.1828,2879
2020-06-12 08:00:00+00:00,0.1828,0.1858,0.1825,0.1851,3677
2020-06-12 12:00:00+00:00,0.185,0.1873,0.1842,0.1864,3381
2020-06-12 16:00:00+00:00,0.1864,0.1873,0.1841,0.185,3437
2020-06-12 20:00:00+00:00,0.1848,0.1865,0.1834,0.1855,3594
2020-06-15 00:00:00+00:00,0.1833,0.1838,0.1807,0.1825,6918
2020-06-15 04:00:00+00:00,0.1825,0.1826,0.1775,0.1792,5302
2020-06-15 08:00:00+00:00,0.1791,0.1792,0.1739,0.1771,7426
2020-06-15 12:00:00+00:00,0.1771,0.1776,0.1757,0.1766,2125
2020-06-15 16:00:00+00:00,0.1766,0.1816,0.175,0.1808,6781
2020-06-15 20:00:00+00:00,0.1808,0.1854,0.1808,0.1853,5064
2020-06-16 00:00:00+00:00,0.1845,0.1858,0.183,0.183,4364
2020-06-16 04:00:00+00:00,0.1831,0.1865,0.1831,0.1855,3328
2020-06-16 08:00:00+00:00,0.1855,0.1856,0.1831,0.1838,3620
2020-06-16 12:00:00+00:00,0.1838,0.1853,0.1832,0.1851,3337
2020-06-16 16:00:00+00:00,0.1851,0.1853,0.1822,0.1835,5623
2020-06-16 20:00:00+00:00,0.1835,0.1841,0.183,0.1836,2553
2020-06-17 00:00:00+00:00,0.1826,0.1849,0.1825,0.1838,2927
2020-06-17 04:00:00+00:00,0.1837,0.1843,0.183,0.1838,2089
2020-06-17 08:00:00+00:00,0.1838,0.188,0.1832,0.1872,3660
2020-06-17 12:00:00+00:00,0.1873,0.1891,0.1857,0.1889,3666
2020-06-17 16:00:00+00:00,0.1889,0.191,0.1815,0.1839,8450
2020-06-17 20:00:00+00:00,0.1837,0.1849,0.1805,0.1842,4296
2020-06-18 00:00:00+00:00,0.1831,0.1858,0.1831,0.1849,4322
2020-06-18 04:00:00+00:00,0.1849,0.1852,0.1832,0.1834,1296
2020-06-18 08:00:00+00:00,0.1834,0.1845,0.1832,0.1837,1699
2020-06-18 12:00:00+00:00,0.1837,0.1843,0.1823,0.1836,1975
2020-06-18 16:00:00+00:00,0.1833,0.1836,0.1807,0.1817,2848
2020-06-18 20:00:00+00:00,0.1817,0.1829,0.1801,0.1814,2051
2020-06-19 00:00:00+00:00,0.181,0.1829,0.1801,0.1818,4739
2020-06-19 04:00:00+00:00,0.1816,0.1818,0.179,0.1804,3790
2020-06-19 08:00:00+00:00,0.1804,0.1818,0.1794,0.1804,2387
2020-06-19 12:00:00+00:00,0.1804,0.1823,0.1802,0.1813,3224
2020-06-19 16:00:00+00:00,0.1813,0.1818,0.1794,0.1804,2729
2020-06-19 20:00:00+00:00,0.1803,0.1808,0.1786,0.1802,2484
2020-06-22 00:00:00+00:00,0.1773,0.1796,0.1773,0.1785,2970
2020-06-22 04:00:00+00:00,0.1785,0.1804,0.1785,0.1801,2367
2020-06-22 08:00:00+00:00,0.1801,0.1808,0.1798,0.1801,1785
2020-06-22 12:00:00+00:00,0.1802,0.1819,0.1794,0.1812,1661
2020-06-22 16:00:00+00:00,0.1813,0.182,0.1798,0.1813,3321
2020-06-22 20:00:00+00:00,0.1813,0.1817,0.1806,0.1814,2544
2020-06-23 00:00:00+00:00,0.1809,0.1828,0.1791,0.1818,9879
2020-06-23 04:00:00+00:00,0.1817,0.182,0.1807,0.1809,1595
2020-06-23 08:00:00+00:00,0.1808,0.1818,0.1805,0.181,840
2020-06-23 12:00:00+00:00,0.1809,0.1816,0.1806,0.1811,852
2020-06-23 16:00:00+00:00,0.1812,0.1816,0.1808,0.1813,1372
2020-06-23 20:00:00+00:00,0.1812,0.1821,0.1812,0.1815,1097
2020-06-24 00:00:00+00:00,0.1802,0.1821,0.1802,0.1815,2183
2020-06-24 04:00:00+00:00,0.1815,0.1824,0.1811,0.1823,636
2020-06-24 08:00:00+00:00,0.1822,0.1823,0.178,0.1783,1876
2020-06-24 12:00:00+00:00,0.1784,0.1789,0.1721,0.1769,2353
2020-06-24 16:00:00+00:00,0.1768,0.1773,0.1734,0.1752,3045
2020-06-24 20:00:00+00:00,0.1752,0.1761,0.1747,0.1751,1240
2020-06-25 00:00:00+00:00,0.1742,0.1762,0.1741,0.1751,2003
2020-06-25 04:00:00+00:00,0.1751,0.1762,0.1704,0.1726,2864
2020-06-25 08:00:00+00:00,0.1726,0.1759,0.1723,0.1757,2836
2020-06-25 12:00:00+00:00,0.1757,0.1761,0.1733,0.1739,1744
2020-06-25 16:00:00+00:00,0.1738,0.1756,0.1736,0.1749,1771
2020-06-25 20:00:00+00:00,0.175,0.175,0.1739,0.1742,762
2020-06-26 00:00:00+00:00,0.1732,0.1749,0.173,0.1744,2671
2020-06-26 04:00:00+00:00,0.1744,0.1756,0.1741,0.1749,1391
2020-06-26 08:00:00+00:00,0.1749,0.175,0.1703,0.1716,2554
2020-06-26 12:00:00+00:00,0.1715,0.1789,0.1708,0.1776,3549
2020-06-26 16:00:00+00:00,0.1775,0.1791,0.1732,0.1753,4652
2020-06-26 20:00:00+00:00,0.1752,0.1762,0.175,0.1755,1248
2020-06-29 00:00:00+00:00,0.1687,0.1699,0.1681,0.1692,2723
2020-06-29 04:00:00+00:00,0.1691,0.1702,0.1685,0.1692,1552
2020-06-29 08:00:00+00:00,0.169,0.1695,0.167,0.1683,2265
2020-06-29 12:00:00+00:00,0.1683,0.1706,0.1676,0.1696,1963
2020-06-29 16:00:00+00:00,0.1695,0.1698,0.1675,0.1694,1937
2020-06-29 20:00:00+00:00,0.1693,0.1707,0.1691,0.1706,943
2020-06-30 00:00:00+00:00,0.1697,0.1715,0.1688,0.1695,5159
2020-06-30 04:00:00+00:00,0.1694,0.1701,0.1688,0.1689,1165
2020-06-30 08:00:00+00:00,0.1687,0.1698,0.1681,0.1687,1229
2020-06-30 12:00:00+00:00,0.1686,0.1693,0.1674,0.168,1127
2020-06-30 16:00:00+00:00,0.1679,0.1694,0.167,0.1686,2029
2020-06-30 20:00:00+00:00,0.1685,0.1686,0.1672,0.1682,1254
2020-07-01 00:00:00+00:00,0.167,0.1688,0.166,0.1669,3250
2020-07-01 04:00:00+00:00,0.1669,0.1685,0.1667,0.168,1319
2020-07-01 08:00:00+00:00,0.1679,0.1687,0.1669,0.1685,1191
2020-07-01 12:00:00+00:00,0.1685,0.1688,0.1675,0.168,1244
2020-07-01 16:00:00+00:00,0.1681,0.1706,0.1676,0.1701,2203
2020-07-01 20:00:00+00:00,0.17,0.1703,0.1681,0.1689,1284
2020-07-02 00:00:00+00:00,0.1678,0.1702,0.1666,0.1691,5033
2020-07-02 04:00:00+00:00,0.169,0.1697,0.1686,0.1695,1079
2020-07-02 08:00:00+00:00,0.1695,0.1697,0.1674,0.1687,1200
2020-07-02 12:00:00+00:00,0.1686,0.1693,0.1676,0.169,1172
2020-07-02 16:00:00+00:00,0.169,0.1696,0.1644,0.1664,3070
2020-07-02 20:00:00+00:00,0.1663,0.1676,0.1654,0.1669,1856
2020-07-03 00:00:00+00:00,0.166,0.1685,0.1648,0.1676,2776
2020-07-03 04:00:00+00:00,0.1676,0.1686,0.167,0.1674,1085
2020-07-03 08:00:00+00:00,0.1674,0.1711,0.1669,0.1691,1884
2020-07-03 12:00:00+00:00,0.1691,0.1699,0.1676,0.1693,1570
2020-07-03 16:00:00+00:00,0.1693,0.17,0.1684,0.1694,1638
2020-07-03 20:00:00+00:00,0.1694,0.1699,0.1685,0.1698,830
2020-07-06 00:00:00+00:00,0.1674,0.1699,0.1653,0.1689,4193
2020-07-06 04:00:00+00:00,0.1689,0.1705,0.1689,0.1705,789
2020-07-06 08:00:00+00:00,0.1706,0.1754,0.1699,0.1743,2431
2020-07-06 12:00:00+00:00,0.1744,0.18,0.1738,0.1795,3065
2020-07-06 16:00:00+00:00,0.1795,0.1808,0.1776,0.1796,3753
2020-07-06 20:00:00+00:00,0.1797,0.1797,0.1772,0.1786,2467
2020-07-07 00:00:00+00:00,0.1775,0.1819,0.1775,0.1806,4190
2020-07-07 04:00:00+00:00,0.1805,0.1813,0.179,0.1793,2279
2020-07-07 08:00:00+00:00,0.1792,0.1796,0.1763,0.1778,2382
2020-07-07 12:00:00+00:00,0.1776,0.1786,0.1759,0.1773,2660
2020-07-07 16:00:00+00:00,0.1772,0.1788,0.1766,0.1778,1645
2020-07-07 20:00:00+00:00,0.1778,0.1785,0.1751,0.1761,1503
2020-07-08 00:00:00+00:00,0.1752,0.1774,0.1744,0.177,1912
2020-07-08 04:00:00+00:00,0.177,0.1927,0.1766,0.1884,5958
2020-07-08 08:00:00+00:00,0.1883,0.1933,0.1876,0.1909,4903
2020-07-08 12:00:00+00:00,0.191,0.1943,0.1893,0.1907,4663
2020-07-08 16:00:00+00:00,0.1907,0.1957,0.1906,0.1943,4539
2020-07-08 20:00:00+00:00,0.1942,0.1948,0.1925,0.1947,4192
2020-07-09 00:00:00+00:00,0.195,0.1991,0.1928,0.195,6161
2020-07-09 04:00:00+00:00,0.1949,0.195,0.1897,0.1923,4464
2020-07-09 08:00:00+00:00,0.192,0.1986,0.1918,0.1969,3968
2020-07-09 12:00:00+00:00,0.197,0.2041,0.1946,0.2027,2987
2020-07-09 16:00:00+00:00,0.2027,0.2029,0.189,0.1919,5850
2020-07-09 20:00:00+00:00,0.1918,0.1931,0.1905,0.1928,1530
2020-07-10 00:00:00+00:00,0.192,0.1949,0.1917,0.1917,2109
2020-07-10 04:00:00+00:00,0.1917,0.1931,0.188,0.1889,2078
2020-07-10 08:00:00+00:00,0.1886,0.1904,0.1845,0.1898,2779
2020-07-10 12:00:00+00:00,0.1898,0.1904,0.187,0.1888,1657
2020-07-10 16:00:00+00:00,0.1889,0.1912,0.1875,0.1912,1727
2020-07-10 20:00:00+00:00,0.1913,0.1918,0.1898,0.1903,1213
2020-07-13 00:00:00+00:00,0.1905,0.1939,0.1905,0.1927,2765
2020-07-13 04:00:00+00:00,0.1928,0.1931,0.1911,0.1916,1408
2020-07-13 08:00:00+00:00,0.1917,0.194,0.1913,0.1933,1093
2020-07-13 12:00:00+00:00,0.1933,0.1987,0.1925,0.1983,1822
2020-07-13 16:00:00+00:00,0.1984,0.1986,0.1938,0.1952,2175
2020-07-13 20:00:00+00:00,0.1953,0.1956,0.1844,0.1907,2822
2020-07-14 00:00:00+00:00,0.1888,0.1915,0.1888,0.1896,1982
2020-07-14 04:00:00+00:00,0.1896,0.1907,0.187,0.1885,1512
2020-07-14 08:00:00+00:00,0.1882,0.1906,0.187,0.1897,1059
2020-07-14 12:00:00+00:00,0.1897,0.1918,0.1882,0.1907,1571
2020-07-14 16:00:00+00:00,0.1908,0.1914,0.1893,0.1904,1253
2020-07-14 20:00:00+00:00,0.1905,0.1919,0.1904,0.1915,1186
2020-07-15 00:00:00+00:00,0.1904,0.1921,0.1889,0.1913,1594
2020-07-15 04:00:00+00:00,0.1913,0.1917,0.1904,0.1911,844
2020-07-15 08:00:00+00:00,0.191,0.1914,0.1892,0.1896,1140
2020-07-15 12:00:00+00:00,0.1896,0.1912,0.1883,0.1911,1182
2020-07-15 16:00:00+00:00,0.1911,0.1911,0.1884,0.1898,1513
2020-07-15 20:00:00+00:00,0.1898,0.1905,0.1886,0.1901,1721
2020-07-16 00:00:00+00:00,0.1888,0.1905,0.1878,0.1892,1833
2020-07-16 04:00:00+00:00,0.1893,0.1896,0.1884,0.1887,1105
2020-07-16 08:00:00+00:00,0.1887,0.1895,0.1803,0.1839,2665
2020-07-16 12:00:00+00:00,0.1838,0.1838,0.1808,0.1821,1864
2020-07-16 16:00:00+00:00,0.1821,0.1849,0.1821,0.1839,1134
2020-07-16 20:00:00+00:00,0.1839,0.1856,0.1809,0.1841,1321
2020-07-17 00:00:00+00:00,0.1833,0.1868,0.1832,0.1858,1822
2020-07-17 04:00:00+00:00,0.1858,0.187,0.184,0.1843,1127
2020-07-17 08:00:00+00:00,0.1843,0.1853,0.1831,0.1842,1041
2020-07-17 12:00:00+00:00,0.1842,0.1901,0.1838,0.189,1196
2020-07-17 16:00:00+00:00,0.189,0.1895,0.1867,0.1875,1255
2020-07-17 20:00:00+00:00,0.1874,0.1874,0.1848,0.186,1233
2020-07-20 00:00:00+00:00,0.1905,0.1924,0.1905,0.1909,4898
2020-07-20 04:00:00+00:00,0.191,0.1915,0.1899,0.1903,884
2020-07-20 08:00:00+00:00,0.1903,0.1917,0.1903,0.1908,837
2020-07-20 12:00:00+00:00,0.1908,0.191,0.189,0.1899,1047
2020-07-20 16:00:00+00:00,0.1899,0.1902,0.1888,0.1899,985
2020-07-20 20:00:00+00:00,0.1899,0.1906,0.1839,0.1874,1520
2020-07-21 00:00:00+00:00,0.1867,0.1881,0.1861,0.1876,1898
2020-07-21 04:00:00+00:00,0.1876,0.1889,0.1875,0.1884,936
2020-07-21 08:00:00+00:00,0.1885,0.1917,0.1885,0.1908,1182
2020-07-21 12:00:00+00:00,0.1908,0.1932,0.1907,0.1925,955
2020-07-21 16:00:00+00:00,0.1926,0.1932,0.1904,0.1914,1333
2020-07-21 20:00:00+00:00,0.1914,0.1914,0.1897,0.1902,873
2020-07-22 00:00:00+00:00,0.1893,0.1919,0.1893,0.1911,1210
2020-07-22 04:00:00+00:00,0.191,0.1915,0.1901,0.1902,793
2020-07-22 08:00:00+00:00,0.19,0.1907,0.188,0.1892,819
2020-07-22 12:00:00+00:00,0.1891,0.1914,0.1891,0.1905,619
2020-07-22 16:00:00+00:00,0.1904,0.192,0.1898,0.1911,832
2020-07-22 20:00:00+00:00,0.1911,0.1949,0.1911,0.193,1060
2020-07-23 00:00:00+00:00,0.1919,0.1981,0.1916,0.1971,3021
2020-07-23 04:00:00+00:00,0.1971,0.1974,0.1951,0.1956,1052
2020-07-23 08:00:00+00:00,0.1956,0.1957,0.1941,0.1956,832
2020-07-23 12:00:00+00:00,0.1955,0.1975,0.1946,0.1959,867
2020-07-23 16:00:00+00:00,0.1959,0.2028,0.1959,0.2025,3645
2020-07-23 20:00:00+00:00,0.2024,0.2024,0.1991,0.1994,1883
2020-07-24 00:00:00+00:00,0.1984,0.2011,0.198,0.1997,7157
2020-07-24 04:00:00+00:00,0.1996,0.2,0.1984,0.1987,1039
2020-07-24 08:00:00+00:00,0.1986,0.1987,0.1941,0.1966,1456
2020-07-24 12:00:00+00:00,0.1967,0.1978,0.1956,0.1964,1070
2020-07-24 16:00:00+00:00,0.1964,0.1976,0.1951,0.1975,1226
2020-07-24 20:00:00+00:00,0.1974,0.1983,0.196,0.1978,1359
2020-07-27 00:00:00+00:00,0.207,0.2105,0.206,0.2092,2604
2020-07-27 04:00:00+00:00,0.2092,0.213,0.2081,0.2085,4527
2020-07-27 08:00:00+00:00,0.2084,0.2114,0.208,0.2092,2492
2020-07-27 12:00:00+00:00,0.2092,0.2155,0.2091,0.2145,3129
2020-07-27 16:00:00+00:00,0.2145,0.2146,0.2004,0.2078,5918
2020-07-27 20:00:00+00:00,0.2078,0.219,0.2078,0.219,6260
2020-07-28 00:00:00+00:00,0.2164,0.2217,0.2142,0.2182,10104
2020-07-28 04:00:00+00:00,0.2181,0.2193,0.2131,0.216,4409
2020-07-28 08:00:00+00:00,0.2159,0.2165,0.2102,0.2107,3174
2020-07-28 12:00:00+00:00,0.2107,0.2137,0.2091,0.2123,4451
2020-07-28 16:00:00+00:00,0.2123,0.2215,0.2117,0.2185,6325
2020-07-28 20:00:00+00:00,0.2184,0.2262,0.2171,0.2256,5732
2020-07-29 00:00:00+00:00,0.226,0.2271,0.2207,0.2234,6892
2020-07-29 04:00:00+00:00,0.2233,0.2367,0.223,0.233,6550
2020-07-29 08:00:00+00:00,0.2331,0.236,0.2308,0.2322,4315
2020-07-29 12:00:00+00:00,0.2322,0.2353,0.2289,0.2322,3851
2020-07-29 16:00:00+00:00,0.2321,0.2342,0.2284,0.2313,4466
2020-07-29 20:00:00+00:00,0.2313,0.236,0.2287,0.2356,3745
2020-07-30 00:00:00+00:00,0.2347,0.2423,0.2258,0.2343,11470
2020-07-30 04:00:00+00:00,0.2342,0.2348,0.2298,0.234,7101
2020-07-30 08:00:00+00:00,0.2338,0.2398,0.2303,0.2383,5582
2020-07-30 12:00:00+00:00,0.2384,0.2392,0.2327,0.2338,4091
2020-07-30 16:00:00+00:00,0.2338,0.2377,0.2311,0.2346,4760
2020-07-30 20:00:00+00:00,0.2346,0.2422,0.2346,0.2411,3676
2020-07-31 00:00:00+00:00,0.2404,0.2419,0.2354,0.2383,4593
2020-07-31 04:00:00+00:00,0.2383,0.2391,0.2343,0.237,3185
2020-07-31 08:00:00+00:00,0.237,0.2397,0.2363,0.2375,2515
2020-07-31 12:00:00+00:00,0.2375,0.2398,0.2361,0.2398,2666
2020-07-31 16:00:00+00:00,0.2398,0.2467,0.2367,0.2467,5196
2020-07-31 20:00:00+00:00,0.2467,0.2494,0.2427,0.2471,5471
2020-08-03 00:00:00+00:00,0.2764,0.2912,0.271,0.2892,10325
2020-08-03 04:00:00+00:00,0.2893,0.2915,0.2832,0.2857,5886
2020-08-03 08:00:00+00:00,0.2857,0.2958,0.2835,0.2913,4813
2020-08-03 12:00:00+00:00,0.2913,0.2991,0.284,0.2964,7086
2020-08-03 16:00:00+00:00,0.2964,0.3104,0.296,0.3017,11909
2020-08-03 20:00:00+00:00,0.3019,0.3123,0.3013,0.3048,8779
2020-08-04 00:00:00+00:00,0.3047,0.3114,0.295,0.3096,10342
2020-08-04 04:00:00+00:00,0.3096,0.3101,0.2998,0.3059,7234
2020-08-04 08:00:00+00:00,0.3059,0.3064,0.2977,0.3017,5554
2020-08-04 12:00:00+00:00,0.3016,0.3039,0.2843,0.2934,7395
2020-08-04 16:00:00+00:00,0.2934,0.2965,0.2807,0.2909,7264
2020-08-04 20:00:00+00:00,0.2909,0.2947,0.2885,0.2914,4362
2020-08-05 00:00:00+00:00,0.2897,0.2966,0.2896,0.2926,7684
2020-08-05 04:00:00+00:00,0.2926,0.2928,0.2826,0.2897,5683
2020-08-05 08:00:00+00:00,0.2897,0.2926,0.2847,0.2911,4012
2020-08-05 12:00:00+00:00,0.2909,0.2989,0.2906,0.2988,4887
2020-08-05 16:00:00+00:00,0.2988,0.3006,0.2915,0.2957,6418
2020-08-05 20:00:00+00:00,0.2954,0.2991,0.2945,0.2951,3655
2020-08-06 00:00:00+00:00,0.2909,0.2994,0.2895,0.2947,7802
2020-08-06 04:00:00+00:00,0.2946,0.2947,0.2895,0.2907,4768
2020-08-06 08:00:00+00:00,0.2907,0.295,0.2898,0.2935,4385
2020-08-06 12:00:00+00:00,0.2936,0.2949,0.2897,0.2931,3813
2020-08-06 16:00:00+00:00,0.2932,0.3034,0.2922,0.2996,4968
2020-08-06 20:00:00+00:00,0.2995,0.3022,0.2969,0.2998,4944
2020-08-07 00:00:00+00:00,0.2989,0.3004,0.2877,0.2973,7067
2020-08-07 04:00:00+00:00,0.2974,0.2994,0.2951,0.2975,3185
2020-08-07 08:00:00+00:00,0.2975,0.301,0.2937,0.301,3584
2020-08-07 12:00:00+00:00,0.3009,0.3021,0.2955,0.2989,4189
2020-08-07 16:00:00+00:00,0.2988,0.2999,0.2876,0.2892,5510
2020-08-07 20:00:00+00:00,0.2891,0.2897,0.267,0.2848,8427
2020-08-10 00:00:00+00:00,0.2811,0.2827,0.2792,0.2817,4729
2020-08-10 04:00:00+00:00,0.2817,0.2884,0.2809,0.2851,3782
2020-08-10 08:00:00+00:00,0.2851,0.2923,0.2851,0.2898,2485
2020-08-10 12:00:00+00:00,0.2898,0.29,0.2748,0.2872,5758
2020-08-10 16:00:00+00:00,0.2873,0.2887,0.2841,0.2872,3268
2020-08-10 20:00:00+00:00,0.2872,0.2899,0.2854,0.287,3410
2020-08-11 00:00:00+00:00,0.2863,0.2926,0.277,0.2926,6863
2020-08-11 04:00:00+00:00,0.2926,0.2996,0.2921,0.2943,6040
2020-08-11 08:00:00+00:00,0.2943,0.2951,0.2858,0.2881,6763
2020-08-11 12:00:00+00:00,0.2881,0.2916,0.2838,0.2874,5144
2020-08-11 16:00:00+00:00,0.2875,0.2876,0.2743,0.2824,8309
2020-08-11 20:00:00+00:00,0.2824,0.2834,0.2593,0.2669,9065
2020-08-12 00:00:00+00:00,0.2653,0.277,0.2566,0.2718,9007
2020-08-12 04:00:00+00:00,0.2718,0.2746,0.2667,0.2689,5370
2020-08-12 08:00:00+00:00,0.2688,0.2762,0.2632,0.2746,6505
2020-08-12 12:00:00+00:00,0.2746,0.2795,0.2736,0.2779,5368
2020-08-12 16:00:00+00:00,0.2778,0.2791,0.2733,0.2737,5670
2020-08-12 20:00:00+00:00,0.2736,0.2751,0.2706,0.2745,5033
2020-08-13 00:00:00+00:00,0.2737,0.2775,0.2646,0.2769,5478
2020-08-13 04:00:00+00:00,0.2769,0.2774,0.2725,0.2747,5161
2020-08-13 08:00:00+00:00,0.2747,0.2747,0.2659,0.2671,3467
2020-08-13 12:00:00+00:00,0.2671,0.2726,0.2642,0.2688,5982
2020-08-13 16:00:00+00:00,0.2688,0.2733,0.2668,0.2725,7028
2020-08-13 20:00:00+00:00,0.2724,0.2764,0.2695,0.2762,7491
2020-08-14 00:00:00+00:00,0.2772,0.2923,0.2708,0.287,9736
2020-08-14 04:00:00+00:00,0.287,0.2887,0.2811,0.2859,5107
2020-08-14 08:00:00+00:00,0.2858,0.2861,0.2822,0.2838,4149
2020-08-14 12:00:00+00:00,0.2837,0.2948,0.283,0.2925,4736
2020-08-14 16:00:00+00:00,0.2925,0.2935,0.2844,0.2929,5445
2020-08-14 20:00:00+00:00,0.293,0.2988,0.2899,0.2958,7114
2020-08-17 00:00:00+00:00,0.2901,0.2975,0.29,0.2923,5957
2020-08-17 04:00:00+00:00,0.2923,0.2942,0.2888,0.2913,4903
2020-08-17 08:00:00+00:00,0.2914,0.2931,0.2898,0.2914,3609
2020-08-17 12:00:00+00:00,0.2913,0.3058,0.2909,0.3028,7377
2020-08-17 16:00:00+00:00,0.3028,0.3168,0.2848,0.3133,10083
2020-08-17 20:00:00+00:00,0.3134,0.3189,0.31,0.3172,7232
2020-08-18 00:00:00+00:00,0.3187,0.3187,0.3038,0.3103,7330
2020-08-18 04:00:00+00:00,0.3102,0.3134,0.3061,0.3076,5189
2020-08-18 08:00:00+00:00,0.3075,0.3095,0.3045,0.3068,4524
2020-08-18 12:00:00+00:00,0.3068,0.3068,0.2976,0.3022,6448
2020-08-18 16:00:00+00:00,0.3023,0.3027,0.2854,0.2967,10744
2020-08-18 20:00:00+00:00,0.2966,0.2996,0.2948,0.2996,6077
2020-08-19 00:00:00+00:00,0.3001,0.3007,0.2921,0.2944,10075
2020-08-19 04:00:00+00:00,0.2944,0.2979,0.27,0.2832,9134
2020-08-19 08:00:00+00:00,0.2832,0.2869,0.2764,0.2851,6624
2020-08-19 12:00:00+00:00,0.2851,0.287,0.2828,0.286,4462
2020-08-19 16:00:00+00:00,0.2861,0.2885,0.2778,0.2822,6556
2020-08-19 20:00:00+00:00,0.2822,0.2839,0.2704,0.2772,5832
2020-08-20 00:00:00+00:00,0.2775,0.2845,0.2764,0.2835,4103
2020-08-20 04:00:00+00:00,0.2835,0.2844,0.2782,0.2798,3101
2020-08-20 08:00:00+00:00,0.2799,0.2818,0.2761,0.2804,2999
2020-08-20 12:00:00+00:00,0.2805,0.2841,0.2795,0.2831,2232
2020-08-20 16:00:00+00:00,0.283,0.2865,0.2822,0.2844,3229
2020-08-20 20:00:00+00:00,0.2844,0.2853,0.2817,0.2829,3732
2020-08-21 00:00:00+00:00,0.2832,0.2848,0.2816,0.2822,3315
2020-08-21 04:00:00+00:00,0.2821,0.2876,0.2785,0.2851,3360
2020-08-21 08:00:00+00:00,0.285,0.286,0.2818,0.2827,3428
2020-08-21 12:00:00+00:00,0.2826,0.2834,0.2736,0.2796,3956
2020-08-21 16:00:00+00:00,0.2795,0.2802,0.2745,0.2745,4286
2020-08-21 20:00:00+00:00,0.2744,0.2799,0.2719,0.2736,4752
2020-08-24 00:00:00+00:00,0.2772,0.2782,0.2744,0.2753,2065
2020-08-24 04:00:00+00:00,0.2753,0.2777,0.274,0.2775,1943
2020-08-24 08:00:00+00:00,0.2776,0.281,0.2763,0.2805,2934
2020-08-24 12:00:00+00:00,0.2805,0.2837,0.2791,0.2808,3337
2020-08-24 16:00:00+00:00,0.2809,0.2819,0.2781,0.2801,3732
2020-08-24 20:00:00+00:00,0.2801,0.2804,0.2773,0.2792,2425
2020-08-25 00:00:00+00:00,0.2777,0.2816,0.2777,0.2797,2223
2020-08-25 04:00:00+00:00,0.2797,0.2804,0.277,0.2782,1694
2020-08-25 08:00:00+00:00,0.2783,0.2793,0.2735,0.2756,2024
2020-08-25 12:00:00+00:00,0.2756,0.2781,0.2731,0.2734,2438
2020-08-25 16:00:00+00:00,0.2733,0.2744,0.2645,0.2656,3571
2020-08-25 20:00:00+00:00,0.2657,0.2683,0.2576,0.2655,4894
2020-08-26 00:00:00+00:00,0.2646,0.2701,0.2646,0.2667,2849
2020-08-26 04:00:00+00:00,0.2666,0.2701,0.2666,0.2685,2026
2020-08-26 08:00:00+00:00,0.2685,0.2712,0.2671,0.2685,2142
2020-08-26 12:00:00+00:00,0.2685,0.2711,0.2666,0.2677,3361
2020-08-26 16:00:00+00:00,0.2675,0.2732,0.2663,0.2705,4896
2020-08-26 20:00:00+00:00,0.2704,0.2708,0.269,0.2706,2285
2020-08-27 00:00:00+00:00,0.2711,0.2717,0.2685,0.2707,4010
2020-08-27 04:00:00+00:00,0.2707,0.2708,0.2668,0.267,2962
2020-08-27 08:00:00+00:00,0.2668,0.2679,0.2652,0.2659,2320
2020-08-27 12:00:00+00:00,0.2659,0.2675,0.2576,0.2609,4631
2020-08-27 16:00:00+00:00,0.2609,0.2684,0.2511,0.2527,7693
2020-08-27 20:00:00+00:00,0.2527,0.2557,0.2467,0.2538,6334
2020-08-28 00:00:00+00:00,0.2544,0.2575,0.2521,0.255,5487
2020-08-28 04:00:00+00:00,0.255,0.2601,0.254,0.2588,3707
2020-08-28 08:00:00+00:00,0.2588,0.2597,0.2561,0.2569,2751
2020-08-28 12:00:00+00:00,0.257,0.2624,0.257,0.2605,2753
2020-08-28 16:00:00+00:00,0.2605,0.2647,0.2592,0.264,3637
2020-08-28 20:00:00+00:00,0.2641,0.2657,0.2621,0.2634,2024
2020-08-31 00:00:00+00:00,0.2728,0.2768,0.2701,0.2759,5796
2020-08-31 04:00:00+00:00,0.2758,0.2769,0.275,0.2753,4220
2020-08-31 08:00:00+00:00,0.2752,0.276,0.2703,0.2709,2985
2020-08-31 12:00:00+00:00,0.2708,0.2745,0.2707,0.2739,5460
2020-08-31 16:00:00+00:00,0.274,0.2755,0.2705,0.2746,3131
2020-08-31 20:00:00+00:00,0.2743,0.2757,0.2713,0.2723,3153
2020-09-01 00:00:00+00:00,0.2711,0.2759,0.2679,0.271,4648
2020-09-01 04:00:00+00:00,0.2709,0.2761,0.2707,0.2757,3812
2020-09-01 08:00:00+00:00,0.2757,0.2878,0.2757,0.2846,5593
2020-09-01 12:00:00+00:00,0.2846,0.2855,0.2808,0.2827,6831
2020-09-01 16:00:00+00:00,0.2827,0.2874,0.2787,0.2865,5815
2020-09-01 20:00:00+00:00,0.2866,0.287,0.2824,0.2863,4214
2020-09-02 00:00:00+00:00,0.2852,0.2964,0.2831,0.2922,6765
2020-09-02 04:00:00+00:00,0.2922,0.2936,0.2897,0.2923,4629
2020-09-02 08:00:00+00:00,0.2923,0.2927,0.282,0.2845,5454
2020-09-02 12:00:00+00:00,0.2843,0.286,0.2553,0.2706,8043
2020-09-02 16:00:00+00:00,0.2703,0.2712,0.2594,0.2628,6799
2020-09-02 20:00:00+00:00,0.2629,0.2697,0.2622,0.268,3547
2020-09-03 00:00:00+00:00,0.2665,0.2706,0.2658,0.2669,3274
2020-09-03 04:00:00+00:00,0.2669,0.2691,0.2612,0.2619,3398
2020-09-03 08:00:00+00:00,0.2618,0.2668,0.2576,0.2652,4445
2020-09-03 12:00:00+00:00,0.2652,0.2656,0.2461,0.2544,8687
2020-09-03 16:00:00+00:00,0.2544,0.2576,0.2472,0.2498,7551
2020-09-03 20:00:00+00:00,0.2499,0.2589,0.2485,0.2572,7008
2020-09-04 00:00:00+00:00,0.2568,0.2576,0.2211,0.2422,9642
2020-09-04 04:00:00+00:00,0.2422,0.244,0.2375,0.2422,2761
2020-09-04 08:00:00+00:00,0.2422,0.2454,0.2364,0.2448,2915
2020-09-04 12:00:00+00:00,0.2449,0.2583,0.2428,0.2499,5869
2020-09-04 16:00:00+00:00,0.25,0.252,0.2325,0.2439,8831
2020-09-04 20:00:00+00:00,0.2437,0.2491,0.2419,0.2486,4274
2020-09-07 00:00:00+00:00,0.2318,0.2355,0.2306,0.2341,4100
2020-09-07 04:00:00+00:00,0.2341,0.2349,0.2294,0.2298,2029
2020-09-07 08:00:00+00:00,0.2298,0.2311,0.2263,0.2292,2418
2020-09-07 12:00:00+00:00,0.2292,0.2307,0.2221,0.2241,4621
2020-09-07 16:00:00+00:00,0.2241,0.2315,0.2225,0.2301,4338
2020-09-07 20:00:00+00:00,0.2302,0.2334,0.2285,0.2308,2477
2020-09-08 00:00:00+00:00,0.231,0.2356,0.23,0.2328,3025
2020-09-08 04:00:00+00:00,0.2329,0.2361,0.2321,0.2327,1929
2020-09-08 08:00:00+00:00,0.2327,0.2339,0.2296,0.2306,1845
2020-09-08 12:00:00+00:00,0.2306,0.2311,0.224,0.2272,3652
2020-09-08 16:00:00+00:00,0.2271,0.2312,0.2237,0.2307,7157
2020-09-08 20:00:00+00:00,0.2308,0.2316,0.2251,0.227,5721
2020-09-09 00:00:00+00:00,0.2255,0.2299,0.2233,0.2281,8997
2020-09-09 04:00:00+00:00,0.2281,0.2299,0.2253,0.2289,3889
2020-09-09 08:00:00+00:00,0.2289,0.2322,0.2285,0.2302,4259
2020-09-09 12:00:00+00:00,0.2301,0.2331,0.2298,0.231,4652
2020-09-09 16:00:00+00:00,0.2309,0.2344,0.2307,0.2326,3893
2020-09-09 20:00:00+00:00,0.2325,0.2353,0.2318,0.2325,3720
2020-09-10 00:00:00+00:00,0.2304,0.2344,0.2301,0.2338,5527
2020-09-10 04:00:00+00:00,0.2337,0.2395,0.2331,0.2385,4131
2020-09-10 08:00:00+00:00,0.2386,0.2403,0.2354,0.2354,2789
2020-09-10 12:00:00+00:00,0.2355,0.2389,0.2344,0.2387,2629
2020-09-10 16:00:00+00:00,0.2387,0.2412,0.2362,0.2372,4411
2020-09-10 20:00:00+00:00,0.2372,0.2384,0.2338,0.2343,3576
2020-09-11 00:00:00+00:00,0.2321,0.2368,0.232,0.2357,2109
2020-09-11 04:00:00+00:00,0.2356,0.236,0.2293,0.2314,2535
2020-09-11 08:00:00+00:00,0.2314,0.2344,0.2312,0.2332,2552
2020-09-11 12:00:00+00:00,0.2331,0.235,0.2326,0.2337,2013
2020-09-11 16:00:00+00:00,0.2337,0.2343,0.2325,0.2336,1931
2020-09-11 20:00:00+00:00,0.2336,0.2361,0.2322,0.2352,2133
2020-09-14 00:00:00+00:00,0.232,0.2347,0.2313,0.2325,3615
2020-09-14 04:00:00+00:00,0.2325,0.2362,0.2325,0.235,2389
2020-09-14 08:00:00+00:00,0.2351,0.2382,0.2343,0.2351,2667
2020-09-14 12:00:00+00:00,0.2351,0.2381,0.2345,0.2366,2700
2020-09-14 16:00:00+00:00,0.2367,0.241,0.2366,0.2405,4176
2020-09-14 20:00:00+00:00,0.2404,0.2406,0.2369,0.2388,2744
2020-09-15 00:00:00+00:00,0.2371,0.2402,0.2362,0.2387,4351
2020-09-15 04:00:00+00:00,0.2386,0.2416,0.2374,0.2403,3028
2020-09-15 08:00:00+00:00,0.2402,0.2406,0.2347,0.2363,2920
2020-09-15 12:00:00+00:00,0.2362,0.2411,0.2353,0.2403,3662
2020-09-15 16:00:00+00:00,0.2404,0.2405,0.2353,0.2371,3824
2020-09-15 20:00:00+00:00,0.2372,0.2388,0.2355,0.236,2800
2020-09-16 00:00:00+00:00,0.2335,0.2381,0.2263,0.2302,4979
2020-09-16 04:00:00+00:00,0.2302,0.234,0.2292,0.2327,2010
2020-09-16 08:00:00+00:00,0.2328,0.2374,0.2328,0.2354,2487
2020-09-16 12:00:00+00:00,0.2354,0.2365,0.2333,0.2357,2693
2020-09-16 16:00:00+00:00,0.2358,0.2378,0.2351,0.237,2423
2020-09-16 20:00:00+00:00,0.237,0.2378,0.2349,0.2368,1490
2020-09-17 00:00:00+00:00,0.2366,0.2507,0.2366,0.2488,4734
2020-09-17 04:00:00+00:00,0.2487,0.2503,0.2423,0.2443,4750
2020-09-17 08:00:00+00:00,0.2442,0.2454,0.2399,0.2414,3392
2020-09-17 12:00:00+00:00,0.2413,0.2442,0.2383,0.2411,3403
2020-09-17 16:00:00+00:00,0.2411,0.2435,0.2398,0.2425,3557
2020-09-17 20:00:00+00:00,0.2426,0.2478,0.2424,0.2459,4679
2020-09-18 00:00:00+00:00,0.2459,0.2463,0.2424,0.2434,2924
2020-09-18 04:00:00+00:00,0.2435,0.2459,0.243,0.2438,2377
2020-09-18 08:00:00+00:00,0.2439,0.2476,0.2439,0.2466,2459
2020-09-18 12:00:00+00:00,0.2466,0.247,0.2445,0.246,2617
2020-09-18 16:00:00+00:00,0.2459,0.2462,0.2404,0.2418,4605
2020-09-18 20:00:00+00:00,0.2418,0.2426,0.2386,0.2412,3712
2020-09-21 00:00:00+00:00,0.2349,0.2401,0.2345,0.2387,4865
2020-09-21 04:00:00+00:00,0.2387,0.2404,0.2379,0.2385,3855
2020-09-21 08:00:00+00:00,0.2385,0.2401,0.2343,0.236,3194
2020-09-21 12:00:00+00:00,0.2359,0.2363,0.2268,0.2288,6923
2020-09-21 16:00:00+00:00,0.2288,0.2308,0.2214,0.2222,6293
2020-09-21 20:00:00+00:00,0.2223,0.2255,0.2217,0.2245,4068
2020-09-22 00:00:00+00:00,0.2222,0.2262,0.2216,0.2253,6206
2020-09-22 04:00:00+00:00,0.2252,0.2256,0.2219,0.225,5413
2020-09-22 08:00:00+00:00,0.225,0.2268,0.2219,0.2235,8933
2020-09-22 12:00:00+00:00,0.2235,0.2252,0.2226,0.2237,8605
2020-09-22 16:00:00+00:00,0.2237,0.2253,0.2221,0.2234,6593
2020-09-22 20:00:00+00:00,0.2234,0.2252,0.2231,0.2251,4029
2020-09-23 00:00:00+00:00,0.2221,0.2268,0.2221,0.2255,3543
2020-09-23 04:00:00+00:00,0.2255,0.2261,0.2238,0.2241,2789
2020-09-23 08:00:00+00:00,0.2242,0.2255,0.2229,0.2239,3549
2020-09-23 12:00:00+00:00,0.2238,0.2268,0.2238,0.2258,2162
2020-09-23 16:00:00+00:00,0.2258,0.2275,0.2225,0.2241,2720
2020-09-23 20:00:00+00:00,0.2241,0.2243,0.2121,0.2154,4575
2020-09-24 00:00:00+00:00,0.2139,0.217,0.2118,0.2153,4492
2020-09-24 04:00:00+00:00,0.2153,0.2166,0.2141,0.2143,2611
2020-09-24 08:00:00+00:00,0.2144,0.2175,0.2141,0.2143,3034
2020-09-24 12:00:00+00:00,0.2144,0.2193,0.2137,0.2171,3240
2020-09-24 16:00:00+00:00,0.2172,0.2237,0.2156,0.2232,3914
2020-09-24 20:00:00+00:00,0.2232,0.225,0.2224,0.2238,3888
2020-09-25 00:00:00+00:00,0.2237,0.2266,0.2217,0.2239,3009
2020-09-25 04:00:00+00:00,0.224,0.2254,0.2239,0.2241,1671
2020-09-25 08:00:00+00:00,0.2241,0.2257,0.222,0.2228,3008
2020-09-25 12:00:00+00:00,0.2228,0.233,0.2218,0.2302,4757
2020-09-25 16:00:00+00:00,0.2302,0.2339,0.2274,0.2322,5304
2020-09-25 20:00:00+00:00,0.2321,0.2372,0.2314,0.2344,3329
2020-09-28 00:00:00+00:00,0.2338,0.238,0.2333,0.2367,2733
2020-09-28 04:00:00+00:00,0.2367,0.2387,0.2362,0.237,2345
2020-09-28 08:00:00+00:00,0.237,0.2374,0.2347,0.235,2671
2020-09-28 12:00:00+00:00,0.235,0.2393,0.2347,0.2378,3080
2020-09-28 16:00:00+00:00,0.2379,0.2393,0.2364,0.2386,4226
2020-09-28 20:00:00+00:00,0.2386,0.2392,0.2363,0.2375,2691
2020-09-29 00:00:00+00:00,0.2349,0.2408,0.232,0.2345,4752
2020-09-29 04:00:00+00:00,0.2344,0.2347,0.233,0.2341,2989
2020-09-29 08:00:00+00:00,0.2341,0.2359,0.233,0.2353,2118
2020-09-29 12:00:00+00:00,0.2354,0.2389,0.2351,0.237,3474
2020-09-29 16:00:00+00:00,0.2369,0.2376,0.2312,0.2326,3285
2020-09-29 20:00:00+00:00,0.2327,0.2339,0.2307,0.2335,2836
2020-09-30 00:00:00+00:00,0.2338,0.2359,0.2334,0.2342,3015
2020-09-30 04:00:00+00:00,0.2343,0.2347,0.2313,0.2335,2669
2020-09-30 08:00:00+00:00,0.2335,0.2337,0.2315,0.2323,3106
2020-09-30 12:00:00+00:00,0.2323,0.2327,0.2298,0.232,2103
2020-09-30 16:00:00+00:00,0.232,0.2343,0.232,0.2342,2053
2020-09-30 20:00:00+00:00,0.2342,0.2344,0.2306,0.2315,2948
2020-10-01 00:00:00+00:00,0.2292,0.2348,0.2291,0.234,2429
2020-10-01 04:00:00+00:00,0.2341,0.2354,0.2337,0.234,6395
2020-10-01 08:00:00+00:00,0.2341,0.236,0.2334,0.2358,1950
2020-10-01 12:00:00+00:00,0.2358,0.2368,0.2355,0.2359,2769
2020-10-01 16:00:00+00:00,0.2358,0.2361,0.2259,0.2278,4075
2020-10-01 20:00:00+00:00,0.2277,0.2299,0.2263,0.2295,4939
2020-10-02 00:00:00+00:00,0.2288,0.2309,0.2273,0.2291,4238
2020-10-02 04:00:00+00:00,0.2292,0.2317,0.2291,0.2299,3702
2020-10-02 08:00:00+00:00,0.2298,0.2298,0.223,0.2241,4867
2020-10-02 12:00:00+00:00,0.224,0.2249,0.2208,0.2229,3296
2020-10-02 16:00:00+00:00,0.223,0.2257,0.2214,0.2253,3639
2020-10-02 20:00:00+00:00,0.2254,0.2256,0.2238,0.2253,2632
2020-10-05 00:00:00+00:00,0.2375,0.2432,0.2375,0.2426,6091
2020-10-05 04:00:00+00:00,0.2426,0.2466,0.2404,0.2406,3806
2020-10-05 08:00:00+00:00,0.2406,0.2428,0.2387,0.2388,2649
2020-10-05 12:00:00+00:00,0.2387,0.2457,0.2387,0.2456,3450
2020-10-05 16:00:00+00:00,0.2456,0.2464,0.2418,0.2437,3424
2020-10-05 20:00:00+00:00,0.2437,0.2438,0.24,0.2426,2029
2020-10-06 00:00:00+00:00,0.2405,0.2452,0.2404,0.2429,4778
2020-10-06 04:00:00+00:00,0.2427,0.2516,0.2427,0.2507,4342
2020-10-06 08:00:00+00:00,0.2506,0.2507,0.2449,0.2473,3178
2020-10-06 12:00:00+00:00,0.2471,0.2501,0.2408,0.2426,4210
2020-10-06 16:00:00+00:00,0.2425,0.247,0.2369,0.245,4971
2020-10-06 20:00:00+00:00,0.2449,0.2452,0.2314,0.2341,5620
2020-10-07 00:00:00+00:00,0.2339,0.2386,0.2339,0.2363,3906
2020-10-07 04:00:00+00:00,0.2363,0.2373,0.2332,0.2368,1734
2020-10-07 08:00:00+00:00,0.2369,0.2391,0.2362,0.2376,1897
2020-10-07 12:00:00+00:00,0.2375,0.2392,0.2358,0.2388,2034
2020-10-07 16:00:00+00:00,0.2389,0.2426,0.2386,0.2405,2921
2020-10-07 20:00:00+00:00,0.2404,0.2437,0.2401,0.2403,2186
2020-10-08 00:00:00+00:00,0.2393,0.2414,0.2393,0.2401,1476
2020-10-08 04:00:00+00:00,0.24,0.2406,0.2386,0.2387,1227
2020-10-08 08:00:00+00:00,0.2388,0.2388,0.2341,0.2352,2266
2020-10-08 12:00:00+00:00,0.2351,0.2387,0.2343,0.2384,2147
2020-10-08 16:00:00+00:00,0.2384,0.2443,0.2377,0.2421,5236
2020-10-08 20:00:00+00:00,0.2422,0.2453,0.2418,0.2442,2020
2020-10-09 00:00:00+00:00,0.2415,0.2444,0.2414,0.2428,1700
2020-10-09 04:00:00+00:00,0.2427,0.2446,0.2427,0.2432,1399
2020-10-09 08:00:00+00:00,0.2431,0.2437,0.2414,0.243,1287
2020-10-09 12:00:00+00:00,0.2429,0.249,0.2428,0.2461,2467
2020-10-09 16:00:00+00:00,0.2462,0.2468,0.2413,0.2433,2549
2020-10-09 20:00:00+00:00,0.2433,0.244,0.2422,0.2432,1967
2020-10-12 00:00:00+00:00,0.2439,0.2481,0.2437,0.2476,2219
2020-10-12 04:00:00+00:00,0.2477,0.2484,0.2464,0.2473,1969
2020-10-12 08:00:00+00:00,0.2472,0.2483,0.2457,0.246,2489
2020-10-12 12:00:00+00:00,0.246,0.2462,0.2411,0.2446,3662
2020-10-12 16:00:00+00:00,0.2445,0.2501,0.244,0.2499,4541
2020-10-12 20:00:00+00:00,0.2499,0.2502,0.2476,0.2484,1826
2020-10-13 00:00:00+00:00,0.2463,0.2506,0.2456,0.2476,4009
2020-10-13 04:00:00+00:00,0.2475,0.2488,0.2452,0.2471,2709
2020-10-13 08:00:00+00:00,0.2472,0.2521,0.247,0.2498,3052
2020-10-13 12:00:00+00:00,0.2497,0.2523,0.2464,0.2489,3922
2020-10-13 16:00:00+00:00,0.2489,0.2492,0.2439,0.2484,4675
2020-10-13 20:00:00+00:00,0.2485,0.2486,0.2458,0.2478,2334
2020-10-14 00:00:00+00:00,0.2456,0.2503,0.2456,0.25,2829
2020-10-14 04:00:00+00:00,0.2501,0.2509,0.2479,0.248,2385
2020-10-14 08:00:00+00:00,0.2479,0.2493,0.2454,0.2477,2115
2020-10-14 12:00:00+00:00,0.2476,0.2482,0.2419,0.2448,3105
2020-10-14 16:00:00+00:00,0.2448,0.2477,0.2388,0.2404,5380
2020-10-14 20:00:00+00:00,0.2403,0.2413,0.2384,0.2412,2508
2020-10-15 00:00:00+00:00,0.2387,0.2425,0.2387,0.2412,2027
2020-10-15 04:00:00+00:00,0.2412,0.2415,0.2379,0.2405,2011
2020-10-15 08:00:00+00:00,0.2405,0.2426,0.2394,0.2396,1856
2020-10-15 12:00:00+00:00,0.2395,0.2395,0.2354,0.2384,3018
2020-10-15 16:00:00+00:00,0.2384,0.2408,0.2354,0.2376,2881
2020-10-15 20:00:00+00:00,0.2375,0.2408,0.2375,0.2392,2806
2020-10-16 00:00:00+00:00,0.2363,0.2391,0.2362,0.2387,2494
2020-10-16 04:00:00+00:00,0.2386,0.2403,0.2312,0.234,4005
2020-10-16 08:00:00+00:00,0.234,0.235,0.2326,0.2333,2603
2020-10-16 12:00:00+00:00,0.2333,0.235,0.2301,0.2345,2714
2020-10-16 16:00:00+00:00,0.2345,0.2349,0.2304,0.2325,2199
2020-10-16 20:00:00+00:00,0.2325,0.2334,0.231,0.2319,1855
2020-10-19 00:00:00+00:00,0.2319,0.2353,0.2319,0.2347,1844
2020-10-19 04:00:00+00:00,0.2347,0.2348,0.2328,0.2331,1070
2020-10-19 08:00:00+00:00,0.2331,0.2338,0.2326,0.2334,1160
2020-10-19 12:00:00+00:00,0.2333,0.2413,0.2331,0.2404,3192
2020-10-19 16:00:00+00:00,0.2403,0.242,0.2388,0.2413,3530
2020-10-19 20:00:00+00:00,0.2414,0.2415,0.2384,0.2393,1791
2020-10-20 00:00:00+00:00,0.2393,0.2403,0.2373,0.2377,1785
2020-10-20 04:00:00+00:00,0.2376,0.2427,0.2374,0.2396,1954
2020-10-20 08:00:00+00:00,0.2396,0.241,0.2355,0.2377,2536
2020-10-20 12:00:00+00:00,0.2376,0.2392,0.2341,0.2361,3171
2020-10-20 16:00:00+00:00,0.2361,0.2383,0.2341,0.2359,2946
2020-10-20 20:00:00+00:00,0.2358,0.2372,0.2344,0.2366,2348
2020-10-21 00:00:00+00:00,0.2338,0.2377,0.2337,0.2373,1853
2020-10-21 04:00:00+00:00,0.2372,0.2419,0.2369,0.24,4267
2020-10-21 08:00:00+00:00,0.24,0.2414,0.2377,0.2388,2788
2020-10-21 12:00:00+00:00,0.2387,0.2414,0.2387,0.2409,3272
2020-10-21 16:00:00+00:00,0.2408,0.2483,0.2405,0.2462,6159
2020-10-21 20:00:00+00:00,0.2464,0.2476,0.2436,0.2446,2979
2020-10-22 00:00:00+00:00,0.2442,0.2478,0.2421,0.2474,5988
2020-10-22 04:00:00+00:00,0.2473,0.2507,0.2466,0.2478,2789
2020-10-22 08:00:00+00:00,0.2477,0.252,0.2469,0.2516,2757
2020-10-22 12:00:00+00:00,0.2516,0.2546,0.2496,0.2522,5233
2020-10-22 16:00:00+00:00,0.2522,0.2554,0.2518,0.2554,4513
2020-10-22 20:00:00+00:00,0.2553,0.2557,0.2529,0.2546,3513
2020-10-23 00:00:00+00:00,0.255,0.2563,0.2462,0.2487,4776
2020-10-23 04:00:00+00:00,0.2487,0.2519,0.2483,0.2505,2494
2020-10-23 08:00:00+00:00,0.2505,0.2518,0.2486,0.2499,2244
2020-10-23 12:00:00+00:00,0.2498,0.2513,0.2495,0.2506,1747
2020-10-23 16:00:00+00:00,0.2504,0.2504,0.2427,0.2441,4281
2020-10-23 20:00:00+00:00,0.2441,0.2469,0.2427,0.2467,1662
2020-10-26 00:00:00+00:00,0.2451,0.2517,0.2432,0.2502,2046
2020-10-26 04:00:00+00:00,0.2503,0.2507,0.2477,0.2486,1853
2020-10-26 08:00:00+00:00,0.2486,0.2492,0.2447,0.2469,2173
2020-10-26 12:00:00+00:00,0.247,0.2479,0.2453,0.2456,2121
2020-10-26 16:00:00+00:00,0.2455,0.2469,0.2378,0.2394,4819
2020-10-26 20:00:00+00:00,0.2393,0.2409,0.2351,0.2405,3866
2020-10-27 00:00:00+00:00,0.2407,0.2425,0.2399,0.2421,2785
2020-10-27 04:00:00+00:00,0.2421,0.2425,0.2401,0.2425,2051
2020-10-27 08:00:00+00:00,0.2425,0.2439,0.2411,0.2418,1965
2020-10-27 12:00:00+00:00,0.2419,0.2458,0.2416,0.245,3483
2020-10-27 16:00:00+00:00,0.2451,0.2466,0.2434,0.2464,3314
2020-10-27 20:00:00+00:00,0.2463,0.2464,0.2419,0.2433,2944
2020-10-28 00:00:00+00:00,0.2407,0.2459,0.2407,0.245,3230
2020-10-28 04:00:00+00:00,0.245,0.2491,0.2443,0.2454,2301
2020-10-28 08:00:00+00:00,0.2454,0.2457,0.2407,0.2427,2562
2020-10-28 12:00:00+00:00,0.2427,0.2452,0.2393,0.2409,4674
2020-10-28 16:00:00+00:00,0.2409,0.2418,0.237,0.2383,4295
2020-10-28 20:00:00+00:00,0.2383,0.2393,0.2368,0.2378,2462
2020-10-29 00:00:00+00:00,0.2378,0.2401,0.2366,0.2375,1441
2020-10-29 04:00:00+00:00,0.2375,0.2396,0.2369,0.2381,1862
2020-10-29 08:00:00+00:00,0.2381,0.2392,0.2346,0.2353,2791
2020-10-29 12:00:00+00:00,0.2354,0.2365,0.2321,0.235,3615
2020-10-29 16:00:00+00:00,0.2349,0.2397,0.2345,0.2395,3923
2020-10-29 20:00:00+00:00,0.2392,0.2394,0.2363,0.2371,3576
2020-10-30 00:00:00+00:00,0.236,0.2371,0.2338,0.2363,2856
2020-10-30 04:00:00+00:00,0.2364,0.2365,0.232,0.2324,2449
2020-10-30 08:00:00+00:00,0.2323,0.2336,0.2275,0.229,4034
2020-10-30 12:00:00+00:00,0.2289,0.2312,0.2231,0.2296,3422
2020-10-30 16:00:00+00:00,0.2295,0.2313,0.2278,0.2303,3751
2020-10-30 20:00:00+00:00,0.2302,0.232,0.2299,0.2309,2098
2020-11-02 00:00:00+00:00,0.2337,0.2374,0.2313,0.2364,3684
2020-11-02 04:00:00+00:00,0.2365,0.237,0.232,0.2331,1940
2020-11-02 08:00:00+00:00,0.2331,0.2344,0.2279,0.2301,3068
2020-11-02 12:00:00+00:00,0.2301,0.2305,0.2243,0.2278,4099
2020-11-02 16:00:00+00:00,0.2277,0.2288,0.2249,0.2276,1999
2020-11-02 20:00:00+00:00,0.2275,0.2293,0.2266,0.2277,1976
2020-11-03 00:00:00+00:00,0.2268,0.229,0.2259,0.2286,2677
2020-11-03 04:00:00+00:00,0.2286,0.2291,0.2201,0.223,3902
2020-11-03 08:00:00+00:00,0.2231,0.2253,0.222,0.2249,2440
2020-11-03 12:00:00+00:00,0.2249,0.2367,0.2244,0.2312,5294
2020-11-03 16:00:00+00:00,0.2313,0.2329,0.228,0.2297,2598
2020-11-03 20:00:00+00:00,0.2298,0.2317,0.2297,0.2305,2159
2020-11-04 00:00:00+00:00,0.2293,0.2334,0.2287,0.2309,2966
2020-11-04 04:00:00+00:00,0.2309,0.2319,0.2288,0.2301,2957
2020-11-04 08:00:00+00:00,0.2301,0.2305,0.2247,0.2284,3422
2020-11-04 12:00:00+00:00,0.2284,0.2296,0.2267,0.2276,2676
2020-11-04 16:00:00+00:00,0.2276,0.2314,0.2255,0.2291,4552
2020-11-04 20:00:00+00:00,0.2291,0.231,0.2282,0.2298,3183
2020-11-05 00:00:00+00:00,0.2288,0.2319,0.2288,0.2314,3424
2020-11-05 04:00:00+00:00,0.2314,0.2339,0.2306,0.2321,2805
2020-11-05 08:00:00+00:00,0.2321,0.2325,0.2297,0.2302,3165
2020-11-05 12:00:00+00:00,0.2302,0.2369,0.2297,0.2342,5229
2020-11-05 16:00:00+00:00,0.2341,0.2399,0.2334,0.237,6241
2020-11-05 20:00:00+00:00,0.237,0.2383,0.236,0.2369,3937
2020-11-06 00:00:00+00:00,0.2367,0.2446,0.2364,0.2439,6745
2020-11-06 04:00:00+00:00,0.2439,0.2457,0.2409,0.2432,4434
2020-11-06 08:00:00+00:00,0.2431,0.248,0.2426,0.2454,4063
2020-11-06 12:00:00+00:00,0.2454,0.2539,0.2451,0.2535,5772
2020-11-06 16:00:00+00:00,0.2536,0.2539,0.2485,0.2503,4900
2020-11-06 20:00:00+00:00,0.2503,0.2517,0.2426,0.248,4166
2020-11-09 00:00:00+00:00,0.2442,0.2487,0.2442,0.2462,2982
2020-11-09 04:00:00+00:00,0.2461,0.2465,0.2436,0.2453,2210
2020-11-09 08:00:00+00:00,0.2453,0.2454,0.2415,0.2436,2992
2020-11-09 12:00:00+00:00,0.2437,0.2483,0.2405,0.2428,6142
2020-11-09 16:00:00+00:00,0.2428,0.2436,0.238,0.2424,5934
2020-11-09 20:00:00+00:00,0.2425,0.2443,0.2417,0.2435,3165
2020-11-10 00:00:00+00:00,0.2418,0.2442,0.2406,0.2433,3273
2020-11-10 04:00:00+00:00,0.2433,0.2452,0.2429,0.2433,2409
2020-11-10 08:00:00+00:00,0.2433,0.2571,0.2417,0.2529,5692
2020-11-10 12:00:00+00:00,0.2529,0.2542,0.2461,0.2488,5516
2020-11-10 16:00:00+00:00,0.2488,0.2493,0.2437,0.247,3624
2020-11-10 20:00:00+00:00,0.2469,0.2499,0.2456,0.2493,2076
2020-11-11 00:00:00+00:00,0.2478,0.2515,0.2449,0.2498,4099
2020-11-11 04:00:00+00:00,0.2497,0.2503,0.246,0.2473,2759
2020-11-11 08:00:00+00:00,0.2474,0.2497,0.2468,0.2484,2281
2020-11-11 12:00:00+00:00,0.2484,0.2506,0.2474,0.2496,3574
2020-11-11 16:00:00+00:00,0.2495,0.2526,0.2491,0.2517,3317
2020-11-11 20:00:00+00:00,0.2518,0.2522,0.2472,0.2491,3318
2020-11-12 00:00:00+00:00,0.2474,0.2499,0.2459,0.2484,2897
2020-11-12 04:00:00+00:00,0.2482,0.2505,0.2476,0.2489,1205
2020-11-12 08:00:00+00:00,0.2489,0.2504,0.2478,0.2501,1958
2020-11-12 12:00:00+00:00,0.2501,0.2508,0.2459,0.2482,3601
2020-11-12 16:00:00+00:00,0.2482,0.2493,0.2452,0.2455,3654
2020-11-12 20:00:00+00:00,0.2455,0.2482,0.2451,0.2475,1697
2020-11-13 00:00:00+00:00,0.2461,0.2497,0.2458,0.2493,2847
2020-11-13 04:00:00+00:00,0.2493,0.2497,0.247,0.2478,1791
2020-11-13 08:00:00+00:00,0.2479,0.2534,0.2464,0.2508,3035
2020-11-13 12:00:00+00:00,0.2508,0.2525,0.2487,0.2521,2951
2020-11-13 16:00:00+00:00,0.2522,0.2558,0.2499,0.2545,4291
2020-11-13 20:00:00+00:00,0.2546,0.2585,0.2546,0.2567,3377
2020-11-16 00:00:00+00:00,0.2563,0.2641,0.2562,0.262,2021
2020-11-16 04:00:00+00:00,0.262,0.2631,0.2599,0.2623,1947
2020-11-16 08:00:00+00:00,0.2623,0.2671,0.2623,0.2651,2307
2020-11-16 12:00:00+00:00,0.2652,0.2725,0.2641,0.2719,2822
2020-11-16 16:00:00+00:00,0.272,0.2815,0.2707,0.2801,7034
2020-11-16 20:00:00+00:00,0.2802,0.2811,0.2751,0.2767,4503
2020-11-17 00:00:00+00:00,0.2738,0.288,0.2738,0.2843,6807
2020-11-17 04:00:00+00:00,0.2842,0.2952,0.2839,0.2924,6097
2020-11-17 08:00:00+00:00,0.2924,0.294,0.2845,0.2893,6135
2020-11-17 12:00:00+00:00,0.2892,0.2979,0.2881,0.2912,8450
2020-11-17 16:00:00+00:00,0.2912,0.2952,0.2892,0.2935,9576
2020-11-17 20:00:00+00:00,0.2935,0.2963,0.2913,0.2928,7083
2020-11-18 00:00:00+00:00,0.2905,0.3009,0.2902,0.2964,8031
2020-11-18 04:00:00+00:00,0.2963,0.2973,0.2741,0.2822,11564
2020-11-18 08:00:00+00:00,0.2822,0.2893,0.2819,0.2852,8812
2020-11-18 12:00:00+00:00,0.285,0.2884,0.2808,0.282,9882
2020-11-18 16:00:00+00:00,0.282,0.2844,0.2753,0.283,10636
2020-11-18 20:00:00+00:00,0.283,0.2851,0.2799,0.2845,8505
2020-11-19 00:00:00+00:00,0.2827,0.2874,0.2824,0.2859,7252
2020-11-19 04:00:00+00:00,0.2861,0.2889,0.2837,0.2852,4908
2020-11-19 08:00:00+00:00,0.2852,0.2857,0.2769,0.2773,9924
2020-11-19 12:00:00+00:00,0.2773,0.2921,0.2762,0.2916,12361
2020-11-19 16:00:00+00:00,0.2916,0.2995,0.2883,0.2927,13075
2020-11-19 20:00:00+00:00,0.2927,0.2958,0.2905,0.2922,8038
2020-11-20 00:00:00+00:00,0.2903,0.2967,0.2897,0.2954,7629
2020-11-20 04:00:00+00:00,0.2954,0.2979,0.2895,0.2919,5967
2020-11-20 08:00:00+00:00,0.2919,0.2963,0.2913,0.2933,6315
2020-11-20 12:00:00+00:00,0.2933,0.3085,0.2928,0.3048,9104
2020-11-20 16:00:00+00:00,0.3048,0.315,0.3033,0.315,15598
2020-11-20 20:00:00+00:00,0.3149,0.319,0.308,0.3179,13270
2020-11-23 00:00:00+00:00,0.4591,0.4654,0.4244,0.4444,20206
2020-11-23 04:00:00+00:00,0.4445,0.4595,0.4361,0.4497,13886
2020-11-23 08:00:00+00:00,0.4497,0.463,0.4403,0.4585,14056
2020-11-23 12:00:00+00:00,0.4585,0.5124,0.4491,0.5066,26533
2020-11-23 16:00:00+00:00,0.5062,0.5482,0.5024,0.5382,32366
2020-11-23 20:00:00+00:00,0.5382,0.5773,0.5099,0.5668,22805
2020-11-24 00:00:00+00:00,0.5617,0.6159,0.5569,0.5849,33995
2020-11-24 04:00:00+00:00,0.5849,0.7895,0.5785,0.7214,37541
2020-11-24 08:00:00+00:00,0.7214,0.7362,0.6085,0.64,45681
2020-11-24 12:00:00+00:00,0.6401,0.6843,0.5546,0.6777,45088
2020-11-24 16:00:00+00:00,0.6777,0.6937,0.6214,0.6637,35464
2020-11-24 20:00:00+00:00,0.6637,0.7411,0.6507,0.6761,37018
2020-11-25 00:00:00+00:00,0.6741,0.7057,0.6482,0.6653,28546
2020-11-25 04:00:00+00:00,0.6649,0.6649,0.6025,0.6396,34715
2020-11-25 08:00:00+00:00,0.6397,0.6828,0.6363,0.6651,30575
2020-11-25 12:00:00+00:00,0.6651,0.7016,0.6523,0.6615,30760
2020-11-25 16:00:00+00:00,0.6618,0.7139,0.655,0.677,32005
2020-11-25 20:00:00+00:00,0.6764,0.6853,0.5725,0.6241,32585
2020-11-26 00:00:00+00:00,0.6323,0.6438,0.5901,0.6257,32535
2020-11-26 04:00:00+00:00,0.6258,0.6264,0.5088,0.554,36130
2020-11-26 08:00:00+00:00,0.554,0.5675,0.4538,0.5086,28414
2020-11-26 12:00:00+00:00,0.5087,0.5545,0.5042,0.5089,27856
2020-11-26 16:00:00+00:00,0.5091,0.5246,0.443,0.4815,29846
2020-11-26 20:00:00+00:00,0.4815,0.5421,0.4521,0.5137,31171
2020-11-27 00:00:00+00:00,0.5153,0.5794,0.5075,0.5595,27924
2020-11-27 04:00:00+00:00,0.5595,0.5636,0.5201,0.553,27335
2020-11-27 08:00:00+00:00,0.5525,0.5576,0.4947,0.513,29343
2020-11-27 12:00:00+00:00,0.5131,0.5429,0.5121,0.5305,24339
2020-11-27 16:00:00+00:00,0.5305,0.5354,0.5069,0.5309,26012
2020-11-27 20:00:00+00:00,0.5309,0.5539,0.525,0.5454,18968
2020-11-30 00:00:00+00:00,0.5971,0.6391,0.5918,0.6257,13428
2020-11-30 04:00:00+00:00,0.6248,0.6289,0.6141,0.6179,13754
2020-11-30 08:00:00+00:00,0.6179,0.6289,0.5915,0.605,14412
2020-11-30 12:00:00+00:00,0.605,0.6378,0.6031,0.6332,15095
2020-11-30 16:00:00+00:00,0.6332,0.6717,0.6206,0.6402,12867
2020-11-30 20:00:00+00:00,0.6396,0.6502,0.6239,0.6387,11700
2020-12-01 00:00:00+00:00,0.6375,0.6695,0.6352,0.6525,11466
2020-12-01 04:00:00+00:00,0.6525,0.6542,0.6364,0.6458,11676
2020-12-01 08:00:00+00:00,0.646,0.6687,0.6396,0.6611,12622
2020-12-01 12:00:00+00:00,0.6611,0.6732,0.5588,0.614,22781
2020-12-01 16:00:00+00:00,0.614,0.648,0.6015,0.6211,16345
2020-12-01 20:00:00+00:00,0.6211,0.6213,0.6045,0.6185,6862
2020-12-02 00:00:00+00:00,0.6243,0.6309,0.5925,0.6118,10524
2020-12-02 04:00:00+00:00,0.6118,0.6126,0.5863,0.5979,7183
2020-12-02 08:00:00+00:00,0.5979,0.6222,0.5972,0.6089,6875
2020-12-02 12:00:00+00:00,0.6089,0.6193,0.6029,0.6105,6297
2020-12-02 16:00:00+00:00,0.6106,0.6138,0.5925,0.6056,4916
2020-12-02 20:00:00+00:00,0.6052,0.6153,0.6011,0.611,4057
2020-12-03 00:00:00+00:00,0.6114,0.6303,0.6087,0.6133,6407
2020-12-03 04:00:00+00:00,0.6133,0.6196,0.609,0.6101,4453
2020-12-03 08:00:00+00:00,0.6101,0.6245,0.6075,0.6186,4897
2020-12-03 12:00:00+00:00,0.6186,0.6264,0.6148,0.6172,5259
2020-12-03 16:00:00+00:00,0.6172,0.6345,0.6167,0.6208,5980
2020-12-03 20:00:00+00:00,0.6208,0.6247,0.6168,0.6226,3782
2020-12-04 00:00:00+00:00,0.6215,0.6274,0.6179,0.6199,3469
2020-12-04 04:00:00+00:00,0.6199,0.6214,0.5994,0.6057,5052
2020-12-04 08:00:00+00:00,0.6057,0.6198,0.6054,0.6111,5034
2020-12-04 12:00:00+00:00,0.6112,0.6119,0.5755,0.5894,8575
2020-12-04 16:00:00+00:00,0.5894,0.5956,0.547,0.5675,8417
2020-12-04 20:00:00+00:00,0.5676,0.5773,0.5329,0.5505,6689
2020-12-07 00:00:00+00:00,0.6126,0.6185,0.5978,0.6054,6574
2020-12-07 04:00:00+00:00,0.6054,0.6105,0.6006,0.6068,3473
2020-12-07 08:00:00+00:00,0.6066,0.6121,0.5952,0.5981,5298
2020-12-07 12:00:00+00:00,0.5981,0.607,0.5925,0.602,3919
2020-12-07 16:00:00+00:00,0.602,0.6087,0.597,0.5999,2278
2020-12-07 20:00:00+00:00,0.5999,0.6016,0.5828,0.5947,3346
2020-12-08 00:00:00+00:00,0.5951,0.6031,0.5948,0.5995,2490
2020-12-08 04:00:00+00:00,0.5995,0.6029,0.5944,0.6008,3423
2020-12-08 08:00:00+00:00,0.6008,0.601,0.5731,0.575,4460
2020-12-08 12:00:00+00:00,0.5749,0.5875,0.5683,0.5868,7276
2020-12-08 16:00:00+00:00,0.5868,0.589,0.571,0.5829,2754
2020-12-08 20:00:00+00:00,0.5831,0.5831,0.5551,0.5641,4920
2020-12-09 00:00:00+00:00,0.5626,0.5674,0.5362,0.5441,5043
2020-12-09 04:00:00+00:00,0.5441,0.5523,0.5353,0.5427,4548
2020-12-09 08:00:00+00:00,0.5427,0.5463,0.4912,0.5148,8467
2020-12-09 12:00:00+00:00,0.5148,0.5524,0.5107,0.552,5637
2020-12-09 16:00:00+00:00,0.552,0.5556,0.531,0.5446,5792
2020-12-09 20:00:00+00:00,0.5447,0.5965,0.538,0.5873,4857
2020-12-10 00:00:00+00:00,0.5861,0.5874,0.5587,0.5667,6212
2020-12-10 04:00:00+00:00,0.5669,0.5747,0.5579,0.5633,2628
2020-12-10 08:00:00+00:00,0.5633,0.5774,0.5558,0.5586,5722
2020-12-10 12:00:00+00:00,0.5586,0.5653,0.5497,0.5643,6705
2020-12-10 16:00:00+00:00,0.5643,0.5714,0.5443,0.5668,5846
2020-12-10 20:00:00+00:00,0.5668,0.5813,0.5605,0.5693,4852
2020-12-11 00:00:00+00:00,0.5701,0.5725,0.525,0.5401,5261
2020-12-11 04:00:00+00:00,0.5401,0.5481,0.5282,0.5367,2800
2020-12-11 08:00:00+00:00,0.5368,0.5502,0.5329,0.5405,1115
2020-12-11 12:00:00+00:00,0.5405,0.5548,0.5053,0.5422,5384
2020-12-11 16:00:00+00:00,0.5423,0.5516,0.5079,0.5311,4411
2020-12-14 00:00:00+00:00,0.5044,0.5063,0.4908,0.4998,4234
2020-12-14 04:00:00+00:00,0.4999,0.5104,0.4932,0.498,3241
2020-12-14 08:00:00+00:00,0.498,0.5015,0.4883,0.4933,3516
2020-12-14 12:00:00+00:00,0.4933,0.4963,0.4831,0.4901,4631
2020-12-14 16:00:00+00:00,0.4901,0.4963,0.4798,0.4838,5698
2020-12-14 20:00:00+00:00,0.4838,0.489,0.4818,0.4855,4336
2020-12-15 00:00:00+00:00,0.4844,0.4981,0.4795,0.4957,4001
2020-12-15 04:00:00+00:00,0.4958,0.4995,0.4809,0.4855,3746
2020-12-15 08:00:00+00:00,0.4855,0.4873,0.4673,0.4753,3502
2020-12-15 12:00:00+00:00,0.4753,0.4795,0.4648,0.4685,7731
2020-12-15 16:00:00+00:00,0.4685,0.4728,0.4573,0.4699,7880
2020-12-15 20:00:00+00:00,0.4699,0.4768,0.4644,0.4667,7054
2020-12-16 00:00:00+00:00,0.4594,0.4674,0.4168,0.4356,5620
2020-12-16 04:00:00+00:00,0.4356,0.448,0.4342,0.4431,7779
2020-12-16 08:00:00+00:00,0.4431,0.4549,0.4399,0.4433,5966
2020-12-16 12:00:00+00:00,0.4433,0.4929,0.4412,0.4903,11087
2020-12-16 16:00:00+00:00,0.4902,0.5234,0.4826,0.5058,10994
2020-12-16 20:00:00+00:00,0.5058,0.521,0.4989,0.5188,4612
2020-12-17 00:00:00+00:00,0.5199,0.5759,0.5133,0.5602,8060
2020-12-17 04:00:00+00:00,0.5602,0.5704,0.5382,0.5615,5791
2020-12-17 08:00:00+00:00,0.5615,0.565,0.527,0.5493,8697
2020-12-17 12:00:00+00:00,0.5493,0.5863,0.5486,0.575,7645
2020-12-17 16:00:00+00:00,0.575,0.6509,0.5697,0.5944,11190
2020-12-17 20:00:00+00:00,0.5944,0.6203,0.5543,0.578,12812
2020-12-18 00:00:00+00:00,0.5829,0.5873,0.5426,0.5766,7784
2020-12-18 04:00:00+00:00,0.5766,0.6056,0.5688,0.5846,7171
2020-12-18 08:00:00+00:00,0.5844,0.599,0.5777,0.5903,5126
2020-12-18 12:00:00+00:00,0.5903,0.5907,0.558,0.5587,5758
2020-12-18 16:00:00+00:00,0.5587,0.5677,0.5465,0.5652,8431
2020-12-18 20:00:00+00:00,0.5652,0.5786,0.5501,0.5696,6170
2020-12-21 00:00:00+00:00,0.5325,0.5713,0.5325,0.5565,6407
2020-12-21 04:00:00+00:00,0.5565,0.5616,0.5491,0.5536,3914
2020-12-21 08:00:00+00:00,0.5536,0.5577,0.5286,0.5348,8481
2020-12-21 12:00:00+00:00,0.5348,0.5366,0.4904,0.5141,11569
2020-12-21 16:00:00+00:00,0.5142,0.5294,0.5011,0.5109,8693
2020-12-21 20:00:00+00:00,0.5109,0.5225,0.5038,0.519,6356
2020-12-22 00:00:00+00:00,0.5176,0.5227,0.4682,0.4737,9240
2020-12-22 04:00:00+00:00,0.4737,0.4872,0.4494,0.4581,7625
2020-12-22 08:00:00+00:00,0.4577,0.4676,0.4436,0.454,13891
2020-12-22 12:00:00+00:00,0.454,0.4847,0.4502,0.4806,12285
2020-12-22 16:00:00+00:00,0.4807,0.4916,0.4542,0.4624,7843
2020-12-22 20:00:00+00:00,0.4624,0.4796,0.3831,0.4145,9572
2020-12-23 00:00:00+00:00,0.4034,0.4464,0.3925,0.4031,11178
2020-12-23 04:00:00+00:00,0.4031,0.4137,0.316,0.3594,14131
2020-12-23 08:00:00+00:00,0.3594,0.3752,0.3211,0.3393,15579
2020-12-23 12:00:00+00:00,0.3393,0.3603,0.2851,0.3312,14944
2020-12-23 16:00:00+00:00,0.3312,0.3374,0.281,0.2996,6578
2020-12-23 20:00:00+00:00,0.2996,0.3075,0.2265,0.2397,6737
2020-12-24 00:00:00+00:00,0.2309,0.295,0.178,0.293,30791
2020-12-24 04:00:00+00:00,0.293,0.2936,0.2495,0.2578,24009
2020-12-24 08:00:00+00:00,0.2578,0.2745,0.2204,0.2644,16726
2020-12-24 12:00:00+00:00,0.2644,0.2726,0.2487,0.2724,9089
2020-12-24 16:00:00+00:00,0.2724,0.2799,0.2409,0.2547,7964
2020-12-24 20:00:00+00:00,0.2547,0.2568,0.2481,0.2524,1303
2020-12-28 00:00:00+00:00,0.2741,0.2821,0.258,0.2742,4285
2020-12-28 04:00:00+00:00,0.2742,0.2761,0.27,0.2741,4275
2020-12-28 08:00:00+00:00,0.2741,0.2916,0.2703,0.2841,4246
2020-12-28 12:00:00+00:00,0.284,0.3011,0.2815,0.2867,8600
2020-12-28 16:00:00+00:00,0.2867,0.2903,0.2773,0.2804,6326
2020-12-28 20:00:00+00:00,0.2804,0.2844,0.2621,0.2694,6467
2020-12-29 00:00:00+00:00,0.2712,0.2747,0.2089,0.2223,16941
2020-12-29 04:00:00+00:00,0.2223,0.2344,0.2116,0.2225,11475
2020-12-29 08:00:00+00:00,0.2225,0.2268,0.2054,0.2085,8019
2020-12-29 12:00:00+00:00,0.2085,0.2138,0.1788,0.1893,12905
2020-12-29 16:00:00+00:00,0.1894,0.2347,0.1643,0.2205,13968
2020-12-29 20:00:00+00:00,0.2205,0.2405,0.1971,0.2087,18005
2020-12-30 00:00:00+00:00,0.1935,0.2219,0.1915,0.2065,12947
2020-12-30 04:00:00+00:00,0.2065,0.2082,0.184,0.1983,9652
2020-12-30 08:00:00+00:00,0.1983,0.2066,0.1907,0.2023,9697
2020-12-30 12:00:00+00:00,0.2024,0.2158,0.1878,0.2071,10017
2020-12-30 16:00:00+00:00,0.2071,0.2285,0.2049,0.2121,10226
2020-12-30 20:00:00+00:00,0.2121,0.2132,0.1909,0.201,7062
2020-12-31 00:00:00+00:00,0.2016,0.2122,0.1864,0.2041,9008
2020-12-31 04:00:00+00:00,0.2041,0.2114,0.2027,0.2036,6001
2020-12-31 08:00:00+00:00,0.2036,0.212,0.2023,0.2084,6188
2020-12-31 12:00:00+00:00,0.2084,0.2215,0.2006,0.2071,7523
2020-12-31 16:00:00+00:00,0.2071,0.2145,0.1927,0.2106,6755
2020-12-31 20:00:00+00:00,0.2106,0.2123,0.2085,0.2107,1181
2021-01-04 00:00:00+00:00,0.2046,0.226,0.202,0.2244,6890
2021-01-04 04:00:00+00:00,0.2244,0.2329,0.2095,0.2266,7384
2021-01-04 08:00:00+00:00,0.2266,0.2543,0.2142,0.2226,10065
2021-01-04 12:00:00+00:00,0.2226,0.225,0.2054,0.2217,6889
2021-01-04 16:00:00+00:00,0.2217,0.2328,0.219,0.222,7911
2021-01-04 20:00:00+00:00,0.222,0.2253,0.2199,0.2223,4235
2021-01-05 00:00:00+00:00,0.2213,0.2323,0.2154,0.2283,11777
2021-01-05 04:00:00+00:00,0.2284,0.2285,0.217,0.2204,4326
2021-01-05 08:00:00+00:00,0.2203,0.2279,0.2189,0.2259,4354
2021-01-05 12:00:00+00:00,0.2259,0.235,0.2223,0.2238,5538
2021-01-05 16:00:00+00:00,0.2238,0.2245,0.2065,0.2212,4736
2021-01-05 20:00:00+00:00,0.2212,0.222,0.2141,0.2163,4559
2021-01-06 00:00:00+00:00,0.216,0.2278,0.2108,0.2182,6298
2021-01-06 04:00:00+00:00,0.2182,0.2219,0.2147,0.2185,3812
2021-01-06 08:00:00+00:00,0.2185,0.2229,0.2171,0.2187,4351
2021-01-06 12:00:00+00:00,0.2187,0.2278,0.218,0.2246,5747
2021-01-06 16:00:00+00:00,0.2246,0.2639,0.2233,0.2389,11278
2021-01-06 20:00:00+00:00,0.2389,0.2504,0.2284,0.2401,7645
2021-01-07 00:00:00+00:00,0.2323,0.2567,0.232,0.2531,9443
2021-01-07 04:00:00+00:00,0.2531,0.3088,0.2452,0.2772,11160
2021-01-07 08:00:00+00:00,0.2773,0.2998,0.2679,0.2971,9661
2021-01-07 12:00:00+00:00,0.2972,0.3536,0.2886,0.3211,14117
2021-01-07 16:00:00+00:00,0.3211,0.3627,0.3211,0.3406,10565
2021-01-07 20:00:00+00:00,0.3406,0.3462,0.2767,0.3227,9815
2021-01-08 00:00:00+00:00,0.3199,0.3377,0.3025,0.3165,4699
2021-01-08 04:00:00+00:00,0.3165,0.3165,0.2757,0.2969,3974
2021-01-08 08:00:00+00:00,0.2969,0.3253,0.2868,0.3231,5944
2021-01-08 12:00:00+00:00,0.3231,0.3368,0.3004,0.3148,9287
2021-01-08 16:00:00+00:00,0.3148,0.3189,0.2955,0.3052,8195
2021-01-08 20:00:00+00:00,0.3052,0.3066,0.2882,0.2982,7740
2021-01-11 00:00:00+00:00,0.3091,0.3115,0.2911,0.296,2854
2021-01-11 04:00:00+00:00,0.296,0.297,0.2391,0.2699,3816
2021-01-11 08:00:00+00:00,0.2699,0.2859,0.2517,0.2843,4634
2021-01-11 12:00:00+00:00,0.2843,0.2916,0.2674,0.2682,4129
2021-01-11 16:00:00+00:00,0.2682,0.2732,0.2482,0.2697,7306
2021-01-11 20:00:00+00:00,0.2697,0.2767,0.2605,0.275,7032
2021-01-12 00:00:00+00:00,0.2671,0.2824,0.267,0.2752,10028
2021-01-12 04:00:00+00:00,0.2752,0.3022,0.2724,0.2966,7099
2021-01-12 08:00:00+00:00,0.2966,0.3017,0.2879,0.2909,5842
2021-01-12 12:00:00+00:00,0.2909,0.2933,0.2729,0.2742,6536
2021-01-12 16:00:00+00:00,0.2742,0.2955,0.268,0.2911,7031
2021-01-12 20:00:00+00:00,0.2911,0.2925,0.2795,0.2906,6189
2021-01-13 00:00:00+00:00,0.2901,0.2912,0.2757,0.2845,9206
2021-01-13 04:00:00+00:00,0.2846,0.2885,0.279,0.2842,5449
2021-01-13 08:00:00+00:00,0.2842,0.2915,0.2813,0.2885,4131
2021-01-13 12:00:00+00:00,0.2885,0.2972,0.2875,0.2916,5109
2021-01-13 16:00:00+00:00,0.2916,0.2953,0.2882,0.2924,4196
2021-01-13 20:00:00+00:00,0.2924,0.2988,0.2909,0.2988,3032
2021-01-14 00:00:00+00:00,0.2942,0.3013,0.2804,0.2845,7746
2021-01-14 04:00:00+00:00,0.2845,0.2901,0.2751,0.2873,3691
2021-01-14 08:00:00+00:00,0.2873,0.2918,0.2848,0.2852,3201
2021-01-14 12:00:00+00:00,0.2852,0.2898,0.2825,0.2888,3302
2021-01-14 16:00:00+00:00,0.2889,0.2968,0.2868,0.2876,3820
2021-01-14 20:00:00+00:00,0.2876,0.2903,0.2825,0.2845,2424
2021-01-15 00:00:00+00:00,0.2841,0.2953,0.2781,0.2903,1968
2021-01-15 04:00:00+00:00,0.2903,0.2915,0.2803,0.282,2225
2021-01-15 08:00:00+00:00,0.2815,0.2858,0.2802,0.2844,4137
2021-01-15 12:00:00+00:00,0.2844,0.2864,0.2768,0.2808,4270
2021-01-15 16:00:00+00:00,0.2808,0.2817,0.2538,0.2692,6321
2021-01-15 20:00:00+00:00,0.2692,0.2732,0.2637,0.272,5311
2021-01-16 00:00:00+00:00,0.2678,0.2786,0.2671,0.2739,3121
2021-01-16 04:00:00+00:00,0.2739,0.2758,0.2677,0.27,3383
2021-01-16 08:00:00+00:00,0.27,0.2778,0.2698,0.2776,3702
2021-01-16 12:00:00+00:00,0.2776,0.2885,0.2771,0.2791,5099
2021-01-16 16:00:00+00:00,0.2791,0.2805,0.2761,0.2788,1105
2021-01-17 00:00:00+00:00,0.2715,0.2776,0.2672,0.2776,4486
2021-01-17 04:00:00+00:00,0.2776,0.2777,0.2688,0.2694,3659
2021-01-17 08:00:00+00:00,0.2695,0.2713,0.2616,0.2621,4653
2021-01-17 12:00:00+00:00,0.2621,0.2698,0.2606,0.268,3448
2021-01-17 16:00:00+00:00,0.2692,0.2695,0.2676,0.2688,693
2021-01-17 20:00:00+00:00,0.2688,0.2735,0.2662,0.2726,3925
2021-01-18 00:00:00+00:00,0.2728,0.274,0.2675,0.2701,3466
2021-01-18 04:00:00+00:00,0.27,0.2704,0.2635,0.2666,3358
2021-01-18 08:00:00+00:00,0.2666,0.28,0.2652,0.28,3756
2021-01-18 12:00:00+00:00,0.28,0.2807,0.2733,0.2767,3641
2021-01-18 16:00:00+00:00,0.2767,0.2788,0.2698,0.271,3974
2021-01-18 20:00:00+00:00,0.271,0.2755,0.2705,0.274,2414
2021-01-19 00:00:00+00:00,0.274,0.2844,0.274,0.2814,3244
2021-01-19 04:00:00+00:00,0.2814,0.3133,0.279,0.3128,3988
2021-01-19 08:00:00+00:00,0.3128,0.321,0.2931,0.2967,5737
2021-01-19 12:00:00+00:00,0.2968,0.3035,0.2876,0.2992,4813
2021-01-19 16:00:00+00:00,0.2992,0.3026,0.2931,0.2967,3924
2021-01-19 20:00:00+00:00,0.2967,0.2977,0.2877,0.295,4602
2021-01-20 00:00:00+00:00,0.2951,0.2959,0.2822,0.2871,4204
2021-01-20 04:00:00+00:00,0.2871,0.2871,0.2747,0.2825,4449
2021-01-20 08:00:00+00:00,0.2825,0.3035,0.2756,0.279,5978
2021-01-20 12:00:00+00:00,0.279,0.2827,0.2721,0.2816,5900
2021-01-20 16:00:00+00:00,0.2817,0.2831,0.2724,0.2819,3825
2021-01-20 20:00:00+00:00,0.2819,0.2869,0.2804,0.2864,2970
2021-01-21 00:00:00+00:00,0.2864,0.2898,0.2822,0.2835,3643
2021-01-21 04:00:00+00:00,0.2835,0.2996,0.2801,0.2867,5186
2021-01-21 08:00:00+00:00,0.2867,0.2915,0.274,0.2757,4338
2021-01-21 12:00:00+00:00,0.2757,0.2785,0.2655,0.2732,4243
2021-01-21 16:00:00+00:00,0.2732,0.275,0.2604,0.2672,6725
2021-01-21 20:00:00+00:00,0.2672,0.2711,0.2642,0.2655,4746
2021-01-22 00:00:00+00:00,0.2655,0.2656,0.2326,0.2502,8188
2021-01-22 04:00:00+00:00,0.2502,0.2638,0.248,0.2603,5983
2021-01-22 08:00:00+00:00,0.2603,0.2627,0.2526,0.2576,5477
2021-01-22 12:00:00+00:00,0.2576,0.2655,0.2563,0.2641,4225
2021-01-22 16:00:00+00:00,0.2641,0.2701,0.263,0.2651,3075
2021-01-22 20:00:00+00:00,0.2651,0.2703,0.2632,0.2662,2768
2021-01-23 00:00:00+00:00,0.2618,0.2756,0.261,0.2685,3502
2021-01-23 04:00:00+00:00,0.2685,0.2712,0.2658,0.2709,2564
2021-01-23 08:00:00+00:00,0.2709,0.2724,0.2634,0.2651,3300
2021-01-23 12:00:00+00:00,0.2651,0.266,0.2577,0.262,3993
2021-01-23 16:00:00+00:00,0.262,0.2635,0.2611,0.262,681
2021-01-24 00:00:00+00:00,0.2641,0.2648,0.2606,0.2633,3325
2021-01-24 04:00:00+00:00,0.2633,0.27,0.2624,0.2683,2649
2021-01-24 08:00:00+00:00,0.2683,0.2698,0.2649,0.2666,2835
2021-01-24 12:00:00+00:00,0.2668,0.2688,0.2623,0.2663,2520
2021-01-24 16:00:00+00:00,0.2663,0.2671,0.2621,0.2663,2767
2021-01-24 20:00:00+00:00,0.2663,0.267,0.2598,0.2637,2855
2021-01-25 00:00:00+00:00,0.2637,0.2733,0.2631,0.2698,2745
2021-01-25 04:00:00+00:00,0.2698,0.2726,0.2679,0.2703,2311
2021-01-25 08:00:00+00:00,0.2703,0.272,0.264,0.2655,2236
2021-01-25 12:00:00+00:00,0.2655,0.2702,0.2647,0.2691,2280
2021-01-25 16:00:00+00:00,0.2691,0.2773,0.2655,0.2664,3482
2021-01-25 20:00:00+00:00,0.2663,0.2672,0.2608,0.2642,3175
2021-01-26 00:00:00+00:00,0.2642,0.2642,0.2572,0.2631,3167
2021-01-26 04:00:00+00:00,0.2631,0.2631,0.2553,0.2602,2533
2021-01-26 08:00:00+00:00,0.2602,0.2632,0.2556,0.2581,2751
2021-01-26 12:00:00+00:00,0.2581,0.2601,0.2539,0.2552,2416
2021-01-26 16:00:00+00:00,0.2552,0.2588,0.2503,0.2585,2587
2021-01-26 20:00:00+00:00,0.2585,0.2607,0.2571,0.2585,2009
2021-01-27 00:00:00+00:00,0.2585,0.2619,0.2573,0.2579,2472
2021-01-27 04:00:00+00:00,0.2579,0.2589,0.2533,0.2542,2284
2021-01-27 08:00:00+00:00,0.2542,0.2572,0.2474,0.2488,2612
2021-01-27 12:00:00+00:00,0.2488,0.2518,0.2424,0.2426,2937
2021-01-27 16:00:00+00:00,0.2426,0.2472,0.2363,0.2436,3333
2021-01-27 20:00:00+00:00,0.2436,0.2491,0.2386,0.2473,3003
2021-01-28 00:00:00+00:00,0.2473,0.2493,0.2394,0.2456,2940
2021-01-28 04:00:00+00:00,0.2456,0.2515,0.2446,0.251,2093
2021-01-28 08:00:00+00:00,0.2511,0.2533,0.2463,0.2486,2420
2021-01-28 12:00:00+00:00,0.2486,0.2565,0.2469,0.2543,2444
2021-01-28 16:00:00+00:00,0.2543,0.2576,0.2502,0.2515,2605
2021-01-28 20:00:00+00:00,0.2515,0.2549,0.2504,0.2545,2208
2021-01-29 00:00:00+00:00,0.2545,0.2648,0.2541,0.2597,5163
2021-01-29 04:00:00+00:00,0.2597,0.3086,0.2522,0.2918,6790
2021-01-29 08:00:00+00:00,0.2919,0.292,0.2643,0.2739,8794
2021-01-29 12:00:00+00:00,0.2739,0.2841,0.2718,0.2838,4429
2021-01-29 16:00:00+00:00,0.2838,0.2909,0.2706,0.2772,5989
2021-01-29 20:00:00+00:00,0.2772,0.2805,0.2711,0.2794,4436
2021-01-30 00:00:00+00:00,0.2755,0.2994,0.2739,0.2833,3568
2021-01-30 04:00:00+00:00,0.2833,0.2891,0.2704,0.2838,4718
2021-01-30 08:00:00+00:00,0.2838,0.3022,0.2774,0.3006,5170
2021-01-30 12:00:00+00:00,0.3007,0.3279,0.2936,0.3279,6454
2021-01-30 16:00:00+00:00,0.3279,0.3571,0.3214,0.3388,3023
2021-01-31 00:00:00+00:00,0.3929,0.4651,0.3803,0.4222,14289
2021-01-31 04:00:00+00:00,0.4222,0.4276,0.3803,0.4063,9548
2021-01-31 08:00:00+00:00,0.4061,0.477,0.4028,0.4586,14872
2021-01-31 12:00:00+00:00,0.4586,0.5014,0.4548,0.4913,18775
2021-01-31 16:00:00+00:00,0.4913,0.4962,0.4202,0.4478,17905
2021-01-31 20:00:00+00:00,0.4478,0.4757,0.4318,0.4711,14468
2021-02-01 00:00:00+00:00,0.4711,0.4922,0.4528,0.4729,17364
2021-02-01 04:00:00+00:00,0.4729,0.5928,0.4679,0.5725,16623
2021-02-01 08:00:00+00:00,0.5725,0.6732,0.5552,0.6519,20245
2021-02-01 12:00:00+00:00,0.652,0.7345,0.4,0.4603,21919
2021-02-01 16:00:00+00:00,0.4603,0.4605,0.357,0.394,14266
2021-02-01 20:00:00+00:00,0.394,0.4155,0.3732,0.3823,12022
2021-02-02 00:00:00+00:00,0.3823,0.3903,0.3322,0.3424,13510
2021-02-02 04:00:00+00:00,0.3424,0.3857,0.339,0.3721,7509
2021-02-02 08:00:00+00:00,0.3721,0.3738,0.348,0.3623,6234
2021-02-02 12:00:00+00:00,0.3623,0.4045,0.3599,0.3762,8596
2021-02-02 16:00:00+00:00,0.3762,0.3826,0.3588,0.3692,5843
2021-02-02 20:00:00+00:00,0.3692,0.3763,0.3486,0.3608,4743
2021-02-03 00:00:00+00:00,0.3608,0.3806,0.3572,0.3786,4313
2021-02-03 04:00:00+00:00,0.3786,0.3893,0.3707,0.3755,4662
2021-02-03 08:00:00+00:00,0.3755,0.3805,0.3684,0.3731,3242
2021-02-03 12:00:00+00:00,0.3731,0.3767,0.3654,0.3732,4297
2021-02-03 16:00:00+00:00,0.3732,0.4113,0.3688,0.3874,8239
2021-02-03 20:00:00+00:00,0.3874,0.388,0.3747,0.3858,4008
2021-02-04 00:00:00+00:00,0.3858,0.391,0.3819,0.3854,2738
2021-02-04 04:00:00+00:00,0.3854,0.3868,0.3715,0.3831,2310
2021-02-04 08:00:00+00:00,0.3831,0.4034,0.3721,0.3801,5441
2021-02-04 12:00:00+00:00,0.3801,0.3895,0.378,0.3867,3884
2021-02-04 16:00:00+00:00,0.3867,0.4419,0.3836,0.4303,11257
2021-02-04 20:00:00+00:00,0.4303,0.4634,0.4116,0.4634,10942
2021-02-05 00:00:00+00:00,0.4635,0.4714,0.4347,0.4419,10133
2021-02-05 04:00:00+00:00,0.4417,0.4493,0.4164,0.4456,5629
2021-02-05 08:00:00+00:00,0.4456,0.4456,0.4192,0.4236,4395
2021-02-05 12:00:00+00:00,0.4236,0.4461,0.4168,0.4384,6982
2021-02-05 16:00:00+00:00,0.4384,0.4568,0.4317,0.4429,6780
2021-02-05 20:00:00+00:00,0.443,0.4463,0.4238,0.4367,4042
2021-02-06 00:00:00+00:00,0.434,0.4487,0.4177,0.424,4671
2021-02-06 04:00:00+00:00,0.4241,0.4328,0.4199,0.4261,2919
2021-02-06 08:00:00+00:00,0.4261,0.4341,0.4239,0.4296,2159
2021-02-06 12:00:00+00:00,0.4296,0.4315,0.4222,0.4275,2122
2021-02-06 16:00:00+00:00,0.4275,0.4353,0.4273,0.4348,404
2021-02-07 00:00:00+00:00,0.4362,0.4445,0.4316,0.4361,2923
2021-02-07 04:00:00+00:00,0.4361,0.4378,0.4111,0.4221,4272
2021-02-07 08:00:00+00:00,0.4221,0.4342,0.4194,0.4277,3219
2021-02-07 12:00:00+00:00,0.4277,0.438,0.4272,0.4318,4047
2021-02-07 16:00:00+00:00,0.4318,0.4318,0.3833,0.4038,8272
2021-02-07 20:00:00+00:00,0.4038,0.4176,0.4025,0.4126,4129
2021-02-08 00:00:00+00:00,0.4126,0.4213,0.4053,0.413,4104
2021-02-08 04:00:00+00:00,0.413,0.4218,0.4048,0.4203,4903
2021-02-08 08:00:00+00:00,0.4203,0.4257,0.4136,0.4138,6033
2021-02-08 12:00:00+00:00,0.4138,0.434,0.4136,0.4332,8408
2021-02-08 16:00:00+00:00,0.4332,0.4615,0.4321,0.4415,10311
2021-02-08 20:00:00+00:00,0.4415,0.4494,0.434,0.4442,4752
2021-02-09 00:00:00+00:00,0.4442,0.455,0.4367,0.448,6371
2021-02-09 04:00:00+00:00,0.448,0.4829,0.4445,0.47,6223
2021-02-09 08:00:00+00:00,0.47,0.4728,0.4451,0.4531,9524
2021-02-09 12:00:00+00:00,0.4534,0.4622,0.4427,0.4535,8951
2021-02-09 16:00:00+00:00,0.4535,0.4646,0.4474,0.4611,7114
2021-02-09 20:00:00+00:00,0.4611,0.4696,0.457,0.4625,5064
2021-02-10 00:00:00+00:00,0.4625,0.48,0.4565,0.4763,4262
2021-02-10 04:00:00+00:00,0.4763,0.4905,0.4651,0.478,4846
2021-02-10 08:00:00+00:00,0.478,0.5335,0.4772,0.5115,7405
2021-02-10 12:00:00+00:00,0.5117,0.531,0.4656,0.5039,10737
2021-02-10 16:00:00+00:00,0.5033,0.5116,0.4817,0.4946,14355
2021-02-10 20:00:00+00:00,0.4947,0.4984,0.4834,0.4915,8650
2021-02-11 00:00:00+00:00,0.4915,0.5155,0.4882,0.501,9599
2021-02-11 04:00:00+00:00,0.501,0.509,0.5009,0.5059,3299
2021-02-11 08:00:00+00:00,0.5059,0.5093,0.4964,0.505,5497
2021-02-11 12:00:00+00:00,0.505,0.522,0.5027,0.5176,6969
2021-02-11 16:00:00+00:00,0.5176,0.5272,0.5077,0.5129,6835
2021-02-11 20:00:00+00:00,0.5131,0.5253,0.5024,0.5081,6143
2021-02-12 00:00:00+00:00,0.5081,0.5232,0.507,0.5223,6220
2021-02-12 04:00:00+00:00,0.5222,0.5622,0.5186,0.5489,10582
2021-02-12 08:00:00+00:00,0.5489,0.5814,0.5392,0.5812,9663
2021-02-12 12:00:00+00:00,0.5812,0.5911,0.5608,0.5758,8650
2021-02-12 16:00:00+00:00,0.5758,0.5861,0.5443,0.5767,13012
2021-02-12 20:00:00+00:00,0.5768,0.5802,0.5634,0.5802,16196
2021-02-13 00:00:00+00:00,0.5875,0.616,0.5852,0.6108,8982
2021-02-13 04:00:00+00:00,0.6108,0.6348,0.6003,0.6165,15666
2021-02-13 08:00:00+00:00,0.6166,0.6187,0.5726,0.5978,16012
2021-02-13 12:00:00+00:00,0.5975,0.5975,0.5352,0.5682,8892
2021-02-14 00:00:00+00:00,0.6079,0.6338,0.6049,0.6222,8784
2021-02-14 04:00:00+00:00,0.6223,0.6256,0.5912,0.5994,8961
2021-02-14 08:00:00+00:00,0.5996,0.6194,0.5965,0.6071,7715
2021-02-14 12:00:00+00:00,0.6071,0.6118,0.5623,0.5763,8859
2021-02-14 16:00:00+00:00,0.5762,0.5932,0.5531,0.5765,19213
2021-02-14 20:00:00+00:00,0.5765,0.6017,0.574,0.5981,7069
2021-02-15 00:00:00+00:00,0.5977,0.6061,0.5538,0.5592,10343
2021-02-15 04:00:00+00:00,0.5592,0.567,0.5025,0.5315,27456
2021-02-15 08:00:00+00:00,0.5315,0.5643,0.531,0.5493,13291
2021-02-15 12:00:00+00:00,0.5493,0.576,0.5439,0.5695,12225
2021-02-15 16:00:00+00:00,0.5691,0.5778,0.5527,0.5725,20340
2021-02-15 20:00:00+00:00,0.5727,0.5781,0.5443,0.5485,9371
2021-02-16 00:00:00+00:00,0.5485,0.5575,0.5263,0.5564,10560
2021-02-16 04:00:00+00:00,0.5564,0.5719,0.5534,0.5605,7780
2021-02-16 08:00:00+00:00,0.5605,0.5619,0.5439,0.5523,7412
2021-02-16 12:00:00+00:00,0.5522,0.5556,0.5193,0.5253,8886
2021-02-16 16:00:00+00:00,0.5253,0.5376,0.4953,0.5101,9642
2021-02-16 20:00:00+00:00,0.5096,0.5203,0.4742,0.4953,11362
2021-02-17 00:00:00+00:00,0.4951,0.5225,0.4936,0.5075,8388
2021-02-17 04:00:00+00:00,0.5075,0.5215,0.4854,0.4901,8759
2021-02-17 08:00:00+00:00,0.4904,0.5306,0.4899,0.5253,9740
2021-02-17 12:00:00+00:00,0.5253,0.5466,0.5214,0.5314,8697
2021-02-17 16:00:00+00:00,0.5315,0.549,0.5286,0.5397,7317
2021-02-17 20:00:00+00:00,0.5397,0.5443,0.5303,0.5427,5176
2021-02-18 00:00:00+00:00,0.5427,0.5427,0.524,0.5409,7563
2021-02-18 04:00:00+00:00,0.5412,0.5436,0.5308,0.5414,4523
2021-02-18 08:00:00+00:00,0.5414,0.5518,0.531,0.536,5909
2021-02-18 12:00:00+00:00,0.536,0.5379,0.511,0.5289,7407
2021-02-18 16:00:00+00:00,0.5289,0.5302,0.5193,0.5229,5774
2021-02-18 20:00:00+00:00,0.5229,0.5352,0.5221,0.5337,5447
2021-02-19 00:00:00+00:00,0.5336,0.5348,0.5163,0.5185,6560
2021-02-19 04:00:00+00:00,0.5185,0.5269,0.5052,0.5201,6285
2021-02-19 08:00:00+00:00,0.5202,0.5365,0.5184,0.5318,6779
2021-02-19 12:00:00+00:00,0.5317,0.5737,0.5264,0.5496,8374
2021-02-19 16:00:00+00:00,0.5496,0.5564,0.5362,0.5507,5934
2021-02-19 20:00:00+00:00,0.5507,0.5646,0.5418,0.5512,4724
2021-02-20 00:00:00+00:00,0.5525,0.5668,0.5469,0.553,4879
2021-02-20 04:00:00+00:00,0.553,0.5665,0.5504,0.5613,7169
2021-02-20 08:00:00+00:00,0.5613,0.5742,0.5522,0.5579,7176
2021-02-20 12:00:00+00:00,0.5579,0.5605,0.5472,0.5541,7460
2021-02-20 16:00:00+00:00,0.554,0.5549,0.5127,0.5258,2083
2021-02-21 00:00:00+00:00,0.5245,0.5245,0.4646,0.5165,18479
2021-02-21 04:00:00+00:00,0.5165,0.5248,0.5092,0.5155,15324
2021-02-21 08:00:00+00:00,0.5156,0.5243,0.5065,0.5225,7135
2021-02-21 12:00:00+00:00,0.5223,0.5504,0.521,0.5311,7663
2021-02-21 16:00:00+00:00,0.5311,0.5438,0.5217,0.5377,6158
2021-02-21 20:00:00+00:00,0.5377,0.5444,0.5215,0.5252,6262
2021-02-22 00:00:00+00:00,0.5252,0.5448,0.515,0.5269,18620
2021-02-22 04:00:00+00:00,0.5269,0.6431,0.5073,0.6431,15298
2021-02-22 08:00:00+00:00,0.6431,0.6431,0.5423,0.5519,13038
2021-02-22 12:00:00+00:00,0.5519,0.5916,0.5196,0.556,11719
2021-02-22 16:00:00+00:00,0.556,0.6053,0.5068,0.5704,12614
2021-02-22 20:00:00+00:00,0.5704,0.6271,0.5531,0.5625,18492
2021-02-23 00:00:00+00:00,0.5625,0.5675,0.5291,0.5346,20002
2021-02-23 04:00:00+00:00,0.5348,0.5436,0.4934,0.5132,8468
2021-02-23 08:00:00+00:00,0.5132,0.525,0.3581,0.438,9960
2021-02-23 12:00:00+00:00,0.438,0.4718,0.4002,0.4632,19730
2021-02-23 16:00:00+00:00,0.4632,0.4757,0.4344,0.4652,16504
2021-02-23 20:00:00+00:00,0.4655,0.478,0.4416,0.4589,10003
2021-02-24 00:00:00+00:00,0.459,0.487,0.449,0.4858,13262
2021-02-24 04:00:00+00:00,0.4855,0.4912,0.4763,0.4799,16418
2021-02-24 08:00:00+00:00,0.4799,0.492,0.4681,0.4829,11467
2021-02-24 12:00:00+00:00,0.4828,0.4864,0.4621,0.4664,16408
2021-02-24 16:00:00+00:00,0.4664,0.4724,0.4476,0.4651,10042
2021-02-24 20:00:00+00:00,0.4651,0.4661,0.4446,0.4541,21223
2021-02-25 00:00:00+00:00,0.4542,0.4745,0.4432,0.4659,17299
2021-02-25 04:00:00+00:00,0.4658,0.4693,0.4538,0.4658,8355
2021-02-25 08:00:00+00:00,0.4657,0.4697,0.4452,0.449,10495
2021-02-25 12:00:00+00:00,0.449,0.4731,0.4489,0.4656,11190
2021-02-25 16:00:00+00:00,0.4656,0.4694,0.4537,0.4558,9952
2021-02-25 20:00:00+00:00,0.4557,0.4587,0.444,0.4445,8821
2021-02-26 00:00:00+00:00,0.4445,0.4489,0.4033,0.421,9840
2021-02-26 04:00:00+00:00,0.421,0.4353,0.4108,0.4113,9033
2021-02-26 08:00:00+00:00,0.4113,0.4271,0.4065,0.4216,11862
2021-02-26 12:00:00+00:00,0.4216,0.4275,0.4162,0.4202,9682
2021-02-26 16:00:00+00:00,0.4202,0.4426,0.4196,0.4346,8098
2021-02-26 20:00:00+00:00,0.4346,0.4387,0.4166,0.4169,10095
2021-02-27 00:00:00+00:00,0.4143,0.4366,0.4135,0.4329,5968
2021-02-27 04:00:00+00:00,0.4329,0.4381,0.4271,0.4344,6099
2021-02-27 08:00:00+00:00,0.4344,0.4404,0.4212,0.427,6406
2021-02-27 12:00:00+00:00,0.4268,0.4508,0.4242,0.4392,7551
2021-02-27 16:00:00+00:00,0.4393,0.4446,0.4333,0.4368,1951
2021-02-28 00:00:00+00:00,0.4361,0.4361,0.419,0.4288,7068
2021-02-28 04:00:00+00:00,0.4288,0.4288,0.3996,0.408,7417
2021-02-28 08:00:00+00:00,0.408,0.4152,0.3957,0.4089,8847
2021-02-28 12:00:00+00:00,0.4089,0.4153,0.4023,0.4024,8693
2021-02-28 16:00:00+00:00,0.4024,0.4071,0.3849,0.39,8269
2021-02-28 20:00:00+00:00,0.39,0.4142,0.3897,0.4107,4259
2021-03-01 00:00:00+00:00,0.4107,0.4183,0.4047,0.4162,5547
2021-03-01 04:00:00+00:00,0.4162,0.4196,0.4091,0.4108,3955
2021-03-01 08:00:00+00:00,0.4108,0.424,0.4084,0.4212,9128
2021-03-01 12:00:00+00:00,0.4212,0.4281,0.4174,0.423,7939
2021-03-01 16:00:00+00:00,0.423,0.4467,0.4205,0.4266,9111
2021-03-01 20:00:00+00:00,0.4266,0.4357,0.4237,0.4347,7956
2021-03-02 00:00:00+00:00,0.4347,0.4474,0.4309,0.437,7239
2021-03-02 04:00:00+00:00,0.437,0.4388,0.4297,0.4314,5805
2021-03-02 08:00:00+00:00,0.4314,0.4397,0.42,0.4366,5269
2021-03-02 12:00:00+00:00,0.4366,0.4382,0.4303,0.4373,4465
2021-03-02 16:00:00+00:00,0.4373,0.4426,0.4139,0.419,10397
2021-03-02 20:00:00+00:00,0.419,0.4239,0.4149,0.4213,4821
2021-03-03 00:00:00+00:00,0.4217,0.4295,0.4215,0.4295,2916
2021-03-03 04:00:00+00:00,0.4295,0.4368,0.4271,0.4339,2444
2021-03-03 08:00:00+00:00,0.4339,0.4445,0.4332,0.4404,3834
2021-03-03 12:00:00+00:00,0.4404,0.4603,0.4387,0.442,9952
2021-03-03 16:00:00+00:00,0.442,0.4455,0.4333,0.4419,5708
2021-03-03 20:00:00+00:00,0.4418,0.4433,0.4329,0.4423,5545
2021-03-04 00:00:00+00:00,0.4415,0.4509,0.4368,0.4496,5019
2021-03-04 04:00:00+00:00,0.4494,0.4509,0.427,0.4372,5485
2021-03-04 08:00:00+00:00,0.4372,0.4627,0.4334,0.4418,7338
2021-03-04 12:00:00+00:00,0.4416,0.4502,0.4366,0.449,7390
2021-03-04 16:00:00+00:00,0.4489,0.4864,0.4436,0.4667,8975
2021-03-04 20:00:00+00:00,0.4666,0.473,0.4422,0.4561,8652
2021-03-05 00:00:00+00:00,0.462,0.4788,0.4406,0.4444,7434
2021-03-05 04:00:00+00:00,0.4446,0.4655,0.4378,0.4545,7364
2021-03-05 08:00:00+00:00,0.4545,0.455,0.4391,0.4487,6718
2021-03-05 12:00:00+00:00,0.4487,0.456,0.4439,0.4513,5353
2021-03-05 16:00:00+00:00,0.4513,0.4575,0.4406,0.4472,6500
2021-03-05 20:00:00+00:00,0.4472,0.4552,0.4461,0.452,4987
2021-03-06 00:00:00+00:00,0.4518,0.4518,0.445,0.4491,3347
2021-03-06 04:00:00+00:00,0.4491,0.4629,0.4486,0.455,4099
2021-03-06 08:00:00+00:00,0.455,0.4613,0.4514,0.4531,4746
2021-03-06 12:00:00+00:00,0.4531,0.4552,0.4412,0.4446,5319
2021-03-06 16:00:00+00:00,0.4446,0.4476,0.4436,0.447,1392
2021-03-07 00:00:00+00:00,0.454,0.4572,0.4531,0.4546,3402
2021-03-07 04:00:00+00:00,0.4546,0.4587,0.4509,0.454,3191
2021-03-07 08:00:00+00:00,0.454,0.4601,0.4526,0.4573,3946
2021-03-07 12:00:00+00:00,0.4573,0.4608,0.4546,0.4565,3971
2021-03-07 16:00:00+00:00,0.4565,0.4586,0.4515,0.4579,3960
2021-03-07 20:00:00+00:00,0.4579,0.458,0.4486,0.454,4018
2021-03-08 00:00:00+00:00,0.4536,0.4647,0.4536,0.4622,4572
2021-03-08 04:00:00+00:00,0.4622,0.4623,0.4541,0.46,4565
2021-03-08 08:00:00+00:00,0.46,0.4726,0.4471,0.4712,4985
2021-03-08 12:00:00+00:00,0.4709,0.4817,0.4592,0.4664,5639
2021-03-08 16:00:00+00:00,0.4664,0.4756,0.462,0.4713,4912
2021-03-08 20:00:00+00:00,0.4713,0.4735,0.4619,0.4645,4423
2021-03-09 00:00:00+00:00,0.465,0.4714,0.4621,0.4698,4181
2021-03-09 04:00:00+00:00,0.4698,0.4794,0.4684,0.4745,4365
2021-03-09 08:00:00+00:00,0.4745,0.4758,0.4691,0.471,4096
2021-03-09 12:00:00+00:00,0.471,0.4762,0.4671,0.4722,4255
2021-03-09 16:00:00+00:00,0.4722,0.4736,0.4678,0.4689,4351
2021-03-09 20:00:00+00:00,0.4689,0.4741,0.4673,0.4741,3239
2021-03-10 00:00:00+00:00,0.4737,0.4806,0.4658,0.4685,4168
2021-03-10 04:00:00+00:00,0.4685,0.4685,0.4466,0.4576,7018
2021-03-10 08:00:00+00:00,0.4576,0.4635,0.4555,0.4616,3709
2021-03-10 12:00:00+00:00,0.4616,0.4643,0.4563,0.4638,5333
2021-03-10 16:00:00+00:00,0.4639,0.4639,0.4537,0.46,4713
2021-03-10 20:00:00+00:00,0.46,0.4622,0.4484,0.4565,5610
2021-03-11 00:00:00+00:00,0.4571,0.459,0.4423,0.4464,5941
2021-03-11 04:00:00+00:00,0.4464,0.451,0.445,0.447,4862
2021-03-11 08:00:00+00:00,0.447,0.4504,0.4332,0.4332,5508
2021-03-11 12:00:00+00:00,0.4332,0.4494,0.4329,0.4478,4789
2021-03-11 16:00:00+00:00,0.4478,0.4504,0.4402,0.4437,5927
2021-03-11 20:00:00+00:00,0.4436,0.4494,0.44,0.4463,5102
2021-03-12 00:00:00+00:00,0.447,0.4568,0.4375,0.4497,5294
2021-03-12 04:00:00+00:00,0.4497,0.4553,0.4467,0.4504,5402
2021-03-12 08:00:00+00:00,0.4504,0.4519,0.4438,0.4451,4477
2021-03-12 12:00:00+00:00,0.4451,0.4451,0.4144,0.4276,6196
2021-03-12 16:00:00+00:00,0.4276,0.4404,0.4236,0.4338,5855
2021-03-12 20:00:00+00:00,0.4338,0.4375,0.4263,0.4272,5253
2021-03-13 00:00:00+00:00,0.43,0.434,0.4245,0.4277,3884
2021-03-13 04:00:00+00:00,0.4277,0.4374,0.4257,0.435,4262
2021-03-13 08:00:00+00:00,0.435,0.4375,0.4317,0.4333,3771
2021-03-13 12:00:00+00:00,0.4333,0.4499,0.4314,0.4437,6336
2021-03-13 16:00:00+00:00,0.4437,0.4582,0.4436,0.4515,1348
2021-03-14 12:00:00+00:00,0.4438,0.4439,0.4342,0.4401,3006
2021-03-14 16:00:00+00:00,0.4401,0.4414,0.4326,0.4344,4197
2021-03-14 20:00:00+00:00,0.4345,0.4409,0.4337,0.44,3292
2021-03-15 00:00:00+00:00,0.4398,0.4411,0.4265,0.433,3933
2021-03-15 04:00:00+00:00,0.433,0.4401,0.4316,0.4344,3637
2021-03-15 08:00:00+00:00,0.4344,0.436,0.4193,0.4234,4466
2021-03-15 12:00:00+00:00,0.4231,0.435,0.4137,0.4348,6293
2021-03-15 16:00:00+00:00,0.4348,0.4354,0.4261,0.4285,5324
2021-03-15 20:00:00+00:00,0.4285,0.435,0.4261,0.431,3948
2021-03-16 00:00:00+00:00,0.4318,0.433,0.4205,0.4235,4242
2021-03-16 04:00:00+00:00,0.4235,0.4561,0.4194,0.4457,6495
2021-03-16 08:00:00+00:00,0.4458,0.5135,0.4421,0.4712,9995
2021-03-16 12:00:00+00:00,0.4711,0.4775,0.4562,0.4634,7800
2021-03-16 16:00:00+00:00,0.4634,0.4772,0.4582,0.4614,6614
2021-03-16 20:00:00+00:00,0.4614,0.4633,0.4421,0.4515,5592
2021-03-17 00:00:00+00:00,0.4488,0.4681,0.4462,0.467,3578
2021-03-17 04:00:00+00:00,0.467,0.4743,0.4564,0.4651,5625
2021-03-17 08:00:00+00:00,0.4651,0.4655,0.4523,0.4532,4221
2021-03-17 12:00:00+00:00,0.4532,0.4597,0.4454,0.4542,5565
2021-03-17 16:00:00+00:00,0.4542,0.4656,0.4528,0.4618,4887
2021-03-17 20:00:00+00:00,0.4618,0.4684,0.4584,0.4593,4048
2021-03-18 00:00:00+00:00,0.4607,0.4661,0.4575,0.4581,3338
2021-03-18 04:00:00+00:00,0.4581,0.4712,0.4581,0.4669,4286
2021-03-18 08:00:00+00:00,0.4669,0.4719,0.4599,0.4604,3886
2021-03-18 12:00:00+00:00,0.4604,0.4825,0.4602,0.4711,4732
2021-03-18 16:00:00+00:00,0.4711,0.4751,0.4647,0.4705,4980
2021-03-18 20:00:00+00:00,0.4704,0.4751,0.4583,0.4619,4664
2021-03-19 00:00:00+00:00,0.4611,0.4653,0.4507,0.4579,4034
2021-03-19 04:00:00+00:00,0.4579,0.4649,0.4563,0.4616,3289
2021-03-19 08:00:00+00:00,0.4616,0.4655,0.4597,0.4614,3084
2021-03-19 12:00:00+00:00,0.4614,0.4672,0.4605,0.4634,2717
2021-03-19 16:00:00+00:00,0.4634,0.4645,0.4596,0.4629,2979
2021-03-19 20:00:00+00:00,0.4629,0.4635,0.4582,0.4603,2399
2021-03-20 00:00:00+00:00,0.4615,0.4626,0.4564,0.4624,2372
2021-03-20 04:00:00+00:00,0.4624,0.4724,0.4599,0.4659,3084
2021-03-20 08:00:00+00:00,0.4658,0.4799,0.4632,0.4706,4396
2021-03-20 12:00:00+00:00,0.4706,0.4924,0.4706,0.4863,5128
2021-03-20 16:00:00+00:00,0.4863,0.4883,0.4811,0.483,1424
2021-03-21 00:00:00+00:00,0.5146,0.5418,0.5096,0.5197,8054
2021-03-21 04:00:00+00:00,0.5197,0.5245,0.4973,0.514,7077
2021-03-21 08:00:00+00:00,0.514,0.5232,0.5053,0.5125,5587
2021-03-21 12:00:00+00:00,0.5124,0.5125,0.4872,0.4909,6728
2021-03-21 16:00:00+00:00,0.4909,0.5008,0.4893,0.4928,3127
2021-03-21 20:00:00+00:00,0.4929,0.5109,0.4893,0.5041,3118
2021-03-22 00:00:00+00:00,0.5029,0.5168,0.4928,0.4955,4232
2021-03-22 04:00:00+00:00,0.4954,0.509,0.4946,0.5033,3753
2021-03-22 08:00:00+00:00,0.5033,0.5216,0.5019,0.5094,4626
2021-03-22 12:00:00+00:00,0.5094,0.5824,0.507,0.5697,10233
2021-03-22 16:00:00+00:00,0.5697,0.5903,0.5476,0.5819,10097
2021-03-22 20:00:00+00:00,0.5822,0.5922,0.5344,0.5368,10608
2021-03-23 00:00:00+00:00,0.5374,0.5647,0.5335,0.5605,9998
2021-03-23 04:00:00+00:00,0.5605,0.588,0.554,0.5662,10545
2021-03-23 08:00:00+00:00,0.5663,0.5742,0.5377,0.5672,10063
2021-03-23 12:00:00+00:00,0.5671,0.5776,0.5503,0.5663,10059
2021-03-23 16:00:00+00:00,0.5663,0.5735,0.5477,0.5552,9158
2021-03-23 20:00:00+00:00,0.5552,0.5574,0.5326,0.5343,7144
2021-03-24 00:00:00+00:00,0.5341,0.553,0.5277,0.5291,7526
2021-03-24 04:00:00+00:00,0.5291,0.5438,0.528,0.5353,6052
2021-03-24 08:00:00+00:00,0.5353,0.5509,0.5319,0.5489,6872
2021-03-24 12:00:00+00:00,0.5489,0.5502,0.5387,0.5478,5473
2021-03-24 16:00:00+00:00,0.5478,0.5549,0.5355,0.5373,6652
2021-03-24 20:00:00+00:00,0.5373,0.5399,0.5,0.5149,8254
2021-03-25 00:00:00+00:00,0.5146,0.5183,0.4446,0.4788,9530
2021-03-25 04:00:00+00:00,0.4787,0.4831,0.4493,0.481,8991
2021-03-25 08:00:00+00:00,0.481,0.4965,0.4783,0.4965,8073
2021-03-25 12:00:00+00:00,0.4968,0.5054,0.4669,0.4822,8924
2021-03-25 16:00:00+00:00,0.4822,0.4927,0.4742,0.4836,8687
2021-03-25 20:00:00+00:00,0.4836,0.5155,0.4819,0.5058,7550
2021-03-26 00:00:00+00:00,0.509,0.5257,0.4989,0.5232,7478
2021-03-26 04:00:00+00:00,0.5232,0.5284,0.5158,0.5253,7077
2021-03-26 08:00:00+00:00,0.5253,0.5322,0.5198,0.5238,5807
2021-03-26 12:00:00+00:00,0.5238,0.5682,0.5221,0.5475,8601
2021-03-26 16:00:00+00:00,0.5476,0.5601,0.5345,0.5498,7234
2021-03-26 20:00:00+00:00,0.5495,0.5555,0.5383,0.551,4515
2021-03-27 00:00:00+00:00,0.5529,0.5665,0.5528,0.5544,3511
2021-03-27 04:00:00+00:00,0.5544,0.5583,0.5468,0.5544,5173
2021-03-27 08:00:00+00:00,0.5544,0.5571,0.5361,0.5428,5430
2021-03-27 12:00:00+00:00,0.5428,0.5476,0.5262,0.5312,6173
2021-03-27 16:00:00+00:00,0.5314,0.5391,0.5297,0.5378,1629
2021-03-28 00:00:00+00:00,0.5466,0.5537,0.5352,0.5439,5115
2021-03-28 04:00:00+00:00,0.5439,0.5462,0.5404,0.5462,2930
2021-03-28 08:00:00+00:00,0.5461,0.5527,0.5429,0.548,3833
2021-03-28 12:00:00+00:00,0.548,0.5501,0.5308,0.5416,5264
2021-03-28 16:00:00+00:00,0.5416,0.5462,0.5364,0.5422,5298
2021-03-28 20:00:00+00:00,0.5422,0.5427,0.5328,0.5332,4998
2021-03-29 00:00:00+00:00,0.5346,0.5479,0.5329,0.5409,4049
2021-03-29 04:00:00+00:00,0.5409,0.5568,0.5376,0.5477,5813
2021-03-29 08:00:00+00:00,0.5478,0.5553,0.5415,0.5537,4864
2021-03-29 12:00:00+00:00,0.5539,0.5621,0.5517,0.5533,5347
2021-03-29 16:00:00+00:00,0.5533,0.5547,0.5436,0.5546,5896
2021-03-29 20:00:00+00:00,0.5545,0.5626,0.5502,0.5515,6440
2021-03-30 00:00:00+00:00,0.5528,0.5617,0.5511,0.5555,4769
2021-03-30 04:00:00+00:00,0.5556,0.5791,0.551,0.5697,6228
2021-03-30 08:00:00+00:00,0.5697,0.5745,0.5611,0.5631,6589
2021-03-30 12:00:00+00:00,0.563,0.5749,0.5622,0.5678,5671
2021-03-30 16:00:00+00:00,0.5678,0.5699,0.5525,0.5561,6211
2021-03-30 20:00:00+00:00,0.556,0.5599,0.5522,0.5543,4259
2021-03-31 00:00:00+00:00,0.5545,0.563,0.5527,0.5613,3382
2021-03-31 04:00:00+00:00,0.5612,0.5635,0.5212,0.5446,6338
2021-03-31 08:00:00+00:00,0.5446,0.5568,0.5237,0.5396,7097
2021-03-31 12:00:00+00:00,0.5396,0.5422,0.5282,0.5418,6505
2021-03-31 16:00:00+00:00,0.5418,0.5471,0.5354,0.5385,6018
2021-03-31 20:00:00+00:00,0.5385,0.5568,0.5375,0.5568,6354
2021-04-01 00:00:00+00:00,0.5525,0.5686,0.5488,0.5632,5980
2021-04-01 04:00:00+00:00,0.5632,0.5871,0.5611,0.5636,7434
2021-04-01 08:00:00+00:00,0.5636,0.5665,0.5549,0.5574,6257
2021-04-01 12:00:00+00:00,0.5576,0.5604,0.5446,0.5483,6424
2021-04-01 16:00:00+00:00,0.5483,0.5635,0.5406,0.557,7289
2021-04-01 20:00:00+00:00,0.557,0.5632,0.5442,0.5557,6345
2021-04-02 00:00:00+00:00,0.5564,0.5715,0.5535,0.5674,5640
2021-04-02 04:00:00+00:00,0.5675,0.574,0.5588,0.5612,6356
2021-04-02 08:00:00+00:00,0.5613,0.5825,0.5573,0.5729,5782
2021-04-02 12:00:00+00:00,0.5728,0.58,0.5693,0.5704,5465
2021-04-02 16:00:00+00:00,0.5704,0.6014,0.5669,0.5866,6789
2021-04-02 20:00:00+00:00,0.5866,0.5963,0.5748,0.5963,6999
2021-04-03 00:00:00+00:00,0.5906,0.6126,0.5849,0.6081,5107
2021-04-03 04:00:00+00:00,0.6083,0.6293,0.6029,0.6189,8339
2021-04-03 08:00:00+00:00,0.6189,0.6342,0.6019,0.6097,7567
2021-04-03 12:00:00+00:00,0.6097,0.6259,0.5994,0.6226,6808
2021-04-03 16:00:00+00:00,0.6226,0.6227,0.6146,0.6181,1542
2021-04-04 00:00:00+00:00,0.5899,0.5925,0.5582,0.5709,9442
2021-04-04 04:00:00+00:00,0.5709,0.5882,0.5662,0.5811,6579
2021-04-04 08:00:00+00:00,0.5811,0.5876,0.5742,0.5851,4874
2021-04-04 12:00:00+00:00,0.5852,0.5901,0.5758,0.5847,4903
2021-04-04 16:00:00+00:00,0.5847,0.5984,0.5841,0.5912,5903
2021-04-04 20:00:00+00:00,0.5912,0.6092,0.5912,0.6011,5908
2021-04-05 00:00:00+00:00,0.6005,0.6299,0.6002,0.6129,6992
2021-04-05 04:00:00+00:00,0.6129,0.7175,0.6113,0.6994,12115
2021-04-05 08:00:00+00:00,0.6994,0.7061,0.6509,0.6878,11157
2021-04-05 12:00:00+00:00,0.6878,0.7107,0.6814,0.6934,10641
2021-04-05 16:00:00+00:00,0.6934,0.8672,0.6793,0.8264,13492
2021-04-05 20:00:00+00:00,0.8264,0.8995,0.7887,0.8785,13327
2021-04-06 00:00:00+00:00,0.8622,0.9351,0.8498,0.8714,13286
2021-04-06 04:00:00+00:00,0.8714,0.8982,0.8053,0.8868,12413
2021-04-06 08:00:00+00:00,0.8868,1.0027,0.8473,0.974,14151
2021-04-06 12:00:00+00:00,0.974,1.0897000000000001,0.9422,0.9867,16546
2021-04-06 16:00:00+00:00,0.9866,1.0121,0.8816,0.9723,14961
2021-04-06 20:00:00+00:00,0.9723,1.0894,0.9255,1.0231,15456
2021-04-07 00:00:00+00:00,1.0276,1.1085,0.9814,1.034,17260
2021-04-07 04:00:00+00:00,1.034,1.088,0.9951,1.036,15605
2021-04-07 08:00:00+00:00,1.0361,1.0528,0.918,0.9452,15423
2021-04-07 12:00:00+00:00,0.9449,0.9528,0.848,0.9186,16200
2021-04-07 16:00:00+00:00,0.9189,0.9686,0.8916,0.9437,20408
2021-04-07 20:00:00+00:00,0.9437,0.9498,0.8725,0.8959,15559
2021-04-08 00:00:00+00:00,0.8936,0.948,0.8874,0.9318,14979
2021-04-08 04:00:00+00:00,0.9318,0.9364,0.8933,0.9321,14224
2021-04-08 08:00:00+00:00,0.932,0.9914,0.9139,0.9459,11875
2021-04-08 12:00:00+00:00,0.9462,0.9597,0.925,0.9532,12102
2021-04-08 16:00:00+00:00,0.9532,0.9831,0.9366,0.9732,12962
2021-04-08 20:00:00+00:00,0.9732,1.0294,0.9566,1.0085,11185
2021-04-09 00:00:00+00:00,1.0043,1.0636,0.9948,1.0296,11480
2021-04-09 04:00:00+00:00,1.0294,1.0394,0.9973,1.0276,11566
2021-04-09 08:00:00+00:00,1.0276,1.0368,0.9765,0.9868,10019
2021-04-09 12:00:00+00:00,0.9871,1.0273,0.9869,1.0006,10219
2021-04-09 16:00:00+00:00,1.0007,1.0243,0.973,1.0188,10249
2021-04-09 20:00:00+00:00,1.0188,1.0537,1.0045,1.0513,9516
2021-04-10 00:00:00+00:00,1.0426,1.0439,0.9977,1.0253,6178
2021-04-10 04:00:00+00:00,1.0253,1.0627,1.0245,1.048,9729
2021-04-10 08:00:00+00:00,1.048,1.1768,1.0406,1.1573,11537
2021-04-10 12:00:00+00:00,1.1583,1.2101,1.1314,1.1867,9563
2021-04-10 16:00:00+00:00,1.1867,1.2681,1.1867,1.2404,3558
2021-04-11 00:00:00+00:00,1.2668,1.4738,1.2572999999999999,1.4508,15893
2021-04-11 04:00:00+00:00,1.4509,1.4751,1.3822,1.4526,14556
2021-04-11 08:00:00+00:00,1.4532,1.4863,1.3262,1.4173,14193
2021-04-11 12:00:00+00:00,1.4173,1.4232,1.2966,1.3442,13101
2021-04-11 16:00:00+00:00,1.3442,1.3992,1.3003,1.3115,13625
2021-04-11 20:00:00+00:00,1.3115,1.4074,1.3034,1.3797,12693
2021-04-12 00:00:00+00:00,1.385,1.3939,1.3102,1.3235000000000001,13826
2021-04-12 04:00:00+00:00,1.3237999999999999,1.3599,1.3117,1.3352,14398
2021-04-12 08:00:00+00:00,1.3352,1.4097,1.3136,1.3792,13302
2021-04-12 12:00:00+00:00,1.3794,1.3871,1.3165,1.3785,10965
2021-04-12 16:00:00+00:00,1.3785,1.3972,1.3334,1.3477999999999999,11986
2021-04-12 20:00:00+00:00,1.3479999999999999,1.3899,1.3406,1.3761,10089
2021-04-13 00:00:00+00:00,1.3782,1.4704,1.3595,1.4355,11318
2021-04-13 04:00:00+00:00,1.4355,1.4639,1.4102000000000001,1.4491,11245
2021-04-13 08:00:00+00:00,1.4491,1.6520000000000001,1.4391,1.5845,16147
2021-04-13 12:00:00+00:00,1.5845,1.7173,1.5725,1.6697,20633
2021-04-13 16:00:00+00:00,1.6689,1.8314,1.6455,1.799,15287
2021-04-13 20:00:00+00:00,1.799,1.8735,1.7213,1.8161,25543
2021-04-14 00:00:00+00:00,1.7989000000000002,1.8296999999999999,1.6579000000000002,1.7961,16530
2021-04-14 04:00:00+00:00,1.7961,1.9304999999999999,1.7311999999999999,1.9254,10748
2021-04-14 08:00:00+00:00,1.9254,1.9523000000000001,1.728,1.8058,11863
2021-04-14 12:00:00+00:00,1.8239999999999998,1.8646,1.6995,1.7690000000000001,18578
2021-04-14 16:00:00+00:00,1.7685,1.8085,1.5590000000000002,1.7476,32680
2021-04-14 20:00:00+00:00,1.7476,1.7562,1.6309,1.7384,16637
2021-04-15 00:00:00+00:00,1.7638,1.8708,1.7382,1.7561,16659
2021-04-15 04:00:00+00:00,1.7561,1.7713,1.6935,1.7283,18020
2021-04-15 08:00:00+00:00,1.7283,1.7635999999999998,1.5725,1.7035,13686
2021-04-15 12:00:00+00:00,1.7034,1.7288000000000001,1.6435,1.6989999999999998,11079
2021-04-15 16:00:00+00:00,1.6989999999999998,1.7781,1.6875,1.7427000000000001,19518
2021-04-15 20:00:00+00:00,1.7428,1.8157,1.7203,1.7889,16758
2021-04-16 00:00:00+00:00,1.7903,1.8344,1.7306,1.7564,16974
2021-04-16 04:00:00+00:00,1.7564,1.7643,1.6496,1.6526,23835
2021-04-16 08:00:00+00:00,1.6526999999999998,1.7069999999999999,1.6107,1.6501000000000001,31688
2021-04-16 12:00:00+00:00,1.6502,1.6609,1.4141,1.5203,22263
2021-04-16 16:00:00+00:00,1.5191,1.7351999999999999,1.4426,1.6961,30813
2021-04-16 20:00:00+00:00,1.6973,1.7096,1.571,1.6192,12458
2021-04-17 00:00:00+00:00,1.6322999999999999,1.6449,1.5266,1.5531000000000001,9883
2021-04-17 04:00:00+00:00,1.5532,1.6441,1.5532,1.6208,12603
2021-04-17 08:00:00+00:00,1.6216,1.7318,1.6063,1.6823000000000001,12020
2021-04-17 12:00:00+00:00,1.6824,1.6888,1.5575999999999999,1.612,14261
2021-04-17 16:00:00+00:00,1.6124,1.6322,1.5695000000000001,1.6176,3072
2021-04-18 00:00:00+00:00,1.5865,1.5899,1.4612,1.47,12148
2021-04-18 04:00:00+00:00,1.4693,1.506,1.1513,1.2485,19665
2021-04-18 08:00:00+00:00,1.248,1.3833,1.2398,1.2745,33602
2021-04-18 12:00:00+00:00,1.2748,1.2969,1.1595,1.2626,33888
2021-04-18 16:00:00+00:00,1.2626,1.3615,1.25,1.329,17034
2021-04-18 20:00:00+00:00,1.3294000000000001,1.3567,1.2753,1.3469,16864
2021-04-19 00:00:00+00:00,1.3388,1.4503,1.323,1.4049,20189
2021-04-19 04:00:00+00:00,1.405,1.5246,1.3939,1.5234999999999999,15637
2021-04-19 08:00:00+00:00,1.5234999999999999,1.5234999999999999,1.3938,1.3997,25978
2021-04-19 12:00:00+00:00,1.4007,1.4291,1.3187,1.3733,18093
2021-04-19 16:00:00+00:00,1.3733,1.3933,1.2422,1.2746,24189
2021-04-19 20:00:00+00:00,1.2746,1.3798,1.2604,1.367,17319
2021-04-20 00:00:00+00:00,1.3618000000000001,1.3832,1.1713,1.2342,14342
2021-04-20 04:00:00+00:00,1.2342,1.3098,1.2041,1.3096,18328
2021-04-20 08:00:00+00:00,1.3096,1.3098,1.1972,1.2604,16128
2021-04-20 12:00:00+00:00,1.2603,1.3251,1.2497,1.2807,15516
2021-04-20 16:00:00+00:00,1.2807,1.3572,1.28,1.3473,14943
2021-04-20 20:00:00+00:00,1.3473,1.4353,1.3253,1.4169,13058
2021-04-21 00:00:00+00:00,1.4008,1.4082,1.341,1.3665,12663
2021-04-21 04:00:00+00:00,1.3665,1.4524,1.3599999999999999,1.4169,11791
2021-04-21 08:00:00+00:00,1.4169,1.4253,1.3573,1.3709,12941
2021-04-21 12:00:00+00:00,1.3709,1.3788,1.2724,1.3524,15346
2021-04-21 16:00:00+00:00,1.3524,1.4079,1.3259,1.3659,9791
2021-04-21 20:00:00+00:00,1.3659,1.3761999999999999,1.3158,1.3321,11471
2021-04-22 00:00:00+00:00,1.3351,1.3449,1.2559,1.3052000000000001,13226
2021-04-22 04:00:00+00:00,1.3048,1.332,1.26,1.3034,13151
2021-04-22 08:00:00+00:00,1.3037,1.3335,1.2529,1.2723,15050
2021-04-22 12:00:00+00:00,1.2722,1.338,1.2401,1.3152,8093
2021-04-22 16:00:00+00:00,1.3152,1.3997,1.2908,1.3834,3659
2021-04-22 20:00:00+00:00,1.3829,1.4097,1.2119,1.2421,16121
2021-04-23 00:00:00+00:00,1.2041,1.2163,1.0773,1.1501000000000001,19315
2021-04-23 04:00:00+00:00,1.1505,1.1673,0.9227,1.0131000000000001,25141
2021-04-23 08:00:00+00:00,1.0131000000000001,1.0646,0.9507,1.0391,19304
2021-04-23 12:00:00+00:00,1.0391,1.163,1.0154,1.0666,17631
2021-04-23 16:00:00+00:00,1.0666,1.1132,1.0407,1.0902,17648
2021-04-23 20:00:00+00:00,1.0902,1.1398,1.0454,1.0976,12056
2021-04-24 00:00:00+00:00,1.1074,1.1627,1.0921,1.0996,11499
2021-04-24 04:00:00+00:00,1.0996,1.1408,1.0831,1.1352,15734
2021-04-24 08:00:00+00:00,1.1352,1.1495,1.1037,1.1174,12824
2021-04-24 12:00:00+00:00,1.1174,1.1215,1.0142,1.0635,16945
2021-04-24 16:00:00+00:00,1.0635,1.0687,1.0537,1.0542,3177
2021-04-25 00:00:00+00:00,1.0727,1.0935,1.0173,1.0352,13710
2021-04-25 04:00:00+00:00,1.0352999999999999,1.0642,1.0277,1.0391,7654
2021-04-25 08:00:00+00:00,1.0399,1.0655000000000001,1.0233,1.0559,4455
2021-04-25 12:00:00+00:00,1.0559,1.0767,1.0238,1.0729,12487
2021-04-25 16:00:00+00:00,1.0729,1.147,1.0641,1.134,14394
2021-04-25 20:00:00+00:00,1.1335,1.1351,1.0169,1.0224,14994
2021-04-26 00:00:00+00:00,1.0156,1.1084,0.9394,1.0955,18851
2021-04-26 04:00:00+00:00,1.0961,1.1418,1.0745,1.1134,19041
2021-04-26 08:00:00+00:00,1.1144,1.1993,1.1057,1.151,19952
2021-04-26 12:00:00+00:00,1.1512,1.2675,1.1276,1.2309,19345
2021-04-26 16:00:00+00:00,1.2309,1.2719,1.21,1.24,25860
2021-04-26 20:00:00+00:00,1.2395,1.3413,1.2377,1.2575,27609
2021-04-27 00:00:00+00:00,1.2238,1.3841999999999999,1.2206,1.3577,17014
2021-04-27 04:00:00+00:00,1.3577,1.4535,1.3502,1.4086,14848
2021-04-27 08:00:00+00:00,1.4086,1.4429,1.3654,1.3683,25467
2021-04-27 12:00:00+00:00,1.3669,1.4558,1.3669,1.3968,22760
2021-04-27 16:00:00+00:00,1.3968,1.4224,1.3219,1.3769,14501
2021-04-27 20:00:00+00:00,1.3769,1.4112,1.3486,1.4060000000000001,9956
2021-04-28 00:00:00+00:00,1.3913,1.4237,1.3742,1.4095,11272
2021-04-28 04:00:00+00:00,1.4095,1.4401,1.3700999999999999,1.3798,21096
2021-04-28 08:00:00+00:00,1.3801,1.3904,1.2746,1.3209,18981
2021-04-28 12:00:00+00:00,1.3209,1.3735,1.2952,1.3566,11376
2021-04-28 16:00:00+00:00,1.3566,1.3604,1.3022,1.3326,20151
2021-04-28 20:00:00+00:00,1.3326,1.3924,1.3173,1.3332,16713
2021-04-29 00:00:00+00:00,1.3293,1.3655,1.3265,1.3352,16932
2021-04-29 04:00:00+00:00,1.3351,1.4022000000000001,1.3188,1.3492,19716
2021-04-29 08:00:00+00:00,1.3493,1.408,1.3434,1.3843,19857
2021-04-29 12:00:00+00:00,1.3844,1.4104999999999999,1.3714,1.4041000000000001,13989
2021-04-29 16:00:00+00:00,1.4041000000000001,1.4053,1.3576,1.3598,13139
2021-04-29 20:00:00+00:00,1.361,1.3749,1.3314,1.3686,12445
2021-04-30 00:00:00+00:00,1.3693,1.3951,1.363,1.3740999999999999,11221
2021-04-30 04:00:00+00:00,1.3740999999999999,1.4351,1.3651,1.4304000000000001,17365
2021-04-30 08:00:00+00:00,1.4304000000000001,1.588,1.4264999999999999,1.5354,26021
2021-04-30 12:00:00+00:00,1.5350000000000001,1.6306,1.5086,1.6042,22174
2021-04-30 16:00:00+00:00,1.6029,1.6171,1.5238,1.5772,25617
2021-04-30 20:00:00+00:00,1.5772,1.5843,1.5327,1.5699,17672
2021-05-01 00:00:00+00:00,1.584,1.6172,1.5627,1.5699999999999998,11272
2021-05-01 04:00:00+00:00,1.5699999999999998,1.6021,1.5434,1.5826,13311
2021-05-01 08:00:00+00:00,1.5826,1.591,1.5384,1.5389,10350
2021-05-01 12:00:00+00:00,1.5389,1.5718,1.5138,1.5508,12833
2021-05-01 16:00:00+00:00,1.5508,1.5615999999999999,1.5417999999999998,1.5511,4135
2021-05-02 00:00:00+00:00,1.5829,1.658,1.5828,1.6038999999999999,18833
2021-05-02 04:00:00+00:00,1.6038999999999999,1.627,1.5154999999999998,1.5728,17396
2021-05-02 08:00:00+00:00,1.5728,1.5854,1.5312000000000001,1.5491000000000001,15783
2021-05-02 12:00:00+00:00,1.5491000000000001,1.5828,1.5335,1.5815000000000001,15449
2021-05-02 16:00:00+00:00,1.5815000000000001,1.5915,1.5527,1.5594000000000001,13109
2021-05-02 20:00:00+00:00,1.5594000000000001,1.5909,1.5563,1.5863,12556
2021-05-03 00:00:00+00:00,1.5817999999999999,1.5880999999999998,1.541,1.5706,11056
2021-05-03 04:00:00+00:00,1.571,1.6122,1.5588,1.5979,14338
2021-05-03 08:00:00+00:00,1.5979,1.6128,1.5897999999999999,1.5953,12106
2021-05-03 12:00:00+00:00,1.5953,1.5979,1.5735000000000001,1.5835,10739
2021-05-03 16:00:00+00:00,1.5835,1.5846,1.4876,1.5546,13838
2021-05-03 20:00:00+00:00,1.5546,1.5811,1.522,1.5393,14302
2021-05-04 00:00:00+00:00,1.5415,1.5632000000000001,1.3982999999999999,1.429,12989
2021-05-04 04:00:00+00:00,1.429,1.479,1.4118,1.4726,22375
2021-05-04 08:00:00+00:00,1.4729999999999999,1.4913,1.419,1.4375,18180
2021-05-04 12:00:00+00:00,1.4379,1.4858,1.4299,1.4461,15720
2021-05-04 16:00:00+00:00,1.4451,1.4689,1.3111,1.3559,17955
2021-05-04 20:00:00+00:00,1.3559,1.414,1.3538000000000001,1.4112,15655
2021-05-05 00:00:00+00:00,1.4159,1.4677,1.3583,1.4527,14142
2021-05-05 04:00:00+00:00,1.4527,1.4638,1.3921999999999999,1.3988,14131
2021-05-05 08:00:00+00:00,1.3988,1.4554,1.3895,1.4535,13567
2021-05-05 12:00:00+00:00,1.4535,1.5861,1.4308,1.5598999999999998,13955
2021-05-05 16:00:00+00:00,1.5598999999999998,1.5963,1.5139,1.5548,15928
2021-05-05 20:00:00+00:00,1.5548,1.6051,1.5375,1.5575999999999999,13299
2021-05-06 00:00:00+00:00,1.5483,1.7261,1.5465,1.7109,11331
2021-05-06 04:00:00+00:00,1.7109,1.7565,1.6625999999999999,1.6757,14614
2021-05-06 08:00:00+00:00,1.6758,1.6947999999999999,1.5798,1.6228,14658
2021-05-06 12:00:00+00:00,1.6174,1.6774,1.612,1.6391,13960
2021-05-06 16:00:00+00:00,1.6391,1.7063000000000001,1.6192,1.6642000000000001,10951
2021-05-06 20:00:00+00:00,1.6642000000000001,1.6987999999999999,1.5185,1.5862,13989
2021-05-07 00:00:00+00:00,1.5866,1.6429,1.5608,1.5727,18653
2021-05-07 04:00:00+00:00,1.5727,1.5861,1.4968,1.55,19923
2021-05-07 08:00:00+00:00,1.55,1.5989,1.5434,1.5657999999999999,19766
2021-05-07 12:00:00+00:00,1.5657999999999999,1.6840000000000002,1.5613000000000001,1.6455,17321
2021-05-07 16:00:00+00:00,1.6469,1.6520000000000001,1.5634000000000001,1.5986,15472
2021-05-07 20:00:00+00:00,1.5986,1.6127,1.5685,1.5855000000000001,8290
2021-05-08 00:00:00+00:00,1.5681,1.5815000000000001,1.524,1.5697999999999999,14723
2021-05-08 04:00:00+00:00,1.5697999999999999,1.6120999999999999,1.5667,1.5775000000000001,15446
2021-05-08 08:00:00+00:00,1.5775000000000001,1.6183,1.5598,1.5908,12657
2021-05-08 12:00:00+00:00,1.5908,1.5981,1.5614,1.5737999999999999,10966
2021-05-08 16:00:00+00:00,1.5737999999999999,1.5935000000000001,1.5682,1.5800999999999998,3423
2021-05-09 00:00:00+00:00,1.5499,1.5869,1.5372,1.5574,12935
2021-05-09 04:00:00+00:00,1.5574,1.5760999999999998,1.5495999999999999,1.5715,2950
2021-05-09 12:00:00+00:00,1.5037,1.5238,1.4431,1.4564,6935
2021-05-09 16:00:00+00:00,1.4564,1.5023,1.4544000000000001,1.4974,11415
2021-05-09 20:00:00+00:00,1.4974,1.5248,1.4776,1.5215,13500
2021-05-10 00:00:00+00:00,1.5211999999999999,1.5901999999999998,1.4990999999999999,1.5783,14584
2021-05-10 04:00:00+00:00,1.5783,1.601,1.5452,1.5877,12967
2021-05-10 08:00:00+00:00,1.5878,1.6183,1.5688,1.5828,12854
2021-05-10 12:00:00+00:00,1.5828,1.5967,1.5224,1.5405,14928
2021-05-10 16:00:00+00:00,1.5413000000000001,1.5504,1.4898,1.5163,19796
2021-05-10 20:00:00+00:00,1.5163,1.5266,1.2109,1.3813,19628
2021-05-11 00:00:00+00:00,1.3900000000000001,1.4409,1.3624,1.3867,23136
2021-05-11 04:00:00+00:00,1.3867,1.4114,1.3453,1.4054,23831
2021-05-11 08:00:00+00:00,1.4053,1.4385,1.3819,1.4101,19406
2021-05-11 12:00:00+00:00,1.4111,1.4633,1.3731,1.4109,19512
2021-05-11 16:00:00+00:00,1.4109,1.4753,1.3923,1.443,19511
2021-05-11 20:00:00+00:00,1.4426999999999999,1.4805,1.4369,1.4542,16172
2021-05-12 00:00:00+00:00,1.4531,1.5299,1.4362,1.5243,16737
2021-05-12 04:00:00+00:00,1.5261,1.5394,1.4947,1.5057,20136
2021-05-12 08:00:00+00:00,1.5057,1.5196,1.4504000000000001,1.4685000000000001,18403
2021-05-12 12:00:00+00:00,1.4679,1.4863,1.414,1.4411,20341
2021-05-12 16:00:00+00:00,1.4403000000000001,1.4705,1.3597000000000001,1.3917,23672
2021-05-12 20:00:00+00:00,1.3905,1.4226,1.3397999999999999,1.414,22575
2021-05-13 00:00:00+00:00,1.4102000000000001,1.4306,1.1901,1.2961,18271
2021-05-13 04:00:00+00:00,1.2961,1.3495,1.2819,1.3395000000000001,19560
2021-05-13 08:00:00+00:00,1.3397000000000001,1.3816,1.3073000000000001,1.3123,15802
2021-05-13 12:00:00+00:00,1.3124,1.3282,1.2131,1.3127,18550
2021-05-13 16:00:00+00:00,1.3127,1.365,1.2471,1.2612999999999999,19497
2021-05-13 20:00:00+00:00,1.2612999999999999,1.2932000000000001,1.221,1.2854999999999999,16475
2021-05-14 00:00:00+00:00,1.2749,1.3651,1.2748,1.3538999999999999,16625
2021-05-14 04:00:00+00:00,1.3538999999999999,1.3559,1.3136999999999999,1.3281,10053
2021-05-14 08:00:00+00:00,1.3281,1.4013,1.3158,1.3843,13874
2021-05-14 12:00:00+00:00,1.3843,1.4192,1.3684,1.3866,13860
2021-05-14 16:00:00+00:00,1.3867,1.4413,1.3728,1.4088,16198
2021-05-14 20:00:00+00:00,1.4085,1.415,1.34,1.3479,15403
2021-05-15 00:00:00+00:00,1.3660999999999999,1.4107,1.3598,1.3752,10295
2021-05-15 04:00:00+00:00,1.3745,1.4207,1.3719000000000001,1.3836,18181
2021-05-15 08:00:00+00:00,1.3836,1.3933,1.33,1.3437000000000001,17957
2021-05-15 12:00:00+00:00,1.3437000000000001,1.3578000000000001,1.3114,1.3509,5979
2021-05-15 16:00:00+00:00,1.3509,1.3595,1.3427,1.3477000000000001,2267
2021-05-16 00:00:00+00:00,1.4982,1.5585,1.4476,1.5283,16464
2021-05-16 04:00:00+00:00,1.5284,1.5895000000000001,1.5219,1.5505,10506
2021-05-16 08:00:00+00:00,1.5505,1.5798,1.5377,1.5546,9152
2021-05-16 12:00:00+00:00,1.5546,1.6016,1.506,1.5149,10112
2021-05-16 16:00:00+00:00,1.5149,1.5424,1.4415,1.4653,19852
2021-05-16 20:00:00+00:00,1.4646,1.4746000000000001,1.329,1.3596,21206
2021-05-17 00:00:00+00:00,1.3804,1.4522,1.3532,1.4005,14831
2021-05-17 04:00:00+00:00,1.3997,1.4064,1.3143,1.3891,16333
2021-05-17 08:00:00+00:00,1.3891,1.4739,1.3354,1.4671,22635
2021-05-17 12:00:00+00:00,1.4671,1.5539,1.4463,1.5081,11627
2021-05-17 16:00:00+00:00,1.5081,1.5369000000000002,1.4386,1.4769,12905
2021-05-17 20:00:00+00:00,1.4765,1.5385,1.4321,1.5241,11403
2021-05-18 00:00:00+00:00,1.5024,1.5202,1.4443,1.5008,13877
2021-05-18 04:00:00+00:00,1.5008,1.5403,1.4806,1.5316,11388
2021-05-18 08:00:00+00:00,1.5316,1.5701,1.4954,1.5607,16603
2021-05-18 12:00:00+00:00,1.5596999999999999,1.6947,1.5451000000000001,1.6026,14137
2021-05-18 16:00:00+00:00,1.6026,1.6159,1.5121,1.5708,21047
2021-05-18 20:00:00+00:00,1.5708,1.6181999999999999,1.528,1.5866,23989
2021-05-19 00:00:00+00:00,1.5915,1.6364999999999998,1.5465,1.5901,22433
2021-05-19 04:00:00+00:00,1.5897000000000001,1.5897000000000001,1.3521,1.4015,24310
2021-05-19 08:00:00+00:00,1.4015,1.474,1.3756,1.4428,18337
2021-05-19 12:00:00+00:00,1.4428,1.4573,0.8513,1.0734,17924
2021-05-19 16:00:00+00:00,1.0732,1.2638,0.871,1.2469000000000001,20856
2021-05-19 20:00:00+00:00,1.2469000000000001,1.2809,1.0937000000000001,1.1017,22699
2021-05-20 00:00:00+00:00,1.1214,1.175,0.9008,0.9503,24482
2021-05-20 04:00:00+00:00,0.9496,1.1423,0.9419,1.134,16929
2021-05-20 08:00:00+00:00,1.134,1.2184,1.1152,1.1663000000000001,16411
2021-05-20 12:00:00+00:00,1.1652,1.2438,1.1128,1.2284,23181
2021-05-20 16:00:00+00:00,1.2282,1.2589000000000001,1.1013,1.1485,15895
2021-05-20 20:00:00+00:00,1.1485,1.1905000000000001,1.1241,1.1633,13634
2021-05-21 00:00:00+00:00,1.1583,1.2088,1.145,1.1905000000000001,12189
2021-05-21 04:00:00+00:00,1.1905000000000001,1.1965,1.1074,1.13,12817
2021-05-21 08:00:00+00:00,1.13,1.1424,1.0825,1.1126,17719
2021-05-21 12:00:00+00:00,1.1126,1.1373,1.102,1.1036,17418
2021-05-21 16:00:00+00:00,1.1036,1.1387,0.9638,1.0159,17176
2021-05-21 20:00:00+00:00,1.016,1.0341,0.9352,0.9472,15649
2021-05-22 00:00:00+00:00,0.966,1.008,0.9523,0.9913,17629
2021-05-22 04:00:00+00:00,0.9913,0.9962,0.8565,0.8915,11436
2021-05-22 08:00:00+00:00,0.8915,0.9173,0.8088,0.8995,12770
2021-05-22 12:00:00+00:00,0.8995,0.9478,0.886,0.9187,11713
2021-05-22 16:00:00+00:00,0.9187,0.9444,0.9151,0.9259,2750
2021-05-23 00:00:00+00:00,0.9046,0.9465,0.8681,0.9426,10839
2021-05-23 04:00:00+00:00,0.9426,0.9574,0.9011,0.9038,10451
2021-05-23 08:00:00+00:00,0.9041,0.9137,0.762,0.7868,12340
2021-05-23 12:00:00+00:00,0.7868,0.8079,0.6774,0.7096,15692
2021-05-23 16:00:00+00:00,0.7096,0.7386,0.6418,0.6696,21399
2021-05-23 20:00:00+00:00,0.6698,0.736,0.666,0.7232,16965
2021-05-24 00:00:00+00:00,0.729,0.8185,0.7281,0.7785,15763
2021-05-24 04:00:00+00:00,0.7785,0.8033,0.7465,0.7687,11959
2021-05-24 08:00:00+00:00,0.7687,0.8631,0.7687,0.8488,13885
2021-05-24 12:00:00+00:00,0.8488,0.8882,0.8174,0.8716,15522
2021-05-24 16:00:00+00:00,0.8716,0.8771,0.8299,0.8596,16439
2021-05-24 20:00:00+00:00,0.8598,0.9417,0.8567,0.9181,14457
2021-05-25 00:00:00+00:00,0.9181,1.0511,0.8998,1.0216,19258
2021-05-25 04:00:00+00:00,1.0216,1.037,0.9402,0.9657,19620
2021-05-25 08:00:00+00:00,0.9661,1.03,0.9504,0.9743,16616
2021-05-25 12:00:00+00:00,0.9749,0.9859,0.8721,0.9004,21995
2021-05-25 16:00:00+00:00,0.9004,0.9493,0.8947,0.926,16622
2021-05-25 20:00:00+00:00,0.9266,0.9465,0.8988,0.9257,10980
2021-05-26 00:00:00+00:00,0.927,0.9792,0.9188,0.9605,18540
2021-05-26 04:00:00+00:00,0.96,1.0071,0.9581,1.0028,15111
2021-05-26 08:00:00+00:00,1.0029,1.0594999999999999,0.9997,1.0274,15218
2021-05-26 12:00:00+00:00,1.0278,1.0381,0.9966,1.0229,10456
2021-05-26 16:00:00+00:00,1.0229,1.0229,0.9636,0.9758,17584
2021-05-26 20:00:00+00:00,0.9758,1.0072,0.9623,1.006,11388
2021-05-27 00:00:00+00:00,1.0045,1.0344,0.9811,0.9935,9553
2021-05-27 04:00:00+00:00,0.9937,0.995,0.9232,0.95,12005
2021-05-27 08:00:00+00:00,0.95,0.9979,0.9381,0.9895,10593
2021-05-27 12:00:00+00:00,0.9895,1.0176,0.988,0.9996,12987
2021-05-27 16:00:00+00:00,0.9999,1.0273,0.9879,0.9956,11327
2021-05-27 20:00:00+00:00,0.9956,1.0046,0.9586,0.9592,7066
2021-05-28 00:00:00+00:00,0.9511,0.9837,0.9458,0.9483,17765
2021-05-28 04:00:00+00:00,0.9484,0.9678,0.9188,0.9277,13226
2021-05-28 08:00:00+00:00,0.9277,0.939,0.8539,0.8665,15083
2021-05-28 12:00:00+00:00,0.8665,0.887,0.8377,0.8841,20134
2021-05-28 16:00:00+00:00,0.8841,0.9062,0.8739,0.8744,14862
2021-05-28 20:00:00+00:00,0.8744,0.9036,0.8644,0.8646,16986
2021-05-29 00:00:00+00:00,0.8634,0.9248,0.8579,0.9197,13673
2021-05-29 04:00:00+00:00,0.9199,0.9282,0.8907,0.894,13517
2021-05-29 08:00:00+00:00,0.894,0.9326,0.8633,0.8679,14234
2021-05-29 12:00:00+00:00,0.8679,0.8751,0.8432,0.8484,16432
2021-05-29 16:00:00+00:00,0.8484,0.8531,0.8237,0.8453,5343
2021-05-30 00:00:00+00:00,0.8043,0.8347,0.7893,0.8035,15717
2021-05-30 04:00:00+00:00,0.8035,0.8438,0.7898,0.8349,18168
2021-05-30 08:00:00+00:00,0.8349,0.8837,0.8349,0.8659,16866
2021-05-30 12:00:00+00:00,0.8659,0.9046,0.8538,0.8659,13048
2021-05-30 16:00:00+00:00,0.8659,0.8838,0.8553,0.8817,14649
2021-05-30 20:00:00+00:00,0.8817,0.9252,0.8781,0.9134,12748
2021-05-31 00:00:00+00:00,0.9083,0.9396,0.8862,0.9153,15049
2021-05-31 04:00:00+00:00,0.9153,0.9229,0.8715,0.887,14676
2021-05-31 08:00:00+00:00,0.887,1.0102,0.8807,0.9921,17707
2021-05-31 12:00:00+00:00,0.9921,1.0239,0.9842,0.9942,14810
2021-05-31 16:00:00+00:00,0.9934,1.0154,0.9664,0.9971,12977
2021-05-31 20:00:00+00:00,0.9969,0.9993,0.9699,0.9819,9485
2021-06-01 00:00:00+00:00,0.9849,1.0901,0.9807,1.0793,8413
2021-06-01 04:00:00+00:00,1.0793,1.0796999999999999,1.0152,1.0336,9651
2021-06-01 08:00:00+00:00,1.0336,1.0682,0.9884,1.0069,13255
2021-06-01 12:00:00+00:00,1.0069,1.0255,0.9829,0.9913,14010
2021-06-01 16:00:00+00:00,0.991,1.0363,0.9756,0.9844,16745
2021-06-01 20:00:00+00:00,0.9844,1.0013,0.9659,0.9955,11393
2021-06-02 00:00:00+00:00,0.9944,1.0112,0.9763,0.9798,11104
2021-06-02 04:00:00+00:00,0.9798,1.0057,0.9708,0.9966,6254
2021-06-02 08:00:00+00:00,0.9966,1.0225,0.9894,1.0213,8550
2021-06-02 12:00:00+00:00,1.0213,1.0239,0.9904,1.011,7874
2021-06-02 16:00:00+00:00,1.011,1.0412,0.9972,1.0164,10308
2021-06-02 20:00:00+00:00,1.0164,1.0294,1.0087,1.0208,5185
2021-06-03 00:00:00+00:00,1.022,1.0285,0.9982,1.0052,5786
2021-06-03 04:00:00+00:00,1.0052,1.023,0.9983,1.0222,7446
2021-06-03 08:00:00+00:00,1.0222,1.035,1.0199,1.0291,9369
2021-06-03 12:00:00+00:00,1.0289,1.0694,1.0212,1.0338,9640
2021-06-03 16:00:00+00:00,1.0338,1.0396,1.0115,1.0281,6848
2021-06-03 20:00:00+00:00,1.0281,1.0325,1.0188,1.0305,4613
2021-06-04 00:00:00+00:00,1.033,1.0414,1.0204,1.023,11699
2021-06-04 04:00:00+00:00,1.023,1.023,0.9448,0.9825,14528
2021-06-04 08:00:00+00:00,0.9825,0.987,0.9085,0.9338,20313
2021-06-04 12:00:00+00:00,0.9338,0.9505,0.9075,0.9441,14767
2021-06-04 16:00:00+00:00,0.9441,0.9616,0.9327,0.9537,11078
2021-06-04 20:00:00+00:00,0.9537,0.9729,0.951,0.9685,10323
2021-06-05 00:00:00+00:00,0.9728,0.9831,0.9434,0.98,13085
2021-06-05 04:00:00+00:00,0.9805,0.9826,0.9685,0.9772,9491
2021-06-05 08:00:00+00:00,0.9771,0.9889,0.9729,0.984,9377
2021-06-05 12:00:00+00:00,0.984,0.9849,0.9128,0.9305,12883
2021-06-05 16:00:00+00:00,0.9305,0.933,0.9216,0.9227,3090
2021-06-06 00:00:00+00:00,0.9181,0.9229,0.8865,0.9162,14982
2021-06-06 04:00:00+00:00,0.9162,0.9362,0.9162,0.9299,8621
2021-06-06 08:00:00+00:00,0.9299,0.9414,0.9252,0.9315,9535
2021-06-06 12:00:00+00:00,0.9315,0.9348,0.9167,0.9236,7512
2021-06-06 16:00:00+00:00,0.9236,0.9359,0.9123,0.9354,5666
2021-06-06 20:00:00+00:00,0.9354,0.9354,0.9193,0.927,4759
2021-06-07 00:00:00+00:00,0.9245,0.967,0.9191,0.9581,10962
2021-06-07 04:00:00+00:00,0.9581,0.9661,0.9491,0.9507,8345
2021-06-07 08:00:00+00:00,0.9508,0.9542,0.9373,0.9412,7375
2021-06-07 12:00:00+00:00,0.9415,0.9605,0.938,0.9573,6825
2021-06-07 16:00:00+00:00,0.9573,0.9599,0.9256,0.9306,10860
2021-06-07 20:00:00+00:00,0.9306,0.9309,0.8562,0.8735,9534
2021-06-08 00:00:00+00:00,0.8798,0.8811,0.831,0.8545,9813
2021-06-08 04:00:00+00:00,0.8545,0.8614,0.8188,0.8483,9740
2021-06-08 08:00:00+00:00,0.8483,0.8761,0.8272,0.8611,9985
2021-06-08 12:00:00+00:00,0.8611,0.8625,0.8439,0.8493,10894
2021-06-08 16:00:00+00:00,0.8493,0.8516,0.7748,0.8161,10573
2021-06-08 20:00:00+00:00,0.8161,0.8766,0.8074,0.8683,9651
2021-06-09 00:00:00+00:00,0.8622,0.8777,0.8399,0.8431,10650
2021-06-09 04:00:00+00:00,0.8431,0.852,0.8217,0.8416,13074
2021-06-09 08:00:00+00:00,0.8416,0.8662,0.8393,0.8545,11536
2021-06-09 12:00:00+00:00,0.8545,0.8732,0.8471,0.8577,8728
2021-06-09 16:00:00+00:00,0.8577,0.8968,0.8405,0.8851,14656
2021-06-09 20:00:00+00:00,0.8851,0.8931,0.868,0.8689,10025
2021-06-10 00:00:00+00:00,0.8696,0.9208,0.8689,0.8969,11322
2021-06-10 04:00:00+00:00,0.8968,0.9027,0.8751,0.8807,8649
2021-06-10 08:00:00+00:00,0.8807,0.8837,0.8548,0.8616,9234
2021-06-10 12:00:00+00:00,0.8616,0.8905,0.8574,0.8739,10229
2021-06-10 16:00:00+00:00,0.8739,0.8788,0.8474,0.8556,9060
2021-06-10 20:00:00+00:00,0.8556,0.8632,0.8441,0.8592,7063
2021-06-11 00:00:00+00:00,0.8581,0.8702,0.8429,0.8439,7859
2021-06-11 04:00:00+00:00,0.844,0.8646,0.837,0.8623,7836
2021-06-11 08:00:00+00:00,0.8623,0.8655,0.8473,0.8534,6988
2021-06-11 12:00:00+00:00,0.8534,0.8661,0.8527,0.8544,3771
2021-06-11 16:00:00+00:00,0.8544,0.8716,0.8336,0.837,5313
2021-06-11 20:00:00+00:00,0.837,0.8517,0.8334,0.8449,4460
2021-06-12 00:00:00+00:00,0.8309,0.847,0.8258,0.83,7539
2021-06-12 04:00:00+00:00,0.83,0.8343,0.7971,0.8037,10487
2021-06-12 08:00:00+00:00,0.8038,0.8165,0.7995,0.8099,7881
2021-06-12 12:00:00+00:00,0.8099,0.8305,0.799,0.826,8382
2021-06-12 16:00:00+00:00,0.826,0.8318,0.8249,0.8291,1043
2021-06-13 00:00:00+00:00,0.8268,0.8331,0.817,0.8281,4606
2021-06-13 04:00:00+00:00,0.8277,0.8335,0.8136,0.8185,3245
2021-06-13 08:00:00+00:00,0.8185,0.8226,0.8096,0.82,4659
2021-06-13 12:00:00+00:00,0.82,0.8288,0.817,0.8233,3484
2021-06-13 16:00:00+00:00,0.8233,0.8361,0.8163,0.8349,2859
2021-06-13 20:00:00+00:00,0.8349,0.8784,0.8349,0.8784,4088
2021-06-14 00:00:00+00:00,0.8735,0.8845,0.8628,0.8711,3854
2021-06-14 04:00:00+00:00,0.8711,0.8775,0.8585,0.8654,5169
2021-06-14 08:00:00+00:00,0.8654,0.8696,0.8595,0.862,3684
2021-06-14 12:00:00+00:00,0.862,0.8675,0.8544,0.8612,2769
2021-06-14 16:00:00+00:00,0.8612,0.9214,0.8601,0.8988,5501
2021-06-14 20:00:00+00:00,0.8988,0.8989,0.8743,0.8768,5516
2021-06-15 00:00:00+00:00,0.8833,0.8932,0.8751,0.8833,5734
2021-06-15 04:00:00+00:00,0.8833,0.8894,0.8676,0.8893,4750
2021-06-15 08:00:00+00:00,0.8888,0.8908,0.8687,0.872,5681
2021-06-15 12:00:00+00:00,0.872,0.8762,0.8644,0.8745,5339
2021-06-15 16:00:00+00:00,0.8745,0.8745,0.8462,0.8618,5093
2021-06-15 20:00:00+00:00,0.8618,0.8747,0.8564,0.8615,5697
2021-06-16 00:00:00+00:00,0.8593,0.8652,0.8523,0.8539,2972
2021-06-16 04:00:00+00:00,0.8539,0.8622,0.8427,0.8591,4207
2021-06-16 08:00:00+00:00,0.8591,0.8646,0.8556,0.8573,3879
2021-06-16 12:00:00+00:00,0.8573,0.8578,0.8273,0.8304,5891
2021-06-16 16:00:00+00:00,0.8304,0.8366,0.8173,0.8218,6878
2021-06-16 20:00:00+00:00,0.8218,0.8402,0.8186,0.8322,7401
2021-06-17 00:00:00+00:00,0.8321,0.8415,0.8193,0.8391,5399
2021-06-17 04:00:00+00:00,0.8391,0.8524,0.8387,0.8474,5814
2021-06-17 08:00:00+00:00,0.8473,0.8523,0.843,0.8469,4745
2021-06-17 12:00:00+00:00,0.8469,0.8507,0.8362,0.8395,3449
2021-06-17 16:00:00+00:00,0.8395,0.8456,0.826,0.83,3943
2021-06-17 20:00:00+00:00,0.83,0.83,0.8146,0.8256,5378
2021-06-18 00:00:00+00:00,0.8234,0.8339,0.8208,0.8264,2443
2021-06-18 04:00:00+00:00,0.8264,0.8349,0.8205,0.8319,3649
2021-06-18 08:00:00+00:00,0.8319,0.8361,0.8256,0.833,2681
2021-06-18 12:00:00+00:00,0.833,0.834,0.8171,0.8183,3867
2021-06-18 16:00:00+00:00,0.8183,0.8218,0.7818,0.7911,6722
2021-06-18 20:00:00+00:00,0.7911,0.7915,0.7613,0.776,7677
2021-06-19 00:00:00+00:00,0.7811,0.791,0.7788,0.7895,3144
2021-06-19 04:00:00+00:00,0.7895,0.7974,0.7735,0.7775,7107
2021-06-19 08:00:00+00:00,0.7775,0.7919,0.7775,0.7879,2909
2021-06-19 12:00:00+00:00,0.7879,0.7952,0.4925,0.7833,2812
2021-06-19 16:00:00+00:00,0.7833,0.7841,0.7778,0.7806,503
2021-06-20 00:00:00+00:00,0.7776,0.7795,0.7214,0.7353,4835
2021-06-20 04:00:00+00:00,0.7353,0.7494,0.7318,0.7492,3583
2021-06-20 08:00:00+00:00,0.7492,0.7571,0.7367,0.7395,3776
2021-06-20 12:00:00+00:00,0.7395,0.7419,0.6886,0.7036,8278
2021-06-20 16:00:00+00:00,0.7036,0.7301,0.7004,0.7236,5146
2021-06-20 20:00:00+00:00,0.7236,0.7658,0.7215,0.7623,5643
2021-06-21 00:00:00+00:00,0.7643,0.7762,0.7531,0.759,5495
2021-06-21 04:00:00+00:00,0.7591,0.7605,0.6976,0.7192,7036
2021-06-21 08:00:00+00:00,0.7192,0.7272,0.6723,0.6871,10350
2021-06-21 12:00:00+00:00,0.6872,0.6973,0.6444,0.6558,13960
2021-06-21 16:00:00+00:00,0.6558,0.6817,0.6452,0.6506,9962
2021-06-21 20:00:00+00:00,0.6506,0.672,0.6441,0.6668,7857
2021-06-22 00:00:00+00:00,0.6588,0.661,0.563,0.5927,14819
2021-06-22 04:00:00+00:00,0.5926,0.6421,0.5922,0.6283,11244
2021-06-22 08:00:00+00:00,0.6283,0.6342,0.5712,0.5791,9261
2021-06-22 12:00:00+00:00,0.5788,0.5915,0.5199,0.5335,14264
2021-06-22 16:00:00+00:00,0.5335,0.583,0.5025,0.5726,15187
2021-06-22 20:00:00+00:00,0.5726,0.5864,0.5568,0.5777,10371
2021-06-23 00:00:00+00:00,0.5744,0.5789,0.5128,0.5518,12397
2021-06-23 04:00:00+00:00,0.5518,0.6114,0.5496,0.5981,11567
2021-06-23 08:00:00+00:00,0.5982,0.6507,0.5913,0.62,10993
2021-06-23 12:00:00+00:00,0.62,0.6442,0.6186,0.6423,8948
2021-06-23 16:00:00+00:00,0.6423,0.6573,0.6037,0.6179,13232
2021-06-23 20:00:00+00:00,0.6179,0.6213,0.5922,0.6108,7949
2021-06-24 00:00:00+00:00,0.6169,0.6542,0.6094,0.6301,8530
2021-06-24 04:00:00+00:00,0.6301,0.6363,0.6078,0.6254,9927
2021-06-24 08:00:00+00:00,0.6254,0.638,0.6231,0.6347,6555
2021-06-24 12:00:00+00:00,0.6347,0.652,0.6322,0.6491,5362
2021-06-24 16:00:00+00:00,0.6491,0.6737,0.6385,0.671,7120
2021-06-24 20:00:00+00:00,0.671,0.684,0.6664,0.6718,6874
2021-06-25 00:00:00+00:00,0.6684,0.676,0.656,0.656,5928
2021-06-25 04:00:00+00:00,0.6561,0.681,0.6478,0.6653,5980
2021-06-25 08:00:00+00:00,0.6654,0.6682,0.6266,0.6381,7362
2021-06-25 12:00:00+00:00,0.6381,0.6411,0.6142,0.627,10506
2021-06-25 16:00:00+00:00,0.627,0.6417,0.5945,0.5997,12242
2021-06-25 20:00:00+00:00,0.5997,0.6212,0.5932,0.6163,6266
2021-06-26 00:00:00+00:00,0.6192,0.6194,0.5962,0.6139,7200
2021-06-26 04:00:00+00:00,0.614,0.6176,0.5971,0.6171,6418
2021-06-26 08:00:00+00:00,0.6171,0.6245,0.5733,0.5787,6950
2021-06-26 12:00:00+00:00,0.5787,0.6041,0.5765,0.5934,6331
2021-06-26 16:00:00+00:00,0.5934,0.6006,0.5837,0.5863,1655
2021-06-27 00:00:00+00:00,0.5856,0.6151,0.5827,0.6114,7861
2021-06-27 04:00:00+00:00,0.6115,0.6246,0.6098,0.6191,5941
2021-06-27 08:00:00+00:00,0.6191,0.62,0.6054,0.6068,4670
2021-06-27 12:00:00+00:00,0.6068,0.6093,0.5944,0.6049,4341
2021-06-27 16:00:00+00:00,0.6049,0.6069,0.5957,0.5981,3504
2021-06-27 20:00:00+00:00,0.5981,0.5989,0.5881,0.5928,4649
2021-06-28 00:00:00+00:00,0.5944,0.6458,0.5905,0.6367,7735
2021-06-28 04:00:00+00:00,0.6367,0.6421,0.6272,0.6285,3511
2021-06-28 08:00:00+00:00,0.6285,0.6405,0.6283,0.6364,4961
2021-06-28 12:00:00+00:00,0.6364,0.6398,0.6156,0.6236,4022
2021-06-28 16:00:00+00:00,0.6236,0.6488,0.6197,0.6419,4713
2021-06-28 20:00:00+00:00,0.6419,0.6471,0.6319,0.642,3353
2021-06-29 00:00:00+00:00,0.6399,0.654,0.6301,0.6512,3557
2021-06-29 04:00:00+00:00,0.6512,0.6517,0.6371,0.6454,3327
2021-06-29 08:00:00+00:00,0.6454,0.6694,0.6404,0.6678,3923
2021-06-29 12:00:00+00:00,0.6672,0.7236,0.6601,0.7001,7086
2021-06-29 16:00:00+00:00,0.7001,0.7199,0.6949,0.7074,8122
2021-06-29 20:00:00+00:00,0.7074,0.7164,0.6983,0.6985,5620
2021-06-30 00:00:00+00:00,0.6996,0.7092,0.6837,0.699,8928
2021-06-30 04:00:00+00:00,0.699,0.699,0.6577,0.6589,7143
2021-06-30 08:00:00+00:00,0.6589,0.6837,0.6569,0.6695,9381
2021-06-30 12:00:00+00:00,0.6695,0.6736,0.6609,0.663,5937
2021-06-30 16:00:00+00:00,0.663,0.666,0.6394,0.6476,7253
2021-06-30 20:00:00+00:00,0.6476,0.6843,0.6476,0.6761,7805
2021-07-01 00:00:00+00:00,0.6814,0.6986,0.6757,0.6834,6286
2021-07-01 04:00:00+00:00,0.6834,0.6883,0.6643,0.6723,5415
2021-07-01 08:00:00+00:00,0.6723,0.6792,0.6454,0.6515,6063
2021-07-01 12:00:00+00:00,0.6515,0.6608,0.643,0.6552,6130
2021-07-01 16:00:00+00:00,0.6552,0.6626,0.6448,0.6449,3964
2021-07-01 20:00:00+00:00,0.6447,0.6607,0.6368,0.6529,4499
2021-07-02 00:00:00+00:00,0.6549,0.6591,0.6485,0.656,4628
2021-07-02 04:00:00+00:00,0.656,0.6569,0.63,0.6377,4979
2021-07-02 08:00:00+00:00,0.6377,0.6455,0.6304,0.6412,3883
2021-07-02 12:00:00+00:00,0.6412,0.6415,0.6247,0.633,4055
2021-07-02 16:00:00+00:00,0.633,0.6436,0.6308,0.6376,4209
2021-07-02 20:00:00+00:00,0.6376,0.6402,0.6313,0.6321,3667
2021-07-03 00:00:00+00:00,0.6394,0.6505,0.6383,0.6399,2878
2021-07-03 04:00:00+00:00,0.6399,0.6434,0.635,0.6419,3581
2021-07-03 08:00:00+00:00,0.6419,0.6741,0.6403,0.6689,6214
2021-07-03 12:00:00+00:00,0.6689,0.6723,0.6567,0.659,3493
2021-07-03 16:00:00+00:00,0.659,0.6629,0.6572,0.6628,665
2021-07-04 00:00:00+00:00,0.6673,0.6763,0.6544,0.6608,4806
2021-07-04 04:00:00+00:00,0.6608,0.6712,0.6571,0.6707,3583
2021-07-04 08:00:00+00:00,0.6707,0.6929,0.6671,0.6856,4243
2021-07-04 12:00:00+00:00,0.6856,0.687,0.6787,0.6803,1805
2021-07-04 16:00:00+00:00,0.6803,0.6911,0.68,0.6857,2635
2021-07-04 20:00:00+00:00,0.6857,0.6972,0.6828,0.6898,2634
2021-07-05 00:00:00+00:00,0.6913,0.7005,0.6802,0.6813,4686
2021-07-05 04:00:00+00:00,0.6813,0.6839,0.6645,0.6666,4112
2021-07-05 08:00:00+00:00,0.6666,0.6702,0.663,0.668,2461
2021-07-05 12:00:00+00:00,0.668,0.6739,0.6365,0.6416,4020
2021-07-05 16:00:00+00:00,0.6416,0.6521,0.6412,0.6471,2500
2021-07-05 20:00:00+00:00,0.6471,0.6596,0.6387,0.6521,4386
2021-07-06 00:00:00+00:00,0.6545,0.6607,0.6432,0.6535,3428
2021-07-06 04:00:00+00:00,0.6535,0.6694,0.6476,0.6673,3932
2021-07-06 08:00:00+00:00,0.6673,0.6718,0.6649,0.6706,3847
2021-07-06 12:00:00+00:00,0.6706,0.6709,0.648,0.6603,5951
2021-07-06 16:00:00+00:00,0.6603,0.6606,0.6497,0.6544,3948
2021-07-06 20:00:00+00:00,0.6544,0.6552,0.6471,0.6505,3511
2021-07-07 00:00:00+00:00,0.6504,0.6591,0.6447,0.6557,4072
2021-07-07 04:00:00+00:00,0.6558,0.6658,0.6529,0.6646,5201
2021-07-07 08:00:00+00:00,0.6646,0.6653,0.6571,0.6602,3427
2021-07-07 12:00:00+00:00,0.6602,0.6645,0.6562,0.6618,2304
2021-07-07 16:00:00+00:00,0.6618,0.6642,0.6515,0.6547,3007
2021-07-07 20:00:00+00:00,0.6547,0.6611,0.6535,0.6576,2390
2021-07-08 00:00:00+00:00,0.6557,0.6569,0.6196,0.6271,4579
2021-07-08 04:00:00+00:00,0.6271,0.6323,0.6218,0.6293,4927
2021-07-08 08:00:00+00:00,0.6293,0.6318,0.6052,0.6138,7268
2021-07-08 12:00:00+00:00,0.6138,0.6184,0.6026,0.6121,5249
2021-07-08 16:00:00+00:00,0.6121,0.6219,0.6072,0.6202,4751
2021-07-08 20:00:00+00:00,0.6202,0.6218,0.6129,0.6129,3020
2021-07-09 00:00:00+00:00,0.6146,0.6173,0.5873,0.5889,3997
2021-07-09 04:00:00+00:00,0.5889,0.6142,0.5833,0.6117,5216
2021-07-09 08:00:00+00:00,0.6117,0.6191,0.6016,0.6037,4326
2021-07-09 12:00:00+00:00,0.6037,0.6116,0.5971,0.6113,3697
2021-07-09 16:00:00+00:00,0.6112,0.637,0.6096,0.6259,6744
2021-07-09 20:00:00+00:00,0.6259,0.6286,0.6149,0.6229,3607
2021-07-10 00:00:00+00:00,0.6274,0.6405,0.6258,0.6332,2653
2021-07-10 04:00:00+00:00,0.6332,0.6335,0.6174,0.6183,2663
2021-07-10 08:00:00+00:00,0.6183,0.6208,0.6128,0.616,2910
2021-07-10 12:00:00+00:00,0.616,0.619,0.6118,0.6158,2353
2021-07-10 16:00:00+00:00,0.6158,0.6163,0.6096,0.6124,602
2021-07-11 00:00:00+00:00,0.611,0.6215,0.6104,0.6183,2093
2021-07-11 04:00:00+00:00,0.6183,0.6201,0.6085,0.6129,1997
2021-07-11 08:00:00+00:00,0.6129,0.6154,0.61,0.6143,2502
2021-07-11 12:00:00+00:00,0.6143,0.6206,0.6129,0.6182,1601
2021-07-11 16:00:00+00:00,0.6182,0.6364,0.6157,0.627,3086
2021-07-11 20:00:00+00:00,0.627,0.6279,0.6203,0.6207,1464
2021-07-12 00:00:00+00:00,0.6213,0.6364,0.6202,0.6316,3071
2021-07-12 04:00:00+00:00,0.6316,0.6466,0.6287,0.6392,3571
2021-07-12 08:00:00+00:00,0.6392,0.6487,0.637,0.6417,2461
2021-07-12 12:00:00+00:00,0.6417,0.6437,0.6238,0.6278,3167
2021-07-12 16:00:00+00:00,0.6278,0.6282,0.6175,0.6196,3806
2021-07-12 20:00:00+00:00,0.6196,0.6203,0.6088,0.6147,4227
2021-07-13 00:00:00+00:00,0.6154,0.6246,0.6151,0.6222,3310
2021-07-13 04:00:00+00:00,0.6222,0.6222,0.618,0.6203,1399
2021-07-13 08:00:00+00:00,0.6203,0.6349,0.6089,0.6275,4188
2021-07-13 12:00:00+00:00,0.6275,0.6292,0.6077,0.6089,4317
2021-07-13 16:00:00+00:00,0.6089,0.618,0.607,0.6168,3394
2021-07-13 20:00:00+00:00,0.6169,0.619,0.5998,0.6093,4190
2021-07-14 00:00:00+00:00,0.6097,0.6143,0.5954,0.5966,2966
2021-07-14 04:00:00+00:00,0.5966,0.603,0.5773,0.59,3966
2021-07-14 08:00:00+00:00,0.59,0.5945,0.5823,0.5855,5700
2021-07-14 12:00:00+00:00,0.5855,0.603,0.5831,0.5975,5584
2021-07-14 16:00:00+00:00,0.5974,0.6149,0.5973,0.61,4909
2021-07-14 20:00:00+00:00,0.61,0.6159,0.6054,0.6095,4589
2021-07-15 00:00:00+00:00,0.6111,0.6166,0.6036,0.6145,2844
2021-07-15 04:00:00+00:00,0.6145,0.6182,0.6024,0.6055,3296
2021-07-15 08:00:00+00:00,0.6055,0.6055,0.5974,0.5998,3256
2021-07-15 12:00:00+00:00,0.5998,0.6059,0.5877,0.5908,4590
2021-07-15 16:00:00+00:00,0.5908,0.5948,0.586,0.5906,2943
2021-07-15 20:00:00+00:00,0.5906,0.5971,0.5791,0.5949,3531
2021-07-16 00:00:00+00:00,0.5973,0.5981,0.5847,0.5914,3227
2021-07-16 04:00:00+00:00,0.5914,0.6105,0.5914,0.6021,3456
2021-07-16 08:00:00+00:00,0.6021,0.6032,0.583,0.5859,2439
2021-07-16 12:00:00+00:00,0.5859,0.5904,0.579,0.588,2802
2021-07-16 16:00:00+00:00,0.588,0.5965,0.5867,0.5937,3239
2021-07-16 20:00:00+00:00,0.5937,0.5946,0.5872,0.5874,1821
2021-07-17 00:00:00+00:00,0.586,0.5895,0.5795,0.5895,2640
2021-07-17 04:00:00+00:00,0.5896,0.5901,0.5519,0.5725,5441
2021-07-17 08:00:00+00:00,0.5726,0.5803,0.5685,0.5764,2079
2021-07-17 12:00:00+00:00,0.5764,0.5778,0.5654,0.571,3021
2021-07-17 16:00:00+00:00,0.571,0.576,0.5698,0.5736,657
2021-07-18 00:00:00+00:00,0.5779,0.5851,0.5733,0.5841,2368
2021-07-18 04:00:00+00:00,0.5841,0.5933,0.5827,0.5839,1662
2021-07-18 08:00:00+00:00,0.5839,0.585,0.5768,0.5792,1710
2021-07-18 12:00:00+00:00,0.5792,0.5821,0.576,0.5801,1097
2021-07-18 16:00:00+00:00,0.5801,0.5811,0.5631,0.5735,2090
2021-07-18 20:00:00+00:00,0.5735,0.5797,0.5722,0.5784,1694
2021-07-19 00:00:00+00:00,0.5774,0.5837,0.5696,0.5704,2824
2021-07-19 04:00:00+00:00,0.5704,0.5782,0.5673,0.5779,2291
2021-07-19 08:00:00+00:00,0.5779,0.5797,0.5694,0.5696,1713
2021-07-19 12:00:00+00:00,0.5696,0.5711,0.5472,0.5497,2852
2021-07-19 16:00:00+00:00,0.5497,0.5541,0.5454,0.5484,3217
2021-07-19 20:00:00+00:00,0.5484,0.5535,0.5462,0.5508,2142
2021-07-20 00:00:00+00:00,0.5521,0.5614,0.5472,0.5484,2664
2021-07-20 04:00:00+00:00,0.5484,0.5497,0.5104,0.5187,4840
2021-07-20 08:00:00+00:00,0.5187,0.5255,0.5182,0.5194,2099
2021-07-20 12:00:00+00:00,0.5194,0.5219,0.5074,0.5187,2577
2021-07-20 16:00:00+00:00,0.5187,0.5278,0.5121,0.5195,2689
2021-07-20 20:00:00+00:00,0.5195,0.5269,0.5195,0.5243,1465
2021-07-21 00:00:00+00:00,0.5249,0.525,0.5115,0.512,2075
2021-07-21 04:00:00+00:00,0.512,0.5413,0.5109,0.5383,2655
2021-07-21 08:00:00+00:00,0.5383,0.5395,0.5345,0.5369,2023
2021-07-21 12:00:00+00:00,0.5369,0.5517,0.5355,0.5449,2940
2021-07-21 16:00:00+00:00,0.5449,0.5745,0.5449,0.5645,3726
2021-07-21 20:00:00+00:00,0.5645,0.5751,0.552,0.555,3212
2021-07-22 00:00:00+00:00,0.5536,0.5699,0.5508,0.5608,2068
2021-07-22 04:00:00+00:00,0.5608,0.5709,0.5522,0.566,1969
2021-07-22 08:00:00+00:00,0.566,0.5816,0.5591,0.5694,2424
2021-07-22 12:00:00+00:00,0.5694,0.5704,0.5545,0.5659,2285
2021-07-22 16:00:00+00:00,0.5659,0.5839,0.5649,0.5801,2209
2021-07-22 20:00:00+00:00,0.5801,0.5943,0.5799,0.5849,1887
2021-07-23 00:00:00+00:00,0.5852,0.5893,0.5779,0.587,1614
2021-07-23 04:00:00+00:00,0.587,0.5961,0.5856,0.5941,2060
2021-07-23 08:00:00+00:00,0.5941,0.6003,0.5797,0.5805,1899
2021-07-23 12:00:00+00:00,0.5805,0.5863,0.5795,0.5861,1836
2021-07-23 16:00:00+00:00,0.5861,0.59,0.5665,0.5699,1797
2021-07-23 20:00:00+00:00,0.5699,0.5823,0.5676,0.5785,1331
2021-07-24 00:00:00+00:00,0.5842,0.6029,0.5839,0.5981,1655
2021-07-24 04:00:00+00:00,0.5981,0.6028,0.5943,0.598,1369
2021-07-24 08:00:00+00:00,0.598,0.6062,0.5941,0.5948,1966
2021-07-24 12:00:00+00:00,0.5948,0.6023,0.5948,0.6001,2781
2021-07-24 16:00:00+00:00,0.6001,0.601,0.5986,0.6002,329
2021-07-25 00:00:00+00:00,0.5936,0.6039,0.5901,0.5926,3243
2021-07-25 04:00:00+00:00,0.5926,0.5988,0.5886,0.5975,3383
2021-07-25 08:00:00+00:00,0.5975,0.6025,0.5954,0.5975,3012
2021-07-25 12:00:00+00:00,0.5975,0.5991,0.5907,0.5916,2463
2021-07-25 16:00:00+00:00,0.5916,0.5934,0.582,0.5847,1891
2021-07-25 20:00:00+00:00,0.5847,0.5923,0.5835,0.5915,1328
2021-07-26 00:00:00+00:00,0.5917,0.612,0.5913,0.6103,1878
2021-07-26 04:00:00+00:00,0.6103,0.6617,0.6103,0.6528,6334
2021-07-26 08:00:00+00:00,0.6528,0.6674,0.6369,0.6449,4149
2021-07-26 12:00:00+00:00,0.6451,0.6555,0.644,0.6503,2482
2021-07-26 16:00:00+00:00,0.6503,0.6536,0.638,0.6523,2219
2021-07-26 20:00:00+00:00,0.6523,0.6697,0.6187,0.6216,3526
2021-07-27 00:00:00+00:00,0.6164,0.6258,0.6067,0.6195,3316
2021-07-27 04:00:00+00:00,0.6195,0.6209,0.6032,0.6142,3001
2021-07-27 08:00:00+00:00,0.6142,0.6217,0.6131,0.6196,2053
2021-07-27 12:00:00+00:00,0.6196,0.6377,0.6171,0.6366,4792
2021-07-27 16:00:00+00:00,0.6366,0.639,0.6211,0.6216,6714
2021-07-27 20:00:00+00:00,0.6215,0.63,0.619,0.6283,4180
2021-07-28 00:00:00+00:00,0.6294,0.639,0.6262,0.6308,4930
2021-07-28 04:00:00+00:00,0.6307,0.6406,0.6277,0.6308,5520
2021-07-28 08:00:00+00:00,0.6308,0.7392,0.6242,0.7194,12769
2021-07-28 12:00:00+00:00,0.7197,0.7451,0.7028,0.7052,13854
2021-07-28 16:00:00+00:00,0.7052,0.7126,0.6921,0.7062,8655
2021-07-28 20:00:00+00:00,0.7063,0.7198,0.6812,0.6993,9185
2021-07-29 00:00:00+00:00,0.6969,0.7312,0.6918,0.6982,7340
2021-07-29 04:00:00+00:00,0.6979,0.7036,0.6888,0.6984,6241
2021-07-29 08:00:00+00:00,0.6984,0.7063,0.6922,0.6949,4994
2021-07-29 12:00:00+00:00,0.695,0.7054,0.6713,0.6947,5716
2021-07-29 16:00:00+00:00,0.6946,0.7028,0.6931,0.6945,4937
2021-07-29 20:00:00+00:00,0.6945,0.7102,0.6934,0.7087,4236
2021-07-30 00:00:00+00:00,0.706,0.7579,0.6986,0.7413,8282
2021-07-30 04:00:00+00:00,0.7413,0.7531,0.7357,0.7401,6037
2021-07-30 08:00:00+00:00,0.7401,0.7438,0.7082,0.7141,5413
2021-07-30 12:00:00+00:00,0.7141,0.7184,0.7033,0.712,8246
2021-07-30 16:00:00+00:00,0.712,0.7172,0.7098,0.7118,3687
2021-07-30 20:00:00+00:00,0.7117,0.7521,0.7117,0.7448,7345
2021-07-31 00:00:00+00:00,0.7393,0.7503,0.7328,0.7458,6278
2021-07-31 04:00:00+00:00,0.7458,0.7473,0.7336,0.7425,5473
2021-07-31 08:00:00+00:00,0.7425,0.7435,0.7285,0.7404,3559
2021-07-31 12:00:00+00:00,0.7404,0.751,0.7386,0.7435,3351
2021-07-31 16:00:00+00:00,0.7435,0.7437,0.7357,0.7378,878
2021-08-01 00:00:00+00:00,0.743,0.7571,0.7319,0.7518,4029
2021-08-01 04:00:00+00:00,0.7518,0.7689,0.7454,0.759,5120
2021-08-01 08:00:00+00:00,0.759,0.7696,0.7508,0.758,4704
2021-08-01 12:00:00+00:00,0.758,0.7623,0.746,0.7513,3269
2021-08-01 16:00:00+00:00,0.7513,0.7536,0.734,0.7498,4275
2021-08-01 20:00:00+00:00,0.7498,0.7577,0.737,0.7539,4911
2021-08-02 00:00:00+00:00,0.7533,0.7534,0.698,0.7102,6198
2021-08-02 04:00:00+00:00,0.7102,0.7312,0.7072,0.7233,4529
2021-08-02 08:00:00+00:00,0.7233,0.7649,0.7228,0.7368,5472
2021-08-02 12:00:00+00:00,0.7368,0.748,0.728,0.7357,5650
2021-08-02 16:00:00+00:00,0.7357,0.7478,0.7332,0.7429,5268
2021-08-02 20:00:00+00:00,0.7429,0.7445,0.723,0.7247,4396
2021-08-03 00:00:00+00:00,0.7282,0.7382,0.7183,0.7279,4382
2021-08-03 04:00:00+00:00,0.7279,0.7281,0.7072,0.7089,5138
2021-08-03 08:00:00+00:00,0.7089,0.7158,0.7022,0.7057,4752
2021-08-03 12:00:00+00:00,0.7057,0.7127,0.6934,0.7088,4720
2021-08-03 16:00:00+00:00,0.7088,0.7139,0.6987,0.7082,4955
2021-08-03 20:00:00+00:00,0.7082,0.7094,0.6929,0.702,4716
2021-08-04 00:00:00+00:00,0.7033,0.7163,0.7015,0.7121,3931
2021-08-04 04:00:00+00:00,0.7121,0.7136,0.6997,0.7029,3290
2021-08-04 08:00:00+00:00,0.7029,0.7083,0.6879,0.693,2660
2021-08-04 12:00:00+00:00,0.6931,0.71,0.6893,0.71,4466
2021-08-04 16:00:00+00:00,0.71,0.7282,0.7059,0.7282,4882
2021-08-04 20:00:00+00:00,0.7282,0.7297,0.7192,0.7263,5292
2021-08-05 00:00:00+00:00,0.7267,0.7311,0.7154,0.7164,4018
2021-08-05 04:00:00+00:00,0.7165,0.7222,0.7102,0.7187,5199
2021-08-05 08:00:00+00:00,0.7187,0.7214,0.7051,0.7057,3579
2021-08-05 12:00:00+00:00,0.7057,0.7088,0.6922,0.7059,5421
2021-08-05 16:00:00+00:00,0.7059,0.7169,0.698,0.7149,5805
2021-08-05 20:00:00+00:00,0.7149,0.7278,0.7137,0.7233,4566
2021-08-06 00:00:00+00:00,0.7249,0.7336,0.7202,0.7214,3981
2021-08-06 04:00:00+00:00,0.7214,0.7271,0.7199,0.7215,4158
2021-08-06 08:00:00+00:00,0.7215,0.7307,0.7211,0.7289,3217
2021-08-06 12:00:00+00:00,0.7289,0.7289,0.7143,0.7197,3552
2021-08-06 16:00:00+00:00,0.7197,0.7443,0.7188,0.7372,4528
2021-08-06 20:00:00+00:00,0.7372,0.7451,0.7368,0.7403,3989
2021-08-07 00:00:00+00:00,0.736,0.7478,0.7331,0.7473,2086
2021-08-07 04:00:00+00:00,0.7474,0.7614,0.7435,0.753,5872
2021-08-07 08:00:00+00:00,0.753,0.7598,0.7501,0.7568,3820
2021-08-07 12:00:00+00:00,0.7568,0.7917,0.7558,0.7672,8696
2021-08-07 16:00:00+00:00,0.7672,0.7752,0.7605,0.7637,2244
2021-08-08 00:00:00+00:00,0.7993,0.8333,0.7881,0.8219,8087
2021-08-08 04:00:00+00:00,0.8219,0.8223,0.7896,0.809,7982
2021-08-08 08:00:00+00:00,0.809,0.827,0.8022,0.8035,7262
2021-08-08 12:00:00+00:00,0.8035,0.8118,0.7853,0.8033,5996
2021-08-08 16:00:00+00:00,0.8033,0.8099,0.7683,0.7697,7827
2021-08-08 20:00:00+00:00,0.7697,0.7834,0.7639,0.7766,7552
2021-08-09 00:00:00+00:00,0.7799,0.7887,0.7541,0.7569,6025
2021-08-09 04:00:00+00:00,0.7569,0.7986,0.7517,0.7859,5704
2021-08-09 08:00:00+00:00,0.7858,0.7997,0.7753,0.7974,5352
2021-08-09 12:00:00+00:00,0.7974,0.8216,0.7942,0.8158,8123
2021-08-09 16:00:00+00:00,0.8158,0.8249,0.8072,0.8168,7361
2021-08-09 20:00:00+00:00,0.8169,0.8274,0.8035,0.8035,5908
2021-08-10 00:00:00+00:00,0.8055,0.8223,0.7959,0.8123,5316
2021-08-10 04:00:00+00:00,0.8123,0.8149,0.7996,0.8091,3834
2021-08-10 08:00:00+00:00,0.8091,0.8193,0.8067,0.819,4121
2021-08-10 12:00:00+00:00,0.819,0.8566,0.805,0.8472,7663
2021-08-10 16:00:00+00:00,0.8471,0.8528,0.8098,0.8132,8306
2021-08-10 20:00:00+00:00,0.8132,0.8458,0.8132,0.8422,4892
2021-08-11 00:00:00+00:00,0.8464,0.8782,0.84,0.8688,6843
2021-08-11 04:00:00+00:00,0.8688,0.8842,0.8652,0.8777,5801
2021-08-11 08:00:00+00:00,0.8777,0.9018,0.8759,0.8915,7315
2021-08-11 12:00:00+00:00,0.8915,0.8995,0.876,0.8807,6972
2021-08-11 16:00:00+00:00,0.8807,0.9753,0.8794,0.9621,11279
2021-08-11 20:00:00+00:00,0.9621,1.0849,0.959,1.0298,13488
2021-08-12 00:00:00+00:00,1.0087,1.0367,0.9872,1.0235,13815
2021-08-12 04:00:00+00:00,1.0235,1.0418,1.0011,1.0041,9924
2021-08-12 08:00:00+00:00,1.0041,1.0164,0.9502,0.999,13978
2021-08-12 12:00:00+00:00,0.999,1.016,0.9581,0.9698,10315
2021-08-12 16:00:00+00:00,0.9703,0.9831,0.9246,0.941,10663
2021-08-12 20:00:00+00:00,0.941,0.9748,0.9357,0.9599,8506
2021-08-13 00:00:00+00:00,0.9532,0.9811,0.922,0.971,9483
2021-08-13 04:00:00+00:00,0.971,0.9962,0.9671,0.9863,5932
2021-08-13 08:00:00+00:00,0.9863,1.0488,0.9829,1.0364,8631
2021-08-13 12:00:00+00:00,1.0364,1.0541,1.0201,1.0352,7856
2021-08-13 16:00:00+00:00,1.0352,1.0374,0.9946,1.0352,8272
2021-08-13 20:00:00+00:00,1.0352,1.065,1.0096,1.0517,7401
2021-08-14 00:00:00+00:00,1.0565,1.1088,1.0468,1.0841,7099
2021-08-14 04:00:00+00:00,1.0841,1.0967,1.0744,1.0805,7312
2021-08-14 08:00:00+00:00,1.0805,1.1902,1.0803,1.166,9915
2021-08-14 12:00:00+00:00,1.1663000000000001,1.1908,1.0991,1.1368,12073
2021-08-14 16:00:00+00:00,1.1368,1.16,1.1302,1.1595,2405
2021-08-15 00:00:00+00:00,1.2197,1.3088,1.2157,1.3003,10988
2021-08-15 04:00:00+00:00,1.3003,1.3483,1.279,1.3108,10875
2021-08-15 08:00:00+00:00,1.3108,1.3428,1.2255,1.2713,11634
2021-08-15 12:00:00+00:00,1.2713,1.3206,1.2537,1.2636,11372
2021-08-15 16:00:00+00:00,1.2636,1.2893,1.2324,1.2493,9948
2021-08-15 20:00:00+00:00,1.2493,1.3127,1.24,1.2978,9048
2021-08-16 00:00:00+00:00,1.3031,1.3087,1.258,1.2934,8812
2021-08-16 04:00:00+00:00,1.2934,1.3274,1.276,1.2789,7825
2021-08-16 08:00:00+00:00,1.2789,1.3079,1.2763,1.2777,7378
2021-08-16 12:00:00+00:00,1.2777,1.2913999999999999,1.2548,1.2792,7479
2021-08-16 16:00:00+00:00,1.2792,1.2807,1.2065,1.2363,10052
2021-08-16 20:00:00+00:00,1.2363,1.2446,1.143,1.1802,9229
2021-08-17 00:00:00+00:00,1.1836,1.2243,1.1213,1.1602999999999999,11207
2021-08-17 04:00:00+00:00,1.1601,1.2227000000000001,1.1582,1.2051,10026
2021-08-17 08:00:00+00:00,1.2051,1.209,1.1493,1.1884000000000001,10361
2021-08-17 12:00:00+00:00,1.1884000000000001,1.2224,1.1871,1.1974,10130
2021-08-17 16:00:00+00:00,1.1974,1.2093,1.155,1.1673,9884
2021-08-17 20:00:00+00:00,1.1669,1.1944,1.112,1.1413,10420
2021-08-18 00:00:00+00:00,1.1362,1.1365,1.0694,1.0893,10975
2021-08-18 04:00:00+00:00,1.0893,1.1238,1.0505,1.1094,11869
2021-08-18 08:00:00+00:00,1.1094,1.1381000000000001,1.0911,1.112,9442
2021-08-18 12:00:00+00:00,1.1117,1.1231,1.0611,1.0916,11511
2021-08-18 16:00:00+00:00,1.0916,1.1764999999999999,1.0914,1.1738,11400
2021-08-18 20:00:00+00:00,1.1739,1.1947,1.1165,1.1186,14491
2021-08-19 00:00:00+00:00,1.1234,1.1822,1.1058,1.1671,11597
2021-08-19 04:00:00+00:00,1.1671,1.1671,1.1075,1.1219999999999999,12165
2021-08-19 08:00:00+00:00,1.1223,1.1376,1.1112,1.1299,10456
2021-08-19 12:00:00+00:00,1.1299,1.1378,1.0892,1.1134,9389
2021-08-19 16:00:00+00:00,1.1134,1.1561,1.1046,1.1366,10414
2021-08-19 20:00:00+00:00,1.1364,1.2083,1.1272,1.2071,11231
2021-08-20 00:00:00+00:00,1.2083,1.2366,1.1964,1.2216,10433
2021-08-20 04:00:00+00:00,1.2216,1.2273,1.1981,1.2207,9928
2021-08-20 08:00:00+00:00,1.2207,1.2578,1.2074,1.2382,9407
2021-08-20 12:00:00+00:00,1.2382,1.2584,1.2313,1.2434,8898
2021-08-20 16:00:00+00:00,1.2434,1.2873999999999999,1.2426,1.2598,11234
2021-08-20 20:00:00+00:00,1.2598,1.2652999999999999,1.2234,1.2534,8001
2021-08-21 00:00:00+00:00,1.2585,1.2681,1.23,1.2337,5796
2021-08-21 04:00:00+00:00,1.2337,1.2821,1.2315,1.2566,7247
2021-08-21 08:00:00+00:00,1.2566,1.2699,1.2501,1.2558,6667
2021-08-21 12:00:00+00:00,1.2558,1.2636,1.2142,1.2474,7482
2021-08-21 16:00:00+00:00,1.2473,1.2522,1.2408,1.2417,1819
2021-08-22 00:00:00+00:00,1.21,1.2335,1.21,1.2242,5381
2021-08-22 04:00:00+00:00,1.2242,1.2407,1.2177,1.2353,5537
2021-08-22 08:00:00+00:00,1.2353,1.2530999999999999,1.2267000000000001,1.2378,5065
2021-08-22 12:00:00+00:00,1.2378,1.2543,1.2226,1.2273,5113
2021-08-22 16:00:00+00:00,1.2271,1.2304,1.1775,1.2062,7363
2021-08-22 20:00:00+00:00,1.2062,1.2114,1.1801,1.191,6522
2021-08-23 00:00:00+00:00,1.1873,1.2359,1.1847,1.232,6538
2021-08-23 04:00:00+00:00,1.2318,1.2549000000000001,1.225,1.2484,7456
2021-08-23 08:00:00+00:00,1.2484,1.3029,1.2299,1.2958,7273
2021-08-23 12:00:00+00:00,1.2958,1.2988,1.2646,1.2767,7649
2021-08-23 16:00:00+00:00,1.2764,1.2933,1.2026,1.2446,8873
2021-08-23 20:00:00+00:00,1.2446,1.248,1.2186,1.2406,6710
2021-08-24 00:00:00+00:00,1.2452,1.2582,1.2193,1.2294,5855
2021-08-24 04:00:00+00:00,1.2294,1.2406,1.2151,1.2375,5872
2021-08-24 08:00:00+00:00,1.2375,1.2641,1.2327,1.2473,5020
2021-08-24 12:00:00+00:00,1.2474,1.254,1.2255,1.2352,5963
2021-08-24 16:00:00+00:00,1.2352,1.2362,1.1235,1.1515,11560
2021-08-24 20:00:00+00:00,1.1514,1.1818,1.1451,1.18,10637
2021-08-25 00:00:00+00:00,1.1777,1.1814,1.1327,1.1583,8088
2021-08-25 04:00:00+00:00,1.1583,1.1703000000000001,1.1415,1.1507,7939
2021-08-25 08:00:00+00:00,1.1507,1.1766,1.1107,1.114,7677
2021-08-25 12:00:00+00:00,1.114,1.1588,1.1067,1.1564,10253
2021-08-25 16:00:00+00:00,1.1561,1.1757,1.1233,1.1696,9411
2021-08-25 20:00:00+00:00,1.1696,1.1761,1.1515,1.1568,6644
2021-08-26 00:00:00+00:00,1.1581,1.1853,1.153,1.1832,7003
2021-08-26 04:00:00+00:00,1.1832,1.1855,1.1301,1.1432,8609
2021-08-26 08:00:00+00:00,1.1432,1.1469,1.1006,1.1179999999999999,10830
2021-08-26 12:00:00+00:00,1.1179999999999999,1.1251,1.0668,1.0926,9740
2021-08-26 16:00:00+00:00,1.0926,1.1212,1.0625,1.0831,10862
2021-08-26 20:00:00+00:00,1.0831,1.0953,1.0671,1.095,8243
2021-08-27 00:00:00+00:00,1.0962,1.1095,1.049,1.0775,8344
2021-08-27 04:00:00+00:00,1.0771,1.1006,1.057,1.0726,9257
2021-08-27 08:00:00+00:00,1.0726,1.1069,1.0698,1.0928,8521
2021-08-27 12:00:00+00:00,1.0928,1.1282,1.0867,1.116,8163
2021-08-27 16:00:00+00:00,1.1161,1.1579,1.1033,1.1352,9871
2021-08-27 20:00:00+00:00,1.1352,1.1555,1.1274,1.151,6834
2021-08-28 00:00:00+00:00,1.161,1.1971,1.1534,1.1839,7581
2021-08-28 04:00:00+00:00,1.1839,1.1878,1.162,1.1672,5540
2021-08-28 08:00:00+00:00,1.1673,1.1694,1.1506,1.1611,4967
2021-08-28 12:00:00+00:00,1.1611,1.1732,1.1415,1.156,6264
2021-08-28 16:00:00+00:00,1.156,1.1576,1.1457,1.1508,1856
2021-08-29 00:00:00+00:00,1.1431,1.1648,1.1374,1.1631,4896
2021-08-29 04:00:00+00:00,1.1631,1.167,1.1109,1.1222,6407
2021-08-29 08:00:00+00:00,1.1222,1.1468,1.1203,1.1394,4458
2021-08-29 12:00:00+00:00,1.1394,1.1497,1.1317,1.1376,5568
2021-08-29 16:00:00+00:00,1.1376,1.1446,1.1186,1.1406,5208
2021-08-29 20:00:00+00:00,1.1406,1.1591,1.1347,1.1522000000000001,4478
2021-08-30 00:00:00+00:00,1.1538,1.163,1.1278,1.1301,5621
2021-08-30 04:00:00+00:00,1.1301,1.1407,1.1179000000000001,1.1222,5180
2021-08-30 08:00:00+00:00,1.1222,1.1437,1.1193,1.1384,5295
2021-08-30 12:00:00+00:00,1.1384,1.1398,1.1109,1.1149,4762
2021-08-30 16:00:00+00:00,1.1149,1.1357,1.1034,1.1357,4980
2021-08-30 20:00:00+00:00,1.1357,1.1474,1.1292,1.1436,4280
2021-08-31 00:00:00+00:00,1.142,1.1427,1.0897000000000001,1.1104,6583
2021-08-31 04:00:00+00:00,1.1107,1.1309,1.105,1.1193,4624
2021-08-31 08:00:00+00:00,1.1193,1.1387,1.1042,1.1289,5328
2021-08-31 12:00:00+00:00,1.1289,1.1488,1.1126,1.1417,5977
2021-08-31 16:00:00+00:00,1.1425,1.2418,1.1246,1.2006999999999999,9680
2021-08-31 20:00:00+00:00,1.2006999999999999,1.2166,1.1559,1.1792,11331
2021-09-01 00:00:00+00:00,1.1716,1.197,1.1486,1.1606,8454
2021-09-01 04:00:00+00:00,1.1606,1.1919,1.1569,1.1907,7073
2021-09-01 08:00:00+00:00,1.1908,1.2086999999999999,1.1803,1.1857,6644
2021-09-01 12:00:00+00:00,1.1855,1.2149,1.1837,1.203,6744
2021-09-01 16:00:00+00:00,1.203,1.2238,1.1827,1.2238,8673
2021-09-01 20:00:00+00:00,1.2238,1.2238,1.2003,1.2045,6706
2021-09-02 00:00:00+00:00,1.2076,1.2379,1.2065,1.2258,6638
2021-09-02 04:00:00+00:00,1.2258,1.2582,1.222,1.2389000000000001,7743
2021-09-02 08:00:00+00:00,1.2389000000000001,1.2692,1.2344,1.2607,8261
2021-09-02 12:00:00+00:00,1.2607,1.2936,1.2513,1.2819,7478
2021-09-02 16:00:00+00:00,1.2819,1.291,1.2347,1.2565,10051
2021-09-02 20:00:00+00:00,1.2566,1.2706,1.2453,1.2677,6961
2021-09-03 00:00:00+00:00,1.2635,1.2774,1.219,1.2328000000000001,8509
2021-09-03 04:00:00+00:00,1.2328000000000001,1.2888,1.226,1.284,9246
2021-09-03 08:00:00+00:00,1.284,1.2859,1.2557,1.278,6097
2021-09-03 12:00:00+00:00,1.278,1.2878,1.2591,1.2838,8346
2021-09-03 16:00:00+00:00,1.2838,1.3216999999999999,1.2667,1.2987,8783
2021-09-03 20:00:00+00:00,1.2987,1.3169,1.2814,1.2931,6280
2021-09-04 00:00:00+00:00,1.2981,1.2987,1.2709,1.2861,4949
2021-09-04 04:00:00+00:00,1.2861,1.2866,1.2646,1.2772000000000001,4784
2021-09-04 08:00:00+00:00,1.2772000000000001,1.2861,1.2692999999999999,1.2777,4805
2021-09-04 12:00:00+00:00,1.2777,1.2827,1.2589000000000001,1.2772000000000001,5466
2021-09-04 16:00:00+00:00,1.2771,1.2784,1.2663,1.2684,1234
2021-09-05 00:00:00+00:00,1.2555,1.2645,1.2413,1.2598,4625
2021-09-05 04:00:00+00:00,1.2598,1.2629000000000001,1.2423,1.2488,4664
2021-09-05 08:00:00+00:00,1.2488,1.2584,1.2349,1.258,4516
2021-09-05 12:00:00+00:00,1.258,1.2678,1.2541,1.2623,5302
2021-09-05 16:00:00+00:00,1.2623,1.298,1.2605,1.2852000000000001,6668
2021-09-05 20:00:00+00:00,1.2852000000000001,1.3058,1.2807,1.3053,4780
2021-09-06 00:00:00+00:00,1.3021,1.3378999999999999,1.2883,1.3344,6389
2021-09-06 04:00:00+00:00,1.3355000000000001,1.3381,1.3129,1.3215,5375
2021-09-06 08:00:00+00:00,1.3215,1.3338999999999999,1.3126,1.32,4849
2021-09-06 12:00:00+00:00,1.32,1.3939,1.3142,1.3393,11059
2021-09-06 16:00:00+00:00,1.3393,1.3831,1.336,1.3719999999999999,8880
2021-09-06 20:00:00+00:00,1.3719999999999999,1.3982,1.3697,1.3894,9058
2021-09-07 00:00:00+00:00,1.3908,1.4143,1.3594,1.3676,8914
2021-09-07 04:00:00+00:00,1.3676,1.3818,1.3575,1.3685,6082
2021-09-07 08:00:00+00:00,1.3685,1.3769,1.2844,1.2961,10254
2021-09-07 12:00:00+00:00,1.2961,1.3113000000000001,1.252,1.2858,11110
2021-09-07 16:00:00+00:00,1.2858,1.293,0.9497,1.146,16717
2021-09-07 20:00:00+00:00,1.1458,1.1485,1.0211,1.0886,16757
2021-09-08 00:00:00+00:00,1.093,1.137,1.0672,1.134,10617
2021-09-08 04:00:00+00:00,1.1339,1.1423,1.0839,1.0998,9797
2021-09-08 08:00:00+00:00,1.0998,1.1118,1.0093,1.0644,13308
2021-09-08 12:00:00+00:00,1.0643,1.1064,1.0527,1.0854,11796
2021-09-08 16:00:00+00:00,1.0855,1.1116,1.0654,1.1082,11710
2021-09-08 20:00:00+00:00,1.1082,1.1103,1.078,1.0848,7977
2021-09-09 00:00:00+00:00,1.0887,1.1274,1.0725,1.1146,8708
2021-09-09 04:00:00+00:00,1.1146,1.1148,1.0743,1.0919,8270
2021-09-09 08:00:00+00:00,1.0919,1.1320000000000001,1.0861,1.1198,7458
2021-09-09 12:00:00+00:00,1.1201,1.1293,1.0675,1.1043,8594
2021-09-09 16:00:00+00:00,1.1043,1.123,1.0989,1.1158,8288
2021-09-09 20:00:00+00:00,1.1158,1.1173,1.0758,1.0827,7463
2021-09-10 00:00:00+00:00,1.0858,1.1018,1.076,1.0941,6033
2021-09-10 04:00:00+00:00,1.0941,1.2386,1.0939,1.125,11114
2021-09-10 08:00:00+00:00,1.125,1.1338,1.0426,1.0755,9253
2021-09-10 12:00:00+00:00,1.0755,1.0915,1.0607,1.0836,8763
2021-09-10 16:00:00+00:00,1.0836,1.0958,1.027,1.0604,11016
2021-09-10 20:00:00+00:00,1.0602,1.0806,1.0545,1.0608,5638
2021-09-11 00:00:00+00:00,1.0335,1.0647,1.0272,1.0619,6063
2021-09-11 04:00:00+00:00,1.0623,1.0717,1.045,1.0639,5942
2021-09-11 08:00:00+00:00,1.0639,1.072,1.0488,1.0639,6519
2021-09-11 12:00:00+00:00,1.0639,1.1071,1.0561,1.0927,7526
2021-09-11 16:00:00+00:00,1.0927,1.1002,1.0844,1.0907,1841
2021-09-12 00:00:00+00:00,1.083,1.0891,1.0545,1.061,5713
2021-09-12 04:00:00+00:00,1.061,1.0765,1.0522,1.0715,4985
2021-09-12 08:00:00+00:00,1.0715,1.0951,1.0655000000000001,1.0934,4648
2021-09-12 12:00:00+00:00,1.0934,1.1032,1.0842,1.0968,3139
2021-09-12 16:00:00+00:00,1.0968,1.111,1.0941,1.0987,2964
2021-09-12 20:00:00+00:00,1.0987,1.1126,1.0763,1.0778,3883
2021-09-13 00:00:00+00:00,1.0802,1.1218,1.0728,1.1041,6265
2021-09-13 04:00:00+00:00,1.1041,1.1087,1.0538,1.0636,8462
2021-09-13 08:00:00+00:00,1.0636,1.07,1.0283,1.038,8797
2021-09-13 12:00:00+00:00,1.038,1.061,1.0331,1.0506,6988
2021-09-13 16:00:00+00:00,1.0509,1.0937000000000001,1.0201,1.0463,10865
2021-09-13 20:00:00+00:00,1.0463,1.0658,1.0434,1.0646,4737
2021-09-14 00:00:00+00:00,1.0664,1.072,1.0512,1.0678,6314
2021-09-14 04:00:00+00:00,1.0678,1.0722,1.0584,1.0633,5031
2021-09-14 08:00:00+00:00,1.0633,1.0777,1.0599,1.0747,4800
2021-09-14 12:00:00+00:00,1.0747,1.0782,1.0539,1.0728,5241
2021-09-14 16:00:00+00:00,1.073,1.0833,1.0569,1.0721,5999
2021-09-14 20:00:00+00:00,1.0721,1.0771,1.0625,1.0734,3762
2021-09-15 00:00:00+00:00,1.0746,1.093,1.0624,1.0873,4956
2021-09-15 04:00:00+00:00,1.0873,1.0894,1.0757,1.0762,4318
2021-09-15 08:00:00+00:00,1.0762,1.0887,1.0732,1.0822,4277
2021-09-15 12:00:00+00:00,1.0822,1.092,1.0785,1.0822,4234
2021-09-15 16:00:00+00:00,1.0822,1.1109,1.08,1.1029,5415
2021-09-15 20:00:00+00:00,1.1029,1.1243,1.1013,1.1121,4383
2021-09-16 00:00:00+00:00,1.1148,1.1248,1.1044,1.1061,4484
2021-09-16 04:00:00+00:00,1.1063,1.1118999999999999,1.0877,1.1111,6081
2021-09-16 08:00:00+00:00,1.1111,1.1229,1.1062,1.1097,3942
2021-09-16 12:00:00+00:00,1.1097,1.1174,1.0968,1.108,4452
2021-09-16 16:00:00+00:00,1.1078999999999999,1.11,1.0793,1.0962,7047
2021-09-16 20:00:00+00:00,1.0962,1.0991,1.0614,1.0645,5243
2021-09-17 00:00:00+00:00,1.0724,1.0873,1.0654,1.0806,3546
2021-09-17 04:00:00+00:00,1.0806,1.096,1.0782,1.0944,3370
2021-09-17 08:00:00+00:00,1.0944,1.0973,1.0793,1.0854,4169
2021-09-17 12:00:00+00:00,1.0854,1.0876,1.0458,1.0602,6969
2021-09-17 16:00:00+00:00,1.0602,1.0708,1.051,1.0683,4474
2021-09-17 20:00:00+00:00,1.0683,1.074,1.0552,1.0619,5704
2021-09-18 00:00:00+00:00,1.0652,1.069,1.05,1.0673,3872
2021-09-18 04:00:00+00:00,1.0673,1.0787,1.0624,1.0778,2730
2021-09-18 08:00:00+00:00,1.0778,1.0895,1.0748,1.0807,2534
2021-09-18 12:00:00+00:00,1.0807,1.0875,1.0715,1.0834,2635
2021-09-18 16:00:00+00:00,1.0834,1.0856,1.0745,1.0796999999999999,876
2021-09-19 00:00:00+00:00,1.0623,1.0717,1.0623,1.0647,3023
2021-09-19 04:00:00+00:00,1.0647,1.0728,1.0592,1.0673,2773
2021-09-19 08:00:00+00:00,1.0673,1.0782,1.0647,1.0757,2116
2021-09-19 12:00:00+00:00,1.0757,1.0785,1.0509,1.0574,4767
2021-09-19 16:00:00+00:00,1.0574,1.0658,1.0517,1.0616,3385
2021-09-19 20:00:00+00:00,1.0616,1.0724,1.0536,1.0703,2938
2021-09-20 00:00:00+00:00,1.0688,1.0691,0.9932,1.0111,7213
2021-09-20 04:00:00+00:00,1.0111,1.0227,0.963,0.9823,9131
2021-09-20 08:00:00+00:00,0.9823,0.9889,0.9425,0.9649,7304
2021-09-20 12:00:00+00:00,0.9649,0.9701,0.8701,0.9113,14216
2021-09-20 16:00:00+00:00,0.9115,0.9433,0.8998,0.9273,13019
2021-09-20 20:00:00+00:00,0.9273,0.9362,0.8976,0.9127,9704
2021-09-21 00:00:00+00:00,0.9182,0.9357,0.8606,0.8871,10941
2021-09-21 04:00:00+00:00,0.8872,0.9518,0.8846,0.9267,10393
2021-09-21 08:00:00+00:00,0.9267,0.9521,0.9179,0.9439,8341
2021-09-21 12:00:00+00:00,0.9439,0.9538,0.9336,0.9391,7570
2021-09-21 16:00:00+00:00,0.9391,0.9411,0.9076,0.9115,9749
2021-09-21 20:00:00+00:00,0.9115,0.9148,0.8687,0.873,12694
2021-09-22 00:00:00+00:00,0.8704,0.9044,0.8536,0.8714,15074
2021-09-22 04:00:00+00:00,0.8714,0.9333,0.8664,0.9044,9729
2021-09-22 08:00:00+00:00,0.9044,0.9433,0.9044,0.9312,8142
2021-09-22 12:00:00+00:00,0.9312,0.9435,0.9111,0.9214,6657
2021-09-22 16:00:00+00:00,0.9214,0.9829,0.9168,0.9781,9426
2021-09-22 20:00:00+00:00,0.9781,0.9897,0.957,0.9822,8655
2021-09-23 00:00:00+00:00,0.9837,1.0085,0.9717,0.9798,7398
2021-09-23 04:00:00+00:00,0.9798,1.0117,0.9758,0.9969,6112
2021-09-23 08:00:00+00:00,0.9969,1.0037,0.9843,0.9853,4234
2021-09-23 12:00:00+00:00,0.9853,0.9963,0.9628,0.9745,6867
2021-09-23 16:00:00+00:00,0.9742,0.9952,0.9716,0.9766,6001
2021-09-23 20:00:00+00:00,0.9766,1.0045,0.9766,0.9886,5064
2021-09-24 00:00:00+00:00,0.9899,0.9976,0.978,0.9909,5357
2021-09-24 04:00:00+00:00,0.9909,0.9951,0.973,0.9777,4305
2021-09-24 08:00:00+00:00,0.9777,0.9879,0.9642,0.9703,5394
2021-09-24 12:00:00+00:00,0.9703,0.971,0.8809,0.9011,14456
2021-09-24 16:00:00+00:00,0.9013,0.9337,0.8907,0.9249,8196
2021-09-24 20:00:00+00:00,0.9249,0.9422,0.9133,0.9396,6702
2021-09-25 00:00:00+00:00,0.9522,0.9522,0.9306,0.9426,6756
2021-09-25 04:00:00+00:00,0.9426,0.9527,0.9251,0.9407,9238
2021-09-25 08:00:00+00:00,0.9407,0.9494,0.9116,0.9359,11153
2021-09-25 12:00:00+00:00,0.9359,0.9474,0.9287,0.9346,9986
2021-09-25 16:00:00+00:00,0.9346,0.9425,0.9292,0.9344,2647
2021-09-26 00:00:00+00:00,0.9272,0.9397,0.9205,0.924,4548
2021-09-26 04:00:00+00:00,0.924,0.9312,0.9085,0.9189,10518
2021-09-26 08:00:00+00:00,0.9189,0.9217,0.8867,0.8997,12125
2021-09-26 12:00:00+00:00,0.8997,0.9485,0.8986,0.9422,11556
2021-09-26 16:00:00+00:00,0.9422,0.9454,0.9333,0.936,8313
2021-09-26 20:00:00+00:00,0.936,0.9464,0.9307,0.943,6512
2021-09-27 00:00:00+00:00,0.9438,0.9594,0.9274,0.955,9792
2021-09-27 04:00:00+00:00,0.955,0.9765,0.9538,0.9607,9953
2021-09-27 08:00:00+00:00,0.9607,0.9738,0.9531,0.9574,8415
2021-09-27 12:00:00+00:00,0.9575,0.964,0.9458,0.9529,9547
2021-09-27 16:00:00+00:00,0.9529,0.9644,0.9259,0.9346,9650
2021-09-27 20:00:00+00:00,0.9346,0.9374,0.9147,0.9191,5696
2021-09-28 00:00:00+00:00,0.9218,0.9367,0.9148,0.922,5324
2021-09-28 04:00:00+00:00,0.9218,0.9338,0.9163,0.9318,3320
2021-09-28 08:00:00+00:00,0.9318,0.9331,0.9158,0.9205,4990
2021-09-28 12:00:00+00:00,0.9205,0.9376,0.9159,0.9224,4476
2021-09-28 16:00:00+00:00,0.9224,0.9353,0.9027,0.904,6797
2021-09-28 20:00:00+00:00,0.9041,0.9117,0.8949,0.9061,4982
2021-09-29 00:00:00+00:00,0.9101,0.9137,0.8813,0.8969,4735
2021-09-29 04:00:00+00:00,0.8971,0.9195,0.8937,0.9144,4380
2021-09-29 08:00:00+00:00,0.9144,0.9209,0.9094,0.9184,2340
2021-09-29 12:00:00+00:00,0.9183,0.9266,0.9108,0.9177,4440
2021-09-29 16:00:00+00:00,0.9177,0.9879,0.9177,0.928,8634
2021-09-29 20:00:00+00:00,0.928,0.9307,0.9012,0.9093,5788
2021-09-30 00:00:00+00:00,0.9125,0.9402,0.9056,0.9396,4659
2021-09-30 04:00:00+00:00,0.9395,0.9587,0.9345,0.9491,5450
2021-09-30 08:00:00+00:00,0.9491,0.9512,0.9255,0.9287,3405
2021-09-30 12:00:00+00:00,0.9287,0.9484,0.9239,0.941,4279
2021-09-30 16:00:00+00:00,0.941,0.9449,0.9287,0.936,4561
2021-09-30 20:00:00+00:00,0.9361,0.9523,0.9322,0.9361,4607
2021-10-01 00:00:00+00:00,0.9385,0.9548,0.9373,0.9467,3436
2021-10-01 04:00:00+00:00,0.9468,0.9506,0.939,0.9481,3640
2021-10-01 08:00:00+00:00,0.9481,0.9705,0.9449,0.9683,4758
2021-10-01 12:00:00+00:00,0.9683,1.0263,0.9632,1.0011,8372
2021-10-01 16:00:00+00:00,1.0011,1.0632,0.9995,1.0222,8906
2021-10-01 20:00:00+00:00,1.0222,1.038,1.0188,1.0246,7386
2021-10-02 00:00:00+00:00,1.0527,1.0543,1.0205,1.0285,4378
2021-10-02 04:00:00+00:00,1.0285,1.0342,1.0056,1.0118,4166
2021-10-02 08:00:00+00:00,1.0118,1.0198,1.0029,1.0075,3336
2021-10-02 12:00:00+00:00,1.0075,1.0377,1.0054,1.0246,3877
2021-10-02 16:00:00+00:00,1.0246,1.0352,1.0229,1.0288,1328
2021-10-03 00:00:00+00:00,1.0486,1.0567,1.0157,1.0238,5203
2021-10-03 04:00:00+00:00,1.0235,1.0427,1.0211,1.0377,4049
2021-10-03 08:00:00+00:00,1.0377,1.0462,1.0365,1.0398,2780
2021-10-03 12:00:00+00:00,1.0398,1.0535,1.0256,1.0471,5775
2021-10-03 16:00:00+00:00,1.0471,1.081,1.0455,1.062,5590
2021-10-03 20:00:00+00:00,1.062,1.0829,1.0559,1.0609,4889
2021-10-04 00:00:00+00:00,1.0547,1.0555,1.0348,1.0358,4803
2021-10-04 04:00:00+00:00,1.0358,1.044,1.0153,1.0276,6380
2021-10-04 08:00:00+00:00,1.0276,1.0375,1.0225,1.0288,4879
2021-10-04 12:00:00+00:00,1.0288,1.0306,1.0083,1.0259,5754
2021-10-04 16:00:00+00:00,1.0259,1.0491,1.001,1.034,11040
2021-10-04 20:00:00+00:00,1.0341,1.048,1.0247,1.0339,9071
2021-10-05 00:00:00+00:00,1.0376,1.0541,1.0234,1.0438,7087
2021-10-05 04:00:00+00:00,1.0438,1.0515,1.0332,1.0356,5251
2021-10-05 08:00:00+00:00,1.0356,1.0505,1.0348,1.0493,4141
2021-10-05 12:00:00+00:00,1.0493,1.0733,1.0405,1.0574,5205
2021-10-05 16:00:00+00:00,1.0574,1.079,1.0448,1.0597,6477
2021-10-05 20:00:00+00:00,1.0597,1.0729,1.0544,1.0632,5189
2021-10-06 00:00:00+00:00,1.0618,1.0825,1.0616,1.0714,4798
2021-10-06 04:00:00+00:00,1.0714,1.0715,1.0527,1.0568,4185
2021-10-06 08:00:00+00:00,1.0568,1.0631,1.0122,1.0214,5430
2021-10-06 12:00:00+00:00,1.0214,1.0476,1.014,1.045,6182
2021-10-06 16:00:00+00:00,1.045,1.1022,1.0434,1.087,8970
2021-10-06 20:00:00+00:00,1.087,1.0886,1.0691,1.0692,5881
2021-10-07 00:00:00+00:00,1.0721,1.0872,1.0499,1.0582,7599
2021-10-07 04:00:00+00:00,1.0579,1.0709,1.038,1.0677,8985
2021-10-07 08:00:00+00:00,1.0677,1.0877,1.0545,1.0877,7227
2021-10-07 12:00:00+00:00,1.0877,1.0889,1.064,1.0693,8569
2021-10-07 16:00:00+00:00,1.0693,1.0775,1.0511,1.0654,7686
2021-10-07 20:00:00+00:00,1.0654,1.0735,1.059,1.0702,3741
2021-10-08 00:00:00+00:00,1.0694,1.0746,1.0579,1.07,3323
2021-10-08 04:00:00+00:00,1.0698,1.0737,1.0542,1.0589,3214
2021-10-08 08:00:00+00:00,1.0589,1.0868,1.0535,1.0836,4595
2021-10-08 12:00:00+00:00,1.0836,1.0868,1.0605,1.0652,7469
2021-10-08 16:00:00+00:00,1.0652,1.0753,1.0597,1.0676,6331
2021-10-08 20:00:00+00:00,1.0676,1.0731,1.0547,1.0566,3976
2021-10-09 00:00:00+00:00,1.0542,1.0659,1.0515,1.0642,2756
2021-10-09 04:00:00+00:00,1.0643,1.0697,1.0535,1.0694,3008
2021-10-09 08:00:00+00:00,1.0694,1.0714,1.0602,1.0619,3149
2021-10-09 12:00:00+00:00,1.0619,1.1213,1.0607,1.1027,7312
2021-10-09 16:00:00+00:00,1.1029,1.119,1.1018,1.1154,1691
2021-10-10 00:00:00+00:00,1.1592,1.1715,1.1355,1.1356,5057
2021-10-10 04:00:00+00:00,1.1356,1.191,1.1296,1.191,7854
2021-10-10 08:00:00+00:00,1.1907,1.224,1.1698,1.2001,9057
2021-10-10 12:00:00+00:00,1.2001,1.2001,1.1695,1.1794,9253
2021-10-10 16:00:00+00:00,1.1794,1.1919,1.1703999999999999,1.1766,8882
2021-10-10 20:00:00+00:00,1.1766,1.1822,1.1565,1.1651,6435
2021-10-11 00:00:00+00:00,1.1357,1.1568,1.1209,1.1435,9240
2021-10-11 04:00:00+00:00,1.1435,1.1627,1.1378,1.1555,6379
2021-10-11 08:00:00+00:00,1.1555,1.1762,1.1488,1.1665,5654
2021-10-11 12:00:00+00:00,1.1665,1.169,1.1334,1.1487,7452
2021-10-11 16:00:00+00:00,1.1487,1.1601,1.1397,1.1423,6083
2021-10-11 20:00:00+00:00,1.1423,1.1467,1.0967,1.1108,6390
2021-10-12 00:00:00+00:00,1.1096,1.1329,1.0999,1.111,5659
2021-10-12 04:00:00+00:00,1.1117,1.1203,1.0751,1.1029,5883
2021-10-12 08:00:00+00:00,1.1031,1.1063,1.0814,1.0983,5348
2021-10-12 12:00:00+00:00,1.0983,1.0992,1.0586,1.0716,8963
2021-10-12 16:00:00+00:00,1.0716,1.1057,1.0712,1.0983,10212
2021-10-12 20:00:00+00:00,1.0982,1.1006,1.0697,1.0891,5738
2021-10-13 00:00:00+00:00,1.089,1.1136,1.0856,1.109,3998
2021-10-13 04:00:00+00:00,1.109,1.1205,1.0994,1.1085,4876
2021-10-13 08:00:00+00:00,1.1085,1.1157,1.072,1.0741,8514
2021-10-13 12:00:00+00:00,1.0741,1.0898,1.0698,1.0889,6329
2021-10-13 16:00:00+00:00,1.0889,1.1062,1.0717,1.103,7639
2021-10-13 20:00:00+00:00,1.103,1.1159,1.0927,1.1045,6907
2021-10-14 00:00:00+00:00,1.1043,1.1332,1.1033,1.1277,5100
2021-10-14 04:00:00+00:00,1.1285,1.1324,1.1223,1.1275,3936
2021-10-14 08:00:00+00:00,1.1275,1.1404,1.1126,1.1196,4526
2021-10-14 12:00:00+00:00,1.1196,1.1392,1.114,1.1277,6054
2021-10-14 16:00:00+00:00,1.1277,1.1522000000000001,1.1183,1.1219,6718
2021-10-14 20:00:00+00:00,1.1218,1.1332,1.1177,1.125,7661
2021-10-15 00:00:00+00:00,1.1262,1.1318,1.1048,1.1084,4722
2021-10-15 04:00:00+00:00,1.1084,1.1338,1.0999,1.1306,7707
2021-10-15 08:00:00+00:00,1.1305,1.16,1.104,1.1101,9165
2021-10-15 12:00:00+00:00,1.1101,1.1174,1.0873,1.1099,6162
2021-10-15 16:00:00+00:00,1.1099,1.131,1.1088,1.1301,5966
2021-10-15 20:00:00+00:00,1.1301,1.1496,1.1259000000000001,1.1469,5522
2021-10-16 00:00:00+00:00,1.1337,1.1419,1.1297,1.1333,2816
2021-10-16 04:00:00+00:00,1.1333,1.1438,1.1258,1.1344,3379
2021-10-16 08:00:00+00:00,1.1344,1.1494,1.1298,1.1463,3070
2021-10-16 12:00:00+00:00,1.1463,1.181,1.1353,1.1392,5080
2021-10-16 16:00:00+00:00,1.1392,1.147,1.1308,1.145,1692
2021-10-17 00:00:00+00:00,1.138,1.139,1.1147,1.127,3575
2021-10-17 04:00:00+00:00,1.127,1.1329,1.1238,1.1287,2713
2021-10-17 08:00:00+00:00,1.1287,1.1311,1.1193,1.1243,2628
2021-10-17 12:00:00+00:00,1.1243,1.1353,1.1201,1.1257,2797
2021-10-17 16:00:00+00:00,1.126,1.1302,1.1053,1.1172,3158
2021-10-17 20:00:00+00:00,1.1172,1.1184,1.0135,1.0536,4885
2021-10-18 00:00:00+00:00,1.0583,1.101,1.0573,1.0971,6001
2021-10-18 04:00:00+00:00,1.0971,1.0995,1.0801,1.0882,3599
2021-10-18 08:00:00+00:00,1.0882,1.1006,1.0781,1.0793,4898
2021-10-18 12:00:00+00:00,1.0793,1.0979,1.0678,1.0748,6891
2021-10-18 16:00:00+00:00,1.0748,1.086,1.059,1.0783,6682
2021-10-18 20:00:00+00:00,1.0783,1.0815,1.0653,1.0764,3763
2021-10-19 00:00:00+00:00,1.0755,1.0831,1.0728,1.0754,3036
2021-10-19 04:00:00+00:00,1.0754,1.0953,1.0721,1.09,4003
2021-10-19 08:00:00+00:00,1.09,1.0912,1.0759,1.0845,3123
2021-10-19 12:00:00+00:00,1.0846,1.0864,1.0767,1.0841,3018
2021-10-19 16:00:00+00:00,1.0841,1.0929,1.0612,1.0783,5310
2021-10-19 20:00:00+00:00,1.0783,1.0865,1.0715,1.0719,3747
2021-10-20 00:00:00+00:00,1.0763,1.0937000000000001,1.0752,1.0913,2850
2021-10-20 04:00:00+00:00,1.0907,1.1038000000000001,1.085,1.0985,3608
2021-10-20 08:00:00+00:00,1.0986,1.1148,1.0879,1.1096,3515
2021-10-20 12:00:00+00:00,1.1096,1.119,1.0957,1.1137,3758
2021-10-20 16:00:00+00:00,1.1137,1.1454,1.1088,1.1360999999999999,6549
2021-10-20 20:00:00+00:00,1.1360999999999999,1.1474,1.1277,1.1358,3985
2021-10-21 00:00:00+00:00,1.1369,1.1548,1.1273,1.1466,4544
2021-10-21 04:00:00+00:00,1.1466,1.1586,1.1196,1.1393,6737
2021-10-21 08:00:00+00:00,1.1393,1.1437,1.1267,1.1417,4609
2021-10-21 12:00:00+00:00,1.1417,1.1571,1.1113,1.1288,7916
2021-10-21 16:00:00+00:00,1.1288,1.134,1.0819,1.0929,7988
2021-10-21 20:00:00+00:00,1.0929,1.1018,1.0873,1.0931,5216
2021-10-22 00:00:00+00:00,1.0959,1.1002,1.0798,1.097,4617
2021-10-22 04:00:00+00:00,1.0967,1.1044,1.093,1.1014,3175
2021-10-22 08:00:00+00:00,1.1014,1.1077,1.0881,1.1046,4207
2021-10-22 12:00:00+00:00,1.1046,1.1057,1.091,1.1016,3414
2021-10-22 16:00:00+00:00,1.1016,1.1232,1.0702,1.0937999999999999,8074
2021-10-22 20:00:00+00:00,1.0937999999999999,1.0952,1.0798,1.0875,4609
2021-10-23 00:00:00+00:00,1.0759,1.0876,1.0747,1.0875,2388
2021-10-23 04:00:00+00:00,1.0875,1.093,1.0817,1.089,2318
2021-10-23 08:00:00+00:00,1.089,1.0901,1.0796999999999999,1.0863,2300
2021-10-23 12:00:00+00:00,1.0863,1.0893,1.071,1.0856,3918
2021-10-23 16:00:00+00:00,1.0856,1.0869,1.0828,1.0835,650
2021-10-24 00:00:00+00:00,1.0826,1.0906,1.0799,1.0858,2304
2021-10-24 04:00:00+00:00,1.0858,1.0879,1.0817,1.0839,2037
2021-10-24 08:00:00+00:00,1.0839,1.0855,1.0747,1.0751,2005
2021-10-24 12:00:00+00:00,1.0751,1.0861,1.067,1.0771,4230
2021-10-24 16:00:00+00:00,1.0771,1.0843,1.06,1.0729,5036
2021-10-24 20:00:00+00:00,1.0729,1.0759,1.0478,1.071,3744
2021-10-25 00:00:00+00:00,1.0733,1.0941,1.0699,1.0913,3982
2021-10-25 04:00:00+00:00,1.0913,1.0941,1.081,1.0866,3032
2021-10-25 08:00:00+00:00,1.0866,1.0949,1.0848,1.0878,2728
2021-10-25 12:00:00+00:00,1.0878,1.0894,1.0806,1.0825,2200
2021-10-25 16:00:00+00:00,1.0825,1.0977,1.0798,1.0939,3322
2021-10-25 20:00:00+00:00,1.0939,1.0954,1.0847,1.0854,2287
2021-10-26 00:00:00+00:00,1.0891,1.0986,1.0827,1.0982,2226
2021-10-26 04:00:00+00:00,1.098,1.1204,1.0948,1.1068,4993
2021-10-26 08:00:00+00:00,1.1068,1.125,1.1068,1.1165,3581
2021-10-26 12:00:00+00:00,1.1165,1.1169,1.1027,1.1085,3139
2021-10-26 16:00:00+00:00,1.1085,1.1093,1.0887,1.0965,4438
2021-10-26 20:00:00+00:00,1.0965,1.1517,1.0928,1.1514,4150
2021-10-27 00:00:00+00:00,1.1431,1.1527,1.0859,1.1141,6729
2021-10-27 04:00:00+00:00,1.1141,1.1194,1.1006,1.11,3912
2021-10-27 08:00:00+00:00,1.1103,1.1128,0.943,1.0284,12800
2021-10-27 12:00:00+00:00,1.0283,1.0283,0.9887,1.0173,11723
2021-10-27 16:00:00+00:00,1.0173,1.0291,1.0052,1.0156,6253
2021-10-27 20:00:00+00:00,1.0156,1.0218,0.9856,1.0077,6347
2021-10-28 00:00:00+00:00,1.0099,1.0134,0.9762,0.9785,6294
2021-10-28 04:00:00+00:00,0.9785,1.0351,0.9759,1.0119,6319
2021-10-28 08:00:00+00:00,1.0119,1.0691,0.9973,1.0683,11078
2021-10-28 12:00:00+00:00,1.0688,1.0758,1.0462,1.0579,6730
2021-10-28 16:00:00+00:00,1.0579,1.0634,1.0465,1.052,6201
2021-10-28 20:00:00+00:00,1.052,1.0692,1.0267,1.0578,8307
2021-10-29 00:00:00+00:00,1.0512,1.0666,1.0468,1.0644,6342
2021-10-29 04:00:00+00:00,1.0644,1.0816,1.062,1.0667,6253
2021-10-29 08:00:00+00:00,1.0667,1.0687,1.0499,1.0583,6342
2021-10-29 12:00:00+00:00,1.0583,1.062,1.0487,1.0571,5965
2021-10-29 16:00:00+00:00,1.0571,1.0801,1.0542,1.074,6197
2021-10-29 20:00:00+00:00,1.074,1.0855,1.0664,1.0744,4252
2021-10-30 00:00:00+00:00,1.0777,1.0787,1.0674,1.069,2681
2021-10-30 04:00:00+00:00,1.069,1.1062,1.0657,1.0934,5887
2021-10-30 08:00:00+00:00,1.0933,1.1118,1.0785,1.0815,6227
2021-10-30 12:00:00+00:00,1.0816,1.0899,1.0773,1.0842,5512
2021-10-30 16:00:00+00:00,1.0842,1.088,1.0721,1.0806,1978
2021-10-31 00:00:00+00:00,1.0758,1.0985,1.0568,1.0921,4710
2021-10-31 04:00:00+00:00,1.0921,1.1191,1.0811,1.1129,9260
2021-10-31 08:00:00+00:00,1.1129,1.1487,1.0993,1.1064,10149
2021-10-31 12:00:00+00:00,1.1064,1.1101,1.0679,1.0743,8741
2021-10-31 16:00:00+00:00,1.0743,1.0922,1.0645,1.0895,7544
2021-10-31 20:00:00+00:00,1.0895,1.1025,1.0824,1.0963,5209
2021-11-01 00:00:00+00:00,1.0961,1.127,1.0945,1.125,6528
2021-11-01 04:00:00+00:00,1.125,1.1256,1.065,1.0833,6519
2021-11-01 08:00:00+00:00,1.0833,1.1021,1.0745,1.0906,5579
2021-11-01 12:00:00+00:00,1.0906,1.099,1.0803,1.0854,5855
2021-11-01 16:00:00+00:00,1.0854,1.097,1.0769,1.078,8868
2021-11-01 20:00:00+00:00,1.078,1.0891,1.0732,1.0811,5248
2021-11-02 00:00:00+00:00,1.0792,1.0931,1.0784,1.0847,4059
2021-11-02 04:00:00+00:00,1.0847,1.0956,1.0833,1.0937999999999999,5211
2021-11-02 08:00:00+00:00,1.0937999999999999,1.098,1.0869,1.0896,3809
2021-11-02 12:00:00+00:00,1.0896,1.1141,1.0869,1.1045,7607
2021-11-02 16:00:00+00:00,1.1045,1.1416,1.1041,1.1265,7001
2021-11-02 20:00:00+00:00,1.1266,1.1399,1.1181,1.1198,5026
2021-11-03 00:00:00+00:00,1.1167,1.1353,1.115,1.1327,5275
2021-11-03 04:00:00+00:00,1.1327,1.2168,1.1265,1.1992,7812
2021-11-03 08:00:00+00:00,1.1992,1.2301,1.1781,1.1884000000000001,10441
2021-11-03 12:00:00+00:00,1.1884000000000001,1.2105,1.1376,1.1538,9955
2021-11-03 16:00:00+00:00,1.1538,1.1737,1.141,1.157,8529
2021-11-03 20:00:00+00:00,1.157,1.1984,1.154,1.1974,7504
2021-11-04 00:00:00+00:00,1.201,1.2319,1.1905000000000001,1.1965,8381
2021-11-04 04:00:00+00:00,1.1965,1.2515,1.1922,1.2277,8566
2021-11-04 08:00:00+00:00,1.2277,1.2282,1.1865,1.1893,7499
2021-11-04 12:00:00+00:00,1.1893,1.203,1.174,1.1974,7845
2021-11-04 16:00:00+00:00,1.1975,1.2099,1.1567,1.1786,10744
2021-11-04 20:00:00+00:00,1.1786,1.1861,1.161,1.1844000000000001,9322
2021-11-05 00:00:00+00:00,1.1838,1.1964,1.1655,1.1663999999999999,5161
2021-11-05 04:00:00+00:00,1.1663999999999999,1.1945999999999999,1.1663999999999999,1.1855,5873
2021-11-05 08:00:00+00:00,1.1855,1.1934,1.1791,1.1857,4906
2021-11-05 12:00:00+00:00,1.1857,1.1864,1.1542,1.1574,7399
2021-11-05 16:00:00+00:00,1.1574,1.166,1.1267,1.1501000000000001,9029
2021-11-05 20:00:00+00:00,1.1501000000000001,1.1547,1.1349,1.1418,7202
2021-11-06 00:00:00+00:00,1.1489,1.1666,1.1469,1.1646,5545
2021-11-06 04:00:00+00:00,1.1645,1.1703999999999999,1.1526,1.1613,6814
2021-11-06 08:00:00+00:00,1.1613,1.1644,1.1412,1.1519,6422
2021-11-06 12:00:00+00:00,1.1519,1.1551,1.0947,1.1169,8519
2021-11-06 16:00:00+00:00,1.1169,1.1295,1.1143,1.1263,1495
2021-11-07 00:00:00+00:00,1.1408,1.149,1.1399,1.1489,3096
2021-11-07 04:00:00+00:00,1.1489,1.1546,1.1453,1.1488,5229
2021-11-07 08:00:00+00:00,1.1488,1.1699,1.1475,1.1659,7067
2021-11-07 12:00:00+00:00,1.1659,1.19,1.1616,1.187,7808
2021-11-07 16:00:00+00:00,1.1865999999999999,1.2214,1.1863,1.2026,7866
2021-11-07 20:00:00+00:00,1.2026,1.2319,1.2026,1.2146,6099
2021-11-08 00:00:00+00:00,1.2151,1.2718,1.2041,1.2544,9152
2021-11-08 04:00:00+00:00,1.2544,1.2906,1.2445,1.2694,11828
2021-11-08 08:00:00+00:00,1.2695,1.2896,1.248,1.2574,14733
2021-11-08 12:00:00+00:00,1.2574,1.2624,1.2339,1.2346,9432
2021-11-08 16:00:00+00:00,1.2346,1.2591999999999999,1.2338,1.2509000000000001,9636
2021-11-08 20:00:00+00:00,1.2509000000000001,1.2705,1.242,1.2602,10432
2021-11-09 00:00:00+00:00,1.2595,1.2863,1.2518,1.2591,10647
2021-11-09 04:00:00+00:00,1.2591,1.2746,1.2581,1.2687,7986
2021-11-09 08:00:00+00:00,1.2687,1.2703,1.238,1.255,7546
2021-11-09 12:00:00+00:00,1.255,1.2629000000000001,1.2198,1.2438,11965
2021-11-09 16:00:00+00:00,1.2438,1.2681,1.2273,1.2570000000000001,14482
2021-11-09 20:00:00+00:00,1.2570000000000001,1.2638,1.2321,1.2577,9327
2021-11-10 00:00:00+00:00,1.2575,1.2674,1.23,1.2364,9317
2021-11-10 04:00:00+00:00,1.2364,1.2419,1.2152,1.2236,8086
2021-11-10 08:00:00+00:00,1.2235,1.2425,1.221,1.231,8661
2021-11-10 12:00:00+00:00,1.231,1.3273,1.2292,1.3075999999999999,13746
2021-11-10 16:00:00+00:00,1.3075999999999999,1.3436,1.2997,1.3242,11225
2021-11-10 20:00:00+00:00,1.3242,1.3272,1.1128,1.1804999999999999,13727
2021-11-11 00:00:00+00:00,1.1788,1.2042,1.1658,1.1887,13109
2021-11-11 04:00:00+00:00,1.1887,1.2186,1.1713,1.2178,7933
2021-11-11 08:00:00+00:00,1.2178,1.2486,1.2086000000000001,1.2378,10317
2021-11-11 12:00:00+00:00,1.2378,1.2394,1.195,1.2035,7950
2021-11-11 16:00:00+00:00,1.2035,1.219,1.1918,1.2012,7932
2021-11-11 20:00:00+00:00,1.2012,1.2141,1.1925,1.2093,4230
2021-11-12 00:00:00+00:00,1.2074,1.2275,1.1922,1.2143,6517
2021-11-12 04:00:00+00:00,1.2143,1.2277,1.2,1.2004,4109
2021-11-12 08:00:00+00:00,1.2004,1.208,1.1544,1.1635,8225
2021-11-12 12:00:00+00:00,1.1635,1.1781,1.1551,1.1741,9826
2021-11-12 16:00:00+00:00,1.1741,1.1769,1.1493,1.1754,7219
2021-11-12 20:00:00+00:00,1.1754,1.1995,1.1708,1.1843,5595
2021-11-13 00:00:00+00:00,1.1851,1.1925,1.1721,1.1733,7363
2021-11-13 04:00:00+00:00,1.1733,1.18,1.1653,1.1687,9043
2021-11-13 08:00:00+00:00,1.1692,1.1931,1.1691,1.1771,9429
2021-11-13 12:00:00+00:00,1.1767,1.1833,1.1618,1.1669,6518
2021-11-13 16:00:00+00:00,1.1669,1.1917,1.1663000000000001,1.187,2804
2021-11-14 00:00:00+00:00,1.1784,1.1941,1.1783,1.1862,11662
2021-11-14 04:00:00+00:00,1.1862,1.1891,1.1799,1.1883,10986
2021-11-14 08:00:00+00:00,1.1883,1.1889,1.1668,1.1732,13450
2021-11-14 12:00:00+00:00,1.1732,1.1901,1.1718,1.1877,11225
2021-11-14 16:00:00+00:00,1.1877,1.1879,1.162,1.1779,9403
2021-11-14 20:00:00+00:00,1.178,1.18,1.1677,1.1776,9408
2021-11-15 00:00:00+00:00,1.1769,1.2103,1.1743999999999999,1.2041,5407
2021-11-15 04:00:00+00:00,1.2041,1.214,1.1972,1.2035,9539
2021-11-15 08:00:00+00:00,1.2035,1.2151,1.1944,1.2045,7926
2021-11-15 12:00:00+00:00,1.2045,1.2048,1.1882,1.1926,3743
2021-11-15 16:00:00+00:00,1.1926,1.1927,1.1754,1.1786,7982
2021-11-15 20:00:00+00:00,1.1788,1.1822,1.1605,1.1748,8170
2021-11-16 00:00:00+00:00,1.1715,1.1761,1.106,1.1369,9876
2021-11-16 04:00:00+00:00,1.1369,1.1388,1.1019,1.1176,13693
2021-11-16 08:00:00+00:00,1.1179000000000001,1.1283,1.0972,1.0972,9920
2021-11-16 12:00:00+00:00,1.0972,1.0988,1.0382,1.0902,13391
2021-11-16 16:00:00+00:00,1.0902,1.1111,1.0886,1.0936,6918
2021-11-16 20:00:00+00:00,1.0936,1.1,1.061,1.0916,8595
2021-11-17 00:00:00+00:00,1.0941,1.1003,1.071,1.074,7008
2021-11-17 04:00:00+00:00,1.074,1.083,1.054,1.0787,13382
2021-11-17 08:00:00+00:00,1.0787,1.0894,1.0617,1.0655000000000001,12619
2021-11-17 12:00:00+00:00,1.0655000000000001,1.1076,1.0655000000000001,1.0933,12636
2021-11-17 16:00:00+00:00,1.095,1.0952,1.0713,1.0892,7689
2021-11-17 20:00:00+00:00,1.0892,1.0975,1.0823,1.0894,3774
2021-11-18 00:00:00+00:00,1.0888,1.1562000000000001,1.0803,1.124,5008
2021-11-18 04:00:00+00:00,1.1237,1.1443,1.1057,1.1091,8993
2021-11-18 08:00:00+00:00,1.109,1.1117,1.0723,1.081,7327
2021-11-18 12:00:00+00:00,1.0809,1.0968,1.0612,1.0719,9464
2021-11-18 16:00:00+00:00,1.0719,1.0755,1.0102,1.0364,14272
2021-11-18 20:00:00+00:00,1.0364,1.0545,1.0361,1.0401,5855
2021-11-19 00:00:00+00:00,1.039,1.0514000000000001,1.0235,1.0304,9943
2021-11-19 04:00:00+00:00,1.0304,1.0414,1.0123,1.0399,6606
2021-11-19 08:00:00+00:00,1.0399,1.0598,1.0324,1.0533,6656
2021-11-19 12:00:00+00:00,1.0529,1.0601,1.0405,1.06,4784
2021-11-19 16:00:00+00:00,1.06,1.0977999999999999,1.06,1.0855,9174
2021-11-19 20:00:00+00:00,1.0855,1.0905,1.0749,1.0808,5693
2021-11-20 00:00:00+00:00,1.0792,1.095,1.0772,1.0932,3497
2021-11-20 04:00:00+00:00,1.0931,1.0932,1.0772,1.0812,2780
2021-11-20 08:00:00+00:00,1.0812,1.0872,1.0734,1.0807,2779
2021-11-20 12:00:00+00:00,1.0807,1.0968,1.0785,1.0826,3157
2021-11-20 16:00:00+00:00,1.0826,1.0875,1.0809,1.0826,946
2021-11-21 00:00:00+00:00,1.0879,1.0931,1.0806,1.0828,4647
2021-11-21 04:00:00+00:00,1.0828,1.0836999999999999,1.0689,1.0801,6573
2021-11-21 08:00:00+00:00,1.0801,1.0836,1.0648,1.0726,5456
2021-11-21 12:00:00+00:00,1.0727,1.0752,1.0613,1.0623,6951
2021-11-21 16:00:00+00:00,1.0623,1.0807,1.0594999999999999,1.0742,7209
2021-11-21 20:00:00+00:00,1.0742,1.0759,1.0584,1.0691,6054
2021-11-22 00:00:00+00:00,1.0679,1.0721,1.0319,1.0455,10486
2021-11-22 04:00:00+00:00,1.0455,1.0463,1.0215,1.0389,10219
2021-11-22 08:00:00+00:00,1.039,1.0498,1.0331,1.037,7174
2021-11-22 12:00:00+00:00,1.037,1.0662,1.0325,1.0589,11256
2021-11-22 16:00:00+00:00,1.0589,1.0637,1.0412,1.0444,9772
2021-11-22 20:00:00+00:00,1.0444,1.045,1.024,1.0333,12652
2021-11-23 00:00:00+00:00,1.0349,1.044,1.0261,1.0402,6569
2021-11-23 04:00:00+00:00,1.0403,1.051,1.0379,1.0398,4413
2021-11-23 08:00:00+00:00,1.0398,1.0421,1.015,1.0311,5885
2021-11-23 12:00:00+00:00,1.0311,1.0562,1.0245,1.0383,8834
2021-11-23 16:00:00+00:00,1.0383,1.0511,1.0371,1.0404,6741
2021-11-23 20:00:00+00:00,1.0404,1.0543,1.0373,1.0495,4547
2021-11-24 00:00:00+00:00,1.0509,1.0681,1.0449,1.0452,5846
2021-11-24 04:00:00+00:00,1.0452,1.0493999999999999,1.0319,1.0387,4993
2021-11-24 08:00:00+00:00,1.0387,1.0435,1.0268,1.0335,4871
2021-11-24 12:00:00+00:00,1.0335,1.0352999999999999,1.0168,1.0171,7679
2021-11-24 16:00:00+00:00,1.0171,1.0275,1.0023,1.0142,10108
2021-11-24 20:00:00+00:00,1.0142,1.0231,1.0088,1.0222,5969
2021-11-25 00:00:00+00:00,1.0254,1.0465,1.0187,1.0346,5986
2021-11-25 04:00:00+00:00,1.0346,1.0366,1.0263,1.0273,3552
2021-11-25 08:00:00+00:00,1.0273,1.0314,1.0172,1.0226,3768
2021-11-25 12:00:00+00:00,1.0226,1.0538,1.0206,1.0501,8168
2021-11-25 16:00:00+00:00,1.0501,1.0573,1.0439,1.053,7172
2021-11-25 20:00:00+00:00,1.053,1.0596,1.0387,1.0388,5399
2021-11-26 00:00:00+00:00,1.0399,1.0459,1.0315,1.033,5597
2021-11-26 04:00:00+00:00,1.033,1.0369,1.0185,1.0245,5333
2021-11-26 08:00:00+00:00,1.0245,1.0281,0.9043,0.9448,15060
2021-11-26 12:00:00+00:00,0.9448,0.9528,0.9226,0.9528,12199
2021-11-26 16:00:00+00:00,0.9528,0.9564,0.9364,0.9466,9399
2021-11-26 20:00:00+00:00,0.9466,0.9555,0.9398,0.9509,6342
2021-11-27 00:00:00+00:00,0.9426,0.949,0.9288,0.9452,5895
2021-11-27 04:00:00+00:00,0.9452,0.9561,0.9447,0.9466,5092
2021-11-27 08:00:00+00:00,0.9466,0.9607,0.9375,0.9452,5900
2021-11-27 12:00:00+00:00,0.9452,0.955,0.942,0.9495,5508
2021-11-27 16:00:00+00:00,0.9495,0.9552,0.9478,0.9492,1353
2021-11-28 00:00:00+00:00,0.9428,0.9445,0.9214,0.9248,5940
2021-11-28 04:00:00+00:00,0.9245,0.9288,0.878,0.9133,8843
2021-11-28 08:00:00+00:00,0.9133,0.9301,0.9075,0.9285,4394
2021-11-28 12:00:00+00:00,0.9285,0.9362,0.9205,0.9221,4363
2021-11-28 16:00:00+00:00,0.9221,0.9239,0.9056,0.9087,5336
2021-11-28 20:00:00+00:00,0.9086,0.9513,0.8826,0.9499,9763
2021-11-29 00:00:00+00:00,0.9528,0.9778,0.9406,0.9706,8340
2021-11-29 04:00:00+00:00,0.9706,0.9847,0.9635,0.9809,4322
2021-11-29 08:00:00+00:00,0.9809,0.9904,0.9588,0.9642,5024
2021-11-29 12:00:00+00:00,0.9642,0.9804,0.9631,0.976,6838
2021-11-29 16:00:00+00:00,0.976,0.9927,0.9655,0.9877,6510
2021-11-29 20:00:00+00:00,0.9877,0.9964,0.9694,0.9922,6002
2021-11-30 00:00:00+00:00,0.9931,1.0097,0.9835,0.9977,5886
2021-11-30 04:00:00+00:00,0.9976,1.0053,0.9719,0.9724,6414
2021-11-30 08:00:00+00:00,0.9724,0.9843,0.9654,0.9776,7891
2021-11-30 12:00:00+00:00,0.9776,1.0159,0.9736,1.0144,7392
2021-11-30 16:00:00+00:00,1.0142,1.0245,0.9794,0.9996,9635
2021-11-30 20:00:00+00:00,0.9996,1.0084,0.9915,0.9948,6301
2021-12-01 00:00:00+00:00,0.9967,1.0052,0.9881,0.996,4085
2021-12-01 04:00:00+00:00,0.996,1.0085,0.9916,0.9961,4432
2021-12-01 08:00:00+00:00,0.9961,1.0122,0.993,1.0034,5060
2021-12-01 12:00:00+00:00,1.0034,1.0034,0.9915,1.001,4259
2021-12-01 16:00:00+00:00,1.001,1.0131000000000001,1.0007,1.0018,4976
2021-12-01 20:00:00+00:00,1.0018,1.0037,0.9748,0.9846,6088
2021-12-02 00:00:00+00:00,0.9866,0.9875,0.9688,0.978,4920
2021-12-02 04:00:00+00:00,0.978,0.9782,0.9509,0.9678,4228
2021-12-02 08:00:00+00:00,0.9678,0.9732,0.9614,0.9694,2002
2021-12-02 16:00:00+00:00,0.9732,0.9795,0.9601,0.9707,6803
2021-12-02 20:00:00+00:00,0.9707,0.9794,0.9653,0.9771,5481
2021-12-03 00:00:00+00:00,0.9735,0.9769,0.9588,0.9636,4487
2021-12-03 04:00:00+00:00,0.9636,0.9715,0.9548,0.9699,3986
2021-12-03 08:00:00+00:00,0.9699,0.9756,0.9683,0.9721,3685
2021-12-03 12:00:00+00:00,0.9721,0.9791,0.9682,0.9735,5719
2021-12-03 16:00:00+00:00,0.9735,0.9754,0.9298,0.9381,6474
2021-12-03 20:00:00+00:00,0.9381,0.9424,0.889,0.9245,8566
2021-12-04 00:00:00+00:00,0.9199,0.923,0.8896,0.9054,6805
2021-12-04 04:00:00+00:00,0.9054,0.9069,0.5947,0.7435,13654
2021-12-04 08:00:00+00:00,0.7435,0.7874,0.6982,0.7859,17379
2021-12-04 12:00:00+00:00,0.7859,0.7886,0.744,0.7765,15004
2021-12-04 16:00:00+00:00,0.7764,0.7913,0.7737,0.7889,2811
2021-12-05 00:00:00+00:00,0.831,0.8571,0.8088,0.8251,11058
2021-12-05 04:00:00+00:00,0.8251,0.8359,0.8166,0.8325,6503
2021-12-05 08:00:00+00:00,0.8325,0.8424,0.8138,0.816,6331
2021-12-05 12:00:00+00:00,0.816,0.83,0.8088,0.8166,8161
2021-12-05 16:00:00+00:00,0.8166,0.8174,0.7651,0.8005,16173
2021-12-05 20:00:00+00:00,0.8005,0.8006,0.7772,0.7955,6512
2021-12-06 00:00:00+00:00,0.7882,0.8036,0.7693,0.7905,8799
2021-12-06 04:00:00+00:00,0.7905,0.8023,0.7805,0.7805,6281
2021-12-06 08:00:00+00:00,0.7805,0.7889,0.7479,0.755,12097
2021-12-06 12:00:00+00:00,0.7547,0.7829,0.7448,0.7665,11664
2021-12-06 16:00:00+00:00,0.7665,0.7926,0.7615,0.7859,9861
2021-12-06 20:00:00+00:00,0.7859,0.8205,0.7831,0.8113,5798
2021-12-07 00:00:00+00:00,0.8165,0.8405,0.8134,0.8264,7980
2021-12-07 04:00:00+00:00,0.8264,0.831,0.8187,0.8256,4596
2021-12-07 08:00:00+00:00,0.8256,0.8375,0.8234,0.8315,4282
2021-12-07 12:00:00+00:00,0.8315,0.8391,0.8095,0.8202,6885
2021-12-07 16:00:00+00:00,0.82,0.8388,0.8163,0.8235,6641
2021-12-07 20:00:00+00:00,0.8235,0.8261,0.803,0.8118,5486
2021-12-08 00:00:00+00:00,0.8097,0.8168,0.7992,0.8084,5804
2021-12-08 04:00:00+00:00,0.8084,0.814,0.7994,0.8103,4382
2021-12-08 08:00:00+00:00,0.8103,0.8448,0.8091,0.8192,5432
2021-12-08 12:00:00+00:00,0.8192,0.8271,0.7986,0.8137,8843
2021-12-08 16:00:00+00:00,0.8137,0.8738,0.811,0.866,10550
2021-12-08 20:00:00+00:00,0.866,0.8792,0.8576,0.8577,6096
2021-12-09 00:00:00+00:00,0.858,0.8672,0.8456,0.8527,5799
2021-12-09 04:00:00+00:00,0.8527,0.8544,0.8375,0.8474,4712
2021-12-09 08:00:00+00:00,0.8474,0.9291,0.8274,0.9262,9806
2021-12-09 12:00:00+00:00,0.9264,0.9282,0.883,0.9121,14499
2021-12-09 16:00:00+00:00,0.9122,0.9201,0.8745,0.8796,9787
2021-12-09 20:00:00+00:00,0.8796,0.8853,0.8389,0.8579,9143
2021-12-10 00:00:00+00:00,0.8681,0.8842,0.8501,0.8517,8287
2021-12-10 04:00:00+00:00,0.8517,0.8596,0.8385,0.8466,5573
2021-12-10 08:00:00+00:00,0.8466,0.8545,0.8212,0.8371,9262
2021-12-10 12:00:00+00:00,0.8371,0.8622,0.8309,0.8547,7255
2021-12-10 16:00:00+00:00,0.8547,0.8584,0.8036,0.8132,10872
2021-12-10 20:00:00+00:00,0.8132,0.8315,0.8109,0.821,6850
2021-12-11 00:00:00+00:00,0.8139,0.8172,0.7801,0.8052,9605
2021-12-11 04:00:00+00:00,0.8052,0.8278,0.8045,0.8219,7455
2021-12-11 08:00:00+00:00,0.8219,0.8382,0.8149,0.83,7606
2021-12-11 12:00:00+00:00,0.83,0.8341,0.8205,0.8289,6391
2021-12-11 16:00:00+00:00,0.8289,0.8317,0.8246,0.8296,1474
2021-12-12 00:00:00+00:00,0.8264,0.8371,0.8231,0.8239,5111
2021-12-12 04:00:00+00:00,0.8239,0.8276,0.8112,0.8156,5926
2021-12-12 08:00:00+00:00,0.8156,0.8208,0.8094,0.8105,4114
2021-12-12 12:00:00+00:00,0.8105,0.8237,0.8044,0.8218,4626
2021-12-12 16:00:00+00:00,0.8218,0.8332,0.816,0.8323,4183
2021-12-12 20:00:00+00:00,0.8322,0.8518,0.8322,0.8426,5078
2021-12-13 00:00:00+00:00,0.8425,0.8433,0.8142,0.8142,5713
2021-12-13 04:00:00+00:00,0.8143,0.8254,0.8116,0.8252,3955
2021-12-13 08:00:00+00:00,0.8252,0.8333,0.8156,0.8217,5071
2021-12-13 12:00:00+00:00,0.8217,0.8272,0.8127,0.8159,5691
2021-12-13 16:00:00+00:00,0.8159,0.8167,0.7831,0.7946,11861
2021-12-13 20:00:00+00:00,0.7946,0.7962,0.7555,0.7727,8450
2021-12-14 00:00:00+00:00,0.7711,0.7918,0.7681,0.7837,5828
2021-12-14 04:00:00+00:00,0.7837,0.7897,0.7773,0.7777,5164
2021-12-14 08:00:00+00:00,0.7776,0.7887,0.767,0.7751,5050
2021-12-14 12:00:00+00:00,0.7751,0.8129,0.7751,0.7938,7736
2021-12-14 16:00:00+00:00,0.7938,0.802,0.7836,0.7899,8372
2021-12-14 20:00:00+00:00,0.7899,0.8165,0.787,0.8102,7284
2021-12-15 00:00:00+00:00,0.809,0.8113,0.798,0.8002,5240
2021-12-15 04:00:00+00:00,0.8002,0.8101,0.7967,0.8046,5207
2021-12-15 08:00:00+00:00,0.8047,0.8124,0.8006,0.8012,3565
2021-12-15 12:00:00+00:00,0.8012,0.8071,0.7916,0.7951,4153
2021-12-15 16:00:00+00:00,0.7951,0.7989,0.7724,0.7831,6643
2021-12-15 20:00:00+00:00,0.7831,0.8349,0.7815,0.8298,11030
2021-12-16 00:00:00+00:00,0.8291,0.8308,0.8188,0.8308,4807
2021-12-16 04:00:00+00:00,0.8308,0.8313,0.8146,0.8148,3632
2021-12-16 08:00:00+00:00,0.8148,0.8242,0.8141,0.8208,3423
2021-12-16 12:00:00+00:00,0.8208,0.8288,0.8146,0.8269,4662
2021-12-16 16:00:00+00:00,0.8269,0.8269,0.8109,0.8112,4824
2021-12-16 20:00:00+00:00,0.8112,0.8153,0.8021,0.8107,4039
2021-12-17 00:00:00+00:00,0.8072,0.8098,0.7968,0.8062,4358
2021-12-17 04:00:00+00:00,0.8062,0.8274,0.8026,0.8159,3748
2021-12-17 08:00:00+00:00,0.8159,0.8217,0.8029,0.8073,4621
2021-12-17 12:00:00+00:00,0.8073,0.8077,0.792,0.7941,4426
2021-12-17 16:00:00+00:00,0.7941,0.806,0.7709,0.7951,8285
2021-12-17 20:00:00+00:00,0.7951,0.8006,0.7867,0.7982,5058
2021-12-18 00:00:00+00:00,0.7958,0.7992,0.7859,0.7888,3931
2021-12-18 04:00:00+00:00,0.7888,0.8111,0.7875,0.8069,4329
2021-12-18 08:00:00+00:00,0.8069,0.8229,0.8052,0.8219,3031
2021-12-18 12:00:00+00:00,0.8219,0.8294,0.8143,0.815,4710
2021-12-18 16:00:00+00:00,0.815,0.822,0.8146,0.8212,1228
2021-12-19 00:00:00+00:00,0.8237,0.826,0.8139,0.8176,4546
2021-12-19 04:00:00+00:00,0.8176,0.8349,0.8161,0.8279,5030
2021-12-19 08:00:00+00:00,0.8279,0.8321,0.8219,0.8243,3337
2021-12-19 12:00:00+00:00,0.8243,0.8342,0.8185,0.8333,3923
2021-12-19 16:00:00+00:00,0.8333,0.8391,0.8233,0.8281,4172
2021-12-19 20:00:00+00:00,0.8281,0.8336,0.8219,0.8298,3829
2021-12-20 00:00:00+00:00,0.8299,0.866,0.8191,0.8654,5548
2021-12-20 04:00:00+00:00,0.8654,0.91,0.8603,0.8725,10875
2021-12-20 08:00:00+00:00,0.8725,0.8789,0.8397,0.8405,7378
2021-12-20 12:00:00+00:00,0.8405,0.8515,0.8224,0.8273,6076
2021-12-20 16:00:00+00:00,0.8273,0.8508,0.8212,0.8456,6856
2021-12-20 20:00:00+00:00,0.8456,0.8822,0.8409,0.8613,6417
2021-12-21 00:00:00+00:00,0.8643,0.8837,0.848,0.8536,5485
2021-12-21 04:00:00+00:00,0.8536,0.9075,0.8507,0.888,6804
2021-12-21 08:00:00+00:00,0.888,0.8987,0.8736,0.8766,5514
2021-12-21 12:00:00+00:00,0.8766,0.8995,0.876,0.889,5153
2021-12-21 16:00:00+00:00,0.889,0.9078,0.8805,0.9008,5351
2021-12-21 20:00:00+00:00,0.9008,0.9385,0.8927,0.9354,7461
2021-12-22 00:00:00+00:00,0.9323,0.9557,0.9265,0.9389,5957
2021-12-22 04:00:00+00:00,0.9389,0.9684,0.9371,0.9526,7252
2021-12-22 08:00:00+00:00,0.9526,0.9639,0.9432,0.9479,4964
2021-12-22 12:00:00+00:00,0.9479,0.9534,0.9179,0.9318,5600
2021-12-22 16:00:00+00:00,0.9318,0.9543,0.9302,0.9381,6374
2021-12-22 20:00:00+00:00,0.9381,0.9621,0.9354,0.9588,6030
2021-12-23 00:00:00+00:00,0.9565,0.9618,0.9325,0.9604,5893
2021-12-23 04:00:00+00:00,0.9604,1.009,0.9591,0.9869,8730
2021-12-23 08:00:00+00:00,0.9869,0.9917,0.9665,0.9802,7089
2021-12-23 12:00:00+00:00,0.9802,0.9827,0.951,0.9722,6123
2021-12-23 16:00:00+00:00,0.9722,0.9968,0.9645,0.9957,5774
2021-12-23 20:00:00+00:00,0.9958,1.0113,0.9882,1.0016,7013
2021-12-24 00:00:00+00:00,0.9959,1.0026,0.9793,0.9844,4104
2021-12-24 04:00:00+00:00,0.9844,0.9847,0.9495,0.9623,3812
2021-12-24 08:00:00+00:00,0.9623,0.9765,0.9527,0.9732,4292
2021-12-24 12:00:00+00:00,0.9732,0.9829,0.955,0.959,4623
2021-12-24 16:00:00+00:00,0.959,0.9602,0.9197,0.9424,7559
2021-12-24 20:00:00+00:00,0.9426,0.9476,0.898,0.9106,10619
2021-12-25 00:00:00+00:00,0.8987,0.9178,0.8921,0.9112,6541
2021-12-25 04:00:00+00:00,0.9112,0.9189,0.9078,0.9165,4587
2021-12-25 08:00:00+00:00,0.9165,0.9267,0.9106,0.9207,3452
2021-12-25 12:00:00+00:00,0.9207,0.9292,0.9105,0.9231,3829
2021-12-25 16:00:00+00:00,0.9231,0.9235,0.918,0.9208,759
2021-12-26 00:00:00+00:00,0.9215,0.9245,0.9124,0.9223,3448
2021-12-26 04:00:00+00:00,0.9223,0.9282,0.9001,0.9079,4368
2021-12-26 08:00:00+00:00,0.9079,0.9129,0.9045,0.9111,2564
2021-12-26 12:00:00+00:00,0.9111,0.9158,0.9022,0.9095,3908
2021-12-26 16:00:00+00:00,0.9095,0.919,0.9071,0.9154,3020
2021-12-26 20:00:00+00:00,0.9154,0.9186,0.9059,0.9151,2494
2021-12-27 00:00:00+00:00,0.9162,0.9196,0.9106,0.9153,2928
2021-12-27 04:00:00+00:00,0.9152,0.9231,0.9129,0.916,3211
2021-12-27 08:00:00+00:00,0.916,0.9192,0.909,0.9123,2166
2021-12-27 12:00:00+00:00,0.9123,0.9308,0.9115,0.9283,3286
2021-12-27 16:00:00+00:00,0.9283,0.9504,0.9265,0.9442,6069
2021-12-27 20:00:00+00:00,0.9442,0.946,0.9282,0.9317,4720
2021-12-28 00:00:00+00:00,0.9334,0.9355,0.895,0.8969,7477
2021-12-28 04:00:00+00:00,0.8969,0.9015,0.8617,0.8816,7259
2021-12-28 08:00:00+00:00,0.8816,0.8878,0.8784,0.879,4179
2021-12-28 12:00:00+00:00,0.879,0.8904,0.875,0.8835,3678
2021-12-28 16:00:00+00:00,0.8835,0.8847,0.8496,0.8594,5992
2021-12-28 20:00:00+00:00,0.8594,0.8642,0.8406,0.8505,5357
2021-12-29 00:00:00+00:00,0.8521,0.8591,0.8451,0.8517,4500
2021-12-29 04:00:00+00:00,0.8515,0.8567,0.846,0.8488,2780
2021-12-29 08:00:00+00:00,0.8488,0.8542,0.8306,0.847,3971
2021-12-29 12:00:00+00:00,0.847,0.8508,0.8061,0.826,6024
2021-12-29 16:00:00+00:00,0.826,0.8409,0.8238,0.8294,5243
2021-12-29 20:00:00+00:00,0.8294,0.8365,0.8175,0.8236,4432
2021-12-30 00:00:00+00:00,0.8219,0.8309,0.7975,0.8174,7042
2021-12-30 04:00:00+00:00,0.8174,0.822,0.8112,0.8217,3765
2021-12-30 08:00:00+00:00,0.8217,0.8316,0.8197,0.8227,3308
2021-12-30 12:00:00+00:00,0.8227,0.8477,0.8214,0.8324,3562
2021-12-30 16:00:00+00:00,0.8324,0.8454,0.8294,0.8373,4436
2021-12-30 20:00:00+00:00,0.8373,0.854,0.8287,0.8342,4224
2021-12-31 00:00:00+00:00,0.834,0.8398,0.8242,0.8312,3419
2021-12-31 04:00:00+00:00,0.8312,0.8357,0.8226,0.8327,3190
2021-12-31 08:00:00+00:00,0.8327,0.8485,0.8231,0.8414,4377
2021-12-31 12:00:00+00:00,0.8414,0.8433,0.8344,0.8349,2872
2021-12-31 16:00:00+00:00,0.8349,0.8392,0.8212,0.8255,3600
2021-12-31 20:00:00+00:00,0.8255,0.8257,0.7973,0.8214,5254
2022-01-01 00:00:00+00:00,0.8233,0.8471,0.8226,0.8343,3059
2022-01-01 04:00:00+00:00,0.8343,0.8411,0.8293,0.8368,2580
2022-01-01 08:00:00+00:00,0.8368,0.8398,0.831,0.8376,2807
2022-01-01 12:00:00+00:00,0.8375,0.8401,0.8296,0.8357,2706
2022-01-01 16:00:00+00:00,0.8357,0.8381,0.8345,0.8347,621
2022-01-02 00:00:00+00:00,0.8407,0.8457,0.8355,0.8371,2727
2022-01-02 04:00:00+00:00,0.8371,0.8413,0.8322,0.838,2045
2022-01-02 08:00:00+00:00,0.838,0.8436,0.8343,0.8421,2013
2022-01-02 12:00:00+00:00,0.8421,0.8434,0.8366,0.8395,1718
2022-01-02 16:00:00+00:00,0.8395,0.8605,0.838,0.8516,3500
2022-01-02 20:00:00+00:00,0.8516,0.852,0.8406,0.8476,2680
2022-01-03 00:00:00+00:00,0.8489,0.856,0.8426,0.8468,2569
2022-01-03 04:00:00+00:00,0.8468,0.8469,0.8361,0.8419,2593
2022-01-03 08:00:00+00:00,0.8419,0.8423,0.8283,0.8311,2394
2022-01-03 12:00:00+00:00,0.8311,0.8415,0.8311,0.8372,2800
2022-01-03 16:00:00+00:00,0.8372,0.841,0.8198,0.8297,3731
2022-01-03 20:00:00+00:00,0.8297,0.833,0.8162,0.8242,3113
2022-01-04 00:00:00+00:00,0.8256,0.8327,0.8195,0.8208,3040
2022-01-04 04:00:00+00:00,0.8208,0.8249,0.8167,0.8216,2653
2022-01-04 08:00:00+00:00,0.8216,0.8271,0.819,0.8233,2612
2022-01-04 12:00:00+00:00,0.8233,0.834,0.8229,0.8323,3025
2022-01-04 16:00:00+00:00,0.8323,0.8402,0.8238,0.8243,3386
2022-01-04 20:00:00+00:00,0.8243,0.8262,0.8098,0.8241,4148
2022-01-05 00:00:00+00:00,0.8227,0.8286,0.8159,0.8212,2897
2022-01-05 04:00:00+00:00,0.8212,0.8269,0.8212,0.8264,1860
2022-01-05 08:00:00+00:00,0.8264,0.8292,0.8206,0.8284,2093
2022-01-05 12:00:00+00:00,0.8284,0.8319,0.8153,0.8221,2866
2022-01-05 16:00:00+00:00,0.8221,0.8254,0.8148,0.8151,3575
2022-01-05 20:00:00+00:00,0.8151,0.8201,0.775,0.7871,7761
2022-01-06 00:00:00+00:00,0.7874,0.7894,0.7041,0.7666,8632
2022-01-06 04:00:00+00:00,0.7666,0.7685,0.7421,0.7557,6266
2022-01-06 08:00:00+00:00,0.7557,0.76,0.733,0.7367,5443
2022-01-06 12:00:00+00:00,0.7367,0.7594,0.7366,0.7591,5163
2022-01-06 16:00:00+00:00,0.7593,0.7645,0.7489,0.7621,4906
2022-01-06 20:00:00+00:00,0.7621,0.7855,0.7611,0.7778,4248
2022-01-07 00:00:00+00:00,0.7781,0.7797,0.7636,0.767,3575
2022-01-07 04:00:00+00:00,0.767,0.7677,0.7238,0.7468,7010
2022-01-07 08:00:00+00:00,0.7468,0.7717,0.7314,0.7651,5975
2022-01-07 12:00:00+00:00,0.7651,0.7668,0.7313,0.7428,5130
2022-01-07 16:00:00+00:00,0.7428,0.7652,0.7293,0.7604,7577
2022-01-07 20:00:00+00:00,0.7604,0.773,0.7518,0.7624,4098
2022-01-08 00:00:00+00:00,0.7557,0.7696,0.7528,0.765,2962
2022-01-08 04:00:00+00:00,0.765,0.7678,0.757,0.7674,2805
2022-01-08 08:00:00+00:00,0.7674,0.7715,0.7625,0.7663,2719
2022-01-08 12:00:00+00:00,0.7663,0.7673,0.7542,0.7601,2723
2022-01-08 16:00:00+00:00,0.7601,0.7634,0.755,0.7553,718
2022-01-09 00:00:00+00:00,0.7494,0.7551,0.736,0.7427,4221
2022-01-09 04:00:00+00:00,0.7427,0.7531,0.7422,0.7467,3009
2022-01-09 08:00:00+00:00,0.7468,0.7491,0.7365,0.7375,3613
2022-01-09 12:00:00+00:00,0.7375,0.7479,0.7352,0.7375,4763
2022-01-09 16:00:00+00:00,0.7375,0.7517,0.7332,0.7501,4093
2022-01-09 20:00:00+00:00,0.7501,0.7614,0.7494,0.7571,3391
2022-01-10 00:00:00+00:00,0.7564,0.7579,0.7428,0.7455,3284
2022-01-10 04:00:00+00:00,0.7455,0.7536,0.7424,0.7503,2273
2022-01-10 08:00:00+00:00,0.7503,0.7506,0.7391,0.7422,2601
2022-01-10 12:00:00+00:00,0.7422,0.7451,0.7258,0.7259,5218
2022-01-10 16:00:00+00:00,0.7259,0.739,0.6948,0.7178,11409
2022-01-10 20:00:00+00:00,0.7178,0.7329,0.7143,0.7292,6115
2022-01-11 00:00:00+00:00,0.7298,0.737,0.7253,0.7348,3968
2022-01-11 04:00:00+00:00,0.7348,0.7508,0.7333,0.741,3745
2022-01-11 08:00:00+00:00,0.7411,0.7462,0.7328,0.7337,3421
2022-01-11 12:00:00+00:00,0.7337,0.742,0.7256,0.7334,3561
2022-01-11 16:00:00+00:00,0.7334,0.7637,0.7256,0.7532,7194
2022-01-11 20:00:00+00:00,0.7532,0.7671,0.7494,0.7605,3735
2022-01-12 00:00:00+00:00,0.7609,0.7746,0.7582,0.7675,3733
2022-01-12 04:00:00+00:00,0.7675,0.7712,0.7585,0.7587,2493
2022-01-12 08:00:00+00:00,0.7587,0.7621,0.7519,0.7599,2463
2022-01-12 12:00:00+00:00,0.7599,0.7859,0.758,0.7831,5499
2022-01-12 16:00:00+00:00,0.7831,0.7956,0.7797,0.787,6114
2022-01-12 20:00:00+00:00,0.787,0.8023,0.7834,0.792,4161
2022-01-13 00:00:00+00:00,0.7923,0.7971,0.7831,0.7868,3547
2022-01-13 04:00:00+00:00,0.7868,0.7899,0.7798,0.788,2592
2022-01-13 08:00:00+00:00,0.788,0.794,0.7858,0.7877,2743
2022-01-13 12:00:00+00:00,0.7878,0.7913,0.7782,0.7844,3513
2022-01-13 16:00:00+00:00,0.7845,0.7932,0.7614,0.7657,6643
2022-01-13 20:00:00+00:00,0.7657,0.7668,0.7555,0.7654,4178
2022-01-14 00:00:00+00:00,0.7656,0.7677,0.759,0.7653,3930
2022-01-14 04:00:00+00:00,0.7653,0.7819,0.762,0.7819,3027
2022-01-14 08:00:00+00:00,0.7819,0.7851,0.7689,0.773,3759
2022-01-14 12:00:00+00:00,0.773,0.7741,0.7465,0.7554,4237
2022-01-14 16:00:00+00:00,0.7554,0.7726,0.7539,0.7621,4340
2022-01-14 20:00:00+00:00,0.7621,0.7743,0.7593,0.774,2655
2022-01-15 00:00:00+00:00,0.7718,0.7728,0.7647,0.7672,2225
2022-01-15 04:00:00+00:00,0.7672,0.7705,0.764,0.7666,1872
2022-01-15 08:00:00+00:00,0.7666,0.7753,0.7649,0.7728,2067
2022-01-15 12:00:00+00:00,0.7728,0.7753,0.7628,0.7737,2652
2022-01-15 16:00:00+00:00,0.7732,0.7819,0.7725,0.777,1388
2022-01-16 00:00:00+00:00,0.7772,0.7793,0.7707,0.7729,1798
2022-01-16 04:00:00+00:00,0.7729,0.7757,0.7675,0.7719,1757
2022-01-16 08:00:00+00:00,0.7719,0.7777,0.7712,0.7759,1419
2022-01-16 12:00:00+00:00,0.7759,0.779,0.763,0.7716,2547
2022-01-16 16:00:00+00:00,0.7716,0.7787,0.7703,0.7729,2622
2022-01-16 20:00:00+00:00,0.7729,0.7773,0.7675,0.7717,2106
2022-01-17 00:00:00+00:00,0.7722,0.7759,0.7684,0.7707,2158
2022-01-17 04:00:00+00:00,0.7707,0.7715,0.7505,0.7565,2933
2022-01-17 08:00:00+00:00,0.7565,0.7639,0.7552,0.7636,2029
2022-01-17 12:00:00+00:00,0.7636,0.7647,0.7531,0.757,2318
2022-01-17 16:00:00+00:00,0.757,0.7593,0.7448,0.7499,3538
2022-01-17 20:00:00+00:00,0.7499,0.7595,0.7452,0.748,2355
2022-01-18 00:00:00+00:00,0.7465,0.7634,0.7459,0.7601,2738
2022-01-18 04:00:00+00:00,0.7601,0.7605,0.7454,0.7519,2009
2022-01-18 08:00:00+00:00,0.7519,0.7573,0.7305,0.7413,3613
2022-01-18 12:00:00+00:00,0.7414,0.7445,0.7336,0.7389,3478
2022-01-18 16:00:00+00:00,0.7389,0.7438,0.7321,0.7376,4877
2022-01-18 20:00:00+00:00,0.7376,0.752,0.7357,0.7511,3504
2022-01-19 00:00:00+00:00,0.7492,0.7543,0.7429,0.7449,2458
2022-01-19 04:00:00+00:00,0.7449,0.7459,0.7313,0.7399,3538
2022-01-19 08:00:00+00:00,0.7399,0.7404,0.7183,0.7271,4499
2022-01-19 12:00:00+00:00,0.7271,0.737,0.7217,0.7344,3993
2022-01-19 16:00:00+00:00,0.7344,0.7412,0.729,0.7348,4569
2022-01-19 20:00:00+00:00,0.7348,0.7374,0.7313,0.7353,2781
2022-01-20 00:00:00+00:00,0.734,0.7385,0.7326,0.7366,2093
2022-01-20 04:00:00+00:00,0.7366,0.7434,0.735,0.7393,1865
2022-01-20 08:00:00+00:00,0.7393,0.7431,0.7364,0.7374,1804
2022-01-20 12:00:00+00:00,0.7374,0.7443,0.7347,0.7436,2329
2022-01-20 16:00:00+00:00,0.7436,0.7573,0.7436,0.7504,3634
2022-01-20 20:00:00+00:00,0.7504,0.7551,0.7294,0.7295,3213
2022-01-21 00:00:00+00:00,0.73,0.7316,0.6913,0.6933,6729
2022-01-21 04:00:00+00:00,0.6935,0.7141,0.682,0.6869,8190
2022-01-21 08:00:00+00:00,0.6869,0.6921,0.678,0.6862,5062
2022-01-21 12:00:00+00:00,0.6862,0.6888,0.655,0.6726,7472
2022-01-21 16:00:00+00:00,0.6727,0.6815,0.6635,0.6697,8396
2022-01-21 20:00:00+00:00,0.6697,0.6736,0.6069,0.6298,10122
2022-01-22 00:00:00+00:00,0.6311,0.6473,0.6166,0.6426,9014
2022-01-22 04:00:00+00:00,0.6426,0.6485,0.6134,0.618,8780
2022-01-22 08:00:00+00:00,0.618,0.6219,0.5642,0.5685,13865
2022-01-22 12:00:00+00:00,0.5687,0.6072,0.5441,0.5964,12310
2022-01-22 16:00:00+00:00,0.5964,0.5975,0.5829,0.5832,2060
2022-01-23 00:00:00+00:00,0.593,0.6055,0.5798,0.5996,6807
2022-01-23 04:00:00+00:00,0.5996,0.6124,0.5853,0.6097,6154
2022-01-23 08:00:00+00:00,0.6097,0.6224,0.6027,0.618,6457
2022-01-23 12:00:00+00:00,0.618,0.6206,0.6075,0.6191,4746
2022-01-23 16:00:00+00:00,0.6191,0.6215,0.5942,0.6014,6214
2022-01-23 20:00:00+00:00,0.6014,0.6048,0.5855,0.6003,7377
2022-01-24 00:00:00+00:00,0.5988,0.6302,0.5983,0.6075,6588
2022-01-24 04:00:00+00:00,0.6075,0.6109,0.5959,0.6021,3484
2022-01-24 08:00:00+00:00,0.6021,0.6064,0.5723,0.5764,6705
2022-01-24 12:00:00+00:00,0.5764,0.5786,0.5486,0.5562,11875
2022-01-24 16:00:00+00:00,0.5562,0.5857,0.5509,0.5832,12650
2022-01-24 20:00:00+00:00,0.5832,0.617,0.5796,0.6068,8385
2022-01-25 00:00:00+00:00,0.6062,0.6094,0.5916,0.5945,3997
2022-01-25 04:00:00+00:00,0.5945,0.601,0.588,0.5917,3195
2022-01-25 08:00:00+00:00,0.5917,0.5972,0.5822,0.5957,3403
2022-01-25 12:00:00+00:00,0.5957,0.6061,0.5912,0.5965,4213
2022-01-25 16:00:00+00:00,0.5965,0.6098,0.5869,0.6064,7033
2022-01-25 20:00:00+00:00,0.6064,0.6124,0.5978,0.6012,4153
2022-01-26 00:00:00+00:00,0.6014,0.6191,0.6007,0.6074,4545
2022-01-26 04:00:00+00:00,0.6074,0.6272,0.6071,0.6208,2982
2022-01-26 08:00:00+00:00,0.6208,0.624,0.6131,0.6225,2985
2022-01-26 12:00:00+00:00,0.6224,0.6323,0.6148,0.627,4034
2022-01-26 16:00:00+00:00,0.627,0.6361,0.6249,0.6274,4433
2022-01-26 20:00:00+00:00,0.6274,0.6528,0.6005,0.6013,11065
2022-01-27 00:00:00+00:00,0.6028,0.6194,0.5917,0.5926,4453
2022-01-27 04:00:00+00:00,0.5926,0.597,0.5846,0.5938,4234
2022-01-27 08:00:00+00:00,0.5938,0.6047,0.592,0.6029,3367
2022-01-27 12:00:00+00:00,0.6029,0.6096,0.5988,0.6088,3202
2022-01-27 16:00:00+00:00,0.6088,0.6144,0.5983,0.6006,4204
2022-01-27 20:00:00+00:00,0.6006,0.6035,0.5847,0.5908,4755
2022-01-28 00:00:00+00:00,0.5895,0.6083,0.5868,0.5983,4365
2022-01-28 04:00:00+00:00,0.5983,0.6073,0.5933,0.6021,3004
2022-01-28 08:00:00+00:00,0.6021,0.6062,0.5895,0.5919,3648
2022-01-28 12:00:00+00:00,0.5919,0.5977,0.5869,0.5959,4520
2022-01-28 16:00:00+00:00,0.596,0.604,0.5898,0.5961,4547
2022-01-28 20:00:00+00:00,0.5961,0.6073,0.5927,0.6041,3649
2022-01-29 00:00:00+00:00,0.6037,0.6106,0.6027,0.6055,2000
2022-01-29 04:00:00+00:00,0.6055,0.6089,0.6041,0.6058,1882
2022-01-29 08:00:00+00:00,0.6058,0.6146,0.6052,0.6122,2099
2022-01-29 12:00:00+00:00,0.6122,0.618,0.608,0.6164,2250
2022-01-29 16:00:00+00:00,0.6164,0.6169,0.6057,0.6075,916
2022-01-30 00:00:00+00:00,0.6115,0.6146,0.606,0.6093,2364
2022-01-30 04:00:00+00:00,0.6093,0.6172,0.6075,0.6145,2201
2022-01-30 08:00:00+00:00,0.6145,0.6182,0.6106,0.6113,2062
2022-01-30 12:00:00+00:00,0.6113,0.6166,0.6099,0.6127,2158
2022-01-30 16:00:00+00:00,0.6127,0.6134,0.6034,0.6075,2640
2022-01-30 20:00:00+00:00,0.6075,0.6076,0.5924,0.5973,3562
2022-01-31 00:00:00+00:00,0.5973,0.6033,0.5806,0.582,4275
2022-01-31 04:00:00+00:00,0.582,0.5837,0.5752,0.5804,2834
2022-01-31 08:00:00+00:00,0.5804,0.5858,0.5788,0.5835,1745
2022-01-31 12:00:00+00:00,0.5835,0.5879,0.5787,0.5843,2494
2022-01-31 16:00:00+00:00,0.5843,0.6031,0.5823,0.602,3882
2022-01-31 20:00:00+00:00,0.602,0.606,0.5989,0.6034,2520
2022-02-01 00:00:00+00:00,0.6042,0.6193,0.6036,0.6114,2590
2022-02-01 04:00:00+00:00,0.6114,0.6227,0.6112,0.6169,1894
2022-02-01 08:00:00+00:00,0.6169,0.6248,0.6089,0.6118,2472
2022-02-01 12:00:00+00:00,0.6118,0.62,0.6082,0.619,2317
2022-02-01 16:00:00+00:00,0.619,0.6239,0.6106,0.6184,3961
2022-02-01 20:00:00+00:00,0.6184,0.6221,0.6149,0.6184,2044
2022-02-02 00:00:00+00:00,0.6215,0.6264,0.6186,0.6195,2107
2022-02-02 04:00:00+00:00,0.6195,0.6238,0.6178,0.6213,1106
2022-02-02 08:00:00+00:00,0.6213,0.6228,0.6162,0.6209,1557
2022-02-02 12:00:00+00:00,0.6209,0.626,0.6195,0.6218,1574
2022-02-02 16:00:00+00:00,0.6218,0.6232,0.5965,0.6048,4925
2022-02-02 20:00:00+00:00,0.6048,0.6091,0.5907,0.596,3935
2022-02-03 00:00:00+00:00,0.5959,0.6,0.5914,0.5939,3858
2022-02-03 04:00:00+00:00,0.5939,0.6011,0.5932,0.6002,1796
2022-02-03 08:00:00+00:00,0.6002,0.6017,0.5875,0.5884,1598
2022-02-03 12:00:00+00:00,0.5884,0.5955,0.5838,0.5926,3788
2022-02-03 16:00:00+00:00,0.5926,0.6016,0.592,0.5977,3693
2022-02-03 20:00:00+00:00,0.5978,0.6021,0.5916,0.6004,3302
2022-02-04 00:00:00+00:00,0.5998,0.6056,0.598,0.6003,2379
2022-02-04 04:00:00+00:00,0.6003,0.6111,0.5995,0.6097,2112
2022-02-04 08:00:00+00:00,0.6097,0.6164,0.6097,0.6133,2528
2022-02-04 12:00:00+00:00,0.6133,0.6153,0.6006,0.6021,2789
2022-02-04 16:00:00+00:00,0.6023,0.6347,0.6013,0.6344,6862
2022-02-04 20:00:00+00:00,0.6344,0.637,0.6291,0.6338,2583
2022-02-05 00:00:00+00:00,0.6389,0.6819,0.6378,0.6597,4453
2022-02-05 04:00:00+00:00,0.6597,0.6723,0.6568,0.6649,2774
2022-02-05 08:00:00+00:00,0.6649,0.6737,0.6615,0.6688,3067
2022-02-05 12:00:00+00:00,0.6688,0.6721,0.6624,0.6661,2287
2022-02-05 16:00:00+00:00,0.6661,0.6715,0.6634,0.6669,708
2022-02-06 00:00:00+00:00,0.6644,0.6696,0.6605,0.6686,2449
2022-02-06 04:00:00+00:00,0.6686,0.6688,0.6593,0.6628,1899
2022-02-06 08:00:00+00:00,0.6628,0.6668,0.658,0.6657,1929
2022-02-06 12:00:00+00:00,0.6657,0.6672,0.6609,0.6665,2026
2022-02-06 16:00:00+00:00,0.6665,0.6749,0.654,0.6654,4389
2022-02-06 20:00:00+00:00,0.6654,0.6702,0.6611,0.6694,2168
2022-02-07 00:00:00+00:00,0.6687,0.6861,0.6649,0.682,4948
2022-02-07 04:00:00+00:00,0.682,0.7443,0.6818,0.7394,8260
2022-02-07 08:00:00+00:00,0.7395,0.7688,0.7352,0.749,7405
2022-02-07 12:00:00+00:00,0.749,0.7773,0.7486,0.7663,6578
2022-02-07 16:00:00+00:00,0.7663,0.7869,0.7595,0.7836,8466
2022-02-07 20:00:00+00:00,0.7836,0.7997,0.7728,0.7946,6871
2022-02-08 00:00:00+00:00,0.8114,0.865,0.8072,0.8628,12407
2022-02-08 04:00:00+00:00,0.8636,0.8932,0.8473,0.8928,10108
2022-02-08 08:00:00+00:00,0.8928,0.9089,0.834,0.8547,14183
2022-02-08 12:00:00+00:00,0.8558,0.8655,0.8241,0.8434,10355
2022-02-08 16:00:00+00:00,0.8433,0.8449,0.7992,0.8109,10551
2022-02-08 20:00:00+00:00,0.8109,0.8517,0.7999,0.8407,9783
2022-02-09 00:00:00+00:00,0.8366,0.8989,0.8212,0.8817,10689
2022-02-09 04:00:00+00:00,0.8812,0.8842,0.8386,0.85,7253
2022-02-09 08:00:00+00:00,0.85,0.8604,0.84,0.8467,5758
2022-02-09 12:00:00+00:00,0.8467,0.9014,0.8397,0.8773,8760
2022-02-09 16:00:00+00:00,0.8773,0.8988,0.8701,0.8862,9171
2022-02-09 20:00:00+00:00,0.8862,0.9109,0.8745,0.8862,8561
2022-02-10 00:00:00+00:00,0.8869,0.8946,0.8574,0.8684,7641
2022-02-10 04:00:00+00:00,0.8684,0.8753,0.8489,0.8653,6265
2022-02-10 08:00:00+00:00,0.8653,0.8749,0.8615,0.8745,3965
2022-02-10 12:00:00+00:00,0.8745,0.8926,0.8441,0.8473,8747
2022-02-10 16:00:00+00:00,0.8473,0.8729,0.8318,0.8647,11373
2022-02-10 20:00:00+00:00,0.8647,0.8656,0.8327,0.8338,7486
2022-02-11 00:00:00+00:00,0.832,0.8424,0.8026,0.818,9392
2022-02-11 04:00:00+00:00,0.818,0.8199,0.787,0.7932,5710
2022-02-11 08:00:00+00:00,0.7934,0.8218,0.7934,0.8139,7114
2022-02-11 12:00:00+00:00,0.814,0.8289,0.8063,0.8186,6318
2022-02-11 16:00:00+00:00,0.8187,0.8247,0.8013,0.8046,7633
2022-02-11 20:00:00+00:00,0.8046,0.808,0.7619,0.769,9545
2022-02-12 00:00:00+00:00,0.7516,0.7739,0.7448,0.7707,4930
2022-02-12 04:00:00+00:00,0.7709,0.7737,0.7624,0.7658,4028
2022-02-12 08:00:00+00:00,0.7658,0.7725,0.7416,0.7688,5791
2022-02-12 12:00:00+00:00,0.7688,0.7692,0.7683,0.769,16
2022-02-13 00:00:00+00:00,0.8115,0.8316,0.8059,0.8139,7035
2022-02-13 04:00:00+00:00,0.8139,0.827,0.8113,0.8235,4758
2022-02-13 08:00:00+00:00,0.8235,0.8302,0.8195,0.8242,4389
2022-02-13 12:00:00+00:00,0.8242,0.842,0.8167,0.8276,6428
2022-02-13 16:00:00+00:00,0.8276,0.8328,0.7966,0.8063,6777
2022-02-13 20:00:00+00:00,0.8063,0.8133,0.7876,0.8038,6566
2022-02-14 00:00:00+00:00,0.8037,0.8122,0.7776,0.78,6736
2022-02-14 04:00:00+00:00,0.78,0.791,0.7788,0.781,4323
2022-02-14 08:00:00+00:00,0.781,0.804,0.7748,0.7783,4841
2022-02-14 12:00:00+00:00,0.7783,0.8005,0.775,0.7955,6579
2022-02-14 16:00:00+00:00,0.7955,0.8074,0.7893,0.7916,6032
2022-02-14 20:00:00+00:00,0.7916,0.7947,0.7763,0.7933,5926
2022-02-15 00:00:00+00:00,0.7939,0.8345,0.7909,0.8225,4469
2022-02-15 04:00:00+00:00,0.8225,0.8262,0.8082,0.8163,3357
2022-02-15 08:00:00+00:00,0.8163,0.8285,0.8138,0.8228,4250
2022-02-15 12:00:00+00:00,0.8228,0.831,0.8204,0.8254,4395
2022-02-15 16:00:00+00:00,0.8254,0.8283,0.811,0.8161,4514
2022-02-15 20:00:00+00:00,0.8161,0.8316,0.8138,0.8233,3655
2022-02-16 00:00:00+00:00,0.8216,0.8546,0.8214,0.8328,5633
2022-02-16 04:00:00+00:00,0.8328,0.8364,0.8208,0.8276,3255
2022-02-16 08:00:00+00:00,0.8276,0.8343,0.8238,0.8243,3121
2022-02-16 12:00:00+00:00,0.8243,0.8275,0.8036,0.8077,4395
2022-02-16 16:00:00+00:00,0.8077,0.816,0.8054,0.8113,5135
2022-02-16 20:00:00+00:00,0.8113,0.8479,0.8105,0.8369,6126
2022-02-17 00:00:00+00:00,0.8379,0.8416,0.8304,0.8352,3294
2022-02-17 04:00:00+00:00,0.8352,0.8359,0.8054,0.8171,4102
2022-02-17 08:00:00+00:00,0.8171,0.8254,0.7996,0.8086,4658
2022-02-17 12:00:00+00:00,0.8086,0.8154,0.7978,0.8012,5671
2022-02-17 16:00:00+00:00,0.8012,0.8067,0.7891,0.7928,6896
2022-02-17 20:00:00+00:00,0.7928,0.7952,0.7485,0.7675,8875
2022-02-18 00:00:00+00:00,0.7681,0.7851,0.7589,0.7822,7048
2022-02-18 04:00:00+00:00,0.7822,0.7851,0.7762,0.7831,4128
2022-02-18 08:00:00+00:00,0.7831,0.8,0.7821,0.7896,4302
2022-02-18 12:00:00+00:00,0.7896,0.7899,0.7677,0.7755,5653
2022-02-18 16:00:00+00:00,0.7754,0.7803,0.7512,0.7593,10269
2022-02-18 20:00:00+00:00,0.7594,0.7728,0.753,0.7692,5796
2022-02-19 00:00:00+00:00,0.7852,0.7918,0.7778,0.7825,4089
2022-02-19 04:00:00+00:00,0.7825,0.7935,0.7809,0.7923,2884
2022-02-19 08:00:00+00:00,0.7924,0.7961,0.7759,0.7781,3843
2022-02-19 12:00:00+00:00,0.7781,0.8231,0.765,0.8178,7159
2022-02-19 16:00:00+00:00,0.8178,0.8192,0.8074,0.8131,2088
2022-02-20 00:00:00+00:00,0.806,0.8198,0.7888,0.7921,5772
2022-02-20 04:00:00+00:00,0.7921,0.797,0.7773,0.7776,5984
2022-02-20 08:00:00+00:00,0.7775,0.8002,0.7678,0.7859,10156
2022-02-20 12:00:00+00:00,0.7859,0.7957,0.7794,0.7845,5839
2022-02-20 16:00:00+00:00,0.7845,0.7868,0.7717,0.7781,5143
2022-02-20 20:00:00+00:00,0.7781,0.7824,0.7598,0.7691,4018
2022-02-21 00:00:00+00:00,0.7707,0.797,0.7647,0.7879,8591
2022-02-21 04:00:00+00:00,0.7879,0.7956,0.7807,0.7906,3960
2022-02-21 08:00:00+00:00,0.7906,0.7953,0.7787,0.7805,4088
2022-02-21 12:00:00+00:00,0.7805,0.7838,0.7522,0.763,9245
2022-02-21 16:00:00+00:00,0.763,0.7852,0.7605,0.7658,8333
2022-02-21 20:00:00+00:00,0.7658,0.7673,0.7112,0.7175,9850
2022-02-22 00:00:00+00:00,0.7201,0.7294,0.6912,0.7022,10979
2022-02-22 04:00:00+00:00,0.7022,0.7023,0.6643,0.6815,8447
2022-02-22 08:00:00+00:00,0.6815,0.6906,0.674,0.6848,7451
2022-02-22 12:00:00+00:00,0.6848,0.7061,0.683,0.7029,7090
2022-02-22 16:00:00+00:00,0.7029,0.7128,0.6871,0.6919,8056
2022-02-22 20:00:00+00:00,0.6919,0.7059,0.6892,0.7044,6130
2022-02-23 00:00:00+00:00,0.7039,0.7222,0.701,0.707,4575
2022-02-23 04:00:00+00:00,0.707,0.7142,0.6998,0.7115,4371
2022-02-23 08:00:00+00:00,0.7115,0.7335,0.7094,0.7317,4502
2022-02-23 12:00:00+00:00,0.7318,0.7392,0.7242,0.7321,4074
2022-02-23 16:00:00+00:00,0.7321,0.7336,0.7108,0.7125,5834
2022-02-23 20:00:00+00:00,0.7125,0.7141,0.6934,0.6963,5644
2022-02-24 00:00:00+00:00,0.699,0.7025,0.685,0.6909,6912
2022-02-24 04:00:00+00:00,0.6909,0.6923,0.6173,0.6273,14720
2022-02-24 08:00:00+00:00,0.6274,0.6627,0.6178,0.6343,11445
2022-02-24 12:00:00+00:00,0.6343,0.6377,0.6235,0.6324,8392
2022-02-24 16:00:00+00:00,0.6324,0.6597,0.6282,0.6485,10304
2022-02-24 20:00:00+00:00,0.6485,0.7168,0.648,0.6958,12125
2022-02-25 00:00:00+00:00,0.6955,0.7002,0.6696,0.697,8205
2022-02-25 04:00:00+00:00,0.697,0.7,0.682,0.6857,5582
2022-02-25 08:00:00+00:00,0.6857,0.6977,0.6777,0.6903,7490
2022-02-25 12:00:00+00:00,0.6903,0.7196,0.6851,0.7088,8773
2022-02-25 16:00:00+00:00,0.7087,0.7151,0.6964,0.701,10052
2022-02-25 20:00:00+00:00,0.701,0.7353,0.6973,0.7293,9463
2022-02-26 00:00:00+00:00,0.7484,0.7886,0.7412,0.773,7299
2022-02-26 04:00:00+00:00,0.773,0.7814,0.7508,0.755,5701
2022-02-26 08:00:00+00:00,0.755,0.7746,0.746,0.7584,6136
2022-02-26 12:00:00+00:00,0.7584,0.7652,0.7471,0.7542,5249
2022-02-26 16:00:00+00:00,0.7542,0.7598,0.7506,0.7585,1157
2022-02-27 00:00:00+00:00,0.7536,0.7539,0.7176,0.7184,6609
2022-02-27 04:00:00+00:00,0.7184,0.7368,0.7176,0.7312,3462
2022-02-27 08:00:00+00:00,0.7312,0.7459,0.7312,0.7435,3656
2022-02-27 12:00:00+00:00,0.7435,0.7624,0.7288,0.7421,5402
2022-02-27 16:00:00+00:00,0.7421,0.7499,0.7341,0.7376,6520
2022-02-27 20:00:00+00:00,0.7376,0.7397,0.6986,0.7134,9013
2022-02-28 00:00:00+00:00,0.7158,0.7274,0.7054,0.7182,6715
2022-02-28 04:00:00+00:00,0.7182,0.7229,0.7107,0.7139,4342
2022-02-28 08:00:00+00:00,0.7139,0.7233,0.7029,0.7138,4727
2022-02-28 12:00:00+00:00,0.7138,0.7261,0.7122,0.7156,3876
2022-02-28 16:00:00+00:00,0.7156,0.7626,0.7151,0.7571,8550
2022-02-28 20:00:00+00:00,0.7571,0.7719,0.7494,0.7617,4488
2022-03-01 00:00:00+00:00,0.7623,0.7883,0.7622,0.766,6704
2022-03-01 04:00:00+00:00,0.766,0.7726,0.7589,0.7675,2797
2022-03-01 08:00:00+00:00,0.7675,0.7708,0.7571,0.7614,2660
2022-03-01 12:00:00+00:00,0.7614,0.7941,0.7521,0.7878,5047
2022-03-01 16:00:00+00:00,0.7878,0.7985,0.7631,0.7763,6868
2022-03-01 20:00:00+00:00,0.7763,0.7835,0.7721,0.7776,3445
2022-03-02 00:00:00+00:00,0.7753,0.7839,0.7637,0.7685,3939
2022-03-02 04:00:00+00:00,0.7685,0.7757,0.7596,0.7694,3360
2022-03-02 08:00:00+00:00,0.7694,0.7702,0.756,0.7635,3245
2022-03-02 12:00:00+00:00,0.7635,0.7749,0.7512,0.7568,3512
2022-03-02 16:00:00+00:00,0.7568,0.7765,0.7561,0.7574,5381
2022-03-02 20:00:00+00:00,0.7574,0.7683,0.7548,0.7673,2454
2022-03-03 00:00:00+00:00,0.7712,0.7727,0.7571,0.7602,3024
2022-03-03 04:00:00+00:00,0.7602,0.7844,0.7553,0.7603,4033
2022-03-03 08:00:00+00:00,0.7602,0.7669,0.7535,0.7589,3339
2022-03-03 12:00:00+00:00,0.7589,0.7692,0.7562,0.7685,2636
2022-03-03 16:00:00+00:00,0.7685,0.7694,0.729,0.7389,5717
2022-03-03 20:00:00+00:00,0.7389,0.7429,0.7353,0.7424,3121
2022-03-04 00:00:00+00:00,0.7464,0.7541,0.719,0.731,5500
2022-03-04 04:00:00+00:00,0.731,0.7384,0.7227,0.731,3320
2022-03-04 08:00:00+00:00,0.731,0.7377,0.7208,0.7331,3371
2022-03-04 12:00:00+00:00,0.7331,0.7414,0.7299,0.7312,3483
2022-03-04 16:00:00+00:00,0.7312,0.7371,0.723,0.7335,5492
2022-03-04 20:00:00+00:00,0.7335,0.7345,0.7033,0.71,5607
2022-03-05 00:00:00+00:00,0.7069,0.7102,0.6998,0.7078,3940
2022-03-05 04:00:00+00:00,0.7078,0.7176,0.7071,0.7148,3057
2022-03-05 08:00:00+00:00,0.7148,0.7304,0.7127,0.7287,2325
2022-03-05 12:00:00+00:00,0.7287,0.7541,0.7218,0.7537,4782
2022-03-05 16:00:00+00:00,0.7537,0.7639,0.7474,0.7527,2304
2022-03-06 00:00:00+00:00,0.7387,0.7546,0.7384,0.7458,3016
2022-03-06 04:00:00+00:00,0.7458,0.7487,0.7274,0.7399,4160
2022-03-06 08:00:00+00:00,0.7399,0.7446,0.7286,0.7286,3893
2022-03-06 12:00:00+00:00,0.7286,0.7366,0.7225,0.7337,5478
2022-03-06 16:00:00+00:00,0.7337,0.7405,0.727,0.7368,4260
2022-03-06 20:00:00+00:00,0.7368,0.7422,0.7266,0.7372,4251
2022-03-07 00:00:00+00:00,0.7394,0.7411,0.7027,0.7131,5663
2022-03-07 04:00:00+00:00,0.7131,0.7265,0.704,0.7235,3624
2022-03-07 08:00:00+00:00,0.7235,0.7488,0.7228,0.7343,5943
2022-03-07 12:00:00+00:00,0.7343,0.7479,0.7322,0.7444,4628
2022-03-07 16:00:00+00:00,0.7444,0.7473,0.7298,0.7312,4973
2022-03-07 20:00:00+00:00,0.7313,0.7313,0.6985,0.7147,6193
2022-03-08 00:00:00+00:00,0.7176,0.7252,0.7114,0.7179,4801
2022-03-08 04:00:00+00:00,0.7179,0.7252,0.7146,0.7166,3369
2022-03-08 08:00:00+00:00,0.7166,0.7242,0.7083,0.7227,2724
2022-03-08 12:00:00+00:00,0.7227,0.7258,0.7152,0.7192,2510
2022-03-08 16:00:00+00:00,0.7192,0.7211,0.7087,0.7185,4583
2022-03-08 20:00:00+00:00,0.7185,0.7235,0.7108,0.7142,2953
2022-03-09 00:00:00+00:00,0.7141,0.7243,0.7123,0.7231,2300
2022-03-09 04:00:00+00:00,0.7231,0.7456,0.722,0.7391,3577
2022-03-09 08:00:00+00:00,0.739,0.7519,0.738,0.7472,2800
2022-03-09 12:00:00+00:00,0.7472,0.755,0.7394,0.7443,2853
2022-03-09 16:00:00+00:00,0.7443,0.7697,0.7443,0.7653,3803
2022-03-09 20:00:00+00:00,0.7653,0.7653,0.7511,0.7579,2743
2022-03-10 00:00:00+00:00,0.7589,0.7737,0.7523,0.7541,4321
2022-03-10 04:00:00+00:00,0.7542,0.7563,0.7254,0.7279,5305
2022-03-10 08:00:00+00:00,0.7279,0.7361,0.7238,0.727,4852
2022-03-10 12:00:00+00:00,0.727,0.7392,0.7173,0.7229,4125
2022-03-10 16:00:00+00:00,0.7229,0.7296,0.7185,0.7247,4349
2022-03-10 20:00:00+00:00,0.7247,0.7399,0.7231,0.7337,2489
2022-03-11 00:00:00+00:00,0.7306,0.7378,0.7236,0.7277,3181
2022-03-11 04:00:00+00:00,0.7277,0.7429,0.7215,0.7415,2856
2022-03-11 08:00:00+00:00,0.7415,0.746,0.7307,0.7337,2308
2022-03-11 12:00:00+00:00,0.7337,0.7455,0.7275,0.7355,3444
2022-03-11 16:00:00+00:00,0.7355,0.7374,0.72,0.7238,3015
2022-03-11 20:00:00+00:00,0.7238,0.8042,0.7201,0.7933,6153
2022-03-12 00:00:00+00:00,0.7943,0.841,0.7907,0.8345,6510
2022-03-12 04:00:00+00:00,0.8345,0.8436,0.8016,0.8078,5106
2022-03-12 08:00:00+00:00,0.8078,0.8111,0.7732,0.7849,4731
2022-03-12 12:00:00+00:00,0.7849,0.7957,0.7734,0.7806,4061
2022-03-12 16:00:00+00:00,0.7806,0.7911,0.7755,0.7812,1302
2022-03-13 00:00:00+00:00,0.7833,0.7893,0.7777,0.7836,2793
2022-03-13 04:00:00+00:00,0.7836,0.798,0.7829,0.7947,2191
2022-03-13 08:00:00+00:00,0.7947,0.7994,0.7886,0.7977,1423
2022-03-13 12:00:00+00:00,0.7977,0.7997,0.7735,0.7757,2489
2022-03-13 16:00:00+00:00,0.7757,0.7847,0.7734,0.7785,2253
2022-03-13 20:00:00+00:00,0.7784,0.7872,0.7752,0.7818,1776
2022-03-14 00:00:00+00:00,0.7815,0.7839,0.7399,0.7508,4232
2022-03-14 04:00:00+00:00,0.7508,0.7689,0.7506,0.7618,3038
2022-03-14 08:00:00+00:00,0.7618,0.7697,0.7575,0.7664,2604
2022-03-14 12:00:00+00:00,0.7664,0.7712,0.7557,0.759,1998
2022-03-14 16:00:00+00:00,0.759,0.7626,0.7476,0.7478,3017
2022-03-14 20:00:00+00:00,0.7478,0.76,0.7449,0.755,3374
2022-03-15 00:00:00+00:00,0.755,0.7726,0.7544,0.7705,3869
2022-03-15 04:00:00+00:00,0.7705,0.7707,0.7538,0.7555,3148
2022-03-15 08:00:00+00:00,0.7555,0.7598,0.7423,0.7443,3304
2022-03-15 12:00:00+00:00,0.7443,0.7562,0.7367,0.755,2583
2022-03-15 16:00:00+00:00,0.755,0.7631,0.7469,0.7586,4037
2022-03-15 20:00:00+00:00,0.7586,0.7677,0.7561,0.7602,2935
2022-03-16 00:00:00+00:00,0.76,0.766,0.7581,0.7584,2407
2022-03-16 04:00:00+00:00,0.7584,0.7841,0.7529,0.7559,4790
2022-03-16 08:00:00+00:00,0.7559,0.7679,0.7532,0.7654,2172
2022-03-16 12:00:00+00:00,0.7654,0.7684,0.7615,0.762,2323
2022-03-16 16:00:00+00:00,0.762,0.7763,0.7594,0.769,3721
2022-03-16 20:00:00+00:00,0.769,0.7885,0.754,0.7829,5510
2022-03-17 00:00:00+00:00,0.7834,0.7932,0.7757,0.7891,2932
2022-03-17 04:00:00+00:00,0.7891,0.7904,0.7825,0.7898,2698
2022-03-17 08:00:00+00:00,0.7898,0.7906,0.7789,0.7858,2227
2022-03-17 12:00:00+00:00,0.7858,0.7905,0.778,0.7897,2888
2022-03-17 16:00:00+00:00,0.7897,0.7931,0.7848,0.7871,3286
2022-03-17 20:00:00+00:00,0.7875,0.7918,0.7847,0.7881,1515
2022-03-18 00:00:00+00:00,0.789,0.7968,0.7782,0.7806,3319
2022-03-18 04:00:00+00:00,0.7806,0.7873,0.7787,0.787,2507
2022-03-18 08:00:00+00:00,0.787,0.7892,0.7792,0.7806,1827
2022-03-18 12:00:00+00:00,0.7806,0.7819,0.7711,0.7757,2245
2022-03-18 16:00:00+00:00,0.7755,0.7874,0.7715,0.7865,2778
2022-03-18 20:00:00+00:00,0.7865,0.7944,0.7837,0.7893,2181
2022-03-19 00:00:00+00:00,0.7911,0.7945,0.7897,0.792,1233
2022-03-19 04:00:00+00:00,0.792,0.7935,0.7865,0.7922,1308
2022-03-19 08:00:00+00:00,0.7922,0.818,0.7908,0.8084,2986
2022-03-19 12:00:00+00:00,0.8084,0.8141,0.8043,0.813,1514
2022-03-19 16:00:00+00:00,0.813,0.8155,0.806,0.8093,635
2022-03-20 00:00:00+00:00,0.8171,0.8177,0.8024,0.8081,2644
2022-03-20 04:00:00+00:00,0.8081,0.8106,0.8034,0.8085,1743
2022-03-20 08:00:00+00:00,0.8085,0.8115,0.806,0.808,1295
2022-03-20 12:00:00+00:00,0.808,0.8089,0.7977,0.8019,1966
2022-03-20 16:00:00+00:00,0.8019,0.8037,0.7956,0.8001,2033
2022-03-20 20:00:00+00:00,0.8001,0.8046,0.7902,0.7971,2936
2022-03-21 00:00:00+00:00,0.7971,0.8042,0.7966,0.8018,1914
2022-03-21 04:00:00+00:00,0.8018,0.8034,0.7827,0.7967,2810
2022-03-21 08:00:00+00:00,0.7967,0.8087,0.7959,0.8009,2123
2022-03-21 12:00:00+00:00,0.8009,0.8143,0.8003,0.8078,2849
2022-03-21 16:00:00+00:00,0.8078,0.8126,0.8036,0.8052,3436
2022-03-21 20:00:00+00:00,0.8052,0.8494,0.8049,0.8338,5355
2022-03-22 00:00:00+00:00,0.8307,0.8392,0.8275,0.8305,2752
2022-03-22 04:00:00+00:00,0.8305,0.8598,0.8301,0.8498,3906
2022-03-22 08:00:00+00:00,0.8498,0.8507,0.8346,0.8412,2744
2022-03-22 12:00:00+00:00,0.8412,0.8461,0.837,0.8395,1865
2022-03-22 16:00:00+00:00,0.8395,0.8521,0.8293,0.834,2771
2022-03-22 20:00:00+00:00,0.834,0.8361,0.8224,0.8294,1815
2022-03-23 00:00:00+00:00,0.8304,0.8407,0.8284,0.8369,2359
2022-03-23 04:00:00+00:00,0.8369,0.837,0.8201,0.822,2553
2022-03-23 08:00:00+00:00,0.822,0.8256,0.8123,0.8184,2379
2022-03-23 12:00:00+00:00,0.8184,0.8231,0.8148,0.8222,2519
2022-03-23 16:00:00+00:00,0.8222,0.837,0.8196,0.8363,3453
2022-03-23 20:00:00+00:00,0.8363,0.8374,0.8208,0.8244,2992
2022-03-24 00:00:00+00:00,0.825,0.8356,0.8239,0.8326,2792
2022-03-24 04:00:00+00:00,0.8326,0.8405,0.822,0.8277,2744
2022-03-24 08:00:00+00:00,0.8277,0.8342,0.8256,0.8328,2184
2022-03-24 12:00:00+00:00,0.8328,0.8356,0.8229,0.8259,2641
2022-03-24 16:00:00+00:00,0.8259,0.8443,0.8234,0.8425,3446
2022-03-24 20:00:00+00:00,0.8425,0.8447,0.8332,0.8416,1903
2022-03-25 00:00:00+00:00,0.8407,0.8437,0.8317,0.834,1693
2022-03-25 04:00:00+00:00,0.834,0.8406,0.8332,0.8377,1676
2022-03-25 08:00:00+00:00,0.8377,0.8402,0.8239,0.8292,1808
2022-03-25 12:00:00+00:00,0.8292,0.8371,0.8269,0.8359,1779
2022-03-25 16:00:00+00:00,0.8359,0.8382,0.8168,0.82,3006
2022-03-25 20:00:00+00:00,0.82,0.8231,0.8141,0.8228,2284
2022-03-26 00:00:00+00:00,0.8219,0.8224,0.8173,0.8178,1239
2022-03-26 04:00:00+00:00,0.8178,0.8235,0.8156,0.823,2073
2022-03-26 08:00:00+00:00,0.823,0.8298,0.8219,0.8269,1598
2022-03-26 12:00:00+00:00,0.8269,0.8291,0.8217,0.8233,1183
2022-03-26 16:00:00+00:00,0.8233,0.8244,0.8197,0.8213,699
2022-03-27 00:00:00+00:00,0.8263,0.8365,0.824,0.8347,1669
2022-03-27 04:00:00+00:00,0.8347,0.8376,0.8269,0.8293,1440
2022-03-27 08:00:00+00:00,0.8293,0.8358,0.8287,0.832,897
2022-03-27 12:00:00+00:00,0.832,0.8335,0.823,0.8243,937
2022-03-27 16:00:00+00:00,0.8243,0.8432,0.823,0.837,1864
2022-03-27 20:00:00+00:00,0.837,0.8442,0.832,0.841,1776
2022-03-28 00:00:00+00:00,0.8417,0.8647,0.84,0.8567,3080
2022-03-28 04:00:00+00:00,0.8567,0.8676,0.8545,0.8642,1844
2022-03-28 08:00:00+00:00,0.8642,0.8726,0.8564,0.8593,2515
2022-03-28 12:00:00+00:00,0.8593,0.8688,0.8574,0.865,1828
2022-03-28 16:00:00+00:00,0.865,0.8981,0.8642,0.8764,4854
2022-03-28 20:00:00+00:00,0.8764,0.9071,0.872,0.8929,3904
2022-03-29 00:00:00+00:00,0.8938,0.8962,0.8482,0.867,4443
2022-03-29 04:00:00+00:00,0.867,0.8733,0.8632,0.8716,1991
2022-03-29 08:00:00+00:00,0.8716,0.8804,0.8621,0.8707,2248
2022-03-29 12:00:00+00:00,0.8707,0.8801,0.8667,0.8732,2505
2022-03-29 16:00:00+00:00,0.8732,0.8746,0.8386,0.8557,4185
2022-03-29 20:00:00+00:00,0.8557,0.8623,0.845,0.8555,2787
2022-03-30 00:00:00+00:00,0.8578,0.8578,0.8404,0.8551,2859
2022-03-30 04:00:00+00:00,0.8551,0.8588,0.8403,0.8549,2614
2022-03-30 08:00:00+00:00,0.8549,0.862,0.8524,0.8592,1925
2022-03-30 12:00:00+00:00,0.8592,0.8645,0.8529,0.8641,2361
2022-03-30 16:00:00+00:00,0.8641,0.865,0.8482,0.8599,3435
2022-03-30 20:00:00+00:00,0.8599,0.8665,0.8456,0.8552,2991
2022-03-31 00:00:00+00:00,0.8567,0.8612,0.8463,0.8581,2313
2022-03-31 04:00:00+00:00,0.8581,0.8656,0.8554,0.8563,1881
2022-03-31 08:00:00+00:00,0.8563,0.8632,0.8548,0.8613,1558
2022-03-31 12:00:00+00:00,0.8613,0.8682,0.8593,0.8613,1726
2022-03-31 16:00:00+00:00,0.8613,0.8633,0.7757,0.796,8031
2022-03-31 20:00:00+00:00,0.796,0.8186,0.7951,0.8109,4431
2022-04-01 00:00:00+00:00,0.8114,0.8244,0.8009,0.8218,3253
2022-04-01 04:00:00+00:00,0.8215,0.8265,0.8031,0.8168,5004
2022-04-01 08:00:00+00:00,0.8168,0.8207,0.8141,0.8156,1853
2022-04-01 12:00:00+00:00,0.8156,0.8173,0.802,0.8108,2924
2022-04-01 16:00:00+00:00,0.8108,0.8278,0.8102,0.8165,3310
2022-04-01 20:00:00+00:00,0.8165,0.8272,0.8154,0.8245,2164
2022-04-02 00:00:00+00:00,0.8272,0.8334,0.8193,0.8315,2819
2022-04-02 04:00:00+00:00,0.8315,0.8355,0.8277,0.832,2600
2022-04-02 08:00:00+00:00,0.832,0.8381,0.8314,0.8366,1631
2022-04-02 12:00:00+00:00,0.8366,0.8446,0.8292,0.8383,2410
2022-04-02 16:00:00+00:00,0.8383,0.8425,0.8366,0.8382,502
2022-04-03 00:00:00+00:00,0.8226,0.8282,0.8159,0.82,1814
2022-04-03 04:00:00+00:00,0.82,0.8259,0.8093,0.8256,2450
2022-04-03 08:00:00+00:00,0.8256,0.8291,0.822,0.8232,1295
2022-04-03 12:00:00+00:00,0.8232,0.8322,0.8219,0.8307,1364
2022-04-03 16:00:00+00:00,0.8307,0.8425,0.8286,0.8333,2067
2022-04-03 20:00:00+00:00,0.8333,0.8385,0.8293,0.8353,1565
2022-04-04 00:00:00+00:00,0.837,0.8464,0.8255,0.8264,2629
2022-04-04 04:00:00+00:00,0.8264,0.8303,0.8224,0.8267,1590
2022-04-04 08:00:00+00:00,0.8267,0.8337,0.8214,0.8238,1477
2022-04-04 12:00:00+00:00,0.8238,0.8347,0.8178,0.8217,2596
2022-04-04 16:00:00+00:00,0.8217,0.8289,0.8122,0.8145,3721
2022-04-04 20:00:00+00:00,0.8145,0.8193,0.7994,0.8185,3340
2022-04-05 00:00:00+00:00,0.8202,0.8247,0.8174,0.8213,2041
2022-04-05 04:00:00+00:00,0.8213,0.8255,0.8197,0.8227,1190
2022-04-05 08:00:00+00:00,0.8227,0.8249,0.8171,0.8215,1184
2022-04-05 12:00:00+00:00,0.8215,0.829,0.8192,0.8229,1782
2022-04-05 16:00:00+00:00,0.8229,0.8253,0.8129,0.8175,3000
2022-04-05 20:00:00+00:00,0.8175,0.8313,0.8105,0.8125,2990
2022-04-06 00:00:00+00:00,0.8102,0.8188,0.7744,0.7979,3856
2022-04-06 04:00:00+00:00,0.7979,0.8077,0.7971,0.8069,2248
2022-04-06 08:00:00+00:00,0.8069,0.8131,0.8019,0.8037,1491
2022-04-06 12:00:00+00:00,0.8037,0.8065,0.7822,0.7881,3732
2022-04-06 16:00:00+00:00,0.7881,0.7917,0.7556,0.764,6509
2022-04-06 20:00:00+00:00,0.764,0.774,0.7532,0.773,6684
2022-04-07 00:00:00+00:00,0.7715,0.7794,0.7471,0.7508,5128
2022-04-07 04:00:00+00:00,0.7508,0.7729,0.7499,0.7722,4411
2022-04-07 08:00:00+00:00,0.7722,0.7737,0.7646,0.7724,2006
2022-04-07 12:00:00+00:00,0.7725,0.7849,0.7673,0.7773,3086
2022-04-07 16:00:00+00:00,0.7773,0.7813,0.7631,0.7751,4155
2022-04-07 20:00:00+00:00,0.7751,0.7808,0.7702,0.7775,1879
2022-04-08 00:00:00+00:00,0.7764,0.7866,0.7724,0.7825,2199
2022-04-08 04:00:00+00:00,0.7825,0.7882,0.7824,0.7857,1599
2022-04-08 08:00:00+00:00,0.7857,0.7882,0.7729,0.78,2041
2022-04-08 12:00:00+00:00,0.78,0.7808,0.7612,0.7616,2418
2022-04-08 16:00:00+00:00,0.7616,0.7719,0.7551,0.7631,3764
2022-04-08 20:00:00+00:00,0.7631,0.7633,0.7476,0.7571,3703
2022-04-09 00:00:00+00:00,0.7545,0.7553,0.7412,0.7536,2855
2022-04-09 04:00:00+00:00,0.7536,0.7586,0.7489,0.7556,1983
2022-04-09 08:00:00+00:00,0.7556,0.7615,0.7516,0.7569,1569
2022-04-09 12:00:00+00:00,0.7569,0.759,0.7546,0.7579,1143
2022-04-09 16:00:00+00:00,0.7579,0.759,0.7555,0.7564,262
2022-04-10 00:00:00+00:00,0.7559,0.7584,0.7544,0.7565,1498
2022-04-10 04:00:00+00:00,0.7565,0.7609,0.7558,0.7599,758
2022-04-10 08:00:00+00:00,0.7599,0.7602,0.7549,0.7558,1151
2022-04-10 12:00:00+00:00,0.7558,0.7561,0.7522,0.7541,1785
2022-04-10 16:00:00+00:00,0.7541,0.7573,0.7533,0.7571,1519
2022-04-10 20:00:00+00:00,0.7571,0.767,0.7571,0.7639,1173
2022-04-11 00:00:00+00:00,0.7636,0.7652,0.7384,0.7457,4883
2022-04-11 04:00:00+00:00,0.7457,0.7482,0.7268,0.7335,3800
2022-04-11 08:00:00+00:00,0.7335,0.7396,0.7267,0.7279,1944
2022-04-11 12:00:00+00:00,0.7279,0.728,0.7007,0.7079,7124
2022-04-11 16:00:00+00:00,0.7079,0.7085,0.6966,0.7024,5397
2022-04-11 20:00:00+00:00,0.7024,0.7068,0.6921,0.6952,4969
2022-04-12 00:00:00+00:00,0.697,0.6998,0.6758,0.6952,7460
2022-04-12 04:00:00+00:00,0.6952,0.6994,0.69,0.6972,3553
2022-04-12 08:00:00+00:00,0.6972,0.7063,0.6955,0.7021,3435
2022-04-12 12:00:00+00:00,0.7021,0.7137,0.6982,0.7133,4364
2022-04-12 16:00:00+00:00,0.7132,0.7157,0.698,0.7028,5178
2022-04-12 20:00:00+00:00,0.7028,0.7055,0.6873,0.6921,3964
2022-04-13 00:00:00+00:00,0.6929,0.7211,0.692,0.7091,4573
2022-04-13 04:00:00+00:00,0.7091,0.7145,0.7041,0.7133,2731
2022-04-13 08:00:00+00:00,0.7133,0.7161,0.705,0.709,2649
2022-04-13 12:00:00+00:00,0.709,0.7175,0.6979,0.6979,2340
2022-04-13 16:00:00+00:00,0.6979,0.7199,0.6965,0.7128,4887
2022-04-13 20:00:00+00:00,0.7128,0.7196,0.7115,0.7187,3097
2022-04-14 00:00:00+00:00,0.7182,0.7254,0.7144,0.7249,2644
2022-04-14 04:00:00+00:00,0.7249,0.736,0.7232,0.7326,2478
2022-04-14 08:00:00+00:00,0.7326,0.7333,0.7244,0.7284,2070
2022-04-14 12:00:00+00:00,0.7284,0.7286,0.7158,0.7217,2794
2022-04-14 16:00:00+00:00,0.7217,0.7254,0.7057,0.7094,4911
2022-04-14 20:00:00+00:00,0.7094,0.7251,0.7033,0.7116,3902
2022-04-15 00:00:00+00:00,0.7121,0.7299,0.7109,0.7236,2453
2022-04-15 04:00:00+00:00,0.7236,0.792,0.7227,0.7773,7751
2022-04-15 08:00:00+00:00,0.7773,0.7803,0.7583,0.7703,5806
2022-04-15 12:00:00+00:00,0.7703,0.7825,0.7677,0.7719,3943
2022-04-15 16:00:00+00:00,0.7719,0.7789,0.7584,0.7697,5165
2022-04-15 20:00:00+00:00,0.7697,0.7778,0.7649,0.7768,3437
2022-04-16 00:00:00+00:00,0.7728,0.7945,0.769,0.7909,3757
2022-04-16 04:00:00+00:00,0.7909,0.7928,0.7784,0.7814,3907
2022-04-16 08:00:00+00:00,0.7814,0.7834,0.7678,0.7708,2338
2022-04-16 12:00:00+00:00,0.7708,0.7737,0.766,0.7721,2275
2022-04-16 16:00:00+00:00,0.7721,0.7734,0.7712,0.773,576
2022-04-17 00:00:00+00:00,0.7703,0.7794,0.7694,0.7734,2554
2022-04-17 04:00:00+00:00,0.773,0.7749,0.7662,0.7734,2696
2022-04-17 08:00:00+00:00,0.7734,0.7804,0.7726,0.7804,2107
2022-04-17 12:00:00+00:00,0.7804,0.7808,0.7704,0.7734,2222
2022-04-17 16:00:00+00:00,0.7734,0.7806,0.7679,0.7689,3021
2022-04-17 20:00:00+00:00,0.7689,0.7697,0.7526,0.7636,3314
2022-04-18 00:00:00+00:00,0.7623,0.7682,0.7372,0.7464,4592
2022-04-18 04:00:00+00:00,0.7464,0.7557,0.7219,0.7252,3512
2022-04-18 08:00:00+00:00,0.7252,0.7329,0.7231,0.7295,2994
2022-04-18 12:00:00+00:00,0.7295,0.7452,0.7284,0.7429,3732
2022-04-18 16:00:00+00:00,0.7429,0.7446,0.7313,0.7399,4807
2022-04-18 20:00:00+00:00,0.7399,0.7588,0.7399,0.7523,4526
2022-04-19 00:00:00+00:00,0.7544,0.7713,0.7543,0.7648,3055
2022-04-19 04:00:00+00:00,0.7648,0.7702,0.7619,0.7691,1962
2022-04-19 08:00:00+00:00,0.7691,0.7694,0.7577,0.7577,1922
2022-04-19 12:00:00+00:00,0.7577,0.7668,0.7538,0.7637,2494
2022-04-19 16:00:00+00:00,0.7637,0.7769,0.7603,0.7671,3282
2022-04-19 20:00:00+00:00,0.7671,0.7704,0.7624,0.764,2367
2022-04-20 00:00:00+00:00,0.7634,0.7713,0.7566,0.7617,2601
2022-04-20 04:00:00+00:00,0.7617,0.7654,0.7598,0.7614,2162
2022-04-20 08:00:00+00:00,0.7614,0.7642,0.7556,0.7573,1863
2022-04-20 12:00:00+00:00,0.7573,0.7678,0.7563,0.7646,2804
2022-04-20 16:00:00+00:00,0.7646,0.7653,0.7455,0.75,4304
2022-04-20 20:00:00+00:00,0.75,0.7506,0.7371,0.7461,2790
2022-04-21 00:00:00+00:00,0.7458,0.7524,0.7449,0.7491,2103
2022-04-21 04:00:00+00:00,0.7491,0.7521,0.7457,0.7466,1787
2022-04-21 08:00:00+00:00,0.7466,0.7505,0.7377,0.7451,2586
2022-04-21 12:00:00+00:00,0.7451,0.7557,0.7406,0.7546,3182
2022-04-21 16:00:00+00:00,0.7546,0.7633,0.7502,0.7529,3893
2022-04-21 20:00:00+00:00,0.7529,0.7533,0.7256,0.73,4442
2022-04-22 00:00:00+00:00,0.7309,0.7338,0.7129,0.7279,3659
2022-04-22 04:00:00+00:00,0.728,0.7298,0.7248,0.7289,1850
2022-04-22 08:00:00+00:00,0.7289,0.7335,0.7202,0.7225,2243
2022-04-22 12:00:00+00:00,0.7225,0.7227,0.7143,0.7187,2741
2022-04-22 16:00:00+00:00,0.7187,0.732,0.7091,0.7215,5011
2022-04-22 20:00:00+00:00,0.7215,0.7262,0.7171,0.7221,3317
2022-04-23 00:00:00+00:00,0.7142,0.7214,0.7117,0.7156,2497
2022-04-23 04:00:00+00:00,0.7156,0.7181,0.7011,0.7082,2742
2022-04-23 08:00:00+00:00,0.7082,0.7099,0.7028,0.7064,1943
2022-04-23 12:00:00+00:00,0.7064,0.7093,0.704,0.7085,2260
2022-04-23 16:00:00+00:00,0.7085,0.7097,0.7073,0.7078,560
2022-04-24 00:00:00+00:00,0.7073,0.7099,0.6973,0.7034,2320
2022-04-24 04:00:00+00:00,0.7034,0.7065,0.7002,0.7043,2083
2022-04-24 08:00:00+00:00,0.7043,0.7066,0.7042,0.7047,1583
2022-04-24 12:00:00+00:00,0.7047,0.7066,0.6985,0.7009,2427
2022-04-24 16:00:00+00:00,0.7009,0.7023,0.691,0.6966,3967
2022-04-24 20:00:00+00:00,0.6966,0.6988,0.6895,0.6937,2821
2022-04-25 00:00:00+00:00,0.6935,0.6992,0.6653,0.6705,4286
2022-04-25 04:00:00+00:00,0.6705,0.6763,0.6682,0.6729,3207
2022-04-25 08:00:00+00:00,0.6729,0.6734,0.6405,0.6436,5236
2022-04-25 12:00:00+00:00,0.6436,0.664,0.6409,0.6608,4465
2022-04-25 16:00:00+00:00,0.6608,0.6739,0.6553,0.6698,6049
2022-04-25 20:00:00+00:00,0.6698,0.6836,0.6665,0.6794,3911
2022-04-26 00:00:00+00:00,0.681,0.6935,0.681,0.693,3304
2022-04-26 04:00:00+00:00,0.693,0.7012,0.6901,0.6924,2967
2022-04-26 08:00:00+00:00,0.6924,0.6942,0.6742,0.6787,2932
2022-04-26 12:00:00+00:00,0.6787,0.6789,0.6674,0.6695,2626
2022-04-26 16:00:00+00:00,0.6695,0.6715,0.6444,0.6526,5755
2022-04-26 20:00:00+00:00,0.6526,0.653,0.6322,0.6437,5345
2022-04-27 00:00:00+00:00,0.6428,0.6487,0.6224,0.6394,4570
2022-04-27 04:00:00+00:00,0.6394,0.6481,0.639,0.6469,2535
2022-04-27 08:00:00+00:00,0.6469,0.6573,0.6414,0.6453,2963
2022-04-27 12:00:00+00:00,0.6453,0.6524,0.6355,0.6422,3196
2022-04-27 16:00:00+00:00,0.6422,0.6543,0.6369,0.6426,6076
2022-04-27 20:00:00+00:00,0.6426,0.6498,0.6373,0.6403,3652
2022-04-28 00:00:00+00:00,0.6408,0.648,0.6405,0.6476,2363
2022-04-28 04:00:00+00:00,0.6476,0.6516,0.6416,0.6447,2274
2022-04-28 08:00:00+00:00,0.6447,0.6523,0.6414,0.6481,2383
2022-04-28 12:00:00+00:00,0.6481,0.6509,0.6393,0.6408,1842
2022-04-28 16:00:00+00:00,0.6408,0.6434,0.6281,0.6393,4970
2022-04-28 20:00:00+00:00,0.6393,0.6464,0.6373,0.6404,2813
2022-04-29 00:00:00+00:00,0.6411,0.6419,0.6358,0.6402,1978
2022-04-29 04:00:00+00:00,0.6402,0.6414,0.628,0.6341,2406
2022-04-29 08:00:00+00:00,0.6341,0.6374,0.6316,0.6319,2171
2022-04-29 12:00:00+00:00,0.6319,0.6319,0.6081,0.6157,3452
2022-04-29 16:00:00+00:00,0.6157,0.6205,0.6023,0.6066,3611
2022-04-29 20:00:00+00:00,0.6066,0.6082,0.5942,0.6074,3772
2022-04-30 00:00:00+00:00,0.6059,0.6126,0.6002,0.6108,2119
2022-04-30 04:00:00+00:00,0.6108,0.6163,0.6097,0.6155,2058
2022-04-30 08:00:00+00:00,0.6155,0.6235,0.6114,0.6141,2837
2022-04-30 12:00:00+00:00,0.6141,0.6195,0.613,0.618,2642
2022-04-30 16:00:00+00:00,0.618,0.6214,0.6141,0.6143,737
2022-05-01 00:00:00+00:00,0.6022,0.6085,0.5614,0.5799,6958
2022-05-01 04:00:00+00:00,0.5799,0.5888,0.5709,0.583,3855
2022-05-01 08:00:00+00:00,0.583,0.5915,0.5795,0.5869,3548
2022-05-01 12:00:00+00:00,0.5869,0.5911,0.5826,0.5885,2529
2022-05-01 16:00:00+00:00,0.5885,0.6022,0.5853,0.6009,3740
2022-05-01 20:00:00+00:00,0.6009,0.6072,0.588,0.5988,3958
2022-05-02 00:00:00+00:00,0.6001,0.615,0.5929,0.615,4701
2022-05-02 04:00:00+00:00,0.615,0.6187,0.6063,0.6178,3323
2022-05-02 08:00:00+00:00,0.6178,0.6256,0.6156,0.6171,2887
2022-05-02 12:00:00+00:00,0.6171,0.619,0.6022,0.6031,3587
2022-05-02 16:00:00+00:00,0.6031,0.6118,0.5988,0.603,5935
2022-05-02 20:00:00+00:00,0.603,0.6047,0.5934,0.602,3925
2022-05-03 00:00:00+00:00,0.6022,0.618,0.6021,0.6139,3194
2022-05-03 04:00:00+00:00,0.6139,0.6227,0.612,0.6152,2440
2022-05-03 08:00:00+00:00,0.6151,0.6163,0.6081,0.6116,1856
2022-05-03 12:00:00+00:00,0.6116,0.6161,0.6087,0.6128,2323
2022-05-03 16:00:00+00:00,0.6128,0.6146,0.6044,0.6052,3114
2022-05-03 20:00:00+00:00,0.6052,0.6089,0.591,0.597,3549
2022-05-04 00:00:00+00:00,0.5989,0.6061,0.5962,0.6053,2585
2022-05-04 04:00:00+00:00,0.6053,0.6133,0.6029,0.604,2197
2022-05-04 08:00:00+00:00,0.604,0.6127,0.6008,0.6126,2386
2022-05-04 12:00:00+00:00,0.6126,0.6169,0.609,0.6134,2512
2022-05-04 16:00:00+00:00,0.6134,0.6157,0.6042,0.6142,3730
2022-05-04 20:00:00+00:00,0.6142,0.6432,0.6084,0.6385,5671
2022-05-05 00:00:00+00:00,0.6429,0.6447,0.6374,0.6441,2489
2022-05-05 04:00:00+00:00,0.6441,0.652,0.6413,0.6419,2507
2022-05-05 08:00:00+00:00,0.6419,0.6424,0.6308,0.631,2027
2022-05-05 12:00:00+00:00,0.631,0.6356,0.6281,0.6318,2827
2022-05-05 16:00:00+00:00,0.6318,0.6318,0.5868,0.5954,8343
2022-05-05 20:00:00+00:00,0.5954,0.5971,0.5753,0.5905,5709
2022-05-06 00:00:00+00:00,0.5907,0.5967,0.5843,0.5937,3103
2022-05-06 04:00:00+00:00,0.5937,0.6112,0.5937,0.6001,4851
2022-05-06 08:00:00+00:00,0.6001,0.6059,0.589,0.6002,4775
2022-05-06 12:00:00+00:00,0.6002,0.6043,0.588,0.5927,5591
2022-05-06 16:00:00+00:00,0.5927,0.6001,0.5827,0.5925,7835
2022-05-06 20:00:00+00:00,0.5925,0.5965,0.5859,0.5962,3327
2022-05-07 00:00:00+00:00,0.5935,0.6009,0.5909,0.5979,2400
2022-05-07 04:00:00+00:00,0.5979,0.5994,0.5879,0.588,2498
2022-05-07 08:00:00+00:00,0.588,0.5954,0.5872,0.5937,2936
2022-05-07 12:00:00+00:00,0.5937,0.5963,0.5901,0.5923,2631
2022-05-07 16:00:00+00:00,0.5923,0.5926,0.5891,0.5903,729
2022-05-08 00:00:00+00:00,0.5866,0.5866,0.5642,0.5735,5472
2022-05-08 04:00:00+00:00,0.5735,0.5762,0.5627,0.5654,4837
2022-05-08 08:00:00+00:00,0.5654,0.5712,0.5595,0.5692,3851
2022-05-08 12:00:00+00:00,0.5692,0.5721,0.5645,0.5671,3107
2022-05-08 16:00:00+00:00,0.5671,0.5686,0.5619,0.5643,5015
2022-05-08 20:00:00+00:00,0.5643,0.5701,0.5527,0.5665,5771
2022-05-09 00:00:00+00:00,0.5673,0.5697,0.559,0.5657,3777
2022-05-09 04:00:00+00:00,0.5657,0.5737,0.553,0.5617,5270
2022-05-09 08:00:00+00:00,0.5617,0.5635,0.534,0.5422,6035
2022-05-09 12:00:00+00:00,0.5422,0.5451,0.5216,0.5285,6636
2022-05-09 16:00:00+00:00,0.5285,0.5429,0.5054,0.5097,9987
2022-05-09 20:00:00+00:00,0.5097,0.5173,0.4671,0.4976,13355
2022-05-10 00:00:00+00:00,0.4957,0.5065,0.4674,0.4929,11828
2022-05-10 04:00:00+00:00,0.4929,0.5059,0.4905,0.5042,8311
2022-05-10 08:00:00+00:00,0.5041,0.5275,0.5041,0.5167,7477
2022-05-10 12:00:00+00:00,0.5168,0.5308,0.5094,0.5285,7223
2022-05-10 16:00:00+00:00,0.5286,0.5318,0.5015,0.5084,10503
2022-05-10 20:00:00+00:00,0.5083,0.5204,0.5061,0.5069,6696
2022-05-11 00:00:00+00:00,0.5069,0.5165,0.4881,0.5111,9200
2022-05-11 04:00:00+00:00,0.5111,0.5177,0.5021,0.5087,6932
2022-05-11 08:00:00+00:00,0.5087,0.5181,0.4842,0.5029,11775
2022-05-11 12:00:00+00:00,0.5029,0.5133,0.3991,0.4138,13193
2022-05-11 16:00:00+00:00,0.4139,0.4842,0.4052,0.4223,20892
2022-05-11 20:00:00+00:00,0.4225,0.432,0.3636,0.3664,16597
2022-05-12 00:00:00+00:00,0.3846,0.4241,0.3704,0.4174,17424
2022-05-12 04:00:00+00:00,0.4175,0.4201,0.3507,0.3565,18034
2022-05-12 08:00:00+00:00,0.3565,0.3829,0.3309,0.3624,20541
2022-05-12 12:00:00+00:00,0.3625,0.3844,0.3605,0.3709,12696
2022-05-12 16:00:00+00:00,0.3709,0.3954,0.3605,0.3914,14236
2022-05-12 20:00:00+00:00,0.3916,0.3957,0.3718,0.3792,11096
2022-05-13 00:00:00+00:00,0.3746,0.3888,0.365,0.3879,8441
2022-05-13 04:00:00+00:00,0.3879,0.4442,0.3875,0.4353,14257
2022-05-13 08:00:00+00:00,0.4353,0.4604,0.4269,0.4382,10724
2022-05-13 12:00:00+00:00,0.4382,0.4519,0.4333,0.4463,9254
2022-05-13 16:00:00+00:00,0.4463,0.4486,0.4204,0.421,10220
2022-05-13 20:00:00+00:00,0.421,0.4263,0.413,0.4202,6827
2022-05-14 00:00:00+00:00,0.4359,0.4359,0.4148,0.4258,4619
2022-05-14 04:00:00+00:00,0.4258,0.4356,0.418,0.4207,4442
2022-05-14 08:00:00+00:00,0.4207,0.4289,0.4187,0.4252,3200
2022-05-14 12:00:00+00:00,0.4252,0.4285,0.3978,0.4003,5544
2022-05-14 16:00:00+00:00,0.4003,0.4029,0.3921,0.3933,1783
2022-05-15 00:00:00+00:00,0.4087,0.4256,0.4083,0.4206,4278
2022-05-15 04:00:00+00:00,0.4206,0.4213,0.4096,0.4118,3149
2022-05-15 08:00:00+00:00,0.4118,0.4212,0.411,0.4137,3020
2022-05-15 12:00:00+00:00,0.4137,0.4292,0.4128,0.4269,3602
2022-05-15 16:00:00+00:00,0.4269,0.4289,0.4156,0.4222,4230
2022-05-15 20:00:00+00:00,0.4222,0.4368,0.4179,0.4362,3146
2022-05-16 00:00:00+00:00,0.4368,0.4446,0.4321,0.4391,5107
2022-05-16 04:00:00+00:00,0.4391,0.4419,0.4226,0.425,4565
2022-05-16 08:00:00+00:00,0.425,0.4272,0.4036,0.4148,5449
2022-05-16 12:00:00+00:00,0.4148,0.4195,0.4075,0.4134,5700
2022-05-16 16:00:00+00:00,0.4134,0.4169,0.4064,0.4095,6033
2022-05-16 20:00:00+00:00,0.4095,0.4368,0.4083,0.4213,4120
2022-05-17 00:00:00+00:00,0.4224,0.4265,0.4144,0.4256,4140
2022-05-17 04:00:00+00:00,0.4256,0.4326,0.4212,0.4308,2961
2022-05-17 08:00:00+00:00,0.4308,0.4321,0.4223,0.4243,2503
2022-05-17 12:00:00+00:00,0.4243,0.4308,0.4232,0.4302,2752
2022-05-17 16:00:00+00:00,0.4302,0.4341,0.4164,0.4218,5187
2022-05-17 20:00:00+00:00,0.4218,0.4289,0.412,0.4272,5354
2022-05-18 00:00:00+00:00,0.4286,0.4375,0.427,0.4338,2574
2022-05-18 04:00:00+00:00,0.4338,0.4343,0.4205,0.4213,3080
2022-05-18 08:00:00+00:00,0.4211,0.424,0.4187,0.4221,2863
2022-05-18 12:00:00+00:00,0.4221,0.4247,0.4093,0.4115,2846
2022-05-18 16:00:00+00:00,0.4115,0.4151,0.3986,0.4062,7246
2022-05-18 20:00:00+00:00,0.4062,0.4126,0.401,0.4106,4133
2022-05-19 00:00:00+00:00,0.4103,0.4121,0.3957,0.4029,4163
2022-05-19 04:00:00+00:00,0.4029,0.4071,0.3858,0.4042,3684
2022-05-19 08:00:00+00:00,0.4042,0.4058,0.3947,0.3969,2976
2022-05-19 12:00:00+00:00,0.3968,0.4055,0.3941,0.4026,3574
2022-05-19 16:00:00+00:00,0.4026,0.4188,0.4024,0.4136,5905
2022-05-19 20:00:00+00:00,0.4137,0.4156,0.4115,0.4139,2893
2022-05-20 00:00:00+00:00,0.4136,0.4205,0.4088,0.4199,2368
2022-05-20 04:00:00+00:00,0.4199,0.4289,0.417,0.4256,3274
2022-05-20 08:00:00+00:00,0.4256,0.4292,0.4205,0.4245,3397
2022-05-20 12:00:00+00:00,0.4245,0.4275,0.4153,0.418,2763
2022-05-20 16:00:00+00:00,0.418,0.4203,0.3979,0.4007,6761
2022-05-20 20:00:00+00:00,0.4007,0.4086,0.3964,0.405,4216
2022-05-21 00:00:00+00:00,0.4061,0.4099,0.4019,0.4036,1871
2022-05-21 04:00:00+00:00,0.4036,0.407,0.3978,0.4058,2339
2022-05-21 08:00:00+00:00,0.4058,0.41,0.4031,0.406,1735
2022-05-21 12:00:00+00:00,0.406,0.4079,0.4041,0.4065,1499
2022-05-21 16:00:00+00:00,0.4065,0.4078,0.4059,0.406,332
2022-05-22 00:00:00+00:00,0.4097,0.4115,0.4066,0.4093,1451
2022-05-22 04:00:00+00:00,0.4093,0.4106,0.4049,0.4052,1636
2022-05-22 08:00:00+00:00,0.4052,0.4112,0.4049,0.4104,1574
2022-05-22 12:00:00+00:00,0.4104,0.4175,0.4099,0.415,2932
2022-05-22 16:00:00+00:00,0.415,0.4156,0.4092,0.412,2130
2022-05-22 20:00:00+00:00,0.412,0.4145,0.4104,0.4125,2038
2022-05-23 00:00:00+00:00,0.4131,0.4203,0.4126,0.4196,2275
2022-05-23 04:00:00+00:00,0.4196,0.4196,0.4123,0.4154,1960
2022-05-23 08:00:00+00:00,0.4154,0.422,0.4149,0.4159,2475
2022-05-23 12:00:00+00:00,0.4159,0.4234,0.4155,0.4195,2437
2022-05-23 16:00:00+00:00,0.4195,0.4235,0.4164,0.4198,5233
2022-05-23 20:00:00+00:00,0.4198,0.4198,0.4022,0.4081,4281
2022-05-24 00:00:00+00:00,0.4079,0.4103,0.395,0.4021,3074
2022-05-24 04:00:00+00:00,0.4021,0.4085,0.4012,0.4071,1570
2022-05-24 08:00:00+00:00,0.4071,0.4083,0.3985,0.3989,1918
2022-05-24 12:00:00+00:00,0.3989,0.4042,0.3957,0.398,2331
2022-05-24 16:00:00+00:00,0.398,0.4017,0.3856,0.3984,5375
2022-05-24 20:00:00+00:00,0.3984,0.4021,0.3937,0.4011,2955
2022-05-25 00:00:00+00:00,0.4012,0.4069,0.4012,0.4029,1673
2022-05-25 04:00:00+00:00,0.4029,0.4083,0.4016,0.4055,2055
2022-05-25 08:00:00+00:00,0.4055,0.4065,0.3963,0.3989,1982
2022-05-25 12:00:00+00:00,0.3989,0.4,0.3897,0.3947,2861
2022-05-25 16:00:00+00:00,0.3947,0.4083,0.3945,0.3981,5009
2022-05-25 20:00:00+00:00,0.3979,0.403,0.3962,0.4024,3497
2022-05-26 00:00:00+00:00,0.4029,0.4057,0.4002,0.4043,1882
2022-05-26 04:00:00+00:00,0.4043,0.4052,0.401,0.4018,1564
2022-05-26 08:00:00+00:00,0.4018,0.4032,0.3788,0.3834,3828
2022-05-26 12:00:00+00:00,0.3834,0.3879,0.3788,0.3838,3944
2022-05-26 16:00:00+00:00,0.3838,0.3963,0.3708,0.3923,6419
2022-05-26 20:00:00+00:00,0.3923,0.3931,0.3857,0.39,3113
2022-05-27 00:00:00+00:00,0.3911,0.3943,0.3841,0.3852,3768
2022-05-27 04:00:00+00:00,0.3852,0.398,0.3803,0.3901,4824
2022-05-27 08:00:00+00:00,0.3901,0.3952,0.3856,0.3863,5383
2022-05-27 12:00:00+00:00,0.3863,0.3921,0.3824,0.3907,3763
2022-05-27 16:00:00+00:00,0.3907,0.3916,0.3795,0.3808,4673
2022-05-27 20:00:00+00:00,0.3808,0.3825,0.3713,0.3782,4437
2022-05-28 00:00:00+00:00,0.3808,0.3819,0.3742,0.3813,2276
2022-05-28 04:00:00+00:00,0.3813,0.3821,0.3754,0.3815,2392
2022-05-28 08:00:00+00:00,0.3815,0.3836,0.3784,0.3796,1436
2022-05-28 12:00:00+00:00,0.3796,0.381,0.377,0.3799,1478
2022-05-28 16:00:00+00:00,0.3799,0.3825,0.3794,0.3807,518
2022-05-29 00:00:00+00:00,0.3813,0.383,0.3769,0.3806,1297
2022-05-29 04:00:00+00:00,0.3806,0.3811,0.3743,0.3774,1566
2022-05-29 08:00:00+00:00,0.3774,0.3797,0.3768,0.3777,1279
2022-05-29 12:00:00+00:00,0.3777,0.385,0.3773,0.3837,2174
2022-05-29 16:00:00+00:00,0.3837,0.3852,0.3809,0.3825,1903
2022-05-29 20:00:00+00:00,0.3825,0.3832,0.3798,0.3815,1357
2022-05-30 00:00:00+00:00,0.3811,0.3847,0.3803,0.3829,1949
2022-05-30 04:00:00+00:00,0.3829,0.397,0.3827,0.3918,2718
2022-05-30 08:00:00+00:00,0.3918,0.4001,0.3918,0.3938,2022
2022-05-30 12:00:00+00:00,0.3938,0.3977,0.3899,0.3924,1940
2022-05-30 16:00:00+00:00,0.3924,0.3966,0.3907,0.3947,2052
2022-05-30 20:00:00+00:00,0.3947,0.4026,0.3944,0.4026,1880
2022-05-31 00:00:00+00:00,0.4027,0.4191,0.402,0.4121,3457
2022-05-31 04:00:00+00:00,0.4121,0.417,0.4102,0.4124,1870
2022-05-31 08:00:00+00:00,0.4124,0.4291,0.4092,0.4156,3749
2022-05-31 12:00:00+00:00,0.4156,0.4184,0.4096,0.4129,2699
2022-05-31 16:00:00+00:00,0.413,0.4169,0.4014,0.4101,4812
2022-05-31 20:00:00+00:00,0.4101,0.4138,0.4067,0.4138,2667
2022-06-01 00:00:00+00:00,0.4146,0.4214,0.412,0.4202,2187
2022-06-01 04:00:00+00:00,0.4202,0.4204,0.41,0.4135,1955
2022-06-01 08:00:00+00:00,0.4135,0.4173,0.408,0.4114,1777
2022-06-01 12:00:00+00:00,0.4114,0.4146,0.4091,0.4137,1537
2022-06-01 16:00:00+00:00,0.4137,0.4169,0.399,0.3998,4957
2022-06-01 20:00:00+00:00,0.3998,0.4,0.3836,0.3902,3984
2022-06-02 00:00:00+00:00,0.3902,0.3964,0.3889,0.3908,2550
2022-06-02 04:00:00+00:00,0.3908,0.3933,0.3876,0.391,2145
2022-06-02 08:00:00+00:00,0.391,0.3952,0.3857,0.3905,2093
2022-06-02 12:00:00+00:00,0.3905,0.3949,0.3897,0.394,1881
2022-06-02 16:00:00+00:00,0.394,0.3962,0.387,0.3939,3653
2022-06-02 20:00:00+00:00,0.3939,0.3957,0.3902,0.3953,2084
2022-06-03 00:00:00+00:00,0.3957,0.4036,0.3956,0.4021,1705
2022-06-03 04:00:00+00:00,0.4021,0.4054,0.4009,0.4018,1343
2022-06-03 08:00:00+00:00,0.4018,0.4033,0.3957,0.3959,1273
2022-06-03 12:00:00+00:00,0.3959,0.398,0.3817,0.3833,3834
2022-06-03 16:00:00+00:00,0.3834,0.3876,0.38,0.3815,3225
2022-06-03 20:00:00+00:00,0.3815,0.3844,0.3789,0.3843,2134
2022-06-04 00:00:00+00:00,0.3884,0.3886,0.3838,0.3844,1296
2022-06-04 04:00:00+00:00,0.3844,0.3855,0.3794,0.3853,1909
2022-06-04 08:00:00+00:00,0.3853,0.3874,0.3838,0.3867,1398
2022-06-04 12:00:00+00:00,0.3867,0.3872,0.3818,0.3825,1272
2022-06-04 16:00:00+00:00,0.3825,0.3859,0.3821,0.385,507
2022-06-05 00:00:00+00:00,0.3854,0.3894,0.3846,0.387,1236
2022-06-05 04:00:00+00:00,0.387,0.3875,0.3844,0.3859,974
2022-06-05 08:00:00+00:00,0.3859,0.3874,0.3857,0.3864,850
2022-06-05 12:00:00+00:00,0.3864,0.392,0.3862,0.3882,1289
2022-06-05 16:00:00+00:00,0.3882,0.3914,0.3859,0.3891,1348
2022-06-05 20:00:00+00:00,0.3891,0.3943,0.389,0.3923,1001
2022-06-06 00:00:00+00:00,0.3923,0.3951,0.3889,0.3944,1652
2022-06-06 04:00:00+00:00,0.3944,0.3996,0.3942,0.3979,2217
2022-06-06 08:00:00+00:00,0.3979,0.4004,0.3945,0.3996,1830
2022-06-06 12:00:00+00:00,0.3996,0.4041,0.3987,0.3993,1562
2022-06-06 16:00:00+00:00,0.3993,0.4003,0.3903,0.392,3038
2022-06-06 20:00:00+00:00,0.392,0.3968,0.3906,0.3964,2312
2022-06-07 00:00:00+00:00,0.3975,0.3989,0.3844,0.3862,2803
2022-06-07 04:00:00+00:00,0.3862,0.3867,0.3794,0.3852,3163
2022-06-07 08:00:00+00:00,0.3852,0.3879,0.384,0.3872,1413
2022-06-07 12:00:00+00:00,0.3872,0.3876,0.3825,0.3844,1781
2022-06-07 16:00:00+00:00,0.3844,0.3906,0.3842,0.3902,2243
2022-06-07 20:00:00+00:00,0.3902,0.4123,0.3899,0.409,3506
2022-06-08 00:00:00+00:00,0.4062,0.4082,0.3964,0.4036,3397
2022-06-08 04:00:00+00:00,0.4036,0.4042,0.3897,0.3938,3370
2022-06-08 08:00:00+00:00,0.3938,0.3966,0.3923,0.3947,2066
2022-06-08 12:00:00+00:00,0.3947,0.3967,0.3906,0.3917,1819
2022-06-08 16:00:00+00:00,0.3917,0.3991,0.3912,0.3952,3330
2022-06-08 20:00:00+00:00,0.3952,0.3967,0.3919,0.3958,2053
2022-06-09 00:00:00+00:00,0.3958,0.3983,0.3938,0.3951,1687
2022-06-09 04:00:00+00:00,0.3951,0.3968,0.3924,0.3964,1296
2022-06-09 08:00:00+00:00,0.3964,0.3989,0.3952,0.3986,1303
2022-06-09 12:00:00+00:00,0.3986,0.3989,0.393,0.3934,1631
2022-06-09 16:00:00+00:00,0.3934,0.3973,0.3914,0.3973,1951
2022-06-09 20:00:00+00:00,0.3973,0.3977,0.393,0.3951,1586
2022-06-10 00:00:00+00:00,0.3952,0.3966,0.3886,0.3931,1826
2022-06-10 04:00:00+00:00,0.3931,0.3997,0.3922,0.3991,1635
2022-06-10 08:00:00+00:00,0.3991,0.4066,0.3991,0.3998,2324
2022-06-10 12:00:00+00:00,0.3998,0.4006,0.3849,0.3878,2855
2022-06-10 16:00:00+00:00,0.3878,0.389,0.3712,0.376,4415
2022-06-10 20:00:00+00:00,0.376,0.3792,0.3749,0.3781,2097
2022-06-11 00:00:00+00:00,0.3803,0.3809,0.3749,0.3783,992
2022-06-11 04:00:00+00:00,0.3783,0.3813,0.3777,0.3812,917
2022-06-11 08:00:00+00:00,0.3812,0.3835,0.3758,0.3758,1243
2022-06-11 12:00:00+00:00,0.3758,0.3792,0.3659,0.366,2562
2022-06-11 16:00:00+00:00,0.366,0.3693,0.3639,0.3682,863
2022-06-12 00:00:00+00:00,0.3558,0.362,0.3506,0.3559,2346
2022-06-12 04:00:00+00:00,0.3559,0.3561,0.3348,0.3388,4969
2022-06-12 08:00:00+00:00,0.3388,0.3489,0.3356,0.3449,3150
2022-06-12 12:00:00+00:00,0.3449,0.3469,0.34,0.3432,2360
2022-06-12 16:00:00+00:00,0.3432,0.3602,0.3348,0.3541,5218
2022-06-12 20:00:00+00:00,0.3541,0.3581,0.3475,0.35,2792
2022-06-13 00:00:00+00:00,0.3493,0.3541,0.3351,0.3356,5545
2022-06-13 04:00:00+00:00,0.3356,0.3382,0.3196,0.3256,8530
2022-06-13 08:00:00+00:00,0.3256,0.3301,0.3003,0.3012,9632
2022-06-13 12:00:00+00:00,0.3012,0.3133,0.2985,0.3039,10508
2022-06-13 16:00:00+00:00,0.3039,0.3177,0.296,0.3118,11038
2022-06-13 20:00:00+00:00,0.3118,0.324,0.3069,0.3165,5156
2022-06-14 00:00:00+00:00,0.3178,0.3178,0.2986,0.2989,6065
2022-06-14 04:00:00+00:00,0.2989,0.3143,0.2885,0.3059,9292
2022-06-14 08:00:00+00:00,0.3059,0.3212,0.3057,0.3122,6712
2022-06-14 12:00:00+00:00,0.3122,0.3134,0.3034,0.3088,5047
2022-06-14 16:00:00+00:00,0.3088,0.3178,0.305,0.3119,6655
2022-06-14 20:00:00+00:00,0.3119,0.3168,0.3065,0.3102,4382
2022-06-15 00:00:00+00:00,0.3113,0.3179,0.305,0.3133,3535
2022-06-15 04:00:00+00:00,0.3133,0.319,0.3003,0.3015,4013
2022-06-15 08:00:00+00:00,0.3015,0.3033,0.2949,0.2967,6435
2022-06-15 12:00:00+00:00,0.2967,0.3112,0.2949,0.3052,6320
2022-06-15 16:00:00+00:00,0.3052,0.3114,0.3002,0.3004,4774
2022-06-15 20:00:00+00:00,0.3004,0.3265,0.293,0.3212,10739
2022-06-16 00:00:00+00:00,0.3204,0.3423,0.3189,0.3362,5769
2022-06-16 04:00:00+00:00,0.3362,0.3409,0.3287,0.3307,3588
2022-06-16 08:00:00+00:00,0.3307,0.3322,0.3175,0.3214,3431
2022-06-16 12:00:00+00:00,0.3214,0.322,0.3078,0.3124,4939
2022-06-16 16:00:00+00:00,0.3124,0.3154,0.305,0.3128,6795
2022-06-16 20:00:00+00:00,0.3128,0.3148,0.3078,0.3129,4023
2022-06-17 00:00:00+00:00,0.3145,0.3174,0.3021,0.3153,4648
2022-06-17 04:00:00+00:00,0.3153,0.326,0.3133,0.3226,4736
2022-06-17 08:00:00+00:00,0.3226,0.3346,0.3221,0.3284,4071
2022-06-17 12:00:00+00:00,0.3284,0.3285,0.3169,0.3172,4147
2022-06-17 16:00:00+00:00,0.3173,0.3226,0.3135,0.3135,5382
2022-06-17 20:00:00+00:00,0.3135,0.3163,0.3109,0.3153,2593
2022-06-18 00:00:00+00:00,0.316,0.3212,0.3132,0.3184,1823
2022-06-18 04:00:00+00:00,0.3184,0.3189,0.3114,0.3156,1769
2022-06-18 08:00:00+00:00,0.3156,0.3164,0.2957,0.2981,5077
2022-06-18 12:00:00+00:00,0.2981,0.3052,0.2972,0.3011,3958
2022-06-18 16:00:00+00:00,0.3011,0.3039,0.3001,0.3035,599
2022-06-19 00:00:00+00:00,0.2927,0.3089,0.2909,0.3004,5257
2022-06-19 04:00:00+00:00,0.3004,0.3013,0.2951,0.2982,3053
2022-06-19 08:00:00+00:00,0.2982,0.3025,0.293,0.3024,3550
2022-06-19 12:00:00+00:00,0.3024,0.3127,0.3008,0.3074,4234
2022-06-19 16:00:00+00:00,0.3074,0.3134,0.3055,0.311,2841
2022-06-19 20:00:00+00:00,0.311,0.3278,0.309,0.324,3826
2022-06-20 00:00:00+00:00,0.3227,0.3243,0.3153,0.316,3424
2022-06-20 04:00:00+00:00,0.316,0.3176,0.3103,0.3107,3802
2022-06-20 08:00:00+00:00,0.3107,0.3167,0.3084,0.3157,3004
2022-06-20 12:00:00+00:00,0.3157,0.3237,0.3156,0.3191,4867
2022-06-20 16:00:00+00:00,0.3191,0.323,0.3146,0.3164,3905
2022-06-20 20:00:00+00:00,0.3164,0.3185,0.3106,0.3177,3731
2022-06-21 00:00:00+00:00,0.3183,0.3202,0.3125,0.3194,3440
2022-06-21 04:00:00+00:00,0.3194,0.3217,0.315,0.3185,2923
2022-06-21 08:00:00+00:00,0.3185,0.3257,0.3185,0.3244,3004
2022-06-21 12:00:00+00:00,0.3244,0.3269,0.3204,0.3234,2698
2022-06-21 16:00:00+00:00,0.3234,0.3322,0.3218,0.3279,3464
2022-06-21 20:00:00+00:00,0.3279,0.33,0.3214,0.3224,2909
2022-06-22 00:00:00+00:00,0.3226,0.3272,0.3174,0.3214,2539
2022-06-22 04:00:00+00:00,0.3214,0.3245,0.3154,0.3189,2616
2022-06-22 08:00:00+00:00,0.3189,0.3207,0.3139,0.3177,2487
2022-06-22 12:00:00+00:00,0.3177,0.3196,0.3138,0.3173,2232
2022-06-22 16:00:00+00:00,0.3173,0.3227,0.3143,0.3174,4216
2022-06-22 20:00:00+00:00,0.3174,0.3202,0.3147,0.3164,2760
2022-06-23 00:00:00+00:00,0.3168,0.3234,0.3161,0.3227,2286
2022-06-23 04:00:00+00:00,0.3227,0.3247,0.3171,0.3213,2109
2022-06-23 08:00:00+00:00,0.3213,0.3245,0.3206,0.3222,1827
2022-06-23 12:00:00+00:00,0.3222,0.3255,0.3215,0.3233,1809
2022-06-23 16:00:00+00:00,0.3233,0.3242,0.3189,0.3202,1960
2022-06-23 20:00:00+00:00,0.3202,0.3291,0.3192,0.3266,1908
2022-06-24 00:00:00+00:00,0.3264,0.3389,0.3258,0.3388,2088
2022-06-24 04:00:00+00:00,0.3388,0.3718,0.3386,0.3608,5996
2022-06-24 08:00:00+00:00,0.3608,0.3788,0.3587,0.3762,4901
2022-06-24 12:00:00+00:00,0.3762,0.3819,0.3639,0.3656,4466
2022-06-24 16:00:00+00:00,0.3656,0.3689,0.3511,0.354,4068
2022-06-24 20:00:00+00:00,0.354,0.3618,0.3472,0.3584,3091
2022-06-25 00:00:00+00:00,0.3658,0.366,0.3574,0.3615,2535
2022-06-25 04:00:00+00:00,0.3615,0.3689,0.36,0.3635,2452
2022-06-25 08:00:00+00:00,0.3635,0.3675,0.3622,0.3643,1827
2022-06-25 12:00:00+00:00,0.3643,0.3665,0.3529,0.355,2165
2022-06-25 16:00:00+00:00,0.355,0.3586,0.3531,0.3561,588
2022-06-26 00:00:00+00:00,0.3566,0.3642,0.3564,0.3615,1897
2022-06-26 04:00:00+00:00,0.3615,0.3645,0.3577,0.3612,1611
2022-06-26 08:00:00+00:00,0.3612,0.3658,0.3597,0.363,1496
2022-06-26 12:00:00+00:00,0.363,0.3699,0.3588,0.3625,2201
2022-06-26 16:00:00+00:00,0.3625,0.3635,0.3545,0.3599,2098
2022-06-26 20:00:00+00:00,0.3599,0.3636,0.3548,0.3635,1767
2022-06-27 00:00:00+00:00,0.3629,0.3629,0.3526,0.3587,2909
2022-06-27 04:00:00+00:00,0.3587,0.3619,0.3561,0.3584,2135
2022-06-27 08:00:00+00:00,0.3584,0.3604,0.3545,0.3599,1293
2022-06-27 12:00:00+00:00,0.3599,0.3604,0.3549,0.3562,1356
2022-06-27 16:00:00+00:00,0.3562,0.3585,0.343,0.3476,3382
2022-06-27 20:00:00+00:00,0.3476,0.3521,0.3439,0.3501,2485
2022-06-28 00:00:00+00:00,0.3496,0.3546,0.3459,0.3479,2024
2022-06-28 04:00:00+00:00,0.3479,0.3487,0.3357,0.3413,2458
2022-06-28 08:00:00+00:00,0.3413,0.3492,0.34,0.3477,1410
2022-06-28 12:00:00+00:00,0.3477,0.3484,0.3411,0.3442,2046
2022-06-28 16:00:00+00:00,0.3442,0.3465,0.3351,0.3373,3238
2022-06-28 20:00:00+00:00,0.3373,0.3381,0.3315,0.3368,2916
2022-06-29 00:00:00+00:00,0.3369,0.3388,0.3298,0.3329,2740
2022-06-29 04:00:00+00:00,0.3329,0.3364,0.3288,0.3304,2124
2022-06-29 08:00:00+00:00,0.3304,0.3322,0.3218,0.3232,2838
2022-06-29 12:00:00+00:00,0.3232,0.3278,0.3183,0.3194,2730
2022-06-29 16:00:00+00:00,0.3194,0.3238,0.3152,0.3191,3450
2022-06-29 20:00:00+00:00,0.3191,0.329,0.3174,0.3269,2695
2022-06-30 00:00:00+00:00,0.3269,0.3288,0.3192,0.3202,2486
2022-06-30 04:00:00+00:00,0.3202,0.3223,0.3168,0.3209,2264
2022-06-30 08:00:00+00:00,0.3209,0.3219,0.306,0.3075,3321
2022-06-30 12:00:00+00:00,0.3075,0.3102,0.3012,0.3069,3633
2022-06-30 16:00:00+00:00,0.3069,0.3117,0.3009,0.3094,3557
2022-06-30 20:00:00+00:00,0.3094,0.3274,0.3088,0.3123,4286
2022-07-01 00:00:00+00:00,0.3146,0.3309,0.3127,0.3258,4920
2022-07-01 04:00:00+00:00,0.3258,0.3282,0.3048,0.3077,3640
2022-07-01 08:00:00+00:00,0.3077,0.3164,0.3067,0.3105,3301
2022-07-01 12:00:00+00:00,0.3105,0.3116,0.3062,0.3084,2945
2022-07-01 16:00:00+00:00,0.3083,0.3117,0.3058,0.3062,3103
2022-07-01 20:00:00+00:00,0.3062,0.3144,0.3059,0.3118,2428
2022-07-02 00:00:00+00:00,0.3084,0.3113,0.306,0.3062,1876
2022-07-02 04:00:00+00:00,0.3062,0.3098,0.3044,0.3071,1952
2022-07-02 08:00:00+00:00,0.3071,0.3091,0.3056,0.3062,1142
2022-07-02 12:00:00+00:00,0.3062,0.3106,0.3044,0.3091,1337
2022-07-02 16:00:00+00:00,0.3091,0.3094,0.3075,0.3086,325
2022-07-03 00:00:00+00:00,0.3103,0.3129,0.3074,0.309,1181
2022-07-03 04:00:00+00:00,0.309,0.3108,0.3037,0.3092,1348
2022-07-03 08:00:00+00:00,0.3092,0.3117,0.3054,0.3071,1875
2022-07-03 12:00:00+00:00,0.3071,0.3078,0.3053,0.3066,815
2022-07-03 16:00:00+00:00,0.3066,0.3105,0.3044,0.3102,1328
2022-07-03 20:00:00+00:00,0.3102,0.3206,0.3095,0.318,1874
2022-07-04 00:00:00+00:00,0.3177,0.32,0.3135,0.3189,1781
2022-07-04 04:00:00+00:00,0.3189,0.3195,0.3112,0.3149,1752
2022-07-04 08:00:00+00:00,0.3149,0.3152,0.3096,0.3114,1215
2022-07-04 12:00:00+00:00,0.3114,0.3196,0.3097,0.3179,2131
2022-07-04 16:00:00+00:00,0.3179,0.3224,0.3147,0.3175,2165
2022-07-04 20:00:00+00:00,0.3175,0.3209,0.3169,0.3187,1604
2022-07-05 00:00:00+00:00,0.3191,0.3259,0.3181,0.325,2644
2022-07-05 04:00:00+00:00,0.325,0.3254,0.3198,0.3223,1574
2022-07-05 08:00:00+00:00,0.3223,0.3242,0.3159,0.3168,2223
2022-07-05 12:00:00+00:00,0.3168,0.3182,0.3101,0.3103,2070
2022-07-05 16:00:00+00:00,0.3103,0.3133,0.3079,0.3119,2854
2022-07-05 20:00:00+00:00,0.3119,0.3227,0.3117,0.3208,2577
2022-07-06 00:00:00+00:00,0.3215,0.3222,0.3175,0.321,2191
2022-07-06 04:00:00+00:00,0.321,0.3219,0.3148,0.3178,2405
2022-07-06 08:00:00+00:00,0.3178,0.3193,0.3158,0.3186,2302
2022-07-06 12:00:00+00:00,0.3186,0.3217,0.3156,0.3171,1914
2022-07-06 16:00:00+00:00,0.3171,0.3213,0.3155,0.3199,2628
2022-07-06 20:00:00+00:00,0.3199,0.3244,0.3184,0.3239,2189
2022-07-07 00:00:00+00:00,0.3235,0.3299,0.3232,0.3275,2127
2022-07-07 04:00:00+00:00,0.3275,0.3289,0.3217,0.3251,1764
2022-07-07 08:00:00+00:00,0.3251,0.3276,0.3238,0.327,1429
2022-07-07 12:00:00+00:00,0.3269,0.3269,0.3229,0.3242,1279
2022-07-07 16:00:00+00:00,0.3242,0.3338,0.3239,0.3321,2167
2022-07-07 20:00:00+00:00,0.3321,0.3375,0.3294,0.3351,3579
2022-07-08 00:00:00+00:00,0.3355,0.3444,0.3348,0.3433,1804
2022-07-08 04:00:00+00:00,0.3433,0.3482,0.3416,0.3453,2317
2022-07-08 08:00:00+00:00,0.3453,0.3514,0.3432,0.3442,2761
2022-07-08 12:00:00+00:00,0.3442,0.3444,0.3309,0.3327,3694
2022-07-08 16:00:00+00:00,0.3327,0.3407,0.3312,0.333,3367
2022-07-08 20:00:00+00:00,0.333,0.3421,0.3308,0.3399,2331
2022-07-09 00:00:00+00:00,0.3376,0.3402,0.334,0.3366,1901
2022-07-09 04:00:00+00:00,0.3366,0.3385,0.3343,0.3373,1666
2022-07-09 08:00:00+00:00,0.3373,0.3406,0.336,0.3405,1196
2022-07-09 12:00:00+00:00,0.3405,0.3408,0.3344,0.3366,1188
2022-07-09 16:00:00+00:00,0.3366,0.3383,0.3364,0.3374,238
2022-07-10 00:00:00+00:00,0.3414,0.3423,0.3358,0.3366,1379
2022-07-10 04:00:00+00:00,0.3366,0.3387,0.3303,0.3336,1681
2022-07-10 08:00:00+00:00,0.3336,0.3359,0.3329,0.334,1027
2022-07-10 12:00:00+00:00,0.334,0.3355,0.3302,0.3333,1033
2022-07-10 16:00:00+00:00,0.3333,0.3333,0.3147,0.3194,2655
2022-07-10 20:00:00+00:00,0.3194,0.3231,0.3187,0.3215,1286
2022-07-11 00:00:00+00:00,0.322,0.3254,0.3171,0.3237,1701
2022-07-11 04:00:00+00:00,0.3237,0.3238,0.3142,0.3151,1878
2022-07-11 08:00:00+00:00,0.3151,0.3239,0.3122,0.3198,2226
2022-07-11 12:00:00+00:00,0.3198,0.3235,0.3184,0.3228,1324
2022-07-11 16:00:00+00:00,0.3218,0.3234,0.316,0.3181,2197
2022-07-11 20:00:00+00:00,0.3181,0.3212,0.3172,0.3183,1389
2022-07-12 00:00:00+00:00,0.3175,0.318,0.3056,0.3099,2916
2022-07-12 04:00:00+00:00,0.3099,0.3126,0.3075,0.3117,1569
2022-07-12 08:00:00+00:00,0.3117,0.3131,0.3027,0.3076,1867
2022-07-12 12:00:00+00:00,0.3076,0.3086,0.3033,0.3068,1659
2022-07-12 16:00:00+00:00,0.3068,0.3103,0.305,0.3093,2406
2022-07-12 20:00:00+00:00,0.3093,0.3097,0.3028,0.3065,2125
2022-07-13 00:00:00+00:00,0.306,0.3078,0.3018,0.3077,2144
2022-07-13 04:00:00+00:00,0.3077,0.3093,0.306,0.3083,1367
2022-07-13 08:00:00+00:00,0.3083,0.3163,0.3077,0.3126,1637
2022-07-13 12:00:00+00:00,0.3126,0.3164,0.2977,0.3014,2884
2022-07-13 16:00:00+00:00,0.3014,0.3095,0.2985,0.3075,3389
2022-07-13 20:00:00+00:00,0.3075,0.3137,0.3067,0.3128,2346
2022-07-14 00:00:00+00:00,0.313,0.3208,0.3107,0.3173,2501
2022-07-14 04:00:00+00:00,0.3173,0.3195,0.3141,0.3157,1491
2022-07-14 08:00:00+00:00,0.3157,0.3183,0.3109,0.3109,1996
2022-07-14 12:00:00+00:00,0.3109,0.3119,0.3074,0.31,2309
2022-07-14 16:00:00+00:00,0.31,0.3168,0.3074,0.3144,2706
2022-07-14 20:00:00+00:00,0.3144,0.3252,0.3139,0.3247,2390
2022-07-15 00:00:00+00:00,0.3245,0.3298,0.3208,0.3281,1715
2022-07-15 04:00:00+00:00,0.3281,0.3438,0.328,0.3376,3592
2022-07-15 08:00:00+00:00,0.3376,0.3387,0.3305,0.3347,2544
2022-07-15 12:00:00+00:00,0.3347,0.3386,0.328,0.3314,2320
2022-07-15 16:00:00+00:00,0.3313,0.3324,0.3225,0.324,2691
2022-07-15 20:00:00+00:00,0.324,0.3323,0.3224,0.3275,2101
2022-07-16 00:00:00+00:00,0.3306,0.3329,0.3262,0.3266,1230
2022-07-16 04:00:00+00:00,0.3266,0.3325,0.3263,0.3321,1171
2022-07-16 08:00:00+00:00,0.3321,0.3327,0.327,0.3308,1413
2022-07-16 12:00:00+00:00,0.3308,0.3367,0.3307,0.3349,1341
2022-07-16 16:00:00+00:00,0.3349,0.3383,0.3347,0.3381,544
2022-07-17 00:00:00+00:00,0.3473,0.3492,0.3448,0.348,1833
2022-07-17 04:00:00+00:00,0.348,0.3528,0.3423,0.3485,1696
2022-07-17 08:00:00+00:00,0.3485,0.3562,0.3466,0.349,1953
2022-07-17 12:00:00+00:00,0.349,0.3504,0.3434,0.3452,1793
2022-07-17 16:00:00+00:00,0.3452,0.3456,0.3407,0.3445,2211
2022-07-17 20:00:00+00:00,0.3445,0.3494,0.3368,0.3427,2178
2022-07-18 00:00:00+00:00,0.3437,0.3462,0.3371,0.3441,1771
2022-07-18 04:00:00+00:00,0.3441,0.3546,0.3438,0.3523,2785
2022-07-18 08:00:00+00:00,0.3524,0.3623,0.3523,0.3585,3500
2022-07-18 12:00:00+00:00,0.3585,0.3649,0.3543,0.3598,3190
2022-07-18 16:00:00+00:00,0.3598,0.3635,0.3557,0.3575,3156
2022-07-18 20:00:00+00:00,0.3575,0.3579,0.3474,0.351,2877
2022-07-19 00:00:00+00:00,0.3501,0.3643,0.3496,0.3584,4039
2022-07-19 04:00:00+00:00,0.3584,0.3594,0.3463,0.351,2739
2022-07-19 08:00:00+00:00,0.351,0.355,0.3476,0.351,2439
2022-07-19 12:00:00+00:00,0.351,0.3595,0.3503,0.3595,2177
2022-07-19 16:00:00+00:00,0.3595,0.3673,0.3536,0.3641,4237
2022-07-19 20:00:00+00:00,0.3641,0.3683,0.3611,0.3664,2644
2022-07-20 00:00:00+00:00,0.3664,0.3715,0.3625,0.3638,2540
2022-07-20 04:00:00+00:00,0.3638,0.375,0.363,0.3715,1954
2022-07-20 08:00:00+00:00,0.3716,0.3765,0.3632,0.3641,2416
2022-07-20 12:00:00+00:00,0.3641,0.3726,0.3632,0.3691,2818
2022-07-20 16:00:00+00:00,0.3691,0.373,0.3615,0.3637,3304
2022-07-20 20:00:00+00:00,0.3635,0.3656,0.3523,0.3552,3361
2022-07-21 00:00:00+00:00,0.3556,0.3614,0.3532,0.3589,2380
2022-07-21 04:00:00+00:00,0.3589,0.362,0.347,0.3517,2787
2022-07-21 08:00:00+00:00,0.3517,0.3543,0.3497,0.3521,1615
2022-07-21 12:00:00+00:00,0.3521,0.3542,0.3456,0.3497,1831
2022-07-21 16:00:00+00:00,0.3497,0.3551,0.3436,0.3545,2721
2022-07-21 20:00:00+00:00,0.3545,0.3631,0.353,0.3622,1905
2022-07-22 00:00:00+00:00,0.3613,0.3643,0.3576,0.3629,1850
2022-07-22 04:00:00+00:00,0.3629,0.3639,0.3554,0.3575,2211
2022-07-22 08:00:00+00:00,0.3575,0.3622,0.3542,0.361,2432
2022-07-22 12:00:00+00:00,0.361,0.3664,0.3609,0.3628,1894
2022-07-22 16:00:00+00:00,0.3628,0.3636,0.3544,0.3569,2909
2022-07-22 20:00:00+00:00,0.3569,0.3577,0.349,0.3503,2480
2022-07-23 00:00:00+00:00,0.3533,0.3552,0.3506,0.3531,1547
2022-07-23 04:00:00+00:00,0.3531,0.3574,0.3529,0.3559,1152
2022-07-23 08:00:00+00:00,0.3559,0.3576,0.3515,0.3518,1319
2022-07-23 12:00:00+00:00,0.3518,0.3536,0.3451,0.3486,1763
2022-07-23 16:00:00+00:00,0.3486,0.3502,0.3484,0.3499,232
2022-07-24 00:00:00+00:00,0.3511,0.3566,0.349,0.3547,2916
2022-07-24 04:00:00+00:00,0.3547,0.3588,0.3507,0.3538,2861
2022-07-24 08:00:00+00:00,0.3537,0.3586,0.3536,0.356,3422
2022-07-24 12:00:00+00:00,0.356,0.361,0.3534,0.3539,5161
2022-07-24 16:00:00+00:00,0.3539,0.3617,0.3533,0.3577,5318
2022-07-24 20:00:00+00:00,0.3577,0.3596,0.3553,0.3579,3874
2022-07-25 00:00:00+00:00,0.3578,0.3601,0.3472,0.3481,5335
2022-07-25 04:00:00+00:00,0.3481,0.3483,0.3368,0.3393,5981
2022-07-25 08:00:00+00:00,0.3394,0.3427,0.3382,0.3418,3776
2022-07-25 12:00:00+00:00,0.3418,0.3436,0.3391,0.3409,3494
2022-07-25 16:00:00+00:00,0.3409,0.3443,0.3361,0.3391,6453
2022-07-25 20:00:00+00:00,0.3391,0.3424,0.3332,0.3418,6132
2022-07-26 00:00:00+00:00,0.3415,0.3424,0.3277,0.3287,6930
2022-07-26 04:00:00+00:00,0.3284,0.3314,0.3245,0.3306,4946
2022-07-26 08:00:00+00:00,0.3305,0.3306,0.3223,0.3262,4180
2022-07-26 12:00:00+00:00,0.3263,0.3284,0.3238,0.3245,4559
2022-07-26 16:00:00+00:00,0.3245,0.3251,0.3201,0.323,6794
2022-07-26 20:00:00+00:00,0.3227,0.3268,0.3219,0.3267,5480
2022-07-27 00:00:00+00:00,0.3257,0.3345,0.3181,0.3327,4148
2022-07-27 04:00:00+00:00,0.3327,0.3339,0.325,0.3286,3546
2022-07-27 08:00:00+00:00,0.3286,0.3332,0.3278,0.3317,3768
2022-07-27 12:00:00+00:00,0.3317,0.3327,0.3284,0.3323,3532
2022-07-27 16:00:00+00:00,0.3323,0.3357,0.3288,0.3302,4546
2022-07-27 20:00:00+00:00,0.3302,0.3517,0.329,0.3486,8987
2022-07-28 00:00:00+00:00,0.347,0.3548,0.347,0.3526,4468
2022-07-28 04:00:00+00:00,0.3526,0.357,0.3498,0.3527,5849
2022-07-28 08:00:00+00:00,0.3527,0.3538,0.3466,0.3499,5430
2022-07-28 12:00:00+00:00,0.3497,0.3525,0.343,0.3486,5979
2022-07-28 16:00:00+00:00,0.3484,0.3692,0.3444,0.3622,12549
2022-07-28 20:00:00+00:00,0.3623,0.374,0.3619,0.3701,9002
2022-07-29 00:00:00+00:00,0.3705,0.3711,0.3623,0.3696,6023
2022-07-29 04:00:00+00:00,0.3695,0.373,0.3642,0.372,5008
2022-07-29 08:00:00+00:00,0.3718,0.3748,0.3621,0.3678,6726
2022-07-29 12:00:00+00:00,0.3677,0.3717,0.3579,0.3596,7295
2022-07-29 16:00:00+00:00,0.3596,0.368,0.3564,0.359,10483
2022-07-29 20:00:00+00:00,0.3589,0.3643,0.3543,0.364,7105
2022-07-30 00:00:00+00:00,0.3625,0.3686,0.3514,0.3647,2108
2022-07-30 04:00:00+00:00,0.3645,0.3664,0.357,0.3602,3617
2022-07-30 08:00:00+00:00,0.3599,0.3668,0.3593,0.3665,2948
2022-07-30 12:00:00+00:00,0.3665,0.3694,0.3601,0.3691,5794
2022-07-30 16:00:00+00:00,0.3693,0.3942,0.366,0.3932,3595
2022-07-31 00:00:00+00:00,0.3878,0.3886,0.3792,0.3855,7447
2022-07-31 04:00:00+00:00,0.3855,0.388,0.3817,0.3846,4836
2022-07-31 08:00:00+00:00,0.3844,0.3916,0.3761,0.3803,4856
2022-07-31 12:00:00+00:00,0.3803,0.3875,0.3788,0.387,4220
2022-07-31 16:00:00+00:00,0.3872,0.3874,0.3813,0.3862,5889
2022-07-31 20:00:00+00:00,0.3862,0.3937,0.3787,0.3879,7294
2022-08-01 00:00:00+00:00,0.3874,0.3883,0.3727,0.3787,7961
2022-08-01 04:00:00+00:00,0.3785,0.381,0.3741,0.3784,6634
2022-08-01 08:00:00+00:00,0.3785,0.3789,0.3717,0.3729,6061
2022-08-01 12:00:00+00:00,0.373,0.3768,0.3677,0.3697,7386
2022-08-01 16:00:00+00:00,0.3697,0.3757,0.3655,0.3718,9235
2022-08-01 20:00:00+00:00,0.3719,0.3732,0.3653,0.3718,8139
2022-08-02 00:00:00+00:00,0.3713,0.3771,0.3692,0.3753,5960
2022-08-02 04:00:00+00:00,0.3753,0.3893,0.3613,0.3667,10029
2022-08-02 08:00:00+00:00,0.3666,0.3682,0.3625,0.3644,6293
2022-08-02 12:00:00+00:00,0.3643,0.3676,0.3618,0.3625,6541
2022-08-02 16:00:00+00:00,0.3624,0.3728,0.3611,0.3727,11853
2022-08-02 20:00:00+00:00,0.3727,0.3738,0.3653,0.37,7293
2022-08-03 00:00:00+00:00,0.3583,0.3709,0.3582,0.3621,7542
2022-08-03 04:00:00+00:00,0.3621,0.3635,0.3572,0.361,5933
2022-08-03 08:00:00+00:00,0.3609,0.3667,0.3599,0.3665,5691
2022-08-03 12:00:00+00:00,0.3665,0.371,0.3656,0.3675,6643
2022-08-03 16:00:00+00:00,0.3676,0.3696,0.3647,0.3684,8123
2022-08-03 20:00:00+00:00,0.3685,0.3724,0.3678,0.37,6177
2022-08-04 00:00:00+00:00,0.3696,0.3712,0.3616,0.3676,6427
2022-08-04 04:00:00+00:00,0.3677,0.3692,0.3649,0.3684,5971
2022-08-04 08:00:00+00:00,0.3684,0.3699,0.3632,0.3641,5875
2022-08-04 12:00:00+00:00,0.364,0.3652,0.3614,0.364,6462
2022-08-04 16:00:00+00:00,0.364,0.3671,0.359,0.3599,7696
2022-08-04 20:00:00+00:00,0.36,0.3643,0.3588,0.3636,4796
2022-08-05 00:00:00+00:00,0.3635,0.3676,0.362,0.3657,3796
2022-08-05 04:00:00+00:00,0.3658,0.3718,0.3648,0.3709,4845
2022-08-05 08:00:00+00:00,0.3708,0.3732,0.3664,0.3677,5376
2022-08-05 12:00:00+00:00,0.3677,0.3729,0.3662,0.3677,6836
2022-08-05 16:00:00+00:00,0.3676,0.3704,0.3626,0.3646,4255
2022-08-05 20:00:00+00:00,0.3646,0.3663,0.3618,0.3659,4106
2022-08-06 00:00:00+00:00,0.3688,0.3727,0.3684,0.3691,4502
2022-08-06 04:00:00+00:00,0.3691,0.3705,0.3679,0.3691,2454
2022-08-06 08:00:00+00:00,0.3689,0.371,0.3681,0.3693,2175
2022-08-06 12:00:00+00:00,0.3693,0.3701,0.3685,0.369,1209
2022-08-06 16:00:00+00:00,0.369,0.3699,0.3688,0.3693,284
2022-08-07 00:00:00+00:00,0.3679,0.3696,0.3626,0.3636,1876
2022-08-07 04:00:00+00:00,0.3636,0.367,0.3624,0.3655,2133
2022-08-07 08:00:00+00:00,0.3654,0.3672,0.3651,0.3662,976
2022-08-07 12:00:00+00:00,0.3662,0.3697,0.3655,0.3694,1149
2022-08-07 16:00:00+00:00,0.3697,0.3703,0.3667,0.3683,2078
2022-08-07 20:00:00+00:00,0.3683,0.3711,0.368,0.3702,1497
2022-08-08 00:00:00+00:00,0.3712,0.372,0.3657,0.3678,2660
2022-08-08 04:00:00+00:00,0.3678,0.3691,0.3658,0.369,3322
2022-08-08 08:00:00+00:00,0.3691,0.3785,0.3689,0.3776,5519
2022-08-08 12:00:00+00:00,0.3776,0.3785,0.3753,0.3775,5134
2022-08-08 16:00:00+00:00,0.3776,0.3795,0.3711,0.374,6774
2022-08-08 20:00:00+00:00,0.3739,0.3781,0.3733,0.378,3915
2022-08-09 00:00:00+00:00,0.3665,0.3781,0.3644,0.3729,3359
2022-08-09 04:00:00+00:00,0.3729,0.3734,0.3688,0.3725,3550
2022-08-09 08:00:00+00:00,0.3725,0.3728,0.3695,0.3707,3521
2022-08-09 12:00:00+00:00,0.3707,0.3717,0.3627,0.3648,5126
2022-08-09 16:00:00+00:00,0.3647,0.3656,0.3541,0.3588,6978
2022-08-09 20:00:00+00:00,0.3589,0.3631,0.3577,0.3626,3620
2022-08-10 00:00:00+00:00,0.3621,0.3644,0.3545,0.3581,4179
2022-08-10 04:00:00+00:00,0.3582,0.3601,0.3518,0.3576,4874
2022-08-10 08:00:00+00:00,0.3574,0.3598,0.3533,0.3591,3803
2022-08-10 12:00:00+00:00,0.3591,0.3725,0.3567,0.3713,4730
2022-08-10 16:00:00+00:00,0.3713,0.3744,0.3696,0.3725,8551
2022-08-10 20:00:00+00:00,0.3726,0.3737,0.3677,0.3735,7009
2022-08-11 00:00:00+00:00,0.3727,0.3808,0.3715,0.3784,5844
2022-08-11 04:00:00+00:00,0.3783,0.3806,0.3738,0.3779,7120
2022-08-11 08:00:00+00:00,0.3779,0.3792,0.373,0.3758,6694
2022-08-11 12:00:00+00:00,0.3759,0.3798,0.3739,0.3793,7011
2022-08-11 16:00:00+00:00,0.3791,0.3796,0.372,0.3732,7783
2022-08-11 20:00:00+00:00,0.3731,0.3766,0.3716,0.3763,4838
2022-08-12 00:00:00+00:00,0.3748,0.3769,0.3697,0.3738,5810
2022-08-12 04:00:00+00:00,0.3737,0.3745,0.3689,0.3716,6014
2022-08-12 08:00:00+00:00,0.3714,0.3735,0.3694,0.3717,4254
2022-08-12 12:00:00+00:00,0.3716,0.374,0.3643,0.3681,7507
2022-08-12 16:00:00+00:00,0.368,0.3693,0.3652,0.3677,7877
2022-08-12 20:00:00+00:00,0.3677,0.3732,0.3669,0.3729,5388
2022-08-13 00:00:00+00:00,0.3727,0.3775,0.356,0.3746,5070
2022-08-13 04:00:00+00:00,0.3747,0.3771,0.3726,0.3756,4869
2022-08-13 08:00:00+00:00,0.3752,0.3823,0.3712,0.3722,4604
2022-08-13 12:00:00+00:00,0.3722,0.3763,0.3618,0.3747,4507
2022-08-13 16:00:00+00:00,0.3747,0.377,0.3735,0.3755,3531
2022-08-13 20:00:00+00:00,0.3754,0.3767,0.3714,0.3742,2775
2022-08-14 00:00:00+00:00,0.374,0.3759,0.3713,0.3751,1739
2022-08-14 04:00:00+00:00,0.3751,0.3828,0.3726,0.3793,6314
2022-08-14 08:00:00+00:00,0.3793,0.3835,0.3785,0.3818,8063
2022-08-14 12:00:00+00:00,0.3816,0.387,0.3777,0.3793,3744
2022-08-14 16:00:00+00:00,0.379,0.3792,0.3603,0.369,4233
2022-08-14 20:00:00+00:00,0.3691,0.3749,0.3655,0.374,4206
2022-08-15 00:00:00+00:00,0.3738,0.3754,0.3684,0.374,4891
2022-08-15 04:00:00+00:00,0.374,0.3799,0.3701,0.3766,5836
2022-08-15 08:00:00+00:00,0.3766,0.3782,0.3608,0.3633,8165
2022-08-15 12:00:00+00:00,0.3632,0.3669,0.361,0.3625,6338
2022-08-15 16:00:00+00:00,0.3625,0.3689,0.3621,0.3689,7009
2022-08-15 20:00:00+00:00,0.3689,0.3698,0.3652,0.3688,4334
2022-08-16 00:00:00+00:00,0.3689,0.3719,0.3647,0.3701,6739
2022-08-16 04:00:00+00:00,0.3702,0.3723,0.3606,0.3662,7925
2022-08-16 08:00:00+00:00,0.3661,0.3693,0.363,0.3682,4619
2022-08-16 12:00:00+00:00,0.3683,0.3727,0.3673,0.3679,4925
2022-08-16 16:00:00+00:00,0.3679,0.3698,0.3657,0.3682,7168
2022-08-16 20:00:00+00:00,0.3682,0.3715,0.3652,0.3714,4490
2022-08-17 00:00:00+00:00,0.3712,0.3809,0.3681,0.3805,3634
2022-08-17 04:00:00+00:00,0.3806,0.387,0.3767,0.3815,5758
2022-08-17 08:00:00+00:00,0.3815,0.3847,0.3705,0.3716,7018
2022-08-17 12:00:00+00:00,0.3711,0.3736,0.3651,0.3687,4569
2022-08-17 16:00:00+00:00,0.3686,0.3702,0.3622,0.3693,6840
2022-08-17 20:00:00+00:00,0.3693,0.3778,0.3659,0.3774,7000
2022-08-18 00:00:00+00:00,0.3746,0.3762,0.3684,0.375,5248
2022-08-18 04:00:00+00:00,0.3749,0.3755,0.3663,0.368,5126
2022-08-18 08:00:00+00:00,0.3681,0.372,0.3665,0.372,4283
2022-08-18 12:00:00+00:00,0.372,0.3748,0.3688,0.3736,5877
2022-08-18 16:00:00+00:00,0.3735,0.3737,0.3677,0.3704,7438
2022-08-18 20:00:00+00:00,0.3704,0.3745,0.3687,0.374,4372
2022-08-19 00:00:00+00:00,0.3741,0.3741,0.3569,0.3599,6176
2022-08-19 04:00:00+00:00,0.3599,0.3604,0.3532,0.3574,5804
2022-08-19 08:00:00+00:00,0.3574,0.3589,0.3216,0.3331,9146
2022-08-19 12:00:00+00:00,0.3333,0.3379,0.3271,0.3343,7193
2022-08-19 16:00:00+00:00,0.3341,0.3353,0.3289,0.3348,7073
2022-08-19 20:00:00+00:00,0.3347,0.3374,0.3288,0.3365,7256
2022-08-20 00:00:00+00:00,0.3353,0.337,0.3234,0.332,10031
2022-08-20 04:00:00+00:00,0.3318,0.3371,0.3316,0.3366,6351
2022-08-20 08:00:00+00:00,0.3369,0.3375,0.3336,0.3347,5132
2022-08-20 12:00:00+00:00,0.3347,0.3375,0.3333,0.3359,3717
2022-08-20 16:00:00+00:00,0.336,0.3372,0.3338,0.3352,3763
2022-08-20 20:00:00+00:00,0.3352,0.3365,0.3253,0.3276,6657
2022-08-21 00:00:00+00:00,0.327,0.3339,0.3162,0.3304,4526
2022-08-21 04:00:00+00:00,0.3302,0.335,0.3299,0.3318,3753
2022-08-21 08:00:00+00:00,0.3318,0.3421,0.3304,0.3385,5118
2022-08-21 12:00:00+00:00,0.3387,0.3408,0.3371,0.3383,4827
2022-08-21 16:00:00+00:00,0.3382,0.3411,0.3366,0.3396,3309
2022-08-21 20:00:00+00:00,0.3395,0.3425,0.3368,0.3405,3386
2022-08-22 00:00:00+00:00,0.339,0.3431,0.3286,0.3369,6861
2022-08-22 04:00:00+00:00,0.3368,0.3372,0.3304,0.3352,4610
2022-08-22 08:00:00+00:00,0.3352,0.3365,0.3257,0.3305,5993
2022-08-22 12:00:00+00:00,0.3304,0.3319,0.3271,0.3303,5761
2022-08-22 16:00:00+00:00,0.3303,0.3333,0.3277,0.3314,8615
2022-08-22 20:00:00+00:00,0.3314,0.3341,0.3269,0.3327,5542
2022-08-23 00:00:00+00:00,0.3329,0.34,0.3202,0.3372,5336
2022-08-23 04:00:00+00:00,0.3369,0.3388,0.333,0.3337,3595
2022-08-23 08:00:00+00:00,0.3335,0.3354,0.3271,0.3345,6399
2022-08-23 12:00:00+00:00,0.3344,0.3368,0.3324,0.3341,5103
2022-08-23 16:00:00+00:00,0.3342,0.3397,0.3338,0.3365,8337
2022-08-23 20:00:00+00:00,0.3364,0.3422,0.3359,0.3402,5819
2022-08-24 00:00:00+00:00,0.3402,0.3429,0.3364,0.3385,5284
2022-08-24 04:00:00+00:00,0.3387,0.339,0.3334,0.3362,4615
2022-08-24 08:00:00+00:00,0.3362,0.3395,0.3336,0.3376,5022
2022-08-24 12:00:00+00:00,0.3374,0.3396,0.3355,0.3393,5075
2022-08-24 16:00:00+00:00,0.3393,0.3424,0.3361,0.3404,7387
2022-08-24 20:00:00+00:00,0.3404,0.3465,0.339,0.3453,4610
2022-08-25 00:00:00+00:00,0.3437,0.347,0.3397,0.3445,5238
2022-08-25 04:00:00+00:00,0.3445,0.3451,0.3379,0.3419,4363
2022-08-25 08:00:00+00:00,0.3419,0.3456,0.3402,0.3434,6180
2022-08-25 12:00:00+00:00,0.3433,0.3438,0.3398,0.342,4403
2022-08-25 16:00:00+00:00,0.3421,0.3448,0.338,0.3393,6790
2022-08-25 20:00:00+00:00,0.3391,0.347,0.3384,0.3458,4433
2022-08-26 00:00:00+00:00,0.346,0.3464,0.3404,0.3413,3263
2022-08-26 04:00:00+00:00,0.3412,0.3447,0.3406,0.3435,3170
2022-08-26 08:00:00+00:00,0.3436,0.3658,0.3404,0.3647,7598
2022-08-26 12:00:00+00:00,0.3647,0.3648,0.3454,0.352,8703
2022-08-26 16:00:00+00:00,0.3521,0.3548,0.3264,0.3301,11798
2022-08-26 20:00:00+00:00,0.33,0.3361,0.3269,0.3359,4949
2022-08-27 00:00:00+00:00,0.3352,0.3397,0.319,0.3309,7926
2022-08-27 04:00:00+00:00,0.3306,0.332,0.326,0.3293,5022
2022-08-27 08:00:00+00:00,0.3292,0.3314,0.3223,0.3299,6799
2022-08-27 12:00:00+00:00,0.3301,0.3329,0.3252,0.3309,1375
2022-08-27 16:00:00+00:00,0.3309,0.3321,0.3243,0.3312,5005
2022-08-27 20:00:00+00:00,0.3312,0.3316,0.3275,0.3307,3321
2022-08-28 00:00:00+00:00,0.3297,0.3317,0.3173,0.3297,3535
2022-08-28 04:00:00+00:00,0.3297,0.3311,0.327,0.3286,3011
2022-08-28 08:00:00+00:00,0.3283,0.3302,0.3261,0.3287,2191
2022-08-28 12:00:00+00:00,0.3284,0.331,0.3265,0.3289,2401
2022-08-28 16:00:00+00:00,0.329,0.3322,0.3275,0.3296,5246
2022-08-28 20:00:00+00:00,0.3293,0.331,0.3283,0.3304,2713
2022-08-29 00:00:00+00:00,0.3301,0.3309,0.3133,0.3168,7478
2022-08-29 04:00:00+00:00,0.3169,0.3191,0.313,0.3173,4823
2022-08-29 08:00:00+00:00,0.3172,0.3188,0.3137,0.3144,4096
2022-08-29 12:00:00+00:00,0.3142,0.3225,0.3131,0.3193,4777
2022-08-29 16:00:00+00:00,0.3193,0.3262,0.3191,0.3233,8310
2022-08-29 20:00:00+00:00,0.3234,0.3278,0.3213,0.3278,4619
2022-08-30 00:00:00+00:00,0.3276,0.3292,0.3244,0.328,4107
2022-08-30 04:00:00+00:00,0.3281,0.3287,0.3231,0.328,5023
2022-08-30 08:00:00+00:00,0.328,0.3307,0.3244,0.3252,5594
2022-08-30 12:00:00+00:00,0.3251,0.3276,0.323,0.3243,5647
2022-08-30 16:00:00+00:00,0.3243,0.3258,0.3144,0.3155,8937
2022-08-30 20:00:00+00:00,0.3151,0.3243,0.3147,0.3233,8151
2022-08-31 00:00:00+00:00,0.3235,0.3253,0.3204,0.3242,5966
2022-08-31 04:00:00+00:00,0.3243,0.3285,0.3238,0.3274,5521
2022-08-31 08:00:00+00:00,0.3273,0.3286,0.3204,0.3251,5921
2022-08-31 12:00:00+00:00,0.3251,0.3287,0.3235,0.3259,7668
2022-08-31 16:00:00+00:00,0.326,0.3262,0.3166,0.3208,8388
2022-08-31 20:00:00+00:00,0.3208,0.326,0.3186,0.3257,5545
2022-09-01 00:00:00+00:00,0.3253,0.3262,0.3201,0.3226,3911
2022-09-01 04:00:00+00:00,0.3225,0.3231,0.3165,0.3203,4519
2022-09-01 08:00:00+00:00,0.3204,0.322,0.3186,0.3207,4599
2022-09-01 12:00:00+00:00,0.3207,0.3223,0.3181,0.3203,5625
2022-09-01 16:00:00+00:00,0.3203,0.3216,0.3159,0.3184,7473
2022-09-01 20:00:00+00:00,0.3183,0.3275,0.3177,0.3269,6330
2022-09-02 00:00:00+00:00,0.3273,0.3285,0.3254,0.3264,3746
2022-09-02 04:00:00+00:00,0.3263,0.3298,0.3228,0.3286,3736
2022-09-02 08:00:00+00:00,0.3287,0.3302,0.325,0.3254,2954
2022-09-02 12:00:00+00:00,0.3253,0.3282,0.3218,0.3259,4894
2022-09-02 16:00:00+00:00,0.326,0.3274,0.3183,0.3187,6090
2022-09-02 20:00:00+00:00,0.3187,0.325,0.3184,0.325,6033
2022-09-03 00:00:00+00:00,0.3244,0.3286,0.3225,0.326,3917
2022-09-03 04:00:00+00:00,0.326,0.3264,0.3217,0.3249,4688
2022-09-03 08:00:00+00:00,0.3249,0.3263,0.3209,0.3229,4886
2022-09-03 12:00:00+00:00,0.323,0.3245,0.3217,0.3241,2632
2022-09-03 16:00:00+00:00,0.324,0.3263,0.3225,0.3251,2285
2022-09-03 20:00:00+00:00,0.3249,0.3257,0.3214,0.3242,2626
2022-09-04 00:00:00+00:00,0.3241,0.3253,0.3231,0.3248,1795
2022-09-04 04:00:00+00:00,0.3247,0.3272,0.3236,0.3271,2434
2022-09-04 08:00:00+00:00,0.327,0.3276,0.3215,0.3238,3217
2022-09-04 12:00:00+00:00,0.3236,0.3273,0.3221,0.3265,3346
2022-09-04 16:00:00+00:00,0.3266,0.3268,0.3225,0.326,3080
2022-09-04 20:00:00+00:00,0.3261,0.3269,0.3241,0.3265,3313
2022-09-05 00:00:00+00:00,0.3269,0.3283,0.3218,0.3266,4653
2022-09-05 04:00:00+00:00,0.3266,0.328,0.3249,0.3254,2133
2022-09-05 08:00:00+00:00,0.3254,0.3257,0.3195,0.3208,3803
2022-09-05 12:00:00+00:00,0.3208,0.3213,0.3155,0.3199,3339
2022-09-05 16:00:00+00:00,0.3199,0.3242,0.3194,0.324,5390
2022-09-05 20:00:00+00:00,0.3239,0.326,0.3219,0.326,2847
2022-09-06 00:00:00+00:00,0.326,0.3378,0.3249,0.336,5432
2022-09-06 04:00:00+00:00,0.3362,0.3378,0.3248,0.3279,5962
2022-09-06 08:00:00+00:00,0.3279,0.3324,0.3201,0.3299,4121
2022-09-06 12:00:00+00:00,0.3299,0.3317,0.3261,0.3296,5162
2022-09-06 16:00:00+00:00,0.3295,0.3306,0.3251,0.3286,8076
2022-09-06 20:00:00+00:00,0.3288,0.3289,0.3092,0.3192,8566
2022-09-07 00:00:00+00:00,0.3197,0.32,0.3118,0.3167,5231
2022-09-07 04:00:00+00:00,0.3166,0.3167,0.3032,0.3118,5588
2022-09-07 08:00:00+00:00,0.3117,0.316,0.3101,0.315,3603
2022-09-07 12:00:00+00:00,0.3149,0.3191,0.3142,0.3191,4260
2022-09-07 16:00:00+00:00,0.319,0.3215,0.3173,0.3196,5981
2022-09-07 20:00:00+00:00,0.3197,0.3322,0.3194,0.3304,7190
2022-09-08 00:00:00+00:00,0.3306,0.3335,0.3274,0.3294,5117
2022-09-08 04:00:00+00:00,0.3294,0.3296,0.3253,0.3286,3665
2022-09-08 08:00:00+00:00,0.3286,0.3309,0.3226,0.3282,4971
2022-09-08 12:00:00+00:00,0.328,0.3286,0.3236,0.3257,5038
2022-09-08 16:00:00+00:00,0.3256,0.3304,0.3223,0.3265,8458
2022-09-08 20:00:00+00:00,0.3265,0.3382,0.3246,0.3364,6599
2022-09-09 00:00:00+00:00,0.3357,0.3371,0.3319,0.3361,3809
2022-09-09 04:00:00+00:00,0.3359,0.3449,0.333,0.3432,5838
2022-09-09 08:00:00+00:00,0.3432,0.348,0.3395,0.3469,5272
2022-09-09 12:00:00+00:00,0.3469,0.3505,0.3327,0.3469,6278
2022-09-09 16:00:00+00:00,0.3469,0.3472,0.3388,0.3408,9059
2022-09-09 20:00:00+00:00,0.3408,0.3484,0.3389,0.3462,6191
2022-09-10 00:00:00+00:00,0.3454,0.3543,0.3324,0.3526,7919
2022-09-10 04:00:00+00:00,0.3524,0.3535,0.3483,0.3495,5687
2022-09-10 08:00:00+00:00,0.3492,0.3569,0.346,0.3495,7010
2022-09-10 12:00:00+00:00,0.3495,0.3512,0.3471,0.351,3136
2022-09-10 16:00:00+00:00,0.351,0.3529,0.347,0.3497,4504
2022-09-10 20:00:00+00:00,0.3496,0.3527,0.3473,0.3497,4491
2022-09-11 00:00:00+00:00,0.3509,0.3548,0.3494,0.3532,5544
2022-09-11 04:00:00+00:00,0.3532,0.3539,0.3491,0.3502,4059
2022-09-11 08:00:00+00:00,0.3502,0.3518,0.3463,0.3508,4158
2022-09-11 12:00:00+00:00,0.3505,0.3511,0.3479,0.35,1815
2022-09-11 16:00:00+00:00,0.35,0.3514,0.3481,0.351,1853
2022-09-11 20:00:00+00:00,0.351,0.3544,0.3486,0.3539,2281
2022-09-12 00:00:00+00:00,0.3544,0.3554,0.3422,0.3453,5956
2022-09-12 04:00:00+00:00,0.3454,0.3526,0.3409,0.3462,7857
2022-09-12 08:00:00+00:00,0.3461,0.3522,0.3446,0.3514,5450
2022-09-12 12:00:00+00:00,0.3512,0.3522,0.3468,0.3505,7060
2022-09-12 16:00:00+00:00,0.3504,0.3525,0.3431,0.3468,8442
2022-09-12 20:00:00+00:00,0.3468,0.3538,0.3453,0.3525,6391
2022-09-13 00:00:00+00:00,0.3524,0.3552,0.3495,0.3506,6139
2022-09-13 04:00:00+00:00,0.3503,0.3524,0.3459,0.3497,5564
2022-09-13 08:00:00+00:00,0.3496,0.3524,0.3482,0.3488,5477
2022-09-13 12:00:00+00:00,0.3488,0.3524,0.3322,0.3378,6960
2022-09-13 16:00:00+00:00,0.3378,0.3388,0.3316,0.3342,7708
2022-09-13 20:00:00+00:00,0.3341,0.336,0.3279,0.3322,8933
2022-09-14 00:00:00+00:00,0.3312,0.3318,0.3212,0.3291,7229
2022-09-14 04:00:00+00:00,0.329,0.3317,0.327,0.3315,5852
2022-09-14 08:00:00+00:00,0.3316,0.3328,0.3277,0.3319,5711
2022-09-14 12:00:00+00:00,0.3319,0.3331,0.3281,0.3317,5662
2022-09-14 16:00:00+00:00,0.3318,0.3331,0.3285,0.3307,8749
2022-09-14 20:00:00+00:00,0.3307,0.3382,0.3274,0.3376,6677
2022-09-15 00:00:00+00:00,0.3373,0.3388,0.3342,0.3354,5082
2022-09-15 04:00:00+00:00,0.3354,0.3358,0.3265,0.3327,6880
2022-09-15 08:00:00+00:00,0.3328,0.3376,0.3285,0.3321,9778
2022-09-15 12:00:00+00:00,0.3321,0.334,0.3276,0.3294,5388
2022-09-15 16:00:00+00:00,0.3294,0.3299,0.317,0.3207,10191
2022-09-15 20:00:00+00:00,0.3206,0.3252,0.3202,0.3249,5863
2022-09-16 00:00:00+00:00,0.3243,0.3247,0.3188,0.3226,5947
2022-09-16 04:00:00+00:00,0.3227,0.3241,0.3162,0.3231,4374
2022-09-16 08:00:00+00:00,0.323,0.3233,0.3168,0.3182,3581
2022-09-16 12:00:00+00:00,0.3183,0.3259,0.318,0.324,4405
2022-09-16 16:00:00+00:00,0.3242,0.3342,0.3213,0.3336,8783
2022-09-16 20:00:00+00:00,0.3336,0.3436,0.3272,0.3395,7266
2022-09-17 00:00:00+00:00,0.3273,0.3526,0.3273,0.346,6685
2022-09-17 04:00:00+00:00,0.3461,0.3475,0.3433,0.3453,4014
2022-09-17 08:00:00+00:00,0.3452,0.3455,0.3409,0.3432,4181
2022-09-17 12:00:00+00:00,0.3432,0.3495,0.3421,0.3493,1950
2022-09-17 16:00:00+00:00,0.3493,0.374,0.3487,0.3682,11782
2022-09-17 20:00:00+00:00,0.3683,0.3755,0.3652,0.3675,6124
2022-09-18 00:00:00+00:00,0.367,0.373,0.366,0.3673,5017
2022-09-18 04:00:00+00:00,0.3672,0.3677,0.3583,0.3629,5277
2022-09-18 08:00:00+00:00,0.3627,0.3854,0.3625,0.3817,8761
2022-09-18 12:00:00+00:00,0.3817,0.3892,0.368,0.3744,9277
2022-09-18 16:00:00+00:00,0.3744,0.3826,0.37,0.3822,11088
2022-09-18 20:00:00+00:00,0.3814,0.3927,0.3766,0.3882,13358
2022-09-19 00:00:00+00:00,0.3872,0.3882,0.3497,0.3587,14266
2022-09-19 04:00:00+00:00,0.3587,0.3589,0.3343,0.3418,11060
2022-09-19 08:00:00+00:00,0.3418,0.353,0.3375,0.3399,11376
2022-09-19 12:00:00+00:00,0.3399,0.35,0.3372,0.3483,9426
2022-09-19 16:00:00+00:00,0.3485,0.3555,0.345,0.3538,10785
2022-09-19 20:00:00+00:00,0.3536,0.3878,0.3511,0.3754,15242
2022-09-20 00:00:00+00:00,0.3776,0.385,0.3723,0.3739,10363
2022-09-20 04:00:00+00:00,0.3738,0.3751,0.3649,0.3741,9265
2022-09-20 08:00:00+00:00,0.3739,0.3768,0.3681,0.3725,9697
2022-09-20 12:00:00+00:00,0.3724,0.3881,0.3696,0.3808,11251
2022-09-20 16:00:00+00:00,0.3808,0.4187,0.3686,0.4051,20249
2022-09-20 20:00:00+00:00,0.4048,0.4106,0.3955,0.3991,14192
2022-09-21 00:00:00+00:00,0.3983,0.4149,0.393,0.4082,13124
2022-09-21 04:00:00+00:00,0.4081,0.4089,0.3974,0.4061,9461
2022-09-21 08:00:00+00:00,0.4061,0.4073,0.381,0.3948,12170
2022-09-21 12:00:00+00:00,0.3952,0.4027,0.3923,0.3982,10276
2022-09-21 16:00:00+00:00,0.3984,0.4022,0.3854,0.3885,12810
2022-09-21 20:00:00+00:00,0.3886,0.4282,0.3711,0.4015,20684
2022-09-22 00:00:00+00:00,0.3999,0.4011,0.3781,0.3923,14427
2022-09-22 04:00:00+00:00,0.3923,0.4092,0.3922,0.4083,10353
2022-09-22 08:00:00+00:00,0.408,0.4232,0.4056,0.4197,15539
2022-09-22 12:00:00+00:00,0.4196,0.4428,0.416,0.4393,14152
2022-09-22 16:00:00+00:00,0.4392,0.4451,0.4217,0.4306,19356
2022-09-22 20:00:00+00:00,0.4306,0.4924,0.4276,0.4752,19406
2022-09-23 00:00:00+00:00,0.4794,0.4891,0.4696,0.4742,14446
2022-09-23 04:00:00+00:00,0.4743,0.542,0.4709,0.5302,20325
2022-09-23 08:00:00+00:00,0.5292,0.5531,0.4884,0.4999,22131
2022-09-23 12:00:00+00:00,0.5,0.5043,0.472,0.4833,18119
2022-09-23 16:00:00+00:00,0.4831,0.4934,0.4561,0.4672,21606
2022-09-23 20:00:00+00:00,0.4673,0.4908,0.4505,0.4858,19069
2022-09-24 00:00:00+00:00,0.5058,0.5233,0.4883,0.5021,14485
2022-09-24 04:00:00+00:00,0.5021,0.5078,0.4879,0.4966,13205
2022-09-24 08:00:00+00:00,0.4965,0.5139,0.4754,0.4903,14713
2022-09-24 12:00:00+00:00,0.49,0.4932,0.4811,0.4907,7257
2022-09-24 16:00:00+00:00,0.4907,0.493,0.4643,0.4786,10571
2022-09-24 20:00:00+00:00,0.4762,0.5002,0.4752,0.4982,12703
2022-09-25 00:00:00+00:00,0.4989,0.5019,0.4731,0.4798,12954
2022-09-25 04:00:00+00:00,0.4798,0.4877,0.4671,0.4838,10098
2022-09-25 08:00:00+00:00,0.4838,0.4891,0.4745,0.4829,9437
2022-09-25 12:00:00+00:00,0.4829,0.5149,0.4763,0.5076,12278
2022-09-25 16:00:00+00:00,0.5077,0.5113,0.4759,0.4902,15212
2022-09-25 20:00:00+00:00,0.4899,0.5018,0.4829,0.4937,11670
2022-09-26 00:00:00+00:00,0.4935,0.4996,0.4786,0.4869,12412
2022-09-26 04:00:00+00:00,0.487,0.4905,0.4688,0.4758,10662
2022-09-26 08:00:00+00:00,0.4759,0.4769,0.4551,0.4757,13874
2022-09-26 12:00:00+00:00,0.4756,0.4759,0.4511,0.4621,12394
2022-09-26 16:00:00+00:00,0.4621,0.4712,0.457,0.464,13103
2022-09-26 20:00:00+00:00,0.464,0.4736,0.4584,0.4668,10186
2022-09-27 00:00:00+00:00,0.4665,0.4694,0.4581,0.4656,7433
2022-09-27 04:00:00+00:00,0.4656,0.4762,0.463,0.4692,9753
2022-09-27 08:00:00+00:00,0.4692,0.4824,0.4676,0.4709,8383
2022-09-27 12:00:00+00:00,0.471,0.4716,0.4602,0.4674,6870
2022-09-27 16:00:00+00:00,0.4674,0.4775,0.4277,0.4392,12007
2022-09-27 20:00:00+00:00,0.4392,0.4426,0.4322,0.4397,8817
2022-09-28 00:00:00+00:00,0.4281,0.4459,0.4272,0.4386,3987
2022-09-28 04:00:00+00:00,0.4386,0.4403,0.4125,0.422,8084
2022-09-28 08:00:00+00:00,0.4219,0.4271,0.4109,0.4181,5697
2022-09-28 12:00:00+00:00,0.4181,0.4277,0.4125,0.4254,6771
2022-09-28 16:00:00+00:00,0.4254,0.4336,0.4222,0.4274,7161
2022-09-28 20:00:00+00:00,0.4274,0.4363,0.4222,0.4341,5701
2022-09-29 00:00:00+00:00,0.4346,0.4501,0.4313,0.4417,7856
2022-09-29 04:00:00+00:00,0.4418,0.445,0.4317,0.4386,7761
2022-09-29 08:00:00+00:00,0.4386,0.4393,0.4291,0.4352,8248
2022-09-29 12:00:00+00:00,0.435,0.4377,0.4255,0.4291,5391
2022-09-29 16:00:00+00:00,0.4291,0.433,0.4208,0.4308,6176
2022-09-29 20:00:00+00:00,0.4308,0.4722,0.4252,0.4719,7834
2022-09-30 00:00:00+00:00,0.4724,0.5037,0.4709,0.4751,11959
2022-09-30 04:00:00+00:00,0.4751,0.4785,0.4664,0.4785,6888
2022-09-30 08:00:00+00:00,0.4783,0.4906,0.4753,0.485,9505
2022-09-30 12:00:00+00:00,0.4849,0.4916,0.4618,0.47,10621
2022-09-30 16:00:00+00:00,0.4699,0.4797,0.4644,0.4716,12613
2022-09-30 20:00:00+00:00,0.4716,0.4936,0.4705,0.4758,14795
2022-10-01 00:00:00+00:00,0.4779,0.48,0.4658,0.4678,6094
2022-10-01 04:00:00+00:00,0.4678,0.4732,0.4601,0.4691,4852
2022-10-01 08:00:00+00:00,0.469,0.4727,0.4658,0.4688,4314
2022-10-01 12:00:00+00:00,0.4688,0.4708,0.4615,0.4697,4617
2022-10-01 16:00:00+00:00,0.4697,0.481,0.4681,0.4761,5473
2022-10-01 20:00:00+00:00,0.4759,0.4761,0.4635,0.4702,5752
2022-10-02 00:00:00+00:00,0.4692,0.4725,0.4657,0.4698,4260
2022-10-02 04:00:00+00:00,0.4696,0.4717,0.4673,0.4702,3948
2022-10-02 08:00:00+00:00,0.4702,0.4734,0.4681,0.4705,5009
2022-10-02 12:00:00+00:00,0.4705,0.4708,0.4419,0.4545,8268
2022-10-02 16:00:00+00:00,0.4544,0.4562,0.4463,0.4542,6855
2022-10-02 20:00:00+00:00,0.4542,0.458,0.4491,0.4544,3647
2022-10-03 00:00:00+00:00,0.4531,0.4547,0.4362,0.448,7207
2022-10-03 04:00:00+00:00,0.448,0.4496,0.4304,0.4344,7254
2022-10-03 08:00:00+00:00,0.4345,0.4389,0.4318,0.4374,10365
2022-10-03 12:00:00+00:00,0.4374,0.4439,0.4334,0.4429,7554
2022-10-03 16:00:00+00:00,0.4429,0.4506,0.4404,0.4472,7024
2022-10-03 20:00:00+00:00,0.4473,0.464,0.4463,0.4623,9417
2022-10-04 00:00:00+00:00,0.4575,0.4599,0.4485,0.4513,9254
2022-10-04 04:00:00+00:00,0.4513,0.4519,0.4446,0.4514,8445
2022-10-04 08:00:00+00:00,0.4513,0.4598,0.4484,0.4565,5426
2022-10-04 12:00:00+00:00,0.4565,0.4693,0.4531,0.4669,6192
2022-10-04 16:00:00+00:00,0.4669,0.4789,0.464,0.4725,7126
2022-10-04 20:00:00+00:00,0.4725,0.4804,0.466,0.4752,8393
2022-10-05 00:00:00+00:00,0.4752,0.4772,0.4697,0.4737,3839
2022-10-05 04:00:00+00:00,0.4736,0.475,0.4659,0.4706,3725
2022-10-05 08:00:00+00:00,0.4705,0.4906,0.4682,0.4749,7595
2022-10-05 12:00:00+00:00,0.4749,0.4797,0.4712,0.4756,3445
2022-10-05 16:00:00+00:00,0.4756,0.4908,0.4691,0.4857,5997
2022-10-05 20:00:00+00:00,0.4858,0.4965,0.483,0.4889,6190
2022-10-06 00:00:00+00:00,0.4886,0.491,0.4824,0.4881,4015
2022-10-06 04:00:00+00:00,0.4881,0.5008,0.4872,0.4965,5970
2022-10-06 08:00:00+00:00,0.4965,0.499,0.4857,0.4883,6550
2022-10-06 12:00:00+00:00,0.4883,0.4977,0.4857,0.4942,3191
2022-10-06 16:00:00+00:00,0.4942,0.4946,0.4847,0.4917,5369
2022-10-06 20:00:00+00:00,0.4917,0.4989,0.4873,0.4949,3401
2022-10-07 00:00:00+00:00,0.4944,0.4965,0.4829,0.4861,3374
2022-10-07 04:00:00+00:00,0.486,0.4883,0.4764,0.4839,2586
2022-10-07 08:00:00+00:00,0.4839,0.4877,0.4796,0.4849,3070
2022-10-07 12:00:00+00:00,0.4849,0.4878,0.4714,0.483,4588
2022-10-07 16:00:00+00:00,0.4829,0.4948,0.4806,0.4901,5350
2022-10-07 20:00:00+00:00,0.4902,0.5272,0.4882,0.5083,7393
2022-10-08 00:00:00+00:00,0.5051,0.5168,0.5037,0.5123,4289
2022-10-08 04:00:00+00:00,0.5122,0.5239,0.5092,0.5178,5128
2022-10-08 08:00:00+00:00,0.5179,0.5219,0.5109,0.5147,4132
2022-10-08 12:00:00+00:00,0.5147,0.5164,0.5064,0.5144,3675
2022-10-08 16:00:00+00:00,0.5143,0.5198,0.5086,0.5189,3682
2022-10-08 20:00:00+00:00,0.5191,0.521,0.5085,0.513,3146
2022-10-09 00:00:00+00:00,0.5114,0.5143,0.4912,0.5024,4083
2022-10-09 04:00:00+00:00,0.5025,0.5073,0.5003,0.5066,4373
2022-10-09 08:00:00+00:00,0.5063,0.514,0.5049,0.5118,4483
2022-10-09 12:00:00+00:00,0.5118,0.5151,0.5066,0.5132,4054
2022-10-09 16:00:00+00:00,0.5132,0.5289,0.5092,0.5249,4990
2022-10-09 20:00:00+00:00,0.5249,0.5417,0.5215,0.5324,8564
2022-10-10 00:00:00+00:00,0.5317,0.534,0.5216,0.5304,7736
2022-10-10 04:00:00+00:00,0.5304,0.5327,0.523,0.5289,5608
2022-10-10 08:00:00+00:00,0.5276,0.53,0.5062,0.5091,7516
2022-10-10 12:00:00+00:00,0.5084,0.5163,0.5068,0.5151,7333
2022-10-10 16:00:00+00:00,0.515,0.5202,0.5084,0.5137,8196
2022-10-10 20:00:00+00:00,0.5136,0.5241,0.5132,0.5157,6988
2022-10-11 00:00:00+00:00,0.5166,0.5166,0.4796,0.492,8360
2022-10-11 04:00:00+00:00,0.4919,0.4936,0.484,0.4875,4944
2022-10-11 08:00:00+00:00,0.4876,0.49,0.4753,0.483,4722
2022-10-11 12:00:00+00:00,0.483,0.4875,0.47,0.4842,5173
2022-10-11 16:00:00+00:00,0.4841,0.497,0.4775,0.495,8760
2022-10-11 20:00:00+00:00,0.4951,0.4957,0.4779,0.4861,8111
2022-10-12 00:00:00+00:00,0.4834,0.4878,0.475,0.4833,4633
2022-10-12 04:00:00+00:00,0.4833,0.4849,0.4765,0.4834,4193
2022-10-12 08:00:00+00:00,0.4834,0.4877,0.4803,0.4827,4767
2022-10-12 12:00:00+00:00,0.4827,0.4883,0.4763,0.4838,4775
2022-10-12 16:00:00+00:00,0.484,0.4907,0.4808,0.4847,6368
2022-10-12 20:00:00+00:00,0.4845,0.4858,0.4802,0.4847,4163
2022-10-13 00:00:00+00:00,0.4855,0.4855,0.4808,0.4814,1776
2022-10-13 04:00:00+00:00,0.4812,0.4828,0.457,0.4673,4801
2022-10-13 08:00:00+00:00,0.4673,0.4677,0.4449,0.4506,8301
2022-10-13 12:00:00+00:00,0.4504,0.466,0.4335,0.4586,10710
2022-10-13 16:00:00+00:00,0.4587,0.4803,0.4522,0.4766,14542
2022-10-13 20:00:00+00:00,0.4767,0.4839,0.4725,0.482,11275
2022-10-14 00:00:00+00:00,0.482,0.4829,0.472,0.4784,6037
2022-10-14 04:00:00+00:00,0.4784,0.5016,0.4774,0.4938,8135
2022-10-14 08:00:00+00:00,0.4938,0.4966,0.4878,0.4936,5773
2022-10-14 12:00:00+00:00,0.4934,0.5024,0.4896,0.5006,6237
2022-10-14 16:00:00+00:00,0.5007,0.5072,0.4805,0.4876,10932
2022-10-14 20:00:00+00:00,0.4874,0.4916,0.4797,0.4844,7192
2022-10-15 00:00:00+00:00,0.4829,0.4849,0.4736,0.4819,4212
2022-10-15 04:00:00+00:00,0.4819,0.4843,0.478,0.4826,3806
2022-10-15 08:00:00+00:00,0.4827,0.4836,0.4715,0.474,4670
2022-10-15 12:00:00+00:00,0.4739,0.4816,0.4734,0.4798,2479
2022-10-15 16:00:00+00:00,0.4797,0.4843,0.4767,0.48,4411
2022-10-15 20:00:00+00:00,0.48,0.481,0.4755,0.4768,2214
2022-10-16 00:00:00+00:00,0.4741,0.4796,0.471,0.4792,3662
2022-10-16 04:00:00+00:00,0.4792,0.4821,0.4756,0.4799,2490
2022-10-16 08:00:00+00:00,0.4798,0.4812,0.4763,0.4804,2290
2022-10-16 12:00:00+00:00,0.4804,0.4807,0.4734,0.477,2403
2022-10-16 16:00:00+00:00,0.4768,0.4791,0.4671,0.4707,3943
2022-10-16 20:00:00+00:00,0.4705,0.4779,0.4611,0.4729,5893
2022-10-17 00:00:00+00:00,0.472,0.4745,0.4642,0.4689,6684
2022-10-17 04:00:00+00:00,0.4689,0.4694,0.4559,0.4669,5792
2022-10-17 08:00:00+00:00,0.4669,0.4675,0.4599,0.4607,5664
2022-10-17 12:00:00+00:00,0.4609,0.474,0.4591,0.472,8314
2022-10-17 16:00:00+00:00,0.4717,0.4772,0.4679,0.4698,10248
2022-10-17 20:00:00+00:00,0.47,0.4737,0.4659,0.4717,6660
2022-10-18 00:00:00+00:00,0.4694,0.4792,0.469,0.4775,4909
2022-10-18 04:00:00+00:00,0.4775,0.4777,0.4647,0.4705,5986
2022-10-18 08:00:00+00:00,0.4705,0.4724,0.4672,0.468,6102
2022-10-18 12:00:00+00:00,0.4681,0.4681,0.4602,0.4673,6379
2022-10-18 16:00:00+00:00,0.467,0.4678,0.4561,0.463,10607
2022-10-18 20:00:00+00:00,0.4628,0.466,0.4513,0.4623,9072
2022-10-19 00:00:00+00:00,0.4603,0.4627,0.4556,0.4566,5334
2022-10-19 04:00:00+00:00,0.4564,0.4586,0.4527,0.4569,4736
2022-10-19 08:00:00+00:00,0.4569,0.4579,0.4477,0.4519,6470
2022-10-19 12:00:00+00:00,0.4522,0.4538,0.4452,0.4506,5999
2022-10-19 16:00:00+00:00,0.4505,0.4534,0.4458,0.4519,8660
2022-10-19 20:00:00+00:00,0.4517,0.4592,0.4498,0.4563,7850
2022-10-20 00:00:00+00:00,0.4567,0.4577,0.4404,0.4519,5972
2022-10-20 04:00:00+00:00,0.4515,0.4581,0.4482,0.4564,6584
2022-10-20 08:00:00+00:00,0.4564,0.4578,0.4515,0.4536,5192
2022-10-20 12:00:00+00:00,0.454,0.4594,0.4515,0.4558,5600
2022-10-20 16:00:00+00:00,0.4558,0.4594,0.4503,0.4515,7032
2022-10-20 20:00:00+00:00,0.4515,0.4517,0.4125,0.4318,9022
2022-10-21 00:00:00+00:00,0.4299,0.4491,0.4296,0.4418,6080
2022-10-21 04:00:00+00:00,0.4418,0.4457,0.4374,0.4406,5048
2022-10-21 08:00:00+00:00,0.4407,0.4434,0.4321,0.4342,4903
2022-10-21 12:00:00+00:00,0.4343,0.4385,0.4278,0.438,6678
2022-10-21 16:00:00+00:00,0.4381,0.4451,0.4369,0.4412,10931
2022-10-21 20:00:00+00:00,0.4411,0.4497,0.4406,0.4469,6402
2022-10-22 00:00:00+00:00,0.4438,0.4575,0.4391,0.4561,4157
2022-10-22 04:00:00+00:00,0.4561,0.4575,0.4497,0.4533,3473
2022-10-22 08:00:00+00:00,0.4531,0.455,0.4501,0.4546,2158
2022-10-22 12:00:00+00:00,0.4546,0.4624,0.4522,0.4584,3556
2022-10-22 16:00:00+00:00,0.4583,0.4656,0.4548,0.4572,5218
2022-10-22 20:00:00+00:00,0.4574,0.46,0.4548,0.4597,2114
2022-10-23 00:00:00+00:00,0.4588,0.4614,0.4552,0.4573,2557
2022-10-23 04:00:00+00:00,0.4573,0.4595,0.452,0.4552,3720
2022-10-23 08:00:00+00:00,0.4551,0.4565,0.453,0.4548,2382
2022-10-23 12:00:00+00:00,0.4537,0.4555,0.4463,0.4506,1686
2022-10-23 16:00:00+00:00,0.4501,0.4535,0.4482,0.4495,2549
2022-10-23 20:00:00+00:00,0.4495,0.4628,0.448,0.4586,5952
2022-10-24 00:00:00+00:00,0.4588,0.4678,0.4533,0.462,5113
2022-10-24 04:00:00+00:00,0.4619,0.4625,0.4496,0.4528,4260
2022-10-24 08:00:00+00:00,0.4528,0.4538,0.4465,0.4488,4865
2022-10-24 12:00:00+00:00,0.4494,0.4541,0.4457,0.451,4614
2022-10-24 16:00:00+00:00,0.451,0.4526,0.4416,0.4499,7558
2022-10-24 20:00:00+00:00,0.4499,0.4546,0.4482,0.4536,4117
2022-10-25 00:00:00+00:00,0.4532,0.4545,0.4452,0.4458,4006
2022-10-25 04:00:00+00:00,0.4458,0.4472,0.4379,0.4464,4465
2022-10-25 08:00:00+00:00,0.4461,0.4462,0.4386,0.4423,3538
2022-10-25 12:00:00+00:00,0.4423,0.4436,0.4385,0.4436,4171
2022-10-25 16:00:00+00:00,0.4437,0.4583,0.4426,0.4578,8378
2022-10-25 20:00:00+00:00,0.4583,0.4675,0.452,0.4565,10609
2022-10-26 00:00:00+00:00,0.4557,0.4577,0.4482,0.4568,5415
2022-10-26 04:00:00+00:00,0.4569,0.4571,0.451,0.4544,4541
2022-10-26 08:00:00+00:00,0.4545,0.4628,0.4544,0.4594,6625
2022-10-26 12:00:00+00:00,0.4593,0.4635,0.4569,0.4601,6209
2022-10-26 16:00:00+00:00,0.4599,0.4664,0.4564,0.4586,10273
2022-10-26 20:00:00+00:00,0.4587,0.4626,0.4568,0.4621,6209
2022-10-27 00:00:00+00:00,0.4623,0.4773,0.4595,0.472,6721
2022-10-27 04:00:00+00:00,0.4717,0.4738,0.4619,0.4723,6613
2022-10-27 08:00:00+00:00,0.4722,0.4736,0.4646,0.4693,6163
2022-10-27 12:00:00+00:00,0.4693,0.4704,0.4628,0.4674,7161
2022-10-27 16:00:00+00:00,0.4677,0.4696,0.4581,0.462,9612
2022-10-27 20:00:00+00:00,0.462,0.4682,0.4519,0.4614,7530
2022-10-28 00:00:00+00:00,0.4604,0.4605,0.4543,0.4596,6065
2022-10-28 04:00:00+00:00,0.4596,0.4618,0.4553,0.4584,5189
2022-10-28 08:00:00+00:00,0.4585,0.4585,0.4507,0.4557,5259
2022-10-28 12:00:00+00:00,0.4557,0.4588,0.451,0.4573,4362
2022-10-28 16:00:00+00:00,0.4573,0.4641,0.4565,0.464,9131
2022-10-28 20:00:00+00:00,0.4641,0.4693,0.4619,0.4667,4909
2022-10-29 00:00:00+00:00,0.4629,0.4704,0.4535,0.468,3401
2022-10-29 04:00:00+00:00,0.4681,0.4689,0.4635,0.466,4935
2022-10-29 08:00:00+00:00,0.466,0.4765,0.4642,0.4734,5164
2022-10-29 12:00:00+00:00,0.4733,0.4784,0.4642,0.4685,6241
2022-10-29 16:00:00+00:00,0.4683,0.474,0.4617,0.4711,7968
2022-10-29 20:00:00+00:00,0.471,0.4733,0.4591,0.4684,6848
2022-10-30 00:00:00+00:00,0.4672,0.4714,0.456,0.4637,3772
2022-10-30 04:00:00+00:00,0.4634,0.464,0.46,0.4609,2390
2022-10-30 08:00:00+00:00,0.4609,0.4665,0.4566,0.462,3170
2022-10-30 12:00:00+00:00,0.4621,0.4633,0.4541,0.4591,3891
2022-10-30 16:00:00+00:00,0.4591,0.4592,0.4516,0.4562,4379
2022-10-30 20:00:00+00:00,0.4561,0.4591,0.4541,0.459,2734
2022-10-31 00:00:00+00:00,0.4588,0.4589,0.4465,0.4507,5554
2022-10-31 04:00:00+00:00,0.4507,0.4532,0.4426,0.4526,5718
2022-10-31 08:00:00+00:00,0.4524,0.4562,0.4492,0.45,4882
2022-10-31 12:00:00+00:00,0.4501,0.458,0.4492,0.4537,6301
2022-10-31 16:00:00+00:00,0.4536,0.456,0.4424,0.4472,9488
2022-10-31 20:00:00+00:00,0.4471,0.4516,0.4462,0.4513,5473
2022-11-01 00:00:00+00:00,0.4509,0.4622,0.4476,0.4553,6585
2022-11-01 04:00:00+00:00,0.4553,0.457,0.4518,0.4536,3699
2022-11-01 08:00:00+00:00,0.4536,0.4579,0.4522,0.4572,5162
2022-11-01 12:00:00+00:00,0.4571,0.4601,0.453,0.4554,6485
2022-11-01 16:00:00+00:00,0.4555,0.4555,0.4487,0.453,6738
2022-11-01 20:00:00+00:00,0.453,0.4593,0.4519,0.4589,4625
2022-11-02 00:00:00+00:00,0.4587,0.4619,0.4558,0.4597,4061
2022-11-02 04:00:00+00:00,0.4597,0.4599,0.4528,0.4557,3919
2022-11-02 08:00:00+00:00,0.4559,0.4568,0.4491,0.4544,3978
2022-11-02 12:00:00+00:00,0.4544,0.4557,0.4444,0.4501,4342
2022-11-02 16:00:00+00:00,0.4494,0.4559,0.4486,0.4555,4271
2022-11-02 20:00:00+00:00,0.4556,0.4601,0.4398,0.446,11374
2022-11-03 00:00:00+00:00,0.4459,0.4525,0.443,0.4509,4861
2022-11-03 04:00:00+00:00,0.4507,0.4538,0.4473,0.4534,3823
2022-11-03 08:00:00+00:00,0.4534,0.4542,0.4495,0.4511,2909
2022-11-03 12:00:00+00:00,0.451,0.4546,0.4478,0.4504,4566
2022-11-03 16:00:00+00:00,0.4506,0.4527,0.4465,0.4513,5757
2022-11-03 20:00:00+00:00,0.4513,0.4545,0.4494,0.4523,2921
2022-11-04 00:00:00+00:00,0.453,0.4537,0.4474,0.4519,3670
2022-11-04 04:00:00+00:00,0.4517,0.453,0.4484,0.4521,2754
2022-11-04 08:00:00+00:00,0.4521,0.4774,0.4513,0.4752,5000
2022-11-04 12:00:00+00:00,0.4751,0.5022,0.47,0.4859,14031
2022-11-04 16:00:00+00:00,0.486,0.4982,0.4808,0.4858,12966
2022-11-04 20:00:00+00:00,0.4857,0.4927,0.4802,0.491,7073
2022-11-05 00:00:00+00:00,0.4925,0.5049,0.4825,0.4971,5547
2022-11-05 04:00:00+00:00,0.4969,0.4994,0.4889,0.4917,4452
2022-11-05 08:00:00+00:00,0.4917,0.4966,0.4873,0.4914,3797
2022-11-05 12:00:00+00:00,0.4914,0.4927,0.4865,0.4898,3782
2022-11-05 16:00:00+00:00,0.4901,0.4981,0.4868,0.4942,4914
2022-11-05 20:00:00+00:00,0.4942,0.5042,0.4905,0.4942,5089
2022-11-06 00:00:00+00:00,0.4938,0.4953,0.4823,0.4873,3993
2022-11-06 04:00:00+00:00,0.4873,0.4888,0.4816,0.4859,3465
2022-11-06 08:00:00+00:00,0.486,0.4872,0.4819,0.4845,2706
2022-11-06 12:00:00+00:00,0.4845,0.4878,0.4836,0.4839,2071
2022-11-06 16:00:00+00:00,0.4838,0.4877,0.4744,0.4825,5051
2022-11-06 20:00:00+00:00,0.4825,0.4844,0.476,0.4773,3976
2022-11-07 00:00:00+00:00,0.4773,0.4789,0.4603,0.4675,7959
2022-11-07 04:00:00+00:00,0.4675,0.471,0.4651,0.4652,3633
2022-11-07 08:00:00+00:00,0.4652,0.4657,0.4545,0.4621,6986
2022-11-07 12:00:00+00:00,0.462,0.471,0.4619,0.4702,5225
2022-11-07 16:00:00+00:00,0.4703,0.4751,0.4651,0.4688,8738
2022-11-07 20:00:00+00:00,0.4684,0.4714,0.461,0.4646,6758
2022-11-08 00:00:00+00:00,0.4631,0.4638,0.4493,0.457,6709
2022-11-08 04:00:00+00:00,0.457,0.4599,0.4145,0.4257,12687
2022-11-08 08:00:00+00:00,0.4256,0.4385,0.4227,0.4341,8547
2022-11-08 12:00:00+00:00,0.4341,0.4364,0.4301,0.4323,6961
2022-11-08 16:00:00+00:00,0.4323,0.4514,0.4228,0.4252,15019
2022-11-08 20:00:00+00:00,0.4253,0.4294,0.3151,0.3995,19137
2022-11-09 00:00:00+00:00,0.3965,0.406,0.3835,0.3883,12168
2022-11-09 04:00:00+00:00,0.3884,0.3899,0.3725,0.3795,11487
2022-11-09 08:00:00+00:00,0.3798,0.3894,0.355,0.3608,11807
2022-11-09 12:00:00+00:00,0.3608,0.379,0.3484,0.3728,13712
2022-11-09 16:00:00+00:00,0.3721,0.38,0.345,0.3505,13326
2022-11-09 20:00:00+00:00,0.3505,0.3562,0.3113,0.328,12012
2022-11-10 00:00:00+00:00,0.3248,0.3498,0.3014,0.3358,13670
2022-11-10 04:00:00+00:00,0.3358,0.3712,0.3292,0.3642,8207
2022-11-10 08:00:00+00:00,0.3639,0.3705,0.3443,0.3551,7887
2022-11-10 12:00:00+00:00,0.3551,0.3819,0.3413,0.3801,13098
2022-11-10 16:00:00+00:00,0.3792,0.3894,0.3598,0.3709,11110
2022-11-10 20:00:00+00:00,0.3678,0.3961,0.3656,0.3815,8561
2022-11-11 00:00:00+00:00,0.3888,0.3941,0.3724,0.3757,6421
2022-11-11 04:00:00+00:00,0.3757,0.3843,0.3604,0.381,10740
2022-11-11 08:00:00+00:00,0.3819,0.389,0.3739,0.3812,4945
2022-11-11 12:00:00+00:00,0.3812,0.3906,0.373,0.3859,5895
2022-11-11 16:00:00+00:00,0.3859,0.3859,0.3534,0.3695,11646
2022-11-11 20:00:00+00:00,0.3689,0.3734,0.3539,0.3705,6071
2022-11-12 00:00:00+00:00,0.3728,0.3805,0.3578,0.3597,9651
2022-11-12 04:00:00+00:00,0.3588,0.3715,0.3505,0.3561,7445
2022-11-12 08:00:00+00:00,0.3561,0.3645,0.3504,0.3606,5639
2022-11-12 12:00:00+00:00,0.3606,0.367,0.3578,0.3636,4865
2022-11-12 16:00:00+00:00,0.3636,0.3647,0.3444,0.3554,5725
2022-11-12 20:00:00+00:00,0.3554,0.361,0.3506,0.3597,3566
2022-11-13 00:00:00+00:00,0.3579,0.3615,0.3508,0.3586,3349
2022-11-13 04:00:00+00:00,0.3586,0.3633,0.3537,0.3589,3281
2022-11-13 08:00:00+00:00,0.3585,0.3601,0.3407,0.3469,5783
2022-11-13 12:00:00+00:00,0.3469,0.3483,0.3342,0.3449,9415
2022-11-13 16:00:00+00:00,0.3449,0.3502,0.3326,0.3356,6846
2022-11-13 20:00:00+00:00,0.3355,0.3403,0.3169,0.3298,7748
2022-11-14 00:00:00+00:00,0.3277,0.3418,0.3239,0.3286,6400
2022-11-14 04:00:00+00:00,0.3286,0.3286,0.313,0.3186,5012
2022-11-14 08:00:00+00:00,0.3186,0.3458,0.3153,0.3397,7998
2022-11-14 12:00:00+00:00,0.3397,0.352,0.3329,0.3433,8594
2022-11-14 16:00:00+00:00,0.3431,0.3453,0.3266,0.337,8667
2022-11-14 20:00:00+00:00,0.3371,0.3708,0.3285,0.3674,7000
2022-11-15 00:00:00+00:00,0.3664,0.3826,0.3567,0.3657,6975
2022-11-15 04:00:00+00:00,0.3658,0.375,0.356,0.3683,5970
2022-11-15 08:00:00+00:00,0.3683,0.3817,0.3654,0.3744,8095
2022-11-15 12:00:00+00:00,0.3744,0.3867,0.3715,0.3829,3994
2022-11-15 16:00:00+00:00,0.3829,0.3914,0.3769,0.3848,5570
2022-11-15 20:00:00+00:00,0.3848,0.386,0.3651,0.38,6977
2022-11-16 00:00:00+00:00,0.3817,0.3848,0.3721,0.3765,5724
2022-11-16 04:00:00+00:00,0.3765,0.3829,0.3739,0.3812,4070
2022-11-16 08:00:00+00:00,0.3813,0.3856,0.374,0.3766,5800
2022-11-16 12:00:00+00:00,0.3769,0.3785,0.3567,0.3666,6102
2022-11-16 16:00:00+00:00,0.3667,0.3673,0.3537,0.3643,5686
2022-11-16 20:00:00+00:00,0.3644,0.3696,0.3599,0.3677,3193
2022-11-17 00:00:00+00:00,0.3578,0.3731,0.3578,0.3704,3317
2022-11-17 04:00:00+00:00,0.3704,0.3812,0.3627,0.3768,7708
2022-11-17 08:00:00+00:00,0.3775,0.3779,0.3621,0.3667,5229
2022-11-17 12:00:00+00:00,0.3667,0.3736,0.3604,0.3677,5468
2022-11-17 16:00:00+00:00,0.3677,0.3746,0.3583,0.3703,5957
2022-11-17 20:00:00+00:00,0.3705,0.3794,0.3684,0.3773,4337
2022-11-18 00:00:00+00:00,0.377,0.3817,0.3681,0.3788,4495
2022-11-18 04:00:00+00:00,0.3788,0.3803,0.3698,0.3747,2159
2022-11-18 08:00:00+00:00,0.3747,0.3783,0.3696,0.3778,2654
2022-11-18 12:00:00+00:00,0.3778,0.3793,0.3699,0.378,1904
2022-11-18 16:00:00+00:00,0.3779,0.378,0.367,0.373,3182
2022-11-18 20:00:00+00:00,0.373,0.3782,0.3684,0.3769,1890
2022-11-19 00:00:00+00:00,0.3753,0.3775,0.3654,0.3746,1354
2022-11-19 04:00:00+00:00,0.3746,0.375,0.369,0.3725,3743
2022-11-19 08:00:00+00:00,0.3725,0.3753,0.3629,0.3734,1125
2022-11-19 12:00:00+00:00,0.3734,0.3755,0.3648,0.374,1944
2022-11-19 16:00:00+00:00,0.3742,0.3772,0.3661,0.3758,1213
2022-11-19 20:00:00+00:00,0.3755,0.3805,0.374,0.3791,2453
2022-11-20 00:00:00+00:00,0.3786,0.3909,0.3692,0.3845,4013
2022-11-20 04:00:00+00:00,0.3845,0.3885,0.3795,0.3855,2454
2022-11-20 08:00:00+00:00,0.3855,0.3856,0.3719,0.3773,2746
2022-11-20 12:00:00+00:00,0.3773,0.3781,0.3567,0.3685,4432
2022-11-20 16:00:00+00:00,0.3685,0.3705,0.3617,0.3667,3121
2022-11-20 20:00:00+00:00,0.3667,0.373,0.3534,0.3555,3626
2022-11-21 00:00:00+00:00,0.3571,0.3602,0.3457,0.349,5872
2022-11-21 04:00:00+00:00,0.3486,0.3535,0.3325,0.3527,4955
2022-11-21 08:00:00+00:00,0.3527,0.3532,0.3332,0.3443,3729
2022-11-21 12:00:00+00:00,0.3443,0.3518,0.3403,0.3472,2934
2022-11-21 16:00:00+00:00,0.3472,0.3541,0.3441,0.3501,4546
2022-11-21 20:00:00+00:00,0.3501,0.3554,0.3435,0.3495,5851
2022-11-22 00:00:00+00:00,0.3495,0.363,0.3476,0.3497,4743
2022-11-22 04:00:00+00:00,0.3498,0.3546,0.3464,0.3482,3620
2022-11-22 08:00:00+00:00,0.3482,0.352,0.3438,0.3506,2625
2022-11-22 12:00:00+00:00,0.3506,0.3662,0.3498,0.3636,4355
2022-11-22 16:00:00+00:00,0.3637,0.3689,0.3537,0.3617,3341
2022-11-22 20:00:00+00:00,0.3617,0.3718,0.3615,0.3717,2935
2022-11-23 00:00:00+00:00,0.3717,0.3723,0.3574,0.3623,3793
2022-11-23 04:00:00+00:00,0.3623,0.373,0.3623,0.3685,3551
2022-11-23 08:00:00+00:00,0.3685,0.3764,0.3646,0.369,3748
2022-11-23 12:00:00+00:00,0.369,0.373,0.3658,0.3662,2968
2022-11-23 16:00:00+00:00,0.3662,0.3721,0.3653,0.371,2896
2022-11-23 20:00:00+00:00,0.3708,0.376,0.3687,0.3741,3422
2022-11-24 00:00:00+00:00,0.3743,0.3785,0.3627,0.3778,1975
2022-11-24 04:00:00+00:00,0.3778,0.3785,0.3718,0.3739,2746
2022-11-24 08:00:00+00:00,0.3741,0.3787,0.3699,0.3731,1938
2022-11-24 12:00:00+00:00,0.3731,0.3773,0.368,0.3772,2893
2022-11-24 16:00:00+00:00,0.3769,0.3977,0.3738,0.3937,5438
2022-11-24 20:00:00+00:00,0.3937,0.3994,0.3894,0.3944,5284
2022-11-25 00:00:00+00:00,0.3946,0.4002,0.3841,0.3857,3782
2022-11-25 04:00:00+00:00,0.3858,0.3942,0.3825,0.3929,2723
2022-11-25 08:00:00+00:00,0.3929,0.4128,0.392,0.4039,5703
2022-11-25 12:00:00+00:00,0.4039,0.4041,0.3946,0.3994,3882
2022-11-25 16:00:00+00:00,0.3994,0.4014,0.3923,0.3962,2521
2022-11-25 20:00:00+00:00,0.3962,0.4037,0.3942,0.4028,1621
2022-11-26 00:00:00+00:00,0.4018,0.4049,0.3942,0.4014,2256
2022-11-26 04:00:00+00:00,0.4014,0.4088,0.4007,0.4023,1054
2022-11-26 08:00:00+00:00,0.4023,0.4024,0.3988,0.4017,749
2022-11-26 12:00:00+00:00,0.4018,0.4038,0.3982,0.4008,1038
2022-11-26 16:00:00+00:00,0.4008,0.4038,0.3932,0.3968,1792
2022-11-26 20:00:00+00:00,0.3966,0.3981,0.3891,0.3942,1842
2022-11-27 00:00:00+00:00,0.3926,0.3948,0.3773,0.3924,1814
2022-11-27 04:00:00+00:00,0.3924,0.398,0.3924,0.3957,735
2022-11-27 08:00:00+00:00,0.3957,0.3974,0.3919,0.3937,580
2022-11-27 12:00:00+00:00,0.3938,0.4033,0.392,0.3984,1098
2022-11-27 16:00:00+00:00,0.3984,0.404,0.3927,0.3934,1911
2022-11-27 20:00:00+00:00,0.3936,0.3989,0.3935,0.3978,1728
2022-11-28 00:00:00+00:00,0.3976,0.3988,0.3676,0.3681,5653
2022-11-28 04:00:00+00:00,0.3678,0.3783,0.3671,0.3741,5987
2022-11-28 08:00:00+00:00,0.3741,0.3791,0.3738,0.3756,3238
2022-11-28 12:00:00+00:00,0.3755,0.3766,0.3697,0.3735,2310
2022-11-28 16:00:00+00:00,0.3735,0.382,0.3679,0.3809,3001
2022-11-28 20:00:00+00:00,0.3809,0.3845,0.3773,0.3831,1579
2022-11-29 00:00:00+00:00,0.3745,0.3856,0.3745,0.3812,2971
2022-11-29 04:00:00+00:00,0.3812,0.3895,0.3774,0.3861,2616
2022-11-29 08:00:00+00:00,0.3861,0.3893,0.3843,0.3869,2649
2022-11-29 12:00:00+00:00,0.3869,0.3891,0.3837,0.3859,2899
2022-11-29 16:00:00+00:00,0.386,0.388,0.3782,0.3839,4049
2022-11-29 20:00:00+00:00,0.3839,0.3983,0.3836,0.3936,2847
2022-11-30 00:00:00+00:00,0.3842,0.4035,0.3811,0.4023,2587
2022-11-30 04:00:00+00:00,0.4023,0.4027,0.3943,0.3952,2495
2022-11-30 08:00:00+00:00,0.3952,0.3988,0.3927,0.3936,2970
2022-11-30 12:00:00+00:00,0.3936,0.3975,0.3927,0.3962,1363
2022-11-30 16:00:00+00:00,0.3966,0.3972,0.3865,0.3906,2266
2022-11-30 20:00:00+00:00,0.3904,0.4062,0.3873,0.4045,2647
2022-12-01 00:00:00+00:00,0.4039,0.406,0.3957,0.3958,2559
2022-12-01 04:00:00+00:00,0.3958,0.3979,0.3927,0.3931,1156
2022-12-01 08:00:00+00:00,0.3931,0.3961,0.3917,0.3943,846
2022-12-01 12:00:00+00:00,0.3944,0.3977,0.3881,0.3924,1423
2022-12-01 16:00:00+00:00,0.3924,0.3954,0.3889,0.3914,2275
2022-12-01 20:00:00+00:00,0.3912,0.3926,0.3892,0.3918,1314
2022-12-02 00:00:00+00:00,0.3819,0.3929,0.3773,0.3829,1683
2022-12-02 04:00:00+00:00,0.3829,0.3851,0.3783,0.3842,1985
2022-12-02 08:00:00+00:00,0.3843,0.3863,0.3824,0.3859,1264
2022-12-02 12:00:00+00:00,0.3859,0.3865,0.3795,0.383,1304
2022-12-02 16:00:00+00:00,0.383,0.3857,0.3803,0.3847,939
2022-12-02 20:00:00+00:00,0.3842,0.3881,0.3824,0.3878,1536
2022-12-03 00:00:00+00:00,0.3872,0.3914,0.3794,0.3884,2223
2022-12-03 04:00:00+00:00,0.3884,0.3888,0.3848,0.3871,2859
2022-12-03 08:00:00+00:00,0.3871,0.3872,0.3819,0.3856,1708
2022-12-03 12:00:00+00:00,0.3853,0.3902,0.3814,0.3883,2894
2022-12-03 16:00:00+00:00,0.3883,0.3919,0.3807,0.3884,3445
2022-12-03 20:00:00+00:00,0.3884,0.3892,0.384,0.3863,1549
2022-12-04 00:00:00+00:00,0.3849,0.3869,0.3719,0.3861,1506
2022-12-04 04:00:00+00:00,0.3861,0.3866,0.3845,0.3859,422
2022-12-04 08:00:00+00:00,0.3859,0.3867,0.3834,0.3843,472
2022-12-04 12:00:00+00:00,0.3843,0.386,0.3779,0.383,751
2022-12-04 16:00:00+00:00,0.383,0.3857,0.3798,0.3851,1202
2022-12-04 20:00:00+00:00,0.385,0.3883,0.3814,0.3853,1577
2022-12-05 00:00:00+00:00,0.3844,0.3879,0.381,0.3842,1875
2022-12-05 04:00:00+00:00,0.3842,0.3903,0.3815,0.3894,2004
2022-12-05 08:00:00+00:00,0.3894,0.3895,0.3848,0.3858,1638
2022-12-05 12:00:00+00:00,0.3855,0.389,0.3842,0.3866,878
2022-12-05 16:00:00+00:00,0.3866,0.3886,0.3831,0.3866,1081
2022-12-05 20:00:00+00:00,0.3866,0.3879,0.3708,0.384,1553
2022-12-06 00:00:00+00:00,0.3838,0.3856,0.3779,0.3817,797
2022-12-06 04:00:00+00:00,0.3817,0.3831,0.3748,0.3785,1312
2022-12-06 08:00:00+00:00,0.3784,0.38,0.3749,0.3778,823
2022-12-06 12:00:00+00:00,0.3778,0.3819,0.3757,0.3812,716
2022-12-06 16:00:00+00:00,0.3812,0.385,0.3798,0.383,1497
2022-12-06 20:00:00+00:00,0.3831,0.3852,0.3805,0.3844,1261
2022-12-07 00:00:00+00:00,0.3745,0.3872,0.3745,0.3834,1983
2022-12-07 04:00:00+00:00,0.3836,0.3838,0.3791,0.3831,1604
2022-12-07 08:00:00+00:00,0.3831,0.3832,0.3667,0.3745,2570
2022-12-07 12:00:00+00:00,0.3743,0.3778,0.372,0.3773,1735
2022-12-07 16:00:00+00:00,0.3773,0.3788,0.3757,0.3772,1135
2022-12-07 20:00:00+00:00,0.3771,0.3787,0.3725,0.3775,1088
2022-12-08 00:00:00+00:00,0.3774,0.3856,0.3748,0.3826,1893
2022-12-08 04:00:00+00:00,0.3826,0.3836,0.3784,0.3823,1565
2022-12-08 08:00:00+00:00,0.3823,0.3841,0.3781,0.3791,1501
2022-12-08 12:00:00+00:00,0.3791,0.3822,0.377,0.3815,1583
2022-12-08 16:00:00+00:00,0.3815,0.3862,0.3805,0.3848,1253
2022-12-08 20:00:00+00:00,0.3847,0.3882,0.3811,0.3878,2443
2022-12-09 00:00:00+00:00,0.3874,0.3908,0.3835,0.389,1711
2022-12-09 04:00:00+00:00,0.3889,0.3895,0.3844,0.3854,2034
2022-12-09 08:00:00+00:00,0.3854,0.3893,0.3845,0.3868,1778
2022-12-09 12:00:00+00:00,0.3867,0.3874,0.3708,0.3835,1717
2022-12-09 16:00:00+00:00,0.3836,0.3837,0.3803,0.3823,1602
2022-12-09 20:00:00+00:00,0.3821,0.3831,0.3807,0.3829,979
2022-12-10 00:00:00+00:00,0.3834,0.3845,0.3816,0.3825,811
2022-12-10 04:00:00+00:00,0.3826,0.3833,0.3818,0.382,421
2022-12-10 08:00:00+00:00,0.3821,0.3833,0.3809,0.3824,644
2022-12-10 12:00:00+00:00,0.3824,0.3836,0.3819,0.3822,676
2022-12-10 16:00:00+00:00,0.3821,0.3842,0.3815,0.382,935
2022-12-10 20:00:00+00:00,0.3819,0.3829,0.3802,0.3814,519
2022-12-11 00:00:00+00:00,0.3811,0.3833,0.3773,0.3831,714
2022-12-11 04:00:00+00:00,0.3828,0.3835,0.3819,0.3824,490
2022-12-11 08:00:00+00:00,0.3822,0.3825,0.3804,0.3808,768
2022-12-11 12:00:00+00:00,0.3807,0.3822,0.3796,0.3821,610
2022-12-11 16:00:00+00:00,0.382,0.3821,0.3804,0.3817,639
2022-12-11 20:00:00+00:00,0.3818,0.3825,0.3763,0.3786,1104
2022-12-12 00:00:00+00:00,0.3783,0.3787,0.3704,0.3775,1535
2022-12-12 04:00:00+00:00,0.3773,0.3775,0.3656,0.371,2907
2022-12-12 08:00:00+00:00,0.3709,0.3729,0.3671,0.3711,1643
2022-12-12 12:00:00+00:00,0.3712,0.3725,0.3675,0.3683,1980
2022-12-12 16:00:00+00:00,0.3682,0.3725,0.3679,0.3721,1938
2022-12-12 20:00:00+00:00,0.372,0.3801,0.3713,0.3793,2377
2022-12-13 00:00:00+00:00,0.3704,0.3839,0.3704,0.3778,2028
2022-12-13 04:00:00+00:00,0.3778,0.3797,0.3728,0.3764,2196
2022-12-13 08:00:00+00:00,0.3765,0.3786,0.3745,0.3775,2431
2022-12-13 12:00:00+00:00,0.3776,0.3915,0.3767,0.3901,4131
2022-12-13 16:00:00+00:00,0.3901,0.3904,0.3825,0.3831,4428
2022-12-13 20:00:00+00:00,0.383,0.3897,0.3828,0.3892,2834
2022-12-14 00:00:00+00:00,0.38,0.391,0.3776,0.3873,2334
2022-12-14 04:00:00+00:00,0.3874,0.3875,0.3836,0.3838,2411
2022-12-14 08:00:00+00:00,0.3839,0.3861,0.3825,0.3858,1860
2022-12-14 12:00:00+00:00,0.3858,0.387,0.3832,0.3856,2175
2022-12-14 16:00:00+00:00,0.3855,0.3889,0.3851,0.3863,3100
2022-12-14 20:00:00+00:00,0.3864,0.3876,0.3715,0.3792,5330
2022-12-15 00:00:00+00:00,0.3789,0.382,0.3733,0.3751,2331
2022-12-15 04:00:00+00:00,0.3751,0.3772,0.3716,0.3752,2767
2022-12-15 08:00:00+00:00,0.3753,0.3771,0.3727,0.376,1799
2022-12-15 12:00:00+00:00,0.3761,0.3766,0.3737,0.3749,2278
2022-12-15 16:00:00+00:00,0.3748,0.3781,0.3738,0.3744,2704
2022-12-15 20:00:00+00:00,0.3743,0.3744,0.3683,0.3729,3167
2022-12-16 00:00:00+00:00,0.3714,0.3739,0.368,0.3715,1219
2022-12-16 04:00:00+00:00,0.3715,0.3743,0.3709,0.374,1627
2022-12-16 08:00:00+00:00,0.374,0.3749,0.3503,0.3598,2490
2022-12-16 12:00:00+00:00,0.3597,0.3608,0.3572,0.3589,2351
2022-12-16 16:00:00+00:00,0.359,0.3605,0.3512,0.3524,3645
2022-12-16 20:00:00+00:00,0.3522,0.3608,0.3522,0.3582,1917
2022-12-17 00:00:00+00:00,0.3431,0.3517,0.3335,0.3482,4257
2022-12-17 04:00:00+00:00,0.3481,0.3523,0.345,0.3479,3347
2022-12-17 08:00:00+00:00,0.3478,0.352,0.3465,0.3481,2783
2022-12-17 12:00:00+00:00,0.3481,0.3503,0.3459,0.3468,2114
2022-12-17 16:00:00+00:00,0.3467,0.3489,0.3419,0.3434,2075
2022-12-17 20:00:00+00:00,0.3433,0.3472,0.343,0.3455,1890
2022-12-18 00:00:00+00:00,0.3433,0.3502,0.334,0.3468,1237
2022-12-18 04:00:00+00:00,0.3467,0.35,0.3464,0.3491,946
2022-12-18 08:00:00+00:00,0.3489,0.349,0.3454,0.3457,1372
2022-12-18 12:00:00+00:00,0.3458,0.3476,0.3441,0.345,871
2022-12-18 16:00:00+00:00,0.345,0.3457,0.3423,0.3441,1288
2022-12-18 20:00:00+00:00,0.3438,0.3463,0.3426,0.3452,1717
2022-12-19 00:00:00+00:00,0.3446,0.348,0.3431,0.3472,1684
2022-12-19 04:00:00+00:00,0.3472,0.3473,0.3324,0.335,3761
2022-12-19 08:00:00+00:00,0.335,0.3409,0.3346,0.3383,2840
2022-12-19 12:00:00+00:00,0.3383,0.3406,0.3345,0.3352,2397
2022-12-19 16:00:00+00:00,0.335,0.3378,0.3266,0.3322,2796
2022-12-19 20:00:00+00:00,0.3321,0.3364,0.3259,0.3356,2293
2022-12-20 00:00:00+00:00,0.3351,0.338,0.3257,0.3339,3763
2022-12-20 04:00:00+00:00,0.3339,0.3396,0.3313,0.3391,4056
2022-12-20 08:00:00+00:00,0.3392,0.3404,0.3354,0.3403,2532
2022-12-20 12:00:00+00:00,0.3403,0.3419,0.3371,0.3388,2304
2022-12-20 16:00:00+00:00,0.3388,0.3441,0.337,0.3402,4195
2022-12-20 20:00:00+00:00,0.3401,0.3467,0.3398,0.3462,2783
2022-12-21 00:00:00+00:00,0.3456,0.3479,0.3405,0.3408,2907
2022-12-21 04:00:00+00:00,0.3406,0.341,0.3318,0.338,4079
2022-12-21 08:00:00+00:00,0.3379,0.3397,0.3337,0.3387,2438
2022-12-21 12:00:00+00:00,0.3386,0.3396,0.3358,0.338,2053
2022-12-21 16:00:00+00:00,0.3378,0.3393,0.3359,0.3361,2537
2022-12-21 20:00:00+00:00,0.3358,0.3409,0.3357,0.3408,1943
2022-12-22 00:00:00+00:00,0.3403,0.3421,0.3367,0.3373,1955
2022-12-22 04:00:00+00:00,0.3374,0.3398,0.3362,0.3376,1911
2022-12-22 08:00:00+00:00,0.3375,0.3422,0.3364,0.342,1800
2022-12-22 12:00:00+00:00,0.3419,0.3429,0.3393,0.3399,2163
2022-12-22 16:00:00+00:00,0.3398,0.3404,0.336,0.3364,3503
2022-12-22 20:00:00+00:00,0.3365,0.3448,0.3363,0.3446,2466
2022-12-23 00:00:00+00:00,0.3436,0.3446,0.3404,0.3426,1573
2022-12-23 04:00:00+00:00,0.3425,0.3459,0.3418,0.3451,1949
2022-12-23 08:00:00+00:00,0.3451,0.3467,0.3421,0.3448,1446
2022-12-23 12:00:00+00:00,0.3449,0.3486,0.3433,0.3468,2368
2022-12-23 16:00:00+00:00,0.3467,0.3471,0.3436,0.3461,2318
2022-12-23 20:00:00+00:00,0.3462,0.3498,0.3453,0.3486,1559
2022-12-24 00:00:00+00:00,0.3407,0.3501,0.3388,0.3473,966
2022-12-24 04:00:00+00:00,0.3474,0.3486,0.3464,0.3467,965
2022-12-24 08:00:00+00:00,0.3467,0.3474,0.3458,0.3462,813
2022-12-24 12:00:00+00:00,0.3462,0.3476,0.3458,0.3467,635
2022-12-24 16:00:00+00:00,0.3467,0.3472,0.3462,0.3464,525
2022-12-24 20:00:00+00:00,0.3465,0.3478,0.3459,0.3466,462
2022-12-25 00:00:00+00:00,0.3444,0.3491,0.3405,0.3462,773
2022-12-25 04:00:00+00:00,0.3461,0.3462,0.3426,0.3442,925
2022-12-25 08:00:00+00:00,0.3441,0.3442,0.3427,0.3433,588
2022-12-25 12:00:00+00:00,0.3434,0.3434,0.3411,0.342,843
2022-12-25 16:00:00+00:00,0.3421,0.3426,0.3388,0.3404,1850
2022-12-25 20:00:00+00:00,0.3404,0.3413,0.339,0.3408,1254
2022-12-26 00:00:00+00:00,0.3388,0.3441,0.3302,0.3439,1589
2022-12-26 04:00:00+00:00,0.3438,0.3453,0.3429,0.3443,1155
2022-12-26 08:00:00+00:00,0.3444,0.3465,0.3441,0.3452,869
2022-12-26 12:00:00+00:00,0.3452,0.3515,0.3449,0.3509,1341
2022-12-26 16:00:00+00:00,0.351,0.3601,0.3491,0.3597,2569
2022-12-26 20:00:00+00:00,0.3596,0.3648,0.3579,0.3615,2603
2022-12-27 00:00:00+00:00,0.3611,0.3644,0.3528,0.357,3097
2022-12-27 04:00:00+00:00,0.357,0.3585,0.353,0.3562,1565
2022-12-27 08:00:00+00:00,0.3561,0.3677,0.3561,0.3658,3516
2022-12-27 12:00:00+00:00,0.3658,0.3665,0.3607,0.363,2375
2022-12-27 16:00:00+00:00,0.3629,0.3659,0.3586,0.3625,3966
2022-12-27 20:00:00+00:00,0.3626,0.3662,0.3605,0.365,3074
2022-12-28 00:00:00+00:00,0.3651,0.3667,0.3549,0.3586,2796
2022-12-28 04:00:00+00:00,0.3584,0.3595,0.3494,0.3507,4166
2022-12-28 08:00:00+00:00,0.3505,0.3545,0.3504,0.3514,2525
2022-12-28 12:00:00+00:00,0.3515,0.3541,0.3503,0.3535,1553
2022-12-28 16:00:00+00:00,0.3534,0.3568,0.3497,0.3528,3948
2022-12-28 20:00:00+00:00,0.3529,0.3545,0.3505,0.3542,2240
2022-12-29 00:00:00+00:00,0.3532,0.354,0.3405,0.3416,3644
2022-12-29 04:00:00+00:00,0.3416,0.3422,0.3369,0.342,3395
2022-12-29 08:00:00+00:00,0.342,0.3432,0.3395,0.341,1832
2022-12-29 12:00:00+00:00,0.3411,0.3419,0.3375,0.3402,1897
2022-12-29 16:00:00+00:00,0.3403,0.3419,0.3396,0.3403,1784
2022-12-29 20:00:00+00:00,0.3391,0.3408,0.3299,0.3337,2248
2022-12-30 00:00:00+00:00,0.3326,0.3395,0.3289,0.33,2565
2022-12-30 04:00:00+00:00,0.3301,0.3339,0.3282,0.3321,1982
2022-12-30 08:00:00+00:00,0.332,0.3347,0.3272,0.3322,2257
2022-12-30 12:00:00+00:00,0.3323,0.3344,0.331,0.3338,1617
2022-12-30 16:00:00+00:00,0.3339,0.3354,0.3309,0.3351,1975
2022-12-30 20:00:00+00:00,0.335,0.3406,0.3348,0.3392,1501
2022-12-31 00:00:00+00:00,0.3357,0.3392,0.3283,0.3352,1361
2022-12-31 04:00:00+00:00,0.3352,0.3364,0.3349,0.3354,578
2022-12-31 08:00:00+00:00,0.3354,0.338,0.3351,0.3372,991
2022-12-31 12:00:00+00:00,0.3371,0.3394,0.337,0.3384,1153
2022-12-31 16:00:00+00:00,0.3384,0.3399,0.3356,0.3365,941
2022-12-31 20:00:00+00:00,0.3367,0.3385,0.3358,0.3365,646
2023-01-01 00:00:00+00:00,0.334,0.3376,0.3308,0.3336,1293
2023-01-01 04:00:00+00:00,0.3336,0.3336,0.3299,0.3313,854
2023-01-01 08:00:00+00:00,0.3313,0.3328,0.3304,0.3327,657
2023-01-01 12:00:00+00:00,0.3325,0.3336,0.3324,0.333,614
2023-01-01 16:00:00+00:00,0.3332,0.3334,0.331,0.3329,705
2023-01-01 20:00:00+00:00,0.333,0.3348,0.3325,0.3333,864
2023-01-02 00:00:00+00:00,0.331,0.3346,0.285,0.3202,2752
2023-01-02 04:00:00+00:00,0.32,0.328,0.3193,0.326,3104
2023-01-02 08:00:00+00:00,0.326,0.3425,0.3254,0.34,3856
2023-01-02 12:00:00+00:00,0.34,0.3416,0.3364,0.3385,2205
2023-01-02 16:00:00+00:00,0.3386,0.3493,0.3386,0.3473,2829
2023-01-02 20:00:00+00:00,0.3473,0.3493,0.344,0.3481,1976
2023-01-03 00:00:00+00:00,0.3445,0.347,0.3378,0.339,2457
2023-01-03 04:00:00+00:00,0.3389,0.3428,0.3362,0.3424,2145
2023-01-03 08:00:00+00:00,0.3424,0.3468,0.3388,0.3418,2264
2023-01-03 12:00:00+00:00,0.3419,0.3422,0.3377,0.3399,1331
2023-01-03 16:00:00+00:00,0.3401,0.3419,0.3355,0.3374,2295
2023-01-03 20:00:00+00:00,0.3373,0.3415,0.3361,0.3399,933
2023-01-04 00:00:00+00:00,0.3388,0.3427,0.3367,0.3405,1864
2023-01-04 04:00:00+00:00,0.3406,0.347,0.3395,0.3439,2478
2023-01-04 08:00:00+00:00,0.3439,0.3456,0.3416,0.3452,1991
2023-01-04 12:00:00+00:00,0.3451,0.3456,0.342,0.3439,1206
2023-01-04 16:00:00+00:00,0.3438,0.344,0.3383,0.3416,2819
2023-01-04 20:00:00+00:00,0.3415,0.3465,0.3372,0.3406,3067
2023-01-05 00:00:00+00:00,0.3397,0.3435,0.3381,0.3399,1643
2023-01-05 04:00:00+00:00,0.34,0.3429,0.3387,0.3426,1066
2023-01-05 08:00:00+00:00,0.3425,0.3427,0.3318,0.3349,1933
2023-01-05 12:00:00+00:00,0.335,0.3374,0.3331,0.3334,1763
2023-01-05 16:00:00+00:00,0.3335,0.3371,0.3324,0.3327,1927
2023-01-05 20:00:00+00:00,0.3327,0.3368,0.3327,0.3364,1128
2023-01-06 00:00:00+00:00,0.3346,0.336,0.328,0.3319,2353
2023-01-06 04:00:00+00:00,0.3319,0.3343,0.3294,0.331,1897
2023-01-06 08:00:00+00:00,0.3309,0.3309,0.3257,0.3306,1856
2023-01-06 12:00:00+00:00,0.3305,0.3329,0.3278,0.3314,2354
2023-01-06 16:00:00+00:00,0.3314,0.3329,0.3293,0.3321,2592
2023-01-06 20:00:00+00:00,0.3322,0.3377,0.3321,0.3368,1919
2023-01-07 00:00:00+00:00,0.3358,0.3409,0.3358,0.3393,1759
2023-01-07 04:00:00+00:00,0.3394,0.3403,0.3372,0.3376,866
2023-01-07 08:00:00+00:00,0.3376,0.3379,0.336,0.3375,982
2023-01-07 12:00:00+00:00,0.3375,0.3391,0.3369,0.3382,1033
2023-01-07 16:00:00+00:00,0.3382,0.3406,0.3374,0.338,1089
2023-01-07 20:00:00+00:00,0.3382,0.3404,0.3377,0.3385,916
2023-01-08 00:00:00+00:00,0.337,0.3443,0.3256,0.3353,2060
2023-01-08 04:00:00+00:00,0.3353,0.3368,0.3344,0.3357,1045
2023-01-08 08:00:00+00:00,0.3358,0.3366,0.3345,0.3348,1118
2023-01-08 12:00:00+00:00,0.3349,0.3353,0.3326,0.3342,1014
2023-01-08 16:00:00+00:00,0.3341,0.3386,0.3339,0.3342,2303
2023-01-08 20:00:00+00:00,0.3341,0.3371,0.3336,0.3355,1887
2023-01-09 00:00:00+00:00,0.3356,0.3459,0.3351,0.3451,4254
2023-01-09 04:00:00+00:00,0.345,0.3495,0.3422,0.3465,3786
2023-01-09 08:00:00+00:00,0.3465,0.3469,0.342,0.3446,2068
2023-01-09 12:00:00+00:00,0.3445,0.3494,0.337,0.3436,2899
2023-01-09 16:00:00+00:00,0.3437,0.3517,0.3428,0.3502,3968
2023-01-09 20:00:00+00:00,0.3502,0.3523,0.341,0.3421,3560
2023-01-10 00:00:00+00:00,0.3429,0.347,0.341,0.3434,1798
2023-01-10 04:00:00+00:00,0.3434,0.3444,0.3381,0.3443,2095
2023-01-10 08:00:00+00:00,0.3442,0.3445,0.3412,0.3438,1516
2023-01-10 12:00:00+00:00,0.3436,0.3455,0.3413,0.3431,1406
2023-01-10 16:00:00+00:00,0.3431,0.3456,0.3417,0.3449,2485
2023-01-10 20:00:00+00:00,0.345,0.3489,0.3448,0.3477,1792
2023-01-11 00:00:00+00:00,0.347,0.3533,0.3437,0.3439,1702
2023-01-11 04:00:00+00:00,0.3439,0.3626,0.3425,0.3577,3178
2023-01-11 08:00:00+00:00,0.3576,0.3607,0.3519,0.358,2903
2023-01-11 12:00:00+00:00,0.358,0.3628,0.3557,0.3612,3091
2023-01-11 16:00:00+00:00,0.3611,0.3696,0.359,0.3647,5958
2023-01-11 20:00:00+00:00,0.3648,0.3727,0.363,0.3649,4591
2023-01-12 00:00:00+00:00,0.365,0.3707,0.3548,0.3663,5986
2023-01-12 04:00:00+00:00,0.3663,0.3758,0.3652,0.3692,4559
2023-01-12 08:00:00+00:00,0.3692,0.37,0.3658,0.367,3126
2023-01-12 12:00:00+00:00,0.3668,0.3682,0.3527,0.3677,4151
2023-01-12 16:00:00+00:00,0.3678,0.3703,0.3586,0.3699,6358
2023-01-12 20:00:00+00:00,0.3699,0.3734,0.3678,0.3718,7499
2023-01-13 00:00:00+00:00,0.3721,0.3775,0.3625,0.3667,3232
2023-01-13 04:00:00+00:00,0.3668,0.3747,0.3664,0.371,3264
2023-01-13 08:00:00+00:00,0.3708,0.3726,0.3686,0.3719,2534
2023-01-13 12:00:00+00:00,0.3718,0.373,0.3628,0.3658,3839
2023-01-13 16:00:00+00:00,0.3659,0.3698,0.3648,0.3687,5756
2023-01-13 20:00:00+00:00,0.3688,0.3812,0.3681,0.38,4853
2023-01-14 00:00:00+00:00,0.3802,0.4003,0.3708,0.3984,5468
2023-01-14 04:00:00+00:00,0.3985,0.401,0.393,0.397,5480
2023-01-14 08:00:00+00:00,0.3971,0.4036,0.3656,0.3853,8151
2023-01-14 12:00:00+00:00,0.3854,0.3907,0.3786,0.3893,5787
2023-01-14 16:00:00+00:00,0.3894,0.3923,0.3808,0.3865,6020
2023-01-14 20:00:00+00:00,0.3864,0.3895,0.3856,0.3866,2784
2023-01-15 00:00:00+00:00,0.3864,0.3919,0.3795,0.3849,5988
2023-01-15 04:00:00+00:00,0.3848,0.3858,0.3807,0.3837,2847
2023-01-15 08:00:00+00:00,0.3838,0.3841,0.3748,0.3794,2955
2023-01-15 12:00:00+00:00,0.3794,0.3803,0.3747,0.3766,2030
2023-01-15 16:00:00+00:00,0.3765,0.3851,0.3762,0.3816,4353
2023-01-15 20:00:00+00:00,0.3814,0.3825,0.3779,0.3806,3197
2023-01-16 00:00:00+00:00,0.3793,0.3859,0.3768,0.3848,5846
2023-01-16 04:00:00+00:00,0.3848,0.4013,0.3835,0.3981,5058
2023-01-16 08:00:00+00:00,0.3981,0.3985,0.3723,0.3799,4913
2023-01-16 12:00:00+00:00,0.3798,0.3826,0.3777,0.3794,3357
2023-01-16 16:00:00+00:00,0.3794,0.3842,0.3723,0.3841,4630
2023-01-16 20:00:00+00:00,0.384,0.3891,0.3811,0.3823,5092
2023-01-17 00:00:00+00:00,0.3887,0.3895,0.3733,0.3751,5123
2023-01-17 04:00:00+00:00,0.375,0.3825,0.3739,0.3825,2385
2023-01-17 08:00:00+00:00,0.3826,0.3866,0.3812,0.383,2753
2023-01-17 12:00:00+00:00,0.383,0.3852,0.3795,0.3829,3052
2023-01-17 16:00:00+00:00,0.3829,0.3872,0.3785,0.3838,5454
2023-01-17 20:00:00+00:00,0.3839,0.3934,0.3834,0.3867,4014
2023-01-18 00:00:00+00:00,0.3917,0.3936,0.3801,0.3809,3332
2023-01-18 04:00:00+00:00,0.3809,0.3877,0.3799,0.3829,2916
2023-01-18 08:00:00+00:00,0.3828,0.3853,0.3789,0.3832,2835
2023-01-18 12:00:00+00:00,0.3831,0.3885,0.3826,0.3869,3774
2023-01-18 16:00:00+00:00,0.387,0.3911,0.3605,0.3734,9801
2023-01-18 20:00:00+00:00,0.3734,0.3864,0.373,0.3799,5151
2023-01-19 00:00:00+00:00,0.3779,0.3779,0.3695,0.3732,4868
2023-01-19 04:00:00+00:00,0.3732,0.3787,0.3712,0.3787,2222
2023-01-19 08:00:00+00:00,0.3788,0.382,0.377,0.3813,2215
2023-01-19 12:00:00+00:00,0.3814,0.3885,0.3776,0.3858,4462
2023-01-19 16:00:00+00:00,0.3857,0.3903,0.3762,0.3869,5013
2023-01-19 20:00:00+00:00,0.3869,0.391,0.3835,0.3873,3552
2023-01-20 00:00:00+00:00,0.3874,0.3934,0.3824,0.3856,1956
2023-01-20 04:00:00+00:00,0.3855,0.3872,0.3806,0.3829,1667
2023-01-20 08:00:00+00:00,0.3829,0.3865,0.3807,0.3853,1350
2023-01-20 12:00:00+00:00,0.3854,0.3888,0.3852,0.3867,1589
2023-01-20 16:00:00+00:00,0.3867,0.3933,0.3844,0.3911,3037
2023-01-20 20:00:00+00:00,0.3912,0.4087,0.3901,0.4061,6270
2023-01-21 00:00:00+00:00,0.4049,0.4092,0.3995,0.4051,4100
2023-01-21 04:00:00+00:00,0.4051,0.4065,0.3985,0.403,2199
2023-01-21 08:00:00+00:00,0.403,0.4101,0.4016,0.4086,3444
2023-01-21 12:00:00+00:00,0.4087,0.4113,0.3857,0.4044,5636
2023-01-21 16:00:00+00:00,0.4045,0.4083,0.4002,0.4056,4485
2023-01-21 20:00:00+00:00,0.4056,0.4093,0.4028,0.4068,3828
2023-01-22 00:00:00+00:00,0.4059,0.406,0.3918,0.3991,3925
2023-01-22 04:00:00+00:00,0.399,0.4015,0.3944,0.4014,2984
2023-01-22 08:00:00+00:00,0.401,0.4032,0.3976,0.3983,2491
2023-01-22 12:00:00+00:00,0.3983,0.4037,0.3958,0.4017,3646
2023-01-22 16:00:00+00:00,0.4015,0.407,0.3955,0.4041,5472
2023-01-22 20:00:00+00:00,0.4041,0.4049,0.3901,0.3948,4153
2023-01-23 00:00:00+00:00,0.3944,0.4074,0.3848,0.4012,3321
2023-01-23 04:00:00+00:00,0.4014,0.4051,0.3986,0.4021,2219
2023-01-23 08:00:00+00:00,0.4022,0.4274,0.4011,0.4156,4870
2023-01-23 12:00:00+00:00,0.4156,0.4242,0.4134,0.4185,4200
2023-01-23 16:00:00+00:00,0.4186,0.4194,0.407,0.4178,6188
2023-01-23 20:00:00+00:00,0.4179,0.4276,0.4157,0.4228,6236
2023-01-24 00:00:00+00:00,0.4219,0.4235,0.4125,0.4163,2686
2023-01-24 04:00:00+00:00,0.4163,0.4203,0.4127,0.4166,2596
2023-01-24 08:00:00+00:00,0.4166,0.4261,0.4143,0.4191,4526
2023-01-24 12:00:00+00:00,0.4191,0.4203,0.4106,0.4151,4337
2023-01-24 16:00:00+00:00,0.4149,0.4172,0.4094,0.4153,3810
2023-01-24 20:00:00+00:00,0.4153,0.4196,0.4085,0.4105,2826
2023-01-25 00:00:00+00:00,0.4114,0.412,0.3911,0.3962,6986
2023-01-25 04:00:00+00:00,0.3962,0.4024,0.3958,0.4001,2320
2023-01-25 08:00:00+00:00,0.3999,0.4055,0.3989,0.4,1900
2023-01-25 12:00:00+00:00,0.4,0.4044,0.3986,0.4003,3049
2023-01-25 16:00:00+00:00,0.4003,0.4027,0.3965,0.4004,3127
2023-01-25 20:00:00+00:00,0.4004,0.4166,0.3993,0.4163,2644
2023-01-26 00:00:00+00:00,0.4184,0.4192,0.4054,0.4094,3090
2023-01-26 04:00:00+00:00,0.4094,0.4102,0.4049,0.4094,1447
2023-01-26 08:00:00+00:00,0.4092,0.4102,0.4026,0.4069,1672
2023-01-26 12:00:00+00:00,0.4068,0.409,0.4008,0.4089,2056
2023-01-26 16:00:00+00:00,0.4088,0.4097,0.4,0.4024,2506
2023-01-26 20:00:00+00:00,0.4024,0.4084,0.4022,0.4067,1621
2023-01-27 00:00:00+00:00,0.4055,0.4072,0.3928,0.3951,2964
2023-01-27 04:00:00+00:00,0.3953,0.4017,0.3946,0.4007,1765
2023-01-27 08:00:00+00:00,0.4006,0.4045,0.3991,0.4039,1675
2023-01-27 12:00:00+00:00,0.4039,0.4045,0.3991,0.4014,1560
2023-01-27 16:00:00+00:00,0.4013,0.4063,0.3997,0.4054,2177
2023-01-27 20:00:00+00:00,0.4053,0.4086,0.4038,0.406,1896
2023-01-28 00:00:00+00:00,0.4043,0.4111,0.3989,0.4063,2091
2023-01-28 04:00:00+00:00,0.406,0.4092,0.4009,0.4091,2470
2023-01-28 08:00:00+00:00,0.4091,0.4093,0.4033,0.4056,1219
2023-01-28 12:00:00+00:00,0.4055,0.4063,0.4007,0.4027,1336
2023-01-28 16:00:00+00:00,0.4027,0.4052,0.4016,0.4036,1536
2023-01-28 20:00:00+00:00,0.4036,0.4047,0.4008,0.4024,574
2023-01-29 00:00:00+00:00,0.3999,0.4089,0.3945,0.4059,2077
2023-01-29 04:00:00+00:00,0.406,0.4061,0.4013,0.4055,1122
2023-01-29 08:00:00+00:00,0.4053,0.4078,0.4013,0.4071,839
2023-01-29 12:00:00+00:00,0.4071,0.4088,0.403,0.4067,2030
2023-01-29 16:00:00+00:00,0.4067,0.4096,0.4029,0.4088,1597
2023-01-29 20:00:00+00:00,0.4088,0.4121,0.4063,0.4078,4001
2023-01-30 00:00:00+00:00,0.4063,0.4169,0.4063,0.4072,3367
2023-01-30 04:00:00+00:00,0.4074,0.4101,0.4015,0.4073,2087
2023-01-30 08:00:00+00:00,0.4071,0.4078,0.3904,0.394,3964
2023-01-30 12:00:00+00:00,0.3939,0.3961,0.3896,0.3942,3030
2023-01-30 16:00:00+00:00,0.3941,0.398,0.3927,0.3944,2506
2023-01-30 20:00:00+00:00,0.3944,0.3961,0.3792,0.3881,2968
2023-01-31 00:00:00+00:00,0.387,0.3897,0.3826,0.3858,2809
2023-01-31 04:00:00+00:00,0.3857,0.3887,0.3841,0.3843,1967
2023-01-31 08:00:00+00:00,0.3844,0.3963,0.3831,0.3935,2344
2023-01-31 12:00:00+00:00,0.3935,0.398,0.3917,0.3967,2721
2023-01-31 16:00:00+00:00,0.3967,0.4006,0.3951,0.4006,2989
2023-01-31 20:00:00+00:00,0.4005,0.4061,0.3962,0.4,3249
2023-02-01 00:00:00+00:00,0.4008,0.4026,0.3916,0.3967,2874
2023-02-01 04:00:00+00:00,0.3968,0.4016,0.3952,0.3973,1435
2023-02-01 08:00:00+00:00,0.3971,0.3974,0.3933,0.3953,1772
2023-02-01 12:00:00+00:00,0.3954,0.4003,0.3949,0.3979,1723
2023-02-01 16:00:00+00:00,0.3979,0.3996,0.3909,0.3933,3073
2023-02-01 20:00:00+00:00,0.3932,0.4102,0.3918,0.4081,4603
2023-02-02 00:00:00+00:00,0.4083,0.4123,0.4006,0.4056,4277
2023-02-02 04:00:00+00:00,0.4053,0.4102,0.4046,0.4069,1814
2023-02-02 08:00:00+00:00,0.4069,0.4103,0.4045,0.4095,1964
2023-02-02 12:00:00+00:00,0.4089,0.4105,0.4074,0.4077,1227
2023-02-02 16:00:00+00:00,0.4077,0.4113,0.405,0.4084,3851
2023-02-02 20:00:00+00:00,0.4086,0.414,0.4025,0.4046,2949
2023-02-03 00:00:00+00:00,0.403,0.4063,0.395,0.4036,2538
2023-02-03 04:00:00+00:00,0.4036,0.4076,0.4007,0.4072,1435
2023-02-03 08:00:00+00:00,0.4073,0.4078,0.4035,0.4069,1071
2023-02-03 12:00:00+00:00,0.4069,0.4085,0.4003,0.402,1950
2023-02-03 16:00:00+00:00,0.402,0.4071,0.3996,0.4021,2991
2023-02-03 20:00:00+00:00,0.4021,0.406,0.4012,0.4049,1510
2023-02-04 00:00:00+00:00,0.4066,0.4073,0.4039,0.4043,1719
2023-02-04 04:00:00+00:00,0.4043,0.4045,0.4023,0.4033,835
2023-02-04 08:00:00+00:00,0.4033,0.4046,0.4021,0.404,565
2023-02-04 12:00:00+00:00,0.404,0.4082,0.4037,0.407,1765
2023-02-04 16:00:00+00:00,0.407,0.4109,0.4039,0.4099,2001
2023-02-04 20:00:00+00:00,0.4099,0.4152,0.4059,0.409,2007
2023-02-05 00:00:00+00:00,0.4073,0.4102,0.3996,0.4042,2319
2023-02-05 04:00:00+00:00,0.4041,0.4053,0.4007,0.4041,1167
2023-02-05 08:00:00+00:00,0.4041,0.4068,0.4012,0.4049,1037
2023-02-05 12:00:00+00:00,0.4046,0.406,0.3925,0.3986,2135
2023-02-05 16:00:00+00:00,0.3983,0.3997,0.3894,0.3909,3313
2023-02-05 20:00:00+00:00,0.3913,0.3939,0.3875,0.3926,2988
2023-02-06 00:00:00+00:00,0.3912,0.3982,0.3824,0.3941,3177
2023-02-06 04:00:00+00:00,0.3941,0.3962,0.3888,0.3934,2237
2023-02-06 08:00:00+00:00,0.3934,0.3955,0.3907,0.3914,1642
2023-02-06 12:00:00+00:00,0.3914,0.3939,0.3893,0.3914,2270
2023-02-06 16:00:00+00:00,0.3914,0.3962,0.3908,0.3961,4225
2023-02-06 20:00:00+00:00,0.3962,0.3986,0.391,0.3916,2265
2023-02-07 00:00:00+00:00,0.3902,0.3919,0.3817,0.3858,2294
2023-02-07 04:00:00+00:00,0.3858,0.3911,0.3848,0.3908,1342
2023-02-07 08:00:00+00:00,0.3908,0.3919,0.3874,0.3917,1970
2023-02-07 12:00:00+00:00,0.3917,0.3932,0.3901,0.3917,1864
2023-02-07 16:00:00+00:00,0.3917,0.3951,0.387,0.3945,2722
2023-02-07 20:00:00+00:00,0.3946,0.3976,0.386,0.397,4021
2023-02-08 00:00:00+00:00,0.3949,0.4005,0.387,0.396,4185
2023-02-08 04:00:00+00:00,0.396,0.3978,0.394,0.3958,1672
2023-02-08 08:00:00+00:00,0.3959,0.3976,0.3916,0.3953,1681
2023-02-08 12:00:00+00:00,0.3953,0.3971,0.394,0.3964,1657
2023-02-08 16:00:00+00:00,0.3966,0.3968,0.3883,0.393,4589
2023-02-08 20:00:00+00:00,0.3931,0.3945,0.3881,0.3933,2863
2023-02-09 00:00:00+00:00,0.3913,0.3942,0.3835,0.3913,2449
2023-02-09 04:00:00+00:00,0.3913,0.3925,0.3781,0.3873,2355
2023-02-09 08:00:00+00:00,0.3873,0.3894,0.3861,0.3884,1701
2023-02-09 12:00:00+00:00,0.3884,0.3922,0.3866,0.392,1444
2023-02-09 16:00:00+00:00,0.392,0.4037,0.3894,0.3925,5576
2023-02-09 20:00:00+00:00,0.3923,0.3991,0.374,0.3803,5385
2023-02-10 00:00:00+00:00,0.3762,0.3802,0.3636,0.3786,4505
2023-02-10 04:00:00+00:00,0.3786,0.3827,0.3748,0.3781,2225
2023-02-10 08:00:00+00:00,0.378,0.3821,0.3778,0.3803,3856
2023-02-10 12:00:00+00:00,0.3803,0.3811,0.3769,0.378,3143
2023-02-10 16:00:00+00:00,0.3781,0.3796,0.3716,0.3755,4762
2023-02-10 20:00:00+00:00,0.3753,0.3796,0.3746,0.3761,2662
2023-02-11 00:00:00+00:00,0.3749,0.3769,0.3659,0.3756,895
2023-02-11 04:00:00+00:00,0.3756,0.3789,0.3756,0.3774,1605
2023-02-11 08:00:00+00:00,0.3771,0.3781,0.3754,0.3772,1322
2023-02-11 12:00:00+00:00,0.3772,0.3785,0.3757,0.3779,1301
2023-02-11 16:00:00+00:00,0.3779,0.3782,0.3753,0.3763,1523
2023-02-11 20:00:00+00:00,0.3762,0.3783,0.3746,0.3782,980
2023-02-12 00:00:00+00:00,0.3752,0.379,0.3679,0.3771,1340
2023-02-12 04:00:00+00:00,0.3771,0.3772,0.375,0.3766,533
2023-02-12 08:00:00+00:00,0.3764,0.3788,0.3749,0.3784,548
2023-02-12 12:00:00+00:00,0.3784,0.3784,0.374,0.3763,965
2023-02-12 16:00:00+00:00,0.3764,0.3793,0.376,0.3787,922
2023-02-12 20:00:00+00:00,0.3787,0.3801,0.3711,0.3724,993
2023-02-13 00:00:00+00:00,0.3708,0.3719,0.3631,0.3665,2439
2023-02-13 04:00:00+00:00,0.3665,0.3695,0.361,0.3694,2730
2023-02-13 08:00:00+00:00,0.3695,0.3721,0.3573,0.3597,3910
2023-02-13 12:00:00+00:00,0.3597,0.3631,0.3563,0.3628,2022
2023-02-13 16:00:00+00:00,0.3628,0.3658,0.3581,0.3594,2509
2023-02-13 20:00:00+00:00,0.3594,0.3679,0.3592,0.3672,1594
2023-02-14 00:00:00+00:00,0.3659,0.368,0.3585,0.3599,2065
2023-02-14 04:00:00+00:00,0.36,0.3647,0.3594,0.3646,1435
2023-02-14 08:00:00+00:00,0.3646,0.366,0.3615,0.3641,1450
2023-02-14 12:00:00+00:00,0.3642,0.3668,0.3583,0.3661,1793
2023-02-14 16:00:00+00:00,0.3661,0.3728,0.3621,0.3707,3916
2023-02-14 20:00:00+00:00,0.3707,0.3751,0.3702,0.3734,2486
2023-02-15 00:00:00+00:00,0.3725,0.3787,0.3646,0.3717,1913
2023-02-15 04:00:00+00:00,0.3716,0.3777,0.3712,0.3751,1464
2023-02-15 08:00:00+00:00,0.3752,0.3785,0.3744,0.3775,1486
2023-02-15 12:00:00+00:00,0.3775,0.3842,0.3773,0.3817,2181
2023-02-15 16:00:00+00:00,0.3817,0.3828,0.3799,0.3811,2321
2023-02-15 20:00:00+00:00,0.3811,0.3971,0.3805,0.3942,3395
2023-02-16 00:00:00+00:00,0.3927,0.3995,0.3853,0.3948,3264
2023-02-16 04:00:00+00:00,0.3949,0.3977,0.3947,0.3949,2493
2023-02-16 08:00:00+00:00,0.3949,0.3966,0.3926,0.3954,2314
2023-02-16 12:00:00+00:00,0.3954,0.3966,0.3892,0.3908,2140
2023-02-16 16:00:00+00:00,0.3908,0.3981,0.389,0.3934,4585
2023-02-16 20:00:00+00:00,0.3934,0.396,0.3855,0.3869,3610
2023-02-17 00:00:00+00:00,0.3778,0.387,0.3743,0.3817,4787
2023-02-17 04:00:00+00:00,0.3816,0.3855,0.3814,0.3817,2117
2023-02-17 08:00:00+00:00,0.3817,0.3847,0.381,0.3838,1868
2023-02-17 12:00:00+00:00,0.3838,0.3842,0.3814,0.382,1584
2023-02-17 16:00:00+00:00,0.382,0.3876,0.3801,0.386,4319
2023-02-17 20:00:00+00:00,0.3859,0.3949,0.3854,0.391,3275
2023-02-18 00:00:00+00:00,0.39,0.3912,0.388,0.3907,1717
2023-02-18 04:00:00+00:00,0.3908,0.3909,0.3885,0.39,1879
2023-02-18 08:00:00+00:00,0.39,0.3918,0.3869,0.3883,1454
2023-02-18 12:00:00+00:00,0.3884,0.3899,0.3861,0.3891,1201
2023-02-18 16:00:00+00:00,0.3891,0.3925,0.3885,0.3896,1604
2023-02-18 20:00:00+00:00,0.3896,0.3912,0.3867,0.3884,1552
2023-02-19 00:00:00+00:00,0.3866,0.3907,0.3785,0.3865,2573
2023-02-19 04:00:00+00:00,0.3864,0.3891,0.3857,0.3882,2645
2023-02-19 08:00:00+00:00,0.3881,0.3888,0.386,0.3867,2879
2023-02-19 12:00:00+00:00,0.3865,0.3899,0.3859,0.3889,2584
2023-02-19 16:00:00+00:00,0.3888,0.393,0.3818,0.384,5275
2023-02-19 20:00:00+00:00,0.3839,0.3856,0.3796,0.3837,3540
2023-02-20 00:00:00+00:00,0.3806,0.3848,0.3715,0.3816,3652
2023-02-20 04:00:00+00:00,0.3815,0.3875,0.3806,0.3865,3514
2023-02-20 08:00:00+00:00,0.3864,0.3881,0.384,0.3878,3188
2023-02-20 12:00:00+00:00,0.3878,0.391,0.3862,0.391,3535
2023-02-20 16:00:00+00:00,0.391,0.4035,0.3908,0.4015,6358
2023-02-20 20:00:00+00:00,0.4015,0.4016,0.3935,0.3941,3296
2023-02-21 00:00:00+00:00,0.3933,0.3938,0.3829,0.3894,2615
2023-02-21 04:00:00+00:00,0.3893,0.3934,0.3886,0.3931,2977
2023-02-21 08:00:00+00:00,0.3932,0.3971,0.3851,0.3873,4114
2023-02-21 12:00:00+00:00,0.3872,0.3881,0.3824,0.3842,3901
2023-02-21 16:00:00+00:00,0.3842,0.3869,0.382,0.3865,4445
2023-02-21 20:00:00+00:00,0.3865,0.3898,0.383,0.3841,4116
2023-02-22 00:00:00+00:00,0.3808,0.3875,0.3794,0.3817,2845
2023-02-22 04:00:00+00:00,0.3816,0.3856,0.3775,0.3855,3062
2023-02-22 08:00:00+00:00,0.3855,0.3871,0.3801,0.3825,3945
2023-02-22 12:00:00+00:00,0.3826,0.3923,0.3822,0.3906,2905
2023-02-22 16:00:00+00:00,0.3904,0.3907,0.3808,0.3828,4469
2023-02-22 20:00:00+00:00,0.3829,0.3892,0.3826,0.3882,2634
2023-02-23 00:00:00+00:00,0.3774,0.3912,0.3773,0.3863,1996
2023-02-23 04:00:00+00:00,0.3863,0.3927,0.3863,0.3906,1664
2023-02-23 08:00:00+00:00,0.3906,0.3923,0.3883,0.3896,1514
2023-02-23 12:00:00+00:00,0.3896,0.391,0.3827,0.3856,2572
2023-02-23 16:00:00+00:00,0.3856,0.3872,0.3808,0.3822,2369
2023-02-23 20:00:00+00:00,0.382,0.3864,0.3802,0.3833,1473
2023-02-24 00:00:00+00:00,0.3798,0.3854,0.3754,0.3833,1749
2023-02-24 04:00:00+00:00,0.3834,0.3857,0.3819,0.3827,1400
2023-02-24 08:00:00+00:00,0.3828,0.3847,0.3809,0.3836,2006
2023-02-24 12:00:00+00:00,0.3836,0.3851,0.3808,0.3809,2340
2023-02-24 16:00:00+00:00,0.3809,0.3815,0.3675,0.3698,3467
2023-02-24 20:00:00+00:00,0.3697,0.3743,0.3682,0.3697,2322
2023-02-25 00:00:00+00:00,0.3715,0.3742,0.3624,0.3736,1103
2023-02-25 04:00:00+00:00,0.3737,0.3741,0.3711,0.3716,2163
2023-02-25 08:00:00+00:00,0.3715,0.3744,0.3714,0.3724,1702
2023-02-25 12:00:00+00:00,0.3724,0.3737,0.3702,0.3729,2431
2023-02-25 16:00:00+00:00,0.3728,0.3737,0.3716,0.3723,1888
2023-02-25 20:00:00+00:00,0.3722,0.3724,0.3643,0.3691,3130
2023-02-26 00:00:00+00:00,0.3608,0.3732,0.3608,0.3728,1493
2023-02-26 04:00:00+00:00,0.3728,0.3736,0.3719,0.3726,1584
2023-02-26 08:00:00+00:00,0.3725,0.3734,0.372,0.3728,1267
2023-02-26 12:00:00+00:00,0.3728,0.3728,0.3705,0.3713,1047
2023-02-26 16:00:00+00:00,0.3712,0.3728,0.3695,0.371,1690
2023-02-26 20:00:00+00:00,0.3711,0.3756,0.3706,0.3734,2323
2023-02-27 00:00:00+00:00,0.3729,0.3737,0.3612,0.3715,2021
2023-02-27 04:00:00+00:00,0.3716,0.373,0.3697,0.3706,1810
2023-02-27 08:00:00+00:00,0.3707,0.3719,0.3657,0.3671,2005
2023-02-27 12:00:00+00:00,0.3671,0.3735,0.3665,0.3728,1771
2023-02-27 16:00:00+00:00,0.3728,0.3741,0.3681,0.3725,3706
2023-02-27 20:00:00+00:00,0.3724,0.3745,0.3682,0.3739,3149
2023-02-28 00:00:00+00:00,0.3729,0.3749,0.3707,0.3716,2068
2023-02-28 04:00:00+00:00,0.3716,0.3728,0.3667,0.3722,2267
2023-02-28 08:00:00+00:00,0.3722,0.3737,0.3671,0.37,2297
2023-02-28 12:00:00+00:00,0.37,0.3745,0.3693,0.3727,2290
2023-02-28 16:00:00+00:00,0.3728,0.3752,0.3717,0.3747,3414
2023-02-28 20:00:00+00:00,0.3747,0.3775,0.3688,0.3715,4079
2023-03-01 00:00:00+00:00,0.371,0.3732,0.3618,0.3693,2538
2023-03-01 04:00:00+00:00,0.3692,0.3772,0.3676,0.3758,2443
2023-03-01 08:00:00+00:00,0.3758,0.3796,0.3748,0.3765,2357
2023-03-01 12:00:00+00:00,0.3765,0.3774,0.3734,0.3748,2012
2023-03-01 16:00:00+00:00,0.3747,0.3774,0.3735,0.3761,2965
2023-03-01 20:00:00+00:00,0.376,0.3792,0.3746,0.3777,2433
2023-03-02 00:00:00+00:00,0.3763,0.3796,0.37,0.3728,2086
2023-03-02 04:00:00+00:00,0.3728,0.3749,0.3723,0.3735,1904
2023-03-02 08:00:00+00:00,0.3735,0.375,0.3717,0.3727,2102
2023-03-02 12:00:00+00:00,0.3727,0.3737,0.3713,0.3717,2020
2023-03-02 16:00:00+00:00,0.3716,0.3724,0.3685,0.3707,2667
2023-03-02 20:00:00+00:00,0.3706,0.3761,0.3703,0.3729,2591
2023-03-03 00:00:00+00:00,0.3719,0.3741,0.3475,0.3557,2903
2023-03-03 04:00:00+00:00,0.3556,0.3628,0.3548,0.3625,3286
2023-03-03 08:00:00+00:00,0.3624,0.3643,0.3591,0.3605,2046
2023-03-03 12:00:00+00:00,0.3605,0.3645,0.3605,0.3641,2337
2023-03-03 16:00:00+00:00,0.3642,0.3647,0.3601,0.3629,2574
2023-03-03 20:00:00+00:00,0.3629,0.3684,0.3616,0.368,2505
2023-03-04 00:00:00+00:00,0.3712,0.3757,0.3695,0.3702,2012
2023-03-04 04:00:00+00:00,0.3703,0.3717,0.3685,0.3697,1532
2023-03-04 08:00:00+00:00,0.3696,0.3713,0.3694,0.3703,1149
2023-03-04 12:00:00+00:00,0.3704,0.3713,0.3697,0.3702,1203
2023-03-04 16:00:00+00:00,0.3703,0.3741,0.3695,0.3709,1448
2023-03-04 20:00:00+00:00,0.3709,0.3713,0.3629,0.3656,3127
2023-03-05 00:00:00+00:00,0.3637,0.3723,0.354,0.371,2345
2023-03-05 04:00:00+00:00,0.3711,0.3714,0.366,0.3686,2403
2023-03-05 08:00:00+00:00,0.3685,0.3686,0.3663,0.367,1648
2023-03-05 12:00:00+00:00,0.367,0.3681,0.366,0.3669,1959
2023-03-05 16:00:00+00:00,0.367,0.3673,0.3641,0.3648,1624
2023-03-05 20:00:00+00:00,0.3647,0.3656,0.3614,0.3644,1903
2023-03-06 00:00:00+00:00,0.3624,0.3647,0.3537,0.3575,3538
2023-03-06 04:00:00+00:00,0.3575,0.3631,0.3554,0.3589,3666
2023-03-06 08:00:00+00:00,0.3588,0.36,0.3528,0.358,3104
2023-03-06 12:00:00+00:00,0.3581,0.3606,0.3555,0.3599,2311
2023-03-06 16:00:00+00:00,0.36,0.3643,0.3593,0.364,3424
2023-03-06 20:00:00+00:00,0.364,0.3689,0.3639,0.366,3696
2023-03-07 00:00:00+00:00,0.3647,0.3674,0.3566,0.362,2708
2023-03-07 04:00:00+00:00,0.3621,0.3656,0.3618,0.3655,1929
2023-03-07 08:00:00+00:00,0.3655,0.3677,0.3626,0.3641,2073
2023-03-07 12:00:00+00:00,0.3642,0.3702,0.3636,0.3679,3015
2023-03-07 16:00:00+00:00,0.3678,0.377,0.366,0.3724,5680
2023-03-07 20:00:00+00:00,0.3724,0.3792,0.3716,0.3774,4133
2023-03-08 00:00:00+00:00,0.375,0.3806,0.3662,0.3713,2912
2023-03-08 04:00:00+00:00,0.3714,0.3757,0.3671,0.3675,2424
2023-03-08 08:00:00+00:00,0.3675,0.3791,0.3672,0.3782,2631
2023-03-08 12:00:00+00:00,0.3783,0.3961,0.3773,0.3899,5736
2023-03-08 16:00:00+00:00,0.3898,0.3936,0.3843,0.3897,7374
2023-03-08 20:00:00+00:00,0.3898,0.3934,0.3841,0.3871,5214
2023-03-09 00:00:00+00:00,0.3841,0.3891,0.3761,0.387,6150
2023-03-09 04:00:00+00:00,0.387,0.3874,0.3804,0.3818,4254
2023-03-09 08:00:00+00:00,0.3819,0.3895,0.3818,0.3894,4731
2023-03-09 12:00:00+00:00,0.3895,0.3913,0.3864,0.3896,5013
2023-03-09 16:00:00+00:00,0.3895,0.392,0.3799,0.3827,5789
2023-03-09 20:00:00+00:00,0.3828,0.3844,0.3586,0.3641,8950
2023-03-10 00:00:00+00:00,0.3606,0.3699,0.3603,0.3659,4254
2023-03-10 04:00:00+00:00,0.366,0.3702,0.3618,0.3669,4680
2023-03-10 08:00:00+00:00,0.3669,0.3677,0.356,0.3595,5292
2023-03-10 12:00:00+00:00,0.3595,0.3673,0.352,0.366,7793
2023-03-10 16:00:00+00:00,0.366,0.3671,0.3586,0.3597,7880
2023-03-10 20:00:00+00:00,0.3596,0.365,0.3588,0.3635,3409
2023-03-11 00:00:00+00:00,0.3656,0.3718,0.3554,0.3702,3003
2023-03-11 04:00:00+00:00,0.3703,0.372,0.3594,0.3662,1971
2023-03-11 08:00:00+00:00,0.3662,0.3662,0.3558,0.3606,4568
2023-03-11 12:00:00+00:00,0.3605,0.3611,0.3552,0.357,3888
2023-03-11 16:00:00+00:00,0.3571,0.3611,0.356,0.3607,3799
2023-03-11 20:00:00+00:00,0.3606,0.3628,0.3587,0.3595,2902
2023-03-12 00:00:00+00:00,0.3596,0.365,0.3507,0.3619,1350
2023-03-12 04:00:00+00:00,0.3619,0.3626,0.3602,0.3611,1542
2023-03-12 08:00:00+00:00,0.3611,0.3618,0.3558,0.3565,1735
2023-03-12 12:00:00+00:00,0.3565,0.3595,0.3521,0.3559,2012
2023-03-12 16:00:00+00:00,0.3559,0.3569,0.3462,0.3498,2458
2023-03-12 20:00:00+00:00,0.3499,0.3616,0.3485,0.3603,3794
2023-03-13 00:00:00+00:00,0.3541,0.3733,0.3471,0.3707,4353
2023-03-13 04:00:00+00:00,0.3707,0.3714,0.3622,0.3639,3618
2023-03-13 08:00:00+00:00,0.3638,0.3657,0.3585,0.3594,2311
2023-03-13 12:00:00+00:00,0.3593,0.3607,0.3503,0.3544,2974
2023-03-13 16:00:00+00:00,0.3545,0.3765,0.3543,0.3673,7488
2023-03-13 20:00:00+00:00,0.3674,0.3697,0.3644,0.3681,3526
2023-03-14 00:00:00+00:00,0.3674,0.3712,0.3587,0.3652,3254
2023-03-14 04:00:00+00:00,0.3651,0.3683,0.3624,0.3681,2858
2023-03-14 08:00:00+00:00,0.3681,0.3697,0.3606,0.3635,4053
2023-03-14 12:00:00+00:00,0.3635,0.3809,0.3615,0.3801,3533
2023-03-14 16:00:00+00:00,0.3801,0.3834,0.3733,0.379,5424
2023-03-14 20:00:00+00:00,0.3789,0.3793,0.3657,0.3707,5129
2023-03-15 00:00:00+00:00,0.3679,0.3706,0.3549,0.3684,2239
2023-03-15 04:00:00+00:00,0.3683,0.372,0.3681,0.3711,2260
2023-03-15 08:00:00+00:00,0.3711,0.3724,0.3675,0.3691,1673
2023-03-15 12:00:00+00:00,0.369,0.3695,0.3606,0.365,3760
2023-03-15 16:00:00+00:00,0.365,0.368,0.3541,0.3545,5455
2023-03-15 20:00:00+00:00,0.3545,0.3599,0.3525,0.3577,3370
2023-03-16 00:00:00+00:00,0.357,0.3615,0.3477,0.3528,2649
2023-03-16 04:00:00+00:00,0.3528,0.3593,0.3524,0.3588,1701
2023-03-16 08:00:00+00:00,0.3587,0.3617,0.358,0.3584,1154
2023-03-16 12:00:00+00:00,0.3584,0.3619,0.3556,0.3568,3497
2023-03-16 16:00:00+00:00,0.3568,0.3605,0.3538,0.3593,3577
2023-03-16 20:00:00+00:00,0.3593,0.3627,0.3575,0.3577,2379
2023-03-17 00:00:00+00:00,0.3578,0.3625,0.3493,0.3591,1250
2023-03-17 04:00:00+00:00,0.3591,0.3666,0.3589,0.3644,1334
2023-03-17 08:00:00+00:00,0.3644,0.3681,0.3616,0.3626,2306
2023-03-17 12:00:00+00:00,0.3626,0.3734,0.362,0.3695,3630
2023-03-17 16:00:00+00:00,0.3693,0.3781,0.3631,0.3646,7318
2023-03-17 20:00:00+00:00,0.3646,0.3712,0.3644,0.37,2421
2023-03-18 00:00:00+00:00,0.3693,0.3768,0.3683,0.3763,2995
2023-03-18 04:00:00+00:00,0.3764,0.3848,0.3751,0.3778,2480
2023-03-18 08:00:00+00:00,0.3779,0.3801,0.3714,0.3749,1225
2023-03-18 12:00:00+00:00,0.3749,0.3797,0.3735,0.3789,1985
2023-03-18 16:00:00+00:00,0.3789,0.3789,0.3643,0.3741,3781
2023-03-18 20:00:00+00:00,0.374,0.3769,0.3683,0.375,3176
2023-03-19 00:00:00+00:00,0.3734,0.3752,0.3676,0.3723,2974
2023-03-19 04:00:00+00:00,0.3723,0.3739,0.3707,0.3738,1067
2023-03-19 08:00:00+00:00,0.3738,0.3839,0.3711,0.3751,2234
2023-03-19 12:00:00+00:00,0.3752,0.3923,0.3745,0.3911,4019
2023-03-19 16:00:00+00:00,0.3911,0.396,0.384,0.3914,3627
2023-03-19 20:00:00+00:00,0.3914,0.3931,0.3811,0.3836,3571
2023-03-20 00:00:00+00:00,0.3829,0.3889,0.3795,0.3826,4710
2023-03-20 04:00:00+00:00,0.3826,0.3873,0.3735,0.377,3139
2023-03-20 08:00:00+00:00,0.377,0.3808,0.3757,0.38,5208
2023-03-20 12:00:00+00:00,0.38,0.3806,0.375,0.3785,2304
2023-03-20 16:00:00+00:00,0.3785,0.3785,0.3697,0.37,2126
2023-03-20 20:00:00+00:00,0.37,0.3737,0.3667,0.3732,3638
2023-03-21 00:00:00+00:00,0.3719,0.3759,0.3676,0.3739,4361
2023-03-21 04:00:00+00:00,0.3739,0.3799,0.3717,0.3787,2935
2023-03-21 08:00:00+00:00,0.3787,0.3858,0.3737,0.3818,7315
2023-03-21 12:00:00+00:00,0.3819,0.3933,0.3813,0.3918,6996
2023-03-21 16:00:00+00:00,0.3918,0.4401,0.3917,0.4372,10404
2023-03-21 20:00:00+00:00,0.4372,0.4882,0.4367,0.4854,9091
2023-03-22 00:00:00+00:00,0.4805,0.4809,0.4342,0.4563,9393
2023-03-22 04:00:00+00:00,0.4564,0.4673,0.4468,0.4658,9795
2023-03-22 08:00:00+00:00,0.4658,0.4668,0.4435,0.4471,8609
2023-03-22 12:00:00+00:00,0.4471,0.4501,0.434,0.4376,10158
2023-03-22 16:00:00+00:00,0.4376,0.449,0.4276,0.4318,10498
2023-03-22 20:00:00+00:00,0.4318,0.4412,0.4038,0.4195,13203
2023-03-23 00:00:00+00:00,0.4181,0.4219,0.4121,0.4157,5636
2023-03-23 04:00:00+00:00,0.4153,0.4196,0.4072,0.4176,5413
2023-03-23 08:00:00+00:00,0.4176,0.4511,0.4167,0.4349,10325
2023-03-23 12:00:00+00:00,0.4349,0.4496,0.4332,0.4434,7623
2023-03-23 16:00:00+00:00,0.4432,0.45,0.4294,0.4478,11568
2023-03-23 20:00:00+00:00,0.4476,0.4508,0.4308,0.4378,8838
2023-03-24 00:00:00+00:00,0.436,0.4424,0.4327,0.4336,4621
2023-03-24 04:00:00+00:00,0.4336,0.4375,0.4232,0.4287,6439
2023-03-24 08:00:00+00:00,0.4285,0.4333,0.4196,0.4214,5605
2023-03-24 12:00:00+00:00,0.4213,0.427,0.408,0.4235,7781
2023-03-24 16:00:00+00:00,0.4234,0.4258,0.416,0.4202,8609
2023-03-24 20:00:00+00:00,0.4202,0.4224,0.4092,0.4183,8865
2023-03-25 00:00:00+00:00,0.4149,0.4238,0.4147,0.4229,3525
2023-03-25 04:00:00+00:00,0.4229,0.4443,0.417,0.4432,6919
2023-03-25 08:00:00+00:00,0.4432,0.4478,0.4339,0.4383,12935
2023-03-25 12:00:00+00:00,0.4383,0.444,0.4342,0.4408,10432
2023-03-25 16:00:00+00:00,0.4408,0.4598,0.4361,0.4544,10168
2023-03-25 20:00:00+00:00,0.4545,0.4573,0.4415,0.4472,9179
2023-03-26 00:00:00+00:00,0.4468,0.4506,0.4349,0.446,8191
2023-03-26 04:00:00+00:00,0.446,0.4471,0.4397,0.4425,9615
2023-03-26 08:00:00+00:00,0.4426,0.456,0.4415,0.4535,10382
2023-03-26 12:00:00+00:00,0.4536,0.4586,0.4479,0.4492,11876
2023-03-26 16:00:00+00:00,0.4492,0.4507,0.439,0.4396,10983
2023-03-26 20:00:00+00:00,0.4396,0.4447,0.4371,0.439,9023
2023-03-27 00:00:00+00:00,0.438,0.4483,0.438,0.4431,4626
2023-03-27 04:00:00+00:00,0.4431,0.4532,0.4367,0.4518,5998
2023-03-27 08:00:00+00:00,0.4517,0.4646,0.4433,0.4614,8990
2023-03-27 12:00:00+00:00,0.4615,0.4836,0.4579,0.476,11669
2023-03-27 16:00:00+00:00,0.476,0.4798,0.4492,0.453,12185
2023-03-27 20:00:00+00:00,0.4528,0.4694,0.4503,0.4685,9753
2023-03-28 00:00:00+00:00,0.4655,0.4789,0.4648,0.4675,7008
2023-03-28 04:00:00+00:00,0.4675,0.4815,0.4608,0.4809,12170
2023-03-28 08:00:00+00:00,0.4809,0.4887,0.473,0.4797,12331
2023-03-28 12:00:00+00:00,0.4797,0.5002,0.4743,0.4928,13733
2023-03-28 16:00:00+00:00,0.4926,0.4978,0.4872,0.4961,13605
2023-03-28 20:00:00+00:00,0.4962,0.5257,0.4915,0.5191,14392
2023-03-29 00:00:00+00:00,0.5171,0.5286,0.5067,0.5168,6148
2023-03-29 04:00:00+00:00,0.5168,0.5359,0.5098,0.5313,9190
2023-03-29 08:00:00+00:00,0.5313,0.5759,0.5278,0.5658,9113
2023-03-29 12:00:00+00:00,0.5658,0.5796,0.5334,0.5469,11402
2023-03-29 16:00:00+00:00,0.5469,0.5502,0.5268,0.5351,11448
2023-03-29 20:00:00+00:00,0.5351,0.5521,0.5349,0.5451,10320
2023-03-30 00:00:00+00:00,0.5389,0.5474,0.5114,0.5308,9156
2023-03-30 04:00:00+00:00,0.5308,0.5453,0.5155,0.5249,11064
2023-03-30 08:00:00+00:00,0.5245,0.5374,0.5207,0.5263,11082
2023-03-30 12:00:00+00:00,0.526,0.5525,0.5214,0.5363,11685
2023-03-30 16:00:00+00:00,0.5359,0.5407,0.5241,0.5268,13369
2023-03-30 20:00:00+00:00,0.5268,0.5347,0.5213,0.5292,7309
2023-03-31 00:00:00+00:00,0.5285,0.5373,0.5171,0.5279,6897
2023-03-31 04:00:00+00:00,0.5275,0.5351,0.5222,0.5344,7588
2023-03-31 08:00:00+00:00,0.5345,0.5435,0.5268,0.5293,11223
2023-03-31 12:00:00+00:00,0.5293,0.5307,0.5209,0.5264,8177
2023-03-31 16:00:00+00:00,0.5264,0.5314,0.5236,0.5271,8499
2023-03-31 20:00:00+00:00,0.5271,0.5429,0.5254,0.5428,5861
2023-04-01 00:00:00+00:00,0.5367,0.5373,0.5258,0.5285,4931
2023-04-01 04:00:00+00:00,0.5284,0.5315,0.5256,0.5278,6839
2023-04-01 08:00:00+00:00,0.5278,0.5284,0.4915,0.4963,10955
2023-04-01 12:00:00+00:00,0.4964,0.5192,0.4943,0.5095,10858
2023-04-01 16:00:00+00:00,0.5096,0.5099,0.4977,0.5013,8340
2023-04-01 20:00:00+00:00,0.5013,0.5089,0.499,0.5042,5979
2023-04-02 00:00:00+00:00,0.5035,0.5071,0.4957,0.4974,2895
2023-04-02 04:00:00+00:00,0.4973,0.5151,0.4971,0.5089,5310
2023-04-02 08:00:00+00:00,0.5089,0.5155,0.507,0.5086,5220
2023-04-02 12:00:00+00:00,0.5087,0.5126,0.5012,0.5066,7352
2023-04-02 16:00:00+00:00,0.5067,0.5224,0.5033,0.52,10161
2023-04-02 20:00:00+00:00,0.52,0.5242,0.5096,0.5132,5807
2023-04-03 00:00:00+00:00,0.5126,0.5197,0.5105,0.5134,5341
2023-04-03 04:00:00+00:00,0.5134,0.5173,0.4979,0.5063,7645
2023-04-03 08:00:00+00:00,0.5063,0.5134,0.5007,0.5119,6677
2023-04-03 12:00:00+00:00,0.5119,0.5121,0.5042,0.5078,6995
2023-04-03 16:00:00+00:00,0.5077,0.5115,0.5007,0.5015,9153
2023-04-03 20:00:00+00:00,0.5014,0.5095,0.4815,0.4861,10372
2023-04-04 00:00:00+00:00,0.4828,0.4958,0.48,0.4841,6288
2023-04-04 04:00:00+00:00,0.4843,0.4931,0.4819,0.491,5653
2023-04-04 08:00:00+00:00,0.4909,0.4972,0.4889,0.4916,6612
2023-04-04 12:00:00+00:00,0.4916,0.4963,0.4876,0.4953,6965
2023-04-04 16:00:00+00:00,0.4954,0.5001,0.4899,0.4951,9880
2023-04-04 20:00:00+00:00,0.4951,0.5028,0.4933,0.5021,5533
2023-04-05 00:00:00+00:00,0.5,0.5024,0.4931,0.5012,4323
2023-04-05 04:00:00+00:00,0.5012,0.5022,0.4962,0.4995,4540
2023-04-05 08:00:00+00:00,0.4996,0.5218,0.4989,0.5136,9637
2023-04-05 12:00:00+00:00,0.5135,0.5148,0.5016,0.5083,6561
2023-04-05 16:00:00+00:00,0.5082,0.5085,0.4926,0.4954,9613
2023-04-05 20:00:00+00:00,0.4954,0.5043,0.4946,0.4997,8343
2023-04-06 00:00:00+00:00,0.4974,0.5042,0.4907,0.4941,5826
2023-04-06 04:00:00+00:00,0.4941,0.4986,0.4886,0.4966,5529
2023-04-06 08:00:00+00:00,0.4965,0.5003,0.4913,0.4938,6800
2023-04-06 12:00:00+00:00,0.4938,0.4955,0.4856,0.4932,7689
2023-04-06 16:00:00+00:00,0.4932,0.5037,0.4902,0.4997,9906
2023-04-06 20:00:00+00:00,0.4997,0.5047,0.4973,0.4983,6944
2023-04-07 00:00:00+00:00,0.4964,0.4999,0.4945,0.4985,2527
2023-04-07 04:00:00+00:00,0.4985,0.499,0.4921,0.497,3456
2023-04-07 08:00:00+00:00,0.4968,0.5103,0.4946,0.5033,9532
2023-04-07 12:00:00+00:00,0.5032,0.5084,0.4974,0.5009,7420
2023-04-07 16:00:00+00:00,0.5009,0.504,0.5,0.5018,4695
2023-04-07 20:00:00+00:00,0.5019,0.509,0.5017,0.5067,6014
2023-04-08 00:00:00+00:00,0.5059,0.5098,0.5019,0.5034,4584
2023-04-08 04:00:00+00:00,0.5033,0.5082,0.5022,0.5058,3792
2023-04-08 08:00:00+00:00,0.5058,0.5079,0.5025,0.5043,3013
2023-04-08 12:00:00+00:00,0.5043,0.5068,0.5031,0.5042,2706
2023-04-08 16:00:00+00:00,0.5042,0.5055,0.502,0.5039,3504
2023-04-08 20:00:00+00:00,0.5039,0.5052,0.4968,0.5011,4476
2023-04-09 00:00:00+00:00,0.4989,0.5036,0.4968,0.5031,2493
2023-04-09 04:00:00+00:00,0.503,0.5042,0.5001,0.5022,2420
2023-04-09 08:00:00+00:00,0.5021,0.5032,0.4964,0.4984,3494
2023-04-09 12:00:00+00:00,0.4984,0.5004,0.4959,0.4991,3007
2023-04-09 16:00:00+00:00,0.4989,0.4991,0.493,0.4969,2811
2023-04-09 20:00:00+00:00,0.4968,0.5023,0.4945,0.5007,2168
2023-04-10 00:00:00+00:00,0.5006,0.5036,0.4988,0.4997,3017
2023-04-10 04:00:00+00:00,0.4997,0.5001,0.4947,0.4981,2449
2023-04-10 08:00:00+00:00,0.498,0.5015,0.4975,0.5008,2389
2023-04-10 12:00:00+00:00,0.5007,0.5018,0.4968,0.4997,2592
2023-04-10 16:00:00+00:00,0.4996,0.5046,0.4963,0.5042,3719
2023-04-10 20:00:00+00:00,0.5043,0.5085,0.5028,0.5064,4835
2023-04-11 00:00:00+00:00,0.5057,0.5151,0.5056,0.5106,3901
2023-04-11 04:00:00+00:00,0.5106,0.5128,0.5072,0.5116,5040
2023-04-11 08:00:00+00:00,0.5116,0.5231,0.5108,0.5152,4043
2023-04-11 12:00:00+00:00,0.5152,0.5183,0.5134,0.5176,2761
2023-04-11 16:00:00+00:00,0.5176,0.5192,0.5085,0.5086,3347
2023-04-11 20:00:00+00:00,0.5086,0.5142,0.5059,0.5108,4185
2023-04-12 00:00:00+00:00,0.5093,0.5135,0.5065,0.5084,1472
2023-04-12 04:00:00+00:00,0.5082,0.5115,0.4971,0.5046,3914
2023-04-12 08:00:00+00:00,0.5047,0.5051,0.4963,0.4975,3433
2023-04-12 12:00:00+00:00,0.4975,0.5041,0.4956,0.4998,2869
2023-04-12 16:00:00+00:00,0.4998,0.5026,0.4936,0.4967,4708
2023-04-12 20:00:00+00:00,0.4967,0.5002,0.4949,0.4983,4050
2023-04-13 00:00:00+00:00,0.4986,0.5018,0.497,0.498,1990
2023-04-13 04:00:00+00:00,0.498,0.5021,0.4964,0.4999,2075
2023-04-13 08:00:00+00:00,0.4999,0.5065,0.4984,0.5056,1579
2023-04-13 12:00:00+00:00,0.5056,0.5092,0.5028,0.5056,2738
2023-04-13 16:00:00+00:00,0.5056,0.5068,0.5028,0.5034,2176
2023-04-13 20:00:00+00:00,0.5034,0.5109,0.5031,0.5076,3330
2023-04-14 00:00:00+00:00,0.5061,0.5141,0.5052,0.5137,2580
2023-04-14 04:00:00+00:00,0.5137,0.5191,0.5115,0.5171,3962
2023-04-14 08:00:00+00:00,0.5171,0.5412,0.5166,0.5241,5858
2023-04-14 12:00:00+00:00,0.5241,0.5302,0.5177,0.5198,3797
2023-04-14 16:00:00+00:00,0.5195,0.525,0.5069,0.5103,6531
2023-04-14 20:00:00+00:00,0.5105,0.5231,0.5101,0.5222,5427
2023-04-15 00:00:00+00:00,0.5184,0.5218,0.5134,0.5141,1974
2023-04-15 04:00:00+00:00,0.5141,0.5159,0.5115,0.5152,1985
2023-04-15 08:00:00+00:00,0.5151,0.5181,0.5124,0.5158,1849
2023-04-15 12:00:00+00:00,0.5159,0.5214,0.5148,0.5203,2009
2023-04-15 16:00:00+00:00,0.5203,0.5209,0.5146,0.5177,3038
2023-04-15 20:00:00+00:00,0.5177,0.5177,0.5115,0.5134,2242
2023-04-16 00:00:00+00:00,0.5115,0.5196,0.511,0.517,1727
2023-04-16 04:00:00+00:00,0.5171,0.5171,0.5107,0.5148,3383
2023-04-16 08:00:00+00:00,0.5148,0.5168,0.5124,0.5162,2009
2023-04-16 12:00:00+00:00,0.5162,0.5163,0.5113,0.514,1618
2023-04-16 16:00:00+00:00,0.514,0.5165,0.511,0.5165,2848
2023-04-16 20:00:00+00:00,0.5164,0.5197,0.5127,0.5167,3143
2023-04-17 00:00:00+00:00,0.5157,0.5182,0.5026,0.5063,2966
2023-04-17 04:00:00+00:00,0.5062,0.5116,0.5042,0.5086,2773
2023-04-17 08:00:00+00:00,0.5086,0.5113,0.5056,0.5093,2362
2023-04-17 12:00:00+00:00,0.5094,0.51,0.5053,0.5083,2841
2023-04-17 16:00:00+00:00,0.5083,0.5084,0.5013,0.5029,3996
2023-04-17 20:00:00+00:00,0.503,0.5069,0.5025,0.5062,2458
2023-04-18 00:00:00+00:00,0.5033,0.5079,0.5024,0.5067,1338
2023-04-18 04:00:00+00:00,0.5067,0.51,0.5038,0.5089,1701
2023-04-18 08:00:00+00:00,0.5089,0.5133,0.5073,0.5079,2993
2023-04-18 12:00:00+00:00,0.5078,0.5214,0.5075,0.5164,2677
2023-04-18 16:00:00+00:00,0.5164,0.5171,0.5117,0.514,4215
2023-04-18 20:00:00+00:00,0.514,0.5187,0.5108,0.5186,2995
2023-04-19 00:00:00+00:00,0.516,0.5336,0.5139,0.5231,3051
2023-04-19 04:00:00+00:00,0.5231,0.5252,0.5172,0.5247,2572
2023-04-19 08:00:00+00:00,0.5247,0.5282,0.4646,0.4831,5160
2023-04-19 12:00:00+00:00,0.4831,0.494,0.4819,0.492,4359
2023-04-19 16:00:00+00:00,0.4921,0.4972,0.4901,0.4918,4446
2023-04-19 20:00:00+00:00,0.4918,0.4921,0.4852,0.4892,2220
2023-04-20 00:00:00+00:00,0.4869,0.4919,0.4788,0.4895,3480
2023-04-20 04:00:00+00:00,0.4895,0.4932,0.4813,0.4914,2939
2023-04-20 08:00:00+00:00,0.4913,0.4942,0.4861,0.4871,2327
2023-04-20 12:00:00+00:00,0.4871,0.4904,0.4815,0.4886,2913
2023-04-20 16:00:00+00:00,0.4886,0.4887,0.4596,0.4648,4153
2023-04-20 20:00:00+00:00,0.4648,0.4685,0.4597,0.4659,4713
2023-04-21 00:00:00+00:00,0.4653,0.4722,0.4639,0.4694,2923
2023-04-21 04:00:00+00:00,0.4694,0.4739,0.464,0.4695,2147
2023-04-21 08:00:00+00:00,0.4696,0.4705,0.4602,0.4655,3007
2023-04-21 12:00:00+00:00,0.4655,0.4671,0.4537,0.4626,2930
2023-04-21 16:00:00+00:00,0.4627,0.465,0.453,0.4561,5413
2023-04-21 20:00:00+00:00,0.4561,0.4572,0.4351,0.4378,5074
2023-04-22 00:00:00+00:00,0.4374,0.4469,0.4344,0.4417,2710
2023-04-22 04:00:00+00:00,0.4417,0.4469,0.4404,0.4463,2609
2023-04-22 08:00:00+00:00,0.4463,0.4505,0.4443,0.4458,2568
2023-04-22 12:00:00+00:00,0.4458,0.4533,0.4455,0.453,2716
2023-04-22 16:00:00+00:00,0.453,0.4705,0.4527,0.4644,4584
2023-04-22 20:00:00+00:00,0.4644,0.4699,0.4627,0.4651,2860
2023-04-23 00:00:00+00:00,0.4625,0.4681,0.4559,0.4606,3075
2023-04-23 04:00:00+00:00,0.4605,0.4647,0.4594,0.4643,2799
2023-04-23 08:00:00+00:00,0.4643,0.467,0.463,0.4656,3145
2023-04-23 12:00:00+00:00,0.4657,0.4662,0.4598,0.4625,3738
2023-04-23 16:00:00+00:00,0.4625,0.4651,0.4516,0.4567,5158
2023-04-23 20:00:00+00:00,0.4566,0.4587,0.4472,0.4556,4909
2023-04-24 00:00:00+00:00,0.454,0.4801,0.4518,0.4759,4298
2023-04-24 04:00:00+00:00,0.4759,0.4768,0.4608,0.4653,4465
2023-04-24 08:00:00+00:00,0.4652,0.4683,0.4508,0.4552,4675
2023-04-24 12:00:00+00:00,0.455,0.4617,0.4547,0.4587,3390
2023-04-24 16:00:00+00:00,0.4589,0.4615,0.4414,0.4441,5160
2023-04-24 20:00:00+00:00,0.4441,0.4578,0.4423,0.4567,4311
2023-04-25 00:00:00+00:00,0.4542,0.4582,0.4514,0.4536,2638
2023-04-25 04:00:00+00:00,0.4536,0.4576,0.4513,0.454,4273
2023-04-25 08:00:00+00:00,0.454,0.4568,0.4452,0.4512,4572
2023-04-25 12:00:00+00:00,0.4512,0.4526,0.4485,0.4514,3505
2023-04-25 16:00:00+00:00,0.4514,0.4534,0.4463,0.4511,4174
2023-04-25 20:00:00+00:00,0.4512,0.4649,0.4491,0.4648,3156
2023-04-26 00:00:00+00:00,0.4636,0.4669,0.4612,0.462,2254
2023-04-26 04:00:00+00:00,0.462,0.4656,0.4606,0.4637,3066
2023-04-26 08:00:00+00:00,0.4637,0.4668,0.462,0.4663,4698
2023-04-26 12:00:00+00:00,0.4663,0.478,0.4653,0.4772,4938
2023-04-26 16:00:00+00:00,0.4772,0.4774,0.4697,0.4721,5282
2023-04-26 20:00:00+00:00,0.472,0.4737,0.4271,0.4491,7852
2023-04-27 00:00:00+00:00,0.4454,0.465,0.4454,0.4624,4429
2023-04-27 04:00:00+00:00,0.4624,0.4643,0.453,0.4594,4282
2023-04-27 08:00:00+00:00,0.4594,0.4609,0.4521,0.4525,3835
2023-04-27 12:00:00+00:00,0.4524,0.4554,0.4493,0.4535,3773
2023-04-27 16:00:00+00:00,0.4535,0.4589,0.4514,0.4554,5169
2023-04-27 20:00:00+00:00,0.4554,0.4646,0.4546,0.4623,4987
2023-04-28 00:00:00+00:00,0.4605,0.4635,0.4572,0.4612,3231
2023-04-28 04:00:00+00:00,0.4613,0.4749,0.459,0.4689,4318
2023-04-28 08:00:00+00:00,0.469,0.4779,0.4634,0.4667,5515
2023-04-28 12:00:00+00:00,0.4666,0.4689,0.4637,0.4654,3824
2023-04-28 16:00:00+00:00,0.4653,0.4677,0.4594,0.466,5661
2023-04-28 20:00:00+00:00,0.466,0.4731,0.4652,0.4726,4171
2023-04-29 00:00:00+00:00,0.4726,0.482,0.4688,0.4745,3413
2023-04-29 04:00:00+00:00,0.4745,0.4771,0.4725,0.4762,3409
2023-04-29 08:00:00+00:00,0.4763,0.4767,0.4711,0.4734,2910
2023-04-29 12:00:00+00:00,0.4735,0.4776,0.4715,0.4751,2606
2023-04-29 16:00:00+00:00,0.4747,0.4773,0.4725,0.4741,3208
2023-04-29 20:00:00+00:00,0.4742,0.4748,0.4656,0.473,2830
2023-04-30 00:00:00+00:00,0.4715,0.4743,0.4685,0.4698,2373
2023-04-30 04:00:00+00:00,0.47,0.4714,0.4679,0.4704,1353
2023-04-30 08:00:00+00:00,0.4704,0.4729,0.4693,0.4712,2668
2023-04-30 12:00:00+00:00,0.471,0.4725,0.469,0.4696,1272
2023-04-30 16:00:00+00:00,0.4696,0.477,0.4693,0.4746,2291
2023-04-30 20:00:00+00:00,0.4746,0.476,0.4634,0.4681,3656
2023-05-01 00:00:00+00:00,0.4675,0.4699,0.4643,0.4661,1295
2023-05-01 04:00:00+00:00,0.4661,0.4664,0.4539,0.4601,2607
2023-05-01 08:00:00+00:00,0.4601,0.4606,0.4564,0.4595,1995
2023-05-01 12:00:00+00:00,0.4595,0.4623,0.4587,0.4612,1034
2023-05-01 16:00:00+00:00,0.4611,0.4612,0.4508,0.4554,3516
2023-05-01 20:00:00+00:00,0.4554,0.4578,0.4487,0.4544,3567
2023-05-02 00:00:00+00:00,0.4562,0.4601,0.4549,0.4581,2162
2023-05-02 04:00:00+00:00,0.4581,0.459,0.4524,0.4582,1405
2023-05-02 08:00:00+00:00,0.4582,0.4604,0.4559,0.4579,1440
2023-05-02 12:00:00+00:00,0.4579,0.4588,0.4539,0.4567,2018
2023-05-02 16:00:00+00:00,0.4567,0.4593,0.4517,0.4542,3144
2023-05-02 20:00:00+00:00,0.4543,0.4611,0.4524,0.4588,2974
2023-05-03 00:00:00+00:00,0.457,0.4605,0.4567,0.4578,1270
2023-05-03 04:00:00+00:00,0.4578,0.4594,0.4531,0.455,2367
2023-05-03 08:00:00+00:00,0.4543,0.4561,0.45,0.4549,2769
2023-05-03 12:00:00+00:00,0.4549,0.4554,0.4446,0.4462,3365
2023-05-03 16:00:00+00:00,0.4462,0.449,0.4452,0.4467,1990
2023-05-03 20:00:00+00:00,0.4466,0.4529,0.4454,0.4518,4850
2023-05-04 00:00:00+00:00,0.4521,0.4604,0.4498,0.4563,2006
2023-05-04 04:00:00+00:00,0.4563,0.4595,0.4547,0.4587,1962
2023-05-04 08:00:00+00:00,0.4587,0.46,0.4541,0.456,1139
2023-05-04 12:00:00+00:00,0.4556,0.457,0.4533,0.4541,3398
2023-05-04 16:00:00+00:00,0.4541,0.4556,0.4489,0.4513,1977
2023-05-04 20:00:00+00:00,0.4513,0.4549,0.4497,0.4549,1740
2023-05-05 00:00:00+00:00,0.4551,0.4581,0.453,0.4573,1028
2023-05-05 04:00:00+00:00,0.4573,0.4601,0.4558,0.4587,1846
2023-05-05 08:00:00+00:00,0.4587,0.4601,0.4543,0.4545,3020
2023-05-05 12:00:00+00:00,0.4545,0.457,0.4478,0.4539,2473
2023-05-05 16:00:00+00:00,0.4539,0.4608,0.4523,0.4603,1861
2023-05-05 20:00:00+00:00,0.4603,0.4658,0.4578,0.462,1570
2023-05-06 00:00:00+00:00,0.4616,0.4643,0.4604,0.4619,1203
2023-05-06 04:00:00+00:00,0.4619,0.4625,0.4564,0.4584,1810
2023-05-06 08:00:00+00:00,0.4584,0.4598,0.4538,0.4572,2219
2023-05-06 12:00:00+00:00,0.4572,0.4574,0.4519,0.455,2927
2023-05-06 16:00:00+00:00,0.4548,0.455,0.4464,0.4507,5941
2023-05-06 20:00:00+00:00,0.4507,0.4552,0.4501,0.4525,1214
2023-05-07 00:00:00+00:00,0.4502,0.4549,0.4488,0.4542,1013
2023-05-07 04:00:00+00:00,0.4542,0.4555,0.4501,0.4526,1457
2023-05-07 08:00:00+00:00,0.4526,0.4539,0.4514,0.4524,2176
2023-05-07 12:00:00+00:00,0.4524,0.4549,0.4514,0.4537,475
2023-05-07 16:00:00+00:00,0.4537,0.4553,0.4506,0.4538,3208
2023-05-07 20:00:00+00:00,0.4538,0.4545,0.449,0.4519,1755
2023-05-08 00:00:00+00:00,0.4495,0.4526,0.4407,0.4464,2931
2023-05-08 04:00:00+00:00,0.4463,0.4465,0.418,0.4306,3786
2023-05-08 08:00:00+00:00,0.4306,0.4366,0.4265,0.427,2915
2023-05-08 12:00:00+00:00,0.4271,0.4327,0.4265,0.4307,2814
2023-05-08 16:00:00+00:00,0.4306,0.4324,0.425,0.426,2447
2023-05-08 20:00:00+00:00,0.4259,0.4269,0.4039,0.418,4882
2023-05-09 00:00:00+00:00,0.4147,0.4248,0.4147,0.4212,3266
2023-05-09 04:00:00+00:00,0.4212,0.4239,0.4178,0.4203,2658
2023-05-09 08:00:00+00:00,0.4203,0.4225,0.4154,0.4167,3298
2023-05-09 12:00:00+00:00,0.4164,0.4216,0.4154,0.4215,2577
2023-05-09 16:00:00+00:00,0.4216,0.4221,0.416,0.4193,2708
2023-05-09 20:00:00+00:00,0.4194,0.4218,0.4161,0.4198,2229
2023-05-10 00:00:00+00:00,0.4178,0.4257,0.4175,0.4242,1567
2023-05-10 04:00:00+00:00,0.4242,0.4288,0.4224,0.4254,2333
2023-05-10 08:00:00+00:00,0.4253,0.4266,0.4178,0.4185,3197
2023-05-10 12:00:00+00:00,0.4184,0.428,0.4182,0.4263,3601
2023-05-10 16:00:00+00:00,0.4263,0.4282,0.4236,0.4244,3655
2023-05-10 20:00:00+00:00,0.4245,0.4291,0.4054,0.4269,5059
2023-05-11 00:00:00+00:00,0.424,0.4271,0.4209,0.4219,1856
2023-05-11 04:00:00+00:00,0.422,0.4246,0.4214,0.4237,1950
2023-05-11 08:00:00+00:00,0.4236,0.4239,0.4162,0.4169,2366
2023-05-11 12:00:00+00:00,0.4168,0.4223,0.4164,0.4176,2072
2023-05-11 16:00:00+00:00,0.4174,0.4185,0.4108,0.413,3244
2023-05-11 20:00:00+00:00,0.413,0.4142,0.4064,0.4141,3059
2023-05-12 00:00:00+00:00,0.4142,0.4174,0.4122,0.4163,1647
2023-05-12 04:00:00+00:00,0.4163,0.4333,0.4113,0.4328,3665
2023-05-12 08:00:00+00:00,0.4328,0.4386,0.4186,0.4246,6953
2023-05-12 12:00:00+00:00,0.4246,0.4276,0.4204,0.4232,4422
2023-05-12 16:00:00+00:00,0.4232,0.4255,0.4161,0.4172,4217
2023-05-12 20:00:00+00:00,0.4172,0.4218,0.4101,0.4218,4352
2023-05-13 00:00:00+00:00,0.4233,0.4268,0.4211,0.4225,1546
2023-05-13 04:00:00+00:00,0.4225,0.4242,0.4198,0.4209,1098
2023-05-13 08:00:00+00:00,0.4208,0.4226,0.4195,0.4217,832
2023-05-13 12:00:00+00:00,0.4217,0.4229,0.4193,0.4204,973
2023-05-13 16:00:00+00:00,0.4202,0.4211,0.4178,0.4199,1264
2023-05-13 20:00:00+00:00,0.4199,0.4227,0.4189,0.4199,2177
2023-05-14 00:00:00+00:00,0.4201,0.4205,0.4159,0.4188,1583
2023-05-14 04:00:00+00:00,0.4188,0.4225,0.4169,0.4215,1763
2023-05-14 08:00:00+00:00,0.4215,0.4223,0.42,0.4207,1106
2023-05-14 12:00:00+00:00,0.4207,0.422,0.4203,0.4218,904
2023-05-14 16:00:00+00:00,0.4218,0.4269,0.4201,0.4208,1848
2023-05-14 20:00:00+00:00,0.4207,0.422,0.4178,0.4203,2245
2023-05-15 00:00:00+00:00,0.4189,0.4214,0.4161,0.4176,2090
2023-05-15 04:00:00+00:00,0.4177,0.4241,0.4172,0.4241,2922
2023-05-15 08:00:00+00:00,0.424,0.4252,0.4197,0.423,3108
2023-05-15 12:00:00+00:00,0.4231,0.4241,0.4194,0.4209,1981
2023-05-15 16:00:00+00:00,0.4207,0.4224,0.4183,0.4207,3669
2023-05-15 20:00:00+00:00,0.4208,0.4238,0.4202,0.4225,2777
2023-05-16 00:00:00+00:00,0.4214,0.424,0.4189,0.4201,2108
2023-05-16 04:00:00+00:00,0.42,0.4207,0.415,0.4205,2851
2023-05-16 08:00:00+00:00,0.4205,0.4215,0.416,0.4163,2738
2023-05-16 12:00:00+00:00,0.4163,0.4187,0.4131,0.4165,2558
2023-05-16 16:00:00+00:00,0.4166,0.4178,0.4133,0.4173,2806
2023-05-16 20:00:00+00:00,0.4173,0.4202,0.4162,0.4196,1284
2023-05-17 00:00:00+00:00,0.4194,0.4436,0.4181,0.441,3832
2023-05-17 04:00:00+00:00,0.4412,0.4561,0.4412,0.4528,5533
2023-05-17 08:00:00+00:00,0.4528,0.4531,0.4375,0.4382,4441
2023-05-17 12:00:00+00:00,0.4382,0.444,0.436,0.4414,3888
2023-05-17 16:00:00+00:00,0.4415,0.4426,0.4321,0.4352,3472
2023-05-17 20:00:00+00:00,0.4352,0.4452,0.4349,0.4419,4446
2023-05-18 00:00:00+00:00,0.4386,0.4442,0.4384,0.4394,2291
2023-05-18 04:00:00+00:00,0.4394,0.4442,0.4377,0.4441,2184
2023-05-18 08:00:00+00:00,0.4441,0.4451,0.4388,0.4397,3397
2023-05-18 12:00:00+00:00,0.4398,0.4674,0.4392,0.4617,6354
2023-05-18 16:00:00+00:00,0.4615,0.4634,0.4535,0.4567,4564
2023-05-18 20:00:00+00:00,0.4566,0.4571,0.4429,0.4553,5513
2023-05-19 00:00:00+00:00,0.4547,0.46,0.4541,0.4584,2846
2023-05-19 04:00:00+00:00,0.4584,0.4632,0.452,0.4621,4336
2023-05-19 08:00:00+00:00,0.4621,0.4623,0.4538,0.4569,3184
2023-05-19 12:00:00+00:00,0.457,0.4608,0.4561,0.4595,3375
2023-05-19 16:00:00+00:00,0.4596,0.4699,0.4555,0.4622,4722
2023-05-19 20:00:00+00:00,0.4622,0.4643,0.458,0.4599,2396
2023-05-20 00:00:00+00:00,0.461,0.4637,0.4576,0.4586,1351
2023-05-20 04:00:00+00:00,0.4586,0.4612,0.4567,0.4584,1405
2023-05-20 08:00:00+00:00,0.4584,0.4603,0.4577,0.4598,1268
2023-05-20 12:00:00+00:00,0.4597,0.464,0.4584,0.4616,1620
2023-05-20 16:00:00+00:00,0.4616,0.4631,0.4602,0.4607,1725
2023-05-20 20:00:00+00:00,0.4608,0.4644,0.4603,0.4622,1797
2023-05-21 00:00:00+00:00,0.4595,0.467,0.4595,0.4648,1489
2023-05-21 04:00:00+00:00,0.4648,0.4652,0.4626,0.4633,1258
2023-05-21 08:00:00+00:00,0.4633,0.4655,0.463,0.4637,1360
2023-05-21 12:00:00+00:00,0.4636,0.4649,0.4587,0.4606,2915
2023-05-21 16:00:00+00:00,0.4605,0.4615,0.45,0.4527,3409
2023-05-21 20:00:00+00:00,0.4527,0.4582,0.4499,0.455,2453
2023-05-22 00:00:00+00:00,0.4523,0.4553,0.4443,0.448,3088
2023-05-22 04:00:00+00:00,0.448,0.454,0.4462,0.4532,2916
2023-05-22 08:00:00+00:00,0.4532,0.4623,0.4523,0.4543,4361
2023-05-22 12:00:00+00:00,0.4543,0.4579,0.4534,0.4552,2272
2023-05-22 16:00:00+00:00,0.4552,0.4585,0.4503,0.4509,4023
2023-05-22 20:00:00+00:00,0.4509,0.4563,0.4475,0.4556,2724
2023-05-23 00:00:00+00:00,0.456,0.4585,0.4539,0.4564,1553
2023-05-23 04:00:00+00:00,0.4564,0.4616,0.4551,0.4601,3564
2023-05-23 08:00:00+00:00,0.4602,0.4621,0.454,0.4557,3597
2023-05-23 12:00:00+00:00,0.4556,0.4569,0.4545,0.4556,2589
2023-05-23 16:00:00+00:00,0.4556,0.4568,0.453,0.454,3003
2023-05-23 20:00:00+00:00,0.4539,0.4601,0.4536,0.4589,2225
2023-05-24 00:00:00+00:00,0.4571,0.4606,0.4559,0.457,2409
2023-05-24 04:00:00+00:00,0.4569,0.4578,0.4493,0.4542,3309
2023-05-24 08:00:00+00:00,0.4541,0.4557,0.4479,0.4497,3334
2023-05-24 12:00:00+00:00,0.4496,0.4519,0.4483,0.4494,2452
2023-05-24 16:00:00+00:00,0.4494,0.4505,0.4398,0.444,3421
2023-05-24 20:00:00+00:00,0.4439,0.4496,0.4434,0.4488,2303
2023-05-25 00:00:00+00:00,0.4463,0.4494,0.4429,0.4438,1582
2023-05-25 04:00:00+00:00,0.4438,0.449,0.4374,0.4478,2411
2023-05-25 08:00:00+00:00,0.4478,0.4491,0.4419,0.4422,1799
2023-05-25 12:00:00+00:00,0.4421,0.4495,0.4421,0.446,1782
2023-05-25 16:00:00+00:00,0.446,0.4465,0.4422,0.4428,2393
2023-05-25 20:00:00+00:00,0.4427,0.449,0.441,0.4473,1953
2023-05-26 00:00:00+00:00,0.4445,0.4548,0.4445,0.4542,1205
2023-05-26 04:00:00+00:00,0.4541,0.4624,0.4533,0.4596,3667
2023-05-26 08:00:00+00:00,0.4596,0.4611,0.4549,0.4575,2472
2023-05-26 12:00:00+00:00,0.4576,0.4634,0.4572,0.46,3182
2023-05-26 16:00:00+00:00,0.46,0.462,0.4573,0.4582,2504
2023-05-26 20:00:00+00:00,0.4582,0.4635,0.4553,0.4633,2682
2023-05-27 00:00:00+00:00,0.4615,0.4649,0.4602,0.462,2072
2023-05-27 04:00:00+00:00,0.4621,0.474,0.4584,0.4676,3541
2023-05-27 08:00:00+00:00,0.4676,0.4694,0.4653,0.4665,2264
2023-05-27 12:00:00+00:00,0.4665,0.4685,0.4659,0.4675,1480
2023-05-27 16:00:00+00:00,0.4675,0.4681,0.4613,0.4643,1628
2023-05-27 20:00:00+00:00,0.4643,0.4669,0.4637,0.4666,972
2023-05-28 00:00:00+00:00,0.4652,0.4688,0.4644,0.4683,2509
2023-05-28 04:00:00+00:00,0.4685,0.469,0.4666,0.4671,3314
2023-05-28 08:00:00+00:00,0.4671,0.4685,0.4656,0.4669,2210
2023-05-28 12:00:00+00:00,0.4669,0.4691,0.4666,0.4673,1804
2023-05-28 16:00:00+00:00,0.4671,0.4681,0.4659,0.4679,2143
2023-05-28 20:00:00+00:00,0.4679,0.4754,0.4673,0.4728,3824
2023-05-29 00:00:00+00:00,0.4692,0.481,0.4692,0.4776,4333
2023-05-29 04:00:00+00:00,0.4776,0.4792,0.4725,0.4754,2676
2023-05-29 08:00:00+00:00,0.4754,0.4784,0.473,0.475,2532
2023-05-29 12:00:00+00:00,0.475,0.4761,0.4723,0.4758,3239
2023-05-29 16:00:00+00:00,0.4757,0.4778,0.4709,0.4749,4369
2023-05-29 20:00:00+00:00,0.4748,0.4895,0.474,0.4832,6012
2023-05-30 00:00:00+00:00,0.4831,0.4928,0.4815,0.4884,6445
2023-05-30 04:00:00+00:00,0.4885,0.4994,0.484,0.4984,5789
2023-05-30 08:00:00+00:00,0.4984,0.5012,0.4919,0.4972,6533
2023-05-30 12:00:00+00:00,0.4972,0.498,0.4926,0.4948,5256
2023-05-30 16:00:00+00:00,0.4948,0.5192,0.4887,0.5135,9019
2023-05-30 20:00:00+00:00,0.5135,0.5207,0.5129,0.5188,7503
2023-05-31 00:00:00+00:00,0.5186,0.5227,0.5023,0.5129,10129
2023-05-31 04:00:00+00:00,0.5129,0.5226,0.5117,0.5124,8688
2023-05-31 08:00:00+00:00,0.5128,0.5152,0.4969,0.4976,9619
2023-05-31 12:00:00+00:00,0.4976,0.5086,0.4954,0.5035,6229
2023-05-31 16:00:00+00:00,0.5035,0.509,0.4936,0.4983,8570
2023-05-31 20:00:00+00:00,0.4984,0.5122,0.497,0.5096,5815
2023-06-01 00:00:00+00:00,0.5064,0.515,0.5014,0.5032,3820
2023-06-01 04:00:00+00:00,0.5032,0.5051,0.4973,0.502,4662
2023-06-01 08:00:00+00:00,0.502,0.5037,0.4968,0.499,3689
2023-06-01 12:00:00+00:00,0.499,0.5034,0.4972,0.5016,3823
2023-06-01 16:00:00+00:00,0.5015,0.503,0.4957,0.5017,5537
2023-06-01 20:00:00+00:00,0.5017,0.5046,0.4985,0.5032,3089
2023-06-02 00:00:00+00:00,0.5025,0.5085,0.4981,0.5085,2094
2023-06-02 04:00:00+00:00,0.5084,0.5142,0.5045,0.512,3429
2023-06-02 08:00:00+00:00,0.5118,0.5147,0.5068,0.5088,2392
2023-06-02 12:00:00+00:00,0.5089,0.511,0.5052,0.5093,3215
2023-06-02 16:00:00+00:00,0.5091,0.5145,0.5072,0.5127,2607
2023-06-02 20:00:00+00:00,0.5124,0.5219,0.5113,0.5198,3325
2023-06-03 00:00:00+00:00,0.5189,0.5209,0.5155,0.5172,1640
2023-06-03 04:00:00+00:00,0.5171,0.521,0.514,0.5198,1827
2023-06-03 08:00:00+00:00,0.5199,0.5277,0.516,0.5181,3039
2023-06-03 12:00:00+00:00,0.5181,0.5191,0.5156,0.5174,1729
2023-06-03 16:00:00+00:00,0.5174,0.5182,0.5118,0.5155,2466
2023-06-03 20:00:00+00:00,0.5155,0.517,0.5086,0.5164,2285
2023-06-04 00:00:00+00:00,0.5153,0.5168,0.5113,0.512,912
2023-06-04 04:00:00+00:00,0.5119,0.5184,0.5101,0.5162,1754
2023-06-04 08:00:00+00:00,0.5162,0.5218,0.514,0.5197,2046
2023-06-04 12:00:00+00:00,0.5198,0.5207,0.5172,0.5202,1484
2023-06-04 16:00:00+00:00,0.5203,0.5324,0.5194,0.5274,4883
2023-06-04 20:00:00+00:00,0.5275,0.5402,0.5266,0.5397,4408
2023-06-05 00:00:00+00:00,0.5367,0.5392,0.5287,0.5332,6020
2023-06-05 04:00:00+00:00,0.533,0.533,0.5222,0.5297,4751
2023-06-05 08:00:00+00:00,0.5295,0.5349,0.5252,0.5298,3752
2023-06-05 12:00:00+00:00,0.5298,0.5323,0.5243,0.5254,4103
2023-06-05 16:00:00+00:00,0.5254,0.5336,0.4801,0.4998,8537
2023-06-05 20:00:00+00:00,0.4992,0.5037,0.4844,0.5017,7312
2023-06-06 00:00:00+00:00,0.4995,0.5081,0.4906,0.5055,4544
2023-06-06 04:00:00+00:00,0.5052,0.5072,0.4976,0.5069,4708
2023-06-06 08:00:00+00:00,0.5071,0.5091,0.5,0.5032,3696
2023-06-06 12:00:00+00:00,0.5033,0.5066,0.4919,0.4938,3995
2023-06-06 16:00:00+00:00,0.4935,0.51,0.49,0.5092,7852
2023-06-06 20:00:00+00:00,0.5091,0.5274,0.507,0.5178,7293
2023-06-07 00:00:00+00:00,0.5186,0.5274,0.5186,0.5244,4039
2023-06-07 04:00:00+00:00,0.5244,0.5253,0.5187,0.5237,3684
2023-06-07 08:00:00+00:00,0.5236,0.5331,0.5104,0.5231,5240
2023-06-07 12:00:00+00:00,0.523,0.5285,0.5113,0.5236,6112
2023-06-07 16:00:00+00:00,0.5232,0.5271,0.5012,0.5058,8039
2023-06-07 20:00:00+00:00,0.5058,0.5211,0.5014,0.5195,4809
2023-06-08 00:00:00+00:00,0.5181,0.5196,0.5072,0.511,3430
2023-06-08 04:00:00+00:00,0.511,0.5179,0.511,0.5165,1906
2023-06-08 08:00:00+00:00,0.5166,0.519,0.5128,0.5142,2387
2023-06-08 12:00:00+00:00,0.5142,0.5191,0.5104,0.516,2696
2023-06-08 16:00:00+00:00,0.516,0.5207,0.5134,0.5185,4072
2023-06-08 20:00:00+00:00,0.5186,0.5228,0.5138,0.5221,2518
2023-06-09 00:00:00+00:00,0.5212,0.5225,0.5171,0.5181,1471
2023-06-09 04:00:00+00:00,0.518,0.5213,0.5158,0.52,2620
2023-06-09 08:00:00+00:00,0.5201,0.5246,0.5155,0.5234,1587
2023-06-09 12:00:00+00:00,0.5234,0.5289,0.5203,0.5278,3728
2023-06-09 16:00:00+00:00,0.5278,0.5362,0.5226,0.5237,6064
2023-06-09 20:00:00+00:00,0.5235,0.5329,0.5211,0.5322,5025
2023-06-10 00:00:00+00:00,0.5325,0.5339,0.528,0.5292,3759
2023-06-10 04:00:00+00:00,0.5292,0.5335,0.4782,0.4945,8510
2023-06-10 08:00:00+00:00,0.4948,0.5014,0.4649,0.4863,9933
2023-06-10 12:00:00+00:00,0.4862,0.4905,0.4826,0.4829,4802
2023-06-10 16:00:00+00:00,0.4827,0.4878,0.481,0.4831,4370
2023-06-10 20:00:00+00:00,0.4831,0.5022,0.4774,0.5001,8465
2023-06-11 00:00:00+00:00,0.4973,0.5071,0.4963,0.5001,5004
2023-06-11 04:00:00+00:00,0.5002,0.5035,0.4978,0.4994,3385
2023-06-11 08:00:00+00:00,0.4994,0.5031,0.4989,0.4995,2358
2023-06-11 12:00:00+00:00,0.4995,0.5055,0.499,0.5019,2112
2023-06-11 16:00:00+00:00,0.5019,0.5117,0.5001,0.5099,3266
2023-06-11 20:00:00+00:00,0.5099,0.524,0.5084,0.5185,5004
2023-06-12 00:00:00+00:00,0.5196,0.5211,0.5086,0.5142,5298
2023-06-12 04:00:00+00:00,0.5141,0.5165,0.5038,0.5112,5638
2023-06-12 08:00:00+00:00,0.5113,0.5128,0.5064,0.5109,4551
2023-06-12 12:00:00+00:00,0.5108,0.5181,0.5104,0.5152,4187
2023-06-12 16:00:00+00:00,0.5152,0.5154,0.5073,0.5131,4420
2023-06-12 20:00:00+00:00,0.5131,0.523,0.5068,0.5199,5017
2023-06-13 00:00:00+00:00,0.5198,0.5223,0.5152,0.5159,3513
2023-06-13 04:00:00+00:00,0.5158,0.5257,0.5141,0.5232,4215
2023-06-13 08:00:00+00:00,0.5233,0.5264,0.5214,0.5233,3828
2023-06-13 12:00:00+00:00,0.5233,0.5597,0.5154,0.5304,9038
2023-06-13 16:00:00+00:00,0.5304,0.5335,0.499,0.5074,7265
2023-06-13 20:00:00+00:00,0.5074,0.518,0.5041,0.5163,3796
2023-06-14 00:00:00+00:00,0.5145,0.5194,0.504,0.5096,3900
2023-06-14 04:00:00+00:00,0.5095,0.5121,0.5071,0.5104,2687
2023-06-14 08:00:00+00:00,0.5102,0.5108,0.4901,0.4979,4376
2023-06-14 12:00:00+00:00,0.4979,0.5042,0.4951,0.5031,3410
2023-06-14 16:00:00+00:00,0.5031,0.5035,0.4938,0.497,4338
2023-06-14 20:00:00+00:00,0.4969,0.5008,0.4547,0.4622,10642
2023-06-15 00:00:00+00:00,0.4691,0.479,0.4676,0.4767,5880
2023-06-15 04:00:00+00:00,0.4766,0.4791,0.4708,0.4774,2924
2023-06-15 08:00:00+00:00,0.4774,0.48,0.4601,0.4651,7396
2023-06-15 12:00:00+00:00,0.465,0.4742,0.4623,0.473,6480
2023-06-15 16:00:00+00:00,0.473,0.4763,0.467,0.4686,4153
2023-06-15 20:00:00+00:00,0.4685,0.4777,0.4619,0.474,6896
2023-06-16 00:00:00+00:00,0.4745,0.4785,0.468,0.4706,2843
2023-06-16 04:00:00+00:00,0.4706,0.4764,0.47,0.4745,2990
2023-06-16 08:00:00+00:00,0.4746,0.4775,0.4705,0.4719,2262
2023-06-16 12:00:00+00:00,0.4719,0.4737,0.4498,0.4599,5516
2023-06-16 16:00:00+00:00,0.4599,0.4616,0.4491,0.4587,6688
2023-06-16 20:00:00+00:00,0.4585,0.4714,0.4585,0.4679,6822
2023-06-17 00:00:00+00:00,0.464,0.4708,0.4636,0.4666,2645
2023-06-17 04:00:00+00:00,0.4667,0.4694,0.4635,0.4688,2267
2023-06-17 08:00:00+00:00,0.4688,0.4812,0.4681,0.4756,4913
2023-06-17 12:00:00+00:00,0.4756,0.4778,0.4701,0.4746,4286
2023-06-17 16:00:00+00:00,0.4746,0.4767,0.4683,0.4747,4157
2023-06-17 20:00:00+00:00,0.4747,0.4768,0.4726,0.4755,3482
2023-06-18 00:00:00+00:00,0.4733,0.4766,0.4682,0.4725,2132
2023-06-18 04:00:00+00:00,0.4725,0.4777,0.4721,0.4756,1373
2023-06-18 08:00:00+00:00,0.4757,0.4789,0.4724,0.4772,2073
2023-06-18 12:00:00+00:00,0.4772,0.4844,0.4753,0.4829,4305
2023-06-18 16:00:00+00:00,0.4829,0.4902,0.4813,0.4885,4896
2023-06-18 20:00:00+00:00,0.4885,0.4922,0.4808,0.4848,5726
2023-06-19 00:00:00+00:00,0.4825,0.4853,0.4747,0.4787,3899
2023-06-19 04:00:00+00:00,0.4787,0.488,0.4778,0.4879,3030
2023-06-19 08:00:00+00:00,0.4877,0.4894,0.4801,0.4811,3625
2023-06-19 12:00:00+00:00,0.4812,0.4858,0.4802,0.4851,2107
2023-06-19 16:00:00+00:00,0.4851,0.4865,0.4794,0.4856,3812
2023-06-19 20:00:00+00:00,0.4855,0.4928,0.4819,0.4878,6749
2023-06-20 00:00:00+00:00,0.4879,0.4898,0.4853,0.4877,4217
2023-06-20 04:00:00+00:00,0.4875,0.4912,0.484,0.4848,3861
2023-06-20 08:00:00+00:00,0.4847,0.4859,0.4768,0.4775,3941
2023-06-20 12:00:00+00:00,0.4774,0.4797,0.4714,0.4783,3518
2023-06-20 16:00:00+00:00,0.4783,0.4791,0.4656,0.4757,4880
2023-06-20 20:00:00+00:00,0.4755,0.4885,0.4747,0.4885,6645
2023-06-21 00:00:00+00:00,0.4875,0.489,0.4823,0.4881,4708
2023-06-21 04:00:00+00:00,0.4881,0.495,0.4875,0.495,5067
2023-06-21 08:00:00+00:00,0.4949,0.4981,0.4877,0.4918,3767
2023-06-21 12:00:00+00:00,0.4918,0.4926,0.4848,0.4862,3849
2023-06-21 16:00:00+00:00,0.4862,0.4965,0.4855,0.4907,4611
2023-06-21 20:00:00+00:00,0.4905,0.4951,0.4846,0.4906,4865
2023-06-22 00:00:00+00:00,0.4856,0.498,0.4856,0.4968,3585
2023-06-22 04:00:00+00:00,0.4968,0.5212,0.4968,0.5102,6445
2023-06-22 08:00:00+00:00,0.5102,0.5115,0.5015,0.504,3757
2023-06-22 12:00:00+00:00,0.5039,0.5058,0.4756,0.4931,5438
2023-06-22 16:00:00+00:00,0.4929,0.4961,0.4819,0.4883,4300
2023-06-22 20:00:00+00:00,0.4884,0.4942,0.4871,0.4936,2505
2023-06-23 00:00:00+00:00,0.4892,0.4938,0.4868,0.4908,4428
2023-06-23 04:00:00+00:00,0.4907,0.4963,0.4864,0.4939,3833
2023-06-23 08:00:00+00:00,0.4939,0.4945,0.4859,0.4888,3933
2023-06-23 12:00:00+00:00,0.4887,0.4897,0.4805,0.4841,3491
2023-06-23 16:00:00+00:00,0.484,0.4947,0.4786,0.491,7762
2023-06-23 20:00:00+00:00,0.4911,0.4971,0.4893,0.4961,5694
2023-06-24 00:00:00+00:00,0.4872,0.4925,0.483,0.4862,1843
2023-06-24 04:00:00+00:00,0.4861,0.4888,0.4824,0.4877,2036
2023-06-24 08:00:00+00:00,0.4878,0.4898,0.4837,0.4852,3019
2023-06-24 12:00:00+00:00,0.4852,0.4893,0.4837,0.4882,2438
2023-06-24 16:00:00+00:00,0.4874,0.4882,0.4711,0.4806,7614
2023-06-24 20:00:00+00:00,0.4805,0.4839,0.479,0.4809,3798
2023-06-25 00:00:00+00:00,0.4788,0.4834,0.4767,0.4793,3553
2023-06-25 04:00:00+00:00,0.4793,0.487,0.4768,0.485,5024
2023-06-25 08:00:00+00:00,0.485,0.4885,0.4816,0.4871,5036
2023-06-25 12:00:00+00:00,0.4871,0.4893,0.483,0.4869,1623
2023-06-25 16:00:00+00:00,0.4869,0.4921,0.4814,0.4862,3814
2023-06-25 20:00:00+00:00,0.4861,0.4874,0.4796,0.4857,2200
2023-06-26 00:00:00+00:00,0.486,0.4869,0.4797,0.4806,2421
2023-06-26 04:00:00+00:00,0.4805,0.4826,0.4772,0.4803,3429
2023-06-26 08:00:00+00:00,0.4801,0.4814,0.4746,0.4774,4849
2023-06-26 12:00:00+00:00,0.4775,0.4786,0.472,0.4779,3302
2023-06-26 16:00:00+00:00,0.4779,0.4822,0.4645,0.4697,4894
2023-06-26 20:00:00+00:00,0.4697,0.4753,0.4661,0.4722,3392
2023-06-27 00:00:00+00:00,0.4695,0.475,0.4657,0.4724,4458
2023-06-27 04:00:00+00:00,0.4726,0.4779,0.4708,0.4775,4057
2023-06-27 08:00:00+00:00,0.4775,0.478,0.4722,0.4743,3154
2023-06-27 12:00:00+00:00,0.4742,0.478,0.4734,0.4773,4870
2023-06-27 16:00:00+00:00,0.4774,0.4798,0.4705,0.4735,6407
2023-06-27 20:00:00+00:00,0.4735,0.4781,0.4733,0.4773,2970
2023-06-28 00:00:00+00:00,0.4746,0.4796,0.4735,0.477,2423
2023-06-28 04:00:00+00:00,0.4771,0.4787,0.4748,0.4783,2143
2023-06-28 08:00:00+00:00,0.4783,0.4784,0.4651,0.468,3809
2023-06-28 12:00:00+00:00,0.468,0.4723,0.4659,0.4667,2388
2023-06-28 16:00:00+00:00,0.4668,0.4701,0.466,0.4676,2659
2023-06-28 20:00:00+00:00,0.4676,0.4678,0.4403,0.4575,5095
2023-06-29 00:00:00+00:00,0.456,0.4617,0.455,0.4573,2131
2023-06-29 04:00:00+00:00,0.4572,0.464,0.4566,0.4623,2092
2023-06-29 08:00:00+00:00,0.4623,0.4627,0.4586,0.4627,1394
2023-06-29 12:00:00+00:00,0.4627,0.4679,0.4625,0.4673,1772
2023-06-29 16:00:00+00:00,0.4673,0.4674,0.4613,0.4654,2343
2023-06-29 20:00:00+00:00,0.4654,0.4723,0.4642,0.4693,2583
2023-06-30 00:00:00+00:00,0.4703,0.4715,0.4655,0.4657,2338
2023-06-30 04:00:00+00:00,0.4657,0.4774,0.4635,0.4735,3116
2023-06-30 08:00:00+00:00,0.4735,0.477,0.4675,0.4723,2921
2023-06-30 12:00:00+00:00,0.4723,0.4772,0.4694,0.4767,3039
2023-06-30 16:00:00+00:00,0.4767,0.4772,0.4452,0.4647,6509
2023-06-30 20:00:00+00:00,0.4647,0.4728,0.4645,0.4711,3883
2023-07-01 00:00:00+00:00,0.4724,0.4726,0.4619,0.4625,2368
2023-07-01 04:00:00+00:00,0.4626,0.467,0.4592,0.4641,3711
2023-07-01 08:00:00+00:00,0.4641,0.4665,0.4619,0.4641,2637
2023-07-01 12:00:00+00:00,0.4641,0.4696,0.4634,0.4689,2395
2023-07-01 16:00:00+00:00,0.4689,0.471,0.4654,0.4677,2771
2023-07-01 20:00:00+00:00,0.4676,0.4705,0.4671,0.4691,2191
2023-07-02 00:00:00+00:00,0.4676,0.4698,0.4649,0.4664,2395
2023-07-02 04:00:00+00:00,0.4663,0.4909,0.466,0.4786,7123
2023-07-02 08:00:00+00:00,0.4785,0.4803,0.4749,0.4754,3326
2023-07-02 12:00:00+00:00,0.4754,0.4778,0.4715,0.4776,3141
2023-07-02 16:00:00+00:00,0.4775,0.4876,0.4746,0.4798,5415
2023-07-02 20:00:00+00:00,0.4798,0.4824,0.4756,0.4782,3227
2023-07-03 00:00:00+00:00,0.4783,0.4819,0.4762,0.4775,3462
2023-07-03 04:00:00+00:00,0.4776,0.4795,0.4745,0.4781,3361
2023-07-03 08:00:00+00:00,0.4781,0.4794,0.4736,0.4788,3180
2023-07-03 12:00:00+00:00,0.4789,0.4832,0.4764,0.4786,3244
2023-07-03 16:00:00+00:00,0.4786,0.48,0.4732,0.4783,3034
2023-07-03 20:00:00+00:00,0.4783,0.4862,0.4779,0.4836,2582
2023-07-04 00:00:00+00:00,0.4795,0.486,0.4795,0.4837,2576
2023-07-04 04:00:00+00:00,0.4837,0.4886,0.4813,0.4843,2536
2023-07-04 08:00:00+00:00,0.4843,0.4864,0.482,0.483,2331
2023-07-04 12:00:00+00:00,0.483,0.4848,0.4799,0.4846,1942
2023-07-04 16:00:00+00:00,0.4846,0.4846,0.4768,0.4792,2422
2023-07-04 20:00:00+00:00,0.4792,0.4844,0.4782,0.4842,2659
2023-07-05 00:00:00+00:00,0.4834,0.4846,0.4816,0.4826,2195
2023-07-05 04:00:00+00:00,0.4826,0.4869,0.4823,0.4858,1675
2023-07-05 08:00:00+00:00,0.4858,0.4863,0.4801,0.4838,2072
2023-07-05 12:00:00+00:00,0.4838,0.484,0.4654,0.4701,3514
2023-07-05 16:00:00+00:00,0.4701,0.473,0.4645,0.4686,2418
2023-07-05 20:00:00+00:00,0.4688,0.4733,0.468,0.4722,2231
2023-07-06 00:00:00+00:00,0.4672,0.4739,0.4672,0.4704,2289
2023-07-06 04:00:00+00:00,0.4704,0.4739,0.4687,0.473,2478
2023-07-06 08:00:00+00:00,0.473,0.4774,0.4718,0.4769,2534
2023-07-06 12:00:00+00:00,0.4769,0.4791,0.4655,0.4681,2919
2023-07-06 16:00:00+00:00,0.468,0.4695,0.4563,0.4617,2884
2023-07-06 20:00:00+00:00,0.4617,0.4649,0.4609,0.4637,1658
2023-07-07 00:00:00+00:00,0.463,0.4655,0.453,0.4604,3372
2023-07-07 04:00:00+00:00,0.4604,0.4649,0.4603,0.4642,1900
2023-07-07 08:00:00+00:00,0.4642,0.4657,0.4567,0.4606,2365
2023-07-07 12:00:00+00:00,0.4606,0.4647,0.4588,0.462,2008
2023-07-07 16:00:00+00:00,0.462,0.4633,0.4606,0.4616,1626
2023-07-07 20:00:00+00:00,0.4616,0.463,0.4591,0.4624,1571
2023-07-08 00:00:00+00:00,0.4633,0.4638,0.4616,0.4619,1414
2023-07-08 04:00:00+00:00,0.4619,0.4633,0.4611,0.4616,1658
2023-07-08 08:00:00+00:00,0.4615,0.4637,0.46,0.4629,1860
2023-07-08 12:00:00+00:00,0.4629,0.4639,0.461,0.4613,2008
2023-07-08 16:00:00+00:00,0.4613,0.4697,0.4612,0.4657,2561
2023-07-08 20:00:00+00:00,0.4656,0.4669,0.4622,0.4645,2518
2023-07-09 00:00:00+00:00,0.4614,0.4662,0.4614,0.4657,1992
2023-07-09 04:00:00+00:00,0.4657,0.467,0.4648,0.4655,2041
2023-07-09 08:00:00+00:00,0.4654,0.4658,0.4629,0.4654,2094
2023-07-09 12:00:00+00:00,0.4653,0.4655,0.4625,0.465,2095
2023-07-09 16:00:00+00:00,0.465,0.4666,0.4616,0.4641,2454
2023-07-09 20:00:00+00:00,0.4641,0.4659,0.4633,0.4654,1936
2023-07-10 00:00:00+00:00,0.4637,0.4655,0.4575,0.4609,2400
2023-07-10 04:00:00+00:00,0.4608,0.464,0.4591,0.4629,2199
2023-07-10 08:00:00+00:00,0.4629,0.4645,0.4606,0.4616,2446
2023-07-10 12:00:00+00:00,0.4616,0.4689,0.4607,0.466,2219
2023-07-10 16:00:00+00:00,0.466,0.4678,0.4654,0.4668,1493
2023-07-10 20:00:00+00:00,0.4667,0.475,0.4664,0.4738,2027
2023-07-11 00:00:00+00:00,0.4733,0.4745,0.4688,0.4702,2721
2023-07-11 04:00:00+00:00,0.4701,0.4718,0.4693,0.4715,2107
2023-07-11 08:00:00+00:00,0.4716,0.4728,0.4696,0.4696,2103
2023-07-11 12:00:00+00:00,0.4696,0.4699,0.4668,0.4693,1755
2023-07-11 16:00:00+00:00,0.4693,0.4703,0.4669,0.4685,1693
2023-07-11 20:00:00+00:00,0.4685,0.4701,0.4661,0.4699,1574
2023-07-12 00:00:00+00:00,0.4651,0.4718,0.4651,0.4688,2091
2023-07-12 04:00:00+00:00,0.4687,0.4712,0.4684,0.4704,2104
2023-07-12 08:00:00+00:00,0.4703,0.4723,0.4686,0.4688,2221
2023-07-12 12:00:00+00:00,0.4688,0.4712,0.4671,0.4686,1806
2023-07-12 16:00:00+00:00,0.4686,0.4691,0.4617,0.4636,1862
2023-07-12 20:00:00+00:00,0.4637,0.4675,0.4599,0.4642,2328
2023-07-13 00:00:00+00:00,0.4641,0.4671,0.4637,0.466,1919
2023-07-13 04:00:00+00:00,0.466,0.4685,0.4645,0.4673,2130
2023-07-13 08:00:00+00:00,0.4673,0.4687,0.465,0.4677,2209
2023-07-13 12:00:00+00:00,0.4675,0.4714,0.4662,0.468,2079
2023-07-13 16:00:00+00:00,0.468,0.6388,0.4669,0.6076,10402
2023-07-13 20:00:00+00:00,0.6076,0.9282,0.6059,0.8032,23545
2023-07-14 00:00:00+00:00,0.7968,0.8205,0.7666,0.7784,17168
2023-07-14 04:00:00+00:00,0.7784,0.8148,0.719,0.7856,14096
2023-07-14 08:00:00+00:00,0.7855,0.7944,0.7599,0.7807,11085
2023-07-14 12:00:00+00:00,0.7807,0.8024,0.7609,0.767,10626
2023-07-14 16:00:00+00:00,0.767,0.7808,0.7299,0.7443,11110
2023-07-14 20:00:00+00:00,0.7443,0.7444,0.6638,0.706,15667
2023-07-15 00:00:00+00:00,0.7155,0.7212,0.6917,0.6998,7120
2023-07-15 04:00:00+00:00,0.6997,0.7305,0.6877,0.7179,10056
2023-07-15 08:00:00+00:00,0.7179,0.7256,0.7069,0.7165,7714
2023-07-15 12:00:00+00:00,0.7165,0.7289,0.7108,0.7191,6846
2023-07-15 16:00:00+00:00,0.7191,0.722,0.6967,0.7019,7390
2023-07-15 20:00:00+00:00,0.7019,0.7265,0.6995,0.7122,6799
2023-07-16 00:00:00+00:00,0.7115,0.7181,0.7031,0.7157,5301
2023-07-16 04:00:00+00:00,0.7157,0.722,0.6988,0.707,6904
2023-07-16 08:00:00+00:00,0.707,0.7145,0.7057,0.7131,3796
2023-07-16 12:00:00+00:00,0.7131,0.7569,0.7116,0.7438,9659
2023-07-16 16:00:00+00:00,0.7438,0.7742,0.738,0.7607,10035
2023-07-16 20:00:00+00:00,0.7607,0.7848,0.7327,0.7379,10270
2023-07-17 00:00:00+00:00,0.7396,0.7564,0.7364,0.7415,8329
2023-07-17 04:00:00+00:00,0.7415,0.7548,0.7399,0.7444,5549
2023-07-17 08:00:00+00:00,0.7444,0.7499,0.7384,0.7404,5311
2023-07-17 12:00:00+00:00,0.7404,0.7427,0.7162,0.7343,10649
2023-07-17 16:00:00+00:00,0.7341,0.7604,0.7151,0.7259,17930
2023-07-17 20:00:00+00:00,0.726,0.7336,0.7066,0.7293,21977
2023-07-18 00:00:00+00:00,0.7317,0.7397,0.7279,0.7328,18068
2023-07-18 04:00:00+00:00,0.7328,0.7423,0.7289,0.7346,12481
2023-07-18 08:00:00+00:00,0.7346,0.7475,0.7253,0.7393,18520
2023-07-18 12:00:00+00:00,0.7392,0.7641,0.7325,0.7549,17607
2023-07-18 16:00:00+00:00,0.7549,0.7635,0.7368,0.7432,12736
2023-07-18 20:00:00+00:00,0.7433,0.7663,0.7404,0.7584,14015
2023-07-19 00:00:00+00:00,0.7571,0.7833,0.7553,0.7804,8605
2023-07-19 04:00:00+00:00,0.7804,0.8123,0.7726,0.7902,14326
2023-07-19 08:00:00+00:00,0.7902,0.7992,0.759,0.7702,11476
2023-07-19 12:00:00+00:00,0.7702,0.7982,0.7654,0.7941,16154
2023-07-19 16:00:00+00:00,0.7937,0.807,0.7856,0.7965,18876
2023-07-19 20:00:00+00:00,0.7963,0.8473,0.7937,0.8222,18826
2023-07-20 00:00:00+00:00,0.8166,0.8306,0.8064,0.8263,10875
2023-07-20 04:00:00+00:00,0.8262,0.8438,0.8186,0.8229,9171
2023-07-20 08:00:00+00:00,0.8229,0.8379,0.8079,0.8123,11356
2023-07-20 12:00:00+00:00,0.8124,0.8136,0.7946,0.8068,14013
2023-07-20 16:00:00+00:00,0.8069,0.808,0.7721,0.7887,11929
2023-07-20 20:00:00+00:00,0.7887,0.791,0.7653,0.7719,12393
2023-07-21 00:00:00+00:00,0.7706,0.7984,0.7705,0.7848,10319
2023-07-21 04:00:00+00:00,0.7847,0.7935,0.7834,0.7872,6089
2023-07-21 08:00:00+00:00,0.7872,0.7877,0.7681,0.7714,5079
2023-07-21 12:00:00+00:00,0.7714,0.7761,0.7538,0.7719,7340
2023-07-21 16:00:00+00:00,0.7717,0.7747,0.7652,0.7727,9890
2023-07-21 20:00:00+00:00,0.7728,0.7885,0.7705,0.7778,11979
2023-07-22 00:00:00+00:00,0.7643,0.7719,0.7628,0.7671,5220
2023-07-22 04:00:00+00:00,0.7669,0.773,0.7608,0.767,5311
2023-07-22 08:00:00+00:00,0.767,0.7748,0.7646,0.7731,6310
2023-07-22 12:00:00+00:00,0.7731,0.7732,0.7588,0.7631,5585
2023-07-22 16:00:00+00:00,0.763,0.7659,0.7557,0.7622,9535
2023-07-22 20:00:00+00:00,0.7622,0.7653,0.7338,0.7473,9534
2023-07-23 00:00:00+00:00,0.7461,0.7491,0.7089,0.7166,10149
2023-07-23 04:00:00+00:00,0.7164,0.7402,0.7158,0.7368,8370
2023-07-23 08:00:00+00:00,0.7368,0.7423,0.7305,0.7374,6533
2023-07-23 12:00:00+00:00,0.7372,0.7391,0.7304,0.7347,5814
2023-07-23 16:00:00+00:00,0.7347,0.7402,0.7304,0.737,6808
2023-07-23 20:00:00+00:00,0.737,0.7467,0.726,0.7364,11967
2023-07-24 00:00:00+00:00,0.7316,0.7374,0.7259,0.7339,4156
2023-07-24 04:00:00+00:00,0.7339,0.7348,0.7156,0.7264,9576
2023-07-24 08:00:00+00:00,0.7263,0.7278,0.7074,0.7113,5088
2023-07-24 12:00:00+00:00,0.7113,0.7157,0.6675,0.6924,10057
2023-07-24 16:00:00+00:00,0.6924,0.6997,0.6754,0.6942,8876
2023-07-24 20:00:00+00:00,0.6942,0.7033,0.6913,0.6968,5849
2023-07-25 00:00:00+00:00,0.6975,0.7027,0.6883,0.6915,3182
2023-07-25 04:00:00+00:00,0.6916,0.6941,0.6837,0.6863,4727
2023-07-25 08:00:00+00:00,0.6863,0.691,0.6684,0.6817,5902
2023-07-25 12:00:00+00:00,0.6816,0.6887,0.6783,0.6839,4684
2023-07-25 16:00:00+00:00,0.6839,0.7023,0.6823,0.6931,14454
2023-07-25 20:00:00+00:00,0.6931,0.7015,0.6899,0.6975,10047
2023-07-26 00:00:00+00:00,0.6975,0.7103,0.695,0.7042,7179
2023-07-26 04:00:00+00:00,0.704,0.7093,0.6954,0.7004,7618
2023-07-26 08:00:00+00:00,0.7004,0.7029,0.6911,0.6964,5147
2023-07-26 12:00:00+00:00,0.6963,0.6985,0.6884,0.6963,6520
2023-07-26 16:00:00+00:00,0.6963,0.7016,0.693,0.6965,7365
2023-07-26 20:00:00+00:00,0.6965,0.7247,0.6884,0.7223,15132
2023-07-27 00:00:00+00:00,0.721,0.7253,0.7026,0.7039,7642
2023-07-27 04:00:00+00:00,0.7041,0.7167,0.7031,0.7128,2428
2023-07-27 08:00:00+00:00,0.7129,0.7149,0.7043,0.7096,3016
2023-07-27 12:00:00+00:00,0.7096,0.7142,0.7084,0.7121,6184
2023-07-27 16:00:00+00:00,0.7121,0.7268,0.7007,0.7179,8181
2023-07-27 20:00:00+00:00,0.7178,0.7192,0.7015,0.7067,10430
2023-07-28 00:00:00+00:00,0.7054,0.7135,0.7054,0.7113,3149
2023-07-28 04:00:00+00:00,0.7113,0.7123,0.7069,0.709,3781
2023-07-28 08:00:00+00:00,0.709,0.7094,0.6961,0.7035,5706
2023-07-28 12:00:00+00:00,0.7035,0.7087,0.7027,0.7078,4472
2023-07-28 16:00:00+00:00,0.7076,0.7119,0.7041,0.707,6075
2023-07-28 20:00:00+00:00,0.7071,0.7093,0.7028,0.7072,3363
2023-07-29 00:00:00+00:00,0.7054,0.7085,0.7036,0.7053,5615
2023-07-29 04:00:00+00:00,0.7053,0.7075,0.7045,0.706,5039
2023-07-29 08:00:00+00:00,0.706,0.71,0.7052,0.7052,1667
2023-07-29 12:00:00+00:00,0.7052,0.7067,0.697,0.7045,2607
2023-07-29 16:00:00+00:00,0.7045,0.7056,0.7019,0.7039,2497
2023-07-29 20:00:00+00:00,0.7038,0.7103,0.7035,0.7082,4000
2023-07-30 00:00:00+00:00,0.7088,0.7089,0.7029,0.7059,2689
2023-07-30 04:00:00+00:00,0.7053,0.7063,0.7034,0.7061,2455
2023-07-30 08:00:00+00:00,0.7062,0.7078,0.7038,0.7072,2724
2023-07-30 12:00:00+00:00,0.7072,0.7301,0.7051,0.7159,8190
2023-07-30 16:00:00+00:00,0.716,0.7166,0.7052,0.711,6389
2023-07-30 20:00:00+00:00,0.711,0.7125,0.6768,0.7013,5885
2023-07-31 00:00:00+00:00,0.7004,0.7064,0.6934,0.7046,2961
2023-07-31 04:00:00+00:00,0.7045,0.7056,0.696,0.6993,4324
2023-07-31 08:00:00+00:00,0.6992,0.7027,0.6978,0.7,7560
2023-07-31 12:00:00+00:00,0.7,0.7019,0.6961,0.7016,8154
2023-07-31 16:00:00+00:00,0.7016,0.7018,0.687,0.693,7435
2023-07-31 20:00:00+00:00,0.693,0.715,0.6884,0.695,8204
2023-08-01 00:00:00+00:00,0.6923,0.6988,0.6866,0.6898,6080
2023-08-01 04:00:00+00:00,0.6898,0.6917,0.6669,0.6858,5252
2023-08-01 08:00:00+00:00,0.6854,0.687,0.6806,0.6859,6525
2023-08-01 12:00:00+00:00,0.6857,0.6859,0.6787,0.6844,5399
2023-08-01 16:00:00+00:00,0.6844,0.6925,0.6752,0.6864,8500
2023-08-01 20:00:00+00:00,0.6864,0.6978,0.6856,0.6937,6644
2023-08-02 00:00:00+00:00,0.692,0.7029,0.692,0.6976,6734
2023-08-02 04:00:00+00:00,0.6976,0.7009,0.6936,0.6945,5569
2023-08-02 08:00:00+00:00,0.6944,0.6945,0.6865,0.6892,5528
2023-08-02 12:00:00+00:00,0.6892,0.6923,0.6874,0.6888,3899
2023-08-02 16:00:00+00:00,0.6887,0.6888,0.6704,0.675,7939
2023-08-02 20:00:00+00:00,0.675,0.6826,0.6739,0.6808,5111
2023-08-03 00:00:00+00:00,0.6782,0.6836,0.6777,0.678,2782
2023-08-03 04:00:00+00:00,0.678,0.6807,0.6726,0.6756,3606
2023-08-03 08:00:00+00:00,0.6756,0.677,0.6482,0.656,7758
2023-08-03 12:00:00+00:00,0.6557,0.661,0.6534,0.656,5137
2023-08-03 16:00:00+00:00,0.656,0.6705,0.6558,0.6677,8482
2023-08-03 20:00:00+00:00,0.6676,0.6717,0.6642,0.6666,5578
2023-08-04 00:00:00+00:00,0.6677,0.6678,0.653,0.6591,5996
2023-08-04 04:00:00+00:00,0.659,0.6617,0.6564,0.6604,4795
2023-08-04 08:00:00+00:00,0.6602,0.6616,0.6498,0.6541,7094
2023-08-04 12:00:00+00:00,0.6542,0.6594,0.6503,0.6571,5639
2023-08-04 16:00:00+00:00,0.6571,0.6618,0.655,0.6608,6490
2023-08-04 20:00:00+00:00,0.6608,0.661,0.618,0.6298,6835
2023-08-05 00:00:00+00:00,0.6257,0.6324,0.6193,0.6251,5386
2023-08-05 04:00:00+00:00,0.6251,0.6269,0.6039,0.6145,6673
2023-08-05 08:00:00+00:00,0.6145,0.623,0.6121,0.6212,3565
2023-08-05 12:00:00+00:00,0.6211,0.6264,0.6182,0.6191,3912
2023-08-05 16:00:00+00:00,0.6191,0.6235,0.6128,0.6161,4966
2023-08-05 20:00:00+00:00,0.6161,0.6268,0.616,0.62,4065
2023-08-06 00:00:00+00:00,0.6166,0.6311,0.6166,0.6266,3376
2023-08-06 04:00:00+00:00,0.6267,0.6327,0.6236,0.6297,4179
2023-08-06 08:00:00+00:00,0.6297,0.632,0.626,0.6289,3363
2023-08-06 12:00:00+00:00,0.6289,0.629,0.6238,0.6247,2626
2023-08-06 16:00:00+00:00,0.624,0.6243,0.6176,0.6241,5778
2023-08-06 20:00:00+00:00,0.6241,0.6248,0.6203,0.6237,4041
2023-08-07 00:00:00+00:00,0.6248,0.626,0.6145,0.6159,4366
2023-08-07 04:00:00+00:00,0.6159,0.6236,0.6158,0.6212,4801
2023-08-07 08:00:00+00:00,0.6212,0.6216,0.5999,0.6098,5272
2023-08-07 12:00:00+00:00,0.6096,0.6149,0.6087,0.6137,3153
2023-08-07 16:00:00+00:00,0.6138,0.6144,0.5893,0.6004,8016
2023-08-07 20:00:00+00:00,0.6003,0.6141,0.5983,0.6122,4264
2023-08-08 00:00:00+00:00,0.6103,0.6192,0.6103,0.6177,4438
2023-08-08 04:00:00+00:00,0.6175,0.6203,0.6113,0.6188,2878
2023-08-08 08:00:00+00:00,0.6187,0.621,0.6121,0.6127,2437
2023-08-08 12:00:00+00:00,0.6127,0.6237,0.6079,0.6227,3401
2023-08-08 16:00:00+00:00,0.622,0.636,0.6159,0.6322,6930
2023-08-08 20:00:00+00:00,0.6322,0.638,0.6289,0.6331,6767
2023-08-09 00:00:00+00:00,0.6309,0.6417,0.6309,0.6331,3542
2023-08-09 04:00:00+00:00,0.6331,0.6427,0.6301,0.6375,4588
2023-08-09 08:00:00+00:00,0.6375,0.6406,0.6335,0.6357,3621
2023-08-09 12:00:00+00:00,0.6357,0.6439,0.6341,0.6428,4417
2023-08-09 16:00:00+00:00,0.6428,0.66,0.6415,0.6463,8491
2023-08-09 20:00:00+00:00,0.6463,0.6596,0.6425,0.6539,6096
2023-08-10 00:00:00+00:00,0.6443,0.6472,0.6254,0.6362,4989
2023-08-10 04:00:00+00:00,0.6362,0.6373,0.6296,0.6328,3197
2023-08-10 08:00:00+00:00,0.6327,0.633,0.6183,0.623,4415
2023-08-10 12:00:00+00:00,0.623,0.6318,0.6202,0.6287,4317
2023-08-10 16:00:00+00:00,0.6288,0.6314,0.6222,0.6231,5163
2023-08-10 20:00:00+00:00,0.6231,0.63,0.6184,0.6271,4092
2023-08-11 00:00:00+00:00,0.6277,0.6302,0.6247,0.63,1986
2023-08-11 04:00:00+00:00,0.63,0.6352,0.6262,0.6321,3130
2023-08-11 08:00:00+00:00,0.6322,0.6324,0.6226,0.6229,2948
2023-08-11 12:00:00+00:00,0.6229,0.6281,0.6223,0.6251,2498
2023-08-11 16:00:00+00:00,0.6251,0.6287,0.6194,0.6232,4119
2023-08-11 20:00:00+00:00,0.6231,0.6264,0.6219,0.6261,1878
2023-08-12 00:00:00+00:00,0.6247,0.6275,0.6242,0.6269,1078
2023-08-12 04:00:00+00:00,0.6269,0.6271,0.6224,0.6232,645
2023-08-12 08:00:00+00:00,0.6232,0.6251,0.623,0.6236,780
2023-08-12 12:00:00+00:00,0.6236,0.6258,0.623,0.6242,563
2023-08-12 16:00:00+00:00,0.6242,0.6258,0.6232,0.6252,1194
2023-08-12 20:00:00+00:00,0.6251,0.6254,0.6163,0.621,1508
2023-08-13 00:00:00+00:00,0.6212,0.6234,0.6122,0.6228,1968
2023-08-13 04:00:00+00:00,0.6228,0.6246,0.6214,0.6223,1309
2023-08-13 08:00:00+00:00,0.6223,0.6237,0.6207,0.6237,1028
2023-08-13 12:00:00+00:00,0.6237,0.6238,0.6208,0.6226,1058
2023-08-13 16:00:00+00:00,0.6226,0.6243,0.6216,0.6229,1060
2023-08-13 20:00:00+00:00,0.6228,0.6329,0.6225,0.6266,2598
2023-08-14 00:00:00+00:00,0.6174,0.6275,0.6174,0.62,1877
2023-08-14 04:00:00+00:00,0.6199,0.6278,0.6188,0.6275,1907
2023-08-14 08:00:00+00:00,0.6276,0.6282,0.6197,0.6226,1929
2023-08-14 12:00:00+00:00,0.6226,0.6241,0.6203,0.6224,1243
2023-08-14 16:00:00+00:00,0.6224,0.627,0.6216,0.6258,2834
2023-08-14 20:00:00+00:00,0.6257,0.6265,0.6187,0.6247,2243
2023-08-15 00:00:00+00:00,0.6249,0.6309,0.6159,0.6263,3266
2023-08-15 04:00:00+00:00,0.6263,0.6263,0.6223,0.6229,1264
2023-08-15 08:00:00+00:00,0.6228,0.6244,0.6193,0.6218,1557
2023-08-15 12:00:00+00:00,0.6217,0.6224,0.6196,0.6213,1288
2023-08-15 16:00:00+00:00,0.6214,0.6226,0.6153,0.6183,2497
2023-08-15 20:00:00+00:00,0.6183,0.6206,0.5704,0.5987,4628
2023-08-16 00:00:00+00:00,0.5908,0.6048,0.5908,0.6032,1725
2023-08-16 04:00:00+00:00,0.6032,0.6109,0.6,0.6053,2418
2023-08-16 08:00:00+00:00,0.6052,0.606,0.5902,0.5935,3962
2023-08-16 12:00:00+00:00,0.5936,0.5961,0.5849,0.5908,3985
2023-08-16 16:00:00+00:00,0.5908,0.5925,0.5805,0.5909,5144
2023-08-16 20:00:00+00:00,0.5909,0.5968,0.5709,0.5829,4771
2023-08-17 00:00:00+00:00,0.5806,0.5844,0.5646,0.5826,4744
2023-08-17 04:00:00+00:00,0.5826,0.5891,0.5823,0.5871,2311
2023-08-17 08:00:00+00:00,0.5871,0.5881,0.5798,0.5817,1632
2023-08-17 12:00:00+00:00,0.5816,0.5827,0.5774,0.5806,2236
2023-08-17 16:00:00+00:00,0.5806,0.5825,0.5612,0.5706,7529
2023-08-17 20:00:00+00:00,0.5706,0.5741,0.5591,0.5634,4488
2023-08-18 00:00:00+00:00,0.5642,0.5642,0.4173,0.5035,15493
2023-08-18 04:00:00+00:00,0.5034,0.505,0.4772,0.4857,7836
2023-08-18 08:00:00+00:00,0.4857,0.5166,0.4845,0.5027,6872
2023-08-18 12:00:00+00:00,0.5027,0.5055,0.4961,0.4976,4892
2023-08-18 16:00:00+00:00,0.4977,0.5063,0.4914,0.4951,7560
2023-08-18 20:00:00+00:00,0.4949,0.5032,0.4799,0.497,7052
2023-08-19 00:00:00+00:00,0.5012,0.5046,0.4992,0.5036,2248
2023-08-19 04:00:00+00:00,0.5036,0.5036,0.4974,0.5015,1964
2023-08-19 08:00:00+00:00,0.5015,0.5021,0.4954,0.5011,1964
2023-08-19 12:00:00+00:00,0.501,0.5014,0.4977,0.4984,1765
2023-08-19 16:00:00+00:00,0.4984,0.5191,0.4982,0.517,4408
2023-08-19 20:00:00+00:00,0.517,0.517,0.5074,0.511,3511
2023-08-20 00:00:00+00:00,0.5122,0.5161,0.5099,0.5151,1980
2023-08-20 04:00:00+00:00,0.5151,0.5168,0.5108,0.5147,1784
2023-08-20 08:00:00+00:00,0.5146,0.5241,0.5127,0.522,2757
2023-08-20 12:00:00+00:00,0.522,0.55,0.5207,0.5411,5913
2023-08-20 16:00:00+00:00,0.5411,0.545,0.5257,0.5285,3667
2023-08-20 20:00:00+00:00,0.5285,0.5404,0.5258,0.5368,2452
2023-08-21 00:00:00+00:00,0.5359,0.5376,0.5302,0.5322,2300
2023-08-21 04:00:00+00:00,0.5322,0.5334,0.5197,0.5226,2941
2023-08-21 08:00:00+00:00,0.5226,0.5285,0.512,0.5167,4278
2023-08-21 12:00:00+00:00,0.5166,0.5215,0.5121,0.5184,3759
2023-08-21 16:00:00+00:00,0.5184,0.5249,0.4965,0.5081,6273
2023-08-21 20:00:00+00:00,0.508,0.5206,0.5068,0.5171,3636
2023-08-22 00:00:00+00:00,0.5139,0.5209,0.5139,0.5151,2091
2023-08-22 04:00:00+00:00,0.5152,0.5178,0.5128,0.5154,1305
2023-08-22 08:00:00+00:00,0.5154,0.5165,0.5093,0.5116,1795
2023-08-22 12:00:00+00:00,0.5115,0.5154,0.5096,0.5134,2226
2023-08-22 16:00:00+00:00,0.5134,0.5136,0.5036,0.5107,5927
2023-08-22 20:00:00+00:00,0.5107,0.5126,0.4979,0.5121,5037
2023-08-23 00:00:00+00:00,0.5083,0.5187,0.4961,0.514,4204
2023-08-23 04:00:00+00:00,0.514,0.5185,0.5122,0.5162,2198
2023-08-23 08:00:00+00:00,0.5162,0.5173,0.5115,0.5134,2368
2023-08-23 12:00:00+00:00,0.5133,0.5166,0.5102,0.5111,2100
2023-08-23 16:00:00+00:00,0.5111,0.525,0.5103,0.5243,4245
2023-08-23 20:00:00+00:00,0.5243,0.5312,0.5224,0.5257,4195
2023-08-24 00:00:00+00:00,0.525,0.5267,0.5179,0.5224,2061
2023-08-24 04:00:00+00:00,0.5224,0.5262,0.5209,0.5252,1144
2023-08-24 08:00:00+00:00,0.5252,0.5267,0.5202,0.5217,1535
2023-08-24 12:00:00+00:00,0.5217,0.5222,0.5173,0.5189,2014
2023-08-24 16:00:00+00:00,0.5188,0.5188,0.5075,0.5121,4478
2023-08-24 20:00:00+00:00,0.5121,0.5125,0.5052,0.5086,2702
2023-08-25 00:00:00+00:00,0.5102,0.5141,0.507,0.5129,1773
2023-08-25 04:00:00+00:00,0.5128,0.5157,0.5076,0.5087,2226
2023-08-25 08:00:00+00:00,0.5087,0.5112,0.5029,0.5035,2364
2023-08-25 12:00:00+00:00,0.5036,0.5103,0.5018,0.5088,2301
2023-08-25 16:00:00+00:00,0.5088,0.5197,0.506,0.51,6040
2023-08-25 20:00:00+00:00,0.51,0.5261,0.5096,0.5201,4275
2023-08-26 00:00:00+00:00,0.5183,0.5218,0.5169,0.5184,1195
2023-08-26 04:00:00+00:00,0.5184,0.5195,0.5157,0.5164,992
2023-08-26 08:00:00+00:00,0.5164,0.5178,0.5124,0.5157,1292
2023-08-26 12:00:00+00:00,0.5157,0.5188,0.5147,0.5175,1265
2023-08-26 16:00:00+00:00,0.5175,0.5226,0.5169,0.5195,1536
2023-08-26 20:00:00+00:00,0.5194,0.5221,0.5179,0.5201,1203
2023-08-27 00:00:00+00:00,0.5202,0.5213,0.5163,0.5175,845
2023-08-27 04:00:00+00:00,0.5174,0.5211,0.5164,0.5208,851
2023-08-27 08:00:00+00:00,0.5208,0.5246,0.5195,0.5235,1348
2023-08-27 12:00:00+00:00,0.5235,0.5239,0.5203,0.5223,1066
2023-08-27 16:00:00+00:00,0.5223,0.5248,0.5205,0.5226,1338
2023-08-27 20:00:00+00:00,0.5225,0.5226,0.5181,0.5193,1011
2023-08-28 00:00:00+00:00,0.518,0.5203,0.511,0.5141,1210
2023-08-28 04:00:00+00:00,0.5141,0.5158,0.5119,0.5153,1702
2023-08-28 08:00:00+00:00,0.5153,0.5156,0.5061,0.5086,2240
2023-08-28 12:00:00+00:00,0.5086,0.5162,0.5044,0.515,2457
2023-08-28 16:00:00+00:00,0.5149,0.5162,0.5128,0.5144,2023
2023-08-28 20:00:00+00:00,0.5144,0.5186,0.5131,0.5162,1926
2023-08-29 00:00:00+00:00,0.5127,0.5193,0.5127,0.5158,861
2023-08-29 04:00:00+00:00,0.5158,0.5178,0.5141,0.5151,1495
2023-08-29 08:00:00+00:00,0.5151,0.5157,0.5099,0.5114,1226
2023-08-29 12:00:00+00:00,0.5114,0.5116,0.5074,0.5113,1717
2023-08-29 16:00:00+00:00,0.5112,0.5439,0.5104,0.534,10508
2023-08-29 20:00:00+00:00,0.534,0.5391,0.532,0.534,5288
2023-08-30 00:00:00+00:00,0.5344,0.5375,0.5283,0.5286,2484
2023-08-30 04:00:00+00:00,0.5287,0.5295,0.5249,0.5285,2451
2023-08-30 08:00:00+00:00,0.5285,0.5308,0.5239,0.5267,1447
2023-08-30 12:00:00+00:00,0.5266,0.5268,0.5225,0.5245,1945
2023-08-30 16:00:00+00:00,0.5245,0.5262,0.5148,0.52,4486
2023-08-30 20:00:00+00:00,0.52,0.524,0.5182,0.5222,1841
2023-08-31 00:00:00+00:00,0.5195,0.5244,0.5189,0.5206,1312
2023-08-31 04:00:00+00:00,0.5206,0.5234,0.5201,0.523,1335
2023-08-31 08:00:00+00:00,0.523,0.523,0.5182,0.5191,1116
2023-08-31 12:00:00+00:00,0.5191,0.5233,0.5176,0.5202,2720
2023-08-31 16:00:00+00:00,0.5202,0.5206,0.5012,0.5021,4545
2023-08-31 20:00:00+00:00,0.5021,0.507,0.4898,0.5029,5116
2023-09-01 00:00:00+00:00,0.5001,0.5072,0.4965,0.5047,3296
2023-09-01 04:00:00+00:00,0.5047,0.5054,0.502,0.5041,1275
2023-09-01 08:00:00+00:00,0.5041,0.5052,0.4968,0.4981,1656
2023-09-01 12:00:00+00:00,0.4981,0.503,0.4979,0.5015,1445
2023-09-01 16:00:00+00:00,0.5015,0.5022,0.4896,0.49,4701
2023-09-01 20:00:00+00:00,0.49,0.4934,0.4809,0.491,6365
2023-09-02 00:00:00+00:00,0.4913,0.4932,0.4883,0.4917,870
2023-09-02 04:00:00+00:00,0.4916,0.493,0.4888,0.4926,1046
2023-09-02 08:00:00+00:00,0.4926,0.4935,0.4898,0.4907,1093
2023-09-02 12:00:00+00:00,0.4906,0.4933,0.4901,0.4916,852
2023-09-02 16:00:00+00:00,0.4917,0.4973,0.4905,0.4927,1643
2023-09-02 20:00:00+00:00,0.4927,0.495,0.4889,0.4907,1641
2023-09-03 00:00:00+00:00,0.4876,0.4946,0.4876,0.4936,882
2023-09-03 04:00:00+00:00,0.4936,0.4972,0.492,0.4959,943
2023-09-03 08:00:00+00:00,0.4959,0.5001,0.4958,0.4977,901
2023-09-03 12:00:00+00:00,0.4976,0.4992,0.495,0.4962,2161
2023-09-03 16:00:00+00:00,0.4962,0.5039,0.4942,0.5021,2562
2023-09-03 20:00:00+00:00,0.5019,0.5052,0.4989,0.502,2658
2023-09-04 00:00:00+00:00,0.498,0.5025,0.498,0.5023,1114
2023-09-04 04:00:00+00:00,0.5022,0.5075,0.5014,0.5054,2526
2023-09-04 08:00:00+00:00,0.5054,0.5062,0.4952,0.4981,2290
2023-09-04 12:00:00+00:00,0.498,0.4994,0.495,0.4956,1754
2023-09-04 16:00:00+00:00,0.4956,0.4989,0.4909,0.4984,3680
2023-09-04 20:00:00+00:00,0.4984,0.5053,0.4979,0.5033,2605
2023-09-05 00:00:00+00:00,0.5001,0.5034,0.4982,0.4992,2652
2023-09-05 04:00:00+00:00,0.499,0.5025,0.4964,0.5014,2145
2023-09-05 08:00:00+00:00,0.5014,0.502,0.4959,0.4969,1454
2023-09-05 12:00:00+00:00,0.4969,0.4993,0.4962,0.4978,1703
2023-09-05 16:00:00+00:00,0.4978,0.4996,0.4934,0.4961,3020
2023-09-05 20:00:00+00:00,0.496,0.4986,0.4949,0.4986,1501
2023-09-06 00:00:00+00:00,0.496,0.501,0.496,0.4996,1139
2023-09-06 04:00:00+00:00,0.4996,0.5005,0.4984,0.4992,1523
2023-09-06 08:00:00+00:00,0.4991,0.4992,0.4942,0.4949,1325
2023-09-06 12:00:00+00:00,0.4949,0.4968,0.4945,0.496,1199
2023-09-06 16:00:00+00:00,0.4959,0.4973,0.4877,0.4913,3464
2023-09-06 20:00:00+00:00,0.4913,0.4986,0.4852,0.4954,4372
2023-09-07 00:00:00+00:00,0.493,0.4985,0.493,0.4957,1567
2023-09-07 04:00:00+00:00,0.4957,0.4982,0.4941,0.4978,1137
2023-09-07 08:00:00+00:00,0.4978,0.499,0.4916,0.492,915
2023-09-07 12:00:00+00:00,0.492,0.4941,0.4913,0.4934,1385
2023-09-07 16:00:00+00:00,0.4934,0.4965,0.4921,0.4952,2147
2023-09-07 20:00:00+00:00,0.4952,0.4973,0.4936,0.4967,1378
2023-09-08 00:00:00+00:00,0.494,0.5025,0.494,0.5013,2274
2023-09-08 04:00:00+00:00,0.5013,0.5021,0.4975,0.4999,1569
2023-09-08 08:00:00+00:00,0.4999,0.5012,0.4967,0.4997,1129
2023-09-08 12:00:00+00:00,0.4996,0.4997,0.4885,0.4942,2247
2023-09-08 16:00:00+00:00,0.4942,0.4974,0.4937,0.4967,2312
2023-09-08 20:00:00+00:00,0.4967,0.501,0.4957,0.499,1487
2023-09-09 00:00:00+00:00,0.4988,0.5,0.4978,0.4981,770
2023-09-09 04:00:00+00:00,0.4981,0.499,0.4961,0.4971,859
2023-09-09 08:00:00+00:00,0.4971,0.4993,0.4966,0.4987,650
2023-09-09 12:00:00+00:00,0.4987,0.4991,0.4973,0.4974,619
2023-09-09 16:00:00+00:00,0.4974,0.4994,0.4967,0.4989,546
2023-09-09 20:00:00+00:00,0.4989,0.4989,0.4976,0.4984,562
2023-09-10 00:00:00+00:00,0.4985,0.499,0.4944,0.4966,814
2023-09-10 04:00:00+00:00,0.4965,0.4971,0.4899,0.4943,1484
2023-09-10 08:00:00+00:00,0.4944,0.4958,0.4928,0.4948,1344
2023-09-10 12:00:00+00:00,0.4949,0.4959,0.4934,0.4946,1163
2023-09-10 16:00:00+00:00,0.4945,0.4948,0.487,0.492,2494
2023-09-10 20:00:00+00:00,0.492,0.4952,0.4886,0.4949,2112
2023-09-11 00:00:00+00:00,0.4917,0.4957,0.4872,0.4888,1446
2023-09-11 04:00:00+00:00,0.4887,0.4916,0.4864,0.4909,1173
2023-09-11 08:00:00+00:00,0.4909,0.4915,0.4701,0.4772,2601
2023-09-11 12:00:00+00:00,0.4772,0.4781,0.4532,0.4697,3861
2023-09-11 16:00:00+00:00,0.4698,0.4717,0.4636,0.4662,5818
2023-09-11 20:00:00+00:00,0.4661,0.469,0.459,0.4663,4167
2023-09-12 00:00:00+00:00,0.4641,0.4704,0.4641,0.4671,2058
2023-09-12 04:00:00+00:00,0.4671,0.4791,0.4648,0.4738,4117
2023-09-12 08:00:00+00:00,0.4738,0.4741,0.4659,0.4666,2696
2023-09-12 12:00:00+00:00,0.4666,0.4787,0.465,0.4732,4068
2023-09-12 16:00:00+00:00,0.4732,0.4811,0.4711,0.4767,4422
2023-09-12 20:00:00+00:00,0.4767,0.4794,0.4722,0.4771,3305
2023-09-13 00:00:00+00:00,0.4746,0.4786,0.4733,0.4741,1886
2023-09-13 04:00:00+00:00,0.4741,0.4764,0.4721,0.4746,1986
2023-09-13 08:00:00+00:00,0.4746,0.4836,0.4574,0.4733,3269
2023-09-13 12:00:00+00:00,0.4733,0.4776,0.4723,0.4763,3270
2023-09-13 16:00:00+00:00,0.4763,0.4792,0.4742,0.4782,3538
2023-09-13 20:00:00+00:00,0.4782,0.4795,0.4743,0.478,2766
2023-09-14 00:00:00+00:00,0.4748,0.481,0.4748,0.4806,2108
2023-09-14 04:00:00+00:00,0.4805,0.4813,0.4759,0.4783,2473
2023-09-14 08:00:00+00:00,0.4782,0.4789,0.4746,0.4754,1821
2023-09-14 12:00:00+00:00,0.4753,0.4793,0.4751,0.4789,2439
2023-09-14 16:00:00+00:00,0.479,0.485,0.4786,0.4827,3459
2023-09-14 20:00:00+00:00,0.4827,0.4887,0.4827,0.4854,2349
2023-09-15 00:00:00+00:00,0.4831,0.4873,0.4831,0.487,1578
2023-09-15 04:00:00+00:00,0.487,0.5027,0.486,0.498,3633
2023-09-15 08:00:00+00:00,0.4978,0.5002,0.4879,0.4919,3020
2023-09-15 12:00:00+00:00,0.4919,0.4939,0.4864,0.4872,2846
2023-09-15 16:00:00+00:00,0.4872,0.4898,0.4823,0.4897,3112
2023-09-15 20:00:00+00:00,0.4897,0.4969,0.4888,0.4956,1885
2023-09-16 00:00:00+00:00,0.4946,0.4985,0.4926,0.4939,1712
2023-09-16 04:00:00+00:00,0.4939,0.4982,0.4929,0.4951,1602
2023-09-16 08:00:00+00:00,0.4951,0.4969,0.4931,0.4951,976
2023-09-16 12:00:00+00:00,0.4951,0.4972,0.4943,0.4965,1275
2023-09-16 16:00:00+00:00,0.4966,0.4969,0.4917,0.4951,1052
2023-09-16 20:00:00+00:00,0.495,0.4974,0.4937,0.4939,1020
2023-09-17 00:00:00+00:00,0.492,0.4959,0.4896,0.4906,1367
2023-09-17 04:00:00+00:00,0.4905,0.4924,0.4871,0.4918,2033
2023-09-17 08:00:00+00:00,0.4918,0.4922,0.4882,0.4918,1081
2023-09-17 12:00:00+00:00,0.4918,0.4936,0.4911,0.4924,1127
2023-09-17 16:00:00+00:00,0.4924,0.4953,0.4921,0.4925,1721
2023-09-17 20:00:00+00:00,0.4925,0.4938,0.4849,0.4858,2217
2023-09-18 00:00:00+00:00,0.4771,0.4886,0.4771,0.4841,2358
2023-09-18 04:00:00+00:00,0.4841,0.4935,0.4835,0.4918,2633
2023-09-18 08:00:00+00:00,0.4918,0.4929,0.4856,0.489,1621
2023-09-18 12:00:00+00:00,0.4887,0.4989,0.4882,0.4984,3578
2023-09-18 16:00:00+00:00,0.4984,0.5023,0.4954,0.4991,3560
2023-09-18 20:00:00+00:00,0.499,0.5002,0.4926,0.4993,3032
2023-09-19 00:00:00+00:00,0.4887,0.502,0.4887,0.4973,1493
2023-09-19 04:00:00+00:00,0.4973,0.51,0.4966,0.5041,1955
2023-09-19 08:00:00+00:00,0.5041,0.5061,0.4983,0.5018,1489
2023-09-19 12:00:00+00:00,0.5019,0.5054,0.5013,0.5033,2620
2023-09-19 16:00:00+00:00,0.5033,0.5079,0.5011,0.505,3724
2023-09-19 20:00:00+00:00,0.505,0.5117,0.503,0.5077,2897
2023-09-20 00:00:00+00:00,0.4983,0.5094,0.4983,0.5079,1247
2023-09-20 04:00:00+00:00,0.5077,0.5202,0.5073,0.5152,3435
2023-09-20 08:00:00+00:00,0.515,0.516,0.5067,0.511,2699
2023-09-20 12:00:00+00:00,0.5112,0.5119,0.5012,0.508,2743
2023-09-20 16:00:00+00:00,0.5079,0.5153,0.505,0.5125,3132
2023-09-20 20:00:00+00:00,0.5126,0.5169,0.5053,0.5123,3496
2023-09-21 00:00:00+00:00,0.503,0.5198,0.503,0.5113,2132
2023-09-21 04:00:00+00:00,0.5113,0.5134,0.508,0.512,1754
2023-09-21 08:00:00+00:00,0.512,0.512,0.5021,0.5023,2147
2023-09-21 12:00:00+00:00,0.5023,0.5048,0.4951,0.5004,2619
2023-09-21 16:00:00+00:00,0.5003,0.5013,0.4951,0.4993,2755
2023-09-21 20:00:00+00:00,0.4993,0.5064,0.4993,0.5033,1955
2023-09-22 00:00:00+00:00,0.4931,0.5048,0.4931,0.5041,1502
2023-09-22 04:00:00+00:00,0.5041,0.5089,0.5027,0.5082,1361
2023-09-22 08:00:00+00:00,0.5082,0.5087,0.5021,0.5034,1677
2023-09-22 12:00:00+00:00,0.5034,0.5059,0.5019,0.5042,1131
2023-09-22 16:00:00+00:00,0.5042,0.5071,0.5034,0.5042,1232
2023-09-22 20:00:00+00:00,0.5041,0.5117,0.5039,0.5069,1854
2023-09-23 00:00:00+00:00,0.5076,0.509,0.5053,0.5074,704
2023-09-23 04:00:00+00:00,0.5074,0.5083,0.5055,0.5075,853
2023-09-23 08:00:00+00:00,0.5072,0.5085,0.5065,0.5077,879
2023-09-23 12:00:00+00:00,0.5078,0.5079,0.5052,0.5059,914
2023-09-23 16:00:00+00:00,0.5059,0.5059,0.5025,0.5056,1137
2023-09-23 20:00:00+00:00,0.5054,0.5058,0.5037,0.5039,1148
2023-09-24 00:00:00+00:00,0.4938,0.5046,0.4938,0.5032,2270
2023-09-24 04:00:00+00:00,0.5032,0.5044,0.501,0.5032,904
2023-09-24 08:00:00+00:00,0.5032,0.5043,0.5026,0.5043,755
2023-09-24 12:00:00+00:00,0.5043,0.5065,0.5041,0.5056,723
2023-09-24 16:00:00+00:00,0.5054,0.506,0.5031,0.5034,1782
2023-09-24 20:00:00+00:00,0.5033,0.5057,0.4982,0.5012,2001
2023-09-25 00:00:00+00:00,0.4921,0.5027,0.4904,0.4958,2596
2023-09-25 04:00:00+00:00,0.4958,0.4987,0.4939,0.4973,1422
2023-09-25 08:00:00+00:00,0.4973,0.4973,0.4859,0.4894,2307
2023-09-25 12:00:00+00:00,0.4894,0.4922,0.488,0.4918,1700
2023-09-25 16:00:00+00:00,0.4918,0.4974,0.4906,0.4953,1771
2023-09-25 20:00:00+00:00,0.4953,0.5019,0.4952,0.4968,2004
2023-09-26 00:00:00+00:00,0.4909,0.5006,0.4909,0.4969,1352
2023-09-26 04:00:00+00:00,0.4969,0.5023,0.4967,0.4998,1209
2023-09-26 08:00:00+00:00,0.4998,0.5,0.4934,0.494,1112
2023-09-26 12:00:00+00:00,0.494,0.4971,0.4928,0.4949,2211
2023-09-26 16:00:00+00:00,0.4949,0.4988,0.4944,0.4978,2286
2023-09-26 20:00:00+00:00,0.4978,0.5009,0.4959,0.4964,2254
2023-09-27 00:00:00+00:00,0.491,0.4973,0.4883,0.4958,1528
2023-09-27 04:00:00+00:00,0.4958,0.4986,0.4942,0.497,1214
2023-09-27 08:00:00+00:00,0.497,0.4971,0.4914,0.4918,1316
2023-09-27 12:00:00+00:00,0.4918,0.5015,0.4914,0.4992,2539
2023-09-27 16:00:00+00:00,0.4991,0.5015,0.4942,0.4957,2525
2023-09-27 20:00:00+00:00,0.4957,0.4998,0.4947,0.4975,2493
2023-09-28 00:00:00+00:00,0.494,0.4972,0.4929,0.4945,1622
2023-09-28 04:00:00+00:00,0.4944,0.4959,0.4909,0.4926,1489
2023-09-28 08:00:00+00:00,0.4926,0.4943,0.4895,0.4938,1528
2023-09-28 12:00:00+00:00,0.4938,0.498,0.4933,0.4952,1819
2023-09-28 16:00:00+00:00,0.4952,0.5048,0.4903,0.5027,2974
2023-09-28 20:00:00+00:00,0.5028,0.5043,0.499,0.5026,2126
2023-09-29 00:00:00+00:00,0.4997,0.5079,0.4997,0.5051,1443
2023-09-29 04:00:00+00:00,0.5051,0.5077,0.503,0.5047,1754
2023-09-29 08:00:00+00:00,0.5047,0.5048,0.5007,0.503,1479
2023-09-29 12:00:00+00:00,0.503,0.5436,0.5026,0.5319,5859
2023-09-29 16:00:00+00:00,0.5318,0.5339,0.5164,0.5233,6233
2023-09-29 20:00:00+00:00,0.5232,0.5305,0.5213,0.5302,2625
2023-09-30 00:00:00+00:00,0.5215,0.5244,0.5098,0.5124,1728
2023-09-30 04:00:00+00:00,0.5125,0.513,0.5078,0.5123,1085
2023-09-30 08:00:00+00:00,0.5123,0.5126,0.5094,0.5115,846
2023-09-30 12:00:00+00:00,0.5115,0.5145,0.511,0.5114,1124
2023-09-30 16:00:00+00:00,0.5114,0.5131,0.5098,0.5129,1232
2023-09-30 20:00:00+00:00,0.5127,0.514,0.5102,0.5127,1349
2023-10-01 00:00:00+00:00,0.5114,0.5122,0.5055,0.5106,1265
2023-10-01 04:00:00+00:00,0.5104,0.5116,0.5092,0.5113,1378
2023-10-01 08:00:00+00:00,0.5113,0.5132,0.5107,0.5129,1495
2023-10-01 12:00:00+00:00,0.5129,0.5179,0.5124,0.5155,1442
2023-10-01 16:00:00+00:00,0.5154,0.5162,0.5108,0.5113,1110
2023-10-01 20:00:00+00:00,0.5113,0.513,0.5095,0.5123,1478
2023-10-02 00:00:00+00:00,0.5066,0.5207,0.5066,0.5176,2678
2023-10-02 04:00:00+00:00,0.5175,0.5209,0.5159,0.5172,2154
2023-10-02 08:00:00+00:00,0.5172,0.5198,0.5144,0.5182,1741
2023-10-02 12:00:00+00:00,0.5182,0.519,0.5157,0.5186,2253
2023-10-02 16:00:00+00:00,0.5185,0.5193,0.5104,0.5133,3699
2023-10-02 20:00:00+00:00,0.5132,0.5182,0.4972,0.5109,4111
2023-10-03 00:00:00+00:00,0.5077,0.5106,0.5033,0.5063,2246
2023-10-03 04:00:00+00:00,0.5063,0.5096,0.5052,0.5054,1517
2023-10-03 08:00:00+00:00,0.5054,0.5066,0.5014,0.5036,1903
2023-10-03 12:00:00+00:00,0.5036,0.5057,0.5018,0.5042,1839
2023-10-03 16:00:00+00:00,0.5041,0.5079,0.5,0.5033,3744
2023-10-03 20:00:00+00:00,0.5032,0.511,0.5029,0.5101,2528
2023-10-04 00:00:00+00:00,0.5098,0.5425,0.5035,0.5216,8026
2023-10-04 04:00:00+00:00,0.5216,0.5374,0.5202,0.5274,6288
2023-10-04 08:00:00+00:00,0.5274,0.5283,0.5196,0.5248,3521
2023-10-04 12:00:00+00:00,0.5248,0.5315,0.5236,0.5283,3633
2023-10-04 16:00:00+00:00,0.5284,0.5294,0.5219,0.5285,4829
2023-10-04 20:00:00+00:00,0.5286,0.534,0.5206,0.5261,4271
2023-10-05 00:00:00+00:00,0.524,0.5291,0.524,0.5253,1947
2023-10-05 04:00:00+00:00,0.5253,0.5258,0.5219,0.5242,1708
2023-10-05 08:00:00+00:00,0.5241,0.5243,0.5155,0.5177,2335
2023-10-05 12:00:00+00:00,0.5175,0.52,0.5163,0.5172,1813
2023-10-05 16:00:00+00:00,0.5172,0.5223,0.5106,0.5181,4377
2023-10-05 20:00:00+00:00,0.5181,0.5207,0.5158,0.5177,1904
2023-10-06 00:00:00+00:00,0.5152,0.5199,0.5152,0.5198,1641
2023-10-06 04:00:00+00:00,0.5199,0.5219,0.5187,0.5192,1498
2023-10-06 08:00:00+00:00,0.5192,0.5192,0.5136,0.5168,1378
2023-10-06 12:00:00+00:00,0.5168,0.5178,0.5113,0.5131,1632
2023-10-06 16:00:00+00:00,0.5131,0.5208,0.5124,0.519,2897
2023-10-06 20:00:00+00:00,0.5191,0.5224,0.5179,0.5218,1365
2023-10-07 00:00:00+00:00,0.5223,0.5244,0.5191,0.5199,1045
2023-10-07 04:00:00+00:00,0.5198,0.52,0.5169,0.517,1154
2023-10-07 08:00:00+00:00,0.517,0.5189,0.5157,0.5188,905
2023-10-07 12:00:00+00:00,0.5189,0.5189,0.5169,0.5176,843
2023-10-07 16:00:00+00:00,0.5176,0.5187,0.5166,0.5181,829
2023-10-07 20:00:00+00:00,0.5181,0.5181,0.5149,0.5164,1378
2023-10-08 00:00:00+00:00,0.5136,0.5179,0.5136,0.5177,1192
2023-10-08 04:00:00+00:00,0.5177,0.5186,0.5166,0.517,1117
2023-10-08 08:00:00+00:00,0.5171,0.5172,0.5152,0.5163,1660
2023-10-08 12:00:00+00:00,0.5163,0.5166,0.5139,0.515,1346
2023-10-08 16:00:00+00:00,0.515,0.5166,0.5105,0.5124,1551
2023-10-08 20:00:00+00:00,0.5123,0.5138,0.5122,0.5137,1329
2023-10-09 00:00:00+00:00,0.5129,0.5142,0.5087,0.5111,1859
2023-10-09 04:00:00+00:00,0.5111,0.5152,0.5105,0.5122,1269
2023-10-09 08:00:00+00:00,0.5121,0.5124,0.5023,0.5034,1637
2023-10-09 12:00:00+00:00,0.5034,0.5062,0.4785,0.4957,3598
2023-10-09 16:00:00+00:00,0.4957,0.4975,0.4865,0.4925,3259
2023-10-09 20:00:00+00:00,0.4925,0.4979,0.4914,0.4974,1936
2023-10-10 00:00:00+00:00,0.4961,0.5012,0.4947,0.4947,1858
2023-10-10 04:00:00+00:00,0.4947,0.4963,0.4928,0.4929,1543
2023-10-10 08:00:00+00:00,0.493,0.4965,0.4903,0.4931,1405
2023-10-10 12:00:00+00:00,0.4931,0.4939,0.4903,0.4906,1243
2023-10-10 16:00:00+00:00,0.4906,0.4922,0.4865,0.4895,3228
2023-10-10 20:00:00+00:00,0.4895,0.4946,0.4882,0.4924,1973
2023-10-11 00:00:00+00:00,0.4926,0.495,0.4908,0.492,990
2023-10-11 04:00:00+00:00,0.492,0.4922,0.4807,0.4847,2979
2023-10-11 08:00:00+00:00,0.4848,0.4859,0.4757,0.4787,2911
2023-10-11 12:00:00+00:00,0.4787,0.4839,0.4785,0.4816,1914
2023-10-11 16:00:00+00:00,0.4816,0.4832,0.4735,0.4757,3131
2023-10-11 20:00:00+00:00,0.4757,0.4825,0.4754,0.4809,2230
2023-10-12 00:00:00+00:00,0.4804,0.484,0.4777,0.4805,1115
2023-10-12 04:00:00+00:00,0.4805,0.4827,0.4775,0.4784,1519
2023-10-12 08:00:00+00:00,0.4784,0.4795,0.4704,0.4713,2283
2023-10-12 12:00:00+00:00,0.4713,0.4757,0.4688,0.4745,3079
2023-10-12 16:00:00+00:00,0.4745,0.4772,0.4674,0.4761,2792
2023-10-12 20:00:00+00:00,0.4761,0.4781,0.4746,0.4772,2151
2023-10-13 00:00:00+00:00,0.4764,0.4796,0.4762,0.4787,1410
2023-10-13 04:00:00+00:00,0.4787,0.4802,0.4753,0.476,1345
2023-10-13 08:00:00+00:00,0.476,0.4778,0.4738,0.4764,1204
2023-10-13 12:00:00+00:00,0.4763,0.4792,0.4734,0.4782,1663
2023-10-13 16:00:00+00:00,0.4783,0.4792,0.4752,0.4763,2070
2023-10-13 20:00:00+00:00,0.4763,0.483,0.4743,0.4818,1489
2023-10-14 00:00:00+00:00,0.483,0.4839,0.4792,0.48,645
2023-10-14 04:00:00+00:00,0.48,0.4813,0.4792,0.4798,600
2023-10-14 08:00:00+00:00,0.4796,0.4803,0.4782,0.4793,573
2023-10-14 12:00:00+00:00,0.4793,0.4817,0.4791,0.4816,779
2023-10-14 16:00:00+00:00,0.4816,0.4832,0.4796,0.4814,990
2023-10-14 20:00:00+00:00,0.4814,0.4821,0.4805,0.4811,708
2023-10-15 00:00:00+00:00,0.4802,0.4822,0.4801,0.4804,644
2023-10-15 04:00:00+00:00,0.4803,0.4826,0.4801,0.4808,635
2023-10-15 08:00:00+00:00,0.4808,0.4822,0.4802,0.482,412
2023-10-15 12:00:00+00:00,0.482,0.483,0.481,0.4815,550
2023-10-15 16:00:00+00:00,0.4814,0.4827,0.4803,0.4823,941
2023-10-15 20:00:00+00:00,0.4823,0.4849,0.4821,0.4847,1199
2023-10-16 00:00:00+00:00,0.4849,0.4849,0.4809,0.4814,1580
2023-10-16 04:00:00+00:00,0.4815,0.4835,0.4796,0.4811,1422
2023-10-16 08:00:00+00:00,0.4811,0.4921,0.4811,0.4861,3038
2023-10-16 12:00:00+00:00,0.4861,0.4908,0.4848,0.489,1610
2023-10-16 16:00:00+00:00,0.489,0.505,0.485,0.4857,5289
2023-10-16 20:00:00+00:00,0.4857,0.493,0.4857,0.4907,2669
2023-10-17 00:00:00+00:00,0.4878,0.4941,0.4878,0.4888,1246
2023-10-17 04:00:00+00:00,0.4888,0.4903,0.4821,0.4857,1600
2023-10-17 08:00:00+00:00,0.4855,0.4877,0.4835,0.487,1193
2023-10-17 12:00:00+00:00,0.4869,0.4875,0.4816,0.4849,2001
2023-10-17 16:00:00+00:00,0.4849,0.4871,0.4785,0.4858,2651
2023-10-17 20:00:00+00:00,0.4857,0.4888,0.4843,0.4879,1698
2023-10-18 00:00:00+00:00,0.4852,0.4878,0.4837,0.4843,906
2023-10-18 04:00:00+00:00,0.4843,0.4871,0.4834,0.4857,1392
2023-10-18 08:00:00+00:00,0.4858,0.4872,0.4819,0.4823,1622
2023-10-18 12:00:00+00:00,0.4824,0.4861,0.4814,0.4848,1262
2023-10-18 16:00:00+00:00,0.4849,0.4855,0.482,0.4828,1899
2023-10-18 20:00:00+00:00,0.4828,0.4874,0.4825,0.4841,1430
2023-10-19 00:00:00+00:00,0.4837,0.4849,0.4799,0.4821,877
2023-10-19 04:00:00+00:00,0.4821,0.4832,0.4742,0.4773,1716
2023-10-19 08:00:00+00:00,0.4772,0.4789,0.472,0.4752,1543
2023-10-19 12:00:00+00:00,0.4752,0.4784,0.4736,0.4783,1867
2023-10-19 16:00:00+00:00,0.4783,0.4843,0.4777,0.4811,2397
2023-10-19 20:00:00+00:00,0.4811,0.5009,0.4802,0.4956,2584
2023-10-20 00:00:00+00:00,0.5024,0.5254,0.4986,0.5122,6255
2023-10-20 04:00:00+00:00,0.5123,0.5184,0.5068,0.5119,3247
2023-10-20 08:00:00+00:00,0.5119,0.5119,0.5035,0.5093,2378
2023-10-20 12:00:00+00:00,0.5093,0.516,0.5084,0.5118,2995
2023-10-20 16:00:00+00:00,0.5118,0.5251,0.5105,0.5137,3885
2023-10-20 20:00:00+00:00,0.5137,0.5193,0.5109,0.5176,2168
2023-10-21 00:00:00+00:00,0.5159,0.516,0.5055,0.5093,1537
2023-10-21 04:00:00+00:00,0.5093,0.5095,0.5059,0.5092,1012
2023-10-21 08:00:00+00:00,0.5092,0.513,0.5074,0.5119,1951
2023-10-21 12:00:00+00:00,0.5119,0.5135,0.5104,0.511,2184
2023-10-21 16:00:00+00:00,0.5111,0.5266,0.5099,0.5169,3968
2023-10-21 20:00:00+00:00,0.5167,0.5221,0.5137,0.5164,2056
2023-10-22 00:00:00+00:00,0.5141,0.5191,0.5141,0.5182,1044
2023-10-22 04:00:00+00:00,0.5181,0.5191,0.5115,0.5159,1146
2023-10-22 08:00:00+00:00,0.5159,0.5189,0.5065,0.5113,1988
2023-10-22 12:00:00+00:00,0.5112,0.5138,0.5103,0.5116,1171
2023-10-22 16:00:00+00:00,0.5116,0.5175,0.5111,0.5171,1060
2023-10-22 20:00:00+00:00,0.5171,0.518,0.514,0.5146,2134
2023-10-23 00:00:00+00:00,0.5121,0.5188,0.5113,0.5184,1763
2023-10-23 04:00:00+00:00,0.5184,0.5222,0.5159,0.5199,3023
2023-10-23 08:00:00+00:00,0.5197,0.5267,0.5157,0.5255,3336
2023-10-23 12:00:00+00:00,0.5252,0.5301,0.5185,0.5248,5614
2023-10-23 16:00:00+00:00,0.5248,0.5329,0.5198,0.5299,4725
2023-10-23 20:00:00+00:00,0.5299,0.5336,0.524,0.5306,4038
2023-10-24 00:00:00+00:00,0.5287,0.5482,0.5286,0.5459,7055
2023-10-24 04:00:00+00:00,0.5459,0.5519,0.5384,0.5397,5729
2023-10-24 08:00:00+00:00,0.5396,0.543,0.5303,0.5406,5338
2023-10-24 12:00:00+00:00,0.5406,0.5807,0.5395,0.5673,7186
2023-10-24 16:00:00+00:00,0.5674,0.575,0.527,0.5503,12443
2023-10-24 20:00:00+00:00,0.5502,0.5591,0.5405,0.5516,8654
2023-10-25 00:00:00+00:00,0.5503,0.5576,0.546,0.5515,7668
2023-10-25 04:00:00+00:00,0.5516,0.5556,0.5453,0.5517,5049
2023-10-25 08:00:00+00:00,0.5518,0.5519,0.5348,0.5413,3990
2023-10-25 12:00:00+00:00,0.5413,0.5494,0.5406,0.5481,2868
2023-10-25 16:00:00+00:00,0.5482,0.5559,0.5453,0.5458,4800
2023-10-25 20:00:00+00:00,0.5458,0.5585,0.545,0.5485,4698
2023-10-26 00:00:00+00:00,0.547,0.5522,0.5461,0.5506,3265
2023-10-26 04:00:00+00:00,0.5506,0.5535,0.5475,0.5498,3015
2023-10-26 08:00:00+00:00,0.5498,0.5638,0.544,0.5574,4769
2023-10-26 12:00:00+00:00,0.5574,0.5611,0.5463,0.5546,5154
2023-10-26 16:00:00+00:00,0.5546,0.5561,0.5375,0.5431,5528
2023-10-26 20:00:00+00:00,0.5432,0.5492,0.5431,0.5469,2767
2023-10-27 00:00:00+00:00,0.5449,0.5498,0.5449,0.549,2437
2023-10-27 04:00:00+00:00,0.549,0.5533,0.5436,0.5462,2996
2023-10-27 08:00:00+00:00,0.5463,0.5465,0.5395,0.5451,2083
2023-10-27 12:00:00+00:00,0.5451,0.5479,0.5422,0.5478,2210
2023-10-27 16:00:00+00:00,0.5478,0.5501,0.5426,0.5452,5199
2023-10-27 20:00:00+00:00,0.545,0.5457,0.5253,0.54,5242
2023-10-28 00:00:00+00:00,0.5409,0.5417,0.5364,0.537,1638
2023-10-28 04:00:00+00:00,0.5369,0.5407,0.5355,0.5404,1709
2023-10-28 08:00:00+00:00,0.5404,0.5417,0.5392,0.5411,960
2023-10-28 12:00:00+00:00,0.5409,0.5446,0.5392,0.5402,1803
2023-10-28 16:00:00+00:00,0.5403,0.5425,0.5389,0.5423,1553
2023-10-28 20:00:00+00:00,0.5423,0.5423,0.5382,0.5415,1452
2023-10-29 00:00:00+00:00,0.5388,0.5426,0.5384,0.5389,1145
2023-10-29 04:00:00+00:00,0.5388,0.5394,0.5353,0.5386,1463
2023-10-29 08:00:00+00:00,0.5385,0.5437,0.5377,0.5436,1060
2023-10-29 12:00:00+00:00,0.5436,0.5515,0.5418,0.5497,3585
2023-10-29 16:00:00+00:00,0.5497,0.5536,0.5469,0.5509,3770
2023-10-29 20:00:00+00:00,0.551,0.5563,0.5501,0.5537,2717
2023-10-30 00:00:00+00:00,0.5521,0.5539,0.5485,0.5493,1742
2023-10-30 04:00:00+00:00,0.5493,0.551,0.5457,0.5467,2657
2023-10-30 08:00:00+00:00,0.5467,0.5517,0.5444,0.5504,3546
2023-10-30 12:00:00+00:00,0.5505,0.5621,0.55,0.5588,4927
2023-10-30 16:00:00+00:00,0.5588,0.579,0.5581,0.5746,8499
2023-10-30 20:00:00+00:00,0.5746,0.5787,0.5633,0.5751,4546
2023-10-31 00:00:00+00:00,0.5721,0.5759,0.5701,0.5736,2042
2023-10-31 04:00:00+00:00,0.5736,0.5753,0.5668,0.5678,3375
2023-10-31 08:00:00+00:00,0.5676,0.57,0.5575,0.5683,4527
2023-10-31 12:00:00+00:00,0.5684,0.615,0.5665,0.5946,10105
2023-10-31 16:00:00+00:00,0.5946,0.6007,0.5766,0.5958,12147
2023-10-31 20:00:00+00:00,0.5958,0.5995,0.5917,0.5958,4910
2023-11-01 00:00:00+00:00,0.5938,0.5958,0.5884,0.5893,2890
2023-11-01 04:00:00+00:00,0.5893,0.5911,0.5823,0.5851,2339
2023-11-01 08:00:00+00:00,0.5851,0.6038,0.5751,0.5958,5802
2023-11-01 12:00:00+00:00,0.5958,0.6021,0.5909,0.6003,4743
2023-11-01 16:00:00+00:00,0.6001,0.6061,0.5877,0.5929,6212
2023-11-01 20:00:00+00:00,0.593,0.6103,0.5919,0.6093,7734
2023-11-02 00:00:00+00:00,0.6069,0.6093,0.6002,0.6055,4790
2023-11-02 04:00:00+00:00,0.6055,0.6084,0.6004,0.6019,4921
2023-11-02 08:00:00+00:00,0.6019,0.6045,0.5965,0.6035,3475
2023-11-02 12:00:00+00:00,0.6035,0.6211,0.6006,0.6155,6950
2023-11-02 16:00:00+00:00,0.6153,0.6165,0.5788,0.5956,7624
2023-11-02 20:00:00+00:00,0.5957,0.6084,0.5949,0.602,4722
2023-11-03 00:00:00+00:00,0.5993,0.6031,0.5898,0.5927,2755
2023-11-03 04:00:00+00:00,0.5928,0.5966,0.5838,0.589,3581
2023-11-03 08:00:00+00:00,0.589,0.5973,0.5873,0.5943,6060
2023-11-03 12:00:00+00:00,0.5943,0.6024,0.5927,0.6016,5546
2023-11-03 16:00:00+00:00,0.6017,0.608,0.6009,0.6045,5493
2023-11-03 20:00:00+00:00,0.6045,0.6098,0.5988,0.6087,3075
2023-11-04 00:00:00+00:00,0.6073,0.6086,0.6038,0.6063,1901
2023-11-04 04:00:00+00:00,0.6064,0.6097,0.6041,0.6079,1732
2023-11-04 08:00:00+00:00,0.6079,0.6119,0.6051,0.6117,3436
2023-11-04 12:00:00+00:00,0.6116,0.6131,0.6078,0.6099,2278
2023-11-04 16:00:00+00:00,0.6099,0.6103,0.6036,0.6065,4014
2023-11-04 20:00:00+00:00,0.6064,0.6088,0.6062,0.6082,1887
2023-11-05 00:00:00+00:00,0.6075,0.6242,0.6075,0.6176,2948
2023-11-05 04:00:00+00:00,0.6174,0.6205,0.6132,0.6187,4095
2023-11-05 08:00:00+00:00,0.6187,0.6265,0.6146,0.6229,4751
2023-11-05 12:00:00+00:00,0.6229,0.6484,0.6215,0.6272,12937
2023-11-05 16:00:00+00:00,0.6274,0.6495,0.6266,0.6433,12277
2023-11-05 20:00:00+00:00,0.6429,0.6543,0.6387,0.6458,7559
2023-11-06 00:00:00+00:00,0.6452,0.6831,0.6432,0.6745,11449
2023-11-06 04:00:00+00:00,0.6746,0.6818,0.6628,0.67,8609
2023-11-06 08:00:00+00:00,0.67,0.6897,0.6629,0.6868,9544
2023-11-06 12:00:00+00:00,0.6867,0.7174,0.6831,0.715,15989
2023-11-06 16:00:00+00:00,0.7146,0.7272,0.6979,0.705,13517
2023-11-06 20:00:00+00:00,0.705,0.7184,0.7016,0.7176,10656
2023-11-07 00:00:00+00:00,0.7149,0.7187,0.6417,0.6836,11523
2023-11-07 04:00:00+00:00,0.6836,0.6901,0.6717,0.6887,12031
2023-11-07 08:00:00+00:00,0.6887,0.6953,0.6746,0.6777,10219
2023-11-07 12:00:00+00:00,0.6771,0.684,0.6613,0.6795,9020
2023-11-07 16:00:00+00:00,0.6791,0.6804,0.6494,0.6677,11634
2023-11-07 20:00:00+00:00,0.6677,0.6912,0.6676,0.6829,7605
2023-11-08 00:00:00+00:00,0.6797,0.6848,0.6725,0.6833,5837
2023-11-08 04:00:00+00:00,0.6834,0.6871,0.6721,0.6734,3260
2023-11-08 08:00:00+00:00,0.6734,0.6765,0.6675,0.6759,4016
2023-11-08 12:00:00+00:00,0.6757,0.6928,0.6743,0.6854,5782
2023-11-08 16:00:00+00:00,0.6854,0.6863,0.6728,0.6834,6454
2023-11-08 20:00:00+00:00,0.6834,0.6889,0.6764,0.6846,5851
2023-11-09 00:00:00+00:00,0.6838,0.6861,0.6753,0.6801,5037
2023-11-09 04:00:00+00:00,0.6799,0.6938,0.678,0.6924,5509
2023-11-09 08:00:00+00:00,0.6923,0.7016,0.6882,0.6975,5807
2023-11-09 12:00:00+00:00,0.6972,0.7002,0.652,0.6806,8313
2023-11-09 16:00:00+00:00,0.6806,0.6983,0.6105,0.6576,12843
2023-11-09 20:00:00+00:00,0.6576,0.6576,0.6387,0.6513,9020
2023-11-10 00:00:00+00:00,0.6515,0.6631,0.6515,0.6609,4859
2023-11-10 04:00:00+00:00,0.6607,0.6658,0.6546,0.6601,4006
2023-11-10 08:00:00+00:00,0.66,0.6602,0.6394,0.6499,5391
2023-11-10 12:00:00+00:00,0.6496,0.6567,0.6422,0.643,7887
2023-11-10 16:00:00+00:00,0.6432,0.6569,0.6308,0.653,10885
2023-11-10 20:00:00+00:00,0.653,0.6599,0.651,0.659,7271
2023-11-11 00:00:00+00:00,0.6544,0.6599,0.6422,0.6484,3895
2023-11-11 04:00:00+00:00,0.6485,0.6511,0.6348,0.6477,5681
2023-11-11 08:00:00+00:00,0.6476,0.6814,0.6452,0.6662,5614
2023-11-11 12:00:00+00:00,0.6659,0.6744,0.6601,0.6698,5704
2023-11-11 16:00:00+00:00,0.6697,0.6757,0.6613,0.6688,8418
2023-11-11 20:00:00+00:00,0.6684,0.6716,0.6555,0.6592,6967
2023-11-12 00:00:00+00:00,0.6562,0.6608,0.6403,0.6529,7909
2023-11-12 04:00:00+00:00,0.6525,0.6573,0.649,0.6572,5030
2023-11-12 08:00:00+00:00,0.6571,0.6658,0.6555,0.6615,4624
2023-11-12 12:00:00+00:00,0.6614,0.6658,0.6524,0.6574,6606
2023-11-12 16:00:00+00:00,0.6574,0.6614,0.6539,0.6571,6590
2023-11-12 20:00:00+00:00,0.6571,0.6619,0.6535,0.6605,3675
2023-11-13 00:00:00+00:00,0.6604,0.6624,0.6518,0.66,4987
2023-11-13 04:00:00+00:00,0.66,0.6627,0.6464,0.6499,6931
2023-11-13 08:00:00+00:00,0.6498,0.6548,0.6434,0.6521,4612
2023-11-13 12:00:00+00:00,0.6521,0.6523,0.6409,0.6452,5082
2023-11-13 16:00:00+00:00,0.6452,0.6493,0.6342,0.6419,6774
2023-11-13 20:00:00+00:00,0.6417,0.7428,0.6321,0.6504,11045
2023-11-14 00:00:00+00:00,0.6469,0.6727,0.6462,0.6555,11621
2023-11-14 04:00:00+00:00,0.6555,0.6648,0.6524,0.6606,5439
2023-11-14 08:00:00+00:00,0.6605,0.6645,0.6471,0.6494,5720
2023-11-14 12:00:00+00:00,0.6494,0.6556,0.642,0.6545,8726
2023-11-14 16:00:00+00:00,0.6544,0.6591,0.6415,0.6434,7200
2023-11-14 20:00:00+00:00,0.6435,0.6442,0.5846,0.6229,12201
2023-11-15 00:00:00+00:00,0.6213,0.6282,0.6102,0.6204,3718
2023-11-15 04:00:00+00:00,0.6204,0.6299,0.6203,0.6274,3932
2023-11-15 08:00:00+00:00,0.6273,0.6312,0.6228,0.6273,4559
2023-11-15 12:00:00+00:00,0.6272,0.6356,0.6166,0.6313,6124
2023-11-15 16:00:00+00:00,0.6312,0.6364,0.6275,0.6291,7103
2023-11-15 20:00:00+00:00,0.629,0.6415,0.6273,0.6397,8763
2023-11-16 00:00:00+00:00,0.6396,0.6455,0.6384,0.6419,6853
2023-11-16 04:00:00+00:00,0.6416,0.6478,0.6395,0.6425,4552
2023-11-16 08:00:00+00:00,0.6424,0.6471,0.6331,0.6392,5190
2023-11-16 12:00:00+00:00,0.6393,0.6416,0.6064,0.6244,7479
2023-11-16 16:00:00+00:00,0.6243,0.6277,0.6104,0.6178,9368
2023-11-16 20:00:00+00:00,0.6178,0.6198,0.5977,0.6078,10358
2023-11-17 00:00:00+00:00,0.6052,0.6179,0.6006,0.6178,6246
2023-11-17 04:00:00+00:00,0.6177,0.6186,0.6126,0.6164,5073
2023-11-17 08:00:00+00:00,0.6164,0.6193,0.608,0.6126,4587
2023-11-17 12:00:00+00:00,0.6127,0.6127,0.5996,0.602,6514
2023-11-17 16:00:00+00:00,0.6021,0.6043,0.5807,0.6018,13034
2023-11-17 20:00:00+00:00,0.6018,0.6068,0.5979,0.6065,7442
2023-11-18 00:00:00+00:00,0.6092,0.6112,0.6028,0.6047,6118
2023-11-18 04:00:00+00:00,0.6046,0.6059,0.5918,0.5948,6314
2023-11-18 08:00:00+00:00,0.5948,0.5999,0.5841,0.5991,4761
2023-11-18 12:00:00+00:00,0.5991,0.6033,0.5925,0.5962,4514
2023-11-18 16:00:00+00:00,0.5962,0.606,0.5954,0.6059,7700
2023-11-18 20:00:00+00:00,0.6059,0.6096,0.6031,0.6055,3443
2023-11-19 00:00:00+00:00,0.6028,0.6064,0.5965,0.6,3695
2023-11-19 04:00:00+00:00,0.6,0.6052,0.5977,0.6025,4235
2023-11-19 08:00:00+00:00,0.6024,0.6087,0.602,0.6076,4245
2023-11-19 12:00:00+00:00,0.6076,0.6193,0.603,0.6132,4468
2023-11-19 16:00:00+00:00,0.6132,0.6194,0.6112,0.6171,4006
2023-11-19 20:00:00+00:00,0.6171,0.6214,0.616,0.6207,4063
2023-11-20 00:00:00+00:00,0.6177,0.6238,0.6055,0.6183,4773
2023-11-20 04:00:00+00:00,0.6181,0.6209,0.6133,0.6134,3183
2023-11-20 08:00:00+00:00,0.6135,0.6212,0.6105,0.6207,4738
2023-11-20 12:00:00+00:00,0.6207,0.6235,0.6139,0.6148,5983
2023-11-20 16:00:00+00:00,0.6147,0.6182,0.6051,0.6167,7277
2023-11-20 20:00:00+00:00,0.6167,0.6181,0.601,0.6086,5851
2023-11-21 00:00:00+00:00,0.6067,0.6128,0.6061,0.6111,4662
2023-11-21 04:00:00+00:00,0.6112,0.6115,0.6006,0.6061,5053
2023-11-21 08:00:00+00:00,0.6061,0.6125,0.5944,0.6082,4549
2023-11-21 12:00:00+00:00,0.6082,0.6105,0.6034,0.6067,4414
2023-11-21 16:00:00+00:00,0.6067,0.6069,0.5805,0.5871,12085
2023-11-21 20:00:00+00:00,0.5871,0.5969,0.5747,0.5912,6597
2023-11-22 00:00:00+00:00,0.5874,0.5906,0.5676,0.5824,8764
2023-11-22 04:00:00+00:00,0.5824,0.5898,0.5821,0.5839,2334
2023-11-22 08:00:00+00:00,0.5839,0.5927,0.5836,0.5909,3312
2023-11-22 12:00:00+00:00,0.591,0.592,0.5883,0.5913,3407
2023-11-22 16:00:00+00:00,0.5914,0.5936,0.5866,0.5936,2853
2023-11-22 20:00:00+00:00,0.5936,0.6112,0.5934,0.6076,5964
2023-11-23 00:00:00+00:00,0.6069,0.6101,0.6034,0.6089,3937
2023-11-23 04:00:00+00:00,0.6088,0.6091,0.6006,0.6043,2387
2023-11-23 08:00:00+00:00,0.6041,0.6178,0.6009,0.6167,4229
2023-11-23 12:00:00+00:00,0.6167,0.6171,0.6053,0.6068,5470
2023-11-23 16:00:00+00:00,0.6069,0.6169,0.6044,0.6128,6482
2023-11-23 20:00:00+00:00,0.6128,0.6185,0.6117,0.6134,5494
2023-11-24 00:00:00+00:00,0.6127,0.619,0.6126,0.6181,4619
2023-11-24 04:00:00+00:00,0.618,0.6199,0.6063,0.615,4646
2023-11-24 08:00:00+00:00,0.615,0.6194,0.6127,0.6171,4516
2023-11-24 12:00:00+00:00,0.6171,0.6204,0.6112,0.6129,5166
2023-11-24 16:00:00+00:00,0.613,0.6198,0.6097,0.6129,5656
2023-11-24 20:00:00+00:00,0.613,0.6174,0.6116,0.616,4497
2023-11-25 00:00:00+00:00,0.6166,0.6169,0.6119,0.6157,2495
2023-11-25 04:00:00+00:00,0.6158,0.6181,0.6138,0.6147,5047
2023-11-25 08:00:00+00:00,0.6142,0.6179,0.6139,0.6166,5260
2023-11-25 12:00:00+00:00,0.6168,0.6171,0.6107,0.6142,4059
2023-11-25 16:00:00+00:00,0.6138,0.6167,0.6113,0.6159,3902
2023-11-25 20:00:00+00:00,0.6156,0.6164,0.614,0.6148,3257
2023-11-26 00:00:00+00:00,0.6127,0.6185,0.6127,0.6142,4063
2023-11-26 04:00:00+00:00,0.6142,0.6162,0.6134,0.6157,4162
2023-11-26 08:00:00+00:00,0.6156,0.6175,0.6138,0.6155,5365
2023-11-26 12:00:00+00:00,0.6156,0.6316,0.6146,0.623,9226
2023-11-26 16:00:00+00:00,0.6231,0.6233,0.5926,0.6105,7594
2023-11-26 20:00:00+00:00,0.6105,0.6148,0.6076,0.6126,4212
2023-11-27 00:00:00+00:00,0.6121,0.6142,0.6063,0.6072,4672
2023-11-27 04:00:00+00:00,0.6071,0.6073,0.6001,0.6025,6423
2023-11-27 08:00:00+00:00,0.6024,0.6054,0.5956,0.603,5930
2023-11-27 12:00:00+00:00,0.6029,0.6033,0.5933,0.5975,7557
2023-11-27 16:00:00+00:00,0.5975,0.5995,0.5918,0.595,6623
2023-11-27 20:00:00+00:00,0.5949,0.5969,0.5872,0.594,7126
2023-11-28 00:00:00+00:00,0.5929,0.5996,0.5929,0.5984,6474
2023-11-28 04:00:00+00:00,0.5984,0.5999,0.5905,0.5922,7072
2023-11-28 08:00:00+00:00,0.592,0.5988,0.5908,0.5972,5998
2023-11-28 12:00:00+00:00,0.5972,0.6043,0.5965,0.6037,6304
2023-11-28 16:00:00+00:00,0.6038,0.6083,0.6003,0.6071,6136
2023-11-28 20:00:00+00:00,0.6071,0.6081,0.6034,0.6053,7519
2023-11-29 00:00:00+00:00,0.6036,0.6071,0.6024,0.605,5508
2023-11-29 04:00:00+00:00,0.605,0.6078,0.6036,0.6051,6381
2023-11-29 08:00:00+00:00,0.605,0.6112,0.6035,0.6092,6747
2023-11-29 12:00:00+00:00,0.6093,0.6103,0.6036,0.6065,7616
2023-11-29 16:00:00+00:00,0.6064,0.6074,0.5988,0.6024,8147
2023-11-29 20:00:00+00:00,0.6025,0.6048,0.6007,0.6017,7754
2023-11-30 00:00:00+00:00,0.6007,0.6043,0.5993,0.5998,8249
2023-11-30 04:00:00+00:00,0.5999,0.6042,0.5985,0.5997,7698
2023-11-30 08:00:00+00:00,0.5996,0.6017,0.5907,0.5981,5898
2023-11-30 12:00:00+00:00,0.5978,0.6008,0.5945,0.5968,6194
2023-11-30 16:00:00+00:00,0.5967,0.598,0.5942,0.5976,6576
2023-11-30 20:00:00+00:00,0.5975,0.6022,0.5967,0.6014,6649
2023-12-01 00:00:00+00:00,0.6007,0.6041,0.5963,0.6035,7778
2023-12-01 04:00:00+00:00,0.6033,0.6072,0.6022,0.6047,7419
2023-12-01 08:00:00+00:00,0.6047,0.6089,0.6026,0.6079,5135
2023-12-01 12:00:00+00:00,0.6079,0.6092,0.6022,0.6025,5576
2023-12-01 16:00:00+00:00,0.6027,0.6062,0.5999,0.6037,7535
2023-12-01 20:00:00+00:00,0.6036,0.6083,0.603,0.6074,6910
2023-12-02 00:00:00+00:00,0.6059,0.6079,0.6051,0.6064,4654
2023-12-02 04:00:00+00:00,0.6064,0.6092,0.6058,0.6081,6654
2023-12-02 08:00:00+00:00,0.6082,0.611,0.6071,0.6089,5894
2023-12-02 12:00:00+00:00,0.6091,0.6104,0.607,0.608,4593
2023-12-02 16:00:00+00:00,0.6079,0.6104,0.6061,0.608,7363
2023-12-02 20:00:00+00:00,0.608,0.617,0.6075,0.6162,6835
2023-12-03 00:00:00+00:00,0.6159,0.6171,0.6114,0.6141,7536
2023-12-03 04:00:00+00:00,0.6142,0.6155,0.6111,0.6138,5226
2023-12-03 08:00:00+00:00,0.6138,0.6154,0.6128,0.6154,4740
2023-12-03 12:00:00+00:00,0.6146,0.628,0.6141,0.6198,8974
2023-12-03 16:00:00+00:00,0.6198,0.6211,0.6113,0.6126,6452
2023-12-03 20:00:00+00:00,0.6126,0.6181,0.6119,0.6169,4538
2023-12-04 00:00:00+00:00,0.6157,0.6252,0.6157,0.6216,6515
2023-12-04 04:00:00+00:00,0.6215,0.6279,0.6203,0.6267,6295
2023-12-04 08:00:00+00:00,0.6267,0.6378,0.6251,0.6293,8017
2023-12-04 12:00:00+00:00,0.6293,0.6351,0.5673,0.6126,10611
2023-12-04 16:00:00+00:00,0.6126,0.6165,0.6057,0.6124,9635
2023-12-04 20:00:00+00:00,0.6124,0.6186,0.6117,0.6183,8593
2023-12-05 00:00:00+00:00,0.6169,0.6244,0.6138,0.6158,9088
2023-12-05 04:00:00+00:00,0.6157,0.616,0.6104,0.6143,9228
2023-12-05 08:00:00+00:00,0.6146,0.6154,0.6014,0.6075,9561
2023-12-05 12:00:00+00:00,0.6074,0.6082,0.6033,0.6037,3704
2023-12-05 16:00:00+00:00,0.6037,0.622,0.6029,0.6193,5998
2023-12-05 20:00:00+00:00,0.6193,0.6218,0.612,0.6164,5365
2023-12-06 00:00:00+00:00,0.6131,0.6215,0.6124,0.6181,4552
2023-12-06 04:00:00+00:00,0.6181,0.619,0.6044,0.6128,3342
2023-12-06 08:00:00+00:00,0.6127,0.6357,0.6082,0.6301,6727
2023-12-06 12:00:00+00:00,0.6301,0.6318,0.6053,0.6191,8510
2023-12-06 16:00:00+00:00,0.6191,0.6237,0.6153,0.6214,6529
2023-12-06 20:00:00+00:00,0.6215,0.6329,0.6198,0.6308,3216
2023-12-07 00:00:00+00:00,0.6284,0.6386,0.625,0.6278,6182
2023-12-07 04:00:00+00:00,0.6276,0.6469,0.625,0.6452,4820
2023-12-07 08:00:00+00:00,0.6453,0.6492,0.6147,0.627,8408
2023-12-07 12:00:00+00:00,0.627,0.6315,0.6236,0.6263,6186
2023-12-07 16:00:00+00:00,0.6263,0.641,0.6247,0.6376,5987
2023-12-07 20:00:00+00:00,0.6376,0.6418,0.6342,0.6403,3511
2023-12-08 00:00:00+00:00,0.6383,0.6409,0.6354,0.6372,2527
2023-12-08 04:00:00+00:00,0.6373,0.6457,0.6368,0.6414,3452
2023-12-08 08:00:00+00:00,0.6414,0.6415,0.6324,0.6391,4148
2023-12-08 12:00:00+00:00,0.639,0.6528,0.6388,0.6436,6885
2023-12-08 16:00:00+00:00,0.6437,0.6667,0.6417,0.6614,9378
2023-12-08 20:00:00+00:00,0.6614,0.6679,0.6572,0.6635,5805
2023-12-09 00:00:00+00:00,0.6621,0.6738,0.6617,0.6681,3706
2023-12-09 04:00:00+00:00,0.6681,0.6947,0.6654,0.6807,5318
2023-12-09 08:00:00+00:00,0.6807,0.6904,0.6609,0.6748,10969
2023-12-09 12:00:00+00:00,0.6748,0.6836,0.674,0.683,4229
2023-12-09 16:00:00+00:00,0.683,0.6873,0.6586,0.6593,7863
2023-12-09 20:00:00+00:00,0.6594,0.6685,0.6592,0.6671,3259
2023-12-10 00:00:00+00:00,0.6677,0.6696,0.6437,0.6618,6985
2023-12-10 04:00:00+00:00,0.6618,0.666,0.657,0.6657,3621
2023-12-10 08:00:00+00:00,0.6657,0.6663,0.6416,0.6416,4780
2023-12-10 12:00:00+00:00,0.6416,0.6558,0.6416,0.6532,5531
2023-12-10 16:00:00+00:00,0.6531,0.6574,0.6489,0.6512,5276
2023-12-10 20:00:00+00:00,0.6512,0.6646,0.6511,0.6577,6694
2023-12-11 00:00:00+00:00,0.6581,0.6599,0.6422,0.6472,7191
2023-12-11 04:00:00+00:00,0.6471,0.6474,0.5859,0.6228,15301
2023-12-11 08:00:00+00:00,0.6228,0.6233,0.6103,0.619,8942
2023-12-11 12:00:00+00:00,0.6189,0.622,0.6126,0.6163,5953
2023-12-11 16:00:00+00:00,0.6162,0.6183,0.6065,0.6085,9463
2023-12-11 20:00:00+00:00,0.6085,0.6131,0.5949,0.6127,8424
2023-12-12 00:00:00+00:00,0.6122,0.618,0.6114,0.6169,5387
2023-12-12 04:00:00+00:00,0.6169,0.6207,0.6133,0.6151,4504
2023-12-12 08:00:00+00:00,0.6152,0.6207,0.6103,0.6158,5342
2023-12-12 12:00:00+00:00,0.6155,0.6194,0.6131,0.6172,5111
2023-12-12 16:00:00+00:00,0.6172,0.618,0.6008,0.6029,8275
2023-12-12 20:00:00+00:00,0.6028,0.6137,0.6024,0.6075,6641
2023-12-13 00:00:00+00:00,0.6089,0.616,0.6045,0.6046,6497
2023-12-13 04:00:00+00:00,0.6048,0.6075,0.5948,0.6016,8102
2023-12-13 08:00:00+00:00,0.6016,0.6036,0.5857,0.6008,6773
2023-12-13 12:00:00+00:00,0.6008,0.604,0.5947,0.6034,5018
2023-12-13 16:00:00+00:00,0.6034,0.6117,0.6016,0.6099,6184
2023-12-13 20:00:00+00:00,0.6097,0.6242,0.609,0.6227,5968
2023-12-14 00:00:00+00:00,0.625,0.6297,0.6172,0.6186,4762
2023-12-14 04:00:00+00:00,0.6186,0.6213,0.6154,0.6193,4149
2023-12-14 08:00:00+00:00,0.6193,0.6275,0.6177,0.6251,6331
2023-12-14 12:00:00+00:00,0.6251,0.6293,0.5938,0.6186,8975
2023-12-14 16:00:00+00:00,0.6185,0.6291,0.613,0.6259,7468
2023-12-14 20:00:00+00:00,0.626,0.6298,0.6223,0.6293,3885
2023-12-15 00:00:00+00:00,0.6306,0.6389,0.6253,0.6356,3343
2023-12-15 04:00:00+00:00,0.6356,0.6356,0.6233,0.6252,3495
2023-12-15 08:00:00+00:00,0.6252,0.6303,0.6231,0.6266,3580
2023-12-15 12:00:00+00:00,0.6266,0.6275,0.6156,0.6184,5462
2023-12-15 16:00:00+00:00,0.6184,0.6192,0.6106,0.6152,6612
2023-12-15 20:00:00+00:00,0.6152,0.6204,0.6147,0.619,4081
2023-12-16 00:00:00+00:00,0.6155,0.6165,0.6041,0.6128,3606
2023-12-16 04:00:00+00:00,0.6128,0.6166,0.6127,0.6154,1309
2023-12-16 08:00:00+00:00,0.6154,0.617,0.6138,0.6164,3564
2023-12-16 12:00:00+00:00,0.6164,0.6193,0.615,0.6172,2370
2023-12-16 16:00:00+00:00,0.6173,0.6202,0.6161,0.6174,1425
2023-12-16 20:00:00+00:00,0.6173,0.6177,0.6117,0.6139,2314
2023-12-17 00:00:00+00:00,0.6118,0.6168,0.6114,0.6151,3292
2023-12-17 04:00:00+00:00,0.615,0.6164,0.6093,0.6117,4898
2023-12-17 08:00:00+00:00,0.6117,0.6133,0.6072,0.6119,7544
2023-12-17 12:00:00+00:00,0.612,0.6184,0.6097,0.6113,4651
2023-12-17 16:00:00+00:00,0.6114,0.6165,0.6071,0.6144,3022
2023-12-17 20:00:00+00:00,0.6144,0.6147,0.6095,0.6106,2826
2023-12-18 00:00:00+00:00,0.6091,0.6107,0.5978,0.5978,3685
2023-12-18 04:00:00+00:00,0.5979,0.6039,0.5954,0.6003,5691
2023-12-18 08:00:00+00:00,0.6004,0.6017,0.5833,0.5899,6321
2023-12-18 12:00:00+00:00,0.5899,0.5903,0.5732,0.5901,7153
2023-12-18 16:00:00+00:00,0.5901,0.5961,0.5885,0.5943,8391
2023-12-18 20:00:00+00:00,0.5943,0.6049,0.5929,0.6044,6103
2023-12-19 00:00:00+00:00,0.6037,0.6114,0.6032,0.6106,3506
2023-12-19 04:00:00+00:00,0.6104,0.6113,0.6055,0.6058,4328
2023-12-19 08:00:00+00:00,0.6059,0.6078,0.6013,0.6038,3010
2023-12-19 12:00:00+00:00,0.6038,0.6061,0.6009,0.6048,5266
2023-12-19 16:00:00+00:00,0.6047,0.6054,0.5916,0.5922,7822
2023-12-19 20:00:00+00:00,0.5923,0.6022,0.5913,0.6022,2731
2023-12-20 00:00:00+00:00,0.6016,0.602,0.5945,0.5986,2170
2023-12-20 04:00:00+00:00,0.5986,0.6066,0.5954,0.6029,5066
2023-12-20 08:00:00+00:00,0.6029,0.6093,0.5987,0.6079,3651
2023-12-20 12:00:00+00:00,0.608,0.6193,0.6048,0.6145,3630
2023-12-20 16:00:00+00:00,0.6144,0.6202,0.6116,0.6153,4784
2023-12-20 20:00:00+00:00,0.6153,0.6212,0.6019,0.6099,4981
2023-12-21 00:00:00+00:00,0.6096,0.6146,0.6056,0.6076,2302
2023-12-21 04:00:00+00:00,0.6073,0.6117,0.6062,0.6076,4071
2023-12-21 08:00:00+00:00,0.6076,0.6135,0.6064,0.6106,4051
2023-12-21 12:00:00+00:00,0.6104,0.6161,0.6104,0.6136,3791
2023-12-21 16:00:00+00:00,0.6136,0.6146,0.6051,0.6106,4981
2023-12-21 20:00:00+00:00,0.6107,0.6199,0.6105,0.6179,5838
2023-12-22 00:00:00+00:00,0.6162,0.6217,0.6162,0.6186,4015
2023-12-22 04:00:00+00:00,0.6186,0.6195,0.6129,0.6157,3690
2023-12-22 08:00:00+00:00,0.6157,0.6257,0.6113,0.6173,8688
2023-12-22 12:00:00+00:00,0.6174,0.6177,0.6115,0.6155,4503
2023-12-22 16:00:00+00:00,0.6155,0.6162,0.6102,0.6145,4470
2023-12-22 20:00:00+00:00,0.6145,0.6172,0.6123,0.6168,3221
2023-12-23 00:00:00+00:00,0.6188,0.6206,0.6105,0.6111,3106
2023-12-23 04:00:00+00:00,0.611,0.613,0.6057,0.6112,4021
2023-12-23 08:00:00+00:00,0.6112,0.6126,0.6099,0.6114,2753
2023-12-23 12:00:00+00:00,0.6115,0.6125,0.6086,0.6123,2696
2023-12-23 16:00:00+00:00,0.6124,0.6147,0.6114,0.6139,2785
2023-12-23 20:00:00+00:00,0.6139,0.6158,0.612,0.6128,2878
2023-12-24 00:00:00+00:00,0.6116,0.6162,0.6112,0.6139,2860
2023-12-24 04:00:00+00:00,0.6139,0.6182,0.6059,0.6095,3168
2023-12-24 08:00:00+00:00,0.6095,0.6164,0.6069,0.6158,3000
2023-12-24 12:00:00+00:00,0.6158,0.6158,0.6084,0.6157,3684
2023-12-24 16:00:00+00:00,0.6157,0.619,0.6141,0.6155,3441
2023-12-24 20:00:00+00:00,0.6155,0.6248,0.6113,0.6132,3798
2023-12-25 00:00:00+00:00,0.6117,0.6142,0.5973,0.6068,3235
2023-12-25 04:00:00+00:00,0.6067,0.6122,0.6038,0.6105,2144
2023-12-25 08:00:00+00:00,0.6106,0.6388,0.6096,0.6362,3179
2023-12-25 12:00:00+00:00,0.6362,0.6429,0.6296,0.6336,4259
2023-12-25 16:00:00+00:00,0.6336,0.6362,0.6256,0.6281,3153
2023-12-25 20:00:00+00:00,0.6281,0.6389,0.6281,0.6372,2222
2023-12-26 00:00:00+00:00,0.6328,0.6424,0.6277,0.6316,2135
2023-12-26 04:00:00+00:00,0.6317,0.6338,0.6143,0.6193,5520
2023-12-26 08:00:00+00:00,0.6193,0.6205,0.6103,0.6158,6290
2023-12-26 12:00:00+00:00,0.6157,0.6263,0.6154,0.6221,4736
2023-12-26 16:00:00+00:00,0.6221,0.6231,0.5845,0.6085,10310
2023-12-26 20:00:00+00:00,0.6085,0.6157,0.6046,0.6135,6147
2023-12-27 00:00:00+00:00,0.6123,0.6172,0.6118,0.6146,2394
2023-12-27 04:00:00+00:00,0.6147,0.6169,0.6075,0.6165,4053
2023-12-27 08:00:00+00:00,0.6165,0.6243,0.6115,0.6239,5284
2023-12-27 12:00:00+00:00,0.624,0.6265,0.6206,0.6247,5377
2023-12-27 16:00:00+00:00,0.6247,0.633,0.6216,0.6303,6888
2023-12-27 20:00:00+00:00,0.6304,0.6373,0.6284,0.6314,3838
2023-12-28 00:00:00+00:00,0.6315,0.6404,0.6256,0.6362,4455
2023-12-28 04:00:00+00:00,0.6362,0.6529,0.632,0.6396,5951
2023-12-28 08:00:00+00:00,0.6395,0.6412,0.6268,0.6361,5130
2023-12-28 12:00:00+00:00,0.6361,0.6451,0.6243,0.6334,5939
2023-12-28 16:00:00+00:00,0.6335,0.634,0.6195,0.6258,7278
2023-12-28 20:00:00+00:00,0.6258,0.6287,0.6205,0.6246,5638
2023-12-29 00:00:00+00:00,0.6234,0.6317,0.6159,0.6229,5454
2023-12-29 04:00:00+00:00,0.6228,0.6281,0.6217,0.6262,4148
2023-12-29 08:00:00+00:00,0.6262,0.6282,0.6181,0.6261,4661
2023-12-29 12:00:00+00:00,0.6261,0.6306,0.624,0.628,3149
2023-12-29 16:00:00+00:00,0.6281,0.6315,0.6103,0.6133,9092
2023-12-29 20:00:00+00:00,0.6131,0.6187,0.6124,0.6136,7937
2023-12-30 00:00:00+00:00,0.6137,0.6193,0.6128,0.6186,1467
2023-12-30 04:00:00+00:00,0.6185,0.6187,0.6137,0.618,1841
2023-12-30 08:00:00+00:00,0.618,0.6207,0.6108,0.6132,5236
2023-12-30 12:00:00+00:00,0.6132,0.6194,0.6121,0.6182,3917
2023-12-30 16:00:00+00:00,0.6184,0.6246,0.6183,0.6209,4607
2023-12-30 20:00:00+00:00,0.6203,0.6213,0.6176,0.6191,2466
2023-12-31 00:00:00+00:00,0.6172,0.619,0.6146,0.6164,1525
2023-12-31 04:00:00+00:00,0.6164,0.6174,0.6127,0.6165,1343
2023-12-31 08:00:00+00:00,0.6165,0.6229,0.6158,0.6213,1454
2023-12-31 12:00:00+00:00,0.6214,0.6216,0.6145,0.6169,1076
2023-12-31 16:00:00+00:00,0.6169,0.6187,0.6142,0.6161,1684
2023-12-31 20:00:00+00:00,0.6162,0.6167,0.6121,0.6138,3373
2024-01-01 00:00:00+00:00,0.6111,0.6137,0.5995,0.6129,3494
2024-01-01 04:00:00+00:00,0.6129,0.6132,0.603,0.6036,1788
2024-01-01 08:00:00+00:00,0.6036,0.6123,0.6034,0.6121,1502
2024-01-01 12:00:00+00:00,0.612,0.6164,0.6107,0.6156,1445
2024-01-01 16:00:00+00:00,0.6157,0.6187,0.6132,0.6183,1926
2024-01-01 20:00:00+00:00,0.6181,0.6237,0.6179,0.623,2398
2024-01-02 00:00:00+00:00,0.622,0.6296,0.6204,0.6275,3885
2024-01-02 04:00:00+00:00,0.6275,0.6306,0.6215,0.6252,3183
2024-01-02 08:00:00+00:00,0.6251,0.6353,0.6227,0.6329,3761
2024-01-02 12:00:00+00:00,0.6329,0.6333,0.623,0.6271,4212
2024-01-02 16:00:00+00:00,0.627,0.6278,0.6161,0.6179,6286
2024-01-02 20:00:00+00:00,0.618,0.624,0.6176,0.6214,4749
2024-01-03 00:00:00+00:00,0.6222,0.6234,0.6176,0.6226,3445
2024-01-03 04:00:00+00:00,0.6227,0.634,0.6206,0.6308,3381
2024-01-03 08:00:00+00:00,0.6309,0.6332,0.6249,0.6302,3856
2024-01-03 12:00:00+00:00,0.6303,0.6312,0.4709,0.563,16426
2024-01-03 16:00:00+00:00,0.5633,0.5751,0.5516,0.5703,13354
2024-01-03 20:00:00+00:00,0.5703,0.5851,0.5583,0.585,6187
2024-01-04 00:00:00+00:00,0.5799,0.5813,0.5643,0.5686,5830
2024-01-04 04:00:00+00:00,0.5685,0.5797,0.5681,0.5764,4321
2024-01-04 08:00:00+00:00,0.5764,0.5779,0.5677,0.5726,4330
2024-01-04 12:00:00+00:00,0.5725,0.5764,0.5655,0.575,5018
2024-01-04 16:00:00+00:00,0.5751,0.5834,0.5741,0.5806,5382
2024-01-04 20:00:00+00:00,0.5806,0.5871,0.5754,0.5858,5073
2024-01-05 00:00:00+00:00,0.5868,0.5892,0.5497,0.5674,5359
2024-01-05 04:00:00+00:00,0.5673,0.5732,0.5663,0.5705,5010
2024-01-05 08:00:00+00:00,0.5705,0.5743,0.5675,0.574,4721
2024-01-05 12:00:00+00:00,0.574,0.5742,0.5603,0.5659,5589
2024-01-05 16:00:00+00:00,0.566,0.5671,0.5487,0.5602,9219
2024-01-05 20:00:00+00:00,0.5601,0.5689,0.5591,0.5673,4147
2024-01-06 00:00:00+00:00,0.5675,0.5713,0.5663,0.5684,2779
2024-01-06 04:00:00+00:00,0.5683,0.5688,0.5586,0.5617,3912
2024-01-06 08:00:00+00:00,0.5617,0.5624,0.5522,0.5609,5341
2024-01-06 12:00:00+00:00,0.561,0.5632,0.559,0.5613,3049
2024-01-06 16:00:00+00:00,0.5613,0.5687,0.561,0.5667,3069
2024-01-06 20:00:00+00:00,0.5667,0.5669,0.5605,0.5625,3167
2024-01-07 00:00:00+00:00,0.56,0.5662,0.5591,0.5627,2990
2024-01-07 04:00:00+00:00,0.5626,0.5651,0.5601,0.5624,2886
2024-01-07 08:00:00+00:00,0.5624,0.5681,0.5592,0.5607,3976
2024-01-07 12:00:00+00:00,0.5607,0.5652,0.5575,0.5646,4278
2024-01-07 16:00:00+00:00,0.5645,0.5658,0.5557,0.5607,4975
2024-01-07 20:00:00+00:00,0.5607,0.5636,0.5581,0.5593,2705
2024-01-08 00:00:00+00:00,0.5564,0.5768,0.5409,0.5675,11578
2024-01-08 04:00:00+00:00,0.5673,0.5703,0.5396,0.5532,8967
2024-01-08 08:00:00+00:00,0.5532,0.5604,0.5457,0.5476,4887
2024-01-08 12:00:00+00:00,0.5476,0.5648,0.5466,0.5587,5072
2024-01-08 16:00:00+00:00,0.5587,0.5654,0.5572,0.5654,4369
2024-01-08 20:00:00+00:00,0.5654,0.5768,0.5653,0.5723,5364
2024-01-09 00:00:00+00:00,0.5714,0.5756,0.5609,0.5681,5186
2024-01-09 04:00:00+00:00,0.5681,0.5702,0.5637,0.5659,3345
2024-01-09 08:00:00+00:00,0.566,0.5681,0.5571,0.5597,4672
2024-01-09 12:00:00+00:00,0.5597,0.565,0.545,0.5588,5479
2024-01-09 16:00:00+00:00,0.5588,0.5599,0.549,0.556,5953
2024-01-09 20:00:00+00:00,0.556,0.5739,0.5553,0.5616,11168
2024-01-10 00:00:00+00:00,0.5622,0.5685,0.5595,0.5669,5112
2024-01-10 04:00:00+00:00,0.5669,0.5673,0.5623,0.5627,3103
2024-01-10 08:00:00+00:00,0.5627,0.5629,0.5534,0.5614,4310
2024-01-10 12:00:00+00:00,0.5614,0.5627,0.5434,0.5504,5864
2024-01-10 16:00:00+00:00,0.5504,0.5735,0.5477,0.5645,7532
2024-01-10 20:00:00+00:00,0.5645,0.5914,0.5581,0.5912,10117
2024-01-11 00:00:00+00:00,0.5886,0.6093,0.5879,0.5928,9970
2024-01-11 04:00:00+00:00,0.5927,0.6009,0.5903,0.5912,4906
2024-01-11 08:00:00+00:00,0.5912,0.5965,0.5803,0.5937,6256
2024-01-11 12:00:00+00:00,0.5937,0.6188,0.5936,0.6097,8372
2024-01-11 16:00:00+00:00,0.6097,0.6126,0.5867,0.599,13336
2024-01-11 20:00:00+00:00,0.599,0.6019,0.592,0.596,6783
2024-01-12 00:00:00+00:00,0.5965,0.5986,0.5851,0.5894,5048
2024-01-12 04:00:00+00:00,0.5894,0.5956,0.5892,0.5949,4440
2024-01-12 08:00:00+00:00,0.5949,0.5955,0.5803,0.5906,4949
2024-01-12 12:00:00+00:00,0.5906,0.5973,0.5885,0.5931,5543
2024-01-12 16:00:00+00:00,0.5932,0.5962,0.5601,0.5725,11745
2024-01-12 20:00:00+00:00,0.5724,0.5781,0.5652,0.5715,8607
2024-01-13 00:00:00+00:00,0.5633,0.5672,0.5577,0.5635,4924
2024-01-13 04:00:00+00:00,0.5633,0.571,0.5627,0.5706,5796
2024-01-13 08:00:00+00:00,0.5706,0.572,0.5666,0.5676,3243
2024-01-13 12:00:00+00:00,0.5676,0.5715,0.5649,0.5679,3879
2024-01-13 16:00:00+00:00,0.5679,0.5699,0.5657,0.5691,5153
2024-01-13 20:00:00+00:00,0.5689,0.5719,0.5679,0.5718,3206
2024-01-14 00:00:00+00:00,0.5719,0.5724,0.5664,0.5697,2640
2024-01-14 04:00:00+00:00,0.5697,0.5704,0.5668,0.5693,2781
2024-01-14 08:00:00+00:00,0.5693,0.5739,0.5689,0.5731,2235
2024-01-14 12:00:00+00:00,0.5732,0.5747,0.5689,0.5716,2109
2024-01-14 16:00:00+00:00,0.5715,0.5777,0.5699,0.5772,2315
2024-01-14 20:00:00+00:00,0.5772,0.586,0.5661,0.5858,8214
2024-01-15 00:00:00+00:00,0.5856,0.5874,0.5687,0.5776,7148
2024-01-15 04:00:00+00:00,0.5777,0.584,0.5759,0.5776,4439
2024-01-15 08:00:00+00:00,0.5776,0.5784,0.5706,0.576,4531
2024-01-15 12:00:00+00:00,0.576,0.5762,0.571,0.573,4101
2024-01-15 16:00:00+00:00,0.5729,0.5735,0.5632,0.573,8205
2024-01-15 20:00:00+00:00,0.573,0.5764,0.572,0.5732,4082
2024-01-16 00:00:00+00:00,0.5724,0.574,0.5661,0.568,3799
2024-01-16 04:00:00+00:00,0.568,0.5731,0.5674,0.5681,2909
2024-01-16 08:00:00+00:00,0.5681,0.5719,0.566,0.5696,3589
2024-01-16 12:00:00+00:00,0.5696,0.5726,0.5671,0.5684,3401
2024-01-16 16:00:00+00:00,0.5684,0.5733,0.5604,0.5717,6774
2024-01-16 20:00:00+00:00,0.5717,0.5746,0.5694,0.5736,4093
2024-01-17 00:00:00+00:00,0.5738,0.5746,0.5681,0.5702,2838
2024-01-17 04:00:00+00:00,0.5701,0.5711,0.5665,0.5665,2479
2024-01-17 08:00:00+00:00,0.5666,0.5683,0.5637,0.5642,3546
2024-01-17 12:00:00+00:00,0.5642,0.5666,0.5623,0.5634,3262
2024-01-17 16:00:00+00:00,0.5634,0.5659,0.5556,0.5608,7095
2024-01-17 20:00:00+00:00,0.5607,0.5674,0.5607,0.5653,3983
2024-01-18 00:00:00+00:00,0.565,0.5658,0.5572,0.5602,4026
2024-01-18 04:00:00+00:00,0.5602,0.5628,0.5599,0.5618,3121
2024-01-18 08:00:00+00:00,0.5618,0.5635,0.5587,0.5601,4337
2024-01-18 12:00:00+00:00,0.5602,0.5611,0.5528,0.5563,4695
2024-01-18 16:00:00+00:00,0.5563,0.5584,0.5444,0.5473,6530
2024-01-18 20:00:00+00:00,0.5474,0.5481,0.5371,0.5452,11726
2024-01-19 00:00:00+00:00,0.5434,0.5482,0.5375,0.5433,3577
2024-01-19 04:00:00+00:00,0.5433,0.5466,0.54,0.5449,3331
2024-01-19 08:00:00+00:00,0.5449,0.5459,0.5394,0.5447,3907
2024-01-19 12:00:00+00:00,0.5445,0.5456,0.5425,0.5437,2970
2024-01-19 16:00:00+00:00,0.5437,0.5441,0.516,0.5304,16366
2024-01-19 20:00:00+00:00,0.5304,0.5438,0.5276,0.5413,5953
2024-01-20 00:00:00+00:00,0.5385,0.5387,0.5334,0.5385,1512
2024-01-20 04:00:00+00:00,0.5386,0.5404,0.5365,0.539,1533
2024-01-20 08:00:00+00:00,0.539,0.5471,0.5382,0.5393,2958
2024-01-20 12:00:00+00:00,0.5393,0.5453,0.539,0.5448,2246
2024-01-20 16:00:00+00:00,0.5445,0.5446,0.5411,0.5427,3050
2024-01-20 20:00:00+00:00,0.5426,0.5452,0.5379,0.5435,3972
2024-01-21 00:00:00+00:00,0.5414,0.5495,0.5414,0.5465,2653
2024-01-21 04:00:00+00:00,0.5465,0.5496,0.5464,0.5469,1385
2024-01-21 08:00:00+00:00,0.5469,0.5474,0.5452,0.5472,3957
2024-01-21 12:00:00+00:00,0.5473,0.5492,0.544,0.5475,4936
2024-01-21 16:00:00+00:00,0.5473,0.5495,0.5434,0.5469,6407
2024-01-21 20:00:00+00:00,0.5469,0.5473,0.5429,0.5453,4427
2024-01-22 00:00:00+00:00,0.5454,0.5454,0.5346,0.5368,7435
2024-01-22 04:00:00+00:00,0.5366,0.5385,0.5286,0.5333,8199
2024-01-22 08:00:00+00:00,0.5333,0.535,0.5239,0.5252,4413
2024-01-22 12:00:00+00:00,0.525,0.5288,0.52,0.5268,7573
2024-01-22 16:00:00+00:00,0.5268,0.5276,0.5168,0.5261,12459
2024-01-22 20:00:00+00:00,0.5261,0.5297,0.5114,0.5245,11444
2024-01-23 00:00:00+00:00,0.5232,0.5268,0.5165,0.5206,7559
2024-01-23 04:00:00+00:00,0.5206,0.526,0.5202,0.5235,3036
2024-01-23 08:00:00+00:00,0.5235,0.5237,0.4954,0.5015,9666
2024-01-23 12:00:00+00:00,0.5014,0.5054,0.4955,0.4958,12140
2024-01-23 16:00:00+00:00,0.4958,0.508,0.4902,0.5049,13123
2024-01-23 20:00:00+00:00,0.505,0.508,0.5005,0.5042,8611
2024-01-24 00:00:00+00:00,0.503,0.5137,0.5028,0.5077,8680
2024-01-24 04:00:00+00:00,0.5077,0.5122,0.5073,0.5094,3599
2024-01-24 08:00:00+00:00,0.5093,0.5111,0.5053,0.5091,4835
2024-01-24 12:00:00+00:00,0.5091,0.5138,0.5069,0.5086,4318
2024-01-24 16:00:00+00:00,0.5085,0.5123,0.5074,0.5113,4229
2024-01-24 20:00:00+00:00,0.5111,0.5113,0.5065,0.5102,3897
2024-01-25 00:00:00+00:00,0.51,0.5138,0.5084,0.5093,3170
2024-01-25 04:00:00+00:00,0.5094,0.5107,0.5039,0.5052,3449
2024-01-25 08:00:00+00:00,0.5052,0.5096,0.5038,0.5064,3058
2024-01-25 12:00:00+00:00,0.5064,0.5085,0.5008,0.5028,3962
2024-01-25 16:00:00+00:00,0.5028,0.5048,0.4982,0.5027,6436
2024-01-25 20:00:00+00:00,0.5028,0.5096,0.5027,0.5085,3570
2024-01-26 00:00:00+00:00,0.5079,0.5102,0.503,0.5064,2942
2024-01-26 04:00:00+00:00,0.5064,0.5096,0.5059,0.5074,4054
2024-01-26 08:00:00+00:00,0.5075,0.5104,0.5044,0.5082,2012
2024-01-26 12:00:00+00:00,0.5082,0.5173,0.5081,0.5124,3476
2024-01-26 16:00:00+00:00,0.5124,0.5206,0.5123,0.5196,3446
2024-01-26 20:00:00+00:00,0.5196,0.5314,0.5196,0.5273,5178
2024-01-27 00:00:00+00:00,0.526,0.5277,0.5244,0.5258,1467
2024-01-27 04:00:00+00:00,0.5259,0.5296,0.5255,0.5262,2197
2024-01-27 08:00:00+00:00,0.5262,0.5269,0.5207,0.524,1962
2024-01-27 12:00:00+00:00,0.524,0.5267,0.523,0.5242,2493
2024-01-27 16:00:00+00:00,0.5242,0.5261,0.5232,0.5241,3257
2024-01-27 20:00:00+00:00,0.524,0.5258,0.523,0.5258,2895
2024-01-28 00:00:00+00:00,0.5247,0.5272,0.5238,0.5256,1302
2024-01-28 04:00:00+00:00,0.5256,0.5302,0.5253,0.527,1748
2024-01-28 08:00:00+00:00,0.5271,0.5282,0.5246,0.5274,3228
2024-01-28 12:00:00+00:00,0.5274,0.528,0.5226,0.5251,2172
2024-01-28 16:00:00+00:00,0.5251,0.5261,0.5227,0.5245,2313
2024-01-28 20:00:00+00:00,0.5245,0.5248,0.5159,0.5212,3085
2024-01-29 00:00:00+00:00,0.5203,0.5209,0.5156,0.5193,3434
2024-01-29 04:00:00+00:00,0.5194,0.5242,0.5193,0.5219,2221
2024-01-29 08:00:00+00:00,0.5219,0.5226,0.5158,0.5223,3979
2024-01-29 12:00:00+00:00,0.5222,0.5237,0.5157,0.517,2388
2024-01-29 16:00:00+00:00,0.517,0.5331,0.514,0.5283,6258
2024-01-29 20:00:00+00:00,0.5283,0.5338,0.5281,0.5326,3981
2024-01-30 00:00:00+00:00,0.5327,0.5348,0.5281,0.531,1963
2024-01-30 04:00:00+00:00,0.531,0.534,0.5285,0.5287,2853
2024-01-30 08:00:00+00:00,0.5287,0.5297,0.5256,0.5276,3661
2024-01-30 12:00:00+00:00,0.5276,0.5304,0.5177,0.521,4420
2024-01-30 16:00:00+00:00,0.5208,0.5238,0.5175,0.5193,5748
2024-01-30 20:00:00+00:00,0.5193,0.5196,0.5017,0.5066,7068
2024-01-31 00:00:00+00:00,0.5066,0.5076,0.4973,0.5031,5822
2024-01-31 04:00:00+00:00,0.5031,0.5074,0.5019,0.5067,2352
2024-01-31 08:00:00+00:00,0.5067,0.5091,0.5003,0.5008,3751
2024-01-31 12:00:00+00:00,0.5008,0.5025,0.496,0.5001,3657
2024-01-31 16:00:00+00:00,0.5001,0.5082,0.4788,0.5082,8510
2024-01-31 20:00:00+00:00,0.5083,0.5088,0.4948,0.4983,6584
2024-02-01 00:00:00+00:00,0.4958,0.4987,0.4861,0.4883,5516
2024-02-01 04:00:00+00:00,0.4884,0.4932,0.4879,0.49,4002
2024-02-01 08:00:00+00:00,0.49,0.4904,0.4841,0.4901,3839
2024-02-01 12:00:00+00:00,0.4901,0.4919,0.4867,0.4901,5469
2024-02-01 16:00:00+00:00,0.49,0.5016,0.4897,0.5009,4722
2024-02-01 20:00:00+00:00,0.5009,0.5054,0.4987,0.5042,3749
2024-02-02 00:00:00+00:00,0.5028,0.5034,0.4985,0.4994,3129
2024-02-02 04:00:00+00:00,0.4994,0.5025,0.4986,0.5011,3004
2024-02-02 08:00:00+00:00,0.5011,0.5022,0.4968,0.4984,1762
2024-02-02 12:00:00+00:00,0.4983,0.5008,0.4931,0.495,3723
2024-02-02 16:00:00+00:00,0.495,0.501,0.4933,0.4974,4203
2024-02-02 20:00:00+00:00,0.4974,0.5032,0.4954,0.5031,2984
2024-02-03 00:00:00+00:00,0.505,0.5054,0.5008,0.5022,1737
2024-02-03 04:00:00+00:00,0.5022,0.5029,0.5005,0.5023,2078
2024-02-03 08:00:00+00:00,0.5023,0.5045,0.5012,0.5038,2824
2024-02-03 12:00:00+00:00,0.5038,0.5215,0.5034,0.5135,5624
2024-02-03 16:00:00+00:00,0.5135,0.5167,0.5109,0.5142,3042
2024-02-03 20:00:00+00:00,0.514,0.5165,0.5117,0.5147,2607
2024-02-04 00:00:00+00:00,0.5155,0.5169,0.5098,0.513,2615
2024-02-04 04:00:00+00:00,0.513,0.5138,0.5075,0.5077,1848
2024-02-04 08:00:00+00:00,0.5076,0.5094,0.5034,0.5074,4506
2024-02-04 12:00:00+00:00,0.5073,0.5089,0.5052,0.5068,1523
2024-02-04 16:00:00+00:00,0.5068,0.5083,0.5038,0.5065,5021
2024-02-04 20:00:00+00:00,0.5064,0.5071,0.4987,0.5023,4206
2024-02-05 00:00:00+00:00,0.503,0.5031,0.4912,0.4951,4537
2024-02-05 04:00:00+00:00,0.4951,0.5009,0.4948,0.4982,2319
2024-02-05 08:00:00+00:00,0.4982,0.5005,0.4963,0.499,2710
2024-02-05 12:00:00+00:00,0.4991,0.5027,0.4982,0.5022,3338
2024-02-05 16:00:00+00:00,0.5022,0.5084,0.4949,0.5032,5601
2024-02-05 20:00:00+00:00,0.5032,0.5044,0.4987,0.5013,3621
2024-02-06 00:00:00+00:00,0.4994,0.502,0.4984,0.5005,2887
2024-02-06 04:00:00+00:00,0.5005,0.5029,0.4985,0.4988,2604
2024-02-06 08:00:00+00:00,0.4988,0.4996,0.4959,0.4968,1695
2024-02-06 12:00:00+00:00,0.4968,0.4999,0.4929,0.4953,3269
2024-02-06 16:00:00+00:00,0.4953,0.5004,0.4943,0.4991,2886
2024-02-06 20:00:00+00:00,0.4991,0.5058,0.4988,0.5045,2588
2024-02-07 00:00:00+00:00,0.5043,0.5044,0.4975,0.5001,2140
2024-02-07 04:00:00+00:00,0.5001,0.5004,0.497,0.4973,2570
2024-02-07 08:00:00+00:00,0.4972,0.4983,0.4939,0.4976,2560
2024-02-07 12:00:00+00:00,0.4977,0.4983,0.4946,0.4982,2160
2024-02-07 16:00:00+00:00,0.4982,0.5036,0.4961,0.502,3339
2024-02-07 20:00:00+00:00,0.502,0.5093,0.5013,0.5079,3276
2024-02-08 00:00:00+00:00,0.5086,0.5103,0.5058,0.5069,2273
2024-02-08 04:00:00+00:00,0.5069,0.5131,0.5058,0.5062,3082
2024-02-08 08:00:00+00:00,0.5062,0.5121,0.505,0.5113,2262
2024-02-08 12:00:00+00:00,0.5114,0.5116,0.5067,0.5095,2331
2024-02-08 16:00:00+00:00,0.5095,0.5139,0.5065,0.5103,3737
2024-02-08 20:00:00+00:00,0.5104,0.5134,0.5097,0.5109,2273
2024-02-09 00:00:00+00:00,0.5113,0.5117,0.5071,0.5112,1857
2024-02-09 04:00:00+00:00,0.5112,0.5152,0.5107,0.5133,2300
2024-02-09 08:00:00+00:00,0.5133,0.5175,0.5105,0.5175,2422
2024-02-09 12:00:00+00:00,0.5176,0.5212,0.5154,0.5188,3504
2024-02-09 16:00:00+00:00,0.5188,0.5191,0.5125,0.5187,4432
2024-02-09 20:00:00+00:00,0.5187,0.5231,0.5173,0.5228,3457
2024-02-10 00:00:00+00:00,0.5207,0.522,0.5181,0.5207,1978
2024-02-10 04:00:00+00:00,0.5206,0.523,0.5196,0.5201,1978
2024-02-10 08:00:00+00:00,0.5201,0.5205,0.5163,0.5176,2028
2024-02-10 12:00:00+00:00,0.5175,0.5179,0.5127,0.5167,3505
2024-02-10 16:00:00+00:00,0.5166,0.5186,0.5158,0.5163,1706
2024-02-10 20:00:00+00:00,0.5163,0.5207,0.516,0.52,1787
2024-02-11 00:00:00+00:00,0.5199,0.5203,0.5165,0.5179,1779
2024-02-11 04:00:00+00:00,0.5179,0.5236,0.5174,0.5223,1815
2024-02-11 08:00:00+00:00,0.5223,0.5309,0.5214,0.5293,2377
2024-02-11 12:00:00+00:00,0.5293,0.5293,0.5243,0.5246,3285
2024-02-11 16:00:00+00:00,0.5246,0.5258,0.5209,0.523,2838
2024-02-11 20:00:00+00:00,0.5229,0.5247,0.5185,0.5196,2716
2024-02-12 00:00:00+00:00,0.5198,0.5237,0.5182,0.5231,2270
2024-02-12 04:00:00+00:00,0.5232,0.5236,0.5129,0.5148,2725
2024-02-12 08:00:00+00:00,0.5149,0.5152,0.5096,0.5121,3626
2024-02-12 12:00:00+00:00,0.512,0.5141,0.5091,0.5129,2834
2024-02-12 16:00:00+00:00,0.5128,0.5301,0.5126,0.5263,5208
2024-02-12 20:00:00+00:00,0.5263,0.5328,0.5256,0.5264,4357
2024-02-13 00:00:00+00:00,0.5272,0.5288,0.518,0.5263,2959
2024-02-13 04:00:00+00:00,0.5263,0.5272,0.5222,0.5236,2202
2024-02-13 08:00:00+00:00,0.5236,0.5259,0.5225,0.5256,2923
2024-02-13 12:00:00+00:00,0.5257,0.526,0.512,0.5176,3623
2024-02-13 16:00:00+00:00,0.5176,0.5192,0.5087,0.5189,7821
2024-02-13 20:00:00+00:00,0.5188,0.5245,0.5187,0.523,2818
2024-02-14 00:00:00+00:00,0.5228,0.5231,0.5137,0.5176,2517
2024-02-14 04:00:00+00:00,0.5175,0.5205,0.5163,0.5175,1735
2024-02-14 08:00:00+00:00,0.5176,0.5279,0.5168,0.5268,3390
2024-02-14 12:00:00+00:00,0.5268,0.5331,0.5139,0.5311,5269
2024-02-14 16:00:00+00:00,0.531,0.5312,0.5247,0.5285,4319
2024-02-14 20:00:00+00:00,0.5286,0.5349,0.5279,0.5346,2935
2024-02-15 00:00:00+00:00,0.5349,0.5417,0.532,0.5351,4133
2024-02-15 04:00:00+00:00,0.5352,0.5537,0.5345,0.5399,4957
2024-02-15 08:00:00+00:00,0.54,0.5473,0.5381,0.5471,3842
2024-02-15 12:00:00+00:00,0.5471,0.5498,0.5415,0.5449,4036
2024-02-15 16:00:00+00:00,0.5449,0.5498,0.537,0.5405,5095
2024-02-15 20:00:00+00:00,0.5405,0.5718,0.5397,0.5578,6521
2024-02-16 00:00:00+00:00,0.5584,0.5618,0.5517,0.5608,4499
2024-02-16 04:00:00+00:00,0.5608,0.5741,0.5599,0.5658,4337
2024-02-16 08:00:00+00:00,0.5659,0.5665,0.5548,0.5606,3932
2024-02-16 12:00:00+00:00,0.5606,0.5692,0.5602,0.5642,3721
2024-02-16 16:00:00+00:00,0.5642,0.5651,0.5476,0.5582,6033
2024-02-16 20:00:00+00:00,0.5583,0.5637,0.555,0.5617,3154
2024-02-17 00:00:00+00:00,0.5589,0.5609,0.553,0.5545,1879
2024-02-17 04:00:00+00:00,0.5546,0.5553,0.5528,0.5539,2298
2024-02-17 08:00:00+00:00,0.5539,0.5566,0.5489,0.5489,2710
2024-02-17 12:00:00+00:00,0.5489,0.55,0.5416,0.5428,3524
2024-02-17 16:00:00+00:00,0.5428,0.5453,0.5343,0.5448,4450
2024-02-17 20:00:00+00:00,0.5442,0.5481,0.5426,0.5459,2706
2024-02-18 00:00:00+00:00,0.5448,0.548,0.5432,0.5446,2438
2024-02-18 04:00:00+00:00,0.5446,0.5539,0.5421,0.5515,2748
2024-02-18 08:00:00+00:00,0.5515,0.5538,0.5475,0.5537,2680
2024-02-18 12:00:00+00:00,0.5537,0.5539,0.5483,0.551,2699
2024-02-18 16:00:00+00:00,0.5511,0.5575,0.5506,0.5559,2721
2024-02-18 20:00:00+00:00,0.5559,0.5559,0.5496,0.5534,2371
2024-02-19 00:00:00+00:00,0.5521,0.5575,0.5508,0.5562,3052
2024-02-19 04:00:00+00:00,0.5562,0.557,0.5512,0.5524,2049
2024-02-19 08:00:00+00:00,0.5525,0.5591,0.5518,0.5558,2834
2024-02-19 12:00:00+00:00,0.5558,0.556,0.5511,0.5536,2862
2024-02-19 16:00:00+00:00,0.5536,0.5583,0.5487,0.5551,4140
2024-02-19 20:00:00+00:00,0.5551,0.56,0.554,0.5594,3001
2024-02-20 00:00:00+00:00,0.5617,0.5626,0.5503,0.554,4364
2024-02-20 04:00:00+00:00,0.554,0.5687,0.5536,0.5632,5851
2024-02-20 08:00:00+00:00,0.5631,0.5655,0.5524,0.5563,4747
2024-02-20 12:00:00+00:00,0.5562,0.5699,0.5559,0.5684,4966
2024-02-20 16:00:00+00:00,0.5684,0.5686,0.5384,0.5478,9404
2024-02-20 20:00:00+00:00,0.5478,0.5597,0.5472,0.5582,3499
2024-02-21 00:00:00+00:00,0.5581,0.5615,0.5508,0.5521,3861
2024-02-21 04:00:00+00:00,0.5521,0.5544,0.5469,0.5474,3252
2024-02-21 08:00:00+00:00,0.5474,0.5479,0.531,0.5329,6086
2024-02-21 12:00:00+00:00,0.5329,0.5396,0.5276,0.5365,6867
2024-02-21 16:00:00+00:00,0.5366,0.5385,0.5289,0.5345,7262
2024-02-21 20:00:00+00:00,0.5346,0.5415,0.53,0.5412,4964
2024-02-22 00:00:00+00:00,0.5404,0.5443,0.5336,0.5342,3724
2024-02-22 04:00:00+00:00,0.5343,0.5389,0.5341,0.5366,3333
2024-02-22 08:00:00+00:00,0.5366,0.5452,0.536,0.5446,4433
2024-02-22 12:00:00+00:00,0.5444,0.5445,0.5314,0.5342,3866
2024-02-22 16:00:00+00:00,0.5342,0.5393,0.5337,0.5378,5207
2024-02-22 20:00:00+00:00,0.5377,0.5465,0.5374,0.5412,4097
2024-02-23 00:00:00+00:00,0.5415,0.542,0.5343,0.5348,4012
2024-02-23 04:00:00+00:00,0.5348,0.537,0.5304,0.5346,4927
2024-02-23 08:00:00+00:00,0.5345,0.5357,0.5245,0.5299,3588
2024-02-23 12:00:00+00:00,0.5297,0.5318,0.5273,0.5306,5003
2024-02-23 16:00:00+00:00,0.5306,0.5324,0.5203,0.5306,7963
2024-02-23 20:00:00+00:00,0.5306,0.5359,0.5289,0.5342,3695
2024-02-24 00:00:00+00:00,0.5281,0.5317,0.5252,0.5263,4494
2024-02-24 04:00:00+00:00,0.5264,0.5352,0.5261,0.5341,3698
2024-02-24 08:00:00+00:00,0.5342,0.54,0.5337,0.5392,3743
2024-02-24 12:00:00+00:00,0.5393,0.5415,0.5384,0.5401,2570
2024-02-24 16:00:00+00:00,0.5401,0.5428,0.5375,0.542,4289
2024-02-24 20:00:00+00:00,0.542,0.5426,0.5383,0.5407,3675
2024-02-25 00:00:00+00:00,0.5416,0.5416,0.5379,0.541,3987
2024-02-25 04:00:00+00:00,0.541,0.543,0.537,0.5414,5130
2024-02-25 08:00:00+00:00,0.5413,0.5435,0.5396,0.5415,3525
2024-02-25 12:00:00+00:00,0.5415,0.5418,0.538,0.5381,2612
2024-02-25 16:00:00+00:00,0.5381,0.5411,0.5366,0.5395,5765
2024-02-25 20:00:00+00:00,0.5395,0.5418,0.5374,0.5384,4125
2024-02-26 00:00:00+00:00,0.5383,0.5407,0.535,0.5359,4592
2024-02-26 04:00:00+00:00,0.5359,0.5362,0.5329,0.5349,3275
2024-02-26 08:00:00+00:00,0.535,0.5352,0.5272,0.5282,4341
2024-02-26 12:00:00+00:00,0.5282,0.5314,0.5237,0.5275,4661
2024-02-26 16:00:00+00:00,0.5275,0.5476,0.5274,0.5441,4670
2024-02-26 20:00:00+00:00,0.5441,0.5468,0.539,0.5462,4523
2024-02-27 00:00:00+00:00,0.5464,0.5499,0.5427,0.5465,3387
2024-02-27 04:00:00+00:00,0.5465,0.555,0.5458,0.5497,5816
2024-02-27 08:00:00+00:00,0.5497,0.5595,0.5448,0.5573,3668
2024-02-27 12:00:00+00:00,0.5571,0.5598,0.5493,0.5569,4752
2024-02-27 16:00:00+00:00,0.557,0.5696,0.5523,0.5689,7916
2024-02-27 20:00:00+00:00,0.5689,0.5919,0.5665,0.578,8044
2024-02-28 00:00:00+00:00,0.5801,0.5853,0.5755,0.5768,5417
2024-02-28 04:00:00+00:00,0.5768,0.5801,0.5724,0.574,3866
2024-02-28 08:00:00+00:00,0.5739,0.5849,0.5706,0.5838,5449
2024-02-28 12:00:00+00:00,0.5838,0.5871,0.5709,0.5823,8162
2024-02-28 16:00:00+00:00,0.5823,0.6005,0.5202,0.5673,12807
2024-02-28 20:00:00+00:00,0.5673,0.568,0.5441,0.567,11151
2024-02-29 00:00:00+00:00,0.5672,0.5752,0.5625,0.5751,6410
2024-02-29 04:00:00+00:00,0.5751,0.5912,0.5695,0.5909,7144
2024-02-29 08:00:00+00:00,0.5909,0.6028,0.5832,0.5897,8924
2024-02-29 12:00:00+00:00,0.5897,0.6027,0.5816,0.598,9219
2024-02-29 16:00:00+00:00,0.598,0.6207,0.5773,0.5925,14626
2024-02-29 20:00:00+00:00,0.5925,0.6072,0.5781,0.5899,11272
2024-03-01 00:00:00+00:00,0.5825,0.5903,0.5702,0.5877,5441
2024-03-01 04:00:00+00:00,0.5878,0.5914,0.5817,0.5863,5309
2024-03-01 08:00:00+00:00,0.5864,0.5895,0.5781,0.5887,4764
2024-03-01 12:00:00+00:00,0.5887,0.5902,0.5833,0.5889,3993
2024-03-01 16:00:00+00:00,0.5889,0.5934,0.5803,0.5883,7299
2024-03-01 20:00:00+00:00,0.5883,0.5933,0.5858,0.5921,5262
2024-03-02 00:00:00+00:00,0.5951,0.619,0.5938,0.6162,5329
2024-03-02 04:00:00+00:00,0.6162,0.6341,0.6142,0.6198,8640
2024-03-02 08:00:00+00:00,0.6198,0.6329,0.6152,0.6263,8223
2024-03-02 12:00:00+00:00,0.6263,0.6454,0.6239,0.6345,8824
2024-03-02 16:00:00+00:00,0.6346,0.6355,0.6208,0.622,7525
2024-03-02 20:00:00+00:00,0.622,0.6339,0.622,0.6303,5053
2024-03-03 00:00:00+00:00,0.6279,0.6401,0.6251,0.6299,6321
2024-03-03 04:00:00+00:00,0.6299,0.6347,0.6234,0.6281,4678
2024-03-03 08:00:00+00:00,0.6281,0.6286,0.576,0.6145,10294
2024-03-03 12:00:00+00:00,0.6144,0.6248,0.61,0.6217,6523
2024-03-03 16:00:00+00:00,0.6218,0.6228,0.6129,0.6174,5689
2024-03-03 20:00:00+00:00,0.6174,0.6248,0.6153,0.6239,4659
2024-03-04 00:00:00+00:00,0.6245,0.6278,0.6107,0.6244,8257
2024-03-04 04:00:00+00:00,0.6243,0.6339,0.6196,0.6202,7834
2024-03-04 08:00:00+00:00,0.62,0.6398,0.6183,0.6381,10160
2024-03-04 12:00:00+00:00,0.6381,0.6599,0.6343,0.6436,12467
2024-03-04 16:00:00+00:00,0.6436,0.6598,0.6348,0.6349,12676
2024-03-04 20:00:00+00:00,0.6349,0.6522,0.6296,0.6464,8714
2024-03-05 00:00:00+00:00,0.6455,0.6628,0.6388,0.6591,9264
2024-03-05 04:00:00+00:00,0.6591,0.6635,0.6161,0.6379,13984
2024-03-05 08:00:00+00:00,0.6379,0.6422,0.6266,0.6364,9067
2024-03-05 12:00:00+00:00,0.6364,0.6492,0.6364,0.6454,7119
2024-03-05 16:00:00+00:00,0.6454,0.6471,0.6032,0.6205,20326
2024-03-05 20:00:00+00:00,0.6205,0.6205,0.5193,0.582,19104
2024-03-06 00:00:00+00:00,0.5812,0.5942,0.5717,0.5812,8554
2024-03-06 04:00:00+00:00,0.5812,0.6003,0.5707,0.6,9329
2024-03-06 08:00:00+00:00,0.6,0.6187,0.5971,0.6031,12313
2024-03-06 12:00:00+00:00,0.6032,0.6114,0.5862,0.5972,13840
2024-03-06 16:00:00+00:00,0.5972,0.6051,0.5832,0.6051,12190
2024-03-06 20:00:00+00:00,0.6051,0.6113,0.6007,0.6105,6941
2024-03-07 00:00:00+00:00,0.6079,0.6116,0.6013,0.6116,7817
2024-03-07 04:00:00+00:00,0.6116,0.6253,0.6052,0.6106,12557
2024-03-07 08:00:00+00:00,0.6106,0.6232,0.6097,0.6175,8893
2024-03-07 12:00:00+00:00,0.6175,0.62,0.6101,0.6167,6674
2024-03-07 16:00:00+00:00,0.6166,0.6237,0.6104,0.6211,8749
2024-03-07 20:00:00+00:00,0.6212,0.6343,0.6183,0.6319,6969
2024-03-08 00:00:00+00:00,0.631,0.6311,0.6222,0.6245,5465
2024-03-08 04:00:00+00:00,0.6245,0.625,0.6154,0.6167,5275
2024-03-08 08:00:00+00:00,0.6168,0.6257,0.6135,0.6217,5670
2024-03-08 12:00:00+00:00,0.6217,0.6261,0.6175,0.6235,4884
2024-03-08 16:00:00+00:00,0.6236,0.6255,0.5924,0.6175,13724
2024-03-08 20:00:00+00:00,0.6175,0.6193,0.6117,0.6129,7351
2024-03-09 00:00:00+00:00,0.6154,0.6209,0.6137,0.6186,4710
2024-03-09 04:00:00+00:00,0.6186,0.6265,0.6178,0.6248,6346
2024-03-09 08:00:00+00:00,0.6248,0.6278,0.6173,0.6186,4705
2024-03-09 12:00:00+00:00,0.6186,0.6199,0.6114,0.6194,5687
2024-03-09 16:00:00+00:00,0.6195,0.621,0.6119,0.6149,4853
2024-03-09 20:00:00+00:00,0.6145,0.6192,0.613,0.6185,7770
2024-03-10 00:00:00+00:00,0.6167,0.62,0.6147,0.6194,6995
2024-03-10 04:00:00+00:00,0.6195,0.6203,0.6153,0.6176,5079
2024-03-10 08:00:00+00:00,0.6176,0.623,0.6169,0.6229,4428
2024-03-10 12:00:00+00:00,0.6229,0.6229,0.6062,0.61,5868
2024-03-10 16:00:00+00:00,0.6099,0.6119,0.5977,0.6073,7389
2024-03-10 20:00:00+00:00,0.6074,0.6101,0.6057,0.6075,5719
2024-03-11 00:00:00+00:00,0.608,0.6095,0.578,0.5929,7836
2024-03-11 04:00:00+00:00,0.5929,0.6045,0.5868,0.6026,7826
2024-03-11 08:00:00+00:00,0.6026,0.6201,0.5983,0.617,8668
2024-03-11 12:00:00+00:00,0.617,0.6247,0.6163,0.621,6501
2024-03-11 16:00:00+00:00,0.621,0.7313,0.6107,0.7155,18224
2024-03-11 20:00:00+00:00,0.7154,0.7388,0.7117,0.7195,21643
2024-03-12 00:00:00+00:00,0.7128,0.7277,0.6976,0.6977,12834
2024-03-12 04:00:00+00:00,0.6977,0.7101,0.6802,0.6915,10521
2024-03-12 08:00:00+00:00,0.6915,0.7047,0.6727,0.6857,13369
2024-03-12 12:00:00+00:00,0.6857,0.7082,0.6826,0.7011,11677
2024-03-12 16:00:00+00:00,0.701,0.702,0.673,0.6757,17410
2024-03-12 20:00:00+00:00,0.6757,0.6873,0.6529,0.6801,13059
2024-03-13 00:00:00+00:00,0.68,0.6871,0.6762,0.6798,8846
2024-03-13 04:00:00+00:00,0.6797,0.6945,0.6766,0.6908,6483
2024-03-13 08:00:00+00:00,0.6908,0.6973,0.6888,0.6926,6252
2024-03-13 12:00:00+00:00,0.6926,0.6934,0.6783,0.6806,6053
2024-03-13 16:00:00+00:00,0.6806,0.6853,0.6636,0.6795,10022
2024-03-13 20:00:00+00:00,0.6795,0.6841,0.6752,0.6766,6112
2024-03-14 00:00:00+00:00,0.6755,0.687,0.6747,0.6771,5424
2024-03-14 04:00:00+00:00,0.6771,0.6832,0.6677,0.6711,6470
2024-03-14 08:00:00+00:00,0.6711,0.6798,0.6695,0.6772,5463
2024-03-14 12:00:00+00:00,0.6773,0.7024,0.6723,0.6808,11003
2024-03-14 16:00:00+00:00,0.6808,0.6835,0.6549,0.6716,18593
2024-03-14 20:00:00+00:00,0.6716,0.6723,0.6323,0.6592,14237
2024-03-15 00:00:00+00:00,0.6559,0.6705,0.6544,0.666,7230
2024-03-15 04:00:00+00:00,0.666,0.6683,0.602,0.6233,18418
2024-03-15 08:00:00+00:00,0.6233,0.6351,0.6039,0.6058,13444
2024-03-15 12:00:00+00:00,0.6059,0.62,0.5896,0.6192,18717
2024-03-15 16:00:00+00:00,0.6192,0.6265,0.6133,0.62,15271
2024-03-15 20:00:00+00:00,0.62,0.6392,0.6137,0.6178,13513
2024-03-16 00:00:00+00:00,0.6244,0.6339,0.6178,0.6303,6344
2024-03-16 04:00:00+00:00,0.6303,0.6424,0.6288,0.6339,10915
2024-03-16 08:00:00+00:00,0.6339,0.6343,0.6254,0.6324,4327
2024-03-16 12:00:00+00:00,0.6254,0.6259,0.6169,0.6173,3288
2024-03-16 16:00:00+00:00,0.6173,0.6215,0.6079,0.616,10704
2024-03-16 20:00:00+00:00,0.6159,0.6178,0.592,0.607,21360
2024-03-17 00:00:00+00:00,0.6053,0.6072,0.5873,0.5955,14984
2024-03-17 04:00:00+00:00,0.5956,0.6107,0.5956,0.6082,4769
2024-03-17 08:00:00+00:00,0.6082,0.6093,0.5809,0.6046,7320
2024-03-17 12:00:00+00:00,0.6047,0.6143,0.6,0.6025,7138
2024-03-17 16:00:00+00:00,0.6026,0.6174,0.6024,0.6139,10391
2024-03-17 20:00:00+00:00,0.614,0.6186,0.6126,0.6141,8477
2024-03-18 00:00:00+00:00,0.613,0.6196,0.6002,0.6019,8126
2024-03-18 04:00:00+00:00,0.602,0.6191,0.5967,0.6177,12270
2024-03-18 08:00:00+00:00,0.6177,0.6226,0.604,0.6095,14451
2024-03-18 12:00:00+00:00,0.6096,0.6097,0.6021,0.6067,14116
2024-03-18 16:00:00+00:00,0.6067,0.6069,0.5921,0.5978,17723
2024-03-18 20:00:00+00:00,0.5979,0.603,0.589,0.6026,14873
2024-03-19 00:00:00+00:00,0.6036,0.6629,0.6021,0.6248,17694
2024-03-19 04:00:00+00:00,0.6248,0.629,0.5991,0.6001,19721
2024-03-19 08:00:00+00:00,0.6001,0.6033,0.5719,0.575,23092
2024-03-19 12:00:00+00:00,0.5748,0.594,0.5658,0.5911,24377
2024-03-19 16:00:00+00:00,0.5911,0.6039,0.5841,0.6023,22850
2024-03-19 20:00:00+00:00,0.6024,0.6058,0.5928,0.5975,15532
2024-03-20 00:00:00+00:00,0.5942,0.5971,0.5681,0.5871,12259
2024-03-20 04:00:00+00:00,0.5871,0.5893,0.5686,0.5734,14573
2024-03-20 08:00:00+00:00,0.5734,0.5908,0.5632,0.5855,13546
2024-03-20 12:00:00+00:00,0.5855,0.5953,0.5848,0.593,12092
2024-03-20 16:00:00+00:00,0.593,0.594,0.563,0.5733,12316
2024-03-20 20:00:00+00:00,0.5734,0.6137,0.5704,0.6073,15524
2024-03-21 00:00:00+00:00,0.6067,0.6118,0.599,0.6029,9554
2024-03-21 04:00:00+00:00,0.6028,0.6087,0.599,0.6022,13584
2024-03-21 08:00:00+00:00,0.6021,0.6056,0.5922,0.6028,10866
2024-03-21 12:00:00+00:00,0.6029,0.6193,0.6012,0.6114,10573
2024-03-21 16:00:00+00:00,0.6114,0.6491,0.6109,0.634,18390
2024-03-21 20:00:00+00:00,0.6339,0.641,0.6223,0.6341,21190
2024-03-22 00:00:00+00:00,0.6315,0.6402,0.6239,0.6274,10001
2024-03-22 04:00:00+00:00,0.6274,0.6326,0.6176,0.6317,9777
2024-03-22 08:00:00+00:00,0.6315,0.6335,0.6231,0.6235,9729
2024-03-22 12:00:00+00:00,0.6235,0.6293,0.6079,0.6156,10426
2024-03-22 16:00:00+00:00,0.6156,0.6171,0.5933,0.6028,15743
2024-03-22 20:00:00+00:00,0.6028,0.6096,0.6017,0.6087,8165
2024-03-23 00:00:00+00:00,0.6016,0.6081,0.5991,0.6059,5296
2024-03-23 04:00:00+00:00,0.6059,0.6117,0.598,0.6065,7856
2024-03-23 08:00:00+00:00,0.6065,0.6132,0.6054,0.6122,4985
2024-03-23 12:00:00+00:00,0.6123,0.6162,0.6109,0.6151,4907
2024-03-23 16:00:00+00:00,0.6154,0.6277,0.6153,0.6206,8644
2024-03-23 20:00:00+00:00,0.6206,0.6264,0.6181,0.6187,4731
2024-03-24 00:00:00+00:00,0.6166,0.6195,0.6107,0.6162,6269
2024-03-24 04:00:00+00:00,0.6162,0.6168,0.6084,0.6121,5518
2024-03-24 08:00:00+00:00,0.6121,0.6285,0.6114,0.6255,7960
2024-03-24 12:00:00+00:00,0.6255,0.6286,0.6218,0.623,5841
2024-03-24 16:00:00+00:00,0.623,0.629,0.6215,0.6243,10079
2024-03-24 20:00:00+00:00,0.6243,0.6287,0.6182,0.626,8084
2024-03-25 00:00:00+00:00,0.6256,0.6307,0.6233,0.6238,10520
2024-03-25 04:00:00+00:00,0.6238,0.6299,0.6233,0.6298,7893
2024-03-25 08:00:00+00:00,0.6298,0.6322,0.623,0.627,7733
2024-03-25 12:00:00+00:00,0.627,0.6293,0.6215,0.6248,5367
2024-03-25 16:00:00+00:00,0.6248,0.6478,0.6224,0.6474,9426
2024-03-25 20:00:00+00:00,0.6474,0.6577,0.6316,0.6473,7774
2024-03-26 00:00:00+00:00,0.6449,0.6455,0.6331,0.6394,7243
2024-03-26 04:00:00+00:00,0.6394,0.6423,0.638,0.6419,4497
2024-03-26 08:00:00+00:00,0.6419,0.6478,0.6383,0.6405,4180
2024-03-26 12:00:00+00:00,0.6405,0.6452,0.6307,0.6397,4157
2024-03-26 16:00:00+00:00,0.6397,0.6402,0.6203,0.624,11129
2024-03-26 20:00:00+00:00,0.624,0.6303,0.6232,0.6267,6259
2024-03-27 00:00:00+00:00,0.6255,0.629,0.6236,0.6289,6300
2024-03-27 04:00:00+00:00,0.6289,0.6296,0.6237,0.6248,5960
2024-03-27 08:00:00+00:00,0.6248,0.6264,0.6106,0.6113,6268
2024-03-27 12:00:00+00:00,0.6113,0.6183,0.6069,0.6167,5982
2024-03-27 16:00:00+00:00,0.6167,0.6246,0.6006,0.6101,14094
2024-03-27 20:00:00+00:00,0.6102,0.6128,0.6037,0.608,12058
2024-03-28 00:00:00+00:00,0.6076,0.611,0.6031,0.6101,8616
2024-03-28 04:00:00+00:00,0.61,0.6106,0.5978,0.607,9224
2024-03-28 08:00:00+00:00,0.607,0.6192,0.6058,0.6183,8683
2024-03-28 12:00:00+00:00,0.6183,0.6193,0.6126,0.6161,8716
2024-03-28 16:00:00+00:00,0.6162,0.6321,0.6116,0.6252,7577
2024-03-28 20:00:00+00:00,0.6252,0.631,0.6217,0.6232,7035
2024-03-29 00:00:00+00:00,0.6203,0.6248,0.6165,0.6185,4227
2024-03-29 04:00:00+00:00,0.6185,0.6203,0.6143,0.6155,4023
2024-03-29 08:00:00+00:00,0.6155,0.6167,0.6036,0.6095,3820
2024-03-29 12:00:00+00:00,0.6095,0.6295,0.6068,0.6233,6517
2024-03-29 16:00:00+00:00,0.6233,0.6403,0.6155,0.6243,10192
2024-03-29 20:00:00+00:00,0.6243,0.6311,0.6187,0.6222,4354
2024-03-30 00:00:00+00:00,0.6199,0.6271,0.6188,0.6249,3262
2024-03-30 04:00:00+00:00,0.6249,0.6267,0.6189,0.6218,3214
2024-03-30 08:00:00+00:00,0.6218,0.6229,0.6158,0.6183,3330
2024-03-30 12:00:00+00:00,0.6183,0.6238,0.6174,0.6231,2850
2024-03-30 16:00:00+00:00,0.6232,0.6321,0.6204,0.6272,5258
2024-03-30 20:00:00+00:00,0.6272,0.6274,0.6182,0.6201,3573
2024-03-31 00:00:00+00:00,0.618,0.6204,0.6127,0.6183,4743
2024-03-31 04:00:00+00:00,0.6183,0.6207,0.6161,0.618,3017
2024-03-31 08:00:00+00:00,0.6179,0.6238,0.6163,0.6219,2739
2024-03-31 12:00:00+00:00,0.6219,0.6227,0.6195,0.6219,2660
2024-03-31 16:00:00+00:00,0.6219,0.6236,0.6201,0.6206,3274
2024-03-31 20:00:00+00:00,0.6206,0.625,0.6196,0.6225,4365
2024-04-01 00:00:00+00:00,0.6193,0.6284,0.6193,0.6261,4536
2024-04-01 04:00:00+00:00,0.6261,0.6262,0.6211,0.6224,4019
2024-04-01 08:00:00+00:00,0.6224,0.624,0.5953,0.6059,10167
2024-04-01 12:00:00+00:00,0.6059,0.6079,0.6024,0.6074,3870
2024-04-01 16:00:00+00:00,0.6074,0.6096,0.5898,0.5992,11161
2024-04-01 20:00:00+00:00,0.5992,0.6086,0.5966,0.6085,6218
2024-04-02 00:00:00+00:00,0.6077,0.6093,0.6009,0.6042,3216
2024-04-02 04:00:00+00:00,0.6042,0.6134,0.5792,0.5946,10952
2024-04-02 08:00:00+00:00,0.5946,0.5979,0.5871,0.5882,5928
2024-04-02 12:00:00+00:00,0.5882,0.59,0.5751,0.5818,10063
2024-04-02 16:00:00+00:00,0.5818,0.5884,0.5742,0.5823,12386
2024-04-02 20:00:00+00:00,0.5823,0.5893,0.5822,0.5851,4350
2024-04-03 00:00:00+00:00,0.5806,0.584,0.5619,0.5732,6071
2024-04-03 04:00:00+00:00,0.5732,0.583,0.5676,0.5828,4956
2024-04-03 08:00:00+00:00,0.5828,0.587,0.5783,0.5862,3499
2024-04-03 12:00:00+00:00,0.5861,0.5879,0.5739,0.576,4449
2024-04-03 16:00:00+00:00,0.5759,0.5805,0.5711,0.5784,6026
2024-04-03 20:00:00+00:00,0.5784,0.5795,0.5646,0.5665,5020
2024-04-04 00:00:00+00:00,0.564,0.5734,0.5616,0.5727,4046
2024-04-04 04:00:00+00:00,0.5727,0.5733,0.5573,0.5632,5380
2024-04-04 08:00:00+00:00,0.5632,0.5739,0.5628,0.5707,3610
2024-04-04 12:00:00+00:00,0.5707,0.5741,0.569,0.5734,2841
2024-04-04 16:00:00+00:00,0.5734,0.6116,0.5734,0.5933,10010
2024-04-04 20:00:00+00:00,0.5933,0.6,0.5808,0.5862,6429
2024-04-05 00:00:00+00:00,0.5866,0.5889,0.5805,0.5872,4908
2024-04-05 04:00:00+00:00,0.5872,0.5872,0.5741,0.5799,5200
2024-04-05 08:00:00+00:00,0.58,0.5826,0.5717,0.5776,5406
2024-04-05 12:00:00+00:00,0.5776,0.5776,0.5639,0.5714,7965
2024-04-05 16:00:00+00:00,0.5714,0.5801,0.569,0.5796,5559
2024-04-05 20:00:00+00:00,0.5796,0.5863,0.578,0.5859,2945
2024-04-06 00:00:00+00:00,0.5831,0.5845,0.5804,0.5829,3452
2024-04-06 04:00:00+00:00,0.583,0.5864,0.5822,0.5862,3278
2024-04-06 08:00:00+00:00,0.5863,0.5872,0.584,0.5863,2487
2024-04-06 12:00:00+00:00,0.5863,0.5871,0.582,0.583,2494
2024-04-06 16:00:00+00:00,0.583,0.5917,0.5817,0.588,2964
2024-04-06 20:00:00+00:00,0.588,0.5893,0.5839,0.5857,2360
2024-04-07 00:00:00+00:00,0.5857,0.5937,0.584,0.5896,4747
2024-04-07 04:00:00+00:00,0.5896,0.593,0.5883,0.5901,3455
2024-04-07 08:00:00+00:00,0.5901,0.592,0.5898,0.5916,2313
2024-04-07 12:00:00+00:00,0.5916,0.5937,0.5902,0.5909,2509
2024-04-07 16:00:00+00:00,0.5909,0.5975,0.5901,0.5918,4856
2024-04-07 20:00:00+00:00,0.5916,0.5918,0.5843,0.587,3682
2024-04-08 00:00:00+00:00,0.5853,0.5901,0.5844,0.5868,4927
2024-04-08 04:00:00+00:00,0.5867,0.5894,0.5826,0.5868,5559
2024-04-08 08:00:00+00:00,0.5869,0.6048,0.5854,0.6027,7309
2024-04-08 12:00:00+00:00,0.6027,0.6066,0.6001,0.6013,9990
2024-04-08 16:00:00+00:00,0.6013,0.6207,0.5963,0.6121,11197
2024-04-08 20:00:00+00:00,0.6121,0.6213,0.6121,0.6158,10342
2024-04-09 00:00:00+00:00,0.6162,0.6177,0.6078,0.6102,8339
2024-04-09 04:00:00+00:00,0.6102,0.6118,0.6066,0.6104,9000
2024-04-09 08:00:00+00:00,0.6104,0.6156,0.5961,0.6044,9448
2024-04-09 12:00:00+00:00,0.6043,0.6373,0.6013,0.6249,13529
2024-04-09 16:00:00+00:00,0.6248,0.6283,0.6063,0.6101,13576
2024-04-09 20:00:00+00:00,0.6101,0.6206,0.606,0.6206,4855
2024-04-10 00:00:00+00:00,0.6217,0.6224,0.6055,0.6086,6371
2024-04-10 04:00:00+00:00,0.6085,0.6088,0.5957,0.6032,7391
2024-04-10 08:00:00+00:00,0.6031,0.6112,0.6024,0.6067,5598
2024-04-10 12:00:00+00:00,0.6066,0.6111,0.5873,0.597,8799
2024-04-10 16:00:00+00:00,0.5968,0.6106,0.5925,0.61,10292
2024-04-10 20:00:00+00:00,0.61,0.6149,0.6073,0.6095,8835
2024-04-11 00:00:00+00:00,0.6078,0.6157,0.6071,0.6145,6972
2024-04-11 04:00:00+00:00,0.6145,0.616,0.6113,0.6133,6865
2024-04-11 08:00:00+00:00,0.6133,0.6163,0.6097,0.6139,5314
2024-04-11 12:00:00+00:00,0.6139,0.6144,0.6025,0.6089,8750
2024-04-11 16:00:00+00:00,0.6089,0.6104,0.5978,0.6032,10334
2024-04-11 20:00:00+00:00,0.6032,0.609,0.603,0.6082,6471
2024-04-12 00:00:00+00:00,0.6061,0.6084,0.6005,0.6028,3701
2024-04-12 04:00:00+00:00,0.6029,0.6092,0.6016,0.6083,3864
2024-04-12 08:00:00+00:00,0.6083,0.6107,0.6041,0.6067,3262
2024-04-12 12:00:00+00:00,0.6067,0.6074,0.5969,0.5979,7578
2024-04-12 16:00:00+00:00,0.5979,0.5979,0.5818,0.5886,10837
2024-04-12 20:00:00+00:00,0.5886,0.59,0.4997,0.5376,21568
2024-04-13 00:00:00+00:00,0.5402,0.5438,0.5345,0.5418,5293
2024-04-13 04:00:00+00:00,0.5419,0.5439,0.5236,0.5423,11020
2024-04-13 08:00:00+00:00,0.5423,0.5432,0.5343,0.535,5010
2024-04-13 12:00:00+00:00,0.535,0.5428,0.5337,0.5403,6074
2024-04-13 16:00:00+00:00,0.5403,0.5431,0.526,0.5277,7667
2024-04-13 20:00:00+00:00,0.5277,0.5278,0.4008,0.4283,18516
2024-04-14 00:00:00+00:00,0.4435,0.4785,0.4285,0.4685,13604
2024-04-14 04:00:00+00:00,0.4686,0.4785,0.4584,0.4774,10725
2024-04-14 08:00:00+00:00,0.4772,0.494,0.4758,0.4887,10529
2024-04-14 12:00:00+00:00,0.4886,0.4919,0.4749,0.484,10801
2024-04-14 16:00:00+00:00,0.484,0.4906,0.4737,0.4861,13505
2024-04-14 20:00:00+00:00,0.4862,0.4908,0.468,0.4815,12701
2024-04-15 00:00:00+00:00,0.4813,0.5024,0.4789,0.4935,9544
2024-04-15 04:00:00+00:00,0.4935,0.4974,0.4886,0.4933,11853
2024-04-15 08:00:00+00:00,0.4933,0.5139,0.4933,0.5094,10034
2024-04-15 12:00:00+00:00,0.5095,0.514,0.5042,0.5074,6657
2024-04-15 16:00:00+00:00,0.5074,0.5095,0.4831,0.4884,13281
2024-04-15 20:00:00+00:00,0.4884,0.4952,0.4756,0.4872,10455
2024-04-16 00:00:00+00:00,0.4887,0.4944,0.4814,0.4875,8148
2024-04-16 04:00:00+00:00,0.4876,0.4926,0.4703,0.4778,7970
2024-04-16 08:00:00+00:00,0.4778,0.4971,0.4761,0.4921,7861
2024-04-16 12:00:00+00:00,0.492,0.4939,0.4732,0.4838,10889
2024-04-16 16:00:00+00:00,0.4838,0.4888,0.476,0.4882,13521
2024-04-16 20:00:00+00:00,0.4882,0.4925,0.4847,0.4901,12877
2024-04-17 00:00:00+00:00,0.4903,0.4936,0.4877,0.4911,6175
2024-04-17 04:00:00+00:00,0.4911,0.4951,0.4872,0.4947,7687
2024-04-17 08:00:00+00:00,0.4946,0.503,0.4904,0.4926,11323
2024-04-17 12:00:00+00:00,0.4926,0.4962,0.4782,0.4826,6424
2024-04-17 16:00:00+00:00,0.4826,0.4886,0.4665,0.4776,12663
2024-04-17 20:00:00+00:00,0.4776,0.4971,0.4772,0.4865,14049
2024-04-18 00:00:00+00:00,0.4862,0.4939,0.4822,0.4888,10818
2024-04-18 04:00:00+00:00,0.4888,0.4943,0.4863,0.4911,9312
2024-04-18 08:00:00+00:00,0.4911,0.4932,0.4807,0.4846,9632
2024-04-18 12:00:00+00:00,0.4846,0.4936,0.4816,0.4869,6304
2024-04-18 16:00:00+00:00,0.4869,0.5009,0.4855,0.4949,7046
2024-04-18 20:00:00+00:00,0.4949,0.499,0.4892,0.4967,4900
2024-04-19 00:00:00+00:00,0.4967,0.4989,0.4909,0.4911,5689
2024-04-19 04:00:00+00:00,0.4911,0.4914,0.4614,0.4849,15137
2024-04-19 08:00:00+00:00,0.4849,0.4985,0.4778,0.496,14325
2024-04-19 12:00:00+00:00,0.496,0.4982,0.492,0.4946,6273
2024-04-19 16:00:00+00:00,0.4946,0.4998,0.4884,0.4964,7825
2024-04-19 20:00:00+00:00,0.4964,0.5024,0.495,0.4979,7088
2024-04-20 00:00:00+00:00,0.5027,0.5058,0.4915,0.4957,6286
2024-04-20 04:00:00+00:00,0.4956,0.5099,0.4932,0.5067,5677
2024-04-20 08:00:00+00:00,0.5067,0.5114,0.5056,0.5113,4380
2024-04-20 12:00:00+00:00,0.5112,0.5208,0.5091,0.5118,8684
2024-04-20 16:00:00+00:00,0.5118,0.5185,0.5103,0.5152,6341
2024-04-20 20:00:00+00:00,0.5152,0.525,0.5152,0.5235,6560
2024-04-21 00:00:00+00:00,0.5207,0.525,0.5167,0.5179,5779
2024-04-21 04:00:00+00:00,0.5179,0.5252,0.5179,0.5227,7200
2024-04-21 08:00:00+00:00,0.5227,0.5317,0.5225,0.5269,5329
2024-04-21 12:00:00+00:00,0.527,0.5287,0.5217,0.5229,8801
2024-04-21 16:00:00+00:00,0.523,0.5244,0.5133,0.5172,8111
2024-04-21 20:00:00+00:00,0.5172,0.5222,0.5149,0.521,5796
2024-04-22 00:00:00+00:00,0.5228,0.5243,0.5173,0.5198,6592
2024-04-22 04:00:00+00:00,0.5197,0.535,0.5178,0.5312,9758
2024-04-22 08:00:00+00:00,0.5312,0.5342,0.5264,0.5267,5482
2024-04-22 12:00:00+00:00,0.5267,0.5301,0.5257,0.5294,3926
2024-04-22 16:00:00+00:00,0.5294,0.5451,0.5261,0.5438,7447
2024-04-22 20:00:00+00:00,0.5438,0.5662,0.5383,0.5579,10462
2024-04-23 00:00:00+00:00,0.5532,0.5564,0.5491,0.5511,9111
2024-04-23 04:00:00+00:00,0.5511,0.5515,0.5402,0.5425,7532
2024-04-23 08:00:00+00:00,0.5424,0.5468,0.541,0.5417,6883
2024-04-23 12:00:00+00:00,0.5417,0.5443,0.5368,0.5395,5625
2024-04-23 16:00:00+00:00,0.5395,0.5476,0.5379,0.5458,8067
2024-04-23 20:00:00+00:00,0.5458,0.5499,0.5434,0.5479,8743
2024-04-24 00:00:00+00:00,0.5452,0.549,0.5359,0.5395,7300
2024-04-24 04:00:00+00:00,0.5395,0.5465,0.5359,0.5458,8526
2024-04-24 08:00:00+00:00,0.5458,0.5468,0.5403,0.5421,8522
2024-04-24 12:00:00+00:00,0.5421,0.5425,0.5371,0.5379,11070
2024-04-24 16:00:00+00:00,0.5379,0.5379,0.5191,0.5262,15698
2024-04-24 20:00:00+00:00,0.5262,0.5326,0.524,0.5268,10170
2024-04-25 00:00:00+00:00,0.526,0.5279,0.5159,0.5239,9809
2024-04-25 04:00:00+00:00,0.5238,0.5256,0.5135,0.5222,11184
2024-04-25 08:00:00+00:00,0.5222,0.5241,0.5162,0.5197,8755
2024-04-25 12:00:00+00:00,0.5197,0.5219,0.5082,0.5111,12774
2024-04-25 16:00:00+00:00,0.5111,0.5221,0.5088,0.5215,12152
2024-04-25 20:00:00+00:00,0.5214,0.5275,0.5208,0.5256,9591
2024-04-26 00:00:00+00:00,0.5238,0.5275,0.5141,0.5177,6976
2024-04-26 04:00:00+00:00,0.5177,0.5257,0.5119,0.5232,11387
2024-04-26 08:00:00+00:00,0.5232,0.5307,0.5179,0.5201,9695
2024-04-26 12:00:00+00:00,0.5201,0.5216,0.5147,0.5166,8571
2024-04-26 16:00:00+00:00,0.5166,0.5213,0.5093,0.5174,12995
2024-04-26 20:00:00+00:00,0.5174,0.5239,0.5162,0.5231,5903
2024-04-27 00:00:00+00:00,0.5227,0.5238,0.5124,0.5156,7354
2024-04-27 04:00:00+00:00,0.5156,0.5157,0.5013,0.5132,9988
2024-04-27 08:00:00+00:00,0.5132,0.5141,0.508,0.5097,6575
2024-04-27 12:00:00+00:00,0.5097,0.5115,0.5053,0.5106,7918
2024-04-27 16:00:00+00:00,0.5106,0.5139,0.5091,0.5101,9626
2024-04-27 20:00:00+00:00,0.51,0.5178,0.51,0.5136,8606
2024-04-28 00:00:00+00:00,0.5113,0.5151,0.5113,0.5145,4782
2024-04-28 04:00:00+00:00,0.5144,0.5192,0.5143,0.5167,10493
2024-04-28 08:00:00+00:00,0.5167,0.5199,0.515,0.5161,7730
2024-04-28 12:00:00+00:00,0.5161,0.5172,0.5109,0.5139,5964
2024-04-28 16:00:00+00:00,0.5139,0.5157,0.5127,0.5147,7355
2024-04-28 20:00:00+00:00,0.5147,0.5167,0.5132,0.5137,6995
2024-04-29 00:00:00+00:00,0.5109,0.5136,0.5033,0.5081,9948
2024-04-29 04:00:00+00:00,0.508,0.5091,0.4967,0.5025,10652
2024-04-29 08:00:00+00:00,0.5025,0.5031,0.4936,0.4977,14101
2024-04-29 12:00:00+00:00,0.4977,0.504,0.4966,0.5021,8948
2024-04-29 16:00:00+00:00,0.5022,0.51,0.4985,0.5088,11607
2024-04-29 20:00:00+00:00,0.5088,0.5123,0.5079,0.5101,10773
2024-04-30 00:00:00+00:00,0.5081,0.5143,0.5025,0.513,7801
2024-04-30 04:00:00+00:00,0.513,0.513,0.5022,0.5118,8469
2024-04-30 08:00:00+00:00,0.5119,0.5122,0.4939,0.4959,8695
2024-04-30 12:00:00+00:00,0.4958,0.4995,0.4826,0.4899,12207
2024-04-30 16:00:00+00:00,0.4899,0.4957,0.4822,0.4905,12165
2024-04-30 20:00:00+00:00,0.4905,0.4965,0.4866,0.4944,8848
2024-05-01 00:00:00+00:00,0.4925,0.4965,0.4907,0.4935,6975
2024-05-01 04:00:00+00:00,0.4935,0.4991,0.4902,0.4979,7164
2024-05-01 08:00:00+00:00,0.4979,0.4988,0.4726,0.4821,9612
2024-05-01 12:00:00+00:00,0.4821,0.4914,0.4808,0.4902,7617
2024-05-01 16:00:00+00:00,0.4903,0.4976,0.4876,0.4949,9298
2024-05-01 20:00:00+00:00,0.4949,0.5158,0.494,0.5091,14661
2024-05-02 00:00:00+00:00,0.5066,0.5134,0.5065,0.5104,7365
2024-05-02 04:00:00+00:00,0.5104,0.5144,0.5023,0.5067,10089
2024-05-02 08:00:00+00:00,0.5066,0.5101,0.5012,0.5078,8538
2024-05-02 12:00:00+00:00,0.5078,0.5148,0.5067,0.5107,7136
2024-05-02 16:00:00+00:00,0.5107,0.5174,0.5076,0.5142,10214
2024-05-02 20:00:00+00:00,0.5142,0.5196,0.5132,0.516,8566
2024-05-03 00:00:00+00:00,0.516,0.5182,0.5083,0.5127,6173
2024-05-03 04:00:00+00:00,0.5126,0.518,0.5121,0.5155,8463
2024-05-03 08:00:00+00:00,0.5155,0.5214,0.5121,0.5154,6599
2024-05-03 12:00:00+00:00,0.5154,0.5189,0.5093,0.5183,7450
2024-05-03 16:00:00+00:00,0.5183,0.5235,0.5172,0.5212,10238
2024-05-03 20:00:00+00:00,0.5212,0.5317,0.5202,0.5289,4824
2024-05-04 00:00:00+00:00,0.5279,0.5285,0.5232,0.5264,3198
2024-05-04 04:00:00+00:00,0.5263,0.5277,0.5223,0.5253,5524
2024-05-04 08:00:00+00:00,0.5253,0.5253,0.5227,0.5245,4247
2024-05-04 12:00:00+00:00,0.5245,0.5341,0.5243,0.5341,4484
2024-05-04 16:00:00+00:00,0.534,0.5351,0.5286,0.5303,4406
2024-05-04 20:00:00+00:00,0.5303,0.5303,0.5267,0.5282,3226
2024-05-05 00:00:00+00:00,0.528,0.5289,0.5219,0.5246,5515
2024-05-05 04:00:00+00:00,0.5246,0.525,0.5191,0.5221,5519
2024-05-05 08:00:00+00:00,0.5221,0.5271,0.5212,0.5258,4621
2024-05-05 12:00:00+00:00,0.5258,0.5258,0.5216,0.5224,2835
2024-05-05 16:00:00+00:00,0.5224,0.5284,0.5214,0.5264,3813
2024-05-05 20:00:00+00:00,0.5264,0.5274,0.5237,0.5249,2978
2024-05-06 00:00:00+00:00,0.5222,0.5278,0.5222,0.5256,5245
2024-05-06 04:00:00+00:00,0.5256,0.5303,0.5235,0.5294,4663
2024-05-06 08:00:00+00:00,0.5294,0.5425,0.528,0.5382,7162
2024-05-06 12:00:00+00:00,0.5382,0.5401,0.5196,0.5233,8181
2024-05-06 16:00:00+00:00,0.5233,0.5543,0.5218,0.548,12060
2024-05-06 20:00:00+00:00,0.5479,0.5647,0.5374,0.5418,13033
2024-05-07 00:00:00+00:00,0.5414,0.5419,0.5305,0.5358,8677
2024-05-07 04:00:00+00:00,0.5357,0.5391,0.5274,0.5335,11191
2024-05-07 08:00:00+00:00,0.5335,0.5376,0.5264,0.5369,9970
2024-05-07 12:00:00+00:00,0.5369,0.5386,0.5294,0.5315,9119
2024-05-07 16:00:00+00:00,0.5315,0.537,0.5293,0.536,10705
2024-05-07 20:00:00+00:00,0.536,0.5376,0.5284,0.529,11367
2024-05-08 00:00:00+00:00,0.5291,0.5308,0.5138,0.5178,10214
2024-05-08 04:00:00+00:00,0.5179,0.5221,0.5154,0.5162,7761
2024-05-08 08:00:00+00:00,0.5162,0.5185,0.5122,0.5182,8802
2024-05-08 12:00:00+00:00,0.5182,0.5186,0.5126,0.5157,7282
2024-05-08 16:00:00+00:00,0.5157,0.5245,0.5148,0.5226,10884
2024-05-08 20:00:00+00:00,0.5226,0.5238,0.5124,0.5153,9023
2024-05-09 00:00:00+00:00,0.5134,0.5165,0.5097,0.5141,8687
2024-05-09 04:00:00+00:00,0.5142,0.5177,0.5137,0.5156,5798
2024-05-09 08:00:00+00:00,0.5156,0.5184,0.5092,0.5141,7662
2024-05-09 12:00:00+00:00,0.5141,0.5145,0.5041,0.5091,9847
2024-05-09 16:00:00+00:00,0.5091,0.5137,0.5035,0.5092,9926
2024-05-09 20:00:00+00:00,0.5092,0.5153,0.5082,0.5141,7676
2024-05-10 00:00:00+00:00,0.5128,0.5168,0.5096,0.5129,8096
2024-05-10 04:00:00+00:00,0.5128,0.5141,0.5112,0.5134,6120
2024-05-10 08:00:00+00:00,0.5134,0.5138,0.5096,0.5121,7240
2024-05-10 12:00:00+00:00,0.5121,0.5122,0.5069,0.5075,6631
2024-05-10 16:00:00+00:00,0.5075,0.5091,0.491,0.4968,12632
2024-05-10 20:00:00+00:00,0.4968,0.5015,0.4947,0.4972,9622
2024-05-11 00:00:00+00:00,0.4978,0.4991,0.4933,0.4982,6832
2024-05-11 04:00:00+00:00,0.498,0.5006,0.4959,0.4991,7119
2024-05-11 08:00:00+00:00,0.4991,0.5011,0.4973,0.4977,4852
2024-05-11 12:00:00+00:00,0.4977,0.4991,0.4953,0.499,6226
2024-05-11 16:00:00+00:00,0.4989,0.5027,0.4986,0.5014,8126
2024-05-11 20:00:00+00:00,0.5015,0.5023,0.4993,0.5019,6185
2024-05-12 00:00:00+00:00,0.5014,0.5021,0.4999,0.5012,5131
2024-05-12 04:00:00+00:00,0.5012,0.5037,0.5007,0.5035,4354
2024-05-12 08:00:00+00:00,0.5036,0.5036,0.4979,0.499,5655
2024-05-12 12:00:00+00:00,0.499,0.5018,0.4982,0.4994,5287
2024-05-12 16:00:00+00:00,0.4994,0.5013,0.4982,0.4986,6788
2024-05-12 20:00:00+00:00,0.4986,0.4992,0.4937,0.4956,5758
2024-05-13 00:00:00+00:00,0.4934,0.4976,0.4896,0.496,6253
2024-05-13 04:00:00+00:00,0.496,0.4963,0.4814,0.4867,10682
2024-05-13 08:00:00+00:00,0.4867,0.5001,0.4858,0.4979,9423
2024-05-13 12:00:00+00:00,0.4979,0.5053,0.495,0.5011,9877
2024-05-13 16:00:00+00:00,0.5011,0.5067,0.499,0.5054,8126
2024-05-13 20:00:00+00:00,0.5053,0.5061,0.4991,0.5022,7666
2024-05-14 00:00:00+00:00,0.5011,0.5044,0.4951,0.5012,5568
2024-05-14 04:00:00+00:00,0.5012,0.5026,0.4981,0.5015,6656
2024-05-14 08:00:00+00:00,0.5015,0.5026,0.4919,0.5008,7435
2024-05-14 12:00:00+00:00,0.5008,0.504,0.4977,0.499,8925
2024-05-14 16:00:00+00:00,0.499,0.5078,0.4923,0.5023,10206
2024-05-14 20:00:00+00:00,0.5023,0.5032,0.4968,0.4988,6549
2024-05-15 00:00:00+00:00,0.4972,0.499,0.4914,0.4931,5989
2024-05-15 04:00:00+00:00,0.493,0.4974,0.493,0.4967,5174
2024-05-15 08:00:00+00:00,0.4966,0.4975,0.4927,0.494,6057
2024-05-15 12:00:00+00:00,0.494,0.5014,0.493,0.5003,6841
2024-05-15 16:00:00+00:00,0.5003,0.5122,0.4997,0.5081,5962
2024-05-15 20:00:00+00:00,0.5082,0.5147,0.5078,0.5137,4043
2024-05-16 00:00:00+00:00,0.5125,0.5146,0.5105,0.5125,4086
2024-05-16 04:00:00+00:00,0.5125,0.5145,0.5105,0.5144,3149
2024-05-16 08:00:00+00:00,0.5144,0.5177,0.5111,0.5121,4828
2024-05-16 12:00:00+00:00,0.5121,0.5155,0.5091,0.5101,5456
2024-05-16 16:00:00+00:00,0.5101,0.5165,0.5074,0.5149,6095
2024-05-16 20:00:00+00:00,0.5149,0.5162,0.5108,0.512,7082
2024-05-17 00:00:00+00:00,0.5097,0.5128,0.5073,0.5105,5167
2024-05-17 04:00:00+00:00,0.5106,0.5127,0.5085,0.512,7010
2024-05-17 08:00:00+00:00,0.5119,0.5179,0.5098,0.5149,7981
2024-05-17 12:00:00+00:00,0.5149,0.5194,0.5129,0.5185,8470
2024-05-17 16:00:00+00:00,0.5185,0.5241,0.5154,0.5203,6738
2024-05-17 20:00:00+00:00,0.5202,0.5215,0.5166,0.5195,5125
2024-05-18 00:00:00+00:00,0.5187,0.5195,0.517,0.5177,2318
2024-05-18 04:00:00+00:00,0.5177,0.5195,0.5166,0.5188,2925
2024-05-18 08:00:00+00:00,0.5188,0.5196,0.5172,0.5192,2715
2024-05-18 12:00:00+00:00,0.5192,0.5207,0.5172,0.5174,3576
2024-05-18 16:00:00+00:00,0.5174,0.5178,0.5136,0.5164,3151
2024-05-18 20:00:00+00:00,0.5164,0.5174,0.5152,0.5166,2943
2024-05-19 00:00:00+00:00,0.5144,0.5169,0.5143,0.5158,2580
2024-05-19 04:00:00+00:00,0.5158,0.5186,0.5158,0.5172,3860
2024-05-19 08:00:00+00:00,0.5171,0.5178,0.5142,0.5152,3178
2024-05-19 12:00:00+00:00,0.5152,0.5159,0.508,0.5094,3462
2024-05-19 16:00:00+00:00,0.5094,0.5106,0.5047,0.5053,5067
2024-05-19 20:00:00+00:00,0.5053,0.5069,0.5021,0.5047,4354
2024-05-20 00:00:00+00:00,0.5045,0.5064,0.4995,0.5054,5785
2024-05-20 04:00:00+00:00,0.5054,0.512,0.5013,0.5114,5589
2024-05-20 08:00:00+00:00,0.5113,0.5131,0.5013,0.5086,6801
2024-05-20 12:00:00+00:00,0.5087,0.5095,0.5051,0.5069,6747
2024-05-20 16:00:00+00:00,0.5069,0.5157,0.5059,0.5146,7554
2024-05-20 20:00:00+00:00,0.5145,0.5302,0.5136,0.5264,8366
2024-05-21 00:00:00+00:00,0.5235,0.5379,0.5228,0.5338,10606
2024-05-21 04:00:00+00:00,0.5337,0.534,0.5281,0.5292,8846
2024-05-21 08:00:00+00:00,0.5292,0.5393,0.5277,0.5377,9334
2024-05-21 12:00:00+00:00,0.5377,0.5414,0.5355,0.539,9933
2024-05-21 16:00:00+00:00,0.539,0.5518,0.5355,0.5387,15060
2024-05-21 20:00:00+00:00,0.5386,0.5414,0.5284,0.5342,9994
2024-05-22 00:00:00+00:00,0.5332,0.5341,0.5232,0.528,8073
2024-05-22 04:00:00+00:00,0.528,0.5324,0.5234,0.5274,9998
2024-05-22 08:00:00+00:00,0.5274,0.533,0.5245,0.5295,8648
2024-05-22 12:00:00+00:00,0.5296,0.5322,0.5212,0.5227,10257
2024-05-22 16:00:00+00:00,0.5227,0.5316,0.5224,0.5302,10306
2024-05-22 20:00:00+00:00,0.5302,0.5328,0.5185,0.5209,8044
2024-05-23 00:00:00+00:00,0.5209,0.524,0.517,0.523,7769
2024-05-23 04:00:00+00:00,0.523,0.5246,0.5201,0.5234,7470
2024-05-23 08:00:00+00:00,0.5234,0.5253,0.5195,0.5245,8005
2024-05-23 12:00:00+00:00,0.5245,0.5255,0.5131,0.5188,11846
2024-05-23 16:00:00+00:00,0.5188,0.5429,0.5039,0.5195,15858
2024-05-23 20:00:00+00:00,0.5195,0.5233,0.4951,0.5121,13733
2024-05-24 00:00:00+00:00,0.5117,0.525,0.5082,0.5237,10829
2024-05-24 04:00:00+00:00,0.5237,0.5297,0.5224,0.525,8742
2024-05-24 08:00:00+00:00,0.525,0.5255,0.5115,0.5185,12660
2024-05-24 12:00:00+00:00,0.5185,0.5282,0.5162,0.5262,10569
2024-05-24 16:00:00+00:00,0.5261,0.532,0.5246,0.5251,11406
2024-05-24 20:00:00+00:00,0.5251,0.5295,0.5246,0.5273,9454
2024-05-25 00:00:00+00:00,0.5287,0.5311,0.5208,0.5293,4184
2024-05-25 04:00:00+00:00,0.5291,0.5321,0.5274,0.5317,7721
2024-05-25 08:00:00+00:00,0.5317,0.5321,0.5278,0.5293,4501
2024-05-25 12:00:00+00:00,0.5292,0.5365,0.5289,0.5307,7035
2024-05-25 16:00:00+00:00,0.5307,0.5374,0.5263,0.5329,7505
2024-05-25 20:00:00+00:00,0.5329,0.5351,0.5323,0.5346,3830
2024-05-26 00:00:00+00:00,0.5338,0.5374,0.5334,0.5348,5812
2024-05-26 04:00:00+00:00,0.5348,0.5368,0.5324,0.5334,6937
2024-05-26 08:00:00+00:00,0.5333,0.5347,0.5309,0.5324,5999
2024-05-26 12:00:00+00:00,0.5324,0.5329,0.5285,0.5288,5884
2024-05-26 16:00:00+00:00,0.5288,0.5301,0.5241,0.5246,8187
2024-05-26 20:00:00+00:00,0.5247,0.5262,0.524,0.5246,12538
2024-05-27 00:00:00+00:00,0.5231,0.525,0.5189,0.5249,6976
2024-05-27 04:00:00+00:00,0.5249,0.5285,0.5245,0.5252,6743
2024-05-27 08:00:00+00:00,0.5252,0.5268,0.5181,0.5257,6166
2024-05-27 12:00:00+00:00,0.5256,0.5261,0.5213,0.524,6551
2024-05-27 16:00:00+00:00,0.5241,0.5355,0.524,0.5335,10710
2024-05-27 20:00:00+00:00,0.5335,0.5347,0.5228,0.5297,7821
2024-05-28 00:00:00+00:00,0.528,0.5312,0.5256,0.5274,5993
2024-05-28 04:00:00+00:00,0.5273,0.53,0.5145,0.5183,10593
2024-05-28 08:00:00+00:00,0.5183,0.522,0.5171,0.5216,9351
2024-05-28 12:00:00+00:00,0.5215,0.5276,0.521,0.5253,10710
2024-05-28 16:00:00+00:00,0.5252,0.5278,0.5198,0.5222,11248
2024-05-28 20:00:00+00:00,0.5222,0.5239,0.516,0.5211,6628
2024-05-29 00:00:00+00:00,0.5191,0.5245,0.5186,0.5214,6403
2024-05-29 04:00:00+00:00,0.5214,0.5246,0.5192,0.5244,6517
2024-05-29 08:00:00+00:00,0.5243,0.5262,0.5158,0.5232,7276
2024-05-29 12:00:00+00:00,0.5232,0.5274,0.5219,0.5241,8959
2024-05-29 16:00:00+00:00,0.5241,0.5265,0.5194,0.5217,11245
2024-05-29 20:00:00+00:00,0.5217,0.5236,0.5169,0.518,6471
2024-05-30 00:00:00+00:00,0.5153,0.5198,0.5144,0.5182,6589
2024-05-30 04:00:00+00:00,0.5181,0.5228,0.5172,0.5213,9370
2024-05-30 08:00:00+00:00,0.5212,0.5217,0.5076,0.5125,11259
2024-05-30 12:00:00+00:00,0.5124,0.5171,0.5115,0.5164,9528
2024-05-30 16:00:00+00:00,0.5164,0.5206,0.5157,0.5198,12402
2024-05-30 20:00:00+00:00,0.5198,0.5211,0.5114,0.5134,8915
2024-05-31 00:00:00+00:00,0.5132,0.5153,0.5124,0.5147,6371
2024-05-31 04:00:00+00:00,0.5146,0.5168,0.5137,0.516,5919
2024-05-31 08:00:00+00:00,0.516,0.5164,0.5106,0.5149,8053
2024-05-31 12:00:00+00:00,0.515,0.5191,0.5133,0.5182,8822
2024-05-31 16:00:00+00:00,0.5181,0.5202,0.5055,0.5107,12867
2024-05-31 20:00:00+00:00,0.5105,0.5135,0.5097,0.5125,7401
2024-06-01 00:00:00+00:00,0.512,0.5142,0.5114,0.5131,5424
2024-06-01 04:00:00+00:00,0.5132,0.5148,0.5124,0.514,6231
2024-06-01 08:00:00+00:00,0.5139,0.5145,0.513,0.5142,5378
2024-06-01 12:00:00+00:00,0.5142,0.516,0.5137,0.5151,4220
2024-06-01 16:00:00+00:00,0.5155,0.5161,0.5141,0.5149,2769
2024-06-01 20:00:00+00:00,0.5148,0.5149,0.5129,0.5148,3845
2024-06-02 00:00:00+00:00,0.5131,0.5152,0.5126,0.514,4603
2024-06-02 04:00:00+00:00,0.514,0.5143,0.5124,0.5139,3964
2024-06-02 08:00:00+00:00,0.5139,0.5141,0.5107,0.512,3207
2024-06-02 12:00:00+00:00,0.5121,0.5127,0.507,0.5118,8054
2024-06-02 16:00:00+00:00,0.5118,0.5156,0.5105,0.5106,6825
2024-06-02 20:00:00+00:00,0.5107,0.5107,0.5026,0.5074,8269
2024-06-03 00:00:00+00:00,0.5075,0.5104,0.5064,0.5088,6874
2024-06-03 04:00:00+00:00,0.5088,0.5139,0.5084,0.512,8341
2024-06-03 08:00:00+00:00,0.512,0.5174,0.5116,0.5157,9162
2024-06-03 12:00:00+00:00,0.5157,0.5171,0.5136,0.5164,5870
2024-06-03 16:00:00+00:00,0.5164,0.5179,0.5114,0.5142,10586
2024-06-03 20:00:00+00:00,0.5141,0.5176,0.5127,0.5165,7302
2024-06-04 00:00:00+00:00,0.5171,0.5171,0.5131,0.5143,5137
2024-06-04 04:00:00+00:00,0.5141,0.5171,0.5138,0.5155,2887
2024-06-04 08:00:00+00:00,0.5155,0.5197,0.5132,0.5151,7178
2024-06-04 12:00:00+00:00,0.5151,0.5205,0.5134,0.5184,8211
2024-06-04 16:00:00+00:00,0.5184,0.5253,0.5184,0.5229,9931
2024-06-04 20:00:00+00:00,0.5229,0.524,0.5195,0.521,7047
2024-06-05 00:00:00+00:00,0.5202,0.5211,0.5189,0.5207,3819
2024-06-05 04:00:00+00:00,0.5207,0.5227,0.5189,0.5205,5658
2024-06-05 08:00:00+00:00,0.5205,0.5271,0.5192,0.524,6633
2024-06-05 12:00:00+00:00,0.524,0.526,0.5205,0.523,6698
2024-06-05 16:00:00+00:00,0.523,0.5253,0.5205,0.5236,6261
2024-06-05 20:00:00+00:00,0.5235,0.5253,0.5204,0.5219,5209
2024-06-06 00:00:00+00:00,0.5205,0.5221,0.5189,0.5196,3120
2024-06-06 04:00:00+00:00,0.5196,0.5222,0.5191,0.5208,4821
2024-06-06 08:00:00+00:00,0.5208,0.521,0.5171,0.5184,4946
2024-06-06 12:00:00+00:00,0.5184,0.5222,0.5181,0.5209,3976
2024-06-06 16:00:00+00:00,0.5209,0.5229,0.5188,0.52,4854
2024-06-06 20:00:00+00:00,0.52,0.5213,0.511,0.516,6533
2024-06-07 00:00:00+00:00,0.5156,0.5172,0.5148,0.5161,3282
2024-06-07 04:00:00+00:00,0.5161,0.5195,0.5145,0.5192,4252
2024-06-07 08:00:00+00:00,0.5192,0.5208,0.5174,0.5188,4578
2024-06-07 12:00:00+00:00,0.5188,0.5227,0.5161,0.5201,4345
2024-06-07 16:00:00+00:00,0.5201,0.522,0.5138,0.5151,5485
2024-06-07 20:00:00+00:00,0.5151,0.5151,0.4456,0.493,11905
2024-06-08 00:00:00+00:00,0.496,0.4961,0.4871,0.4934,5075
2024-06-08 04:00:00+00:00,0.4933,0.4954,0.4927,0.4941,3277
2024-06-08 08:00:00+00:00,0.4941,0.4957,0.4933,0.4944,3684
2024-06-08 12:00:00+00:00,0.4944,0.4944,0.4859,0.4893,6140
2024-06-08 16:00:00+00:00,0.4892,0.4906,0.4852,0.4871,8731
2024-06-08 20:00:00+00:00,0.487,0.4902,0.4838,0.4879,6511
2024-06-09 00:00:00+00:00,0.4881,0.4893,0.4866,0.4889,3664
2024-06-09 04:00:00+00:00,0.4889,0.4894,0.4854,0.4884,4651
2024-06-09 08:00:00+00:00,0.4884,0.4895,0.4871,0.4891,3294
2024-06-09 12:00:00+00:00,0.489,0.492,0.4873,0.4916,3319
2024-06-09 16:00:00+00:00,0.4916,0.4919,0.4884,0.491,3785
2024-06-09 20:00:00+00:00,0.4911,0.4931,0.4903,0.4927,3329
2024-06-10 00:00:00+00:00,0.4902,0.4941,0.4871,0.4923,3234
2024-06-10 04:00:00+00:00,0.4922,0.496,0.4914,0.4935,3788
2024-06-10 08:00:00+00:00,0.4934,0.4938,0.488,0.4909,6873
2024-06-10 12:00:00+00:00,0.4908,0.4948,0.4889,0.4929,5455
2024-06-10 16:00:00+00:00,0.4928,0.5007,0.4913,0.4976,7468
2024-06-10 20:00:00+00:00,0.4976,0.4978,0.4894,0.491,8597
2024-06-11 00:00:00+00:00,0.4886,0.492,0.4886,0.4902,5292
2024-06-11 04:00:00+00:00,0.4902,0.4904,0.4737,0.4825,8345
2024-06-11 08:00:00+00:00,0.4824,0.4831,0.4733,0.4802,8335
2024-06-11 12:00:00+00:00,0.4803,0.4825,0.4768,0.4773,9317
2024-06-11 16:00:00+00:00,0.4772,0.4794,0.4649,0.4703,8881
2024-06-11 20:00:00+00:00,0.4703,0.4769,0.466,0.4759,7131
2024-06-12 00:00:00+00:00,0.4722,0.476,0.4722,0.4735,4181
2024-06-12 04:00:00+00:00,0.4735,0.478,0.4689,0.4769,5469
2024-06-12 08:00:00+00:00,0.4769,0.4779,0.4727,0.4758,4013
2024-06-12 12:00:00+00:00,0.4758,0.4885,0.4753,0.4879,6070
2024-06-12 16:00:00+00:00,0.4879,0.4928,0.4865,0.4893,5775
2024-06-12 20:00:00+00:00,0.4893,0.4907,0.4766,0.4847,9011
2024-06-13 00:00:00+00:00,0.4838,0.4869,0.4838,0.4853,3497
2024-06-13 04:00:00+00:00,0.4853,0.4859,0.4776,0.4822,7891
2024-06-13 08:00:00+00:00,0.4822,0.4842,0.4783,0.4825,6214
2024-06-13 12:00:00+00:00,0.4825,0.484,0.4777,0.4809,6580
2024-06-13 16:00:00+00:00,0.481,0.4836,0.4735,0.4785,8797
2024-06-13 20:00:00+00:00,0.4785,0.4796,0.4738,0.474,6686
2024-06-14 00:00:00+00:00,0.4708,0.4745,0.4704,0.4723,6769
2024-06-14 04:00:00+00:00,0.4723,0.4757,0.4689,0.4741,7391
2024-06-14 08:00:00+00:00,0.4741,0.476,0.4718,0.4741,5840
2024-06-14 12:00:00+00:00,0.4742,0.4745,0.471,0.473,5294
2024-06-14 16:00:00+00:00,0.473,0.4755,0.4542,0.4624,9691
2024-06-14 20:00:00+00:00,0.4622,0.4664,0.4586,0.4648,7217
2024-06-15 00:00:00+00:00,0.4709,0.4717,0.4671,0.4697,4719
2024-06-15 04:00:00+00:00,0.4697,0.4726,0.4688,0.4721,4884
2024-06-15 08:00:00+00:00,0.4722,0.4745,0.4718,0.474,5002
2024-06-15 12:00:00+00:00,0.474,0.4753,0.4732,0.4749,2947
2024-06-15 16:00:00+00:00,0.4748,0.4809,0.4745,0.4808,5277
2024-06-15 20:00:00+00:00,0.4809,0.4999,0.4799,0.4863,7147
2024-06-16 00:00:00+00:00,0.4839,0.4878,0.4826,0.4835,4574
2024-06-16 04:00:00+00:00,0.4834,0.4864,0.4826,0.4838,3496
2024-06-16 08:00:00+00:00,0.4837,0.4852,0.4828,0.4844,2667
2024-06-16 12:00:00+00:00,0.4844,0.494,0.484,0.4873,5774
2024-06-16 16:00:00+00:00,0.4873,0.4883,0.4831,0.4842,5155
2024-06-16 20:00:00+00:00,0.4841,0.4848,0.4822,0.4831,4736
2024-06-17 00:00:00+00:00,0.4807,0.4859,0.4807,0.4833,7233
2024-06-17 04:00:00+00:00,0.4834,0.4849,0.4786,0.4844,8712
2024-06-17 08:00:00+00:00,0.4845,0.4953,0.4786,0.4902,9180
2024-06-17 12:00:00+00:00,0.4902,0.4997,0.4859,0.4979,12386
2024-06-17 16:00:00+00:00,0.4979,0.5151,0.4895,0.5058,18189
2024-06-17 20:00:00+00:00,0.5058,0.514,0.5039,0.5053,9544
2024-06-18 00:00:00+00:00,0.5042,0.5068,0.4943,0.4993,10831
2024-06-18 04:00:00+00:00,0.4995,0.5007,0.4629,0.4862,19801
2024-06-18 08:00:00+00:00,0.4862,0.5043,0.4835,0.5019,12691
2024-06-18 12:00:00+00:00,0.5019,0.5027,0.4853,0.4887,12248
2024-06-18 16:00:00+00:00,0.4887,0.4895,0.4725,0.4763,10821
2024-06-18 20:00:00+00:00,0.476,0.4841,0.4708,0.4817,13520
2024-06-19 00:00:00+00:00,0.4806,0.49,0.4805,0.4886,10383
2024-06-19 04:00:00+00:00,0.4885,0.4923,0.486,0.4892,9506
2024-06-19 08:00:00+00:00,0.4892,0.4913,0.4817,0.485,8821
2024-06-19 12:00:00+00:00,0.485,0.4907,0.4841,0.49,8096
2024-06-19 16:00:00+00:00,0.49,0.4907,0.485,0.4885,8283
2024-06-19 20:00:00+00:00,0.4885,0.4944,0.4861,0.489,9987
2024-06-20 00:00:00+00:00,0.4881,0.4899,0.4855,0.4884,5422
2024-06-20 04:00:00+00:00,0.4884,0.4928,0.4845,0.4885,12207
2024-06-20 08:00:00+00:00,0.4885,0.4962,0.4878,0.4928,8427
2024-06-20 12:00:00+00:00,0.4928,0.4967,0.4888,0.4943,8463
2024-06-20 16:00:00+00:00,0.4942,0.4948,0.4827,0.4861,13829
2024-06-20 20:00:00+00:00,0.4861,0.4883,0.4845,0.4859,5772
2024-06-21 00:00:00+00:00,0.4833,0.4858,0.4811,0.4823,6626
2024-06-21 04:00:00+00:00,0.4823,0.4857,0.4821,0.4855,12054
2024-06-21 08:00:00+00:00,0.4855,0.4879,0.4789,0.4806,9789
2024-06-21 12:00:00+00:00,0.4804,0.4904,0.4799,0.4838,13881
2024-06-21 16:00:00+00:00,0.4838,0.4874,0.4757,0.4769,11388
2024-06-21 20:00:00+00:00,0.4767,0.4845,0.4734,0.4819,8023
2024-06-22 00:00:00+00:00,0.4809,0.4867,0.478,0.484,2429
2024-06-22 04:00:00+00:00,0.484,0.4844,0.4813,0.4819,4274
2024-06-22 08:00:00+00:00,0.4819,0.4833,0.4787,0.4792,9100
2024-06-22 12:00:00+00:00,0.4791,0.4811,0.4787,0.4809,4798
2024-06-22 16:00:00+00:00,0.4809,0.4828,0.4798,0.4818,3023
2024-06-22 20:00:00+00:00,0.4818,0.4828,0.481,0.4824,2624
2024-06-23 00:00:00+00:00,0.4796,0.483,0.4796,0.4823,1660
2024-06-23 04:00:00+00:00,0.4823,0.4839,0.4817,0.4824,2418
2024-06-23 08:00:00+00:00,0.4824,0.4831,0.482,0.4827,864
2024-06-23 12:00:00+00:00,0.4827,0.4834,0.4786,0.4805,786
2024-06-23 16:00:00+00:00,0.4805,0.4807,0.4746,0.4756,6877
2024-06-23 20:00:00+00:00,0.4754,0.4776,0.4674,0.4745,8867
2024-06-24 00:00:00+00:00,0.4721,0.476,0.472,0.4736,8758
2024-06-24 04:00:00+00:00,0.4736,0.4741,0.4665,0.4702,8589
2024-06-24 08:00:00+00:00,0.4701,0.473,0.4624,0.4708,14538
2024-06-24 12:00:00+00:00,0.4708,0.4726,0.4566,0.4721,7550
2024-06-24 16:00:00+00:00,0.4721,0.477,0.4651,0.4664,8283
2024-06-24 20:00:00+00:00,0.4664,0.4697,0.4555,0.463,11031
2024-06-25 00:00:00+00:00,0.4611,0.4696,0.4611,0.4686,12717
2024-06-25 04:00:00+00:00,0.4687,0.4741,0.4678,0.4735,13427
2024-06-25 08:00:00+00:00,0.4735,0.474,0.4679,0.4711,4476
2024-06-25 12:00:00+00:00,0.4711,0.4724,0.4662,0.4708,6058
2024-06-25 16:00:00+00:00,0.4708,0.4749,0.4687,0.4717,6273
2024-06-25 20:00:00+00:00,0.4717,0.4743,0.47,0.473,4845
2024-06-26 00:00:00+00:00,0.47,0.4725,0.4689,0.4691,4200
2024-06-26 04:00:00+00:00,0.4691,0.473,0.4689,0.4698,4416
2024-06-26 08:00:00+00:00,0.4697,0.4703,0.467,0.4676,4462
2024-06-26 12:00:00+00:00,0.4676,0.4717,0.4651,0.469,5619
2024-06-26 16:00:00+00:00,0.469,0.4709,0.463,0.464,6463
2024-06-26 20:00:00+00:00,0.4641,0.4674,0.4597,0.4665,7791
2024-06-27 00:00:00+00:00,0.4647,0.4662,0.4618,0.4643,6358
2024-06-27 04:00:00+00:00,0.4642,0.4654,0.4626,0.464,6308
2024-06-27 08:00:00+00:00,0.464,0.4642,0.4602,0.4625,4308
2024-06-27 12:00:00+00:00,0.4626,0.4682,0.4611,0.4678,4198
2024-06-27 16:00:00+00:00,0.4677,0.4717,0.4657,0.4668,5085
2024-06-27 20:00:00+00:00,0.4668,0.4699,0.4665,0.4695,3451
2024-06-28 00:00:00+00:00,0.4684,0.471,0.468,0.4693,2567
2024-06-28 04:00:00+00:00,0.4692,0.4725,0.4685,0.4715,4414
2024-06-28 08:00:00+00:00,0.4714,0.4735,0.4688,0.4733,4464
2024-06-28 12:00:00+00:00,0.4733,0.4756,0.4695,0.4733,8123
2024-06-28 16:00:00+00:00,0.4732,0.4753,0.4658,0.4688,6467
2024-06-28 20:00:00+00:00,0.4688,0.4699,0.4643,0.467,11055
2024-06-29 00:00:00+00:00,0.4661,0.4673,0.4643,0.4667,3158
2024-06-29 04:00:00+00:00,0.4667,0.4694,0.4663,0.4692,3535
2024-06-29 08:00:00+00:00,0.4692,0.471,0.4681,0.4708,2282
2024-06-29 12:00:00+00:00,0.4708,0.4711,0.4694,0.4698,4202
2024-06-29 16:00:00+00:00,0.4695,0.4702,0.4682,0.4684,12367
2024-06-29 20:00:00+00:00,0.4684,0.4694,0.4677,0.468,2547
2024-06-30 00:00:00+00:00,0.4658,0.4684,0.4651,0.4675,2424
2024-06-30 04:00:00+00:00,0.4675,0.4678,0.4639,0.4651,3853
2024-06-30 08:00:00+00:00,0.4651,0.4696,0.4648,0.469,4726
2024-06-30 12:00:00+00:00,0.469,0.4694,0.4642,0.4669,1505
2024-06-30 16:00:00+00:00,0.4669,0.4681,0.4662,0.4668,3612
2024-06-30 20:00:00+00:00,0.4667,0.47,0.4664,0.4689,7916
2024-07-01 00:00:00+00:00,0.469,0.4726,0.4669,0.4701,2988
2024-07-01 04:00:00+00:00,0.4701,0.474,0.4697,0.4727,2981
2024-07-01 08:00:00+00:00,0.4727,0.4762,0.4709,0.4743,4301
2024-07-01 12:00:00+00:00,0.4742,0.4794,0.4731,0.4761,5077
2024-07-01 16:00:00+00:00,0.4762,0.4769,0.4724,0.4732,7261
2024-07-01 20:00:00+00:00,0.4732,0.4739,0.471,0.4721,11074
2024-07-02 00:00:00+00:00,0.4721,0.4732,0.4703,0.471,8233
2024-07-02 04:00:00+00:00,0.4709,0.4736,0.4704,0.4732,10313
2024-07-02 08:00:00+00:00,0.4732,0.4774,0.4723,0.4762,8946
2024-07-02 12:00:00+00:00,0.4761,0.483,0.4754,0.4818,6467
2024-07-02 16:00:00+00:00,0.4819,0.4832,0.4755,0.477,7545
2024-07-02 20:00:00+00:00,0.477,0.4784,0.4754,0.4781,5349
2024-07-03 00:00:00+00:00,0.4759,0.4812,0.4736,0.48,2613
2024-07-03 04:00:00+00:00,0.4799,0.4807,0.4717,0.4747,5906
2024-07-03 08:00:00+00:00,0.4748,0.4787,0.4722,0.4782,3856
2024-07-03 12:00:00+00:00,0.4782,0.4797,0.4688,0.4693,7258
2024-07-03 16:00:00+00:00,0.4691,0.473,0.4597,0.4637,8870
2024-07-03 20:00:00+00:00,0.4638,0.4644,0.4555,0.4572,7968
2024-07-04 00:00:00+00:00,0.4563,0.4643,0.4563,0.4629,4093
2024-07-04 04:00:00+00:00,0.4629,0.4635,0.4398,0.4546,10543
2024-07-04 08:00:00+00:00,0.4546,0.455,0.4428,0.4478,7015
2024-07-04 12:00:00+00:00,0.4477,0.4495,0.4414,0.4417,7526
2024-07-04 16:00:00+00:00,0.4417,0.4417,0.4325,0.4368,9639
2024-07-04 20:00:00+00:00,0.4368,0.4393,0.4312,0.4392,7541
2024-07-05 00:00:00+00:00,0.439,0.4418,0.4132,0.4234,10834
2024-07-05 04:00:00+00:00,0.4234,0.4241,0.3772,0.3971,16830
2024-07-05 08:00:00+00:00,0.3971,0.4022,0.3921,0.3926,10415
2024-07-05 12:00:00+00:00,0.3927,0.4147,0.3914,0.4076,11885
2024-07-05 16:00:00+00:00,0.4076,0.4226,0.4066,0.418,11976
2024-07-05 20:00:00+00:00,0.4181,0.4223,0.417,0.4205,7134
2024-07-06 00:00:00+00:00,0.4198,0.427,0.4124,0.4233,6851
2024-07-06 04:00:00+00:00,0.4233,0.424,0.4188,0.4219,5664
2024-07-06 08:00:00+00:00,0.4219,0.4297,0.4213,0.4271,10750
2024-07-06 12:00:00+00:00,0.4271,0.4313,0.4253,0.43,9511
2024-07-06 16:00:00+00:00,0.4301,0.4414,0.4288,0.4405,6382
2024-07-06 20:00:00+00:00,0.4405,0.4444,0.4386,0.4425,12630
2024-07-07 00:00:00+00:00,0.4411,0.4446,0.4399,0.44,5498
2024-07-07 04:00:00+00:00,0.44,0.4427,0.4346,0.4348,5858
2024-07-07 08:00:00+00:00,0.4349,0.4378,0.4294,0.4329,6302
2024-07-07 12:00:00+00:00,0.4329,0.4336,0.4269,0.4295,4514
2024-07-07 16:00:00+00:00,0.4295,0.4297,0.4164,0.4264,7150
2024-07-07 20:00:00+00:00,0.4263,0.4283,0.4227,0.4244,6285
2024-07-08 00:00:00+00:00,0.4239,0.4239,0.404,0.4057,9521
2024-07-08 04:00:00+00:00,0.4057,0.4147,0.398,0.414,8835
2024-07-08 08:00:00+00:00,0.4141,0.4316,0.413,0.4295,7756
2024-07-08 12:00:00+00:00,0.4295,0.4382,0.4257,0.4365,9711
2024-07-08 16:00:00+00:00,0.4364,0.4365,0.4145,0.4205,14665
2024-07-08 20:00:00+00:00,0.4206,0.4265,0.419,0.4231,11470
2024-07-09 00:00:00+00:00,0.4202,0.4275,0.42,0.4244,6678
2024-07-09 04:00:00+00:00,0.4244,0.4298,0.4219,0.4287,14640
2024-07-09 08:00:00+00:00,0.4287,0.4328,0.4271,0.4305,7265
2024-07-09 12:00:00+00:00,0.4305,0.4316,0.4273,0.4289,6251
2024-07-09 16:00:00+00:00,0.4289,0.431,0.4243,0.4292,12143
2024-07-09 20:00:00+00:00,0.4292,0.4326,0.427,0.4317,5608
2024-07-10 00:00:00+00:00,0.4315,0.4323,0.4267,0.4277,6663
2024-07-10 04:00:00+00:00,0.4276,0.436,0.4266,0.4355,7482
2024-07-10 08:00:00+00:00,0.4354,0.4364,0.4319,0.4337,8742
2024-07-10 12:00:00+00:00,0.4338,0.4376,0.4305,0.4339,8479
2024-07-10 16:00:00+00:00,0.4339,0.4346,0.4262,0.4276,7651
2024-07-10 20:00:00+00:00,0.4277,0.4337,0.427,0.4326,5361
2024-07-11 00:00:00+00:00,0.4324,0.4347,0.4304,0.4341,3532
2024-07-11 04:00:00+00:00,0.4341,0.4381,0.4311,0.4362,7039
2024-07-11 08:00:00+00:00,0.4361,0.4412,0.4359,0.4409,6529
2024-07-11 12:00:00+00:00,0.4409,0.4488,0.4393,0.4462,8328
2024-07-11 16:00:00+00:00,0.4462,0.447,0.4336,0.4403,7308
2024-07-11 20:00:00+00:00,0.4403,0.4451,0.4397,0.4425,5915
2024-07-12 00:00:00+00:00,0.4412,0.4479,0.4397,0.4444,7300
2024-07-12 04:00:00+00:00,0.4443,0.4478,0.4394,0.4463,8910
2024-07-12 08:00:00+00:00,0.4464,0.4619,0.4461,0.4612,8428
2024-07-12 12:00:00+00:00,0.4613,0.4727,0.4552,0.4668,8277
2024-07-12 16:00:00+00:00,0.4669,0.4672,0.4539,0.4609,6468
2024-07-12 20:00:00+00:00,0.4609,0.4664,0.4608,0.4661,7219
2024-07-13 00:00:00+00:00,0.4647,0.4726,0.4644,0.4704,4808
2024-07-13 04:00:00+00:00,0.4705,0.4948,0.4704,0.4918,9436
2024-07-13 08:00:00+00:00,0.4916,0.5116,0.4916,0.5067,9854
2024-07-13 12:00:00+00:00,0.5067,0.5134,0.5036,0.5074,9005
2024-07-13 16:00:00+00:00,0.5075,0.5368,0.5075,0.5277,15164
2024-07-13 20:00:00+00:00,0.5278,0.5607,0.5258,0.5349,15730
2024-07-14 00:00:00+00:00,0.5333,0.5361,0.5122,0.5169,10798
2024-07-14 04:00:00+00:00,0.5169,0.5204,0.5089,0.5124,7083
2024-07-14 08:00:00+00:00,0.5124,0.5281,0.5115,0.5267,8399
2024-07-14 12:00:00+00:00,0.5268,0.5353,0.5167,0.5194,8177
2024-07-14 16:00:00+00:00,0.5194,0.5277,0.5194,0.5256,8153
2024-07-14 20:00:00+00:00,0.5256,0.53,0.5227,0.5246,7956
2024-07-15 00:00:00+00:00,0.5221,0.5278,0.5144,0.5198,8881
2024-07-15 04:00:00+00:00,0.5197,0.5263,0.5172,0.5245,8463
2024-07-15 08:00:00+00:00,0.5246,0.5295,0.5223,0.5245,6445
2024-07-15 12:00:00+00:00,0.5245,0.5352,0.5218,0.5267,9915
2024-07-15 16:00:00+00:00,0.5267,0.5291,0.5172,0.5284,10501
2024-07-15 20:00:00+00:00,0.5284,0.5335,0.5263,0.5294,7688
2024-07-16 00:00:00+00:00,0.5284,0.5475,0.5249,0.5467,8428
2024-07-16 04:00:00+00:00,0.5467,0.5652,0.5395,0.551,12720
2024-07-16 08:00:00+00:00,0.551,0.551,0.5269,0.5357,9898
2024-07-16 12:00:00+00:00,0.5357,0.5444,0.5342,0.5393,10368
2024-07-16 16:00:00+00:00,0.5392,0.5892,0.5384,0.5873,24595
2024-07-16 20:00:00+00:00,0.5874,0.588,0.5708,0.5784,14608
2024-07-17 00:00:00+00:00,0.5758,0.5797,0.5688,0.5768,11409
2024-07-17 04:00:00+00:00,0.5767,0.6059,0.5748,0.6029,14729
2024-07-17 08:00:00+00:00,0.6029,0.6144,0.5936,0.6091,22185
2024-07-17 12:00:00+00:00,0.6091,0.622,0.6042,0.6199,21442
2024-07-17 16:00:00+00:00,0.62,0.6295,0.5893,0.6066,25367
2024-07-17 20:00:00+00:00,0.6066,0.6248,0.6031,0.6218,19564
2024-07-18 00:00:00+00:00,0.6138,0.6324,0.6123,0.6224,17461
2024-07-18 04:00:00+00:00,0.6224,0.6233,0.5959,0.6046,14990
2024-07-18 08:00:00+00:00,0.6046,0.6064,0.5617,0.5733,16017
2024-07-18 12:00:00+00:00,0.5734,0.5791,0.5633,0.5781,12956
2024-07-18 16:00:00+00:00,0.5781,0.5827,0.552,0.5641,19332
2024-07-18 20:00:00+00:00,0.5641,0.5669,0.5585,0.562,14795
2024-07-19 00:00:00+00:00,0.5613,0.5674,0.5394,0.5464,12864
2024-07-19 04:00:00+00:00,0.5465,0.5562,0.5344,0.5517,13199
2024-07-19 08:00:00+00:00,0.5517,0.5534,0.5408,0.5435,9901
2024-07-19 12:00:00+00:00,0.5434,0.5519,0.5353,0.5475,10366
2024-07-19 16:00:00+00:00,0.5475,0.5793,0.543,0.5738,17367
2024-07-19 20:00:00+00:00,0.5739,0.5817,0.5676,0.57,15077
2024-07-20 00:00:00+00:00,0.5708,0.577,0.5637,0.5758,6790
2024-07-20 04:00:00+00:00,0.5758,0.5883,0.5693,0.586,7751
2024-07-20 08:00:00+00:00,0.5859,0.5998,0.5802,0.5856,10552
2024-07-20 12:00:00+00:00,0.5856,0.5919,0.5808,0.587,8806
2024-07-20 16:00:00+00:00,0.5871,0.59,0.5815,0.5841,11784
2024-07-20 20:00:00+00:00,0.5841,0.5928,0.5832,0.59,10879
2024-07-21 00:00:00+00:00,0.5844,0.5929,0.5843,0.5871,7790
2024-07-21 04:00:00+00:00,0.5871,0.5976,0.584,0.5967,9536
2024-07-21 08:00:00+00:00,0.5967,0.6029,0.5821,0.5837,10420
2024-07-21 12:00:00+00:00,0.5836,0.5885,0.5758,0.5786,6955
2024-07-21 16:00:00+00:00,0.5786,0.5869,0.5693,0.586,8362
2024-07-21 20:00:00+00:00,0.586,0.5942,0.5674,0.5902,11755
2024-07-22 00:00:00+00:00,0.5887,0.5978,0.5886,0.5915,9664
2024-07-22 04:00:00+00:00,0.5915,0.5947,0.5856,0.5897,10453
2024-07-22 08:00:00+00:00,0.5897,0.5998,0.5804,0.5902,11577
2024-07-22 12:00:00+00:00,0.5902,0.6141,0.5898,0.6133,15021
2024-07-22 16:00:00+00:00,0.6132,0.6136,0.5997,0.6044,17002
2024-07-22 20:00:00+00:00,0.6044,0.6179,0.6023,0.6114,13566
2024-07-23 00:00:00+00:00,0.6122,0.6128,0.5949,0.6042,12342
2024-07-23 04:00:00+00:00,0.6042,0.6119,0.5981,0.6027,12323
2024-07-23 08:00:00+00:00,0.6027,0.6033,0.5897,0.5959,10631
2024-07-23 12:00:00+00:00,0.5959,0.6025,0.5861,0.5903,12168
2024-07-23 16:00:00+00:00,0.5902,0.5982,0.578,0.5781,14655
2024-07-23 20:00:00+00:00,0.5782,0.5942,0.5747,0.594,10650
2024-07-24 00:00:00+00:00,0.591,0.5985,0.5864,0.5879,8895
2024-07-24 04:00:00+00:00,0.5879,0.6007,0.5879,0.6001,10555
2024-07-24 08:00:00+00:00,0.6001,0.6102,0.5916,0.6088,12579
2024-07-24 12:00:00+00:00,0.6088,0.6275,0.6042,0.6194,15103
2024-07-24 16:00:00+00:00,0.6194,0.6276,0.6134,0.6156,17240
2024-07-24 20:00:00+00:00,0.6156,0.6233,0.6106,0.6216,11983
2024-07-25 00:00:00+00:00,0.6177,0.6207,0.6008,0.6155,12991
2024-07-25 04:00:00+00:00,0.6155,0.6165,0.5894,0.5946,16329
2024-07-25 08:00:00+00:00,0.5946,0.6092,0.5937,0.6037,12264
2024-07-25 12:00:00+00:00,0.6036,0.6196,0.5942,0.6156,13057
2024-07-25 16:00:00+00:00,0.6156,0.6161,0.5955,0.6122,20578
2024-07-25 20:00:00+00:00,0.6122,0.6203,0.5782,0.586,20698
2024-07-26 00:00:00+00:00,0.5887,0.6019,0.5865,0.6002,13467
2024-07-26 04:00:00+00:00,0.6002,0.604,0.5945,0.5998,10976
2024-07-26 08:00:00+00:00,0.5998,0.6034,0.5926,0.5959,10289
2024-07-26 12:00:00+00:00,0.5958,0.5992,0.5905,0.5939,8970
2024-07-26 16:00:00+00:00,0.5939,0.5955,0.5809,0.5899,14993
2024-07-26 20:00:00+00:00,0.59,0.5972,0.5891,0.5933,14031
2024-07-27 00:00:00+00:00,0.5998,0.6004,0.5922,0.5935,8323
2024-07-27 04:00:00+00:00,0.5935,0.5951,0.5897,0.5934,9033
2024-07-27 08:00:00+00:00,0.5934,0.5991,0.5917,0.595,6670
2024-07-27 12:00:00+00:00,0.595,0.5975,0.5924,0.5964,8650
2024-07-27 16:00:00+00:00,0.5964,0.6043,0.5902,0.5915,12498
2024-07-27 20:00:00+00:00,0.5914,0.5932,0.5779,0.5886,15993
2024-07-28 00:00:00+00:00,0.5887,0.5966,0.5858,0.5889,10215
2024-07-28 04:00:00+00:00,0.589,0.5977,0.5879,0.5948,10980
2024-07-28 08:00:00+00:00,0.5949,0.6042,0.5906,0.6038,12980
2024-07-28 12:00:00+00:00,0.6037,0.609,0.5963,0.5975,10327
2024-07-28 16:00:00+00:00,0.5976,0.5995,0.5918,0.5978,7887
2024-07-28 20:00:00+00:00,0.5978,0.6006,0.5942,0.5957,7771
2024-07-29 00:00:00+00:00,0.5947,0.5989,0.5923,0.597,7575
2024-07-29 04:00:00+00:00,0.597,0.6039,0.5964,0.6019,9277
2024-07-29 08:00:00+00:00,0.6019,0.6071,0.6006,0.6031,11135
2024-07-29 12:00:00+00:00,0.6032,0.6062,0.5997,0.6056,10046
2024-07-29 16:00:00+00:00,0.6055,0.6057,0.5866,0.5909,15410
2024-07-29 20:00:00+00:00,0.5909,0.6043,0.5894,0.6002,14997
2024-07-30 00:00:00+00:00,0.5992,0.5999,0.5925,0.5974,10061
2024-07-30 04:00:00+00:00,0.5974,0.5984,0.5901,0.5943,11348
2024-07-30 08:00:00+00:00,0.5944,0.596,0.5915,0.5928,8235
2024-07-30 12:00:00+00:00,0.5928,0.6317,0.5923,0.6199,19145
2024-07-30 16:00:00+00:00,0.6201,0.6273,0.6053,0.6257,16721
2024-07-30 20:00:00+00:00,0.6257,0.6301,0.6135,0.6203,15419
2024-07-31 00:00:00+00:00,0.6187,0.633,0.6144,0.6271,10482
2024-07-31 04:00:00+00:00,0.6271,0.6533,0.6267,0.6385,17306
2024-07-31 08:00:00+00:00,0.6386,0.6445,0.6328,0.6423,13458
2024-07-31 12:00:00+00:00,0.6423,0.6496,0.6393,0.6456,11218
2024-07-31 16:00:00+00:00,0.6455,0.6517,0.6228,0.6311,14371
2024-07-31 20:00:00+00:00,0.6311,0.6403,0.6163,0.6184,15431
2024-08-01 00:00:00+00:00,0.6214,0.6295,0.6169,0.6227,10840
2024-08-01 04:00:00+00:00,0.6223,0.6246,0.5902,0.5947,16108
2024-08-01 08:00:00+00:00,0.5937,0.6062,0.591,0.6026,11923
2024-08-01 12:00:00+00:00,0.6025,0.6083,0.5958,0.6072,12650
2024-08-01 16:00:00+00:00,0.6072,0.6074,0.5709,0.5806,12913
2024-08-01 20:00:00+00:00,0.5806,0.584,0.562,0.583,12214
2024-08-02 00:00:00+00:00,0.5819,0.594,0.581,0.5829,8291
2024-08-02 04:00:00+00:00,0.5828,0.5848,0.574,0.5765,7643
2024-08-02 08:00:00+00:00,0.5765,0.5767,0.5516,0.5689,9804
2024-08-02 12:00:00+00:00,0.5689,0.5733,0.5612,0.5679,9564
2024-08-02 16:00:00+00:00,0.568,0.575,0.5404,0.5553,17479
2024-08-02 20:00:00+00:00,0.5553,0.567,0.5526,0.5657,11769
2024-08-03 00:00:00+00:00,0.5614,0.5619,0.5434,0.5468,7880
2024-08-03 04:00:00+00:00,0.5467,0.5652,0.5374,0.562,10189
2024-08-03 08:00:00+00:00,0.562,0.5719,0.5589,0.5638,8967
2024-08-03 12:00:00+00:00,0.5638,0.569,0.5602,0.5635,7970
2024-08-03 16:00:00+00:00,0.5635,0.5674,0.548,0.5567,12260
2024-08-03 20:00:00+00:00,0.5567,0.5573,0.5351,0.5421,16673
2024-08-04 00:00:00+00:00,0.5411,0.5532,0.5406,0.5509,7866
2024-08-04 04:00:00+00:00,0.5509,0.5537,0.545,0.5502,9072
2024-08-04 08:00:00+00:00,0.5501,0.5521,0.5382,0.5438,9677
2024-08-04 12:00:00+00:00,0.5438,0.5455,0.5353,0.5437,7440
2024-08-04 16:00:00+00:00,0.5437,0.5444,0.5164,0.5176,12574
2024-08-04 20:00:00+00:00,0.5177,0.535,0.508,0.5287,15506
2024-08-05 00:00:00+00:00,0.5249,0.5288,0.4857,0.4921,13021
2024-08-05 04:00:00+00:00,0.4912,0.4927,0.4479,0.4722,15449
2024-08-05 08:00:00+00:00,0.4722,0.4727,0.4288,0.4607,24126
2024-08-05 12:00:00+00:00,0.4606,0.4642,0.4329,0.4354,18304
2024-08-05 16:00:00+00:00,0.4354,0.4935,0.4264,0.4811,22946
2024-08-05 20:00:00+00:00,0.4812,0.4891,0.4671,0.4845,13891
2024-08-06 00:00:00+00:00,0.4874,0.509,0.4819,0.5073,23933
2024-08-06 04:00:00+00:00,0.5072,0.5112,0.5001,0.504,13250
2024-08-06 08:00:00+00:00,0.5038,0.5138,0.4959,0.4982,17326
2024-08-06 12:00:00+00:00,0.4982,0.5021,0.4916,0.4948,16541
2024-08-06 16:00:00+00:00,0.4948,0.513,0.4887,0.5108,20097
2024-08-06 20:00:00+00:00,0.5109,0.5123,0.5019,0.5052,12169
2024-08-07 00:00:00+00:00,0.5057,0.5099,0.4948,0.5011,14848
2024-08-07 04:00:00+00:00,0.5012,0.5141,0.4947,0.51,12507
2024-08-07 08:00:00+00:00,0.5099,0.5115,0.5042,0.5108,9490
2024-08-07 12:00:00+00:00,0.5108,0.5145,0.5066,0.5113,19383
2024-08-07 16:00:00+00:00,0.5112,0.5122,0.4868,0.4983,24698
2024-08-07 20:00:00+00:00,0.4983,0.6334,0.4935,0.5898,27878
2024-08-08 00:00:00+00:00,0.5957,0.6374,0.5632,0.5789,28812
2024-08-08 04:00:00+00:00,0.5789,0.6188,0.5771,0.5907,21595
2024-08-08 08:00:00+00:00,0.5907,0.615,0.5891,0.6138,23400
2024-08-08 12:00:00+00:00,0.6138,0.6178,0.6002,0.6084,26276
2024-08-08 16:00:00+00:00,0.6084,0.6148,0.5948,0.6123,20383
2024-08-08 20:00:00+00:00,0.6123,0.6372,0.6063,0.6077,19949
2024-08-09 00:00:00+00:00,0.6048,0.6158,0.6003,0.6074,18642
2024-08-09 04:00:00+00:00,0.6074,0.6196,0.595,0.5958,17588
2024-08-09 08:00:00+00:00,0.5959,0.6032,0.5918,0.5996,16447
2024-08-09 12:00:00+00:00,0.5996,0.5999,0.5731,0.5781,22419
2024-08-09 16:00:00+00:00,0.5781,0.5812,0.5618,0.5733,20490
2024-08-09 20:00:00+00:00,0.5733,0.578,0.5677,0.5737,14273
2024-08-10 00:00:00+00:00,0.5705,0.5824,0.5702,0.5751,10832
2024-08-10 04:00:00+00:00,0.5751,0.5894,0.5739,0.5827,11260
2024-08-10 08:00:00+00:00,0.5827,0.5847,0.5781,0.5819,14179
2024-08-10 12:00:00+00:00,0.5819,0.597,0.5793,0.5959,12296
2024-08-10 16:00:00+00:00,0.596,0.597,0.5877,0.5907,14982
2024-08-10 20:00:00+00:00,0.5907,0.5933,0.5825,0.5894,11283
2024-08-11 00:00:00+00:00,0.5876,0.5905,0.5769,0.5841,6390
2024-08-11 04:00:00+00:00,0.5841,0.5884,0.5808,0.5824,5671
2024-08-11 08:00:00+00:00,0.5823,0.5885,0.5818,0.5852,5119
2024-08-11 12:00:00+00:00,0.5851,0.5876,0.5633,0.5706,6047
2024-08-11 16:00:00+00:00,0.5705,0.5706,0.5574,0.564,10197
2024-08-11 20:00:00+00:00,0.564,0.5663,0.545,0.5466,12496
2024-08-12 00:00:00+00:00,0.544,0.5529,0.5397,0.5507,12814
2024-08-12 04:00:00+00:00,0.5506,0.5613,0.5487,0.5546,10517
2024-08-12 08:00:00+00:00,0.5546,0.5717,0.5515,0.566,10950
2024-08-12 12:00:00+00:00,0.566,0.5743,0.5617,0.5707,12199
2024-08-12 16:00:00+00:00,0.5707,0.5738,0.5494,0.5668,22568
2024-08-12 20:00:00+00:00,0.5668,0.5698,0.5553,0.5597,18882
2024-08-13 00:00:00+00:00,0.5557,0.5671,0.5545,0.5657,13817
2024-08-13 04:00:00+00:00,0.5657,0.5673,0.5573,0.5617,14753
2024-08-13 08:00:00+00:00,0.5616,0.5699,0.5585,0.5678,7448
2024-08-13 12:00:00+00:00,0.5678,0.574,0.5598,0.5708,16182
2024-08-13 16:00:00+00:00,0.5708,0.5761,0.5611,0.5747,15151
2024-08-13 20:00:00+00:00,0.5747,0.5785,0.5677,0.5708,11002
2024-08-14 00:00:00+00:00,0.5698,0.5749,0.5684,0.5703,7617
2024-08-14 04:00:00+00:00,0.5703,0.5762,0.5659,0.5726,11036
2024-08-14 08:00:00+00:00,0.5725,0.5753,0.5694,0.5724,6628
2024-08-14 12:00:00+00:00,0.5724,0.5776,0.5697,0.5726,11998
2024-08-14 16:00:00+00:00,0.5726,0.5747,0.5589,0.5664,15663
2024-08-14 20:00:00+00:00,0.5664,0.5675,0.5596,0.5643,10457
2024-08-15 00:00:00+00:00,0.5624,0.5667,0.5594,0.5658,11134
2024-08-15 04:00:00+00:00,0.5656,0.5692,0.561,0.5638,12626
2024-08-15 08:00:00+00:00,0.5637,0.5644,0.5567,0.5607,16308
2024-08-15 12:00:00+00:00,0.5607,0.567,0.5574,0.5629,5664
2024-08-15 16:00:00+00:00,0.563,0.5682,0.5601,0.566,10400
2024-08-15 20:00:00+00:00,0.566,0.5662,0.5453,0.5495,13016
2024-08-16 00:00:00+00:00,0.5503,0.5574,0.5493,0.5546,9100
2024-08-16 04:00:00+00:00,0.5546,0.5635,0.5528,0.5599,9044
2024-08-16 08:00:00+00:00,0.5599,0.5653,0.5589,0.5627,6003
2024-08-16 12:00:00+00:00,0.5628,0.5651,0.5494,0.5523,10411
2024-08-16 16:00:00+00:00,0.5523,0.5604,0.5479,0.5575,16356
2024-08-16 20:00:00+00:00,0.5576,0.5637,0.5516,0.5613,17220
2024-08-17 00:00:00+00:00,0.5593,0.5608,0.5559,0.5584,5252
2024-08-17 04:00:00+00:00,0.5584,0.5602,0.5567,0.5593,3898
2024-08-17 08:00:00+00:00,0.5593,0.5609,0.5576,0.5593,3470
2024-08-17 12:00:00+00:00,0.5593,0.5619,0.5573,0.5604,6228
2024-08-17 16:00:00+00:00,0.5605,0.566,0.5597,0.565,5299
2024-08-17 20:00:00+00:00,0.565,0.5658,0.5609,0.5616,4380
2024-08-18 00:00:00+00:00,0.5596,0.5626,0.5591,0.5615,6490
2024-08-18 04:00:00+00:00,0.5615,0.5646,0.5589,0.5608,10104
2024-08-18 08:00:00+00:00,0.5608,0.5617,0.5595,0.561,6802
2024-08-18 12:00:00+00:00,0.561,0.5789,0.5603,0.5685,8113
2024-08-18 16:00:00+00:00,0.5685,0.5705,0.5652,0.5695,8657
2024-08-18 20:00:00+00:00,0.5693,0.5697,0.5634,0.5687,10670
2024-08-19 00:00:00+00:00,0.5657,0.5686,0.5549,0.5569,8507
2024-08-19 04:00:00+00:00,0.5567,0.5628,0.5557,0.5619,13993
2024-08-19 08:00:00+00:00,0.562,0.5759,0.5601,0.5727,5987
2024-08-19 12:00:00+00:00,0.5727,0.5849,0.571,0.5757,18596
2024-08-19 16:00:00+00:00,0.576,0.5822,0.5695,0.5813,13493
2024-08-19 20:00:00+00:00,0.5813,0.604,0.5809,0.5897,15344
2024-08-20 00:00:00+00:00,0.5891,0.6005,0.5891,0.5975,10852
2024-08-20 04:00:00+00:00,0.5975,0.6063,0.5951,0.6027,9553
2024-08-20 08:00:00+00:00,0.6027,0.6098,0.6004,0.605,9369
2024-08-20 12:00:00+00:00,0.6049,0.6056,0.5978,0.6005,8561
2024-08-20 16:00:00+00:00,0.6006,0.6006,0.5821,0.5929,15080
2024-08-20 20:00:00+00:00,0.5928,0.5981,0.5896,0.5919,7995
2024-08-21 00:00:00+00:00,0.5881,0.5921,0.5863,0.5889,6776
2024-08-21 04:00:00+00:00,0.5885,0.5964,0.5871,0.5898,8400
2024-08-21 08:00:00+00:00,0.5899,0.5943,0.589,0.5912,3988
2024-08-21 12:00:00+00:00,0.5911,0.5948,0.5866,0.5908,9589
2024-08-21 16:00:00+00:00,0.5908,0.5917,0.5797,0.5909,12825
2024-08-21 20:00:00+00:00,0.5909,0.6006,0.5904,0.5964,12208
2024-08-22 00:00:00+00:00,0.5944,0.5987,0.5929,0.593,6863
2024-08-22 04:00:00+00:00,0.5931,0.5957,0.5871,0.5931,10479
2024-08-22 08:00:00+00:00,0.5931,0.5993,0.5917,0.5951,9388
2024-08-22 12:00:00+00:00,0.5951,0.599,0.5915,0.5927,8660
2024-08-22 16:00:00+00:00,0.5927,0.5954,0.5895,0.5912,10938
2024-08-22 20:00:00+00:00,0.5912,0.5951,0.5888,0.5912,5817
2024-08-23 00:00:00+00:00,0.5893,0.5947,0.5893,0.5932,5897
2024-08-23 04:00:00+00:00,0.5932,0.5967,0.5903,0.5923,5786
2024-08-23 08:00:00+00:00,0.5923,0.5964,0.5917,0.5948,8394
2024-08-23 12:00:00+00:00,0.5947,0.5954,0.5905,0.5935,5188
2024-08-23 16:00:00+00:00,0.5933,0.599,0.5857,0.5964,11698
2024-08-23 20:00:00+00:00,0.5964,0.6048,0.5947,0.6021,9553
2024-08-24 00:00:00+00:00,0.6072,0.611,0.603,0.6038,4736
2024-08-24 04:00:00+00:00,0.6035,0.6042,0.5991,0.6022,5543
2024-08-24 08:00:00+00:00,0.6022,0.6078,0.6015,0.6049,4372
2024-08-24 12:00:00+00:00,0.6049,0.6092,0.6033,0.609,4684
2024-08-24 16:00:00+00:00,0.6088,0.626,0.6083,0.6185,14054
2024-08-24 20:00:00+00:00,0.6185,0.6198,0.6124,0.6165,7256
2024-08-25 00:00:00+00:00,0.6107,0.6135,0.5991,0.6047,7450
2024-08-25 04:00:00+00:00,0.6047,0.6066,0.5997,0.6023,6887
2024-08-25 08:00:00+00:00,0.6023,0.6047,0.5901,0.5965,7490
2024-08-25 12:00:00+00:00,0.5965,0.5981,0.593,0.5979,5907
2024-08-25 16:00:00+00:00,0.5979,0.6013,0.5944,0.5955,7954
2024-08-25 20:00:00+00:00,0.5954,0.5983,0.594,0.5948,4115
2024-08-26 00:00:00+00:00,0.5913,0.5998,0.5913,0.5941,10093
2024-08-26 04:00:00+00:00,0.5941,0.5954,0.5864,0.5913,10767
2024-08-26 08:00:00+00:00,0.5913,0.5944,0.5867,0.5928,7468
2024-08-26 12:00:00+00:00,0.5927,0.5932,0.5809,0.5872,8076
2024-08-26 16:00:00+00:00,0.5872,0.5896,0.5824,0.5869,10317
2024-08-26 20:00:00+00:00,0.5868,0.5876,0.5734,0.581,10310
2024-08-27 00:00:00+00:00,0.5792,0.5849,0.5789,0.5842,5071
2024-08-27 04:00:00+00:00,0.5842,0.5896,0.5836,0.588,7347
2024-08-27 08:00:00+00:00,0.588,0.5886,0.581,0.5849,10346
2024-08-27 12:00:00+00:00,0.5848,0.5889,0.5783,0.5871,8504
2024-08-27 16:00:00+00:00,0.5871,0.5952,0.5827,0.592,10903
2024-08-27 20:00:00+00:00,0.592,0.5934,0.5854,0.5857,8218
2024-08-28 00:00:00+00:00,0.5846,0.5863,0.5466,0.5594,19906
2024-08-28 04:00:00+00:00,0.5594,0.5648,0.5589,0.5633,9126
2024-08-28 08:00:00+00:00,0.5633,0.5711,0.5597,0.5679,11663
2024-08-28 12:00:00+00:00,0.5679,0.5793,0.5669,0.5754,10688
2024-08-28 16:00:00+00:00,0.5754,0.5757,0.5504,0.5659,19617
2024-08-28 20:00:00+00:00,0.5657,0.5727,0.561,0.5669,14074
2024-08-29 00:00:00+00:00,0.5638,0.5679,0.5604,0.5649,7648
2024-08-29 04:00:00+00:00,0.5649,0.5683,0.5625,0.5664,6441
2024-08-29 08:00:00+00:00,0.5663,0.5717,0.5655,0.5677,11179
2024-08-29 12:00:00+00:00,0.5677,0.5713,0.5659,0.5686,7951
2024-08-29 16:00:00+00:00,0.5686,0.5713,0.5654,0.5673,5951
2024-08-29 20:00:00+00:00,0.5673,0.5678,0.5529,0.5574,10545
2024-08-30 00:00:00+00:00,0.5557,0.5592,0.5514,0.5584,5836
2024-08-30 04:00:00+00:00,0.5584,0.56,0.5556,0.5581,6038
2024-08-30 08:00:00+00:00,0.5579,0.5605,0.5534,0.5582,5685
2024-08-30 12:00:00+00:00,0.5582,0.5627,0.5561,0.5602,4699
2024-08-30 16:00:00+00:00,0.5602,0.5606,0.5407,0.5513,13511
2024-08-30 20:00:00+00:00,0.5513,0.5578,0.5494,0.5574,8070
2024-08-31 00:00:00+00:00,0.5602,0.5631,0.5578,0.5612,8152
2024-08-31 04:00:00+00:00,0.5611,0.5631,0.5593,0.563,4729
2024-08-31 08:00:00+00:00,0.563,0.5634,0.5609,0.5613,2643
2024-08-31 12:00:00+00:00,0.5611,0.567,0.5576,0.5632,4838
2024-08-31 16:00:00+00:00,0.5632,0.565,0.5584,0.5597,4565
2024-08-31 20:00:00+00:00,0.5598,0.5632,0.5573,0.5622,5722
2024-09-01 00:00:00+00:00,0.5597,0.5632,0.5597,0.5599,3369
2024-09-01 04:00:00+00:00,0.5598,0.5604,0.5538,0.5552,9561
2024-09-01 08:00:00+00:00,0.5551,0.5554,0.5477,0.5548,7812
2024-09-01 12:00:00+00:00,0.5548,0.555,0.5506,0.552,7493
2024-09-01 16:00:00+00:00,0.5519,0.5532,0.5463,0.5506,12194
2024-09-01 20:00:00+00:00,0.5506,0.5569,0.5469,0.5547,8704
2024-09-02 00:00:00+00:00,0.5529,0.5547,0.5383,0.5438,13946
2024-09-02 04:00:00+00:00,0.5438,0.5451,0.5394,0.5398,11325
2024-09-02 08:00:00+00:00,0.5398,0.5474,0.539,0.5451,9059
2024-09-02 12:00:00+00:00,0.5451,0.5524,0.5435,0.5496,7309
2024-09-02 16:00:00+00:00,0.5496,0.5548,0.5456,0.5512,8009
2024-09-02 20:00:00+00:00,0.5512,0.5634,0.5512,0.5618,5478
2024-09-03 00:00:00+00:00,0.5632,0.5633,0.5594,0.5611,6086
2024-09-03 04:00:00+00:00,0.561,0.5672,0.5599,0.5606,8805
2024-09-03 08:00:00+00:00,0.5606,0.5644,0.5598,0.5614,7187
2024-09-03 12:00:00+00:00,0.5614,0.5671,0.5613,0.5652,5620
2024-09-03 16:00:00+00:00,0.5652,0.5652,0.5519,0.5545,12355
2024-09-03 20:00:00+00:00,0.5543,0.5623,0.5543,0.5607,6577
2024-09-04 00:00:00+00:00,0.5583,0.5613,0.546,0.547,7555
2024-09-04 04:00:00+00:00,0.5471,0.5493,0.5271,0.5483,12875
2024-09-04 08:00:00+00:00,0.5482,0.5512,0.544,0.5508,7104
2024-09-04 12:00:00+00:00,0.5507,0.5517,0.5436,0.5455,7567
2024-09-04 16:00:00+00:00,0.5455,0.5598,0.5418,0.5573,13076
2024-09-04 20:00:00+00:00,0.5572,0.5577,0.5512,0.5521,6250
2024-09-05 00:00:00+00:00,0.5494,0.5559,0.5494,0.5523,4850
2024-09-05 04:00:00+00:00,0.5523,0.5547,0.5463,0.5484,9394
2024-09-05 08:00:00+00:00,0.5483,0.5496,0.5447,0.5468,9353
2024-09-05 12:00:00+00:00,0.5468,0.548,0.5429,0.5465,12042
2024-09-05 16:00:00+00:00,0.5465,0.5501,0.5345,0.5371,15350
2024-09-05 20:00:00+00:00,0.5371,0.5425,0.5356,0.5383,8491
2024-09-06 00:00:00+00:00,0.5363,0.5401,0.5246,0.5373,10767
2024-09-06 04:00:00+00:00,0.5371,0.542,0.5352,0.5392,9397
2024-09-06 08:00:00+00:00,0.5391,0.5404,0.5269,0.5304,13292
2024-09-06 12:00:00+00:00,0.5304,0.54,0.5294,0.5392,9547
2024-09-06 16:00:00+00:00,0.5391,0.5396,0.5104,0.5142,17274
2024-09-06 20:00:00+00:00,0.5141,0.5174,0.4989,0.5006,17087
2024-09-07 00:00:00+00:00,0.5113,0.5182,0.5112,0.5175,5299
2024-09-07 04:00:00+00:00,0.5174,0.5187,0.5143,0.5185,3902
2024-09-07 08:00:00+00:00,0.5185,0.5254,0.5183,0.5236,3206
2024-09-07 12:00:00+00:00,0.5236,0.5253,0.5211,0.5249,2970
2024-09-07 16:00:00+00:00,0.5249,0.5278,0.5231,0.5242,2953
2024-09-07 20:00:00+00:00,0.5242,0.5259,0.5207,0.522,3438
2024-09-08 00:00:00+00:00,0.5198,0.5223,0.5176,0.5203,2919
2024-09-08 04:00:00+00:00,0.5203,0.525,0.5201,0.5247,3979
2024-09-08 08:00:00+00:00,0.5247,0.5251,0.5226,0.5245,1945
2024-09-08 12:00:00+00:00,0.5245,0.5264,0.5201,0.5205,2276
2024-09-08 16:00:00+00:00,0.5205,0.5224,0.5155,0.517,4676
2024-09-08 20:00:00+00:00,0.517,0.5219,0.517,0.5198,3953
2024-09-09 00:00:00+00:00,0.5178,0.5261,0.5178,0.5238,4565
2024-09-09 04:00:00+00:00,0.5238,0.526,0.5224,0.5242,4578
2024-09-09 08:00:00+00:00,0.5242,0.5279,0.5215,0.5273,3523
2024-09-09 12:00:00+00:00,0.5273,0.5291,0.5238,0.5256,4057
2024-09-09 16:00:00+00:00,0.5256,0.5317,0.5228,0.531,6789
2024-09-09 20:00:00+00:00,0.531,0.5343,0.5285,0.5333,5916
2024-09-10 00:00:00+00:00,0.5302,0.5378,0.5295,0.5312,5350
2024-09-10 04:00:00+00:00,0.5313,0.5315,0.5286,0.5298,6326
2024-09-10 08:00:00+00:00,0.5298,0.5366,0.5295,0.5342,5048
2024-09-10 12:00:00+00:00,0.5341,0.5354,0.531,0.5335,3380
2024-09-10 16:00:00+00:00,0.5335,0.5355,0.5303,0.531,7320
2024-09-10 20:00:00+00:00,0.531,0.5371,0.5307,0.5357,5622
2024-09-11 00:00:00+00:00,0.5338,0.5376,0.5336,0.5349,4226
2024-09-11 04:00:00+00:00,0.5348,0.5354,0.5254,0.5271,9130
2024-09-11 08:00:00+00:00,0.527,0.53,0.5254,0.5269,7409
2024-09-11 12:00:00+00:00,0.5269,0.5295,0.5235,0.5268,8058
2024-09-11 16:00:00+00:00,0.5268,0.5302,0.5177,0.5288,13467
2024-09-11 20:00:00+00:00,0.5287,0.5334,0.5285,0.5305,7304
2024-09-12 00:00:00+00:00,0.5301,0.5313,0.5284,0.5297,6886
2024-09-12 04:00:00+00:00,0.5297,0.5348,0.5297,0.5319,7405
2024-09-12 08:00:00+00:00,0.532,0.534,0.5299,0.5321,4123
2024-09-12 12:00:00+00:00,0.532,0.5828,0.5304,0.5719,5641
2024-09-12 16:00:00+00:00,0.5715,0.5757,0.5488,0.5522,16791
2024-09-12 20:00:00+00:00,0.5521,0.5598,0.5521,0.5594,10641
2024-09-13 00:00:00+00:00,0.5574,0.5615,0.553,0.5537,4619
2024-09-13 04:00:00+00:00,0.5537,0.5684,0.5504,0.5646,7970
2024-09-13 08:00:00+00:00,0.5645,0.5681,0.5545,0.5636,5613
2024-09-13 12:00:00+00:00,0.5636,0.5659,0.5568,0.5648,5837
2024-09-13 16:00:00+00:00,0.5647,0.5678,0.5604,0.565,6738
2024-09-13 20:00:00+00:00,0.565,0.566,0.5613,0.5656,5585
2024-09-14 00:00:00+00:00,0.5673,0.5692,0.5652,0.5658,2568
2024-09-14 04:00:00+00:00,0.5658,0.5753,0.5656,0.572,3546
2024-09-14 08:00:00+00:00,0.5718,0.5798,0.5692,0.5783,3674
2024-09-14 12:00:00+00:00,0.5783,0.5875,0.5747,0.5806,7620
2024-09-14 16:00:00+00:00,0.5806,0.5852,0.5783,0.5847,3662
2024-09-14 20:00:00+00:00,0.5847,0.5895,0.5823,0.5874,5075
2024-09-15 00:00:00+00:00,0.5858,0.5942,0.5855,0.5887,6440
2024-09-15 04:00:00+00:00,0.5887,0.5892,0.5806,0.5815,5438
2024-09-15 08:00:00+00:00,0.5815,0.5855,0.5804,0.5826,4106
2024-09-15 12:00:00+00:00,0.5827,0.5838,0.576,0.5812,8831
2024-09-15 16:00:00+00:00,0.5812,0.5848,0.5787,0.5796,4566
2024-09-15 20:00:00+00:00,0.5796,0.5828,0.5764,0.5777,4572
2024-09-16 00:00:00+00:00,0.5728,0.5742,0.5615,0.5628,8766
2024-09-16 04:00:00+00:00,0.5629,0.5653,0.5547,0.5649,9790
2024-09-16 08:00:00+00:00,0.5647,0.5701,0.5627,0.5674,6139
2024-09-16 12:00:00+00:00,0.5674,0.5688,0.5637,0.5679,7269
2024-09-16 16:00:00+00:00,0.5679,0.5752,0.5596,0.5739,7373
2024-09-16 20:00:00+00:00,0.5737,0.5865,0.5696,0.576,7874
2024-09-17 00:00:00+00:00,0.5742,0.582,0.5731,0.5739,4021
2024-09-17 04:00:00+00:00,0.5739,0.5841,0.5738,0.5841,4513
2024-09-17 08:00:00+00:00,0.5841,0.5854,0.5783,0.5799,5666
2024-09-17 12:00:00+00:00,0.5799,0.5835,0.5786,0.5792,6218
2024-09-17 16:00:00+00:00,0.5791,0.5884,0.5753,0.5812,9508
2024-09-17 20:00:00+00:00,0.5812,0.5858,0.5799,0.5833,6373
2024-09-18 00:00:00+00:00,0.5812,0.5842,0.5742,0.5764,4206
2024-09-18 04:00:00+00:00,0.5764,0.5773,0.5706,0.5745,9689
2024-09-18 08:00:00+00:00,0.5745,0.577,0.5704,0.5714,4616
2024-09-18 12:00:00+00:00,0.5713,0.5718,0.5646,0.5662,6398
2024-09-18 16:00:00+00:00,0.5662,0.5678,0.5569,0.5625,10393
2024-09-18 20:00:00+00:00,0.5625,0.5766,0.5596,0.5728,16469
2024-09-19 00:00:00+00:00,0.5731,0.585,0.5725,0.5825,7756
2024-09-19 04:00:00+00:00,0.5825,0.5838,0.5761,0.5818,6100
2024-09-19 08:00:00+00:00,0.5818,0.5836,0.5766,0.5769,6361
2024-09-19 12:00:00+00:00,0.5769,0.584,0.5762,0.5821,6125
2024-09-19 16:00:00+00:00,0.5821,0.588,0.5784,0.5872,8510
2024-09-19 20:00:00+00:00,0.5873,0.5895,0.5837,0.5869,5333
2024-09-20 00:00:00+00:00,0.5831,0.5854,0.5775,0.5781,4813
2024-09-20 04:00:00+00:00,0.578,0.5861,0.5721,0.5848,11120
2024-09-20 08:00:00+00:00,0.5848,0.5878,0.5804,0.5842,6345
2024-09-20 12:00:00+00:00,0.5842,0.5861,0.5787,0.5798,9347
2024-09-20 16:00:00+00:00,0.5797,0.5799,0.5722,0.5737,10796
2024-09-20 20:00:00+00:00,0.5738,0.5807,0.5711,0.5803,5291
2024-09-21 00:00:00+00:00,0.5805,0.5825,0.576,0.5761,3202
2024-09-21 04:00:00+00:00,0.5761,0.5785,0.5747,0.5764,6203
2024-09-21 08:00:00+00:00,0.5764,0.5787,0.5759,0.5777,4570
2024-09-21 12:00:00+00:00,0.5777,0.5803,0.5775,0.5802,4294
2024-09-21 16:00:00+00:00,0.5802,0.5997,0.579,0.5997,4594
2024-09-21 20:00:00+00:00,0.5995,0.6073,0.5935,0.5946,10280
2024-09-22 00:00:00+00:00,0.5924,0.5975,0.5885,0.5964,7587
2024-09-22 04:00:00+00:00,0.5963,0.6002,0.5904,0.5942,5498
2024-09-22 08:00:00+00:00,0.5942,0.595,0.5877,0.5913,5567
2024-09-22 12:00:00+00:00,0.591,0.5913,0.5838,0.5857,6735
2024-09-22 16:00:00+00:00,0.5857,0.5866,0.5791,0.5855,7363
2024-09-22 20:00:00+00:00,0.5855,0.5879,0.5812,0.5852,5839
2024-09-23 00:00:00+00:00,0.5838,0.5859,0.5716,0.5823,15435
2024-09-23 04:00:00+00:00,0.5823,0.5909,0.5815,0.5857,17464
2024-09-23 08:00:00+00:00,0.5857,0.5886,0.58,0.5817,7236
2024-09-23 12:00:00+00:00,0.5817,0.5848,0.5784,0.58,6702
2024-09-23 16:00:00+00:00,0.58,0.585,0.5785,0.5801,9833
2024-09-23 20:00:00+00:00,0.5801,0.5837,0.5788,0.5807,4688
2024-09-24 00:00:00+00:00,0.5791,0.5819,0.5761,0.577,7617
2024-09-24 04:00:00+00:00,0.577,0.5809,0.5755,0.5792,7508
2024-09-24 08:00:00+00:00,0.5792,0.5853,0.5788,0.5846,5406
2024-09-24 12:00:00+00:00,0.5846,0.5857,0.5818,0.584,7203
2024-09-24 16:00:00+00:00,0.5841,0.586,0.5762,0.5811,9338
2024-09-24 20:00:00+00:00,0.5811,0.5875,0.5798,0.5841,4772
2024-09-25 00:00:00+00:00,0.582,0.5877,0.582,0.5859,5116
2024-09-25 04:00:00+00:00,0.5858,0.5906,0.5842,0.5842,8469
2024-09-25 08:00:00+00:00,0.5841,0.5854,0.5799,0.5838,8101
2024-09-25 12:00:00+00:00,0.5837,0.5872,0.5811,0.5847,9883
2024-09-25 16:00:00+00:00,0.5847,0.5871,0.5794,0.5815,13859
2024-09-25 20:00:00+00:00,0.5814,0.5823,0.5777,0.5822,6455
2024-09-26 00:00:00+00:00,0.5795,0.5823,0.5684,0.572,7062
2024-09-26 04:00:00+00:00,0.572,0.5781,0.5706,0.5775,9260
2024-09-26 08:00:00+00:00,0.5774,0.5839,0.5769,0.5815,5773
2024-09-26 12:00:00+00:00,0.5815,0.5861,0.5805,0.5842,9639
2024-09-26 16:00:00+00:00,0.5842,0.5903,0.5825,0.5872,10127
2024-09-26 20:00:00+00:00,0.5873,0.5914,0.5838,0.5841,7783
2024-09-27 00:00:00+00:00,0.5821,0.588,0.5817,0.5842,5106
2024-09-27 04:00:00+00:00,0.5842,0.5855,0.5774,0.5842,8189
2024-09-27 08:00:00+00:00,0.5841,0.5877,0.5818,0.5853,8453
2024-09-27 12:00:00+00:00,0.5853,0.5866,0.5803,0.584,7392
2024-09-27 16:00:00+00:00,0.584,0.5922,0.5818,0.5864,10438
2024-09-27 20:00:00+00:00,0.5862,0.5867,0.5789,0.5817,7006
2024-09-28 00:00:00+00:00,0.5819,0.5844,0.5806,0.584,2461
2024-09-28 04:00:00+00:00,0.5838,0.5881,0.5836,0.5849,3686
2024-09-28 08:00:00+00:00,0.5849,0.6069,0.5805,0.5942,12107
2024-09-28 12:00:00+00:00,0.5942,0.6179,0.591,0.6106,8981
2024-09-28 16:00:00+00:00,0.6106,0.6195,0.6083,0.6169,9386
2024-09-28 20:00:00+00:00,0.6169,0.621,0.613,0.6132,5244
2024-09-29 00:00:00+00:00,0.6109,0.6135,0.6041,0.6047,7003
2024-09-29 04:00:00+00:00,0.6047,0.6116,0.6026,0.6098,4747
2024-09-29 08:00:00+00:00,0.6098,0.6277,0.6076,0.6179,9319
2024-09-29 12:00:00+00:00,0.6179,0.6253,0.6175,0.6188,5936
2024-09-29 16:00:00+00:00,0.6188,0.6597,0.6159,0.6483,15062
2024-09-29 20:00:00+00:00,0.6483,0.651,0.6357,0.6367,9317
2024-09-30 00:00:00+00:00,0.6362,0.6439,0.6294,0.6423,10996
2024-09-30 04:00:00+00:00,0.6421,0.6463,0.6303,0.6389,15469
2024-09-30 08:00:00+00:00,0.6387,0.6487,0.6349,0.6462,10356
2024-09-30 12:00:00+00:00,0.6463,0.6494,0.6199,0.6286,12546
2024-09-30 16:00:00+00:00,0.6286,0.6301,0.6114,0.6125,10405
2024-09-30 20:00:00+00:00,0.6125,0.6192,0.6118,0.6185,6059
2024-10-01 00:00:00+00:00,0.6169,0.6194,0.6031,0.6145,12305
2024-10-01 04:00:00+00:00,0.6143,0.619,0.6118,0.6137,8257
2024-10-01 08:00:00+00:00,0.6137,0.6237,0.6122,0.6219,13644
2024-10-01 12:00:00+00:00,0.6218,0.6289,0.6217,0.6239,11069
2024-10-01 16:00:00+00:00,0.6239,0.6242,0.5875,0.601,23778
2024-10-01 20:00:00+00:00,0.601,0.6216,0.5616,0.6,24142
2024-10-02 00:00:00+00:00,0.597,0.6,0.5806,0.5967,10997
2024-10-02 04:00:00+00:00,0.5967,0.6013,0.5936,0.5987,11044
2024-10-02 08:00:00+00:00,0.5984,0.599,0.5901,0.5959,8763
2024-10-02 12:00:00+00:00,0.5959,0.5966,0.5736,0.5815,12163
2024-10-02 16:00:00+00:00,0.5816,0.5873,0.5705,0.5782,17069
2024-10-02 20:00:00+00:00,0.5782,0.58,0.5582,0.5655,11669
2024-10-03 00:00:00+00:00,0.5657,0.567,0.5179,0.5267,17929
2024-10-03 04:00:00+00:00,0.5266,0.5394,0.5205,0.5324,12450
2024-10-03 08:00:00+00:00,0.5324,0.5341,0.5055,0.5085,13453
2024-10-03 12:00:00+00:00,0.5084,0.5205,0.5014,0.5151,12153
2024-10-03 16:00:00+00:00,0.5151,0.5228,0.5062,0.5096,16470
2024-10-03 20:00:00+00:00,0.5096,0.5229,0.5062,0.5184,8719
2024-10-04 00:00:00+00:00,0.5138,0.5209,0.5093,0.5103,5081
2024-10-04 04:00:00+00:00,0.5103,0.5226,0.5099,0.5208,8239
2024-10-04 08:00:00+00:00,0.5208,0.5237,0.515,0.518,9090
2024-10-04 12:00:00+00:00,0.518,0.5224,0.5163,0.5222,8387
2024-10-04 16:00:00+00:00,0.5222,0.5277,0.5097,0.5267,14211
2024-10-04 20:00:00+00:00,0.5266,0.5339,0.5247,0.5299,6092
2024-10-05 00:00:00+00:00,0.5298,0.5302,0.5262,0.5292,4489
2024-10-05 04:00:00+00:00,0.5292,0.53,0.5213,0.5246,4889
2024-10-05 08:00:00+00:00,0.5247,0.53,0.5242,0.5278,3127
2024-10-05 12:00:00+00:00,0.5278,0.5292,0.5249,0.527,4033
2024-10-05 16:00:00+00:00,0.5271,0.5279,0.5215,0.5221,5037
2024-10-05 20:00:00+00:00,0.5221,0.5302,0.5207,0.523,5908
2024-10-06 00:00:00+00:00,0.5195,0.5275,0.5195,0.5257,3564
2024-10-06 04:00:00+00:00,0.5257,0.5279,0.5236,0.5241,5964
2024-10-06 08:00:00+00:00,0.524,0.5274,0.5236,0.5251,2935
2024-10-06 12:00:00+00:00,0.5251,0.5264,0.5232,0.5262,2539
2024-10-06 16:00:00+00:00,0.5262,0.5322,0.5257,0.5283,5886
2024-10-06 20:00:00+00:00,0.5283,0.5302,0.5263,0.5272,3962
2024-10-07 00:00:00+00:00,0.5278,0.5336,0.5239,0.5334,4378
2024-10-07 04:00:00+00:00,0.5333,0.5395,0.5319,0.5365,5393
2024-10-07 08:00:00+00:00,0.5365,0.5382,0.5344,0.5356,4574
2024-10-07 12:00:00+00:00,0.5356,0.5357,0.5254,0.5315,5767
2024-10-07 16:00:00+00:00,0.5315,0.5398,0.5312,0.5387,8089
2024-10-07 20:00:00+00:00,0.5387,0.5405,0.5291,0.5304,5823
2024-10-08 00:00:00+00:00,0.5294,0.5337,0.523,0.5268,5806
2024-10-08 04:00:00+00:00,0.5268,0.5293,0.5246,0.5287,5065
2024-10-08 08:00:00+00:00,0.5287,0.529,0.5191,0.5243,8386
2024-10-08 12:00:00+00:00,0.5244,0.5264,0.5224,0.5232,6631
2024-10-08 16:00:00+00:00,0.5232,0.5269,0.5154,0.5246,10265
2024-10-08 20:00:00+00:00,0.5243,0.5302,0.5209,0.525,6657
2024-10-09 00:00:00+00:00,0.5243,0.5278,0.5235,0.526,3750
2024-10-09 04:00:00+00:00,0.526,0.5292,0.5256,0.5283,4290
2024-10-09 08:00:00+00:00,0.5283,0.529,0.5237,0.5243,4148
2024-10-09 12:00:00+00:00,0.5243,0.5289,0.5236,0.525,4327
2024-10-09 16:00:00+00:00,0.525,0.5281,0.5204,0.5266,6598
2024-10-09 20:00:00+00:00,0.5265,0.5283,0.5158,0.5176,6091
2024-10-10 00:00:00+00:00,0.5161,0.5215,0.5151,0.518,3898
2024-10-10 04:00:00+00:00,0.518,0.5235,0.5178,0.5221,3817
2024-10-10 08:00:00+00:00,0.5221,0.5228,0.5194,0.5211,3590
2024-10-10 12:00:00+00:00,0.5212,0.5325,0.5173,0.5322,6174
2024-10-10 16:00:00+00:00,0.5322,0.5392,0.5258,0.5311,14681
2024-10-10 20:00:00+00:00,0.5311,0.5328,0.5184,0.525,11793
2024-10-11 00:00:00+00:00,0.5238,0.5291,0.5216,0.5285,5095
2024-10-11 04:00:00+00:00,0.5285,0.531,0.5269,0.5278,7244
2024-10-11 08:00:00+00:00,0.5277,0.5356,0.5277,0.5325,6231
2024-10-11 12:00:00+00:00,0.5325,0.5354,0.5284,0.5313,6496
2024-10-11 16:00:00+00:00,0.5313,0.5334,0.529,0.5328,8702
2024-10-11 20:00:00+00:00,0.5329,0.5367,0.5328,0.5362,6751
2024-10-12 00:00:00+00:00,0.5358,0.5365,0.5323,0.5332,4604
2024-10-12 04:00:00+00:00,0.5331,0.5342,0.53,0.532,5518
2024-10-12 08:00:00+00:00,0.5321,0.5344,0.5316,0.5338,4278
2024-10-12 12:00:00+00:00,0.5338,0.5366,0.5325,0.5363,5091
2024-10-12 16:00:00+00:00,0.5363,0.538,0.5329,0.533,6121
2024-10-12 20:00:00+00:00,0.533,0.5348,0.5319,0.5331,5873
2024-10-13 00:00:00+00:00,0.5307,0.535,0.5307,0.5334,4708
2024-10-13 04:00:00+00:00,0.5335,0.5335,0.5303,0.5312,5235
2024-10-13 08:00:00+00:00,0.5312,0.5326,0.5282,0.5297,5126
2024-10-13 12:00:00+00:00,0.5297,0.5305,0.5256,0.5267,5278
2024-10-13 16:00:00+00:00,0.5267,0.5281,0.5201,0.5249,5058
2024-10-13 20:00:00+00:00,0.5249,0.5254,0.5198,0.5229,4271
2024-10-14 00:00:00+00:00,0.5216,0.5269,0.5216,0.5237,4649
2024-10-14 04:00:00+00:00,0.5236,0.5344,0.5229,0.5332,5677
2024-10-14 08:00:00+00:00,0.5332,0.534,0.5305,0.5323,6396
2024-10-14 12:00:00+00:00,0.5322,0.5363,0.5317,0.5335,5223
2024-10-14 16:00:00+00:00,0.5336,0.5468,0.5325,0.5412,8975
2024-10-14 20:00:00+00:00,0.5409,0.5436,0.5382,0.5417,5775
2024-10-15 00:00:00+00:00,0.541,0.5444,0.538,0.5428,6261
2024-10-15 04:00:00+00:00,0.5428,0.5503,0.5407,0.5425,7162
2024-10-15 08:00:00+00:00,0.5423,0.5425,0.5366,0.5402,6382
2024-10-15 12:00:00+00:00,0.5402,0.5417,0.5288,0.5352,8641
2024-10-15 16:00:00+00:00,0.5352,0.5438,0.5261,0.5375,15936
2024-10-15 20:00:00+00:00,0.5375,0.5405,0.5316,0.5326,8343
2024-10-16 00:00:00+00:00,0.5334,0.5367,0.5314,0.535,5635
2024-10-16 04:00:00+00:00,0.535,0.5397,0.5341,0.5355,5186
2024-10-16 08:00:00+00:00,0.5354,0.5386,0.5321,0.5355,6476
2024-10-16 12:00:00+00:00,0.5355,0.5406,0.5349,0.5395,7671
2024-10-16 16:00:00+00:00,0.5395,0.5473,0.5388,0.5441,9983
2024-10-16 20:00:00+00:00,0.5441,0.5488,0.5417,0.5455,5343
2024-10-17 00:00:00+00:00,0.543,0.5475,0.5419,0.543,4138
2024-10-17 04:00:00+00:00,0.543,0.5544,0.5403,0.554,6231
2024-10-17 08:00:00+00:00,0.554,0.5613,0.5456,0.5488,10099
2024-10-17 12:00:00+00:00,0.5488,0.5537,0.5454,0.5514,8279
2024-10-17 16:00:00+00:00,0.5514,0.5523,0.5418,0.5456,11617
2024-10-17 20:00:00+00:00,0.5456,0.5485,0.5362,0.5411,10735
2024-10-18 00:00:00+00:00,0.5391,0.5421,0.5341,0.5352,7773
2024-10-18 04:00:00+00:00,0.5351,0.5416,0.5349,0.5376,10673
2024-10-18 08:00:00+00:00,0.5376,0.5476,0.5368,0.5458,7752
2024-10-18 12:00:00+00:00,0.5458,0.5477,0.5379,0.5388,6798
2024-10-18 16:00:00+00:00,0.5387,0.5421,0.5373,0.5403,7490
2024-10-18 20:00:00+00:00,0.5403,0.5438,0.5389,0.5405,5379
2024-10-19 00:00:00+00:00,0.5407,0.5418,0.5391,0.5406,2041
2024-10-19 04:00:00+00:00,0.5405,0.5448,0.5405,0.5411,4850
2024-10-19 08:00:00+00:00,0.5411,0.5428,0.5405,0.5416,3134
2024-10-19 12:00:00+00:00,0.5416,0.5423,0.5377,0.5394,4807
2024-10-19 16:00:00+00:00,0.5395,0.5405,0.5352,0.5361,3133
2024-10-19 20:00:00+00:00,0.5361,0.5387,0.5356,0.538,3346
2024-10-20 00:00:00+00:00,0.5358,0.5398,0.5352,0.5387,2610
2024-10-20 04:00:00+00:00,0.5388,0.5388,0.5364,0.5375,1998
2024-10-20 08:00:00+00:00,0.5374,0.5383,0.5332,0.5339,4141
2024-10-20 12:00:00+00:00,0.5339,0.5365,0.5312,0.5334,3259
2024-10-20 16:00:00+00:00,0.5334,0.5397,0.532,0.5388,5862
2024-10-20 20:00:00+00:00,0.5387,0.5404,0.5363,0.5396,2395
2024-10-21 00:00:00+00:00,0.5382,0.5453,0.5378,0.5424,5396
2024-10-21 04:00:00+00:00,0.5424,0.5446,0.5398,0.5434,4926
2024-10-21 08:00:00+00:00,0.5434,0.5493,0.5416,0.5479,6881
2024-10-21 12:00:00+00:00,0.5479,0.5553,0.5437,0.5451,10507
2024-10-21 16:00:00+00:00,0.5452,0.5464,0.5356,0.5396,12018
2024-10-21 20:00:00+00:00,0.5396,0.5428,0.5387,0.5414,3826
2024-10-22 00:00:00+00:00,0.5418,0.5428,0.5335,0.5382,4595
2024-10-22 04:00:00+00:00,0.5382,0.5403,0.5367,0.5381,5171
2024-10-22 08:00:00+00:00,0.5381,0.5442,0.5346,0.535,6726
2024-10-22 12:00:00+00:00,0.5351,0.5354,0.525,0.5274,9502
2024-10-22 16:00:00+00:00,0.5274,0.5301,0.5232,0.5248,8090
2024-10-22 20:00:00+00:00,0.5249,0.5305,0.5247,0.528,3684
2024-10-23 00:00:00+00:00,0.525,0.531,0.5245,0.5262,4948
2024-10-23 04:00:00+00:00,0.526,0.5281,0.5241,0.526,5475
2024-10-23 08:00:00+00:00,0.526,0.5263,0.5174,0.5186,8457
2024-10-23 12:00:00+00:00,0.5186,0.5225,0.517,0.5202,10209
2024-10-23 16:00:00+00:00,0.5202,0.5234,0.5092,0.5117,10126
2024-10-23 20:00:00+00:00,0.5117,0.5187,0.5053,0.5186,12316
2024-10-24 00:00:00+00:00,0.5159,0.5239,0.5159,0.5235,4493
2024-10-24 04:00:00+00:00,0.5235,0.5256,0.5206,0.5253,4906
2024-10-24 08:00:00+00:00,0.5253,0.5277,0.5198,0.52,9846
2024-10-24 12:00:00+00:00,0.52,0.5243,0.5184,0.5242,7401
2024-10-24 16:00:00+00:00,0.5241,0.5259,0.5222,0.5245,5456
2024-10-24 20:00:00+00:00,0.5244,0.5274,0.5241,0.5268,3364
2024-10-25 00:00:00+00:00,0.5244,0.5283,0.5244,0.5252,3814
2024-10-25 04:00:00+00:00,0.5251,0.5264,0.5198,0.5208,6338
2024-10-25 08:00:00+00:00,0.5208,0.521,0.5144,0.5199,5808
2024-10-25 12:00:00+00:00,0.5199,0.5221,0.5189,0.5196,5310
2024-10-25 16:00:00+00:00,0.5195,0.5221,0.5142,0.5169,11445
2024-10-25 20:00:00+00:00,0.5169,0.518,0.5027,0.5094,10647
2024-10-26 00:00:00+00:00,0.5118,0.5129,0.4789,0.5011,10744
2024-10-26 04:00:00+00:00,0.5012,0.5082,0.4992,0.5081,8327
2024-10-26 08:00:00+00:00,0.5079,0.5095,0.5065,0.5081,2166
2024-10-26 12:00:00+00:00,0.5081,0.5094,0.5073,0.5085,2950
2024-10-26 16:00:00+00:00,0.5085,0.5086,0.5,0.5049,5646
2024-10-26 20:00:00+00:00,0.5049,0.5092,0.5043,0.5071,4847
2024-10-27 00:00:00+00:00,0.5052,0.5081,0.5036,0.5069,1995
2024-10-27 04:00:00+00:00,0.5069,0.511,0.5067,0.509,2243
2024-10-27 08:00:00+00:00,0.509,0.5099,0.5067,0.5073,2052
2024-10-27 12:00:00+00:00,0.5073,0.508,0.5049,0.5071,8145
2024-10-27 16:00:00+00:00,0.507,0.5121,0.507,0.511,4125
2024-10-27 20:00:00+00:00,0.511,0.5114,0.5075,0.5084,2824
2024-10-28 00:00:00+00:00,0.5078,0.5122,0.5058,0.5098,4196
2024-10-28 04:00:00+00:00,0.5098,0.5101,0.5065,0.5075,4559
2024-10-28 08:00:00+00:00,0.5075,0.5131,0.5057,0.5115,4871
2024-10-28 12:00:00+00:00,0.5115,0.5161,0.5106,0.5149,6041
2024-10-28 16:00:00+00:00,0.5149,0.5154,0.5078,0.5092,5336
2024-10-28 20:00:00+00:00,0.5092,0.514,0.5055,0.5129,7190
2024-10-29 00:00:00+00:00,0.5102,0.5159,0.5102,0.5152,5321
2024-10-29 04:00:00+00:00,0.5151,0.5209,0.5132,0.5187,6251
2024-10-29 08:00:00+00:00,0.5187,0.5227,0.5173,0.518,4055
2024-10-29 12:00:00+00:00,0.518,0.5215,0.5173,0.5189,6064
2024-10-29 16:00:00+00:00,0.519,0.5249,0.5181,0.5248,6378
2024-10-29 20:00:00+00:00,0.5248,0.5257,0.5161,0.5194,5784
2024-10-30 00:00:00+00:00,0.5171,0.5236,0.5171,0.5198,3063
2024-10-30 04:00:00+00:00,0.5198,0.5209,0.5171,0.5202,4508
2024-10-30 08:00:00+00:00,0.5202,0.5213,0.5162,0.5164,4573
2024-10-30 12:00:00+00:00,0.5164,0.5203,0.5136,0.5164,7675
2024-10-30 16:00:00+00:00,0.5163,0.5206,0.5139,0.5178,9426
2024-10-30 20:00:00+00:00,0.5177,0.52,0.5154,0.5194,4464
2024-10-31 00:00:00+00:00,0.5182,0.5202,0.5161,0.5166,2901
2024-10-31 04:00:00+00:00,0.5165,0.5176,0.5142,0.516,5829
2024-10-31 08:00:00+00:00,0.5161,0.5169,0.51,0.5126,10590
2024-10-31 12:00:00+00:00,0.5124,0.5157,0.5124,0.5138,3953
2024-10-31 16:00:00+00:00,0.5137,0.5144,0.5022,0.5049,8792
2024-10-31 20:00:00+00:00,0.5047,0.5051,0.4964,0.5025,8429
2024-11-01 00:00:00+00:00,0.503,0.5065,0.5019,0.5056,5587
2024-11-01 04:00:00+00:00,0.5055,0.5157,0.4966,0.5107,9362
2024-11-01 08:00:00+00:00,0.5107,0.5139,0.5038,0.5138,7959
2024-11-01 12:00:00+00:00,0.5138,0.5186,0.5117,0.5134,8034
2024-11-01 16:00:00+00:00,0.5134,0.5184,0.5061,0.5153,9525
2024-11-01 20:00:00+00:00,0.5153,0.5154,0.5066,0.5099,7277
2024-11-02 00:00:00+00:00,0.5033,0.5101,0.5018,0.5098,4929
2024-11-02 04:00:00+00:00,0.5098,0.5106,0.5073,0.5076,1614
2024-11-02 08:00:00+00:00,0.5076,0.5087,0.5058,0.5062,2309
2024-11-02 12:00:00+00:00,0.5062,0.5078,0.5037,0.5043,5392
2024-11-02 16:00:00+00:00,0.5043,0.5065,0.501,0.5063,4499
2024-11-02 20:00:00+00:00,0.5063,0.5063,0.5025,0.5039,7711
2024-11-03 00:00:00+00:00,0.5009,0.5059,0.5008,0.5047,2572
2024-11-03 04:00:00+00:00,0.5046,0.5048,0.4924,0.4996,9324
2024-11-03 08:00:00+00:00,0.4995,0.502,0.4961,0.4965,4198
2024-11-03 12:00:00+00:00,0.4965,0.4989,0.489,0.49,2748
2024-11-03 16:00:00+00:00,0.4901,0.4957,0.4863,0.4947,12551
2024-11-03 20:00:00+00:00,0.4948,0.4993,0.4878,0.4978,4531
2024-11-04 00:00:00+00:00,0.4973,0.5023,0.4949,0.501,6246
2024-11-04 04:00:00+00:00,0.501,0.5032,0.4984,0.4988,5217
2024-11-04 08:00:00+00:00,0.4988,0.5052,0.4985,0.5051,4516
2024-11-04 12:00:00+00:00,0.505,0.5091,0.504,0.5047,5556
2024-11-04 16:00:00+00:00,0.5047,0.5085,0.5011,0.5046,5984
2024-11-04 20:00:00+00:00,0.5042,0.5054,0.4903,0.4916,7037
2024-11-05 00:00:00+00:00,0.4943,0.5005,0.4921,0.5003,5180
2024-11-05 04:00:00+00:00,0.5004,0.5042,0.4983,0.5035,4810
2024-11-05 08:00:00+00:00,0.5035,0.5136,0.5029,0.5056,8658
2024-11-05 12:00:00+00:00,0.5056,0.507,0.5002,0.5016,3579
2024-11-05 16:00:00+00:00,0.5016,0.5094,0.5013,0.5075,9760
2024-11-05 20:00:00+00:00,0.5075,0.5092,0.5013,0.5058,4558
2024-11-06 00:00:00+00:00,0.505,0.5173,0.5043,0.5149,7453
2024-11-06 04:00:00+00:00,0.5148,0.5332,0.5139,0.5278,14534
2024-11-06 08:00:00+00:00,0.5279,0.5377,0.5213,0.5288,16870
2024-11-06 12:00:00+00:00,0.5288,0.5312,0.5246,0.5272,7518
2024-11-06 16:00:00+00:00,0.5272,0.529,0.5221,0.5272,8307
2024-11-06 20:00:00+00:00,0.527,0.5398,0.527,0.5392,6557
2024-11-07 00:00:00+00:00,0.5369,0.5422,0.5327,0.5407,6676
2024-11-07 04:00:00+00:00,0.5406,0.5733,0.5399,0.5535,10986
2024-11-07 08:00:00+00:00,0.5535,0.5558,0.5451,0.5465,9105
2024-11-07 12:00:00+00:00,0.5465,0.5467,0.5384,0.5386,5585
2024-11-07 16:00:00+00:00,0.5386,0.5496,0.5357,0.5494,5730
2024-11-07 20:00:00+00:00,0.5494,0.5532,0.5464,0.5499,5409
2024-11-08 00:00:00+00:00,0.5485,0.5551,0.5455,0.5498,5307
2024-11-08 04:00:00+00:00,0.5498,0.55,0.5428,0.5458,3943
2024-11-08 08:00:00+00:00,0.5459,0.5465,0.5413,0.5452,3766
2024-11-08 12:00:00+00:00,0.5451,0.5483,0.5431,0.5483,3618
2024-11-08 16:00:00+00:00,0.5483,0.553,0.5366,0.5423,8104
2024-11-08 20:00:00+00:00,0.5423,0.5484,0.5408,0.5463,4935
2024-11-09 00:00:00+00:00,0.5489,0.5494,0.543,0.5434,4289
2024-11-09 04:00:00+00:00,0.5434,0.5468,0.5401,0.5462,7642
2024-11-09 08:00:00+00:00,0.5461,0.5517,0.5456,0.5474,7382
2024-11-09 12:00:00+00:00,0.5473,0.5485,0.5422,0.5438,5173
2024-11-09 16:00:00+00:00,0.5438,0.5444,0.5387,0.5442,6567
2024-11-09 20:00:00+00:00,0.5442,0.5484,0.5436,0.5475,3822
2024-11-10 00:00:00+00:00,0.5461,0.5679,0.5461,0.5671,8147
2024-11-10 04:00:00+00:00,0.5671,0.5864,0.5635,0.5796,11477
2024-11-10 08:00:00+00:00,0.5796,0.5831,0.5726,0.5801,7986
2024-11-10 12:00:00+00:00,0.5801,0.6137,0.577,0.6057,14519
2024-11-10 16:00:00+00:00,0.6058,0.6088,0.5893,0.6012,12743
2024-11-10 20:00:00+00:00,0.6012,0.6113,0.557,0.5817,19316
2024-11-11 00:00:00+00:00,0.5797,0.5912,0.5788,0.5869,12602
2024-11-11 04:00:00+00:00,0.5869,0.5936,0.5655,0.5697,18514
2024-11-11 08:00:00+00:00,0.5697,0.5787,0.5664,0.5783,10204
2024-11-11 12:00:00+00:00,0.5782,0.5837,0.5724,0.5745,9637
2024-11-11 16:00:00+00:00,0.5745,0.5911,0.571,0.5879,12520
2024-11-11 20:00:00+00:00,0.5879,0.6282,0.5831,0.609,16260
2024-11-12 00:00:00+00:00,0.6108,0.6178,0.5922,0.5972,17813
2024-11-12 04:00:00+00:00,0.5971,0.6055,0.5916,0.5962,12628
2024-11-12 08:00:00+00:00,0.5962,0.6936,0.5949,0.6422,24525
2024-11-12 12:00:00+00:00,0.6422,0.6603,0.6002,0.6359,43127
2024-11-12 16:00:00+00:00,0.6359,0.6977,0.6321,0.6737,40283
2024-11-12 20:00:00+00:00,0.6738,0.7345,0.6722,0.7162,33556
2024-11-13 00:00:00+00:00,0.716,0.7352,0.6805,0.6939,34069
2024-11-13 04:00:00+00:00,0.6939,0.699,0.6396,0.6421,29594
2024-11-13 08:00:00+00:00,0.6422,0.6691,0.6356,0.6542,25508
2024-11-13 12:00:00+00:00,0.6542,0.71,0.6486,0.6956,25850
2024-11-13 16:00:00+00:00,0.6956,0.7426,0.6875,0.7064,35474
2024-11-13 20:00:00+00:00,0.7065,0.7149,0.663,0.6776,28118
2024-11-14 00:00:00+00:00,0.6798,0.7001,0.6726,0.6988,19036
2024-11-14 04:00:00+00:00,0.6987,0.6996,0.6846,0.6918,15610
2024-11-14 08:00:00+00:00,0.6918,0.7092,0.6776,0.7056,18838
2024-11-14 12:00:00+00:00,0.7053,0.7346,0.693,0.7214,27576
2024-11-14 16:00:00+00:00,0.7214,0.7665,0.6959,0.7609,37079
2024-11-14 20:00:00+00:00,0.7609,0.834,0.749,0.8164,43182
2024-11-15 00:00:00+00:00,0.8131,0.8418,0.7501,0.8165,44350
2024-11-15 04:00:00+00:00,0.8165,0.8344,0.7862,0.8017,36169
2024-11-15 08:00:00+00:00,0.8017,0.8119,0.7671,0.8069,29952
2024-11-15 12:00:00+00:00,0.8069,0.8788,0.8048,0.8722,35580
2024-11-15 16:00:00+00:00,0.8722,0.9095,0.8521,0.8644,47078
2024-11-15 20:00:00+00:00,0.8644,0.9198,0.8571,0.9172,35485
2024-11-16 00:00:00+00:00,0.8929,0.9035,0.8718,0.879,19830
2024-11-16 04:00:00+00:00,0.879,0.9782,0.8777,0.9772,30735
2024-11-16 08:00:00+00:00,0.9772,1.0505,0.9394,1.047,39439
2024-11-16 12:00:00+00:00,1.047,1.1269,1.0075,1.11,47479
2024-11-16 16:00:00+00:00,1.1105,1.2615,1.0571,1.1199,48260
2024-11-16 20:00:00+00:00,1.1198,1.2006000000000001,1.1135,1.1327,47113
2024-11-17 00:00:00+00:00,1.1218,1.155,1.0519,1.0704,44421
2024-11-17 04:00:00+00:00,1.0698,1.0757,0.9952,0.9989,43797
2024-11-17 08:00:00+00:00,0.9989,1.0954,0.9973,1.0658,43434
2024-11-17 12:00:00+00:00,1.0658,1.1409,1.0289,1.1204,43174
2024-11-17 16:00:00+00:00,1.1202,1.1236,1.0566,1.0639,41328
2024-11-17 20:00:00+00:00,1.0639,1.0706,1.0245,1.0504,30348
2024-11-18 00:00:00+00:00,1.0299,1.1341,1.0296,1.1196,40427
2024-11-18 04:00:00+00:00,1.1192,1.181,1.093,1.1548,45231
2024-11-18 08:00:00+00:00,1.1549,1.1809,1.1115,1.1208,38828
2024-11-18 12:00:00+00:00,1.1212,1.1459,1.0977999999999999,1.1218,40739
2024-11-18 16:00:00+00:00,1.1218,1.1706,1.1106,1.1218,36770
2024-11-18 20:00:00+00:00,1.1219999999999999,1.1352,1.0695000000000001,1.1139000000000001,33507
2024-11-19 00:00:00+00:00,1.1147,1.1429,1.1051,1.1292,29136
2024-11-19 04:00:00+00:00,1.1292,1.1359,1.0956,1.1055,27281
2024-11-19 08:00:00+00:00,1.1055,1.1144,1.0775,1.0875,23291
2024-11-19 12:00:00+00:00,1.0874,1.1182,1.0711,1.0719,26051
2024-11-19 16:00:00+00:00,1.0717,1.0979,1.0629,1.0906,25324
2024-11-19 20:00:00+00:00,1.0907,1.1122,1.0679,1.0773,28681
2024-11-20 00:00:00+00:00,1.0767,1.1101,1.0653,1.0973,25543
2024-11-20 04:00:00+00:00,1.0972,1.105,1.0514000000000001,1.0795,24093
2024-11-20 08:00:00+00:00,1.0796000000000001,1.1095,1.0715,1.0939,20300
2024-11-20 12:00:00+00:00,1.0939,1.1452,1.0902,1.1195,31803
2024-11-20 16:00:00+00:00,1.1196,1.1425,1.0759,1.076,33348
2024-11-20 20:00:00+00:00,1.076,1.1031,1.0604,1.0998,26966
2024-11-21 00:00:00+00:00,1.1048,1.1258,1.0928,1.1154,21878
2024-11-21 04:00:00+00:00,1.1154,1.1264,1.0734,1.1026,29044
2024-11-21 08:00:00+00:00,1.1026,1.1302,1.0937999999999999,1.1129,22295
2024-11-21 12:00:00+00:00,1.1129,1.1521,1.1016,1.1219,27523
2024-11-21 16:00:00+00:00,1.1219,1.1362,1.091,1.1347,30549
2024-11-21 20:00:00+00:00,1.1348,1.2337,1.1188,1.1894,41895
2024-11-22 00:00:00+00:00,1.1884000000000001,1.3703,1.1884000000000001,1.3467,42170
2024-11-22 04:00:00+00:00,1.3467,1.4268,1.3357999999999999,1.3980000000000001,50256
2024-11-22 08:00:00+00:00,1.3980000000000001,1.4166,1.3572,1.3825,38647
2024-11-22 12:00:00+00:00,1.3826,1.4946,1.3522,1.4155,53408
2024-11-22 16:00:00+00:00,1.4155,1.4865,1.397,1.4469,53519
2024-11-22 20:00:00+00:00,1.4469,1.4605000000000001,1.3982,1.4432,40566
2024-11-23 00:00:00+00:00,1.4698,1.6267,1.4435,1.5865,34408
2024-11-23 04:00:00+00:00,1.5865,1.5967,1.4861,1.5375999999999999,42257
2024-11-23 08:00:00+00:00,1.5375999999999999,1.5735999999999999,1.5278,1.5323,35474
2024-11-23 12:00:00+00:00,1.5324,1.5594000000000001,1.51,1.5411000000000001,31271
2024-11-23 16:00:00+00:00,1.5412,1.5918999999999999,1.418,1.4955,46752
2024-11-23 20:00:00+00:00,1.4955,1.5011999999999999,1.4168,1.4905,40789
2024-11-24 00:00:00+00:00,1.4843,1.4868999999999999,1.4361,1.4729,37514
2024-11-24 04:00:00+00:00,1.4731,1.5081,1.4323000000000001,1.4483,33787
2024-11-24 08:00:00+00:00,1.4482,1.4714,1.4236,1.4376,31078
2024-11-24 12:00:00+00:00,1.4376,1.4526,1.2623,1.3681,42190
2024-11-24 16:00:00+00:00,1.3681,1.3694,1.292,1.3331,46997
2024-11-24 20:00:00+00:00,1.3331,1.4374,1.3283,1.4354,43836
2024-11-25 00:00:00+00:00,1.4329,1.4557,1.3503,1.3745,41353
2024-11-25 04:00:00+00:00,1.3744,1.4717,1.3735,1.4551,35067
2024-11-25 08:00:00+00:00,1.4551,1.5339,1.4424000000000001,1.5042,41238
2024-11-25 12:00:00+00:00,1.5041,1.5069,1.4181,1.4237,38226
2024-11-25 16:00:00+00:00,1.4238,1.5169000000000001,1.3653,1.4451,48270
2024-11-25 20:00:00+00:00,1.4451,1.4808,1.4082,1.4224,46947
2024-11-26 00:00:00+00:00,1.405,1.4445000000000001,1.3716,1.4434,33572
2024-11-26 04:00:00+00:00,1.4433,1.4541,1.4274,1.445,30893
2024-11-26 08:00:00+00:00,1.4456,1.45,1.3489,1.3681,38107
2024-11-26 12:00:00+00:00,1.3682,1.3791,1.2769,1.3446,49354
2024-11-26 16:00:00+00:00,1.3444,1.3908,1.3317,1.3748,45081
2024-11-26 20:00:00+00:00,1.3748,1.422,1.3289,1.397,40665
2024-11-27 00:00:00+00:00,1.3982999999999999,1.4136,1.3566,1.3907,29776
2024-11-27 04:00:00+00:00,1.3907,1.3951,1.346,1.3586,30836
2024-11-27 08:00:00+00:00,1.3587,1.4605000000000001,1.3585,1.4487,37051
2024-11-27 12:00:00+00:00,1.4487,1.4557,1.4046,1.437,42382
2024-11-27 16:00:00+00:00,1.4373,1.5021,1.4263,1.4826,44369
2024-11-27 20:00:00+00:00,1.4827,1.5171999999999999,1.4704,1.4888,32973
2024-11-28 00:00:00+00:00,1.4887000000000001,1.4907,1.4445000000000001,1.4711,29861
2024-11-28 04:00:00+00:00,1.4711,1.4803,1.4367,1.4725,27426
2024-11-28 08:00:00+00:00,1.4725,1.4873,1.442,1.4444,26543
2024-11-28 12:00:00+00:00,1.4445000000000001,1.4698,1.4331,1.4603,29816
2024-11-28 16:00:00+00:00,1.4602,1.4777,1.4254,1.4615,33251
2024-11-28 20:00:00+00:00,1.4615,1.4848,1.4598,1.4830999999999999,22527
2024-11-29 00:00:00+00:00,1.4773,1.5704,1.4769999999999999,1.552,36203
2024-11-29 04:00:00+00:00,1.552,1.5739,1.5341,1.5596999999999999,29432
2024-11-29 08:00:00+00:00,1.5596999999999999,1.6408,1.5588,1.6263,42695
2024-11-29 12:00:00+00:00,1.6263,1.6983000000000001,1.6242999999999999,1.6804999999999999,45643
2024-11-29 16:00:00+00:00,1.6804999999999999,1.7702,1.6702,1.6993,47622
2024-11-29 20:00:00+00:00,1.6993,1.7718,1.6717,1.7589000000000001,35792
2024-11-30 00:00:00+00:00,1.7490999999999999,1.8611,1.7418,1.8307,41561
2024-11-30 04:00:00+00:00,1.8307,1.9017,1.7707000000000002,1.8761,47804
2024-11-30 08:00:00+00:00,1.876,1.9443000000000001,1.8662999999999998,1.8899,50650
2024-11-30 12:00:00+00:00,1.8899,1.9056,1.8147,1.8265,45940
2024-11-30 16:00:00+00:00,1.8265,1.9034,1.8251,1.8942,43933
2024-11-30 20:00:00+00:00,1.8942999999999999,1.9340000000000002,1.8616000000000001,1.9156,41111
2024-12-01 00:00:00+00:00,1.9302000000000001,1.9539,1.857,1.8942,46056
2024-12-01 04:00:00+00:00,1.8942,1.8974,1.8444,1.8542999999999998,43117
2024-12-01 08:00:00+00:00,1.8542999999999998,1.9449,1.8532,1.9181,32320
2024-12-01 12:00:00+00:00,1.9177,1.9352,1.8878,1.8963999999999999,37558
2024-12-01 16:00:00+00:00,1.8965,1.9266999999999999,1.877,1.9245999999999999,41682
2024-12-01 20:00:00+00:00,1.9245,2.199,1.4909,2.163,57579
2024-12-02 00:00:00+00:00,2.1576,2.4955,2.1342,2.4001,59138
2024-12-02 04:00:00+00:00,2.4001,2.4789,2.2856,2.4555,63308
2024-12-02 08:00:00+00:00,2.4559,2.4579,2.1955999999999998,2.3456,60271
2024-12-02 12:00:00+00:00,2.3456,2.4523,2.2177,2.4225,66465
2024-12-02 16:00:00+00:00,2.4225,2.8658,2.3971,2.6159,71224
2024-12-02 20:00:00+00:00,2.617,2.7935,2.6131,2.7095000000000002,66769
2024-12-03 00:00:00+00:00,2.7231,2.7854,2.6422,2.6784,58483
2024-12-03 04:00:00+00:00,2.6784,2.7769,2.6581,2.7419000000000002,54502
2024-12-03 08:00:00+00:00,2.7425,2.747,2.5071,2.6105,61221
2024-12-03 12:00:00+00:00,2.6104000000000003,2.9006,2.2909,2.4278,62487
2024-12-03 16:00:00+00:00,2.4276,2.6021,2.2759,2.5678,74701
2024-12-03 20:00:00+00:00,2.5678,2.6841,2.4877000000000002,2.6227,62318
2024-12-04 00:00:00+00:00,2.596,2.6372999999999998,2.145,2.5614,54524
2024-12-04 04:00:00+00:00,2.5614,2.6276,2.2838,2.6117,50051
2024-12-04 08:00:00+00:00,2.6114,2.6751,2.5871,2.6328,54292
2024-12-04 12:00:00+00:00,2.6328,2.6571,2.5216,2.5593,57082
2024-12-04 16:00:00+00:00,2.5605,2.6212,2.312,2.3941,64439
2024-12-04 20:00:00+00:00,2.3943,2.4684,2.2768,2.3913,59625
2024-12-05 00:00:00+00:00,2.4114,2.4391,2.167,2.229,57234
2024-12-05 04:00:00+00:00,2.2291,2.3834,2.2228,2.2906,61459
2024-12-05 08:00:00+00:00,2.2906,2.4899,2.2717,2.3987,56941
2024-12-05 12:00:00+00:00,2.3986,2.4137,2.3465,2.3667,49832
2024-12-05 16:00:00+00:00,2.3667,2.4356,2.3032,2.415,57248
2024-12-05 20:00:00+00:00,2.4147,2.4215,2.2747,2.3242,53394
2024-12-06 00:00:00+00:00,2.3274,2.3339,2.2023,2.3178,47987
2024-12-06 04:00:00+00:00,2.3178,2.3906,2.285,2.3590999999999998,41128
2024-12-06 08:00:00+00:00,2.3592,2.3606,2.2565,2.275,39035
2024-12-06 12:00:00+00:00,2.2749,2.315,2.238,2.298,47552
2024-12-06 16:00:00+00:00,2.2979,2.4098,2.2763999999999998,2.3518,51487
2024-12-06 20:00:00+00:00,2.3519,2.4059,2.3298,2.3629,36864
2024-12-07 00:00:00+00:00,2.428,2.4969,2.3754,2.4575,41753
2024-12-07 04:00:00+00:00,2.4575,2.4722,2.3993,2.4218,39500
2024-12-07 08:00:00+00:00,2.422,2.4461,2.3818,2.4305,43561
2024-12-07 12:00:00+00:00,2.43,2.472,2.4023,2.448,37995
2024-12-07 16:00:00+00:00,2.448,2.566,2.4427,2.483,45813
2024-12-07 20:00:00+00:00,2.4824,2.5675,2.4659,2.5277,40707
2024-12-08 00:00:00+00:00,2.5202,2.6154,2.5000999999999998,2.5803000000000003,37108
2024-12-08 04:00:00+00:00,2.5803000000000003,2.6026,2.5282,2.5423999999999998,39292
2024-12-08 08:00:00+00:00,2.5423999999999998,2.5694,2.4812,2.4959,41942
2024-12-08 12:00:00+00:00,2.4959,2.564,2.4958,2.5592,33596
2024-12-08 16:00:00+00:00,2.5592,2.6038,2.5071,2.5953,38128
2024-12-08 20:00:00+00:00,2.5953,2.6424,2.5513,2.5669,38291
2024-12-09 00:00:00+00:00,2.5775,2.6172,2.4398,2.4981999999999998,39504
2024-12-09 04:00:00+00:00,2.4981999999999998,2.5093,2.4245,2.4867,45742
2024-12-09 08:00:00+00:00,2.4867,2.4868,2.346,2.3835,61012
2024-12-09 12:00:00+00:00,2.3835,2.4425,2.331,2.4219,52043
2024-12-09 16:00:00+00:00,2.4228,2.4596999999999998,2.3668,2.3802,52884
2024-12-09 20:00:00+00:00,2.3804,2.4344,1.9826000000000001,2.2469,52833
2024-12-10 00:00:00+00:00,2.2286,2.2732,2.0411,2.2500999999999998,54176
2024-12-10 04:00:00+00:00,2.2500999999999998,2.2502,2.0352,2.1595,57985
2024-12-10 08:00:00+00:00,2.1595,2.2452,2.1405,2.2167,52016
2024-12-10 12:00:00+00:00,2.2166,2.252,2.1119,2.154,50499
2024-12-10 16:00:00+00:00,2.1538,2.2118,1.9222000000000001,1.9243999999999999,59625
2024-12-10 20:00:00+00:00,1.9243999999999999,2.413,1.8916,2.328,66662
2024-12-11 00:00:00+00:00,2.3148,2.4034,2.2249,2.2325,56003
2024-12-11 04:00:00+00:00,2.2325,2.3454,2.2302,2.3239,54765
2024-12-11 08:00:00+00:00,2.324,2.3553,2.2801,2.348,48738
2024-12-11 12:00:00+00:00,2.3481,2.3931,2.3223,2.3757,45905
2024-12-11 16:00:00+00:00,2.376,2.4662,2.3477,2.3826,52088
2024-12-11 20:00:00+00:00,2.3826,2.4391,2.3768000000000002,2.4255,37964
2024-12-12 00:00:00+00:00,2.4237,2.4401,2.3467000000000002,2.3571,36644
2024-12-12 04:00:00+00:00,2.3571,2.4795,2.3554,2.4328,42182
2024-12-12 08:00:00+00:00,2.4329,2.4482,2.4118,2.4148,47592
2024-12-12 12:00:00+00:00,2.4148,2.4475,2.3754,2.4059,40003
2024-12-12 16:00:00+00:00,2.4059,2.4403,2.3897,2.4088,46141
2024-12-12 20:00:00+00:00,2.4087,2.4299,2.3319,2.3609,44155
2024-12-13 00:00:00+00:00,2.3392,2.3632,2.2987,2.3345000000000002,39044
2024-12-13 04:00:00+00:00,2.3346,2.3539,2.3163,2.3351,40602
2024-12-13 08:00:00+00:00,2.3348,2.3449999999999998,2.2794,2.3149,39390
2024-12-13 12:00:00+00:00,2.3149,2.392,2.2937,2.3903,44279
2024-12-13 16:00:00+00:00,2.3901,2.4734,2.3778,2.4255,54563
2024-12-13 20:00:00+00:00,2.4255,2.4378,2.3947,2.4266,27332
2024-12-14 00:00:00+00:00,2.4177,2.4471,2.3922,2.4257,20023
2024-12-14 04:00:00+00:00,2.4255,2.5253,2.4196,2.5099,31691
2024-12-14 08:00:00+00:00,2.5092,2.5102,2.4457,2.4587,34161
2024-12-14 12:00:00+00:00,2.4586,2.4609,2.359,2.3794,45672
2024-12-14 16:00:00+00:00,2.3794,2.4139,2.3682,2.379,32394
2024-12-14 20:00:00+00:00,2.3791,2.3971999999999998,2.3486000000000002,2.3765,32484
2024-12-15 00:00:00+00:00,2.3726,2.4166,2.3726,2.416,36992
2024-12-15 04:00:00+00:00,2.416,2.4382,2.4007,2.4288,40040
2024-12-15 08:00:00+00:00,2.4287,2.4433,2.3816,2.4164,30845
2024-12-15 12:00:00+00:00,2.4164,2.4294000000000002,2.3846,2.4017,28612
2024-12-15 16:00:00+00:00,2.4017,2.4341,2.3985,2.4255,35368
2024-12-15 20:00:00+00:00,2.4255,2.4264,2.3631,2.3655,29113
2024-12-16 00:00:00+00:00,2.3614,2.4673,2.3614,2.4369,32141
2024-12-16 04:00:00+00:00,2.4369,2.4377,2.3837,2.404,36046
2024-12-16 08:00:00+00:00,2.404,2.4124,2.3771,2.3854,26010
2024-12-16 12:00:00+00:00,2.3856,2.3889,2.3259,2.3673,31608
2024-12-16 16:00:00+00:00,2.3673,2.5811,2.359,2.5080999999999998,52125
2024-12-16 20:00:00+00:00,2.5083,2.5084999999999997,2.4341,2.4878,43300
2024-12-17 00:00:00+00:00,2.4906,2.5234,2.434,2.4687,38068
2024-12-17 04:00:00+00:00,2.4687,2.5023,2.4552,2.5023,27123
2024-12-17 08:00:00+00:00,2.5023,2.5921,2.4914,2.5817,40023
2024-12-17 12:00:00+00:00,2.5817,2.7197,2.5754,2.6475999999999997,52121
2024-12-17 16:00:00+00:00,2.6471,2.6726,2.5426,2.629,54189
2024-12-17 20:00:00+00:00,2.6289,2.6525,2.5699,2.6078,38454
2024-12-18 00:00:00+00:00,2.6045,2.6175,2.5134,2.5332,40120
2024-12-18 04:00:00+00:00,2.5332,2.5756,2.4627,2.4965,56675
2024-12-18 08:00:00+00:00,2.4965,2.536,2.4717000000000002,2.5211,41361
2024-12-18 12:00:00+00:00,2.521,2.5859,2.5048,2.5278,42589
2024-12-18 16:00:00+00:00,2.5278,2.5465999999999998,2.4136,2.4635,55545
2024-12-18 20:00:00+00:00,2.464,2.5095,2.2335,2.3567,58611
2024-12-19 00:00:00+00:00,2.3378,2.3683,2.2546,2.2689,49473
2024-12-19 04:00:00+00:00,2.2693,2.3656,2.1628,2.3545,50714
2024-12-19 08:00:00+00:00,2.3545,2.38,2.3294,2.377,48103
2024-12-19 12:00:00+00:00,2.3771,2.4253,2.3467000000000002,2.3636,39880
2024-12-19 16:00:00+00:00,2.3636,2.3993,2.1862,2.2379,55019
2024-12-19 20:00:00+00:00,2.2379,2.2999,2.1512000000000002,2.2500999999999998,52492
2024-12-20 00:00:00+00:00,2.2661,2.3122,2.2148,2.2689,38899
2024-12-20 04:00:00+00:00,2.269,2.3473,2.2641999999999998,2.27,48617
2024-12-20 08:00:00+00:00,2.269,2.3217,2.1161,2.12,51623
2024-12-20 12:00:00+00:00,2.1202,2.194,1.9489999999999998,2.1707,65492
2024-12-20 16:00:00+00:00,2.1704,2.2592,2.1283,2.2546,60744
2024-12-20 20:00:00+00:00,2.2553,2.3061,2.1973,2.2371,45188
2024-12-21 00:00:00+00:00,2.2678,2.2878,2.2437,2.2742,38217
2024-12-21 04:00:00+00:00,2.2742,2.3448,2.2516,2.3446,50777
2024-12-21 08:00:00+00:00,2.3446,2.3803,2.2842000000000002,2.31,46811
2024-12-21 12:00:00+00:00,2.3106,2.3326000000000002,2.1845,2.235,53107
2024-12-21 16:00:00+00:00,2.235,2.261,2.2128,2.2500999999999998,62250
2024-12-21 20:00:00+00:00,2.2500999999999998,2.2572,2.1918,2.2245,45739
2024-12-22 00:00:00+00:00,2.209,2.252,2.199,2.2348,44995
2024-12-22 04:00:00+00:00,2.2348,2.2431,2.1689,2.2001,42705
2024-12-22 08:00:00+00:00,2.2007,2.2876,2.1955,2.2615,33337
2024-12-22 12:00:00+00:00,2.2614,2.2845,2.238,2.2558,31807
2024-12-22 16:00:00+00:00,2.2558,2.2613,2.1885,2.233,45866
2024-12-22 20:00:00+00:00,2.233,2.254,2.1509,2.1988,47494
2024-12-23 00:00:00+00:00,2.1821,2.2198,2.1282,2.1443,46256
2024-12-23 04:00:00+00:00,2.144,2.2272,2.1229,2.1898,47944
2024-12-23 08:00:00+00:00,2.1899,2.2179,2.1482,2.2009,56876
2024-12-23 12:00:00+00:00,2.2013,2.2167,2.1614,2.1715,42408
2024-12-23 16:00:00+00:00,2.1716,2.1972,2.1236,2.1576,65363
2024-12-23 20:00:00+00:00,2.1571,2.2709,2.1441,2.2195,57475
2024-12-24 00:00:00+00:00,2.2185,2.2573,2.2067,2.2239,41220
2024-12-24 04:00:00+00:00,2.2239,2.258,2.204,2.2483,42654
2024-12-24 08:00:00+00:00,2.2483,2.2514,2.2191,2.2284,48283
2024-12-24 12:00:00+00:00,2.2284,2.3162,2.2134,2.3145,48428
2024-12-24 16:00:00+00:00,2.3156,2.3406000000000002,2.2865,2.3372,53170
2024-12-24 20:00:00+00:00,2.3367,2.3442,2.2708,2.3197,42673
2024-12-25 00:00:00+00:00,2.3218,2.3327999999999998,2.2913,2.2957,28540
2024-12-25 04:00:00+00:00,2.2957,2.3022,2.276,2.2958,27123
2024-12-25 08:00:00+00:00,2.2958,2.3081,2.2727,2.2886,33855
2024-12-25 12:00:00+00:00,2.2888,2.3258,2.2549,2.2751,40632
2024-12-25 16:00:00+00:00,2.2751,2.2931,2.2546,2.2784,35605
2024-12-25 20:00:00+00:00,2.2784,2.31,2.2746,2.2937,31485
2024-12-26 00:00:00+00:00,2.2829,2.3093,2.263,2.2702,34967
2024-12-26 04:00:00+00:00,2.2704,2.2799,2.2296,2.2474,34074
2024-12-26 08:00:00+00:00,2.2474,2.2497,2.1523,2.1753,35652
2024-12-26 12:00:00+00:00,2.1753,2.1974,2.1428,2.1648,45814
2024-12-26 16:00:00+00:00,2.1648,2.1816,2.1202,2.1444,48053
2024-12-26 20:00:00+00:00,2.1444,2.1628,2.1217,2.1545,47756
2024-12-27 00:00:00+00:00,2.1571,2.1734,2.1249,2.1599,36554
2024-12-27 04:00:00+00:00,2.1601,2.1826,2.1408,2.1597,27882
2024-12-27 08:00:00+00:00,2.1597,2.2298999999999998,2.1205,2.2071,33642
2024-12-27 12:00:00+00:00,2.2071,2.2112,2.1693,2.1794000000000002,33145
2024-12-27 16:00:00+00:00,2.1793,2.1814,2.1054,2.1574,49091
2024-12-27 20:00:00+00:00,2.1579,2.1727,2.1352,2.1356,25659
2024-12-28 00:00:00+00:00,2.1394,2.1475,2.124,2.1395,20381
2024-12-28 04:00:00+00:00,2.1396,2.1631,2.1301,2.1559,21676
2024-12-28 08:00:00+00:00,2.1559,2.1673,2.1445,2.1573,16242
2024-12-28 12:00:00+00:00,2.1573,2.1633,2.148,2.1591,23784
2024-12-28 16:00:00+00:00,2.1593,2.1951,2.1563,2.1854,36538
2024-12-28 20:00:00+00:00,2.1854,2.1911,2.1737,2.1908,21957
2024-12-29 00:00:00+00:00,2.1888,2.1982,2.1606,2.1641,20316
2024-12-29 04:00:00+00:00,2.1641,2.1808,2.1627,2.1749,12049
2024-12-29 08:00:00+00:00,2.1749,2.1889,2.1672,2.1773,13045
2024-12-29 12:00:00+00:00,2.1771,2.1819,2.1593,2.1666,20275
2024-12-29 16:00:00+00:00,2.1666,2.1775,2.1295,2.1384,27742
2024-12-29 20:00:00+00:00,2.1384,2.1416,2.0955,2.1045,21770
2024-12-30 00:00:00+00:00,2.0954,2.143,2.0608,2.1161,48699
2024-12-30 04:00:00+00:00,2.1161,2.1218,2.0412,2.0553,35424
2024-12-30 08:00:00+00:00,2.0552,2.0906,2.0369,2.0665,35059
2024-12-30 12:00:00+00:00,2.0665,2.0872,2.0105,2.0124,34445
2024-12-30 16:00:00+00:00,2.0124,2.0821,1.9846,2.0714,49705
2024-12-30 20:00:00+00:00,2.0714,2.1332,2.036,2.0509,40899
2024-12-31 00:00:00+00:00,2.0374,2.067,2.0118,2.0271,25858
2024-12-31 04:00:00+00:00,2.0271,2.0372,2.004,2.0135,26167
2024-12-31 08:00:00+00:00,2.0135,2.0925,2.0084,2.0619,27386
2024-12-31 12:00:00+00:00,2.0619,2.1377,2.0462,2.1168,30529
2024-12-31 16:00:00+00:00,2.1167,2.1407,2.0515,2.0776,42655
2024-12-31 20:00:00+00:00,2.0778,2.0955,2.07,2.0895,25689
2025-01-01 00:00:00+00:00,2.0881,2.1022,2.0589,2.083,30362
2025-01-01 04:00:00+00:00,2.083,2.1394,2.0821,2.1250999999999998,40792
2025-01-01 08:00:00+00:00,2.1250999999999998,2.1376,2.0784,2.0938,32261
2025-01-01 12:00:00+00:00,2.0938,2.1748,2.0868,2.1543,48956
2025-01-01 16:00:00+00:00,2.1543,2.2718,2.1484,2.2467,53653
2025-01-01 20:00:00+00:00,2.2467,2.3305,2.2355,2.3085,48330
2025-01-02 00:00:00+00:00,2.2941,2.4404,2.2849,2.3897,43665
2025-01-02 04:00:00+00:00,2.3897,2.4179,2.3539,2.36,37944
2025-01-02 08:00:00+00:00,2.36,2.4009,2.3304,2.3916,49206
2025-01-02 12:00:00+00:00,2.3916,2.4131,2.3753,2.3837,31867
2025-01-02 16:00:00+00:00,2.3837,2.4307,2.355,2.3877,44533
2025-01-02 20:00:00+00:00,2.3877,2.4074,2.3587,2.3797,34408
2025-01-03 00:00:00+00:00,2.3736,2.4302,2.3736,2.4166,22360
2025-01-03 04:00:00+00:00,2.4166,2.4678,2.4108,2.4232,30151
2025-01-03 08:00:00+00:00,2.4233000000000002,2.4479,2.3942,2.4136,27326
2025-01-03 12:00:00+00:00,2.4136,2.4304,2.3938,2.4021,35993
2025-01-03 16:00:00+00:00,2.4021,2.4724,2.4012000000000002,2.4351,37247
2025-01-03 20:00:00+00:00,2.4352,2.4729,2.4314,2.4423,26598
2025-01-04 00:00:00+00:00,2.4562,2.4692,2.4207,2.4674,22465
2025-01-04 04:00:00+00:00,2.4674,2.5033,2.4342,2.449,43950
2025-01-04 08:00:00+00:00,2.4487,2.4561,2.4243,2.4394,26821
2025-01-04 12:00:00+00:00,2.4394,2.4526,2.4221,2.4479,26173
2025-01-04 16:00:00+00:00,2.448,2.4575,2.3947,2.4217,28494
2025-01-04 20:00:00+00:00,2.4218,2.4369,2.4077,2.4184,19843
2025-01-05 00:00:00+00:00,2.4156,2.4278,2.3674,2.3828,18975
2025-01-05 04:00:00+00:00,2.3828,2.4007,2.3764,2.3896,19452
2025-01-05 08:00:00+00:00,2.3890000000000002,2.4096,2.3391,2.3429,33257
2025-01-05 12:00:00+00:00,2.3431,2.3733,2.3205,2.3606,33476
2025-01-05 16:00:00+00:00,2.3606,2.3777,2.3386,2.3737,39189
2025-01-05 20:00:00+00:00,2.3738,2.4056,2.3627000000000002,2.3851,35023
2025-01-06 00:00:00+00:00,2.383,2.414,2.367,2.4131,32495
2025-01-06 04:00:00+00:00,2.4131,2.4362,2.3913,2.3993,32756
2025-01-06 08:00:00+00:00,2.3993,2.4097,2.368,2.3801,24076
2025-01-06 12:00:00+00:00,2.3801,2.3983,2.3698,2.393,22742
2025-01-06 16:00:00+00:00,2.3928,2.4532,2.3604,2.4115,40187
2025-01-06 20:00:00+00:00,2.4115,2.4295,2.4016,2.4086,31684
2025-01-07 00:00:00+00:00,2.4050000000000002,2.4208,2.3898,2.4096,28845
2025-01-07 04:00:00+00:00,2.4096,2.4284,2.3883,2.4258,30732
2025-01-07 08:00:00+00:00,2.4258,2.4478,2.4189,2.4414,35731
2025-01-07 12:00:00+00:00,2.4412,2.4621,2.4002,2.4203,35767
2025-01-07 16:00:00+00:00,2.4204,2.4374000000000002,2.2701000000000002,2.295,52327
2025-01-07 20:00:00+00:00,2.295,2.3118,2.25,2.2685,55376
2025-01-08 00:00:00+00:00,2.2637,2.3417,2.2564,2.34,39683
2025-01-08 04:00:00+00:00,2.3401,2.3604,2.2862,2.2915,53734
2025-01-08 08:00:00+00:00,2.2919,2.3295,2.2521,2.3012,42549
2025-01-08 12:00:00+00:00,2.3012,2.3704,2.292,2.3084,37500
2025-01-08 16:00:00+00:00,2.3083,2.3365,2.1938,2.2756,52759
2025-01-08 20:00:00+00:00,2.2756,2.3604,2.2705,2.3348,51073
2025-01-09 00:00:00+00:00,2.3431,2.3924,2.343,2.3674,31612
2025-01-09 04:00:00+00:00,2.3674,2.3721,2.3278,2.343,32254
2025-01-09 08:00:00+00:00,2.343,2.3498,2.2914,2.3123,36202
2025-01-09 12:00:00+00:00,2.3123,2.3164,2.2292,2.2298999999999998,41701
2025-01-09 16:00:00+00:00,2.2301,2.3321,2.2288,2.2848,55535
2025-01-09 20:00:00+00:00,2.2843,2.3166,2.2454,2.2572,48472
2025-01-10 00:00:00+00:00,2.2643,2.2935,2.2491,2.2788,34145
2025-01-10 04:00:00+00:00,2.2789,2.3024,2.2684,2.2945,27870
2025-01-10 08:00:00+00:00,2.2944,2.3213,2.2794,2.3083,23381
2025-01-10 12:00:00+00:00,2.3083,2.3173,2.2393,2.2723,28185
2025-01-10 16:00:00+00:00,2.2723,2.3459,2.2422,2.3452,51481
2025-01-10 20:00:00+00:00,2.3453,2.3648,2.3162,2.3353,33499
2025-01-11 00:00:00+00:00,2.3435,2.3586,2.3283,2.3499,24806
2025-01-11 04:00:00+00:00,2.3495,2.3522,2.3193,2.3266999999999998,25673
2025-01-11 08:00:00+00:00,2.3261,2.3531,2.3261,2.3497,27198
2025-01-11 12:00:00+00:00,2.3497,2.4289,2.3444,2.3864,37007
2025-01-11 16:00:00+00:00,2.3865,2.5052,2.3702,2.475,45405
2025-01-11 20:00:00+00:00,2.475,2.5958,2.4647,2.5643000000000002,49773
2025-01-12 00:00:00+00:00,2.5572,2.5769,2.4968,2.5221,40551
2025-01-12 04:00:00+00:00,2.5221,2.5488,2.518,2.5394,32681
2025-01-12 08:00:00+00:00,2.5394,2.5434,2.4769,2.4877000000000002,45188
2025-01-12 12:00:00+00:00,2.4874,2.5218,2.4618,2.5004,43731
2025-01-12 16:00:00+00:00,2.5004,2.5456,2.4792,2.5358,36919
2025-01-12 20:00:00+00:00,2.5348,2.549,2.5084999999999997,2.5136,22693
2025-01-13 00:00:00+00:00,2.5084999999999997,2.557,2.4762,2.5225999999999997,31175
2025-01-13 04:00:00+00:00,2.5231,2.5343,2.4878,2.5047,42317
2025-01-13 08:00:00+00:00,2.5047,2.5157,2.4045,2.4377,39920
2025-01-13 12:00:00+00:00,2.4377,2.4457,2.3241,2.3724,45920
2025-01-13 16:00:00+00:00,2.3724,2.491,2.323,2.4395,57697
2025-01-13 20:00:00+00:00,2.4395,2.5423999999999998,2.4168,2.5235,42640
2025-01-14 00:00:00+00:00,2.5277,2.5487,2.5080999999999998,2.5311,31582
2025-01-14 04:00:00+00:00,2.5311,2.5465999999999998,2.5125,2.5191,27558
2025-01-14 08:00:00+00:00,2.519,2.5803000000000003,2.5058,2.5719,30100
2025-01-14 12:00:00+00:00,2.5719,2.5959,2.5393,2.5598,39315
2025-01-14 16:00:00+00:00,2.5598,2.6687,2.5457,2.6469,48466
2025-01-14 20:00:00+00:00,2.6469,2.6912000000000003,2.6298,2.6592000000000002,47073
2025-01-15 00:00:00+00:00,2.6664,2.8026,2.6389,2.7852,27622
2025-01-15 04:00:00+00:00,2.7856,2.8697,2.7736,2.84,49640
2025-01-15 08:00:00+00:00,2.8403,2.8859,2.7838000000000003,2.7960000000000003,46082
2025-01-15 12:00:00+00:00,2.7960000000000003,2.8769,2.7004,2.8564,54714
2025-01-15 16:00:00+00:00,2.855,3.0205,2.8209999999999997,2.8912,51833
2025-01-15 20:00:00+00:00,2.8912,3.064,2.8889,3.0529,38255
2025-01-16 00:00:00+00:00,3.0293,3.1963,2.9132,3.0699,47638
2025-01-16 04:00:00+00:00,3.0699,3.0841,2.9785,3.0492,43358
2025-01-16 08:00:00+00:00,3.0496,3.1451000000000002,3.0216,3.069,46674
2025-01-16 12:00:00+00:00,3.069,3.3833,3.0641,3.291,56363
2025-01-16 16:00:00+00:00,3.291,3.3977,3.1803,3.3468999999999998,55721
2025-01-16 20:00:00+00:00,3.3459,3.3849,3.2368,3.2872,51824
2025-01-17 00:00:00+00:00,3.2685,3.2874,3.1581,3.2745,45389
2025-01-17 04:00:00+00:00,3.2745,3.3474,3.2706,3.3194,43219
2025-01-17 08:00:00+00:00,3.3194,3.3394,3.2196,3.2699,35679
2025-01-17 12:00:00+00:00,3.2699,3.3221,3.2028,3.2313,33680
2025-01-17 16:00:00+00:00,3.2324,3.2638,3.169,3.1836,46618
2025-01-17 20:00:00+00:00,3.1836,3.2911,3.1716,3.2743,36320
2025-01-18 00:00:00+00:00,3.2686,3.3129,3.2132,3.2447,25473
2025-01-18 04:00:00+00:00,3.2447,3.2841,3.0639,3.0854,44257
2025-01-18 08:00:00+00:00,3.0865,3.1559,3.0566,3.1213,45047
2025-01-18 12:00:00+00:00,3.1212,3.2422,3.0528,3.2342,46477
2025-01-18 16:00:00+00:00,3.2347,3.235,3.1246,3.1489,43062
2025-01-18 20:00:00+00:00,3.1491,3.2237,3.1421,3.1945,39614
2025-01-19 00:00:00+00:00,3.1818,3.2849,3.1818,3.2721999999999998,34900
2025-01-19 04:00:00+00:00,3.2720000000000002,3.2803,3.1622,3.1974,38197
2025-01-19 08:00:00+00:00,3.1972,3.2157999999999998,3.041,3.1281,39992
2025-01-19 12:00:00+00:00,3.1276,3.1298,3.0261,3.1261,38239
2025-01-19 16:00:00+00:00,3.1261,3.1681,3.1042,3.1514,42192
2025-01-19 20:00:00+00:00,3.1514,3.2308,3.0551,3.0585,46456
2025-01-20 00:00:00+00:00,3.0811,3.127,2.8176,2.9771,57691
2025-01-20 04:00:00+00:00,2.9773,3.1387,2.9733,3.1,50914
2025-01-20 08:00:00+00:00,3.0992,3.2879,3.0799,3.2461,49739
2025-01-20 12:00:00+00:00,3.2461,3.3418,3.1942,3.2862,60079
2025-01-20 16:00:00+00:00,3.2865,3.3594,2.9901,3.126,55956
2025-01-20 20:00:00+00:00,3.126,3.1905,3.0559,3.0573,52531
2025-01-21 00:00:00+00:00,3.0209,3.1818,3.0209,3.0791,43077
2025-01-21 04:00:00+00:00,3.0787,3.1305,3.0156,3.0276,59476
2025-01-21 08:00:00+00:00,3.0284,3.1051,3.0051,3.0885,53317
2025-01-21 12:00:00+00:00,3.0885,3.1451000000000002,3.0725,3.1271,49505
2025-01-21 16:00:00+00:00,3.1272,3.225,3.0689,3.2184,47359
2025-01-21 20:00:00+00:00,3.2184,3.234,3.1643,3.1785,39189
2025-01-22 00:00:00+00:00,3.1647,3.2018,3.1261,3.1873,39623
2025-01-22 04:00:00+00:00,3.1868,3.1912,3.1425,3.156,36003
2025-01-22 08:00:00+00:00,3.156,3.1848,3.1353,3.1629,31631
2025-01-22 12:00:00+00:00,3.1625,3.2542,3.1422,3.1738,55181
2025-01-22 16:00:00+00:00,3.1725,3.1948,3.1353,3.1824,38932
2025-01-22 20:00:00+00:00,3.1824,3.2787,3.1228,3.1671,41315
2025-01-23 00:00:00+00:00,3.152,3.189,3.1338,3.1457,34576
2025-01-23 04:00:00+00:00,3.1462,3.1626,3.0981,3.1333,49991
2025-01-23 08:00:00+00:00,3.1333,3.1416,3.076,3.0862,39901
2025-01-23 12:00:00+00:00,3.0862,3.1001,3.0315,3.08,57761
2025-01-23 16:00:00+00:00,3.0802,3.1808,3.0711,3.1218,52834
2025-01-23 20:00:00+00:00,3.1218,3.1681,3.0503,3.0774,48885
2025-01-24 00:00:00+00:00,3.0752,3.1417,3.0614,3.0699,32812
2025-01-24 04:00:00+00:00,3.0699,3.1691,3.0505,3.1668,41254
2025-01-24 08:00:00+00:00,3.1668,3.1892,3.1371,3.1764,30958
2025-01-24 12:00:00+00:00,3.1764,3.1992,3.1621,3.1751,30742
2025-01-24 16:00:00+00:00,3.1751,3.1895,3.1274,3.1469,42418
2025-01-24 20:00:00+00:00,3.1469,3.1602,3.0957,3.1108,36281
2025-01-25 00:00:00+00:00,3.0953,3.1247,3.0721,3.1141,23537
2025-01-25 04:00:00+00:00,3.1141,3.1303,3.0922,3.1027,26672
2025-01-25 08:00:00+00:00,3.1027,3.106,3.088,3.0946,23617
2025-01-25 12:00:00+00:00,3.0946,3.1247,3.0719,3.1112,31378
2025-01-25 16:00:00+00:00,3.1112,3.1406,3.0991,3.1128,27605
2025-01-25 20:00:00+00:00,3.1131,3.1324,3.1059,3.1312,15877
2025-01-26 00:00:00+00:00,3.1312,3.1362,3.0995,3.1241,29996
2025-01-26 04:00:00+00:00,3.1241,3.1387,3.1044,3.1249,18082
2025-01-26 08:00:00+00:00,3.125,3.1391,3.1054,3.1101,20274
2025-01-26 12:00:00+00:00,3.1102,3.1319,3.1067,3.1165,25420
2025-01-26 16:00:00+00:00,3.1165,3.1183,3.1022,3.1155,22533
2025-01-26 20:00:00+00:00,3.1149,3.1327,3.0933,3.0967,17462
2025-01-27 00:00:00+00:00,3.0933,3.0933,2.9519,2.9726,33294
2025-01-27 04:00:00+00:00,2.9726,3.0131,2.8947000000000003,2.9276,35776
2025-01-27 08:00:00+00:00,2.928,2.9407,2.645,2.8221,52976
2025-01-27 12:00:00+00:00,2.8219,2.918,2.7416,2.8644,49417
2025-01-27 16:00:00+00:00,2.8644,3.0207,2.8514,2.9074999999999998,48987
2025-01-27 20:00:00+00:00,2.9074,3.0527,2.8701,3.0131,43526
2025-01-28 00:00:00+00:00,3.0136,3.0876,2.9884,3.0131,25192
2025-01-28 04:00:00+00:00,3.0139,3.144,3.0116,3.097,30729
2025-01-28 08:00:00+00:00,3.097,3.1169000000000002,3.0659,3.0955,32995
2025-01-28 12:00:00+00:00,3.0955,3.1905,3.0954,3.1426,44211
2025-01-28 16:00:00+00:00,3.1428,3.2084,3.1072,3.1476,51975
2025-01-28 20:00:00+00:00,3.1476,3.1725,3.0068,3.0091,43609
2025-01-29 00:00:00+00:00,3.0182,3.0884,3.0153,3.0615,36855
2025-01-29 04:00:00+00:00,3.0617,3.1148,3.0532,3.114,33249
2025-01-29 08:00:00+00:00,3.1141,3.1223,3.0656,3.075,30873
2025-01-29 12:00:00+00:00,3.0748,3.0929,3.0186,3.0532,32290
2025-01-29 16:00:00+00:00,3.0532,3.0745,3.0155,3.0362,29399
2025-01-29 20:00:00+00:00,3.0362,3.1305,2.9600999999999997,3.0871,49529
2025-01-30 00:00:00+00:00,3.0871,3.1139,3.0414,3.0962,31700
2025-01-30 04:00:00+00:00,3.0964,3.1277,3.0865,3.1111,21106
2025-01-30 08:00:00+00:00,3.1117,3.1212,3.0907,3.1053,25144
2025-01-30 12:00:00+00:00,3.1053,3.1113,3.0758,3.0925,24267
2025-01-30 16:00:00+00:00,3.0927,3.1502,3.0859,3.1096,34449
2025-01-30 20:00:00+00:00,3.1096,3.1390000000000002,3.0934,3.1214,26186
2025-01-31 00:00:00+00:00,3.1097,3.1492,3.0953,3.102,27163
2025-01-31 04:00:00+00:00,3.102,3.1054,3.0671,3.0831,34672
2025-01-31 08:00:00+00:00,3.083,3.0934,3.0531,3.0758,21550
2025-01-31 12:00:00+00:00,3.076,3.1063,3.0648,3.0906,27509
2025-01-31 16:00:00+00:00,3.0906,3.1095,3.0648,3.07,27999
2025-01-31 20:00:00+00:00,3.07,3.0749,2.9949,3.0243,43501
2025-02-01 00:00:00+00:00,3.0417,3.0562,3.019,3.0471,14925
2025-02-01 04:00:00+00:00,3.0473,3.0689,3.0282,3.0497,36401
2025-02-01 08:00:00+00:00,3.0495,3.0496,2.9322,2.9657,27160
2025-02-01 12:00:00+00:00,2.9657,3.0029,2.9592,2.9714,27701
2025-02-01 16:00:00+00:00,2.9714,2.9968,2.945,2.9882,26561
2025-02-01 20:00:00+00:00,2.988,2.9909,2.8926,2.9126,37986
2025-02-02 00:00:00+00:00,2.9062,2.9525,2.8207,2.9334,35348
2025-02-02 04:00:00+00:00,2.9346,2.9354,2.8175,2.8946,47800
2025-02-02 08:00:00+00:00,2.8946,2.9233000000000002,2.8588,2.8925,35235
2025-02-02 12:00:00+00:00,2.8925,2.8955,2.7256,2.816,40485
2025-02-02 16:00:00+00:00,2.8156,2.8438,2.5109,2.5601000000000003,50722
2025-02-02 20:00:00+00:00,2.5601000000000003,2.7155,2.4919000000000002,2.5934,60638
2025-02-03 00:00:00+00:00,2.6004,2.6482,1.9672,2.0865,58640
2025-02-03 04:00:00+00:00,2.0865,2.3226,1.7551,2.2875,51220
2025-02-03 08:00:00+00:00,2.2875,2.4489,2.2484,2.3672,64068
2025-02-03 12:00:00+00:00,2.3672,2.4358,2.3168,2.3346999999999998,60126
2025-02-03 16:00:00+00:00,2.3354,2.6935000000000002,2.2006,2.6741,69894
2025-02-03 20:00:00+00:00,2.6743,2.7807,2.6288,2.6989,65515
2025-02-04 00:00:00+00:00,2.6957,2.7868,2.6541,2.7518000000000002,38694
2025-02-04 04:00:00+00:00,2.7518000000000002,2.7772,2.4971,2.5220000000000002,47930
2025-02-04 08:00:00+00:00,2.5225999999999997,2.5948,2.4669,2.5084999999999997,53614
2025-02-04 12:00:00+00:00,2.5084999999999997,2.6569000000000003,2.505,2.602,53604
2025-02-04 16:00:00+00:00,2.602,2.6831,2.582,2.6234,59253
2025-02-04 20:00:00+00:00,2.6226000000000003,2.7067,2.4139,2.4401,57706
2025-02-05 00:00:00+00:00,2.4421,2.561,2.4299,2.4966,41224
2025-02-05 04:00:00+00:00,2.4965,2.536,2.4642,2.5292,42585
2025-02-05 08:00:00+00:00,2.5291,2.5398,2.4792,2.5038,39067
2025-02-05 12:00:00+00:00,2.5038,2.5669,2.5003,2.5404999999999998,39906
2025-02-05 16:00:00+00:00,2.54,2.5474,2.3817,2.385,52196
2025-02-05 20:00:00+00:00,2.3851,2.4582,2.3355,2.3974,49751
2025-02-06 00:00:00+00:00,2.3989,2.4178,2.3489,2.3974,34975
2025-02-06 04:00:00+00:00,2.3974,2.4438,2.3938,2.4298,38574
2025-02-06 08:00:00+00:00,2.4299,2.4638,2.4119,2.4493,42695
2025-02-06 12:00:00+00:00,2.4494,2.4657999999999998,2.3856,2.416,51757
2025-02-06 16:00:00+00:00,2.4163,2.4252000000000002,2.2804,2.3194,58986
2025-02-06 20:00:00+00:00,2.3194,2.3602,2.2737,2.3339,56124
2025-02-07 00:00:00+00:00,2.3286,2.3697,2.2968,2.3496,44286
2025-02-07 04:00:00+00:00,2.3496,2.3687,2.3268,2.3478,41710
2025-02-07 08:00:00+00:00,2.3478,2.3717,2.2598,2.3688000000000002,47474
2025-02-07 12:00:00+00:00,2.3687,2.4931,2.3609,2.4842,58535
2025-02-07 16:00:00+00:00,2.4834,2.5374,2.4059,2.4236,61989
2025-02-07 20:00:00+00:00,2.4234999999999998,2.5018000000000002,2.3451,2.3722,53941
2025-02-08 00:00:00+00:00,2.3539,2.4217,2.3496,2.384,13403
2025-02-08 04:00:00+00:00,2.3838,2.4003,2.3451,2.3725,25535
2025-02-08 08:00:00+00:00,2.3727,2.3993,2.3529,2.3904,36956
2025-02-08 12:00:00+00:00,2.3904,2.4307,2.3796,2.4141,35096
2025-02-08 16:00:00+00:00,2.4141,2.4252000000000002,2.3723,2.4148,40316
2025-02-08 20:00:00+00:00,2.4151,2.4318,2.4012000000000002,2.4163,25951
2025-02-09 00:00:00+00:00,2.4164,2.446,2.3965,2.445,26708
2025-02-09 04:00:00+00:00,2.4448,2.5041,2.4281,2.4638,25507
2025-02-09 08:00:00+00:00,2.4638,2.4913,2.4444,2.4619,29405
2025-02-09 12:00:00+00:00,2.4619,2.4657999999999998,2.3738,2.3839,32070
2025-02-09 16:00:00+00:00,2.3839,2.4304,2.3798,2.4059,45423
2025-02-09 20:00:00+00:00,2.4052,2.4182,2.3052,2.3375,36841
2025-02-10 00:00:00+00:00,2.3302,2.4328,2.3103,2.3402,32770
2025-02-10 04:00:00+00:00,2.34,2.4148,2.3184,2.3965,43557
2025-02-10 08:00:00+00:00,2.3973,2.4486,2.3789,2.4273,37277
2025-02-10 12:00:00+00:00,2.4276,2.4674,2.3991,2.4565,45057
2025-02-10 16:00:00+00:00,2.4567,2.463,2.3999,2.432,47763
2025-02-10 20:00:00+00:00,2.432,2.4399,2.4138,2.4215999999999998,31037
2025-02-11 00:00:00+00:00,2.4112,2.4625,2.4018,2.4499,34886
2025-02-11 04:00:00+00:00,2.4499,2.5153,2.426,2.5117000000000003,38465
2025-02-11 08:00:00+00:00,2.512,2.5238,2.4747,2.48,29729
2025-02-11 12:00:00+00:00,2.48,2.4939999999999998,2.4281,2.4356999999999998,42480
2025-02-11 16:00:00+00:00,2.4356999999999998,2.4814,2.4123,2.4234999999999998,48892
2025-02-11 20:00:00+00:00,2.4234999999999998,2.4417,2.3642,2.4275,51391
2025-02-12 00:00:00+00:00,2.4344,2.44,2.3913,2.4167,24994
2025-02-12 04:00:00+00:00,2.4162,2.4169,2.3742,2.4041,40787
2025-02-12 08:00:00+00:00,2.4041,2.4205,2.3872,2.4146,37392
2025-02-12 12:00:00+00:00,2.4146,2.4472,2.3238,2.3816,33529
2025-02-12 16:00:00+00:00,2.3819,2.462,2.3336,2.4492,52712
2025-02-12 20:00:00+00:00,2.4492,2.4644,2.4226,2.4525,28886
2025-02-13 00:00:00+00:00,2.4503,2.4901,2.4466,2.4744,27542
2025-02-13 04:00:00+00:00,2.4744,2.4812,2.4522,2.4638999999999998,23231
2025-02-13 08:00:00+00:00,2.4638999999999998,2.4679,2.4164,2.4458,44230
2025-02-13 12:00:00+00:00,2.4458,2.4657,2.4221,2.4427,36931
2025-02-13 16:00:00+00:00,2.4427,2.4533,2.4089,2.4241,47377
2025-02-13 20:00:00+00:00,2.4245,2.5228,2.4161,2.496,38626
2025-02-14 00:00:00+00:00,2.4986,2.5995,2.4926,2.5409,39455
2025-02-14 04:00:00+00:00,2.5409,2.5926,2.5395,2.5525,32527
2025-02-14 08:00:00+00:00,2.5525,2.7709,2.5321,2.7506,49262
2025-02-14 12:00:00+00:00,2.75,2.7833,2.6722,2.7153,47166
2025-02-14 16:00:00+00:00,2.7153,2.757,2.6895,2.7401999999999997,45251
2025-02-14 20:00:00+00:00,2.7401999999999997,2.8302,2.7016,2.7443999999999997,49052
2025-02-15 00:00:00+00:00,2.6955,2.7792,2.6872,2.7769,32758
2025-02-15 04:00:00+00:00,2.7763999999999998,2.8285,2.773,2.7809,40356
2025-02-15 08:00:00+00:00,2.7809,2.8079,2.7406,2.7816,38212
2025-02-15 12:00:00+00:00,2.7815,2.8189,2.7706,2.8033,39013
2025-02-15 16:00:00+00:00,2.8033,2.8053,2.7316000000000003,2.7438000000000002,50674
2025-02-15 20:00:00+00:00,2.7438000000000002,2.7737,2.7073,2.7374,33623
2025-02-16 00:00:00+00:00,2.738,2.7959,2.7188,2.7875,24588
2025-02-16 04:00:00+00:00,2.7874,2.8004,2.762,2.7878,19777
2025-02-16 08:00:00+00:00,2.7880000000000003,2.7956,2.7359,2.7568,34387
2025-02-16 12:00:00+00:00,2.7568,2.7649,2.7207,2.7266,32253
2025-02-16 16:00:00+00:00,2.7266,2.7356,2.7023,2.7251,34054
2025-02-16 20:00:00+00:00,2.7251,2.7626,2.6839,2.7504999999999997,38213
2025-02-17 00:00:00+00:00,2.7456,2.7602,2.7132,2.7553,30028
2025-02-17 04:00:00+00:00,2.7553,2.7588,2.6485,2.6862,32832
2025-02-17 08:00:00+00:00,2.6862,2.6986,2.6299,2.6746,40394
2025-02-17 12:00:00+00:00,2.675,2.6944,2.6598,2.6772,33840
2025-02-17 16:00:00+00:00,2.6772,2.7267,2.6001,2.6474,48513
2025-02-17 20:00:00+00:00,2.6474,2.6794000000000002,2.6048,2.6781,38373
2025-02-18 00:00:00+00:00,2.6637,2.6761,2.6212,2.6609,28497
2025-02-18 04:00:00+00:00,2.6609,2.665,2.5968999999999998,2.6031,32316
2025-02-18 08:00:00+00:00,2.6033,2.6063,2.5353,2.5947,50101
2025-02-18 12:00:00+00:00,2.5947,2.6159,2.5625,2.6036,37814
2025-02-18 16:00:00+00:00,2.6036,2.6241,2.4622,2.498,56071
2025-02-18 20:00:00+00:00,2.498,2.5374,2.4805,2.5234,50383
2025-02-19 00:00:00+00:00,2.5251,2.568,2.5111,2.5313,31265
2025-02-19 04:00:00+00:00,2.5313,2.5705,2.5052,2.5249,35463
2025-02-19 08:00:00+00:00,2.5249,2.5654,2.5149,2.5533,40400
2025-02-19 12:00:00+00:00,2.5537,2.6253,2.553,2.6047000000000002,37528
2025-02-19 16:00:00+00:00,2.6047000000000002,2.6863,2.5667,2.6696,44954
2025-02-19 20:00:00+00:00,2.6696,2.6911,2.6267,2.6682,42578
2025-02-20 00:00:00+00:00,2.6583,2.743,2.6583,2.6892,36589
2025-02-20 04:00:00+00:00,2.6893000000000002,2.7275,2.6748,2.7129,36540
2025-02-20 08:00:00+00:00,2.7128,2.7188,2.6637,2.6872,26691
2025-02-20 12:00:00+00:00,2.6872,2.7039999999999997,2.6715999999999998,2.6991,26236
2025-02-20 16:00:00+00:00,2.6991,2.7414,2.6612,2.6987,35305
2025-02-20 20:00:00+00:00,2.6988,2.7237999999999998,2.666,2.6701,25882
2025-02-21 00:00:00+00:00,2.6717,2.6948,2.6466,2.6593,20839
2025-02-21 04:00:00+00:00,2.6592000000000002,2.6684,2.6337,2.6439,22475
2025-02-21 08:00:00+00:00,2.644,2.6908,2.6387,2.6629,20621
2025-02-21 12:00:00+00:00,2.6629,2.71,2.6398,2.693,30022
2025-02-21 16:00:00+00:00,2.6928,2.6959999999999997,2.5507999999999997,2.5625999999999998,48528
2025-02-21 20:00:00+00:00,2.5625999999999998,2.5799,2.4997,2.5302,44611
2025-02-22 00:00:00+00:00,2.5543,2.5932,2.5458,2.5844,21630
2025-02-22 04:00:00+00:00,2.5844,2.5844,2.5551,2.577,18711
2025-02-22 08:00:00+00:00,2.5770999999999997,2.5894,2.5581,2.5762,22826
2025-02-22 12:00:00+00:00,2.5762,2.594,2.5709,2.5742000000000003,26778
2025-02-22 16:00:00+00:00,2.5742000000000003,2.601,2.5731,2.6008,30231
2025-02-22 20:00:00+00:00,2.6008,2.6048,2.564,2.5744,16609
2025-02-23 00:00:00+00:00,2.5708,2.5805,2.5376,2.5512,16721
2025-02-23 04:00:00+00:00,2.5512,2.565,2.5349,2.5587999999999997,27640
2025-02-23 08:00:00+00:00,2.5587999999999997,2.5968999999999998,2.5545,2.575,19902
2025-02-23 12:00:00+00:00,2.575,2.5777,2.5407,2.5604,22715
2025-02-23 16:00:00+00:00,2.5605,2.5623,2.5140000000000002,2.5531,21587
2025-02-23 20:00:00+00:00,2.5531,2.5674,2.5371,2.5664,12218
2025-02-24 00:00:00+00:00,2.5618,2.6007,2.5412,2.5513,24469
2025-02-24 04:00:00+00:00,2.5513,2.5612,2.4373,2.4886,46626
2025-02-24 08:00:00+00:00,2.4888,2.4958,2.4401,2.4692,38589
2025-02-24 12:00:00+00:00,2.4692,2.4925,2.4276,2.4731,34217
2025-02-24 16:00:00+00:00,2.4731,2.4786,2.3948,2.4591,51586
2025-02-24 20:00:00+00:00,2.4589,2.4699999999999998,2.3493,2.3574,38740
2025-02-25 00:00:00+00:00,2.3164,2.3503,2.2051,2.286,49364
2025-02-25 04:00:00+00:00,2.2862,2.324,2.2282,2.2988,46954
2025-02-25 08:00:00+00:00,2.2983000000000002,2.3036,2.0825,2.1325,56036
2025-02-25 12:00:00+00:00,2.1321,2.2721,2.0561,2.2168,54960
2025-02-25 16:00:00+00:00,2.2168,2.2481,2.1488,2.2119,55947
2025-02-25 20:00:00+00:00,2.2119,2.3273,2.1754,2.3253,47059
2025-02-26 00:00:00+00:00,2.3226,2.3589,2.2529,2.2917,29080
2025-02-26 04:00:00+00:00,2.2917,2.3226,2.2697,2.2714,29075
2025-02-26 08:00:00+00:00,2.2714,2.3158,2.2561,2.3135,39217
2025-02-26 12:00:00+00:00,2.3131,2.3144,2.2171,2.2203,38231
2025-02-26 16:00:00+00:00,2.2204,2.2965,2.1863,2.2059,54482
2025-02-26 20:00:00+00:00,2.2061,2.2215,2.1426,2.1963,59650
2025-02-27 00:00:00+00:00,2.2042,2.2378,2.1507,2.1886,39576
2025-02-27 04:00:00+00:00,2.1886,2.2113,2.1638,2.2093,37655
2025-02-27 08:00:00+00:00,2.2093,2.2321,2.1938,2.2187,28067
2025-02-27 12:00:00+00:00,2.2187,2.2504,2.2032,2.213,29794
2025-02-27 16:00:00+00:00,2.213,2.2239,2.1597,2.1957,47154
2025-02-27 20:00:00+00:00,2.1955999999999998,2.2294,2.135,2.1822,39480
2025-02-28 00:00:00+00:00,2.1837,2.2012,2.0575,2.0744,39444
2025-02-28 04:00:00+00:00,2.0735,2.1005,1.9868999999999999,2.0173,57411
2025-02-28 08:00:00+00:00,2.0175,2.0508,1.9428999999999998,2.0481,52413
2025-02-28 12:00:00+00:00,2.0481,2.0785,2.0059,2.0665,50572
2025-02-28 16:00:00+00:00,2.0665,2.1582,2.065,2.1218,48815
2025-02-28 20:00:00+00:00,2.1218,2.157,2.1085,2.1383,50058
2025-03-01 00:00:00+00:00,2.1345,2.1672,2.115,2.1621,28905
2025-03-01 04:00:00+00:00,2.1621,2.2139,2.1471,2.1798,56633
2025-03-01 08:00:00+00:00,2.1803,2.1878,2.1561,2.1782,41841
2025-03-01 12:00:00+00:00,2.1782,2.1798,2.1183,2.1332,31969
2025-03-01 16:00:00+00:00,2.1334,2.1571,2.1287,2.136,39960
2025-03-01 20:00:00+00:00,2.136,2.1968,2.1291,2.1919,32959
2025-03-02 00:00:00+00:00,2.1915,2.2093,2.1681,2.2085,34638
2025-03-02 04:00:00+00:00,2.2091,2.2771,2.2052,2.259,49140
2025-03-02 08:00:00+00:00,2.259,2.2926,2.2453,2.2576,43399
2025-03-02 12:00:00+00:00,2.2576,2.2763,2.239,2.2492,36535
2025-03-02 16:00:00+00:00,2.2492,2.9957000000000003,2.2135,2.8685,60423
2025-03-02 20:00:00+00:00,2.8685,2.9402,2.7342,2.8968,55169
2025-03-03 00:00:00+00:00,2.8698,2.9618,2.789,2.803,50770
2025-03-03 04:00:00+00:00,2.803,2.8175,2.7545,2.8072,45411
2025-03-03 08:00:00+00:00,2.8067,2.8087999999999997,2.5188,2.5665,50851
2025-03-03 12:00:00+00:00,2.5665,2.7102,2.5627,2.6879,48433
2025-03-03 16:00:00+00:00,2.6881,2.7009,2.5465,2.5903,56499
2025-03-03 20:00:00+00:00,2.5903,2.5939,2.2903000000000002,2.2992,62060
2025-03-04 00:00:00+00:00,2.3128,2.4148,2.2368,2.2753,49724
2025-03-04 04:00:00+00:00,2.2753,2.37,2.2042,2.3524,57400
2025-03-04 08:00:00+00:00,2.352,2.3775,2.2941,2.3487999999999998,50189
2025-03-04 12:00:00+00:00,2.3487999999999998,2.4066,2.2837,2.2925,44488
2025-03-04 16:00:00+00:00,2.2922000000000002,2.5159000000000002,2.2814,2.4406,61824
2025-03-04 20:00:00+00:00,2.4406,2.5322,2.4208,2.4674,47159
2025-03-05 00:00:00+00:00,2.4613,2.4901,2.4252000000000002,2.4899,34510
2025-03-05 04:00:00+00:00,2.49,2.5347,2.4243,2.4268,45322
2025-03-05 08:00:00+00:00,2.4268,2.5092,2.4005,2.4855,42260
2025-03-05 12:00:00+00:00,2.4855,2.5351,2.4417,2.4631,51440
2025-03-05 16:00:00+00:00,2.4631,2.5000999999999998,2.4112999999999998,2.4833,60540
2025-03-05 20:00:00+00:00,2.483,2.5099,2.4616,2.4943,38878
2025-03-06 00:00:00+00:00,2.4916,2.5423999999999998,2.4638,2.5095,40531
2025-03-06 04:00:00+00:00,2.509,2.5494,2.4943,2.5194,43515
2025-03-06 08:00:00+00:00,2.5196,2.5871,2.4954,2.5688,40849
2025-03-06 12:00:00+00:00,2.5688,2.6403,2.56,2.5850999999999997,52565
2025-03-06 16:00:00+00:00,2.5850999999999997,2.6348000000000003,2.5201000000000002,2.5438,55562
2025-03-06 20:00:00+00:00,2.5437,2.6162,2.5429,2.5921,47070
2025-03-07 00:00:00+00:00,2.5981,2.6161,2.3649,2.4805,43315
2025-03-07 04:00:00+00:00,2.4805,2.5188,2.4511,2.5000999999999998,43654
2025-03-07 08:00:00+00:00,2.5000999999999998,2.5648999999999997,2.4762,2.5352,41052
2025-03-07 12:00:00+00:00,2.535,2.5507,2.49,2.508,47323
2025-03-07 16:00:00+00:00,2.5082,2.5515,2.3767,2.4396,60012
2025-03-07 20:00:00+00:00,2.4402,2.5261,2.3739,2.3888,50567
2025-03-08 00:00:00+00:00,2.3945,2.4036,2.3312,2.3612,32526
2025-03-08 04:00:00+00:00,2.3612,2.3678,2.3194,2.3417,34921
2025-03-08 08:00:00+00:00,2.3418,2.368,2.3125999999999998,2.3236,29796
2025-03-08 12:00:00+00:00,2.3234,2.3515,2.2951,2.3411,37362
2025-03-08 16:00:00+00:00,2.3411,2.3599,2.3032,2.3415,37033
2025-03-08 20:00:00+00:00,2.3418,2.3575,2.3213,2.3445,37428
2025-03-09 00:00:00+00:00,2.3443,2.3467000000000002,2.3067,2.3188,26677
2025-03-09 04:00:00+00:00,2.3192,2.3373,2.2986,2.3271,31719
2025-03-09 08:00:00+00:00,2.3271,2.3379,2.3041,2.3134,21458
2025-03-09 12:00:00+00:00,2.3134,2.318,2.2182,2.2314,31906
2025-03-09 16:00:00+00:00,2.2318,2.2365,2.1252,2.1284,45462
2025-03-09 20:00:00+00:00,2.1293,2.1993,2.0766,2.1931,53305
2025-03-10 00:00:00+00:00,2.1889,2.1902,2.0816,2.1598,41623
2025-03-10 04:00:00+00:00,2.1597,2.1958,2.1441,2.19,37396
2025-03-10 08:00:00+00:00,2.19,2.1988,2.1236,2.1321,36321
2025-03-10 12:00:00+00:00,2.1314,2.2566,2.1308,2.2,46161
2025-03-10 16:00:00+00:00,2.1997,2.2042,2.0601,2.085,55106
2025-03-10 20:00:00+00:00,2.085,2.1059,1.9846,2.0745,57053
2025-03-11 00:00:00+00:00,2.0602,2.0848,1.8925,1.948,40922
2025-03-11 04:00:00+00:00,1.9483000000000001,2.0794,1.8972,2.068,51845
2025-03-11 08:00:00+00:00,2.0679,2.1316,2.0635,2.1154,45015
2025-03-11 12:00:00+00:00,2.1154,2.1589,2.0935,2.1043,46993
2025-03-11 16:00:00+00:00,2.1043,2.1474,2.0483,2.1185,56272
2025-03-11 20:00:00+00:00,2.1183,2.2085,2.0721,2.1899,44264
2025-03-12 00:00:00+00:00,2.1932,2.2043,2.1539,2.1759,26764
2025-03-12 04:00:00+00:00,2.1755,2.2411,2.1356,2.152,43976
2025-03-12 08:00:00+00:00,2.1522,2.2308,2.1383,2.2166,44624
2025-03-12 12:00:00+00:00,2.2166,2.269,2.1615,2.2454,42892
2025-03-12 16:00:00+00:00,2.2454,2.2547,2.1257,2.1948,53947
2025-03-12 20:00:00+00:00,2.1948,2.241,2.1907,2.2246,38329
2025-03-13 00:00:00+00:00,2.2256,2.2474,2.2051,2.2273,29342
2025-03-13 04:00:00+00:00,2.2275,2.2527,2.2148,2.2241,39110
2025-03-13 08:00:00+00:00,2.2245,2.2488,2.2073,2.2262,40675
2025-03-13 12:00:00+00:00,2.2262,2.3332,2.2259,2.2871,46856
2025-03-13 16:00:00+00:00,2.2876,2.3416,2.2489,2.2646,54310
2025-03-13 20:00:00+00:00,2.2647,2.2675,2.2078,2.2196,45241
2025-03-14 00:00:00+00:00,2.2145,2.2702999999999998,2.2107,2.2586,29456
2025-03-14 04:00:00+00:00,2.2586,2.2947,2.2474,2.2882,38178
2025-03-14 08:00:00+00:00,2.2884,2.3127,2.2741,2.303,35268
2025-03-14 12:00:00+00:00,2.303,2.3266,2.2903000000000002,2.3006,33183
2025-03-14 16:00:00+00:00,2.3005,2.3841,2.2945,2.3625,44440
2025-03-14 20:00:00+00:00,2.3625,2.3666,2.3269,2.3415,31639
2025-03-15 00:00:00+00:00,2.3366,2.3827,2.3333,2.3745,17058
2025-03-15 04:00:00+00:00,2.3745,2.4702,2.3702,2.4595000000000002,36977
2025-03-15 08:00:00+00:00,2.4595000000000002,2.4618,2.3673,2.4074,28877
2025-03-15 12:00:00+00:00,2.4074,2.4366,2.3926,2.4218,24122
2025-03-15 16:00:00+00:00,2.4218,2.4489,2.4018,2.4057,27130
2025-03-15 20:00:00+00:00,2.4056,2.4159,2.3874,2.4038,21765
2025-03-16 00:00:00+00:00,2.4096,2.4118,2.3716,2.3975,25259
2025-03-16 04:00:00+00:00,2.3975,2.4053,2.3558,2.3792,31338
2025-03-16 08:00:00+00:00,2.3792,2.3905,2.3617,2.3718,35843
2025-03-16 12:00:00+00:00,2.3718,2.3724,2.2812,2.3017,38564
2025-03-16 16:00:00+00:00,2.3017,2.3451,2.2603,2.3117,43208
2025-03-16 20:00:00+00:00,2.3117,2.3293,2.2778,2.3024,33451
2025-03-17 00:00:00+00:00,2.3059,2.3296,2.276,2.3236,28597
2025-03-17 04:00:00+00:00,2.3236,2.3638,2.3114,2.3474,36319
2025-03-17 08:00:00+00:00,2.3474,2.3474,2.3006,2.3414,28811
2025-03-17 12:00:00+00:00,2.3414,2.3557,2.3181,2.327,38239
2025-03-17 16:00:00+00:00,2.3266,2.3501,2.3006,2.3357,39559
2025-03-17 20:00:00+00:00,2.3357,2.3734,2.3327,2.3406000000000002,30733
2025-03-18 00:00:00+00:00,2.3418,2.3503,2.3076,2.3177,19645
2025-03-18 04:00:00+00:00,2.3179,2.3242,2.2678,2.2754,32259
2025-03-18 08:00:00+00:00,2.2754,2.2994,2.2374,2.2893,39642
2025-03-18 12:00:00+00:00,2.2894,2.292,2.2394,2.242,33778
2025-03-18 16:00:00+00:00,2.2422,2.2583,2.2178,2.2387,43166
2025-03-18 20:00:00+00:00,2.2387,2.2633,2.2161,2.2517,31849
2025-03-19 00:00:00+00:00,2.2482,2.3024,2.2467,2.2856,21800
2025-03-19 04:00:00+00:00,2.2856,2.292,2.2593,2.2857,27274
2025-03-19 08:00:00+00:00,2.2857,2.3079,2.2765,2.3037,28164
2025-03-19 12:00:00+00:00,2.3037,2.3431,2.3,2.322,35206
2025-03-19 16:00:00+00:00,2.322,2.5836,2.3157,2.5113,56521
2025-03-19 20:00:00+00:00,2.5112,2.5355,2.4476,2.4819,48993
2025-03-20 00:00:00+00:00,2.4981999999999998,2.5606999999999998,2.4912,2.5006,29222
2025-03-20 04:00:00+00:00,2.5006,2.5126,2.4474,2.4604,27840
2025-03-20 08:00:00+00:00,2.4604,2.5134,2.4258,2.5067,25495
2025-03-20 12:00:00+00:00,2.5067,2.5143,2.4604,2.4877000000000002,28308
2025-03-20 16:00:00+00:00,2.4876,2.5121,2.3818,2.3952999999999998,41683
2025-03-20 20:00:00+00:00,2.3956,2.4489,2.3931,2.4416,27594
2025-03-21 00:00:00+00:00,2.4394,2.4405,2.4061,2.4323,23892
2025-03-21 04:00:00+00:00,2.4323,2.4602,2.406,2.4204,32907
2025-03-21 08:00:00+00:00,2.4202,2.4211,2.3767,2.4009,40074
2025-03-21 12:00:00+00:00,2.4009,2.4142,2.3577,2.362,34336
2025-03-21 16:00:00+00:00,2.362,2.3916,2.3493,2.3903,44191
2025-03-21 20:00:00+00:00,2.3904,2.4175,2.3807,2.3974,31544
2025-03-22 00:00:00+00:00,2.3988,2.4011,2.3659,2.3936,18125
2025-03-22 04:00:00+00:00,2.3936,2.4017,2.3749000000000002,2.3916,18383
2025-03-22 08:00:00+00:00,2.3916,2.4076,2.3839,2.3984,13686
2025-03-22 12:00:00+00:00,2.3982,2.4107,2.3803,2.3888,14947
2025-03-22 16:00:00+00:00,2.3890000000000002,2.3906,2.3614,2.3789,18176
2025-03-22 20:00:00+00:00,2.3789,2.3877,2.3683,2.3694,15985
2025-03-23 00:00:00+00:00,2.3609999999999998,2.3748,2.3522,2.3702,19993
2025-03-23 04:00:00+00:00,2.3702,2.3872999999999998,2.3637,2.3757,15774
2025-03-23 08:00:00+00:00,2.3757,2.3954,2.3711,2.3884,14494
2025-03-23 12:00:00+00:00,2.3885,2.4226,2.3787,2.3973,22330
2025-03-23 16:00:00+00:00,2.3973,2.4175,2.3883,2.3951000000000002,26563
2025-03-23 20:00:00+00:00,2.3951000000000002,2.4058,2.3799,2.3947,23790
2025-03-24 00:00:00+00:00,2.3928,2.4532,2.3819,2.4314,20751
2025-03-24 04:00:00+00:00,2.4314,2.4538,2.4085,2.4464,26062
2025-03-24 08:00:00+00:00,2.4465,2.4644,2.4322,2.4569,19824
2025-03-24 12:00:00+00:00,2.4569,2.4725,2.4427,2.4488,24618
2025-03-24 16:00:00+00:00,2.4488,2.4989,2.4366,2.4529,28943
2025-03-24 20:00:00+00:00,2.4529,2.4718999999999998,2.4482,2.4523,22699
2025-03-25 00:00:00+00:00,2.4523,2.4628,2.4218,2.4487,27108
2025-03-25 04:00:00+00:00,2.4487,2.4487,2.4012000000000002,2.4207,33755
2025-03-25 08:00:00+00:00,2.4207,2.4319,2.4073,2.4286,26187
2025-03-25 12:00:00+00:00,2.4282,2.4451,2.4234999999999998,2.4266,24818
2025-03-25 16:00:00+00:00,2.4266,2.4526,2.4188,2.4266,36997
2025-03-25 20:00:00+00:00,2.4266,2.4724,2.4264,2.4461,37159
2025-03-26 00:00:00+00:00,2.4497999999999998,2.457,2.4283,2.4503,19144
2025-03-26 04:00:00+00:00,2.4503,2.4729,2.43,2.4436999999999998,21243
2025-03-26 08:00:00+00:00,2.4435000000000002,2.4674,2.438,2.4591,18563
2025-03-26 12:00:00+00:00,2.4591,2.4681,2.4391,2.4479,20340
2025-03-26 16:00:00+00:00,2.4479,2.448,2.3895,2.3969,33011
2025-03-26 20:00:00+00:00,2.3969,2.4009,2.3529,2.3756,31921
2025-03-27 00:00:00+00:00,2.3653,2.376,2.3222,2.3602,29244
2025-03-27 04:00:00+00:00,2.3602,2.3849,2.3547000000000002,2.37,21402
2025-03-27 08:00:00+00:00,2.3701,2.375,2.3473,2.3669000000000002,24656
2025-03-27 12:00:00+00:00,2.3669000000000002,2.3722,2.3196,2.3319,25937
2025-03-27 16:00:00+00:00,2.3315,2.3611,2.2961,2.3277,38679
2025-03-27 20:00:00+00:00,2.3276,2.3507,2.3129,2.3334,33863
2025-03-28 00:00:00+00:00,2.3308,2.354,2.3012,2.3302,18157
2025-03-28 04:00:00+00:00,2.3302,2.3374,2.2512,2.2692,28553
2025-03-28 08:00:00+00:00,2.2692,2.2720000000000002,2.2103,2.2268,33889
2025-03-28 12:00:00+00:00,2.2268,2.237,2.1872,2.2065,28898
2025-03-28 16:00:00+00:00,2.2065,2.2168,2.146,2.1573,34923
2025-03-28 20:00:00+00:00,2.1572,2.1907,2.1522,2.1734,24239
2025-03-29 00:00:00+00:00,2.1767,2.2201,2.1675,2.2008,25461
2025-03-29 04:00:00+00:00,2.201,2.2113,2.1214,2.161,27910
2025-03-29 08:00:00+00:00,2.161,2.1612,2.104,2.133,40502
2025-03-29 12:00:00+00:00,2.133,2.1373,2.0543,2.097,36786
2025-03-29 16:00:00+00:00,2.097,2.135,2.0859,2.0902,38099
2025-03-29 20:00:00+00:00,2.0902,2.1291,2.0648,2.0972,35100
2025-03-30 00:00:00+00:00,2.0986,2.1366,2.0904,2.1291,13963
2025-03-30 04:00:00+00:00,2.1291,2.2086,2.1276,2.1731,28900
2025-03-30 08:00:00+00:00,2.173,2.1933,2.1543,2.1907,25894
2025-03-30 12:00:00+00:00,2.1907,2.1933,2.1474,2.1522,23729
2025-03-30 16:00:00+00:00,2.1523,2.1543,2.1108,2.1181,30206
2025-03-30 20:00:00+00:00,2.1181,2.1646,2.1093,2.1301,27014
2025-03-31 00:00:00+00:00,2.1253,2.1575,2.0751,2.0856,28478
2025-03-31 04:00:00+00:00,2.0856,2.125,2.0656,2.0836,30123
2025-03-31 08:00:00+00:00,2.0837,2.1092,2.0483,2.0499,33592
2025-03-31 12:00:00+00:00,2.0501,2.1145,2.0177,2.0981,37469
2025-03-31 16:00:00+00:00,2.0982,2.1352,2.0534,2.1058,41187
2025-03-31 20:00:00+00:00,2.1057,2.1211,2.0748,2.0819,27597
2025-04-01 00:00:00+00:00,2.084,2.1001,2.0632,2.0721,20379
2025-04-01 04:00:00+00:00,2.0721,2.11,2.0584,2.0974,26669
2025-04-01 08:00:00+00:00,2.0974,2.1739,2.0832,2.1667,24283
2025-04-01 12:00:00+00:00,2.1668,2.1931,2.1165,2.1269,37851
2025-04-01 16:00:00+00:00,2.1269,2.1767,2.088,2.1448,44506
2025-04-01 20:00:00+00:00,2.1448,2.1483,2.115,2.1352,32831
2025-04-02 00:00:00+00:00,2.1303,2.1485,2.1042,2.1088,28525
2025-04-02 04:00:00+00:00,2.1088,2.114,2.0791,2.0951,34246
2025-04-02 08:00:00+00:00,2.0951,2.1184,2.0611,2.1006,34720
2025-04-02 12:00:00+00:00,2.1006,2.1315,2.0976,2.123,36991
2025-04-02 16:00:00+00:00,2.1231,2.1888,2.0923,2.1553,47149
2025-04-02 20:00:00+00:00,2.1553,2.2255,2.0963,2.1203,41508
2025-04-03 00:00:00+00:00,2.1204,2.1204,1.9783,2.0582,37842
2025-04-03 04:00:00+00:00,2.0581,2.0754,2.0364,2.0693,30583
2025-04-03 08:00:00+00:00,2.0693,2.0767,2.0252,2.045,29633
2025-04-03 12:00:00+00:00,2.045,2.0501,1.9576,1.9683000000000002,37917
2025-04-03 16:00:00+00:00,1.9683000000000002,2.0196,1.9538,1.9907,43409
2025-04-03 20:00:00+00:00,1.9906000000000001,2.0691,1.9902,2.0487,33331
2025-04-04 00:00:00+00:00,2.0497,2.0666,2.0384,2.045,14839
2025-04-04 04:00:00+00:00,2.0447,2.0722,2.0306,2.0407,32047
2025-04-04 08:00:00+00:00,2.0404,2.0972,2.0373,2.0891,36174
2025-04-04 12:00:00+00:00,2.0891,2.0942,2.0094,2.0627,46110
2025-04-04 16:00:00+00:00,2.0627,2.1545,2.0344,2.1116,54406
2025-04-04 20:00:00+00:00,2.1117,2.1401,2.0937,2.1325,42615
2025-04-05 00:00:00+00:00,2.1407,2.1457,2.1115,2.1276,16589
2025-04-05 04:00:00+00:00,2.1276,2.1379,2.107,2.1124,24636
2025-04-05 08:00:00+00:00,2.1124,2.1337,2.1117,2.1272,27738
2025-04-05 12:00:00+00:00,2.1272,2.1708,2.1254,2.1425,28076
2025-04-05 16:00:00+00:00,2.1425,2.1471,2.1103,2.1171,31188
2025-04-05 20:00:00+00:00,2.1171,2.1323,2.11,2.1234,20396
2025-04-06 00:00:00+00:00,2.1138,2.1467,2.1137,2.1412,18228
2025-04-06 04:00:00+00:00,2.1413,2.1531000000000002,2.1154,2.1288,22953
2025-04-06 08:00:00+00:00,2.1288,2.1325,2.0777,2.0943,24593
2025-04-06 12:00:00+00:00,2.0944,2.0966,2.0607,2.0626,27803
2025-04-06 16:00:00+00:00,2.0626,2.0889,2.0394,2.0542,30960
2025-04-06 20:00:00+00:00,2.054,2.059,1.9304000000000001,1.9434,46637
2025-04-07 00:00:00+00:00,1.9409,1.986,1.8533,1.8939,43761
2025-04-07 04:00:00+00:00,1.8941,1.9475,1.7718,1.7957,53444
2025-04-07 08:00:00+00:00,1.7957,1.8122,1.6042999999999998,1.7593,58214
2025-04-07 12:00:00+00:00,1.7593,1.8085,1.7314,1.792,51695
2025-04-07 16:00:00+00:00,1.7915,1.9999,1.7414,1.8353000000000002,58449
2025-04-07 20:00:00+00:00,1.835,1.9434,1.8349,1.9191,48098
2025-04-08 00:00:00+00:00,1.9113,1.9409,1.8537,1.8603,28743
2025-04-08 04:00:00+00:00,1.8603,1.9291,1.8534000000000002,1.9108,34269
2025-04-08 08:00:00+00:00,1.9108,1.9135,1.8411,1.8681,38306
2025-04-08 12:00:00+00:00,1.8679000000000001,1.9653,1.8592,1.9468999999999999,45065
2025-04-08 16:00:00+00:00,1.947,1.9694,1.8487,1.8565,49981
2025-04-08 20:00:00+00:00,1.8565,1.8736000000000002,1.7974999999999999,1.8226,45954
2025-04-09 00:00:00+00:00,1.8248,1.8248,1.7678,1.7771,37987
2025-04-09 04:00:00+00:00,1.7768000000000002,1.7947,1.7147999999999999,1.7786,50525
2025-04-09 08:00:00+00:00,1.7784,1.8392,1.7755999999999998,1.8224,42484
2025-04-09 12:00:00+00:00,1.8224,1.8357999999999999,1.7569,1.7881,43009
2025-04-09 16:00:00+00:00,1.7881,1.8598,1.7767,1.8572,49228
2025-04-09 20:00:00+00:00,1.8572,2.0787,1.8396,2.0648,51438
2025-04-10 00:00:00+00:00,2.0533,2.0836,2.0015,2.0239,34871
2025-04-10 04:00:00+00:00,2.0235,2.0312,1.9643000000000002,1.9908000000000001,41897
2025-04-10 08:00:00+00:00,1.9906000000000001,2.012,1.9687000000000001,1.9834,38428
2025-04-10 12:00:00+00:00,1.9834,2.0354,1.9738,1.994,41053
2025-04-10 16:00:00+00:00,1.994,2.0249,1.9151,1.9447999999999999,50817
2025-04-10 20:00:00+00:00,1.9449999999999998,1.9839,1.9279,1.9786000000000001,42299
2025-04-11 00:00:00+00:00,1.9811,1.9915,1.9404,1.9445000000000001,28437
2025-04-11 04:00:00+00:00,1.9445000000000001,2.0056,1.9432,2.0032,28976
2025-04-11 08:00:00+00:00,2.0032,2.0156,1.9842,1.9998,18855
2025-04-11 12:00:00+00:00,2.0002,2.027,1.9912,1.9942,21599
2025-04-11 16:00:00+00:00,1.9946000000000002,2.0193,1.9781,2.0044,28489
2025-04-11 20:00:00+00:00,2.0044,2.059,2.0015,2.0359,25848
2025-04-12 00:00:00+00:00,2.0297,2.0303,2.0062,2.0144,9120
2025-04-12 04:00:00+00:00,2.0141,2.0264,1.9968,2.0208,13561
2025-04-12 08:00:00+00:00,2.0208,2.0688,2.0202,2.0506,16061
2025-04-12 12:00:00+00:00,2.0505,2.0669,2.0466,2.0629,17503
2025-04-12 16:00:00+00:00,2.0629,2.1788,2.0607,2.1365,30910
2025-04-12 20:00:00+00:00,2.1365,2.1607,2.11,2.149,20050
2025-04-13 00:00:00+00:00,2.1397,2.1685,2.1368,2.1557,15599
2025-04-13 04:00:00+00:00,2.1559,2.1688,2.1288,2.1323,16943
2025-04-13 08:00:00+00:00,2.1323,2.1738,2.121,2.1701,15504
2025-04-13 12:00:00+00:00,2.1701,2.2411,2.1585,2.1747,25122
2025-04-13 16:00:00+00:00,2.1748,2.1812,2.1254,2.1535,22456
2025-04-13 20:00:00+00:00,2.1535,2.18,2.0915,2.1086,22358
2025-04-14 00:00:00+00:00,2.0897,2.1465,2.0663,2.1325,20783
2025-04-14 04:00:00+00:00,2.1323,2.1741,2.1217,2.1476,22518
2025-04-14 08:00:00+00:00,2.1476,2.1531000000000002,2.0981,2.1323,21510
2025-04-14 12:00:00+00:00,2.1323,2.1631,2.1108,2.1547,22925
2025-04-14 16:00:00+00:00,2.1547,2.1727,2.0999,2.1257,30708
2025-04-14 20:00:00+00:00,2.1257,2.16,2.1250999999999998,2.1443,23700
2025-04-15 00:00:00+00:00,2.1374,2.1411,2.1131,2.1319,18985
2025-04-15 04:00:00+00:00,2.1316,2.151,2.111,2.1441,19419
2025-04-15 08:00:00+00:00,2.1439,2.1548,2.1267,2.15,15745
2025-04-15 12:00:00+00:00,2.15,2.1801,2.1404,2.1584,20928
2025-04-15 16:00:00+00:00,2.1584,2.1791,2.1215,2.1256,28386
2025-04-15 20:00:00+00:00,2.1256,2.1319,2.0947,2.1043,21067
2025-04-16 00:00:00+00:00,2.1036,2.1182,2.0598,2.0666,18924
2025-04-16 04:00:00+00:00,2.0663,2.0924,2.0645,2.0749,17678
2025-04-16 08:00:00+00:00,2.0749,2.0848,2.0298,2.0648,20965
2025-04-16 12:00:00+00:00,2.0648,2.0887000000000002,2.0578,2.0663,18364
2025-04-16 16:00:00+00:00,2.0663,2.1151,2.0583,2.1023,27832
2025-04-16 20:00:00+00:00,2.1023,2.1218,2.0414,2.0857,32404
2025-04-17 00:00:00+00:00,2.091,2.1081,2.0687,2.0728,15485
2025-04-17 04:00:00+00:00,2.0728,2.0837,2.057,2.0763,18418
2025-04-17 08:00:00+00:00,2.0763,2.1017,2.0761,2.0877,18712
2025-04-17 12:00:00+00:00,2.0877,2.109,2.0803,2.1037,17488
2025-04-17 16:00:00+00:00,2.1034,2.1043,2.0504,2.0784,29303
2025-04-17 20:00:00+00:00,2.0784,2.0986,2.0466,2.0666,24563
2025-04-18 00:00:00+00:00,2.0638,2.0733,2.0396,2.0425,15733
2025-04-18 04:00:00+00:00,2.0425,2.0633,2.038,2.0587,18970
2025-04-18 08:00:00+00:00,2.0587,2.0756,2.0477,2.0709,17958
2025-04-18 12:00:00+00:00,2.071,2.0801,2.0639,2.0745,15864
2025-04-18 16:00:00+00:00,2.0745,2.0753,2.0489,2.0594,18375
2025-04-18 20:00:00+00:00,2.0595,2.0834,2.0556,2.0688,14980
2025-04-19 00:00:00+00:00,2.0765,2.0766,2.0496,2.0544,11149
2025-04-19 04:00:00+00:00,2.0544,2.0886,2.0536,2.0809,15418
2025-04-19 08:00:00+00:00,2.0809,2.0859,2.0714,2.082,12395
2025-04-19 12:00:00+00:00,2.082,2.0924,2.0741,2.0773,13668
2025-04-19 16:00:00+00:00,2.077,2.0879,2.0599,2.0636,12964
2025-04-19 20:00:00+00:00,2.0638,2.0888,2.063,2.0826000000000002,12137
2025-04-20 00:00:00+00:00,2.0809,2.0886,2.0761,2.0788,10474
2025-04-20 04:00:00+00:00,2.0788,2.0855,2.0729,2.0772,8922
2025-04-20 08:00:00+00:00,2.0772,2.0803,2.0547,2.0567,10797
2025-04-20 12:00:00+00:00,2.0567,2.0594,2.0331,2.0479,15383
2025-04-20 16:00:00+00:00,2.0479,2.0564,2.0392,2.0559,15572
2025-04-20 20:00:00+00:00,2.0557,2.0856,2.0491,2.0726,13181
2025-04-21 00:00:00+00:00,2.071,2.1158,2.0548,2.0973,13709
2025-04-21 04:00:00+00:00,2.0971,2.1196,2.0971,2.1136,19364
2025-04-21 08:00:00+00:00,2.1136,2.1352,2.1097,2.1317,15988
2025-04-21 12:00:00+00:00,2.1317,2.136,2.1032,2.1071,15174
2025-04-21 16:00:00+00:00,2.107,2.1347,2.0777,2.0796,29609
2025-04-21 20:00:00+00:00,2.0793,2.0851,2.0541,2.077,22690
2025-04-22 00:00:00+00:00,2.0783,2.0824,2.057,2.0739,14497
2025-04-22 04:00:00+00:00,2.0739,2.0978,2.0697,2.0728,19756
2025-04-22 08:00:00+00:00,2.0728,2.1027,2.0621,2.0935,17475
2025-04-22 12:00:00+00:00,2.0935,2.1024,2.0891,2.0961,16931
2025-04-22 16:00:00+00:00,2.0961,2.1874000000000002,2.0933,2.1385,33542
2025-04-22 20:00:00+00:00,2.1385,2.1645,2.1373,2.1534,17906
2025-04-23 00:00:00+00:00,2.1519,2.2445,2.1481,2.1987,28305
2025-04-23 04:00:00+00:00,2.1987,2.2447,2.1881,2.2447,21946
2025-04-23 08:00:00+00:00,2.2447,2.294,2.2163,2.2867,24128
2025-04-23 12:00:00+00:00,2.2867,2.2965999999999998,2.2471,2.278,24152
2025-04-23 16:00:00+00:00,2.278,2.2927,2.1844,2.225,35926
2025-04-23 20:00:00+00:00,2.2249,2.2463,2.1954,2.216,20230
2025-04-24 00:00:00+00:00,2.202,2.2261,2.1976,2.2055,14831
2025-04-24 04:00:00+00:00,2.2051,2.2168,2.1626,2.1837,20608
2025-04-24 08:00:00+00:00,2.1837,2.1892,2.1118,2.1285,19528
2025-04-24 12:00:00+00:00,2.1286,2.1649,2.1257,2.1646,17374
2025-04-24 16:00:00+00:00,2.1646,2.2294,2.1476,2.2072,29526
2025-04-24 20:00:00+00:00,2.2072,2.215,2.1788,2.1989,20655
2025-04-25 00:00:00+00:00,2.1972,2.2061,2.1799,2.1967,14112
2025-04-25 04:00:00+00:00,2.1968,2.2123,2.1585,2.1753,18191
2025-04-25 08:00:00+00:00,2.1753,2.2003,2.1726,2.1899,15443
2025-04-25 12:00:00+00:00,2.1899,2.215,2.1795,2.188,20625
2025-04-25 16:00:00+00:00,2.188,2.2149,2.1679,2.1986,30131
2025-04-25 20:00:00+00:00,2.1986,2.2059,2.1787,2.1908,17262
2025-04-26 00:00:00+00:00,2.1837,2.1863,2.1714,2.1819,10909
2025-04-26 04:00:00+00:00,2.1819,2.1998,2.1751,2.1774,14990
2025-04-26 08:00:00+00:00,2.1774,2.2437,2.1754,2.2057,21645
2025-04-26 12:00:00+00:00,2.2057,2.2144,2.1807,2.1905,18378
2025-04-26 16:00:00+00:00,2.1905,2.2028,2.1785,2.1951,16440
2025-04-26 20:00:00+00:00,2.1951,2.1991,2.1816,2.1829,11227
2025-04-27 00:00:00+00:00,2.1831,2.2016999999999998,2.1801,2.1967,13021
2025-04-27 04:00:00+00:00,2.1967,2.2009,2.1544,2.1626,17999
2025-04-27 08:00:00+00:00,2.1626,2.178,2.1552,2.174,11237
2025-04-27 12:00:00+00:00,2.174,2.2640000000000002,2.169,2.2094,14696
2025-04-27 16:00:00+00:00,2.2094,2.2445,2.2072,2.2287,26430
2025-04-27 20:00:00+00:00,2.2287,2.2898,2.2216,2.2777,21824
2025-04-28 00:00:00+00:00,2.2774,2.2778,2.2265,2.2541,19983
2025-04-28 04:00:00+00:00,2.2541,2.2748,2.2136,2.2658,24649
2025-04-28 08:00:00+00:00,2.2658,2.3553,2.2641999999999998,2.3214,24871
2025-04-28 12:00:00+00:00,2.3214,2.3433,2.3016,2.31,23142
2025-04-28 16:00:00+00:00,2.3103,2.3185000000000002,2.245,2.2712,27507
2025-04-28 20:00:00+00:00,2.2709,2.293,2.2621,2.2853,18412
2025-04-29 00:00:00+00:00,2.2807,2.3002000000000002,2.2803,2.2987,14256
2025-04-29 04:00:00+00:00,2.2987,2.3109,2.2615,2.2628,17346
2025-04-29 08:00:00+00:00,2.2628,2.287,2.2597,2.2814,13621
2025-04-29 12:00:00+00:00,2.2814,2.3008,2.2674,2.2687,16932
2025-04-29 16:00:00+00:00,2.2685,2.3,2.2592,2.287,18452
2025-04-29 20:00:00+00:00,2.2869,2.2973,2.2715,2.2742,17334
2025-04-30 00:00:00+00:00,2.2699,2.2739,2.2164,2.2394,17773
2025-04-30 04:00:00+00:00,2.2394,2.2492,2.2197,2.2475,16080
2025-04-30 08:00:00+00:00,2.2475,2.2543,2.203,2.2216,13379
2025-04-30 12:00:00+00:00,2.2216,2.2346,2.1731,2.1886,15399
2025-04-30 16:00:00+00:00,2.1886,2.1906,2.1179,2.1596,31979
2025-04-30 20:00:00+00:00,2.1596,2.2079,2.148,2.1936,23697
2025-05-01 00:00:00+00:00,2.1928,2.2049,2.1808,2.1917,11258
2025-05-01 04:00:00+00:00,2.1919,2.2151,2.1905,2.2018,12223
2025-05-01 08:00:00+00:00,2.2016999999999998,2.2104,2.1883,2.2064,12307
2025-05-01 12:00:00+00:00,2.2064,2.2408,2.199,2.2336,18582
2025-05-01 16:00:00+00:00,2.2336,2.2522,2.2096,2.2368,24927
2025-05-01 20:00:00+00:00,2.2368,2.242,2.2058,2.2101,15033
2025-05-02 00:00:00+00:00,2.21,2.2233,2.202,2.2118,10474
2025-05-02 04:00:00+00:00,2.2118,2.2293,2.207,2.2199,13660
2025-05-02 08:00:00+00:00,2.2199,2.226,2.1865,2.2086,15693
2025-05-02 12:00:00+00:00,2.2086,2.2182,2.1998,2.2179,13596
2025-05-02 16:00:00+00:00,2.2179,2.2362,2.2039,2.2214,23269
2025-05-02 20:00:00+00:00,2.2214,2.2218,2.1961,2.2087,15651
2025-05-03 00:00:00+00:00,2.2021,2.2088,2.1902,2.2015000000000002,11366
2025-05-03 04:00:00+00:00,2.2016,2.2157999999999998,2.1921,2.2131,12546
2025-05-03 08:00:00+00:00,2.213,2.2134,2.1936,2.2,11248
2025-05-03 12:00:00+00:00,2.2,2.2003,2.1794000000000002,2.193,11884
2025-05-03 16:00:00+00:00,2.193,2.2114,2.1901,2.1962,14045
2025-05-03 20:00:00+00:00,2.1962,2.1962,2.1707,2.186,16136
2025-05-04 00:00:00+00:00,2.1801,2.1942,2.1781,2.1831,11880
2025-05-04 04:00:00+00:00,2.1831,2.2139,2.18,2.1929,17563
2025-05-04 08:00:00+00:00,2.1932,2.2079,2.1866,2.1872,14079
2025-05-04 12:00:00+00:00,2.1872,2.1881,2.1731,2.184,12395
2025-05-04 16:00:00+00:00,2.184,2.2005,2.1672,2.1783,15222
2025-05-04 20:00:00+00:00,2.178,2.1817,2.1585,2.1765,13153
2025-05-05 00:00:00+00:00,2.1757,2.1808,2.1459,2.1623,16502
2025-05-05 04:00:00+00:00,2.1621,2.1637,2.1267,2.1599,18528
2025-05-05 08:00:00+00:00,2.1599,2.18,2.1568,2.1788,14703
2025-05-05 12:00:00+00:00,2.1787,2.1945,2.1277,2.1437,18736
2025-05-05 16:00:00+00:00,2.1437,2.1487,2.0999,2.1269,28345
2025-05-05 20:00:00+00:00,2.1269,2.1564,2.1093,2.1202,20352
2025-05-06 00:00:00+00:00,2.1223,2.1446,2.1119,2.1229,14009
2025-05-06 04:00:00+00:00,2.1229,2.135,2.0882,2.1172,18972
2025-05-06 08:00:00+00:00,2.1172,2.1188,2.0744,2.0913,19218
2025-05-06 12:00:00+00:00,2.0913,2.1031,2.0765,2.0954,24894
2025-05-06 16:00:00+00:00,2.0954,2.1221,2.0715,2.1054,26667
2025-05-06 20:00:00+00:00,2.1055,2.1416,2.1048999999999998,2.1225,22022
2025-05-07 00:00:00+00:00,2.1249,2.1654,2.1058,2.162,20635
2025-05-07 04:00:00+00:00,2.1617,2.167,2.1326,2.1414,16979
2025-05-07 08:00:00+00:00,2.1414,2.1443,2.1227,2.1427,14441
2025-05-07 12:00:00+00:00,2.1427,2.1461,2.1250999999999998,2.1292,13609
2025-05-07 16:00:00+00:00,2.1292,2.1403,2.1074,2.1183,21250
2025-05-07 20:00:00+00:00,2.1183,2.1291,2.0983,2.1101,26293
2025-05-08 00:00:00+00:00,2.1118,2.1319,2.1074,2.13,13634
2025-05-08 04:00:00+00:00,2.13,2.2012,2.1256,2.1769,25807
2025-05-08 08:00:00+00:00,2.1769,2.2135,2.163,2.2065,17845
2025-05-08 12:00:00+00:00,2.2067,2.2164,2.1962,2.2029,17828
2025-05-08 16:00:00+00:00,2.203,2.2702,2.1973,2.2463,30373
2025-05-08 20:00:00+00:00,2.2463,2.3132,2.2222,2.2983000000000002,24297
2025-05-09 00:00:00+00:00,2.3061,2.3266999999999998,2.2745,2.3112,25810
2025-05-09 04:00:00+00:00,2.3111,2.3246,2.2859,2.2957,26205
2025-05-09 08:00:00+00:00,2.2956,2.4222,2.2797,2.3626,29895
2025-05-09 12:00:00+00:00,2.3628,2.4234999999999998,2.3281,2.3767,42754
2025-05-09 16:00:00+00:00,2.3767,2.4016,2.3162,2.3213,38904
2025-05-09 20:00:00+00:00,2.3213,2.3625,2.3161,2.35,23906
2025-05-10 00:00:00+00:00,2.3405,2.3693,2.3253,2.3357,9658
2025-05-10 04:00:00+00:00,2.3357,2.3743,2.3349,2.3605,16205
2025-05-10 08:00:00+00:00,2.3605,2.3995,2.3475,2.3755,22882
2025-05-10 12:00:00+00:00,2.3756,2.4316,2.3615,2.3946,21753
2025-05-10 16:00:00+00:00,2.3946,2.42,2.3863,2.4166,25162
2025-05-10 20:00:00+00:00,2.4166,2.4447,2.3978,2.4157,27670
2025-05-11 00:00:00+00:00,2.4191,2.4778000000000002,2.394,2.4212,31065
2025-05-11 04:00:00+00:00,2.4213,2.4348,2.3764,2.412,28276
2025-05-11 08:00:00+00:00,2.4119,2.4123,2.3364,2.3508,27682
2025-05-11 12:00:00+00:00,2.3507,2.3835,2.346,2.3724,17803
2025-05-11 16:00:00+00:00,2.3724,2.3828,2.323,2.3422,27453
2025-05-11 20:00:00+00:00,2.3427,2.3786,2.3353,2.3686,23053
2025-05-12 00:00:00+00:00,2.3605,2.3911,2.3515,2.3908,20327
2025-05-12 04:00:00+00:00,2.391,2.4095,2.3456,2.3964,30318
2025-05-12 08:00:00+00:00,2.3964,2.4497,2.3708,2.4185,33957
2025-05-12 12:00:00+00:00,2.4185,2.5887000000000002,2.4055,2.5549,40468
2025-05-12 16:00:00+00:00,2.5549,2.651,2.5156,2.5849,52128
2025-05-12 20:00:00+00:00,2.5849,2.6083,2.4228,2.5267,41065
2025-05-13 00:00:00+00:00,2.5208,2.5509,2.4854,2.4879,27152
2025-05-13 04:00:00+00:00,2.4879,2.5004,2.4159,2.4802,37965
2025-05-13 08:00:00+00:00,2.4802,2.5109,2.4623,2.4947,24702
2025-05-13 12:00:00+00:00,2.4947,2.5627,2.4924,2.5395,33482
2025-05-13 16:00:00+00:00,2.5395,2.5707,2.5003,2.5465999999999998,36772
2025-05-13 20:00:00+00:00,2.5465999999999998,2.6021,2.5295,2.5774,29907
2025-05-14 00:00:00+00:00,2.5714,2.5973,2.5538,2.5633,23788
2025-05-14 04:00:00+00:00,2.5629999999999997,2.5918,2.5349,2.5721,26797
2025-05-14 08:00:00+00:00,2.5718,2.6337,2.5568999999999997,2.564,29582
2025-05-14 12:00:00+00:00,2.5643000000000002,2.6452,2.5562,2.5879,28647
2025-05-14 16:00:00+00:00,2.588,2.5949999999999998,2.5254,2.5435,37295
2025-05-14 20:00:00+00:00,2.5435,2.5663,2.5141,2.5589,22347
2025-05-15 00:00:00+00:00,2.5476,2.5676,2.5314,2.5627,14697
2025-05-15 04:00:00+00:00,2.5627,2.5629999999999997,2.507,2.5246,25149
2025-05-15 08:00:00+00:00,2.5246,2.5273,2.4435000000000002,2.4932,28354
2025-05-15 12:00:00+00:00,2.4932,2.4932,2.4426,2.4585,25638
2025-05-15 16:00:00+00:00,2.4585,2.4857,2.3996,2.4847,34745
2025-05-15 20:00:00+00:00,2.4846,2.5021,2.4153000000000002,2.4322,28937
2025-05-16 00:00:00+00:00,2.4247,2.4364,2.3484,2.3727,29259
2025-05-16 04:00:00+00:00,2.3733,2.4163,2.3407999999999998,2.4072,27055
2025-05-16 08:00:00+00:00,2.4072,2.425,2.367,2.3877,24024
2025-05-16 12:00:00+00:00,2.3877,2.4355,2.3863,2.4164,24175
2025-05-16 16:00:00+00:00,2.4164,2.4355,2.3905,2.4074,27426
2025-05-16 20:00:00+00:00,2.4074,2.4194,2.3803,2.3943,21755
2025-05-17 00:00:00+00:00,2.3961,2.3985,2.3354,2.3529,21491
2025-05-17 04:00:00+00:00,2.3529,2.3775,2.3083,2.3691,22785
2025-05-17 08:00:00+00:00,2.3691,2.385,2.3584,2.3632,20219
2025-05-17 12:00:00+00:00,2.3632,2.3715,2.3309,2.3343,22336
2025-05-17 16:00:00+00:00,2.3343,2.3511,2.2939,2.3116,23492
2025-05-17 20:00:00+00:00,2.3116,2.3585,2.3094,2.3548,23226
2025-05-18 00:00:00+00:00,2.3487,2.3611,2.3217,2.3542,19084
2025-05-18 04:00:00+00:00,2.3542,2.3659,2.3458,2.3627000000000002,16286
2025-05-18 08:00:00+00:00,2.3627000000000002,2.4008,2.3626,2.3893,16899
2025-05-18 12:00:00+00:00,2.3894,2.3941,2.3753,2.3857,13355
2025-05-18 16:00:00+00:00,2.3857,2.4449,2.3803,2.4325,22567
2025-05-18 20:00:00+00:00,2.4325,2.4325,2.3266999999999998,2.367,30115
2025-05-19 00:00:00+00:00,2.373,2.4361,2.3505,2.3926,25274
2025-05-19 04:00:00+00:00,2.3926,2.3999,2.3188,2.3288,30117
2025-05-19 08:00:00+00:00,2.3287,2.3465,2.2779,2.3021,29375
2025-05-19 12:00:00+00:00,2.3021,2.3217,2.2852,2.2941,24894
2025-05-19 16:00:00+00:00,2.2942,2.3614,2.2914,2.3611,28660
2025-05-19 20:00:00+00:00,2.3612,2.3962,2.3451,2.3823,24928
2025-05-20 00:00:00+00:00,2.3749000000000002,2.3933,2.3613,2.3711,17596
2025-05-20 04:00:00+00:00,2.3711,2.4038,2.3692,2.3825,22151
2025-05-20 08:00:00+00:00,2.3825,2.3879,2.3318,2.3519,19386
2025-05-20 12:00:00+00:00,2.352,2.3547000000000002,2.3189,2.3308,19803
2025-05-20 16:00:00+00:00,2.3308,2.3427,2.3157,2.33,25355
2025-05-20 20:00:00+00:00,2.33,2.3609999999999998,2.3095,2.3491,24177
2025-05-21 00:00:00+00:00,2.35,2.3602,2.3331,2.3465,19624
2025-05-21 04:00:00+00:00,2.3465,2.3749000000000002,2.3266999999999998,2.3661,22184
2025-05-21 08:00:00+00:00,2.3661,2.3846,2.3371,2.3451,25951
2025-05-21 12:00:00+00:00,2.3449999999999998,2.3584,2.3243,2.3503,18695
2025-05-21 16:00:00+00:00,2.3503,2.4249,2.3407999999999998,2.4115,32654
2025-05-21 20:00:00+00:00,2.4115,2.4164,2.3302,2.3789,35758
2025-05-22 00:00:00+00:00,2.3745,2.4118,2.3681,2.3999,21244
2025-05-22 04:00:00+00:00,2.3997,2.4193,2.385,2.414,24863
2025-05-22 08:00:00+00:00,2.414,2.436,2.383,2.429,23819
2025-05-22 12:00:00+00:00,2.4292,2.4508,2.4061,2.4241,25659
2025-05-22 16:00:00+00:00,2.4241,2.4346,2.4035,2.4166,27699
2025-05-22 20:00:00+00:00,2.4166,2.4318,2.4108,2.4154,19829
2025-05-23 00:00:00+00:00,2.4111000000000002,2.4375999999999998,2.3994,2.4293,21808
2025-05-23 04:00:00+00:00,2.4293,2.4752,2.4221,2.4514,35384
2025-05-23 08:00:00+00:00,2.4514,2.4556,2.4018,2.4338,30867
2025-05-23 12:00:00+00:00,2.4337,2.4491,2.2964,2.3439,39709
2025-05-23 16:00:00+00:00,2.3439,2.3789,2.3292,2.3582,44290
2025-05-23 20:00:00+00:00,2.3582,2.3707,2.3237,2.3255,29353
2025-05-24 00:00:00+00:00,2.3156,2.3332,2.2793,2.2957,20542
2025-05-24 04:00:00+00:00,2.2957,2.3438,2.2952,2.3401,17089
2025-05-24 08:00:00+00:00,2.3401,2.3422,2.3235,2.3395,16279
2025-05-24 12:00:00+00:00,2.3395,2.3555,2.3374,2.3455,17023
2025-05-24 16:00:00+00:00,2.3455,2.3522,2.3361,2.3448,15421
2025-05-24 20:00:00+00:00,2.3448,2.35,2.339,2.3441,10288
2025-05-25 00:00:00+00:00,2.3399,2.3419,2.294,2.3013,22758
2025-05-25 04:00:00+00:00,2.3013,2.322,2.2884,2.3198,26337
2025-05-25 08:00:00+00:00,2.3197,2.3214,2.2746,2.2852,26393
2025-05-25 12:00:00+00:00,2.2852,2.3013,2.2742,2.3005,29130
2025-05-25 16:00:00+00:00,2.3005,2.3061,2.2612,2.2822,29277
2025-05-25 20:00:00+00:00,2.2822,2.308,2.2821,2.3042,22036
2025-05-26 00:00:00+00:00,2.3047,2.3487999999999998,2.2947,2.348,18148
2025-05-26 04:00:00+00:00,2.348,2.3503,2.3304,2.3447,13492
2025-05-26 08:00:00+00:00,2.3447,2.3548999999999998,2.332,2.339,14379
2025-05-26 12:00:00+00:00,2.339,2.3434,2.3252,2.3367,14765
2025-05-26 16:00:00+00:00,2.3367,2.3407999999999998,2.3067,2.3084,21674
2025-05-26 20:00:00+00:00,2.3084,2.3131,2.2909,2.312,15156
2025-05-27 00:00:00+00:00,2.3098,2.3209,2.2946,2.2984999999999998,18451
2025-05-27 04:00:00+00:00,2.2984999999999998,2.2996,2.2627,2.2898,27387
2025-05-27 08:00:00+00:00,2.2898,2.311,2.2795,2.311,27910
2025-05-27 12:00:00+00:00,2.3111,2.3225,2.3032,2.321,22679
2025-05-27 16:00:00+00:00,2.3211,2.3496,2.3021,2.3354,31819
2025-05-27 20:00:00+00:00,2.3354,2.3455,2.3221,2.325,24915
2025-05-28 00:00:00+00:00,2.3167,2.3278,2.3009,2.3167,13645
2025-05-28 04:00:00+00:00,2.3167,2.3186,2.298,2.3088,15596
2025-05-28 08:00:00+00:00,2.3088,2.3094,2.2801,2.2971,13764
2025-05-28 12:00:00+00:00,2.2971,2.3111,2.2839,2.3029,16243
2025-05-28 16:00:00+00:00,2.303,2.3041,2.2471,2.2548,22454
2025-05-28 20:00:00+00:00,2.2548,2.2624,2.2211,2.249,17766
2025-05-29 00:00:00+00:00,2.2455,2.2922000000000002,2.2455,2.291,20068
2025-05-29 04:00:00+00:00,2.291,2.3083,2.2685,2.2778,24775
2025-05-29 08:00:00+00:00,2.278,2.2923999999999998,2.2701000000000002,2.2906,24548
2025-05-29 12:00:00+00:00,2.2906,2.3003,2.2833,2.291,23137
2025-05-29 16:00:00+00:00,2.2908,2.3045,2.2609,2.2665,31151
2025-05-29 20:00:00+00:00,2.2666,2.2865,2.2479,2.2673,26535
2025-05-30 00:00:00+00:00,2.2652,2.2782999999999998,2.1222,2.1496,17633
2025-05-30 04:00:00+00:00,2.1502,2.2265,2.1445,2.2176,23535
2025-05-30 08:00:00+00:00,2.2176,2.2207,2.1698,2.1834,25922
2025-05-30 12:00:00+00:00,2.1834,2.2095,2.1657,2.1909,25450
2025-05-30 16:00:00+00:00,2.1907,2.1983,2.1295,2.1489,33462
2025-05-30 20:00:00+00:00,2.1489,2.2009,2.1478,2.1867,23998
2025-05-31 00:00:00+00:00,2.1777,2.1797,2.1007,2.1241,34853
2025-05-31 04:00:00+00:00,2.1241,2.1405,2.0736,2.1291,41507
2025-05-31 08:00:00+00:00,2.1291,2.1361,2.1232,2.1250999999999998,6430
2025-05-31 20:00:00+00:00,2.1873,2.2021,2.178,2.1897,21943
2025-06-01 00:00:00+00:00,2.1868,2.1965,2.1587,2.168,14360
2025-06-01 04:00:00+00:00,2.168,2.1747,2.1448,2.1687,17728
2025-06-01 08:00:00+00:00,2.1685,2.1727,2.1391,2.1439,14747
2025-06-01 12:00:00+00:00,2.1439,2.1461,2.118,2.1282,20572
2025-06-01 16:00:00+00:00,2.1282,2.1711,2.126,2.1651,18921
2025-06-01 20:00:00+00:00,2.1651,2.1728,2.1406,2.1512000000000002,15123
2025-06-02 00:00:00+00:00,2.1508,2.1843,2.1508,2.1671,22657
2025-06-02 04:00:00+00:00,2.1669,2.1798,2.1461,2.1659,28110
2025-06-02 08:00:00+00:00,2.1656,2.1757,2.153,2.1596,22620
2025-06-02 12:00:00+00:00,2.1596,2.1598,2.1315,2.1481,28968
2025-06-02 16:00:00+00:00,2.1481,2.1609,2.1332,2.1591,31494
2025-06-02 20:00:00+00:00,2.1591,2.1808,2.1521,2.1727,24223
2025-06-03 00:00:00+00:00,2.1696,2.2059,2.1696,2.2003,18870
2025-06-03 04:00:00+00:00,2.2003,2.2185,2.1835,2.1864,16209
2025-06-03 08:00:00+00:00,2.1864,2.203,2.1797,2.1874000000000002,10219
2025-06-03 12:00:00+00:00,2.1874000000000002,2.2216,2.1848,2.2214,12685
2025-06-03 16:00:00+00:00,2.2214,2.2735,2.202,2.2508,27628
2025-06-03 20:00:00+00:00,2.2503,2.2781000000000002,2.2363,2.2483,20531
2025-06-04 00:00:00+00:00,2.2587,2.2675,2.2259,2.2439999999999998,22341
2025-06-04 04:00:00+00:00,2.2439999999999998,2.2627,2.2399,2.241,23476
2025-06-04 08:00:00+00:00,2.241,2.248,2.2237999999999998,2.2454,24224
2025-06-04 12:00:00+00:00,2.2454,2.2609,2.2312,2.2342,25322
2025-06-04 16:00:00+00:00,2.2342,2.257,2.2152,2.241,25491
2025-06-04 20:00:00+00:00,2.241,2.2412,2.1921,2.1998,21519
2025-06-05 00:00:00+00:00,2.1924,2.2126,2.1828,2.2063,20651
2025-06-05 04:00:00+00:00,2.2063,2.2103,2.1936,2.2091,19370
2025-06-05 08:00:00+00:00,2.2091,2.2096,2.1796,2.1907,25766
2025-06-05 12:00:00+00:00,2.1907,2.2211,2.1864,2.2182,17972
2025-06-05 16:00:00+00:00,2.2185,2.223,2.1585,2.1626,30662
2025-06-05 20:00:00+00:00,2.1626,2.1701,2.0591,2.0618,34562
2025-06-06 00:00:00+00:00,2.0546,2.0999,2.0546,2.0944,24393
2025-06-06 04:00:00+00:00,2.0946,2.1390000000000002,2.0848,2.1329,23641
2025-06-06 08:00:00+00:00,2.1333,2.1375,2.1189,2.1353,19529
2025-06-06 12:00:00+00:00,2.1353,2.1638,2.1344,2.1504,20139
2025-06-06 16:00:00+00:00,2.1504,2.1884,2.1504,2.1669,26249
2025-06-06 20:00:00+00:00,2.1669,2.1789,2.1579,2.1721,16267
2025-06-07 00:00:00+00:00,2.1702,2.1721,2.1439,2.1657,12625
2025-06-07 04:00:00+00:00,2.1658,2.1765,2.1529,2.169,16952
2025-06-07 08:00:00+00:00,2.169,2.1868,2.168,2.1724,13537
2025-06-07 12:00:00+00:00,2.1724,2.1851,2.1707,2.1796,11187
2025-06-07 16:00:00+00:00,2.1796,2.1868,2.1739,2.1742,9836
2025-06-07 20:00:00+00:00,2.1741,2.1786,2.1683,2.1771,9746
2025-06-08 00:00:00+00:00,2.1736,2.1827,2.1664,2.1673,8781
2025-06-08 04:00:00+00:00,2.1673,2.1731,2.1621,2.1726,11892
2025-06-08 08:00:00+00:00,2.1726,2.2194,2.1726,2.2075,21682
2025-06-08 12:00:00+00:00,2.2079,2.2592,2.1918,2.2555,27918
2025-06-08 16:00:00+00:00,2.2554,2.2892,2.2488,2.2746,28426
2025-06-08 20:00:00+00:00,2.2747,2.2912,2.2697,2.2769,22777
2025-06-09 00:00:00+00:00,2.2769,2.2843,2.2500999999999998,2.2553,25128
2025-06-09 04:00:00+00:00,2.2553,2.2565,2.2226,2.2243,22435
2025-06-09 08:00:00+00:00,2.2243,2.2394,2.2179,2.2384,15549
2025-06-09 12:00:00+00:00,2.2384,2.2667,2.234,2.2631,23887
2025-06-09 16:00:00+00:00,2.2631,2.2831,2.2356,2.2757,27531
2025-06-09 20:00:00+00:00,2.2757,2.3103,2.2752,2.3,22263
2025-06-10 00:00:00+00:00,2.2978,2.3247,2.2974,2.3104,23800
2025-06-10 04:00:00+00:00,2.3103,2.3142,2.2875,2.2894,19621
2025-06-10 08:00:00+00:00,2.2894,2.2923,2.2683,2.2721,19474
2025-06-10 12:00:00+00:00,2.2721999999999998,2.3143000000000002,2.2654,2.3106,28757
2025-06-10 16:00:00+00:00,2.3106,2.3113,2.2544,2.2676,28107
2025-06-10 20:00:00+00:00,2.2676,2.3078,2.2658,2.2932,25677
2025-06-11 00:00:00+00:00,2.2799,2.3079,2.2799,2.2848,26801
2025-06-11 04:00:00+00:00,2.2845,2.2968,2.2727,2.2859,19359
2025-06-11 08:00:00+00:00,2.2859,2.3226,2.2777,2.3184,24533
2025-06-11 12:00:00+00:00,2.3184,2.3302,2.2971,2.3189,28489
2025-06-11 16:00:00+00:00,2.3189,2.3335,2.3049,2.3129,33725
2025-06-11 20:00:00+00:00,2.3129,2.3196,2.275,2.2887,32503
2025-06-12 00:00:00+00:00,2.2903000000000002,2.2955,2.2475,2.2618,20850
2025-06-12 04:00:00+00:00,2.2618,2.2631,2.2321,2.2423,27860
2025-06-12 08:00:00+00:00,2.2423,2.2528,2.2263,2.2397,22668
2025-06-12 12:00:00+00:00,2.2397,2.2449,2.2163,2.2293,23210
2025-06-12 16:00:00+00:00,2.2293,2.2481,2.2229,2.2383,25122
2025-06-12 20:00:00+00:00,2.2383,2.2511,2.1653000000000002,2.1761,26053
2025-06-13 00:00:00+00:00,2.1793,2.2009,2.0891,2.1204,26490
2025-06-13 04:00:00+00:00,2.1204,2.1303,2.0793,2.1188,43281
2025-06-13 08:00:00+00:00,2.1188,2.1524,2.0887000000000002,2.1314,39574
2025-06-13 12:00:00+00:00,2.1313,2.1586,2.1195,2.1468,37500
2025-06-13 16:00:00+00:00,2.1467,2.1564,2.1176,2.1494,37737
2025-06-13 20:00:00+00:00,2.1494,2.1494,2.1117,2.1359,36668
2025-06-14 00:00:00+00:00,2.138,2.1474,2.1306,2.1357,15700
2025-06-14 04:00:00+00:00,2.1357,2.1656,2.1285,2.1596,15083
2025-06-14 08:00:00+00:00,2.1597,2.1742,2.1442,2.1689,20740
2025-06-14 12:00:00+00:00,2.1689,2.1739,2.1549,2.1675,7666
2025-06-14 16:00:00+00:00,2.1675,2.1715,2.1129,2.12,19173
2025-06-14 20:00:00+00:00,2.12,2.1361,2.1047,2.1234,29685
2025-06-15 00:00:00+00:00,2.1107,2.1453,2.1106,2.1439,14179
2025-06-15 04:00:00+00:00,2.1437,2.1576,2.1372,2.1551,21576
2025-06-15 08:00:00+00:00,2.1551,2.1587,2.142,2.15,18676
2025-06-15 12:00:00+00:00,2.15,2.1631,2.1461,2.1597,20634
2025-06-15 16:00:00+00:00,2.1597,2.1726,2.1537,2.1624,28324
2025-06-15 20:00:00+00:00,2.1624,2.1671,2.1358,2.1408,24135
2025-06-16 00:00:00+00:00,2.1419,2.166,2.1322,2.1619,19927
2025-06-16 04:00:00+00:00,2.1619,2.1833,2.1463,2.1742,25043
2025-06-16 08:00:00+00:00,2.1743,2.2022,2.1691,2.1971,23651
2025-06-16 12:00:00+00:00,2.1971,2.2677,2.1911,2.2428,27517
2025-06-16 16:00:00+00:00,2.2427,2.3224,2.2411,2.3057,35857
2025-06-16 20:00:00+00:00,2.3057,2.3327,2.3008,2.3136,24867
2025-06-17 00:00:00+00:00,2.3162,2.3204000000000002,2.1938,2.2492,31721
2025-06-17 04:00:00+00:00,2.2492,2.2528,2.2225,2.2395,37793
2025-06-17 08:00:00+00:00,2.2395,2.2488,2.2103,2.212,34345
2025-06-17 12:00:00+00:00,2.2124,2.2214,2.1828,2.2021,32761
2025-06-17 16:00:00+00:00,2.2021,2.2207,2.1427,2.1437,39095
2025-06-17 20:00:00+00:00,2.1437,2.1995,2.1366,2.1648,38417
2025-06-18 00:00:00+00:00,2.1624,2.1682,2.1385,2.162,22599
2025-06-18 04:00:00+00:00,2.162,2.173,2.1498,2.1678,22905
2025-06-18 08:00:00+00:00,2.168,2.1714,2.1422,2.151,23966
2025-06-18 12:00:00+00:00,2.151,2.1592000000000002,2.1197,2.1269,28568
2025-06-18 16:00:00+00:00,2.1269,2.1576,2.1133,2.1364,32852
2025-06-18 20:00:00+00:00,2.1364,2.1738,2.1222,2.1672,30484
2025-06-19 00:00:00+00:00,2.1609,2.1804,2.1527,2.1719,22647
2025-06-19 04:00:00+00:00,2.172,2.1728,2.1512000000000002,2.1634,20484
2025-06-19 08:00:00+00:00,2.1634,2.1715,2.1491,2.1523,20643
2025-06-19 12:00:00+00:00,2.1523,2.1625,2.1437,2.1498,24922
2025-06-19 16:00:00+00:00,2.1498,2.1559,2.1394,2.1524,28546
2025-06-19 20:00:00+00:00,2.1524,2.1727,2.1524,2.1612,23940
2025-06-20 00:00:00+00:00,2.1476,2.1686,2.1476,2.1661,14998
2025-06-20 04:00:00+00:00,2.1661,2.1669,2.1411,2.142,17032
2025-06-20 08:00:00+00:00,2.142,2.1724,2.1344,2.1627,26521
2025-06-20 12:00:00+00:00,2.1626,2.1727,2.1587,2.1673999999999998,24743
2025-06-20 16:00:00+00:00,2.1673999999999998,2.1748,2.1113,2.1164,37817
2025-06-20 20:00:00+00:00,2.1164,2.1437,2.0803,2.1313,35271
2025-06-21 00:00:00+00:00,2.1228,2.1231,2.1033,2.113,14889
2025-06-21 04:00:00+00:00,2.113,2.1274,2.1121,2.1164,19548
2025-06-21 08:00:00+00:00,2.1164,2.1351,2.1138,2.1346,18467
2025-06-21 12:00:00+00:00,2.1346,2.1407,2.1246,2.1252,19275
2025-06-21 16:00:00+00:00,2.1252,2.1274,2.1037,2.1075,26481
2025-06-21 20:00:00+00:00,2.1075,2.1117,2.0622,2.0832,31609
2025-06-22 00:00:00+00:00,2.0806,2.0834,1.9872,2.0775,38348
2025-06-22 04:00:00+00:00,2.0775,2.0836,2.0455,2.069,21255
2025-06-22 08:00:00+00:00,2.069,2.0853,2.0575,2.0678,27745
2025-06-22 12:00:00+00:00,2.0678,2.074,1.9950999999999999,2.0185,35465
2025-06-22 16:00:00+00:00,2.0182,2.0239,1.9169,1.9564,48086
2025-06-22 20:00:00+00:00,1.9565000000000001,1.9792,1.9035,1.9616,38469
2025-06-23 00:00:00+00:00,1.9613,2.0286,1.9367,2.0125,33403
2025-06-23 04:00:00+00:00,2.0125,2.0225,1.999,2.0179,24864
2025-06-23 08:00:00+00:00,2.0179,2.0328,2.0068,2.0206,23730
2025-06-23 12:00:00+00:00,2.0206,2.0211,1.9865,2.0205,22760
2025-06-23 16:00:00+00:00,2.0205,2.0392,1.9618,1.9726,42100
2025-06-23 20:00:00+00:00,1.9726,2.1004,1.9661,2.0788,40313
2025-06-24 00:00:00+00:00,2.0829,2.1721,2.0757,2.1518,31200
2025-06-24 04:00:00+00:00,2.1518,2.1619,2.1322,2.1505,26045
2025-06-24 08:00:00+00:00,2.1505,2.2119,2.1505,2.1814,33783
2025-06-24 12:00:00+00:00,2.1814,2.2077,2.1634,2.1805,28624
2025-06-24 16:00:00+00:00,2.1805,2.2106,2.1661,2.2102,35948
2025-06-24 20:00:00+00:00,2.2104,2.2162,2.1848,2.2148,31554
2025-06-25 00:00:00+00:00,2.2012,2.2125,2.1783,2.1969,24022
2025-06-25 04:00:00+00:00,2.1968,2.1993,2.1733000000000002,2.1774,26767
2025-06-25 08:00:00+00:00,2.1774,2.19,2.1705,2.1841,23053
2025-06-25 12:00:00+00:00,2.1841,2.1979,2.1756,2.189,26938
2025-06-25 16:00:00+00:00,2.189,2.2303,2.1726,2.1761,35262
2025-06-25 20:00:00+00:00,2.1761,2.2083,2.1753,2.196,25353
2025-06-26 00:00:00+00:00,2.1969,2.2013,2.1755,2.1882,17184
2025-06-26 04:00:00+00:00,2.1882,2.2139,2.181,2.1955,27789
2025-06-26 08:00:00+00:00,2.1955,2.1997,2.182,2.1904,25468
2025-06-26 12:00:00+00:00,2.1904,2.1911,2.1549,2.1574,23497
2025-06-26 16:00:00+00:00,2.1571,2.1603,2.0956,2.1013,36602
2025-06-26 20:00:00+00:00,2.1013,2.1469,2.1011,2.138,28449
2025-06-27 00:00:00+00:00,2.1303,2.1303,2.0836,2.084,20042
2025-06-27 04:00:00+00:00,2.084,2.1151,2.0786,2.1118,20265
2025-06-27 08:00:00+00:00,2.1118,2.1151,2.0831,2.1011,20636
2025-06-27 12:00:00+00:00,2.1011,2.1022,2.0761,2.0825,19591
2025-06-27 16:00:00+00:00,2.0825,2.1229,2.069,2.113,29078
2025-06-27 20:00:00+00:00,2.1128,2.116,2.0721,2.1087,25897
2025-06-28 00:00:00+00:00,2.134,2.1537,2.1269,2.146,15832
2025-06-28 04:00:00+00:00,2.146,2.1922,2.1385,2.1795,17183
2025-06-28 08:00:00+00:00,2.1794000000000002,2.2016999999999998,2.1767,2.1825,15587
2025-06-28 12:00:00+00:00,2.1825,2.2005,2.1814999999999998,2.1861,12617
2025-06-28 16:00:00+00:00,2.1861,2.2085,2.1824,2.1932,13106
2025-06-28 20:00:00+00:00,2.1932,2.2028,2.1798,2.1826,13146
2025-06-29 00:00:00+00:00,2.1806,2.1898,2.1704,2.1814,11738
2025-06-29 04:00:00+00:00,2.1814,2.1904,2.1753,2.1826,9753
2025-06-29 08:00:00+00:00,2.1827,2.1925,2.1812,2.1906,7281
2025-06-29 12:00:00+00:00,2.1904,2.1978,2.1855,2.1932,13668
2025-06-29 16:00:00+00:00,2.1932,2.197,2.1809,2.1889,14377
2025-06-29 20:00:00+00:00,2.1889,2.1948,2.1814,2.1823,8006
2025-06-30 00:00:00+00:00,2.1819,2.2204,2.1801,2.2025,18601
2025-06-30 04:00:00+00:00,2.2026,2.2039,2.1867,2.1897,11814
2025-06-30 08:00:00+00:00,2.1896,2.1941,2.1728,2.1782,11953
2025-06-30 12:00:00+00:00,2.1783,2.1859,2.1689,2.1737,15269
2025-06-30 16:00:00+00:00,2.1737,2.2147,2.1661,2.2003,24243
2025-06-30 20:00:00+00:00,2.2003,2.3271,2.1989,2.2909,29586
2025-07-01 00:00:00+00:00,2.2776,2.2862,2.2322,2.2388,18944
2025-07-01 04:00:00+00:00,2.2388,2.2542,2.2206,2.2236,18949
2025-07-01 08:00:00+00:00,2.2236,2.2269,2.2062,2.2093,16650
2025-07-01 12:00:00+00:00,2.2093,2.2125,2.1923,2.1969,13630
2025-07-01 16:00:00+00:00,2.1969,2.2101,2.1761,2.1986,27406
2025-07-01 20:00:00+00:00,2.1986,2.2016999999999998,2.1453,2.1764,18945
2025-07-02 00:00:00+00:00,2.1706,2.1812,2.1648,2.1654,13404
2025-07-02 04:00:00+00:00,2.1654,2.1879,2.1567,2.1859,13784
2025-07-02 08:00:00+00:00,2.186,2.2047,2.1833,2.1974,12908
2025-07-02 12:00:00+00:00,2.1975,2.1979,2.1686,2.1758,13333
2025-07-02 16:00:00+00:00,2.1758,2.2912,2.1738,2.2567,28153
2025-07-02 20:00:00+00:00,2.2567,2.2716,2.2277,2.2554,24795
2025-07-03 00:00:00+00:00,2.2531,2.263,2.2242,2.2435,17262
2025-07-03 04:00:00+00:00,2.2435,2.2582,2.2334,2.2552,17474
2025-07-03 08:00:00+00:00,2.2552,2.2902,2.2528,2.2773,16073
2025-07-03 12:00:00+00:00,2.2773,2.312,2.2641999999999998,2.2827,24737
2025-07-03 16:00:00+00:00,2.2827,2.3104,2.2393,2.2594,29453
2025-07-03 20:00:00+00:00,2.2594,2.2836,2.2569,2.2778,13287
2025-07-04 00:00:00+00:00,2.2744,2.2806,2.2531,2.2629,15239
2025-07-04 04:00:00+00:00,2.2629,2.2683,2.2393,2.241,14052
2025-07-04 08:00:00+00:00,2.241,2.2496,2.2079,2.2237,16168
2025-07-04 12:00:00+00:00,2.2237,2.2442,2.2221,2.2375,12942
2025-07-04 16:00:00+00:00,2.2375,2.2428,2.1964,2.2104,26904
2025-07-04 20:00:00+00:00,2.2103,2.2263,2.2067,2.2207,14178
2025-07-05 00:00:00+00:00,2.2184,2.2294,2.2077,2.2239,11164
2025-07-05 04:00:00+00:00,2.2239,2.2286,2.2102,2.2218999999999998,10326
2025-07-05 08:00:00+00:00,2.2218999999999998,2.2344,2.217,2.221,11822
2025-07-05 12:00:00+00:00,2.221,2.2263,2.2122,2.2217000000000002,12513
2025-07-05 16:00:00+00:00,2.2218,2.2306,2.2143,2.2192,12961
2025-07-05 20:00:00+00:00,2.2192,2.2216,2.2021,2.2108,11477
2025-07-06 00:00:00+00:00,2.2102,2.2215,2.2081,2.2205,7176
2025-07-06 04:00:00+00:00,2.2209,2.2232,2.2088,2.2205,6983
2025-07-06 08:00:00+00:00,2.2204,2.2543,2.2193,2.2428,12283
2025-07-06 12:00:00+00:00,2.2424,2.2852,2.2384,2.275,18698
2025-07-06 16:00:00+00:00,2.2749,2.2898,2.265,2.2749,23217
2025-07-06 20:00:00+00:00,2.2749,2.2752,2.2459,2.2702,17517
2025-07-07 00:00:00+00:00,2.2726,2.2889,2.2618,2.2645,16369
2025-07-07 04:00:00+00:00,2.2645,2.2796,2.2569,2.2646,12990
2025-07-07 08:00:00+00:00,2.2647,2.2768,2.2546,2.2747,12243
2025-07-07 12:00:00+00:00,2.2743,2.2977,2.2701000000000002,2.2755,20461
2025-07-07 16:00:00+00:00,2.2755,2.3533,2.2728,2.3202,35735
2025-07-07 20:00:00+00:00,2.3202,2.3315,2.2638,2.2679,26077
2025-07-08 00:00:00+00:00,2.2697,2.2829,2.2575,2.2651,15202
2025-07-08 04:00:00+00:00,2.265,2.2672,2.2484,2.2667,15475
2025-07-08 08:00:00+00:00,2.2667,2.2862,2.2569,2.2786,14273
2025-07-08 12:00:00+00:00,2.2786,2.3051,2.2766,2.2989,15190
2025-07-08 16:00:00+00:00,2.2989,2.3002000000000002,2.2775,2.2915,23093
2025-07-08 20:00:00+00:00,2.2916,2.3224,2.2904,2.2978,24244
2025-07-09 00:00:00+00:00,2.3007,2.3122,2.2975,2.3039,12463
2025-07-09 04:00:00+00:00,2.3038,2.3241,2.3002000000000002,2.3217,16907
2025-07-09 08:00:00+00:00,2.3216,2.3399,2.3165,2.3355,17414
2025-07-09 12:00:00+00:00,2.3355,2.4022,2.3297,2.3842,26567
2025-07-09 16:00:00+00:00,2.3844,2.3998,2.35,2.3849,28825
2025-07-09 20:00:00+00:00,2.3849,2.4278,2.3754,2.3925,30233
2025-07-10 00:00:00+00:00,2.4006,2.4192,2.3936,2.3947,22937
2025-07-10 04:00:00+00:00,2.3948,2.4375,2.3947,2.4252000000000002,21762
2025-07-10 08:00:00+00:00,2.4251,2.459,2.411,2.4504,23762
2025-07-10 12:00:00+00:00,2.4503,2.4627,2.4274,2.4449,24359
2025-07-10 16:00:00+00:00,2.4449,2.481,2.4199,2.4757,33174
2025-07-10 20:00:00+00:00,2.4757,2.5141,2.4737,2.4988,33982
2025-07-11 00:00:00+00:00,2.5023999999999997,2.5677,2.4988,2.5275,29750
2025-07-11 04:00:00+00:00,2.5275,2.5933,2.5253,2.5757,25701
2025-07-11 08:00:00+00:00,2.5757,2.6018,2.5543,2.5876,26575
2025-07-11 12:00:00+00:00,2.5877,2.6964,2.5789999999999997,2.6957,30480
2025-07-11 16:00:00+00:00,2.6954000000000002,2.9757,2.6715,2.7866999999999997,54287
2025-07-11 20:00:00+00:00,2.7866999999999997,2.8593,2.7535,2.7818,37447
2025-07-12 00:00:00+00:00,2.7122,2.7532,2.6598,2.7199999999999998,33906
2025-07-12 04:00:00+00:00,2.7199999999999998,2.8467000000000002,2.7199,2.7753,32843
2025-07-12 08:00:00+00:00,2.7754,2.7992,2.7559,2.7906,26707
2025-07-12 12:00:00+00:00,2.7904999999999998,2.8482,2.7535,2.7865,31882
2025-07-12 16:00:00+00:00,2.7865,2.7981,2.6625,2.7077999999999998,38128
2025-07-12 20:00:00+00:00,2.7077999999999998,2.7541,2.686,2.6884,24980
2025-07-13 00:00:00+00:00,2.7037,2.7560000000000002,2.6978,2.7395,23494
2025-07-13 04:00:00+00:00,2.7394,2.7854,2.7342,2.7812,26778
2025-07-13 08:00:00+00:00,2.7812,2.8158,2.7689,2.7941000000000003,25414
2025-07-13 12:00:00+00:00,2.7941000000000003,2.8293,2.7711,2.8217,25949
2025-07-13 16:00:00+00:00,2.8217,2.8938,2.7988,2.8239,41839
2025-07-13 20:00:00+00:00,2.8239,2.8821,2.8111,2.8497,32824
2025-07-14 00:00:00+00:00,2.8481,2.8493,2.7638,2.8475,30334
2025-07-14 04:00:00+00:00,2.8474,2.9474,2.8391,2.9405,36643
2025-07-14 08:00:00+00:00,2.9403,3.0055,2.8696,2.9784,46463
2025-07-14 12:00:00+00:00,2.9788,3.0219,2.9407,2.9606,44496
2025-07-14 16:00:00+00:00,2.9606,3.0336,2.9061,2.993,52980
2025-07-14 20:00:00+00:00,2.993,2.9953,2.8754,2.9276,41264
2025-07-15 00:00:00+00:00,2.9254,2.9642,2.9031000000000002,2.9081,27339
2025-07-15 04:00:00+00:00,2.9081,2.9215999999999998,2.8032,2.8685,51899
2025-07-15 08:00:00+00:00,2.8685,2.8867000000000003,2.8224,2.8493,36546
2025-07-15 12:00:00+00:00,2.8493,2.9322,2.8475,2.896,42462
2025-07-15 16:00:00+00:00,2.8962,2.9332000000000003,2.84,2.9043,49084
2025-07-15 20:00:00+00:00,2.9044,2.9455999999999998,2.8529999999999998,2.8718,42127
2025-07-16 00:00:00+00:00,2.8642,2.935,2.8642,2.9314999999999998,30193
2025-07-16 04:00:00+00:00,2.9312,2.9370000000000003,2.8768000000000002,2.9111000000000002,31572
2025-07-16 08:00:00+00:00,2.9112,2.9615,2.9092000000000002,2.9571,27846
2025-07-16 12:00:00+00:00,2.9571,2.9746,2.9429,2.965,30387
2025-07-16 16:00:00+00:00,2.965,3.0076,2.9542,2.9929,47442
2025-07-16 20:00:00+00:00,2.9928,3.1022,2.9881,3.062,46202
2025-07-17 00:00:00+00:00,3.0567,3.0942,3.0225,3.0558,41341
2025-07-17 04:00:00+00:00,3.0558,3.0767,2.9854000000000003,3.0752,37462
2025-07-17 08:00:00+00:00,3.0752,3.2401,3.0649,3.2368,47021
2025-07-17 12:00:00+00:00,3.2368,3.2995,3.2195,3.2601,51689
2025-07-17 16:00:00+00:00,3.2592,3.2739,3.169,3.2663,51055
2025-07-17 20:00:00+00:00,3.2663,3.3995,3.2559,3.3575,53592
2025-07-18 00:00:00+00:00,3.3789,3.6589,3.3767,3.6576,59566
2025-07-18 04:00:00+00:00,3.6577,3.666,3.5464,3.5945,48016
2025-07-18 08:00:00+00:00,3.5944000000000003,3.6428000000000003,3.4224,3.4445,51887
2025-07-18 12:00:00+00:00,3.4445,3.5327,3.3997,3.5031,51690
2025-07-18 16:00:00+00:00,3.5031,3.5484999999999998,3.3449,3.4395,57460
2025-07-18 20:00:00+00:00,3.4394,3.4804,3.359,3.4239,51406
2025-07-19 00:00:00+00:00,3.4417,3.4661,3.3595,3.4306,18708
2025-07-19 04:00:00+00:00,3.4304,3.4859999999999998,3.3974,3.4618,22410
2025-07-19 08:00:00+00:00,3.4617,3.4756,3.4175,3.4393000000000002,28567
2025-07-19 12:00:00+00:00,3.4393000000000002,3.4664,3.3821,3.4172000000000002,40631
2025-07-19 16:00:00+00:00,3.4172000000000002,3.4595000000000002,3.3552,3.4443,40919
2025-07-19 20:00:00+00:00,3.4444,3.4521,3.4097,3.4212,28568
2025-07-20 00:00:00+00:00,3.4171,3.4349,3.3794,3.4282,25246
2025-07-20 04:00:00+00:00,3.4281,3.4521,3.3867,3.4248,39165
2025-07-20 08:00:00+00:00,3.4248,3.5012,3.4025,3.4999000000000002,31663
2025-07-20 12:00:00+00:00,3.4997,3.5362,3.4764,3.4918,41576
2025-07-20 16:00:00+00:00,3.4918,3.5488,3.4865,3.5183999999999997,44211
2025-07-20 20:00:00+00:00,3.5171,3.5585,3.483,3.5061,46725
2025-07-21 00:00:00+00:00,3.4957,3.51,3.4045,3.4528,38112
2025-07-21 04:00:00+00:00,3.4528,3.5097,3.4271,3.5069,31986
2025-07-21 08:00:00+00:00,3.5069,3.5827999999999998,3.4896,3.5597,39791
2025-07-21 12:00:00+00:00,3.5597,3.5776,3.4984,3.5392,37896
2025-07-21 16:00:00+00:00,3.5392,3.6523,3.5168,3.5924,50067
2025-07-21 20:00:00+00:00,3.5924,3.626,3.5220000000000002,3.5261,41369
2025-07-22 00:00:00+00:00,3.5220000000000002,3.5757,3.5220000000000002,3.5305999999999997,30023
2025-07-22 04:00:00+00:00,3.5305999999999997,3.5758,3.4231,3.4236,48118
2025-07-22 08:00:00+00:00,3.4239,3.5004999999999997,3.423,3.4696,35237
2025-07-22 12:00:00+00:00,3.4696,3.5279,3.4298,3.5158,39843
2025-07-22 16:00:00+00:00,3.5158,3.54,3.4406,3.5288,44265
2025-07-22 20:00:00+00:00,3.5288,3.581,3.5089,3.5389,42116
2025-07-23 00:00:00+00:00,3.5319000000000003,3.5564,3.5119,3.5193,21892
2025-07-23 04:00:00+00:00,3.5193,3.5293,3.4856,3.512,26945
2025-07-23 08:00:00+00:00,3.512,3.5121,3.4577999999999998,3.4756,24391
2025-07-23 12:00:00+00:00,3.4756,3.4772,3.3077,3.3464,31497
2025-07-23 16:00:00+00:00,3.3474,3.3715,3.2178,3.2305,55713
2025-07-23 20:00:00+00:00,3.2305,3.2629,3.0707,3.1488,52127
2025-07-24 00:00:00+00:00,3.1446,3.2312,3.0449,3.2246,41760
2025-07-24 04:00:00+00:00,3.2246,3.2381,3.1171,3.1263,40739
2025-07-24 08:00:00+00:00,3.1264,3.1318,2.953,3.1029,54591
2025-07-24 12:00:00+00:00,3.1029,3.1822,3.0661,3.1625,46338
2025-07-24 16:00:00+00:00,3.1625,3.268,3.1189999999999998,3.198,52142
2025-07-24 20:00:00+00:00,3.198,3.2619,3.1936,3.2344,40778
2025-07-25 00:00:00+00:00,3.2297,3.2319,3.0922,3.1069,33850
2025-07-25 04:00:00+00:00,3.1067,3.1624,3.0411,3.1144,36152
2025-07-25 08:00:00+00:00,3.1143,3.1175,3.0352,3.0802,40548
2025-07-25 12:00:00+00:00,3.0801,3.1544,3.0654,3.1235,39267
2025-07-25 16:00:00+00:00,3.1235,3.1391999999999998,3.0,3.0594,49501
2025-07-25 20:00:00+00:00,3.0594,3.1334,3.0485,3.1264,38836
2025-07-26 00:00:00+00:00,3.1298,3.1505,3.1236,3.1343,26035
2025-07-26 04:00:00+00:00,3.1344,3.1624,3.1079,3.1491,26300
2025-07-26 08:00:00+00:00,3.1491,3.1802,3.1411,3.1759,19159
2025-07-26 12:00:00+00:00,3.1759,3.212,3.1721,3.1916,20075
2025-07-26 16:00:00+00:00,3.1917,3.2199,3.1764,3.1931,25306
2025-07-26 20:00:00+00:00,3.1931,3.1971,3.1591,3.1846,30008
2025-07-27 00:00:00+00:00,3.1756,3.2098,3.1564,3.1824,25034
2025-07-27 04:00:00+00:00,3.1824,3.2199,3.1756,3.21,31953
2025-07-27 08:00:00+00:00,3.2096,3.2394,3.1742,3.1863,21929
2025-07-27 12:00:00+00:00,3.1862,3.2161,3.1643,3.1968,31023
2025-07-27 16:00:00+00:00,3.1963,3.2295,3.1683,3.1968,38523
2025-07-27 20:00:00+00:00,3.1968,3.2318,3.1757,3.1978,33405
2025-07-28 00:00:00+00:00,3.1953,3.2871,3.185,3.2626,36586
2025-07-28 04:00:00+00:00,3.2629,3.293,3.2231,3.2726,37255
2025-07-28 08:00:00+00:00,3.2726,3.331,3.2499000000000002,3.2645,37073
2025-07-28 12:00:00+00:00,3.2645,3.2652,3.2241,3.2304,26372
2025-07-28 16:00:00+00:00,3.2304,3.2316,3.1405,3.1698,42172
2025-07-28 20:00:00+00:00,3.1696,3.1817,3.1106,3.146,41075
2025-07-29 00:00:00+00:00,3.1399,3.1603,3.0776,3.1238,37895
2025-07-29 04:00:00+00:00,3.1238,3.1471,3.0936,3.1247,43067
2025-07-29 08:00:00+00:00,3.1246,3.1859,3.1228,3.1747,31478
2025-07-29 12:00:00+00:00,3.1747,3.1759,3.1128,3.1619,40723
2025-07-29 16:00:00+00:00,3.1618,3.173,3.0516,3.1059,44921
2025-07-29 20:00:00+00:00,3.1059,3.1611,3.0918,3.1091,37319
2025-07-30 00:00:00+00:00,3.1141,3.1362,3.0946,3.121,25892
2025-07-30 04:00:00+00:00,3.1208,3.1498,3.0924,3.1188,30602
2025-07-30 08:00:00+00:00,3.1187,3.1447,3.1035,3.1258,26945
2025-07-30 12:00:00+00:00,3.1258,3.1287,3.0387,3.0775,39561
2025-07-30 16:00:00+00:00,3.0775,3.1619,3.07,3.1371,42075
2025-07-30 20:00:00+00:00,3.1371,3.1488,2.998,3.092,32950
2025-07-31 00:00:00+00:00,3.0921,3.1273,3.0609,3.1264,29092
2025-07-31 04:00:00+00:00,3.1265,3.1451000000000002,3.1149,3.1401,20847
2025-07-31 08:00:00+00:00,3.1401,3.1712,3.1329,3.1593,19368
2025-07-31 12:00:00+00:00,3.1595,3.1769,3.1198,3.1335,27320
2025-07-31 16:00:00+00:00,3.1335,3.1365,3.0747,3.1214,44594
2025-07-31 20:00:00+00:00,3.1214,3.1218,3.0426,3.0542,38487
2025-08-01 00:00:00+00:00,3.0503,3.0667,2.9276999999999997,2.9864,37747
2025-08-01 04:00:00+00:00,2.9864,3.0243,2.9356,2.9858000000000002,49394
2025-08-01 08:00:00+00:00,2.9858000000000002,2.9972,2.8906,2.9143,53771
2025-08-01 12:00:00+00:00,2.9144,3.0061,2.9114,2.9928,47338
2025-08-01 16:00:00+00:00,2.9928,3.0579,2.9273,3.0105,51269
2025-08-01 20:00:00+00:00,3.0105,3.0301,2.9531,2.9907,53363
2025-08-02 00:00:00+00:00,2.9638,2.9835000000000003,2.8935,2.9737999999999998,36401
2025-08-02 04:00:00+00:00,2.9737999999999998,3.0192,2.959,3.0164,32360
2025-08-02 08:00:00+00:00,3.0163,3.0187,2.9435000000000002,2.9765,39881
2025-08-02 12:00:00+00:00,2.9764,2.9840999999999998,2.9211,2.9383,44047
2025-08-02 16:00:00+00:00,2.9383,2.9454000000000002,2.8092,2.8425000000000002,51647
2025-08-02 20:00:00+00:00,2.8426,2.8651,2.7334,2.7929,51281
2025-08-03 00:00:00+00:00,2.8091,2.8151,2.723,2.783,41799
2025-08-03 04:00:00+00:00,2.7829,2.8401,2.7705,2.8235,33252
2025-08-03 08:00:00+00:00,2.8235,2.8773999999999997,2.822,2.8665000000000003,27707
2025-08-03 12:00:00+00:00,2.8665000000000003,2.8936,2.85,2.8762,32440
2025-08-03 16:00:00+00:00,2.8763,2.9193,2.8587,2.9179,35648
2025-08-03 20:00:00+00:00,2.9177999999999997,2.9295999999999998,2.8938,2.9193,32967
2025-08-04 00:00:00+00:00,2.9141,3.0206,2.9092000000000002,3.017,36932
2025-08-04 04:00:00+00:00,3.0165,3.0323,2.9832,2.9879,33879
2025-08-04 08:00:00+00:00,2.9879,3.0241,2.9649,3.0087,38294
2025-08-04 12:00:00+00:00,3.0087,3.0125,2.9763,3.0032,26966
2025-08-04 16:00:00+00:00,3.0032,3.0816,2.9943999999999997,3.0729,45232
2025-08-04 20:00:00+00:00,3.073,3.0914,3.0361,3.0506,39400
2025-08-05 00:00:00+00:00,3.0438,3.0909,3.0438,3.0895,29023
2025-08-05 04:00:00+00:00,3.0896,3.1063,3.0248,3.0334,31283
2025-08-05 08:00:00+00:00,3.0333,3.0542,2.9945,3.0327,31074
2025-08-05 12:00:00+00:00,3.0327,3.0797,3.0089,3.0262000000000002,29900
2025-08-05 16:00:00+00:00,3.0262000000000002,3.0445,2.956,2.9685,43710
2025-08-05 20:00:00+00:00,2.9686,2.9919000000000002,2.9344,2.935,43429
2025-08-06 00:00:00+00:00,2.9441,2.9751,2.9138,2.9311,34363
2025-08-06 04:00:00+00:00,2.9304,2.9421,2.9013999999999998,2.9107,35021
2025-08-06 08:00:00+00:00,2.9107,2.9685,2.9053,2.9295999999999998,36500
2025-08-06 12:00:00+00:00,2.9295999999999998,2.9567,2.9222,2.9395,32363
2025-08-06 16:00:00+00:00,2.9395,3.0155,2.9306,2.9809,40701
2025-08-06 20:00:00+00:00,2.98,3.0191,2.9691,2.9936,31558
2025-08-07 00:00:00+00:00,2.9969,3.0052,2.9726,2.9869,19160
2025-08-07 04:00:00+00:00,2.9869,3.0107,2.9642,2.9765,26411
2025-08-07 08:00:00+00:00,2.9765,3.014,2.971,2.9974,23147
2025-08-07 12:00:00+00:00,2.9974,3.0886,2.9884,3.0768,35504
2025-08-07 16:00:00+00:00,3.0768,3.0846,3.0089,3.0381,35555
2025-08-07 20:00:00+00:00,3.038,3.122,3.029,3.1057,30657
2025-08-08 00:00:00+00:00,3.1088,3.3375,3.0987,3.2984999999999998,51034
2025-08-08 04:00:00+00:00,3.2984999999999998,3.3824,3.2686,3.3508,48052
2025-08-08 08:00:00+00:00,3.3508,3.3611,3.3061,3.3345000000000002,36004
2025-08-08 12:00:00+00:00,3.3343,3.3412,3.2995,3.3193,31164
2025-08-08 16:00:00+00:00,3.3193,3.3703,3.2016,3.2459,46582
2025-08-08 20:00:00+00:00,3.2458,3.3386,3.2449,3.3073,41972
2025-08-09 00:00:00+00:00,3.3024,3.306,3.2749,3.2961,20323
2025-08-09 04:00:00+00:00,3.2961,3.3127,3.2853,3.2982,21137
2025-08-09 08:00:00+00:00,3.2982,3.3337,3.2945,3.3208,37198
2025-08-09 12:00:00+00:00,3.3208,3.3485,3.3011,3.3234,33689
2025-08-09 16:00:00+00:00,3.3234,3.3264,3.2426,3.2717,37945
2025-08-09 20:00:00+00:00,3.2717,3.2977,3.2508,3.2589,33967
2025-08-10 00:00:00+00:00,3.2568,3.2625,3.2101,3.2335,27363
2025-08-10 04:00:00+00:00,3.2335,3.2791,3.2184,3.2737,33306
2025-08-10 08:00:00+00:00,3.2736,3.2742,3.1486,3.2078,37883
2025-08-10 12:00:00+00:00,3.2078,3.219,3.1761,3.187,30943
2025-08-10 16:00:00+00:00,3.187,3.2031,3.1534,3.1967,35274
2025-08-10 20:00:00+00:00,3.1967,3.2135,3.1761,3.1829,26787
2025-08-11 00:00:00+00:00,3.1633,3.2054,3.1409,3.1935000000000002,29145
2025-08-11 04:00:00+00:00,3.1935000000000002,3.276,3.1912,3.2612,32126
2025-08-11 08:00:00+00:00,3.2612,3.3288,3.2206,3.2979,22108
2025-08-11 12:00:00+00:00,3.2982,3.3199,3.1904,3.2037,33326
2025-08-11 16:00:00+00:00,3.2037,3.2328,3.1754,3.1866,37531
2025-08-11 20:00:00+00:00,3.1866,3.2277,3.1326,3.1636,33458
2025-08-12 00:00:00+00:00,3.1593,3.1683,3.1139,3.146,25390
2025-08-12 04:00:00+00:00,3.146,3.175,3.1407,3.162,14562
2025-08-12 08:00:00+00:00,3.162,3.1629,3.1129,3.1494,21652
2025-08-12 12:00:00+00:00,3.1494,3.2021,3.1024,3.1846,23400
2025-08-12 16:00:00+00:00,3.1846,3.2312,3.1566,3.2286,35861
2025-08-12 20:00:00+00:00,3.2288,3.3056,3.2239,3.2901,27171
2025-08-13 00:00:00+00:00,3.2741,3.2915,3.2384,3.2419000000000002,22132
2025-08-13 04:00:00+00:00,3.2418,3.2567,3.2015000000000002,3.2492,24946
2025-08-13 08:00:00+00:00,3.2491,3.2878,3.1977,3.2861000000000002,24492
2025-08-13 12:00:00+00:00,3.2861000000000002,3.2987,3.2637,3.2706,23172
2025-08-13 16:00:00+00:00,3.2706,3.3333,3.2221,3.254,30455
2025-08-13 20:00:00+00:00,3.254,3.2851,3.2437,3.2645,20937
2025-08-14 00:00:00+00:00,3.2602,3.3008,3.2503,3.295,20499
2025-08-14 04:00:00+00:00,3.2949,3.3514,3.2791,3.3023,27685
2025-08-14 08:00:00+00:00,3.3023,3.3096,3.2236,3.2339,25308
2025-08-14 12:00:00+00:00,3.2338,3.2464,2.9809,3.1017,22955
2025-08-14 16:00:00+00:00,3.1017,3.1426,3.0335,3.0679,31727
2025-08-14 20:00:00+00:00,3.068,3.1008,3.0423,3.0762,21980
2025-08-15 00:00:00+00:00,3.0627,3.097,3.0257,3.0812,17604
2025-08-15 04:00:00+00:00,3.0812,3.1311,3.0727,3.1191,16021
2025-08-15 08:00:00+00:00,3.1191,3.1456,3.1067,3.1163,16188
2025-08-15 12:00:00+00:00,3.1163,3.1393,3.0951,3.1133,18011
2025-08-15 16:00:00+00:00,3.1133,3.1233,3.0017,3.0382,28243
2025-08-15 20:00:00+00:00,3.0382,3.0925,3.0218,3.0737,18645
2025-08-16 00:00:00+00:00,3.0763,3.0996,3.0708,3.0938,5773
2025-08-16 04:00:00+00:00,3.0938,3.1198,3.0867,3.1095,14877
2025-08-16 08:00:00+00:00,3.1095,3.1474,3.089,3.142,14956
2025-08-16 12:00:00+00:00,3.1419,3.1576,3.1,3.1138,16963
2025-08-16 16:00:00+00:00,3.1138,3.1284,3.0969,3.1087,17558
2025-08-16 20:00:00+00:00,3.1086,3.1117,3.0929,3.1052,11464
2025-08-17 00:00:00+00:00,3.0987999999999998,3.1103,3.0864,3.0903,7754
2025-08-17 04:00:00+00:00,3.0903,3.1373,3.0762,3.1357,13468
2025-08-17 08:00:00+00:00,3.1357,3.1418,3.11,3.1371,10192
2025-08-17 12:00:00+00:00,3.1371,3.1389,3.1146,3.1179,9795
2025-08-17 16:00:00+00:00,3.1178,3.1477,3.1042,3.1127,10575
2025-08-17 20:00:00+00:00,3.1126,3.121,3.0751,3.0944,14312
2025-08-18 00:00:00+00:00,3.0903,3.1156,3.0705999999999998,3.0807,13466
2025-08-18 04:00:00+00:00,3.0806,3.0834,2.9668,2.9994,19176
2025-08-18 08:00:00+00:00,2.9994,3.0069,2.9543,2.9638,18144
2025-08-18 12:00:00+00:00,2.9638,2.9918,2.9402,2.9917,15942
2025-08-18 16:00:00+00:00,2.9918,3.0249,2.9661999999999997,3.0045,23173
2025-08-18 20:00:00+00:00,3.0044,3.0972,3.0012,3.0759,18999
2025-08-19 00:00:00+00:00,3.0774,3.0965,3.0234,3.064,13604
2025-08-19 04:00:00+00:00,3.064,3.0805,2.9723,3.005,20478
2025-08-19 08:00:00+00:00,3.0045,3.0287,2.9908,3.0092,16554
2025-08-19 12:00:00+00:00,3.0092,3.0248,3.0041,3.0136,14321
2025-08-19 16:00:00+00:00,3.0137,3.0379,2.9058,2.9097,25923
2025-08-19 20:00:00+00:00,2.9097,2.9316,2.8683,2.9023,21773
2025-08-20 00:00:00+00:00,2.9,2.903,2.8434,2.8765,17304
2025-08-20 04:00:00+00:00,2.8769,2.9005,2.8471,2.8975,15794
2025-08-20 08:00:00+00:00,2.8975,2.9125,2.8615,2.9116999999999997,13995
2025-08-20 12:00:00+00:00,2.9116999999999997,2.9125,2.8581,2.8918,16587
2025-08-20 16:00:00+00:00,2.8918,2.9327,2.8167999999999997,2.9124,28312
2025-08-20 20:00:00+00:00,2.9124,2.9889,2.9054,2.9655,17924
2025-08-21 00:00:00+00:00,2.9652,2.9737,2.9306,2.9415,12436
2025-08-21 04:00:00+00:00,2.9415,2.9569,2.9109,2.9295999999999998,16097
2025-08-21 08:00:00+00:00,2.9295999999999998,2.9322,2.8886,2.8952,14965
2025-08-21 12:00:00+00:00,2.8952,2.9149000000000003,2.8811,2.8899,18269
2025-08-21 16:00:00+00:00,2.8899,2.9228,2.8705,2.8885,19063
2025-08-21 20:00:00+00:00,2.8889,2.917,2.8430999999999997,2.8773,16777
2025-08-22 00:00:00+00:00,2.8571999999999997,2.8852,2.8398,2.8533,17553
2025-08-22 04:00:00+00:00,2.8535,2.8816,2.817,2.8515,25672
2025-08-22 08:00:00+00:00,2.8515,2.8735,2.8430999999999997,2.8649,22107
2025-08-22 12:00:00+00:00,2.8649,2.8677,2.7802,2.805,25195
2025-08-22 16:00:00+00:00,2.805,3.0707,2.8017,3.0464,34690
2025-08-22 20:00:00+00:00,3.0463,3.0975,3.0417,3.0778,26569
2025-08-23 00:00:00+00:00,3.0953,3.0956,3.0323,3.0335,6494
2025-08-23 04:00:00+00:00,3.0336,3.0418,2.9599,3.0301,10670
2025-08-23 08:00:00+00:00,3.0301,3.0714,3.0237,3.0472,12206
2025-08-23 12:00:00+00:00,3.0466,3.0507,3.0245,3.0296,7707
2025-08-23 16:00:00+00:00,3.0295,3.0309,3.0038,3.0181,11862
2025-08-23 20:00:00+00:00,3.0182,3.034,3.0137,3.0303,9316
2025-08-24 00:00:00+00:00,3.0254,3.062,3.0235,3.0553,7042
2025-08-24 04:00:00+00:00,3.0553,3.0855,3.0394,3.0488,17521
2025-08-24 08:00:00+00:00,3.0487,3.0531,3.0233,3.0369,16491
2025-08-24 12:00:00+00:00,3.0369,3.0395,2.9927,3.0161,12357
2025-08-24 16:00:00+00:00,3.0159,3.0394,3.0085,3.0283,14667
2025-08-24 20:00:00+00:00,3.0283,3.1257,2.9829,3.0263,25254
2025-08-25 00:00:00+00:00,3.0101,3.045,2.9697,2.9899,23499
2025-08-25 04:00:00+00:00,2.9899,3.0521,2.9876,3.0034,24271
2025-08-25 08:00:00+00:00,3.0034,3.0105,2.9167,2.9429,25903
2025-08-25 12:00:00+00:00,2.9428,2.9631,2.9169,2.9608,20483
2025-08-25 16:00:00+00:00,2.9605,2.9729,2.925,2.9477,29425
2025-08-25 20:00:00+00:00,2.9477,2.9663,2.8284000000000002,2.8367,27900
2025-08-26 00:00:00+00:00,2.8302,2.8801,2.8268,2.8581,22778
2025-08-26 04:00:00+00:00,2.8575,2.9078,2.8484,2.9051,23454
2025-08-26 08:00:00+00:00,2.9051,2.9321,2.8966,2.9096,21248
2025-08-26 12:00:00+00:00,2.9096,2.9365,2.8853999999999997,2.916,20378
2025-08-26 16:00:00+00:00,2.916,2.9537,2.8834,2.953,24491
2025-08-26 20:00:00+00:00,2.9534000000000002,3.0801,2.9424,3.0351,20151
2025-08-27 00:00:00+00:00,3.024,3.0332,2.9793,2.9854000000000003,12928
2025-08-27 04:00:00+00:00,2.9854000000000003,3.0279,2.9766,3.0223,16824
2025-08-27 08:00:00+00:00,3.0223,3.0236,2.9794,3.0139,12352
2025-08-27 12:00:00+00:00,3.0139,3.0229,2.9848,2.9991,12556
2025-08-27 16:00:00+00:00,2.9992,3.0301,2.984,3.018,23378
2025-08-27 20:00:00+00:00,3.018,3.0448,2.9671,3.0103,25652
2025-08-28 00:00:00+00:00,3.004,3.0189,2.9491,2.9678,18639
2025-08-28 04:00:00+00:00,2.9677,3.0081,2.9664,3.0044,20824
2025-08-28 08:00:00+00:00,3.0044,3.0151,2.9879,2.9989,12354
2025-08-28 12:00:00+00:00,2.9989,3.0245,2.9871,3.018,11275
2025-08-28 16:00:00+00:00,3.0177,3.0244,2.9542,2.9568,24909
2025-08-28 20:00:00+00:00,2.9568,2.9866,2.9417,2.9496,15700
2025-08-29 00:00:00+00:00,2.9475,2.9772,2.9455,2.9575,7836
2025-08-29 04:00:00+00:00,2.9575,2.9608,2.9106,2.9132,18163
2025-08-29 08:00:00+00:00,2.9162,2.9165,2.8465,2.8503,18465
2025-08-29 12:00:00+00:00,2.8509,2.9217,2.8418,2.8865,14879
2025-08-29 16:00:00+00:00,2.8864,2.8875,2.8148,2.8388,27181
2025-08-29 20:00:00+00:00,2.8388,2.8397,2.7842000000000002,2.7901,19095
2025-08-30 00:00:00+00:00,2.8058,2.8286,2.7866999999999997,2.8169,5084
2025-08-30 04:00:00+00:00,2.8169,2.8259,2.7595,2.8112,13597
2025-08-30 08:00:00+00:00,2.8112,2.8346,2.8079,2.8093,16466
2025-08-30 12:00:00+00:00,2.8093,2.8125999999999998,2.7812,2.7923999999999998,9866
2025-08-30 16:00:00+00:00,2.7923999999999998,2.8147,2.7723,2.8098,16101
2025-08-30 20:00:00+00:00,2.8093,2.8177,2.7977,2.8012,9380
2025-08-31 00:00:00+00:00,2.7997,2.8434,2.7958,2.8422,6676
2025-08-31 04:00:00+00:00,2.8422,2.8674,2.8342,2.8468999999999998,11087
2025-08-31 08:00:00+00:00,2.8468,2.8468999999999998,2.8194,2.8425000000000002,10946
2025-08-31 12:00:00+00:00,2.8427,2.8428,2.8109,2.8174,7915
2025-08-31 16:00:00+00:00,2.8174,2.8244,2.7998,2.8136,13627
2025-08-31 20:00:00+00:00,2.8135,2.8202,2.7914,2.8083,11701
2025-09-01 00:00:00+00:00,2.7962,2.8151,2.7333,2.7613,15060
2025-09-01 04:00:00+00:00,2.7613,2.7782999999999998,2.71,2.716,23373
2025-09-01 08:00:00+00:00,2.716,2.8252,2.6986,2.8245,18361
2025-09-01 12:00:00+00:00,2.8244,2.838,2.7603999999999997,2.7713,20549
2025-09-01 16:00:00+00:00,2.7713,2.7786999999999997,2.7405,2.7448,21321
2025-09-01 20:00:00+00:00,2.7448,2.7743,2.7174,2.7567,18329
2025-09-02 00:00:00+00:00,2.7415000000000003,2.7655,2.6929,2.7578,20674
2025-09-02 04:00:00+00:00,2.7583,2.8045999999999998,2.7454,2.801,20980
2025-09-02 08:00:00+00:00,2.801,2.8312,2.7837,2.8040000000000003,12206
2025-09-02 12:00:00+00:00,2.8040000000000003,2.8211,2.7612,2.7695,15493
2025-09-02 16:00:00+00:00,2.7695,2.8454,2.7659000000000002,2.7938,28139
2025-09-02 20:00:00+00:00,2.7939,2.8525,2.7858,2.8432,22342
2025-09-03 00:00:00+00:00,2.8379,2.8638,2.8314,2.8387000000000002,14977
2025-09-03 04:00:00+00:00,2.8387000000000002,2.8638,2.8201,2.8352,16340
2025-09-03 08:00:00+00:00,2.8352,2.838,2.8082000000000003,2.8366,11511
2025-09-03 12:00:00+00:00,2.8366,2.8737,2.8307,2.8448,16167
2025-09-03 16:00:00+00:00,2.8447,2.8853,2.8443,2.8588,21343
2025-09-03 20:00:00+00:00,2.8587,2.8683,2.8387000000000002,2.8543,14800
2025-09-04 00:00:00+00:00,2.8458,2.8564,2.8377,2.8461,9676
2025-09-04 04:00:00+00:00,2.8461,2.8603,2.8326000000000002,2.85,18099
2025-09-04 08:00:00+00:00,2.85,2.8554,2.8113,2.8369999999999997,11770
2025-09-04 12:00:00+00:00,2.8371,2.851,2.832,2.8461,15710
2025-09-04 16:00:00+00:00,2.8461,2.8463000000000003,2.7977,2.8056,23738
2025-09-04 20:00:00+00:00,2.8056,2.8228999999999997,2.7833,2.7994,19508
2025-09-05 00:00:00+00:00,2.7925,2.8244,2.7766,2.7798,10695
2025-09-05 04:00:00+00:00,2.7803,2.8167999999999997,2.7763999999999998,2.8157,11889
2025-09-05 08:00:00+00:00,2.8157,2.8494,2.8034,2.8418,13290
2025-09-05 12:00:00+00:00,2.8418,2.8782,2.826,2.8750999999999998,16615
2025-09-05 16:00:00+00:00,2.8750999999999998,2.8844,2.7984999999999998,2.8132,25251
2025-09-05 20:00:00+00:00,2.8132,2.8621,2.8011,2.8481,16524
2025-09-06 00:00:00+00:00,2.8253,2.8257,2.8117,2.8136,6898
2025-09-06 04:00:00+00:00,2.8136,2.8278,2.8058,2.8125999999999998,9157
2025-09-06 08:00:00+00:00,2.8125999999999998,2.8205999999999998,2.81,2.8143000000000002,3808
2025-09-06 12:00:00+00:00,2.8143000000000002,2.8143000000000002,2.7978,2.8074,4969
2025-09-06 16:00:00+00:00,2.8074,2.8167999999999997,2.7898,2.7994,9154
2025-09-06 20:00:00+00:00,2.7994,2.8034,2.7899000000000003,2.7991,6457
2025-09-07 00:00:00+00:00,2.7951,2.8165,2.7951,2.8151,5394
2025-09-07 04:00:00+00:00,2.8151,2.8238,2.8134,2.8198,5931
2025-09-07 08:00:00+00:00,2.8199,2.8346,2.8115,2.8298,5489
2025-09-07 12:00:00+00:00,2.8298,2.8342,2.8223000000000003,2.8321,4978
2025-09-07 16:00:00+00:00,2.8321,2.9242,2.823,2.887,15427
2025-09-07 20:00:00+00:00,2.887,2.89,2.8418,2.8771,8992
2025-09-08 00:00:00+00:00,2.8692,2.8916,2.8534,2.8677,10561
2025-09-08 04:00:00+00:00,2.8677,2.8987,2.8595,2.879,14057
2025-09-08 08:00:00+00:00,2.879,2.919,2.8714,2.9083,9629
2025-09-08 12:00:00+00:00,2.9083,2.9795,2.9023,2.9619,16055
2025-09-08 16:00:00+00:00,2.9618,2.9943,2.9591,2.9680999999999997,21761
2025-09-08 20:00:00+00:00,2.9680999999999997,2.983,2.9533,2.9593,15034
2025-09-09 00:00:00+00:00,2.9589,2.9833,2.942,2.9523,10509
2025-09-09 04:00:00+00:00,2.9523,2.9665,2.9307,2.9622,15502
2025-09-09 08:00:00+00:00,2.9625,3.0355,2.9499,3.0207,15116
2025-09-09 12:00:00+00:00,3.021,3.0284,2.9961,3.0073,12520
2025-09-09 16:00:00+00:00,3.0073,3.0177,2.9348,2.9526,20557
2025-09-09 20:00:00+00:00,2.9526,2.9703,2.9424,2.9503,10601
2025-09-10 00:00:00+00:00,2.9378,2.9581,2.9334,2.9354,8977
2025-09-10 04:00:00+00:00,2.9354,2.9632,2.9343,2.9577,12119
2025-09-10 08:00:00+00:00,2.9577,2.9859,2.9425,2.9687,12358
2025-09-10 12:00:00+00:00,2.9687,3.0053,2.9592,2.9978,9885
2025-09-10 16:00:00+00:00,2.9978,3.0238,2.9874,3.0014,18642
2025-09-10 20:00:00+00:00,3.0014,3.0134,2.964,2.9745,11723
2025-09-11 00:00:00+00:00,2.9722,2.9931,2.9722,2.9892,8109
2025-09-11 04:00:00+00:00,2.9892,3.0138,2.9844,3.0086,10664
2025-09-11 08:00:00+00:00,3.0086,3.0199,2.991,3.0152,10782
2025-09-11 12:00:00+00:00,3.0152,3.0339,2.9455999999999998,2.9976000000000003,15068
2025-09-11 16:00:00+00:00,2.9976000000000003,3.0126,2.9726,2.9931,16614
2025-09-11 20:00:00+00:00,2.9931,3.0326,2.9884,3.0097,11699
2025-09-12 00:00:00+00:00,3.0086,3.0714,3.0086,3.0517,10814
2025-09-12 04:00:00+00:00,3.0517,3.0662,3.0258,3.0518,10008
2025-09-12 08:00:00+00:00,3.0517,3.0717,3.045,3.0547,8724
2025-09-12 12:00:00+00:00,3.0547,3.0567,3.0229,3.0395,8719
2025-09-12 16:00:00+00:00,3.0395,3.065,3.014,3.0396,11064
2025-09-12 20:00:00+00:00,3.0396,3.1357,3.0333,3.1337,13652
2025-09-13 00:00:00+00:00,3.0972,3.1244,3.0887000000000002,3.1031,10109
2025-09-13 04:00:00+00:00,3.1029,3.123,3.0894,3.1057,12488
2025-09-13 08:00:00+00:00,3.1057,3.1458,3.0967,3.1435,9185
2025-09-13 12:00:00+00:00,3.1435,3.186,3.1395,3.17,13129
2025-09-13 16:00:00+00:00,3.17,3.1777,3.1001,3.109,18123
2025-09-13 20:00:00+00:00,3.1089,3.12,3.0865,3.1176,12872
2025-09-14 00:00:00+00:00,3.116,3.1263,3.0984,3.1082,7101
2025-09-14 04:00:00+00:00,3.1082,3.126,3.0735,3.0985,13678
2025-09-14 08:00:00+00:00,3.0985,3.1088,3.0723,3.0844,9637
2025-09-14 12:00:00+00:00,3.0844,3.0953,3.0396,3.0501,10883
2025-09-14 16:00:00+00:00,3.0501,3.0527,2.9972,3.0437,16207
2025-09-14 20:00:00+00:00,3.0437,3.0577,3.0295,3.0399,8128
2025-09-15 00:00:00+00:00,3.0331,3.0577,3.0243,3.0353,10381
2025-09-15 04:00:00+00:00,3.0353,3.0572,3.0092,3.0508,11871
2025-09-15 08:00:00+00:00,3.0508,3.0667,2.9538,2.9595000000000002,17086
2025-09-15 12:00:00+00:00,2.9595000000000002,3.0006,2.9532,2.9898,11412
2025-09-15 16:00:00+00:00,2.9898,3.0425,2.9829,3.0049,19172
2025-09-15 20:00:00+00:00,3.0049,3.0158,2.9774000000000003,2.9965,10914
2025-09-16 00:00:00+00:00,2.9846,3.0031,2.9748,2.9854000000000003,8839
2025-09-16 04:00:00+00:00,2.9854000000000003,2.9985,2.9632,2.9807,12183
2025-09-16 08:00:00+00:00,2.9807,3.0485,2.9777,3.0339,12098
2025-09-16 12:00:00+00:00,3.0339,3.0392,3.0156,3.0357,14534
2025-09-16 16:00:00+00:00,3.0357,3.0501,2.9975,3.0464,14835
2025-09-16 20:00:00+00:00,3.0464,3.0588,3.0331,3.0467,9837
2025-09-17 00:00:00+00:00,3.0407,3.0575,3.0317,3.0354,6341
2025-09-17 04:00:00+00:00,3.0354,3.045,3.0041,3.0094,9505
2025-09-17 08:00:00+00:00,3.0094,3.0391,3.0046,3.0206,13720
2025-09-17 12:00:00+00:00,3.0206,3.0255,3.0,3.0237,10343
2025-09-17 16:00:00+00:00,3.0239,3.0373,3.0084,3.0211,10180
2025-09-17 20:00:00+00:00,3.0211,3.0663,2.9669,3.0127,24044
2025-09-18 00:00:00+00:00,3.0027,3.1077,3.0016,3.0755,14978
2025-09-18 04:00:00+00:00,3.075,3.1104,3.0701,3.098,15998
2025-09-18 08:00:00+00:00,3.098,3.1081,3.0526,3.1067,12240
2025-09-18 12:00:00+00:00,3.1067,3.1393,3.1021,3.1161,13277
2025-09-18 16:00:00+00:00,3.1161,3.1322,3.0991,3.1153,16257
2025-09-18 20:00:00+00:00,3.1153,3.1215,3.0843,3.1023,14054
2025-09-19 00:00:00+00:00,3.096,3.096,3.0596,3.0862,9713
2025-09-19 04:00:00+00:00,3.0861,3.094,3.0196,3.0476,16267
2025-09-19 08:00:00+00:00,3.0476,3.0522,3.0212,3.035,11081
2025-09-19 12:00:00+00:00,3.035,3.0477,3.021,3.0329,10951
2025-09-19 16:00:00+00:00,3.0337,3.0401,2.9888,3.0092,19292
2025-09-19 20:00:00+00:00,3.0092,3.0101,2.9831,2.9889,10046
2025-09-20 00:00:00+00:00,2.9924,3.0022,2.9786,2.9989,3921
2025-09-20 04:00:00+00:00,2.9989,3.0006,2.9806,2.9936,6934
2025-09-20 08:00:00+00:00,2.9936,3.0095,2.9832,2.9840999999999998,4865
2025-09-20 12:00:00+00:00,2.9840999999999998,2.9901999999999997,2.9734,2.9858000000000002,3862
2025-09-20 16:00:00+00:00,2.9858000000000002,2.9962,2.9637000000000002,2.9923,10077
2025-09-20 20:00:00+00:00,2.9923,2.9923,2.9682,2.9746,7881
2025-09-21 00:00:00+00:00,2.9718,2.9898,2.9633000000000003,2.9871,4350
2025-09-21 04:00:00+00:00,2.9871,3.0055,2.9744,3.0053,6182
2025-09-21 08:00:00+00:00,3.0055,3.0124,2.9894,2.9907,10003
2025-09-21 12:00:00+00:00,2.9903,2.9922,2.9588,2.98,9053
2025-09-21 16:00:00+00:00,2.98,2.9864,2.9608,2.9646,8251
2025-09-21 20:00:00+00:00,2.9646,2.9851,2.9485,2.9739,8430
2025-09-22 00:00:00+00:00,2.9671,2.9927,2.8969,2.9165,9044
2025-09-22 04:00:00+00:00,2.917,2.9368,2.8771,2.8943,12267
2025-09-22 08:00:00+00:00,2.8942,2.8954,2.6842,2.8143000000000002,17526
2025-09-22 12:00:00+00:00,2.8143000000000002,2.8468999999999998,2.79,2.8468999999999998,15254
2025-09-22 16:00:00+00:00,2.8468999999999998,2.8759,2.8348,2.846,18860
2025-09-22 20:00:00+00:00,2.846,2.8693999999999997,2.8144,2.842,13249
2025-09-23 00:00:00+00:00,2.8364000000000003,2.8697,2.8292,2.8528000000000002,6591
2025-09-23 04:00:00+00:00,2.8528000000000002,2.8736,2.7979000000000003,2.8578,11520
2025-09-23 08:00:00+00:00,2.8579,2.8853999999999997,2.852,2.8673,14208
2025-09-23 12:00:00+00:00,2.8673,2.8747,2.8497,2.8653,6383
2025-09-23 16:00:00+00:00,2.8653,2.8943,2.8539,2.8841,12301
2025-09-23 20:00:00+00:00,2.8841,2.8857,2.8338,2.8507,16176
2025-09-24 00:00:00+00:00,2.8362,2.8547000000000002,2.8161,2.8268,6532
2025-09-24 04:00:00+00:00,2.8268,2.8484,2.786,2.8386,11091
2025-09-24 08:00:00+00:00,2.8386,2.8792,2.8353,2.8734,7965
2025-09-24 12:00:00+00:00,2.8734,2.8861,2.8666,2.8747,7940
2025-09-24 16:00:00+00:00,2.8747,2.9527,2.8662,2.9459,17796
2025-09-24 20:00:00+00:00,2.9459,2.996,2.9335,2.9680999999999997,16066
2025-09-25 00:00:00+00:00,2.9622,2.975,2.9072,2.9112999999999998,16363
2025-09-25 04:00:00+00:00,2.9112999999999998,2.917,2.8314,2.8447,26460
2025-09-25 08:00:00+00:00,2.8447,2.8661,2.8247,2.8316,21269
2025-09-25 12:00:00+00:00,2.8316,2.8481,2.7839,2.8265000000000002,18986
2025-09-25 16:00:00+00:00,2.8265000000000002,2.8607,2.7873,2.7908,30936
2025-09-25 20:00:00+00:00,2.7908,2.8141,2.721,2.7488,34730
2025-09-26 00:00:00+00:00,2.7457000000000003,2.7725999999999997,2.7281,2.7682,17948
2025-09-26 04:00:00+00:00,2.7682,2.7775,2.7420999999999998,2.763,23628
2025-09-26 08:00:00+00:00,2.763,2.7738,2.7367,2.76,23010
2025-09-26 12:00:00+00:00,2.76,2.777,2.6966,2.7545,30248
2025-09-26 16:00:00+00:00,2.7541,2.7681,2.6999,2.7636,29977
2025-09-26 20:00:00+00:00,2.7636,2.8128,2.763,2.7794,19824
2025-09-27 00:00:00+00:00,2.7749,2.7937,2.7727,2.781,7324
2025-09-27 04:00:00+00:00,2.781,2.7906,2.7648,2.7841,10370
2025-09-27 08:00:00+00:00,2.7841,2.8026,2.768,2.7696,14636
2025-09-27 12:00:00+00:00,2.7694,2.7942,2.7622999999999998,2.7842000000000002,10287
2025-09-27 16:00:00+00:00,2.7842000000000002,2.7877,2.7719,2.7763999999999998,9044
2025-09-27 20:00:00+00:00,2.7763999999999998,2.7974,2.7633,2.7960000000000003,9046
2025-09-28 00:00:00+00:00,2.7873,2.8294,2.7862,2.8007,14017
2025-09-28 04:00:00+00:00,2.8007,2.8035,2.7776,2.7896,12611
2025-09-28 08:00:00+00:00,2.7896,2.7955,2.775,2.7871,8843
2025-09-28 12:00:00+00:00,2.7871,2.7912,2.766,2.77,11131
2025-09-28 16:00:00+00:00,2.77,2.8336,2.766,2.8308999999999997,15504
2025-09-28 20:00:00+00:00,2.8308999999999997,2.8457,2.8161,2.8407999999999998,12420
2025-09-29 00:00:00+00:00,2.8325,2.8673,2.8318,2.8609999999999998,13833
2025-09-29 04:00:00+00:00,2.8609,2.8846,2.8473,2.8602,14290
2025-09-29 08:00:00+00:00,2.8602,2.9039,2.8432,2.8828,16744
2025-09-29 12:00:00+00:00,2.8826,2.8839,2.8457,2.8487,19008
2025-09-29 16:00:00+00:00,2.8486000000000002,2.9286,2.8451,2.8791,29509
2025-09-29 20:00:00+00:00,2.8791,2.9148,2.8651999999999997,2.9026,18607
2025-09-30 00:00:00+00:00,2.8929,2.904,2.8712,2.875,9779
2025-09-30 04:00:00+00:00,2.875,2.8931,2.867,2.8816,15507
2025-09-30 08:00:00+00:00,2.8816,2.9068,2.8534,2.8557,14218
2025-09-30 12:00:00+00:00,2.8557,2.859,2.8346,2.8499,11818
2025-09-30 16:00:00+00:00,2.8499,2.8636,2.8129999999999997,2.8242000000000003,24276
2025-09-30 20:00:00+00:00,2.8242000000000003,2.8734,2.817,2.8721,14630
2025-10-01 00:00:00+00:00,2.8707000000000003,2.878,2.8261,2.8369999999999997,8584
2025-10-01 04:00:00+00:00,2.8369999999999997,2.8588,2.8131,2.8362,14762
2025-10-01 08:00:00+00:00,2.8362,2.9207,2.8297,2.9168,16768
2025-10-01 12:00:00+00:00,2.9168,2.9519,2.9069000000000003,2.9342,22892
2025-10-01 16:00:00+00:00,2.9342,2.9592,2.9294000000000002,2.9391,25275
2025-10-01 20:00:00+00:00,2.9391,2.9615,2.916,2.944,14174
2025-10-02 00:00:00+00:00,2.9417999999999997,2.9624,2.9238,2.9428,11100
2025-10-02 04:00:00+00:00,2.9428,2.9884,2.9414,2.9657999999999998,15386
2025-10-02 08:00:00+00:00,2.9657999999999998,2.9905,2.9567,2.9895,13503
2025-10-02 12:00:00+00:00,2.9895,2.9976000000000003,2.9678,2.9874,17692
2025-10-02 16:00:00+00:00,2.9874,3.0585,2.9445,3.0448,29570
2025-10-02 20:00:00+00:00,3.045,3.1014,3.0308,3.0578,21854
2025-10-03 00:00:00+00:00,3.0434,3.0655,3.0124,3.0188,13017
2025-10-03 04:00:00+00:00,3.0188,3.0397,3.0046,3.03,22155
2025-10-03 08:00:00+00:00,3.0304,3.0602,3.0135,3.0545,16641
2025-10-03 12:00:00+00:00,3.0545,3.0562,3.0207,3.0222,16146
2025-10-03 16:00:00+00:00,3.0222,3.0965,3.0078,3.06,28910
2025-10-03 20:00:00+00:00,3.06,3.0612,3.0097,3.0359,29677
2025-10-04 00:00:00+00:00,3.0492,3.0545,3.0359,3.0421,11912
2025-10-04 04:00:00+00:00,3.0421,3.0439,3.007,3.0188,27297
2025-10-04 08:00:00+00:00,3.0187,3.0326,2.9923,2.9997,15039
2025-10-04 12:00:00+00:00,2.9997,3.0074,2.9798999999999998,2.9825,21330
2025-10-04 16:00:00+00:00,2.9824,3.0074,2.9384,2.9453,19030
2025-10-04 20:00:00+00:00,2.9453,2.9582,2.9372,2.9485,12261
2025-10-05 00:00:00+00:00,2.9506,2.9747,2.9497,2.9568,11299
2025-10-05 04:00:00+00:00,2.9568,3.0441,2.9565,3.0342,19988
2025-10-05 08:00:00+00:00,3.0342,3.0687,3.0238,3.0435,26705
2025-10-05 12:00:00+00:00,3.0433,3.0482,2.9961,3.0061,22218
2025-10-05 16:00:00+00:00,3.0061,3.0139,2.9789,3.0012,18129
2025-10-05 20:00:00+00:00,3.0012,3.006,2.944,2.9732,27325
2025-10-06 00:00:00+00:00,2.9544,2.9907,2.9438,2.9631,10753
2025-10-06 04:00:00+00:00,2.9631,2.9920999999999998,2.9551,2.9675000000000002,19758
2025-10-06 08:00:00+00:00,2.9674,2.9988,2.9623,2.988,20108
2025-10-06 12:00:00+00:00,2.988,3.0092,2.9847,3.0005,16488
2025-10-06 16:00:00+00:00,3.0004,3.0408,2.984,3.0326,28076
2025-10-06 20:00:00+00:00,3.0326,3.051,3.0025,3.007,20462
2025-10-07 00:00:00+00:00,3.0069,3.0116,2.9798,2.9937,13187
2025-10-07 04:00:00+00:00,2.9937,3.0009,2.9755000000000003,2.9932,17923
2025-10-07 08:00:00+00:00,2.9932,3.0026,2.956,2.9656000000000002,18229
2025-10-07 12:00:00+00:00,2.9654,2.9923,2.9638999999999998,2.9872,15836
2025-10-07 16:00:00+00:00,2.9873,2.9927,2.8683,2.8897,36384
2025-10-07 20:00:00+00:00,2.8887,2.8945,2.8479,2.8762,20951
2025-10-08 00:00:00+00:00,2.8738,2.882,2.8493,2.8705,16333
2025-10-08 04:00:00+00:00,2.8705,2.88,2.8285,2.8629,20080
2025-10-08 08:00:00+00:00,2.8629,2.878,2.8411,2.8689,17922
2025-10-08 12:00:00+00:00,2.8689,2.8833,2.863,2.8735,16291
2025-10-08 16:00:00+00:00,2.8735,2.8921,2.8491999999999997,2.8830999999999998,22811
2025-10-08 20:00:00+00:00,2.8830999999999998,2.9246,2.8808,2.8913,21635
2025-10-09 00:00:00+00:00,2.8895999999999997,2.902,2.8636,2.8658,9543
2025-10-09 04:00:00+00:00,2.8657,2.8667,2.8227,2.8456,18718
2025-10-09 08:00:00+00:00,2.8456,2.8464,2.7838000000000003,2.7866999999999997,27666
2025-10-09 12:00:00+00:00,2.7866999999999997,2.8415,2.7862999999999998,2.8308999999999997,23331
2025-10-09 16:00:00+00:00,2.8308,2.8349,2.7701000000000002,2.7767,36262
2025-10-09 20:00:00+00:00,2.7763999999999998,2.8102,2.7732,2.793,23726
2025-10-10 00:00:00+00:00,2.7824999999999998,2.8175,2.7816,2.8113,7564
2025-10-10 04:00:00+00:00,2.8114,2.8293,2.7805,2.8139,17819
2025-10-10 08:00:00+00:00,2.8139,2.831,2.7983000000000002,2.8204000000000002,16695
2025-10-10 12:00:00+00:00,2.8204000000000002,2.8308,2.808,2.8189,18133
2025-10-10 16:00:00+00:00,2.8189,2.8369999999999997,2.7113,2.7273,32443
2025-10-10 20:00:00+00:00,2.7277,2.732,2.6330999999999998,2.6483,32095
2025-10-11 00:00:00+00:00,2.2441,2.4499,2.2403,2.3866,11336
2025-10-11 04:00:00+00:00,2.3866,2.4565,2.305,2.4446,31185
2025-10-11 08:00:00+00:00,2.4446,2.4906,2.3898,2.4847,30723
2025-10-11 12:00:00+00:00,2.4859,2.507,2.4327,2.448,27665
2025-10-11 16:00:00+00:00,2.448,2.4941,2.4148,2.4779,31832
2025-10-11 20:00:00+00:00,2.4779,2.4939,2.3357,2.3521,37437
2025-10-12 00:00:00+00:00,2.355,2.4082,2.32,2.3433,26333
2025-10-12 04:00:00+00:00,2.3433,2.378,2.3122,2.3629,28665
2025-10-12 08:00:00+00:00,2.3629,2.4028,2.3487999999999998,2.3827,21833
2025-10-12 12:00:00+00:00,2.3827,2.4204,2.3681,2.4062,17358
2025-10-12 16:00:00+00:00,2.4061,2.5415,2.3583,2.5192,33581
2025-10-12 20:00:00+00:00,2.5192,2.5846,2.5016,2.5549,24377
2025-10-13 00:00:00+00:00,2.5576,2.5686,2.5045,2.5286,29310
2025-10-13 04:00:00+00:00,2.5282,2.5808999999999997,2.5121,2.5776,30607
2025-10-13 08:00:00+00:00,2.5776,2.6441,2.5327,2.6351,25937
2025-10-13 12:00:00+00:00,2.6351,2.6394,2.5358,2.5691,24649
2025-10-13 16:00:00+00:00,2.5691,2.6145,2.5518,2.5934,40697
2025-10-13 20:00:00+00:00,2.5933,2.6439,2.5821,2.6414999999999997,28985
2025-10-14 00:00:00+00:00,2.623,2.6409000000000002,2.5955,2.6071999999999997,12029
2025-10-14 04:00:00+00:00,2.6071999999999997,2.6108000000000002,2.5172,2.5268,25967
2025-10-14 08:00:00+00:00,2.5268,2.5419,2.4159,2.4653,40772
2025-10-14 12:00:00+00:00,2.465,2.4743,2.4119,2.4203,34076
2025-10-14 16:00:00+00:00,2.4203,2.5346,2.3864,2.5036,39697
2025-10-14 20:00:00+00:00,2.5036,2.5274,2.4596,2.4912,30764
2025-10-15 00:00:00+00:00,2.4871,2.5125,2.4741,2.5055,19330
2025-10-15 04:00:00+00:00,2.5054,2.527,2.4789,2.4985,22725
2025-10-15 08:00:00+00:00,2.4985,2.5483000000000002,2.4792,2.5189,28431
2025-10-15 12:00:00+00:00,2.5189,2.5237,2.4772,2.5031,20760
2025-10-15 16:00:00+00:00,2.5031,2.5119,2.424,2.4308,39525
2025-10-15 20:00:00+00:00,2.4308,2.4429,2.3774,2.4005,28230
2025-10-16 00:00:00+00:00,2.3932,2.4181,2.3741,2.4067,23482
2025-10-16 04:00:00+00:00,2.4066,2.4356,2.4057,2.4112999999999998,27053
2025-10-16 08:00:00+00:00,2.4112,2.4329,2.3845,2.3946,31468
2025-10-16 12:00:00+00:00,2.3945,2.4652,2.3529,2.4519,34177
2025-10-16 16:00:00+00:00,2.4519,2.456,2.3349,2.399,44444
2025-10-16 20:00:00+00:00,2.399,2.399,2.2797,2.2933,43706
2025-10-17 00:00:00+00:00,2.2975,2.3397,2.2916,2.3374,20773
2025-10-17 04:00:00+00:00,2.3374,2.3970000000000002,2.3356,2.3481,20867
2025-10-17 08:00:00+00:00,2.3483,2.3559,2.1973,2.2142,36250
2025-10-17 12:00:00+00:00,2.2139,2.304,2.1853,2.2782999999999998,37321
2025-10-17 16:00:00+00:00,2.2782999999999998,2.3249,2.239,2.2913,39173
2025-10-17 20:00:00+00:00,2.2913,2.3199,2.2769,2.3144,27371
2025-10-18 00:00:00+00:00,2.3266,2.3409,2.2884,2.3096,13903
2025-10-18 04:00:00+00:00,2.3096,2.3437,2.3071,2.3189,21817
2025-10-18 08:00:00+00:00,2.3189,2.3758,2.3155,2.3482,24066
2025-10-18 12:00:00+00:00,2.3483,2.3923,2.347,2.3759,19991
2025-10-18 16:00:00+00:00,2.3759,2.3765,2.332,2.3449999999999998,28795
2025-10-18 20:00:00+00:00,2.3449999999999998,2.3745,2.3413,2.3644,26274
2025-10-19 00:00:00+00:00,2.3589,2.3663,2.3397,2.3457,11612
2025-10-19 04:00:00+00:00,2.3457,2.3696,2.3364,2.3573,21833
2025-10-19 08:00:00+00:00,2.3572,2.3689999999999998,2.3269,2.3321,20771
2025-10-19 12:00:00+00:00,2.3321,2.3983,2.3138,2.3709,32985
2025-10-19 16:00:00+00:00,2.3721,2.4149,2.3649,2.4,34101
2025-10-19 20:00:00+00:00,2.4,2.4202,2.3919,2.4057,18673
2025-10-20 00:00:00+00:00,2.3954,2.4103,2.3548999999999998,2.3801,16071
2025-10-20 04:00:00+00:00,2.3801,2.4472,2.3639,2.4461,22406
2025-10-20 08:00:00+00:00,2.4461,2.4783,2.4356,2.4718,26053
2025-10-20 12:00:00+00:00,2.4718,2.4798999999999998,2.4463,2.4529,25446
2025-10-20 16:00:00+00:00,2.4529,2.4849,2.4245,2.4442,24438
2025-10-20 20:00:00+00:00,2.4441,2.5523,2.4344,2.5268,25501
2025-10-21 00:00:00+00:00,2.5174,2.5217,2.4794,2.4853,17632
2025-10-21 04:00:00+00:00,2.4853,2.4861,2.4166,2.4234,23834
2025-10-21 08:00:00+00:00,2.4234,2.4373,2.4008,2.4119,19747
2025-10-21 12:00:00+00:00,2.4119,2.4486,2.4005,2.4258,20917
2025-10-21 16:00:00+00:00,2.4257,2.5331,2.4081,2.4868,42948
2025-10-21 20:00:00+00:00,2.4869,2.5072,2.4656000000000002,2.4769,38436
2025-10-22 00:00:00+00:00,2.485,2.4933,2.4049,2.4135,32147
2025-10-22 04:00:00+00:00,2.4137,2.4391,2.4095,2.4378,30767
2025-10-22 08:00:00+00:00,2.4379,2.4379,2.3923,2.3996,30691
2025-10-22 12:00:00+00:00,2.3996,2.4121,2.3638,2.4015,33801
2025-10-22 16:00:00+00:00,2.4015,2.4173999999999998,2.367,2.3951000000000002,44014
2025-10-22 20:00:00+00:00,2.3951000000000002,2.3999,2.3543,2.3626,40196
2025-10-23 00:00:00+00:00,2.3533,2.3726,2.3239,2.367,28660
2025-10-23 04:00:00+00:00,2.367,2.3919,2.3638,2.3862,23683
2025-10-23 08:00:00+00:00,2.3863,2.4203,2.386,2.4149,25315
2025-10-23 12:00:00+00:00,2.4151,2.4162,2.3747,2.3894,27869
2025-10-23 16:00:00+00:00,2.3895,2.4203,2.3809,2.4116,40366
2025-10-23 20:00:00+00:00,2.4116,2.4271,2.3786,2.382,27861
2025-10-24 00:00:00+00:00,2.3868,2.4048,2.3799,2.3984,17479
2025-10-24 04:00:00+00:00,2.3985,2.4352,2.3875,2.4306,19840
2025-10-24 08:00:00+00:00,2.4306,2.4558,2.4283,2.4514,23529
2025-10-24 12:00:00+00:00,2.4514,2.5000999999999998,2.4345,2.4815,27134
2025-10-24 16:00:00+00:00,2.4815,2.5155,2.4613,2.4807,36942
2025-10-24 20:00:00+00:00,2.4807,2.5141,2.4716,2.5096,22224
2025-10-25 00:00:00+00:00,2.5068,2.5389,2.4972,2.5262000000000002,8853
2025-10-25 04:00:00+00:00,2.5262000000000002,2.5703,2.5213,2.561,28522
2025-10-25 08:00:00+00:00,2.561,2.5666,2.5379,2.5454,23050
2025-10-25 12:00:00+00:00,2.5454,2.5849,2.529,2.5805,23883
2025-10-25 16:00:00+00:00,2.5814,2.6205,2.5717,2.5898,30444
2025-10-25 20:00:00+00:00,2.5898,2.6551,2.5882,2.601,25145
2025-10-26 00:00:00+00:00,2.5987999999999998,2.6287000000000003,2.5879,2.6186,17596
2025-10-26 04:00:00+00:00,2.6187,2.6292999999999997,2.5945,2.61,25109
2025-10-26 08:00:00+00:00,2.6098,2.6379,2.6052999999999997,2.6332,20307
2025-10-26 12:00:00+00:00,2.6333,2.6628,2.618,2.6388,33813
2025-10-26 16:00:00+00:00,2.6388,2.6527,2.6205,2.6266,31714
2025-10-26 20:00:00+00:00,2.6266,2.6342,2.5985,2.6084,18367
2025-10-27 00:00:00+00:00,2.6106,2.6653000000000002,2.609,2.6485,30659
2025-10-27 04:00:00+00:00,2.6484,2.6698,2.6216,2.6471999999999998,26944
2025-10-27 08:00:00+00:00,2.6473,2.6746,2.6125,2.6241,32643
2025-10-27 12:00:00+00:00,2.6241,2.6390000000000002,2.6048999999999998,2.6307,29530
2025-10-27 16:00:00+00:00,2.6307,2.691,2.6002,2.6855,44698
2025-10-27 20:00:00+00:00,2.685,2.6981,2.6273,2.6296,31451
2025-10-28 00:00:00+00:00,2.6314,2.6519,2.6221,2.6391999999999998,20546
2025-10-28 04:00:00+00:00,2.6391999999999998,2.6488,2.6077,2.6324,27603
2025-10-28 08:00:00+00:00,2.6328,2.6625,2.6118,2.6552,35060
2025-10-28 12:00:00+00:00,2.6552,2.6679,2.6382,2.6637,27291
2025-10-28 16:00:00+00:00,2.6637,2.6889,2.6031,2.6491,43824
2025-10-28 20:00:00+00:00,2.649,2.6791,2.5850999999999997,2.5974,39413
2025-10-29 00:00:00+00:00,2.5958,2.6204,2.5673,2.6096,27086
2025-10-29 04:00:00+00:00,2.6096,2.6287000000000003,2.5997,2.6193999999999997,21666
2025-10-29 08:00:00+00:00,2.6193999999999997,2.6376,2.6119,2.6287000000000003,18584
2025-10-29 12:00:00+00:00,2.6287000000000003,2.6616999999999997,2.6216,2.6573,25059
2025-10-29 16:00:00+00:00,2.6573,2.6646,2.6141,2.6275,44409
2025-10-29 20:00:00+00:00,2.6275,2.6602,2.5418,2.5891,51139
2025-10-30 00:00:00+00:00,2.5861,2.6174,2.5284,2.5627,28305
2025-10-30 04:00:00+00:00,2.5627,2.5901,2.487,2.509,38817
2025-10-30 08:00:00+00:00,2.5089,2.5941,2.5049,2.5793,36408
2025-10-30 12:00:00+00:00,2.5792,2.5819,2.4896,2.5004,36123
2025-10-30 16:00:00+00:00,2.5004,2.5087,2.4441,2.463,48964
2025-10-30 20:00:00+00:00,2.4629,2.4641,2.3762,2.4267,41436
2025-10-31 00:00:00+00:00,2.4154,2.4632,2.4083,2.4592,18896
2025-10-31 04:00:00+00:00,2.4592,2.4932,2.4519,2.4918,23051
2025-10-31 08:00:00+00:00,2.4919000000000002,2.493,2.4651,2.4896,22495
2025-10-31 12:00:00+00:00,2.4896,2.5295,2.4818,2.504,29639
2025-10-31 16:00:00+00:00,2.5038,2.5497,2.4907,2.4949,41424
2025-10-31 20:00:00+00:00,2.4947,2.5523,2.4836,2.5088,36973
2025-11-01 00:00:00+00:00,2.5155,2.521,2.4924,2.5000999999999998,12700
2025-11-01 04:00:00+00:00,2.5002,2.5225999999999997,2.4884,2.5164,22036
2025-11-01 08:00:00+00:00,2.5163,2.5177,2.4966,2.5115,25549
2025-11-01 12:00:00+00:00,2.5116,2.5143,2.4907,2.4922,8232
2025-11-01 16:00:00+00:00,2.4920999999999998,2.5136,2.4757,2.508,22579
2025-11-01 20:00:00+00:00,2.508,2.5124,2.4953,2.5075,14677
2025-11-02 00:00:00+00:00,2.5051,2.5075,2.4898,2.5011,12167
2025-11-02 04:00:00+00:00,2.5011,2.5273,2.4938000000000002,2.524,15801
2025-11-02 08:00:00+00:00,2.5239000000000003,2.5389,2.5141999999999998,2.5202,24085
2025-11-02 12:00:00+00:00,2.5202999999999998,2.5540000000000003,2.509,2.5258000000000003,29706
2025-11-02 16:00:00+00:00,2.5256,2.5342000000000002,2.4823,2.5016,31420
2025-11-02 20:00:00+00:00,2.5016,2.5175,2.4778000000000002,2.5116,18027
2025-11-03 00:00:00+00:00,2.5006,2.5326,2.4822,2.4924,23904
2025-11-03 04:00:00+00:00,2.4924,2.4955,2.4163,2.431,38462
2025-11-03 08:00:00+00:00,2.431,2.4331,2.387,2.3992,36414
2025-11-03 12:00:00+00:00,2.3992,2.4179,2.3808,2.4116,30043
2025-11-03 16:00:00+00:00,2.4114,2.4295,2.292,2.3810000000000002,51062
2025-11-03 20:00:00+00:00,2.3811,2.3843,2.2618,2.3091,44102
2025-11-04 00:00:00+00:00,2.2969,2.3483,2.265,2.3412,32265
2025-11-04 04:00:00+00:00,2.3411,2.3654,2.2441,2.2495,40144
2025-11-04 08:00:00+00:00,2.2494,2.3074,2.2283,2.2640000000000002,52613
2025-11-04 12:00:00+00:00,2.2640000000000002,2.2896,2.2555,2.2605,43099
2025-11-04 16:00:00+00:00,2.2605,2.3263,2.1944,2.2295,56534
2025-11-04 20:00:00+00:00,2.2291,2.2304,2.0657,2.1532999999999998,60743
2025-11-05 00:00:00+00:00,2.1572,2.2285,2.1009,2.1714,44927
2025-11-05 04:00:00+00:00,2.1717,2.2601,2.1713,2.2421,46367
2025-11-05 08:00:00+00:00,2.2419000000000002,2.2531,2.204,2.2375,38056
2025-11-05 12:00:00+00:00,2.2361,2.288,2.208,2.2634,35211
2025-11-05 16:00:00+00:00,2.263,2.2899,2.2409,2.2855,43617
2025-11-05 20:00:00+00:00,2.2855,2.3765,2.2775,2.3386,38203
2025-11-06 00:00:00+00:00,2.3278,2.3595,2.3089,2.3401,30584
2025-11-06 04:00:00+00:00,2.3402,2.4153000000000002,2.3222,2.3301,35964
2025-11-06 08:00:00+00:00,2.3299,2.3382,2.2998,2.3056,41055
2025-11-06 12:00:00+00:00,2.3056,2.3169,2.2762000000000002,2.3018,39251
2025-11-06 16:00:00+00:00,2.3019,2.3064,2.2074,2.239,52329
2025-11-06 20:00:00+00:00,2.239,2.2441,2.1783,2.2141,45673
2025-11-07 00:00:00+00:00,2.2101,2.2269,2.1911,2.2181,33308
2025-11-07 04:00:00+00:00,2.2183,2.2377,2.2023,2.2359999999999998,30005
2025-11-07 08:00:00+00:00,2.2359,2.2392,2.1916,2.2004,26925
2025-11-07 12:00:00+00:00,2.2004,2.2108,2.1521,2.1853,47489
2025-11-07 16:00:00+00:00,2.1852,2.3383,2.156,2.3083,57659
2025-11-07 20:00:00+00:00,2.3082,2.3705,2.2983000000000002,2.3355,42550
2025-11-08 00:00:00+00:00,2.331,2.3375,2.2964,2.3079,15543
2025-11-08 04:00:00+00:00,2.308,2.3349,2.3023,2.3139,14651
2025-11-08 08:00:00+00:00,2.3139,2.3327999999999998,2.2925,2.3102,39368
2025-11-08 12:00:00+00:00,2.3102,2.3183,2.2729,2.2769,36052
2025-11-08 16:00:00+00:00,2.2777,2.2848,2.242,2.2699,31624
2025-11-08 20:00:00+00:00,2.2699,2.2886,2.2531,2.2856,26879
2025-11-09 00:00:00+00:00,2.2778,2.2876,2.2689,2.2842000000000002,17442
2025-11-09 04:00:00+00:00,2.2841,2.2842000000000002,2.2377,2.2705,34794
2025-11-09 08:00:00+00:00,2.2705,2.2984,2.267,2.2689,31773
2025-11-09 12:00:00+00:00,2.2689,2.2866,2.252,2.2774,37906
2025-11-09 16:00:00+00:00,2.2774,2.3332,2.267,2.3087,43275
2025-11-09 20:00:00+00:00,2.3089,2.3547000000000002,2.3013,2.334,39411
2025-11-10 00:00:00+00:00,2.3295,2.428,2.3217,2.399,28931
2025-11-10 04:00:00+00:00,2.399,2.4772,2.3844,2.4528,30152
2025-11-10 08:00:00+00:00,2.4527,2.5445,2.4411,2.5375,20428
2025-11-10 12:00:00+00:00,2.5372,2.5728,2.5213,2.5552,26321
2025-11-10 16:00:00+00:00,2.555,2.5624000000000002,2.4949,2.5488,33823
2025-11-10 20:00:00+00:00,2.5484999999999998,2.5801,2.5098000000000003,2.5176,23959
2025-11-11 00:00:00+00:00,2.5269,2.5688,2.5114,2.5244,32213
2025-11-11 04:00:00+00:00,2.5244,2.5578,2.4717000000000002,2.4752,43941
2025-11-11 08:00:00+00:00,2.474,2.4798999999999998,2.439,2.4572,36716
2025-11-11 12:00:00+00:00,2.4572,2.4708,2.4397,2.4448,26332
2025-11-11 16:00:00+00:00,2.4448,2.4657,2.4085,2.4286,38490
2025-11-11 20:00:00+00:00,2.4284,2.4378,2.385,2.3888,33471
2025-11-12 00:00:00+00:00,2.3767,2.4128,2.3759,2.4052,21842
2025-11-12 04:00:00+00:00,2.4052,2.4071,2.3789,2.3997,11569
2025-11-12 08:00:00+00:00,2.3997,2.4275,2.3644,2.4199,18622
2025-11-12 12:00:00+00:00,2.4199,2.4495,2.4159,2.4465,24716
2025-11-12 16:00:00+00:00,2.4462,2.449,2.3255,2.3483,43280
2025-11-12 20:00:00+00:00,2.3483,2.3933,2.3147,2.3931,23439
2025-11-13 00:00:00+00:00,2.3787,2.4173,2.3617,2.4041,25243
2025-11-13 04:00:00+00:00,2.4041,2.5111,2.3888,2.4951,42331
2025-11-13 08:00:00+00:00,2.4951,2.5202999999999998,2.4709,2.4984,36263
2025-11-13 12:00:00+00:00,2.4984,2.5259,2.4479,2.4583,32162
2025-11-13 16:00:00+00:00,2.4582,2.5174,2.351,2.3541,50987
2025-11-13 20:00:00+00:00,2.3539,2.3743,2.2738,2.2934,48531
2025-11-14 00:00:00+00:00,2.2824,2.344,2.2824,2.3062,23882
2025-11-14 04:00:00+00:00,2.3062,2.3367,2.2417,2.3117,37885
2025-11-14 08:00:00+00:00,2.3116,2.3251,2.2640000000000002,2.2771,36332
2025-11-14 12:00:00+00:00,2.2771,2.2996,2.2243,2.2694,34810
2025-11-14 16:00:00+00:00,2.2695,2.339,2.2439,2.3095,33075
2025-11-14 20:00:00+00:00,2.3094,2.3265000000000002,2.2492,2.2746,25586
2025-11-15 00:00:00+00:00,2.2747,2.2833,2.2215,2.2786,28325
2025-11-15 04:00:00+00:00,2.2785,2.3013,2.2689,2.2748,28877
2025-11-15 08:00:00+00:00,2.2745,2.2921,2.2403,2.2557,28688
2025-11-15 12:00:00+00:00,2.2554,2.2774,2.2432,2.2682,33346
2025-11-15 16:00:00+00:00,2.268,2.2721999999999998,2.2267,2.2599,31392
2025-11-15 20:00:00+00:00,2.2597,2.2661,2.2082,2.2253,26723
2025-11-16 00:00:00+00:00,2.224,2.2417,2.1874000000000002,2.2099,24693
2025-11-16 04:00:00+00:00,2.2099,2.2622,2.2043,2.257,30652
2025-11-16 08:00:00+00:00,2.257,2.2768,2.2512,2.2752,31899
2025-11-16 12:00:00+00:00,2.275,2.2779,2.2026,2.2148,38865
2025-11-16 16:00:00+00:00,2.2149,2.23,2.1539,2.1743,39674
2025-11-16 20:00:00+00:00,2.1741,2.2298999999999998,2.1716,2.1957,48709
2025-11-17 00:00:00+00:00,2.179,2.249,2.1603,2.2273,40557
2025-11-17 04:00:00+00:00,2.2274,2.2664,2.2222,2.2526,29027
2025-11-17 08:00:00+00:00,2.2526,2.2823,2.2474,2.2726,27525
2025-11-17 12:00:00+00:00,2.2727,2.2773,2.1924,2.21,31591
2025-11-17 16:00:00+00:00,2.2092,2.3036,2.1563,2.1625,56270
2025-11-17 20:00:00+00:00,2.1624,2.1716,2.111,2.1495,46381
2025-11-18 00:00:00+00:00,2.1394,2.171,2.117,2.1417,29504
2025-11-18 04:00:00+00:00,2.1411,2.1766,2.1042,2.155,48886
2025-11-18 08:00:00+00:00,2.1549,2.1963,2.1217,2.18,37756
2025-11-18 12:00:00+00:00,2.1796,2.1994,2.1479,2.168,40594
2025-11-18 16:00:00+00:00,2.1679,2.2379,2.1548,2.2183,49895
2025-11-18 20:00:00+00:00,2.218,2.2406,2.2002,2.2043,30628
2025-11-19 00:00:00+00:00,2.2024,2.233,2.1902,2.2052,16864
2025-11-19 04:00:00+00:00,2.2052,2.2173,2.125,2.1386,31515
2025-11-19 08:00:00+00:00,2.1386,2.1697,2.1287,2.1401,32757
2025-11-19 12:00:00+00:00,2.1401,2.1493,2.1157,2.1211,26855
2025-11-19 16:00:00+00:00,2.1207,2.1479,2.04,2.0557,48394
2025-11-19 20:00:00+00:00,2.0557,2.0949,2.0227,2.0889,42322
2025-11-20 00:00:00+00:00,2.0773,2.1327,2.0681,2.1259,21657
2025-11-20 04:00:00+00:00,2.1253,2.1484,2.1169000000000002,2.1405,28198
2025-11-20 08:00:00+00:00,2.1402,2.1466,2.1086,2.1174,25425
2025-11-20 12:00:00+00:00,2.1173,2.1411,2.1062,2.1201,29954
2025-11-20 16:00:00+00:00,2.12,2.1359,1.974,2.0023,47399
2025-11-20 20:00:00+00:00,2.0023,2.0319,1.9724,2.0178,37895
2025-11-21 00:00:00+00:00,2.0178,2.0508,1.9936,2.0137,28171
2025-11-21 04:00:00+00:00,2.0136,2.0144,1.9545,1.9788999999999999,36265
2025-11-21 08:00:00+00:00,1.9788999999999999,1.9828999999999999,1.8397000000000001,1.9002,43972
2025-11-21 12:00:00+00:00,1.9002,1.9407999999999999,1.8172000000000001,1.9287,44693
2025-11-21 16:00:00+00:00,1.9284,1.9961,1.8836,1.975,52269
2025-11-21 20:00:00+00:00,1.9746000000000001,1.9847000000000001,1.9193,1.9548,40023
2025-11-22 00:00:00+00:00,1.9325999999999999,1.96,1.8976,1.9594,20041
2025-11-22 04:00:00+00:00,1.9590999999999998,1.9622000000000002,1.9121000000000001,1.9296,30636
2025-11-22 08:00:00+00:00,1.9295,1.9566,1.9008,1.912,29391
2025-11-22 12:00:00+00:00,1.9121000000000001,1.9247999999999998,1.8906,1.8967,28013
2025-11-22 16:00:00+00:00,1.9099,1.9496,1.9036,1.929,31144
2025-11-22 20:00:00+00:00,1.9289,1.9391,1.9184999999999999,1.9361000000000002,38653
2025-11-23 00:00:00+00:00,1.9263,2.0042,1.9261,1.9985,23698
2025-11-23 04:00:00+00:00,1.9985,2.0742,1.9948000000000001,2.0552,35528
2025-11-23 08:00:00+00:00,2.055,2.0581,2.0144,2.0456,38011
2025-11-23 12:00:00+00:00,2.0456,2.0494,2.0215,2.0482,27510
2025-11-23 16:00:00+00:00,2.0482,2.0791,2.0337,2.0449,34429
2025-11-23 20:00:00+00:00,2.0448,2.0834,2.0438,2.0791,26352
2025-11-24 00:00:00+00:00,2.069,2.0772,2.0214,2.0565,24342
2025-11-24 04:00:00+00:00,2.0564,2.1067,2.0439,2.0897,38433
2025-11-24 08:00:00+00:00,2.0892,2.0921,2.0367,2.0428,40521
2025-11-24 12:00:00+00:00,2.0427,2.0996,2.041,2.0827,38928
2025-11-24 16:00:00+00:00,2.0827,2.2099,2.0466,2.2056,48183
2025-11-24 20:00:00+00:00,2.2054,2.2858,2.1831,2.2409,42092
2025-11-25 00:00:00+00:00,2.2467,2.2643,2.2201,2.2484,25532
2025-11-25 04:00:00+00:00,2.2484,2.2595,2.2314,2.2516,26207
2025-11-25 08:00:00+00:00,2.2515,2.2532,2.1854,2.1999,23422
2025-11-25 12:00:00+00:00,2.1999,2.2346,2.1903,2.2129,29907
2025-11-25 16:00:00+00:00,2.2128,2.2167,2.1575,2.1879,37157
2025-11-25 20:00:00+00:00,2.188,2.2146,2.1462,2.1871,30741
2025-11-26 00:00:00+00:00,2.1855,2.2161,2.167,2.2029,17797
2025-11-26 04:00:00+00:00,2.2029,2.2081,2.1691,2.1915,13451
2025-11-26 08:00:00+00:00,2.1915,2.2057,2.1723,2.1772,11783
2025-11-26 12:00:00+00:00,2.1772,2.185,2.1427,2.1641,20941
2025-11-26 16:00:00+00:00,2.1638,2.24,2.1475,2.2344,29701
2025-11-26 20:00:00+00:00,2.2344,2.2545,2.2109,2.2231,23275
2025-11-27 00:00:00+00:00,2.217,2.2344,2.2116,2.2268,18146
2025-11-27 04:00:00+00:00,2.2267,2.2346,2.1952,2.2008,20257
2025-11-27 08:00:00+00:00,2.2008,2.2157,2.1889,2.1985,12567
2025-11-27 12:00:00+00:00,2.1985,2.1987,2.1729,2.181,16785
2025-11-27 16:00:00+00:00,2.181,2.2191,2.1767,2.2079,19444
2025-11-27 20:00:00+00:00,2.2082,2.2333,2.2056,2.2139,24670
2025-11-28 00:00:00+00:00,2.2137000000000002,2.2189,2.1667,2.1719,15577
2025-11-28 04:00:00+00:00,2.1718,2.2217000000000002,2.1673999999999998,2.214,20590
2025-11-28 08:00:00+00:00,2.2139,2.2495,2.1952,2.2325,24892
2025-11-28 12:00:00+00:00,2.2322,2.2325,2.1846,2.2224,27380
2025-11-28 16:00:00+00:00,2.2224,2.2758,2.1653000000000002,2.1766,40951
2025-11-28 20:00:00+00:00,2.1761,2.1948,2.1565,2.1843,25235
2025-11-29 00:00:00+00:00,2.1823,2.1903,2.1734999999999998,2.1784,14065
2025-11-29 04:00:00+00:00,2.1783,2.1895,2.1724,2.1814999999999998,19624
2025-11-29 08:00:00+00:00,2.1809,2.1896,2.1673,2.1847,24197
2025-11-29 12:00:00+00:00,2.1845,2.2234,2.1787,2.2002,24433
2025-11-29 16:00:00+00:00,2.2,2.2226,2.192,2.1989,23140
2025-11-29 20:00:00+00:00,2.1987,2.2154,2.1877,2.2075,18764
2025-11-30 00:00:00+00:00,2.2002,2.211,2.197,2.2061,10831
2025-11-30 04:00:00+00:00,2.206,2.2132,2.1879,2.1964,17705
2025-11-30 08:00:00+00:00,2.1964,2.2108,2.1896,2.1974,19554
2025-11-30 12:00:00+00:00,2.1973,2.2086,2.1834,2.206,12332
2025-11-30 16:00:00+00:00,2.206,2.2153,2.1865,2.2018,14914
2025-11-30 20:00:00+00:00,2.2019,2.2076000000000002,2.1794000000000002,2.1875999999999998,15979
2025-12-01 00:00:00+00:00,2.1864,2.1975,2.0561,2.079,31232
2025-12-01 04:00:00+00:00,2.079,2.0881,2.0166,2.0285,32394
2025-12-01 08:00:00+00:00,2.0285,2.0611,2.0272,2.0466,19382
2025-12-01 12:00:00+00:00,2.0466,2.0489,2.0009,2.0203,25885
2025-12-01 16:00:00+00:00,2.0204,2.0494,1.9826000000000001,1.9959,34414
2025-12-01 20:00:00+00:00,1.9958,2.0434,1.9868999999999999,2.0257,22353
2025-12-02 00:00:00+00:00,2.0239,2.0442,2.013,2.0179,20061
2025-12-02 04:00:00+00:00,2.0179,2.0319,2.0025,2.0168,18066
2025-12-02 08:00:00+00:00,2.0167,2.026,1.995,2.012,24475
2025-12-02 12:00:00+00:00,2.0119,2.0477,2.0117,2.0445,26722
2025-12-02 16:00:00+00:00,2.0446,2.1782,2.0408,2.1702,47319
2025-12-02 20:00:00+00:00,2.1701,2.1837,2.1473,2.1691,27265
2025-12-03 00:00:00+00:00,2.1642,2.1728,2.1407,2.1612,20346
2025-12-03 04:00:00+00:00,2.1612,2.2198,2.1595,2.2036,26803
2025-12-03 08:00:00+00:00,2.2039,2.2151,2.1783,2.1842,25513
2025-12-03 12:00:00+00:00,2.1843,2.191,2.1667,2.1774,21473
2025-12-03 16:00:00+00:00,2.1774,2.1997,2.1413,2.1851,40547
2025-12-03 20:00:00+00:00,2.1852,2.2095,2.1685,2.2088,22912
2025-12-04 00:00:00+00:00,2.1978,2.2147,2.1864,2.1934,20038
2025-12-04 04:00:00+00:00,2.1935000000000002,2.2085,2.1713,2.1772,27842
2025-12-04 08:00:00+00:00,2.1772,2.1853,2.1604,2.1712,26085
2025-12-04 12:00:00+00:00,2.1712,2.1736,2.1252,2.1256,28252
2025-12-04 16:00:00+00:00,2.1254,2.1583,2.1138,2.1289,34386
2025-12-04 20:00:00+00:00,2.1289,2.1295,2.0689,2.0914,33182
2025-12-05 00:00:00+00:00,2.091,2.1136,2.091,2.1061,18535
2025-12-05 04:00:00+00:00,2.1062,2.1128,2.0769,2.0825,18608
2025-12-05 08:00:00+00:00,2.0826000000000002,2.0992,2.054,2.0566,16459
2025-12-05 12:00:00+00:00,2.0566,2.0772,2.0534,2.0663,24298
2025-12-05 16:00:00+00:00,2.0663,2.1006,2.0171,2.0362999999999998,34561
2025-12-05 20:00:00+00:00,2.0364,2.049,2.0124,2.0245,21554
2025-12-06 00:00:00+00:00,2.0354,2.0389,2.0177,2.0308,4663
2025-12-06 04:00:00+00:00,2.0307,2.0456,2.0256,2.0448,7570
2025-12-06 08:00:00+00:00,2.0448,2.0513,2.0159,2.0264,19859
2025-12-06 12:00:00+00:00,2.0264,2.04,2.0215,2.0318,16666
2025-12-06 16:00:00+00:00,2.0318,2.0476,2.0223,2.034,17267
2025-12-06 20:00:00+00:00,2.0339,2.0385,2.0214,2.0349,11705
2025-12-07 00:00:00+00:00,2.0282,2.0434,2.0223,2.0346,9495
2025-12-07 04:00:00+00:00,2.0347,2.0747,2.0346,2.0493,21134
2025-12-07 08:00:00+00:00,2.0493,2.0534,2.0247,2.0289,23774
2025-12-07 12:00:00+00:00,2.0288,2.051,2.0266,2.0308,20066
2025-12-07 16:00:00+00:00,2.0308,2.0968,1.9891999999999999,2.0882,34372
2025-12-07 20:00:00+00:00,2.0883,2.1114,2.0355,2.0437,35775
2025-12-08 00:00:00+00:00,2.0306,2.092,2.0099,2.0689,25747
2025-12-08 04:00:00+00:00,2.0689,2.0871,2.0587,2.0789,18339
2025-12-08 08:00:00+00:00,2.0789,2.1239,2.0725,2.1001,29603
2025-12-08 12:00:00+00:00,2.0998,2.1058,2.0846999999999998,2.0989,16735
2025-12-08 16:00:00+00:00,2.0984,2.1124,2.0637,2.0787,38600
2025-12-08 20:00:00+00:00,2.0787,2.0944,2.0626,2.0906,26087
2025-12-09 00:00:00+00:00,2.0801,2.0859,2.0589,2.0631,13361
2025-12-09 04:00:00+00:00,2.0631,2.0716,2.0492,2.0509,12655
2025-12-09 08:00:00+00:00,2.0509,2.0664,2.041,2.0586,10633
2025-12-09 12:00:00+00:00,2.0587,2.0862,2.0456,2.0666,13368
2025-12-09 16:00:00+00:00,2.0665,2.1776,2.0486,2.1494,36879
2025-12-09 20:00:00+00:00,2.1494,2.1579,2.0854,2.0989,24707
2025-12-10 00:00:00+00:00,2.0945,2.1171,2.0858,2.089,13857
2025-12-10 04:00:00+00:00,2.0891,2.0967,2.0794,2.089,12216
2025-12-10 08:00:00+00:00,2.089,2.0902,2.0707,2.0894,12460
2025-12-10 12:00:00+00:00,2.0894,2.0987,2.0587,2.0652,20699
2025-12-10 16:00:00+00:00,2.0652,2.0757,2.0559,2.062,27567
2025-12-10 20:00:00+00:00,2.0618,2.1108,2.0362999999999998,2.0461,40204
2025-12-11 00:00:00+00:00,2.0457,2.0581,2.0094,2.0133,23194
2025-12-11 04:00:00+00:00,2.0133,2.0203,1.9924,2.0157,23484
2025-12-11 08:00:00+00:00,2.0157,2.0198,2.001,2.0141,13576
2025-12-11 12:00:00+00:00,2.0141,2.0195,2.0045,2.0092,12844
2025-12-11 16:00:00+00:00,2.0092,2.0115,1.9771,1.9961,29748
2025-12-11 20:00:00+00:00,1.9961,2.0576,1.9924,2.0432,24778
2025-12-12 00:00:00+00:00,2.0411,2.047,2.0148,2.0282,15405
2025-12-12 04:00:00+00:00,2.0281,2.0438,2.0234,2.0373,15293
2025-12-12 08:00:00+00:00,2.0373,2.0438,2.0253,2.0361,15165
2025-12-12 12:00:00+00:00,2.0361,2.0486,2.0332,2.042,11777
2025-12-12 16:00:00+00:00,2.042,2.0443,1.9678,1.9966,34601
2025-12-12 20:00:00+00:00,1.9965000000000002,2.0258,1.9898,2.0017,18925
2025-12-13 00:00:00+00:00,2.0102,2.0161,2.0058,2.0099,3589
2025-12-13 04:00:00+00:00,2.0099,2.0476,2.0099,2.0309,5697
2025-12-13 08:00:00+00:00,2.0308,2.0425,2.0252,2.0311,10496
2025-12-13 12:00:00+00:00,2.0311,2.0436,2.0296,2.0332,10656
2025-12-13 16:00:00+00:00,2.0331,2.0411,2.0173,2.0193,11101
2025-12-13 20:00:00+00:00,2.0193,2.0231,2.0075,2.0219,8846
2025-12-14 00:00:00+00:00,2.0178,2.0307,2.0163,2.0259,8709
2025-12-14 04:00:00+00:00,2.026,2.0301,2.01,2.016,8044
2025-12-14 08:00:00+00:00,2.016,2.0237,2.0109,2.0124,7945
2025-12-14 12:00:00+00:00,2.0122,2.0131,1.9888,2.0035,16211
2025-12-14 16:00:00+00:00,2.0034,2.0086,1.983,1.9872999999999998,18514
2025-12-14 20:00:00+00:00,1.9872999999999998,1.995,1.9821,1.9874,14207
2025-12-15 00:00:00+00:00,1.9875,2.005,1.951,1.9990999999999999,16924
2025-12-15 04:00:00+00:00,1.9990999999999999,2.0142,1.9918,2.0011,18690
2025-12-15 08:00:00+00:00,2.001,2.0054,1.9902,1.9986000000000002,16682
2025-12-15 12:00:00+00:00,1.9986000000000002,2.0012,1.9552,1.9645000000000001,18791
2025-12-15 16:00:00+00:00,1.9644,1.9809999999999999,1.8896,1.8915,45770
2025-12-15 20:00:00+00:00,1.8915,1.9083,1.8688,1.8917000000000002,30536
2025-12-16 00:00:00+00:00,1.8847,1.8993,1.8679000000000001,1.8727,21051
2025-12-16 04:00:00+00:00,1.8727,1.8843,1.8519999999999999,1.8824,22074
2025-12-16 08:00:00+00:00,1.8824,1.8980000000000001,1.8738000000000001,1.8793,18589
2025-12-16 12:00:00+00:00,1.8794,1.9471,1.8773,1.907,27304
2025-12-16 16:00:00+00:00,1.907,1.946,1.8975,1.9156,35172
2025-12-16 20:00:00+00:00,1.916,1.9377,1.9127999999999998,1.9256,21157
2025-12-17 00:00:00+00:00,1.9224,1.9398,1.9188,1.9220000000000002,14120
2025-12-17 04:00:00+00:00,1.9217,1.9369,1.9056,1.9201000000000001,18166
2025-12-17 08:00:00+00:00,1.9201000000000001,1.9313,1.8979,1.9012,16606
2025-12-17 12:00:00+00:00,1.9009,1.9282,1.8956,1.9207999999999998,18049
2025-12-17 16:00:00+00:00,1.9207999999999998,1.9874,1.8697,1.8723,43155
2025-12-17 20:00:00+00:00,1.8723999999999998,1.8836,1.8458999999999999,1.8609,29689
2025-12-18 00:00:00+00:00,1.8546,1.8718,1.851,1.8559,20835
2025-12-18 04:00:00+00:00,1.8561,1.8718,1.8294000000000001,1.8314,17549
2025-12-18 08:00:00+00:00,1.8314,1.8719000000000001,1.8252000000000002,1.8692,21296
2025-12-18 12:00:00+00:00,1.8692,1.9233,1.8653,1.9127,24684
2025-12-18 16:00:00+00:00,1.9125999999999999,1.9327,1.8368,1.8659,41371
2025-12-18 20:00:00+00:00,1.866,1.8753,1.7991000000000001,1.8176,38807
2025-12-19 00:00:00+00:00,1.8142,1.8239,1.7694,1.7811,19624
2025-12-19 04:00:00+00:00,1.7809,1.8523,1.7724,1.8274,32354
2025-12-19 08:00:00+00:00,1.8274,1.876,1.8241,1.8639000000000001,27216
2025-12-19 12:00:00+00:00,1.8639000000000001,1.8872,1.8599999999999999,1.8664,21230
2025-12-19 16:00:00+00:00,1.8664,1.9066,1.863,1.8727,37917
2025-12-19 20:00:00+00:00,1.8726,1.9176,1.8723999999999998,1.9026999999999998,24218
2025-12-20 00:00:00+00:00,1.9005,1.909,1.8991,1.9015,11922
2025-12-20 04:00:00+00:00,1.9015,1.9178,1.8921000000000001,1.9131,13066
2025-12-20 08:00:00+00:00,1.9133,1.9582000000000002,1.9055,1.9481000000000002,14103
2025-12-20 12:00:00+00:00,1.948,1.956,1.9174,1.9275,14527
2025-12-20 16:00:00+00:00,1.9276,1.9344999999999999,1.9154,1.9235,11882
2025-12-20 20:00:00+00:00,1.9235,1.9300000000000002,1.9171,1.9296,9408
2025-12-21 00:00:00+00:00,1.9287999999999998,1.9407999999999999,1.9243999999999999,1.9274,13044
2025-12-21 04:00:00+00:00,1.9272,1.9369,1.916,1.9213,7325
2025-12-21 08:00:00+00:00,1.9213,1.9483000000000001,1.9176,1.9433,15481
2025-12-21 12:00:00+00:00,1.9433,1.9474,1.893,1.8980000000000001,10927
2025-12-21 16:00:00+00:00,1.8980000000000001,1.9180000000000001,1.8955,1.9071,17800
2025-12-21 20:00:00+00:00,1.9069,1.919,1.9008,1.9072,15250
2025-12-22 00:00:00+00:00,1.9022000000000001,1.9484,1.9022000000000001,1.9195,22765
2025-12-22 04:00:00+00:00,1.9195,1.9281000000000001,1.9022999999999999,1.9198,23856
2025-12-22 08:00:00+00:00,1.9199000000000002,1.9336,1.9131,1.9220000000000002,21849
2025-12-22 12:00:00+00:00,1.9220000000000002,1.9457,1.9158,1.9323000000000001,19574
2025-12-22 16:00:00+00:00,1.9323000000000001,1.9466,1.9179,1.9298,27185
2025-12-22 20:00:00+00:00,1.9295,1.9374,1.8897,1.896,19082
2025-12-23 00:00:00+00:00,1.8895,1.909,1.8895,1.8976,10528
2025-12-23 04:00:00+00:00,1.8977,1.9054,1.8778000000000001,1.8818000000000001,15987
2025-12-23 08:00:00+00:00,1.8819,1.8864,1.8723999999999998,1.8852,15774
2025-12-23 12:00:00+00:00,1.8848,1.9052,1.8757000000000001,1.8779,14831
2025-12-23 16:00:00+00:00,1.8780000000000001,1.8928,1.862,1.8681999999999999,29940
2025-12-23 20:00:00+00:00,1.8681999999999999,1.8936,1.8665,1.8807,15227
2025-12-24 00:00:00+00:00,1.8773,1.8838,1.8679000000000001,1.8696000000000002,12464
2025-12-24 04:00:00+00:00,1.8696000000000002,1.8698000000000001,1.8420999999999998,1.846,15592
2025-12-24 08:00:00+00:00,1.846,1.8612,1.8359999999999999,1.8532,13683
2025-12-24 12:00:00+00:00,1.8532,1.8744,1.8528,1.8691,10272
2025-12-24 16:00:00+00:00,1.869,1.8771,1.8494000000000002,1.8498999999999999,26512
2025-12-24 20:00:00+00:00,1.85,1.8683999999999998,1.8477999999999999,1.8614000000000002,9212
2025-12-25 00:00:00+00:00,1.8594,1.8688,1.855,1.8645,6028
2025-12-25 04:00:00+00:00,1.8645,1.874,1.862,1.8681,8102
2025-12-25 08:00:00+00:00,1.8679999999999999,1.8796,1.8628,1.8707,6744
2025-12-25 12:00:00+00:00,1.8708,1.8708,1.8513,1.8672,5920
2025-12-25 16:00:00+00:00,1.8672,1.8877000000000002,1.863,1.8695,11824
2025-12-25 20:00:00+00:00,1.8696000000000002,1.874,1.8633,1.8646,6018
2025-12-26 00:00:00+00:00,1.858,1.8616000000000001,1.8225,1.8354,17537
2025-12-26 04:00:00+00:00,1.8355000000000001,1.8787,1.8322,1.8681999999999999,22981
2025-12-26 08:00:00+00:00,1.8683,1.8822,1.8604,1.8755,15604
2025-12-26 12:00:00+00:00,1.8755,1.8795,1.867,1.8768,10872
2025-12-26 16:00:00+00:00,1.8768,1.8771,1.8253,1.8429,24079
2025-12-26 20:00:00+00:00,1.843,1.859,1.8393000000000002,1.8481999999999998,11155
2025-12-27 00:00:00+00:00,1.8424,1.8477000000000001,1.8399999999999999,1.846,6334
2025-12-27 04:00:00+00:00,1.846,1.8529,1.8439999999999999,1.8488,3932
2025-12-27 08:00:00+00:00,1.8488,1.855,1.8464,1.8498,5032
2025-12-27 12:00:00+00:00,1.8498,1.8527,1.8433000000000002,1.8451,7018
2025-12-27 16:00:00+00:00,1.845,1.8509,1.8423,1.8483,6094
2025-12-27 20:00:00+00:00,1.8481999999999998,1.8617,1.8467,1.8609,4722
2025-12-28 00:00:00+00:00,1.8595000000000002,1.8777,1.8580999999999999,1.8694,8737
2025-12-28 04:00:00+00:00,1.8693,1.8761999999999999,1.8683999999999998,1.8713,4999
2025-12-28 08:00:00+00:00,1.8712,1.8779,1.8607,1.8633,6990
2025-12-28 12:00:00+00:00,1.863,1.8726,1.863,1.8653,6140
2025-12-28 16:00:00+00:00,1.8654,1.8748,1.8641,1.8662,6947
2025-12-28 20:00:00+00:00,1.866,1.8669,1.8516,1.8596,10339
2025-12-29 00:00:00+00:00,1.8596,1.8843999999999999,1.8580999999999999,1.8807,12938
2025-12-29 04:00:00+00:00,1.8806,1.9163999999999999,1.8799000000000001,1.9009,19291
2025-12-29 08:00:00+00:00,1.9012,1.9068,1.8637000000000001,1.874,14802
2025-12-29 12:00:00+00:00,1.8739,1.8811,1.853,1.8611,20594
2025-12-29 16:00:00+00:00,1.861,1.8768,1.8553,1.863,22601
2025-12-29 20:00:00+00:00,1.8634,1.8655,1.8428,1.8507,11772
2025-12-30 00:00:00+00:00,1.8441,1.8538999999999999,1.842,1.8458,7413
2025-12-30 04:00:00+00:00,1.8457,1.8618000000000001,1.841,1.857,11399
2025-12-30 08:00:00+00:00,1.8569,1.8702,1.8547,1.8671,10539
2025-12-30 12:00:00+00:00,1.8671,1.8681,1.8584,1.8622,6831
2025-12-30 16:00:00+00:00,1.8622,1.8845,1.8525,1.8728,19098
2025-12-30 20:00:00+00:00,1.8721,1.8815,1.8636,1.8699,8330
2025-12-31 00:00:00+00:00,1.8707,1.8818000000000001,1.8685,1.8767,8423
2025-12-31 04:00:00+00:00,1.8765,1.8778000000000001,1.8645,1.8696000000000002,7648
2025-12-31 08:00:00+00:00,1.8695,1.8731,1.8628,1.8679999999999999,5014
2025-12-31 12:00:00+00:00,1.8681,1.8773,1.8662,1.873,6818
2025-12-31 16:00:00+00:00,1.873,1.8798,1.8298,1.8313000000000001,15941
2025-12-31 20:00:00+00:00,1.8311,1.8397000000000001,1.8083,1.8385,9634
2026-01-01 00:00:00+00:00,1.8340999999999998,1.8463,1.8327,1.838,4799
2026-01-01 04:00:00+00:00,1.838,1.8525,1.8222,1.8415,4035
2026-01-01 08:00:00+00:00,1.8415,1.8517000000000001,1.838,1.849,3684
2026-01-01 12:00:00+00:00,1.849,1.8561999999999999,1.8460999999999999,1.8551,4627
2026-01-01 16:00:00+00:00,1.8551,1.8729,1.849,1.8662,9714
2026-01-01 20:00:00+00:00,1.8662999999999998,1.8737,1.8618000000000001,1.8683999999999998,7406
2026-01-02 00:00:00+00:00,1.865,1.8793,1.865,1.8696000000000002,7063
2026-01-02 04:00:00+00:00,1.8697,1.8894,1.866,1.8728,8852
2026-01-02 08:00:00+00:00,1.8728,1.8959000000000001,1.8675000000000002,1.8944999999999999,10001
2026-01-02 12:00:00+00:00,1.8944,1.9059,1.884,1.8946,14781
2026-01-02 16:00:00+00:00,1.8947,1.9964,1.8849,1.9909,30894
2026-01-02 20:00:00+00:00,1.9909,2.0194,1.9670999999999998,2.0172,15776
2026-01-03 00:00:00+00:00,2.0183,2.0341,2.002,2.0293,7348
2026-01-03 04:00:00+00:00,2.0293,2.0552,2.0169,2.03,13572
2026-01-03 08:00:00+00:00,2.0298,2.0348,1.9827,2.0129,18718
2026-01-03 12:00:00+00:00,2.0132,2.0141,1.9923,2.004,8138
2026-01-03 16:00:00+00:00,2.004,2.0174,1.9945,2.0003,9068
2026-01-03 20:00:00+00:00,2.0001,2.0133,1.9959,2.0088,8294
2026-01-04 00:00:00+00:00,2.0023,2.0475,2.0023,2.0347,17029
2026-01-04 04:00:00+00:00,2.0347,2.0751,2.0256,2.066,15934
2026-01-04 08:00:00+00:00,2.066,2.0884,2.0569,2.0849,17468
2026-01-04 12:00:00+00:00,2.0848,2.1193,2.0763,2.1018,14590
2026-01-04 16:00:00+00:00,2.1011,2.1054,2.0789,2.0948,14879
2026-01-04 20:00:00+00:00,2.0948,2.1008,2.0705999999999998,2.095,11581
2026-01-05 00:00:00+00:00,2.096,2.1651,2.0772,2.1554,23064
2026-01-05 04:00:00+00:00,2.1554,2.1603,2.1167,2.1215,26624
2026-01-05 08:00:00+00:00,2.1215,2.1521,2.1076,2.1368,24778
2026-01-05 12:00:00+00:00,2.1368,2.1486,2.1103,2.1153,19487
2026-01-05 16:00:00+00:00,2.1154,2.2074,2.1098,2.207,26976
2026-01-05 20:00:00+00:00,2.207,2.35,2.1993,2.3346999999999998,27796
2026-01-06 00:00:00+00:00,2.318,2.4046,2.3155,2.3734,24450
2026-01-06 04:00:00+00:00,2.3734,2.4164,2.3655,2.3891,21809
2026-01-06 08:00:00+00:00,2.3891999999999998,2.3996,2.3189,2.3514,21437
2026-01-06 12:00:00+00:00,2.3511,2.3954,2.3446,2.371,20112
2026-01-06 16:00:00+00:00,2.3709,2.3977,2.206,2.2066,28516
2026-01-06 20:00:00+00:00,2.2066,2.2908,2.2014,2.2824,22795
2026-01-07 00:00:00+00:00,2.2829,2.32,2.2545,2.265,12896
2026-01-07 04:00:00+00:00,2.265,2.2800000000000002,2.2424,2.2494,13916
2026-01-07 08:00:00+00:00,2.2492,2.2893,2.2294,2.2387,12669
2026-01-07 12:00:00+00:00,2.2386,2.2568,2.2338,2.2428,10391
2026-01-07 16:00:00+00:00,2.2428,2.2432,2.181,2.1918,21626
2026-01-07 20:00:00+00:00,2.1918,2.2021,2.1681,2.1773,16513
2026-01-08 00:00:00+00:00,2.1694,2.1893,2.1441,2.1809,17523
2026-01-08 04:00:00+00:00,2.1809,2.19,2.1372,2.1406,14759
2026-01-08 08:00:00+00:00,2.1406,2.1438,2.0911,2.0938,21606
2026-01-08 12:00:00+00:00,2.0938,2.105,2.069,2.0849,16663
2026-01-08 16:00:00+00:00,2.0849,2.1673999999999998,2.0631,2.1618,26847
2026-01-08 20:00:00+00:00,2.1618,2.1632,2.1104,2.1390000000000002,18081
2026-01-09 00:00:00+00:00,2.1364,2.1464,2.1061,2.1077,12356
2026-01-09 04:00:00+00:00,2.1075,2.1357,2.106,2.1357,11816
2026-01-09 08:00:00+00:00,2.1357,2.1451000000000002,2.0701,2.0939,13447
2026-01-09 12:00:00+00:00,2.0939,2.1144,2.0881,2.104,9790
2026-01-09 16:00:00+00:00,2.104,2.1596,2.0766,2.1051,24347
2026-01-09 20:00:00+00:00,2.105,2.1079,2.073,2.089,16221
2026-01-10 00:00:00+00:00,2.0892,2.0962,2.0863,2.0928,4911
2026-01-10 04:00:00+00:00,2.0928,2.0987,2.0771,2.0871,6105
2026-01-10 08:00:00+00:00,2.0871,2.0995,2.082,2.0947,5909
2026-01-10 12:00:00+00:00,2.0946,2.1078,2.0871,2.0894,5436
2026-01-10 16:00:00+00:00,2.0893,2.0952,2.0838,2.0882,6809
2026-01-10 20:00:00+00:00,2.0881,2.0985,2.0845,2.0887000000000002,3776
2026-01-11 00:00:00+00:00,2.0821,2.0934,2.0805,2.0903,4743
2026-01-11 04:00:00+00:00,2.0902,2.0936,2.0864,2.0934,5339
2026-01-11 08:00:00+00:00,2.0934,2.0963,2.0826000000000002,2.0894,5945
2026-01-11 12:00:00+00:00,2.0893,2.1036,2.0868,2.0953,3533
2026-01-11 16:00:00+00:00,2.0953,2.1075,2.0813,2.0915,7463
2026-01-11 20:00:00+00:00,2.0915,2.0941,2.0412,2.0713,8797
2026-01-12 00:00:00+00:00,2.0568,2.0753,2.0336,2.0614,12634
2026-01-12 04:00:00+00:00,2.0614,2.1037,2.0584,2.0806,17671
2026-01-12 08:00:00+00:00,2.0806,2.0832,2.0318,2.0417,15995
2026-01-12 12:00:00+00:00,2.0417,2.0578,2.0323,2.0497,8746
2026-01-12 16:00:00+00:00,2.0496,2.1065,2.0375,2.0658,23355
2026-01-12 20:00:00+00:00,2.0656,2.0761,2.0368,2.0452,15812
2026-01-13 00:00:00+00:00,2.0473,2.0622,2.0425,2.0511,10146
2026-01-13 04:00:00+00:00,2.0508,2.0781,2.045,2.0612,11569
2026-01-13 08:00:00+00:00,2.061,2.0728,2.0498,2.0637,10901
2026-01-13 12:00:00+00:00,2.0637,2.0765,2.0535,2.0669,10144
2026-01-13 16:00:00+00:00,2.0668,2.114,2.0584,2.0907,26475
2026-01-13 20:00:00+00:00,2.0906,2.1491,2.0867,2.1212,19914
2026-01-14 00:00:00+00:00,2.1165,2.1844,2.1127,2.1741,24590
2026-01-14 04:00:00+00:00,2.174,2.1912,2.1503,2.1518,16130
2026-01-14 08:00:00+00:00,2.1514,2.1554,2.1314,2.1467,12772
2026-01-14 12:00:00+00:00,2.1467,2.1488,2.1098,2.1154,12350
2026-01-14 16:00:00+00:00,2.1154,2.176,2.1136,2.1383,24962
2026-01-14 20:00:00+00:00,2.1379,2.1654,2.1239,2.1451000000000002,17850
2026-01-15 00:00:00+00:00,2.1390000000000002,2.1475,2.1152,2.1186,11349
2026-01-15 04:00:00+00:00,2.1185,2.1247,2.0803,2.0993,12726
2026-01-15 08:00:00+00:00,2.0984,2.1226,2.0878,2.1173,12296
2026-01-15 12:00:00+00:00,2.1173,2.1322,2.1061,2.129,12488
2026-01-15 16:00:00+00:00,2.1291,2.1326,2.0668,2.0796,23757
2026-01-15 20:00:00+00:00,2.0788,2.0824,2.052,2.0742,16652
2026-01-16 00:00:00+00:00,2.0692,2.0866,2.0667,2.0769,8746
2026-01-16 04:00:00+00:00,2.0769,2.079,2.0566,2.0705999999999998,11635
2026-01-16 08:00:00+00:00,2.0703,2.0796,2.065,2.0668,8936
2026-01-16 12:00:00+00:00,2.0668,2.0681,2.0516,2.0575,7660
2026-01-16 16:00:00+00:00,2.0575,2.067,2.0248,2.0511,21634
2026-01-16 20:00:00+00:00,2.0511,2.0785,2.0409,2.0736,10019
2026-01-17 00:00:00+00:00,2.071,2.0737,2.06,2.0653,4938
2026-01-17 04:00:00+00:00,2.0652,2.0654,2.0517,2.0623,5411
2026-01-17 08:00:00+00:00,2.062,2.0667,2.0544,2.0623,4883
2026-01-17 12:00:00+00:00,2.0617,2.0667,2.0548,2.0612,3709
2026-01-17 16:00:00+00:00,2.0612,2.0819,2.0576,2.0814,7169
2026-01-17 20:00:00+00:00,2.0816,2.0827,2.0643,2.0675,3782
2026-01-18 00:00:00+00:00,2.0617,2.0682,2.0472,2.0502,5703
2026-01-18 04:00:00+00:00,2.0502,2.0595,2.0454,2.0543,5490
2026-01-18 08:00:00+00:00,2.0543,2.0599,2.0488,2.0593,5283
2026-01-18 12:00:00+00:00,2.0593,2.0597,2.0457,2.0506,2441
2026-01-18 16:00:00+00:00,2.0507,2.0599,2.0442,2.0487,5858
2026-01-18 20:00:00+00:00,2.0488,2.0654,2.0446,2.0554,6037
2026-01-19 00:00:00+00:00,2.0533,2.0631,1.8389,1.9524,21871
2026-01-19 04:00:00+00:00,1.9524,1.974,1.9479,1.9616,12351
2026-01-19 08:00:00+00:00,1.9616,1.9825,1.9516,1.98,8899
2026-01-19 12:00:00+00:00,1.9797,1.9828000000000001,1.9635,1.9727000000000001,7551
2026-01-19 16:00:00+00:00,1.9725000000000001,2.0287,1.9667,2.0174,12137
2026-01-19 20:00:00+00:00,2.0175,2.0247,1.9943,1.9989,7864
2026-01-20 00:00:00+00:00,1.9898,1.9957,1.9683000000000002,1.9704000000000002,10571
2026-01-20 04:00:00+00:00,1.9702,1.9723000000000002,1.9515,1.9645000000000001,10680
2026-01-20 08:00:00+00:00,1.9645000000000001,1.9645000000000001,1.9165,1.9234,14794
2026-01-20 12:00:00+00:00,1.9234,1.9393,1.9135,1.9156,9846
2026-01-20 16:00:00+00:00,1.9156,1.9381,1.8954,1.9003999999999999,22574
2026-01-20 20:00:00+00:00,1.9003999999999999,1.9083,1.8801,1.8856000000000002,10434
2026-01-21 00:00:00+00:00,1.8791,1.9135,1.8647,1.8953,8319
2026-01-21 04:00:00+00:00,1.8953,1.9247,1.8895,1.9194,8284
2026-01-21 08:00:00+00:00,1.9194,1.9207999999999998,1.8956,1.9100000000000001,9629
2026-01-21 12:00:00+00:00,1.9101,1.9140000000000001,1.8763999999999998,1.8946,16473
2026-01-21 16:00:00+00:00,1.8938000000000001,1.9596,1.8697,1.8895,25173
2026-01-21 20:00:00+00:00,1.8895,1.9847000000000001,1.8805,1.975,19086
2026-01-22 00:00:00+00:00,1.9708999999999999,1.9883,1.9367999999999999,1.9567999999999999,8775
2026-01-22 04:00:00+00:00,1.9567999999999999,1.9594,1.9396,1.9519,9377
2026-01-22 08:00:00+00:00,1.952,1.9634,1.9445999999999999,1.9632,10614
2026-01-22 12:00:00+00:00,1.9628999999999999,1.9637,1.9247,1.9284,8778
2026-01-22 16:00:00+00:00,1.9283000000000001,1.9308,1.8993,1.9278,15456
2026-01-22 20:00:00+00:00,1.9279,1.9343,1.916,1.9232,12349
2026-01-23 00:00:00+00:00,1.9193,1.929,1.9139,1.9202,5784
2026-01-23 04:00:00+00:00,1.9202,1.9242,1.9056,1.9092,8601
2026-01-23 08:00:00+00:00,1.9092,1.9154,1.8988,1.9049,10009
2026-01-23 12:00:00+00:00,1.9051,1.9127,1.9008,1.9031,9588
2026-01-23 16:00:00+00:00,1.9026,1.9637,1.8846,1.9449999999999998,20399
2026-01-23 20:00:00+00:00,1.9447,1.9583,1.9049,1.9186,11304
2026-01-24 00:00:00+00:00,1.9207999999999998,1.9245999999999999,1.9134,1.9176,2378
2026-01-24 04:00:00+00:00,1.9177,1.9249,1.9174,1.9198,2220
2026-01-24 08:00:00+00:00,1.9198,1.92,1.9112,1.915,4200
2026-01-24 12:00:00+00:00,1.9152,1.9218,1.912,1.9161000000000001,2531
2026-01-24 16:00:00+00:00,1.916,1.9195,1.9069,1.9137,3385
2026-01-24 20:00:00+00:00,1.9137,1.9182000000000001,1.911,1.9149,1845
2026-01-25 00:00:00+00:00,1.9112,1.9203999999999999,1.9005999999999998,1.9031,2142
2026-01-25 04:00:00+00:00,1.903,1.9066999999999998,1.8946,1.8989,2736
2026-01-25 08:00:00+00:00,1.8987,1.8993,1.8829,1.8908,3929
2026-01-25 12:00:00+00:00,1.8908,1.9095,1.8901,1.8996,6281
2026-01-25 16:00:00+00:00,1.8996,1.9002,1.8328,1.8441999999999998,10466
2026-01-25 20:00:00+00:00,1.8443,1.8479999999999999,1.8074,1.8368,12909
2026-01-26 00:00:00+00:00,1.8309,1.8868,1.8152,1.8827,14783
2026-01-26 04:00:00+00:00,1.8828,1.8925,1.8627,1.8788,10956
2026-01-26 08:00:00+00:00,1.8788,1.8957000000000002,1.8716,1.8780000000000001,8458
2026-01-26 12:00:00+00:00,1.8780999999999999,1.9148,1.8773,1.905,7486
2026-01-26 16:00:00+00:00,1.905,1.9441000000000002,1.8963,1.9092,20812
2026-01-26 20:00:00+00:00,1.9092,1.9258,1.8862999999999999,1.897,10490
2026-01-27 00:00:00+00:00,1.8929,1.9109,1.892,1.9045,6886
2026-01-27 04:00:00+00:00,1.9045999999999998,1.9158,1.8986,1.9003,7940
2026-01-27 08:00:00+00:00,1.9002,1.901,1.8797000000000001,1.881,11095
2026-01-27 12:00:00+00:00,1.8809,1.891,1.8711,1.8749,15926
2026-01-27 16:00:00+00:00,1.8749,1.9144,1.8737,1.8786,29069
2026-01-27 20:00:00+00:00,1.8786,1.9273,1.8763,1.909,20389
2026-01-28 00:00:00+00:00,1.9141,1.9226999999999999,1.8941,1.9001000000000001,10008
2026-01-28 04:00:00+00:00,1.9,1.9104,1.8912,1.9099,10889
2026-01-28 08:00:00+00:00,1.9099,1.9306,1.9033,1.9298,14602
2026-01-28 12:00:00+00:00,1.9296,1.9405000000000001,1.9203000000000001,1.9313,21701
2026-01-28 16:00:00+00:00,1.9314,1.9314,1.8974,1.9189,26896
2026-01-28 20:00:00+00:00,1.9189,1.9299,1.9032,1.9123999999999999,18167
2026-01-29 00:00:00+00:00,1.9077,1.9167999999999998,1.8871,1.8894,12240
2026-01-29 04:00:00+00:00,1.8894,1.8935,1.8622,1.8763999999999998,17165
2026-01-29 08:00:00+00:00,1.8763999999999998,1.8875,1.8698000000000001,1.8708,13340
2026-01-29 12:00:00+00:00,1.8709,1.8747,1.863,1.8733,13597
2026-01-29 16:00:00+00:00,1.8733,1.8755,1.7832,1.8104,35110
2026-01-29 20:00:00+00:00,1.8104,1.8168,1.7744,1.8014000000000001,20645
2026-01-30 00:00:00+00:00,1.8066,1.8106,1.7029,1.7530999999999999,17558
2026-01-30 04:00:00+00:00,1.7529,1.7697,1.722,1.7612999999999999,24924
2026-01-30 08:00:00+00:00,1.7612999999999999,1.7618,1.7268,1.7374,19260
2026-01-30 12:00:00+00:00,1.7368000000000001,1.7726,1.7346,1.75,25761
2026-01-30 16:00:00+00:00,1.75,1.78,1.7383,1.751,33710
2026-01-30 20:00:00+00:00,1.7511,1.7819,1.7085,1.7304,27990
2026-01-31 00:00:00+00:00,1.7243,1.7456,1.72,1.7447,4281
2026-01-31 04:00:00+00:00,1.7447,1.7528000000000001,1.728,1.7355,5383
2026-01-31 08:00:00+00:00,1.7355,1.7370999999999999,1.6768999999999998,1.6978,12704
2026-01-31 12:00:00+00:00,1.6978,1.7095,1.6694,1.6741000000000001,9235
2026-01-31 16:00:00+00:00,1.674,1.6787,1.5128,1.5655999999999999,35230
2026-01-31 20:00:00+00:00,1.5655999999999999,1.6252,1.4997,1.6179000000000001,29136
2026-02-01 00:00:00+00:00,1.6187,1.6627999999999998,1.6002,1.6593,11189
2026-02-01 04:00:00+00:00,1.6593,1.6789,1.6528,1.6564,11691
2026-02-01 08:00:00+00:00,1.6564,1.6764999999999999,1.6454,1.6661000000000001,8766
2026-02-01 12:00:00+00:00,1.6661000000000001,1.6677,1.6246,1.6274,12278
2026-02-01 16:00:00+00:00,1.6274,1.6312,1.5741,1.6005,17377
2026-02-01 20:00:00+00:00,1.6005,1.6251,1.5775000000000001,1.5853000000000002,20054
2026-02-02 00:00:00+00:00,1.5915,1.6174,1.5514999999999999,1.6012,29401
2026-02-02 04:00:00+00:00,1.6006,1.6095000000000002,1.529,1.5486,30829
2026-02-02 08:00:00+00:00,1.5485,1.6133,1.5295999999999998,1.6076000000000001,30697
2026-02-02 12:00:00+00:00,1.6075,1.654,1.6035,1.6369,18402
2026-02-02 16:00:00+00:00,1.6369,1.6562000000000001,1.621,1.6404,22599
2026-02-02 20:00:00+00:00,1.6404,1.6491,1.6086,1.6212,11353
2026-02-03 00:00:00+00:00,1.6192,1.6317,1.6055000000000001,1.6156000000000001,14387
2026-02-03 04:00:00+00:00,1.6156000000000001,1.6236000000000002,1.5857999999999999,1.6072,23714
2026-02-03 08:00:00+00:00,1.6072,1.6246,1.5937000000000001,1.6025,19220
2026-02-03 12:00:00+00:00,1.6024,1.6149,1.5955,1.6112,17285
2026-02-03 16:00:00+00:00,1.6107,1.6207,1.5553,1.5562,39040
2026-02-03 20:00:00+00:00,1.5562,1.6272,1.5253,1.6002,30650
2026-02-04 00:00:00+00:00,1.5952,1.6019,1.5644,1.5901,18479
2026-02-04 04:00:00+00:00,1.5901,1.6032,1.5728,1.5845,12650
2026-02-04 08:00:00+00:00,1.5845,1.6098,1.5826,1.5965,14466
2026-02-04 12:00:00+00:00,1.5965,1.6018,1.5613000000000001,1.5625,17076
2026-02-04 16:00:00+00:00,1.5617999999999999,1.5723,1.5023,1.5191,39418
2026-02-04 20:00:00+00:00,1.5191,1.5537999999999998,1.5015,1.5137,24902
2026-02-05 00:00:00+00:00,1.4999,1.5413999999999999,1.4561,1.4714,25184
2026-02-05 04:00:00+00:00,1.4714,1.482,1.4263,1.4384000000000001,31527
2026-02-05 08:00:00+00:00,1.4385,1.4466999999999999,1.4095,1.4117,28656
2026-02-05 12:00:00+00:00,1.4117,1.413,1.3383,1.3498,35351
2026-02-05 16:00:00+00:00,1.3496000000000001,1.3849,1.2133,1.2475,43146
2026-02-05 20:00:00+00:00,1.2475,1.264,1.1336,1.1597,45737
2026-02-06 00:00:00+00:00,1.1705,1.2921,1.1137,1.2788,48292
2026-02-06 04:00:00+00:00,1.279,1.3294000000000001,1.24,1.3282,45864
2026-02-06 08:00:00+00:00,1.3284,1.3335,1.2828,1.3273,34913
2026-02-06 12:00:00+00:00,1.3271,1.4392,1.3246,1.4277,34645
2026-02-06 16:00:00+00:00,1.4279,1.5431,1.4013,1.494,46836
2026-02-06 20:00:00+00:00,1.494,1.496,1.4349,1.455,28880
2026-02-07 00:00:00+00:00,1.4788000000000001,1.4974,1.432,1.4671,18816
2026-02-07 04:00:00+00:00,1.4661,1.4848,1.4506000000000001,1.4586999999999999,26032
2026-02-07 08:00:00+00:00,1.4584,1.4692,1.4018,1.4122,30907
2026-02-07 12:00:00+00:00,1.4121000000000001,1.4394,1.384,1.4011,28740
2026-02-07 16:00:00+00:00,1.4011,1.4307,1.3892,1.4235,21633
2026-02-07 20:00:00+00:00,1.4233,1.4475,1.4224999999999999,1.4271,14595
2026-02-08 00:00:00+00:00,1.4233,1.4367,1.4114,1.4314,15037
2026-02-08 04:00:00+00:00,1.4311,1.441,1.4086,1.4171,9903
2026-02-08 08:00:00+00:00,1.4171,1.4614,1.4092,1.4364,18351
2026-02-08 12:00:00+00:00,1.4365,1.468,1.424,1.4601,18483
2026-02-08 16:00:00+00:00,1.4601,1.4665,1.4086,1.4299,10679
2026-02-08 20:00:00+00:00,1.4293,1.4517,1.4233,1.4274,16361
2026-02-09 00:00:00+00:00,1.4257,1.4615,1.4181,1.4233,24349
2026-02-09 04:00:00+00:00,1.4233,1.4541,1.4193,1.4502,24031
2026-02-09 08:00:00+00:00,1.4503,1.4503,1.392,1.3979,20627
2026-02-09 12:00:00+00:00,1.3975,1.4137,1.3713,1.3944,21841
2026-02-09 16:00:00+00:00,1.3944,1.4632,1.3942,1.4497,29671
2026-02-09 20:00:00+00:00,1.4497,1.4585,1.436,1.4503,18030
2026-02-10 00:00:00+00:00,1.4487,1.4525000000000001,1.4331,1.4476,11037
2026-02-10 04:00:00+00:00,1.4477,1.4515,1.4267,1.4413,19468
2026-02-10 08:00:00+00:00,1.4414,1.4417,1.4123,1.4201,17762
2026-02-10 12:00:00+00:00,1.42,1.4224,1.4022999999999999,1.4143,14722
2026-02-10 16:00:00+00:00,1.4141,1.4289,1.3919000000000001,1.4242,30369
2026-02-10 20:00:00+00:00,1.4241,1.4256,1.3902999999999999,1.3940000000000001,18592
2026-02-11 00:00:00+00:00,1.3935,1.4139,1.3917,1.4096,8957
2026-02-11 04:00:00+00:00,1.4096,1.4196,1.3731,1.3747,18325
2026-02-11 08:00:00+00:00,1.3746,1.3773,1.3552,1.3604,19639
2026-02-11 12:00:00+00:00,1.3603,1.3804,1.3542,1.3753,17722
2026-02-11 16:00:00+00:00,1.3755,1.4083,1.3409,1.3692,35279
2026-02-11 20:00:00+00:00,1.3692,1.3963999999999999,1.3609,1.3825,20368
2026-02-12 00:00:00+00:00,1.379,1.3855,1.3578000000000001,1.3801,12906
2026-02-12 04:00:00+00:00,1.3801999999999999,1.3846,1.3705,1.3797,13951
2026-02-12 08:00:00+00:00,1.3796,1.3959,1.3746,1.3955,13685
2026-02-12 12:00:00+00:00,1.3955,1.4076,1.3841999999999999,1.4008,17095
2026-02-12 16:00:00+00:00,1.4003999999999999,1.4019,1.3447,1.3616,33681
2026-02-12 20:00:00+00:00,1.3616,1.3751,1.3474,1.3502,19006
2026-02-13 00:00:00+00:00,1.3485,1.3688,1.3471,1.3568,12816
2026-02-13 04:00:00+00:00,1.3568,1.3707,1.3515,1.3524,12485
2026-02-13 08:00:00+00:00,1.3525,1.3700999999999999,1.3469,1.3676,15972
2026-02-13 12:00:00+00:00,1.3677000000000001,1.3807,1.3577,1.3758,14903
2026-02-13 16:00:00+00:00,1.3757,1.4276,1.3666,1.414,23099
2026-02-13 20:00:00+00:00,1.4138,1.4197,1.4037,1.4075,16111
2026-02-14 00:00:00+00:00,1.3988,1.4178,1.3982999999999999,1.4118,5928
2026-02-14 04:00:00+00:00,1.4118,1.4183,1.4071,1.4081000000000001,4070
2026-02-14 08:00:00+00:00,1.4081000000000001,1.4603,1.4067,1.4517,13720
2026-02-14 12:00:00+00:00,1.4518,1.4766,1.4407,1.4552,10006
2026-02-14 16:00:00+00:00,1.4553,1.4796,1.4521,1.4721,7960
2026-02-14 20:00:00+00:00,1.4721,1.5074999999999998,1.4694,1.4971,8492
2026-02-15 00:00:00+00:00,1.4922,1.5436999999999999,1.4914,1.5282,17617
2026-02-15 04:00:00+00:00,1.5278,1.5893000000000002,1.5048,1.5832000000000002,25136
2026-02-15 08:00:00+00:00,1.5829,1.669,1.5716,1.5893000000000002,25946
2026-02-15 12:00:00+00:00,1.5891,1.5965,1.5088,1.5168,16966
2026-02-15 16:00:00+00:00,1.517,1.5433,1.4792,1.4921,14905
2026-02-15 20:00:00+00:00,1.4921,1.4934,1.4437,1.4716,12850
2026-02-16 00:00:00+00:00,1.4665,1.4896,1.4571,1.4737,15854
2026-02-16 04:00:00+00:00,1.4737,1.4806,1.4475,1.4557,12034
2026-02-16 08:00:00+00:00,1.4551,1.5133999999999999,1.4534,1.5015,12158
2026-02-16 12:00:00+00:00,1.5015,1.516,1.4683,1.4902,19478
2026-02-16 16:00:00+00:00,1.4902,1.5083,1.4601,1.4824,26679
2026-02-16 20:00:00+00:00,1.4825,1.4929999999999999,1.4677,1.4925,11272
2026-02-17 00:00:00+00:00,1.4868000000000001,1.4912,1.4767000000000001,1.4786000000000001,11226
2026-02-17 04:00:00+00:00,1.4785,1.4929000000000001,1.4693,1.475,14903
2026-02-17 08:00:00+00:00,1.475,1.4803,1.4525000000000001,1.4604,11423
2026-02-17 12:00:00+00:00,1.4604,1.4625,1.4476,1.4567999999999999,15252
2026-02-17 16:00:00+00:00,1.4567,1.4943,1.4258,1.4641,34378
2026-02-17 20:00:00+00:00,1.4639,1.4925,1.4628999999999999,1.4841,17373
2026-02-18 00:00:00+00:00,1.4805,1.4839,1.4623,1.4661,9391
2026-02-18 04:00:00+00:00,1.4661,1.4868000000000001,1.4657,1.4752,11977
2026-02-18 08:00:00+00:00,1.4752,1.4933,1.4743,1.4876,15892
2026-02-18 12:00:00+00:00,1.4876,1.4897,1.4578,1.4686,16807
2026-02-18 16:00:00+00:00,1.4686,1.4888,1.451,1.4553,21067
2026-02-18 20:00:00+00:00,1.4553,1.4579,1.4163000000000001,1.4196,19266
2026-02-19 00:00:00+00:00,1.4177,1.4264999999999999,1.4083999999999999,1.4264000000000001,10872
2026-02-19 04:00:00+00:00,1.4264000000000001,1.4302000000000001,1.4041000000000001,1.4118,10292
2026-02-19 08:00:00+00:00,1.4116,1.4376,1.4114,1.4146,16167
2026-02-19 12:00:00+00:00,1.4144999999999999,1.4167,1.3851,1.3918,15927
2026-02-19 16:00:00+00:00,1.3917,1.4128,1.3786,1.3951,26522
2026-02-19 20:00:00+00:00,1.3951,1.418,1.3934,1.4078,15448
2026-02-20 00:00:00+00:00,1.4005,1.4249,1.3942999999999999,1.4249,9227
2026-02-20 04:00:00+00:00,1.4243999999999999,1.4285,1.399,1.4186,12241
2026-02-20 08:00:00+00:00,1.4186,1.4285999999999999,1.4118,1.4227,9884
2026-02-20 12:00:00+00:00,1.4227,1.4274,1.3761999999999999,1.384,17258
2026-02-20 16:00:00+00:00,1.384,1.4385,1.383,1.4295,33190
2026-02-20 20:00:00+00:00,1.4285999999999999,1.4389,1.414,1.421,16451
2026-02-21 00:00:00+00:00,1.423,1.4325,1.4191,1.4306,5474
2026-02-21 04:00:00+00:00,1.4307,1.4333,1.4231,1.4278,5954
2026-02-21 08:00:00+00:00,1.4278,1.4458,1.4266,1.4389,8335
2026-02-21 12:00:00+00:00,1.4389,1.448,1.4348,1.4473,9405
2026-02-21 16:00:00+00:00,1.4472,1.4641,1.4359,1.4418,14271
2026-02-21 20:00:00+00:00,1.4417,1.4494,1.4339,1.4402,6026
2026-02-22 00:00:00+00:00,1.4392,1.4416,1.4236,1.4321,6051
2026-02-22 04:00:00+00:00,1.4317,1.4323000000000001,1.4166,1.4205,5110
2026-02-22 08:00:00+00:00,1.4205,1.4243999999999999,1.4161000000000001,1.4203999999999999,3821
2026-02-22 12:00:00+00:00,1.4203999999999999,1.4257,1.3961999999999999,1.3991,3245
2026-02-22 16:00:00+00:00,1.399,1.4013,1.3825,1.388,8431
2026-02-22 20:00:00+00:00,1.3879000000000001,1.3916,1.3780000000000001,1.3904,4440
2026-02-23 00:00:00+00:00,1.3867,1.4013,1.3291,1.3317999999999999,12190
2026-02-23 04:00:00+00:00,1.3311,1.3524,1.331,1.3428,10324
2026-02-23 08:00:00+00:00,1.3428,1.3961000000000001,1.3416000000000001,1.3911,11197
2026-02-23 12:00:00+00:00,1.391,1.4247,1.3859,1.3953,12762
2026-02-23 16:00:00+00:00,1.3951,1.3986,1.3473,1.3641,24141
2026-02-23 20:00:00+00:00,1.3638,1.3742,1.3487,1.3607,17453
2026-02-24 00:00:00+00:00,1.3620999999999999,1.3672,1.3265,1.35,12897
2026-02-24 04:00:00+00:00,1.35,1.3575,1.3209,1.3309,18806
2026-02-24 08:00:00+00:00,1.3305,1.3373,1.3211,1.3316,12364
2026-02-24 12:00:00+00:00,1.3317,1.3382,1.3213,1.3302,11566
2026-02-24 16:00:00+00:00,1.3301,1.3638,1.312,1.3593,22463
2026-02-24 20:00:00+00:00,1.3592,1.3677000000000001,1.3493,1.3528,11859
2026-02-25 00:00:00+00:00,1.3538000000000001,1.3992,1.3404,1.3865,13370
2026-02-25 04:00:00+00:00,1.3862999999999999,1.3948,1.3527,1.3585,18903
2026-02-25 08:00:00+00:00,1.3584,1.3824,1.3566,1.3801,11618
2026-02-25 12:00:00+00:00,1.3801,1.4243000000000001,1.3723,1.4132,14240
2026-02-25 16:00:00+00:00,1.4133,1.4747,1.4129,1.4668,28222
2026-02-25 20:00:00+00:00,1.4666000000000001,1.4934,1.4536,1.4755,25130
2026-02-26 00:00:00+00:00,1.4823,1.4879,1.4187,1.4245,21271
2026-02-26 04:00:00+00:00,1.4245,1.4695,1.4183,1.4485000000000001,18238
2026-02-26 08:00:00+00:00,1.4485000000000001,1.4558,1.4308,1.4515,15956
2026-02-26 12:00:00+00:00,1.4515,1.4569,1.4346,1.44,17107
2026-02-26 16:00:00+00:00,1.4399,1.4445999999999999,1.3837,1.3878,32751
2026-02-26 20:00:00+00:00,1.3879000000000001,1.413,1.3818,1.3947,17987
2026-02-27 00:00:00+00:00,1.3924,1.4064999999999999,1.3912,1.4060000000000001,11976
2026-02-27 04:00:00+00:00,1.4060000000000001,1.4212,1.3996,1.4096,14774
2026-02-27 08:00:00+00:00,1.409,1.4254,1.4028,1.4057,13153
2026-02-27 12:00:00+00:00,1.4055,1.4067,1.362,1.3699,21529
2026-02-27 16:00:00+00:00,1.3699,1.3742,1.3385,1.358,25582
2026-02-27 20:00:00+00:00,1.358,1.3646,1.3458999999999999,1.3493,13952
2026-02-28 00:00:00+00:00,1.3533,1.3654,1.3511,1.3586,5838
2026-02-28 04:00:00+00:00,1.3586,1.3632,1.3467,1.3496000000000001,6731
2026-02-28 08:00:00+00:00,1.3496000000000001,1.3514,1.2718,1.2783,27288
2026-02-28 12:00:00+00:00,1.2781,1.3421,1.2702,1.3416000000000001,17344
2026-02-28 16:00:00+00:00,1.3412,1.3503,1.3135,1.3193,7737
2026-03-01 00:00:00+00:00,1.376,1.4135,1.3651,1.4027,6469
2026-03-01 04:00:00+00:00,1.4027,1.433,1.4027,1.4094,21060
2026-03-01 08:00:00+00:00,1.4094,1.4101,1.3693,1.3729,15797
2026-03-01 12:00:00+00:00,1.3728,1.3961000000000001,1.3609,1.3887,14510
2026-03-01 16:00:00+00:00,1.388,1.4034,1.3556,1.366,20833
2026-03-01 20:00:00+00:00,1.3656,1.3787,1.3367,1.3559999999999999,16074
2026-03-02 00:00:00+00:00,1.3538000000000001,1.3809,1.339,1.3678,21649
2026-03-02 04:00:00+00:00,1.3677000000000001,1.3778000000000001,1.3534,1.3625,16837
2026-03-02 08:00:00+00:00,1.3624,1.3639000000000001,1.3377,1.3533,18237
2026-03-02 12:00:00+00:00,1.3533,1.3578000000000001,1.3381,1.3391,15056
2026-03-02 16:00:00+00:00,1.3389,1.4231,1.3327,1.3957,32618
2026-03-02 20:00:00+00:00,1.3956,1.4073,1.3854,1.3969,22531
2026-03-03 00:00:00+00:00,1.3974,1.4068,1.3813,1.3833,16468
2026-03-03 04:00:00+00:00,1.3833,1.3838,1.3609,1.3646,18155
2026-03-03 08:00:00+00:00,1.3645,1.3692,1.3417,1.3479999999999999,21860
2026-03-03 12:00:00+00:00,1.3479999999999999,1.3707,1.3424,1.3483,23517
2026-03-03 16:00:00+00:00,1.3484,1.3868,1.336,1.3689,37598
2026-03-03 20:00:00+00:00,1.3688,1.3756,1.3476,1.3566,22766
2026-03-04 00:00:00+00:00,1.3572,1.3702,1.353,1.3644,15181
2026-03-04 04:00:00+00:00,1.3644,1.3679999999999999,1.3451,1.3568,20118
2026-03-04 08:00:00+00:00,1.3568,1.4253,1.3503,1.4163000000000001,19003
2026-03-04 12:00:00+00:00,1.4163000000000001,1.4218,1.3828,1.4059,17135
2026-03-04 16:00:00+00:00,1.4058,1.4734,1.4038,1.4434,34084
2026-03-04 20:00:00+00:00,1.4432,1.471,1.4363000000000001,1.4485000000000001,16396
2026-03-05 00:00:00+00:00,1.4496,1.4532,1.4161000000000001,1.4197,21155
2026-03-05 04:00:00+00:00,1.4196,1.4319,1.4134,1.4156,18376
2026-03-05 08:00:00+00:00,1.4154,1.4322,1.409,1.4294,17301
2026-03-05 12:00:00+00:00,1.4293,1.4531,1.4208,1.4282,20365
2026-03-05 16:00:00+00:00,1.4281,1.4411,1.3961999999999999,1.4001000000000001,34309
2026-03-05 20:00:00+00:00,1.4001000000000001,1.4237,1.3987,1.4071,23368
2026-03-06 00:00:00+00:00,1.403,1.4148,1.3978,1.4125,11328
2026-03-06 04:00:00+00:00,1.4125,1.4149,1.3914,1.3987,13797
2026-03-06 08:00:00+00:00,1.3987,1.4089,1.3921999999999999,1.3982,16538
2026-03-06 12:00:00+00:00,1.3981,1.4082,1.3719000000000001,1.3724,16430
2026-03-06 16:00:00+00:00,1.3724,1.3748,1.3454,1.3497,30741
2026-03-06 20:00:00+00:00,1.3497,1.366,1.3488,1.3628,15727
2026-03-07 00:00:00+00:00,1.3688,1.3715,1.3626,1.3678,3506
2026-03-07 04:00:00+00:00,1.3678,1.375,1.3598,1.3672,5955
2026-03-07 08:00:00+00:00,1.367,1.3692,1.3611,1.3652,6493
2026-03-07 12:00:00+00:00,1.3649,1.3736,1.3613,1.3627,6152
2026-03-07 16:00:00+00:00,1.3626,1.3668,1.354,1.3606,8498
2026-03-07 20:00:00+00:00,1.3607,1.3608,1.3458,1.3567,9822
2026-03-08 00:00:00+00:00,1.353,1.3602,1.3485,1.3568,4818
2026-03-08 04:00:00+00:00,1.3566,1.357,1.3408,1.3534,9911
2026-03-08 08:00:00+00:00,1.3533,1.3627,1.3496000000000001,1.3592,6696
2026-03-08 12:00:00+00:00,1.3592,1.3714,1.3445,1.3515,12630
2026-03-08 16:00:00+00:00,1.3515,1.3536000000000001,1.3376000000000001,1.3395000000000001,13017
2026-03-08 20:00:00+00:00,1.3394,1.3624,1.3388,1.3537,10789
2026-03-09 00:00:00+00:00,1.3515,1.3605,1.3143,1.3491,20922
2026-03-09 04:00:00+00:00,1.3491,1.3655,1.3374,1.3441,20555
2026-03-09 08:00:00+00:00,1.3439999999999999,1.3588,1.3328,1.3464,23067
2026-03-09 12:00:00+00:00,1.3464,1.3635,1.3408,1.3548,11655
2026-03-09 16:00:00+00:00,1.3548,1.3729,1.3542,1.3646,24094
2026-03-09 20:00:00+00:00,1.3647,1.384,1.3555,1.3744,19951
2026-03-10 00:00:00+00:00,1.3725,1.3778000000000001,1.3605,1.3702,9967
2026-03-10 04:00:00+00:00,1.3700999999999999,1.3924,1.3663,1.3822999999999999,16475
2026-03-10 08:00:00+00:00,1.3824,1.412,1.376,1.4019,16084
2026-03-10 12:00:00+00:00,1.4020000000000001,1.4199,1.3820999999999999,1.3889,17584
2026-03-10 16:00:00+00:00,1.3887,1.4433,1.3807,1.4276,30852
2026-03-10 20:00:00+00:00,1.4275,1.4311,1.379,1.3902,24835
2026-03-11 00:00:00+00:00,1.3914,1.3953,1.3774,1.3887,12178
2026-03-11 04:00:00+00:00,1.3888,1.3911,1.3769,1.3881000000000001,12278
2026-03-11 08:00:00+00:00,1.3881000000000001,1.3915,1.3717,1.3761999999999999,17488
2026-03-11 12:00:00+00:00,1.3761999999999999,1.3872,1.3705,1.3853,10953
2026-03-11 16:00:00+00:00,1.3851,1.4116,1.3724,1.3872,28205
2026-03-11 20:00:00+00:00,1.3872,1.4076,1.3860999999999999,1.3925,16552
2026-03-12 00:00:00+00:00,1.3897,1.3968,1.3808,1.3841,7751
2026-03-12 04:00:00+00:00,1.3841,1.3844,1.3688,1.3705,12017
2026-03-12 08:00:00+00:00,1.3702,1.3832,1.3659,1.3803,10765
2026-03-12 12:00:00+00:00,1.3801,1.3938,1.3758,1.3884,10443
2026-03-12 16:00:00+00:00,1.3884,1.3924,1.3639000000000001,1.3822999999999999,27893
2026-03-12 20:00:00+00:00,1.3822999999999999,1.3848,1.3695,1.3723,16786
2026-03-13 00:00:00+00:00,1.3736,1.4247,1.3712,1.4069,15165
2026-03-13 04:00:00+00:00,1.4069,1.417,1.399,1.4112,14202
2026-03-13 08:00:00+00:00,1.4111,1.4341,1.407,1.427,15738
2026-03-13 12:00:00+00:00,1.427,1.4405999999999999,1.4195,1.4342,12136
2026-03-13 16:00:00+00:00,1.4343,1.4531,1.3999,1.4104999999999999,24322
2026-03-13 20:00:00+00:00,1.4106,1.4133,1.3896,1.4034,15125
2026-03-14 00:00:00+00:00,1.3984,1.4019,1.3905,1.3948,5484
2026-03-14 04:00:00+00:00,1.3948,1.4051,1.3926,1.3984,6624
2026-03-14 08:00:00+00:00,1.3984,1.4001000000000001,1.3846,1.3938,6034
2026-03-14 12:00:00+00:00,1.3939,1.3980000000000001,1.3878,1.3896,4774
2026-03-14 16:00:00+00:00,1.3896,1.3951,1.3874,1.3935,4894
2026-03-14 20:00:00+00:00,1.3935,1.3944,1.3881999999999999,1.3936,3449
2026-03-15 00:00:00+00:00,1.3891,1.41,1.3884,1.4057,6523
2026-03-15 04:00:00+00:00,1.4056,1.4207,1.4026,1.4172,7825
2026-03-15 08:00:00+00:00,1.4169,1.421,1.4057,1.4138,4917
2026-03-15 12:00:00+00:00,1.4138,1.4252,1.4135,1.4239,4306
2026-03-15 16:00:00+00:00,1.4239,1.4301,1.4094,1.413,7917
2026-03-15 20:00:00+00:00,1.413,1.4242,1.4088,1.4183,6305
2026-03-16 00:00:00+00:00,1.4144999999999999,1.4653,1.4144999999999999,1.447,18158
2026-03-16 04:00:00+00:00,1.447,1.4855,1.4359,1.4804,21118
2026-03-16 08:00:00+00:00,1.4805,1.4894,1.4642,1.468,16494
2026-03-16 12:00:00+00:00,1.4678,1.4813,1.4664,1.4767000000000001,16075
2026-03-16 16:00:00+00:00,1.4768,1.5164,1.4719,1.5091,25776
2026-03-16 20:00:00+00:00,1.5091999999999999,1.5445,1.5056,1.5287,24562
2026-03-17 00:00:00+00:00,1.5291000000000001,1.5551,1.5175999999999998,1.5461,18994
2026-03-17 04:00:00+00:00,1.5461,1.6074000000000002,1.5236,1.5304,31683
2026-03-17 08:00:00+00:00,1.5304,1.5439,1.5046,1.5211999999999999,23476
2026-03-17 12:00:00+00:00,1.5209000000000001,1.5242,1.502,1.5053999999999998,18722
2026-03-17 16:00:00+00:00,1.5051999999999999,1.5392000000000001,1.4945,1.5192999999999999,26683
2026-03-17 20:00:00+00:00,1.5192999999999999,1.5415,1.5173,1.5344,14976
2026-03-18 00:00:00+00:00,1.5258,1.5369000000000002,1.5068000000000001,1.516,10196
2026-03-18 04:00:00+00:00,1.516,1.5417,1.5144,1.5274999999999999,14822
2026-03-18 08:00:00+00:00,1.5274,1.5381,1.5152999999999999,1.5228000000000002,12502
2026-03-18 12:00:00+00:00,1.5228000000000002,1.5284,1.4573,1.4642,18552
2026-03-18 16:00:00+00:00,1.464,1.4745,1.4351,1.4428,31159
2026-03-18 20:00:00+00:00,1.4428,1.4677,1.4397,1.4598,21397
2026-03-19 00:00:00+00:00,1.4563,1.4722,1.4563,1.4613,8631
2026-03-19 04:00:00+00:00,1.4613,1.479,1.4552,1.4668999999999999,13808
2026-03-19 08:00:00+00:00,1.4668,1.4817,1.4511,1.4559,22461
2026-03-19 12:00:00+00:00,1.4553,1.4713,1.435,1.4373,18382
2026-03-19 16:00:00+00:00,1.4373,1.4565000000000001,1.424,1.4274,26866
2026-03-19 20:00:00+00:00,1.4275,1.4548,1.4219,1.4503,22234
2026-03-20 00:00:00+00:00,1.447,1.4562,1.4429,1.4506999999999999,10765
2026-03-20 04:00:00+00:00,1.4508,1.4615,1.447,1.4539,10020
2026-03-20 08:00:00+00:00,1.4539,1.4671,1.4437,1.4592,14223
2026-03-20 12:00:00+00:00,1.4593,1.4593,1.4414,1.4417,16597
2026-03-20 16:00:00+00:00,1.4417,1.4485999999999999,1.4278,1.4369,20896
2026-03-20 20:00:00+00:00,1.4369,1.4401,1.4233,1.4351,18697
2026-03-21 00:00:00+00:00,1.4419,1.4518,1.4392,1.4471,4305
2026-03-21 04:00:00+00:00,1.4469,1.4494,1.4418,1.4441,3808
2026-03-21 08:00:00+00:00,1.4441,1.4526,1.4399,1.4405999999999999,4049
2026-03-21 12:00:00+00:00,1.4405999999999999,1.4463,1.4365,1.4444,1719
2026-03-21 16:00:00+00:00,1.4444,1.4459,1.4335,1.4368,5717
2026-03-21 20:00:00+00:00,1.4368,1.4423,1.4337,1.4409,3388
2026-03-22 00:00:00+00:00,1.4374,1.4416,1.3933,1.4107,11839
2026-03-22 04:00:00+00:00,1.4107,1.4264999999999999,1.4041000000000001,1.4175,10275
2026-03-22 08:00:00+00:00,1.4175,1.4175,1.3923,1.3992,8568
2026-03-22 12:00:00+00:00,1.3989,1.4032,1.385,1.3996,6584
2026-03-22 16:00:00+00:00,1.3994,1.407,1.3902,1.3946,5563
2026-03-22 20:00:00+00:00,1.3946,1.3958,1.3807,1.3873,6453
2026-03-23 00:00:00+00:00,1.3817,1.3929,1.3696,1.3784,14782
2026-03-23 04:00:00+00:00,1.3784,1.3929,1.3745,1.3906,22219
2026-03-23 08:00:00+00:00,1.3904,1.396,1.3617,1.3683,23748
2026-03-23 12:00:00+00:00,1.3682,1.4437,1.3611,1.4247,32384
2026-03-23 16:00:00+00:00,1.4247,1.4661,1.4203999999999999,1.4341,32975
2026-03-23 20:00:00+00:00,1.4339,1.4466999999999999,1.4263,1.4384000000000001,17332
2026-03-24 00:00:00+00:00,1.4333,1.4402,1.4156,1.4193,11542
2026-03-24 04:00:00+00:00,1.4193,1.4228,1.4057,1.4086,12841
2026-03-24 08:00:00+00:00,1.4087,1.4334,1.404,1.4172,19153
2026-03-24 12:00:00+00:00,1.4172,1.4255,1.4123,1.4166,15582
2026-03-24 16:00:00+00:00,1.4165,1.4182000000000001,1.3864,1.3901,22451
2026-03-24 20:00:00+00:00,1.3900000000000001,1.4125,1.3820999999999999,1.4089,12957
2026-03-25 00:00:00+00:00,1.4071,1.4248,1.4033,1.42,10041
2026-03-25 04:00:00+00:00,1.42,1.4222000000000001,1.4061,1.4154,9575
2026-03-25 08:00:00+00:00,1.4154,1.4261,1.4129,1.4184999999999999,12817
2026-03-25 12:00:00+00:00,1.4184999999999999,1.4373,1.4119,1.4221,15030
2026-03-25 16:00:00+00:00,1.4221,1.4293,1.4009,1.4152,20511
2026-03-25 20:00:00+00:00,1.4151,1.4183,1.4074,1.4137,10910
2026-03-26 00:00:00+00:00,1.4097,1.422,1.4097,1.4128,5654
2026-03-26 04:00:00+00:00,1.4125,1.4148,1.3953,1.4022000000000001,11002
2026-03-26 08:00:00+00:00,1.4022999999999999,1.4027,1.3782,1.3820000000000001,15341
2026-03-26 12:00:00+00:00,1.3820999999999999,1.3835,1.3674,1.3738000000000001,11000
2026-03-26 16:00:00+00:00,1.3734,1.3825,1.3514,1.3599,16296
2026-03-26 20:00:00+00:00,1.3596,1.3638,1.3341,1.358,12683
2026-03-27 00:00:00+00:00,1.3565,1.3683,1.3559999999999999,1.3605,5733
2026-03-27 04:00:00+00:00,1.3605,1.3719000000000001,1.3551,1.363,9439
2026-03-27 08:00:00+00:00,1.3629,1.3683,1.3416000000000001,1.3497,14213
2026-03-27 12:00:00+00:00,1.3491,1.3503,1.3244,1.3317,12543
2026-03-27 16:00:00+00:00,1.3317,1.3443,1.3259,1.3295,14985
2026-03-27 20:00:00+00:00,1.3295,1.3362,1.3166,1.3261,8109
2026-03-28 00:00:00+00:00,1.3243,1.3287,1.3191,1.3256000000000001,2995
2026-03-28 04:00:00+00:00,1.3253,1.33,1.3182,1.3299,5317
2026-03-28 08:00:00+00:00,1.3294000000000001,1.3418,1.3273,1.337,5332
2026-03-28 12:00:00+00:00,1.3369,1.3423,1.3334,1.3374,3722
2026-03-28 16:00:00+00:00,1.3374,1.3553,1.3366,1.3487,6938
2026-03-28 20:00:00+00:00,1.3486,1.3509,1.3411,1.3462,2992
2026-03-29 00:00:00+00:00,1.3433,1.3455,1.3286,1.3315000000000001,4790
2026-03-29 04:00:00+00:00,1.3314,1.3402,1.3313,1.335,4095
2026-03-29 08:00:00+00:00,1.3348,1.3421,1.327,1.336,4905
2026-03-29 12:00:00+00:00,1.3361,1.3391,1.3296999999999999,1.3336000000000001,2290
2026-03-29 16:00:00+00:00,1.3336000000000001,1.3338999999999999,1.3192,1.3239,5893
2026-03-29 20:00:00+00:00,1.3235000000000001,1.3262,1.3152,1.322,4415
2026-03-30 00:00:00+00:00,1.3202,1.3488,1.294,1.3302,12562
2026-03-30 04:00:00+00:00,1.3302,1.3598,1.3302,1.3502,12228
2026-03-30 08:00:00+00:00,1.3503,1.366,1.3465,1.3604,8623
2026-03-30 12:00:00+00:00,1.3604,1.361,1.3437000000000001,1.3508,7882
2026-03-30 16:00:00+00:00,1.3507,1.3552,1.3336000000000001,1.3406,14628
2026-03-30 20:00:00+00:00,1.3406,1.3439999999999999,1.315,1.3259,6682
2026-03-31 00:00:00+00:00,1.3201,1.3329,1.3173,1.3247,7289
2026-03-31 04:00:00+00:00,1.3247,1.3466,1.3193,1.3235999999999999,14980
2026-03-31 08:00:00+00:00,1.3235999999999999,1.3291,1.3079,1.3128,10797
2026-03-31 12:00:00+00:00,1.3126,1.3204,1.3029,1.3143,11356
2026-03-31 16:00:00+00:00,1.3142,1.3376000000000001,1.3092,1.3294000000000001,16194
2026-03-31 20:00:00+00:00,1.3293,1.3492,1.3261,1.3434,12562
2026-04-01 00:00:00+00:00,1.3392,1.3443,1.3315000000000001,1.3439,3839
2026-04-01 04:00:00+00:00,1.3435000000000001,1.3506,1.3304,1.3384,5685
2026-04-01 08:00:00+00:00,1.3384,1.3664,1.3353,1.3524,12856
2026-04-01 12:00:00+00:00,1.3524,1.3589,1.3481,1.3537,6990
2026-04-01 16:00:00+00:00,1.3537,1.3616,1.3439,1.3582,14988
2026-04-01 20:00:00+00:00,1.3580999999999999,1.3679999999999999,1.3415,1.3479999999999999,10781
2026-04-02 00:00:00+00:00,1.3464,1.3566,1.3461,1.3566,7475
2026-04-02 04:00:00+00:00,1.3566,1.3566,1.3046,1.308,15675
2026-04-02 08:00:00+00:00,1.3081,1.3185,1.3063,1.3114,6168
2026-04-02 12:00:00+00:00,1.3112,1.3128,1.2891,1.2905,11351
2026-04-02 16:00:00+00:00,1.2905,1.3082,1.28,1.304,15279
2026-04-02 20:00:00+00:00,1.304,1.3225,1.2968,1.3182,8302
2026-04-03 00:00:00+00:00,1.315,1.3235999999999999,1.3119,1.3155999999999999,6010
2026-04-03 04:00:00+00:00,1.3155000000000001,1.3233,1.3027,1.3199,9114
2026-04-03 08:00:00+00:00,1.32,1.3256000000000001,1.3153000000000001,1.3176999999999999,7236
2026-04-03 12:00:00+00:00,1.3176999999999999,1.3345,1.3094000000000001,1.3203,7975
2026-04-03 16:00:00+00:00,1.3203,1.3255,1.3144,1.3246,6710
2026-04-03 20:00:00+00:00,1.3247,1.3254000000000001,1.3132,1.3164,4267
2026-04-04 00:00:00+00:00,1.3141,1.3219,1.3118,1.3159,2695
2026-04-04 04:00:00+00:00,1.3159,1.3183,1.3129,1.3163,2831
2026-04-04 08:00:00+00:00,1.3164,1.3205,1.3133,1.3138,2474
2026-04-04 12:00:00+00:00,1.3136999999999999,1.3163,1.3063,1.3103,3367
2026-04-04 16:00:00+00:00,1.3101,1.3164,1.3064,1.3121,4366
2026-04-04 20:00:00+00:00,1.312,1.3226,1.3113000000000001,1.3165,2919
2026-04-05 00:00:00+00:00,1.3167,1.3182,1.3113000000000001,1.3124,2601
2026-04-05 04:00:00+00:00,1.3124,1.3195000000000001,1.3087,1.3105,2638
2026-04-05 08:00:00+00:00,1.3105,1.3118,1.2946,1.2989,4803
2026-04-05 12:00:00+00:00,1.299,1.3031,1.2782,1.2822,3597
2026-04-05 16:00:00+00:00,1.2822,1.3051,1.2796,1.2974,7353
2026-04-05 20:00:00+00:00,1.2973,1.3061,1.2959,1.3037,2846
2026-04-06 00:00:00+00:00,1.304,1.3393,1.2927,1.3312,12551
2026-04-06 04:00:00+00:00,1.3312,1.3486,1.3249,1.3386,11136
2026-04-06 08:00:00+00:00,1.3386,1.3466,1.3357,1.3387,6050
2026-04-06 12:00:00+00:00,1.3387,1.3571,1.3375,1.3431,10907
2026-04-06 16:00:00+00:00,1.3431,1.3536000000000001,1.3407,1.3436,11869
2026-04-06 20:00:00+00:00,1.3436,1.3441,1.3347,1.3411,7383
2026-04-07 00:00:00+00:00,1.3406,1.3406,1.3123,1.3216999999999999,8664
2026-04-07 04:00:00+00:00,1.3216999999999999,1.3248,1.3126,1.3185,4681
2026-04-07 08:00:00+00:00,1.3185,1.3232,1.3054999999999999,1.3195999999999999,4505
2026-04-07 12:00:00+00:00,1.3195999999999999,1.3249,1.301,1.3088,7444
2026-04-07 16:00:00+00:00,1.3088,1.3139,1.2943,1.3003,12762
2026-04-07 20:00:00+00:00,1.3003,1.3222,1.299,1.3168,11319
2026-04-08 00:00:00+00:00,1.318,1.3963,1.3179,1.3665,21389
2026-04-08 04:00:00+00:00,1.3665,1.3780000000000001,1.3636,1.3761999999999999,6859
2026-04-08 08:00:00+00:00,1.3761,1.3877,1.3761,1.3814,5579
2026-04-08 12:00:00+00:00,1.3814,1.3867,1.3717,1.3804,6233
2026-04-08 16:00:00+00:00,1.3804,1.3899,1.3455,1.3574,15320
2026-04-08 20:00:00+00:00,1.3574,1.3639000000000001,1.3443,1.3485,9640
2026-04-09 00:00:00+00:00,1.3479999999999999,1.3575,1.3342,1.3397000000000001,9328
2026-04-09 04:00:00+00:00,1.3397000000000001,1.3406,1.3269,1.3317999999999999,6845
2026-04-09 08:00:00+00:00,1.3317999999999999,1.3365,1.3265,1.3351,4682
2026-04-09 12:00:00+00:00,1.3351,1.339,1.3256000000000001,1.3316,4492
2026-04-09 16:00:00+00:00,1.3316,1.3604,1.3216999999999999,1.3526,15148
2026-04-09 20:00:00+00:00,1.3526,1.3608,1.3504,1.3567,11916
2026-04-10 00:00:00+00:00,1.3558,1.3699,1.3406,1.3449,10290
2026-04-10 04:00:00+00:00,1.3449,1.3507,1.3404,1.3466,6019
2026-04-10 08:00:00+00:00,1.3466,1.349,1.3352,1.3397000000000001,5224
2026-04-10 12:00:00+00:00,1.3397000000000001,1.3475,1.3361,1.3436,5092
2026-04-10 16:00:00+00:00,1.3436,1.3615,1.3383,1.3518,12883
2026-04-10 20:00:00+00:00,1.3518,1.3668,1.3489,1.3628,9451
2026-04-11 00:00:00+00:00,1.3593,1.3618999999999999,1.3538000000000001,1.3548,2495
2026-04-11 04:00:00+00:00,1.3548,1.3580999999999999,1.3489,1.3518,2644
2026-04-11 08:00:00+00:00,1.3518,1.3522,1.3448,1.3461,1802
2026-04-11 12:00:00+00:00,1.3461,1.3504,1.343,1.3451,2500
2026-04-11 16:00:00+00:00,1.3451,1.3589,1.3404,1.3552,3336
2026-04-11 20:00:00+00:00,1.3552,1.3759000000000001,1.3517000000000001,1.3624,7052
2026-04-12 00:00:00+00:00,1.3618000000000001,1.3706,1.3518,1.3543,4324
2026-04-12 04:00:00+00:00,1.3543,1.3564,1.3256999999999999,1.3284,10102
2026-04-12 08:00:00+00:00,1.3284,1.3329,1.3273,1.3293,2490
2026-04-12 12:00:00+00:00,1.3293,1.3352,1.3272,1.3315000000000001,2722
2026-04-12 16:00:00+00:00,1.3314,1.3335,1.3201,1.3288,4854
2026-04-12 20:00:00+00:00,1.3288,1.3399,1.3279,1.3364,3126
2026-04-13 00:00:00+00:00,1.3377,1.3397000000000001,1.3226,1.332,6610
2026-04-13 04:00:00+00:00,1.332,1.3336000000000001,1.3197999999999999,1.3232,4421
2026-04-13 08:00:00+00:00,1.3232,1.3374,1.3221,1.326,5608
2026-04-13 12:00:00+00:00,1.326,1.334,1.3234,1.3322,6394
2026-04-13 16:00:00+00:00,1.3322,1.3476,1.3277999999999999,1.3403,20252
2026-04-13 20:00:00+00:00,1.3402,1.3565,1.335,1.3487,10746
2026-04-14 00:00:00+00:00,1.3474,1.3845,1.3445,1.3629,13180
2026-04-14 04:00:00+00:00,1.3628,1.3719999999999999,1.3603,1.3645,6906
2026-04-14 08:00:00+00:00,1.3645,1.3784,1.3624,1.3744,7563
2026-04-14 12:00:00+00:00,1.3745,1.3771,1.3657,1.3681,6587
2026-04-14 16:00:00+00:00,1.3681,1.3966,1.3669,1.3693,16022
2026-04-14 20:00:00+00:00,1.3693,1.3751,1.3529,1.3569,7436
2026-04-15 00:00:00+00:00,1.3578000000000001,1.3676,1.3563,1.363,6416
2026-04-15 04:00:00+00:00,1.363,1.366,1.3562,1.3599,5001
2026-04-15 08:00:00+00:00,1.3599,1.3623,1.3514,1.3564,4104
2026-04-15 12:00:00+00:00,1.3564,1.3697,1.3516,1.3660999999999999,4886
2026-04-15 16:00:00+00:00,1.3660999999999999,1.3841999999999999,1.3624,1.3788,9436
2026-04-15 20:00:00+00:00,1.3788,1.4095,1.3761999999999999,1.3887,10110
2026-04-16 00:00:00+00:00,1.3884,1.4037,1.3811,1.3980000000000001,9746
2026-04-16 04:00:00+00:00,1.3980000000000001,1.4163999999999999,1.3912,1.4048,13125
2026-04-16 08:00:00+00:00,1.4048,1.4135,1.4015,1.4060000000000001,8080
2026-04-16 12:00:00+00:00,1.4060000000000001,1.4239,1.4022000000000001,1.4144,8997
2026-04-16 16:00:00+00:00,1.4144,1.4425,1.3933,1.42,19922
2026-04-16 20:00:00+00:00,1.42,1.4674,1.4149,1.452,17181
2026-04-17 00:00:00+00:00,1.4548,1.4591,1.4408,1.441,8647
2026-04-17 04:00:00+00:00,1.441,1.4428,1.4229,1.4325,6148
2026-04-17 08:00:00+00:00,1.4325,1.4481,1.4249,1.447,6560
2026-04-17 12:00:00+00:00,1.447,1.4616,1.4329,1.4594,10407
2026-04-17 16:00:00+00:00,1.4594,1.5109,1.4561,1.4983,27483
2026-04-17 20:00:00+00:00,1.4983,1.4985,1.4738,1.4811,15126
2026-04-18 00:00:00+00:00,1.4822,1.4892,1.4727000000000001,1.4768,4887
2026-04-18 04:00:00+00:00,1.4768,1.4832,1.4641,1.4692,4991
2026-04-18 08:00:00+00:00,1.4692,1.4779,1.4459,1.4539,5334
2026-04-18 12:00:00+00:00,1.4539,1.4549,1.4254,1.437,7690
2026-04-18 16:00:00+00:00,1.4367,1.4403000000000001,1.4302000000000001,1.4338,9798
2026-04-18 20:00:00+00:00,1.4338,1.4348,1.424,1.4291,10098
2026-04-19 00:00:00+00:00,1.4291,1.439,1.4287,1.4336,6844
2026-04-19 04:00:00+00:00,1.4336,1.4393,1.4243000000000001,1.4311,9054
2026-04-19 08:00:00+00:00,1.431,1.4437,1.4156,1.4253,10435
2026-04-19 12:00:00+00:00,1.4253,1.434,1.4134,1.4319,11984
2026-04-19 16:00:00+00:00,1.4319,1.4476,1.4208,1.4224,17381
2026-04-19 20:00:00+00:00,1.4224,1.4248,1.4101,1.4117,14391
2026-04-20 00:00:00+00:00,1.4128,1.4174,1.3923,1.4061,15063
2026-04-20 04:00:00+00:00,1.4061,1.4146,1.4045,1.4099,6954
2026-04-20 08:00:00+00:00,1.4099,1.4336,1.3957,1.4104,12268
2026-04-20 12:00:00+00:00,1.4104,1.4278,1.4086,1.4228,9684
2026-04-20 16:00:00+00:00,1.4228,1.4354,1.4094,1.4242,17419
2026-04-20 20:00:00+00:00,1.4242,1.4376,1.4234,1.4327,12122
2026-04-21 00:00:00+00:00,1.4323000000000001,1.4333,1.4217,1.4282,6935
2026-04-21 04:00:00+00:00,1.4282,1.4324,1.4201,1.4285999999999999,5752
2026-04-21 08:00:00+00:00,1.4285999999999999,1.45,1.4285,1.4432,7445
2026-04-21 12:00:00+00:00,1.4432,1.4476,1.4264999999999999,1.4325999999999999,8937
2026-04-21 16:00:00+00:00,1.4325999999999999,1.4454,1.4261,1.4285999999999999,12817
2026-04-21 20:00:00+00:00,1.4287,1.432,1.4116,1.4257,14802
2026-04-22 00:00:00+00:00,1.4248,1.4358,1.4171,1.4327,7988
2026-04-22 04:00:00+00:00,1.4327,1.4509,1.4271,1.445,8614
2026-04-22 08:00:00+00:00,1.445,1.4607999999999999,1.4431,1.4524,9443
2026-04-22 12:00:00+00:00,1.4524,1.4558,1.4473,1.4508,8883
2026-04-22 16:00:00+00:00,1.4508,1.4631,1.4461,1.4472,20150
2026-04-22 20:00:00+00:00,1.4472,1.4532,1.4344999999999999,1.4384000000000001,10260
2026-04-23 00:00:00+00:00,1.4378,1.4426999999999999,1.4174,1.4296,10851
2026-04-23 04:00:00+00:00,1.4296,1.4302000000000001,1.4119,1.4182000000000001,10558
2026-04-23 08:00:00+00:00,1.4182000000000001,1.4255,1.4153,1.4187,6291
2026-04-23 12:00:00+00:00,1.4187,1.4215,1.4094,1.4191,6214
2026-04-23 16:00:00+00:00,1.4191,1.4375,1.4144,1.4306,11007
2026-04-23 20:00:00+00:00,1.4307,1.4417,1.4217,1.433,14215
2026-04-24 00:00:00+00:00,1.4333,1.441,1.4309,1.4405000000000001,5412
2026-04-24 04:00:00+00:00,1.4405000000000001,1.4458,1.4264999999999999,1.4295,6863
2026-04-24 08:00:00+00:00,1.4295,1.4368,1.4262000000000001,1.4317,6695
2026-04-24 12:00:00+00:00,1.4317,1.4416,1.4241,1.4349,6483
2026-04-24 16:00:00+00:00,1.4349,1.4508,1.429,1.4405000000000001,12580
2026-04-24 20:00:00+00:00,1.4404,1.4429,1.4339,1.4409,8067
2026-04-25 00:00:00+00:00,1.4383,1.4394,1.4306,1.4336,2884
2026-04-25 04:00:00+00:00,1.4336,1.4381,1.4331,1.4344999999999999,2713
2026-04-25 08:00:00+00:00,1.4344999999999999,1.4356,1.4314,1.435,2229
2026-04-25 12:00:00+00:00,1.435,1.4371,1.4285999999999999,1.4297,2571
2026-04-25 16:00:00+00:00,1.4297,1.4327,1.421,1.4247,3804
2026-04-25 20:00:00+00:00,1.4247,1.4254,1.419,1.4224,3499
2026-04-26 00:00:00+00:00,1.4224999999999999,1.426,1.4203000000000001,1.4211,2978
2026-04-26 04:00:00+00:00,1.4211,1.4243999999999999,1.4183,1.4223,3268
2026-04-26 08:00:00+00:00,1.4223,1.43,1.4217,1.4269,4048
2026-04-26 12:00:00+00:00,1.4269,1.4321,1.4243000000000001,1.4253,4954
2026-04-26 16:00:00+00:00,1.4252,1.4304000000000001,1.4235,1.4255,3840
2026-04-26 20:00:00+00:00,1.4255,1.4367,1.4229,1.4283000000000001,5467
2026-04-27 00:00:00+00:00,1.4288,1.4408,1.4205,1.4391,10476
2026-04-27 04:00:00+00:00,1.4397,1.4468,1.4349,1.4402,8722
2026-04-27 08:00:00+00:00,1.4402,1.4407,1.4131,1.4183,9984
2026-04-27 12:00:00+00:00,1.4183,1.4191,1.41,1.4106,5168
2026-04-27 16:00:00+00:00,1.4106,1.4123999999999999,1.3837,1.3884,15687
2026-04-27 20:00:00+00:00,1.3884,1.3969,1.3868,1.3923,7395
2026-04-28 00:00:00+00:00,1.3918,1.4022999999999999,1.3891,1.3982999999999999,3843
2026-04-28 04:00:00+00:00,1.3982,1.3994,1.3886,1.3932,4214
2026-04-28 08:00:00+00:00,1.3932,1.3972,1.3848,1.3925,3367
2026-04-28 12:00:00+00:00,1.3925,1.3927,1.3788,1.3831,3289
2026-04-28 16:00:00+00:00,1.3831,1.3841999999999999,1.3675,1.3765,8249
2026-04-28 20:00:00+00:00,1.3765,1.3866,1.374,1.3829,3516
2026-04-29 00:00:00+00:00,1.3827,1.3845,1.3783,1.383,2823
2026-04-29 04:00:00+00:00,1.383,1.3975,1.3767,1.3952,4661
2026-04-29 08:00:00+00:00,1.3952,1.3968,1.3886,1.391,4892
2026-04-29 12:00:00+00:00,1.391,1.4064,1.3792,1.383,9516
2026-04-29 16:00:00+00:00,1.383,1.3838,1.3586,1.3633,13829
2026-04-29 20:00:00+00:00,1.3633,1.3695,1.3453,1.3629,13063
2026-04-30 00:00:00+00:00,1.3618000000000001,1.3841999999999999,1.3611,1.3825,8031
2026-04-30 04:00:00+00:00,1.3822999999999999,1.3841,1.3599999999999999,1.362,11507
2026-04-30 08:00:00+00:00,1.362,1.3761,1.3582,1.3721,8400
2026-04-30 12:00:00+00:00,1.3721,1.3794,1.3658000000000001,1.3692,7582
2026-04-30 16:00:00+00:00,1.3692,1.3748,1.3620999999999999,1.3654,12132
2026-04-30 20:00:00+00:00,1.3654,1.3742,1.362,1.37,4876
2026-05-01 00:00:00+00:00,1.3694,1.3726,1.3637000000000001,1.3687,2959
2026-05-01 04:00:00+00:00,1.3687,1.3799000000000001,1.3653,1.3754,4667
2026-05-01 08:00:00+00:00,1.3754,1.3804,1.3715,1.3782,2781
2026-05-01 12:00:00+00:00,1.3782,1.3873,1.3717,1.3832,3559
2026-05-01 16:00:00+00:00,1.3832,1.4001000000000001,1.3831,1.3916,7464
2026-05-01 20:00:00+00:00,1.3916,1.396,1.3824,1.3836,3590
2026-05-02 00:00:00+00:00,1.388,1.3902999999999999,1.3814,1.3862,2867
2026-05-02 04:00:00+00:00,1.3864,1.3888,1.381,1.3847,2722
2026-05-02 08:00:00+00:00,1.3847,1.388,1.3826,1.3846,1472
2026-05-02 12:00:00+00:00,1.3846,1.3909,1.3838,1.3869,1755
2026-05-02 16:00:00+00:00,1.3869,1.3949,1.3869,1.3927,1849
2026-05-02 20:00:00+00:00,1.3927,1.3951,1.3896,1.3935,1739
2026-05-03 00:00:00+00:00,1.3938,1.4003999999999999,1.388,1.3891,4040
2026-05-03 04:00:00+00:00,1.3891,1.3891,1.3818,1.3837,2073
2026-05-03 08:00:00+00:00,1.3837,1.3887,1.3822,1.3881000000000001,1271
2026-05-03 12:00:00+00:00,1.3881000000000001,1.3984,1.3872,1.3961000000000001,2534
2026-05-03 16:00:00+00:00,1.3961000000000001,1.3988,1.3929,1.3942999999999999,2423
2026-05-03 20:00:00+00:00,1.3942999999999999,1.3993,1.3921000000000001,1.3923,3472
2026-05-04 00:00:00+00:00,1.3928,1.4041000000000001,1.3829,1.3881999999999999,6629
2026-05-04 04:00:00+00:00,1.3881999999999999,1.4205999999999999,1.3836,1.4162,10601
2026-05-04 08:00:00+00:00,1.4162,1.4173,1.4019,1.4113,5626
2026-05-04 12:00:00+00:00,1.4113,1.4194,1.3854,1.3933,9528
2026-05-04 16:00:00+00:00,1.3932,1.4135,1.3883,1.4007,14043
2026-05-04 20:00:00+00:00,1.4007,1.4123,1.3921000000000001,1.3932,6497
2026-05-05 00:00:00+00:00,1.3929,1.4012,1.3901,1.3955,3679
2026-05-05 04:00:00+00:00,1.3955,1.4096,1.3937,1.4016,4891
2026-05-05 08:00:00+00:00,1.4016,1.4099,1.3996,1.4069,5348
2026-05-05 12:00:00+00:00,1.4069,1.4142000000000001,1.4018,1.4129,3729
2026-05-05 16:00:00+00:00,1.4129,1.4207,1.4046,1.4082,8547
2026-05-05 20:00:00+00:00,1.4082,1.4182000000000001,1.4051,1.4168,3592
2026-05-06 00:00:00+00:00,1.4162,1.4222000000000001,1.4071,1.4112,6374
2026-05-06 04:00:00+00:00,1.4112,1.4247,1.41,1.4196,7523
2026-05-06 08:00:00+00:00,1.4194,1.4435,1.4139,1.4432,10392
2026-05-06 12:00:00+00:00,1.4432,1.4573,1.4386,1.4452,8365
2026-05-06 16:00:00+00:00,1.4452,1.4452,1.4133,1.4293,10893
2026-05-06 20:00:00+00:00,1.4293,1.4311,1.4215,1.4238,4295
2026-05-07 00:00:00+00:00,1.4249,1.4287,1.4169,1.4181,4250
2026-05-07 04:00:00+00:00,1.4181,1.4192,1.4036,1.4076,4693
2026-05-07 08:00:00+00:00,1.4076,1.4218,1.4051,1.4162,4657
2026-05-07 12:00:00+00:00,1.4162,1.4163000000000001,1.4068,1.4148,4062
2026-05-07 16:00:00+00:00,1.4148,1.4148,1.384,1.3888,8601
2026-05-07 20:00:00+00:00,1.3889,1.3963999999999999,1.3820000000000001,1.3820000000000001,5375
2026-05-08 00:00:00+00:00,1.3826,1.3897,1.3801999999999999,1.3854,3480
2026-05-08 04:00:00+00:00,1.3854,1.3872,1.3793,1.3857,6446
2026-05-08 08:00:00+00:00,1.3857,1.3900000000000001,1.3776,1.3877,5781
2026-05-08 12:00:00+00:00,1.3877,1.3941,1.3848,1.3876,4627
2026-05-08 16:00:00+00:00,1.3876,1.3980000000000001,1.3834,1.3940000000000001,9086
2026-05-08 20:00:00+00:00,1.3940000000000001,1.4274,1.3937,1.4117,7524
2026-05-09 00:00:00+00:00,1.4209,1.4252,1.4155,1.4248,3308
2026-05-09 04:00:00+00:00,1.4248,1.435,1.4245,1.4282,2812
2026-05-09 08:00:00+00:00,1.4282,1.4313,1.4223,1.4243999999999999,2008
2026-05-09 12:00:00+00:00,1.4243999999999999,1.4254,1.4172,1.4205,2538
2026-05-09 16:00:00+00:00,1.4205,1.4211,1.411,1.4171,3760
2026-05-09 20:00:00+00:00,1.417,1.4245999999999999,1.4169,1.4214,3366
2026-05-10 00:00:00+00:00,1.421,1.425,1.4155,1.4165,2976
2026-05-10 04:00:00+00:00,1.4165,1.4218,1.4116,1.4175,4090
2026-05-10 08:00:00+00:00,1.4174,1.4281,1.4154,1.4268,4414
2026-05-10 12:00:00+00:00,1.4268,1.4306,1.418,1.424,5952
2026-05-10 16:00:00+00:00,1.4239,1.4783,1.423,1.4719,10062
2026-05-10 20:00:00+00:00,1.4719,1.5078,1.4365,1.4509,12385
2026-05-11 00:00:00+00:00,1.4508,1.4779,1.444,1.4578,11292
2026-05-11 04:00:00+00:00,1.4578,1.4687000000000001,1.4397,1.448,7669
2026-05-11 08:00:00+00:00,1.448,1.4586000000000001,1.4417,1.4455,6034
2026-05-11 12:00:00+00:00,1.4454,1.4636,1.4454,1.4578,5983
2026-05-11 16:00:00+00:00,1.4578,1.4881,1.4522,1.4738,13188
2026-05-11 20:00:00+00:00,1.4739,1.483,1.4662,1.4734,8226
2026-05-12 00:00:00+00:00,1.4726,1.4847000000000001,1.4685000000000001,1.4797,5325
2026-05-12 04:00:00+00:00,1.4797,1.4819,1.4565000000000001,1.4625,5853
2026-05-12 08:00:00+00:00,1.4625,1.4707,1.454,1.4647999999999999,5207
2026-05-12 12:00:00+00:00,1.4647000000000001,1.4647000000000001,1.4436,1.4502,7154
2026-05-12 16:00:00+00:00,1.4502,1.452,1.4179,1.422,16066
2026-05-12 20:00:00+00:00,1.422,1.4426,1.4218,1.4401,6876
2026-05-13 00:00:00+00:00,1.4405000000000001,1.4439,1.4344999999999999,1.439,3938
2026-05-13 04:00:00+00:00,1.439,1.4632,1.4386999999999999,1.462,4873
2026-05-13 08:00:00+00:00,1.462,1.4654,1.4524,1.4626000000000001,3821
2026-05-13 12:00:00+00:00,1.4626000000000001,1.4691,1.4255,1.4331,6443
2026-05-13 16:00:00+00:00,1.4331,1.4388,1.411,1.4228,12647
2026-05-13 20:00:00+00:00,1.4228,1.4335,1.4165,1.4245,6309
2026-05-14 00:00:00+00:00,1.4251,1.4328,1.4149,1.4312,5521
2026-05-14 04:00:00+00:00,1.4312,1.4344999999999999,1.4201,1.43,8385
2026-05-14 08:00:00+00:00,1.43,1.439,1.4267,1.4342,5594
2026-05-14 12:00:00+00:00,1.4342,1.4515,1.4264999999999999,1.4476,5188
2026-05-14 16:00:00+00:00,1.4476,1.4809,1.4383,1.48,17181
2026-05-14 20:00:00+00:00,1.4801,1.5501,1.4718,1.506,20769
2026-05-15 00:00:00+00:00,1.5089000000000001,1.5098,1.4828999999999999,1.495,7850
2026-05-15 04:00:00+00:00,1.495,1.4994,1.4725,1.4732,10674
2026-05-15 08:00:00+00:00,1.4732,1.4748,1.4529,1.4707,9826
2026-05-15 12:00:00+00:00,1.4708,1.4766,1.4583,1.4594,7217
2026-05-15 16:00:00+00:00,1.4594,1.4594,1.4268,1.446,17126
2026-05-15 20:00:00+00:00,1.4459,1.4503,1.431,1.4331,6776
2026-05-16 00:00:00+00:00,1.434,1.4371,1.4292,1.4333,2925
2026-05-16 04:00:00+00:00,1.4334,1.4385,1.4175,1.4249,5482
2026-05-16 08:00:00+00:00,1.4249,1.4288,1.4038,1.4143,9223
2026-05-16 12:00:00+00:00,1.4143,1.4151,1.3953,1.4099,9505
2026-05-16 16:00:00+00:00,1.4099,1.4196,1.4056,1.4161000000000001,5734
2026-05-16 20:00:00+00:00,1.4161000000000001,1.4188,1.4133,1.416,3828
2026-05-17 08:00:00+00:00,1.4158,1.4205,1.4138,1.414,2657
2026-05-17 12:00:00+00:00,1.414,1.4284,1.4131,1.423,4679
2026-05-17 16:00:00+00:00,1.423,1.4231,1.4094,1.411,6138
2026-05-17 20:00:00+00:00,1.411,1.4228,1.4059,1.4186,5839
2026-05-18 00:00:00+00:00,1.4179,1.4256,1.3714,1.3956,15686
2026-05-18 04:00:00+00:00,1.3957,1.4020000000000001,1.3841,1.3940000000000001,13952
2026-05-18 08:00:00+00:00,1.3940000000000001,1.3953,1.3778000000000001,1.3872,10813
2026-05-18 12:00:00+00:00,1.3872,1.4016,1.3751,1.3982999999999999,11647
2026-05-18 16:00:00+00:00,1.3982999999999999,1.3986,1.3679000000000001,1.3778000000000001,22144
2026-05-18 20:00:00+00:00,1.3778000000000001,1.3912,1.3635,1.3834,14954
2026-05-19 00:00:00+00:00,1.3841,1.3967,1.381,1.3921000000000001,7649
2026-05-19 04:00:00+00:00,1.3921999999999999,1.3921999999999999,1.3769,1.3858,8331
2026-05-19 08:00:00+00:00,1.3858,1.3886,1.3774,1.3816,8933
2026-05-19 12:00:00+00:00,1.3816,1.383,1.3671,1.3763,8335
2026-05-19 16:00:00+00:00,1.3763,1.3808,1.3599,1.3712,15537
2026-05-19 20:00:00+00:00,1.3712,1.373,1.3545,1.3576,8713
2026-05-20 00:00:00+00:00,1.3566,1.3641,1.3506,1.3547,6180
2026-05-20 04:00:00+00:00,1.3547,1.3586,1.3464,1.3583,8256
2026-05-20 08:00:00+00:00,1.3583,1.3724,1.3583,1.3688,6887
2026-05-20 12:00:00+00:00,1.3688,1.3744,1.3626,1.3721,3309
2026-05-20 16:00:00+00:00,1.3721,1.3795,1.357,1.3737,13868
2026-05-20 20:00:00+00:00,1.3737,1.379,1.3629,1.3692,8608
2026-05-21 00:00:00+00:00,1.3682,1.3768,1.3592,1.3749,5276
2026-05-21 04:00:00+00:00,1.3749,1.3844,1.3744,1.3807,4707
2026-05-21 08:00:00+00:00,1.3807,1.3845,1.3683,1.3789,5023
2026-05-21 12:00:00+00:00,1.3789,1.3808,1.3603,1.3637000000000001,6480
2026-05-21 16:00:00+00:00,1.3637000000000001,1.3673,1.35,1.3599,12350
2026-05-21 20:00:00+00:00,1.3599,1.385,1.3599,1.3756,11699
2026-05-22 00:00:00+00:00,1.3764,1.3774,1.3662,1.367,5086
2026-05-22 04:00:00+00:00,1.367,1.3747,1.3637000000000001,1.369,4106
2026-05-22 08:00:00+00:00,1.369,1.3717,1.3556,1.3613,5869
2026-05-22 12:00:00+00:00,1.3613,1.3648,1.3538000000000001,1.3648,5493
2026-05-22 16:00:00+00:00,1.3648,1.3691,1.3461,1.3533,10488
2026-05-22 20:00:00+00:00,1.3533,1.3584,1.3333,1.3405,9919
2026-05-23 00:00:00+00:00,1.3408,1.3425,1.3258,1.3331,8879
2026-05-23 04:00:00+00:00,1.333,1.3407,1.332,1.3348,3758
2026-05-23 08:00:00+00:00,1.3348,1.3351,1.3008,1.3092,7730
2026-05-23 12:00:00+00:00,1.3092,1.3263,1.3086,1.3251,3888
2026-05-23 16:00:00+00:00,1.3251,1.3405,1.325,1.3363,6326
2026-05-23 20:00:00+00:00,1.3363,1.3686,1.3341,1.3684,7178
2026-05-24 00:00:00+00:00,1.3735,1.3737,1.3513,1.3603,7481
2026-05-24 04:00:00+00:00,1.3603,1.3618999999999999,1.3569,1.3595,4445
2026-05-24 08:00:00+00:00,1.3594,1.363,1.3534,1.3594,2766
2026-05-24 12:00:00+00:00,1.3594,1.3693,1.3588,1.3612,4101
2026-05-24 16:00:00+00:00,1.3612,1.3620999999999999,1.3372,1.3493,6579
2026-05-24 20:00:00+00:00,1.3493,1.3529,1.3413,1.3426,4474
2026-05-25 00:00:00+00:00,1.3429,1.3543,1.3309,1.3504,8252
2026-05-25 04:00:00+00:00,1.3504,1.3553,1.3418,1.3538000000000001,6112
2026-05-25 08:00:00+00:00,1.3538000000000001,1.3635,1.3511,1.3576,4165
2026-05-25 12:00:00+00:00,1.3576,1.3617,1.3551,1.3559999999999999,3072
2026-05-25 16:00:00+00:00,1.3559999999999999,1.3644,1.3544,1.3616,4736
2026-05-25 20:00:00+00:00,1.3616,1.3629,1.351,1.353,4019
2026-05-26 00:00:00+00:00,1.3541,1.3555,1.3342,1.3408,5140
2026-05-26 04:00:00+00:00,1.3407,1.3452,1.3329,1.3442,4760
2026-05-26 08:00:00+00:00,1.3442,1.3494,1.3378,1.3393,3881
2026-05-26 12:00:00+00:00,1.3393,1.358,1.338,1.3538000000000001,5708
2026-05-26 16:00:00+00:00,1.3538000000000001,1.3642,1.3366,1.3393,12091
2026-05-26 20:00:00+00:00,1.3393,1.3418999999999999,1.3249,1.3317,8096
2026-05-27 00:00:00+00:00,1.3312,1.3329,1.3265,1.3305,5102
2026-05-27 04:00:00+00:00,1.3305,1.3312,1.3195999999999999,1.3289,4236
2026-05-27 08:00:00+00:00,1.3289,1.3357999999999999,1.3279,1.3333,3798
2026-05-27 12:00:00+00:00,1.3333,1.3386,1.3229,1.33,7553
2026-05-27 16:00:00+00:00,1.33,1.3413,1.3163,1.3296999999999999,11890
2026-05-27 20:00:00+00:00,1.3296999999999999,1.3323,1.3151,1.3287,9262
2026-05-28 00:00:00+00:00,1.3279,1.3305,1.3014999999999999,1.3079,8945
2026-05-28 04:00:00+00:00,1.3079,1.3084,1.2658,1.2824,13629
2026-05-28 08:00:00+00:00,1.2824,1.2917,1.276,1.2867,6674
2026-05-28 12:00:00+00:00,1.2866,1.2942,1.2816,1.2926,6321
2026-05-28 16:00:00+00:00,1.2926,1.3271,1.2841,1.3215,16479
2026-05-28 20:00:00+00:00,1.3215,1.3365,1.3089,1.3187,9633
2026-05-29 00:00:00+00:00,1.3186,1.3215,1.3106,1.3134000000000001,5166
2026-05-29 04:00:00+00:00,1.3134000000000001,1.3158,1.302,1.309,4823
2026-05-29 08:00:00+00:00,1.309,1.3216999999999999,1.3068,1.3197,4537
2026-05-29 12:00:00+00:00,1.3197,1.3263,1.3013,1.3031,4286
2026-05-29 16:00:00+00:00,1.3031,1.332,1.2927,1.3256000000000001,12901
2026-05-29 20:00:00+00:00,1.3256999999999999,1.331,1.309,1.3202,6659
2026-05-30 00:00:00+00:00,1.32,1.3482,1.3129,1.347,3961
2026-05-30 04:00:00+00:00,1.347,1.3645,1.3356,1.3423,8224
2026-05-30 08:00:00+00:00,1.3423,1.3495,1.3388,1.3391,3736
2026-05-30 12:00:00+00:00,1.3391,1.3441,1.3355000000000001,1.3378999999999999,2399
2026-05-30 16:00:00+00:00,1.3378999999999999,1.3467,1.3357999999999999,1.3461,4521
2026-05-30 20:00:00+00:00,1.3461,1.3522,1.3428,1.346,4673
2026-05-31 00:00:00+00:00,1.3462,1.3498999999999999,1.3357999999999999,1.3384,3964
2026-05-31 04:00:00+00:00,1.3384,1.3448,1.3346,1.3442,3978
2026-05-31 08:00:00+00:00,1.3442,1.3442,1.3312,1.3367,3466
2026-05-31 12:00:00+00:00,1.3367,1.3418,1.3323,1.3405,3559
2026-05-31 16:00:00+00:00,1.3405,1.3463,1.3208,1.326,6842
2026-05-31 20:00:00+00:00,1.326,1.3304,1.319,1.329,3331
2026-06-01 00:00:00+00:00,1.329,1.3409,1.326,1.3361,8987
2026-06-01 04:00:00+00:00,1.3361,1.3371,1.3157,1.3208,10913
2026-06-01 08:00:00+00:00,1.3207,1.3215,1.297,1.3014999999999999,10131
2026-06-01 12:00:00+00:00,1.3014999999999999,1.3084,1.295,1.3011,8681
2026-06-01 16:00:00+00:00,1.3011,1.3017,1.2777,1.2922,13812
2026-06-01 20:00:00+00:00,1.2922,1.3035999999999999,1.2915,1.2962,6347
2026-06-02 00:00:00+00:00,1.2957,1.2995999999999999,1.285,1.2875,7898
2026-06-02 04:00:00+00:00,1.2875,1.289,1.267,1.2784,10828
2026-06-02 08:00:00+00:00,1.2784,1.2793,1.2570999999999999,1.2628,12010
2026-06-02 12:00:00+00:00,1.2628,1.2662,1.2553,1.262,9310
2026-06-02 16:00:00+00:00,1.2622,1.2668,1.2147000000000001,1.2306,23525
2026-06-02 20:00:00+00:00,1.2306,1.2418,1.2048,1.2222,17329
2026-06-03 00:00:00+00:00,1.2224,1.2306,1.1934,1.2227000000000001,19024
2026-06-03 04:00:00+00:00,1.2227000000000001,1.2303,1.1881,1.2168,18156
2026-06-03 08:00:00+00:00,1.2168,1.2473,1.2168,1.2411,12343
2026-06-03 12:00:00+00:00,1.2416,1.2434,1.2294,1.2339,9442
2026-06-03 16:00:00+00:00,1.2339,1.236,1.2072,1.2212,20120
2026-06-03 20:00:00+00:00,1.2212,1.2272,1.1859,1.1893,17272
2026-06-04 00:00:00+00:00,1.1907,1.2189,1.1856,1.1918,23493
2026-06-04 04:00:00+00:00,1.1919,1.2107,1.1408,1.2004,31186
2026-06-04 08:00:00+00:00,1.2004,1.2005,1.1599,1.1663999999999999,22424
2026-06-04 12:00:00+00:00,1.1663999999999999,1.1669,1.1438,1.1484,4970
